airfoil_name,status,error,mu,ea,gj,ga22,ga33,ei22,ei33,stf12r,stf13r,stf14r,stf15r,stf16r,stf23r,stf24r,stf25r,stf26r,stf34r,stf35r,stf36r,stf45r,stf46r,stf56r,cmp12r,cmp13r,cmp14r,cmp15r,cmp16r,cmp23r,cmp24r,cmp25r,cmp26r,cmp34r,cmp35r,cmp36r,cmp45r,cmp46r,cmp56r,tc2,tc3,sc2,sc3
2032c,ok,,5.6868260654,145239082.96,106553.9403,845092.22747,44634004.313,144767.17453,12429594.776,0.0,0.0,0.0,6645203.8479,-35478926.812,-1241363.4341,-3813763.5573,0.0,0.0,74085.271079,0.0,0.0,0.0,0.0,-1244320.9813,0.0,0.0,0.0,-3.6719867457e-07,3.0877641818e-08,6.3713640101e-08,8.1243409853e-07,0.0,0.0,3.5583052381e-07,0.0,0.0,0.0,0.0,-2.106071387e-07,0.24427947414,0.045753551401,-0.03791514439,0.086568054429
a18,ok,,5.6360615528,143942579.23,125787.73333,545063.46613,44703060.147,118614.3205,12223843.999,0.0,0.0,0.0,5237803.1505,-35762399.682,-716911.47901,-2730326.2463,0.0,0.0,55779.721083,0.0,0.0,0.0,0.0,-1103682.2699,0.0,0.0,0.0,-3.4056309938e-07,2.5838277935e-08,1.8810745121e-08,4.8287955663e-07,0.0,0.0,-1.7470874065e-07,0.0,0.0,0.0,0.0,-1.3631416914e-07,0.24844906819,0.036388142957,0.02197621648,0.060740324901
a18sm,ok,,5.6400833485,144045294.15,126393.28213,540482.64081,44748633.814,118550.75078,12253627.064,0.0,0.0,0.0,3653215.9543,-35666785.566,-13596.184512,-2057880.2473,0.0,0.0,14106.337795,0.0,0.0,0.0,0.0,-899837.11745,0.0,0.0,0.0,-2.1473613086e-07,2.0289798067e-08,-8.5116157233e-09,3.6378500361e-07,0.0,0.0,-1.9734175358e-07,0.0,0.0,0.0,0.0,-3.2552628871e-09,0.24760812755,0.025361577939,0.024942671936,0.045979980595
a63a108c,ok,,5.6381894541,143996924.91,148191.282,464434.63503,44919568.175,117384.38942,12289894.485,0.0,0.0,0.0,685231.15617,-35489698.558,-47506.284768,-282456.75538,0.0,0.0,-3313.2352561,0.0,0.0,0.0,0.0,-155933.78265,0.0,0.0,0.0,-4.2751268618e-08,2.0099064323e-08,2.6075761224e-09,4.2487573293e-08,0.0,0.0,5.2480131933e-08,0.0,0.0,0.0,0.0,-8.9761148238e-09,0.24646150313,0.0047586513158,-0.0077770980307,0.0062962879553
ag04,ok,,5.5974876668,142957418.83,82686.425896,321706.77882,44615965.378,71920.377487,12030493.757,0.0,0.0,0.0,1677533.539,-35233812.929,-291059.99549,-974488.3578,0.0,0.0,-18551.575446,0.0,0.0,0.0,0.0,-329892.80336,0.0,0.0,0.0,-1.8695330697e-07,2.178613085e-08,4.1203954304e-08,2.7027104917e-07,0.0,0.0,9.3636429596e-07,0.0,0.0,0.0,0.0,-9.657266092e-08,0.2464636898,0.011734497956,-0.077424616969,0.022347747079
ag08,ok,,5.5979055743,142968092.13,68886.425023,272155.7243,44643006.64,60023.781959,12039275.838,0.0,0.0,0.0,1716646.6595,-35310187.908,-277416.04587,-1000365.955,0.0,0.0,-14415.414221,0.0,0.0,0.0,0.0,-343400.3256,0.0,0.0,0.0,-2.2757046283e-07,2.2038552278e-08,4.8011474249e-08,3.3214209638e-07,0.0,0.0,1.1004591701e-06,0.0,0.0,0.0,0.0,-1.1150211478e-07,0.24697949998,0.012007201284,-0.075806698112,0.022880081619
ag03,ok,,5.5966315404,142935553.97,88006.926973,321809.16961,44612496.291,74467.984408,12025715.225,0.0,0.0,0.0,1914185.0004,-35215926.901,-479023.8385,-1097755.2406,0.0,0.0,-1125.5454172,0.0,0.0,0.0,0.0,-334365.6966,0.0,0.0,0.0,-2.1756960217e-07,2.2973486104e-08,4.4782337251e-08,2.8452528911e-07,0.0,0.0,4.5592644578e-07,0.0,0.0,0.0,0.0,-1.5325441025e-07,0.24637625785,0.013391944462,-0.040124685419,0.025040196341
ag09,ok,,5.5964586332,142931137.76,48811.899002,202179.17651,44664419.481,43354.497652,12037446.021,0.0,0.0,0.0,1702304.5879,-35350278.984,-383436.25485,-1011055.1356,0.0,0.0,-8739.2532725,0.0,0.0,0.0,0.0,-308306.25645,0.0,0.0,0.0,-3.2810357325e-07,2.3620527332e-08,8.3723704138e-08,4.7894143194e-07,0.0,0.0,1.7649995294e-06,0.0,0.0,0.0,0.0,-2.1597842555e-07,0.24732384797,0.011909963179,-0.086152978766,0.023378040804
ag10,ok,,5.6034667424,143110121.84,44829.644885,182907.13307,44736469.687,38846.101998,12086990.671,0.0,0.0,0.0,1587077.138,-35407099.001,-354180.32556,-925136.13148,0.0,0.0,-9887.6377533,0.0,0.0,0.0,0.0,-288174.9818,0.0,0.0,0.0,-3.4051871098e-07,2.3414621103e-08,8.8258367914e-08,4.7794307909e-07,0.0,0.0,2.0990320816e-06,0.0,0.0,0.0,0.0,-2.2253254139e-07,0.24741156353,0.011089901382,-0.09409886282,0.021426018511
ag11,ok,,5.6093170088,143259535.12,78194.006307,287002.98571,44722910.833,66594.364084,12109802.188,0.0,0.0,0.0,2165349.733,-35340038.061,-630295.16764,-1229319.289,0.0,0.0,6358.8893469,0.0,0.0,0.0,0.0,-353843.02693,0.0,0.0,0.0,-2.8207633126e-07,2.4576370833e-08,6.280455184e-08,3.5848824773e-07,0.0,0.0,4.8871039171e-07,0.0,0.0,0.0,0.0,-2.235952461e-07,0.24668541631,0.015114873374,-0.038214223451,0.028031632304
ag12,ok,,5.579923198,142508829.87,68978.07878,300563.30797,44478350.575,63247.035405,11917991.654,0.0,0.0,0.0,1831441.2694,-34943724.363,-201274.25668,-1021635.9015,0.0,0.0,-27276.507808,0.0,0.0,0.0,0.0,-392013.39662,0.0,0.0,0.0,-2.21752056e-07,2.1636510151e-08,5.1136450471e-08,3.3996357184e-07,0.0,0.0,1.538618612e-06,0.0,0.0,0.0,0.0,-7.5702948861e-08,0.24520392451,0.012851423108,-0.10613095583,0.02345003404
ag14,ok,,5.5753098381,142391006.66,50893.846856,239828.59212,44467597.487,48234.536317,11895004.139,0.0,0.0,0.0,2076980.5713,-34940691.701,-285332.20461,-1165375.8328,0.0,0.0,-18057.812049,0.0,0.0,0.0,0.0,-428073.50392,0.0,0.0,0.0,-3.3728657394e-07,2.2943814709e-08,8.3013013662e-08,5.2838615114e-07,0.0,0.0,2.0920261671e-06,0.0,0.0,0.0,0.0,-1.4220036505e-07,0.24538552344,0.014586458935,-0.10647125937,0.026891603857
ag13,ok,,5.5777065536,142452217.74,60480.408569,272049.51716,44472595.234,56221.883628,11906868.781,0.0,0.0,0.0,1957283.924,-34944779.84,-232219.25831,-1093941.2717,0.0,0.0,-22878.908273,0.0,0.0,0.0,0.0,-414264.90384,0.0,0.0,0.0,-2.6851939828e-07,2.2088538024e-08,6.2890861008e-08,4.1579651819e-07,0.0,0.0,1.7376329907e-06,0.0,0.0,0.0,0.0,-9.8403663549e-08,0.24530878069,0.013739932976,-0.10509275322,0.025147543301
ag16,ok,,5.5871403952,142693153.98,93191.753801,385221.86072,44490400.425,83958.889198,11952689.011,0.0,0.0,0.0,1838321.8608,-34957185.297,-132197.5427,-1022826.8778,0.0,0.0,-31440.14635,0.0,0.0,0.0,0.0,-413470.57305,0.0,0.0,0.0,-1.62447319e-07,2.0997424079e-08,3.004922685e-08,2.4954988206e-07,0.0,0.0,9.604330144e-07,0.0,0.0,0.0,0.0,-3.6754396616e-08,0.24498151679,0.012883041754,-0.089504437021,0.02325599117
ag17,ok,,5.5829536649,142586226.69,77193.989539,331458.32253,44481863.358,70614.303644,11932210.406,0.0,0.0,0.0,1982916.162,-34956727.063,-192956.89785,-1110369.7181,0.0,0.0,-25494.596564,0.0,0.0,0.0,0.0,-431976.57982,0.0,0.0,0.0,-2.1269436673e-07,2.151208155e-08,4.3128954484e-08,3.2851608938e-07,0.0,0.0,1.1846346578e-06,0.0,0.0,0.0,0.0,-6.4277390711e-08,0.24516201792,0.013906786146,-0.091446675382,0.025359467567
ag18,ok,,5.5792541347,142491742.29,62680.749533,283715.10765,44473082.121,58677.148622,11913804.168,0.0,0.0,0.0,2127169.6478,-34953339.269,-252570.10509,-1198054.7621,0.0,0.0,-19610.532642,0.0,0.0,0.0,0.0,-450633.49886,0.0,0.0,0.0,-2.7937714807e-07,2.2259188417e-08,6.0816190778e-08,4.3822857935e-07,0.0,0.0,1.485303038e-06,0.0,0.0,0.0,0.0,-1.0179685654e-07,0.24530080626,0.014928371382,-0.093099907703,0.02746849582
ag23,ok,,5.6055789955,143164067.87,166492.72296,609014.64672,44522047.695,143724.17482,12041979.141,0.0,0.0,0.0,2221945.0451,-35000883.197,-149600.30605,-1197513.3035,0.0,0.0,-14508.764733,0.0,0.0,0.0,0.0,-500867.06306,0.0,0.0,0.0,-1.1396834382e-07,2.0703515226e-08,1.0452108779e-08,1.621671099e-07,0.0,0.0,1.8277168887e-07,0.0,0.0,0.0,0.0,-2.4473064629e-08,0.24448092121,0.015520270401,-0.030430156159,0.026999643702
ag19,ok,,5.5769556264,142433039.38,53093.978375,252715.89117,44467604.487,50862.733428,11902268.222,0.0,0.0,0.0,2234635.5183,-34949300.141,-298094.56069,-1264385.7823,0.0,0.0,-15118.09187,0.0,0.0,0.0,0.0,-463935.20917,0.0,0.0,0.0,-3.426456303e-07,2.3046164166e-08,7.7626661258e-08,5.4735064952e-07,0.0,0.0,1.7583790429e-06,0.0,0.0,0.0,0.0,-1.3939173887e-07,0.24537354741,0.015689025019,-0.09335933888,0.029061023549
ag24,ok,,5.600954727,143045966.05,145455.94795,547844.29131,44513413.704,126970.34512,12019357.397,0.0,0.0,0.0,2234076.6552,-34990402.737,-151857.04408,-1212638.0485,0.0,0.0,-18796.371439,0.0,0.0,0.0,0.0,-503614.42553,0.0,0.0,0.0,-1.2987275934e-07,2.0814700094e-08,1.4108260264e-08,1.8827151062e-07,0.0,0.0,2.8778836318e-07,0.0,0.0,0.0,0.0,-2.8085905908e-08,0.24460950353,0.015617893443,-0.041860529176,0.02738521105
ag25,ok,,5.5948260404,142889442.03,115273.99984,459299.1474,44501420.122,103025.52417,11989364.685,0.0,0.0,0.0,2401697.2067,-34984809.886,-198425.53176,-1318734.2527,0.0,0.0,-18448.306157,0.0,0.0,0.0,0.0,-532050.6009,0.0,0.0,0.0,-1.7423673617e-07,2.1235248753e-08,2.3433165915e-08,2.5912440921e-07,0.0,0.0,4.5949324901e-07,0.0,0.0,0.0,0.0,-4.5317690432e-08,0.24483831267,0.016808080237,-0.052967624714,0.029870307106
ag26,ok,,5.5926153523,142832982.02,91666.03829,390137.14787,44511469.652,84399.782754,11982186.777,0.0,0.0,0.0,2513765.1201,-35012962.039,-258476.82786,-1404648.0973,0.0,0.0,-16718.324482,0.0,0.0,0.0,0.0,-542986.83649,0.0,0.0,0.0,-2.2626321815e-07,2.1841468581e-08,3.7092198063e-08,3.4831134771e-07,0.0,0.0,6.9555057549e-07,0.0,0.0,0.0,0.0,-7.2400233341e-08,0.24513219247,0.017599332343,-0.063758365686,0.031928321336
ag27,ok,,5.5912023671,142796894.99,70726.7919,330395.46373,44522570.803,67948.560206,11978749.22,0.0,0.0,0.0,2624508.9185,-35044131.533,-313856.61282,-1491628.9639,0.0,0.0,-13751.552072,0.0,0.0,0.0,0.0,-554787.77107,0.0,0.0,0.0,-2.973983483e-07,2.2705633576e-08,5.6666004337e-08,4.8103701769e-07,0.0,0.0,1.0384338454e-06,0.0,0.0,0.0,0.0,-1.097125698e-07,0.24541241976,0.018379313631,-0.073445094487,0.034022205047
ag35,ok,,5.6317907075,143833503.67,172892.98699,599235.89485,44745194.842,145600.06308,12215842.764,0.0,0.0,0.0,4390821.3123,-35415796.478,-1622219.8765,-2264287.4604,0.0,0.0,73985.167033,0.0,0.0,0.0,0.0,-629899.08454,0.0,0.0,0.0,-2.718428643e-07,3.0239888825e-08,6.4553472031e-08,2.9595576094e-07,0.0,0.0,7.9190289585e-08,0.0,0.0,0.0,0.0,-2.5370285046e-07,0.24622772563,0.030527110863,-0.013691445707,0.051168675526
ag36,ok,,5.6252126788,143665503.67,152787.80758,528128.55492,44734270.432,127925.57233,12183769.321,0.0,0.0,0.0,4112452.7026,-35428927.732,-1491551.2582,-2116211.3226,0.0,0.0,63827.587654,0.0,0.0,0.0,0.0,-599762.28553,0.0,0.0,0.0,-2.8906926895e-07,3.0107762937e-08,6.716294012e-08,3.1278445709e-07,0.0,0.0,8.4321311876e-08,0.0,0.0,0.0,0.0,-2.6587541862e-07,0.24660706174,0.028625192532,-0.012883268374,0.047789651443
ag37,ok,,5.6244089288,143644976.24,139564.64136,476367.10515,44762549.054,115306.3328,12187652.21,0.0,0.0,0.0,3914382.5775,-35459792.419,-1368432.9553,-1991793.39,0.0,0.0,56137.703499,0.0,0.0,0.0,0.0,-585817.81009,0.0,0.0,0.0,-3.0293198088e-07,2.9740952161e-08,6.7417358137e-08,3.213401711e-07,0.0,0.0,7.2293511693e-08,0.0,0.0,0.0,0.0,-2.7074073003e-07,0.24685717069,0.027250396637,-0.010089618032,0.044847725735
ag44ct02r,ok,,5.5871199316,142692631.39,108556.4022,411588.30165,44487505.819,93644.85197,11951632.188,0.0,0.0,0.0,1841193.092,-34841081.844,-423978.60176,-1048205.7566,0.0,0.0,-17464.776201,0.0,0.0,0.0,0.0,-327553.10668,0.0,0.0,0.0,-1.6439197032e-07,2.2110265865e-08,3.8023807083e-08,2.2292271704e-07,0.0,0.0,6.144256805e-07,0.0,0.0,0.0,0.0,-1.0901335957e-07,0.24416875282,0.012903210727,-0.066699841293,0.024199688129
ag38,ok,,5.6209071258,143555541.69,121472.40594,405069.61112,44779245.331,98522.322617,12176549.518,0.0,0.0,0.0,3631158.1944,-35525555.656,-1162790.558,-1827496.2575,0.0,0.0,50185.114354,0.0,0.0,0.0,0.0,-575883.54884,0.0,0.0,0.0,-3.2312686965e-07,2.890774959e-08,6.1877292445e-08,3.3477639599e-07,0.0,0.0,-5.4791931162e-08,0.0,0.0,0.0,0.0,-2.6900559491e-07,0.24746906486,0.02529444807,0.0066557077042,0.040666094272
ag455ct02r,ok,,5.5839932024,142612776.04,81829.385769,324459.65802,44508311.375,71681.04592,11942855.535,0.0,0.0,0.0,1690612.8425,-34912613.152,-433852.21098,-963565.81522,0.0,0.0,-19876.234948,0.0,0.0,0.0,0.0,-288228.29515,0.0,0.0,0.0,-2.0129111319e-07,2.2618416952e-08,5.4878534286e-08,2.7533550139e-07,0.0,0.0,1.1023157268e-06,0.0,0.0,0.0,0.0,-1.4676920526e-07,0.24480705109,0.011854567938,-0.090201818846,0.022530534959
ag45c03,ok,,5.5885141254,142728238.46,89538.122362,368987.30905,44508783.631,80430.268946,11962082.661,0.0,0.0,0.0,2906957.9117,-34855831.725,162644.09962,-1223137.9685,0.0,0.0,-41855.321902,0.0,0.0,0.0,0.0,-741923.48075,0.0,0.0,0.0,-2.4509927085e-07,1.9759669779e-08,2.0774500793e-08,3.0278666753e-07,0.0,0.0,1.1315659916e-06,0.0,0.0,0.0,0.0,3.3272430076e-08,0.24421118135,0.020367083228,-0.10131829421,0.027110949687
ag45ct02r,ok,,5.5819785574,142561322.88,93494.282101,365540.9265,44470062.754,81632.434458,11924339.158,0.0,0.0,0.0,1715839.9763,-34819291.652,-435341.6356,-985560.71313,0.0,0.0,-20407.229295,0.0,0.0,0.0,0.0,-293505.50206,0.0,0.0,0.0,-1.7893017304e-07,2.2369316834e-08,4.6979673684e-08,2.4567729037e-07,0.0,0.0,8.7937321481e-07,0.0,0.0,0.0,0.0,-1.2900243676e-07,0.24424080072,0.01203580285,-0.082216367418,0.022969421891
ag46c03,ok,,5.5725340175,142320113.39,70957.61576,285760.03848,44441716.05,62402.509613,11875313.762,0.0,0.0,0.0,2631090.8766,-34751911.963,240680.9439,-1064835.4144,0.0,0.0,-32942.744054,0.0,0.0,0.0,0.0,-697344.257,0.0,0.0,0.0,-2.7816617101e-07,1.9276979441e-08,1.2470452997e-08,3.3042184207e-07,0.0,0.0,1.3401978305e-06,0.0,0.0,0.0,0.0,7.4058540557e-08,0.24418131165,0.018487133083,-0.095097242701,0.023445946108
ag46ct02r,ok,,5.5777733979,142453924.91,73164.179671,287910.74318,44483414.687,63549.16648,11909281.481,0.0,0.0,0.0,1547915.7325,-34882891.117,-394705.72663,-882588.40958,0.0,0.0,-17844.251025,0.0,0.0,0.0,0.0,-264864.83183,0.0,0.0,0.0,-2.0791274787e-07,2.2556755533e-08,5.596770858e-08,2.8201951457e-07,0.0,0.0,1.2188194399e-06,0.0,0.0,0.0,0.0,-1.5086111599e-07,0.2448713936,0.010866079916,-0.089173924485,0.020633726435
ag47c03,ok,,5.5510151141,141770529.91,48864.321651,201844.58601,44327548.134,42908.72623,11752666.072,0.0,0.0,0.0,2295607.3467,-34534647.456,324799.01638,-878521.65164,0.0,0.0,-28501.436337,0.0,0.0,0.0,0.0,-637756.7037,0.0,0.0,0.0,-3.3940522162e-07,1.8458990171e-08,6.2425177187e-09,3.8922018257e-07,0.0,0.0,2.2369212443e-06,0.0,0.0,0.0,0.0,1.557775032e-07,0.24359538952,0.016192415646,-0.10930563919,0.019018980194
ag47ct02r,ok,,5.5584345184,141960018.28,49222.598386,196612.4086,44387911.624,42449.097242,11800710.419,0.0,0.0,0.0,1208733.799,-34707820.031,-315369.68685,-689783.73308,0.0,0.0,-15011.093577,0.0,0.0,0.0,0.0,-205332.31025,0.0,0.0,0.0,-2.44592034e-07,2.2588959576e-08,6.9590331407e-08,3.3034097713e-07,0.0,0.0,2.0574097688e-06,0.0,0.0,0.0,0.0,-1.8004758084e-07,0.24449010681,0.0085146072374,-0.10127105477,0.016260241247
ag52,ok,,5.597795803,142965288.95,158441.20178,540683.8695,44527648.416,130965.44794,12009429.167,0.0,0.0,0.0,1756544.5684,-34986516.407,-207971.79533,-969353.02853,0.0,0.0,-1568.8035422,0.0,0.0,0.0,0.0,-370390.15225,0.0,0.0,0.0,-1.0306603335e-07,2.0888263851e-08,1.0191326775e-08,1.3773457671e-07,0.0,0.0,7.1162505791e-08,0.0,0.0,0.0,0.0,-3.7812368627e-08,0.24472035599,0.012286510812,-0.011275072939,0.02182283186
ag53,ok,,5.5965679688,142933930.14,145903.6126,506054.46508,44530876.407,121412.43611,12004806.761,0.0,0.0,0.0,1781040.7057,-35002704.901,-233626.81769,-988262.8001,0.0,0.0,-4891.5334152,0.0,0.0,0.0,0.0,-369274.17578,0.0,0.0,0.0,-1.1386387378e-07,2.1034111794e-08,1.341023063e-08,1.5282581139e-07,0.0,0.0,1.3646909953e-07,0.0,0.0,0.0,0.0,-4.5885815146e-08,0.24488730469,0.012460587237,-0.01991133463,0.02229783798
ag54,ok,,5.5942073711,142873641.48,122043.17232,440650.42502,44536038.121,103312.81242,11995614.086,0.0,0.0,0.0,1829736.8034,-35032850.372,-284669.72306,-1026394.0333,0.0,0.0,-10721.432004,0.0,0.0,0.0,0.0,-366968.22752,0.0,0.0,0.0,-1.4011643364e-07,2.1396088669e-08,2.1992371692e-08,1.9089975464e-07,0.0,0.0,3.2134837139e-07,0.0,0.0,0.0,0.0,-6.5913165015e-08,0.24520163418,0.012806678576,-0.039218374666,0.023298011653
ag55,ok,,5.5916933101,142809433.46,88539.315004,341579.89705,44556633.281,77094.50163,11989583.881,0.0,0.0,0.0,1925287.7776,-35091921.174,-372945.3645,-1091668.9701,0.0,0.0,-12707.741591,0.0,0.0,0.0,0.0,-366241.55732,0.0,0.0,0.0,-2.0326140264e-07,2.2308157971e-08,4.2588611293e-08,2.8278680615e-07,0.0,0.0,7.2228576592e-07,0.0,0.0,0.0,0.0,-1.1559794976e-07,0.24572551213,0.013481516808,-0.063950686952,0.025037750109
ah21-7,ok,,5.6024454421,143084038.27,212584.81001,671875.84993,44514728.616,169570.49775,12027294.45,0.0,0.0,0.0,2366501.2311,-34941521.27,119186.72648,-1150972.9275,0.0,0.0,45290.362414,0.0,0.0,0.0,0.0,-613262.21469,0.0,0.0,0.0,-9.3301752701e-08,2.0029951379e-08,-1.280693221e-08,1.2253441952e-07,0.0,0.0,-3.3866499943e-07,0.0,0.0,0.0,0.0,1.7335846176e-08,0.24420278944,0.016539239874,0.07199503456,0.026048956293
ah21-9,ok,,5.5694288778,142240809.47,129059.57177,411368.52039,44378818.769,102181.86588,11847579.116,0.0,0.0,0.0,1838076.8875,-34820543.236,93281.006372,-896048.48898,0.0,0.0,27233.288351,0.0,0.0,0.0,0.0,-477263.33272,0.0,0.0,0.0,-1.2094210403e-07,2.038384864e-08,-1.6264485339e-08,1.5759984988e-07,0.0,0.0,-5.4842760671e-07,0.0,0.0,0.0,0.0,2.2552474426e-08,0.24479995134,0.012922289281,0.070779832068,0.020339769136
ah6407,ok,,5.6605161084,144567138.02,102508.06263,626570.69447,44714893.843,117900.08215,12336305.815,0.0,0.0,0.0,5474256.5793,-35796850.425,-498945.01485,-3075458.2893,0.0,0.0,51212.961843,0.0,0.0,0.0,0.0,-1208824.8775,0.0,0.0,0.0,-3.4610020484e-07,2.4190535399e-08,-2.0062322759e-10,6.681148045e-07,0.0,0.0,-2.629580554e-07,0.0,0.0,0.0,0.0,-1.0084750995e-07,0.24761402152,0.037866534914,0.026955320812,0.068487154225
ah7476,ok,,5.671695653,144852658.76,83364.271216,645689.38054,44726603.771,111151.9043,12390172.534,0.0,0.0,0.0,6291098.7133,-35956078.613,-251767.59525,-3420061.5136,0.0,0.0,70767.908265,0.0,0.0,0.0,0.0,-1489794.0436,0.0,0.0,0.0,-4.0366644946e-07,2.2374502255e-08,-6.403420354e-08,9.1189288243e-07,0.0,0.0,-9.5702124181e-07,0.0,0.0,0.0,0.0,-5.2146078504e-08,0.2482251891,0.043431019955,0.079781378362,0.07601928557
ah63k127,ok,,5.6465862538,144211375.55,353593.28048,1225640.7798,44358278.417,312931.83601,12176780.663,0.0,0.0,0.0,3604766.7319,-35274289.675,-323787.1807,-1987428.868,0.0,0.0,103826.3325,0.0,0.0,0.0,0.0,-783787.01731,0.0,0.0,0.0,-8.6159959652e-08,2.0781923187e-08,-3.1688595324e-09,1.2521314548e-07,0.0,0.0,-2.060870815e-07,0.0,0.0,0.0,0.0,-2.570359406e-08,0.24460129821,0.02499641043,0.072871007211,0.04427452687
ah79100a,ok,,5.6088053947,143246468.71,194755.13767,803305.25245,44350926.434,181651.69766,12011011.465,0.0,0.0,0.0,3563569.3364,-34663807.891,124444.84867,-1871963.6697,0.0,0.0,-26360.563798,0.0,0.0,0.0,0.0,-901307.97429,0.0,0.0,0.0,-1.3262629201e-07,1.9717012996e-08,2.1917987748e-09,2.1634655933e-07,0.0,0.0,1.3491900514e-07,0.0,0.0,0.0,0.0,1.7861187696e-08,0.24198717219,0.024877188027,-0.026276169419,0.042134603946
ah79100b,ok,,5.6466678939,144213460.6,200889.47258,1032120.4371,44292533.561,217987.57801,12162621.873,0.0,0.0,0.0,6510811.4794,-34883911.271,89398.684967,-3357438.522,0.0,0.0,18107.888318,0.0,0.0,0.0,0.0,-1599599.7775,0.0,0.0,0.0,-2.0485448661e-07,1.9472205338e-08,-1.1058818065e-08,3.7757297033e-07,0.0,0.0,-1.2001595248e-07,0.0,0.0,0.0,0.0,9.3140305243e-09,0.24189081328,0.045147044196,0.024109941395,0.07585043487
ah79100c,ok,,5.6710740494,144836783.28,244256.11842,1121550.2507,44459420.925,247188.59201,12316350.697,0.0,0.0,0.0,6755379.512,-35214537.276,98052.833268,-3518435.2589,0.0,0.0,72743.112149,0.0,0.0,0.0,0.0,-1669149.6666,0.0,0.0,0.0,-1.8655426574e-07,1.9336349518e-08,-2.526883349e-08,3.2464621327e-07,0.0,0.0,-2.9386306205e-07,0.0,0.0,0.0,0.0,8.7690325871e-09,0.24313255569,0.046641325216,0.071777850881,0.079296823913
ah79k132,ok,,5.659757897,144547773.63,404294.70572,1360811.8347,44417622.963,351370.10645,12251380.975,0.0,0.0,0.0,3383995.6336,-35246021.273,-574128.37047,-1956383.9767,0.0,0.0,122639.0428,0.0,0.0,0.0,0.0,-651304.67426,0.0,0.0,0.0,-7.6460399766e-08,2.0992037364e-08,1.868718458e-09,1.066750591e-07,0.0,0.0,-1.7690979999e-07,0.0,0.0,0.0,0.0,-4.0382406191e-08,0.24383648664,0.023410914942,0.071523695526,0.043128161628
ah79k135,ok,,5.6533669848,144384552.49,418945.18094,1375506.2353,44405812.683,358362.73818,12220304.024,0.0,0.0,0.0,2828631.4721,-35193318.394,-474687.27965,-1624489.1361,0.0,0.0,114664.67235,0.0,0.0,0.0,0.0,-546816.32893,0.0,0.0,0.0,-6.2600263777e-08,2.067974782e-08,1.7224434698e-09,8.5526637971e-08,0.0,0.0,-1.6882217909e-07,0.0,0.0,0.0,0.0,-3.2574700217e-08,0.2437471169,0.019590956396,0.070727238365,0.03583097282
ah79k143,ok,,5.6781666128,145017924.28,474735.61127,1518009.5896,44501955.141,404904.66323,12355379.694,0.0,0.0,0.0,2568662.395,-35510860.7,-435753.183,-1499072.8825,0.0,0.0,145075.6193,0.0,0.0,0.0,0.0,-494259.50079,0.0,0.0,0.0,-5.0334959921e-08,2.0370480713e-08,5.0748874028e-10,6.9191757529e-08,0.0,0.0,-1.8092284737e-07,0.0,0.0,0.0,0.0,-2.6932093936e-08,0.24487221752,0.017712723497,0.085890518538,0.032847791305
ah80129,ok,,5.6592571071,144534983.67,376185.30995,1298743.4363,44414152.274,333715.73996,12248160.104,0.0,0.0,0.0,3630579.9153,-35522562.096,-673094.74087,-2211431.9899,0.0,0.0,149586.21091,0.0,0.0,0.0,0.0,-694293.10627,0.0,0.0,0.0,-8.7156045613e-08,2.1480690294e-08,1.6223118366e-10,1.287891774e-07,0.0,0.0,-2.3750347583e-07,0.0,0.0,0.0,0.0,-4.844139001e-08,0.24577137793,0.025119039163,0.089345318668,0.048448596617
ah80136,ok,,5.6761758718,144967081.62,346351.6901,1295053.7579,44498028.956,321213.38215,12341349.424,0.0,0.0,0.0,2549882.6083,-35358903.096,-1192584.5872,-1726373.6092,0.0,0.0,28152.130459,0.0,0.0,0.0,0.0,-262692.4105,0.0,0.0,0.0,-7.6815422246e-08,2.2018854682e-08,2.2279871644e-08,1.1318263016e-07,0.0,0.0,4.0435218531e-08,0.0,0.0,0.0,0.0,-9.0623214424e-08,0.24390987734,0.0175893905,-0.014004806278,0.039200995246
ah80140,ok,,5.7081452857,145783566.65,372687.31616,1426293.4655,44684106.798,347538.70621,12535373.932,0.0,0.0,0.0,3628556.427,-35065508.022,-1070385.7456,-2171707.5327,0.0,0.0,-9551.2068429,0.0,0.0,0.0,0.0,-543007.52685,0.0,0.0,0.0,-8.9774344805e-08,2.1565297932e-08,2.2547327973e-08,1.3326137377e-07,0.0,0.0,1.1582427812e-07,0.0,0.0,0.0,0.0,-7.5696477965e-08,0.24053128091,0.024890023686,-0.043166239361,0.049664823738
ah81131,ok,,5.6247718141,143654244.17,379381.1836,1282247.0961,44190302.914,328271.81084,12037071.987,0.0,0.0,0.0,2306765.2529,-34898959.098,-961563.55842,-1609525.4531,0.0,0.0,135935.71759,0.0,0.0,0.0,0.0,-285956.53976,0.0,0.0,0.0,-6.5762840125e-08,2.1693393448e-08,9.7704983812e-09,9.1539008401e-08,0.0,0.0,-2.073072232e-07,0.0,0.0,0.0,0.0,-6.945395497e-08,0.24293719478,0.016057759144,0.078648459705,0.034728177353
ah81k144,ok,,5.6883759641,145278666.71,467174.61045,1605573.7373,44440978.058,417538.19086,12383200.877,0.0,0.0,0.0,3881095.9956,-35499208.335,-451287.6455,-2240345.7921,0.0,0.0,134163.18821,0.0,0.0,0.0,0.0,-811081.03891,0.0,0.0,0.0,-7.0461149512e-08,2.0516291371e-08,-1.0583544578e-09,1.0641089558e-07,0.0,0.0,-1.4851504169e-07,0.0,0.0,0.0,0.0,-2.6549778437e-08,0.24435252016,0.026714837653,0.069382456745,0.04971246869
ah81k144wfKlappe,ok,,5.8742950248,150026959.27,642729.20832,2645515.8268,45058565.839,634975.06629,13402664.943,0.0,0.0,0.0,1200430.4691,-34389563.57,-272428.60031,-565915.2165,0.0,0.0,-378414.49876,0.0,0.0,0.0,0.0,-198703.87067,0.0,0.0,0.0,-1.4660209325e-08,1.7186983163e-08,5.301785951e-09,2.0899454284e-08,0.0,0.0,2.2455454261e-07,0.0,0.0,0.0,0.0,-8.9845660061e-09,0.22922255932,0.008001431709,-0.1443277634,0.013432689706
ah82150a,ok,,5.6578238525,144498378.97,502522.58965,1653881.7611,44263223.749,433137.75764,12202321.011,0.0,0.0,0.0,3322640.1769,-34998947.642,-135465.51105,-1710726.32,0.0,0.0,134200.89296,0.0,0.0,0.0,0.0,-760428.5564,0.0,0.0,0.0,-5.5119365941e-08,2.0050099647e-08,-4.1097248473e-09,7.6435692383e-08,0.0,0.0,-1.5517023355e-07,0.0,0.0,0.0,0.0,-8.3908444061e-09,0.24220996728,0.022994307622,0.0779765476,0.038410662078
ah82150f,ok,,5.6622671267,144611858.27,556221.07708,1769323.2957,44257833.437,469402.33916,12222334.289,0.0,0.0,0.0,3523473.991,-35216543.183,-266666.37091,-1932163.716,0.0,0.0,250110.45115,0.0,0.0,0.0,0.0,-776960.07616,0.0,0.0,0.0,-5.5346247585e-08,2.0292695396e-08,-6.9764401023e-09,7.7031519392e-08,0.0,0.0,-2.4230330593e-07,0.0,0.0,0.0,0.0,-1.4134522775e-08,0.24352458785,0.024365041935,0.1347742058,0.042846554686
ah83150q,ok,,5.650796043,144318891.59,496447.30348,1701573.1119,44139804.368,434677.84293,12138065.075,0.0,0.0,0.0,3815384.054,-34387575.659,-879436.96071,-2113689.2305,0.0,0.0,132693.09945,0.0,0.0,0.0,0.0,-648010.93399,0.0,0.0,0.0,-7.2582415482e-08,2.1201874953e-08,6.6889690273e-09,9.4361713256e-08,0.0,0.0,-1.0716340289e-07,0.0,0.0,0.0,0.0,-4.9486763169e-08,0.23827494294,0.02643717681,0.053200982397,0.046845618097
ah83159,ok,,5.6797066188,145057255.37,564838.40631,1868467.1008,44257175.64,493494.768,12296747.111,0.0,0.0,0.0,3685554.211,-35137908.79,-500582.79599,-1995368.7699,0.0,0.0,177027.48761,0.0,0.0,0.0,0.0,-740928.06992,0.0,0.0,0.0,-5.7537957281e-08,2.0412818819e-08,-4.0798743007e-10,7.8175981038e-08,0.0,0.0,-1.4633059998e-07,0.0,0.0,0.0,0.0,-2.5021709951e-08,0.24223475551,0.025407582692,0.082653142887,0.044156796541
ah85l120,ok,,5.6315253752,143826727.21,354080.06562,1067091.7716,44518068.135,286755.16484,12154961.113,0.0,0.0,0.0,-0.8379891849,-35447773.893,-1.3573622816,0.25177340584,0.0,0.0,117396.41427,0.0,0.0,0.0,0.0,-0.1184499976,0.0,0.0,0.0,4.3297997085e-14,2.0276630866e-08,3.1372569249e-14,-2.5445982419e-14,0.0,0.0,-3.1070739085e-07,0.0,0.0,0.0,0.0,9.3238387833e-14,0.24646165967,-5.8263801253e-09,0.11001529334,-9.0099151249e-09
ah88k130,ok,,5.630675354,143805018.03,389685.41738,1309907.1575,44220425.055,337148.06591,12072651.021,0.0,0.0,0.0,3958751.6987,-35025180.776,-110765.0036,-2061693.9112,0.0,0.0,155032.53575,0.0,0.0,0.0,0.0,-930616.51872,0.0,0.0,0.0,-8.3659995128e-08,2.040739012e-08,-1.1692150581e-08,1.1890830714e-07,0.0,0.0,-2.9359745273e-07,0.0,0.0,0.0,0.0,-8.2495458939e-09,0.24356021268,0.027528606114,0.11441064591,0.046336833299
ah88k136,ok,,5.6650269934,144682344.08,447948.94294,1436899.8623,44428160.259,378899.52984,12277813.559,0.0,0.0,0.0,2608763.5594,-35373885.482,-828555.62602,-1720397.0975,0.0,0.0,184561.3347,0.0,0.0,0.0,0.0,-393349.60444,0.0,0.0,0.0,-6.0416942379e-08,2.1125104887e-08,4.2749473325e-09,8.2058951576e-08,0.0,0.0,-2.3678842945e-07,0.0,0.0,0.0,0.0,-5.255222746e-08,0.24449345017,0.018030973828,0.10606912667,0.036758220617
ah93156,ok,,5.6918667988,145367821.12,587696.32072,1898678.1763,44416110.569,502910.71098,12394834.793,0.0,0.0,0.0,3397541.965,-35131972.695,-635556.28984,-1988824.5247,0.0,0.0,189789.47588,0.0,0.0,0.0,0.0,-629240.77756,0.0,0.0,0.0,-5.3900641912e-08,2.0337586431e-08,1.2383963143e-09,7.4138416678e-08,0.0,0.0,-1.4454546585e-07,0.0,0.0,0.0,0.0,-3.0779675211e-08,0.24167640696,0.023372036114,0.084948838458,0.043570874705
ah93157,ok,,5.6940149789,145422684.71,589451.28085,1896648.8405,44449604.448,502783.04908,12413562.47,0.0,0.0,0.0,3375288.4751,-35122638.436,-651427.73328,-1969995.7658,0.0,0.0,184634.36273,0.0,0.0,0.0,0.0,-618193.73369,0.0,0.0,0.0,-5.3774998729e-08,2.031499367e-08,1.7200381558e-09,7.3163253041e-08,0.0,0.0,-1.3928828629e-07,0.0,0.0,0.0,0.0,-3.15653068e-08,0.24152104265,0.023210192287,0.082103658759,0.043126173216
ah93k130,ok,,5.6661757937,144711683.94,415755.64585,1379618.7132,44459988.802,357531.93607,12291623.563,0.0,0.0,0.0,3060269.6368,-35372103.231,-867013.72696,-2019602.594,0.0,0.0,180387.38638,0.0,0.0,0.0,0.0,-495000.03398,0.0,0.0,0.0,-7.3195738782e-08,2.1402127077e-08,3.4591544983e-09,1.0450885001e-07,0.0,0.0,-2.4570463725e-07,0.0,0.0,0.0,0.0,-5.757604733e-08,0.24443156398,0.021147356961,0.10215309015,0.043450144433
ah93k131,ok,,5.6658484821,144703324.54,412457.93336,1378906.3884,44452332.247,356115.65663,12287859.177,0.0,0.0,0.0,3035029.7212,-35332033.298,-929717.38175,-2021027.846,0.0,0.0,170639.76624,0.0,0.0,0.0,0.0,-468962.69367,0.0,0.0,0.0,-7.4049873439e-08,2.1521333583e-08,5.3465524818e-09,1.0555937824e-07,0.0,0.0,-2.2557380248e-07,0.0,0.0,0.0,0.0,-6.2180774496e-08,0.24416877365,0.020974153364,0.093039704391,0.043538802997
ah93k132,ok,,5.6585852408,144517824.49,428053.53002,1419737.6503,44379494.193,366739.10405,12236799.451,0.0,0.0,0.0,3045528.9151,-35265916.685,-848740.81193,-1973746.255,0.0,0.0,185112.66011,0.0,0.0,0.0,0.0,-496685.39492,0.0,0.0,0.0,-7.0842061259e-08,2.1377865272e-08,3.1681916598e-09,9.9301137469e-08,0.0,0.0,-2.4237255612e-07,0.0,0.0,0.0,0.0,-5.492749834e-08,0.2440246856,0.021073725167,0.10374842823,0.042506202428
ah93w145,ok,,5.6995115758,145563065.43,443006.58924,1525892.1071,44666817.575,390494.75506,12494583.372,0.0,0.0,0.0,3543525.5961,-35339334.921,-464094.22895,-1990696.4045,0.0,0.0,41856.561006,0.0,0.0,0.0,0.0,-715282.55599,0.0,0.0,0.0,-6.9546865342e-08,2.02404895e-08,5.41794356e-09,1.0028859049e-07,0.0,0.0,-3.131493705e-08,0.0,0.0,0.0,0.0,-2.9719447195e-08,0.24277679793,0.024343576345,0.013872723455,0.044428506412
ah93w174,ok,,5.7210726608,146113726.23,601061.12439,2129553.6305,44426475.497,543904.18395,12524613.112,0.0,0.0,0.0,3623548.7488,-34723596.091,-346268.30143,-1964754.5483,0.0,0.0,-1879.425115,0.0,0.0,0.0,0.0,-747507.78603,0.0,0.0,0.0,-4.9555163127e-08,1.942568144e-08,4.2549258262e-09,7.3687364631e-08,0.0,0.0,1.3432093968e-08,0.0,0.0,0.0,0.0,-1.6678979238e-08,0.237647735,0.024799509549,-0.0080735095033,0.044290610239
ah93w215,ok,,5.8050091528,148257428.0,948974.28737,3052026.5267,44690172.776,831299.71567,12978013.752,0.0,0.0,0.0,2958182.6054,-34980351.626,-265068.20568,-1539140.8263,0.0,0.0,53043.173876,0.0,0.0,0.0,0.0,-609849.97625,0.0,0.0,0.0,-2.5928019849e-08,1.8357175409e-08,1.4224865812e-09,3.6203522197e-08,0.0,0.0,-1.516149414e-08,0.0,0.0,0.0,0.0,-8.1672626088e-09,0.23594333247,0.019953014465,0.014387868097,0.034356211677
ah93w257,ok,,5.9076670684,150879266.85,1151124.7401,3995201.9517,44520161.176,1099021.0998,13391103.961,0.0,0.0,0.0,926141.43673,-35385171.331,819140.96439,-338867.13446,0.0,0.0,-131294.24652,0.0,0.0,0.0,0.0,-484007.28071,0.0,0.0,0.0,-1.3311525831e-09,1.7494644613e-08,-4.4140350172e-09,6.1144062941e-09,0.0,0.0,2.7182241263e-08,0.0,0.0,0.0,0.0,1.8128745352e-08,0.23452640027,0.0061382949164,-0.031290150409,0.0070384443559
ah93w300,ok,,6.0649827436,154897041.29,1807841.3449,5556744.1152,45137090.138,1655131.4012,14327874.512,0.0,0.0,0.0,931846.00986,-35090325.531,140847.96765,-401498.17743,0.0,0.0,-8979.6939906,0.0,0.0,0.0,0.0,-269898.972,0.0,0.0,0.0,-3.0729375301e-09,1.5798805374e-08,-5.5472213573e-10,4.9179332223e-09,0.0,0.0,7.6915803065e-10,0.0,0.0,0.0,0.0,2.4794468246e-09,0.22653967589,0.0060159058047,-0.0013905156886,0.0088908430107
ah93w480b,ok,,6.9928949268,178595517.91,6774194.9426,14949900.062,47502703.888,6253431.8887,20171492.02,0.0,0.0,0.0,3702960.3629,-47396595.657,-771152.56232,-1834367.6101,0.0,0.0,3652940.0554,0.0,0.0,0.0,0.0,-653804.51421,0.0,0.0,0.0,-4.0062837877e-09,1.3226869411e-08,-1.5493939633e-10,5.1218793668e-09,0.0,0.0,-3.576211194e-08,0.0,0.0,0.0,0.0,-2.6074471264e-09,0.26538513514,0.020733781038,0.24225951784,0.034696609303
ah94145,ok,,5.7247995258,146208908.75,462773.73702,1707510.5211,44593435.442,431814.0664,12587450.039,0.0,0.0,0.0,5123868.7878,-35453113.28,-627077.0397,-2939550.7123,0.0,0.0,112624.88537,0.0,0.0,0.0,0.0,-1052027.5008,0.0,0.0,0.0,-8.963299178e-08,2.0624682386e-08,2.34208201e-09,1.4120388125e-07,0.0,0.0,-9.0187669848e-08,0.0,0.0,0.0,0.0,-3.5033316228e-08,0.2424825791,0.035044846663,0.041736485009,0.065345447809
ah94156,ok,,5.6723493671,144869354.34,571151.70299,1856387.935,44283180.502,488554.27723,12272624.86,0.0,0.0,0.0,3498011.7175,-34904224.341,-531795.16259,-1940692.6713,0.0,0.0,183626.77941,0.0,0.0,0.0,0.0,-682382.01098,0.0,0.0,0.0,-5.5860591099e-08,2.0365749389e-08,-6.3462044665e-13,7.4925987171e-08,0.0,0.0,-1.5118040118e-07,0.0,0.0,0.0,0.0,-2.6754283875e-08,0.24093587289,0.024145974375,0.086346943593,0.042794105171
ah94w301,ok,,6.0290906745,153980373.34,1720951.9187,5416729.3474,44828451.406,1591121.347,14056716.252,0.0,0.0,0.0,-124383.90095,-35464558.461,1107838.6925,107298.41989,0.0,0.0,1562.3963087,0.0,0.0,0.0,0.0,-336917.06482,0.0,0.0,0.0,4.2717929326e-09,1.6508652633e-08,-4.5625998264e-09,-1.3946798991e-09,0.0,0.0,1.1696497495e-10,0.0,0.0,0.0,0.0,1.6344717959e-08,0.23031869382,-0.00080779061805,-0.00020129109806,-0.0024001770483
ames01,ok,,5.6613583526,144588648.57,277946.70222,850514.1459,44917429.637,220695.83569,12393977.305,0.0,0.0,0.0,1224388.5849,-35454846.067,-545019.11761,-753043.62716,0.0,0.0,36220.534452,0.0,0.0,0.0,0.0,-144563.83007,0.0,0.0,0.0,-5.2319199365e-08,2.0445180043e-08,1.2390066797e-08,5.8936550811e-08,0.0,0.0,-1.145435352e-07,0.0,0.0,0.0,0.0,-5.6911773236e-08,0.24521182276,0.008468082363,0.031836997869,0.016381219938
ah95160,ok,,5.7461261771,146753582.23,559108.11369,1996220.665,44605663.751,515015.55103,12686549.773,0.0,0.0,0.0,5134264.3473,-35434030.119,-642308.60401,-2938181.3986,0.0,0.0,129192.31523,0.0,0.0,0.0,0.0,-1044103.4532,0.0,0.0,0.0,-7.5141843797e-08,2.0195572872e-08,2.1351161441e-09,1.1671764223e-07,0.0,0.0,-7.7820141584e-08,0.0,0.0,0.0,0.0,-2.993338831e-08,0.24145257364,0.034985615134,0.043509872568,0.06525778078
ames02,ok,,5.6381846034,143996801.02,148187.19952,464438.82204,44919497.352,117384.56288,12289879.421,0.0,0.0,0.0,685295.48171,-35489810.334,-47519.091932,-282512.99876,0.0,0.0,-3324.7973388,0.0,0.0,0.0,0.0,-155945.53607,0.0,0.0,0.0,-4.2755873646e-08,2.0099190863e-08,2.6093177584e-09,4.249745457e-08,0.0,0.0,5.2651141046e-08,0.0,0.0,0.0,0.0,-8.9794242684e-09,0.2464624914,0.0047591021248,-0.007802225143,0.0062975787793
ames03,ok,,5.65272181,144368075.0,252974.3475,799680.83703,44815800.551,207669.95172,12327715.449,0.0,0.0,0.0,1092035.5553,-35549518.268,-546878.39119,-737865.12824,0.0,0.0,33297.756541,0.0,0.0,0.0,0.0,-115514.0039,0.0,0.0,0.0,-5.1172529045e-08,2.061466193e-08,1.3327026199e-08,6.362780434e-08,0.0,0.0,-1.2006345029e-07,0.0,0.0,0.0,0.0,-5.9916219464e-08,0.24624224066,0.0075642454557,0.030372972995,0.016096202285
amsoil1,ok,,5.6807127567,145082951.78,338845.52043,1053701.2956,44924579.547,276657.49599,12481644.182,0.0,0.0,0.0,1948681.9859,-35348166.418,-185226.14366,-1131271.6648,0.0,0.0,57382.897704,0.0,0.0,0.0,0.0,-418572.85615,0.0,0.0,0.0,-5.2513900834e-08,1.9756835596e-08,2.2522583565e-10,7.3708308002e-08,0.0,0.0,-1.4765102733e-07,0.0,0.0,0.0,0.0,-1.6276812382e-08,0.24364107557,0.013431502199,0.050030889196,0.024975729985
apex16,ok,,5.636987996,143966240.19,369258.35107,1169923.6837,44431918.038,307197.6027,12155987.334,0.0,0.0,0.0,2829422.4027,-35187769.384,-16124.603123,-1371545.908,0.0,0.0,111625.2714,0.0,0.0,0.0,0.0,-691268.72944,0.0,0.0,0.0,-6.3995286615e-08,2.0108226716e-08,-7.6214591376e-09,8.3502555277e-08,0.0,0.0,-2.5723718074e-07,0.0,0.0,0.0,0.0,-7.7570969634e-11,0.24441681146,0.019653374285,0.094986977194,0.030834015872
amsoil2,ok,,5.6786920805,145031344.5,347435.18955,1050593.6055,44948524.75,278876.59073,12479104.363,0.0,0.0,0.0,930703.93462,-35331091.915,15476.79786,-513006.02847,0.0,0.0,50463.472145,0.0,0.0,0.0,0.0,-231145.03585,0.0,0.0,0.0,-2.2701973606e-08,1.9513404915e-08,-1.9134527295e-09,3.2897610908e-08,0.0,0.0,-1.3873500258e-07,0.0,0.0,0.0,0.0,1.2689788059e-09,0.24361004193,0.0064172606124,0.048201421919,0.011429787682
apex16_NASA_CR-201062,ok,,5.6656815076,144699060.09,386060.38549,1197434.1506,44659608.732,319913.95754,12343279.887,0.0,0.0,0.0,2872564.1162,-35662928.772,-28084.096055,-1389915.5014,0.0,0.0,120722.97911,0.0,0.0,0.0,0.0,-704469.84989,0.0,0.0,0.0,-6.2273234181e-08,1.9985074342e-08,-7.5271678765e-09,8.0452443737e-08,0.0,0.0,-2.5925498578e-07,0.0,0.0,0.0,0.0,-8.8893404716e-10,0.24646275346,0.019851988772,0.10008807975,0.031059501443
aquilasm,ok,,5.6189639745,143505914.46,197337.27567,752685.06636,44459788.679,176760.42807,12084102.156,0.0,0.0,0.0,3790926.9231,-34731765.381,-898528.0566,-2174233.3073,0.0,0.0,48017.717074,0.0,0.0,0.0,0.0,-656088.63245,0.0,0.0,0.0,-1.7899608836e-07,2.3911645726e-08,2.5517189024e-08,2.473670067e-07,0.0,0.0,-2.7311891837e-08,0.0,0.0,0.0,0.0,-1.2238054808e-07,0.24202323307,0.026416520445,0.0053896543286,0.048814731193
arad10,ok,,5.7176019539,146025085.87,274345.40611,931508.80034,45219751.709,228078.256,12729403.095,0.0,0.0,0.0,3882766.1908,-35816343.965,-760931.36327,-2215382.271,0.0,0.0,58514.430021,0.0,0.0,0.0,0.0,-726558.50003,0.0,0.0,0.0,-1.3561913135e-07,2.1680899246e-08,1.4027652711e-08,1.7722998547e-07,0.0,0.0,-8.3028488615e-08,0.0,0.0,0.0,0.0,-7.7769456767e-08,0.24527528096,0.026589720304,0.022778484428,0.048622232338
arad13,ok,,5.7633304296,147192971.36,428046.31181,1366143.3118,45397429.71,350762.56193,12987736.698,0.0,0.0,0.0,3399423.5872,-35779501.605,-992787.76429,-1927690.1604,0.0,0.0,45894.216049,0.0,0.0,0.0,0.0,-527131.33215,0.0,0.0,0.0,-8.1770939385e-08,2.0611024394e-08,1.5738162369e-08,9.9110761036e-08,0.0,0.0,-6.353384192e-09,0.0,0.0,0.0,0.0,-6.5676518516e-08,0.2430788731,0.023095013001,0.0027195426709,0.042423995722
arad20,ok,,5.8828496226,150245440.0,874482.60549,2712579.5393,45564992.274,741055.56433,13591860.649,0.0,0.0,0.0,3364427.1573,-35852353.577,-1342679.6366,-1715347.0117,0.0,0.0,31676.451769,0.0,0.0,0.0,0.0,-382487.19044,0.0,0.0,0.0,-4.0145523665e-08,1.8817100978e-08,1.1165078836e-08,4.3324458304e-08,0.0,0.0,7.9674245487e-09,0.0,0.0,0.0,0.0,-4.173317255e-08,0.23862523599,0.022392873669,-0.0069673741784,0.037886485179
arad6,ok,,5.6670945137,144735147.65,110174.003,550022.56959,44882842.051,111984.54857,12410007.335,0.0,0.0,0.0,4881065.2464,-35932436.525,-455224.03477,-2774590.0308,0.0,0.0,73594.929169,0.0,0.0,0.0,0.0,-1077904.5609,0.0,0.0,0.0,-3.2503182945e-07,2.3514458316e-08,-2.7297310423e-08,5.5355003137e-07,0.0,0.0,-7.4995635077e-07,0.0,0.0,0.0,0.0,-9.6339051558e-08,0.24826337699,0.033724118333,0.08262569324,0.060986822817
as5045,ok,,5.687499224,145256275.15,456889.52343,1519955.2405,44599862.29,398403.86876,12421186.181,0.0,0.0,0.0,1287556.4863,-35380051.991,-78700.03837,-540016.96695,0.0,0.0,10433.481177,0.0,0.0,0.0,0.0,-292269.68095,0.0,0.0,0.0,-2.3299153645e-08,1.9649316972e-08,9.9579493213e-10,2.6477021556e-08,0.0,0.0,-1.365184254e-08,0.0,0.0,0.0,0.0,-4.3123458723e-09,0.24356986957,0.0088640334818,0.006237383832,0.012097073761
as5046,ok,,5.7033392392,145660822.3,543359.51032,1741372.8999,44650311.47,464176.97746,12506216.362,0.0,0.0,0.0,1322151.3734,-35384178.69,-118606.49778,-541200.36193,0.0,0.0,43762.254494,0.0,0.0,0.0,0.0,-288027.89281,0.0,0.0,0.0,-2.0941985348e-08,1.9479733537e-08,9.8613246742e-10,2.2188605743e-08,0.0,0.0,-4.4731239653e-08,0.0,0.0,0.0,0.0,-5.7107400206e-09,0.24292172825,0.0090769182307,0.024305144474,0.012056389951
as5048,ok,,5.7327501761,146411964.93,725350.63431,2210249.2861,44698021.922,605693.73159,12652125.268,0.0,0.0,0.0,1461676.7048,-35478043.969,-141946.09857,-606141.7339,0.0,0.0,134276.96227,0.0,0.0,0.0,0.0,-313417.81184,0.0,0.0,0.0,-1.7771449027e-08,1.9209718624e-08,3.3298245577e-10,1.8433566825e-08,0.0,0.0,-8.2553742582e-08,0.0,0.0,0.0,0.0,-5.3202397073e-09,0.24231656194,0.009983314584,0.059880409547,0.013370799389
as6091,ok,,4.6340568121,118351810.67,10899.932362,623599.45147,38662593.669,40080.135634,8063341.4924,0.0,0.0,0.0,4551419.0391,-20259320.791,719655.95014,-2416601.8767,0.0,0.0,-15183.662044,0.0,0.0,0.0,0.0,-863341.24104,0.0,0.0,0.0,-9.1477310835e-07,1.1674241671e-08,-3.0791342712e-07,5.8180963488e-06,0.0,0.0,-4.3847101537e-06,0.0,0.0,0.0,0.0,2.606437393e-07,0.17117879884,0.038456691226,0.047793044101,0.063416856675
as6092,ok,,4.4915809358,114713038.29,20606.538443,630015.17375,37577619.572,46817.525965,7308976.3293,0.0,0.0,0.0,4321612.1174,-17908404.122,1003292.4294,-2235972.7306,0.0,0.0,-54751.142893,0.0,0.0,0.0,0.0,-822304.26561,0.0,0.0,0.0,-7.3699638286e-07,6.4751341395e-09,-6.5334806306e-08,2.8999284646e-06,0.0,0.0,-3.8415508091e-07,0.0,0.0,0.0,0.0,4.3144859402e-07,0.15611480952,0.03767324257,0.007916106443,0.059757487388
as6093,ok,,4.551569871,116245129.8,32329.85713,691078.23064,37968438.06,57042.94116,7364471.1458,0.0,0.0,0.0,4197777.7061,-18403360.213,1061230.504,-2148999.1174,0.0,0.0,-77793.610987,0.0,0.0,0.0,0.0,-848295.64615,0.0,0.0,0.0,-5.6342154831e-07,7.4459458133e-09,3.7796315155e-09,1.7299689295e-06,0.0,0.0,7.9071050312e-07,0.0,0.0,0.0,0.0,4.3734328133e-07,0.15831510744,0.03611142861,-0.025563557597,0.05592964833
as6094,ok,,4.979997875,127186996.09,11189.333577,1122752.5666,38180555.5,74199.394428,10072898.868,0.0,0.0,0.0,6710944.0671,-25731652.583,919560.5448,-3412780.9332,0.0,0.0,43627.063573,0.0,0.0,0.0,0.0,-1370137.2319,0.0,0.0,0.0,-7.0775248895e-07,1.9212137498e-08,-9.4406999785e-07,8.2345304188e-06,0.0,0.0,-1.0013345072e-05,0.0,0.0,0.0,0.0,1.6620644609e-08,0.20231354914,0.052764388447,0.11204265824,0.092138907705
as6095,ok,,4.5595710139,116449475.54,20734.796498,1026163.8911,36264181.075,80390.94455,8337243.1486,0.0,0.0,0.0,6286593.7805,-19265227.881,1492278.7165,-3182372.3294,0.0,0.0,-46452.556845,0.0,0.0,0.0,0.0,-1141598.5418,0.0,0.0,0.0,-6.4637053625e-07,1.1971831063e-08,-4.0307273778e-07,4.403542169e-06,0.0,0.0,-3.9753086934e-06,0.0,0.0,0.0,0.0,1.5151885775e-07,0.16543851136,0.053985591189,0.082427216775,0.091306550745
as6096,ok,,4.4163102977,112790658.58,34696.855263,989512.7714,35003405.342,88626.100942,7359395.9423,0.0,0.0,0.0,6175800.1258,-16564624.302,1818904.245,-3009929.8494,0.0,0.0,-110793.5867,0.0,0.0,0.0,0.0,-1078800.9989,0.0,0.0,0.0,-5.7878744497e-07,6.4468375927e-09,-1.7108579776e-07,2.5549358549e-06,0.0,0.0,-1.3375497504e-06,0.0,0.0,0.0,0.0,2.6342162329e-07,0.14686166842,0.054754535556,0.046408770096,0.088648239564
as6097,ok,,6.0606460187,154786283.18,10474.362476,1966992.3518,45147680.827,113469.70942,12539270.889,0.0,0.0,0.0,10055575.09,-39005793.413,-617226.90358,-5181987.65,0.0,0.0,330695.86284,0.0,0.0,0.0,0.0,-2481384.7183,0.0,0.0,0.0,-5.8183045829e-07,2.2537639535e-08,-1.4178247276e-06,1.0787776142e-05,0.0,0.0,-1.260917828e-05,0.0,0.0,0.0,0.0,-3.6966865727e-08,0.25199773916,0.064964251894,0.13207310383,0.11299507762
as6098,ok,,4.9661671498,126833765.34,19388.154446,1577239.7755,39094148.066,112710.8349,9895278.3931,0.0,0.0,0.0,8228142.3414,-24530447.779,1162514.703,-4222059.3345,0.0,0.0,52077.456834,0.0,0.0,0.0,0.0,-1672372.801,0.0,0.0,0.0,-5.6148907817e-07,1.4950224841e-08,-6.6603550218e-07,5.7482495187e-06,0.0,0.0,-5.8070349051e-06,0.0,0.0,0.0,0.0,7.2624371909e-08,0.19340628824,0.064873437441,0.11258768961,0.11144794946
as6099,ok,,4.6379899762,118452261.98,34370.016373,1316748.2921,36831956.685,114553.83055,8329260.6619,0.0,0.0,0.0,7600980.9448,-19398857.764,1885496.6904,-3729980.6615,0.0,0.0,-79004.719862,0.0,0.0,0.0,0.0,-1445019.094,0.0,0.0,0.0,-5.2547348519e-07,7.0352287971e-09,-3.0136704921e-07,3.0817333044e-06,0.0,0.0,-2.4782050782e-06,0.0,0.0,0.0,0.0,2.0983194849e-07,0.16376941596,0.064169149812,0.085175949111,0.10591922413
avistar,ok,,5.7046101068,145693279.71,497020.69253,1536625.3013,44869554.989,408449.28641,12574498.23,0.0,0.0,0.0,1971355.8196,-35357654.124,-294291.12223,-1206887.1832,0.0,0.0,87287.958323,0.0,0.0,0.0,0.0,-388421.21216,0.0,0.0,0.0,-3.7378199432e-08,1.9568379886e-08,1.5081633244e-09,5.343861815e-08,0.0,0.0,-1.0392133985e-07,0.0,0.0,0.0,0.0,-1.7522893135e-08,0.24268555279,0.013530863081,0.051651056301,0.026560099
atr72sm,ok,,5.6980381188,145525433.39,480502.04514,1585320.7543,44742772.826,403553.54177,12513088.16,0.0,0.0,0.0,2494369.7326,-34581898.88,-872770.76289,-1367476.6516,0.0,0.0,6642.4143413,0.0,0.0,0.0,0.0,-334187.22938,0.0,0.0,0.0,-5.4622715499e-08,2.0128465164e-08,1.3115033862e-08,6.414489341e-08,0.0,0.0,2.6300974716e-08,0.0,0.0,0.0,0.0,-5.1203363764e-08,0.23763474243,0.017140438441,-0.01263767214,0.030821752469
august160,ok,,5.7540443666,146955809.36,497527.06394,1802403.6394,44815571.341,451160.73007,12781613.052,0.0,0.0,0.0,4451766.1395,-34941111.942,-1766225.2844,-2497034.3146,0.0,0.0,27786.276716,0.0,0.0,0.0,0.0,-518706.32974,0.0,0.0,0.0,-8.927656871e-08,2.2413901356e-08,2.6385830895e-08,1.1528262187e-07,0.0,0.0,7.8806518097e-08,0.0,0.0,0.0,0.0,-9.3603922749e-08,0.2377661155,0.030293230045,-0.039208375568,0.057356224384
b29root,ok,,5.8064355388,148293857.29,1058467.6943,3272272.1768,44684926.718,904786.89771,12984930.314,0.0,0.0,0.0,1304032.0907,-34909930.802,-477235.89196,-861614.0889,0.0,0.0,124241.93609,0.0,0.0,0.0,0.0,-155063.55867,0.0,0.0,0.0,-1.2761565041e-08,1.8281511956e-08,2.6358362721e-09,1.7864405519e-08,0.0,0.0,-3.3209600997e-08,0.0,0.0,0.0,0.0,-1.2930847277e-08,0.23541049805,0.0087935678159,0.035151289795,0.01890889612
b29tip,ok,,5.5907050506,142784193.74,181938.17668,626559.3731,44383145.458,152990.75532,11939053.017,0.0,0.0,0.0,1635269.6946,-34805568.998,-691911.99153,-1123610.9208,0.0,0.0,28576.484086,0.0,0.0,0.0,0.0,-195847.75333,0.0,0.0,0.0,-1.0189788222e-07,2.215441449e-08,2.2452584246e-08,1.3766945725e-07,0.0,0.0,-9.6959293641e-08,0.0,0.0,0.0,0.0,-1.1101235011e-07,0.24376345929,0.011452736131,0.017640597097,0.025047330036
b540ols,ok,,5.6507145721,144316811.01,182991.70448,651443.01565,44900900.861,153811.94546,12341033.045,0.0,0.0,0.0,1.2208781581,-35241059.99,-2.5336632467,-1.2216328967,0.0,0.0,-61062.172728,0.0,0.0,0.0,0.0,-0.72620040063,0.0,0.0,0.0,6.8586919697e-17,1.9787025976e-08,1.0326551002e-13,1.7758460579e-13,0.0,0.0,5.1222930222e-07,0.0,0.0,0.0,0.0,2.2551453357e-13,0.24419234144,8.4597085364e-09,-0.093733713098,3.2496509703e-08
b707b,ok,,5.637147725,143970319.59,348620.60524,1102368.5179,44545512.63,284939.93888,12186197.178,0.0,0.0,0.0,196956.30349,-34852020.381,-357160.17839,-60590.800072,0.0,0.0,30063.068096,0.0,0.0,0.0,0.0,52368.244888,0.0,0.0,0.0,-1.1775692484e-08,1.9962973257e-08,7.1851842032e-09,3.2848463128e-09,0.0,0.0,-7.6957148478e-08,0.0,0.0,0.0,0.0,-2.8812605132e-08,0.24207781492,0.0013680340785,0.02682884768,0.0011451651097
b707a,ok,,5.6497141378,144291260.35,273286.71943,943215.02859,44705897.75,229084.79355,12284467.877,0.0,0.0,0.0,-677971.92089,-34634693.498,83048.242826,550190.31819,0.0,0.0,-45108.040311,0.0,0.0,0.0,0.0,131415.56354,0.0,0.0,0.0,2.3181752267e-08,1.9598802185e-08,-4.1881904669e-09,-4.5365471454e-08,0.0,0.0,1.7895906866e-07,0.0,0.0,0.0,0.0,1.112940729e-08,0.24003320376,-0.0046986346867,-0.048907136786,-0.012397780869
b707c,ok,,5.6022489243,143079019.29,206402.77306,654035.13322,44467599.503,168390.67746,12012420.62,0.0,0.0,0.0,1793374.9988,-34837310.666,-585049.08206,-980909.28828,0.0,0.0,55525.594547,0.0,0.0,0.0,0.0,-271532.45878,0.0,0.0,0.0,-9.4296764883e-08,2.1569618149e-08,1.3422873989e-08,1.0273860512e-07,0.0,0.0,-3.1564402697e-07,0.0,0.0,0.0,0.0,-8.1632168431e-08,0.24348301266,0.012534157752,0.065149802468,0.021205532997
b707d,ok,,5.5841876342,142617741.74,183314.39458,587999.99267,44366141.542,149956.1769,11907712.073,0.0,0.0,0.0,2015357.3596,-34911234.696,-506828.82299,-1104665.0484,0.0,0.0,57534.381212,0.0,0.0,0.0,0.0,-351747.51517,0.0,0.0,0.0,-1.136321232e-07,2.1911459033e-08,9.4169281948e-09,1.3108376582e-07,0.0,0.0,-4.1662306078e-07,0.0,0.0,0.0,0.0,-7.9293652438e-08,0.24478886196,0.014131182664,0.076373004155,0.024029541171
b707e,ok,,5.5910914648,142794062.59,187070.53971,594614.84761,44422489.819,152528.42712,11952360.769,0.0,0.0,0.0,1813070.7101,-34963177.452,-358492.62373,-1000242.8722,0.0,0.0,54976.408288,0.0,0.0,0.0,0.0,-341929.99714,0.0,0.0,0.0,-9.6937398624e-08,2.1314355523e-08,4.3458815984e-09,1.1696923651e-07,0.0,0.0,-4.2163691406e-07,0.0,0.0,0.0,0.0,-5.5949990258e-08,0.24485035875,0.012697101526,0.078875845075,0.021881498204
b737a,ok,,5.7395030811,146584431.21,489825.32757,1683435.854,45010845.065,422622.51426,12772150.809,0.0,0.0,0.0,1365239.8302,-34558742.173,-781691.83409,-560345.46863,0.0,0.0,-103806.68466,0.0,0.0,0.0,0.0,-100935.49927,0.0,0.0,0.0,-3.168071223e-08,1.9012810064e-08,1.2191653114e-08,2.7814696424e-08,0.0,0.0,1.3765094389e-07,0.0,0.0,0.0,0.0,-4.0930281599e-08,0.23575997729,0.0093136755314,-0.067424918681,0.013624342787
b737b,ok,,5.6715672912,144849380.46,344532.41217,1139821.8281,44824956.304,286738.07495,12414249.909,0.0,0.0,0.0,1336055.8184,-34932917.552,-653479.64976,-626206.02206,0.0,0.0,-29633.474504,0.0,0.0,0.0,0.0,-139003.58094,0.0,0.0,0.0,-4.4573231954e-08,2.0088932453e-08,1.421807296e-08,4.1995710022e-08,0.0,0.0,9.8690074938e-08,0.0,0.0,0.0,0.0,-5.1468502017e-08,0.24116718651,0.0092237592886,-0.034001929575,0.014468883274
b737c,ok,,5.6147177451,143397467.59,224815.45866,700912.70535,44575014.503,181679.00015,12095170.018,0.0,0.0,0.0,1304600.8276,-35285794.538,-481848.03991,-709665.12102,0.0,0.0,47139.915821,0.0,0.0,0.0,0.0,-183918.81481,0.0,0.0,0.0,-6.5422638988e-08,2.1088818993e-08,1.1587320771e-08,6.8117619412e-08,0.0,0.0,-2.5043763764e-07,0.0,0.0,0.0,0.0,-6.2392705218e-08,0.24606985835,0.0090977954461,0.056302252372,0.015313893851
b737d,ok,,5.6285263546,143750133.52,262892.17882,815193.26738,44612821.124,214742.69704,12165790.119,0.0,0.0,0.0,1472793.8409,-35400851.074,-478256.07459,-803511.15048,0.0,0.0,66360.240424,0.0,0.0,0.0,0.0,-226806.42073,0.0,0.0,0.0,-6.0514471442e-08,2.0921157724e-08,8.5020112782e-09,6.5629560355e-08,0.0,0.0,-2.6941938737e-07,0.0,0.0,0.0,0.0,-5.2016342795e-08,0.24626656135,0.010245512855,0.070828249761,0.017253498117
bacj,ok,,5.6413730845,144078233.45,245018.66672,775885.14356,44740014.135,200192.67217,12256212.169,0.0,0.0,0.0,1070235.8085,-35288714.563,709559.97139,-297317.62523,0.0,0.0,25999.764416,0.0,0.0,0.0,0.0,-469226.4774,0.0,0.0,0.0,-1.6421175695e-08,1.971219403e-08,-2.1615845664e-08,2.9691684085e-08,0.0,0.0,-1.6153303423e-07,0.0,0.0,0.0,0.0,8.4404964915e-08,0.24492745168,0.0074281574865,0.039578608678,0.0072750168471
bacnlf,ok,,5.6104942758,143289602.01,241394.7646,726651.32407,44534684.096,192854.76449,12066100.403,0.0,0.0,0.0,1000585.1952,-35462867.847,462576.55204,-322636.61164,0.0,0.0,77527.606736,0.0,0.0,0.0,0.0,-382404.99328,0.0,0.0,0.0,-2.1870263989e-08,2.0269551026e-08,-1.8167578381e-08,3.4804028248e-08,0.0,0.0,-4.6103626968e-07,0.0,0.0,0.0,0.0,5.7915345489e-08,0.2474908671,0.0069829574592,0.11129174179,0.0084015102058
bacxxx,ok,,5.6361181135,143944023.76,315367.85832,952109.0307,44661521.268,249973.42856,12213845.907,0.0,0.0,0.0,1504711.6591,-35284012.381,-246056.63861,-665495.21743,0.0,0.0,69736.530441,0.0,0.0,0.0,0.0,-304179.63846,0.0,0.0,0.0,-4.7008321514e-08,2.0318727679e-08,2.5918338948e-09,4.603833926e-08,0.0,0.0,-2.2003231264e-07,0.0,0.0,0.0,0.0,-2.1178225231e-08,0.24512314898,0.010453450027,0.069391119199,0.014519012453
bambino6,ok,,5.6589607779,144527415.55,391404.84667,1199679.8519,44667273.413,311878.59236,12317815.782,0.0,0.0,0.0,7024760.8749,-35150676.247,-468829.42829,-2829193.2255,0.0,0.0,135529.61977,0.0,0.0,0.0,0.0,-1564028.2334,0.0,0.0,0.0,-1.6497037e-07,2.1682610271e-08,-5.317900041e-09,1.5947819948e-07,0.0,0.0,-2.2535743884e-07,0.0,0.0,0.0,0.0,-3.7606579409e-08,0.24321113135,0.048605040422,0.088205993797,0.062420540215
be50,ok,,5.6308256686,143808857.0,105108.35895,517930.98338,44652813.692,106432.16415,12187599.579,0.0,0.0,0.0,4982144.0698,-35509977.39,-849786.28224,-2663470.7376,0.0,0.0,32537.361082,0.0,0.0,0.0,0.0,-992087.49732,0.0,0.0,0.0,-3.7070941731e-07,2.7514044271e-08,5.6875375737e-08,5.7405466701e-07,0.0,0.0,3.3364012206e-07,0.0,0.0,0.0,0.0,-1.8357714747e-07,0.24692482876,0.034644208803,-0.035068365709,0.060337943996
be50sm,ok,,5.6343734604,143899466.07,107641.17334,516624.45129,44692930.656,107591.80307,12213909.882,0.0,0.0,0.0,3915383.9067,-35430308.535,-322752.23937,-2188531.9397,0.0,0.0,-1354.6936715,0.0,0.0,0.0,0.0,-870417.57329,0.0,0.0,0.0,-2.7041677099e-07,2.22325123e-08,2.9162926789e-08,4.571730567e-07,0.0,0.0,3.0856313883e-07,0.0,0.0,0.0,0.0,-7.1235260128e-08,0.24621570532,0.027209162157,-0.033214098312,0.049210644241
boe103,ok,,5.6882642824,145275814.41,393442.85023,1288155.7564,44819130.471,328653.25852,12488895.997,0.0,0.0,0.0,3677549.7854,-35226173.201,-570484.43659,-1963965.8758,0.0,0.0,57884.085577,0.0,0.0,0.0,0.0,-726039.15027,0.0,0.0,0.0,-8.6798300788e-08,2.0570717149e-08,7.0593689605e-09,1.105680656e-07,0.0,0.0,-6.4867582375e-08,0.0,0.0,0.0,0.0,-4.0366599572e-08,0.24247789176,0.025314260329,0.025521686497,0.043502214873
boe106,ok,,5.6718958277,144857771.14,404428.80768,1326913.6612,44664765.18,338790.59606,12373545.814,0.0,0.0,0.0,3195158.2824,-35080999.528,-567630.78078,-1799203.4732,0.0,0.0,66748.46246,0.0,0.0,0.0,0.0,-606963.04307,0.0,0.0,0.0,-7.4731147152e-08,2.0583443201e-08,6.3182569484e-09,9.8580610821e-08,0.0,0.0,-8.1752484183e-08,0.0,0.0,0.0,0.0,-3.9795873435e-08,0.24217547497,0.022057210029,0.033063059703,0.039868838894
bqm34,ok,,5.6030007111,143098219.6,224465.10563,725959.83937,44507105.328,181946.46883,12026740.842,0.0,0.0,0.0,0.63986237118,-34723234.936,-0.74543356081,-0.29030837395,0.0,0.0,-566.09323498,0.0,0.0,0.0,0.0,-0.10629591684,0.0,0.0,0.0,-3.0006023995e-14,2.0176135953e-08,2.3093735867e-14,2.9117231973e-14,0.0,0.0,3.473973746e-09,0.0,0.0,0.0,0.0,-2.2378298644e-14,0.24265315831,4.4714907911e-09,-0.00077978588386,6.5358025505e-09
bte-fk,ok,,5.7015183882,145614318.55,351926.92809,1143478.4689,45065267.789,289497.33043,12614076.495,0.0,0.0,0.0,1653106.5075,-35378991.834,-6414.4309224,-993263.73842,0.0,0.0,-14748.761881,0.0,0.0,0.0,0.0,-399261.63193,0.0,0.0,0.0,-3.937356035e-08,1.9268753659e-08,9.4007711879e-10,6.2633496248e-08,0.0,0.0,3.7001409526e-08,0.0,0.0,0.0,0.0,-6.5262601628e-10,0.24296368782,0.011352637048,-0.013021792389,0.02204241393
bw050209,ok,,5.6176917957,143473423.56,191096.42408,625703.87491,44613836.612,157195.59603,12117115.979,0.0,0.0,0.0,1297059.1749,-35414704.87,-897158.15731,-919596.02972,0.0,0.0,33130.280935,0.0,0.0,0.0,0.0,-57427.200047,0.0,0.0,0.0,-9.1531291106e-08,2.2366365274e-08,2.9674320059e-08,1.0544736691e-07,0.0,0.0,-1.2230640396e-07,0.0,0.0,0.0,0.0,-1.3793694604e-07,0.24683808326,0.0090404141946,0.023372316439,0.020150614745
bw3,ok,,5.6831380183,145144891.84,65426.575781,599584.56472,44869841.861,91850.337047,12476130.89,0.0,0.0,0.0,5459259.7495,-35859337.969,-390140.12492,-3181386.028,0.0,0.0,83031.137651,0.0,0.0,0.0,0.0,-1218272.4017,0.0,0.0,0.0,-4.3758463735e-07,2.438185737e-08,-8.4436425781e-08,1.0715075355e-06,0.0,0.0,-1.4112819184e-06,0.0,0.0,0.0,0.0,-1.1386869522e-07,0.24705890449,0.037612482813,0.092335343381,0.070105068973
c141a,ok,,5.6734389977,144897183.03,451372.34133,1312714.9958,44839954.394,353212.25027,12428085.596,0.0,0.0,0.0,1113940.1972,-35325319.932,85299.813768,-539609.88576,0.0,0.0,127299.56817,0.0,0.0,0.0,0.0,-298765.89551,0.0,0.0,0.0,-2.0255094248e-08,1.9572297576e-08,-4.0957213265e-09,2.7073300966e-08,0.0,0.0,-2.165748005e-07,0.0,0.0,0.0,0.0,6.19442506e-09,0.2437957674,0.0076877974704,0.097755874774,0.012220139244
c141b,ok,,5.6690592096,144785325.14,427546.82706,1245905.0359,44834204.819,334404.30974,12406810.544,0.0,0.0,0.0,1146698.6824,-35338398.097,72271.691094,-566149.09335,0.0,0.0,119269.53254,0.0,0.0,0.0,0.0,-303011.57276,0.0,0.0,0.0,-2.2322985435e-08,1.9631068481e-08,-4.1779034455e-09,2.9898814245e-08,0.0,0.0,-2.2561615524e-07,0.0,0.0,0.0,0.0,5.5754000288e-09,0.24407444652,0.0079199924528,0.096461471306,0.012783143163
c141c,ok,,5.6477299767,144240585.74,323545.2538,952379.1933,44786510.169,252891.4401,12298499.619,0.0,0.0,0.0,1331402.5801,-35392238.315,5978.7463375,-704511.45594,0.0,0.0,90376.448283,0.0,0.0,0.0,0.0,-329452.88213,0.0,0.0,0.0,-3.6281251655e-08,1.9943009646e-08,-4.7624131124e-09,4.8658170876e-08,0.0,0.0,-2.9360404465e-07,0.0,0.0,0.0,0.0,8.8975921653e-10,0.24536948554,0.0092304296554,0.094994195145,0.015743120246
c141d,ok,,5.6547268429,144419282.68,315129.64813,928840.42426,44852040.886,245988.62562,12347086.772,0.0,0.0,0.0,1590095.2865,-35364101.762,-30543.462298,-837775.14918,0.0,0.0,85515.082488,0.0,0.0,0.0,0.0,-381568.14552,0.0,0.0,0.0,-4.5388117073e-08,1.9860975433e-08,-4.669412691e-09,5.907527927e-08,0.0,0.0,-2.9020510873e-07,0.0,0.0,0.0,0.0,-2.5681716028e-09,0.24487105258,0.011010269938,0.091452233798,0.018616371969
c141e,ok,,5.6590447192,144529559.37,304495.75785,902778.64749,44892213.216,237952.1528,12377161.294,0.0,0.0,0.0,1878063.3904,-35356659.401,-70493.589244,-990563.08011,0.0,0.0,80444.956057,0.0,0.0,0.0,0.0,-440042.59755,0.0,0.0,0.0,-5.6219666498e-08,1.9852986273e-08,-4.5536198278e-09,7.2014799825e-08,0.0,0.0,-2.8698255968e-07,0.0,0.0,0.0,0.0,-6.5847288522e-09,0.24463272118,0.012994320321,0.087384972,0.021928201049
c141f,ok,,5.671863708,144856950.81,283195.42462,857459.17979,44985953.429,223110.07842,12459960.048,0.0,0.0,0.0,2439111.8775,-35321753.389,-139520.66545,-1300380.6671,0.0,0.0,71700.377227,0.0,0.0,0.0,0.0,-554462.16367,0.0,0.0,0.0,-7.9002810053e-08,1.9825453581e-08,-4.3699337518e-09,1.0120891688e-07,0.0,0.0,-2.7866017951e-07,0.0,0.0,0.0,0.0,-1.4492417562e-08,0.24383885751,0.016838072759,0.078915287862,0.02866190219
c5a,ok,,5.6644671774,144668046.62,433039.85507,1267014.6716,44761368.952,342395.92358,12365942.363,0.0,0.0,0.0,333086.96747,-35479747.856,354379.90826,-16305.349551,0.0,0.0,123810.01894,0.0,0.0,0.0,0.0,-185625.31825,0.0,0.0,0.0,-7.0365969991e-10,1.9828173812e-08,-6.5058351725e-09,2.6296533674e-09,0.0,0.0,-2.2587640757e-07,0.0,0.0,0.0,0.0,2.4547653151e-08,0.2452493739,0.0023024225132,0.097813486798,0.0011387447131
c5b,ok,,5.6534171328,144385833.25,353666.46916,1035012.7676,44794902.279,276570.5494,12326068.151,0.0,0.0,0.0,1134728.7282,-35434692.199,263610.36862,-524873.35513,0.0,0.0,99349.195704,0.0,0.0,0.0,0.0,-355167.14528,0.0,0.0,0.0,-2.289415498e-08,1.9768726874e-08,-9.1277922679e-09,3.4778840663e-08,0.0,0.0,-2.7983788194e-07,0.0,0.0,0.0,0.0,2.24949158e-08,0.24541668252,0.0078590032188,0.098969275644,0.012300109779
c5c,ok,,5.6512333407,144330060.14,332683.83934,978205.85051,44799871.255,260085.04516,12317745.474,0.0,0.0,0.0,1362635.4804,-35428130.227,230806.74843,-676245.76464,0.0,0.0,93902.335078,0.0,0.0,0.0,0.0,-401570.93737,0.0,0.0,0.0,-3.1158492934e-08,1.9758729456e-08,-9.9373665037e-09,4.6915813583e-08,0.0,0.0,-2.992434354e-07,0.0,0.0,0.0,0.0,2.0941721319e-08,0.24546605324,0.0094411065795,0.099553454986,0.015608132989
c5d,ok,,5.6521713526,144354016.56,323826.79414,956840.24442,44812882.547,254020.43065,12325167.469,0.0,0.0,0.0,1366142.1545,-35397852.271,182290.88631,-682877.53335,0.0,0.0,83721.570934,0.0,0.0,0.0,0.0,-387359.34351,0.0,0.0,0.0,-3.3154529934e-08,1.9755032486e-08,-8.6080008138e-09,4.8193707108e-08,0.0,0.0,-2.7916036274e-07,0.0,0.0,0.0,0.0,1.6723928841e-08,0.24521556874,0.0094638319536,0.090399605317,0.01560641367
c5e,ok,,5.6574470136,144488754.66,272800.39479,850974.00637,44842579.747,222095.41643,12355150.368,0.0,0.0,0.0,1349124.014,-35237975.054,-103925.45596,-728844.51074,0.0,0.0,30907.260315,0.0,0.0,0.0,0.0,-294799.80367,0.0,0.0,0.0,-4.5082997229e-08,1.9864208762e-08,6.8777001204e-10,5.9288471811e-08,0.0,0.0,-1.2586020501e-07,0.0,0.0,0.0,0.0,-1.2472602277e-08,0.24388039842,0.0093372250117,0.034334713614,0.016173918516
cal1215j,ok,,5.6324172254,143849504.68,318483.88416,1059306.8637,44531390.521,264630.25599,12163333.842,0.0,0.0,0.0,2207915.7038,-34802942.832,-225521.45779,-1252574.1386,0.0,0.0,17848.142811,0.0,0.0,0.0,0.0,-469703.31423,0.0,0.0,0.0,-6.284583441e-08,2.0224661076e-08,3.823494297e-09,8.8147725967e-08,0.0,0.0,-3.4099525426e-08,0.0,0.0,0.0,0.0,-2.0032307535e-08,0.241939956,0.015348789061,0.010860149306,0.028073630145
cal2263m,ok,,5.6469159455,144219795.73,334787.3492,1127977.4101,44567429.754,281661.30652,12237381.609,0.0,0.0,0.0,3465601.402,-34872894.34,-360951.08383,-1916638.2876,0.0,0.0,59241.805311,0.0,0.0,0.0,0.0,-733314.93445,0.0,0.0,0.0,-9.2652516803e-08,2.0553544144e-08,2.2377720785e-09,1.2752678369e-07,0.0,0.0,-1.157606397e-07,0.0,0.0,0.0,0.0,-3.0370413411e-08,0.2418037979,0.024029997993,0.038755197708,0.042694353864
cal4014l,ok,,5.5286381838,141199032.75,192829.52649,759587.91521,43830791.073,170120.34829,11530897.524,0.0,0.0,0.0,1360909.5177,-33106686.989,-722424.85901,-963548.5595,0.0,0.0,-37738.45421,0.0,0.0,0.0,0.0,-116040.02123,0.0,0.0,0.0,-8.0907439635e-08,2.1765478267e-08,3.0172944034e-08,1.2006994934e-07,0.0,0.0,3.6600665291e-07,0.0,0.0,0.0,0.0,-1.0351032318e-07,0.23446822789,0.0096382354128,-0.070576889572,0.023153031476
cap21c,ok,,5.7262644559,146246322.44,384506.55741,1506511.4301,44890808.719,347290.86822,12680663.125,0.0,0.0,0.0,519193.69076,-34123442.348,-191120.73191,-280621.42029,0.0,0.0,-196711.42315,0.0,0.0,0.0,0.0,-63789.616845,0.0,0.0,0.0,-1.3260854092e-08,1.8460708428e-08,5.1528473957e-09,1.7712591256e-08,0.0,0.0,3.4164496727e-07,0.0,0.0,0.0,0.0,-1.3023314353e-08,0.23332854994,0.0035501316007,-0.13136473022,0.0068106074865
cast102,ok,,5.6595833728,144543316.36,369265.60424,1085170.9392,44766126.167,293377.5755,12344896.657,0.0,0.0,0.0,1608873.4362,-35628167.401,-13979.203864,-702102.16861,0.0,0.0,125458.69722,0.0,0.0,0.0,0.0,-397720.06005,0.0,0.0,0.0,-3.7861539954e-08,1.9963244934e-08,-4.602766161e-09,4.2375309887e-08,0.0,0.0,-3.1253891368e-07,0.0,0.0,0.0,0.0,3.1817764298e-10,0.24648782316,0.011130735594,0.11540987081,0.01564774441
ch10sm,ok,,5.7965950279,148042534.89,352240.67337,2065118.7805,44342677.258,436648.11555,12844467.696,0.0,0.0,0.0,10158195.731,-35851194.507,-211584.65866,-5409985.6414,0.0,0.0,163051.35501,0.0,0.0,0.0,0.0,-2393907.1603,0.0,0.0,0.0,-1.5999339254e-07,1.96775975e-08,-2.0647188026e-08,3.4547361119e-07,0.0,0.0,-1.8865785851e-07,0.0,0.0,0.0,0.0,-1.1782952265e-08,0.24216820209,0.068616737338,0.066452971117,0.12168985743
chen,ok,,5.7749447776,147489596.84,321602.4422,1411190.1016,44775405.488,319083.12435,12859025.029,0.0,0.0,0.0,5473994.7534,-34859001.596,-2354890.2879,-3264379.6131,0.0,0.0,124263.65785,0.0,0.0,0.0,0.0,-548901.65165,0.0,0.0,0.0,-1.5882073698e-07,2.7675401829e-08,4.5153810227e-08,2.32898708e-07,0.0,0.0,1.0527246763e-07,0.0,0.0,0.0,0.0,-1.8153866177e-07,0.23634888387,0.037114446515,-0.033855882686,0.074900793279
clarkk,ok,,5.6632286418,144636414.95,328454.463,1113332.8245,44674891.102,277963.90401,12338234.534,0.0,0.0,0.0,3105321.0317,-35290279.666,-258907.38354,-1767437.3435,0.0,0.0,39188.226899,0.0,0.0,0.0,0.0,-680049.17017,0.0,0.0,0.0,-8.2759257022e-08,2.0296873833e-08,2.0858447669e-09,1.1999502185e-07,0.0,0.0,-7.915116407e-08,0.0,0.0,0.0,0.0,-2.2634691406e-08,0.24399304751,0.021469842382,0.025997553091,0.039412900464
clarkx,ok,,5.6650119285,144681959.32,331594.09543,1120335.0391,44705096.563,280099.83688,12353953.423,0.0,0.0,0.0,3161039.1474,-35280595.726,-212507.01154,-1780983.9413,0.0,0.0,38308.712445,0.0,0.0,0.0,0.0,-705940.74391,0.0,0.0,0.0,-8.2571070054e-08,2.0172753741e-08,1.0528724133e-09,1.1976329572e-07,0.0,0.0,-8.0328793118e-08,0.0,0.0,0.0,0.0,-1.8748579567e-08,0.24384930845,0.021848191455,0.026636553491,0.039712801712
clarkw,ok,,5.6694384235,144795010.1,319965.37537,1091961.2118,44743157.898,269462.93195,12384077.008,0.0,0.0,0.0,3467866.0796,-35238303.996,-347798.42725,-1993710.9466,0.0,0.0,52398.6658,0.0,0.0,0.0,0.0,-739239.3111,0.0,0.0,0.0,-9.6512068912e-08,2.0469230759e-08,2.4403097486e-09,1.3844965549e-07,0.0,0.0,-1.056065974e-07,0.0,0.0,0.0,0.0,-3.1382300607e-08,0.24336683959,0.023950176718,0.033790454579,0.044299095989
clarkv,ok,,5.6639736643,144655442.51,350827.48166,1132260.5109,44721852.995,289187.69309,12354310.262,0.0,0.0,0.0,3428635.874,-35424508.504,-127190.76898,-1832706.6841,0.0,0.0,80690.49237,0.0,0.0,0.0,0.0,-803008.77392,0.0,0.0,0.0,-8.4470674412e-08,2.0072745827e-08,-5.238869748e-09,1.1627044456e-07,0.0,0.0,-1.9001054985e-07,0.0,0.0,0.0,0.0,-1.0251590622e-08,0.24488887449,0.023702086936,0.066660922693,0.040790867258
clarky,ok,,5.674561691,144925856.14,334896.8767,1137056.0416,44771563.302,284293.76502,12414351.942,0.0,0.0,0.0,3307150.6697,-35225728.611,-325885.19813,-1879280.1867,0.0,0.0,38961.898507,0.0,0.0,0.0,0.0,-705530.14324,0.0,0.0,0.0,-8.7032830646e-08,2.0269478137e-08,3.6253953271e-09,1.2486022883e-07,0.0,0.0,-6.6389247333e-08,0.0,0.0,0.0,0.0,-2.7854363008e-08,0.24306034513,0.022819604161,0.022233551578,0.04181530066
clarkyh,ok,,5.6553084086,144434135.62,336198.13015,1105375.6669,44657827.888,278397.89068,12297954.022,0.0,0.0,0.0,6443702.1523,-35277400.314,-1494342.4722,-2890222.5711,0.0,0.0,116206.82159,0.0,0.0,0.0,0.0,-1148451.7452,0.0,0.0,0.0,-1.9040142398e-07,2.6479232413e-08,2.6927129532e-08,1.9097966086e-07,0.0,0.0,-5.2096762757e-08,0.0,0.0,0.0,0.0,-1.2424892186e-07,0.24424558753,0.044613429677,0.017514834226,0.064207004876
clarkys,ok,,5.646284819,144203677.03,332573.52075,1094156.0169,44573805.114,274772.61286,12234428.174,0.0,0.0,0.0,1481539.2278,-34917121.034,-1116374.3368,-1160929.7916,0.0,0.0,50370.365363,0.0,0.0,0.0,0.0,-28798.899561,0.0,0.0,0.0,-6.1127766687e-08,2.1455951619e-08,2.1395933509e-08,7.6899930218e-08,0.0,0.0,-5.8429782428e-08,0.0,0.0,0.0,0.0,-9.8146393796e-08,0.2421375221,0.010273935161,0.019432198459,0.025574880538
clarkysm,ok,,5.6616759004,144596758.61,337125.18646,1141999.0526,44674876.451,284627.9942,12331264.909,0.0,0.0,0.0,3473771.7707,-34969013.297,-402006.07804,-1943281.2847,0.0,0.0,47531.969985,0.0,0.0,0.0,0.0,-721636.68685,0.0,0.0,0.0,-9.2558285753e-08,2.0502837844e-08,4.5035889724e-09,1.2833566125e-07,0.0,0.0,-7.8030389234e-08,0.0,0.0,0.0,0.0,-3.3749240873e-08,0.24183815484,0.024023856441,0.02630600952,0.043265183729
clarkz,ok,,5.6845874773,145181910.39,335925.99431,1163496.4482,44792606.775,288670.11634,12465025.732,0.0,0.0,0.0,3955580.686,-35207989.381,-531538.91332,-2212757.4264,0.0,0.0,51329.948034,0.0,0.0,0.0,0.0,-800451.75967,0.0,0.0,0.0,-1.0507119893e-07,2.0797337551e-08,7.0471373606e-09,1.4631654278e-07,0.0,0.0,-6.4128324181e-08,0.0,0.0,0.0,0.0,-4.4136095819e-08,0.24250947853,0.027245685605,0.021542371064,0.049151530116
clarym15,ok,,5.7250488386,146215276.09,542310.91224,1756448.4864,44855832.838,456643.35121,12664900.256,0.0,0.0,0.0,3493330.2698,-35215931.531,-430597.72978,-1929589.492,0.0,0.0,61865.772512,0.0,0.0,0.0,0.0,-712692.19719,0.0,0.0,0.0,-5.767340881e-08,1.9605180341e-08,3.5188148402e-09,7.8893557576e-08,0.0,0.0,-4.5495739182e-08,0.0,0.0,0.0,0.0,-2.2249412881e-08,0.24084987883,0.023891691506,0.024672835819,0.042784837179
clarym18,ok,,5.7800294754,147619457.82,775352.33248,2439233.5892,44935749.341,654764.3521,12937741.563,0.0,0.0,0.0,3535735.2378,-35144840.634,-429349.03615,-1911530.803,0.0,0.0,88211.693799,0.0,0.0,0.0,0.0,-711693.97678,0.0,0.0,0.0,-4.0232670088e-08,1.880829377e-08,2.3539841901e-09,5.4516276111e-08,0.0,0.0,-3.6980008919e-08,0.0,0.0,0.0,0.0,-1.5356114967e-08,0.23807729111,0.023951688279,0.028672536171,0.042269321841
coanda1,ok,,5.5880479399,142716332.28,96850.140022,363113.86949,44470377.199,81601.939105,11951733.306,0.0,0.0,0.0,4350633.7543,-35168686.576,-817063.01402,-2202729.6838,0.0,0.0,66909.028568,0.0,0.0,0.0,0.0,-839698.98517,0.0,0.0,0.0,-4.3215343962e-07,2.903247765e-08,1.4385798268e-08,4.9780367487e-07,0.0,0.0,-7.5111861778e-07,0.0,0.0,0.0,0.0,-2.3828970174e-07,0.24642369948,0.030484484045,0.072745943305,0.048212355615
coanda2,ok,,5.5925983439,142832547.63,98823.338504,382574.64665,44491072.232,84772.566356,11977632.707,0.0,0.0,0.0,4425557.8387,-35174728.15,-943778.21472,-2266468.355,0.0,0.0,60285.973768,0.0,0.0,0.0,0.0,-825080.84583,0.0,0.0,0.0,-4.295376077e-07,3.0070750105e-08,3.9245336722e-08,5.0888332897e-07,0.0,0.0,-3.2217479834e-07,0.0,0.0,0.0,0.0,-2.6077206648e-07,0.24626549574,0.030984239322,0.031838389154,0.050289549478
coanda3,ok,,5.5933519427,142851794.22,147197.91144,506222.15601,44463682.815,120532.11579,11974307.538,0.0,0.0,0.0,4474774.3016,-35176773.657,-875370.01639,-2252832.4915,0.0,0.0,85855.193837,0.0,0.0,0.0,0.0,-857247.94322,0.0,0.0,0.0,-3.015172073e-07,2.6736237445e-08,1.158016661e-08,3.3338297559e-07,0.0,0.0,-5.5652433095e-07,0.0,0.0,0.0,0.0,-1.6950883414e-07,0.24624663519,0.031324592918,0.081919219182,0.049073277717
cootie,ok,,5.667935169,144756617.63,181831.18565,799242.80565,44695204.886,177448.78213,12362924.637,0.0,0.0,0.0,6119046.6343,-35646512.739,-1217985.5556,-3390142.1357,0.0,0.0,134216.04127,0.0,0.0,0.0,0.0,-1149730.782,0.0,0.0,0.0,-2.7809842524e-07,2.7974874956e-08,1.2708288782e-08,4.0963151266e-07,0.0,0.0,-2.8714486032e-07,0.0,0.0,0.0,0.0,-1.6277464388e-07,0.24625135157,0.042271273912,0.052211890405,0.074483783627
cr1,ok,,5.696934336,145497243.83,378751.17352,1383369.2453,44704199.564,335199.86293,12497019.788,0.0,0.0,0.0,4353082.5862,-34937944.099,-502003.27693,-2568592.3308,0.0,0.0,55542.260416,0.0,0.0,0.0,0.0,-891915.26113,0.0,0.0,0.0,-9.8034704077e-08,2.0421194095e-08,5.201119352e-09,1.5115016831e-07,0.0,0.0,-5.0941942887e-08,0.0,0.0,0.0,0.0,-3.6615239545e-08,0.24012787582,0.029918660117,0.01929432065,0.057248303627
cr001sm,ok,,5.6099341177,143275295.81,119661.86998,532762.81644,44497288.133,115322.61053,12055185.436,0.0,0.0,0.0,4054874.4612,-35059730.044,-213557.76694,-2207051.1384,0.0,0.0,15927.613658,0.0,0.0,0.0,0.0,-931139.36885,0.0,0.0,0.0,-2.5615706292e-07,2.1597241663e-08,4.8617287597e-09,4.1410663429e-07,0.0,0.0,-8.3682027466e-08,0.0,0.0,0.0,0.0,-4.3946452322e-08,0.24470185069,0.028301281377,0.01001354789,0.049552774228
curtisc72,ok,,5.6722074468,144865729.74,303243.01601,1097193.5706,44722101.524,266064.3634,12390082.548,0.0,0.0,0.0,6339056.4448,-35360476.317,-1776975.4676,-3230171.5431,0.0,0.0,126319.30977,0.0,0.0,0.0,0.0,-1050866.551,0.0,0.0,0.0,-2.0095297753e-07,2.7797958896e-08,3.6699864733e-08,2.3883776728e-07,0.0,0.0,6.7090418459e-09,0.0,0.0,0.0,0.0,-1.5059413139e-07,0.24409138297,0.04375815078,-0.0020344700839,0.072425884886
dae11,ok,,5.6734942845,144898595.04,337392.38511,1533251.9065,44140341.082,347301.23353,12236861.051,0.0,0.0,0.0,6189197.6617,-34444161.78,-781586.00946,-3536192.259,0.0,0.0,81873.048488,0.0,0.0,0.0,0.0,-1236809.88,0.0,0.0,0.0,-1.3605485835e-07,2.2040825376e-08,8.5775478793e-09,2.368647132e-07,0.0,0.0,-3.7176438677e-08,0.0,0.0,0.0,0.0,-5.5163438721e-08,0.23771218604,0.042713993604,0.012543047315,0.079916350533
dae21,ok,,5.6618205741,144600453.51,291840.92477,1385266.5438,44162317.108,304438.38493,12192894.424,0.0,0.0,0.0,6225550.607,-34242462.864,-674436.74626,-3538748.6952,0.0,0.0,68863.181203,0.0,0.0,0.0,0.0,-1273393.9833,0.0,0.0,0.0,-1.5419404269e-07,2.1968027821e-08,8.0955169651e-09,2.7407590488e-07,0.0,0.0,-3.6617524986e-08,0.0,0.0,0.0,0.0,-5.4111937044e-08,0.23680743754,0.043053465296,0.010686492355,0.079986565537
dae31,ok,,5.6777397797,145007023.15,274325.75268,1325077.3976,44324994.977,287933.64829,12308430.956,0.0,0.0,0.0,6529789.4321,-34528168.087,-479561.33313,-3660921.0358,0.0,0.0,72866.034444,0.0,0.0,0.0,0.0,-1412372.4318,0.0,0.0,0.0,-1.6594326356e-07,2.1269161634e-08,6.3427459404e-10,3.0012187546e-07,0.0,0.0,-9.1468265465e-08,0.0,0.0,0.0,0.0,-4.0197474166e-08,0.23811376399,0.045030849473,0.02509210077,0.082331159382
dae51,ok,,5.6479085582,144245146.63,196160.75058,773786.36927,44661101.307,181762.39028,12265035.241,0.0,0.0,0.0,3917521.415,-35411620.997,-334481.42262,-2216393.3965,0.0,0.0,26419.65864,0.0,0.0,0.0,0.0,-864315.47404,0.0,0.0,0.0,-1.6013765161e-07,2.1289262455e-08,6.4744654295e-09,2.5252107604e-07,0.0,0.0,-6.4688645368e-08,0.0,0.0,0.0,0.0,-4.3699721771e-08,0.24549610038,0.027158774534,0.012689373229,0.049534723814
davis,ok,,5.6352301133,143921344.62,301863.34384,1055009.5202,44473850.972,258126.25101,12160976.392,0.0,0.0,0.0,3574938.0715,-35050131.628,-290080.33901,-1984906.1303,0.0,0.0,47391.928304,0.0,0.0,0.0,0.0,-785817.47662,0.0,0.0,0.0,-1.0280522898e-07,2.0744081656e-08,1.3782632945e-09,1.4715218741e-07,0.0,0.0,-1.0815294698e-07,0.0,0.0,0.0,0.0,-2.7017962513e-08,0.24353671598,0.024839526625,0.032647410223,0.044419851345
davis_corrected,ok,,5.7000451436,145576692.52,526384.70951,1762891.4256,44640813.559,451538.42626,12491371.553,0.0,0.0,0.0,2027091.0195,-34711229.441,-709166.83047,-1212785.204,0.0,0.0,-4672.652022,0.0,0.0,0.0,0.0,-268889.65975,0.0,0.0,0.0,-3.9894211327e-08,1.977927815e-08,9.7179400847e-09,5.2035218257e-08,0.0,0.0,2.5796188466e-08,0.0,0.0,0.0,0.0,-3.8020592296e-08,0.23843947023,0.013924557458,-0.013578719172,0.027390543247
davissm,ok,,5.6759732814,144961907.55,96987.011412,636090.88593,44792834.061,118130.95021,12425073.497,0.0,0.0,0.0,5657870.0723,-36124491.564,-385036.76041,-3261297.1053,0.0,0.0,106929.31441,0.0,0.0,0.0,0.0,-1292012.8356,0.0,0.0,0.0,-3.5038811777e-07,2.3383910517e-08,-7.8231448968e-08,7.397668293e-07,0.0,0.0,-1.2787177971e-06,0.0,0.0,0.0,0.0,-8.0343994903e-08,0.24919989103,0.039030047052,0.12401901758,0.071747773916
daytonwright6,ok,,5.706988442,145754021.36,453933.56319,1567895.6444,44696114.523,392175.31999,12540469.773,0.0,0.0,0.0,7281529.626,-35174454.11,-1863709.9333,-3702530.3472,0.0,0.0,208917.13683,0.0,0.0,0.0,0.0,-1215304.1824,0.0,0.0,0.0,-1.5373223446e-07,2.5937448059e-08,2.0389788801e-08,1.7964052276e-07,0.0,0.0,-7.6089215169e-08,0.0,0.0,0.0,0.0,-1.1019159624e-07,0.24132750357,0.049957658513,0.034539448562,0.081544862592
dbln526,ok,,5.9695153225,152458844.57,1964350.4829,5172627.1519,45544324.721,1570143.8671,14006975.494,0.0,0.0,0.0,4533542.2298,-38114768.207,-13.174702376,-2041428.2614,0.0,0.0,1293166.2711,0.0,0.0,0.0,0.0,-1133388.5041,0.0,0.0,0.0,-1.893848649e-08,1.7848275007e-08,-5.7045174707e-09,2.2818136665e-08,0.0,0.0,-1.2726940601e-07,0.0,0.0,0.0,0.0,5.6823033629e-14,0.2500003743,0.02973617072,0.25000171916,0.044822817778
daytonwrightt1,ok,,5.717997793,146035195.43,457843.81962,1538431.4879,44854691.28,389317.35556,12633002.993,0.0,0.0,0.0,7478638.6922,-35471872.482,-1945587.1769,-3758917.2188,0.0,0.0,225022.99735,0.0,0.0,0.0,0.0,-1256713.0175,0.0,0.0,0.0,-1.5892318799e-07,2.6323670432e-08,2.1010369711e-08,1.7959737212e-07,0.0,0.0,-8.7369109524e-08,0.0,0.0,0.0,0.0,-1.1383006335e-07,0.24289947623,0.051211207477,0.040001406821,0.082227546844
defcnd1,ok,,5.8095052799,148372257.17,857548.9504,2978827.0684,44590664.872,781903.88428,12969788.395,0.0,0.0,0.0,4092632.8174,-34655878.892,-801686.94696,-2292477.7099,0.0,0.0,-12498.650883,0.0,0.0,0.0,0.0,-702297.39865,0.0,0.0,0.0,-4.110484511e-08,1.882057229e-08,7.1236981571e-09,6.0350735352e-08,0.0,0.0,2.1025853783e-08,0.0,0.0,0.0,0.0,-2.5010491404e-08,0.23357384697,0.027583544898,-0.018030698843,0.051753709757
defcnd2,ok,,5.685646069,145208946.37,494952.72109,1642375.5012,44541972.586,423540.29336,12401831.027,0.0,0.0,0.0,3549821.3968,-34967315.637,-797135.11624,-1994324.929,0.0,0.0,90981.663365,0.0,0.0,0.0,0.0,-616983.58972,0.0,0.0,0.0,-6.8600546529e-08,2.0740541364e-08,7.8927915956e-09,8.9274403394e-08,0.0,0.0,-6.7979510071e-08,0.0,0.0,0.0,0.0,-4.5279381484e-08,0.24080689594,0.024446299526,0.033646643488,0.044186608884
defcnd3,ok,,5.6503639925,144307857.36,293143.43305,974058.06668,44726597.852,242268.38424,12294075.831,0.0,0.0,0.0,2428753.9951,-34779496.977,-605204.3842,-1260762.0288,0.0,0.0,45.993521016,0.0,0.0,0.0,0.0,-412163.5995,0.0,0.0,0.0,-8.3469742037e-08,2.0783728158e-08,1.558554503e-08,9.6982771472e-08,0.0,0.0,5.9584330629e-08,0.0,0.0,0.0,0.0,-5.8146729151e-08,0.24100903176,0.016830365577,-0.017466755237,0.028429862576
df101,ok,,5.6204625904,143544188.46,280653.05138,948313.75821,44489781.655,233521.38311,12099801.194,0.0,0.0,0.0,2209694.0734,-34729092.412,-248785.56123,-1245837.8623,0.0,0.0,8928.6190436,0.0,0.0,0.0,0.0,-463978.97227,0.0,0.0,0.0,-7.1966235877e-08,2.0416200705e-08,5.6904351357e-09,9.9739210235e-08,0.0,0.0,-7.370527059e-09,0.0,0.0,0.0,0.0,-2.4998418174e-08,0.24194007981,0.015393824697,0.0020685609094,0.027992113694
df102,ok,,5.6277188494,143729510.18,284757.40865,958513.03659,44550491.794,235950.75589,12147889.472,0.0,0.0,0.0,2249878.5565,-34679065.13,-319594.37709,-1246455.0085,0.0,0.0,3973.9914828,0.0,0.0,0.0,0.0,-453814.08948,0.0,0.0,0.0,-7.3833800016e-08,2.0404166832e-08,7.9942090951e-09,9.8389483928e-08,0.0,0.0,1.8201491309e-08,0.0,0.0,0.0,0.0,-3.1063263821e-08,0.24128006201,0.015653560313,-0.0051830094988,0.028017134482
dfvlrr4,ok,,5.6916846935,145363170.23,412702.96189,1298372.1268,44821561.84,345392.92512,12502166.007,0.0,0.0,0.0,1675653.9524,-35624714.719,503241.05881,-497131.50507,0.0,0.0,47318.814156,0.0,0.0,0.0,0.0,-565387.72665,0.0,0.0,0.0,-2.4587864662e-08,1.9301250538e-08,-9.7876403159e-09,2.7986834658e-08,0.0,0.0,-9.8712473962e-08,0.0,0.0,0.0,0.0,3.5832099449e-08,0.24507387024,0.011527362465,0.040738930379,0.011550249557
dga1138,ok,,5.6208907926,143555124.56,142986.6275,472829.99552,44725772.132,115012.87125,12162871.011,0.0,0.0,0.0,4258276.5272,-35685989.57,-882275.15083,-2136200.493,0.0,0.0,79518.565046,0.0,0.0,0.0,0.0,-811624.03652,0.0,0.0,0.0,-3.0168327619e-07,2.6574027276e-08,1.6185838437e-08,3.2326257528e-07,0.0,0.0,-5.5241524464e-07,0.0,0.0,0.0,0.0,-1.7651871637e-07,0.24858736099,0.029663006043,0.07898799281,0.046222225436
dga1182,ok,,5.6008435402,143043126.39,114490.06682,353739.20571,44542787.273,90955.224998,12025091.203,0.0,0.0,0.0,876910.95499,-35494329.801,-153447.43119,-429038.17336,0.0,0.0,21027.22678,0.0,0.0,0.0,0.0,-176054.12083,0.0,0.0,0.0,-7.6823530018e-08,2.0900593793e-08,5.1811580455e-09,8.2468099872e-08,0.0,0.0,-4.8269489866e-07,0.0,0.0,0.0,0.0,-3.797975553e-08,0.2481372625,0.0061303956167,0.055263771202,0.0094417782651
dh4009sm,ok,,5.5963161799,142927499.56,186981.46339,557176.09975,44514585.534,148301.41711,11998682.382,0.0,0.0,0.0,113682.31945,-35414822.738,-16398.94071,15594.422728,0.0,0.0,66716.657036,0.0,0.0,0.0,0.0,-23171.204464,0.0,0.0,0.0,-6.059147849e-09,2.0653271903e-08,9.1379662814e-10,-2.1094996845e-09,0.0,0.0,-6.4044314131e-07,0.0,0.0,0.0,0.0,-2.8083266082e-09,0.24778172743,0.00079538451176,0.11975099578,-0.00039443733802
dormoy,ok,,5.5895410669,142754466.1,183964.42419,651309.97665,44328761.05,157050.23167,11922101.387,0.0,0.0,0.0,4557532.5202,-35050302.05,-1563504.4248,-2387567.5012,0.0,0.0,101595.81935,0.0,0.0,0.0,0.0,-689525.45366,0.0,0.0,0.0,-2.5933422417e-07,2.9976074146e-08,4.6521296649e-08,2.8806094549e-07,0.0,0.0,-1.4402120964e-07,0.0,0.0,0.0,0.0,-2.2937738556e-07,0.24552858491,0.031925673814,0.026494778902,0.052992965967
doa5,ok,,5.7055870699,145718230.92,603753.09564,1872168.6902,44617669.426,503745.41623,12510655.461,0.0,0.0,0.0,2611497.9798,-35212874.603,276426.40713,-1015198.2724,0.0,0.0,111381.16135,0.0,0.0,0.0,0.0,-717101.04889,0.0,0.0,0.0,-3.2276086992e-08,1.9094559377e-08,-5.7184669328e-09,3.8332874434e-08,0.0,0.0,-1.0409929071e-07,0.0,0.0,0.0,0.0,1.3651044617e-08,0.24165043989,0.017921559734,0.062850269019,0.023143591605
drgnfly,ok,,5.7753550953,147500076.17,759355.47106,2725768.683,44231625.744,713131.55701,12710463.427,0.0,0.0,0.0,5903294.9163,-35203493.533,-1075576.9563,-3360662.9267,0.0,0.0,217846.27534,0.0,0.0,0.0,0.0,-1072440.0426,0.0,0.0,0.0,-6.4940122025e-08,2.0511664161e-08,4.0059170955e-09,9.8521372663e-08,0.0,0.0,-6.5700132893e-08,0.0,0.0,0.0,0.0,-3.7122322117e-08,0.23866762951,0.040022317747,0.049889755362,0.074812743348
ds19,ok,,5.573466897,142343938.74,155991.38937,561847.7498,44307632.885,132385.19509,11846508.8,0.0,0.0,0.0,2053518.1785,-34366139.391,-141379.44978,-1087647.6815,0.0,0.0,-11738.188834,0.0,0.0,0.0,0.0,-454890.98259,0.0,0.0,0.0,-1.1526683841e-07,2.0777985138e-08,9.9539635324e-09,1.57920665e-07,0.0,0.0,1.7352815212e-07,0.0,0.0,0.0,0.0,-2.6073110324e-08,0.2414302969,0.014426453256,-0.027068897544,0.024634263944
ds21,ok,,5.5738403353,142353476.19,161345.88331,572153.95842,44313948.401,135821.06372,11849724.371,0.0,0.0,0.0,1823467.8977,-34357153.343,-140988.06708,-971944.59772,0.0,0.0,-12168.154853,0.0,0.0,0.0,0.0,-399090.2552,0.0,0.0,0.0,-1.0045914726e-07,2.0715532614e-08,9.2004815713e-09,1.3646605762e-07,0.0,0.0,1.6530785694e-07,0.0,0.0,0.0,0.0,-2.547810657e-08,0.24135099656,0.012809437089,-0.026671742196,0.022018236609
dsma523b,ok,,5.7121416907,145885633.11,291935.17141,946934.74585,45123122.252,244318.89883,12674954.83,0.0,0.0,0.0,854527.71239,-35867941.293,811977.23072,-56560.24318,0.0,0.0,1360.9512141,0.0,0.0,0.0,0.0,-458364.69407,0.0,0.0,0.0,-4.2544221267e-09,1.9321807216e-08,-1.9014285113e-08,4.4499242319e-09,0.0,0.0,-8.6031513511e-09,0.0,0.0,0.0,0.0,8.0170858915e-08,0.24586342417,0.0058575179351,0.0025115624643,0.0012990893934
du-80-141,ok,,5.6874863534,145255946.46,388308.04831,1397644.2176,44612605.748,348520.4867,12425840.032,0.0,0.0,0.0,3390306.3481,-35106147.598,127015.68139,-1554972.09,0.0,0.0,-43087.763567,0.0,0.0,0.0,0.0,-860236.42783,0.0,0.0,0.0,-6.4688891878e-08,1.9237717555e-08,4.402406971e-10,8.9559131331e-08,0.0,0.0,7.1234746601e-08,0.0,0.0,0.0,0.0,9.4329907926e-09,0.24168475339,0.023340224141,-0.027661025424,0.034776531495
du-80-176-v1,ok,,5.7182885992,146042622.5,661579.83917,2154772.581,44405035.21,578530.33532,12507231.967,0.0,0.0,0.0,3305375.6192,-35260602.148,-122098.15511,-1494438.1139,0.0,0.0,111231.69034,0.0,0.0,0.0,0.0,-757237.61974,0.0,0.0,0.0,-4.0482878209e-08,1.9436392248e-08,-1.242619292e-09,5.0663984617e-08,0.0,0.0,-7.5143854545e-08,0.0,0.0,0.0,0.0,-5.6405388788e-09,0.24144048871,0.022632951687,0.049713659205,0.033518270795
du84132v,ok,,5.6695982683,144799092.46,421056.75895,1408953.506,44560246.306,360176.05687,12335379.357,0.0,0.0,0.0,3323734.4625,-34887164.757,-9814.8013874,-1595038.1475,0.0,0.0,26034.386982,0.0,0.0,0.0,0.0,-797108.06392,0.0,0.0,0.0,-6.3930666482e-08,1.9551183486e-08,-1.3931459354e-09,8.5002980597e-08,0.0,0.0,-4.329218722e-08,0.0,0.0,0.0,0.0,-8.3184106085e-10,0.24093496833,0.022954111148,0.018228468039,0.035791079511
du8608418,ok,,5.5605129356,142013100.16,183146.59344,588117.6987,44204183.994,146841.40432,11764074.577,0.0,0.0,0.0,991399.7241,-34467418.66,-266338.0966,-622420.76895,0.0,0.0,40475.599279,0.0,0.0,0.0,0.0,-165885.46611,0.0,0.0,0.0,-5.8039391437e-08,2.1000671887e-08,5.57223199e-09,7.4829992343e-08,0.0,0.0,-3.4094620865e-07,0.0,0.0,0.0,0.0,-4.3262013943e-08,0.24270590968,0.0069810441642,0.062443136662,0.013704858185
du861372,ok,,5.6391427037,144021270.49,412322.87427,1305883.3328,44359117.66,343672.92815,12140989.799,0.0,0.0,0.0,28907.735922,-34902051.955,-57353.835412,12597.879763,0.0,0.0,75534.23605,0.0,0.0,0.0,0.0,10171.49361,0.0,0.0,0.0,-1.5816733481e-09,1.9962724296e-08,1.0404351189e-09,-8.7019165514e-10,0.0,0.0,-1.4031203638e-07,0.0,0.0,0.0,0.0,-4.1166831005e-09,0.2423395644,0.00020071851764,0.057853862133,-0.00035879992442
e1098,ok,,5.7082688358,145786722.07,714705.06536,2417221.5287,44139740.65,636294.65006,12388724.842,0.0,0.0,0.0,3770273.6143,-34862476.266,42850.721911,-1826579.3262,0.0,0.0,98955.105772,0.0,0.0,0.0,0.0,-917046.39368,0.0,0.0,0.0,-4.0175323151e-08,1.9252439418e-08,-2.8167523169e-09,5.7957105262e-08,0.0,0.0,-5.8305288929e-08,0.0,0.0,0.0,0.0,1.9596900592e-09,0.23913341196,0.025861570662,0.041671085335,0.041422236704
e1200,ok,,5.7037687567,145671791.99,649817.85295,2121897.8118,44416196.348,558920.10763,12447928.469,0.0,0.0,0.0,3790663.5548,-34710404.567,-148676.14362,-1836683.3574,0.0,0.0,99425.976691,0.0,0.0,0.0,0.0,-860820.30271,0.0,0.0,0.0,-4.8009508904e-08,1.9305802273e-08,-1.2099300523e-09,6.3410071563e-08,0.0,0.0,-6.7648402098e-08,0.0,0.0,0.0,0.0,-6.0959550417e-09,0.23827814633,0.026021946343,0.043959139406,0.041204996558
e1210,ok,,5.7466952721,146768116.66,465109.18911,1875812.9603,44684071.261,442356.4484,12714300.077,0.0,0.0,0.0,5037253.6001,-34224883.32,-875043.75266,-2749523.0973,0.0,0.0,-88007.048315,0.0,0.0,0.0,0.0,-905800.35685,0.0,0.0,0.0,-8.8697607453e-08,2.0225620869e-08,2.0686371061e-08,1.3553433387e-07,0.0,0.0,1.6254704438e-07,0.0,0.0,0.0,0.0,-4.7799721513e-08,0.23319017848,0.034321170801,-0.075602124004,0.063038264123
e1212,ok,,5.7476323486,146792049.19,563032.57668,2118745.3042,44667686.057,516360.93824,12713603.684,0.0,0.0,0.0,3106497.97,-34180460.491,-486730.28184,-1685164.128,0.0,0.0,-152074.80526,0.0,0.0,0.0,0.0,-575149.18123,0.0,0.0,0.0,-4.6234739331e-08,1.8856601912e-08,1.0658453912e-08,6.8571466037e-08,0.0,0.0,1.4285802534e-07,0.0,0.0,0.0,0.0,-2.257452483e-08,0.23284953565,0.021162576495,-0.080433722105,0.03860796921
e1211,ok,,5.7687106776,147330380.62,580361.66525,2254133.3846,44665453.519,545750.58647,12808461.925,0.0,0.0,0.0,4420152.8087,-34219878.548,-482957.39472,-2344748.3092,0.0,0.0,-149075.42347,0.0,0.0,0.0,0.0,-878291.95477,0.0,0.0,0.0,-5.9895079388e-08,1.8830218763e-08,1.1907992873e-08,9.1906452771e-08,0.0,0.0,1.3331953476e-07,0.0,0.0,0.0,0.0,-2.1223988583e-08,0.23226627397,0.030001638428,-0.077373547205,0.053338981978
e1212mod,ok,,5.7634843598,147196902.71,562235.44468,2106031.5814,44783395.89,516371.77287,12816558.197,0.0,0.0,0.0,2206369.6774,-34242474.078,-226769.75747,-1349173.202,0.0,0.0,-165754.82684,0.0,0.0,0.0,0.0,-434556.7973,0.0,0.0,0.0,-3.1793627046e-08,1.8346748913e-08,6.8559814268e-09,5.4323174347e-08,0.0,0.0,1.4575143645e-07,0.0,0.0,0.0,0.0,-1.1893406494e-08,0.2326303981,0.014989239832,-0.081946623685,0.030542414085
e1213,ok,,5.7303716923,146351219.46,546038.25936,2008257.3222,44654797.518,491414.2933,12632373.791,0.0,0.0,0.0,1867444.4719,-34202448.747,-525642.23713,-1057390.8627,0.0,0.0,-150445.55194,0.0,0.0,0.0,0.0,-278277.51173,0.0,0.0,0.0,-3.1915383082e-08,1.8902813259e-08,9.5207003562e-09,4.5120372135e-08,0.0,0.0,1.4852516744e-07,0.0,0.0,0.0,0.0,-2.5475727713e-08,0.23370115311,0.012760019894,-0.081100423903,0.024637449463
e1214,ok,,5.7689276973,147335923.2,718657.35269,2532725.9789,44643162.235,644955.7328,12802517.277,0.0,0.0,0.0,2040885.8326,-34327236.269,-618702.57598,-1096002.3996,0.0,0.0,-130554.69904,0.0,0.0,0.0,0.0,-288608.17189,0.0,0.0,0.0,-2.6745907286e-08,1.8593075422e-08,7.5015869774e-09,3.5278010698e-08,0.0,0.0,8.0057392269e-08,0.0,0.0,0.0,0.0,-2.2633979217e-08,0.23298619591,0.013851922791,-0.057533833591,0.025352801776
e1230,ok,,5.7493920838,146836992.07,667065.09523,2166136.647,44792081.899,569638.7198,12756487.275,0.0,0.0,0.0,3572524.0181,-34967435.389,-753511.85652,-1818156.9969,0.0,0.0,44897.466387,0.0,0.0,0.0,0.0,-623766.96261,0.0,0.0,0.0,-5.0135577404e-08,1.9566562404e-08,7.3654185459e-09,6.07017804e-08,0.0,0.0,-9.8953202999e-09,0.0,0.0,0.0,0.0,-3.1236935979e-08,0.23813778052,0.024329863802,0.0066008227782,0.040492038924
e1233,ok,,5.7659689427,147260357.89,776078.21382,2543504.5486,44635069.561,676250.43559,12788551.199,0.0,0.0,0.0,4590508.5197,-34797494.978,-544241.11939,-2156988.6943,0.0,0.0,62824.342432,0.0,0.0,0.0,0.0,-916408.07213,0.0,0.0,0.0,-5.0687205197e-08,1.9148053561e-08,3.9030189064e-09,6.2052416254e-08,0.0,0.0,-1.8497854614e-08,0.0,0.0,0.0,0.0,-1.946345844e-08,0.23629913356,0.031172737765,0.014355781968,0.04815752837
e168,ok,,5.6223288794,143591852.67,299489.17656,1061452.6693,44436984.009,256096.60229,12092992.598,0.0,0.0,0.0,-0.21284209489,-34469162.228,-1.3459762235,0.29388319864,0.0,0.0,-62480.321135,0.0,0.0,0.0,0.0,-0.082420751257,0.0,0.0,0.0,1.6136695647e-14,1.9850303076e-08,2.7586520933e-14,-1.612928882e-14,0.0,0.0,1.9654476816e-07,0.0,0.0,0.0,0.0,4.3110917497e-14,0.24004956817,-1.4822713888e-09,-0.058863030772,-4.8305474273e-09
e169,ok,,5.6488183726,144268382.9,388399.43638,1382370.224,44445971.586,337505.73961,12211494.212,0.0,0.0,0.0,-0.3491163021,-34432409.712,-9.3001316225,1.59234939,0.0,0.0,-80444.049938,0.0,0.0,0.0,0.0,-0.28641630963,0.0,0.0,0.0,2.8581238542e-14,1.9544629657e-08,1.4782396977e-13,-6.089098546e-14,0.0,0.0,1.4982730415e-07,0.0,0.0,0.0,0.0,8.9711060304e-14,0.23866913193,-2.4199086111e-09,-0.058192840484,-2.3650024433e-08
e171,ok,,5.6075731832,143214998.56,316682.85997,1042822.0029,44338273.19,263891.79251,12001919.587,0.0,0.0,0.0,0.21034556267,-34686412.96,-2.5621321888,0.02217425505,0.0,0.0,8899.2438727,0.0,0.0,0.0,0.0,-0.17948823803,0.0,0.0,0.0,4.2640604393e-15,2.0179954127e-08,5.5439881554e-14,-3.1364194251e-15,0.0,0.0,-2.6947492759e-08,0.0,0.0,0.0,0.0,4.0585563433e-14,0.2421981867,1.4687397604e-09,0.0085338090759,-9.932502736e-10
e174,ok,,5.570221873,142261062.22,164816.0868,689477.14319,44102419.391,154010.70075,11778593.737,0.0,0.0,0.0,3574673.4229,-34140087.921,-429059.06478,-2036010.0746,0.0,0.0,14529.07915,0.0,0.0,0.0,0.0,-732494.91388,0.0,0.0,0.0,-1.7972035263e-07,2.2289777455e-08,1.6258961414e-08,2.8058211246e-07,0.0,0.0,4.646414539e-08,0.0,0.0,0.0,0.0,-6.9107038544e-08,0.23998195562,0.025127560325,-0.0076580386197,0.046244445802
e176,ok,,5.5605616929,142014345.39,161625.82585,649788.58835,44076849.368,147238.00391,11730263.244,0.0,0.0,0.0,3004794.9723,-34121147.724,-455498.00167,-1758053.1267,0.0,0.0,10954.842463,0.0,0.0,0.0,0.0,-589961.62201,0.0,0.0,0.0,-1.6204446959e-07,2.2308690368e-08,1.8652005464e-08,2.4751714116e-07,0.0,0.0,6.8693573045e-08,0.0,0.0,0.0,0.0,-7.6419342485e-08,0.24026550015,0.021158390471,-0.011102655474,0.040005162352
e178,ok,,5.5530989076,141823749.08,156639.61625,608401.11295,44065528.969,139574.28196,11695103.398,0.0,0.0,0.0,2436854.2083,-34111136.448,-486705.69058,-1479031.421,0.0,0.0,7314.4447794,0.0,0.0,0.0,0.0,-446209.69106,0.0,0.0,0.0,-1.4370027925e-07,2.2287858731e-08,2.1347795718e-08,2.1534993738e-07,0.0,0.0,9.4674223893e-08,0.0,0.0,0.0,0.0,-8.570365228e-08,0.24051780234,0.017182271828,-0.014829734099,0.03373233155
e180,ok,,5.5528629427,141817722.64,153515.47362,574790.56707,44103397.702,133939.63846,11703666.347,0.0,0.0,0.0,1848031.1498,-34152117.88,-507995.26264,-1188610.5131,0.0,0.0,3737.1124646,0.0,0.0,0.0,0.0,-299624.57939,0.0,0.0,0.0,-1.1961386235e-07,2.2065795452e-08,2.310225393e-08,1.7687901237e-07,0.0,0.0,1.1280851238e-07,0.0,0.0,0.0,0.0,-9.2762271066e-08,0.24081699554,0.013031031069,-0.017317852206,0.027153665357
e182,ok,,5.5503911071,141754593.04,149604.48934,545612.92992,44116351.621,128368.87738,11696315.931,0.0,0.0,0.0,1283677.4931,-34152094.121,-535992.11556,-909962.17195,0.0,0.0,81.74381379,0.0,0.0,0.0,0.0,-156595.31699,0.0,0.0,0.0,-9.5029923626e-08,2.1842488382e-08,2.5073936634e-08,1.3952721128e-07,0.0,0.0,1.3444055609e-07,0.0,0.0,0.0,0.0,-1.0168451309e-07,0.2409240744,0.0090556324527,-0.020112910741,0.020873897193
e184,ok,,5.5454641013,141628759.42,144614.86991,517340.59758,44103517.272,122552.77954,11671795.711,0.0,0.0,0.0,714874.32055,-34183261.757,-561572.98114,-628135.51191,0.0,0.0,-3054.0523555,0.0,0.0,0.0,0.0,-13405.162709,0.0,0.0,0.0,-6.8030281583e-08,2.1610353387e-08,2.6756934688e-08,1.0038172865e-07,0.0,0.0,1.4771931829e-07,0.0,0.0,0.0,0.0,-1.1125166986e-07,0.24135819516,0.0050475222933,-0.021362409997,0.01451669063
e186,ok,,5.5907955882,142786506.03,216728.56393,751805.9585,44331501.515,182833.83898,11926090.051,0.0,0.0,0.0,556186.44055,-34635855.408,-813758.26089,-584672.83898,0.0,0.0,-3281.3492547,0.0,0.0,0.0,0.0,100426.10845,0.0,0.0,0.0,-4.7477031898e-08,2.1284816402e-08,2.5580193716e-08,6.2453368785e-08,0.0,0.0,8.5999676824e-08,0.0,0.0,0.0,0.0,-1.0793008212e-07,0.24257092894,0.0038952311112,-0.018638586456,0.013535428929
e193,ok,,5.603302299,143105922.0,227869.782,850758.55662,44309499.689,201560.50711,11976129.895,0.0,0.0,0.0,3323608.7908,-34591282.714,-389715.86168,-1898762.2648,0.0,0.0,25398.26532,0.0,0.0,0.0,0.0,-688681.11242,0.0,0.0,0.0,-1.2669930977e-07,2.1398710439e-08,8.419861291e-09,1.8767619288e-07,0.0,0.0,-4.485690066e-08,0.0,0.0,0.0,0.0,-4.7514139011e-08,0.24171803815,0.023224816586,0.010221532175,0.04276573316
e195,ok,,5.6170356876,143456666.84,298572.55636,1060739.8347,44325678.816,259058.76124,12040256.885,0.0,0.0,0.0,2978606.2564,-34625421.757,-321031.25838,-1690354.2397,0.0,0.0,23807.761371,0.0,0.0,0.0,0.0,-624325.29399,0.0,0.0,0.0,-8.746401172e-08,2.0735056267e-08,5.4382199015e-09,1.2746638273e-07,0.0,0.0,-3.6513135015e-08,0.0,0.0,0.0,0.0,-3.0330878354e-08,0.24136502345,0.020763107926,0.010901820062,0.038057963743
e197,ok,,5.6338841302,143886968.8,380628.49652,1310729.0946,44336636.749,327531.53352,12116677.394,0.0,0.0,0.0,2619596.3587,-34653038.633,-252960.00953,-1475002.4439,0.0,0.0,23583.410718,0.0,0.0,0.0,0.0,-556211.18996,0.0,0.0,0.0,-6.0115064596e-08,2.0247637757e-08,3.3434601151e-09,8.7232949159e-08,0.0,0.0,-3.0400994929e-08,0.0,0.0,0.0,0.0,-1.8817665323e-08,0.24083514249,0.018205931924,0.011571484993,0.033203346285
e201,ok,,5.6173604924,143464962.22,299197.59775,1059430.4212,44336324.227,258948.3605,12044638.647,0.0,0.0,0.0,2971301.5469,-34636563.002,-186953.97728,-1634430.6899,0.0,0.0,16386.779116,0.0,0.0,0.0,0.0,-661938.86053,0.0,0.0,0.0,-8.4269244196e-08,2.0432671186e-08,2.8770843998e-09,1.2308672205e-07,0.0,0.0,-2.9953210734e-08,0.0,0.0,0.0,0.0,-1.7768439134e-08,0.24142872564,0.020710991039,0.0089619286964,0.03682725155
e203,ok,,5.6353481152,143924358.34,383051.25221,1318791.8351,44350897.659,329259.12208,12127079.035,0.0,0.0,0.0,2608624.5151,-34667623.225,41811.633265,-1361138.1697,0.0,0.0,7426.6560918,0.0,0.0,0.0,0.0,-640406.9444,0.0,0.0,0.0,-5.4320321859e-08,1.9808496022e-08,-1.2441123127e-09,8.0136691576e-08,0.0,0.0,-1.7241612661e-08,0.0,0.0,0.0,0.0,3.0196592248e-09,0.240873912,0.018124968874,0.0066044213199,0.030696460056
e205,ok,,5.6048263942,143144846.76,235674.56478,846232.9958,44360677.639,203004.94513,11996024.016,0.0,0.0,0.0,2689502.9443,-34609096.756,-565552.28443,-1587277.6146,0.0,0.0,16738.089146,0.0,0.0,0.0,0.0,-484627.49072,0.0,0.0,0.0,-1.0897913592e-07,2.1663642314e-08,1.5694656848e-08,1.5207354381e-07,0.0,0.0,1.7553615425e-08,0.0,0.0,0.0,0.0,-6.8014231918e-08,0.24177675648,0.018788681571,-0.0041369406755,0.035839866251
e207,ok,,5.6182838137,143488543.44,304538.24387,1050725.0869,44381949.506,258868.43183,12060691.755,0.0,0.0,0.0,2346019.0118,-34630830.299,-374668.87843,-1329203.5096,0.0,0.0,8822.7175157,0.0,0.0,0.0,0.0,-456146.39515,0.0,0.0,0.0,-7.166179345e-08,2.0666943582e-08,8.2590678663e-09,9.8413431391e-08,0.0,0.0,7.4970679092e-09,0.0,0.0,0.0,0.0,-3.5252564812e-08,0.24134909637,0.016349869861,-0.0022831438952,0.029970653569
e209,ok,,5.6358923221,143938257.14,386478.86999,1305188.8697,44395693.37,327697.23488,12141474.488,0.0,0.0,0.0,1979421.3959,-34648669.093,-158185.51861,-1056286.2045,0.0,0.0,2115.3796264,0.0,0.0,0.0,0.0,-429887.26089,0.0,0.0,0.0,-4.4783748957e-08,1.9998348282e-08,2.8076972182e-09,6.1574772771e-08,0.0,0.0,3.2676283003e-09,0.0,0.0,0.0,0.0,-1.1711538071e-08,0.24071897062,0.013751878307,-0.001262869293,0.0237973486
e210,ok,,5.6590124527,144528735.3,382911.60099,1379332.3495,44435391.33,338683.77685,12254571.809,0.0,0.0,0.0,4199689.1369,-34778486.116,-50079.787242,-2130080.4996,0.0,0.0,7513.273991,0.0,0.0,0.0,0.0,-995147.39249,0.0,0.0,0.0,-8.6691304511e-08,1.9745493553e-08,3.5309379898e-10,1.2517892115e-07,0.0,0.0,-9.6799981118e-09,0.0,0.0,0.0,0.0,-3.719955531e-09,0.24063371234,0.029057814199,0.0037065835745,0.047932461106
e211,ok,,5.6078863026,143222995.5,263773.8902,901072.18244,44383945.06,222415.57464,12016328.024,0.0,0.0,0.0,2754032.4058,-34720357.251,187422.10555,-1316686.7737,0.0,0.0,9167.6612193,0.0,0.0,0.0,0.0,-720877.9109,0.0,0.0,0.0,-8.1624225004e-08,1.9813098495e-08,-6.5288763321e-09,1.127306204e-07,0.0,0.0,-6.1963858936e-08,0.0,0.0,0.0,0.0,1.992083247e-08,0.24242166651,0.019228982024,0.016344448123,0.029735394286
e212,ok,,5.6059626933,143173867.35,238427.85485,863095.35952,44372554.833,205901.67182,12005141.572,0.0,0.0,0.0,2990258.6355,-34568059.9,335301.49998,-1427458.1336,0.0,0.0,-21023.301412,0.0,0.0,0.0,0.0,-817984.35186,0.0,0.0,0.0,-9.2049687493e-08,1.9376556648e-08,-7.1594089312e-09,1.3455684001e-07,0.0,0.0,4.973847405e-08,0.0,0.0,0.0,0.0,3.884209039e-08,0.24144112707,0.02088550579,-0.011859037671,0.032082098719
e214,ok,,5.6265203721,143698901.59,268999.1887,994433.92811,44396258.166,238765.34621,12101641.261,0.0,0.0,0.0,4210900.8057,-34813237.552,88524.360799,-2114903.4679,0.0,0.0,16477.254542,0.0,0.0,0.0,0.0,-1045732.2088,0.0,0.0,0.0,-1.2058475992e-07,1.9764424644e-08,-5.6935904884e-09,1.7724463841e-07,0.0,0.0,-7.7361016157e-08,0.0,0.0,0.0,0.0,8.8520735061e-09,0.24226516116,0.029303639479,0.020810050583,0.047678663935
e216,ok,,5.6399145235,144040982.43,232002.83908,974686.58766,44432742.808,220126.50462,12170736.972,0.0,0.0,0.0,5331679.1519,-34876839.044,436331.30128,-2590717.1936,0.0,0.0,-16782.212782,0.0,0.0,0.0,0.0,-1417579.3961,0.0,0.0,0.0,-1.5669186575e-07,1.8266493754e-08,-1.2311673604e-08,2.5171890572e-07,0.0,0.0,-3.8298261091e-08,0.0,0.0,0.0,0.0,4.7259372497e-08,0.2421313605,0.037015015184,0.0088853053048,0.058399500776
e220,ok,,5.6105394837,143290756.6,297487.73919,1005026.3272,44335912.741,250913.99168,12014077.631,0.0,0.0,0.0,1971207.6613,-34668303.281,-718314.77906,-1318460.8504,0.0,0.0,50129.538042,0.0,0.0,0.0,0.0,-269271.29158,0.0,0.0,0.0,-7.1475609271e-08,2.1380256673e-08,1.3304378737e-08,9.8431987235e-08,0.0,0.0,-9.6175478471e-08,0.0,0.0,0.0,0.0,-6.8883753176e-08,0.24194375202,0.013756697976,0.028611025656,0.029282309346
e221,ok,,5.5838761215,142609785.84,191597.73908,664302.84152,44341219.963,159902.3888,11899665.292,0.0,0.0,0.0,1464063.2308,-34469917.15,-612423.46307,-949899.11276,0.0,0.0,1153.4193069,0.0,0.0,0.0,0.0,-177983.16384,0.0,0.0,0.0,-8.6532180333e-08,2.1596004697e-08,2.2829001722e-08,1.1313014033e-07,0.0,0.0,9.4017424352e-08,0.0,0.0,0.0,0.0,-9.2439528479e-08,0.24170793714,0.010266218564,-0.01801352594,0.02167547911
e222,ok,,5.5953723746,142903395.18,229845.17103,803012.52502,44344883.537,194326.15676,11951777.118,0.0,0.0,0.0,2591522.5058,-34566363.384,59703.330845,-1308052.283,0.0,0.0,-661.39812582,0.0,0.0,0.0,0.0,-643457.1386,0.0,0.0,0.0,-9.1591991443e-08,2.0111314635e-08,-1.852373008e-09,1.2834357948e-07,0.0,0.0,-5.9581515329e-09,0.0,0.0,0.0,0.0,7.148859111e-09,0.24188622909,0.018134786109,0.0013694523581,0.029499151976
e224,ok,,5.5870075271,142689760.58,229535.81294,780375.09119,44317503.134,190673.43991,11908096.386,0.0,0.0,0.0,1778537.1579,-34485171.424,-18920.17102,-922222.54464,0.0,0.0,-1564.1950863,0.0,0.0,0.0,0.0,-424320.62846,0.0,0.0,0.0,-6.5957234941e-08,2.0325934243e-08,7.7454348519e-10,9.0663489398e-08,0.0,0.0,1.0930487671e-08,0.0,0.0,0.0,0.0,-2.4289676225e-09,0.24167936986,0.012464364301,-0.0025089383734,0.020810517743
e226,ok,,5.5876037667,142704988.29,231225.08055,769970.92696,44346520.884,189701.50584,11918102.543,0.0,0.0,0.0,955811.34205,-34472884.011,-97892.45214,-533037.55464,0.0,0.0,-2975.9567615,0.0,0.0,0.0,0.0,-203192.3047,0.0,0.0,0.0,-3.826663958e-08,2.0358007351e-08,3.1475524298e-09,5.2034981704e-08,0.0,0.0,2.3324376484e-08,0.0,0.0,0.0,0.0,-1.2252134311e-08,0.24156747724,0.0066978131144,-0.0053931808312,0.012031792836
e228,ok,,5.5814570249,142548003.15,225668.38896,747117.2005,44316554.814,184137.13597,11883611.773,0.0,0.0,0.0,145258.2623,-34470111.645,-180362.48589,-150091.25935,0.0,0.0,-4902.9072399,0.0,0.0,0.0,0.0,15659.333277,0.0,0.0,0.0,-1.1145990106e-08,2.0396543576e-08,5.559168966e-09,1.514120716e-08,0.0,0.0,3.2702562684e-08,0.0,0.0,0.0,0.0,-2.3208341688e-08,0.24181406181,0.0010190129576,-0.0073799346357,0.0034168918267
e230,ok,,5.5859443558,142662607.65,220456.25793,731393.20642,44357237.983,180117.02688,11913655.576,0.0,0.0,0.0,-722210.76568,-34499935.587,-256209.91546,263035.55156,0.0,0.0,-7987.2934648,0.0,0.0,0.0,0.0,246887.15618,0.0,0.0,0.0,1.9964273367e-08,2.0178164176e-08,7.6615117196e-09,-2.6667680458e-08,0.0,0.0,4.0112291541e-08,0.0,0.0,0.0,0.0,-3.3662966277e-08,0.2418288587,-0.0050623690229,-0.00884300569,-0.0058790570414
e231,ok,,5.620224941,143538119.0,385309.04763,1203955.9518,44358960.535,313198.19106,12064646.579,0.0,0.0,0.0,2333100.7565,-34803769.342,-519109.85985,-1347114.4502,0.0,0.0,131003.73811,0.0,0.0,0.0,0.0,-417455.43636,0.0,0.0,0.0,-6.1402754332e-08,2.0855373716e-08,2.4543470534e-09,7.5919981854e-08,0.0,0.0,-2.483766453e-07,0.0,0.0,0.0,0.0,-3.923459244e-08,0.24247056869,0.016254224123,0.095701768655,0.029252655904
e266,ok,,5.6978484747,145520590.54,660553.71831,2100952.7076,44351879.942,564295.78572,12402126.688,0.0,0.0,0.0,2936832.2691,-35156620.512,-549647.10353,-1566606.1803,0.0,0.0,180856.20104,0.0,0.0,0.0,0.0,-540259.90753,0.0,0.0,0.0,-4.1599987378e-08,2.0051531084e-08,1.9005065772e-09,5.2040622116e-08,0.0,0.0,-1.1630869514e-07,0.0,0.0,0.0,0.0,-2.4184647288e-08,0.24159206873,0.020181558212,0.076828141043,0.034375626442
e297,ok,,5.5790112063,142485538.0,303370.97305,964728.99128,44171714.152,246832.8893,11835450.743,0.0,0.0,0.0,0.66127573317,-34399556.967,0.26079132061,-0.41038564414,0.0,0.0,53598.104023,0.0,0.0,0.0,0.0,0.064651480511,0.0,0.0,0.0,-3.7338516538e-14,2.0398454328e-08,-7.8814050827e-15,3.1706075974e-14,0.0,0.0,-1.8313446029e-07,0.0,0.0,0.0,0.0,-7.6778790896e-14,0.24142490143,4.6410024655e-09,0.055557679418,9.6187031199e-09
e325,ok,,5.6358467052,143937092.11,381890.43719,1209738.2607,44467371.492,311285.06638,12160489.124,0.0,0.0,0.0,428898.29993,-34775357.555,-1194981.51,-352480.63482,0.0,0.0,66744.364853,0.0,0.0,0.0,0.0,247293.27491,0.0,0.0,0.0,-3.1961387231e-08,2.0807819786e-08,2.1389095459e-08,1.7440941243e-08,0.0,0.0,-1.2386155788e-07,0.0,0.0,0.0,0.0,-9.2702897237e-08,0.24160108451,0.0029797621561,0.04730154449,0.0066605286764
e326,ok,,5.6402233175,144048868.9,393111.27958,1246829.7554,44477079.692,321380.96951,12182399.59,0.0,0.0,0.0,1038617.3507,-34739204.774,-1176442.9398,-656039.46687,0.0,0.0,71834.039121,0.0,0.0,0.0,0.0,95956.7706,0.0,0.0,0.0,-4.3755399685e-08,2.1057770985e-08,1.9703402521e-08,3.4608961265e-08,0.0,0.0,-1.1104863489e-07,0.0,0.0,0.0,0.0,-8.8484171753e-08,0.24116263487,0.0072101735929,0.043654470958,0.013605173048
e327,ok,,5.6459394127,144194855.5,404430.3288,1288240.5791,44489836.326,332278.04803,12211052.281,0.0,0.0,0.0,1648467.4076,-34715148.959,-1156675.0061,-958971.05408,0.0,0.0,77535.17305,0.0,0.0,0.0,0.0,-55130.430709,0.0,0.0,0.0,-5.4655219246e-08,2.1262605207e-08,1.8112976943e-08,5.0709841492e-08,0.0,0.0,-1.0086154681e-07,0.0,0.0,0.0,0.0,-8.4225210843e-08,0.24075164705,0.01143222067,0.04079146854,0.020508597868
e328,ok,,5.6531405703,144378769.96,415420.11396,1332897.3895,44506296.818,343741.44433,12247311.054,0.0,0.0,0.0,2258373.412,-34703167.185,-1134947.7811,-1260668.024,0.0,0.0,83420.861281,0.0,0.0,0.0,0.0,-206233.37377,0.0,0.0,0.0,-6.4687355049e-08,2.1420161016e-08,1.6600782096e-08,6.5870891205e-08,0.0,0.0,-9.249713837e-08,0.0,0.0,0.0,0.0,-7.9952745399e-08,0.24036198116,0.015642004794,0.038425171763,0.027364093131
e329,ok,,5.6666558339,144723944.02,424570.00377,1375742.8021,44564304.454,354969.72253,12322712.446,0.0,0.0,0.0,2906997.0695,-34812476.296,-1133210.5331,-1582233.4888,0.0,0.0,89823.507167,0.0,0.0,0.0,0.0,-361601.17491,0.0,0.0,0.0,-7.5111186589e-08,2.1595237666e-08,1.5548604125e-08,8.1522789015e-08,0.0,0.0,-8.4796321539e-08,0.0,0.0,0.0,0.0,-7.7193615355e-08,0.24054399935,0.020086497015,0.036001974555,0.03461213084
e330,ok,,5.6195659705,143521289.17,284588.66382,922347.90019,44481452.45,231644.88991,12091814.038,0.0,0.0,0.0,912725.73798,-34730772.351,-1316741.3319,-697802.1299,0.0,0.0,44772.678299,0.0,0.0,0.0,0.0,162173.94728,0.0,0.0,0.0,-6.0518404983e-08,2.1952331157e-08,3.0724966932e-08,5.2455176032e-08,0.0,0.0,-9.1722501993e-08,0.0,0.0,0.0,0.0,-1.367525363e-07,0.24199038729,0.0063595146284,0.026103184284,0.014928148457
e331,ok,,5.6252006496,143665196.45,295703.40016,964510.90254,44493860.429,242261.89535,12120001.422,0.0,0.0,0.0,1525842.7376,-34696138.382,-1300803.0322,-1007254.4618,0.0,0.0,52203.081468,0.0,0.0,0.0,0.0,11138.223692,0.0,0.0,0.0,-7.5022116942e-08,2.229860695e-08,2.8562008271e-08,7.4293710718e-08,0.0,0.0,-7.9625012635e-08,0.0,0.0,0.0,0.0,-1.2929566075e-07,0.24150691496,0.0106208238,0.023545386974,0.02196890287
e332,ok,,5.6320403543,143839879.55,307716.9943,1013474.9674,44505756.427,254353.61096,12153325.903,0.0,0.0,0.0,2131806.473,-34681599.718,-1280543.1574,-1311583.8101,0.0,0.0,60466.106816,0.0,0.0,0.0,0.0,-138845.34193,0.0,0.0,0.0,-8.7473240892e-08,2.2561407071e-08,2.629209119e-08,9.3757046757e-08,0.0,0.0,-7.2715331256e-08,0.0,0.0,0.0,0.0,-1.2136219247e-07,0.24111254699,0.01482069145,0.022375743174,0.028850636623
e333,ok,,5.6394661387,144029530.88,317842.46247,1062367.503,44514645.612,265851.80721,12188594.19,0.0,0.0,0.0,2778874.8213,-34664065.018,-1279695.6759,-1634650.3761,0.0,0.0,70098.964968,0.0,0.0,0.0,0.0,-292698.78595,0.0,0.0,0.0,-1.0043722889e-07,2.2867243744e-08,2.4594151367e-08,1.1366822996e-07,0.0,0.0,-6.8254093821e-08,0.0,0.0,0.0,0.0,-1.160680481e-07,0.24067331752,0.019293785131,0.021694049254,0.036128590114
e335,ok,,5.6430942635,144122191.62,374289.44402,1193495.2153,44523619.959,304996.34065,12207262.202,0.0,0.0,0.0,1034147.3478,-34770815.614,-1400964.0941,-755334.73732,0.0,0.0,68810.98104,0.0,0.0,0.0,0.0,162138.31673,0.0,0.0,0.0,-5.0172780503e-08,2.1480522163e-08,2.4774059294e-08,4.2200478939e-08,0.0,0.0,-1.0067727451e-07,0.0,0.0,0.0,0.0,-1.1056060399e-07,0.24125927605,0.0071754900213,0.037682441103,0.015795193799
e334,ok,,5.6496267129,144289027.56,325080.80059,1107806.4772,44540100.104,276004.68776,12240325.185,0.0,0.0,0.0,3397809.2524,-34700333.216,-1261668.6036,-1944704.0391,0.0,0.0,78195.539362,0.0,0.0,0.0,0.0,-444475.96194,0.0,0.0,0.0,-1.1176731293e-07,2.307227766e-08,2.2811500668e-08,1.3260742745e-07,0.0,0.0,-6.3989524487e-08,0.0,0.0,0.0,0.0,-1.1030986403e-07,0.24049183644,0.023548632282,0.020801765849,0.043108128678
e336,ok,,5.6490566309,144274467.91,387112.06825,1240350.4835,44534454.171,317227.43271,12236574.646,0.0,0.0,0.0,1640500.3246,-34739890.431,-1382581.3005,-1057641.4922,0.0,0.0,76860.679211,0.0,0.0,0.0,0.0,12523.927185,0.0,0.0,0.0,-6.1083223043e-08,2.1737081498e-08,2.2954223332e-08,5.8565218309e-08,0.0,0.0,-9.1532391158e-08,0.0,0.0,0.0,0.0,-1.0498811579e-07,0.24079028628,0.01137069052,0.035433293253,0.022671302787
e337,ok,,5.6562158417,144457311.06,400536.36533,1294074.6136,44544630.056,330883.31339,12271043.463,0.0,0.0,0.0,2262528.6284,-34716218.932,-1371171.9602,-1366907.2461,0.0,0.0,85752.012053,0.0,0.0,0.0,0.0,-138137.96259,0.0,0.0,0.0,-7.1288111096e-08,2.1965438478e-08,2.1290858957e-08,7.4096423799e-08,0.0,0.0,-8.4102098072e-08,0.0,0.0,0.0,0.0,-9.9893675413e-08,0.24032164711,0.015662264594,0.033685948679,0.029678312273
e338,ok,,5.6631871262,144635354.62,410416.18448,1342442.9322,44548039.856,342590.3475,12302923.175,0.0,0.0,0.0,2896192.4816,-34697697.422,-1360755.4541,-1681208.8198,0.0,0.0,95002.512527,0.0,0.0,0.0,0.0,-290938.88875,0.0,0.0,0.0,-8.1370281155e-08,2.219490805e-08,1.9845899264e-08,8.9625022274e-08,0.0,0.0,-7.9056801875e-08,0.0,0.0,0.0,0.0,-9.5815978612e-08,0.23989775885,0.020024097769,0.032446190982,0.036783559676
e339,ok,,5.6728480806,144882091.58,422522.08457,1400677.7789,44563972.727,356782.96915,12350139.084,0.0,0.0,0.0,3499583.244,-34688169.929,-1331919.4477,-1979344.8239,0.0,0.0,103614.31085,0.0,0.0,0.0,0.0,-440644.59863,0.0,0.0,0.0,-8.9213632099e-08,2.2279580831e-08,1.8076803462e-08,1.029754611e-07,0.0,0.0,-7.4956210885e-08,0.0,0.0,0.0,0.0,-9.0151816542e-08,0.23942344806,0.024154698526,0.031670654475,0.043509406484
e340_fix,ok,,5.6549432832,144424810.47,441346.19898,1404874.2582,44494241.496,361527.01233,12252293.783,0.0,0.0,0.0,1191994.9141,-34635837.169,-1496871.1531,-840738.61489,0.0,0.0,82891.301021,0.0,0.0,0.0,0.0,156129.00029,0.0,0.0,0.0,-4.6728476915e-08,2.1287688469e-08,2.2398320316e-08,3.9902282301e-08,0.0,0.0,-8.7914681578e-08,0.0,0.0,0.0,0.0,-9.9782980925e-08,0.23981916303,0.0082533943453,0.038800810549,0.017610720624
e341,ok,,5.6579860638,144502521.77,455875.70911,1458439.1842,44476281.497,375539.94734,12261108.63,0.0,0.0,0.0,1806322.305,-34537675.031,-1482433.5332,-1144494.0549,0.0,0.0,91689.749479,0.0,0.0,0.0,0.0,6818.4738154,0.0,0.0,0.0,-5.6006248144e-08,2.1525064622e-08,2.0881476279e-08,5.3829710352e-08,0.0,0.0,-8.0372940951e-08,0.0,0.0,0.0,0.0,-9.5242854173e-08,0.23901088098,0.01250028223,0.036640071449,0.024539657378
e342,ok,,5.6705570668,144823579.76,470757.53989,1516374.2534,44525066.048,390832.95811,12329827.339,0.0,0.0,0.0,2429998.7019,-34610767.611,-1468451.4673,-1450596.9759,0.0,0.0,101063.67807,0.0,0.0,0.0,0.0,-143964.74511,0.0,0.0,0.0,-6.4536658153e-08,2.1697024511e-08,1.9408928955e-08,6.6827855853e-08,0.0,0.0,-7.439794473e-08,0.0,0.0,0.0,0.0,-9.0636864081e-08,0.23898572089,0.016779026633,0.035023393434,0.031459717018
e343,ok,,5.6838581408,145163283.45,482231.05807,1568276.7809,44575980.185,404163.02388,12402508.065,0.0,0.0,0.0,3046101.8912,-34698091.925,-1455481.5358,-1758832.5234,0.0,0.0,110141.42069,0.0,0.0,0.0,0.0,-292870.79741,0.0,0.0,0.0,-7.2607514136e-08,2.1848370399e-08,1.8149486572e-08,7.9639205831e-08,0.0,0.0,-6.9539421585e-08,0.0,0.0,0.0,0.0,-8.6827164953e-08,0.23902801796,0.020983969353,0.033534068849,0.038404498492
e344,ok,,5.6934361759,145407902.03,495585.8189,1631768.5492,44585357.358,420084.77424,12447848.446,0.0,0.0,0.0,3655179.8421,-34691760.115,-1423100.0421,-2053018.9382,0.0,0.0,118518.95091,0.0,0.0,0.0,0.0,-444333.25355,0.0,0.0,0.0,-7.9281001284e-08,2.1917593438e-08,1.6615067612e-08,9.0923863151e-08,0.0,0.0,-6.537072719e-08,0.0,0.0,0.0,0.0,-8.1796858054e-08,0.23858235784,0.02513742232,0.032396805367,0.045060577177
e360,ok,,5.6306656087,143804769.14,350982.80462,1105331.7203,44520594.262,285416.20856,12151867.395,0.0,0.0,0.0,1250349.1262,-34701453.08,-607987.72465,-698013.60854,0.0,0.0,48649.190589,0.0,0.0,0.0,0.0,-125171.50072,0.0,0.0,0.0,-4.2740307303e-08,2.0483195225e-08,1.0822902756e-08,4.3301773252e-08,0.0,0.0,-1.008051018e-07,0.0,0.0,0.0,0.0,-5.0903196438e-08,0.24130947316,0.0086947681477,0.03538085735,0.015198177821
e361,ok,,5.629323642,143770495.89,339144.28872,1080308.5731,44513281.98,277283.46704,12143816.836,0.0,0.0,0.0,1283634.0403,-34674624.5,-691680.80795,-761589.06452,0.0,0.0,41586.694638,0.0,0.0,0.0,0.0,-109010.32038,0.0,0.0,0.0,-4.6556655981e-08,2.0635074655e-08,1.3029110415e-08,4.9199068195e-08,0.0,0.0,-8.1178609583e-08,0.0,0.0,0.0,0.0,-5.956649338e-08,0.2411803916,0.0089283551002,0.027531261806,0.016685582989
e374,ok,,5.606612185,143190455.08,278037.37044,904599.67239,44394505.199,229190.21029,12012939.454,0.0,0.0,0.0,1968612.4782,-34861965.235,-394968.61525,-1173393.566,0.0,0.0,54162.206229,0.0,0.0,0.0,0.0,-363451.74653,0.0,0.0,0.0,-7.0223715039e-08,2.0946091281e-08,5.3151348038e-09,9.3524054934e-08,0.0,0.0,-1.7382193854e-07,0.0,0.0,0.0,0.0,-4.2073171479e-08,0.24346570597,0.013748210222,0.048328994716,0.026003182307
e376,ok,,5.4249306889,138550388.09,1914.5521427,1496499.621,42993211.162,86335.33169,11074704.123,0.0,0.0,0.0,7729088.9329,-30629211.654,-1133142.2701,-4515042.7222,0.0,0.0,180595.38168,0.0,0.0,0.0,0.0,-1265854.6975,0.0,0.0,0.0,-7.4748703119e-07,4.9929538993e-08,-2.2137099323e-06,5.4325999333e-05,0.0,0.0,-2.1452964086e-05,0.0,0.0,0.0,0.0,-4.6312146757e-07,0.22106911483,0.055785400817,0.041072818358,0.10400995843
e377,ok,,4.4126540288,112697279.16,10090.970977,760613.88862,30705202.202,94370.098965,9056068.8702,0.0,0.0,0.0,6378499.5503,-18724449.725,2214693.4607,-3016262.2447,0.0,0.0,-177021.71323,0.0,0.0,0.0,0.0,-807690.14982,0.0,0.0,0.0,-6.4828898877e-07,3.642102081e-08,-6.4999767812e-07,1.0179173413e-05,0.0,0.0,-5.4048062235e-06,0.0,0.0,0.0,0.0,-2.949678514e-07,0.16614819687,0.056598523032,0.054539742736,0.10271774348
e377m,ok,,5.6235026544,143621830.38,3375.7359152,1719143.6033,43782679.273,102251.67601,11884099.309,0.0,0.0,0.0,7876425.7921,-33538951.384,-1277281.457,-4721406.4549,0.0,0.0,189278.19172,0.0,0.0,0.0,0.0,-1332897.2021,0.0,0.0,0.0,-6.3267495164e-07,4.6696387198e-08,-9.3073510491e-07,3.171470868e-05,0.0,0.0,-8.8520499337e-06,0.0,0.0,0.0,0.0,-4.1675408415e-07,0.23352265666,0.054841424672,0.029882182884,0.10706048113
e379,ok,,5.5516400315,141786490.01,3249.7992203,1143285.7973,43737778.616,70140.804546,11557085.815,0.0,0.0,0.0,6925173.6129,-33023258.651,-1401885.0391,-4143262.3373,0.0,0.0,169695.58692,0.0,0.0,0.0,0.0,-1107603.4901,0.0,0.0,0.0,-8.4019464527e-07,5.6999771036e-08,-8.9889733761e-07,2.886311063e-05,0.0,0.0,-9.8820803047e-06,0.0,0.0,0.0,0.0,-6.233812059e-07,0.23290835853,0.048842267076,0.032114776869,0.093799314421
e385,ok,,5.564155383,142106126.69,147516.11556,791038.12508,43864615.276,158862.17542,11692290.738,0.0,0.0,0.0,5629592.8898,-33743402.381,-190764.8601,-3002232.0503,0.0,0.0,27300.847451,0.0,0.0,0.0,0.0,-1277321.3145,0.0,0.0,0.0,-2.5696146794e-07,2.161525955e-08,-2.847286902e-09,4.6344867864e-07,0.0,0.0,-1.2206417864e-07,0.0,0.0,0.0,0.0,-3.199929852e-08,0.23745212938,0.039615412938,0.018006433482,0.068366148837
e387,ok,,5.5748184587,142378457.04,170564.77879,703859.79543,44133517.163,158357.80693,11806473.421,0.0,0.0,0.0,3530669.701,-34211178.74,-438681.11893,-2015742.673,0.0,0.0,14746.56492,0.0,0.0,0.0,0.0,-720072.57227,0.0,0.0,0.0,-1.7306202766e-07,2.2234981643e-08,1.6138408832e-08,2.6824443343e-07,0.0,0.0,4.407296459e-08,0.0,0.0,0.0,0.0,-6.8616539104e-08,0.24028339294,0.024797780327,-0.007517295456,0.045753052451
e392,ok,,5.585489968,142651002.78,212252.25272,841784.40655,44143130.49,194084.71601,11855431.755,0.0,0.0,0.0,3718443.7247,-34206614.788,-264461.61457,-2033281.3331,0.0,0.0,10604.227068,0.0,0.0,0.0,0.0,-813451.65974,0.0,0.0,0.0,-1.4244975847e-07,2.1166952407e-08,7.5238334722e-09,2.1707198398e-07,0.0,0.0,8.8294023522e-09,0.0,0.0,0.0,0.0,-3.3986965921e-08,0.23979231917,0.026066719843,-0.0018740605395,0.046074017604
e393,ok,,5.6028431882,143094196.53,271225.6573,1040080.5919,44162609.647,245597.00915,11935994.251,0.0,0.0,0.0,4006944.1713,-34351164.515,-55361.810325,-2088712.8943,0.0,0.0,8638.6700753,0.0,0.0,0.0,0.0,-944459.97407,0.0,0.0,0.0,-1.1544507668e-07,2.0281043116e-08,1.9608451947e-10,1.7435215248e-07,0.0,0.0,-2.1341156172e-08,0.0,0.0,0.0,0.0,-5.9514178599e-09,0.2400598022,0.028002143122,0.0057882691104,0.047288777157
e395,ok,,5.6484082633,144257908.88,323001.7832,1296871.578,44296424.556,303288.75045,12170808.986,0.0,0.0,0.0,5138610.9744,-34715165.622,209694.31131,-2662969.5802,0.0,0.0,6746.746594,0.0,0.0,0.0,0.0,-1297066.6686,0.0,0.0,0.0,-1.1350340377e-07,1.9208913939e-08,-6.4309695094e-09,1.8634282255e-07,0.0,0.0,-4.6199970989e-08,0.0,0.0,0.0,0.0,1.6383998597e-08,0.24064653294,0.035621000015,0.014922673013,0.060189063969
e396,ok,,5.6610991066,144582027.54,365901.31808,1448656.6332,44292976.059,343062.10549,12225645.804,0.0,0.0,0.0,5324890.0158,-34726753.035,130715.48694,-2781007.3527,0.0,0.0,18684.305353,0.0,0.0,0.0,0.0,-1316601.5484,0.0,0.0,0.0,-1.051992518e-07,1.932255748e-08,-5.2252730389e-09,1.7174574016e-07,0.0,0.0,-5.0732089675e-08,0.0,0.0,0.0,0.0,8.9722705749e-09,0.24018720463,0.036829543106,0.018562938481,0.062841992701
e397,ok,,5.6644895821,144668618.82,395072.62839,1523910.2333,44289918.756,365999.32027,12239527.038,0.0,0.0,0.0,5137729.0559,-34751573.584,224287.46499,-2665270.795,0.0,0.0,21157.10229,0.0,0.0,0.0,0.0,-1299836.0043,0.0,0.0,0.0,-9.350768e-08,1.9124980158e-08,-6.7935726677e-09,1.526164426e-07,0.0,0.0,-5.7558958091e-08,0.0,0.0,0.0,0.0,1.4661021888e-08,0.24021500908,0.035513776918,0.02273996886,0.060294579113
e398,ok,,5.6727791263,144880330.2,415356.91338,1614048.4976,44292941.396,387366.60644,12276570.318,0.0,0.0,0.0,5193910.0904,-34667034.91,78045.953661,-2708742.9742,0.0,0.0,6610.0818277,0.0,0.0,0.0,0.0,-1264394.6578,0.0,0.0,0.0,-9.1460309504e-08,1.9330016142e-08,-2.1302716278e-09,1.4726565431e-07,0.0,0.0,-1.6979221163e-08,0.0,0.0,0.0,0.0,4.540680943e-09,0.2392804797,0.035849656631,0.0070524368939,0.061167807622
e399,ok,,5.6798998766,145062191.09,452362.6877,1721386.614,44300009.024,418180.48664,12309788.396,0.0,0.0,0.0,5045959.0284,-34677333.363,169705.311,-2595629.2971,0.0,0.0,411.99811692,0.0,0.0,0.0,0.0,-1255417.9444,0.0,0.0,0.0,-8.0896372966e-08,1.9096785271e-08,-3.0049277951e-09,1.2957746789e-07,0.0,0.0,-1.3298441288e-08,0.0,0.0,0.0,0.0,9.5525725834e-09,0.23905149303,0.034784798095,0.0060157186432,0.058616011641
e403,ok,,5.6355145046,143928607.85,496291.58783,1613970.1651,44161778.466,417995.85161,12078511.29,0.0,0.0,0.0,2923721.6865,-34573282.434,772443.61055,-1091911.4677,0.0,0.0,90704.156891,0.0,0.0,0.0,0.0,-929446.07821,0.0,0.0,0.0,-3.777335103e-08,1.9184201194e-08,-1.4390068867e-08,5.223373021e-08,0.0,0.0,-1.3704649063e-07,0.0,0.0,0.0,0.0,4.4988206708e-08,0.24021133081,0.020313693922,0.068015020442,0.025923160904
e407,ok,,5.6338912485,143887150.59,462956.83687,1517630.6403,44200152.894,391170.67849,12081716.719,0.0,0.0,0.0,3232931.2676,-34684401.157,748811.62548,-1276091.8311,0.0,0.0,78928.689874,0.0,0.0,0.0,0.0,-998862.13007,0.0,0.0,0.0,-4.6221043297e-08,1.9118442314e-08,-1.5455551401e-08,6.4804809539e-08,0.0,0.0,-1.4307478228e-07,0.0,0.0,0.0,0.0,4.6456699688e-08,0.24105280433,0.02246851963,0.066237448639,0.030001829638
e417,ok,,5.6446193089,144161140.63,447606.47769,1437607.4592,44337644.994,374687.50887,12164562.541,0.0,0.0,0.0,2669029.7568,-35021891.316,861803.68206,-930254.01784,0.0,0.0,83118.610256,0.0,0.0,0.0,0.0,-901718.89883,0.0,0.0,0.0,-3.5888579514e-08,1.9232034758e-08,-1.7035643363e-08,4.9949485729e-08,0.0,0.0,-1.5721915265e-07,0.0,0.0,0.0,0.0,5.5577279558e-08,0.24293572569,0.018514210869,0.070372311146,0.02235771337
e420,ok,,5.8328791073,148969214.6,411238.52711,2341034.9923,44444251.337,494565.72251,13037152.599,0.0,0.0,0.0,10591037.477,-35087288.598,-739666.38104,-5641388.8307,0.0,0.0,105280.46655,0.0,0.0,0.0,0.0,-2259617.1859,0.0,0.0,0.0,-1.5228675261e-07,2.0817601075e-08,5.6114735993e-09,3.0855118283e-07,0.0,0.0,-1.1802440675e-08,0.0,0.0,0.0,0.0,-3.6436141492e-08,0.23553382282,0.071095477713,0.0048536183195,0.12688813397
e421,ok,,5.7801957954,147623705.57,415007.77312,2042524.4571,44483717.831,450347.03726,12808808.251,0.0,0.0,0.0,8447233.238,-34782777.489,-804175.55548,-4603604.6011,0.0,0.0,49149.131512,0.0,0.0,0.0,0.0,-1738487.0346,0.0,0.0,0.0,-1.3729610512e-07,2.1102797566e-08,1.3026541097e-08,2.5018078429e-07,0.0,0.0,4.0218270215e-08,0.0,0.0,0.0,0.0,-4.3657056201e-08,0.23561783222,0.057221387349,-0.01669089476,0.10382697017
e422,ok,,5.7345550951,146458061.78,378478.72694,1716320.7199,44511410.995,384817.30594,12610443.298,0.0,0.0,0.0,6729742.4218,-34602167.003,-1057826.7278,-3789382.6612,0.0,0.0,31254.136109,0.0,0.0,0.0,0.0,-1265866.2796,0.0,0.0,0.0,-1.3510506486e-07,2.2222754988e-08,2.1633698531e-08,2.2721976139e-07,0.0,0.0,9.054933854e-08,0.0,0.0,0.0,0.0,-6.6787740353e-08,0.23625989981,0.04594996233,-0.034270998376,0.085997846027
e423,ok,,5.791166255,147903886.37,343592.2184,1996140.4672,44441736.2,412267.10023,12847773.588,0.0,0.0,0.0,9889654.9275,-35178619.796,-508082.05982,-5308354.2228,0.0,0.0,116261.275,0.0,0.0,0.0,0.0,-2191626.0875,0.0,0.0,0.0,-1.6937538406e-07,2.0633420324e-08,-3.923783333e-09,3.4675802911e-07,0.0,0.0,-8.1004154902e-08,0.0,0.0,0.0,0.0,-3.0321999148e-08,0.23784783929,0.066865416253,0.027832397282,0.11914336047
e426,ok,,5.6170661888,143457445.83,234891.15665,866858.94644,44504881.722,201598.63188,12088447.693,0.0,0.0,0.0,753318.78353,-34177887.192,-36128.864542,-390267.20338,0.0,0.0,-78187.782668,0.0,0.0,0.0,0.0,-168605.37743,0.0,0.0,0.0,-2.7110101083e-08,1.9732799819e-08,4.3457403867e-09,3.764556951e-08,0.0,0.0,3.855491157e-07,0.0,0.0,0.0,0.0,-4.4597038638e-09,0.23824407994,0.0052511654531,-0.090562077735,0.0088426113652
e428,ok,,5.6265190915,143698868.89,240857.66183,895658.7035,44557259.292,208160.756,12143739.562,0.0,0.0,0.0,593867.75916,-34316317.775,14628.949223,-306322.62048,0.0,0.0,-85825.762726,0.0,0.0,0.0,0.0,-146616.8787,0.0,0.0,0.0,-1.9400342235e-08,1.9657381985e-08,2.3528546832e-09,2.8412570184e-08,0.0,0.0,3.9737944567e-07,0.0,0.0,0.0,0.0,1.897663961e-09,0.23880715304,0.0041327239646,-0.095711884145,0.0068433852212
e431,ok,,5.6741705616,144915866.86,527871.93179,1743974.9807,44356563.679,454423.52454,12300798.12,0.0,0.0,0.0,4409601.6236,-34869324.166,-294983.32708,-2217064.3074,0.0,0.0,139911.52109,0.0,0.0,0.0,0.0,-971831.57426,0.0,0.0,0.0,-7.0797014885e-08,2.0075612203e-08,-2.9176226032e-09,9.3787489722e-08,0.0,0.0,-1.3595656432e-07,0.0,0.0,0.0,0.0,-1.5957122057e-08,0.24061771096,0.030428701281,0.071767654245,0.049507783377
e432,ok,,5.6877989696,145263930.52,562583.87815,1889759.5333,44353990.089,490666.77475,12359666.831,0.0,0.0,0.0,4470489.6374,-34749988.106,-501705.10905,-2275649.0715,0.0,0.0,117341.30938,0.0,0.0,0.0,0.0,-916503.89666,0.0,0.0,0.0,-6.8742954833e-08,2.0208636098e-08,1.6124621589e-09,9.0235641473e-08,0.0,0.0,-8.6144975931e-08,0.0,0.0,0.0,0.0,-2.5216534559e-08,0.23921966026,0.030774946137,0.048463774642,0.050765117127
e433,ok,,5.6613843983,144589313.77,482788.69807,1573396.5658,44379893.232,409961.61219,12251291.284,0.0,0.0,0.0,4275243.0394,-34936075.43,-136499.74791,-2104390.1866,0.0,0.0,141947.53873,0.0,0.0,0.0,0.0,-991844.66985,0.0,0.0,0.0,-7.4103124385e-08,1.997137382e-08,-6.4547025328e-09,9.7668575047e-08,0.0,0.0,-1.7834442476e-07,0.0,0.0,0.0,0.0,-8.1933413487e-09,0.24162280406,0.029568181271,0.086102672637,0.047153284189
e434,ok,,5.6507162921,144316854.95,423930.83531,1427677.1844,44354361.968,364422.22208,12196576.428,0.0,0.0,0.0,4210363.2758,-34774622.137,-580799.79241,-2281738.292,0.0,0.0,133753.30169,0.0,0.0,0.0,0.0,-842447.92359,0.0,0.0,0.0,-8.9369336777e-08,2.1021613694e-08,5.0675501662e-10,1.1912276466e-07,0.0,0.0,-1.7158799302e-07,0.0,0.0,0.0,0.0,-3.8716231131e-08,0.24096022707,0.029174438962,0.072741441209,0.050499813125
e435,ok,,5.6907657188,145339700.02,566392.68508,1926028.8715,44327744.659,498975.12777,12365647.426,0.0,0.0,0.0,4785266.8635,-34894430.356,51809.273027,-2285947.5089,0.0,0.0,95160.924536,0.0,0.0,0.0,0.0,-1165364.7798,0.0,0.0,0.0,-6.5343440982e-08,1.932875926e-08,-5.2369702476e-09,9.1153487135e-08,0.0,0.0,-8.9681519295e-08,0.0,0.0,0.0,0.0,2.6702632991e-09,0.24008877376,0.032924705796,0.050794956516,0.051628668333
e471,ok,,5.5515884219,141785171.93,91437.640786,488214.92485,44022846.834,96497.219298,11679837.062,0.0,0.0,0.0,4734155.4246,-34203914.394,166425.75422,-2429118.4181,0.0,0.0,15428.06502,0.0,0.0,0.0,0.0,-1188170.295,0.0,0.0,0.0,-3.3614092536e-07,1.9327353626e-08,-3.826919266e-08,6.055488501e-07,0.0,0.0,-5.5130615268e-07,0.0,0.0,0.0,0.0,4.091488137e-08,0.24123759861,0.033389637014,0.050410133952,0.055369958234
e472,ok,,5.6635280275,144644061.13,304278.92794,1045189.2712,44808808.336,251100.16325,12375994.383,0.0,0.0,0.0,-1.1871204342,-34559764.358,0.85316073545,-0.22127941389,0.0,0.0,-72781.874255,0.0,0.0,0.0,0.0,-0.35561385685,0.0,0.0,0.0,8.1833971014e-14,1.9305900438e-08,-1.7390099053e-14,1.1872158045e-14,0.0,0.0,2.2885289714e-07,0.0,0.0,0.0,0.0,2.0570513621e-13,0.23892971538,-8.2071840691e-09,-0.069635114197,3.6124475222e-09
e473,ok,,5.7111844027,145861184.39,504715.13711,1734212.9897,44773405.439,430756.27309,12579799.138,0.0,0.0,0.0,0.070388383113,-34512862.987,0.31813542704,-0.68895095465,0.0,0.0,-103500.33702,0.0,0.0,0.0,0.0,-0.3250512419,0.0,0.0,0.0,1.2345914597e-14,1.8809079621e-08,-2.3278281766e-15,2.9647298152e-14,0.0,0.0,1.1824778083e-07,0.0,0.0,0.0,0.0,5.6912005391e-14,0.2366144436,4.8257103772e-10,-0.059681444916,1.4963440152e-08
e474,ok,,5.6742765665,144918574.18,419443.26778,1407648.152,44707477.592,347830.85884,12397489.224,0.0,0.0,0.0,0.77825458836,-34405089.67,-0.50936846441,-1.1201448408,0.0,0.0,-63546.418591,0.0,0.0,0.0,0.0,-0.63983853204,0.0,0.0,0.0,9.6146918347e-15,1.9149829085e-08,1.0845863423e-14,6.0960128938e-14,0.0,0.0,1.0762761995e-07,0.0,0.0,0.0,0.0,1.0553085931e-13,0.23740979971,5.3702887484e-09,-0.045143680615,2.5569315686e-08
e475,ok,,5.6910218343,145346241.09,513197.04244,1645315.3476,44751043.501,418906.93363,12485001.16,0.0,0.0,0.0,0.032742594292,-34497949.092,1.2271863815,-0.49812699391,0.0,0.0,-21351.318778,0.0,0.0,0.0,0.0,-0.28848787641,0.0,0.0,0.0,1.2201699794e-14,1.9010821552e-08,-1.6394560835e-14,2.0996237227e-14,0.0,0.0,2.5286656613e-08,0.0,0.0,0.0,0.0,5.3673717605e-14,0.23735012913,2.2527307239e-10,-0.012977037387,1.0775206847e-08
e476,ok,,5.6803293871,145073160.6,614233.69834,1963503.9555,44433618.565,516157.44795,12348526.607,0.0,0.0,0.0,1.6617502953,-34675632.792,-1.8160279375,-0.74878957372,0.0,0.0,46652.557831,0.0,0.0,0.0,0.0,-0.093286083667,0.0,0.0,0.0,-3.358879206e-14,1.9356292691e-08,2.0200824517e-14,2.5854640276e-14,0.0,0.0,-3.8682099722e-08,0.0,0.0,0.0,0.0,-4.7680983552e-14,0.23902169532,1.1454567394e-08,0.023759849172,1.5880791316e-08
e477,ok,,5.6599519826,144552730.49,506952.19833,1650163.9445,44440970.1,425841.27681,12260022.976,0.0,0.0,0.0,-0.96226761544,-34623774.976,-1.6721255046,0.42664435342,0.0,0.0,11592.766149,0.0,0.0,0.0,0.0,-0.10744031699,0.0,0.0,0.0,3.1135795708e-14,1.9536953053e-08,2.2937929432e-14,-1.945859545e-14,0.0,0.0,-1.3857757937e-08,0.0,0.0,0.0,0.0,6.4726569643e-14,0.23952349332,-6.6568622548e-09,0.0070252208501,-9.8645777398e-09
e478,ok,,5.6874551209,145255148.77,476050.70308,1662351.9745,44614490.503,411943.53461,12429093.122,0.0,0.0,0.0,-14.847044618,-34389747.291,-26.533660177,-15.762141783,0.0,0.0,-97772.220722,0.0,0.0,0.0,0.0,9.6855163265,0.0,0.0,0.0,-3.7196620056e-14,1.904837828e-08,4.0573643525e-13,8.1561895078e-13,0.0,0.0,1.2354901436e-07,0.0,0.0,0.0,0.0,-1.2051398878e-12,0.23675406746,-1.0221355142e-07,-0.058815595153,3.8827597496e-07
e49,ok,,5.6510111479,144324385.43,160024.01164,807571.37725,44437254.137,167927.66212,12222437.51,0.0,0.0,0.0,8493069.8405,-35716753.264,-741820.98175,-4229452.0017,0.0,0.0,222750.24123,0.0,0.0,0.0,0.0,-1899484.6144,0.0,0.0,0.0,-3.7473090856e-07,2.6458661497e-08,-8.7667490203e-08,5.752914892e-07,0.0,0.0,-1.1768239208e-06,0.0,0.0,0.0,0.0,-9.8584048295e-08,0.24747552645,0.058847088211,0.1883200848,0.092060451964
e479,ok,,5.7002285735,145581377.24,523170.68038,1831443.7788,44605423.483,456196.26113,12483433.522,0.0,0.0,0.0,0.9834455517,-34353653.574,-1.7236341568,-0.58254486504,0.0,0.0,-107121.29822,0.0,0.0,0.0,0.0,-0.18999337025,0.0,0.0,0.0,-1.6551342681e-14,1.8903101027e-08,2.2811872835e-14,2.928321289e-14,0.0,0.0,1.1179923678e-07,0.0,0.0,0.0,0.0,-7.3883335261e-15,0.23597560503,6.7552977611e-09,-0.058490082772,1.5320118411e-08
e485,ok,,5.6236203514,143624836.31,371763.59201,1175067.222,44439144.699,302253.72314,12100195.023,0.0,0.0,0.0,975207.00989,-34635501.078,-391954.63711,-528763.64743,0.0,0.0,43688.184982,0.0,0.0,0.0,0.0,-121241.80892,0.0,0.0,0.0,-2.9974702338e-08,2.0213715933e-08,6.4692275918e-09,3.1220479791e-08,0.0,0.0,-8.9324095346e-08,0.0,0.0,0.0,0.0,-3.1151664547e-08,0.2411525887,0.0067899608099,0.033207446539,0.011606637711
e520,ok,,5.6327960037,143859178.51,484385.55621,1600514.5976,44204555.165,411190.04532,12076931.808,0.0,0.0,0.0,-27.660675403,-34342112.586,73.585854504,47.562311455,0.0,0.0,30516.494014,0.0,0.0,0.0,0.0,-15.743927946,0.0,0.0,0.0,1.5418733676e-12,1.9766638403e-08,-9.9897901119e-13,-2.1557617324e-12,0.0,0.0,-3.9362603145e-08,0.0,0.0,0.0,0.0,4.5000967145e-12,0.23872034403,-1.9227605558e-07,0.019066676418,-1.0442198458e-06
e502,ok,,5.650241431,144304727.2,555110.9476,1724393.3228,44267286.678,461549.225,12169703.568,0.0,0.0,0.0,1321581.7282,-34977514.419,-409536.5173,-749450.00989,0.0,0.0,168342.0432,0.0,0.0,0.0,0.0,-198594.70935,0.0,0.0,0.0,-2.5093780658e-08,2.0170326879e-08,2.6562977737e-09,2.8941343608e-08,0.0,0.0,-1.6860484623e-07,0.0,0.0,0.0,0.0,-2.1673602122e-08,0.24238647686,0.0091582705147,0.093594395959,0.016065656675
e521,ok,,5.6192241623,143512559.54,432143.73292,1394866.4115,44249331.926,359029.35699,12030491.387,0.0,0.0,0.0,21.180016227,-34397799.091,34.603747502,19.056432537,0.0,0.0,46466.551168,0.0,0.0,0.0,0.0,-14.194321036,0.0,0.0,0.0,9.4899826832e-14,1.992312129e-08,-5.2944962731e-13,-9.3628421144e-13,0.0,0.0,-7.7086726509e-08,0.0,0.0,0.0,0.0,2.1109418214e-12,0.23968493908,1.47583015e-07,0.033312545753,-4.0460935421e-07
e540,ok,,5.6724892618,144872927.19,645616.2552,1984163.4273,44283280.661,538585.27973,12272209.606,0.0,0.0,0.0,1774647.8349,-35165296.195,-118690.83811,-782297.85814,0.0,0.0,210756.70316,0.0,0.0,0.0,0.0,-393584.84478,0.0,0.0,0.0,-2.4109331805e-08,1.9852228142e-08,-1.4807882344e-09,2.692625881e-08,0.0,0.0,-1.6288604581e-07,0.0,0.0,0.0,0.0,-5.6249707703e-09,0.24273200575,0.012249685771,0.10516187892,0.01738403038
e541,ok,,5.6664658057,144719090.72,649583.64055,1976031.8019,44252170.788,537386.44842,12238289.897,0.0,0.0,0.0,1738970.0576,-35156263.835,-225086.98766,-825568.87937,0.0,0.0,254091.88946,0.0,0.0,0.0,0.0,-353818.77627,0.0,0.0,0.0,-2.4894514712e-08,1.999005195e-08,-9.32673454e-10,2.7730486989e-08,0.0,0.0,-1.9467605638e-07,0.0,0.0,0.0,0.0,-1.043459002e-08,0.24292761694,0.012016175951,0.12645838143,0.018013270692
e543,ok,,5.681623283,145106206.15,664243.40282,2060862.7761,44310539.734,557442.47987,12319751.103,0.0,0.0,0.0,1824858.9637,-35074794.817,-341898.68354,-848294.52879,0.0,0.0,184179.6616,0.0,0.0,0.0,0.0,-336819.19949,0.0,0.0,0.0,-2.6228957086e-08,1.9843879039e-08,1.3461289097e-09,2.7821777236e-08,0.0,0.0,-1.297544494e-07,0.0,0.0,0.0,0.0,-1.5184772139e-08,0.24171808876,0.012576022847,0.086188537002,0.018480431984
e542,ok,,5.6781242008,145016841.1,657364.88929,2013855.0993,44332417.703,546045.05069,12310896.998,0.0,0.0,0.0,1692545.9982,-35111353.972,-483993.65965,-833759.17272,0.0,0.0,209947.43289,0.0,0.0,0.0,0.0,-262360.93427,0.0,0.0,0.0,-2.6681448734e-08,1.9989600829e-08,2.7330269301e-09,2.6956922076e-08,0.0,0.0,-1.5169439805e-07,0.0,0.0,0.0,0.0,-2.1932488035e-08,0.24211914772,0.011671375444,0.099718571179,0.017720534096
e544,ok,,5.6844712256,145178941.37,664034.28833,2089001.5105,44296626.924,562544.07046,12327889.391,0.0,0.0,0.0,1984458.4104,-35035844.336,-206338.82896,-894328.02475,0.0,0.0,155102.3106,0.0,0.0,0.0,0.0,-416555.6112,0.0,0.0,0.0,-2.6467722873e-08,1.9710227141e-08,6.96481038e-11,2.989819459e-08,0.0,0.0,-1.0880645034e-07,0.0,0.0,0.0,0.0,-8.990816965e-09,0.24132869412,0.01366905139,0.072251213821,0.019853426367
e545,ok,,5.6844257143,145177779.03,633149.72921,2037589.2389,44304902.664,542438.72971,12329454.17,0.0,0.0,0.0,2122307.4663,-34965285.21,-78366.486622,-927036.86295,0.0,0.0,101134.14193,0.0,0.0,0.0,0.0,-488460.28686,0.0,0.0,0.0,-2.7766783401e-08,1.9585244991e-08,-7.3894711821e-10,3.2911209616e-08,0.0,0.0,-7.7121261404e-08,0.0,0.0,0.0,0.0,-3.3920621856e-09,0.24084460751,0.014618679804,0.048829305774,0.020837723456
e547,ok,,5.6861165458,145220962.14,652461.9921,2071461.043,44322061.923,554382.53094,12342207.896,0.0,0.0,0.0,1990884.7314,-34945096.644,-404549.64007,-934034.71442,0.0,0.0,128245.52188,0.0,0.0,0.0,0.0,-357442.88544,0.0,0.0,0.0,-2.9004133982e-08,1.9784679119e-08,2.5863295764e-09,3.1493223622e-08,0.0,0.0,-8.8571600014e-08,0.0,0.0,0.0,0.0,-1.7776410292e-08,0.24063396998,0.013709348169,0.057789602589,0.020548131422
e546,ok,,5.6684679606,144770224.9,575399.08462,1825352.2208,44334668.367,485574.91797,12267793.013,0.0,0.0,0.0,1750881.2757,-34951172.993,-280791.29769,-776963.57696,0.0,0.0,110795.67827,0.0,0.0,0.0,0.0,-338123.62932,0.0,0.0,0.0,-2.8333776961e-08,1.9875928564e-08,1.7401621627e-09,2.9819903568e-08,0.0,0.0,-1.0079937195e-07,0.0,0.0,0.0,0.0,-1.419911017e-08,0.24142514815,0.012094208439,0.057999866351,0.017158345216
e548,ok,,5.6892730519,145301577.94,627505.4609,2044098.9945,44323182.03,540529.09398,12355643.088,0.0,0.0,0.0,1908011.9304,-34843761.359,-582814.3558,-896238.2829,0.0,0.0,79749.699477,0.0,0.0,0.0,0.0,-280804.44725,0.0,0.0,0.0,-3.0634557748e-08,1.9850846658e-08,5.3845394013e-09,3.1532808653e-08,0.0,0.0,-5.2975217162e-08,0.0,0.0,0.0,0.0,-2.646408513e-08,0.23980304861,0.013131391671,0.033242238061,0.019787009627
e550,ok,,5.6998676919,145572160.48,637795.72944,2148277.1017,44303921.61,561681.47187,12396409.02,0.0,0.0,0.0,2349206.5753,-34785530.642,-313865.86562,-1075714.9274,0.0,0.0,25736.131758,0.0,0.0,0.0,0.0,-467737.69492,0.0,0.0,0.0,-3.1942442044e-08,1.9518740085e-08,2.9774819986e-09,3.7977516269e-08,0.0,0.0,-1.3220334675e-08,0.0,0.0,0.0,0.0,-1.3446016216e-08,0.2389573015,0.01613774617,0.0084318729975,0.024221897691
e549,ok,,5.6968562036,145495248.38,662066.84803,2167638.1802,44310065.614,573923.81399,12385605.711,0.0,0.0,0.0,2422739.5856,-34895373.73,-130551.64593,-1107359.103,0.0,0.0,74010.882563,0.0,0.0,0.0,0.0,-544132.82392,0.0,0.0,0.0,-3.0259613776e-08,1.9454714491e-08,1.3196486624e-10,3.7602254451e-08,0.0,0.0,-4.9297274454e-08,0.0,0.0,0.0,0.0,-5.1957723517e-09,0.23983857974,0.016651674969,0.032638091114,0.024895206083
e551,ok,,5.7045129663,145690798.78,643073.9852,2181416.3938,44326872.111,567575.74714,12424066.963,0.0,0.0,0.0,2943716.1656,-34846056.689,76927.791925,-1391147.0648,0.0,0.0,20161.676833,0.0,0.0,0.0,0.0,-731184.56944,0.0,0.0,0.0,-3.467940975e-08,1.9175614496e-08,-1.3009291734e-09,4.8830915122e-08,0.0,0.0,-1.609331802e-08,0.0,0.0,0.0,0.0,3.8447964776e-09,0.23917815662,0.020205230463,0.010349194154,0.031401891188
e552,ok,,5.7077343648,145773071.91,620025.73886,2169729.555,44317373.268,557036.12856,12434751.563,0.0,0.0,0.0,2881319.663,-34736879.638,-111116.34934,-1366161.7569,0.0,0.0,-26740.629222,0.0,0.0,0.0,0.0,-655611.2681,0.0,0.0,0.0,-3.6549781782e-08,1.9254785059e-08,1.8476000956e-09,4.9775093765e-08,0.0,0.0,2.2423308241e-08,0.0,0.0,0.0,0.0,-4.4741302984e-09,0.23829421431,0.019765788189,-0.01390302826,0.030861839289
e553,ok,,5.7075775646,145769067.3,625627.95286,2155619.3391,44355878.876,555899.3622,12445791.246,0.0,0.0,0.0,3078039.614,-34820442.694,163870.00701,-1429225.412,0.0,0.0,-9466.191669,0.0,0.0,0.0,0.0,-788943.89737,0.0,0.0,0.0,-3.6130926276e-08,1.9037689996e-08,-1.6138733692e-09,5.1492374872e-08,0.0,0.0,3.1038288772e-09,0.0,0.0,0.0,0.0,7.7588171078e-09,0.23887401723,0.021115862721,-0.0019418421064,0.032215069079
e554,ok,,5.7096222315,145821287.21,596609.61593,2124288.7604,44353124.9,539562.4507,12453370.678,0.0,0.0,0.0,2982971.301,-34706421.794,-12375.510674,-1379399.9068,0.0,0.0,-57421.054985,0.0,0.0,0.0,0.0,-709224.71329,0.0,0.0,0.0,-3.7939131927e-08,1.9114078433e-08,1.5502121413e-09,5.2141289741e-08,0.0,0.0,4.5610897669e-08,0.0,0.0,0.0,0.0,-1.1042716943e-10,0.23800655212,0.020456350085,-0.02721190014,0.031107994847
e555,ok,,5.6772715494,144995064.75,489082.21424,1701596.8481,44411991.317,430598.84364,12326778.253,0.0,0.0,0.0,2559472.4381,-34821576.248,370884.28375,-1092348.9131,0.0,0.0,-32766.736598,0.0,0.0,0.0,0.0,-729655.29505,0.0,0.0,0.0,-3.5788386827e-08,1.9150446416e-08,-4.2122548007e-09,5.0056116306e-08,0.0,0.0,2.8408521e-08,0.0,0.0,0.0,0.0,2.1662090743e-08,0.24015697575,0.017652134868,-0.013894102354,0.024481556199
e556,ok,,5.6839868646,145166571.0,485474.99154,1713848.7973,44435938.596,431247.6032,12363121.021,0.0,0.0,0.0,3115054.0154,-34866551.762,403570.65496,-1371412.245,0.0,0.0,-39855.157174,0.0,0.0,0.0,0.0,-873268.93814,0.0,0.0,0.0,-4.411877534e-08,1.8983016493e-08,-4.2877004188e-09,6.3278517445e-08,0.0,0.0,3.2927227033e-08,0.0,0.0,0.0,0.0,2.3461345893e-08,0.24018306364,0.021458480378,-0.015985345266,0.030720137722
e557,ok,,5.6918765924,145368071.24,483685.91431,1737518.6242,44455745.324,434467.22229,12403652.139,0.0,0.0,0.0,3697847.176,-34917123.009,431407.64796,-1667027.6923,0.0,0.0,-45706.654667,0.0,0.0,0.0,0.0,-1022000.0835,0.0,0.0,0.0,-5.2579350168e-08,1.8800255955e-08,-4.2733760268e-09,7.7193374543e-08,0.0,0.0,3.5131521157e-08,0.0,0.0,0.0,0.0,2.4825570553e-08,0.24019802086,0.02543782238,-0.016992621932,0.037337347944
e558,ok,,5.7050551565,145704646.08,484874.55081,1779474.907,44559025.316,436905.96573,12492016.818,0.0,0.0,0.0,3635618.8568,-34646055.199,51675.368775,-1839693.2456,0.0,0.0,-78210.585018,0.0,0.0,0.0,0.0,-880566.1796,0.0,0.0,0.0,-5.6410033259e-08,1.8962205188e-08,2.9842588709e-09,8.5047019967e-08,0.0,0.0,8.817225765e-08,0.0,0.0,0.0,0.0,2.945972347e-09,0.23778277584,0.02495197617,-0.042752483822,0.041237135604
e559,ok,,5.709659961,145822250.78,484719.77954,1824476.7606,44528514.462,443218.76147,12504474.5,0.0,0.0,0.0,4270014.0319,-34681474.817,151044.04805,-2147195.5795,0.0,0.0,-81594.507717,0.0,0.0,0.0,0.0,-1061072.9352,0.0,0.0,0.0,-6.4113159839e-08,1.8786776861e-08,2.1810732101e-09,9.9197740202e-08,0.0,0.0,8.4026960933e-08,0.0,0.0,0.0,0.0,8.2131091361e-09,0.23783390142,0.029282321518,-0.040729529979,0.048083106762
e560,ok,,5.7207772887,146106182.55,483831.15284,1875082.6485,44534011.249,450940.32273,12555757.23,0.0,0.0,0.0,4912273.5718,-34756954.563,252119.33631,-2463570.9457,0.0,0.0,-87239.636123,0.0,0.0,0.0,0.0,-1244384.7489,0.0,0.0,0.0,-7.1369988006e-08,1.8516318164e-08,1.4319762743e-09,1.1388152784e-07,0.0,0.0,8.0784690581e-08,0.0,0.0,0.0,0.0,1.3389899192e-08,0.23788832173,0.033621257403,-0.039086149976,0.0550994309
e561,ok,,5.7355978242,146484692.63,533859.16133,2058314.6924,44515362.635,500167.06794,12616806.214,0.0,0.0,0.0,5218868.2834,-34723612.896,69069.245422,-2640073.7954,0.0,0.0,-79591.746531,0.0,0.0,0.0,0.0,-1258001.9745,0.0,0.0,0.0,-7.0446082976e-08,1.8671529384e-08,3.3169104544e-09,1.1098482748e-07,0.0,0.0,6.8703866203e-08,0.0,0.0,0.0,0.0,3.3103557496e-09,0.2370460167,0.035627396894,-0.036678188392,0.05925026692
e58,ok,,5.5929302001,142841023.1,78242.822077,635950.99216,44111873.085,106146.34497,11882446.436,0.0,0.0,0.0,6554302.0783,-34779133.094,320052.67078,-3323565.7394,0.0,0.0,43305.323985,0.0,0.0,0.0,0.0,-1688195.4923,0.0,0.0,0.0,-4.1443040031e-07,1.7271141762e-08,-1.1453878386e-07,9.7283345955e-07,0.0,0.0,-1.3548826621e-06,0.0,0.0,0.0,0.0,7.3215254696e-08,0.24348140569,0.045885292168,0.10600984307,0.076117235287
e562,ok,,5.6880721993,145270908.7,435996.95333,1608630.2357,44522455.288,391870.68133,12406589.353,0.0,0.0,0.0,3962700.9037,-34771912.615,276893.06063,-1932332.3995,0.0,0.0,-62347.108309,0.0,0.0,0.0,0.0,-1031898.3917,0.0,0.0,0.0,-6.5500949007e-08,1.8853520385e-08,-7.6563832121e-10,9.9102669273e-08,0.0,0.0,7.1756643928e-08,0.0,0.0,0.0,0.0,1.7152139792e-08,0.23935909073,0.027278007272,-0.031285678134,0.04320846187
e580,ok,,5.6796004887,145054544.86,516932.30871,1813821.612,44296080.811,459689.40849,12307220.28,0.0,0.0,0.0,4441572.8388,-34734176.104,228752.48511,-2032416.7485,0.0,0.0,21872.801275,0.0,0.0,0.0,0.0,-1133559.2668,0.0,0.0,0.0,-6.3645293555e-08,1.9095198153e-08,-4.4342702755e-09,8.8940030008e-08,0.0,0.0,-3.4521271938e-08,0.0,0.0,0.0,0.0,1.237263253e-08,0.23945596561,0.030620018444,0.017845160803,0.045975975049
e583,ok,,5.6957812818,145467795.33,619313.60575,2030690.5374,44345521.113,535438.64389,12392710.758,0.0,0.0,0.0,4408571.2046,-34904401.95,-612199.18297,-2303759.0589,0.0,0.0,177173.41138,0.0,0.0,0.0,0.0,-871550.57002,0.0,0.0,0.0,-6.3322856099e-08,2.0318427839e-08,9.0783805566e-10,8.2304616015e-08,0.0,0.0,-1.1556153048e-07,0.0,0.0,0.0,0.0,-2.8071286965e-08,0.23994590604,0.030306166356,0.071568828131,0.050972368514
e582,ok,,5.6674275054,144743652.12,512083.84499,1681544.4991,44341839.676,438329.82295,12267152.059,0.0,0.0,0.0,4347944.8988,-34889002.545,-394349.68815,-2221756.5032,0.0,0.0,157938.85796,0.0,0.0,0.0,0.0,-928710.48626,0.0,0.0,0.0,-7.3872431414e-08,2.0369746168e-08,-2.6342258629e-09,9.6426618048e-08,0.0,0.0,-1.6045549293e-07,0.0,0.0,0.0,0.0,-2.2190186142e-08,0.24103994914,0.030038933212,0.082166665769,0.04937851333
e585,ok,,5.6642128956,144661552.37,492275.66713,1642535.6087,44326098.572,425035.39788,12248511.61,0.0,0.0,0.0,4410534.7982,-34844129.407,-332968.55435,-2241312.43,0.0,0.0,134070.39295,0.0,0.0,0.0,0.0,-962445.24934,0.0,0.0,0.0,-7.634934375e-08,2.028910737e-08,-2.6800952974e-09,1.0163206597e-07,0.0,0.0,-1.4497787714e-07,0.0,0.0,0.0,0.0,-1.9190181254e-08,0.24086655256,0.030488645572,0.071369081188,0.050030993077
e584,ok,,5.7004365227,145586688.18,645627.71764,2081984.6601,44371571.551,552609.32936,12420890.03,0.0,0.0,0.0,4351859.7576,-34969853.384,-704501.7059,-2304739.4032,0.0,0.0,212064.46527,0.0,0.0,0.0,0.0,-830272.71295,0.0,0.0,0.0,-6.1600581374e-08,2.0411241741e-08,1.0205141702e-09,7.8400395888e-08,0.0,0.0,-1.3049915647e-07,0.0,0.0,0.0,0.0,-3.1329410967e-08,0.24019952526,0.029891879622,0.084253872547,0.050617468659
e587,ok,,5.6936621085,145413672.57,603632.49466,2010808.5835,44319171.19,527009.12885,12376310.614,0.0,0.0,0.0,4634241.3252,-34964180.743,45994.623905,-2181897.8337,0.0,0.0,119170.536,0.0,0.0,0.0,0.0,-1128245.4201,0.0,0.0,0.0,-5.995744993e-08,1.9360347037e-08,-5.4478005444e-09,8.1662596954e-08,0.0,0.0,-1.0004600817e-07,0.0,0.0,0.0,0.0,2.1401846642e-09,0.24044630828,0.031869364436,0.06039102149,0.04929419712
e59,ok,,5.5829379568,142585825.51,76442.561041,480868.82238,44226425.063,88649.760704,11867857.343,0.0,0.0,0.0,5308693.6015,-34814788.93,249335.25143,-2691799.8453,0.0,0.0,23137.274154,0.0,0.0,0.0,0.0,-1367993.2159,0.0,0.0,0.0,-4.0330983221e-07,1.8135030228e-08,-7.5630055731e-08,8.0210815882e-07,0.0,0.0,-1.0422549295e-06,0.0,0.0,0.0,0.0,6.823046922e-08,0.24416725017,0.037231566198,0.079672636067,0.061315201892
e591,ok,,5.7529041148,146926687.82,458533.74656,1922710.585,44622990.623,450259.04624,12726092.658,0.0,0.0,0.0,6894094.8601,-34649135.619,-78187.22599,-3421944.7418,0.0,0.0,-73636.747223,0.0,0.0,0.0,0.0,-1604967.9284,0.0,0.0,0.0,-1.0506849586e-07,1.8703007137e-08,7.8444574905e-09,1.6739990074e-07,0.0,0.0,9.0324241485e-08,0.0,0.0,0.0,0.0,-3.6368002777e-09,0.23582601726,0.04692200554,-0.041416712853,0.076758503659
e598,ok,,5.615443846,143416011.89,236764.58882,1024581.3948,44199200.567,226899.60315,11998038.263,0.0,0.0,0.0,3780253.5162,-33961004.347,-1151378.6919,-2303608.91,0.0,0.0,-2899.096325,0.0,0.0,0.0,0.0,-554415.73451,0.0,0.0,0.0,-1.4571305554e-07,2.3894604059e-08,3.9364337824e-08,2.2704206682e-07,0.0,0.0,2.5931385818e-07,0.0,0.0,0.0,0.0,-1.2516786133e-07,0.23680064659,0.026358657351,-0.061396339008,0.053755521595
e593,ok,,5.6116785905,143319848.89,215218.37135,1012849.1354,44124269.247,215433.58475,11959283.7,0.0,0.0,0.0,3669678.2108,-33818710.423,-1249563.6099,-2245078.8541,0.0,0.0,-30081.748053,0.0,0.0,0.0,0.0,-491804.41319,0.0,0.0,0.0,-1.5299806917e-07,2.4541496247e-08,5.0959493273e-08,2.4878384753e-07,0.0,0.0,4.2955429613e-07,0.0,0.0,0.0,0.0,-1.4520759812e-07,0.23596669047,0.025604814958,-0.09244797602,0.053542854484
e603,ok,,5.7063112276,145736725.6,771349.14682,2508289.0284,44151457.039,669272.80451,12385037.407,0.0,0.0,0.0,3340811.8212,-34569900.302,-334743.51285,-1613388.6543,0.0,0.0,159622.38861,0.0,0.0,0.0,0.0,-686848.83398,0.0,0.0,0.0,-3.7271388595e-08,1.9472121891e-08,2.7283930646e-10,4.679963359e-08,0.0,0.0,-7.6174777834e-08,0.0,0.0,0.0,0.0,-1.2742003572e-08,0.23720788402,0.022923609732,0.058757349892,0.036098857441
e604,ok,,5.7139068694,145930715.01,757317.2078,2450661.4064,44259749.884,656636.84557,12448837.783,0.0,0.0,0.0,3750013.5423,-34893650.848,-51278.702447,-1743012.2165,0.0,0.0,152640.01003,0.0,0.0,0.0,0.0,-881098.58391,0.0,0.0,0.0,-3.959001183e-08,1.9257053879e-08,-2.7175146103e-09,5.1907281304e-08,0.0,0.0,-8.1156359611e-08,0.0,0.0,0.0,0.0,-1.9048822164e-09,0.23911107984,0.025697218999,0.061461107656,0.039310277341
e61,ok,,5.6022165356,143078192.1,75420.919815,651832.99294,44169575.942,107222.91591,11937383.207,0.0,0.0,0.0,6771754.9773,-34754457.17,156753.19627,-3478596.2276,0.0,0.0,48936.532321,0.0,0.0,0.0,0.0,-1687691.3083,0.0,0.0,0.0,-4.3328064603e-07,1.8795211159e-08,-1.0403169498e-07,1.0486498552e-06,0.0,0.0,-1.246517123e-06,0.0,0.0,0.0,0.0,3.3435275826e-08,0.2429053419,0.047329050487,0.094013467986,0.079090136642
e62,ok,,5.5776424783,142450581.28,75606.314708,499595.10725,44166026.101,90823.064515,11829102.898,0.0,0.0,0.0,5396569.916,-34601039.695,66807.75262,-2813944.2658,0.0,0.0,31013.761219,0.0,0.0,0.0,0.0,-1327461.929,0.0,0.0,0.0,-4.1335296687e-07,1.9952453128e-08,-6.26196479e-08,8.4410683263e-07,0.0,0.0,-9.3375236352e-07,0.0,0.0,0.0,0.0,1.5491074682e-08,0.24289855038,0.037883804106,0.070597575055,0.063819806834
e625,ok,,5.6771010036,144990709.09,416436.90121,1324226.3918,44732756.757,341156.27909,12414933.767,0.0,0.0,0.0,1898868.9277,-34844508.198,-1360177.5914,-1208777.5478,0.0,0.0,69933.698465,0.0,0.0,0.0,0.0,-53060.766686,0.0,0.0,0.0,-6.1229301254e-08,2.13696726e-08,2.1383503985e-08,6.3123505007e-08,0.0,0.0,-6.0044618798e-08,0.0,0.0,0.0,0.0,-9.5215747005e-08,0.2403223518,0.013096486938,0.025004794986,0.026286956819
e63,ok,,5.577303756,142441930.46,37722.928094,404007.18379,44222555.802,59763.341017,11842431.381,0.0,0.0,0.0,5543824.9323,-34752597.39,214604.74989,-2792302.9962,0.0,0.0,20233.868789,0.0,0.0,0.0,0.0,-1412427.5485,0.0,0.0,0.0,-6.3058153719e-07,1.7414997215e-08,-1.5288465952e-07,1.6846351051e-06,0.0,0.0,-2.2167475239e-06,0.0,0.0,0.0,0.0,8.4578859263e-08,0.24397729852,0.038919894686,0.083622207444,0.063549368932
e635,ok,,5.6390154522,144018020.54,297510.52676,1003191.4175,44555712.025,248467.29368,12196482.069,0.0,0.0,0.0,1616458.4761,-34758993.104,-1516573.7686,-1097893.011,0.0,0.0,32161.499252,0.0,0.0,0.0,0.0,53021.049959,0.0,0.0,0.0,-8.040618065e-08,2.2740859132e-08,3.4366205015e-08,8.3521074611e-08,0.0,0.0,1.7578284041e-08,0.0,0.0,0.0,0.0,-1.4623551594e-07,0.24135169317,0.011224001483,-0.0052297245445,0.024848398903
e636,ok,,5.6435104672,144132821.29,308791.3209,1050581.0731,44548279.416,260084.4861,12214558.735,0.0,0.0,0.0,2083890.0153,-34743685.117,-1407509.6302,-1341365.6927,0.0,0.0,38277.906634,0.0,0.0,0.0,0.0,-88362.614081,0.0,0.0,0.0,-8.6936035512e-08,2.2707959986e-08,3.0460398535e-08,9.8014156566e-08,0.0,0.0,1.2767536128e-08,0.0,0.0,0.0,0.0,-1.3030836155e-07,0.24105325079,0.0144581227,-0.0039425043457,0.030265920873
e637,ok,,5.6507968596,144318912.6,318465.35504,1098171.3414,44554754.944,271401.23371,12248613.935,0.0,0.0,0.0,2613339.5381,-34712239.988,-1328861.7975,-1612976.0598,0.0,0.0,45459.513046,0.0,0.0,0.0,0.0,-235096.31918,0.0,0.0,0.0,-9.5119672771e-08,2.2716513789e-08,2.7438345265e-08,1.1401020468e-07,0.0,0.0,7.6904713695e-09,0.0,0.0,0.0,0.0,-1.1836395017e-07,0.24052453945,0.018108087783,-0.0024491486951,0.036308300311
e638,ok,,5.6612521447,144585936.07,330711.34899,1159120.1814,44573730.856,285782.51956,12300159.866,0.0,0.0,0.0,3616491.3236,-34707806.965,-1523740.0826,-2097942.7518,0.0,0.0,70797.85342,0.0,0.0,0.0,0.0,-419188.06302,0.0,0.0,0.0,-1.1806276026e-07,2.3857795312e-08,2.9615539793e-08,1.4258075375e-07,0.0,0.0,2.6211067266e-09,0.0,0.0,0.0,0.0,-1.2771769712e-07,0.24004967502,0.025012746204,-0.00086682974138,0.047153073413
e639,ok,,5.6674065326,144743116.48,340038.48949,1216670.0224,44554666.942,298454.75151,12322609.391,0.0,0.0,0.0,4125184.1331,-34723159.921,-1431409.6194,-2356400.2643,0.0,0.0,78238.256843,0.0,0.0,0.0,0.0,-565335.70912,0.0,0.0,0.0,-1.2305086534e-07,2.3733471711e-08,2.6092440633e-08,1.5550973902e-07,0.0,0.0,-5.924318633e-09,0.0,0.0,0.0,0.0,-1.1536309543e-07,0.23989506904,0.028500036709,0.0020144963592,0.052879296756
e64,ok,,5.5840201461,142613464.16,163861.13844,618846.50521,44308591.456,143805.8833,11893075.269,0.0,0.0,0.0,3370975.3799,-34568377.021,52860.679762,-1737014.9515,0.0,0.0,8523.1728747,0.0,0.0,0.0,0.0,-831952.80285,0.0,0.0,0.0,-1.6226283588e-07,2.0178301943e-08,-6.0260882401e-09,2.3936822221e-07,0.0,0.0,-1.0448647884e-07,0.0,0.0,0.0,0.0,8.685641696e-09,0.24239209968,0.023637146742,0.017121273375,0.039223149396
e642,ok,,5.6552911774,144433695.54,532551.61457,1701292.0253,44295622.538,446426.70232,12200421.916,0.0,0.0,0.0,2815360.5808,-34751762.542,-641841.53104,-1584810.4925,0.0,0.0,158081.51698,0.0,0.0,0.0,0.0,-484581.46255,0.0,0.0,0.0,-5.2169549399e-08,2.0551016609e-08,3.353138642e-09,6.503612892e-08,0.0,0.0,-1.4909416437e-07,0.0,0.0,0.0,0.0,-3.5400854427e-08,0.24060703018,0.019492408404,0.079400337961,0.034635095462
e654,ok,,5.7058276118,145724374.26,642555.92216,2208275.1343,44252921.045,572702.58876,12411459.44,0.0,0.0,0.0,4956269.6924,-34660975.725,-250102.55377,-2499761.5722,0.0,0.0,114066.07641,0.0,0.0,0.0,0.0,-1102007.7637,0.0,0.0,0.0,-6.1956686975e-08,1.9548422511e-08,-1.4012024475e-09,8.7516406641e-08,0.0,0.0,-7.0428922465e-08,0.0,0.0,0.0,0.0,-1.0812452101e-08,0.23785297347,0.034011260763,0.045254521221,0.056234185374
e655,ok,,5.6989094964,145547688.58,664143.78761,2209164.4115,44273231.524,579420.06095,12386434.153,0.0,0.0,0.0,4052010.3349,-34670732.974,-265420.3217,-2063381.6903,0.0,0.0,123093.8481,0.0,0.0,0.0,0.0,-883786.95274,0.0,0.0,0.0,-5.074839384e-08,1.9565966551e-08,-7.8072660179e-10,6.9724235198e-08,0.0,0.0,-7.5462716972e-08,0.0,0.0,0.0,0.0,-1.1347073934e-08,0.23820875009,0.027839743623,0.050118094673,0.046306917653
e656,ok,,5.6897829922,145314601.6,591019.95306,2017100.5463,44259797.352,521348.62916,12342610.118,0.0,0.0,0.0,4771525.1563,-34686206.194,-423784.3681,-2507306.9985,0.0,0.0,142025.86348,0.0,0.0,0.0,0.0,-1010324.7475,0.0,0.0,0.0,-6.7746663063e-08,2.00475694e-08,-8.0570035771e-10,9.4912186884e-08,0.0,0.0,-9.8985249699e-08,0.0,0.0,0.0,0.0,-1.9989039301e-08,0.23869732162,0.03283582726,0.05850225763,0.056094996237
e657,ok,,5.6805673949,145079239.22,565233.81279,1905101.6733,44279972.83,493096.69713,12308229.043,0.0,0.0,0.0,4694277.686,-34753406.268,-290697.77002,-2440427.434,0.0,0.0,152246.06548,0.0,0.0,0.0,0.0,-1037199.6997,0.0,0.0,0.0,-6.9061700502e-08,1.9953316613e-08,-3.4667444884e-09,9.6679681167e-08,0.0,0.0,-1.2649915409e-07,0.0,0.0,0.0,0.0,-1.4384885881e-08,0.23954775648,0.032356646692,0.071501599181,0.054646624805
e66,ok,,5.6174998259,143468520.73,238415.36564,885377.20607,44402428.298,210188.92336,12063964.36,0.0,0.0,0.0,4018265.8016,-34810648.102,185584.77154,-2045896.3518,0.0,0.0,17222.650972,0.0,0.0,0.0,0.0,-1028015.1169,0.0,0.0,0.0,-1.2817377498e-07,1.9549346579e-08,-1.0361486106e-08,1.9377408305e-07,0.0,0.0,-1.2209811705e-07,0.0,0.0,0.0,0.0,2.0916657504e-08,0.24263614014,0.028007996326,0.02911006722,0.046198718862
e662,ok,,5.6731954854,144890963.84,548647.04077,1774837.5427,44344847.811,466445.55432,12294216.468,0.0,0.0,0.0,4303084.5372,-34991954.144,-29943.738101,-2126942.802,0.0,0.0,175605.46352,0.0,0.0,0.0,0.0,-1027594.3033,0.0,0.0,0.0,-6.41598769e-08,1.9704504585e-08,-8.1866092941e-09,8.7301036133e-08,0.0,0.0,-1.7886263681e-07,0.0,0.0,0.0,0.0,-2.0269944101e-09,0.24150542738,0.029698777779,0.098132456391,0.047897455131
e664,ok,,5.6788701561,145035892.48,654329.05661,2036526.3286,44298245.978,547544.64713,12305776.988,0.0,0.0,0.0,2828824.0111,-34948111.626,-222616.87916,-1398285.4929,0.0,0.0,210404.16074,0.0,0.0,0.0,0.0,-611641.81876,0.0,0.0,0.0,-3.8123398035e-08,1.9798715463e-08,-2.2733046779e-09,4.7474937547e-08,0.0,0.0,-1.5261743078e-07,0.0,0.0,0.0,0.0,-1.03884143e-08,0.24096181317,0.019504303127,0.099862019504,0.031064231098
e664ex,ok,,5.7161154951,145987122.36,360374.25298,1508107.2736,44504283.483,357123.95937,12524222.446,0.0,0.0,0.0,761327.95142,-35950317.618,-2524018.1835,-2019616.1989,0.0,0.0,132775.92733,0.0,0.0,0.0,0.0,511174.47925,0.0,0.0,0.0,-5.3022398478e-08,2.2693197535e-08,3.6137517963e-08,1.2448464829e-07,0.0,0.0,-3.2736490111e-08,0.0,0.0,0.0,0.0,-1.562046768e-07,0.24625677277,0.0052150349916,0.011797388169,0.044861062134
e668,ok,,5.653716267,144393473.01,464579.30982,1543796.1876,44326704.946,397421.92118,12203117.987,0.0,0.0,0.0,4123449.171,-34834072.554,-43588.020278,-2083712.1673,0.0,0.0,121481.39493,0.0,0.0,0.0,0.0,-981975.92524,0.0,0.0,0.0,-7.2491434959e-08,1.9845005366e-08,-7.178261129e-09,1.0102048699e-07,0.0,0.0,-1.6652211319e-07,0.0,0.0,0.0,0.0,-2.6355455697e-09,0.24124409386,0.028557032981,0.077362728417,0.046932028126
e67,ok,,5.6308939089,143810599.83,313110.24045,1092952.1995,44425117.667,269223.74199,12128654.068,0.0,0.0,0.0,3676237.5567,-34832076.968,174314.77945,-1869963.8946,0.0,0.0,30857.120206,0.0,0.0,0.0,0.0,-940492.72691,0.0,0.0,0.0,-9.1234671707e-08,1.9593537078e-08,-8.3033316227e-09,1.3487351203e-07,0.0,0.0,-1.1160828554e-07,0.0,0.0,0.0,0.0,1.5336498737e-08,0.24220799447,0.025563050019,0.034945697123,0.042230277782
e678,ok,,5.6874435119,145254852.28,535163.80815,1807051.0361,44373515.117,466159.77485,12365685.556,0.0,0.0,0.0,5518668.3684,-35089738.139,303518.18752,-2638053.3002,0.0,0.0,144156.76684,0.0,0.0,0.0,0.0,-1420910.8691,0.0,0.0,0.0,-7.782057865e-08,1.8984586189e-08,-1.3859656465e-08,1.1224217073e-07,0.0,0.0,-1.677174369e-07,0.0,0.0,0.0,0.0,1.5222137317e-08,0.24157360383,0.037993005272,0.089756302226,0.060067947521
e68,ok,,5.6464949868,144209044.63,397433.63287,1330976.5744,44445757.328,336851.11414,12202776.712,0.0,0.0,0.0,3349526.1676,-34853320.965,132747.85489,-1708826.3332,0.0,0.0,50000.654933,0.0,0.0,0.0,0.0,-847855.48894,0.0,0.0,0.0,-6.6699062824e-08,1.9596565009e-08,-6.2620611324e-09,9.7051338399e-08,0.0,0.0,-1.0417132684e-07,0.0,0.0,0.0,0.0,9.3228099868e-09,0.24168609573,0.023226879952,0.041401188867,0.038571465995
e682,ok,,5.6549644892,144425352.06,573367.86581,1796516.8279,44253439.69,476374.6982,12188964.684,0.0,0.0,0.0,2917053.8984,-34826368.309,-433150.2904,-1585705.2775,0.0,0.0,213311.57712,0.0,0.0,0.0,0.0,-573871.65947,0.0,0.0,0.0,-4.7773310694e-08,2.0293364612e-08,-1.225206542e-09,6.0621339003e-08,0.0,0.0,-1.9199708007e-07,0.0,0.0,0.0,0.0,-2.2309326413e-08,0.24113749983,0.020197658214,0.11008495604,0.034758327767
e694,ok,,5.6843772352,145176540.9,589601.04468,1915897.0285,44321026.338,503033.21807,12338823.775,0.0,0.0,0.0,5284130.6663,-35155909.592,466135.29538,-2445369.1312,0.0,0.0,209886.98804,0.0,0.0,0.0,0.0,-1414565.64,0.0,0.0,0.0,-6.7082411842e-08,1.8894443939e-08,-1.7267072933e-08,9.578301123e-08,0.0,0.0,-2.0855008171e-07,0.0,0.0,0.0,0.0,2.1744093418e-08,0.24215971378,0.036397965081,0.12296134604,0.056473763484
e71,ok,,5.5267993096,141152068.7,57894.236537,383632.29077,43895333.266,67905.932749,11541399.962,0.0,0.0,0.0,4701279.8307,-33903722.96,266417.29512,-2350717.6815,0.0,0.0,2023.1553114,0.0,0.0,0.0,0.0,-1202027.1536,0.0,0.0,0.0,-4.6814481204e-07,1.7858667944e-08,-5.5290757856e-08,9.2949703288e-07,0.0,0.0,-7.3347131848e-07,0.0,0.0,0.0,0.0,9.2906000411e-08,0.24019288752,0.033306489051,0.042463762005,0.053812521082
e715,ok,,5.6458701286,144193086.03,398230.01084,1522800.8044,44191781.865,366171.1458,12127890.474,0.0,0.0,0.0,2529643.4661,-34323122.976,-445096.28544,-1476039.2365,0.0,0.0,-57140.545451,0.0,0.0,0.0,0.0,-472183.26143,0.0,0.0,0.0,-5.4870956839e-08,2.0217535057e-08,1.0636730176e-08,8.5077827146e-08,0.0,0.0,1.1873042707e-07,0.0,0.0,0.0,0.0,-2.9265022452e-08,0.23803584431,0.017543444945,-0.047282019261,0.033880544027
e748,ok,,5.7542072058,146959968.21,676447.95542,2536843.6412,44342931.634,632862.23983,12650668.218,0.0,0.0,0.0,4836193.593,-34473452.43,235248.81894,-2257245.8688,0.0,0.0,-112159.64766,0.0,0.0,0.0,0.0,-1210995.0339,0.0,0.0,0.0,-4.9754614407e-08,1.8242365407e-08,8.6834125761e-10,7.4944875053e-08,0.0,0.0,5.8379155279e-08,0.0,0.0,0.0,0.0,9.5594823672e-09,0.23457716309,0.032908237883,-0.039490460228,0.050696307498
e793,ok,,5.6985572757,145538693.01,470440.95515,1744500.135,44511722.623,426112.63773,12450562.956,0.0,0.0,0.0,4228640.179,-34552225.736,-134323.43458,-2143700.7026,0.0,0.0,-57313.910478,0.0,0.0,0.0,0.0,-964863.36684,0.0,0.0,0.0,-6.9933382753e-08,1.9287712953e-08,5.4814080705e-09,1.0260831489e-07,0.0,0.0,7.7718596311e-08,0.0,0.0,0.0,0.0,-7.3613999398e-09,0.23740920728,0.029055092439,-0.036562010681,0.048271153661
e817,ok,,5.5915821422,142806594.28,274833.56355,934472.26029,44213007.156,231507.25535,11900028.056,0.0,0.0,0.0,2319105.8345,-34662230.295,861499.57374,-997753.62636,0.0,0.0,27588.735547,0.0,0.0,0.0,0.0,-812293.34193,0.0,0.0,0.0,-4.8142507187e-08,1.9396455369e-08,-2.5164299628e-08,8.5712021481e-08,0.0,0.0,-1.8308025482e-07,0.0,0.0,0.0,0.0,9.0526924856e-08,0.24272149665,0.016239487022,0.05031659885,0.023556540303
e818,ok,,5.5643517653,142111142.21,198812.49439,693545.28935,44122111.64,168508.00196,11758485.487,0.0,0.0,0.0,2301899.297,-34562231.218,820977.21021,-998970.16468,0.0,0.0,18409.420213,0.0,0.0,0.0,0.0,-794390.8715,0.0,0.0,0.0,-6.729603224e-08,1.934882154e-08,-3.3171129107e-08,1.189148855e-07,0.0,0.0,-2.682713011e-07,0.0,0.0,0.0,0.0,1.1837898038e-07,0.24320563948,0.016197880484,0.053335686544,0.023641765007
e836,ok,,5.60444651,143135144.68,372576.07902,1157623.2057,44268528.787,303064.91286,11970786.962,0.0,0.0,0.0,-0.26417837532,-34788537.644,-0.85610008196,-0.69093279555,0.0,0.0,91404.124985,0.0,0.0,0.0,0.0,-0.40571618,0.0,0.0,0.0,3.757173589e-14,2.0303326098e-08,1.3721521625e-14,3.7793096646e-14,0.0,0.0,-2.1192568888e-07,0.0,0.0,0.0,0.0,1.2952964042e-13,0.24304679135,-1.8456569553e-09,0.078958442205,1.4080803763e-08
e837,ok,,5.648763545,144266982.62,542773.49082,1759662.9326,44237832.967,459785.47117,12155093.708,0.0,0.0,0.0,1.2805295796,-34680124.197,-7.3925361588,-0.60810607934,0.0,0.0,63469.888298,0.0,0.0,0.0,0.0,-0.71440090963,0.0,0.0,0.0,-1.8168104812e-15,1.9776770977e-08,9.44534912e-14,1.4220998596e-14,0.0,0.0,-6.6453769362e-08,0.0,0.0,0.0,0.0,7.2749250691e-14,0.24038850447,8.8761098094e-09,0.036069344375,7.7187810507e-09
e838,ok,,5.6768401094,144984045.96,696715.97913,2228656.319,44148306.019,595744.13369,12253283.546,0.0,0.0,0.0,22.272213861,-34847303.355,-2.3059383479,-19.27441765,0.0,0.0,133522.73596,0.0,0.0,0.0,0.0,-5.5088116459,0.0,0.0,0.0,-2.5273555879e-13,1.961536878e-08,-1.3837059377e-14,6.221388997e-13,0.0,0.0,-8.5991663504e-08,0.0,0.0,0.0,0.0,2.1319075866e-14,0.24035267553,1.536183772e-07,0.059911766035,4.3345411266e-07
e850,ok,,5.5618107057,142046244.64,147736.8706,478037.06465,44261212.821,119686.60867,11783133.748,0.0,0.0,0.0,1490661.2528,-34828703.085,522562.93706,-601702.1373,0.0,0.0,27239.431377,0.0,0.0,0.0,0.0,-515783.2123,0.0,0.0,0.0,-6.1537757733e-08,2.002721528e-08,-3.1720907933e-08,9.7771668744e-08,0.0,0.0,-4.8623185476e-07,0.0,0.0,0.0,0.0,1.0656294679e-07,0.24519270589,0.010494196848,0.071834372608,0.014444480373
e851,ok,,5.5748733822,142379859.76,185523.69398,616609.77378,44273168.602,153827.2445,11842902.699,0.0,0.0,0.0,2094068.9683,-34848462.979,460432.36891,-951395.76814,0.0,0.0,31221.562046,0.0,0.0,0.0,0.0,-646279.97966,0.0,0.0,0.0,-7.763044482e-08,1.9792851086e-08,-2.4839153998e-08,1.1958073024e-07,0.0,0.0,-3.5938816258e-07,0.0,0.0,0.0,0.0,7.3413580993e-08,0.2447569694,0.014707620669,0.066675019493,0.022185058803
e852,ok,,5.5878518482,142711324.18,223020.54449,764980.42317,44271672.73,189583.63338,11898879.889,0.0,0.0,0.0,2623185.7423,-34828377.885,358699.17018,-1262144.9688,0.0,0.0,29093.518677,0.0,0.0,0.0,0.0,-744931.46009,0.0,0.0,0.0,-8.5614985438e-08,1.9758010576e-08,-1.7258008194e-08,1.2970755855e-07,0.0,0.0,-2.3045895312e-07,0.0,0.0,0.0,0.0,4.6434679093e-08,0.24404775224,0.018381062311,0.051397081208,0.028927450332
e853,ok,,5.6079807046,143225406.5,279344.75239,984159.25975,44282806.075,242859.48623,11989037.402,0.0,0.0,0.0,2944786.791,-34801829.212,281682.88003,-1460239.4309,0.0,0.0,18260.37428,0.0,0.0,0.0,0.0,-798013.39968,0.0,0.0,0.0,-7.7773604679e-08,1.9733347871e-08,-9.7856386419e-09,1.1868753673e-07,0.0,0.0,-1.0020452339e-07,0.0,0.0,0.0,0.0,2.8324197372e-08,0.24298642304,0.02056050573,0.027991607776,0.033154740559
e854,ok,,5.64143122,144079718.19,363463.99751,1269197.7101,44382932.626,316903.01085,12161978.85,0.0,0.0,0.0,3323526.3114,-34915811.111,153181.70005,-1648903.7019,0.0,0.0,14299.061196,0.0,0.0,0.0,0.0,-850802.66168,0.0,0.0,0.0,-6.9934683153e-08,1.9665042617e-08,-4.3316009945e-09,1.0236658208e-07,0.0,0.0,-4.333301942e-08,0.0,0.0,0.0,0.0,1.1776884002e-08,0.24233675322,0.023067273821,0.015749992462,0.037206567135
e855,ok,,5.6855087063,145205438.18,493277.1002,1710324.4981,44458823.166,433803.6689,12377059.307,0.0,0.0,0.0,3953668.3221,-34963887.873,40589.485425,-1954091.196,0.0,0.0,16565.2461,0.0,0.0,0.0,0.0,-965013.1481,0.0,0.0,0.0,-6.2182302637e-08,1.9389113811e-08,-1.4899634294e-09,8.9123669281e-08,0.0,0.0,-2.1749483879e-08,0.0,0.0,0.0,0.0,2.423610208e-09,0.24078910756,0.0272281009,0.010728522339,0.043962665142
e856,ok,,5.7349672075,146468586.95,649035.8821,2238921.1342,44511367.39,577213.51422,12612133.702,0.0,0.0,0.0,4547838.6435,-34967758.909,-96916.043608,-2238242.4022,0.0,0.0,15144.017607,0.0,0.0,0.0,0.0,-1057947.1337,0.0,0.0,0.0,-5.4704169259e-08,1.9049981881e-08,6.1715675481e-10,7.746104849e-08,0.0,0.0,-7.0678277136e-09,0.0,0.0,0.0,0.0,-3.8186213479e-09,0.23873896537,0.031049925026,0.0045872737946,0.050274999935
e857,ok,,5.7884311976,147834034.16,806742.92973,2763336.5936,44592035.187,724877.70828,12875899.105,0.0,0.0,0.0,5129997.3178,-34926331.974,-220714.34646,-2487966.8048,0.0,0.0,6812.6796403,0.0,0.0,0.0,0.0,-1146964.714,0.0,0.0,0.0,-4.9516029564e-08,1.8599047869e-08,1.9289112429e-09,6.9173566381e-08,0.0,0.0,2.4680496088e-09,0.0,0.0,0.0,0.0,-6.9659047945e-09,0.23625366224,0.034701057487,-0.0019910815721,0.055805285601
e862,ok,,6.0683903499,154984070.09,1971123.6296,6146146.9991,44702684.921,1833193.8158,14206067.623,0.0,0.0,0.0,18.507397282,-35086303.573,8.3714439162,-8.2308403733,0.0,0.0,14834.583555,0.0,0.0,0.0,0.0,-0.22398694191,0.0,0.0,0.0,-9.9615243979e-14,1.5935902984e-08,-3.0695407542e-14,9.3640028416e-14,0.0,0.0,-1.2244993296e-09,0.0,0.0,0.0,0.0,-1.5228345964e-13,0.22638651542,1.1941483581e-07,0.002413639563,1.8457607269e-07
e858,ok,,5.8465102843,149317348.99,987535.72392,3356440.0153,44661411.241,896888.27208,13160935.64,0.0,0.0,0.0,5459843.1357,-34804147.475,-389867.47615,-2590793.0413,0.0,0.0,-17658.442509,0.0,0.0,0.0,0.0,-1155365.7615,0.0,0.0,0.0,-4.3081181053e-08,1.8096012052e-08,3.3069513231e-09,5.8852742475e-08,0.0,0.0,1.2150187459e-08,0.0,0.0,0.0,0.0,-9.9340600694e-09,0.23308843688,0.036565363454,-0.011998744168,0.058119185645
e863,ok,,6.1481356519,157020730.68,2435086.0267,7367827.0123,44566998.638,2284370.9149,14544539.833,0.0,0.0,0.0,29.876564012,-35251188.887,14.429969685,-13.488258122,0.0,0.0,168844.9482,0.0,0.0,0.0,0.0,-1.4745785387,0.0,0.0,0.0,-1.1864987927e-13,1.5435360934e-08,-4.6863388363e-14,1.2733480365e-13,0.0,0.0,-9.410968982e-09,0.0,0.0,0.0,0.0,-1.5749276811e-13,0.22450022194,1.9027146213e-07,0.022916519066,3.100712011e-07
e864,ok,,6.226215751,159014862.71,2904725.9339,8566794.4289,44435922.954,2750386.097,14879519.862,0.0,0.0,0.0,2786.5646162,-35442809.631,-3996.5321224,-602.81807664,0.0,0.0,346811.35674,0.0,0.0,0.0,0.0,721.84640722,0.0,0.0,0.0,-1.3685621291e-11,1.497964586e-08,1.0360260139e-11,3.4168387319e-12,0.0,0.0,-1.3937013813e-08,0.0,0.0,0.0,0.0,-3.2815209477e-11,0.2228899175,1.7523925554e-05,0.040483205465,9.9249800764e-06
e874,ok,,5.5740720171,142359393.24,135886.79522,452718.68959,44391343.697,109758.56292,11870373.778,0.0,0.0,0.0,758757.4546,-34870443.648,-115680.03174,-487055.49097,0.0,0.0,-2787.5476777,0.0,0.0,0.0,0.0,-149958.46374,0.0,0.0,0.0,-5.5308244336e-08,2.0802564417e-08,6.4812135206e-09,8.0915029565e-08,0.0,0.0,6.5943641291e-08,0.0,0.0,0.0,0.0,-2.7551806569e-08,0.24494655993,0.0053298727771,-0.0089608700802,0.010995284053
e904,ok,,5.5706709377,142272531.14,217583.67887,654141.81905,44273923.439,170280.40883,11826353.811,0.0,0.0,0.0,1298773.6983,-34935088.873,-6424.7519613,-704984.67092,0.0,0.0,99493.564903,0.0,0.0,0.0,0.0,-315823.22352,0.0,0.0,0.0,-5.3987168529e-08,2.0777104652e-08,-1.0882172116e-08,7.308084789e-08,0.0,0.0,-6.9831274081e-07,0.0,0.0,0.0,0.0,-1.5350542286e-09,0.24555048393,0.0091287734034,0.15194145514,0.015901199739
e908,ok,,5.579103943,142487906.46,203734.62015,659875.27432,44276566.775,166990.86568,11863408.52,0.0,0.0,0.0,2689054.4608,-35041425.259,498908.01585,-1272432.2321,0.0,0.0,76043.050141,0.0,0.0,0.0,0.0,-802513.68407,0.0,0.0,0.0,-9.5467938822e-08,1.9596252078e-08,-3.7433938873e-08,1.4865097951e-07,0.0,0.0,-6.722060546e-07,0.0,0.0,0.0,0.0,7.1277417004e-08,0.24592560962,0.018872159243,0.1369516452,0.030285350845
ea61009,ok,,5.5541576692,141850789.39,178499.03723,606304.60066,44152465.761,147113.0229,11722879.321,0.0,0.0,0.0,0.15380994935,-34077155.145,0.59052312078,0.43473421254,0.0,0.0,-5351.091014,0.0,0.0,0.0,0.0,-0.09875261085,0.0,0.0,0.0,1.2384088514e-15,2.0492610252e-08,-2.2551941577e-14,-5.5822406242e-14,0.0,0.0,4.9444227504e-08,0.0,0.0,0.0,0.0,3.5836078167e-14,0.24023239695,1.0843080254e-09,-0.0088257470061,-9.9642457702e-09
ea61012,ok,,5.6293809205,143771958.76,322139.19245,1061481.0148,44491581.035,268873.81199,12138042.091,0.0,0.0,0.0,0.39194586489,-34603214.468,0.094565595744,-0.21158911414,0.0,0.0,-2864.1262905,0.0,0.0,0.0,0.0,-0.047282462316,0.0,0.0,0.0,-1.3609110303e-14,1.9828671399e-08,-1.9625785232e-15,1.4745105144e-14,0.0,0.0,8.3759941855e-09,0.0,0.0,0.0,0.0,-1.4417065163e-14,0.24068124805,2.7261634902e-09,-0.0026982360029,4.7499762635e-09
ea81006,ok,,5.5511191686,141773187.4,94004.206834,292302.3476,44301395.153,72714.356706,11748105.572,0.0,0.0,0.0,0.17032072255,-34687206.294,-0.016140825979,0.091730711195,0.0,0.0,12224.624699,0.0,0.0,0.0,0.0,-0.037311632559,0.0,0.0,0.0,-1.7770447685e-14,2.0826072656e-08,2.1744310991e-15,-2.2188825019e-14,0.0,0.0,-4.4489337869e-07,0.0,0.0,0.0,0.0,-5.104103431e-15,0.24466690022,1.2013606076e-09,0.041821849189,-2.0858428965e-09
ebambino7,ok,,5.6033265229,143106540.69,97386.420259,304438.71623,44669614.55,76619.518579,12069395.579,0.0,0.0,0.0,3622972.5015,-35563258.071,64111.858495,-1351064.5328,0.0,0.0,17382.076458,0.0,0.0,0.0,0.0,-905945.66581,0.0,0.0,0.0,-3.2891367503e-07,2.043727958e-08,-2.4484341378e-08,3.115102467e-07,0.0,0.0,-6.5168042792e-07,0.0,0.0,0.0,0.0,6.0605759461e-09,0.24850896331,0.025316610156,0.063464824028,0.0303368678
ec863914,ok,,5.6370183844,143967016.29,477059.13279,1626143.3781,44137783.031,406568.87273,12081440.816,0.0,0.0,0.0,4540743.1338,-34206866.537,667560.01579,-1877052.9235,0.0,0.0,40053.474638,0.0,0.0,0.0,0.0,-1273984.7597,0.0,0.0,0.0,-6.8118302449e-08,1.8571721753e-08,-1.3109347699e-08,9.0500028708e-08,0.0,0.0,-8.8213865987e-08,0.0,0.0,0.0,0.0,3.9718463221e-08,0.23760210788,0.031540162814,0.042083230408,0.043173865213
eh0009,ok,,5.5638122242,142097362.56,180368.66574,598921.66222,44251994.552,146487.55193,11790403.906,0.0,0.0,0.0,-28.254024651,-34391328.174,-56.104601532,8.8687540643,0.0,0.0,-4986.4017109,0.0,0.0,0.0,0.0,22.128856606,0.0,0.0,0.0,-7.8533295132e-13,2.0527414324e-08,2.1081132286e-12,-1.0526173575e-12,0.0,0.0,4.6158974116e-08,0.0,0.0,0.0,0.0,-8.8531145054e-12,0.24202650602,-1.9883567254e-07,-0.008325632573,-1.898591883e-07
eh1070,ok,,5.5326150165,141300599.34,108853.65297,371132.13673,44103161.071,88644.351545,11617269.303,0.0,0.0,0.0,681075.65026,-34214385.124,-380916.63911,-435571.0102,0.0,0.0,300.65596363,0.0,0.0,0.0,0.0,-55996.525521,0.0,0.0,0.0,-7.9980397038e-08,2.1594795882e-08,2.4125042092e-08,9.1475915112e-08,0.0,0.0,8.5679410969e-08,0.0,0.0,0.0,0.0,-1.0576605845e-07,0.24213899504,0.0048200478514,-0.0093265168679,0.0099574875184
eh1090,ok,,5.5622339372,142057053.79,179984.03972,603952.43885,44225737.465,147036.402,11776497.127,0.0,0.0,0.0,682789.67525,-34319579.414,-379335.56733,-433268.5608,0.0,0.0,-1243.6983996,0.0,0.0,0.0,0.0,-55401.338228,0.0,0.0,0.0,-4.7970976311e-08,2.0962698163e-08,1.4652132084e-08,5.4826677796e-08,0.0,0.0,4.5628149082e-08,0.0,0.0,0.0,0.0,-6.326839634e-08,0.24159011114,0.0048064468256,-0.0082123385966,0.0098679269539
eh1590,ok,,5.568958236,142228789.48,179940.05832,610825.41274,44261023.6,148185.10525,11814150.988,0.0,0.0,0.0,1024606.1535,-34400022.706,-568627.63544,-650131.7989,0.0,0.0,3164.9653671,0.0,0.0,0.0,0.0,-83116.651748,0.0,0.0,0.0,-7.1358643396e-08,2.1471420275e-08,2.1731003806e-08,8.2250591848e-08,0.0,0.0,4.7200501536e-08,0.0,0.0,0.0,0.0,-9.4076912102e-08,0.24186399133,0.0072039293681,-0.0084932609993,0.014800176294
eh2070,ok,,5.538328652,141446523.13,108729.93001,389214.79473,44108574.325,91143.953173,11641314.082,0.0,0.0,0.0,1358388.3251,-34204703.758,-755720.93953,-868095.49074,0.0,0.0,10942.631022,0.0,0.0,0.0,0.0,-111593.594,0.0,0.0,0.0,-1.54762018e-07,2.3664333835e-08,4.5866018168e-08,1.8265375686e-07,0.0,0.0,9.2956710648e-08,0.0,0.0,0.0,0.0,-2.0441625909e-07,0.24182074612,0.0096035469449,-0.010107176643,0.0198599302
eh2012,ok,,5.6201900356,143537227.53,318939.56363,1068766.6804,44416184.04,265911.64185,12078223.665,0.0,0.0,0.0,1384137.671,-34496402.362,-755785.54282,-863197.38443,0.0,0.0,8698.5024052,0.0,0.0,0.0,0.0,-109886.61387,0.0,0.0,0.0,-5.2920699118e-08,2.0881157338e-08,1.6264567421e-08,6.1251415109e-08,0.0,0.0,1.7579154019e-08,0.0,0.0,0.0,0.0,-6.9359332218e-08,0.24033069996,0.0096430570302,-0.0056066877119,0.019535499607
eh2010,ok,,5.588594871,142730300.66,225790.41492,769858.58832,44317101.785,187835.32391,11913715.817,0.0,0.0,0.0,1375940.1976,-34436482.004,-758923.10806,-867498.5563,0.0,0.0,8918.953629,0.0,0.0,0.0,0.0,-110614.37856,0.0,0.0,0.0,-7.5169961704e-08,2.1655679062e-08,2.2917698545e-08,8.7305774161e-08,0.0,0.0,3.4168974009e-08,0.0,0.0,0.0,0.0,-9.8917020459e-08,0.24126959618,0.0096401408195,-0.0077150268188,0.019712806972
eiffel371,ok,,5.6868030491,145238495.14,490796.99023,1550268.472,44632669.996,404073.81868,12431897.858,0.0,0.0,0.0,8964189.4004,-35042062.574,-993317.63332,-3492679.5787,0.0,0.0,141909.08863,0.0,0.0,0.0,0.0,-1872703.8479,0.0,0.0,0.0,-1.6659337374e-07,2.3308266245e-08,7.8369039016e-09,1.5764831453e-07,0.0,0.0,-8.4252919266e-08,0.0,0.0,0.0,0.0,-5.7751475372e-08,0.2412725534,0.061720478388,0.041351079194,0.077373318285
eh3012_fix,ok,,5.6381262345,143995310.31,317863.98782,1090935.3803,44483296.009,270003.2653,12173764.73,0.0,0.0,0.0,2075927.0653,-34643468.3,-1139738.3445,-1300273.4629,0.0,0.0,26914.748876,0.0,0.0,0.0,0.0,-161408.76264,0.0,0.0,0.0,-7.8094357441e-08,2.1948578246e-08,2.4030214615e-08,9.2496002572e-08,0.0,0.0,1.8509762329e-08,0.0,0.0,0.0,0.0,-1.028408252e-07,0.24058747626,0.014416629687,-0.0058835868675,0.029401148235
eh2510,ok,,5.6063472449,143183688.63,221150.25643,765104.84632,44429862.876,186428.7602,12019728.925,0.0,0.0,0.0,1715224.3755,-34683511.755,-945445.04293,-1083677.8647,0.0,0.0,15558.001202,0.0,0.0,0.0,0.0,-137857.45092,0.0,0.0,0.0,-9.4232051112e-08,2.234139036e-08,2.8904763206e-08,1.1128610787e-07,0.0,0.0,4.4380314098e-08,0.0,0.0,0.0,0.0,-1.2389325227e-07,0.24223088599,0.011979188355,-0.0098147178433,0.024610951292
eiffel10,ok,,5.6835422077,145155214.66,13952.942497,500767.56193,44983092.125,49632.726783,12503729.551,0.0,0.0,0.0,6059957.0673,-35485699.943,-799333.02476,-3392790.5958,0.0,0.0,116733.37155,0.0,0.0,0.0,0.0,-1228398.1751,0.0,0.0,0.0,-9.4048260646e-07,3.8601860668e-08,-5.574403083e-07,5.2638028888e-06,0.0,0.0,-8.0729899737e-06,0.0,0.0,0.0,0.0,-4.0777536368e-07,0.24446727613,0.041748118259,0.11264196488,0.073445539022
eiffel385,ok,,5.7034744394,145664275.28,372399.34865,1444603.8691,44690539.391,340487.54258,12521313.718,0.0,0.0,0.0,7923463.5184,-35070455.998,-2254927.4258,-4029399.4851,0.0,0.0,159415.63527,0.0,0.0,0.0,0.0,-1270340.0049,0.0,0.0,0.0,-1.9532236941e-07,2.9248144991e-08,4.2501982221e-08,2.4691937757e-07,0.0,0.0,8.2373145157e-08,0.0,0.0,0.0,0.0,-1.4949055433e-07,0.24076223172,0.054395379397,-0.030675705603,0.091952615375
eiffel428,ok,,5.6165827276,143445098.44,180879.46428,734518.96562,44405437.044,168029.53343,12058937.262,0.0,0.0,0.0,4924625.4639,-35024352.374,-1113826.771,-2744297.5827,0.0,0.0,87499.672576,0.0,0.0,0.0,0.0,-886913.24286,0.0,0.0,0.0,-2.4219309246e-07,2.6602919073e-08,2.5576789812e-08,3.3837267197e-07,0.0,0.0,-1.4005875255e-07,0.0,0.0,0.0,0.0,-1.5571103931e-07,0.2441655571,0.034331082188,0.02533375213,0.061204667633
eiffel430,ok,,5.6700061399,144809509.33,244519.73832,924143.78578,44697967.296,214864.49562,12373476.912,0.0,0.0,0.0,6245584.6048,-34968983.941,-1650877.1824,-3306487.3156,0.0,0.0,140976.78819,0.0,0.0,0.0,0.0,-1035806.5257,0.0,0.0,0.0,-2.433389236e-07,2.8849186053e-08,3.3910892905e-08,2.9989644715e-07,0.0,0.0,-8.2568653024e-08,0.0,0.0,0.0,0.0,-1.7768377386e-07,0.2414826492,0.043129657947,0.020189665431,0.073330600782
esa40,ok,,5.687271337,145250455.01,262035.85108,873060.81214,45024641.658,218720.38383,12537071.762,0.0,0.0,0.0,609223.08553,-35518359.236,-1363040.8793,-463507.49647,0.0,0.0,-13202.719472,0.0,0.0,0.0,0.0,250829.18852,0.0,0.0,0.0,-5.4809696953e-08,2.1274608531e-08,3.6013353287e-08,4.2929157909e-08,0.0,0.0,1.1899221158e-07,0.0,0.0,0.0,0.0,-1.4580128592e-07,0.24453182769,0.0041942938182,-0.031180225432,0.011248978429
falcon,ok,,5.688643758,145285506.05,447423.76009,1368656.5678,44883664.483,360089.16608,12507252.733,0.0,0.0,0.0,1254568.8524,-35358857.938,-522210.68972,-730894.68508,0.0,0.0,51478.449582,0.0,0.0,0.0,0.0,-149744.09178,0.0,0.0,0.0,-3.2384573642e-08,1.9864728851e-08,7.3837385227e-09,3.558408546e-08,0.0,0.0,-7.0165934858e-08,0.0,0.0,0.0,0.0,-3.4546190737e-08,0.24337498557,0.008635196218,0.031393906404,0.015921165316
fauvel,ok,,5.6910162259,145346097.87,395577.72924,1396257.497,44700998.76,343468.0836,12465444.36,0.0,0.0,0.0,1241272.3632,-34546331.567,-1354161.851,-844815.91089,0.0,0.0,-43770.305335,0.0,0.0,0.0,0.0,115457.15737,0.0,0.0,0.0,-4.7624466804e-08,2.0658705844e-08,2.4259607876e-08,5.162741245e-08,0.0,0.0,1.2550769631e-07,0.0,0.0,0.0,0.0,-9.5874925528e-08,0.23768324072,0.0085401148117,-0.049648049509,0.020422654584
fg1,ok,,5.6211310278,143561260.06,184154.06884,612299.38925,44641115.121,149940.79433,12142871.687,0.0,0.0,0.0,4338272.6368,-35134197.802,-890454.68436,-2201770.3309,0.0,0.0,85661.543844,0.0,0.0,0.0,0.0,-812082.39524,0.0,0.0,0.0,-2.3500824188e-07,2.4996538722e-08,1.4828790811e-08,2.6055468922e-07,0.0,0.0,-3.6989440865e-07,0.0,0.0,0.0,0.0,-1.3710938824e-07,0.24473313892,0.030218964607,0.068117560393,0.047982206174
fg2,ok,,5.6119274442,143326204.51,167640.73798,576909.3751,44565649.646,138830.81446,12081820.25,0.0,0.0,0.0,4136717.7567,-35145744.096,-897073.4779,-2116127.3991,0.0,0.0,68555.979922,0.0,0.0,0.0,0.0,-758132.3175,0.0,0.0,0.0,-2.4526314738e-07,2.550980248e-08,2.2397319951e-08,2.7796174066e-07,0.0,0.0,-2.6812954834e-07,0.0,0.0,0.0,0.0,-1.5277455477e-07,0.2452150618,0.028862257051,0.044949435357,0.046597711334
fg3,ok,,5.6456726853,144188043.4,267209.15825,915248.90396,44602260.516,225129.36302,12241876.163,0.0,0.0,0.0,5252098.1513,-35230391.098,-1013750.8113,-2691540.3444,0.0,0.0,124154.28137,0.0,0.0,0.0,0.0,-990748.23333,0.0,0.0,0.0,-1.8763778416e-07,2.4457076125e-08,9.7034741692e-09,2.2010496104e-07,0.0,0.0,-2.5724911799e-07,0.0,0.0,0.0,0.0,-1.0614297552e-07,0.24433642531,0.036425337548,0.068739320278,0.058814061367
fg4,ok,,5.7178582949,146031632.71,426807.85063,1396919.9034,44935986.31,355072.13393,12655666.228,0.0,0.0,0.0,6749360.5057,-35166831.645,-1430394.2132,-3339106.5697,0.0,0.0,185513.65466,0.0,0.0,0.0,0.0,-1207906.3343,0.0,0.0,0.0,-1.5239184065e-07,2.4082040876e-08,1.3166107603e-08,1.700606067e-07,0.0,0.0,-1.3255187811e-07,0.0,0.0,0.0,0.0,-9.2897533501e-08,0.24081653401,0.046218482807,0.056574182195,0.072583202024
fx049915,ok,,5.702591598,145641727.86,409372.3526,1580222.9598,44400684.922,384947.91733,12432957.602,0.0,0.0,0.0,4880900.1963,-35035206.058,-1513647.4225,-2839313.9206,0.0,0.0,86009.688197,0.0,0.0,0.0,0.0,-714778.18916,0.0,0.0,0.0,-1.1002430822e-07,2.3446501149e-08,2.2654877229e-08,1.5697188907e-07,0.0,0.0,1.6831198165e-08,0.0,0.0,0.0,0.0,-9.5978871969e-08,0.24055747327,0.033513061592,-0.0068902271898,0.06425995152
fx05188,ok,,5.7118633486,145878524.37,740670.75698,2410298.548,44239219.419,645427.07541,12432837.562,0.0,0.0,0.0,2916548.1969,-34955427.743,223861.45315,-1301365.5262,0.0,0.0,133681.4696,0.0,0.0,0.0,0.0,-763641.60062,0.0,0.0,0.0,-2.9041147037e-08,1.9122399582e-08,-4.4338364012e-09,4.0114765978e-08,0.0,0.0,-7.8568297283e-08,0.0,0.0,0.0,0.0,8.0725388428e-09,0.23962010785,0.01999299218,0.058193240223,0.029711834083
fx05191,ok,,5.7073228465,145762561.92,800781.20211,2525581.9419,44207555.232,683359.37998,12406327.585,0.0,0.0,0.0,2920267.5002,-34936529.399,230895.49913,-1294965.7962,0.0,0.0,211866.8437,0.0,0.0,0.0,0.0,-766239.82556,0.0,0.0,0.0,-2.7442086557e-08,1.9173174051e-08,-5.2835398256e-09,3.7146032484e-08,0.0,0.0,-1.0809935574e-07,0.0,0.0,0.0,0.0,7.8210767105e-09,0.23968108778,0.020034413925,0.086563932036,0.029745844546
fx057816,ok,,5.672162368,144864578.46,521019.12136,1894604.5281,43996400.478,476664.81252,12188157.174,0.0,0.0,0.0,4316156.749,-34554900.923,-1030804.3675,-2467560.8259,0.0,0.0,129262.64658,0.0,0.0,0.0,0.0,-715249.71362,0.0,0.0,0.0,-7.5366967538e-08,2.1529219991e-08,8.37252036e-09,1.0601255856e-07,0.0,0.0,-7.2306186396e-08,0.0,0.0,0.0,0.0,-5.4098409882e-08,0.23853243692,0.029794424523,0.037672905705,0.055234570116
fx082512,ok,,5.641474124,144080813.96,235634.78071,980709.53217,44400639.67,222147.1405,12163818.049,0.0,0.0,0.0,3350368.4806,-35179054.303,1283994.661,-1474553.7506,0.0,0.0,-63488.826426,0.0,0.0,0.0,0.0,-1200026.2159,0.0,0.0,0.0,-7.0054151183e-08,1.7890810024e-08,-2.6551696767e-08,1.3845576922e-07,0.0,0.0,8.9977247617e-08,0.0,0.0,0.0,0.0,1.4136618124e-07,0.24416196256,0.023253397789,-0.021201769011,0.032624994819
fx05h126,ok,,5.6422375016,144100310.29,299560.33237,1214457.1508,44207605.313,286960.04821,12113308.601,0.0,0.0,0.0,3440172.2223,-34649688.18,-1344053.9738,-2265123.5929,0.0,0.0,59040.133877,0.0,0.0,0.0,0.0,-427820.31898,0.0,0.0,0.0,-1.1072930185e-07,2.3527586998e-08,2.6434417489e-08,1.7203469939e-07,0.0,0.0,2.7166088039e-08,0.0,0.0,0.0,0.0,-1.1489739574e-07,0.24045533357,0.023873454646,-0.0081378823623,0.051534771729
fx08s176,ok,,5.7159065416,145981785.77,632124.0379,2226937.1344,44151084.872,576562.83646,12424614.115,0.0,0.0,0.0,5021218.0254,-34985487.509,-1186001.5859,-2766760.1923,0.0,0.0,186927.14447,0.0,0.0,0.0,0.0,-836530.32311,0.0,0.0,0.0,-7.1875240554e-08,2.1430580147e-08,7.1606526204e-09,9.7062933235e-08,0.0,0.0,-7.9891511806e-08,0.0,0.0,0.0,0.0,-5.1208727214e-08,0.23965652512,0.034396195381,0.050501345036,0.061355813287
fx2,ok,,5.746856475,146772233.71,935132.0058,2896364.5219,44197594.193,803668.65693,12578946.779,0.0,0.0,0.0,3398396.1998,-35726797.244,608777.2825,-1437551.087,0.0,0.0,334446.64322,0.0,0.0,0.0,0.0,-1015014.4354,0.0,0.0,0.0,-2.4282132866e-08,1.8993131158e-08,-9.2300389277e-09,3.6590385142e-08,0.0,0.0,-1.3076675072e-07,0.0,0.0,0.0,0.0,1.8575797455e-08,0.24341659414,0.023154217346,0.12228417389,0.034216840251
fx3,ok,,5.7103538888,145839973.42,897170.19259,2818304.5317,43874769.648,769378.44362,12328557.029,0.0,0.0,0.0,3585236.8614,-35211087.806,771901.56714,-1402989.9561,0.0,0.0,364903.00366,0.0,0.0,0.0,0.0,-1096198.4757,0.0,0.0,0.0,-2.6070905747e-08,1.9103017825e-08,-1.1544197886e-08,3.8364825204e-08,0.0,0.0,-1.5403031572e-07,0.0,0.0,0.0,0.0,2.431034602e-08,0.24143646615,0.024583362005,0.13819140802,0.034419777617
fx38153_fix,ok,,5.6475608898,144236267.33,610535.64673,1833868.1746,44266073.588,492536.71939,12161824.688,0.0,0.0,0.0,2557769.6979,-34712512.487,126087.05021,-984352.09092,0.0,0.0,228723.97782,0.0,0.0,0.0,0.0,-650656.56216,0.0,0.0,0.0,-3.4593573681e-08,1.9688849557e-08,-6.2259426569e-09,3.7011709481e-08,0.0,0.0,-2.0678563601e-07,0.0,0.0,0.0,0.0,5.858430079e-09,0.24066424575,0.017733193913,0.12625000202,0.022596967985
fx601001,ok,,5.5659495242,142151948.28,183406.716,791644.50485,44007347.549,173089.16069,11735493.32,0.0,0.0,0.0,3525053.6957,-34035512.856,157657.73851,-1759970.5923,0.0,0.0,-41063.965597,0.0,0.0,0.0,0.0,-894126.56259,0.0,0.0,0.0,-1.3735546839e-07,1.9815987914e-08,5.0110297604e-09,2.1719966765e-07,0.0,0.0,2.3939375209e-07,0.0,0.0,0.0,0.0,2.4674593724e-08,0.23943050565,0.024797786723,-0.0439064219,0.039835877759
fx60100,ok,,5.5466152762,141658159.93,187198.99965,788128.12815,43893849.698,173102.07915,11624101.395,0.0,0.0,0.0,3577803.9134,-33513030.546,144573.25295,-1758684.6786,0.0,0.0,-37025.595104,0.0,0.0,0.0,0.0,-892529.20584,0.0,0.0,0.0,-1.4048289419e-07,1.9795391689e-08,4.2751971353e-09,2.1333812336e-07,0.0,0.0,2.1169365027e-07,0.0,0.0,0.0,0.0,2.2912683598e-08,0.23657677442,0.025256603044,-0.039628839563,0.03993668328
fx60100sm,ok,,5.5514624548,141781954.78,186876.46441,784802.42839,43935998.568,172632.869,11655636.576,0.0,0.0,0.0,3560045.7669,-33604618.053,140524.18285,-1754969.784,0.0,0.0,-36672.143727,0.0,0.0,0.0,0.0,-888502.66903,0.0,0.0,0.0,-1.4017995068e-07,1.9797425573e-08,4.3568508964e-09,2.1306918722e-07,0.0,0.0,2.1177186251e-07,0.0,0.0,0.0,0.0,2.2222146208e-08,0.2370161852,0.025109300915,-0.039575176928,0.039817616383
fx60126,ok,,5.5983750359,142980081.82,295764.5215,1178628.2213,44073096.341,270253.09939,11892989.641,0.0,0.0,0.0,3599395.2765,-33726803.543,134688.62315,-1764309.3681,0.0,0.0,-60619.423329,0.0,0.0,0.0,0.0,-893501.33494,0.0,0.0,0.0,-8.9885889392e-08,1.9498182274e-08,3.726563808e-09,1.3486615227e-07,0.0,0.0,1.5842693913e-07,0.0,0.0,0.0,0.0,1.3832511854e-08,0.23588462892,0.025174102788,-0.046857067843,0.039888622993
fx601261,ok,,5.6494746657,144285144.34,293760.36751,1183057.6143,44433737.266,274138.9095,12210860.535,0.0,0.0,0.0,4022772.6079,-34613420.761,58910.441828,-2016241.452,0.0,0.0,-60404.624726,0.0,0.0,0.0,0.0,-987645.789,0.0,0.0,0.0,-1.0008295792e-07,1.9460954788e-08,6.4063704071e-09,1.5424731858e-07,0.0,0.0,1.6611650899e-07,0.0,0.0,0.0,0.0,6.751052993e-09,0.23989594299,0.027880712365,-0.048798446731,0.045311748992
fx60157,ok,,5.6663754771,144716783.8,574582.33644,1812924.4477,44361114.237,478621.99648,12268335.744,0.0,0.0,0.0,3060340.0381,-34692812.214,215797.91304,-1215862.2848,0.0,0.0,111906.04018,0.0,0.0,0.0,0.0,-798408.31157,0.0,0.0,0.0,-4.1538254883e-08,1.9321776179e-08,-5.8191059432e-09,4.8252635292e-08,0.0,0.0,-1.1310437779e-07,0.0,0.0,0.0,0.0,1.1028126536e-08,0.23972901624,0.021147098198,0.064987777651,0.027725111926
fx60160,ok,,5.6790287833,145039943.75,512481.51598,1704625.2598,44412655.629,443857.30718,12335264.051,0.0,0.0,0.0,3300602.1336,-35082170.692,155048.03621,-1602686.3142,0.0,0.0,68962.833505,0.0,0.0,0.0,0.0,-845379.31076,0.0,0.0,0.0,-4.9191319902e-08,1.9421508279e-08,-5.1408805998e-09,7.0713584728e-08,0.0,0.0,-8.5345703094e-08,0.0,0.0,0.0,0.0,8.5901189581e-09,0.24187937327,0.022756504508,0.043738095303,0.036239405101
fx60177,ok,,5.6968451948,145494967.15,737859.99943,2289127.4418,44359469.891,615075.3686,12403639.87,0.0,0.0,0.0,3094567.4767,-34682696.872,239799.84282,-1133117.567,0.0,0.0,156555.68674,0.0,0.0,0.0,0.0,-810376.90811,0.0,0.0,0.0,-3.230702467e-08,1.9029658784e-08,-4.8587936375e-09,3.5140740366e-08,0.0,0.0,-9.6311991422e-08,0.0,0.0,0.0,0.0,9.5295095287e-09,0.23837729614,0.021269240698,0.071064765936,0.025928946666
fx61140,ok,,5.6231806419,143613606.33,382782.93341,1352468.3584,44169112.18,336143.48578,12025304.331,0.0,0.0,0.0,2913324.1243,-34471243.149,47624.233788,-1211258.3642,0.0,0.0,-2957.0767291,0.0,0.0,0.0,0.0,-709961.18572,0.0,0.0,0.0,-5.9714394502e-08,1.990718681e-08,-7.0977291354e-10,7.1638292813e-08,0.0,0.0,3.1892187982e-09,0.0,0.0,0.0,0.0,2.6427769691e-09,0.24002769674,0.020285850336,-0.0012207785268,0.027421915867
fx61147,ok,,5.6734994347,144898726.57,437684.36906,1514921.5544,44455248.143,385680.78407,12322880.395,0.0,0.0,0.0,3710268.559,-35058888.347,-91908.237959,-1658472.1796,0.0,0.0,12298.899046,0.0,0.0,0.0,0.0,-870456.11601,0.0,0.0,0.0,-6.7778974296e-08,1.9784603202e-08,8.6580330537e-10,8.5208926847e-08,0.0,0.0,-1.3377520127e-08,0.0,0.0,0.0,0.0,-5.7356444432e-09,0.24195442691,0.025605943177,0.0058551314564,0.037294615385
fx61163,ok,,5.6600715946,144555785.33,525109.16342,1805347.9447,44179628.103,462515.22469,12188250.303,0.0,0.0,0.0,2951911.148,-34589749.678,-96966.904475,-1280892.0854,0.0,0.0,27009.886088,0.0,0.0,0.0,0.0,-676026.63858,0.0,0.0,0.0,-4.5437642852e-08,1.9745416089e-08,4.7642714648e-10,5.5157194621e-08,0.0,0.0,-2.5525617117e-08,0.0,0.0,0.0,0.0,-5.3777403356e-09,0.23928305325,0.020420567336,0.01340373545,0.028963548324
fx61168,ok,,5.6953947251,145457922.84,559811.19488,1905187.0201,44386518.325,494953.40924,12399863.365,0.0,0.0,0.0,3484081.7243,-35050459.725,-99365.884166,-1536294.4138,0.0,0.0,32310.922007,0.0,0.0,0.0,0.0,-809454.70324,0.0,0.0,0.0,-4.9574623483e-08,1.9553407727e-08,2.3899786155e-10,6.1767237925e-08,0.0,0.0,-2.7070143835e-08,0.0,0.0,0.0,0.0,-4.9030298023e-09,0.24096631549,0.02395250569,0.015154169566,0.034577991267
fx61184,ok,,5.7104983429,145843662.71,661333.56441,2258592.7373,44263912.79,590739.23581,12432413.21,0.0,0.0,0.0,3437826.2122,-34907122.456,66145.918144,-1531192.5537,0.0,0.0,43935.665167,0.0,0.0,0.0,0.0,-845727.77432,0.0,0.0,0.0,-3.9156192665e-08,1.9179740037e-08,-1.7330781323e-09,5.2353323032e-08,0.0,0.0,-3.0946123425e-08,0.0,0.0,0.0,0.0,3.1176809447e-09,0.23934617251,0.02357199585,0.020465710109,0.034623009729
fx63100,ok,,5.5826738708,142579080.87,189665.00298,824341.89392,44101481.331,181014.28205,11832962.071,0.0,0.0,0.0,4547551.5717,-34028776.152,79957.063024,-2233989.5518,0.0,0.0,-24650.532381,0.0,0.0,0.0,0.0,-1110384.033,0.0,0.0,0.0,-1.7341055783e-07,1.9802747639e-08,4.4689701022e-09,2.6684163899e-07,0.0,0.0,1.3175778231e-07,0.0,0.0,0.0,0.0,1.1689512575e-08,0.23866598062,0.031894942399,-0.024989840174,0.050610520252
fx62k153,ok,,5.6595071503,144541369.67,501998.89727,1699006.4462,44202509.318,439515.4952,12193745.483,0.0,0.0,0.0,4490524.138,-34862391.611,251370.5032,-2038717.7955,0.0,0.0,110022.3648,0.0,0.0,0.0,0.0,-1157535.2937,0.0,0.0,0.0,-6.7332185811e-08,1.936971082e-08,-9.9818243599e-09,9.2691111902e-08,0.0,0.0,-1.4258708003e-07,0.0,0.0,0.0,0.0,1.3891920711e-08,0.24119317321,0.031067397163,0.07157855694,0.046530835961
fx63120,ok,,5.6329014795,143861872.32,271643.79035,1169648.3499,44230708.225,262951.52085,12085279.716,0.0,0.0,0.0,5489101.8858,-34290053.466,81195.119369,-2684131.0667,0.0,0.0,-32544.754412,0.0,0.0,0.0,0.0,-1335517.8446,0.0,0.0,0.0,-1.4306565451e-07,1.9401151941e-08,3.7015947761e-09,2.2323960197e-07,0.0,0.0,8.6921386908e-08,0.0,0.0,0.0,0.0,8.5493297775e-09,0.23835400522,0.038155362483,-0.023611655002,0.060641651636
fx63110,ok,,5.6042896174,143131137.71,232220.37453,974353.00164,44181936.522,219058.73993,11947486.171,0.0,0.0,0.0,4559410.0861,-34132803.226,73604.85003,-2237662.1879,0.0,0.0,-32557.780133,0.0,0.0,0.0,0.0,-1110920.5725,0.0,0.0,0.0,-1.4326310415e-07,1.9676790452e-08,4.737144581e-09,2.1788522985e-07,0.0,0.0,1.2741654851e-07,0.0,0.0,0.0,0.0,9.0278993835e-09,0.23847224142,0.031854774294,-0.029588718617,0.05059738968
fx63137,ok,,5.6902338894,145326117.3,355930.13414,1518043.9688,44421247.544,349244.05658,12388425.148,0.0,0.0,0.0,6321142.8808,-34674140.033,108748.99441,-3064971.3124,0.0,0.0,-40502.082738,0.0,0.0,0.0,0.0,-1544982.6387,0.0,0.0,0.0,-1.2251422125e-07,1.8895908907e-08,2.5979402118e-09,1.9370396534e-07,0.0,0.0,6.1072197528e-08,0.0,0.0,0.0,0.0,8.502587422e-09,0.23859537898,0.043496262049,-0.021737435458,0.068945078368
fx63137sm,ok,,5.6857862137,145212525.6,355129.0609,1505294.2649,44395426.797,347621.70043,12361995.079,0.0,0.0,0.0,6318269.8659,-34589211.286,131159.68451,-3052808.3933,0.0,0.0,-42467.856951,0.0,0.0,0.0,0.0,-1547341.7566,0.0,0.0,0.0,-1.228174115e-07,1.8848003386e-08,2.3358724272e-09,1.9344798706e-07,0.0,0.0,6.2570235999e-08,0.0,0.0,0.0,0.0,9.8545217959e-09,0.23819716064,0.043510501866,-0.02222050915,0.068699001976
fx63143,ok,,5.6391563848,144021619.9,447436.93451,1474534.9087,44291971.443,377234.98671,12128489.833,0.0,0.0,0.0,2762305.3254,-34522832.957,-688922.46593,-1481416.5079,0.0,0.0,78906.223704,0.0,0.0,0.0,0.0,-455354.12086,0.0,0.0,0.0,-6.1661691369e-08,2.0821431335e-08,7.7666241241e-09,7.3453409738e-08,0.0,0.0,-8.4643249439e-08,0.0,0.0,0.0,0.0,-4.5196424618e-08,0.23970590652,0.019179796251,0.037872516056,0.032865768482
fx63145,ok,,5.6851362554,145195925.95,382834.6777,1467467.3463,44502805.881,354611.56907,12386408.454,0.0,0.0,0.0,4463242.9594,-34875977.849,-358188.46856,-2139366.7018,0.0,0.0,-44724.73718,0.0,0.0,0.0,0.0,-968362.1705,0.0,0.0,0.0,-9.2349838734e-08,2.016683901e-08,1.0822783444e-08,1.2646607125e-07,0.0,0.0,1.1025469693e-07,0.0,0.0,0.0,0.0,-2.3610571862e-08,0.24019942448,0.030739450369,-0.042209321365,0.048415597628
fx63147_fix,ok,,5.6054143052,143159861.75,487001.49327,1595378.3133,43983613.112,407900.29521,11901864.767,0.0,0.0,0.0,3370074.9008,-33849985.154,-182247.44454,-1490469.0163,0.0,0.0,90257.097147,0.0,0.0,0.0,0.0,-736521.48682,0.0,0.0,0.0,-6.0648497918e-08,2.0174493759e-08,-1.0463784545e-09,6.9135606565e-08,0.0,0.0,-1.0821740121e-07,0.0,0.0,0.0,0.0,-1.2426707653e-08,0.23644885333,0.023540640928,0.052702035989,0.033669143636
fx63158,ok,,5.6928654684,145393326.71,489164.29001,1718397.3543,44421832.706,438758.04118,12398526.019,0.0,0.0,0.0,4255478.755,-35031192.816,-185118.23931,-1910825.8292,0.0,0.0,21213.519148,0.0,0.0,0.0,0.0,-969523.90674,0.0,0.0,0.0,-6.9177950683e-08,1.9744747576e-08,1.7475310877e-09,8.7872541579e-08,0.0,0.0,-1.5763175826e-08,0.0,0.0,0.0,0.0,-1.0256484529e-08,0.24094085752,0.029268735033,0.0077107827112,0.042984109413
fx6617a2,ok,,5.7158929088,145981437.6,621901.79948,2175227.5724,44301212.663,563831.04556,12465717.192,0.0,0.0,0.0,3806873.4555,-35080334.279,-418931.69797,-1987388.1256,0.0,0.0,44612.478828,0.0,0.0,0.0,0.0,-788176.9843,0.0,0.0,0.0,-5.0575924649e-08,1.9793362354e-08,3.4933284783e-09,7.1961185105e-08,0.0,0.0,-1.9082710012e-08,0.0,0.0,0.0,0.0,-1.8018012146e-08,0.24030681473,0.026077791246,0.011867571695,0.044752790509
fx66a175,ok,,5.696787551,145493495.01,526019.5603,1980555.5458,44191562.494,491596.25109,12351170.754,0.0,0.0,0.0,4240220.3032,-34864701.654,-439976.27766,-2229815.0894,0.0,0.0,-13110.706873,0.0,0.0,0.0,0.0,-884568.0826,0.0,0.0,0.0,-6.446737997e-08,2.0090291972e-08,6.7432732117e-09,9.6271500243e-08,0.0,0.0,3.389256116e-08,0.0,0.0,0.0,0.0,-2.1660615201e-08,0.23963065601,0.029143710535,-0.017828150119,0.050640692227
fx6617ai,ok,,5.7343101304,146451805.49,654019.75092,2285047.1589,44361282.011,596017.66737,12563544.003,0.0,0.0,0.0,3560840.7169,-35263030.776,-333368.76167,-1889319.5804,0.0,0.0,36183.017003,0.0,0.0,0.0,0.0,-753097.31249,0.0,0.0,0.0,-4.4144783165e-08,1.9533034682e-08,2.6632668792e-09,6.5012743468e-08,0.0,0.0,-1.4709530641e-08,0.0,0.0,0.0,0.0,-1.3927547987e-08,0.24078249263,0.024314078648,0.0096203235659,0.042519618289
fx66196v,ok,,5.7309704965,146366512.68,712383.74281,2485226.1341,44203265.851,650318.97862,12505536.687,0.0,0.0,0.0,4076994.636,-35102750.592,-212637.43023,-2091505.2452,0.0,0.0,71538.23064,0.0,0.0,0.0,0.0,-913188.35659,0.0,0.0,0.0,-4.4735837157e-08,1.9409320997e-08,2.9675218829e-10,6.6253324898e-08,0.0,0.0,-3.4723338488e-08,0.0,0.0,0.0,0.0,-7.9418842004e-09,0.2398277444,0.027854695459,0.024736341835,0.047197791564
fx66h60,ok,,5.5573622035,141932631.81,74602.804402,278600.90672,44313431.561,63100.6632,11773284.415,0.0,0.0,0.0,660034.71226,-34663347.853,-898031.19112,-441589.95774,0.0,0.0,-4121.6043799,0.0,0.0,0.0,0.0,97447.95834,0.0,0.0,0.0,-1.58688875e-07,2.4241873147e-08,7.9606550645e-08,1.4637918439e-07,0.0,0.0,6.2878454318e-07,0.0,0.0,0.0,0.0,-3.4815389286e-07,0.24422394914,0.0046503380077,-0.046909090286,0.010920297662
fx66182_fix,ok,,5.7055395657,145717017.68,622563.89308,2181906.8282,44221583.403,563294.84277,12398265.512,0.0,0.0,0.0,3814233.1046,-34884290.571,-397072.9647,-1974536.739,0.0,0.0,46225.349236,0.0,0.0,0.0,0.0,-792604.59347,0.0,0.0,0.0,-5.0595196202e-08,1.9802705717e-08,3.1811170275e-09,7.153884084e-08,0.0,0.0,-2.0974844662e-08,0.0,0.0,0.0,0.0,-1.7255925759e-08,0.23939750569,0.02617561878,0.013058180949,0.04453749926
fx66s161,ok,,5.6815893646,145105339.89,476567.45554,1759828.7853,44290984.226,437490.78026,12312309.057,0.0,0.0,0.0,3874033.3069,-34847325.958,-363286.00547,-2071503.8679,0.0,0.0,-3063.1156854,0.0,0.0,0.0,0.0,-821441.3871,0.0,0.0,0.0,-6.5876364235e-08,2.0089401836e-08,5.7814817185e-09,9.8343013568e-08,0.0,0.0,2.391135532e-08,0.0,0.0,0.0,0.0,-2.0219940683e-08,0.24015191986,0.026698075411,-0.011395373763,0.046867079746
fx66h80,ok,,5.5728177999,142327361.08,121708.48855,473574.52518,44288680.473,107904.1632,11833822.917,0.0,0.0,0.0,1506193.7366,-34596179.705,-1057983.3736,-1051397.1081,0.0,0.0,1758.4255921,0.0,0.0,0.0,0.0,-58076.968576,0.0,0.0,0.0,-1.5664568432e-07,2.4635100543e-08,6.0546845177e-08,2.0485260288e-07,0.0,0.0,4.0526583716e-07,0.0,0.0,0.0,0.0,-2.4123744007e-07,0.24307469374,0.010582601442,-0.0493242925,0.024932300671
fx66s171,ok,,5.6967738106,145493144.08,535578.62542,1955696.6835,44288305.413,491311.93571,12378371.727,0.0,0.0,0.0,3866233.0318,-34856223.834,-356509.00313,-2053205.2409,0.0,0.0,-4385.4746705,0.0,0.0,0.0,0.0,-819015.36198,0.0,0.0,0.0,-5.8306259812e-08,1.9860797226e-08,5.0434463856e-09,8.6727161829e-08,0.0,0.0,1.9965957696e-08,0.0,0.0,0.0,0.0,-1.7631677539e-08,0.23957296444,0.026573300455,-0.010693340178,0.046449214119
fx66s196,ok,,5.7327621212,146412270.0,733168.59274,2519679.4722,44205591.097,665295.48939,12513720.67,0.0,0.0,0.0,3864952.2951,-35155833.355,-220527.93203,-1981855.0075,0.0,0.0,92385.408278,0.0,0.0,0.0,0.0,-861171.24893,0.0,0.0,0.0,-4.1605452108e-08,1.9411056917e-08,-1.4937418471e-11,6.0928037018e-08,0.0,0.0,-4.4656464106e-08,0.0,0.0,0.0,0.0,-8.0312956219e-09,0.24011534931,0.026397734937,0.032740716945,0.044670523159
fx67k150,ok,,5.6618226039,144600505.35,479966.13063,1700183.978,44116038.739,435026.62079,12179017.882,0.0,0.0,0.0,4603391.0208,-35062939.63,-582043.07258,-2551056.6593,0.0,0.0,174497.03077,0.0,0.0,0.0,0.0,-944364.33915,0.0,0.0,0.0,-8.1030907091e-08,2.1057643356e-08,-2.0312453895e-09,1.1822430075e-07,0.0,0.0,-1.7255254202e-07,0.0,0.0,0.0,0.0,-3.2439822883e-08,0.242481446,0.031835234666,0.082819375925,0.056743660177
fx67k170,ok,,5.7008526503,145597315.89,622915.42006,2145934.2758,44150142.664,562352.46511,12359518.033,0.0,0.0,0.0,4847712.561,-35149523.825,-629481.44765,-2658786.3697,0.0,0.0,216246.5314,0.0,0.0,0.0,0.0,-982097.48778,0.0,0.0,0.0,-6.5730440762e-08,2.0538774747e-08,-1.2318712715e-09,9.4795376664e-08,0.0,0.0,-1.3337867719e-07,0.0,0.0,0.0,0.0,-2.7080141335e-08,0.24141601519,0.033295342921,0.083083634728,0.059049501874
fx68h120,ok,,5.6378478005,143988199.22,333824.5912,1124805.0094,44517482.136,278161.47861,12184959.116,0.0,0.0,0.0,2156701.6299,-34677059.931,-653333.91948,-1327989.9648,0.0,0.0,18337.061735,0.0,0.0,0.0,0.0,-333103.98972,0.0,0.0,0.0,-6.7072243173e-08,2.0795215901e-08,1.3139442031e-08,8.942552193e-08,0.0,0.0,3.0798172208e-09,0.0,0.0,0.0,0.0,-5.4965758036e-08,0.24083265239,0.014978322124,-0.0010281187247,0.029852438301
fx69274,ok,,5.95002974,151961191.19,1613180.3996,4875297.1644,44789831.691,1427933.9006,13677409.527,0.0,0.0,0.0,3148429.688,-35647444.198,-501379.80114,-1618261.8545,0.0,0.0,254496.63744,0.0,0.0,0.0,0.0,-574343.54186,0.0,0.0,0.0,-1.6479694188e-08,1.7351758697e-08,1.2264746756e-09,2.2063529986e-08,0.0,0.0,-3.0051358481e-08,0.0,0.0,0.0,0.0,-8.4085745117e-09,0.23458255308,0.020718643118,0.048478262484,0.035592454121
fx69h083,ok,,5.610764557,143296504.87,171841.1328,569988.78274,44576841.805,143234.15792,12078314.666,0.0,0.0,0.0,2099836.9992,-35452346.977,-656939.84983,-1322769.0632,0.0,0.0,51828.560831,0.0,0.0,0.0,0.0,-330100.28233,0.0,0.0,0.0,-1.2936811507e-07,2.2517791612e-08,1.6336482711e-08,1.6785578291e-07,0.0,0.0,-3.3000513515e-07,0.0,0.0,0.0,0.0,-1.094843994e-07,0.24740552471,0.014653790761,0.056708456252,0.028844527882
fx69h098,ok,,5.6347273143,143908503.35,242190.40946,755832.24692,44741069.493,192730.37492,12228648.959,0.0,0.0,0.0,1572306.9816,-35352020.243,-548969.08121,-903311.56913,0.0,0.0,32887.865264,0.0,0.0,0.0,0.0,-228720.42467,0.0,0.0,0.0,-7.3098929114e-08,2.1033772993e-08,1.3871115554e-08,8.1914554123e-08,0.0,0.0,-1.1908570888e-07,0.0,0.0,0.0,0.0,-6.6838269565e-08,0.24565622892,0.010925740627,0.028841416593,0.019838919404
fx69pr281,ok,,6.0505385565,154528142.99,1426664.439,5017100.2303,44883603.327,1398563.7612,14183294.751,0.0,0.0,0.0,6090304.0183,-33931901.572,137769.01811,-2838817.293,0.0,0.0,-265754.87421,0.0,0.0,0.0,0.0,-1392765.0082,0.0,0.0,0.0,-2.7566427359e-08,1.5374396333e-08,1.6538672197e-09,4.4223320858e-08,0.0,0.0,3.591065814e-08,0.0,0.0,0.0,0.0,2.7944776026e-09,0.21958396002,0.039412264333,-0.051232458948,0.063091839241
fx71089a,ok,,5.6200936326,143534765.44,190059.0138,630533.42999,44697196.868,152859.79636,12152421.304,0.0,0.0,0.0,0.77418055782,-34530796.638,1.2874796882,-0.59491262149,0.0,0.0,-28717.757165,0.0,0.0,0.0,0.0,-0.14196119971,0.0,0.0,0.0,-4.1020603148e-14,1.9796420788e-08,-4.2807572942e-14,6.312742695e-14,0.0,0.0,2.3963703099e-07,0.0,0.0,0.0,0.0,-2.3840688e-14,0.24057444572,5.3936797502e-09,-0.045545177781,1.199793651e-08
fx71120,ok,,5.665034677,144682540.31,340060.04805,1107542.7129,44821365.889,276524.48247,12385815.065,0.0,0.0,0.0,1.0917552539,-34458571.808,-0.76078903732,-0.72808353276,0.0,0.0,-36086.607015,0.0,0.0,0.0,0.0,-0.28401777883,0.0,0.0,0.0,-2.5619469556e-14,1.9228993686e-08,1.6935049431e-14,4.9394711276e-14,0.0,0.0,9.5814216872e-08,0.0,0.0,0.0,0.0,7.006744545e-15,0.23816675968,7.5458673285e-09,-0.032582587193,1.679716789e-08
fx711520,ok,,5.6684555902,144769908.96,433433.81734,1517578.8761,44455644.811,383759.7222,12297817.277,0.0,0.0,0.0,-0.55733681903,-34547139.337,0.54049835463,-0.17881875815,0.0,0.0,-43296.29777,0.0,0.0,0.0,0.0,-0.061187174033,0.0,0.0,0.0,1.985081736e-14,1.9404647345e-08,-7.7696089897e-15,8.480044848e-15,0.0,0.0,6.5822852083e-08,0.0,0.0,0.0,0.0,4.1146512872e-14,0.23863480737,-3.8498112145e-09,-0.028529850047,3.6755382097e-09
fx711525,ok,,5.6689005015,144781271.8,451276.09693,1532985.0383,44489004.712,392019.96597,12309615.165,0.0,0.0,0.0,0.61672995357,-34591013.137,-1.4707420656,-0.6773039174,0.0,0.0,-21665.260965,0.0,0.0,0.0,0.0,-0.44743421056,0.0,0.0,0.0,3.99130212e-15,1.9409145654e-08,2.2056231361e-14,3.4770913036e-14,0.0,0.0,3.1317254229e-08,0.0,0.0,0.0,0.0,6.2185989093e-14,0.23891911369,4.2597357096e-09,-0.014132728255,1.5691281921e-08
fx711530,ok,,5.6692675653,144790646.45,449736.041,1529913.7747,44496390.977,390432.54708,12313094.675,0.0,0.0,0.0,0.50183711436,-34594976.126,-0.8931072813,0.051350223726,0.0,0.0,-26284.415183,0.0,0.0,0.0,0.0,0.10075926466,0.0,0.0,0.0,-1.9844265219e-14,1.940462746e-08,1.3088424926e-14,-1.799271198e-15,0.0,0.0,3.8200906719e-08,0.0,0.0,0.0,0.0,-4.5900529374e-14,0.23893101504,3.4659498155e-09,-0.017180324551,-8.0919710529e-10
fx71l150,ok,,5.6692675653,144790646.45,449736.041,1529913.7747,44496390.977,390432.54708,12313094.675,0.0,0.0,0.0,0.50183711436,-34594976.126,-0.8931072813,0.051350223726,0.0,0.0,-26284.415183,0.0,0.0,0.0,0.0,0.10075926466,0.0,0.0,0.0,-1.9844265219e-14,1.940462746e-08,1.3088424926e-14,-1.799271198e-15,0.0,0.0,3.8200906719e-08,0.0,0.0,0.0,0.0,-4.5900529374e-14,0.23893101504,3.4659498155e-09,-0.017180324551,-8.0919710529e-10
fx72150a,ok,,5.7222171996,146142957.26,409633.12343,2035370.0293,43950481.545,455999.75112,12399918.533,0.0,0.0,0.0,8275409.819,-34694400.644,-138977.3571,-4352254.1134,0.0,0.0,69927.745171,0.0,0.0,0.0,0.0,-1921274.218,0.0,0.0,0.0,-1.2599555441e-07,1.958565897e-08,-5.1113519751e-09,2.4153342876e-07,0.0,0.0,-6.7363431711e-08,0.0,0.0,0.0,0.0,-7.6598623177e-09,0.23740042829,0.056625443842,0.027594292936,0.098940092834
fx73170,ok,,5.7255232588,146227392.58,597893.89963,2052149.7707,44387476.757,544162.66959,12532646.472,0.0,0.0,0.0,4531870.3539,-35651814.805,11688.814453,-2292536.6131,0.0,0.0,129403.21317,0.0,0.0,0.0,0.0,-1110619.0755,0.0,0.0,0.0,-5.6749646787e-08,1.9428246745e-08,-5.6026317949e-09,8.6411588555e-08,0.0,0.0,-1.0595788071e-07,0.0,0.0,0.0,0.0,8.3583476709e-10,0.24381078111,0.030991938473,0.063351570496,0.051664961655
fx73170a,ok,,5.7366465143,146511475.73,634543.9312,2182751.774,44379052.503,578920.90679,12581203.036,0.0,0.0,0.0,5431312.1139,-35643580.675,-581805.43276,-2957289.3802,0.0,0.0,228492.22451,0.0,0.0,0.0,0.0,-1144109.4437,0.0,0.0,0.0,-6.9940940464e-08,2.0326409435e-08,-2.9653246064e-09,1.0323894816e-07,0.0,0.0,-1.3694874151e-07,0.0,0.0,0.0,0.0,-2.4333028332e-08,0.24328183508,0.037070898965,0.086899992808,0.065509648016
fx73cl1152,ok,,5.7673312485,147295150.59,387658.33036,1790203.8916,44725079.61,402572.79601,12816032.76,0.0,0.0,0.0,5687699.077,-34759943.042,-816054.05001,-3198301.4551,0.0,0.0,-99450.141515,0.0,0.0,0.0,0.0,-1081538.7932,0.0,0.0,0.0,-1.0780176423e-07,2.0615143161e-08,2.6820696532e-08,1.886807232e-07,0.0,0.0,2.273410933e-07,0.0,0.0,0.0,0.0,-5.0527728483e-08,0.2359883737,0.038614299617,-0.08813066865,0.073143654125
fx73cl2152,ok,,5.783027154,147696017.24,386773.28802,1825448.4423,44817630.433,407167.90011,12915834.269,0.0,0.0,0.0,7103526.8241,-35133063.95,42854.678466,-3550479.4904,0.0,0.0,-136098.88562,0.0,0.0,0.0,0.0,-1699591.2202,0.0,0.0,0.0,-1.1767682559e-07,1.8327554788e-08,1.4353154866e-08,2.0464484884e-07,0.0,0.0,1.8795646073e-07,0.0,0.0,0.0,0.0,1.8722203654e-09,0.23787414587,0.0480955882,-0.072696538319,0.07915116106
fx73cl3152,ok,,5.8072041229,148313486.59,385302.35728,2087411.3727,44615407.692,445636.38886,12968803.764,0.0,0.0,0.0,8092319.3926,-35106258.858,-490765.56299,-4413099.3672,0.0,0.0,-58031.32933,0.0,0.0,0.0,0.0,-1766258.3942,0.0,0.0,0.0,-1.2853141782e-07,1.9733310922e-08,1.8451858222e-08,2.5820877319e-07,0.0,0.0,1.3249996012e-07,0.0,0.0,0.0,0.0,-2.5819162906e-08,0.23670307849,0.054562262533,-0.051052546973,0.09948844898
fx73k170,ok,,5.7275855333,146280062.18,597176.73463,2075931.6619,44412563.87,545413.57947,12549765.275,0.0,0.0,0.0,4704740.7844,-35605713.548,-38055.270582,-2411214.7892,0.0,0.0,105667.77624,0.0,0.0,0.0,0.0,-1137055.7668,0.0,0.0,0.0,-5.9257667516e-08,1.9433735615e-08,-4.1207958804e-09,9.0841710316e-08,0.0,0.0,-8.3570045296e-08,0.0,0.0,0.0,0.0,-1.1855710921e-09,0.24340783711,0.032162556635,0.049906086762,0.054248555935
fx74080,ok,,5.6122287448,143333899.6,154110.32058,621873.35794,44403327.913,147409.94229,12039623.611,0.0,0.0,0.0,4146122.1574,-35533830.893,-146466.73416,-2297622.4909,0.0,0.0,88292.141973,0.0,0.0,0.0,0.0,-983855.85524,0.0,0.0,0.0,-2.0237497774e-07,2.133113823e-08,-3.7913916914e-08,3.3298760267e-07,0.0,0.0,-8.4218257606e-07,0.0,0.0,0.0,0.0,-2.4796074048e-08,0.24790946868,0.028926319377,0.12978902678,0.051316826196
fx74130wp1,ok,,5.6354222895,143926252.72,401302.78718,1326776.371,44255582.719,344271.69943,12102803.242,0.0,0.0,0.0,3820986.1217,-35067403.564,-92515.80114,-1988402.5661,0.0,0.0,169869.52294,0.0,0.0,0.0,0.0,-902115.67018,0.0,0.0,0.0,-7.8801408814e-08,2.0319605438e-08,-1.2326829774e-08,1.1131018028e-07,0.0,0.0,-3.1123191009e-07,0.0,0.0,0.0,0.0,-6.926794779e-09,0.24364841647,0.02654822209,0.12489823298,0.044669085588
fx74130wp2,ok,,5.6309360093,143811675.06,384337.62023,1308797.8548,44189891.31,336122.53441,12064476.316,0.0,0.0,0.0,3792119.0604,-35009346.531,-305390.99186,-2068971.3573,0.0,0.0,157958.58074,0.0,0.0,0.0,0.0,-832390.62956,0.0,0.0,0.0,-8.3893355609e-08,2.0810474664e-08,-7.8745483439e-09,1.1985230703e-07,0.0,0.0,-2.855797444e-07,0.0,0.0,0.0,0.0,-2.2381067288e-08,0.24343883427,0.026368645375,0.10975903935,0.046063750462
fx74130wp2mod,ok,,5.6287735299,143756446.27,377474.04844,1278041.4233,44215926.352,328079.7125,12062450.739,0.0,0.0,0.0,3730188.0817,-34984874.315,-321224.73111,-2027449.5409,0.0,0.0,148424.46453,0.0,0.0,0.0,0.0,-812042.14334,0.0,0.0,0.0,-8.4973099327e-08,2.0850995845e-08,-6.8122719233e-09,1.1946753905e-07,0.0,0.0,-2.7711348711e-07,0.0,0.0,0.0,0.0,-2.4193475254e-08,0.24336212548,0.02594797088,0.10460314986,0.045095895622
fx74cl5140,ok,,5.7781999145,147572731.63,340004.63739,1980246.9033,44250509.899,418677.42495,12734406.018,0.0,0.0,0.0,10067195.206,-34939800.814,-842059.26579,-5189636.9132,0.0,0.0,79457.300223,0.0,0.0,0.0,0.0,-2114225.7961,0.0,0.0,0.0,-1.7482242729e-07,2.2299992234e-08,1.2982942392e-08,3.4560963748e-07,0.0,0.0,2.8707179097e-08,0.0,0.0,0.0,0.0,-5.0513115222e-08,0.23676325856,0.068218532617,-0.0097605740194,0.11750887947
fx75141,ok,,5.6885228264,145282417.51,419166.56023,1460111.5029,44595008.583,373832.90848,12426403.56,0.0,0.0,0.0,3493256.1158,-35327420.499,167151.81216,-1752741.398,0.0,0.0,19310.340243,0.0,0.0,0.0,0.0,-899128.95976,0.0,0.0,0.0,-6.171670004e-08,1.9321815745e-08,-4.231861846e-09,9.3925765908e-08,0.0,0.0,-4.2285051541e-08,0.0,0.0,0.0,0.0,1.0697818223e-08,0.24316377099,0.024044589673,0.017724479603,0.039370540212
fx74cl6140,ok,,5.7152799958,145965784.05,343544.57162,1618170.4962,44330298.46,364973.32443,12472654.291,0.0,0.0,0.0,6851553.2383,-34657735.326,-977950.89004,-3655849.9636,0.0,0.0,16276.384608,0.0,0.0,0.0,0.0,-1323055.4111,0.0,0.0,0.0,-1.4437578266e-07,2.2566567652e-08,2.3290451139e-08,2.4272916949e-07,0.0,0.0,1.1581278413e-07,0.0,0.0,0.0,0.0,-6.672827637e-08,0.23743739365,0.046939447371,-0.039786853313,0.083388288553
fx74modsm,ok,,5.7943955267,147986360.57,288705.19494,1851996.8275,44479102.66,376503.82433,12873006.425,0.0,0.0,0.0,10024334.618,-35571966.943,-664813.81968,-5228339.7021,0.0,0.0,63490.224124,0.0,0.0,0.0,0.0,-2198127.8099,0.0,0.0,0.0,-1.9035083179e-07,2.1805461171e-08,1.1299832422e-08,4.0765398359e-07,0.0,0.0,2.7438357668e-08,0.0,0.0,0.0,0.0,-4.3628202451e-08,0.24037328038,0.067738233303,-0.0079215963993,0.1176918228
fx75193,ok,,5.7511890923,146882886.89,771478.14549,2541807.0761,44314317.078,691364.40465,12627152.372,0.0,0.0,0.0,3897976.3588,-35605191.91,171619.64358,-1863291.8521,0.0,0.0,165120.03576,0.0,0.0,0.0,0.0,-996960.05999,0.0,0.0,0.0,-3.6938432981e-08,1.9045169518e-08,-5.2419885414e-09,5.4843318192e-08,0.0,0.0,-8.7882736384e-08,0.0,0.0,0.0,0.0,5.9645022013e-09,0.24240531122,0.02653798847,0.067799610486,0.042310421411
fx75vg166,ok,,5.7086141829,145795542.08,613553.84324,1953282.8518,44431285.154,531183.90205,12469712.848,0.0,0.0,0.0,2283185.9488,-35552404.014,-351381.25566,-1216782.8647,0.0,0.0,161386.83553,0.0,0.0,0.0,0.0,-446239.83849,0.0,0.0,0.0,-3.3547945692e-08,1.9854431297e-08,6.5863523415e-10,4.3636036067e-08,0.0,0.0,-1.2662537584e-07,0.0,0.0,0.0,0.0,-1.6685145558e-08,0.24385110482,0.015660190402,0.077691485997,0.026773057633
fx76120,ok,,5.6625426508,144618895.03,346061.5694,1093288.2017,44820168.367,279424.29019,12373603.214,0.0,0.0,0.0,0.65978835293,-35058464.035,-2.0089455099,-0.86523336408,0.0,0.0,-3020.1423259,0.0,0.0,0.0,0.0,-0.42606857721,0.0,0.0,0.0,2.3317195289e-15,1.9591679194e-08,4.1152836143e-14,5.614137724e-14,0.0,0.0,7.9825082379e-09,0.0,0.0,0.0,0.0,7.6970076003e-14,0.24241966465,4.5622555253e-09,-0.0027624393286,1.9428373116e-08
fx76mp120,ok,,5.7298151529,146337005.7,338101.77833,1555077.2749,44508222.561,355986.30103,12589992.114,0.0,0.0,0.0,7566935.8362,-35502088.522,-273593.29108,-4060815.9291,0.0,0.0,103870.63052,0.0,0.0,0.0,0.0,-1750488.019,0.0,0.0,0.0,-1.4986533815e-07,2.0285861288e-08,-9.6931381692e-09,2.689399998e-07,0.0,0.0,-1.5007314032e-07,0.0,0.0,0.0,0.0,-1.9029670973e-08,0.2426049949,0.05170896999,0.050739995623,0.090929092199
fx76100,ok,,5.6333247737,143872683.08,241832.24263,767789.8536,44743730.327,193649.03721,12222941.976,0.0,0.0,0.0,-0.086631358129,-35142606.683,0.0069607350151,-0.11697779454,0.0,0.0,-3822.4581665,0.0,0.0,0.0,0.0,-0.2226083149,0.0,0.0,0.0,2.826552248e-14,1.9983883028e-08,-1.4881342013e-16,1.0807577538e-14,0.0,0.0,2.0586673143e-08,0.0,0.0,0.0,0.0,1.0298820119e-13,0.2442618427,-6.0213903207e-10,-0.0049785213344,2.6136207133e-09
fx76mp140,ok,,5.7552128475,146985651.86,456379.8822,1854315.5668,44600056.269,451047.91189,12729166.213,0.0,0.0,0.0,7139733.3883,-35495827.506,-280632.35232,-3812022.3734,0.0,0.0,98119.142885,0.0,0.0,0.0,0.0,-1636703.938,0.0,0.0,0.0,-1.113665822e-07,1.973788154e-08,-4.0718432042e-09,1.8673747383e-07,0.0,0.0,-8.7594845021e-08,0.0,0.0,0.0,0.0,-1.523705942e-08,0.24149178547,0.048574356055,0.039976525052,0.085223226307
fx77080,ok,,5.6126976876,143345876.19,156137.08027,501967.70417,44702172.797,124169.26586,12120544.187,0.0,0.0,0.0,0.0015157767722,-35183493.954,-1.238523495,-0.1652194169,0.0,0.0,-9257.5792731,0.0,0.0,0.0,0.0,-0.20238374851,0.0,0.0,0.0,3.2860185894e-14,2.0250308455e-08,5.5691932153e-14,2.6944120947e-14,0.0,0.0,1.1811787074e-07,0.0,0.0,0.0,0.0,1.3422713183e-13,0.24544475843,1.0574261447e-11,-0.018442579465,4.2069763751e-09
fx76mp160,ok,,5.7696476455,147354310.37,594866.93447,2168876.2271,44669413.057,553289.35485,12814155.693,0.0,0.0,0.0,6203883.779,-35280081.628,-111111.84125,-3215505.9617,0.0,0.0,61878.806103,0.0,0.0,0.0,0.0,-1450387.6942,0.0,0.0,0.0,-7.7273914107e-08,1.8895311056e-08,-1.8567297565e-09,1.2090634616e-07,0.0,0.0,-4.1761257592e-08,0.0,0.0,0.0,0.0,-4.9320252745e-09,0.23942347896,0.042101814079,0.024842391284,0.071923187498
fx77w121,ok,,5.6727589341,144879814.5,278110.59544,1092646.4723,44587793.196,258879.67249,12351773.579,0.0,0.0,0.0,3615754.0521,-35215101.961,-1443099.5736,-2273571.15,0.0,0.0,40566.980387,0.0,0.0,0.0,0.0,-445710.66264,0.0,0.0,0.0,-1.2920777731e-07,2.4240011311e-08,3.5281471044e-08,1.8706994929e-07,0.0,0.0,1.0879930241e-07,0.0,0.0,0.0,0.0,-1.3545994435e-07,0.24306423971,0.024956920773,-0.030258238776,0.052026134986
fx77w153,ok,,5.7307068405,146359779.02,459045.87678,1638568.9944,44781307.839,409167.09235,12666389.565,0.0,0.0,0.0,3512394.1403,-35079590.443,-1442965.4519,-2107097.4196,0.0,0.0,18056.810887,0.0,0.0,0.0,0.0,-401324.04841,0.0,0.0,0.0,-7.8951234673e-08,2.1695586355e-08,2.2852392605e-08,1.0475076816e-07,0.0,0.0,6.6285618445e-08,0.0,0.0,0.0,0.0,-8.5000295892e-08,0.23968053708,0.023998356405,-0.030428139837,0.048085408215
fx77w258,ok,,5.9454103401,151843213.72,1299341.3097,4233316.2236,44766237.765,1200731.8079,13642266.812,0.0,0.0,0.0,3797245.7848,-35396341.527,-1163471.7561,-1797083.5829,0.0,0.0,32764.741559,0.0,0.0,0.0,0.0,-502565.13135,0.0,0.0,0.0,-2.6253980526e-08,1.7839146263e-08,6.2415991486e-09,3.0984566202e-08,0.0,0.0,2.5389975107e-09,0.0,0.0,0.0,0.0,-2.3357670797e-08,0.23311111943,0.025007675298,-0.0032990243508,0.040259526828
fx77w270,ok,,6.0262498924,153907820.99,1525352.2265,4554595.9365,45391358.198,1348894.787,14216162.85,0.0,0.0,0.0,3798702.4704,-36848901.117,-1224033.3057,-1817900.3163,0.0,0.0,212158.01876,0.0,0.0,0.0,0.0,-499544.46605,0.0,0.0,0.0,-2.3399248973e-08,1.7532409301e-08,5.0031097347e-09,2.5644089108e-08,0.0,0.0,-2.3457027076e-08,0.0,0.0,0.0,0.0,-2.1378063428e-08,0.23942188824,0.024681672743,0.035780228477,0.039116268417
fx77w270s,ok,,5.9658451198,152365109.17,1517333.6019,4615373.7543,44943177.957,1346146.653,13794036.778,0.0,0.0,0.0,3818944.5269,-35662582.37,-1136678.3926,-1767835.0304,0.0,0.0,206057.30519,0.0,0.0,0.0,0.0,-517362.04976,0.0,0.0,0.0,-2.3349797156e-08,1.7620082916e-08,4.5941038219e-09,2.5359617567e-08,0.0,0.0,-2.3018385876e-08,0.0,0.0,0.0,0.0,-2.0275962993e-08,0.23406003227,0.025064429432,0.034926570351,0.038478999864
fx77w343,ok,,6.1944334137,158203155.53,2334211.4985,6906818.4612,45037123.523,2177436.516,14916344.239,0.0,0.0,0.0,4304589.2937,-36710198.51,-1355458.8955,-1886374.0541,0.0,0.0,315133.09111,0.0,0.0,0.0,0.0,-520292.83521,0.0,0.0,0.0,-1.5899956779e-08,1.6085940304e-08,3.7044558334e-09,1.7480955599e-08,0.0,0.0,-1.6004384791e-08,0.0,0.0,0.0,0.0,-1.4734393545e-08,0.23204466679,0.027209250532,0.037357619005,0.040804247564
fx78k140,ok,,5.6785933911,145028824.02,442299.4864,1545669.8974,44342671.459,399844.41243,12312874.121,0.0,0.0,0.0,3799141.6278,-35578439.359,-840772.25302,-2385139.6692,0.0,0.0,184597.3778,0.0,0.0,0.0,0.0,-683045.2761,0.0,0.0,0.0,-7.7892603146e-08,2.1507880058e-08,1.6509565889e-09,1.1779207497e-07,0.0,0.0,-2.037660371e-07,0.0,0.0,0.0,0.0,-5.056824853e-08,0.24531978109,0.026195769383,0.090125613556,0.05209937426
fx78k140a20,ok,,5.6782980129,145021280.19,441950.00322,1523825.3995,44359603.077,396250.49076,12315814.037,0.0,0.0,0.0,3926856.4391,-35581005.492,-645966.80289,-2301128.4547,0.0,0.0,167706.10985,0.0,0.0,0.0,0.0,-766959.91696,0.0,0.0,0.0,-7.8195897346e-08,2.1174724377e-08,-5.2456140591e-10,1.1450042361e-07,0.0,0.0,-1.9921181885e-07,0.0,0.0,0.0,0.0,-4.0264202586e-08,0.24535023719,0.027077794611,0.088041663981,0.050603462585
fx78k150,ok,,5.6899614241,145319158.67,498770.12006,1714667.4372,44326236.251,449318.49509,12357823.709,0.0,0.0,0.0,3792996.5816,-35588666.44,-493604.8681,-2255199.2727,0.0,0.0,177537.95322,0.0,0.0,0.0,0.0,-776184.2785,0.0,0.0,0.0,-6.481713384e-08,2.0621700925e-08,-2.3967530442e-09,1.0003402145e-07,0.0,0.0,-1.7820080794e-07,0.0,0.0,0.0,0.0,-2.7504364735e-08,0.24490003083,0.026101146031,0.088881238372,0.049893980891
fx78k161,ok,,5.7031394806,145655720.56,567018.25415,1861650.6966,44387536.827,497842.73576,12432379.35,0.0,0.0,0.0,2172313.1757,-35506374.799,-740664.77044,-1432257.1501,0.0,0.0,148877.79205,0.0,0.0,0.0,0.0,-299116.32522,0.0,0.0,0.0,-3.9021964663e-08,2.0338133707e-08,5.2756468915e-09,5.4947683308e-08,0.0,0.0,-1.1835600472e-07,0.0,0.0,0.0,0.0,-3.7229423077e-08,0.24376917476,0.014914025809,0.067110015166,0.031156339459
fx78pk188,ok,,5.7078214569,145775296.18,781392.77653,2444908.2061,44220295.917,668688.79502,12410142.642,0.0,0.0,0.0,2346688.0158,-35260936.606,-118983.68462,-1229134.7574,0.0,0.0,255423.20777,0.0,0.0,0.0,0.0,-531162.78986,0.0,0.0,0.0,-2.5136675805e-08,1.9564998368e-08,-2.5309935153e-09,3.5217200842e-08,0.0,0.0,-1.3196690644e-07,0.0,0.0,0.0,0.0,-4.3944100152e-09,0.24188554254,0.016097981464,0.10311798743,0.027518466347
fx79k144,ok,,5.6810182384,145090753.57,484441.94285,1535752.2273,44538035.517,411271.73261,12377909.348,0.0,0.0,0.0,2614774.4981,-35554771.826,-280074.21101,-1469627.0897,0.0,0.0,145351.12109,0.0,0.0,0.0,0.0,-552530.6275,0.0,0.0,0.0,-4.8063932118e-08,2.0141162854e-08,-1.8400653437e-09,6.6966025193e-08,0.0,0.0,-1.8293907542e-07,0.0,0.0,0.0,0.0,-1.7330667828e-08,0.24505194818,0.018021648063,0.088623361119,0.032441151349
fx79l100,ok,,5.6251225406,143663201.58,208003.05741,698959.17338,44657227.863,175020.40771,12162090.621,0.0,0.0,0.0,-0.041880856699,-35226206.031,0.16102222058,-0.44770647722,0.0,0.0,-18803.629551,0.0,0.0,0.0,0.0,-0.11098573265,0.0,0.0,0.0,1.5633271836e-14,2.0161001188e-08,-3.8746223102e-15,4.7731967371e-14,0.0,0.0,1.2933621846e-07,0.0,0.0,0.0,0.0,5.6964255683e-14,0.24519992346,-2.9152111494e-10,-0.026902328873,9.9283951492e-09
fx79l120,ok,,5.6515608119,144338423.62,298083.527,997288.48973,44705312.522,252751.0961,12291541.858,0.0,0.0,0.0,-0.57535354093,-35162706.338,-0.83867581482,0.07033872221,0.0,0.0,-24927.650985,0.0,0.0,0.0,0.0,-0.15265651259,0.0,0.0,0.0,3.8732600182e-14,1.9819558291e-08,1.8718485419e-14,-3.7052355794e-15,0.0,0.0,8.3853766062e-08,0.0,0.0,0.0,0.0,9.425435698e-14,0.24361293034,-3.9861426121e-09,-0.02499542634,-1.1044696899e-09
fx79w151a,ok,,5.7032743362,145659164.7,510285.67797,1728492.895,44598560.314,445656.16716,12494420.701,0.0,0.0,0.0,3316540.479,-35280825.562,-647203.80703,-2022154.036,0.0,0.0,77533.395852,0.0,0.0,0.0,0.0,-607055.97696,0.0,0.0,0.0,-5.9615505941e-08,2.0327477716e-08,5.9408767505e-09,8.8081368774e-08,0.0,0.0,-5.4614521463e-08,0.0,0.0,0.0,0.0,-3.5246420497e-08,0.2422149381,0.022769185076,0.027869008112,0.044946660981
fx79w470a,ok,,6.6667049077,170264765.56,5214584.9493,12558489.395,46162113.082,4764623.9586,17773734.977,0.0,0.0,0.0,3725558.8143,-42207218.709,-1281183.0093,-1426163.101,0.0,0.0,2218179.8429,0.0,0.0,0.0,0.0,-415199.76824,0.0,0.0,0.0,-6.0752484692e-09,1.4136655835e-08,1.3422062062e-09,5.0076618214e-09,0.0,0.0,-3.3231591299e-08,0.0,0.0,0.0,0.0,-6.0026484288e-09,0.24789167959,0.021880973448,0.17328895583,0.026112877965
fx79w660a,ok,,7.4491852275,190248975.23,10837338.772,23468896.439,45415943.393,11288102.304,21927663.287,0.0,0.0,0.0,2440657.5208,-49372950.048,-892084.95716,-864441.80042,0.0,0.0,5717477.8592,0.0,0.0,0.0,0.0,-199860.368,0.0,0.0,0.0,-1.5901113701e-09,1.187618897e-08,5.1720590431e-10,1.3174853756e-09,0.0,0.0,-2.2394892657e-08,0.0,0.0,0.0,0.0,-1.7514953553e-09,0.25951756107,0.01282875515,0.24270103848,0.014278035342
fx80080,ok,,5.5960621718,142921012.3,157889.68851,519555.16899,44488262.401,131483.57067,11991358.275,0.0,0.0,0.0,2276793.3495,-35241914.003,20826.921901,-1166704.8722,0.0,0.0,38542.681181,0.0,0.0,0.0,0.0,-566926.68925,0.0,0.0,0.0,-1.2029768048e-07,2.0508154697e-08,-1.3414182115e-08,1.6632011437e-07,0.0,0.0,-4.765050997e-07,0.0,0.0,0.0,0.0,3.4933218397e-09,0.24658315411,0.015930431172,0.075235241767,0.026260231052
fx83w108,ok,,5.6626515261,144621675.67,263212.51186,996337.7598,44662343.995,238657.87635,12330295.071,0.0,0.0,0.0,3979429.9676,-35356828.565,198443.58001,-2132357.1467,0.0,0.0,10916.031615,0.0,0.0,0.0,0.0,-1033780.925,0.0,0.0,0.0,-1.1023315789e-07,1.9283484791e-08,-8.1788517175e-09,1.8173853624e-07,0.0,0.0,-7.7751782924e-08,0.0,0.0,0.0,0.0,2.0694294101e-08,0.24447807289,0.027516137877,0.020465242085,0.047835856625
fx83w160,ok,,5.7279264903,146288770.07,582598.58005,1915519.3132,44731075.508,501813.85479,12641387.12,0.0,0.0,0.0,3624102.4353,-35319173.522,594900.83163,-1722747.3272,0.0,0.0,48426.849088,0.0,0.0,0.0,0.0,-1057948.352,0.0,0.0,0.0,-4.2393850532e-08,1.8489192859e-08,-9.4367874589e-09,6.6968732002e-08,0.0,0.0,-6.3916599921e-08,0.0,0.0,0.0,0.0,2.8842280534e-08,0.24143461938,0.024773620241,0.037237720356,0.039015888172
fx84w097,ok,,5.5517298453,141788783.76,209958.3789,770876.92969,43983819.089,181768.66023,11669043.588,0.0,0.0,0.0,2520821.4764,-33761929.068,-401248.34184,-1493849.5183,0.0,0.0,21186.486493,0.0,0.0,0.0,0.0,-483358.62159,0.0,0.0,0.0,-1.1092124782e-07,2.1518889219e-08,1.0252386478e-08,1.6135129746e-07,0.0,0.0,-4.6689840178e-08,0.0,0.0,0.0,0.0,-5.5106656592e-08,0.2381142441,0.01777870865,0.0098029231548,0.033877056847
fx83w227,ok,,5.827182067,148823714.7,1173946.243,3601671.4793,44658562.451,1006659.8765,13073942.603,0.0,0.0,0.0,3490817.7168,-35128786.491,-198867.73288,-1798960.0971,0.0,0.0,222782.76484,0.0,0.0,0.0,0.0,-759651.6854,0.0,0.0,0.0,-2.4454046435e-08,1.8175261564e-08,-7.9629111922e-10,3.4088325929e-08,0.0,0.0,-5.0794345785e-08,0.0,0.0,0.0,0.0,-4.8880107941e-09,0.2360429355,0.023456058222,0.059629831399,0.040017862153
fx84w127,ok,,5.6122568807,143334618.18,364664.55951,1296897.6314,44128721.391,318523.96653,11968299.185,0.0,0.0,0.0,3498674.1945,-34106055.452,-361366.6464,-1981420.9594,0.0,0.0,59866.496582,0.0,0.0,0.0,0.0,-724466.49069,0.0,0.0,0.0,-8.3368740881e-08,2.0635708197e-08,2.1964470033e-09,1.2238230327e-07,0.0,0.0,-9.2268240054e-08,0.0,0.0,0.0,0.0,-2.8338790302e-08,0.23794709112,0.024409136041,0.033646957116,0.044628488715
fx84w140,ok,,5.6400341109,144044036.64,446156.71941,1571733.4362,44166041.239,392079.96536,12099404.424,0.0,0.0,0.0,4001182.0252,-34244818.15,-343612.71726,-2224809.497,0.0,0.0,85723.139074,0.0,0.0,0.0,0.0,-847221.80706,0.0,0.0,0.0,-7.6053631591e-08,2.0304130914e-08,6.8528954835e-11,1.1215404059e-07,0.0,0.0,-9.7553975452e-08,0.0,0.0,0.0,0.0,-2.1925545708e-08,0.23773853434,0.027777491652,0.043524361653,0.05003827882
fx84w150,ok,,5.6560687795,144453555.16,504532.32159,1752173.1031,44195651.078,442167.43632,12177631.211,0.0,0.0,0.0,4109815.4744,-34284383.451,-398618.08631,-2263566.5747,0.0,0.0,96772.602724,0.0,0.0,0.0,0.0,-855647.68071,0.0,0.0,0.0,-6.9616596081e-08,2.0176425494e-08,7.5780539551e-10,1.0074330115e-07,0.0,0.0,-8.6364237385e-08,0.0,0.0,0.0,0.0,-2.2243182102e-08,0.23733845397,0.02845077416,0.04357354919,0.050828251616
fx84w175,ok,,5.7073277231,145762686.45,693581.37089,2342123.685,44260278.152,608846.80929,12421540.989,0.0,0.0,0.0,4231672.4516,-34378367.78,-274613.80485,-2288385.4091,0.0,0.0,120087.23167,0.0,0.0,0.0,0.0,-912010.37608,0.0,0.0,0.0,-5.036305114e-08,1.9337118656e-08,-7.0281709383e-10,7.4143439179e-08,0.0,0.0,-6.518132121e-08,0.0,0.0,0.0,0.0,-1.1376250708e-08,0.23585163403,0.029031246299,0.045208550121,0.051424508188
fx84w218,ok,,5.791698221,147917472.55,1049471.4351,3398542.3578,44379859.598,921991.36171,12832842.32,0.0,0.0,0.0,3127885.159,-34249705.51,-233604.36091,-1667904.9285,0.0,0.0,101020.60387,0.0,0.0,0.0,0.0,-649334.46443,0.0,0.0,0.0,-2.4400535423e-08,1.8186351268e-08,5.8056575392e-10,3.5675803697e-08,0.0,0.0,-2.5861114704e-08,0.0,0.0,0.0,0.0,-6.3316789995e-09,0.23154604334,0.021146150655,0.027140501162,0.037440736904
fxl142k,ok,,5.6704859272,144821762.89,389077.58905,1348313.0759,44623194.497,338518.45547,12353068.605,0.0,0.0,0.0,1.1603121777,-34985274.197,-1.2070221319,-0.34269603725,0.0,0.0,-54485.805464,0.0,0.0,0.0,0.0,-0.23912995828,0.0,0.0,0.0,-2.6046310797e-14,1.9555845564e-08,2.097268408e-14,2.2547795217e-14,0.0,0.0,1.0386193586e-07,0.0,0.0,0.0,0.0,-9.8456846596e-15,0.24157470189,8.012001474e-09,-0.0404103516,8.7728418014e-09
fxlv152,ok,,5.6753032338,144944794.82,463972.37606,1567674.9114,44523910.675,402875.14128,12347429.774,0.0,0.0,0.0,-0.018217991868,-34999851.395,0.26451160695,-0.61971680551,0.0,0.0,-17632.384666,0.0,0.0,0.0,0.0,-0.22261899557,0.0,0.0,0.0,1.1331864442e-14,1.9556314452e-08,-3.4538238914e-15,2.9855056605e-14,0.0,0.0,2.4241691459e-08,0.0,0.0,0.0,0.0,4.5636617228e-14,0.24147021933,-1.2568917629e-10,-0.011247475186,1.385192155e-08
fxm2,ok,,5.6135770762,143368335.4,132499.83839,638614.58258,44417294.276,129782.65019,12051192.64,0.0,0.0,0.0,4888859.8198,-33749789.443,-913533.89622,-2540731.7024,0.0,0.0,-5067.6662116,0.0,0.0,0.0,0.0,-887030.12125,0.0,0.0,0.0,-3.0233032026e-07,2.6165470449e-08,7.222297719e-08,4.4583325662e-07,0.0,0.0,6.774214235e-07,0.0,0.0,0.0,0.0,-1.6869026541e-07,0.23540616099,0.034099997089,-0.089758229135,0.05907283445
fxs02196,ok,,5.7067387024,145747643.12,717283.74409,2512678.8646,44034257.319,649473.92934,12352538.08,0.0,0.0,0.0,3967790.3422,-34296154.431,-214399.0039,-1946769.4874,0.0,0.0,49160.656736,0.0,0.0,0.0,0.0,-871548.7886,0.0,0.0,0.0,-4.3737446414e-08,1.9270144929e-08,9.6604115613e-10,6.1530125321e-08,0.0,0.0,-2.2016693314e-08,0.0,0.0,0.0,0.0,-7.7430118217e-09,0.23531189731,0.02722370158,0.015792216212,0.044134558665
fxs03182,ok,,5.6818855451,145112904.23,685559.89944,2238169.6954,44110168.289,594573.263,12265362.177,0.0,0.0,0.0,3121886.8878,-34814303.083,124415.25845,-1424664.9014,0.0,0.0,147488.93454,0.0,0.0,0.0,0.0,-786400.96622,0.0,0.0,0.0,-3.4951601037e-08,1.9453658154e-08,-4.4681673219e-09,4.7390579348e-08,0.0,0.0,-9.8739642586e-08,0.0,0.0,0.0,0.0,5.1316493376e-09,0.23991183463,0.021513502913,0.067691939442,0.032489080812
fxs21158,ok,,5.6799669479,145063904.06,404865.91756,1594258.9817,44312260.048,384772.16449,12309405.466,0.0,0.0,0.0,3661828.267,-34936615.177,-350977.03322,-1909759.8589,0.0,0.0,-55708.77899,0.0,0.0,0.0,0.0,-778131.80488,0.0,0.0,0.0,-7.0876387112e-08,2.0164172152e-08,9.7365464146e-09,1.0732567126e-07,0.0,0.0,1.0973779861e-07,0.0,0.0,0.0,0.0,-2.1909090403e-08,0.24083603294,0.025242863072,-0.044429094526,0.043452506372
geminism,ok,,5.694432247,145433341.56,551198.9629,1715133.8281,44699086.833,454907.65209,12483292.968,0.0,0.0,0.0,2101526.2962,-35273348.776,-308303.67405,-1194123.104,0.0,0.0,89550.369559,0.0,0.0,0.0,0.0,-416600.82246,0.0,0.0,0.0,-3.5739492484e-08,1.9696827144e-08,1.7517914464e-09,4.7875692973e-08,0.0,0.0,-8.6007422705e-08,0.0,0.0,0.0,0.0,-1.6394921529e-08,0.24253962948,0.014450099775,0.047407202197,0.026389032315
giiia,ok,,5.6267796205,143705522.68,313224.59168,942693.74535,44615420.529,245952.49503,12160677.593,0.0,0.0,0.0,361384.68525,-35162461.805,-414832.52279,-245102.46845,0.0,0.0,63843.814574,0.0,0.0,0.0,0.0,31470.425855,0.0,0.0,0.0,-2.0031991987e-08,2.0320446796e-08,8.8443519371e-09,1.5602010099e-08,0.0,0.0,-2.0848107802e-07,0.0,0.0,0.0,0.0,-4.0086115106e-08,0.24468413704,0.0025147585041,0.065301400534,0.0048869332426
giiib,ok,,5.6158895186,143427394.25,275050.60895,839110.84822,44563966.455,217685.55895,12098619.293,0.0,0.0,0.0,526461.86627,-35132785.111,-387303.23756,-354780.73754,0.0,0.0,53419.479481,0.0,0.0,0.0,0.0,-16630.30002,0.0,0.0,0.0,-2.7307591833e-08,2.0501585145e-08,8.7347394118e-09,2.7051111794e-08,0.0,0.0,-2.1807812827e-07,0.0,0.0,0.0,0.0,-4.2650134379e-08,0.24495170742,0.0036705809865,0.059982521978,0.0074404247715
giiic,ok,,5.6067965265,143195163.09,244251.98548,754613.25725,44517216.715,194837.35473,12046022.467,0.0,0.0,0.0,648804.48107,-35100163.665,-383845.02078,-441148.31733,0.0,0.0,46988.268122,0.0,0.0,0.0,0.0,-47665.231396,0.0,0.0,0.0,-3.4884294155e-08,2.0673037383e-08,9.2200735383e-09,3.8554149064e-08,0.0,0.0,-2.3427705301e-07,0.0,0.0,0.0,0.0,-4.7451961183e-08,0.24512115429,0.0045309105914,0.05722263535,0.0094169274572
giiid,ok,,5.6033507624,143107159.76,232478.97836,720594.05629,44501791.577,185774.9266,12026731.753,0.0,0.0,0.0,703471.49039,-35092988.942,-378345.47528,-473284.68587,0.0,0.0,45883.556887,0.0,0.0,0.0,0.0,-62666.734155,0.0,0.0,0.0,-3.8513721646e-08,2.0743227377e-08,9.2642753944e-09,4.3625847111e-08,0.0,0.0,-2.4985476487e-07,0.0,0.0,0.0,0.0,-4.91614779e-08,0.24522175551,0.0049156973807,0.058085980476,0.010142092367
giiie,ok,,5.59004066,142767225.49,187412.40177,582347.77561,44452265.507,149804.24422,11955271.793,0.0,0.0,0.0,956457.74745,-35085354.482,-341661.7313,-591935.75742,0.0,0.0,46839.3861,0.0,0.0,0.0,0.0,-135673.98297,0.0,0.0,0.0,-5.8354516891e-08,2.104250764e-08,8.2548300361e-09,6.8079041461e-08,0.0,0.0,-3.8745880667e-07,0.0,0.0,0.0,0.0,-5.5488736204e-08,0.24575216309,0.0066994209923,0.072614585546,0.012758856671
giiif,ok,,5.5831576678,142591436.84,163900.90441,508097.86611,44428426.287,130881.52405,11919071.491,0.0,0.0,0.0,1102721.0611,-35093863.608,-331459.83869,-652328.9233,0.0,0.0,49452.103579,0.0,0.0,0.0,0.0,-175462.01852,0.0,0.0,0.0,-7.4218634428e-08,2.1247584749e-08,7.1729319192e-09,8.5593575413e-08,0.0,0.0,-5.3534855437e-07,0.0,0.0,0.0,0.0,-6.1496670498e-08,0.24611480454,0.0077334311623,0.087744112238,0.014028864422
giiig,ok,,5.5842169277,142618489.88,165600.12762,513174.02606,44436253.114,132168.77174,11925727.212,0.0,0.0,0.0,1110118.8563,-35083114.926,-334929.56148,-651515.98441,0.0,0.0,48582.098568,0.0,0.0,0.0,0.0,-176419.65552,0.0,0.0,0.0,-7.3974828002e-08,2.122806333e-08,7.4826787024e-09,8.4669195632e-08,0.0,0.0,-5.1385933738e-07,0.0,0.0,0.0,0.0,-6.1325341498e-08,0.2459927528,0.0077838354428,0.085095171849,0.014021229602
giiih,ok,,5.5868268188,142685145.37,168792.47223,522972.28084,44455595.629,134601.76796,11942194.295,0.0,0.0,0.0,1125676.0148,-35068081.023,-342813.56909,-651797.02473,0.0,0.0,46501.601039,0.0,0.0,0.0,0.0,-178177.37027,0.0,0.0,0.0,-7.3665314275e-08,2.1189124859e-08,8.1438367959e-09,8.3244682117e-08,0.0,0.0,-4.6981733873e-07,0.0,0.0,0.0,0.0,-6.1266846074e-08,0.24577247289,0.0078892305983,0.079301630101,0.014051075695
giiii,ok,,5.5941472711,142872106.56,175250.71477,544241.54259,44509832.188,139563.60188,11988462.469,0.0,0.0,0.0,1184872.9416,-35022029.07,-372798.13732,-669414.58177,0.0,0.0,40088.716376,0.0,0.0,0.0,0.0,-183984.91235,0.0,0.0,0.0,-7.5015240252e-08,2.1114879651e-08,1.0144196989e-08,8.2796318009e-08,0.0,0.0,-3.6149674355e-07,0.0,0.0,0.0,0.0,-6.3629116182e-08,0.24512852727,0.008293241908,0.063352562695,0.014510113912
giiik,ok,,5.6056634193,143166224.02,179061.73444,563389.56647,44593700.002,142924.40029,12060915.589,0.0,0.0,0.0,1318580.1441,-34931552.946,-454967.43011,-738863.41555,0.0,0.0,28225.124105,0.0,0.0,0.0,0.0,-191259.99349,0.0,0.0,0.0,-8.2899374273e-08,2.1129288396e-08,1.4788472046e-08,9.0448831847e-08,0.0,0.0,-2.0503152857e-07,0.0,0.0,0.0,0.0,-7.5684165764e-08,0.2439929752,0.0092101342559,0.036713301122,0.016195924709
giiil,ok,,5.609013948,143251795.07,178464.3719,564987.48753,44616816.164,142775.1707,12081633.303,0.0,0.0,0.0,1370509.4495,-34899889.215,-495284.01928,-769540.27792,0.0,0.0,24865.69021,0.0,0.0,0.0,0.0,-191581.53209,0.0,0.0,0.0,-8.7098365602e-08,2.1193918961e-08,1.690782503e-08,9.4860509035e-08,0.0,0.0,-1.6185681549e-07,0.0,0.0,0.0,0.0,-8.2500864583e-08,0.24362619119,0.0095671363058,0.028885674914,0.016929221163
giiij,ok,,5.5997683053,143015665.35,178141.22416,555956.40631,44551373.592,141889.46606,12023951.797,0.0,0.0,0.0,1243031.3174,-34980965.279,-405211.05153,-697074.86149,0.0,0.0,34371.591211,0.0,0.0,0.0,0.0,-188235.71853,0.0,0.0,0.0,-7.7852729152e-08,2.1094130082e-08,1.2061200522e-08,8.5265326438e-08,0.0,0.0,-2.8300598729e-07,0.0,0.0,0.0,0.0,-6.7877523486e-08,0.24459533991,0.0086915745513,0.05041503302,0.01518926963
giiim,ok,,5.618753286,143500533.56,173116.64331,564413.57964,44674694.466,140456.43858,12139524.027,0.0,0.0,0.0,1544364.7721,-34775902.329,-646351.7802,-885905.59926,0.0,0.0,14921.965782,0.0,0.0,0.0,0.0,-187156.80552,0.0,0.0,0.0,-1.0319668678e-07,2.1558616813e-08,2.5208175487e-08,1.1426092266e-07,0.0,0.0,-2.1508201519e-08,0.0,0.0,0.0,0.0,-1.0973385117e-07,0.24233988171,0.010762083832,0.0037234276507,0.019780467393
giiin,ok,,5.6235729397,143623625.44,167403.75479,562238.11085,44692146.387,137888.41043,12165169.841,0.0,0.0,0.0,1655858.1915,-34656859.909,-760215.88756,-975111.9876,0.0,0.0,9173.7094072,0.0,0.0,0.0,0.0,-178556.92491,0.0,0.0,0.0,-1.1537668056e-07,2.1938989831e-08,3.1991423379e-08,1.3171292285e-07,0.0,0.0,7.8789075421e-08,0.0,0.0,0.0,0.0,-1.3175297846e-07,0.24130333574,0.011529149097,-0.013189587062,0.02204923784
glennmartin2,ok,,5.7236532492,146179633.34,469365.91793,1648507.308,44699300.269,409292.01927,12617551.266,0.0,0.0,0.0,7747041.3127,-35197174.326,-1711597.3027,-3949773.0789,0.0,0.0,236217.73444,0.0,0.0,0.0,0.0,-1359419.7114,0.0,0.0,0.0,-1.5285631816e-07,2.5253947945e-08,1.3765271782e-08,1.843544584e-07,0.0,0.0,-1.093570258e-07,0.0,0.0,0.0,0.0,-9.7964632968e-08,0.24078028875,0.05299672147,0.051328460798,0.086529699591
glennmartin3,ok,,5.7317900564,146387443.89,567147.36923,1706289.6832,45011221.798,449739.05783,12741816.099,0.0,0.0,0.0,8056213.8728,-35478442.281,-1197712.4159,-3595756.7363,0.0,0.0,288812.07821,0.0,0.0,0.0,0.0,-1604655.8746,0.0,0.0,0.0,-1.3698452875e-07,2.277806693e-08,2.5762487028e-10,1.356506626e-07,0.0,0.0,-1.9935480007e-07,0.0,0.0,0.0,0.0,-6.0701083355e-08,0.24235987281,0.055033503277,0.1130635504,0.076933916429
glennmartin4,ok,,5.7614923536,147146027.73,657613.56752,2049206.2017,44914267.896,542362.90643,12851021.38,0.0,0.0,0.0,8847302.4161,-35822907.279,-841697.58114,-3952856.0804,0.0,0.0,306283.77897,0.0,0.0,0.0,0.0,-1899442.6029,0.0,0.0,0.0,-1.1970146169e-07,2.1322906033e-08,-5.65257655e-09,1.3065124742e-07,0.0,0.0,-1.7222957998e-07,0.0,0.0,0.0,0.0,-3.6506258943e-08,0.24345140559,0.060126002396,0.11326050853,0.085918032919
gm15sm,ok,,5.6155148368,143417824.97,77226.895137,538104.47447,44453205.153,95010.363013,12067469.779,0.0,0.0,0.0,4527241.5985,-35210434.046,-42451.74824,-2528214.0366,0.0,0.0,-6906.0430369,0.0,0.0,0.0,0.0,-1098474.7735,0.0,0.0,0.0,-3.3503043642e-07,2.0705843133e-08,1.4534325162e-08,7.3666303084e-07,0.0,0.0,2.242850543e-07,0.0,0.0,0.0,0.0,-1.1343666561e-08,0.24550946895,0.031566798614,-0.017320838369,0.056890198634
goe05k,ok,,5.5284534914,141194315.79,36824.46071,125331.44506,44164526.311,30142.157162,11615691.069,0.0,0.0,0.0,1507070.3988,-35048060.971,8350.4956956,-806898.24218,0.0,0.0,24569.21826,0.0,0.0,0.0,0.0,-377070.27985,0.0,0.0,0.0,-3.5200273165e-07,2.1279659608e-08,-9.9573652447e-08,4.9715801755e-07,0.0,0.0,-5.3565276656e-06,0.0,0.0,0.0,0.0,8.5017285993e-09,0.24822572194,0.010673732794,0.19725124257,0.018307575884
goe06k,ok,,5.5838752109,142609762.58,154903.4195,517241.04027,44371171.169,128243.87326,11908767.261,0.0,0.0,0.0,3058789.5883,-35428947.969,10118.961936,-1635662.3685,0.0,0.0,101297.75891,0.0,0.0,0.0,0.0,-764109.29413,0.0,0.0,0.0,-1.6656494369e-07,2.0802520654e-08,-4.7275060666e-08,2.3826463374e-07,0.0,0.0,-1.2689430578e-06,0.0,0.0,0.0,0.0,2.753696105e-09,0.24843283747,0.021448668961,0.19656361881,0.036908006513
goe07k,ok,,5.6402727701,144050131.9,333284.16511,1099742.6798,44464328.443,279404.52329,12181193.365,0.0,0.0,0.0,4525208.8261,-35709895.791,16138.017717,-2387546.1785,0.0,0.0,216422.45001,0.0,0.0,0.0,0.0,-1128402.5744,0.0,0.0,0.0,-1.1195111302e-07,2.0290249069e-08,-3.2205130512e-08,1.61326249e-07,0.0,0.0,-5.928323703e-07,0.0,0.0,0.0,0.0,1.9413803203e-09,0.2478990843,0.031414124836,0.19758164158,0.05376748421
goe08k,ok,,5.7162375706,145990240.11,602496.91409,1961598.519,44522398.536,514334.29043,12535380.749,0.0,0.0,0.0,6184235.0242,-36065954.238,34706.230769,-3191645.222,0.0,0.0,387636.66841,0.0,0.0,0.0,0.0,-1540358.4194,0.0,0.0,0.0,-8.1877846953e-08,1.962553939e-08,-2.4111821531e-08,1.1923938246e-07,0.0,0.0,-3.3009438935e-07,0.0,0.0,0.0,0.0,1.9516072595e-09,0.24704359833,0.042360605883,0.19888085094,0.07184135997
goe09k,ok,,5.50889203,140694724.51,17170.472778,56843.970385,44055774.952,13474.53084,11504464.813,0.0,0.0,0.0,882165.14646,-34764856.012,34230.543047,-465913.0998,0.0,0.0,8599.2455334,0.0,0.0,0.0,0.0,-227660.60395,0.0,0.0,0.0,-4.4989287591e-07,2.1099481666e-08,-1.1188989348e-07,6.2304768299e-07,0.0,0.0,-9.1812489157e-06,0.0,0.0,0.0,0.0,6.2461929936e-08,0.24709423991,0.006270065559,0.15764638457,0.01069802328
goe100,ok,,5.6213874709,143567809.51,130046.77507,479336.60011,44657962.039,111298.25951,12147464.656,0.0,0.0,0.0,3411043.4918,-35571301.402,-652928.44097,-1951316.0017,0.0,0.0,59378.61857,0.0,0.0,0.0,0.0,-654646.2832,0.0,0.0,0.0,-2.4832985498e-07,2.4296899053e-08,9.34778502e-09,3.2883071097e-07,0.0,0.0,-4.946770382e-07,0.0,0.0,0.0,0.0,-1.4090042965e-07,0.24776655382,0.023759110788,0.06433115352,0.042763373507
goe10k,ok,,5.5382321876,141444059.47,43719.775165,142740.10718,44241973.06,34505.601147,11677415.594,0.0,0.0,0.0,1395050.9038,-35048537.21,42745.864238,-741159.76041,0.0,0.0,21542.519729,0.0,0.0,0.0,0.0,-358066.46338,0.0,0.0,0.0,-2.7821816865e-07,2.0924592169e-08,-6.7058095469e-08,3.8662349967e-07,0.0,0.0,-3.5667594971e-06,0.0,0.0,0.0,0.0,3.0738556105e-08,0.24779080395,0.0098629161878,0.15593792328,0.016903092479
goe101,ok,,5.5733953972,142342112.66,97719.556421,452922.3834,44245697.234,95345.41805,11828744.826,0.0,0.0,0.0,3705215.5531,-34568696.611,-723333.48125,-2127287.2541,0.0,0.0,29722.529957,0.0,0.0,0.0,0.0,-690011.24457,0.0,0.0,0.0,-3.1810655097e-07,2.6182079425e-08,4.1616645618e-08,4.9401305086e-07,0.0,0.0,1.1438530323e-07,0.0,0.0,0.0,0.0,-1.8604457037e-07,0.24285642502,0.026030353799,-0.011177681093,0.048274736196
goe114,ok,,5.5851792798,142643067.94,186283.31631,735129.41756,44164402.522,170014.81579,11859517.837,0.0,0.0,0.0,3010715.2814,-35050588.84,138742.64352,-1742195.7654,0.0,0.0,22221.63459,0.0,0.0,0.0,0.0,-778877.64158,0.0,0.0,0.0,-1.1938216878e-07,2.0326275433e-08,-1.2275173771e-08,2.1240072298e-07,0.0,0.0,-2.0223493489e-07,0.0,0.0,0.0,0.0,1.93809207e-08,0.24572234281,0.021106635779,0.037672994345,0.039566711063
goe113,ok,,5.6059672424,143173983.53,105066.80332,387718.16347,44604010.309,91147.113005,12064543.23,0.0,0.0,0.0,3005534.6837,-35504646.07,-557748.22985,-1662351.3242,0.0,0.0,31240.235178,0.0,0.0,0.0,0.0,-583323.76222,0.0,0.0,0.0,-2.6680108562e-07,2.4141505934e-08,2.2777084738e-08,3.5156630524e-07,0.0,0.0,-2.5649187942e-07,0.0,0.0,0.0,0.0,-1.4731648503e-07,0.24798252584,0.020992184541,0.02694878185,0.036937947848
goe115,ok,,5.601201331,143052264.21,194348.13301,793239.28193,44262992.878,180326.21883,11954494.475,0.0,0.0,0.0,3323257.1119,-34898918.589,-103595.37029,-1931914.713,0.0,0.0,3929.742199,0.0,0.0,0.0,0.0,-778817.1268,0.0,0.0,0.0,-1.3243967405e-07,2.0761125946e-08,3.1180621691e-09,2.2458802628e-07,0.0,0.0,3.8389600017e-09,0.0,0.0,0.0,0.0,-1.4808160306e-08,0.24395921856,0.023231069639,-0.00074609470904,0.043648263604
goe116,ok,,5.6370782346,143968544.84,203483.87067,813720.43686,44510268.079,189193.04784,12176288.139,0.0,0.0,0.0,3614030.7906,-35592012.49,-210036.97008,-2166523.6522,0.0,0.0,35186.147425,0.0,0.0,0.0,0.0,-826883.58797,0.0,0.0,0.0,-1.398252118e-07,2.1068661009e-08,-1.5172017566e-09,2.3850066253e-07,0.0,0.0,-1.5075502677e-07,0.0,0.0,0.0,0.0,-2.8901649614e-08,0.24722075596,0.025102919492,0.030676216371,0.048531037969
goe117,ok,,5.6066776267,143192126.44,179671.78353,774989.46631,44265247.987,172561.32072,11978727.334,0.0,0.0,0.0,4072640.9862,-34992442.118,-261484.2125,-2381981.7041,0.0,0.0,40267.136062,0.0,0.0,0.0,0.0,-913230.36469,0.0,0.0,0.0,-1.7450986411e-07,2.1596553797e-08,-2.463629888e-09,2.9839850322e-07,0.0,0.0,-1.8812217018e-07,0.0,0.0,0.0,0.0,-3.9678225388e-08,0.24437406572,0.028441794164,0.033800245839,0.053613791277
goe118,ok,,5.6416347874,144084917.23,159806.31671,807891.76334,44401305.63,171899.98523,12167284.004,0.0,0.0,0.0,5289969.2686,-35631221.29,-608156.75058,-3082041.7713,0.0,0.0,82301.409231,0.0,0.0,0.0,0.0,-1123909.0152,0.0,0.0,0.0,-2.3531575923e-07,2.3893679496e-08,-4.3836833233e-09,4.3019006131e-07,0.0,0.0,-3.1037628216e-07,0.0,0.0,0.0,0.0,-8.8099222e-08,0.24729320719,0.036714247196,0.049600090447,0.068747089186
goe11k,ok,,5.5940431601,142869447.61,166701.21578,535050.46521,44477510.611,133143.02141,11980999.643,0.0,0.0,0.0,2701909.2512,-35342388.814,89825.403483,-1431187.0056,0.0,0.0,81088.034098,0.0,0.0,0.0,0.0,-694891.57023,0.0,0.0,0.0,-1.3792966144e-07,2.0342267982e-08,-3.4369322062e-08,1.9492887497e-07,0.0,0.0,-9.4152624284e-07,0.0,0.0,0.0,0.0,1.661601924e-08,0.24737541444,0.018911735828,0.15695356937,0.032494880448
goe121,ok,,5.6376939056,143984268.81,97702.83818,528941.50875,44647920.835,103951.02231,12215348.839,0.0,0.0,0.0,4271861.8608,-35402257.77,-491460.88195,-2493731.8673,0.0,0.0,22065.201833,0.0,0.0,0.0,0.0,-897871.96784,0.0,0.0,0.0,-3.1489238001e-07,2.4062803355e-08,2.6645109911e-08,5.7288235668e-07,0.0,0.0,1.0424324704e-07,0.0,0.0,0.0,0.0,-1.2007878094e-07,0.24587587284,0.029668948532,-0.010184861097,0.055972232191
goe12k,ok,,5.6599943775,144553813.24,368953.44864,1169763.6038,44646288.127,299478.83216,12317704.76,0.0,0.0,0.0,4055403.884,-35550657.208,135823.50996,-2125820.3774,0.0,0.0,179395.04386,0.0,0.0,0.0,0.0,-1038432.9643,0.0,0.0,0.0,-9.0938864852e-08,1.9662868115e-08,-2.3314013798e-08,1.3036480144e-07,0.0,0.0,-4.306431154e-07,0.0,0.0,0.0,0.0,1.1134074353e-08,0.24593372123,0.028054630958,0.15888726256,0.048098543074
goe123,ok,,5.6487302108,144266131.28,87382.695998,555122.87831,44629791.272,104301.98359,12258574.547,0.0,0.0,0.0,5403709.7908,-35441638.087,-870212.42618,-3126155.4242,0.0,0.0,95088.71039,0.0,0.0,0.0,0.0,-1062903.6025,0.0,0.0,0.0,-4.0979089074e-07,2.8900004179e-08,-1.3288529424e-08,7.8820262094e-07,0.0,0.0,-7.0291009013e-07,0.0,0.0,0.0,0.0,-2.0695977473e-07,0.2456684585,0.037456537738,0.06142217872,0.068875270011
goe122,ok,,5.6301226626,143790902.53,119501.4479,515298.93624,44658114.994,113443.45547,12184363.881,0.0,0.0,0.0,3745626.469,-35400054.653,-890435.94132,-2205051.8955,0.0,0.0,37116.584081,0.0,0.0,0.0,0.0,-661263.30214,0.0,0.0,0.0,-2.759807587e-07,2.6126566626e-08,4.4230213893e-08,4.1557566939e-07,0.0,0.0,1.1147914537e-07,0.0,0.0,0.0,0.0,-1.8873542841e-07,0.24619119868,0.026049119958,-0.013321919283,0.049661894205
goe133,ok,,5.6417866045,144088794.57,144995.03793,592204.95595,44712430.405,133976.70813,12251778.087,0.0,0.0,0.0,4238354.6557,-35361073.859,-769994.83437,-2352920.8181,0.0,0.0,39372.043187,0.0,0.0,0.0,0.0,-814970.99029,0.0,0.0,0.0,-2.5314220602e-07,2.4691539028e-08,2.9790837632e-08,3.6327429712e-07,0.0,0.0,1.3504079814e-08,0.0,0.0,0.0,0.0,-1.371777208e-07,0.24541168495,0.029414880374,-0.0019580245649,0.052672970492
goe124,ok,,5.6707413871,144828287.23,141612.60467,723012.58324,44737392.944,150360.75533,12385730.326,0.0,0.0,0.0,5207722.5657,-35528714.635,-866854.94994,-3027662.0992,0.0,0.0,59750.425499,0.0,0.0,0.0,0.0,-1016710.237,0.0,0.0,0.0,-2.7339456773e-07,2.5575187975e-08,2.60977226e-08,4.7787901491e-07,0.0,0.0,-1.0372948708e-08,0.0,0.0,0.0,0.0,-1.4005488329e-07,0.24531612791,0.035957910333,0.0014689402845,0.067673692016
goe134,ok,,5.6662061031,144712458.03,224440.10037,767140.35796,44871937.929,188949.99596,12403224.109,0.0,0.0,0.0,4156125.7801,-35704346.245,-682281.50323,-2202201.4459,0.0,0.0,69836.319183,0.0,0.0,0.0,0.0,-822655.01377,0.0,0.0,0.0,-1.7330304931e-07,2.273145373e-08,9.6130288817e-09,2.1550816483e-07,0.0,0.0,-2.1103412342e-07,0.0,0.0,0.0,0.0,-8.6521077979e-08,0.24672614045,0.028719889336,0.047364519843,0.048368674144
goe13k,ok,,5.7411405246,146626250.81,651122.93756,2031183.9141,44788528.313,538094.34531,12722175.245,0.0,0.0,0.0,5491920.1082,-35805703.794,214946.19727,-2812032.7898,0.0,0.0,317928.05696,0.0,0.0,0.0,0.0,-1407166.4055,0.0,0.0,0.0,-6.7248927818e-08,1.8845965693e-08,-1.8292439199e-08,9.7630172716e-08,0.0,0.0,-2.5058833482e-07,0.0,0.0,0.0,0.0,9.6491521172e-09,0.2441970902,0.037455231092,0.16316381269,0.063569244853
goe137,ok,,5.6463499887,144205341.44,171403.85433,701717.16204,44667302.635,159608.05254,12259481.865,0.0,0.0,0.0,4159466.735,-35434975.441,-797285.06207,-2412627.9587,0.0,0.0,44473.061417,0.0,0.0,0.0,0.0,-786292.69795,0.0,0.0,0.0,-2.1026173034e-07,2.4096890429e-08,2.4810658071e-08,3.1501798662e-07,0.0,0.0,-1.1595500286e-08,0.0,0.0,0.0,0.0,-1.2050606508e-07,0.2457258177,0.028844054551,0.0019875134418,0.053995297089
goe14,ok,,5.7416839027,146640128.45,234571.55832,1117577.7485,44871496.171,243747.75176,12743764.143,0.0,0.0,0.0,6406624.3349,-34995043.864,-1485657.1284,-3681867.4246,0.0,0.0,106987.40859,0.0,0.0,0.0,0.0,-1072523.0745,0.0,0.0,0.0,-2.1406891962e-07,2.6427494613e-08,3.4363126858e-08,3.5209732878e-07,0.0,0.0,5.7357995925e-08,0.0,0.0,0.0,0.0,-1.4692590018e-07,0.23864575293,0.043689434826,-0.013454554487,0.082592019095
goe140,ok,,5.6761353847,144966047.59,170797.23787,761050.41247,44774702.682,167516.391,12420632.237,0.0,0.0,0.0,4977348.1378,-35520224.295,-1072633.0181,-2855274.7301,0.0,0.0,63118.608523,0.0,0.0,0.0,0.0,-897384.30546,0.0,0.0,0.0,-2.42764346e-07,2.6042223462e-08,3.4096122782e-08,3.7456490083e-07,0.0,0.0,4.0926764066e-08,0.0,0.0,0.0,0.0,-1.5484879927e-07,0.24502443768,0.034334578478,-0.0069901782576,0.063974650466
goe142,ok,,5.6266543894,143702324.33,93136.490181,416786.44876,44703543.759,89445.192526,12181129.16,0.0,0.0,0.0,3648505.0759,-35354533.481,-706548.51256,-2112789.4796,0.0,0.0,31199.80302,0.0,0.0,0.0,0.0,-688787.30352,0.0,0.0,0.0,-3.309269279e-07,2.5878592472e-08,4.0606940346e-08,5.084758051e-07,0.0,0.0,5.6703794585e-08,0.0,0.0,0.0,0.0,-1.916770308e-07,0.246026177,0.025389325419,-0.0052811924076,0.047357651829
goe143,ok,,5.6389566023,144016517.54,124458.627,530486.5906,44733232.13,116422.09824,12244357.988,0.0,0.0,0.0,3632455.6068,-35367024.604,-684085.40221,-2091521.9475,0.0,0.0,14167.283102,0.0,0.0,0.0,0.0,-689945.00673,0.0,0.0,0.0,-2.5140344551e-07,2.4212478156e-08,4.1589100113e-08,3.7988816531e-07,0.0,0.0,2.6991523869e-07,0.0,0.0,0.0,0.0,-1.4177310468e-07,0.24557616868,0.025222493009,-0.033593280015,0.04728035947
goe144,ok,,5.6108877243,143299650.51,120857.59558,605519.19899,44399819.796,122115.42499,12033159.373,0.0,0.0,0.0,4413071.562,-34858875.716,-548372.13423,-2532842.5522,0.0,0.0,23779.35351,0.0,0.0,0.0,0.0,-907887.71918,0.0,0.0,0.0,-2.795595839e-07,2.4068285888e-08,2.6265354487e-08,4.733521413e-07,0.0,0.0,1.0257893709e-07,0.0,0.0,0.0,0.0,-1.1271683663e-07,0.24325862339,0.030796108338,-0.012397443694,0.05720820166
goe147,ok,,5.6362837019,143948252.82,103401.56444,494494.98113,44721807.955,100781.9246,12227687.906,0.0,0.0,0.0,3352069.3812,-35355545.116,-827374.76203,-1987081.7747,0.0,0.0,-8645.4222658,0.0,0.0,0.0,0.0,-576028.45182,0.0,0.0,0.0,-2.8024965007e-07,2.5764790474e-08,7.8390785071e-08,4.4628666148e-07,0.0,0.0,8.8799155988e-07,0.0,0.0,0.0,0.0,-2.0066295777e-07,0.24561288118,0.023286627768,-0.091819716504,0.046146738987
goe15,ok,,5.7235533611,146177082.24,212934.82892,1123146.1372,44641174.637,233464.13578,12598096.261,0.0,0.0,0.0,7101807.6195,-34809719.649,-1589050.159,-4107631.4672,0.0,0.0,183448.50426,0.0,0.0,0.0,0.0,-1202626.7238,0.0,0.0,0.0,-2.4733507367e-07,2.8537828923e-08,1.7622884258e-08,4.271745276e-07,0.0,0.0,-1.5468598484e-07,0.0,0.0,0.0,0.0,-1.6610698394e-07,0.23813390659,0.048583591289,0.032938033718,0.090960334953
goe14k,ok,,5.6481556447,144251457.11,432806.62124,1265737.3956,44629307.208,335058.79358,12260611.696,0.0,0.0,0.0,2531621.368,-35683460.67,76765.665617,-1378323.5021,0.0,0.0,245172.09057,0.0,0.0,0.0,0.0,-650804.25932,0.0,0.0,0.0,-5.09000641e-08,2.00741113e-08,-1.5466412248e-08,7.2134553969e-08,0.0,0.0,-4.5186808697e-07,0.0,0.0,0.0,0.0,5.9779256208e-09,0.24736984558,0.017550057508,0.19557149997,0.031220312578
goe155,ok,,5.6496020613,144288397.97,120280.43757,631781.15406,44626435.233,129180.22896,12262356.067,0.0,0.0,0.0,4942778.4928,-35554593.848,-936989.14275,-2947085.0769,0.0,0.0,82875.672736,0.0,0.0,0.0,0.0,-939513.8591,0.0,0.0,0.0,-3.083592978e-07,2.7111453756e-08,1.5201839312e-08,5.4349357351e-07,0.0,0.0,-2.7583260531e-07,0.0,0.0,0.0,0.0,-1.7578502439e-07,0.24641339393,0.034256243484,0.033177266463,0.065371644837
goe15k,ok,,5.7022624449,145633321.43,672189.63034,1946649.1211,44735917.296,526808.77271,12531951.008,0.0,0.0,0.0,3195496.584,-35894878.248,104077.29005,-1709782.5996,0.0,0.0,379974.41392,0.0,0.0,0.0,0.0,-821113.51215,0.0,0.0,0.0,-4.0399725784e-08,1.9559808622e-08,-1.2544324312e-08,5.7541122203e-08,0.0,0.0,-2.9342372925e-07,0.0,0.0,0.0,0.0,5.0751081828e-09,0.24647435006,0.021942070348,0.1972363881,0.038678545663
goe164,ok,,5.6792526925,145045662.29,148820.29619,924927.38463,44589835.022,172944.55909,12385963.616,0.0,0.0,0.0,6387394.902,-35418226.808,-612958.0399,-3574423.9654,0.0,0.0,40502.647551,0.0,0.0,0.0,0.0,-1375832.9186,0.0,0.0,0.0,-2.7553642087e-07,2.3810780932e-08,1.99038271e-08,5.3961883627e-07,0.0,0.0,6.2778256023e-08,0.0,0.0,0.0,0.0,-8.5843554756e-08,0.24418673574,0.044037131487,-0.0093426786556,0.080306235044
goe165,ok,,5.6861127293,145220864.67,226240.68241,1149209.6166,44527435.913,238501.9025,12397151.504,0.0,0.0,0.0,5520368.4032,-35460891.492,-120929.3881,-2902609.8921,0.0,0.0,-58753.897883,0.0,0.0,0.0,0.0,-1323914.9415,0.0,0.0,0.0,-1.6137307779e-07,2.0010480699e-08,1.9110888066e-08,2.8882944192e-07,0.0,0.0,2.5629614495e-07,0.0,0.0,0.0,0.0,-8.1445447837e-09,0.24418592723,0.038013603732,-0.057984614732,0.065344970041
goe167,ok,,5.6726148274,144876134.08,225069.80157,849370.8019,44782534.254,202988.59149,12405958.24,0.0,0.0,0.0,4152371.9728,-35729460.721,-904049.72232,-2424675.7609,0.0,0.0,70631.508966,0.0,0.0,0.0,0.0,-752956.98841,0.0,0.0,0.0,-1.6767911803e-07,2.3554906349e-08,1.7690519015e-08,2.3837480453e-07,0.0,0.0,-1.1327167678e-07,0.0,0.0,0.0,0.0,-1.0765498328e-07,0.24662074915,0.028661532137,0.025494033817,0.053650969956
goe16k,ok,,5.767242306,147292879.04,975988.08832,2795979.6402,44831171.898,776156.80904,12853515.144,0.0,0.0,0.0,3919275.984,-36157496.889,131128.16623,-2051094.1504,0.0,0.0,550535.04803,0.0,0.0,0.0,0.0,-1004879.0704,0.0,0.0,0.0,-3.3229754772e-08,1.8987940538e-08,-1.0495659958e-08,4.74740808e-08,0.0,0.0,-2.039433464e-07,0.0,0.0,0.0,0.0,4.2875541815e-09,0.24548027797,0.026608726841,0.19904627678,0.046334137365
goe174,ok,,5.6675006782,144745520.92,162935.92077,773527.1111,44700757.213,164415.23682,12362436.352,0.0,0.0,0.0,5297068.1624,-35439474.044,-941498.74331,-3018647.3586,0.0,0.0,58489.368439,0.0,0.0,0.0,0.0,-1015483.5213,0.0,0.0,0.0,-2.5636708179e-07,2.5655222956e-08,2.99772209e-08,4.1550083433e-07,0.0,0.0,4.0596290324e-08,0.0,0.0,0.0,0.0,-1.3846978938e-07,0.24483986668,0.036595731107,-0.0066145939439,0.067700011024
goe176,ok,,5.6770716741,144989960.02,197031.46149,941346.28364,44671409.74,199495.41962,12397726.752,0.0,0.0,0.0,5341053.0545,-35426065.373,-626346.10731,-2984655.7335,0.0,0.0,6807.6229112,0.0,0.0,0.0,0.0,-1119776.3964,0.0,0.0,0.0,-2.0290947687e-07,2.274473888e-08,2.7619217556e-08,3.4181866322e-07,0.0,0.0,1.8893212858e-07,0.0,0.0,0.0,0.0,-7.4891234935e-08,0.24433461026,0.036837399318,-0.037225573417,0.06734903078
goe173,ok,,5.6617340559,144598243.87,136863.81884,715731.28418,44648803.712,146621.69461,12322723.771,0.0,0.0,0.0,5693723.4971,-35426587.599,-1059139.2703,-3226583.367,0.0,0.0,80247.464308,0.0,0.0,0.0,0.0,-1079165.0095,0.0,0.0,0.0,-3.1119990653e-07,2.7875727176e-08,3.0444586537e-08,5.2742776741e-07,0.0,0.0,-3.7383019015e-08,0.0,0.0,0.0,0.0,-1.7478508041e-07,0.24500012345,0.039376159382,0.0051163827422,0.072185778412
goe177,ok,,5.6387742556,144011860.48,119744.64565,614954.24817,44587232.289,125111.09661,12203623.081,0.0,0.0,0.0,4712480.095,-35426552.582,-816209.97434,-2713360.4251,0.0,0.0,36775.20299,0.0,0.0,0.0,0.0,-913647.57862,0.0,0.0,0.0,-3.0101580759e-07,2.6226733595e-08,4.0506154962e-08,5.1158998293e-07,0.0,0.0,1.7528894442e-07,0.0,0.0,0.0,0.0,-1.6086532856e-07,0.24599746481,0.032722861014,-0.020989912536,0.061260161224
goe178,ok,,5.6448514619,144167069.71,145836.37802,664893.78464,44646530.961,143448.15719,12246891.652,0.0,0.0,0.0,4196297.13,-35420014.535,-599366.94324,-2391869.827,0.0,0.0,8383.8982515,0.0,0.0,0.0,0.0,-848543.1297,0.0,0.0,0.0,-2.2837855265e-07,2.3468466206e-08,3.3420014173e-08,3.7070620592e-07,0.0,0.0,2.4470308262e-07,0.0,0.0,0.0,0.0,-1.0384465918e-07,0.24568727523,0.029107181955,-0.035686611259,0.05406245038
goe180,ok,,5.6504361277,144309699.66,174740.41142,701617.99527,44717061.896,159911.81532,12291469.737,0.0,0.0,0.0,4332366.6732,-35398913.606,-630303.67349,-2405072.7629,0.0,0.0,34306.986049,0.0,0.0,0.0,0.0,-875208.5681,0.0,0.0,0.0,-2.1109381464e-07,2.3182608645e-08,1.9914473175e-08,3.0781122616e-07,0.0,0.0,-3.2598574724e-09,0.0,0.0,0.0,0.0,-9.5399853264e-08,0.24529822797,0.030021313074,0.00056962883588,0.053787060297
goe182,ok,,5.6725782944,144875201.04,152847.86243,828565.10502,44683758.194,164354.04181,12380496.815,0.0,0.0,0.0,5041020.5603,-35236222.377,-861723.55034,-2913912.6627,0.0,0.0,-2314.6315707,0.0,0.0,0.0,0.0,-967177.06849,0.0,0.0,0.0,-2.4256238932e-07,2.4728422185e-08,5.4043109829e-08,4.3572040617e-07,0.0,0.0,4.6198947324e-07,0.0,0.0,0.0,0.0,-1.2723148489e-07,0.24321776345,0.034795607005,-0.070614103449,0.066598932699
goe184,ok,,5.6596573144,144545204.79,148703.60656,736073.65169,44669641.047,153123.39928,12318586.795,0.0,0.0,0.0,4865004.1785,-35372812.514,-813700.19431,-2843890.626,0.0,0.0,36987.413062,0.0,0.0,0.0,0.0,-945052.21933,0.0,0.0,0.0,-2.515674086e-07,2.488934975e-08,3.3425466621e-08,4.3074649901e-07,0.0,0.0,1.3548042959e-07,0.0,0.0,0.0,0.0,-1.301524376e-07,0.24471799369,0.033657319768,-0.020146428497,0.064053557914
goe187,ok,,5.6517432835,144343083.86,158353.31626,639632.72068,44728806.078,147027.65223,12299805.25,0.0,0.0,0.0,4654893.8915,-35562828.372,-1150204.1575,-2641464.7433,0.0,0.0,87451.531055,0.0,0.0,0.0,0.0,-812989.93454,0.0,0.0,0.0,-2.6466094924e-07,2.7235328743e-08,2.8995460552e-08,3.6823740912e-07,0.0,0.0,-1.9219841481e-07,0.0,0.0,0.0,0.0,-1.8462018171e-07,0.24637708591,0.03224881835,0.030435256365,0.058311614905
goe188,ok,,5.6475260205,144235376.76,188359.38464,686082.0945,44717152.862,165868.57527,12277916.639,0.0,0.0,0.0,4305656.4461,-35554945.8,-982246.23291,-2353778.1861,0.0,0.0,79174.47833,0.0,0.0,0.0,0.0,-775273.68146,0.0,0.0,0.0,-2.1450244613e-07,2.5089341108e-08,2.102341788e-08,2.7492186628e-07,0.0,0.0,-2.1228148501e-07,0.0,0.0,0.0,0.0,-1.4048385585e-07,0.24650641609,0.029851597734,0.039985209887,0.051784113556
goe190,ok,,5.6905276215,145333619.11,258550.8079,1301080.4503,44475038.702,270311.52523,12402815.412,0.0,0.0,0.0,5594180.9885,-34987650.966,-29611.594905,-3011766.4198,0.0,0.0,-69034.18593,0.0,0.0,0.0,0.0,-1348327.2408,0.0,0.0,0.0,-1.4228499288e-07,1.9391971879e-08,1.4820010854e-08,2.6205492754e-07,0.0,0.0,2.1117826191e-07,0.0,0.0,0.0,0.0,4.7209086679e-10,0.24074024427,0.038491995332,-0.054600310228,0.067754513231
goe195,ok,,5.6580861814,144505078.73,139782.80961,753269.59451,44644145.954,150391.63448,12305631.254,0.0,0.0,0.0,4956722.2682,-35445660.865,-208069.11085,-2772696.6522,0.0,0.0,-5053.3494648,0.0,0.0,0.0,0.0,-1155382.4715,0.0,0.0,0.0,-2.3608718304e-07,2.109346648e-08,1.6809176247e-08,4.4511342855e-07,0.0,0.0,1.7071895266e-07,0.0,0.0,0.0,0.0,-3.2665184112e-08,0.24529006991,0.034301370662,-0.023863574857,0.06221920564
goe198,ok,,5.7065233516,145742143.15,164240.34452,879948.39383,44828438.734,179697.70991,12572004.41,0.0,0.0,0.0,6176188.4444,-35742665.951,-869217.12471,-3593971.7171,0.0,0.0,120088.68895,0.0,0.0,0.0,0.0,-1248707.3666,0.0,0.0,0.0,-2.6459302487e-07,2.5116535874e-08,-5.5228707645e-09,4.8156516096e-07,0.0,0.0,-3.4842898176e-07,0.0,0.0,0.0,0.0,-1.177329636e-07,0.2452459198,0.042377505304,0.057226096006,0.079092427947
goe199,ok,,5.6782910787,145021103.09,153450.89576,652072.86523,44895145.481,144731.29902,12462527.469,0.0,0.0,0.0,4908894.6136,-35833365.02,-1158830.8093,-2874529.7564,0.0,0.0,117206.25095,0.0,0.0,0.0,0.0,-868723.10207,0.0,0.0,0.0,-2.8085215857e-07,2.7605243959e-08,1.2825309679e-08,4.0645233678e-07,0.0,0.0,-4.2903524037e-07,0.0,0.0,0.0,0.0,-1.9083865401e-07,0.24709069409,0.033849519201,0.065835841947,0.062370475163
goe207,ok,,5.7236216055,146178825.18,173778.75854,909266.95659,44885449.75,187840.81254,12662062.384,0.0,0.0,0.0,5879864.6955,-35440528.084,-1537455.157,-3452650.7512,0.0,0.0,94045.954061,0.0,0.0,0.0,0.0,-950103.13834,0.0,0.0,0.0,-2.6229532549e-07,2.9038031675e-08,4.9670428041e-08,4.4845152845e-07,0.0,0.0,1.5397620985e-07,0.0,0.0,0.0,0.0,-1.9989842064e-07,0.24244638744,0.04022377857,-0.026757794592,0.077931349882
goe210,ok,,5.6276010496,143726501.63,110244.82093,486348.46476,44643033.687,106243.03133,12170549.146,0.0,0.0,0.0,4280432.9684,-35406698.461,-733783.96069,-2407670.4395,0.0,0.0,52767.934134,0.0,0.0,0.0,0.0,-842422.92241,0.0,0.0,0.0,-3.2063165691e-07,2.5835700548e-08,2.0645416975e-08,4.8529091598e-07,0.0,0.0,-2.4580398947e-07,0.0,0.0,0.0,0.0,-1.6399547133e-07,0.24634773727,0.029781793336,0.027098616803,0.053500810131
goe217,ok,,5.8620344555,149713829.62,577833.92789,2522407.8888,44885788.818,599839.92018,13290970.934,0.0,0.0,0.0,6772548.4643,-35414532.188,-391362.38077,-3386988.4603,0.0,0.0,-180423.11994,0.0,0.0,0.0,0.0,-1504797.9437,0.0,0.0,0.0,-7.8295327291e-08,1.8371493016e-08,1.4430857915e-08,1.3185406124e-07,0.0,0.0,1.4403790462e-07,0.0,0.0,0.0,0.0,-1.2196493044e-08,0.23654816845,0.045236625644,-0.08322998819,0.076189750113
goe222,ok,,5.8152166645,148518123.45,681892.33405,2601668.2921,44631983.913,654151.05766,13009414.016,0.0,0.0,0.0,7185073.5529,-35661249.443,-20287.42517,-3691443.0099,0.0,0.0,26995.895722,0.0,0.0,0.0,0.0,-1730343.68,0.0,0.0,0.0,-7.3811904589e-08,1.8427944909e-08,-1.0055725288e-09,1.2128610124e-07,0.0,0.0,-1.4271209137e-08,0.0,0.0,0.0,0.0,6.0027820487e-10,0.24011378959,0.048378429421,0.0097314281081,0.08270406266
goe223,ok,,5.7822604015,147676434.71,653503.87712,2443565.5958,44528145.547,619739.60441,12828621.132,0.0,0.0,0.0,5887200.809,-35475250.946,-210369.40189,-3005664.5594,0.0,0.0,-7196.2834819,0.0,0.0,0.0,0.0,-1361963.0277,0.0,0.0,0.0,-6.5904710794e-08,1.8994432801e-08,2.838402637e-09,1.0335561256e-07,0.0,0.0,1.3398704507e-08,0.0,0.0,0.0,0.0,-6.5753894512e-09,0.24022282915,0.039865539958,-0.0087561053438,0.067543293528
goe225,ok,,5.7681761485,147316728.97,315473.01032,1648523.9021,44709889.557,350447.17106,12817159.204,0.0,0.0,0.0,7480869.7058,-35802300.735,-157065.14479,-4079264.4289,0.0,0.0,5202.2877443,0.0,0.0,0.0,0.0,-1779223.3231,0.0,0.0,0.0,-1.4700357607e-07,1.9406999422e-08,3.732767339e-09,2.8927719515e-07,0.0,0.0,1.7551988285e-08,0.0,0.0,0.0,0.0,-8.6488098033e-09,0.24302943043,0.050780856716,-0.0055371785814,0.09125914757
goe226,ok,,5.7810199936,147644755.23,351042.37828,1877005.2535,44587267.262,400945.1002,12841003.55,0.0,0.0,0.0,7897054.9719,-35546261.209,-332988.63912,-4317502.36,0.0,0.0,-10897.535252,0.0,0.0,0.0,0.0,-1805953.2763,0.0,0.0,0.0,-1.3785101007e-07,1.977319156e-08,1.0330392551e-08,2.7634819906e-07,0.0,0.0,6.5473542606e-08,0.0,0.0,0.0,0.0,-1.8511037418e-08,0.24075532621,0.053486864192,-0.022983988111,0.09700992903
goe227,ok,,5.775935183,147514891.36,385601.8479,1910796.5169,44562769.247,424250.85092,12810814.69,0.0,0.0,0.0,7666724.339,-35687152.287,17613.528145,-4079350.1691,0.0,0.0,-26908.496393,0.0,0.0,0.0,0.0,-1863639.6967,0.0,0.0,0.0,-1.2210861625e-07,1.8799525899e-08,2.9357865225e-09,2.3738591911e-07,0.0,0.0,3.4332100102e-08,0.0,0.0,0.0,0.0,1.635247065e-09,0.24192237107,0.051972545064,-0.013238521242,0.091536449075
goe228,ok,,5.8061573676,148286752.91,606766.87613,2417730.2701,44634271.752,596718.52869,12968632.877,0.0,0.0,0.0,7287604.8422,-35556703.22,-366182.04648,-3784657.4065,0.0,0.0,7978.3704068,0.0,0.0,0.0,0.0,-1643007.8748,0.0,0.0,0.0,-8.5589823006e-08,1.9180065218e-08,4.7281626109e-09,1.3988397422e-07,0.0,0.0,1.5727170046e-08,0.0,0.0,0.0,0.0,-1.3495793159e-08,0.23978340966,0.049145353169,-0.0095427258395,0.084876962061
goe229,ok,,5.7937712461,147970416.72,697759.92814,2591907.2331,44478204.605,662263.52385,12867305.869,0.0,0.0,0.0,6129112.199,-35512773.425,-220920.72366,-3098344.2801,0.0,0.0,5212.3064224,0.0,0.0,0.0,0.0,-1415028.7899,0.0,0.0,0.0,-6.4119490067e-08,1.8931054734e-08,2.3084442228e-09,9.9864090563e-08,0.0,0.0,5.6272974863e-09,0.0,0.0,0.0,0.0,-6.5660486661e-09,0.23999914451,0.041421199825,-0.0039265026897,0.069681160656
goe235,ok,,5.64322046,144125414.63,106787.62533,454598.7653,44809304.419,99625.834569,12282599.685,0.0,0.0,0.0,3263413.5813,-35309387.39,-663183.77032,-1942173.2449,0.0,0.0,17421.695027,0.0,0.0,0.0,0.0,-601594.66482,0.0,0.0,0.0,-2.6684360406e-07,2.4252200963e-08,4.2757534208e-08,4.0942487927e-07,0.0,0.0,2.3331890048e-07,0.0,0.0,0.0,0.0,-1.6173663677e-07,0.24499070813,0.022642873846,-0.024915571327,0.043721510609
goe233,ok,,5.745828426,146745977.79,177025.0852,1549621.33,44444004.495,261880.22092,12637419.123,0.0,0.0,0.0,7519960.2865,-35775287.69,15678.181364,-4162718.8089,0.0,0.0,-44134.947902,0.0,0.0,0.0,0.0,-1857851.4676,0.0,0.0,0.0,-1.9387044465e-07,1.8914529142e-08,1.4338527731e-08,5.290346254e-07,0.0,0.0,1.5553442473e-07,0.0,0.0,0.0,0.0,7.4198603052e-09,0.24379058445,0.051244745512,-0.02753349479,0.093652399637
goe234,ok,,5.8087086984,148351912.8,268796.77872,2021489.7202,44453090.168,370206.7177,12921066.984,0.0,0.0,0.0,8431859.1239,-36095576.968,73621.764925,-4587086.0154,0.0,0.0,-62333.101051,0.0,0.0,0.0,0.0,-2103273.1702,0.0,0.0,0.0,-1.5089447325e-07,1.8226909141e-08,9.5709304559e-09,3.837278662e-07,0.0,0.0,1.0073420787e-07,0.0,0.0,0.0,0.0,1.0810858958e-08,0.24331049251,0.056836875,-0.027077030582,0.10314481434
goe239,ok,,5.7051882885,145708046.22,254590.49939,1172367.2317,44719906.931,256712.33775,12536461.561,0.0,0.0,0.0,5771595.4312,-35534306.714,-459193.95974,-3236520.4525,0.0,0.0,17698.663839,0.0,0.0,0.0,0.0,-1271148.1253,0.0,0.0,0.0,-1.6461659306e-07,2.1246632573e-08,1.2533298609e-08,2.8483811703e-07,0.0,0.0,5.2053405522e-08,0.0,0.0,0.0,0.0,-4.2380012271e-08,0.24387333189,0.039610684386,-0.013252302507,0.07251707846
goe238,ok,,5.6534834876,144387527.92,203150.68209,922934.62541,44461564.316,202400.23329,12233024.743,0.0,0.0,0.0,4705406.6751,-34685812.545,-1202180.4769,-2832083.3787,0.0,0.0,57709.832397,0.0,0.0,0.0,0.0,-765597.72246,0.0,0.0,0.0,-1.9625683539e-07,2.5512744819e-08,3.5781017229e-08,3.1651061081e-07,0.0,0.0,1.0085071457e-07,0.0,0.0,0.0,0.0,-1.4732384211e-07,0.24022720691,0.032588733549,-0.020487891453,0.064299346473
goe240,ok,,5.6472699897,144228837.87,126089.43625,610837.25142,44663431.604,128094.77441,12262526.09,0.0,0.0,0.0,4884590.3331,-35438097.297,-835666.54224,-2822828.6997,0.0,0.0,70121.336173,0.0,0.0,0.0,0.0,-952353.86537,0.0,0.0,0.0,-3.0304687859e-07,2.617266104e-08,1.6564130291e-08,4.9722789585e-07,0.0,0.0,-2.243627358e-07,0.0,0.0,0.0,0.0,-1.5777420443e-07,0.24570743148,0.033866946481,0.028289770873,0.062695185078
goe241,ok,,5.868929352,149889922.3,612492.19344,2709213.9118,44686140.178,649993.7266,13269509.315,0.0,0.0,0.0,8927222.3702,-35630796.615,-568236.81187,-4526688.5757,0.0,0.0,-37567.577141,0.0,0.0,0.0,0.0,-1962323.2407,0.0,0.0,0.0,-9.6019439763e-08,1.9073429906e-08,1.0527261129e-08,1.6614678465e-07,0.0,0.0,5.7324852626e-08,0.0,0.0,0.0,0.0,-1.8526674018e-08,0.23771309017,0.059558522903,-0.035111024724,0.10176360857
goe242,ok,,5.7881655034,147827248.47,412338.74581,2045946.4257,44489620.858,460394.57095,12842348.455,0.0,0.0,0.0,7774722.0435,-35836109.551,-241991.78396,-3985765.4016,0.0,0.0,-55717.127944,0.0,0.0,0.0,0.0,-1826095.5332,0.0,0.0,0.0,-1.1663722046e-07,1.9409553283e-08,1.0896684695e-08,2.1777532027e-07,0.0,0.0,9.1741359073e-08,0.0,0.0,0.0,0.0,-9.9184889972e-09,0.24241883633,0.052593294701,-0.037828516939,0.089797202428
goe243,ok,,5.8875230261,150364796.71,589795.80026,2800397.0866,44657281.115,655109.5328,13345603.294,0.0,0.0,0.0,8784038.496,-35613999.359,-130323.26613,-4396429.7329,0.0,0.0,-134657.32403,0.0,0.0,0.0,0.0,-2063344.4429,0.0,0.0,0.0,-8.9637900728e-08,1.7862760511e-08,9.8468989122e-09,1.6718126713e-07,0.0,0.0,8.9295603102e-08,0.0,0.0,0.0,0.0,-1.962837286e-09,0.23685064682,0.058418184896,-0.052666171691,0.098602809234
goe244,ok,,5.902163315,150738703.37,530474.48435,2747917.534,44702048.133,619900.62235,13430667.54,0.0,0.0,0.0,10524557.107,-35682286.262,-537085.63015,-5368318.8024,0.0,0.0,-32043.734387,0.0,0.0,0.0,0.0,-2340473.7865,0.0,0.0,0.0,-1.1690507981e-07,1.8940680301e-08,1.2354691057e-08,2.2721498611e-07,0.0,0.0,6.6226252336e-08,0.0,0.0,0.0,0.0,-1.8119711482e-08,0.23671615494,0.069819872879,-0.035131337058,0.12053175259
goe255,ok,,5.776719599,147534925.01,750257.49637,2492569.2337,44722206.769,657982.97668,12860057.478,0.0,0.0,0.0,4822072.6083,-35527556.563,-444676.82657,-2562298.2799,0.0,0.0,93778.692538,0.0,0.0,0.0,0.0,-1031364.9616,0.0,0.0,0.0,-5.3362811631e-08,1.9266037803e-08,1.9065561516e-09,7.6010164123e-08,0.0,0.0,-3.6518291653e-08,0.0,0.0,0.0,0.0,-1.534297078e-08,0.24080777186,0.032684278709,0.027398122067,0.057027195434
goe256,ok,,5.753289562,146936531.98,641787.30675,2072813.0752,44833498.503,546418.00428,12786789.418,0.0,0.0,0.0,4492073.412,-35367933.706,-632179.17624,-2559235.3378,0.0,0.0,165126.4687,0.0,0.0,0.0,0.0,-887776.3647,0.0,0.0,0.0,-6.2600865403e-08,1.9776216901e-08,1.3510153873e-09,8.7594831967e-08,0.0,0.0,-9.6974209352e-08,0.0,0.0,0.0,0.0,-2.7691009162e-08,0.24070211287,0.030571521946,0.062236816644,0.056217251293
goe257,ok,,5.6647529243,144675344.47,192691.49869,693935.1026,44861163.314,167005.66081,12392703.382,0.0,0.0,0.0,3815314.782,-35960794.496,-827317.54522,-2226418.089,0.0,0.0,80457.320898,0.0,0.0,0.0,0.0,-703108.45152,0.0,0.0,0.0,-1.8729769974e-07,2.3772919314e-08,1.226616237e-08,2.5221442666e-07,0.0,0.0,-2.9443515076e-07,0.0,0.0,0.0,0.0,-1.1849040652e-07,0.24856201054,0.026371561761,0.056735150467,0.048599575865
goe264,ok,,5.6620975179,144607526.54,105153.3573,623598.55306,44694680.071,119685.78781,12334228.983,0.0,0.0,0.0,5229198.3441,-35659443.217,-881630.10232,-3073372.7677,0.0,0.0,76704.138696,0.0,0.0,0.0,0.0,-1016964.2622,0.0,0.0,0.0,-3.475103874e-07,2.7684699697e-08,1.491904875e-08,6.4936585782e-07,0.0,0.0,-2.4475880918e-07,0.0,0.0,0.0,0.0,-1.8461062969e-07,0.24659465569,0.036161315177,0.025737210514,0.068283000065
goe265,ok,,5.7034583416,145663864.12,111055.18747,918900.14243,44691255.591,153998.93841,12517364.131,0.0,0.0,0.0,6700036.291,-35309042.947,-1313325.8977,-3941029.1199,0.0,0.0,80799.696067,0.0,0.0,0.0,0.0,-1216157.3256,0.0,0.0,0.0,-3.4965703565e-07,3.0793531992e-08,6.2711367319e-08,8.0486438763e-07,0.0,0.0,3.4380882446e-07,0.0,0.0,0.0,0.0,-2.116228636e-07,0.24240083949,0.045996557427,-0.038181753453,0.089384365453
goe274,ok,,5.6794307132,145050208.86,191062.31589,740962.01481,44895281.368,171957.75216,12470021.995,0.0,0.0,0.0,4931913.5929,-35687061.026,-823575.22006,-2713471.8576,0.0,0.0,82303.145381,0.0,0.0,0.0,0.0,-970999.51947,0.0,0.0,0.0,-2.2546901671e-07,2.412217289e-08,1.1063193046e-08,3.122325385e-07,0.0,0.0,-2.2955490301e-07,0.0,0.0,0.0,0.0,-1.1304828741e-07,0.24603246907,0.034001423587,0.043859291392,0.0596558719
goe275,ok,,5.6291531337,143766141.19,142257.98759,609567.88302,44572486.264,133517.60979,12160133.063,0.0,0.0,0.0,4751985.7692,-34826347.344,-865446.08519,-2594962.5406,0.0,0.0,51730.917633,0.0,0.0,0.0,0.0,-901018.48742,0.0,0.0,0.0,-2.8477170606e-07,2.5789478731e-08,3.0963256647e-08,4.0910852524e-07,0.0,0.0,-1.528889285e-08,0.0,0.0,0.0,0.0,-1.5405164288e-07,0.24224304177,0.033053580836,0.0021749671292,0.058198955506
goe269,ok,,5.6617378853,144598341.67,104552.57167,575459.79515,44782449.487,113006.10226,12357298.298,0.0,0.0,0.0,4722608.7735,-35533130.143,-832442.60091,-2789299.9314,0.0,0.0,48750.513563,0.0,0.0,0.0,0.0,-908501.36144,0.0,0.0,0.0,-3.3323932613e-07,2.6693323941e-08,3.5533978925e-08,5.9690599214e-07,0.0,0.0,5.1785400667e-08,0.0,0.0,0.0,0.0,-1.8046995384e-07,0.24573677493,0.032660186271,-0.0054142968148,0.062408056525
goe276,ok,,5.6488642515,144269554.62,133562.28129,521088.10517,44825564.007,118836.23781,12313583.182,0.0,0.0,0.0,4022948.9137,-35709625.187,-718128.54191,-2246018.8823,0.0,0.0,55177.686887,0.0,0.0,0.0,0.0,-786219.86357,0.0,0.0,0.0,-2.7002588371e-07,2.4703668744e-08,1.7094284499e-08,3.7083011844e-07,0.0,0.0,-2.7559783068e-07,0.0,0.0,0.0,0.0,-1.4319767911e-07,0.24752017347,0.027884947203,0.036809474986,0.049528916591
goe277,ok,,5.6486156177,144263204.63,165191.90532,664074.17874,44714068.222,151616.44315,12282500.848,0.0,0.0,0.0,4217940.0861,-35435679.231,-823832.79374,-2400872.2694,0.0,0.0,49082.789248,0.0,0.0,0.0,0.0,-793089.6297,0.0,0.0,0.0,-2.2481273138e-07,2.4455475513e-08,2.5385044182e-08,3.2433987659e-07,0.0,0.0,-4.4039170764e-08,0.0,0.0,0.0,0.0,-1.3047374683e-07,0.24563213692,0.02923780944,0.0072749145271,0.053578322184
goe278,ok,,5.6384588415,144003804.94,138974.53952,553775.42544,44698969.22,127009.17897,12233761.315,0.0,0.0,0.0,4201529.5823,-35399349.951,-828325.86407,-2368871.5487,0.0,0.0,66226.605658,0.0,0.0,0.0,0.0,-791979.77725,0.0,0.0,0.0,-2.6773394985e-07,2.5374671246e-08,1.8314596714e-08,3.7609675603e-07,0.0,0.0,-2.8983006107e-07,0.0,0.0,0.0,0.0,-1.5500707348e-07,0.24582232369,0.029176517828,0.040278999276,0.052267873483
goe279,ok,,5.6526093056,144365201.69,146937.4017,589982.52956,44776778.078,134981.40845,12317679.422,0.0,0.0,0.0,4738551.2513,-35488752.748,-917227.23937,-2621787.4646,0.0,0.0,83482.062956,0.0,0.0,0.0,0.0,-898861.62175,0.0,0.0,0.0,-2.8238304236e-07,2.6067505385e-08,1.4978847327e-08,3.916243314e-07,0.0,0.0,-3.4306759022e-07,0.0,0.0,0.0,0.0,-1.5998395099e-07,0.24582622636,0.032823361834,0.050409460313,0.057544261698
goe280,ok,,5.6605400835,144567750.33,162540.43065,618969.70693,44836339.506,144771.37478,12368756.534,0.0,0.0,0.0,4448821.6571,-35690103.7,-1009748.5949,-2490678.708,0.0,0.0,84542.455821,0.0,0.0,0.0,0.0,-804151.81088,0.0,0.0,0.0,-2.5299700601e-07,2.5991095382e-08,2.0983285187e-08,3.3557771613e-07,0.0,0.0,-2.823540918e-07,0.0,0.0,0.0,0.0,-1.6427025509e-07,0.2468745873,0.030773264762,0.045893955676,0.054544946495
goe281,ok,,5.6502813479,144305746.66,159211.99934,640638.27561,44732063.819,146325.39038,12294938.687,0.0,0.0,0.0,4424090.9794,-35585064.402,-834664.99796,-2522858.3147,0.0,0.0,71882.477387,0.0,0.0,0.0,0.0,-847069.22554,0.0,0.0,0.0,-2.4286378827e-07,2.4884113593e-08,1.5593086149e-08,3.4983037131e-07,0.0,0.0,-2.4297244043e-07,0.0,0.0,0.0,0.0,-1.3556463678e-07,0.24659492242,0.030657760221,0.038684128026,0.055697192848
goe282,ok,,5.6786171128,145029429.86,216576.83514,865187.3268,44816384.784,197677.95192,12444671.875,0.0,0.0,0.0,4881103.2127,-35620482.545,-683323.92266,-2753252.2787,0.0,0.0,62846.072235,0.0,0.0,0.0,0.0,-995553.83567,0.0,0.0,0.0,-1.9050637641e-07,2.2854224433e-08,1.0825820753e-08,2.8202954995e-07,0.0,0.0,-1.1128115497e-07,0.0,0.0,0.0,0.0,-8.2635877682e-08,0.24560865046,0.033655949812,0.024100920354,0.061081067345
goe285,ok,,5.688533398,145282687.5,333057.12843,1135868.3182,44864003.991,282373.03583,12501860.994,0.0,0.0,0.0,3612150.7596,-35273353.99,-593231.26175,-2025058.2299,0.0,0.0,35969.92986,0.0,0.0,0.0,0.0,-697812.85501,0.0,0.0,0.0,-1.0035497773e-07,2.0863146395e-08,1.0547540686e-08,1.3522859185e-07,0.0,0.0,-2.4282733947e-08,0.0,0.0,0.0,0.0,-5.0758044444e-08,0.24279117214,0.024862912586,0.0080875376388,0.045038846483
goe284,ok,,5.8005288501,148143003.01,689546.37328,2361717.0865,44928799.846,614213.3029,13026769.266,0.0,0.0,0.0,4716735.4838,-35255345.797,-793586.03845,-2679817.6323,0.0,0.0,47971.841068,0.0,0.0,0.0,0.0,-874743.89246,0.0,0.0,0.0,-5.9186455767e-08,1.9401701244e-08,7.4561784858e-09,8.6521922735e-08,0.0,0.0,-3.8188444129e-10,0.0,0.0,0.0,0.0,-3.0964489858e-08,0.23798184917,0.031839070277,0.00026332703151,0.059660878031
goe286,ok,,5.6633745639,144640141.74,202020.32063,764883.61863,44802934.191,179442.60036,12371612.587,0.0,0.0,0.0,3828511.8675,-35444906.823,-897417.95524,-2229542.3999,0.0,0.0,40100.593274,0.0,0.0,0.0,0.0,-672904.58016,0.0,0.0,0.0,-1.7672388909e-07,2.3608565873e-08,2.7664711963e-08,2.4702207512e-07,0.0,0.0,2.9602715176e-08,0.0,0.0,0.0,0.0,-1.1950232733e-07,0.24505580814,0.026469220933,-0.0059803500113,0.049903478819
goe287,ok,,5.6594414865,144539692.64,178465.09145,760544.35466,44676685.287,172031.00671,12318586.207,0.0,0.0,0.0,4388651.1888,-35525402.6,-1053417.3797,-2620906.3869,0.0,0.0,64306.492196,0.0,0.0,0.0,0.0,-764169.18946,0.0,0.0,0.0,-2.1285448505e-07,2.5403071174e-08,2.9934499655e-08,3.2846966256e-07,0.0,0.0,-1.8216825212e-08,0.0,0.0,0.0,0.0,-1.4840029949e-07,0.24578302299,0.030362948119,0.0032510673774,0.058620368367
goe288,ok,,5.7946730196,147993447.62,597254.57518,2238458.6004,44836417.893,557199.00214,12973063.098,0.0,0.0,0.0,5413032.3259,-35353352.02,-407122.82109,-2963291.5478,0.0,0.0,-31468.114094,0.0,0.0,0.0,0.0,-1169354.4857,0.0,0.0,0.0,-6.9725781965e-08,1.9080741126e-08,6.9526861477e-09,1.1106439403e-07,0.0,0.0,4.3661690844e-08,0.0,0.0,0.0,0.0,-1.7117536914e-08,0.23888457623,0.036576162073,-0.026077144617,0.066333717475
goe289,ok,,5.7554466866,146991624.01,597090.37497,2204078.4411,44534546.962,551332.93009,12712470.564,0.0,0.0,0.0,5891311.1081,-35038736.191,-578831.07742,-3239754.8979,0.0,0.0,72764.226332,0.0,0.0,0.0,0.0,-1225434.905,0.0,0.0,0.0,-7.8764244682e-08,1.9863550561e-08,4.2069908359e-09,1.2155480763e-07,0.0,0.0,-2.3284401536e-08,0.0,0.0,0.0,0.0,-2.552370862e-08,0.23837233194,0.040079230009,0.013902892044,0.072579205668
goe290,ok,,5.7706647158,147380285.91,654898.46981,2165902.1914,44921078.594,566160.88143,12888096.625,0.0,0.0,0.0,3634220.543,-35303020.298,-619389.65361,-2020441.9303,0.0,0.0,26976.412309,0.0,0.0,0.0,0.0,-680636.56025,0.0,0.0,0.0,-4.9778320474e-08,1.9323727252e-08,6.3942767555e-09,6.8701079097e-08,0.0,0.0,6.2577799374e-10,0.0,0.0,0.0,0.0,-2.6024436794e-08,0.23953692368,0.024658796939,-0.00040982105054,0.044992231574
goe298,ok,,5.7486879402,146819008.54,365641.45438,1397433.1384,45055148.46,333287.96155,12825821.024,0.0,0.0,0.0,4060478.0397,-35165183.841,-503306.34914,-2406002.9838,0.0,0.0,-34271.908587,0.0,0.0,0.0,0.0,-814659.08833,0.0,0.0,0.0,-9.1813647128e-08,1.9807624592e-08,1.4443531136e-08,1.4740400058e-07,0.0,0.0,1.1966643876e-07,0.0,0.0,0.0,0.0,-3.6934027017e-08,0.23951383537,0.02765635104,-0.043755010707,0.053897013155
goe29b,ok,,5.7259031803,146237095.61,194502.49002,1037596.0358,44843359.425,212943.44015,12663323.849,0.0,0.0,0.0,6053410.4654,-35171758.322,-1229933.7418,-3529559.67,0.0,0.0,48869.640126,0.0,0.0,0.0,0.0,-1076468.2094,0.0,0.0,0.0,-2.280579753e-07,2.5850041281e-08,4.5459867868e-08,4.115034961e-07,0.0,0.0,2.3771487547e-07,0.0,0.0,0.0,0.0,-1.4071530024e-07,0.24051187679,0.041394493237,-0.046236135195,0.080038454645
goe300,ok,,5.6920200764,145371735.76,185976.08635,920156.06863,44681529.983,195191.49069,12467038.566,0.0,0.0,0.0,6273897.7342,-35352554.906,-1265160.3929,-3590706.084,0.0,0.0,122222.02764,0.0,0.0,0.0,0.0,-1143140.2698,0.0,0.0,0.0,-2.5912646477e-07,2.7484880969e-08,2.1235599367e-08,4.2907809749e-07,0.0,0.0,-1.1950666098e-07,0.0,0.0,0.0,0.0,-1.5722131828e-07,0.24318726553,0.043157617271,0.022225381102,0.079798265312
goe301,ok,,5.7095571709,145819625.59,235672.41483,1049798.4192,44807227.815,233975.70884,12581046.767,0.0,0.0,0.0,6386081.246,-35424631.488,-1044373.4969,-3554604.0285,0.0,0.0,102528.95795,0.0,0.0,0.0,0.0,-1237070.7119,0.0,0.0,0.0,-2.1299680617e-07,2.464684381e-08,1.5942239408e-08,3.3495372333e-07,0.0,0.0,-7.9304668985e-08,0.0,0.0,0.0,0.0,-1.0678183334e-07,0.24293459365,0.043794387897,0.018689922847,0.078939352833
goe303,ok,,5.6967581204,145492743.36,243865.83907,1006410.5209,44814220.072,230307.73826,12525112.779,0.0,0.0,0.0,5673441.6301,-35512394.648,-892851.81305,-3208890.5854,0.0,0.0,98868.765448,0.0,0.0,0.0,0.0,-1118668.7408,0.0,0.0,0.0,-1.9175585537e-07,2.3572687447e-08,9.7095017091e-09,2.9090701268e-07,0.0,0.0,-1.4218595839e-07,0.0,0.0,0.0,0.0,-9.2256324397e-08,0.24408361426,0.038994670792,0.034674298046,0.070942282738
goe304,ok,,5.703464169,145664012.95,203995.46628,968061.2388,44802220.244,208787.17114,12551717.926,0.0,0.0,0.0,6051968.163,-35349455.756,-870049.09533,-3459717.3847,0.0,0.0,91351.406885,0.0,0.0,0.0,0.0,-1205888.3867,0.0,0.0,0.0,-2.2324069539e-07,2.4018879202e-08,1.0680585133e-08,3.7631995833e-07,0.0,0.0,-1.2218569284e-07,0.0,0.0,0.0,0.0,-1.002776267e-07,0.24267803035,0.041547449096,0.024925327385,0.076767565371
goe308,ok,,5.6338736229,143886700.44,181044.6862,741926.41898,44508226.28,166065.04166,12162249.178,0.0,0.0,0.0,4489427.611,-35044983.036,-1011046.8414,-2653884.4128,0.0,0.0,97184.18197,0.0,0.0,0.0,0.0,-792211.26708,0.0,0.0,0.0,-2.2409376249e-07,2.5592095423e-08,1.4561545675e-08,3.2328690387e-07,0.0,0.0,-2.7432351925e-07,0.0,0.0,0.0,0.0,-1.4914499899e-07,0.24355957103,0.03120112976,0.04966481546,0.058529376063
goe309,ok,,5.6516440979,144340550.7,200713.43889,747736.97746,44681843.623,177136.06681,12285503.147,0.0,0.0,0.0,3919856.3876,-35504276.661,-1180281.7975,-2383374.5185,0.0,0.0,105810.06585,0.0,0.0,0.0,0.0,-612409.56499,0.0,0.0,0.0,-1.9294545728e-07,2.5567667236e-08,2.0543384893e-08,2.5841140862e-07,0.0,0.0,-2.8502971786e-07,0.0,0.0,0.0,0.0,-1.6164836261e-07,0.24597576002,0.027157000362,0.057209294858,0.051866642473
goe310,ok,,5.6258245993,143681131.85,184151.39177,751299.55474,44450428.541,168267.14588,12111054.65,0.0,0.0,0.0,4071830.224,-35091088.253,-746616.85017,-2482474.2446,0.0,0.0,84684.580558,0.0,0.0,0.0,0.0,-771198.11668,0.0,0.0,0.0,-1.9511716196e-07,2.3770856731e-08,5.3074464226e-09,2.981427167e-07,0.0,0.0,-3.1053279847e-07,0.0,0.0,0.0,0.0,-1.0955464399e-07,0.24422892415,0.028339352366,0.057185047027,0.054903396225
goe311,ok,,5.6764972461,144975289.38,189429.19654,895469.89206,44631604.236,191254.53742,12381637.671,0.0,0.0,0.0,5223608.4365,-35524496.053,-1117442.2083,-3182244.2763,0.0,0.0,109760.89489,0.0,0.0,0.0,0.0,-938970.29273,0.0,0.0,0.0,-2.2353489229e-07,2.5967054736e-08,1.5483153082e-08,3.722030161e-07,0.0,0.0,-1.7695609835e-07,0.0,0.0,0.0,0.0,-1.440064866e-07,0.24503828346,0.036031026107,0.033520651533,0.070506118289
goe314,ok,,5.6335436516,143878273.12,156615.92757,666646.45941,44554380.093,146496.06815,12172987.995,0.0,0.0,0.0,4257950.824,-34758060.221,-1005754.7603,-2471466.0975,0.0,0.0,51500.738224,0.0,0.0,0.0,0.0,-729486.69209,0.0,0.0,0.0,-2.4241445656e-07,2.5818603104e-08,3.6161734469e-08,3.5530052895e-07,0.0,0.0,4.1337240104e-08,0.0,0.0,0.0,0.0,-1.6774987864e-07,0.24157963165,0.029594119611,-0.0064740702019,0.055645721906
goe315,ok,,5.6122937243,143335559.15,145269.38193,590574.51867,44473706.605,133229.46494,12057524.944,0.0,0.0,0.0,3718625.7789,-34704315.224,-981982.9464,-2148773.7458,0.0,0.0,40422.684432,0.0,0.0,0.0,0.0,-613141.01986,0.0,0.0,0.0,-2.3790450077e-07,2.5762029618e-08,4.1377096421e-08,3.3457099579e-07,0.0,0.0,8.2086432834e-08,0.0,0.0,0.0,0.0,-1.7878931988e-07,0.24211936961,0.025943497908,-0.011924645363,0.04860292177
goe316,ok,,5.6587774769,144522734.12,183214.26247,711300.89259,44764472.323,166304.63918,12339681.687,0.0,0.0,0.0,3844296.9429,-35397367.944,-1109679.9021,-2248909.5454,0.0,0.0,47498.84059,0.0,0.0,0.0,0.0,-613080.83211,0.0,0.0,0.0,-1.9903744957e-07,2.5165190396e-08,3.8062838022e-08,2.7595482148e-07,0.0,0.0,6.353361009e-08,0.0,0.0,0.0,0.0,-1.6007009191e-07,0.24492594995,0.026599946135,-0.011640263514,0.05055885909
goe318,ok,,5.657161802,144481470.48,175285.86209,737467.89815,44705176.322,166979.11794,12314880.479,0.0,0.0,0.0,3709373.8337,-35391542.328,-1142107.1222,-2268040.3382,0.0,0.0,29071.875947,0.0,0.0,0.0,0.0,-567122.58527,0.0,0.0,0.0,-1.9431553377e-07,2.5299410205e-08,4.6212068215e-08,2.9533747622e-07,0.0,0.0,2.2349182319e-07,0.0,0.0,0.0,0.0,-1.6607722681e-07,0.24495557949,0.025673699342,-0.039174956897,0.051768484126
goe319,ok,,5.7070637069,145755943.59,260045.51745,1060633.0603,44845038.888,244688.82028,12579603.312,0.0,0.0,0.0,5379853.341,-35056382.567,-1304169.3992,-3089627.7931,0.0,0.0,81297.970669,0.0,0.0,0.0,0.0,-903197.97139,0.0,0.0,0.0,-1.8122707825e-07,2.4772853495e-08,2.9582673982e-08,2.6607687486e-07,0.0,0.0,3.12679541e-08,0.0,0.0,0.0,0.0,-1.2694030311e-07,0.24051425762,0.036910010037,-0.0081310913035,0.069192098604
goe320,ok,,5.7640028065,147210143.62,383531.56815,1472351.6494,45001678.307,356446.10005,12882154.152,0.0,0.0,0.0,5994235.693,-35257448.679,-1324419.2013,-3411051.1892,0.0,0.0,108643.18591,0.0,0.0,0.0,0.0,-1032203.3806,0.0,0.0,0.0,-1.3516361242e-07,2.2848041673e-08,1.8895188469e-08,1.973843052e-07,0.0,0.0,-1.4445138423e-08,0.0,0.0,0.0,0.0,-8.7861371588e-08,0.23950420679,0.040718903913,0.0055401665915,0.0757031121
goe321,ok,,5.7029355489,145650512.22,289082.62022,1100427.8104,44840348.748,263793.23559,12558295.896,0.0,0.0,0.0,4677206.1719,-35321001.334,-1250979.8837,-2726074.1655,0.0,0.0,70761.308012,0.0,0.0,0.0,0.0,-758046.13177,0.0,0.0,0.0,-1.4916087906e-07,2.3800506069e-08,2.6377727614e-08,2.1094112387e-07,0.0,0.0,1.6813645823e-08,0.0,0.0,0.0,0.0,-1.1355990541e-07,0.24250516387,0.032112528138,-0.0048605327899,0.0609794128
goe322,ok,,5.7386784977,146563371.7,392338.15348,1491937.3455,44817648.191,363626.60946,12713816.882,0.0,0.0,0.0,5594681.754,-35438564.318,-1353701.826,-3219206.3436,0.0,0.0,107224.08223,0.0,0.0,0.0,0.0,-941003.54953,0.0,0.0,0.0,-1.2640013239e-07,2.3137271688e-08,1.9034146675e-08,1.8274169024e-07,0.0,0.0,-1.689222013e-08,0.0,0.0,0.0,0.0,-8.9068930153e-08,0.24179686852,0.038172441648,0.0066274624541,0.071696537312
goe323,ok,,5.6922785552,145378337.2,256263.78953,1067337.2773,44726371.627,244922.65271,12477711.126,0.0,0.0,0.0,4484394.1441,-35008644.309,-1364690.6636,-2660540.6134,0.0,0.0,31441.542461,0.0,0.0,0.0,0.0,-666909.42736,0.0,0.0,0.0,-1.5834418362e-07,2.4567528992e-08,3.9679714263e-08,2.3790219813e-07,0.0,0.0,1.8194971182e-07,0.0,0.0,0.0,0.0,-1.3513422554e-07,0.24081059794,0.030846371133,-0.046627122655,0.060965718831
goe324,ok,,5.7383236479,146554308.99,346474.6369,1410173.9802,44812278.223,334545.18061,12708255.183,0.0,0.0,0.0,5207239.9927,-35097197.961,-1583606.7157,-3068826.3645,0.0,0.0,54683.047059,0.0,0.0,0.0,0.0,-762948.44985,0.0,0.0,0.0,-1.3331737506e-07,2.3958852965e-08,3.2764153767e-08,2.0180759007e-07,0.0,0.0,1.1018620564e-07,0.0,0.0,0.0,0.0,-1.1386481263e-07,0.23948253861,0.035531128553,-0.03817672559,0.069921211492
goe325,ok,,5.6494449002,144284384.14,157977.61862,659749.86098,44696976.407,147966.28676,12281729.297,0.0,0.0,0.0,4525003.3061,-35426581.113,-811850.04549,-2528409.4027,0.0,0.0,48638.490944,0.0,0.0,0.0,0.0,-869621.39337,0.0,0.0,0.0,-2.4448649394e-07,2.4807195845e-08,2.60680816e-08,3.5772445161e-07,0.0,0.0,-2.5882592839e-08,0.0,0.0,0.0,0.0,-1.3284474659e-07,0.24553302372,0.03136169817,0.0040888703805,0.056512456989
goe326,ok,,5.6515698024,144338653.23,158162.80071,673680.81109,44700574.925,150350.19802,12291391.381,0.0,0.0,0.0,4448672.7576,-35423500.199,-909740.84447,-2591287.5244,0.0,0.0,60057.39657,0.0,0.0,0.0,0.0,-822881.72359,0.0,0.0,0.0,-2.4060741651e-07,2.5242969027e-08,2.6254753091e-08,3.6528077701e-07,0.0,0.0,-6.8460490669e-08,0.0,0.0,0.0,0.0,-1.4551233572e-07,0.24541936208,0.030821077086,0.010827902942,0.057773830738
goe328,ok,,5.6541071661,144403456.4,161939.6747,659350.97856,44743042.654,150529.33756,12313550.924,0.0,0.0,0.0,4143431.4532,-35490983.865,-648948.55633,-2377235.2406,0.0,0.0,47227.476788,0.0,0.0,0.0,0.0,-820327.14811,0.0,0.0,0.0,-2.1682545807e-07,2.3453055054e-08,1.5690835805e-08,3.2642969765e-07,0.0,0.0,-1.1929948184e-07,0.0,0.0,0.0,0.0,-1.0683881434e-07,0.24577655376,0.028693436823,0.019319319282,0.052861919052
goe329,ok,,5.6911238388,145348846.24,248287.54832,992470.7313,44764529.466,232859.64108,12485818.865,0.0,0.0,0.0,5274515.7183,-35588768.671,-962694.29027,-3019327.4686,0.0,0.0,105302.5614,0.0,0.0,0.0,0.0,-1001400.4155,0.0,0.0,0.0,-1.8018162662e-07,2.380935702e-08,1.0770411746e-08,2.6826531765e-07,0.0,0.0,-1.6362376867e-07,0.0,0.0,0.0,0.0,-9.9767558726e-08,0.24485071324,0.036288665886,0.04062574437,0.066606938018
goe330,ok,,5.6789238639,145037264.15,249916.59872,1038878.8193,44629791.311,237977.2606,12396308.003,0.0,0.0,0.0,5648356.9192,-35352046.639,-855493.19912,-3195807.8008,0.0,0.0,104313.87361,0.0,0.0,0.0,0.0,-1123330.4534,0.0,0.0,0.0,-1.8451597569e-07,2.344485192e-08,6.7147187352e-09,2.8345466126e-07,0.0,0.0,-1.6567716672e-07,0.0,0.0,0.0,0.0,-8.5905942274e-08,0.24374457727,0.038944177224,0.041405473992,0.070840024835
goe331,ok,,5.7285367542,146304355.95,290482.78805,1212413.1111,44820000.86,282674.33777,12670858.448,0.0,0.0,0.0,6804166.0838,-35392983.3,-1269393.2888,-3791450.1886,0.0,0.0,166681.73958,0.0,0.0,0.0,0.0,-1264903.8737,0.0,0.0,0.0,-1.9011326625e-07,2.4833349788e-08,9.3701457532e-09,2.8669338289e-07,0.0,0.0,-1.6798734914e-07,0.0,0.0,0.0,0.0,-1.0640539822e-07,0.24191339396,0.046506927559,0.048797433535,0.083279493177
goe332,ok,,5.7187342416,146054004.01,337054.51014,1340656.1897,44744593.173,317947.36072,12604893.832,0.0,0.0,0.0,6131088.7137,-35489722.503,-779191.83048,-3429208.2558,0.0,0.0,113789.72489,0.0,0.0,0.0,0.0,-1252441.6496,0.0,0.0,0.0,-1.4637184358e-07,2.2041714613e-08,3.9055016903e-09,2.2536847383e-07,0.0,0.0,-1.195845635e-07,0.0,0.0,0.0,0.0,-5.9224629914e-08,0.24299041128,0.041978230965,0.04030651647,0.075961460545
goe335,ok,,5.6000889156,143023853.6,107861.70606,542132.81729,44348597.054,110282.90733,11971676.074,0.0,0.0,0.0,4539767.7158,-34807030.832,-794576.83773,-2604631.841,0.0,0.0,51770.39708,0.0,0.0,0.0,0.0,-869901.15355,0.0,0.0,0.0,-3.3100824197e-07,2.6834229321e-08,2.7951756866e-08,5.4311942631e-07,0.0,0.0,-8.7000314169e-08,0.0,0.0,0.0,0.0,-1.7793343021e-07,0.24336521466,0.031741332662,0.0093840023141,0.058581787916
goe336,ok,,5.6721203971,144863506.54,214267.26593,861662.87623,44718296.193,197517.1,12386284.4,0.0,0.0,0.0,4657211.7564,-35415894.939,-1201450.8029,-2824542.0761,0.0,0.0,116688.66364,0.0,0.0,0.0,0.0,-776758.72258,0.0,0.0,0.0,-1.9878124261e-07,2.5566721718e-08,1.7521136628e-08,2.8907402442e-07,0.0,0.0,-2.2052925768e-07,0.0,0.0,0.0,0.0,-1.4789503099e-07,0.24447768651,0.032148964688,0.047252201102,0.061939100865
goe342,ok,,5.6604436944,144565288.6,72106.925005,604399.82025,44655448.052,101538.25594,12319212.296,0.0,0.0,0.0,6163588.9649,-35559089.721,-659532.12805,-3457660.1857,0.0,0.0,86036.852187,0.0,0.0,0.0,0.0,-1316579.4936,0.0,0.0,0.0,-4.590119122e-07,2.7406945965e-08,-3.698759036e-08,1.0622090513e-06,0.0,0.0,-8.0195691161e-07,0.0,0.0,0.0,0.0,-1.5948408935e-07,0.24597252954,0.042635331238,0.057826646882,0.076592628399
goe358,ok,,5.6845454889,145180838.03,186934.8314,1036723.8159,44599216.845,206301.15643,12410208.057,0.0,0.0,0.0,5369777.8263,-35548964.007,48815.759683,-2925148.2814,0.0,0.0,-54267.544214,0.0,0.0,0.0,0.0,-1336012.8723,0.0,0.0,0.0,-1.7726039309e-07,1.9428204508e-08,1.6212175006e-08,3.5056924458e-07,0.0,0.0,2.6349758523e-07,0.0,0.0,0.0,0.0,8.2686244219e-09,0.24485988985,0.036986822086,-0.04925687667,0.065533602631
goe346,ok,,5.6257321512,143678770.77,91886.221279,382488.07032,44708360.48,85322.750348,12178618.874,0.0,0.0,0.0,3638997.9027,-35475729.468,-714358.42067,-2099832.2979,0.0,0.0,58376.182831,0.0,0.0,0.0,0.0,-689230.8864,0.0,0.0,0.0,-3.4647993936e-07,2.6235682567e-08,9.3426705483e-09,4.9999615051e-07,0.0,0.0,-7.0591460316e-07,0.0,0.0,0.0,0.0,-2.013969026e-07,0.24691002908,0.0253273179,0.06486382543,0.045942756925
goe344,ok,,5.6378419551,143988049.93,148408.90962,496030.2582,44850322.905,117764.21797,12270471.805,0.0,0.0,0.0,2396466.2786,-35578896.421,-520913.5249,-1438829.5833,0.0,0.0,42371.08565,0.0,0.0,0.0,0.0,-436922.30467,0.0,0.0,0.0,-1.6785119024e-07,2.2264569261e-08,1.2442981487e-08,2.1214565456e-07,0.0,0.0,-3.4848779114e-07,0.0,0.0,0.0,0.0,-1.0742763186e-07,0.24709617526,0.016643508123,0.0517186931,0.031484305275
goe359,ok,,5.6595309104,144541976.49,140585.7599,735899.11776,44620014.043,150447.95172,12304955.617,0.0,0.0,0.0,5590138.7929,-35391680.228,-957041.05041,-3188770.0345,0.0,0.0,72804.290985,0.0,0.0,0.0,0.0,-1081144.9572,0.0,0.0,0.0,-2.9496443729e-07,2.6808310735e-08,2.612791852e-08,5.0766801919e-07,0.0,0.0,-4.2290691703e-08,0.0,0.0,0.0,0.0,-1.5536638407e-07,0.24485399389,0.038674846773,0.0059454690296,0.071370894253
goe361,ok,,5.6091636222,143255617.69,87058.229513,603369.69849,44301218.102,107134.10152,11999203.412,0.0,0.0,0.0,5337895.3775,-34657588.319,-803653.92393,-3031577.4831,0.0,0.0,39147.423441,0.0,0.0,0.0,0.0,-1051079.7703,0.0,0.0,0.0,-3.9288469841e-07,2.8041689853e-08,5.0878728415e-08,7.9177901436e-07,0.0,0.0,3.0194198222e-07,0.0,0.0,0.0,0.0,-1.8693405722e-07,0.24192830186,0.037261333717,-0.026286534388,0.068930879155
goe362,ok,,5.5948218442,142889334.87,85875.053674,562878.04148,44258082.795,101516.88657,11925802.76,0.0,0.0,0.0,5089163.1455,-34546120.465,-708303.72941,-2878161.473,0.0,0.0,34350.35089,0.0,0.0,0.0,0.0,-1023081.5546,0.0,0.0,0.0,-3.9213315167e-07,2.7097781078e-08,4.4285631975e-08,7.6135644281e-07,0.0,0.0,2.4247355048e-07,0.0,0.0,0.0,0.0,-1.7124156149e-07,0.24176836218,0.035616116137,-0.020822429162,0.065381525392
goe360,ok,,5.682107524,145118573.45,213159.06631,927820.58406,44675062.162,210167.70289,12420643.938,0.0,0.0,0.0,5470366.6978,-35358302.627,-1229634.4887,-3166575.3672,0.0,0.0,105885.03082,0.0,0.0,0.0,0.0,-964178.27079,0.0,0.0,0.0,-2.1361196324e-07,2.598058783e-08,2.3029499856e-08,3.3018300414e-07,0.0,0.0,-9.4281477422e-08,0.0,0.0,0.0,0.0,-1.4123510513e-07,0.24365111774,0.037695841184,0.020096951698,0.070381500876
goe363,ok,,5.697838395,145520333.11,283419.30076,1153402.4011,44737241.23,265483.55925,12510629.743,0.0,0.0,0.0,5628616.7489,-35206455.845,-978757.8551,-3125039.2109,0.0,0.0,60906.989445,0.0,0.0,0.0,0.0,-1072703.3763,0.0,0.0,0.0,-1.6666945724e-07,2.3201880297e-08,2.0573208501e-08,2.4708879511e-07,0.0,0.0,2.2919525351e-08,0.0,0.0,0.0,0.0,-8.7029174811e-08,0.24193495914,0.038679245907,-0.0064958358488,0.070029733536
goe365,ok,,5.6764188152,144973286.29,334657.84995,1199204.2008,44626560.233,294675.78877,12384538.648,0.0,0.0,0.0,5131105.6145,-34991069.738,-1029280.1586,-2818449.008,0.0,0.0,112402.89144,0.0,0.0,0.0,0.0,-937712.77404,0.0,0.0,0.0,-1.3992742198e-07,2.2900787433e-08,1.1887107727e-08,1.8610042097e-07,0.0,0.0,-1.1794953208e-07,0.0,0.0,0.0,0.0,-8.2408110073e-08,0.24136218909,0.035393455897,0.039472736809,0.062279966758
goe364,ok,,5.6952284107,145453675.24,272983.85412,1152614.5812,44653931.102,262602.90828,12475453.656,0.0,0.0,0.0,6308953.4229,-34859980.969,-1349339.628,-3516717.3897,0.0,0.0,115437.93362,0.0,0.0,0.0,0.0,-1112027.7858,0.0,0.0,0.0,-1.9425926313e-07,2.5466127585e-08,2.395306972e-08,2.878964433e-07,0.0,0.0,-2.8802208324e-08,0.0,0.0,0.0,0.0,-1.2209674773e-07,0.23966380301,0.04337431428,0.0078625378356,0.07859108068
goe367,ok,,5.754561407,146969014.35,663549.70715,2123314.4021,44819965.058,564304.19381,12788187.375,0.0,0.0,0.0,4302843.8438,-35404856.926,-650065.37516,-2456535.2273,0.0,0.0,173757.35495,0.0,0.0,0.0,0.0,-835544.75795,0.0,0.0,0.0,-5.8578749387e-08,1.9763587535e-08,1.5502186567e-09,8.1196010318e-08,0.0,0.0,-9.8010617797e-08,0.0,0.0,0.0,0.0,-2.7854633363e-08,0.24090014539,0.029277217806,0.065034916736,0.053877588868
goe368,ok,,5.5839266984,142611077.55,103798.38232,511778.82434,44289279.625,101506.41238,11885776.997,0.0,0.0,0.0,3410178.7324,-34491080.365,-745533.56536,-1988739.2164,0.0,0.0,-10614.709787,0.0,0.0,0.0,0.0,-604610.94943,0.0,0.0,0.0,-2.7962684238e-07,2.553644047e-08,7.1374041775e-08,4.4670104788e-07,0.0,0.0,8.2995391367e-07,0.0,0.0,0.0,0.0,-1.8247666302e-07,0.24185414596,0.023912439279,-0.086147873638,0.04636684615
goe366,ok,,5.7671567813,147290694.77,420842.81316,1651037.2667,44838168.446,401639.52024,12851473.393,0.0,0.0,0.0,7197799.8486,-35416786.213,-1100856.1679,-3966789.6817,0.0,0.0,177877.06534,0.0,0.0,0.0,0.0,-1394193.1487,0.0,0.0,0.0,-1.3726337042e-07,2.2320768572e-08,4.7688006519e-09,2.0750865427e-07,0.0,0.0,-1.1567478604e-07,0.0,0.0,0.0,0.0,-6.5202657101e-08,0.24045501494,0.048867987619,0.048680902367,0.087328525819
goe370,ok,,5.593314075,142850827.1,60200.579054,526731.49785,44209353.764,85429.92841,11903641.072,0.0,0.0,0.0,5162399.5584,-34989064.751,-632726.73785,-3051622.5106,0.0,0.0,87526.486942,0.0,0.0,0.0,0.0,-1069512.1129,0.0,0.0,0.0,-4.698555419e-07,2.8278510203e-08,-6.6619836688e-08,1.1270602348e-06,0.0,0.0,-1.3823393589e-06,0.0,0.0,0.0,0.0,-1.916917109e-07,0.24493428188,0.036138394599,0.083217629857,0.067849678766
goe369,ok,,5.6073465949,143209211.6,79313.904648,469013.53598,44419461.107,89400.929338,12019796.105,0.0,0.0,0.0,5147349.866,-34649541.103,-1269659.6878,-2929413.2009,0.0,0.0,85761.172169,0.0,0.0,0.0,0.0,-876401.11867,0.0,0.0,0.0,-4.847431467e-07,3.5044057053e-08,5.7476418621e-08,8.3067412499e-07,0.0,0.0,-5.2626738438e-08,0.0,0.0,0.0,0.0,-3.4339226358e-07,0.24195050526,0.035942868539,0.0041740321144,0.065884008343
goe372,ok,,5.5820494968,142563134.63,90994.223253,478153.26388,44260038.791,95383.896901,11870732.581,0.0,0.0,0.0,3949311.2339,-34881494.447,-330890.13191,-2308921.5672,0.0,0.0,31542.564599,0.0,0.0,0.0,0.0,-865314.30902,0.0,0.0,0.0,-3.1222789472e-07,2.3269228605e-08,-1.4130641572e-09,5.7088085829e-07,0.0,0.0,-3.2818762516e-07,0.0,0.0,0.0,0.0,-8.9182724984e-08,0.24467401434,0.027702191342,0.029863178033,0.05194686027
goe371,ok,,5.5997036361,143014013.73,110597.5782,537004.95973,44368850.967,111308.56706,11976447.347,0.0,0.0,0.0,4457011.4709,-34811984.542,-643596.17064,-2529344.538,0.0,0.0,45443.332618,0.0,0.0,0.0,0.0,-898627.83026,0.0,0.0,0.0,-3.1393243528e-07,2.5213699851e-08,1.865200386e-08,5.1342097153e-07,0.0,0.0,-1.4722704802e-07,0.0,0.0,0.0,0.0,-1.3973847631e-07,0.24341659697,0.031164858287,0.016282954956,0.056783116046
goe373,ok,,5.6084789017,143238130.22,94424.454046,533607.97033,44386607.658,103337.55207,12018136.442,0.0,0.0,0.0,4836626.9633,-34647902.961,-894402.09796,-2762524.7635,0.0,0.0,50316.324053,0.0,0.0,0.0,0.0,-905325.82781,0.0,0.0,0.0,-3.7813541519e-07,2.84665465e-08,4.4419814628e-08,6.6154753208e-07,0.0,0.0,1.0657760973e-07,0.0,0.0,0.0,0.0,-2.130619637e-07,0.2418902209,0.033766336909,-0.010063532612,0.062466264542
goe374,ok,,5.5969515997,142943727.91,96750.187322,445839.92905,44411081.795,94206.034558,11974484.845,0.0,0.0,0.0,4268588.1515,-34754536.996,-1074615.1546,-2414465.6626,0.0,0.0,61397.977238,0.0,0.0,0.0,0.0,-728881.47339,0.0,0.0,0.0,-3.8336385081e-07,3.0216005704e-08,5.0577542331e-08,5.6060758057e-07,0.0,0.0,-6.8130270395e-08,0.0,0.0,0.0,0.0,-2.7388324932e-07,0.24313439635,0.02986201783,0.006591616423,0.054238888434
goe375,ok,,5.6070799675,143202402.05,98939.347261,445925.05466,44491198.789,94738.397743,12040250.476,0.0,0.0,0.0,4284426.9817,-34677412.169,-1208197.6234,-2395644.6108,0.0,0.0,58156.0523,0.0,0.0,0.0,0.0,-691602.95477,0.0,0.0,0.0,-3.8897207655e-07,3.1312950721e-08,6.9444466611e-08,5.489086899e-07,0.0,0.0,1.5737104393e-07,0.0,0.0,0.0,0.0,-3.0324129881e-07,0.24215663755,0.029918680976,-0.015570188364,0.054308667485
goe377,ok,,5.590640175,142782536.85,112739.60733,457610.79412,44401929.184,102133.97479,11945242.448,0.0,0.0,0.0,3648276.9035,-34978594.379,-700093.617,-2107155.4759,0.0,0.0,59455.282029,0.0,0.0,0.0,0.0,-691270.33457,0.0,0.0,0.0,-2.9075899654e-07,2.5444304786e-08,1.079307958e-08,4.1302960523e-07,0.0,0.0,-5.0816024098e-07,0.0,0.0,0.0,0.0,-1.6596319637e-07,0.24497809852,0.02555128228,0.05728978603,0.04656479551
goe376,ok,,5.6193972318,143516979.66,105994.06366,523795.32126,44504414.246,107516.35257,12097194.814,0.0,0.0,0.0,4700768.4771,-34916833.741,-996283.9677,-2688885.6043,0.0,0.0,67306.713918,0.0,0.0,0.0,0.0,-851290.48295,0.0,0.0,0.0,-3.591545232e-07,2.8809056388e-08,3.5069773064e-08,5.6745052668e-07,0.0,0.0,-1.2749966888e-07,0.0,0.0,0.0,0.0,-2.2479496522e-07,0.2432940954,0.032754092849,0.01351420802,0.060146387249
goe379,ok,,5.6077933706,143220622.06,105499.26047,555359.16651,44361425.338,111710.14864,12007750.968,0.0,0.0,0.0,4828907.4086,-34991342.328,-1060601.0378,-2849061.235,0.0,0.0,93573.948198,0.0,0.0,0.0,0.0,-867712.06415,0.0,0.0,0.0,-3.58456824e-07,2.9683047729e-08,1.56616218e-08,5.9874157459e-07,0.0,0.0,-4.335873773e-07,0.0,0.0,0.0,0.0,-2.3265146649e-07,0.24431776532,0.03371656497,0.045743147654,0.063166793331
goe380,ok,,5.618864533,143503374.76,110929.43435,577138.31647,44420399.202,116601.62258,12072434.385,0.0,0.0,0.0,5239117.0951,-34926109.751,-1203430.0049,-3013959.2998,0.0,0.0,105163.84539,0.0,0.0,0.0,0.0,-922029.74206,0.0,0.0,0.0,-3.7388129054e-07,3.1121734928e-08,2.2492665662e-08,6.02189788e-07,0.0,0.0,-3.6599981511e-07,0.0,0.0,0.0,0.0,-2.5082381151e-07,0.24338180067,0.036508668202,0.040600152461,0.066800572551
goe381,ok,,5.6500335692,144299418.49,102257.53485,583909.01613,44617474.788,115048.34498,12261509.839,0.0,0.0,0.0,5458540.3189,-35387792.687,-1211046.0256,-3152791.1835,0.0,0.0,103209.90365,0.0,0.0,0.0,0.0,-977968.19052,0.0,0.0,0.0,-3.91214568e-07,3.153597766e-08,2.5931527557e-08,6.8355632339e-07,0.0,0.0,-2.9404260082e-07,0.0,0.0,0.0,0.0,-2.5567830412e-07,0.24523863683,0.037827874678,0.030068071501,0.069898784561
goe382,ok,,5.82966514,148887131.27,892134.0564,2966493.6948,44757252.526,798354.75596,13112942.584,0.0,0.0,0.0,5948753.6032,-35239306.086,-1129551.2256,-3193019.4078,0.0,0.0,167418.54634,0.0,0.0,0.0,0.0,-1058741.4981,0.0,0.0,0.0,-5.7904354324e-08,1.9606691257e-08,6.1923344732e-09,7.9193569567e-08,0.0,0.0,-3.2768113866e-08,0.0,0.0,0.0,0.0,-3.3359901033e-08,0.23668470058,0.039954786906,0.029233550344,0.070651280458
goe383,ok,,5.8340235734,148998443.78,916041.49946,2950076.163,44921650.639,802856.18643,13179368.444,0.0,0.0,0.0,4877354.2555,-35142802.931,-945987.72919,-2629359.5465,0.0,0.0,125594.73437,0.0,0.0,0.0,0.0,-857742.96092,0.0,0.0,0.0,-4.7273769781e-08,1.8955778578e-08,5.6308999927e-09,6.3380137601e-08,0.0,0.0,-2.5963819452e-08,0.0,0.0,0.0,0.0,-2.765589196e-08,0.23586020122,0.032734263069,0.023783936102,0.058058836283
goe384,ok,,5.8413881331,149186531.46,857717.01374,2939352.3249,44758141.856,782712.61571,13166948.083,0.0,0.0,0.0,6713730.3677,-35396615.255,-1143290.54,-3656743.7761,0.0,0.0,197411.49939,0.0,0.0,0.0,0.0,-1236320.2097,0.0,0.0,0.0,-6.5660214474e-08,1.9813451358e-08,5.3592098096e-09,9.4266473559e-08,0.0,0.0,-4.1198392504e-08,0.0,0.0,0.0,0.0,-3.4602125602e-08,0.23726414784,0.045002255245,0.03533656219,0.080853958197
goe385,ok,,5.6585208724,144516180.55,229438.23594,829733.99832,44733198.793,201238.72823,12331548.629,0.0,0.0,0.0,3942455.9681,-35473018.955,-919083.87661,-2253395.6894,0.0,0.0,64270.458217,0.0,0.0,0.0,0.0,-697961.41814,0.0,0.0,0.0,-1.6217859898e-07,2.3464206414e-08,2.0053567434e-08,2.1771117994e-07,0.0,0.0,-9.426119002e-08,0.0,0.0,0.0,0.0,-1.087030725e-07,0.24546053472,0.027280377554,0.021627121156,0.049951269069
goe386,ok,,5.8563433069,149568480.14,917320.95684,3038263.6027,44986239.875,815856.57945,13302485.73,0.0,0.0,0.0,5297453.7043,-35035937.637,-770418.48019,-2851608.7156,0.0,0.0,65612.967552,0.0,0.0,0.0,0.0,-1000071.0004,0.0,0.0,0.0,-4.8595426205e-08,1.8495528057e-08,5.2559933735e-09,6.9020482205e-08,0.0,0.0,-6.0123071443e-09,0.0,0.0,0.0,0.0,-2.2191314327e-08,0.23424679855,0.035418249215,0.0055152153424,0.063313934778
goe387,ok,,5.7330836937,146420482.83,498458.50878,1799726.4216,44694195.547,447957.1978,12656128.661,0.0,0.0,0.0,5289202.6003,-34891385.529,-868221.30783,-2962905.8099,0.0,0.0,74040.852949,0.0,0.0,0.0,0.0,-999031.20317,0.0,0.0,0.0,-9.1590183219e-08,2.0729101361e-08,9.5805651264e-09,1.3269160979e-07,0.0,0.0,-1.83425061e-08,0.0,0.0,0.0,0.0,-4.610070913e-08,0.23829579616,0.03612337904,0.0091429782381,0.066141261942
goe388,ok,,5.7071751522,145758789.86,234812.55763,997070.67184,44689724.186,230156.88487,12539347.611,0.0,0.0,0.0,5167126.5256,-35265409.952,-687280.07801,-2953595.8439,0.0,0.0,64881.919241,0.0,0.0,0.0,0.0,-1042225.1022,0.0,0.0,0.0,-1.7141280123e-07,2.2143335445e-08,9.959098138e-09,2.802541511e-07,0.0,0.0,-8.3045825617e-08,0.0,0.0,0.0,0.0,-7.2046770843e-08,0.24194362471,0.035449845122,0.019500202714,0.065807194007
goe389,ok,,5.6561277918,144455062.31,241200.73812,896121.99544,44681859.446,213753.45545,12307653.684,0.0,0.0,0.0,3841186.8244,-35382603.166,-532749.31611,-2185222.235,0.0,0.0,30801.93739,0.0,0.0,0.0,0.0,-783003.8705,0.0,0.0,0.0,-1.3907545573e-07,2.1688643483e-08,1.2233415396e-08,2.0252937975e-07,0.0,0.0,-2.1942169197e-08,0.0,0.0,0.0,0.0,-6.0000902953e-08,0.24493847845,0.026590877211,0.0052924674061,0.048850235885
goe390,ok,,5.871421944,149953582.02,915089.0427,3160465.6704,44860383.891,841492.09855,13335848.367,0.0,0.0,0.0,6935395.8551,-35147823.692,-896754.24666,-3694767.1185,0.0,0.0,122819.34691,0.0,0.0,0.0,0.0,-1345303.069,0.0,0.0,0.0,-6.0790731092e-08,1.8862638727e-08,4.9367999808e-09,8.9704306116e-08,0.0,0.0,-1.6911033742e-08,0.0,0.0,0.0,0.0,-2.4977143701e-08,0.23439135776,0.046250284665,0.015475101678,0.082087427609
goe391,ok,,5.5677384717,142197637.23,73727.898325,291721.07637,44340660.692,65746.569039,11830115.895,0.0,0.0,0.0,3131217.6238,-34988461.18,-436126.54568,-1753906.3987,0.0,0.0,53277.324038,0.0,0.0,0.0,0.0,-646635.7608,0.0,0.0,0.0,-3.740578336e-07,2.4716738702e-08,-3.0501901014e-08,5.2008117346e-07,0.0,0.0,-1.6747752599e-06,0.0,0.0,0.0,0.0,-1.5919019374e-07,0.24605515157,0.022020180397,0.12347766008,0.038344491877
goe392,ok,,5.6152820169,143411878.85,215767.54586,881722.25301,44257852.827,203654.47442,12015491.721,0.0,0.0,0.0,4635361.2059,-35203234.493,-311717.4362,-2561192.6244,0.0,0.0,62434.542396,0.0,0.0,0.0,0.0,-1045301.3899,0.0,0.0,0.0,-1.6798338065e-07,2.1724460039e-08,-5.4332899576e-09,2.6657435322e-07,0.0,0.0,-2.3334059832e-07,0.0,0.0,0.0,0.0,-3.7816849835e-08,0.24546944629,0.032322017138,0.050347328248,0.057518093983
goe395,ok,,5.669784645,144803852.44,75589.114773,874402.69974,44452959.086,128995.76798,12304548.001,0.0,0.0,0.0,6487730.6208,-35499404.371,-602876.91127,-3829243.2493,0.0,0.0,89075.719073,0.0,0.0,0.0,0.0,-1404618.2998,0.0,0.0,0.0,-3.7595608964e-07,2.5609333795e-08,-3.2561789616e-08,1.1321960231e-06,0.0,0.0,-5.6170840009e-07,0.0,0.0,0.0,0.0,-1.1711060976e-07,0.24515510998,0.044803577469,0.042459040723,0.085581695132
goe394,ok,,5.6506006657,144313901.89,75519.229845,674324.64765,44532901.324,108500.44731,12240304.751,0.0,0.0,0.0,5424739.0691,-35387526.83,-722891.63531,-3259597.8005,0.0,0.0,55902.926268,0.0,0.0,0.0,0.0,-1107590.9095,0.0,0.0,0.0,-3.8743727755e-07,2.7088756222e-08,1.9798566744e-08,9.6853759503e-07,0.0,0.0,-5.8433896908e-08,0.0,0.0,0.0,0.0,-1.6762652933e-07,0.24521218238,0.037589857927,0.0044128828913,0.073143213253
goe393,ok,,5.6238466568,143630616.05,75285.777332,433428.86936,44625638.551,81497.502936,12142249.576,0.0,0.0,0.0,3499840.0741,-35185694.752,-917203.70398,-2176506.7547,0.0,0.0,15076.025082,0.0,0.0,0.0,0.0,-576464.62255,0.0,0.0,0.0,-3.6836864282e-07,2.8712758241e-08,9.305753856e-08,6.6680186916e-07,0.0,0.0,9.0909740201e-07,0.0,0.0,0.0,0.0,-2.8386615585e-07,0.24497350021,0.024366950239,-0.068442104581,0.050200697046
goe396,ok,,5.5927792863,142837168.82,61487.440325,522671.95959,44209607.529,85966.81581,11901691.507,0.0,0.0,0.0,5206406.9665,-34995718.628,-673664.65952,-3064877.2069,0.0,0.0,89548.389871,0.0,0.0,0.0,0.0,-1070828.1678,0.0,0.0,0.0,-4.7290660829e-07,2.8730407587e-08,-6.1583342902e-08,1.1074380924e-06,0.0,0.0,-1.3325395464e-06,0.0,0.0,0.0,0.0,-2.0013072542e-07,0.24500428646,0.036449945133,0.081934445842,0.068093533623
goe398,ok,,5.7078490191,145776000.13,443114.1281,1548725.97,44727599.061,386319.33889,12552206.068,0.0,0.0,0.0,4842711.7849,-34936986.341,-854191.49316,-2659144.6987,0.0,0.0,70179.212475,0.0,0.0,0.0,0.0,-910066.2913,0.0,0.0,0.0,-9.8339216543e-08,2.1064790469e-08,1.0659308394e-08,1.3368007473e-07,0.0,0.0,-2.8224345039e-08,0.0,0.0,0.0,0.0,-5.1668396369e-08,0.23966212758,0.033220226791,0.012506606043,0.059235529758
goe397,ok,,5.568293627,142211815.65,64742.350235,345988.08433,44253986.763,68589.080311,11807723.093,0.0,0.0,0.0,3573533.7753,-34766477.333,-573860.67066,-2127222.6948,0.0,0.0,43846.490876,0.0,0.0,0.0,0.0,-704336.6414,0.0,0.0,0.0,-4.1738342599e-07,2.6693648066e-08,3.0351360398e-09,7.3317291425e-07,0.0,0.0,-7.2564189529e-07,0.0,0.0,0.0,0.0,-2.0902336461e-07,0.24446968189,0.025128248021,0.04697976173,0.047467337597
goe399,ok,,5.5921357463,142820733.09,111644.35655,510622.85778,44343467.326,108793.12695,11936028.625,0.0,0.0,0.0,3960194.5684,-34857729.516,-623649.58725,-2305473.2194,0.0,0.0,45562.417168,0.0,0.0,0.0,0.0,-783623.66183,0.0,0.0,0.0,-2.8919391035e-07,2.4885826929e-08,1.5650291364e-08,4.6254013349e-07,0.0,0.0,-2.3029972362e-07,0.0,0.0,0.0,0.0,-1.4086889932e-07,0.2440663114,0.027728429079,0.025711664457,0.051639995581
goe400,ok,,5.6204810883,143544660.89,76718.54423,524523.54996,44491265.253,92066.608121,12094715.464,0.0,0.0,0.0,4337499.0819,-34996851.729,-777243.187,-2625369.7126,0.0,0.0,23383.278802,0.0,0.0,0.0,0.0,-817737.65148,0.0,0.0,0.0,-3.8057514351e-07,2.7713416158e-08,6.6710743678e-08,7.7916100288e-07,0.0,0.0,5.5883792171e-07,0.0,0.0,0.0,0.0,-2.153214974e-07,0.24380462159,0.030217070109,-0.042873231814,0.059776097862
goe401,ok,,5.6264137385,143696178.22,124190.0777,593354.45676,44516988.654,123280.56217,12130450.736,0.0,0.0,0.0,4404313.445,-34851849.223,-928547.82331,-2578775.2052,0.0,0.0,50332.912317,0.0,0.0,0.0,0.0,-789512.06492,0.0,0.0,0.0,-2.9369000494e-07,2.6756138219e-08,3.7894329282e-08,4.676361979e-07,0.0,0.0,4.7199988312e-08,0.0,0.0,0.0,0.0,-1.8636767846e-07,0.24253845618,0.030650178033,-0.0058617702161,0.058075775754
goe402,ok,,5.6169208729,143453734.52,103687.63716,599403.57657,44375216.473,115838.11622,12050739.649,0.0,0.0,0.0,5353699.9376,-34721247.587,-1141836.9926,-3060551.8641,0.0,0.0,76983.977753,0.0,0.0,0.0,0.0,-957026.22118,0.0,0.0,0.0,-3.8065580468e-07,3.0810566607e-08,4.4951749213e-08,6.6637051229e-07,0.0,0.0,2.9284428129e-08,0.0,0.0,0.0,0.0,-2.426848905e-07,0.24203794835,0.037320045765,-0.0030364331582,0.069094383889
goe403,ok,,5.5795017238,142498065.61,97827.309158,500957.60349,44225838.615,101127.6471,11850337.448,0.0,0.0,0.0,3988854.7401,-34776907.875,-494677.85255,-2325679.2432,0.0,0.0,30104.044169,0.0,0.0,0.0,0.0,-824568.50221,0.0,0.0,0.0,-3.0708505191e-07,2.4457417189e-08,1.794946673e-08,5.3667866573e-07,0.0,0.0,-8.3393412433e-08,0.0,0.0,0.0,0.0,-1.2426488553e-07,0.24405178924,0.027992343076,0.0081581531398,0.052501829751
goe404,ok,,5.740030778,146597908.36,398169.36092,1465452.8107,44956435.76,357507.78316,12759850.01,0.0,0.0,0.0,4685860.2708,-35014654.979,-937766.10453,-2665191.6178,0.0,0.0,19727.939067,0.0,0.0,0.0,0.0,-833974.86973,0.0,0.0,0.0,-1.0429653576e-07,2.1061021886e-08,1.7912139925e-08,1.5024120817e-07,0.0,0.0,6.148319193e-08,0.0,0.0,0.0,0.0,-6.2527530168e-08,0.23884825759,0.031964032251,-0.024480723238,0.05982144584
goe405,ok,,5.6814563507,145101942.77,310396.82724,1309595.5056,44419295.445,300651.27092,12350651.017,0.0,0.0,0.0,6238845.5926,-35146882.436,-706798.90035,-3511410.48,0.0,0.0,124209.15928,0.0,0.0,0.0,0.0,-1297555.7881,0.0,0.0,0.0,-1.5690214752e-07,2.2332878602e-08,-9.9670323183e-10,2.5207080989e-07,0.0,0.0,-1.6803005139e-07,0.0,0.0,0.0,0.0,-5.7531944081e-08,0.24222199762,0.042996292631,0.052155994831,0.078241979628
goe406,ok,,5.699462781,145561819.23,359853.15876,1299530.349,44712067.98,317478.16356,12510528.921,0.0,0.0,0.0,5271997.9625,-35157757.732,-1095677.505,-3046659.5756,0.0,0.0,156057.93411,0.0,0.0,0.0,0.0,-946257.69784,0.0,0.0,0.0,-1.3389218388e-07,2.2822968935e-08,7.2698068474e-09,1.8520795358e-07,0.0,0.0,-1.7385676859e-07,0.0,0.0,0.0,0.0,-8.2354097686e-08,0.24153145322,0.036218274754,0.062562907349,0.066647667122
goe407,ok,,5.6578045515,144497886.03,242719.27241,897993.19933,44658892.437,212808.32866,12309448.664,0.0,0.0,0.0,4497431.5817,-35099261.587,-909492.64536,-2615705.8848,0.0,0.0,106152.26907,0.0,0.0,0.0,0.0,-823039.49313,0.0,0.0,0.0,-1.7116661221e-07,2.3490889394e-08,8.7646497173e-09,2.3647396584e-07,0.0,0.0,-2.4241865455e-07,0.0,0.0,0.0,0.0,-1.0284547986e-07,0.24290501786,0.031124549329,0.05883967945,0.057396788933
goe408,ok,,5.6278948262,143734004.55,165707.66466,610375.36295,44622000.154,142424.16219,12166829.427,0.0,0.0,0.0,3972096.47,-35258020.336,-737578.31641,-2261774.5346,0.0,0.0,85584.626855,0.0,0.0,0.0,0.0,-757618.44003,0.0,0.0,0.0,-2.246524245e-07,2.4171114036e-08,3.5532204738e-09,2.9809423473e-07,0.0,0.0,-4.7630132815e-07,0.0,0.0,0.0,0.0,-1.2507641769e-07,0.24530048018,0.027635050469,0.078926780761,0.049396499484
goe409,ok,,5.6423999156,144104458.28,396290.42252,1213426.0906,44597972.324,316565.92728,12225420.815,0.0,0.0,0.0,-0.094940293114,-34909385.994,0.39770840232,-0.14117787869,0.0,0.0,55939.873218,0.0,0.0,0.0,0.0,-0.097713565618,0.0,0.0,0.0,9.6371517642e-15,1.9815314793e-08,-7.7652142289e-15,9.0253934424e-15,0.0,0.0,-1.1633076191e-07,0.0,0.0,0.0,0.0,3.1190742652e-14,0.24225056193,-6.5882967294e-10,0.046100766791,3.5766769807e-09
goe410,ok,,5.7005800063,145590352.68,497288.84196,1747444.486,44639362.737,435194.52236,12493628.132,0.0,0.0,0.0,-0.51734651033,-34360146.356,0.15376331821,0.061536951353,0.0,0.0,-105185.22296,0.0,0.0,0.0,0.0,0.061701192688,0.0,0.0,0.0,1.0786706501e-14,1.8890081504e-08,-2.1631636985e-15,-3.1890461162e-15,0.0,0.0,1.2104382233e-07,0.0,0.0,0.0,0.0,1.1107917557e-14,0.23600565369,-3.5534395021e-09,-0.060193742235,-1.5858770501e-09
goe412,ok,,5.712148754,145885813.5,431289.80269,1511846.6496,44746706.743,379251.99082,12576031.41,0.0,0.0,0.0,4896261.0142,-35486988.265,-488801.18645,-2765950.2782,0.0,0.0,108486.23626,0.0,0.0,0.0,0.0,-1044612.1172,0.0,0.0,0.0,-9.5950900583e-08,2.0462430273e-08,-1.2647287279e-10,1.4202888577e-07,0.0,0.0,-1.2002000194e-07,0.0,0.0,0.0,0.0,-3.0697704453e-08,0.24325181053,0.033562283382,0.051763402955,0.06125561012
goe411,ok,,5.6321883976,143843660.52,421306.2346,1282315.5739,44473914.338,335887.94136,12147999.16,0.0,0.0,0.0,0.1864844103,-35186465.331,0.69373029447,-0.041023349041,0.0,0.0,83621.722632,0.0,0.0,0.0,0.0,-0.11656953103,0.0,0.0,0.0,3.9383183892e-16,2.0136322686e-08,-1.2464613949e-14,4.603827184e-15,0.0,0.0,-1.5478408602e-07,0.0,0.0,0.0,0.0,1.7388745828e-14,0.24461603108,1.2964381581e-09,0.065211500458,1.9396210956e-09
goe413,ok,,5.7695793162,147352565.27,530351.86189,2007016.4078,44819929.758,496343.52113,12854004.19,0.0,0.0,0.0,4465734.2806,-35018782.501,-183150.56164,-2465568.0678,0.0,0.0,-74916.337869,0.0,0.0,0.0,0.0,-1003005.5134,0.0,0.0,0.0,-6.3229408353e-08,1.8775768766e-08,6.4423126177e-09,1.040526896e-07,0.0,0.0,7.9846157762e-08,0.0,0.0,0.0,0.0,-9.1363197855e-09,0.23765302244,0.030306457661,-0.042346558434,0.055184537665
goe414,ok,,5.7021128796,145629501.6,431484.0167,1542307.3094,44614504.495,384087.09304,12495204.424,0.0,0.0,0.0,5014684.5174,-35504726.556,-539981.20797,-2828446.7595,0.0,0.0,108086.84629,0.0,0.0,0.0,0.0,-1060161.6599,0.0,0.0,0.0,-9.7888608867e-08,2.0787719637e-08,8.766088665e-10,1.4560810361e-07,0.0,0.0,-1.1095283774e-07,0.0,0.0,0.0,0.0,-3.3844305739e-08,0.2438017446,0.034434537386,0.047874376094,0.062827569408
goe415,ok,,5.6222572133,143590022.35,141094.17826,581623.48762,44581191.364,129553.04117,12130856.699,0.0,0.0,0.0,3548718.6492,-35227678.376,-839121.26497,-2000514.0831,0.0,0.0,10710.531812,0.0,0.0,0.0,0.0,-629607.03726,0.0,0.0,0.0,-2.283137948e-07,2.4770130114e-08,4.7388759297e-08,3.2433657913e-07,0.0,0.0,3.283744961e-07,0.0,0.0,0.0,0.0,-1.5335962196e-07,0.24533514097,0.024714242612,-0.04633172969,0.045762003113
goe416a,ok,,5.6351431334,143919123.19,259143.0248,894114.87292,44579854.589,222257.48695,12185530.588,0.0,0.0,0.0,1285671.0004,-35418742.766,-23638.339727,-599303.96569,0.0,0.0,-23201.435199,0.0,0.0,0.0,0.0,-317495.7659,0.0,0.0,0.0,-4.0094377665e-08,2.0192638578e-08,1.9590355158e-09,5.1930136399e-08,0.0,0.0,1.0150556327e-07,0.0,0.0,0.0,0.0,4.0243694547e-10,0.24610171311,0.0089332881685,-0.0263044587,0.013457332625
goe417,ok,,5.6219525267,143582240.79,85810.590265,610175.5702,44371209.679,106887.35496,12073971.336,0.0,0.0,0.0,5903694.8948,-34782985.428,-947924.71973,-3346814.6781,0.0,0.0,91348.809856,0.0,0.0,0.0,0.0,-1148528.8905,0.0,0.0,0.0,-4.3733483892e-07,3.0282251016e-08,6.7281832991e-09,8.7132319348e-07,0.0,0.0,-3.7828480381e-07,0.0,0.0,0.0,0.0,-2.1823861963e-07,0.24225130654,0.041117166457,0.032460842303,0.074768757545
goe418,ok,,5.7139447131,145931681.52,353958.6871,1398624.2477,44759165.275,326485.75848,12587864.687,0.0,0.0,0.0,4721754.4606,-34590316.982,-651973.66844,-2697100.8534,0.0,0.0,-15083.619996,0.0,0.0,0.0,0.0,-920575.63081,0.0,0.0,0.0,-1.105340783e-07,2.0579509114e-08,1.7095896198e-08,1.7187772116e-07,0.0,0.0,1.0982005528e-07,0.0,0.0,0.0,0.0,-4.8330345774e-08,0.23703089433,0.032355924439,-0.038871762584,0.060837612522
goe417a,ok,,5.6365674944,143955500.76,36483.387732,544610.55546,44501742.786,69536.241672,12168703.79,0.0,0.0,0.0,5466581.9856,-35024664.921,-765199.90005,-3240261.3646,0.0,0.0,130032.80997,0.0,0.0,0.0,0.0,-1086755.14,0.0,0.0,0.0,-6.1583577395e-07,3.2318793701e-08,-2.3193581703e-07,1.9320561591e-06,0.0,0.0,-3.738348328e-06,0.0,0.0,0.0,0.0,-2.87503103e-07,0.24330202553,0.037974109755,0.13638761153,0.070487953974
goe419,ok,,5.5724602216,142318228.68,75902.93554,372513.57762,44263089.504,77222.089081,11828940.906,0.0,0.0,0.0,4172339.0851,-35085198.633,-714457.265,-2364369.047,0.0,0.0,71686.371984,0.0,0.0,0.0,0.0,-821866.64985,0.0,0.0,0.0,-4.3531973912e-07,2.8457441111e-08,-1.8260412244e-08,6.8479818648e-07,0.0,0.0,-1.1849351047e-06,0.0,0.0,0.0,0.0,-2.2631099285e-07,0.24652638638,0.029316968906,0.089940052869,0.051978192606
goe420,ok,,5.770380796,147373034.76,742167.1809,2528001.6991,44639963.818,658581.24899,12809184.774,0.0,0.0,0.0,4159508.1948,-34791388.545,-90555.590834,-2231444.493,0.0,0.0,16547.601103,0.0,0.0,0.0,0.0,-954413.10322,0.0,0.0,0.0,-4.3627100578e-08,1.852422099e-08,4.8223105929e-10,6.7340849341e-08,0.0,0.0,-6.4070319122e-09,0.0,0.0,0.0,0.0,-3.265956148e-09,0.23607703134,0.028224350551,0.0047550888122,0.049978168314
goe421,ok,,5.8498315154,149402171.8,837431.82006,3016769.7517,44675654.932,784081.92305,13183344.735,0.0,0.0,0.0,8128206.5704,-35651059.753,-447040.93679,-4268650.0049,0.0,0.0,191340.1555,0.0,0.0,0.0,0.0,-1805183.9696,0.0,0.0,0.0,-7.2481841443e-08,1.8841526092e-08,-2.2750523506e-09,1.1351952222e-07,0.0,0.0,-5.8822642467e-08,0.0,0.0,0.0,0.0,-1.3002787252e-08,0.23862477583,0.054404875597,0.049259952542,0.095064860106
goe422,ok,,5.8045595965,148245946.53,685997.07223,2384067.3378,44864249.24,619531.82192,13029069.38,0.0,0.0,0.0,6526669.4126,-35315785.438,-744668.19663,-3508833.7487,0.0,0.0,141859.04215,0.0,0.0,0.0,0.0,-1326884.2264,0.0,0.0,0.0,-7.7767167467e-08,1.9650813919e-08,2.9939645614e-09,1.1319398267e-07,0.0,0.0,-5.1103100168e-08,0.0,0.0,0.0,0.0,-2.8237008887e-08,0.23822429054,0.044025955282,0.035056577098,0.077650740709
goe423,ok,,5.7581139453,147059744.65,673299.8605,2214265.4408,44735292.105,584340.21151,12779462.163,0.0,0.0,0.0,4693127.2439,-35360097.375,-503549.72434,-2639082.852,0.0,0.0,156105.95408,0.0,0.0,0.0,0.0,-971879.92926,0.0,0.0,0.0,-5.9646610537e-08,1.9548966602e-08,1.3649236269e-10,8.6675557222e-08,0.0,0.0,-8.476898394e-08,0.0,0.0,0.0,0.0,-2.0966594628e-08,0.24044715609,0.031913065368,0.057074945061,0.058358640586
goe425,ok,,5.7279727147,146289950.63,524801.64744,1848996.3014,44650138.193,469666.1161,12618026.937,0.0,0.0,0.0,4287263.392,-35183099.271,-724190.93706,-2416333.0018,0.0,0.0,44601.17757,0.0,0.0,0.0,0.0,-812228.01344,0.0,0.0,0.0,-7.1261599556e-08,2.0302665667e-08,8.4710515571e-09,1.0305708866e-07,0.0,0.0,-5.5627704992e-09,0.0,0.0,0.0,0.0,-3.6932158518e-08,0.24050250288,0.029306615893,0.0029193511223,0.05408452991
goe424,ok,,5.7915016433,147912452.04,887935.71274,2817331.8244,44699354.416,766853.05428,12921574.222,0.0,0.0,0.0,4743404.154,-35341095.547,-958725.49559,-2481362.8909,0.0,0.0,183905.35122,0.0,0.0,0.0,0.0,-842711.84827,0.0,0.0,0.0,-4.8804641862e-08,1.9599274177e-08,4.765527066e-09,6.1428838996e-08,0.0,0.0,-5.2203980902e-08,0.0,0.0,0.0,0.0,-2.933123283e-08,0.23893252434,0.032068998171,0.04635377899,0.054544859937
goe426,ok,,5.6682773268,144765356.19,369036.9,1402784.304,44408215.749,338309.22611,12287682.134,0.0,0.0,0.0,4374906.8943,-34723987.52,-481822.69918,-2426459.746,0.0,0.0,17096.713445,0.0,0.0,0.0,0.0,-904099.56386,0.0,0.0,0.0,-9.7698636947e-08,2.0678789778e-08,8.7103338746e-09,1.4827227811e-07,0.0,0.0,1.7833634938e-08,0.0,0.0,0.0,0.0,-3.4948650138e-08,0.23986393177,0.030220675785,-0.0065812693531,0.054717941871
goe427,ok,,5.5893939853,142750709.7,58376.539546,456821.38168,44262056.788,76867.034441,11901735.978,0.0,0.0,0.0,5381359.4455,-34957234.573,-795870.63307,-3049001.5458,0.0,0.0,93495.941704,0.0,0.0,0.0,0.0,-1083598.5286,0.0,0.0,0.0,-5.5292591447e-07,3.1468295633e-08,-5.8282458733e-08,1.1543382608e-06,0.0,0.0,-1.4490088851e-06,0.0,0.0,0.0,0.0,-2.5600381995e-07,0.24488308778,0.037697602043,0.08458812448,0.06738627313
goe428,ok,,5.6127600901,143347469.93,138438.03469,682921.59676,44335460.193,141939.84907,12024505.693,0.0,0.0,0.0,5003281.8384,-34876055.316,-751650.04087,-2842660.1144,0.0,0.0,55863.074903,0.0,0.0,0.0,0.0,-996001.54319,0.0,0.0,0.0,-2.7736072931e-07,2.5346336218e-08,1.9648868781e-08,4.619088853e-07,0.0,0.0,-8.0949551745e-08,0.0,0.0,0.0,0.0,-1.29651487e-07,0.24329732037,0.034903175068,0.011206496853,0.063945758288
goe429,ok,,5.6588383991,144524290.05,255712.25429,917212.32282,44784996.587,222280.44207,12345905.653,0.0,0.0,0.0,91840.742873,-35232414.169,-48408.060252,-36463.848039,0.0,0.0,-72336.253595,0.0,0.0,0.0,0.0,-10923.831676,0.0,0.0,0.0,-3.8773628336e-09,1.9749594109e-08,1.45602779e-09,3.5175894685e-09,0.0,0.0,3.0858203706e-07,0.0,0.0,0.0,0.0,-4.1779248357e-09,0.24378195636,0.00063546925463,-0.078908208331,0.00089949073266
goe430,ok,,5.7172795116,146016850.84,355235.42164,1443747.1133,44733321.07,338929.33734,12594119.927,0.0,0.0,0.0,4669594.3554,-35371741.405,230103.95834,-2506945.5022,0.0,0.0,-57642.414224,0.0,0.0,0.0,0.0,-1202604.3899,0.0,0.0,0.0,-9.0299036844e-08,1.8723237168e-08,1.3127245586e-09,1.5731573559e-07,0.0,0.0,8.7244990669e-08,0.0,0.0,0.0,0.0,1.6732286114e-08,0.24224424238,0.031979831976,-0.030992511046,0.055884121661
goe431,ok,,5.6965573102,145487614.76,258815.23944,1411617.9188,44343488.97,287054.87214,12396605.078,0.0,0.0,0.0,7029627.2607,-35126695.884,60845.0058,-3763618.6136,0.0,0.0,-4008.1735109,0.0,0.0,0.0,0.0,-1724242.2827,0.0,0.0,0.0,-1.6648936947e-07,1.9113854485e-08,-1.2405824446e-09,3.2793856855e-07,0.0,0.0,-3.1641212823e-09,0.0,0.0,0.0,0.0,7.5877484777e-09,0.24144114221,0.048317702317,0.00081892280729,0.084875499141
goe432,ok,,5.6128733253,143350361.91,132562.97799,577865.96192,44491255.555,123880.42697,12066769.154,0.0,0.0,0.0,4254831.4831,-34838494.374,-694039.43165,-2370055.396,0.0,0.0,30748.960506,0.0,0.0,0.0,0.0,-834232.54149,0.0,0.0,0.0,-2.7201717271e-07,2.4651795346e-08,3.1342169508e-08,4.0321593426e-07,0.0,0.0,8.1330344385e-08,0.0,0.0,0.0,0.0,-1.3367402496e-07,0.24303039009,0.02968134455,-0.010781392653,0.053451505018
goe433,ok,,5.7845680529,147735371.1,576656.47111,2207992.7618,44786697.303,546140.09759,12912380.364,0.0,0.0,0.0,4732644.3172,-35089309.389,32427.103907,-2507224.6153,0.0,0.0,-106894.41167,0.0,0.0,0.0,0.0,-1138200.5401,0.0,0.0,0.0,-5.8180462764e-08,1.8330695579e-08,4.289280911e-09,9.7019689662e-08,0.0,0.0,8.2527989519e-08,0.0,0.0,0.0,0.0,2.0034632326e-09,0.2375146123,0.032034605403,-0.047590299204,0.055947031869
goe434,ok,,5.9077344274,150880987.17,991012.25303,3520110.3477,44894861.311,938065.9868,13510496.932,0.0,0.0,0.0,5218511.323,-34820104.601,38340.564082,-2600579.8527,0.0,0.0,-141621.89542,0.0,0.0,0.0,0.0,-1227481.4278,0.0,0.0,0.0,-3.6448621224e-08,1.7019001209e-08,2.0707902053e-09,5.8417268231e-08,0.0,0.0,3.9960432042e-08,0.0,0.0,0.0,0.0,1.8274510225e-09,0.2307786107,0.034586937829,-0.03960127779,0.057892228606
goe435,ok,,5.9625972981,152282161.21,1264758.8261,4380629.626,44733449.2,1208645.678,13718467.678,0.0,0.0,0.0,4831407.7527,-34822070.023,77535.649355,-2340502.7542,0.0,0.0,-156368.86349,0.0,0.0,0.0,0.0,-1141173.0071,0.0,0.0,0.0,-2.57477956e-08,1.6600471108e-08,1.041031584e-09,4.1320919388e-08,0.0,0.0,2.7490884044e-08,0.0,0.0,0.0,0.0,2.1943649671e-09,0.22866808394,0.031726682326,-0.034769338233,0.0522609975
goe436,ok,,5.6504734054,144310651.72,284780.37656,1014573.2725,44603556.113,245247.67236,12262688.337,0.0,0.0,0.0,3638803.2723,-34847115.364,-583706.75794,-2051143.8164,0.0,0.0,31689.159851,0.0,0.0,0.0,0.0,-705493.93869,0.0,0.0,0.0,-1.1669882074e-07,2.1344090911e-08,1.2128964111e-08,1.6128818857e-07,0.0,0.0,-1.6755601285e-08,0.0,0.0,0.0,0.0,-5.7584218632e-08,0.24147292628,0.025215070606,0.0047716664435,0.045931711076
goe437,ok,,5.5955798721,142908694.57,112364.42347,566082.81315,44294850.76,115631.77867,11938866.667,0.0,0.0,0.0,4586521.3804,-34864037.084,-654883.32651,-2617492.8436,0.0,0.0,48317.250317,0.0,0.0,0.0,0.0,-926374.97457,0.0,0.0,0.0,-3.1150868471e-07,2.5464919988e-08,1.7227514543e-08,5.2378311005e-07,0.0,0.0,-1.5104909954e-07,0.0,0.0,0.0,0.0,-1.3947995587e-07,0.24396022361,0.032094068132,0.016972544985,0.058854587184
goe439,ok,,5.6093169792,143259534.36,137423.42187,682352.87511,44305611.891,141416.20943,12001570.651,0.0,0.0,0.0,4968351.0729,-34823476.135,-736016.54193,-2831767.7469,0.0,0.0,55064.712434,0.0,0.0,0.0,0.0,-990905.10761,0.0,0.0,0.0,-2.7620862544e-07,2.5251840389e-08,1.8902981225e-08,4.6380271192e-07,0.0,0.0,-8.5390758012e-08,0.0,0.0,0.0,0.0,-1.2773848797e-07,0.24307964067,0.034680770778,0.011734690162,0.063737355745
goe438,ok,,5.6514166144,144334740.87,285284.49495,1017089.6158,44610120.549,245847.25315,12268554.126,0.0,0.0,0.0,3644599.0039,-34836340.102,-596575.76081,-2055855.1326,0.0,0.0,30931.30435,0.0,0.0,0.0,0.0,-702783.4348,0.0,0.0,0.0,-1.1684164376e-07,2.1361873263e-08,1.2603669512e-08,1.6141166882e-07,0.0,0.0,-1.1829611758e-08,0.0,0.0,0.0,0.0,-5.8640060436e-08,0.24135797031,0.025251017059,0.0033748048159,0.046048246418
goe440,ok,,5.8182505058,148595606.44,404245.31652,2205207.9426,44219591.857,487083.66185,12911708.293,0.0,0.0,0.0,10001761.771,-35879718.988,-1103665.947,-5281062.0055,0.0,0.0,146497.13757,0.0,0.0,0.0,0.0,-2077330.4988,0.0,0.0,0.0,-1.5105341207e-07,2.266742503e-08,9.3645683808e-09,2.9521985883e-07,0.0,0.0,-1.6369256073e-08,0.0,0.0,0.0,0.0,-5.3693533335e-08,0.24145881461,0.067308596871,0.0066171951025,0.11934124527
goe441,ok,,5.8146151069,148502759.93,478327.31465,2189806.9564,44690743.288,506206.97767,13024420.259,0.0,0.0,0.0,7890184.9871,-35441210.27,-451398.55368,-4228416.7772,0.0,0.0,-17291.326489,0.0,0.0,0.0,0.0,-1744482.1581,0.0,0.0,0.0,-1.0996362076e-07,1.9495987331e-08,1.0048574758e-08,1.9840383275e-07,0.0,0.0,5.7280903945e-08,0.0,0.0,0.0,0.0,-2.1016825885e-08,0.2386569131,0.053131571367,-0.027399020965,0.094901972534
goe443,ok,,5.5256321243,141122259.29,58138.330084,181151.1273,44138196.65,45445.558216,11596650.394,0.0,0.0,0.0,0.041316806658,-34706997.646,0.10088106737,-0.40033280266,0.0,0.0,13063.979077,0.0,0.0,0.0,0.0,-0.031424030936,0.0,0.0,0.0,3.4801242777e-15,2.1207474871e-08,-2.4072069119e-14,1.5884207384e-13,0.0,0.0,-1.2404289166e-06,0.0,0.0,0.0,0.0,4.034553832e-14,0.24593567181,2.9277313775e-10,0.072116465802,9.2348129203e-09
goe442,ok,,5.6128715031,143350315.37,132111.09471,576545.86738,44491962.741,123601.47394,12066906.965,0.0,0.0,0.0,4250421.9972,-34834658.03,-698268.13116,-2369928.1258,0.0,0.0,30844.567513,0.0,0.0,0.0,0.0,-831914.32999,0.0,0.0,0.0,-2.7256228436e-07,2.4684011086e-08,3.1682619732e-08,4.0460515533e-07,0.0,0.0,8.346516744e-08,0.0,0.0,0.0,0.0,-1.3473393059e-07,0.24300370697,0.029650593975,-0.01102667464,0.053452829995
goe446,ok,,5.734849524,146465581.37,414409.21567,1586212.3953,44730477.707,385896.79938,12674058.12,0.0,0.0,0.0,6137994.9702,-35545936.408,-485526.41511,-3438587.6267,0.0,0.0,128698.5559,0.0,0.0,0.0,0.0,-1340013.2942,0.0,0.0,0.0,-1.1600646273e-07,2.0521153144e-08,-3.7554330224e-09,1.8401528403e-07,0.0,0.0,-1.3898223548e-07,0.0,0.0,0.0,0.0,-3.0592719656e-08,0.24269139599,0.041907422295,0.057595519196,0.076257629525
goe444,ok,,5.5410687618,141516504.35,78875.758612,44236271.539,241739.33112,61181.071725,11688025.19,0.0,0.0,0.0,0.14024899291,-34936907.158,0.0038823372886,-0.089058176778,0.0,0.0,18785.656273,0.0,0.0,0.0,0.0,-0.0064522894002,0.0,0.0,0.0,-2.5924483e-14,2.1122057691e-08,-2.3532637526e-15,2.5610643255e-14,0.0,0.0,-9.8522518791e-07,0.0,0.0,0.0,0.0,-3.9396246513e-14,0.24687514236,9.9104336665e-10,0.0777103841,2.0200589153e-09
goe445,ok,,5.5474387648,141679191.48,97484.673,303288.8142,44259597.686,76224.152627,11721429.703,0.0,0.0,0.0,-0.11676030396,-34915071.577,-0.15847010214,0.081879579795,0.0,0.0,16800.27491,0.0,0.0,0.0,0.0,0.040612079501,0.0,0.0,0.0,7.5465586918e-15,2.1024529207e-08,1.2969390966e-14,-2.1011712902e-14,0.0,0.0,-5.6822934214e-07,0.0,0.0,0.0,0.0,-1.3249624685e-14,0.24643754114,-8.2411752034e-10,0.055393651608,-2.0483199614e-09
goe447,ok,,5.764571229,147224660.88,408003.8294,1773786.1515,44633405.598,412601.05891,12780685.446,0.0,0.0,0.0,7604297.8674,-35642184.038,-720618.4847,-4302021.7116,0.0,0.0,187556.695,0.0,0.0,0.0,0.0,-1617116.5941,0.0,0.0,0.0,-1.3542030549e-07,2.1320635117e-08,-6.4487885112e-09,2.3366713251e-07,0.0,0.0,-1.6311534113e-07,0.0,0.0,0.0,0.0,-4.2447058128e-08,0.24209384368,0.051650978999,0.066551683814,0.095337084869
goe448,ok,,5.8254212834,148778745.01,416426.10335,2224429.5246,44429661.405,487066.8439,12999880.222,0.0,0.0,0.0,10184854.965,-35881323.169,-931849.33041,-5643699.4779,0.0,0.0,283860.76045,0.0,0.0,0.0,0.0,-2162354.081,0.0,0.0,0.0,-1.5166985629e-07,2.1993119935e-08,-1.2979299732e-08,3.0143283579e-07,0.0,0.0,-1.785153323e-07,0.0,0.0,0.0,0.0,-4.6424567849e-08,0.24117237423,0.068456384443,0.074338444218,0.12552450123
goe449,ok,,5.7568821975,147028286.34,702628.31033,2317375.2769,44675066.603,609615.40587,12759315.095,0.0,0.0,0.0,5343607.0503,-35115648.928,-570759.68524,-2870484.0877,0.0,0.0,166814.28345,0.0,0.0,0.0,0.0,-1103519.5479,0.0,0.0,0.0,-6.4910212016e-08,1.9601039957e-08,4.3511285983e-10,9.0440576184e-08,0.0,0.0,-7.9909445529e-08,0.0,0.0,0.0,0.0,-2.2206237966e-08,0.2388360077,0.036344074894,0.056146638691,0.06354610923
goe450,ok,,5.6583638671,144512170.71,194233.0245,817045.89309,44643155.507,185582.01497,12307154.82,0.0,0.0,0.0,5004927.8578,-35501004.128,-542967.62653,-2840454.7411,0.0,0.0,79029.929041,0.0,0.0,0.0,0.0,-1068772.7062,0.0,0.0,0.0,-2.0387656159e-07,2.2627564769e-08,-2.761002634e-09,3.2421499957e-07,0.0,0.0,-2.8022714848e-07,0.0,0.0,0.0,0.0,-7.0378201286e-08,0.24566099834,0.034633261914,0.054429366597,0.062973259955
goe451,ok,,5.9329215738,151524256.02,48112.299523,589422.03096,45452307.44,84837.351651,13765890.348,0.0,0.0,0.0,5240506.9349,-32423445.079,-99057.928967,-3033702.1656,0.0,0.0,54896.358835,0.0,0.0,0.0,0.0,-1095540.4875,0.0,0.0,0.0,-4.1239739547e-07,1.6318316234e-08,-1.0964196741e-07,1.3835656052e-06,0.0,0.0,-1.7026495013e-06,0.0,0.0,0.0,0.0,-2.2119944425e-08,0.21398187941,0.03458526755,0.081918382789,0.066566522807
goe456,ok,,5.5986539868,142987206.14,124964.0987,644342.23837,44240595.61,131482.27879,11938681.525,0.0,0.0,0.0,4897860.9148,-34990495.796,-412815.19556,-2781141.4215,0.0,0.0,55702.351369,0.0,0.0,0.0,0.0,-1077106.7192,0.0,0.0,0.0,-2.7942697669e-07,2.3342346627e-08,-8.5849706627e-09,4.9965356285e-07,0.0,0.0,-3.6942796055e-07,0.0,0.0,0.0,0.0,-7.7371596615e-08,0.24471067546,0.034253840236,0.046165232124,0.062438757143
goe457,ok,,5.6146995643,143397003.26,137960.89355,589537.88432,44504056.774,127692.44514,12078322.554,0.0,0.0,0.0,4180073.1717,-34863913.471,-596064.10766,-2310535.7551,0.0,0.0,25163.427864,0.0,0.0,0.0,0.0,-843507.73508,0.0,0.0,0.0,-2.5547652244e-07,2.3789001301e-08,2.6422814468e-08,3.7734144449e-07,0.0,0.0,7.1154944737e-08,0.0,0.0,0.0,0.0,-1.1203167105e-07,0.24312860575,0.029150352355,-0.0098165997563,0.052058362855
goe458,ok,,5.5984032168,142980801.58,124950.9114,644151.5109,44238764.174,131448.96278,11937117.175,0.0,0.0,0.0,4898134.0739,-34992099.537,-413844.58128,-2780966.3857,0.0,0.0,55783.853843,0.0,0.0,0.0,0.0,-1077041.7221,0.0,0.0,0.0,-2.795655908e-07,2.3354316901e-08,-8.5656258116e-09,4.9968390494e-07,0.0,0.0,-3.6979152673e-07,0.0,0.0,0.0,0.0,-7.7554601333e-08,0.2447328533,0.034257285033,0.046205788291,0.062435959332
goe459,ok,,5.6494570007,144284693.18,396835.53483,1217328.1194,44664232.239,316375.82596,12274179.291,0.0,0.0,0.0,-0.27182837959,-35002901.426,0.12033790734,0.19898928594,0.0,0.0,41951.925073,0.0,0.0,0.0,0.0,-0.060714266551,0.0,0.0,0.0,1.3867529939e-14,1.9764749838e-08,-1.8344318907e-15,-1.0992906127e-14,0.0,0.0,-8.6842773685e-08,0.0,0.0,0.0,0.0,3.261666103e-14,0.24259608316,-1.8839723992e-09,0.034462298541,-4.3623757823e-09
goe460,ok,,5.7814889017,147656730.94,979439.68943,2958478.1788,44780396.541,814222.10502,12901189.522,0.0,0.0,0.0,-0.036773890864,-34943474.291,0.54202414538,0.14546125446,0.0,0.0,125450.03008,0.0,0.0,0.0,0.0,-0.13411738432,0.0,0.0,0.0,3.5234548002e-15,1.8343536942e-08,-3.9728981623e-15,-2.7924838367e-15,0.0,0.0,-4.3293699724e-08,0.0,0.0,0.0,0.0,1.359616868e-14,0.2366534466,-2.4904987825e-10,0.042403567812,-2.7350695017e-09
goe462,ok,,5.8336658505,148989307.69,64856.790542,3255111.4602,43469745.117,296466.86229,12758347.806,0.0,0.0,0.0,12190513.261,-34251013.842,-1632258.1272,-6847042.3019,0.0,0.0,197441.19857,0.0,0.0,0.0,0.0,-2253296.092,0.0,0.0,0.0,-3.0884134534e-07,3.1372094435e-08,5.6537889604e-08,2.4430193715e-06,0.0,0.0,2.8402289495e-07,0.0,0.0,0.0,0.0,-1.451897557e-07,0.22988907306,0.081821396783,-0.018420813407,0.15844639567
goe464,ok,,5.7496089199,146842529.97,62653.142665,1557276.0177,44345136.251,171842.95823,12631004.661,0.0,0.0,0.0,9368061.3259,-34685389.502,-1508388.3744,-5392787.3236,0.0,0.0,188774.46145,0.0,0.0,0.0,0.0,-1718343.7767,0.0,0.0,0.0,-4.2448203159e-07,3.5372960636e-08,1.546711523e-08,1.9415434204e-06,0.0,0.0,-5.2409961399e-08,0.0,0.0,0.0,0.0,-2.2780770754e-07,0.23620806253,0.063796648885,0.0032836487886,0.12164379691
goe476,ok,,5.7348011604,146464346.18,500468.16957,1783481.2445,44744361.378,443984.23403,12677580.224,0.0,0.0,0.0,4788782.7329,-34889221.951,-565114.78862,-2769561.5256,0.0,0.0,66830.354958,0.0,0.0,0.0,0.0,-966280.05377,0.0,0.0,0.0,-8.1010632062e-08,1.9908518905e-08,4.8812370782e-09,1.2324902447e-07,0.0,0.0,-3.5672149639e-08,0.0,0.0,0.0,0.0,-3.0994000275e-08,0.23820965894,0.032695893968,0.017852775434,0.061682213679
goe474,ok,,5.5878693411,142711770.94,133287.0424,486152.12086,44425274.493,113010.78538,11939881.231,0.0,0.0,0.0,2733893.1345,-34882979.472,-301665.86844,-1581082.4354,0.0,0.0,28064.051941,0.0,0.0,0.0,0.0,-581023.65608,0.0,0.0,0.0,-1.8530328382e-07,2.1826508112e-08,4.5154611378e-09,2.6521214299e-07,0.0,0.0,-2.6739410773e-07,0.0,0.0,0.0,0.0,-6.4639763546e-08,0.24442958869,0.019156745912,0.035640169775,0.035349342148
goe477,ok,,5.6366941396,143958735.22,249144.17935,987025.72646,44383529.094,229226.43186,12143656.118,0.0,0.0,0.0,4749664.2464,-34992098.988,-616759.40407,-2698286.5005,0.0,0.0,75082.764529,0.0,0.0,0.0,0.0,-974794.45409,0.0,0.0,0.0,-1.5959306006e-07,2.2382977809e-08,4.8691267578e-09,2.4193905424e-07,0.0,0.0,-1.5278729704e-07,0.0,0.0,0.0,0.0,-6.4558494895e-08,0.24307034189,0.032993234062,0.038066065735,0.060277707121
goe478,ok,,5.7049157065,145701084.59,429698.92017,1487886.554,44756782.492,371656.72772,12547028.016,0.0,0.0,0.0,4143994.0365,-34852664.495,-409168.91613,-2324543.7777,0.0,0.0,46403.15425,0.0,0.0,0.0,0.0,-866845.39326,0.0,0.0,0.0,-8.2901809188e-08,1.9888933772e-08,4.1073151457e-09,1.2051973585e-07,0.0,0.0,-3.933417307e-08,0.0,0.0,0.0,0.0,-2.6682485237e-08,0.23920662357,0.028441751468,0.016901851694,0.051787200354
goe480,ok,,5.6789291354,145037398.78,311955.02799,1268645.737,44504938.44,293567.75951,12362147.441,0.0,0.0,0.0,5166798.2211,-34902354.336,-585540.69963,-2953334.0789,0.0,0.0,47997.324873,0.0,0.0,0.0,0.0,-1066633.2776,0.0,0.0,0.0,-1.3304118096e-07,2.1372566827e-08,8.8413237042e-09,2.1245624782e-07,0.0,0.0,-2.3075753331e-08,0.0,0.0,0.0,0.0,-4.8696218541e-08,0.24064382449,0.035623902969,0.0071985972761,0.066276794734
goe479,ok,,5.6602676795,144560793.25,314061.30378,1118805.9193,44621789.992,272072.24976,12310723.108,0.0,0.0,0.0,3886145.2163,-34870287.284,-515449.07721,-2170164.0644,0.0,0.0,34007.498315,0.0,0.0,0.0,0.0,-785778.59334,0.0,0.0,0.0,-1.0971011463e-07,2.0948369487e-08,9.0904290353e-09,1.5458455758e-07,0.0,0.0,-2.5426409011e-08,0.0,0.0,0.0,0.0,-4.5267552538e-08,0.2412153842,0.026882428692,0.0079854511643,0.048549027698
goe481,ok,,5.8566003055,149575043.77,246680.6262,1840260.3167,44577558.566,327696.77557,13188166.177,0.0,0.0,0.0,8294837.6793,-34882541.868,-211339.78798,-4770283.3578,0.0,0.0,31810.71807,0.0,0.0,0.0,0.0,-1861390.4936,0.0,0.0,0.0,-1.7316669953e-07,1.8643206042e-08,4.092952532e-10,4.3371745089e-07,0.0,0.0,-2.0253738345e-08,0.0,0.0,0.0,0.0,-1.6904542875e-08,0.23321097549,0.055456027089,0.0049962048578,0.10698969238
goe481a,ok,,5.7841666849,147725120.37,608629.16822,2062569.6024,45007162.811,525665.50249,12978938.872,0.0,0.0,0.0,5522915.8395,-35059198.193,-130891.85914,-2946827.2413,0.0,0.0,86445.603763,0.0,0.0,0.0,0.0,-1265700.4666,0.0,0.0,0.0,-7.2687884135e-08,1.853803315e-08,-2.6449177571e-09,1.0739774987e-07,0.0,0.0,-6.2034779724e-08,0.0,0.0,0.0,0.0,-6.6013178744e-09,0.23732726096,0.037386436549,0.037756176384,0.065365403174
goe482,ok,,5.7949449647,148000392.98,499944.62047,2413266.9675,44280442.094,546846.19399,12818708.046,0.0,0.0,0.0,8815420.9933,-34811773.799,-687598.09887,-4676261.9465,0.0,0.0,16788.850861,0.0,0.0,0.0,0.0,-1862190.3712,0.0,0.0,0.0,-1.1598172475e-07,2.0267031938e-08,1.1339210053e-08,2.1200720128e-07,0.0,0.0,4.6274047366e-08,0.0,0.0,0.0,0.0,-3.0146189587e-08,0.23521406327,0.059563497201,-0.023134461048,0.10599185978
goe484,ok,,5.6022946095,143080186.07,94554.447774,549855.0027,44333115.156,105400.87471,11979010.671,0.0,0.0,0.0,4778464.8914,-34856676.482,-93764.021676,-2664241.3507,0.0,0.0,34753.504535,0.0,0.0,0.0,0.0,-1134806.0378,0.0,0.0,0.0,-3.2251069363e-07,2.1126075871e-08,-2.9748664341e-08,6.3438828747e-07,0.0,0.0,-5.6006569364e-07,0.0,0.0,0.0,0.0,-2.321107718e-08,0.24361637652,0.033397111247,0.052956702379,0.059984234196
goe483,ok,,5.5833741628,142596966.03,64244.472434,556329.86224,44114139.534,89109.084596,11835173.861,0.0,0.0,0.0,5298719.7033,-34533571.394,-813391.37599,-3099696.4071,0.0,0.0,69756.092404,0.0,0.0,0.0,0.0,-1035513.9035,0.0,0.0,0.0,-4.737006132e-07,3.0390332187e-08,8.5516970798e-09,1.0876039296e-06,0.0,0.0,-3.5194250295e-07,0.0,0.0,0.0,0.0,-2.3487967481e-07,0.24217605995,0.037158712776,0.022610360429,0.069872540672
goe490,ok,,5.6238378313,143630390.65,197386.11608,736793.72644,44533570.347,171042.89027,12126156.128,0.0,0.0,0.0,3589907.4672,-34993746.579,-569120.42303,-2075258.9949,0.0,0.0,40171.268802,0.0,0.0,0.0,0.0,-706259.64555,0.0,0.0,0.0,-1.6587756292e-07,2.2399552575e-08,1.2994609589e-08,2.3492500237e-07,0.0,0.0,-9.3814110902e-08,0.0,0.0,0.0,0.0,-8.118072999e-08,0.24363748104,0.024994066025,0.018517602985,0.046370933788
goe488,ok,,5.5920198342,142817772.74,129690.31561,478002.99346,44448509.607,110159.055,11964164.902,0.0,0.0,0.0,2892406.2116,-34864279.693,-403354.68127,-1673805.7426,0.0,0.0,35214.009793,0.0,0.0,0.0,0.0,-587228.51729,0.0,0.0,0.0,-2.0584402856e-07,2.2451223379e-08,6.9440016751e-09,2.874554117e-07,0.0,0.0,-3.2297329343e-07,0.0,0.0,0.0,0.0,-9.0183001336e-08,0.24411723431,0.020252424863,0.041886508358,0.037280183066
goe491,ok,,5.5725500061,142320521.74,67729.893116,266546.51667,44412589.617,58525.866874,11866569.181,0.0,0.0,0.0,2531893.9446,-34947899.186,-727172.74932,-1515299.8764,0.0,0.0,35542.897327,0.0,0.0,0.0,0.0,-410749.47937,0.0,0.0,0.0,-3.7846885237e-07,2.7430774724e-08,4.1547129832e-08,4.9415466169e-07,0.0,0.0,-5.9397440084e-07,0.0,0.0,0.0,0.0,-3.0378139812e-07,0.24555769441,0.017790083353,0.040229822683,0.033469042419
goe492,ok,,5.5624670034,142063006.2,94345.73635,409122.95669,44202177.173,89348.496817,11771583.751,0.0,0.0,0.0,3181918.0784,-34868252.125,10568.689509,-1788332.7231,0.0,0.0,24224.681864,0.0,0.0,0.0,0.0,-781639.93247,0.0,0.0,0.0,-2.5052587669e-07,2.0836283262e-08,-2.6433199804e-08,4.289799904e-07,0.0,0.0,-6.38676249e-07,0.0,0.0,0.0,0.0,6.304242359e-10,0.24544216722,0.022397935701,0.060256381001,0.040472433074
goe493,ok,,5.6827561291,145135138.55,512788.85477,1686101.8177,44532700.985,435250.90675,12386250.364,0.0,0.0,0.0,3285263.5004,-35093326.81,65160.614672,-1729242.9674,0.0,0.0,67052.40846,0.0,0.0,0.0,0.0,-815322.55573,0.0,0.0,0.0,-5.1066587089e-08,1.943512045e-08,-3.9977052232e-09,7.5842771894e-08,0.0,0.0,-8.0478090895e-08,0.0,0.0,0.0,0.0,3.8867120113e-09,0.24179759058,0.022635893232,0.041268268064,0.038891328143
goe494,ok,,5.5590889533,141976732.26,51003.484838,458748.7251,44034250.838,72888.768037,11713883.278,0.0,0.0,0.0,4772065.6165,-34557443.996,36138.449046,-2637980.5745,0.0,0.0,28318.704532,0.0,0.0,0.0,0.0,-1171477.0914,0.0,0.0,0.0,-4.5829985504e-07,2.0389830343e-08,-7.9910130148e-08,1.1756460517e-06,0.0,0.0,-1.3028434138e-06,0.0,0.0,0.0,0.0,1.164894208e-08,0.24340216489,0.033611603398,0.066449554305,0.059962045571
goe495,ok,,5.5897418223,142759593.3,100982.85242,588957.02918,44219403.098,112720.91679,11894362.478,0.0,0.0,0.0,4782364.2084,-34732120.07,-65189.987407,-2627934.0247,0.0,0.0,14660.413923,0.0,0.0,0.0,0.0,-1145415.0988,0.0,0.0,0.0,-3.0047115218e-07,2.0911365012e-08,-8.269984692e-09,5.8824406815e-07,0.0,0.0,-1.813578368e-07,0.0,0.0,0.0,0.0,-1.3493210174e-08,0.24329097097,0.033499424437,0.018314031669,0.059402563923
goe496,ok,,5.6351302863,143918795.08,204097.4582,939809.37497,44383271.855,202172.26889,12135652.796,0.0,0.0,0.0,4781280.6716,-34768768.113,-166.16242786,-2611196.8792,0.0,0.0,-15510.188276,0.0,0.0,0.0,0.0,-1155032.9605,0.0,0.0,0.0,-1.6433123664e-07,1.9907909439e-08,4.7642811666e-09,2.8825919123e-07,0.0,0.0,8.0912075791e-08,0.0,0.0,0.0,0.0,-2.3469010328e-11,0.24158601448,0.033222072689,-0.016513949007,0.058832968235
goe497,ok,,5.6800344952,145065629.19,330788.87002,1376149.5669,44479931.143,315129.16074,12359754.681,0.0,0.0,0.0,5093002.5935,-34802014.863,8879.8820172,-2743639.0824,0.0,0.0,-26661.504597,0.0,0.0,0.0,0.0,-1227046.8524,0.0,0.0,0.0,-1.1108829511e-07,1.9363390231e-08,3.3931860463e-09,1.8645984983e-07,0.0,0.0,5.7365797077e-08,0.0,0.0,0.0,0.0,1.3372504013e-09,0.23990531083,0.035108265286,-0.018975967193,0.061678843028
goe498,ok,,5.7513094505,146885960.79,521077.97428,1972153.1152,44708171.093,482031.9059,12741484.126,0.0,0.0,0.0,5557854.8683,-34788629.792,-200326.10856,-2899231.96,0.0,0.0,-34090.587912,0.0,0.0,0.0,0.0,-1262521.5978,0.0,0.0,0.0,-8.057010035e-08,1.8928781394e-08,5.2479178253e-09,1.2465745318e-07,0.0,0.0,4.5814048996e-08,0.0,0.0,0.0,0.0,-8.7607448852e-09,0.23684108138,0.037837890283,-0.023872691845,0.064956253183
goe499,ok,,5.5926892183,142834868.52,94939.860838,705941.43243,44072766.029,123142.20845,11869359.638,0.0,0.0,0.0,5580677.3794,-34714125.621,200880.40597,-3049548.2417,0.0,0.0,21461.913447,0.0,0.0,0.0,0.0,-1413004.2549,0.0,0.0,0.0,-3.0784780681e-07,1.9005972167e-08,-4.3084521299e-08,7.3123405624e-07,0.0,0.0,-5.2760415025e-07,0.0,0.0,0.0,0.0,3.8788783737e-08,0.24303677372,0.039070833593,0.050090664602,0.069423259539
goe500,ok,,5.6441611657,144149439.84,206136.44079,1047841.3605,44293748.33,218065.97457,12151605.932,0.0,0.0,0.0,5754582.7336,-34840657.797,-19304.889686,-3151867.2639,0.0,0.0,12815.28289,0.0,0.0,0.0,0.0,-1386388.5048,0.0,0.0,0.0,-1.8347716655e-07,1.9957927658e-08,-3.3531132072e-09,3.4517692142e-07,0.0,0.0,-5.2970685961e-08,0.0,0.0,0.0,0.0,-1.6920531684e-09,0.24169818374,0.039920951062,0.01091918867,0.071153542026
goe501,ok,,5.6969686867,145498121.13,335061.56932,1489684.4654,44441863.1,334048.91586,12424965.892,0.0,0.0,0.0,6181632.0267,-34863536.993,-76538.425132,-3326276.2843,0.0,0.0,-1581.9889718,0.0,0.0,0.0,0.0,-1461815.3748,0.0,0.0,0.0,-1.2830440722e-07,1.9485309479e-08,2.2524387468e-09,2.2340444771e-07,0.0,0.0,1.4646399889e-08,0.0,0.0,0.0,0.0,-4.6732601e-09,0.23961503229,0.042485992111,-0.0049074457317,0.074854244842
goe502,ok,,5.7618782804,147155884.17,524022.389,2058788.5954,44653608.874,497149.70657,12774212.135,0.0,0.0,0.0,5880789.7708,-34892912.285,64849.141803,-3147356.7679,0.0,0.0,-31372.594713,0.0,0.0,0.0,0.0,-1415679.9417,0.0,0.0,0.0,-7.9590410387e-08,1.84296543e-08,1.0451502903e-09,1.3446957171e-07,0.0,0.0,2.4842821149e-08,0.0,0.0,0.0,0.0,3.3468276691e-09,0.2371153045,0.03996299437,-0.013018194488,0.070465066218
goe503,ok,,5.7562434398,147011972.74,609257.29473,2161332.6379,44584594.238,546888.47717,12731139.195,0.0,0.0,0.0,6491957.6662,-35218101.703,-1079065.8027,-3610220.416,0.0,0.0,208104.66398,0.0,0.0,0.0,0.0,-1224925.5893,0.0,0.0,0.0,-9.2053855933e-08,2.1219895988e-08,3.9011731517e-09,1.3077105501e-07,0.0,0.0,-9.1584771291e-08,0.0,0.0,0.0,0.0,-4.7437463238e-08,0.2395594117,0.044159380662,0.055798689996,0.079673219202
goe504,ok,,5.7525559718,146917796.4,724151.7716,2445796.6594,44513358.87,638123.9648,12694703.81,0.0,0.0,0.0,5303991.2614,-35143668.694,-735336.43595,-2855360.7453,0.0,0.0,137413.7486,0.0,0.0,0.0,0.0,-1047856.8852,0.0,0.0,0.0,-6.3079447617e-08,1.9946964512e-08,3.5172999453e-09,8.7765090923e-08,0.0,0.0,-5.0930849791e-08,0.0,0.0,0.0,0.0,-2.7267875729e-08,0.23920634228,0.036101761606,0.036881665106,0.063555246077
goe505,ok,,5.7298243399,146337240.34,530468.87842,1836378.831,44656347.353,461758.02298,12633820.369,0.0,0.0,0.0,5566225.0325,-35187896.587,-799041.63015,-3136040.1597,0.0,0.0,176390.47092,0.0,0.0,0.0,0.0,-1096321.6783,0.0,0.0,0.0,-9.2322557185e-08,2.0810086628e-08,1.218871503e-09,1.3022023724e-07,0.0,0.0,-1.2340912989e-07,0.0,0.0,0.0,0.0,-4.150306403e-08,0.24045756573,0.038036968715,0.065464702721,0.069077783195
goe506,ok,,5.7322776542,146399896.92,657978.02232,2145013.0484,44629192.451,560534.34078,12637189.132,0.0,0.0,0.0,4852733.4741,-35200449.601,-547695.13805,-2562434.0557,0.0,0.0,142486.06575,0.0,0.0,0.0,0.0,-1008293.0085,0.0,0.0,0.0,-6.4505133274e-08,1.9838727323e-08,1.2542003069e-09,8.6309765662e-08,0.0,0.0,-7.8658954444e-08,0.0,0.0,0.0,0.0,-2.237571925e-08,0.24044039881,0.03314710991,0.051755863283,0.056789928917
goe507,ok,,5.5996720013,143013205.79,186342.65958,666881.69254,44412551.487,158385.1617,11988393.514,0.0,0.0,0.0,2689127.2134,-34871245.789,-260807.03596,-1582087.1748,0.0,0.0,25881.896556,0.0,0.0,0.0,0.0,-578508.95286,0.0,0.0,0.0,-1.2862614733e-07,2.1168082922e-08,4.0692944407e-09,1.9038944602e-07,0.0,0.0,-1.3350434285e-07,0.0,0.0,0.0,0.0,-4.0650892675e-08,0.24383234819,0.018803348954,0.024877554313,0.035477675727
goe509,ok,,5.6747268992,144930075.48,329248.554,1168254.7638,44642561.261,283595.28665,12380825.992,0.0,0.0,0.0,4745020.0196,-35100554.004,-1119849.8611,-2751170.3905,0.0,0.0,134874.15654,0.0,0.0,0.0,0.0,-817956.85591,0.0,0.0,0.0,-1.3820970378e-07,2.3276402657e-08,1.1168740031e-08,1.8300239681e-07,0.0,0.0,-1.7099969416e-07,0.0,0.0,0.0,0.0,-9.4338926576e-08,0.24218957926,0.032740064502,0.056301402038,0.06025327453
goe508,ok,,5.7612452485,147139716.78,631825.43299,2204199.9274,44682154.154,564903.02997,12780204.003,0.0,0.0,0.0,5382725.1241,-34877889.16,-798321.79643,-2995694.8227,0.0,0.0,100144.33554,0.0,0.0,0.0,0.0,-1032297.9499,0.0,0.0,0.0,-7.2732822782e-08,1.9941410786e-08,5.8748535784e-09,1.0555023343e-07,0.0,0.0,-3.3451993148e-08,0.0,0.0,0.0,0.0,-3.3744255345e-08,0.23703925714,0.036582407809,0.021135820055,0.066689321939
goe510,ok,,5.7359627715,146494013.23,510430.4004,1775570.2376,44722145.997,444220.53345,12678927.449,0.0,0.0,0.0,5334259.9179,-35098916.112,-779821.66081,-3043478.0994,0.0,0.0,158478.01975,0.0,0.0,0.0,0.0,-1035172.2715,0.0,0.0,0.0,-9.227087847e-08,2.0672342562e-08,2.0271272625e-09,1.3133935327e-07,0.0,0.0,-1.1625069486e-07,0.0,0.0,0.0,0.0,-4.3122841855e-08,0.23959283617,0.036412818519,0.059337888726,0.067039598679
goe511,ok,,5.8223856328,148701215.8,731259.7704,2504755.0639,44861042.436,649036.48645,13112785.886,0.0,0.0,0.0,7658413.4301,-35144295.532,-1649257.3614,-4147196.6344,0.0,0.0,308301.15716,0.0,0.0,0.0,0.0,-1301431.324,0.0,0.0,0.0,-9.3348746557e-08,2.1678594432e-08,7.0171233023e-09,1.2347739987e-07,0.0,0.0,-8.4838749872e-08,0.0,0.0,0.0,0.0,-5.9756823398e-08,0.2363416825,0.051502022959,0.062039164752,0.090294055075
goe512,ok,,5.725533026,146227642.03,514062.89566,1711688.7399,44776072.171,434422.4055,12647001.69,0.0,0.0,0.0,5264361.0,-35123669.056,-1183682.6704,-2933918.5791,0.0,0.0,175297.95739,0.0,0.0,0.0,0.0,-911139.10375,0.0,0.0,0.0,-9.8252462753e-08,2.1755271258e-08,8.3375124525e-09,1.2462156311e-07,0.0,0.0,-1.1093172852e-07,0.0,0.0,0.0,0.0,-6.4314482415e-08,0.24019856006,0.036001134443,0.057025885583,0.064063321593
goe513,ok,,5.7722190624,147419983.16,731147.69369,2317028.7166,44870815.56,611508.28462,12886076.184,0.0,0.0,0.0,4885621.6152,-35087712.958,-1167729.1861,-2731115.3312,0.0,0.0,204230.69246,0.0,0.0,0.0,0.0,-809230.50151,0.0,0.0,0.0,-6.4832941036e-08,2.0265581262e-08,6.5668553034e-09,8.126226734e-08,0.0,0.0,-7.8513832089e-08,0.0,0.0,0.0,0.0,-4.4874144355e-08,0.23801191809,0.033140836882,0.057405207254,0.059414719349
goe514,ok,,5.7788913717,147590391.15,721182.69919,2380937.2062,44756404.164,620064.28404,12884099.042,0.0,0.0,0.0,6106005.679,-35208538.951,-1136343.7374,-3348980.416,0.0,0.0,238201.67194,0.0,0.0,0.0,0.0,-1111223.0461,0.0,0.0,0.0,-7.6984423109e-08,2.0594895499e-08,4.1367795962e-09,1.0156246932e-07,0.0,0.0,-8.9110237543e-08,0.0,0.0,0.0,0.0,-4.3234589277e-08,0.23855576692,0.041371295458,0.064264761637,0.073245095761
goe517,ok,,5.5966396757,142935761.5,126594.51659,567567.81099,44319905.223,122231.71908,11949672.129,0.0,0.0,0.0,4309640.9335,-34927116.496,-794524.8263,-2505109.9604,0.0,0.0,70552.391393,0.0,0.0,0.0,0.0,-820596.17898,0.0,0.0,0.0,-2.8546951102e-07,2.6012628397e-08,1.1713036282e-08,4.4024242364e-07,0.0,0.0,-3.5657419593e-07,0.0,0.0,0.0,0.0,-1.5916950763e-07,0.24435533927,0.030150893578,0.045140337964,0.055732276805
goe515,ok,,5.6047081675,143141827.3,185158.70812,652296.07521,44480985.735,155544.78858,12027990.062,0.0,0.0,0.0,2531825.6981,-34920090.51,-221342.09092,-1515078.0494,0.0,0.0,26662.778488,0.0,0.0,0.0,0.0,-551235.16876,0.0,0.0,0.0,-1.2237010195e-07,2.0958571358e-08,2.258618596e-09,1.8317379316e-07,0.0,0.0,-1.5833075967e-07,0.0,0.0,0.0,0.0,-3.54991579e-08,0.24395448325,0.01768753233,0.029316318916,0.033916222902
goe518,ok,,5.8224195051,148702080.89,801997.67177,2643954.8422,44889713.246,703066.5526,13121779.883,0.0,0.0,0.0,7395534.56,-35105208.989,-1580345.6289,-3880899.1899,0.0,0.0,288972.43427,0.0,0.0,0.0,0.0,-1264080.9688,0.0,0.0,0.0,-8.2967697918e-08,2.1067942741e-08,7.2565057762e-09,1.0541443973e-07,0.0,0.0,-7.1666065202e-08,0.0,0.0,0.0,0.0,-5.2229020058e-08,0.23607745621,0.049733900937,0.057476017437,0.084542135234
goe522,ok,,5.8536453353,149499575.11,1000278.9677,3361791.7127,44738137.572,902321.76724,13218590.385,0.0,0.0,0.0,5470068.4577,-34812751.946,-241946.56727,-2765022.0344,0.0,0.0,25606.311357,0.0,0.0,0.0,0.0,-1202562.2084,0.0,0.0,0.0,-4.1938999395e-08,1.7842721436e-08,1.4129542207e-09,6.1772170946e-08,0.0,0.0,-3.1676928531e-09,0.0,0.0,0.0,0.0,-5.9701258992e-09,0.23286187884,0.036589190663,0.0031685765371,0.061789403386
goe523,ok,,5.8308421164,148917190.74,497075.11227,2515414.8731,44381319.089,562580.0994,13011949.557,0.0,0.0,0.0,10347995.579,-35265946.187,-170066.38945,-5165053.4259,0.0,0.0,2183.1411982,0.0,0.0,0.0,0.0,-2408552.3125,0.0,0.0,0.0,-1.2487501002e-07,1.8603307035e-08,3.1627844097e-09,2.3418520061e-07,0.0,0.0,1.4083294174e-08,0.0,0.0,0.0,0.0,-5.7397814201e-09,0.23681581697,0.069488254026,-0.0070004550328,0.11640763488
goe525,ok,,5.8308421164,148917190.74,497075.11227,2515414.8731,44381319.089,562580.0994,13011949.557,0.0,0.0,0.0,10347995.579,-35265946.187,-170066.38945,-5165053.4259,0.0,0.0,2183.1411982,0.0,0.0,0.0,0.0,-2408552.3125,0.0,0.0,0.0,-1.2487501002e-07,1.8603307035e-08,3.1627844097e-09,2.3418520061e-07,0.0,0.0,1.4083294174e-08,0.0,0.0,0.0,0.0,-5.7397814201e-09,0.23681581697,0.069488254026,-0.0070004550328,0.11640763488
goe526,ok,,5.683217179,145146913.56,376643.2379,1303159.6554,44706766.048,322357.21776,12436185.313,0.0,0.0,0.0,3879547.7331,-34869448.889,-594040.58792,-2242507.5551,0.0,0.0,58137.196784,0.0,0.0,0.0,0.0,-754708.47352,0.0,0.0,0.0,-9.3522853718e-08,2.0655085069e-08,7.3173728171e-09,1.3243455201e-07,0.0,0.0,-5.7717634381e-08,0.0,0.0,0.0,0.0,-4.4225867042e-08,0.24023555192,0.026728420452,0.021738956698,0.04988057848
goe527,ok,,5.7579215674,147054831.4,599350.58839,2132908.5234,44685564.067,540329.0343,12765826.462,0.0,0.0,0.0,5722968.6875,-34847694.499,-983142.71273,-3109234.8248,0.0,0.0,77913.607976,0.0,0.0,0.0,0.0,-1059589.2682,0.0,0.0,0.0,-8.2173651346e-08,2.0483582247e-08,9.8003860339e-09,1.1598888023e-07,0.0,0.0,-7.4052846444e-09,0.0,0.0,0.0,0.0,-4.2997656934e-08,0.23697075552,0.038917243542,0.0044383617088,0.069518003613
goe528,ok,,5.6979022072,145521962.85,338330.4527,1376001.1522,44571289.159,321422.85118,12464396.573,0.0,0.0,0.0,6006644.6879,-34906863.628,-974206.61927,-3338511.4056,0.0,0.0,77273.898513,0.0,0.0,0.0,0.0,-1151036.7363,0.0,0.0,0.0,-1.456981418e-07,2.264476009e-08,1.5198694379e-08,2.2129817767e-07,0.0,0.0,-9.1614445578e-09,0.0,0.0,0.0,0.0,-7.2334863294e-08,0.23987350737,0.041276550772,0.0030995956846,0.074871912633
goe529,ok,,5.6474651103,144233821.16,213418.02939,962572.97366,44411203.717,211181.67769,12196727.266,0.0,0.0,0.0,5385960.6381,-34860113.175,-886146.84078,-3093414.1849,0.0,0.0,72116.751563,0.0,0.0,0.0,0.0,-1036563.7192,0.0,0.0,0.0,-2.0162116983e-07,2.4211356191e-08,1.7224483063e-08,3.2549904342e-07,0.0,0.0,-5.044917256e-08,0.0,0.0,0.0,0.0,-1.029527884e-07,0.24169167047,0.037341870268,0.010766762992,0.069467364417
goe530,ok,,5.7166135592,145999842.7,419192.43458,1473785.7734,44804760.923,364390.54584,12612974.098,0.0,0.0,0.0,4688723.5059,-34856545.354,-1184386.5713,-2757880.4159,0.0,0.0,104286.47386,0.0,0.0,0.0,0.0,-765362.22939,0.0,0.0,0.0,-1.0645155596e-07,2.1934286758e-08,1.4843278236e-08,1.456034578e-07,0.0,0.0,-5.0676892682e-08,0.0,0.0,0.0,0.0,-7.7031618453e-08,0.23874371855,0.032114579162,0.02124337002,0.061035867956
goe531,ok,,5.9769257125,152648102.73,491541.2447,3739010.5674,43687112.154,739096.64324,13466096.233,0.0,0.0,0.0,13434893.312,-36169690.793,-241233.4307,-7432783.9632,0.0,0.0,450091.86562,0.0,0.0,0.0,0.0,-3105840.5548,0.0,0.0,0.0,-1.2092243171e-07,1.8292777831e-08,-3.6255273217e-08,3.4491174682e-07,0.0,0.0,-2.2255786385e-07,0.0,0.0,0.0,0.0,-7.7901132826e-09,0.23694818439,0.088012186666,0.10939636941,0.16953834935
goe533,ok,,5.6833295496,145149783.46,361450.8298,1417038.921,44509262.006,336306.21892,12381750.675,0.0,0.0,0.0,4787465.186,-34657310.789,-639130.05373,-2556304.8185,0.0,0.0,-16371.623784,0.0,0.0,0.0,0.0,-955413.18995,0.0,0.0,0.0,-1.0881296913e-07,2.0938336394e-08,1.6141925435e-08,1.6041818511e-07,0.0,0.0,1.0362437073e-07,0.0,0.0,0.0,0.0,-4.5072954307e-08,0.23876929033,0.032982930266,-0.037455114788,0.057983286125
goe532,ok,,5.6825269362,145129285.06,304528.26312,1232451.7895,44625773.496,284794.30144,12410190.036,0.0,0.0,0.0,4885803.596,-34593715.122,-772513.74588,-2632624.3253,0.0,0.0,-19651.244466,0.0,0.0,0.0,0.0,-940292.22628,0.0,0.0,0.0,-1.3329730005e-07,2.1623736952e-08,2.4459541579e-08,1.9678924563e-07,0.0,0.0,1.7376903202e-07,0.0,0.0,0.0,0.0,-6.3466083691e-08,0.23836481456,0.033665180628,-0.052917581503,0.059927887171
goe534,ok,,5.7290593044,146317701.66,326862.48508,1498150.804,44735211.678,326501.16342,12648204.865,0.0,0.0,0.0,5233095.0301,-34431987.903,-816700.68657,-2868529.1445,0.0,0.0,-106135.40368,0.0,0.0,0.0,0.0,-994545.02482,0.0,0.0,0.0,-1.2300250372e-07,2.0916893581e-08,3.3568746566e-08,2.0215310338e-07,0.0,0.0,3.2360846065e-07,0.0,0.0,0.0,0.0,-5.7371641809e-08,0.23532346061,0.035765289987,-0.10577546564,0.066076265739
goe535,ok,,5.7681677638,147316514.83,464002.17765,1958970.1678,44718141.332,456285.6788,12819655.393,0.0,0.0,0.0,5955248.2675,-34632229.927,-457984.91163,-3120637.2546,0.0,0.0,-103746.95317,0.0,0.0,0.0,0.0,-1270626.7743,0.0,0.0,0.0,-9.3785723991e-08,1.9286552312e-08,1.5752965142e-08,1.5194271645e-07,0.0,0.0,1.4928589e-07,0.0,0.0,0.0,0.0,-2.211772636e-08,0.23508721997,0.040424851718,-0.06926897805,0.070501751311
goe54,ok,,5.6449417842,144169376.5,65257.034302,336147.29555,44883056.1,65413.746331,12306433.182,0.0,0.0,0.0,2858314.1005,-35220837.767,-1193032.8775,-1591913.0565,0.0,0.0,-14415.596377,0.0,0.0,0.0,0.0,-347219.56888,0.0,0.0,0.0,-4.0938134179e-07,3.155601516e-08,1.8245570009e-07,6.1267930016e-07,0.0,0.0,2.5856993959e-06,0.0,0.0,0.0,0.0,-4.3610855375e-07,0.24430179711,0.019826083526,-0.16873507417,0.039981634107
goe546,ok,,5.6258460136,143681678.77,242704.33808,875791.51166,44490728.623,210763.5971,12123227.985,0.0,0.0,0.0,3511415.0721,-34941521.433,-186832.77829,-1905308.8263,0.0,0.0,24423.260176,0.0,0.0,0.0,0.0,-801401.17697,0.0,0.0,0.0,-1.2095116634e-07,2.0584063972e-08,1.4924182027e-09,1.7612737867e-07,0.0,0.0,-7.7257520704e-08,0.0,0.0,0.0,0.0,-2.0558381441e-08,0.24318703493,0.024438850535,0.018750735424,0.042746878857
goe547,ok,,5.6357027202,143933414.8,268236.52038,966249.41462,44499646.946,233479.89067,12169187.05,0.0,0.0,0.0,3801335.8616,-35109156.203,-7251.2043217,-2087672.1571,0.0,0.0,46096.249185,0.0,0.0,0.0,0.0,-925261.74671,0.0,0.0,0.0,-1.1328663952e-07,2.0063064164e-08,-8.1122253814e-09,1.7487043936e-07,0.0,0.0,-1.7653933764e-07,0.0,0.0,0.0,0.0,-6.9839868298e-10,0.24392637563,0.026410377792,0.047354297638,0.046906638172
goe548,ok,,5.6281733424,143741117.74,348992.43617,1096283.4797,44488745.646,283024.69201,12133449.681,0.0,0.0,0.0,2244933.5442,-35190771.008,16384.140418,-1197871.31,0.0,0.0,80571.134873,0.0,0.0,0.0,0.0,-554933.57129,0.0,0.0,0.0,-5.4802248262e-08,2.015325963e-08,-6.0429689021e-09,7.7229422503e-08,0.0,0.0,-2.1174439484e-07,0.0,0.0,0.0,0.0,1.5514667337e-09,0.24482049091,0.015617894028,0.0738971922,0.026952484304
goe549,ok,,5.6843421384,145175644.52,397784.06963,1471539.8088,44517871.359,360038.72384,12388398.548,0.0,0.0,0.0,4500126.4855,-34867381.456,-630611.51807,-2513446.3161,0.0,0.0,34935.225659,0.0,0.0,0.0,0.0,-892480.04731,0.0,0.0,0.0,-9.6216378761e-08,2.085466718e-08,9.6914261277e-09,1.4198028164e-07,0.0,0.0,1.1546643108e-09,0.0,0.0,0.0,0.0,-4.2224098946e-08,0.24017376725,0.030997806144,-0.00045930706863,0.05647749424
goe550,ok,,5.6782274171,145019477.2,349236.23302,1349831.7115,44562426.893,317366.40328,12374080.485,0.0,0.0,0.0,3961385.3444,-34847825.19,53582.823491,-2208308.3088,0.0,0.0,-36391.429598,0.0,0.0,0.0,0.0,-965829.5254,0.0,0.0,0.0,-8.521982142e-08,1.9323596935e-08,2.6534492262e-09,1.4181062632e-07,0.0,0.0,7.1564132318e-08,0.0,0.0,0.0,0.0,3.5441592025e-09,0.24029755081,0.02731622966,-0.02499278799,0.049525408939
goe55,ok,,5.6342127114,143895360.65,63315.715112,280786.17874,44899653.764,56743.867457,12265995.405,0.0,0.0,0.0,1781607.2083,-35505916.02,-525523.94918,-1011073.7419,0.0,0.0,-30950.51202,0.0,0.0,0.0,0.0,-284151.95815,0.0,0.0,0.0,-2.7327180955e-07,2.3583629415e-08,1.0017075622e-07,3.8387217955e-07,0.0,0.0,2.4063358409e-06,0.0,0.0,0.0,0.0,-2.2335039974e-07,0.24674816381,0.01238126928,-0.15235887457,0.02430514156
goe553,ok,,5.6852633708,145199172.42,359743.72151,1412776.3877,44530058.622,334811.46379,12395997.568,0.0,0.0,0.0,4793226.8288,-34648166.678,-660302.98534,-2551592.9736,0.0,0.0,-20776.248588,0.0,0.0,0.0,0.0,-950164.22084,0.0,0.0,0.0,-1.097045207e-07,2.096896825e-08,1.7175855414e-08,1.6102783166e-07,0.0,0.0,1.1531459951e-07,0.0,0.0,0.0,0.0,-4.6651800593e-08,0.23862509751,0.033011392206,-0.041483703174,0.05792875143
goe559,ok,,5.5917227687,142810185.82,243278.80274,876791.07845,44096123.767,216427.46369,11869588.342,0.0,0.0,0.0,3050732.5779,-35214620.786,-588108.44885,-1770989.1051,0.0,0.0,87615.012602,0.0,0.0,0.0,0.0,-579500.29381,0.0,0.0,0.0,-1.152650203e-07,2.2456893193e-08,3.4545199604e-09,1.6111526563e-07,0.0,0.0,-2.9994413893e-07,0.0,0.0,0.0,0.0,-6.7250332802e-08,0.24658339728,0.021362149769,0.072970051007,0.039195928927
goe561,ok,,6.0037839897,153334051.54,1386768.3033,4629082.6755,44658027.736,1311683.6904,13893927.864,0.0,0.0,0.0,10215428.042,-35215504.604,-2240648.3654,-5188931.9962,0.0,0.0,522204.44511,0.0,0.0,0.0,0.0,-1614211.8645,0.0,0.0,0.0,-5.9858723819e-08,1.974390282e-08,6.2272290171e-09,8.1982429276e-08,0.0,0.0,-4.0562019645e-08,0.0,0.0,0.0,0.0,-4.0161295271e-08,0.22966525864,0.066622044741,0.056250123163,0.11369063435
goe562,ok,,5.7178852317,146032320.67,457955.98515,1650513.6175,44591882.007,409993.84853,12559585.415,0.0,0.0,0.0,5856402.1768,-35250012.015,-1268456.946,-3281223.1487,0.0,0.0,173771.49146,0.0,0.0,0.0,0.0,-1030485.8205,0.0,0.0,0.0,-1.1568198309e-07,2.2770285665e-08,9.5590567611e-09,1.5778909687e-07,0.0,0.0,-1.0622029769e-07,0.0,0.0,0.0,0.0,-7.4409707092e-08,0.24138500199,0.040103465795,0.048644221072,0.072260461303
goe563,ok,,5.6010587628,143048623.08,195267.38079,654954.06951,44485448.266,160146.28044,12013461.643,0.0,0.0,0.0,2184096.517,-34857919.721,-154641.49112,-1221852.9461,0.0,0.0,19617.48848,0.0,0.0,0.0,0.0,-487910.0461,0.0,0.0,0.0,-1.0094980487e-07,2.0656421487e-08,2.0164776381e-09,1.4024416346e-07,0.0,0.0,-1.2017882771e-07,0.0,0.0,0.0,0.0,-2.3030177635e-08,0.24367882032,0.015268210696,0.023467004912,0.027385110469
goe564,ok,,5.6024706031,143084680.87,177467.27358,603800.42153,44509033.338,145990.59367,12025956.114,0.0,0.0,0.0,2632521.8726,-34955893.846,-195474.03021,-1455056.7962,0.0,0.0,29024.326845,0.0,0.0,0.0,0.0,-586354.42021,0.0,0.0,0.0,-1.3392177934e-07,2.0947308198e-08,4.0308752923e-10,1.8328607096e-07,0.0,0.0,-2.1122210177e-07,0.0,0.0,0.0,0.0,-3.2338708026e-08,0.24430214075,0.018398348842,0.037485010521,0.032527279298
goe565,ok,,5.5956330667,142910053.14,166461.29137,605078.88489,44430735.776,142041.71259,11975392.243,0.0,0.0,0.0,2743416.9894,-34817027.394,-141326.49882,-1516712.3457,0.0,0.0,8389.8389203,0.0,0.0,0.0,0.0,-629023.19076,0.0,0.0,0.0,-1.4078395678e-07,2.0806992854e-08,4.0491697242e-09,2.049615504e-07,0.0,0.0,-3.5397879816e-08,0.0,0.0,0.0,0.0,-2.3134927703e-08,0.24362895841,0.019196808965,0.0058923767861,0.034118164362
goe566,ok,,5.6004987766,143034321.27,188874.93926,642775.00153,44467360.931,156672.01681,12006130.257,0.0,0.0,0.0,2501411.474,-34834193.963,-431503.05771,-1416613.4489,0.0,0.0,29354.610375,0.0,0.0,0.0,0.0,-485579.61558,0.0,0.0,0.0,-1.2761446768e-07,2.1600570199e-08,1.1031707993e-08,1.674378278e-07,0.0,0.0,-1.2853974048e-07,0.0,0.0,0.0,0.0,-6.5712806426e-08,0.24353731086,0.017488190609,0.024277935676,0.031624809557
goe567,ok,,5.7012134089,145606529.64,421366.66173,1685973.8524,44441888.247,399274.48861,12442185.168,0.0,0.0,0.0,5028592.0567,-34836439.555,14993.998998,-2707476.299,0.0,0.0,-33880.340033,0.0,0.0,0.0,0.0,-1208826.5097,0.0,0.0,0.0,-8.6219467026e-08,1.9189255567e-08,2.6266672511e-09,1.4456561532e-07,0.0,0.0,4.6405214621e-08,0.0,0.0,0.0,0.0,1.1540591066e-09,0.23925053115,0.034535484563,-0.019553610372,0.06091513073
goe57,ok,,5.64620221,144201567.23,100359.68396,563221.06086,44653463.069,109958.94696,12255451.891,0.0,0.0,0.0,4960146.8767,-35400187.345,-731341.48379,-2853254.9322,0.0,0.0,55097.853609,0.0,0.0,0.0,0.0,-997598.97587,0.0,0.0,0.0,-3.5280829246e-07,2.6375167722e-08,1.9671551329e-08,6.3443968635e-07,0.0,0.0,-1.4775526593e-07,0.0,0.0,0.0,0.0,-1.6330737066e-07,0.2454910028,0.034397316006,0.014828671792,0.063672166413
goe570,ok,,6.1576973709,157264932.85,2498994.6475,7588970.2405,44289484.708,2362507.1522,14509246.567,0.0,0.0,0.0,10543502.973,-35758219.702,-1504291.3438,-4841945.7335,0.0,0.0,804552.78376,0.0,0.0,0.0,0.0,-1886208.7456,0.0,0.0,0.0,-3.1726168298e-08,1.6813695462e-08,8.8346807125e-10,4.2662696559e-08,0.0,0.0,-3.3692650684e-08,0.0,0.0,0.0,0.0,-1.4911148782e-08,0.22737567144,0.067042936916,0.084197753719,0.10661385035
goe571,ok,,5.9868476772,152901505.42,1347286.6802,4553701.772,44581323.216,1278532.492,13790680.592,0.0,0.0,0.0,9838265.931,-35179489.089,-2000262.7669,-4981493.6507,0.0,0.0,435467.71107,0.0,0.0,0.0,0.0,-1611826.3868,0.0,0.0,0.0,-5.8706896903e-08,1.9506364294e-08,6.0734212304e-09,8.1577088464e-08,0.0,0.0,-3.4388866879e-08,0.0,0.0,0.0,0.0,-3.6964737918e-08,0.2300794161,0.064343813383,0.046331662291,0.10990772469
goe572,ok,,5.8189568854,148613647.07,740636.97245,2705390.8313,44504447.628,694587.23304,12992103.07,0.0,0.0,0.0,7816229.4966,-35214779.359,-1918518.8388,-4261258.0074,0.0,0.0,279773.35491,0.0,0.0,0.0,0.0,-1257149.2855,0.0,0.0,0.0,-9.1174125187e-08,2.2463421692e-08,1.1433313643e-08,1.274769772e-07,0.0,0.0,-4.7672651915e-08,0.0,0.0,0.0,0.0,-6.5928332454e-08,0.23695521947,0.052594291645,0.035308128583,0.094414162451
goe573,ok,,5.7168218983,146005163.59,450597.10472,1652031.813,44547408.33,408405.9356,12542038.267,0.0,0.0,0.0,5929102.3312,-35203299.006,-1361525.0062,-3366511.1408,0.0,0.0,185764.14034,0.0,0.0,0.0,0.0,-1017148.6519,0.0,0.0,0.0,-1.1873426186e-07,2.3154365181e-08,1.0267690239e-08,1.6447855259e-07,0.0,0.0,-1.1108446945e-07,0.0,0.0,0.0,0.0,-8.0514918624e-08,0.24110995899,0.040608853724,0.050054340313,0.074113559585
goe574,ok,,5.6418511047,144090441.88,257068.46413,944399.47842,44489424.46,226268.26348,12193354.329,0.0,0.0,0.0,4658392.4457,-35339251.308,-722144.33986,-2624672.995,0.0,0.0,117957.47809,0.0,0.0,0.0,0.0,-925945.8065,0.0,0.0,0.0,-1.6208694814e-07,2.3000157529e-08,-7.1939916531e-10,2.2451752376e-07,0.0,0.0,-3.1025598298e-07,0.0,0.0,0.0,0.0,-7.8492922168e-08,0.24525742892,0.032329642305,0.079757029032,0.057716375003
goe575,ok,,5.7189420448,146059311.22,535913.34642,1588852.8975,45035992.209,416822.79349,12689418.161,0.0,0.0,0.0,3606187.105,-35415998.964,-552622.44923,-1950099.7113,0.0,0.0,193622.16648,0.0,0.0,0.0,0.0,-709792.81753,0.0,0.0,0.0,-6.6770139569e-08,1.9978293805e-08,-6.4514992175e-10,7.8365594687e-08,0.0,0.0,-1.9925470303e-07,0.0,0.0,0.0,0.0,-3.1124328711e-08,0.24247683129,0.024689881631,0.10678325469,0.041997168093
goe584,ok,,5.6769162886,144985991.55,366371.94222,1366557.0541,44507827.475,330167.03779,12353775.216,0.0,0.0,0.0,4623682.3982,-34895789.074,-702008.53001,-2633727.8079,0.0,0.0,54640.720769,0.0,0.0,0.0,0.0,-903683.46242,0.0,0.0,0.0,-1.0890299409e-07,2.1332742976e-08,9.9988634744e-09,1.6114391327e-07,0.0,0.0,-2.6136471639e-08,0.0,0.0,0.0,0.0,-5.1280233279e-08,0.24068386678,0.031890545761,0.0095756698771,0.059038608483
goe585,ok,,5.6090680465,143253176.73,161658.94724,610909.17428,44509416.668,140000.53525,12054932.479,0.0,0.0,0.0,3241845.27,-34834115.201,-476104.96791,-1837560.5193,0.0,0.0,17144.133841,0.0,0.0,0.0,0.0,-650266.57413,0.0,0.0,0.0,-1.815103814e-07,2.2252734143e-08,1.8561589754e-08,2.5568376673e-07,0.0,0.0,2.5453230961e-08,0.0,0.0,0.0,0.0,-8.1789412537e-08,0.24316469621,0.022630180664,-0.0041147425211,0.041333568558
goe587,ok,,5.5615828685,142040425.78,89451.44753,331746.67468,44274480.233,77572.738343,11782949.234,0.0,0.0,0.0,2445481.3426,-34957306.981,-676808.86984,-1496153.404,0.0,0.0,56468.494156,0.0,0.0,0.0,0.0,-403237.38804,0.0,0.0,0.0,-2.753585378e-07,2.5535602897e-08,9.5782653752e-09,3.605615091e-07,0.0,0.0,-1.1317189533e-06,0.0,0.0,0.0,0.0,-2.1729514977e-07,0.24610815399,0.01721679817,0.10123389857,0.032252748912
goe590,ok,,5.5705196222,142268666.61,81789.086956,375973.23281,44246129.962,80441.028522,11810623.654,0.0,0.0,0.0,3190709.9645,-34911741.937,-951795.23831,-2003767.9447,0.0,0.0,70800.375458,0.0,0.0,0.0,0.0,-501152.64787,0.0,0.0,0.0,-3.5143839067e-07,2.918008552e-08,1.7880131261e-08,5.3460060677e-07,0.0,0.0,-8.9961139151e-07,0.0,0.0,0.0,0.0,-2.9663998229e-07,0.24539304943,0.022427355514,0.073578394327,0.043724495514
goe592,ok,,5.7606582093,147124724.05,496984.25898,1949589.7701,44624324.67,474092.8285,12761846.937,0.0,0.0,0.0,7361155.3565,-35034954.381,-845942.30002,-4033805.6077,0.0,0.0,161416.31127,0.0,0.0,0.0,0.0,-1497503.1131,0.0,0.0,0.0,-1.1554398039e-07,2.098083448e-08,1.8734314663e-09,1.8029354133e-07,0.0,0.0,-8.7610194665e-08,0.0,0.0,0.0,0.0,-4.2215428027e-08,0.23813097769,0.050033435264,0.043540887675,0.089603052038
goe591,ok,,5.6579015991,144500364.58,294376.62132,1119630.7803,44511293.697,265678.58832,12270873.798,0.0,0.0,0.0,4857734.8952,-34961921.568,-734211.06939,-2727021.1306,0.0,0.0,72111.896525,0.0,0.0,0.0,0.0,-958269.28934,0.0,0.0,0.0,-1.426031562e-07,2.2247104957e-08,9.7246925845e-09,2.0682155058e-07,0.0,0.0,-8.2252070864e-08,0.0,0.0,0.0,0.0,-6.6581107702e-08,0.24195040386,0.033617457708,0.024213086717,0.060883429274
goe593,ok,,5.6646803215,144673490.23,352067.50958,1195016.0758,44642098.941,297980.03696,12336380.602,0.0,0.0,0.0,4052995.3645,-35034302.971,-565733.38107,-2210807.1305,0.0,0.0,71074.466531,0.0,0.0,0.0,0.0,-816250.99032,0.0,0.0,0.0,-1.0488288939e-07,2.1038455825e-08,5.5835939399e-09,1.393895614e-07,0.0,0.0,-1.0231345995e-07,0.0,0.0,0.0,0.0,-4.4947596289e-08,0.24216117905,0.028014775604,0.036021245043,0.049074535743
goe595,ok,,5.60869808,143243727.94,225914.52138,761744.99008,44457530.7,187922.5242,12039835.372,0.0,0.0,0.0,3051372.4738,-35054845.781,-359398.83306,-1673598.5621,0.0,0.0,53764.348271,0.0,0.0,0.0,0.0,-644137.68143,0.0,0.0,0.0,-1.2444396601e-07,2.1388045271e-08,1.911165344e-09,1.6475435136e-07,0.0,0.0,-2.3378127813e-07,0.0,0.0,0.0,0.0,-4.5346637068e-08,0.2447216802,0.021301962171,0.052814585558,0.037220400434
goe599,ok,,5.6289184494,143760147.45,246164.23663,762623.48082,44689414.677,196358.5313,12188851.629,0.0,0.0,0.0,1474385.4206,-35505459.831,54120.98308,-787255.08417,0.0,0.0,38715.94405,0.0,0.0,0.0,0.0,-380713.9905,0.0,0.0,0.0,-5.0519870141e-08,2.0193878162e-08,-5.3237787212e-09,7.1818570035e-08,0.0,0.0,-2.113096294e-07,0.0,0.0,0.0,0.0,6.9251712373e-09,0.24697706883,0.010255870259,0.052016873613,0.017679163468
goe596,ok,,5.6281024523,143739307.23,217930.74604,823127.94558,44498249.661,193385.62732,12134925.292,0.0,0.0,0.0,3777039.7037,-34826044.686,-629815.45399,-2164829.1758,0.0,0.0,38134.121155,0.0,0.0,0.0,0.0,-729415.45841,0.0,0.0,0.0,-1.5501993496e-07,2.2343713949e-08,1.5169774255e-08,2.2268976287e-07,0.0,0.0,-4.173130493e-08,0.0,0.0,0.0,0.0,-7.9135548231e-08,0.24228615927,0.02627701341,0.0090945344166,0.048530946158
goe598,ok,,5.5859516025,142662792.72,101273.43512,325705.06334,44542208.216,81555.955741,11960887.622,0.0,0.0,0.0,863323.0236,-35469711.476,-17381.903865,-501380.26062,0.0,0.0,8566.8825992,0.0,0.0,0.0,0.0,-209214.85976,0.0,0.0,0.0,-7.5584443262e-08,2.082092052e-08,-1.6560318352e-09,1.1104854419e-07,0.0,0.0,-2.5378677467e-07,0.0,0.0,0.0,0.0,-5.5663619573e-09,0.24862622411,0.0060514939257,0.02570185846,0.011246267536
goe600,ok,,5.6732500368,144892357.06,403592.57682,1268546.557,44767716.872,330606.95468,12406589.437,0.0,0.0,0.0,1788428.7527,-35494708.521,-150737.97444,-1001432.7669,0.0,0.0,45754.53964,0.0,0.0,0.0,0.0,-395735.02125,0.0,0.0,0.0,-3.9865612624e-08,1.9881812133e-08,8.1181889194e-10,5.5147927639e-08,0.0,0.0,-8.2781361552e-08,0.0,0.0,0.0,0.0,-1.0332691752e-08,0.24497295263,0.012343154525,0.033409943021,0.022257294222
goe601,ok,,5.7043589653,145686865.66,615039.44475,1928186.947,44656727.627,509574.2637,12517113.772,0.0,0.0,0.0,2398909.6397,-35032004.516,-36757.039151,-1262337.1177,0.0,0.0,82671.076622,0.0,0.0,0.0,0.0,-568288.44426,0.0,0.0,0.0,-3.263617642e-08,1.9232892899e-08,-1.516517323e-09,4.5903953009e-08,0.0,0.0,-6.883483157e-08,0.0,0.0,0.0,0.0,-1.3413532293e-09,0.24046096645,0.016466203929,0.042336136588,0.02823274177
goe602,ok,,5.6141929936,143384065.66,231548.52727,822833.12569,44433277.491,198771.89583,12057493.403,0.0,0.0,0.0,3464722.8939,-34996549.731,-272877.02812,-1886841.6135,0.0,0.0,39020.634746,0.0,0.0,0.0,0.0,-766751.60047,0.0,0.0,0.0,-1.2959618448e-07,2.109162614e-08,1.3788499041e-09,1.8251678455e-07,0.0,0.0,-1.4397798113e-07,0.0,0.0,0.0,0.0,-3.2921504341e-08,0.24407558517,0.024163932567,0.03333788949,0.042261492665
goe602m,ok,,5.6123966211,143338187.09,202955.19699,783408.20403,44400737.33,181670.60741,12040905.236,0.0,0.0,0.0,3763872.8434,-34957736.854,-178284.18538,-2049847.1074,0.0,0.0,16134.543718,0.0,0.0,0.0,0.0,-867379.80719,0.0,0.0,0.0,-1.5017497818e-07,2.0885552458e-08,2.8325801555e-09,2.272777924e-07,0.0,0.0,-4.9708179962e-08,0.0,0.0,0.0,0.0,-2.311543786e-08,0.24388292865,0.026258688769,0.010088533456,0.046127209127
goe610b,ok,,5.6249888167,143659786.33,152795.06136,706252.68064,44415075.159,151941.49142,12098512.933,0.0,0.0,0.0,4863737.2608,-35013703.893,-807673.82108,-2851529.6199,0.0,0.0,88503.557072,0.0,0.0,0.0,0.0,-946406.0294,0.0,0.0,0.0,-2.5442404079e-07,2.5181474704e-08,4.274120394e-09,4.1415098579e-07,0.0,0.0,-3.3934768419e-07,0.0,0.0,0.0,0.0,-1.3002245245e-07,0.2437265486,0.033855941076,0.05185065023,0.063280225288
goe604,ok,,5.769123548,147340925.15,662016.68208,2326728.1449,44682103.432,593693.41043,12815682.834,0.0,0.0,0.0,5170951.59,-34736694.798,-1189744.1279,-2799384.1724,0.0,0.0,39475.001751,0.0,0.0,0.0,0.0,-858636.58159,0.0,0.0,0.0,-7.0233054547e-08,2.0388293788e-08,1.2881511572e-08,9.5314765803e-08,0.0,0.0,2.2782970497e-08,0.0,0.0,0.0,0.0,-4.7374485318e-08,0.23575727357,0.035095148105,-0.015082706536,0.06309996501
goe610bm,ok,,5.6648466536,144677738.28,133312.06935,684428.33619,44720500.535,141203.10236,12355831.788,0.0,0.0,0.0,5573718.0556,-35766738.936,-630802.39252,-3094705.0024,0.0,0.0,62102.682555,0.0,0.0,0.0,0.0,-1187800.0117,0.0,0.0,0.0,-2.9970785442e-07,2.4625508162e-08,6.6991751933e-09,5.1634453781e-07,0.0,0.0,-2.0207623114e-07,0.0,0.0,0.0,0.0,-1.0896865678e-07,0.24721660265,0.038525056598,0.026939200539,0.068834958832
goe611,ok,,5.7204903088,146098853.21,411432.71335,1433179.6382,44810254.762,362524.93367,12631338.016,0.0,0.0,0.0,5760571.789,-35673070.673,-1169712.6303,-3178112.4708,0.0,0.0,180942.81197,0.0,0.0,0.0,0.0,-1059796.2447,0.0,0.0,0.0,-1.2716878475e-07,2.2839445212e-08,6.7315529133e-09,1.6816894014e-07,0.0,0.0,-1.6595226762e-07,0.0,0.0,0.0,0.0,-7.572697119e-08,0.24417077814,0.039429274511,0.068278191754,0.069190203343
goe612,ok,,5.7287539005,146309901.77,509890.99295,1836019.0752,44678819.872,455291.25469,12633157.254,0.0,0.0,0.0,4865513.4988,-34832913.038,-472246.26643,-2693405.0934,0.0,0.0,28695.982882,0.0,0.0,0.0,0.0,-1019499.8465,0.0,0.0,0.0,-7.8779478457e-08,1.9713762024e-08,5.7424948017e-09,1.1823987615e-07,0.0,0.0,-2.3914620366e-10,0.0,0.0,0.0,0.0,-2.414273646e-08,0.23807625195,0.033254847688,0.00012193849525,0.060289447856
goe613,ok,,5.6413511161,144077672.39,263697.79114,934183.66296,44557070.655,226791.29953,12210533.925,0.0,0.0,0.0,4084344.8451,-35006115.378,-661280.15819,-2256748.1937,0.0,0.0,68655.056681,0.0,0.0,0.0,0.0,-799200.8261,0.0,0.0,0.0,-1.4191246246e-07,2.2148725659e-08,8.7386105699e-09,1.8999548971e-07,0.0,0.0,-1.4267459072e-07,0.0,0.0,0.0,0.0,-6.9751940056e-08,0.24296696912,0.02834821508,0.037622974424,0.050101390962
goe614,ok,,5.7984495478,148089898.52,742715.5982,2651259.9409,44637405.02,679753.45739,12936740.129,0.0,0.0,0.0,6235128.061,-34997498.255,-532261.74647,-3299359.2529,0.0,0.0,56878.603614,0.0,0.0,0.0,0.0,-1312272.2972,0.0,0.0,0.0,-6.6262941694e-08,1.9096890001e-08,3.8401869267e-09,9.9428376447e-08,0.0,0.0,-8.9014091799e-09,0.0,0.0,0.0,0.0,-1.8336884648e-08,0.23632603307,0.042103668942,0.0066112154439,0.073847006091
goe615,ok,,5.7171907323,146014583.45,426453.37257,1580672.7808,44697998.242,385163.1991,12586362.719,0.0,0.0,0.0,5497650.9433,-34869701.733,-850833.64151,-3014000.2187,0.0,0.0,59136.867874,0.0,0.0,0.0,0.0,-1060741.4974,0.0,0.0,0.0,-1.1013518885e-07,2.1188875892e-08,1.1868108676e-08,1.5812906113e-07,0.0,0.0,-2.5852348772e-09,0.0,0.0,0.0,0.0,-5.2013447112e-08,0.23880971961,0.037651382576,0.0011024821323,0.067434671423
goe617,ok,,5.6736903178,144903601.64,471031.15183,1457390.2183,44698642.745,381057.65989,12391500.594,0.0,0.0,0.0,2025273.3597,-35003815.313,-511355.40676,-1167000.3946,0.0,0.0,80485.322947,0.0,0.0,0.0,0.0,-338961.47542,0.0,0.0,0.0,-4.4361089938e-08,2.0035532445e-08,5.3480080562e-09,5.4316458654e-08,0.0,0.0,-9.7780334464e-08,0.0,0.0,0.0,0.0,-3.1825517565e-08,0.24156622,0.013976694414,0.046057583569,0.025584744083
goe621,ok,,5.7287686689,146310278.95,510654.90286,1837343.8068,44679160.956,455611.87868,12633318.413,0.0,0.0,0.0,4860241.1529,-34833219.293,-479722.3237,-2696121.6199,0.0,0.0,30442.261058,0.0,0.0,0.0,0.0,-1016160.0169,0.0,0.0,0.0,-7.8730976051e-08,1.97262073e-08,5.7479469138e-09,1.1816708144e-07,0.0,0.0,-1.588290788e-09,0.0,0.0,0.0,0.0,-2.448885792e-08,0.23807773139,0.033218726583,0.00081106847809,0.060342599495
goe620,ok,,5.7809634214,147643310.19,682269.53411,2416777.6994,44690993.059,617348.10119,12872254.25,0.0,0.0,0.0,5877226.1966,-34995715.059,-384908.6146,-3153550.3355,0.0,0.0,65175.966714,0.0,0.0,0.0,0.0,-1278951.8502,0.0,0.0,0.0,-6.7879103136e-08,1.9017287614e-08,1.9400616246e-09,1.0323414075e-07,0.0,0.0,-2.3052047593e-08,0.0,0.0,0.0,0.0,-1.4360742093e-08,0.23702878927,0.039806925143,0.015727709771,0.070433509115
goe619,ok,,5.7026878716,145644186.65,418176.79107,1541815.763,44663384.913,373056.16961,12511599.903,0.0,0.0,0.0,4366491.0388,-34837478.112,-292804.42296,-2412562.1598,0.0,0.0,-9131.121436,0.0,0.0,0.0,0.0,-957445.8339,0.0,0.0,0.0,-8.4819163534e-08,1.9708702626e-08,6.3462314956e-09,1.2943099605e-07,0.0,0.0,3.8692423885e-08,0.0,0.0,0.0,0.0,-1.863951664e-08,0.23919580255,0.02998053777,-0.016180273659,0.054125038592
goe622,ok,,5.6128495011,143349753.44,154410.18669,529406.88766,44626708.17,128737.96536,12101377.202,0.0,0.0,0.0,2358515.7709,-35416821.52,-268443.49276,-1321130.5586,0.0,0.0,15709.957572,0.0,0.0,0.0,0.0,-503950.17921,0.0,0.0,0.0,-1.4028596852e-07,2.1330262377e-08,8.5595070093e-09,1.9115912023e-07,0.0,0.0,-9.4957424141e-08,0.0,0.0,0.0,0.0,-5.0553995112e-08,0.24706580004,0.016452876369,0.014662393589,0.029516915443
goe623,ok,,5.6787835205,145033679.84,341894.14408,1170708.1615,44759647.797,292444.24047,12429813.441,0.0,0.0,0.0,3771504.709,-35373773.201,-535561.03868,-2089603.2981,0.0,0.0,45379.135636,0.0,0.0,0.0,0.0,-760983.91063,0.0,0.0,0.0,-9.9566710385e-08,2.0898446977e-08,7.8549071846e-09,1.3595911479e-07,0.0,0.0,-5.0891657457e-08,0.0,0.0,0.0,0.0,-4.3710156397e-08,0.24390040465,0.026004337152,0.017399559667,0.046483625179
goe624,ok,,5.7635462001,147198482.09,585578.95986,1997425.3189,44880450.291,515137.47006,12845171.958,0.0,0.0,0.0,5202488.0326,-35353854.316,-795124.83218,-2836992.8095,0.0,0.0,88857.208344,0.0,0.0,0.0,0.0,-1006752.3776,0.0,0.0,0.0,-7.73958824e-08,2.0168205406e-08,6.7959986396e-09,1.0739937289e-07,0.0,0.0,-3.2972596085e-08,0.0,0.0,0.0,0.0,-3.6688881041e-08,0.24017811742,0.035343353809,0.019308058519,0.062890813065
goe625,ok,,5.8545092257,149521638.5,918129.58414,3029607.906,44951753.941,814824.63963,13284727.254,0.0,0.0,0.0,6336724.3268,-35374629.676,-764596.8729,-3315413.1273,0.0,0.0,144604.13662,0.0,0.0,0.0,0.0,-1258766.0516,0.0,0.0,0.0,-5.7247423775e-08,1.8851393435e-08,3.291536005e-09,7.9817345935e-08,0.0,0.0,-3.169662999e-08,0.0,0.0,0.0,0.0,-2.2209354467e-08,0.23658535334,0.042379981857,0.029101613711,0.07328266663
goe626,ok,,5.7475336033,146789527.33,490777.26421,1971599.1818,44626680.1,465350.23753,12701191.974,0.0,0.0,0.0,4863114.7003,-34693817.379,141024.42282,-2561222.067,0.0,0.0,-118724.00964,0.0,0.0,0.0,0.0,-1199436.9517,0.0,0.0,0.0,-6.9191359372e-08,1.8336267672e-08,4.9387263889e-09,1.1658130114e-07,0.0,0.0,1.1433157925e-07,0.0,0.0,0.0,0.0,8.4656186814e-09,0.23635076704,0.033129847808,-0.056111339679,0.057215452031
goe627,ok,,5.7324556445,146404442.72,616075.88619,1932741.525,44845388.903,509599.89973,12697600.229,0.0,0.0,0.0,4192427.7509,-34970711.263,-1000684.9587,-2171348.4599,0.0,0.0,124730.17277,0.0,0.0,0.0,0.0,-708035.21156,0.0,0.0,0.0,-6.6991868683e-08,2.0370935903e-08,8.5009488164e-09,7.7203797915e-08,0.0,0.0,-6.4006497591e-08,0.0,0.0,0.0,0.0,-4.5340366371e-08,0.23886372991,0.028635932579,0.039432859725,0.047563398218
goe628,ok,,5.7614289494,147144408.42,553575.34833,2104962.2761,44684981.735,513819.07547,12781186.407,0.0,0.0,0.0,5567869.4164,-34719510.259,-692642.10079,-3013041.9131,0.0,0.0,-28020.905907,0.0,0.0,0.0,0.0,-1109070.4559,0.0,0.0,0.0,-8.0978575896e-08,1.9763348014e-08,1.1723799759e-08,1.2283038019e-07,0.0,0.0,6.4121288305e-08,0.0,0.0,0.0,0.0,-3.116968788e-08,0.23595534911,0.037839490309,-0.035495964509,0.067995870498
goe629,ok,,5.6830450069,145142516.36,444054.05956,1459866.2562,44710944.288,370116.94274,12436848.775,0.0,0.0,0.0,2625063.7467,-34880209.376,-61291.996559,-1470094.1947,0.0,0.0,19822.053702,0.0,0.0,0.0,0.0,-611663.51715,0.0,0.0,0.0,-4.9867363722e-08,1.9399946969e-08,3.6317646973e-11,7.4007443898e-08,0.0,0.0,-2.7468530094e-08,0.0,0.0,0.0,0.0,-4.1676022447e-09,0.24031696742,0.018086111585,0.012197512298,0.0328633059
goe63,ok,,5.7234155076,146173561.52,166766.48234,913304.31313,44921970.906,184419.10688,12672842.525,0.0,0.0,0.0,6316690.6248,-35489269.887,-1214131.0924,-3669617.278,0.0,0.0,99580.869731,0.0,0.0,0.0,0.0,-1161795.247,0.0,0.0,0.0,-2.7274472981e-07,2.7184359018e-08,2.9418320804e-08,4.9014676794e-07,0.0,0.0,-2.1389059541e-09,0.0,0.0,0.0,0.0,-1.5909578456e-07,0.2427885694,0.043213632883,0.00035669782201,0.081740052317
goe630,ok,,5.731326533,146375605.7,348852.84039,1596026.2006,44500239.892,359146.73079,12594914.049,0.0,0.0,0.0,7372771.9518,-35010551.83,-1067291.0163,-4133032.2537,0.0,0.0,123670.69743,0.0,0.0,0.0,0.0,-1438387.3078,0.0,0.0,0.0,-1.5733742138e-07,2.3066889033e-08,1.0959077043e-08,2.6533871503e-07,0.0,0.0,-4.3950125524e-08,0.0,0.0,0.0,0.0,-7.1860232379e-08,0.23918296811,0.050368857,0.015332126125,0.092564164406
goe632,ok,,5.6938937433,145419588.41,489081.0895,1570203.251,44687543.481,406455.83949,12478109.816,0.0,0.0,0.0,3376478.142,-35071379.549,-1001870.0655,-2052286.2197,0.0,0.0,139633.61311,0.0,0.0,0.0,0.0,-514115.42018,0.0,0.0,0.0,-7.1366178046e-08,2.105729883e-08,8.8434866236e-09,9.1217565745e-08,0.0,0.0,-1.2181638239e-07,0.0,0.0,0.0,0.0,-5.9190475942e-08,0.2411736956,0.023218867409,0.059578089019,0.044612786436
goe633,ok,,5.6990404882,145551034.05,418414.07616,1506633.1686,44666328.793,367674.88553,12494415.75,0.0,0.0,0.0,3282378.0523,-34724888.51,-976309.36627,-2066060.6635,0.0,0.0,7178.7598306,0.0,0.0,0.0,0.0,-487666.78661,0.0,0.0,0.0,-7.6642310821e-08,2.0918805528e-08,1.7329449117e-08,1.1192184092e-07,0.0,0.0,6.0254789882e-08,0.0,0.0,0.0,0.0,-6.4308931057e-08,0.23857534738,0.02255138944,-0.025211452242,0.046829673672
goe645,ok,,5.7260221074,146240132.96,473937.20761,1789297.8369,44654957.59,432360.43888,12613290.966,0.0,0.0,0.0,4667712.371,-34715640.709,-689800.7604,-2569043.8927,0.0,0.0,-37069.693925,0.0,0.0,0.0,0.0,-902925.10313,0.0,0.0,0.0,-8.2732120971e-08,2.0171479826e-08,1.3901020684e-08,1.2281800062e-07,0.0,0.0,9.0500065701e-08,0.0,0.0,0.0,0.0,-3.7615085675e-08,0.23738791812,0.031918135443,-0.042891348427,0.058208020256
goe646,ok,,5.7777872063,147562191.24,711473.4675,2454467.0179,44742390.48,632729.09071,12871573.267,0.0,0.0,0.0,4500445.8277,-34853695.089,39366.568052,-2306457.1957,0.0,0.0,-23761.249043,0.0,0.0,0.0,0.0,-1079953.0955,0.0,0.0,0.0,-4.7709690515e-08,1.828741372e-08,2.8295152923e-10,7.2443967436e-08,0.0,0.0,1.244462109e-08,0.0,0.0,0.0,0.0,2.0828114185e-09,0.23619664899,0.030498637828,-0.0088540177185,0.051541960711
goe647,ok,,5.7518878387,146900732.57,553432.80572,2019649.1888,44709597.408,501180.26799,12746015.288,0.0,0.0,0.0,5357958.5325,-34768408.003,-936725.80354,-2894616.0696,0.0,0.0,12768.824549,0.0,0.0,0.0,0.0,-988422.06847,0.0,0.0,0.0,-8.3101262331e-08,2.0402708941e-08,1.3169839064e-08,1.1793547157e-07,0.0,0.0,4.2839227064e-08,0.0,0.0,0.0,0.0,-4.3784473297e-08,0.23667960939,0.036473327523,-0.023708633629,0.065269358927
goe648,ok,,5.7271142425,146268025.64,521630.09308,1761244.9923,44831561.548,447525.28583,12668002.565,0.0,0.0,0.0,4157709.9352,-34761430.531,-717213.13475,-2158399.8378,0.0,0.0,13401.920335,0.0,0.0,0.0,0.0,-779151.34051,0.0,0.0,0.0,-7.2257975044e-08,1.9957802045e-08,1.0195415718e-08,9.2689206007e-08,0.0,0.0,2.3001200904e-08,0.0,0.0,0.0,0.0,-3.685709483e-08,0.23765570348,0.028425282401,-0.011998118569,0.048349479157
goe650,ok,,5.6992279277,145555821.17,385309.80536,1460916.5672,44675771.248,347328.32614,12498665.122,0.0,0.0,0.0,4207915.1594,-34885065.051,92759.590692,-2266568.8012,0.0,0.0,-40486.331723,0.0,0.0,0.0,0.0,-1041882.1079,0.0,0.0,0.0,-8.1389859833e-08,1.8958257884e-08,1.8003639264e-09,1.3153859608e-07,0.0,0.0,6.3563266044e-08,0.0,0.0,0.0,0.0,7.6891579029e-09,0.23966794848,0.028909288035,-0.024491549667,0.050683110851
goe652,ok,,5.8209198437,148663780.18,393740.66671,2687865.0735,44081793.653,516320.54773,12876907.633,0.0,0.0,0.0,8702834.7932,-33988073.167,846697.32946,-4501381.8762,0.0,0.0,-277884.19136,0.0,0.0,0.0,0.0,-2271159.9155,0.0,0.0,0.0,-1.0364411317e-07,1.5496646389e-08,1.107346562e-08,2.5597251749e-07,0.0,0.0,1.8077210597e-07,0.0,0.0,0.0,0.0,4.2337416804e-08,0.22862376515,0.058540384098,-0.071177329526,0.1007867897
goe654,ok,,5.7122277151,145887830.17,436835.73281,1634561.7375,44607233.21,397881.82994,12538645.694,0.0,0.0,0.0,5104989.5788,-34796825.275,-979380.3595,-2803227.1095,0.0,0.0,29398.159069,0.0,0.0,0.0,0.0,-924853.81375,0.0,0.0,0.0,-1.0189512829e-07,2.1413910487e-08,1.6283707607e-08,1.4491980274e-07,0.0,0.0,4.5044298634e-08,0.0,0.0,0.0,0.0,-5.8685571032e-08,0.23851766959,0.034992566362,-0.019676959203,0.063306148228
goe655,ok,,5.6967298168,145492020.5,426042.60365,1517975.2212,44658133.996,373590.31029,12483972.764,0.0,0.0,0.0,4404513.5522,-34829370.05,-732172.6347,-2393324.8524,0.0,0.0,20687.952509,0.0,0.0,0.0,0.0,-839367.41282,0.0,0.0,0.0,-9.2045604789e-08,2.076759894e-08,1.2344517155e-08,1.2629613807e-07,0.0,0.0,2.8693161531e-08,0.0,0.0,0.0,0.0,-4.6105310355e-08,0.23939024236,0.030273231047,-0.012224509246,0.053807535494
goe670,ok,,5.6243154424,143642588.64,224627.50461,777073.37453,44553103.422,188168.35825,12133798.935,0.0,0.0,0.0,3189410.5092,-34974803.473,-306030.25179,-1829741.5148,0.0,0.0,54290.485929,0.0,0.0,0.0,0.0,-684728.9326,0.0,0.0,0.0,-1.2778723131e-07,2.1035152675e-08,-8.8871971874e-10,1.8119755715e-07,0.0,0.0,-2.3900945086e-07,0.0,0.0,0.0,0.0,-4.0226232283e-08,0.24348491492,0.022203794428,0.053688096525,0.040701955104
goe673,ok,,5.6349842467,143915065.29,274051.59793,901560.99713,44590467.515,228865.22573,12189631.256,0.0,0.0,0.0,2704813.5405,-35623648.836,-114047.63601,-1486343.3128,0.0,0.0,55146.64529,0.0,0.0,0.0,0.0,-637044.39878,0.0,0.0,0.0,-8.5002156594e-08,2.0533478746e-08,-4.0598444333e-09,1.2110043502e-07,0.0,0.0,-2.0781083954e-07,0.0,0.0,0.0,0.0,-1.1644177909e-08,0.24753245092,0.018794512826,0.056950892644,0.033187767727
goe675,ok,,5.7683880492,147322140.83,538290.75455,1929375.216,44876129.978,485328.89881,12867122.788,0.0,0.0,0.0,5804113.3843,-35379879.177,-497364.45951,-3216982.1889,0.0,0.0,94092.050975,0.0,0.0,0.0,0.0,-1243311.6761,0.0,0.0,0.0,-8.6955406432e-08,1.9684402004e-08,1.7299475261e-09,1.3256657176e-07,0.0,0.0,-5.6256471299e-08,0.0,0.0,0.0,0.0,-2.4110440479e-08,0.24015317032,0.039397427649,0.030282338383,0.071359359941
goe676,ok,,5.6602609627,144560621.71,350136.21604,1088247.3951,44762021.659,283136.12004,12347405.206,0.0,0.0,0.0,1839946.7215,-35382434.266,-409688.85567,-1067537.8065,0.0,0.0,58372.454942,0.0,0.0,0.0,0.0,-326552.85572,0.0,0.0,0.0,-5.3615154673e-08,2.0362280016e-08,5.4205790005e-09,6.6952461872e-08,0.0,0.0,-1.275387278e-07,0.0,0.0,0.0,0.0,-3.5408977831e-08,0.24475845391,0.01272785562,0.04465592755,0.023442481655
goe679,ok,,5.7952342472,148007781.13,780155.05123,2538744.404,44925947.417,669272.32179,13005777.321,0.0,0.0,0.0,4645525.3585,-34877215.897,-425054.98424,-2419973.8883,0.0,0.0,57817.00659,0.0,0.0,0.0,0.0,-965313.61507,0.0,0.0,0.0,-5.0394885544e-08,1.8621706891e-08,2.7793595972e-09,6.8884791285e-08,0.0,0.0,-1.7628660655e-08,0.0,0.0,0.0,0.0,-1.4863594136e-08,0.23564447511,0.031387034675,0.013753088656,0.053740817874
goe677,ok,,5.6671383844,144736268.09,359844.49453,1115538.7276,44793949.358,290232.51952,12385936.225,0.0,0.0,0.0,1786168.3856,-35427581.751,-592862.61446,-1111176.7945,0.0,0.0,70794.630598,0.0,0.0,0.0,0.0,-256283.59643,0.0,0.0,0.0,-5.4830468396e-08,2.056761028e-08,8.4915988034e-09,6.7099645547e-08,0.0,0.0,-1.3969173225e-07,0.0,0.0,0.0,0.0,-5.0329018401e-08,0.24477335376,0.012340848698,0.050267300783,0.024145438035
goe681,ok,,5.7609922069,147133254.21,646680.26017,2192451.2392,44797376.511,564004.97458,12812112.566,0.0,0.0,0.0,4242045.3013,-34754338.054,-591742.79591,-2332080.8357,0.0,0.0,24410.941234,0.0,0.0,0.0,0.0,-822031.45365,0.0,0.0,0.0,-5.6991678231e-08,1.9241035471e-08,6.2600703296e-09,8.0575426409e-08,0.0,0.0,4.5130965863e-09,0.0,0.0,0.0,0.0,-2.4907205488e-08,0.23620994616,0.028831315695,-0.0029185304746,0.052106537714
goe682,ok,,5.6461943528,144201366.56,262558.46419,1003048.4177,44524582.856,235304.46768,12222327.393,0.0,0.0,0.0,4132173.7601,-34844566.345,-449196.55256,-2332649.088,0.0,0.0,25918.512053,0.0,0.0,0.0,0.0,-865076.50649,0.0,0.0,0.0,-1.3297553904e-07,2.1224326781e-08,9.5843165447e-09,1.9946655085e-07,0.0,0.0,-9.0459957473e-09,0.0,0.0,0.0,0.0,-4.6389505108e-08,0.24163825334,0.028655579754,0.0023751027505,0.052371631249
goe683,ok,,5.7890776877,147850545.26,912063.89402,2823807.3341,44819538.863,766018.23349,12945889.704,0.0,0.0,0.0,2294705.0917,-34969253.121,-929802.4652,-1465493.1114,0.0,0.0,126578.16667,0.0,0.0,0.0,0.0,-255285.09793,0.0,0.0,0.0,-2.7106379148e-08,1.8881479766e-08,6.1521564273e-09,3.509206596e-08,0.0,0.0,-3.7320103101e-08,0.0,0.0,0.0,0.0,-2.8986503409e-08,0.23651757969,0.015520437126,0.034038318559,0.032006206329
goe685,ok,,5.677192073,144993034.96,342277.95058,1346604.1984,44542770.749,313390.37279,12364138.498,0.0,0.0,0.0,3865591.5945,-34729405.757,-81842.464641,-2206425.7387,0.0,0.0,-43900.66656,0.0,0.0,0.0,0.0,-900407.31054,0.0,0.0,0.0,-8.6647081434e-08,1.9551298118e-08,6.5250371658e-09,1.4491320749e-07,0.0,0.0,1.0404260075e-07,0.0,0.0,0.0,0.0,-6.5802480252e-09,0.23952464867,0.026660533009,-0.035611488157,0.049600595671
goe692,ok,,5.7669139591,147284493.2,647618.11665,2122606.414,44902210.339,556648.24359,12867548.162,0.0,0.0,0.0,5048167.8057,-35470145.902,-301358.57644,-2709761.8135,0.0,0.0,124863.06542,0.0,0.0,0.0,0.0,-1121702.073,0.0,0.0,0.0,-6.4732050345e-08,1.9190004376e-08,-1.4951187134e-09,9.2668235901e-08,0.0,0.0,-7.7599138259e-08,0.0,0.0,0.0,0.0,-1.3128461117e-08,0.2408274295,0.034274944334,0.050254607773,0.060013628408
goe693,ok,,5.6855701352,145207007.05,366369.35056,1213228.1275,44821969.371,307183.55017,12476956.827,0.0,0.0,0.0,3585829.4616,-35490239.464,-240956.09196,-1987615.2897,0.0,0.0,62796.848004,0.0,0.0,0.0,0.0,-801726.56023,0.0,0.0,0.0,-8.5150445816e-08,2.0099493582e-08,-7.4081548234e-10,1.2041148288e-07,0.0,0.0,-1.1723528501e-07,0.0,0.0,0.0,0.0,-1.9487703445e-08,0.24441134202,0.024694603479,0.042951415232,0.044115076781
goe701,ok,,5.6932670294,145403582.41,394114.52085,1413123.0246,44669383.423,344742.90622,12471604.696,0.0,0.0,0.0,4601549.983,-34976670.196,-479621.32407,-2611200.1957,0.0,0.0,65769.586943,0.0,0.0,0.0,0.0,-962559.87557,0.0,0.0,0.0,-9.9860889707e-08,2.0446264379e-08,3.6574630599e-09,1.4761302619e-07,0.0,0.0,-6.7737029161e-08,0.0,0.0,0.0,0.0,-3.3570869321e-08,0.24054888894,0.031646744233,0.026696146792,0.058176437089
goe702,ok,,5.754681683,146972086.15,537882.28104,2095723.5404,44592879.839,507297.48877,12723427.512,0.0,0.0,0.0,4557873.5154,-34472524.275,-995255.09638,-2703463.2264,0.0,0.0,-48203.875808,0.0,0.0,0.0,0.0,-762967.13417,0.0,0.0,0.0,-7.2217504816e-08,2.018413558e-08,1.6600190822e-08,1.1492000412e-07,0.0,0.0,9.6266315465e-08,0.0,0.0,0.0,0.0,-4.7422106698e-08,0.23455150687,0.031011831122,-0.051779945349,0.06181343395
goe703,ok,,5.7801458658,147622430.39,938976.26723,2798971.8044,44852160.918,771986.02699,12915130.446,0.0,0.0,0.0,1737652.3531,-35041341.887,-714227.44666,-1086527.7992,0.0,0.0,196190.05191,0.0,0.0,0.0,0.0,-190124.68976,0.0,0.0,0.0,-2.0536316888e-08,1.8738783991e-08,4.1096709402e-09,2.4722127697e-08,0.0,0.0,-6.8045521301e-08,0.0,0.0,0.0,0.0,-2.2300659343e-08,0.23737139265,0.011770923623,0.063893129593,0.023213491183
goe704,ok,,5.6880295179,145269818.62,437501.92299,1346078.6437,44866726.023,351347.64539,12500501.877,0.0,0.0,0.0,1695017.6296,-35480731.097,-632172.73148,-1126627.7791,0.0,0.0,76921.387974,0.0,0.0,0.0,0.0,-224619.93791,0.0,0.0,0.0,-4.3732558526e-08,2.0205714269e-08,7.9308263551e-09,5.5946516131e-08,0.0,0.0,-1.0363423097e-07,0.0,0.0,0.0,0.0,-4.3117163171e-08,0.24424021062,0.01166806461,0.045340175338,0.024476708392
goe711,ok,,5.7786419654,147584021.42,569587.90476,1887561.2517,45013470.526,491675.07686,12953836.863,0.0,0.0,0.0,6877525.6167,-36011864.724,-893110.38678,-3522818.7993,0.0,0.0,227589.19772,0.0,0.0,0.0,0.0,-1403666.8468,0.0,0.0,0.0,-1.0525230849e-07,2.1077143077e-08,-7.2240672973e-10,1.3454699717e-07,0.0,0.0,-1.4658621781e-07,0.0,0.0,0.0,0.0,-4.3100887133e-08,0.24400923879,0.046600746819,0.083493736666,0.076636342208
goe723,ok,,5.6610819885,144581590.38,272177.52511,1102586.9107,44535590.407,254014.12263,12289585.56,0.0,0.0,0.0,4204326.7671,-34950376.09,-209480.93294,-2390130.379,0.0,0.0,-5719.2965856,0.0,0.0,0.0,0.0,-954753.36061,0.0,0.0,0.0,-1.1924436763e-07,2.0267879154e-08,7.3034924764e-09,1.9744999198e-07,0.0,0.0,5.6519820155e-08,0.0,0.0,0.0,0.0,-1.9725605556e-08,0.24173462194,0.029079267672,-0.01538342477,0.05374145015
goe735,ok,,5.8019160029,148178430.29,828832.49858,2826363.0473,44655403.22,742238.72731,12956058.693,0.0,0.0,0.0,3544104.8621,-34598331.649,-1460654.2932,-2108677.2299,0.0,0.0,17950.354362,0.0,0.0,0.0,0.0,-374120.73749,0.0,0.0,0.0,-4.3190549204e-08,1.955865418e-08,1.2615979928e-08,5.7751801038e-08,0.0,0.0,2.178958301e-08,0.0,0.0,0.0,0.0,-4.71477601e-08,0.23349101203,0.023917818911,-0.018059914529,0.047866569552
goe738,ok,,5.6977337805,145517661.3,492182.84702,1693831.6562,44630966.683,427091.54035,12478444.296,0.0,0.0,0.0,1551989.7176,-34576547.673,-761019.31949,-1037942.5053,0.0,0.0,-39937.715395,0.0,0.0,0.0,0.0,-139158.25037,0.0,0.0,0.0,-3.5200283571e-08,1.969630398e-08,1.1714813461e-08,4.8444192502e-08,0.0,0.0,6.9120455407e-08,0.0,0.0,0.0,0.0,-4.3083539445e-08,0.23761066089,0.010665301405,-0.03401990253,0.023843400587
goe741,ok,,5.7305122346,146354808.87,484067.45878,1818575.1686,44587380.536,444534.09681,12611511.745,0.0,0.0,0.0,3548831.1145,-34535956.265,-1586293.4307,-2315166.2361,0.0,0.0,11453.14542,0.0,0.0,0.0,0.0,-349753.27816,0.0,0.0,0.0,-7.4989667345e-08,2.1644419972e-08,2.3864374755e-08,1.1027881992e-07,0.0,0.0,8.0572567078e-08,0.0,0.0,0.0,0.0,-8.6988540045e-08,0.23597418173,0.024248134666,-0.039002557793,0.053382388116
goe744,ok,,5.7571017388,147033893.33,401661.68714,1821791.5535,44474265.981,412666.27673,12696881.966,0.0,0.0,0.0,5397883.4521,-34376376.525,-2234908.4255,-3427345.8586,0.0,0.0,58795.60937,0.0,0.0,0.0,0.0,-566861.81026,0.0,0.0,0.0,-1.1970515904e-07,2.5045631054e-08,4.0065705198e-08,2.0019112223e-07,0.0,0.0,1.5523144999e-07,0.0,0.0,0.0,0.0,-1.3267448529e-07,0.23379899523,0.036711831061,-0.062350526102,0.080409103907
goe746,ok,,5.6265925948,143700746.13,180961.12487,851257.66936,44288997.479,182066.68713,12065511.502,0.0,0.0,0.0,3734820.6442,-34544633.307,-1745684.4877,-2471883.1363,0.0,0.0,54703.323084,0.0,0.0,0.0,0.0,-378149.54654,0.0,0.0,0.0,-1.9935112955e-07,2.8564141966e-08,6.2391852484e-08,3.1988564767e-07,0.0,0.0,2.7793663151e-07,0.0,0.0,0.0,0.0,-2.3656763052e-07,0.24039285973,0.025990266195,-0.050295725482,0.057886866633
goe758,ok,,5.6801851689,145069477.33,397590.5236,1474642.5416,44478215.207,359806.9432,12359514.895,0.0,0.0,0.0,4500218.5031,-34897450.211,-638639.01346,-2511722.3348,0.0,0.0,34996.258391,0.0,0.0,0.0,0.0,-892472.53054,0.0,0.0,0.0,-9.6477455614e-08,2.0952189083e-08,9.8405621826e-09,1.4208931849e-07,0.0,0.0,1.8346962066e-09,0.0,0.0,0.0,0.0,-4.2744318215e-08,0.24055680666,0.031021125779,-0.00072945782544,0.056493366538
goe766,ok,,5.6523410804,144358351.33,314745.48905,1053366.5561,44703924.599,260105.68458,12297151.899,0.0,0.0,0.0,1018605.1701,-34663213.89,-621073.84092,-565870.62217,0.0,0.0,-32536.306641,0.0,0.0,0.0,0.0,-63376.378279,0.0,0.0,0.0,-4.0725400519e-08,2.013100335e-08,1.4796544877e-08,4.1918080874e-08,0.0,0.0,1.2182920125e-07,0.0,0.0,0.0,0.0,-5.6653727001e-08,0.24011921423,0.0070560875816,-0.038345191529,0.013193526865
goe765,ok,,5.6927200609,145389613.07,501837.30855,1572239.6351,44777271.271,410495.73365,12497165.431,0.0,0.0,0.0,1074941.7637,-34879616.611,-1086305.9127,-835263.43829,0.0,0.0,55441.798171,0.0,0.0,0.0,0.0,64797.735128,0.0,0.0,0.0,-3.3088869158e-08,2.006491707e-08,1.4623130887e-08,3.6112319941e-08,0.0,0.0,-4.4542351081e-08,0.0,0.0,0.0,0.0,-6.2900385371e-08,0.23990445999,0.0073935251701,0.022353013583,0.018122509445
goe767,ok,,5.6597857116,144548484.0,277561.52799,1017359.9438,44734234.94,238386.13677,12338497.643,0.0,0.0,0.0,1033503.4707,-34382783.296,-624471.83586,-559990.5529,0.0,0.0,-89966.320586,0.0,0.0,0.0,0.0,-62695.737931,0.0,0.0,0.0,-4.4796253367e-08,1.9947523704e-08,1.8520838054e-08,4.994355959e-08,0.0,0.0,3.4622007809e-07,0.0,0.0,0.0,0.0,-6.2263342094e-08,0.23786332686,0.0071498741604,-0.096097373897,0.013862410713
goe769,ok,,5.7269932417,146264935.29,365198.42793,1475407.1904,44793244.838,341568.32466,12656074.353,0.0,0.0,0.0,4443885.9817,-34311895.082,-1132864.057,-2512405.4382,0.0,0.0,-60454.81396,0.0,0.0,0.0,0.0,-699227.27863,0.0,0.0,0.0,-1.0750943811e-07,2.1467609892e-08,3.0542755456e-08,1.5950863971e-07,0.0,0.0,2.3005228353e-07,0.0,0.0,0.0,0.0,-7.9402895985e-08,0.23458729198,0.030382442468,-0.084014732287,0.058252304464
goe775,ok,,5.828156392,148848598.5,1029486.1129,3079025.3356,45096961.492,856419.95682,13204727.586,0.0,0.0,0.0,158871.87322,-35106769.362,96181.833018,-25612.042661,0.0,0.0,94208.881535,0.0,0.0,0.0,0.0,-65724.030267,0.0,0.0,0.0,-6.5702596152e-10,1.7860129914e-08,-7.1151059046e-10,6.1509326645e-10,0.0,0.0,-2.9737723298e-08,0.0,0.0,0.0,0.0,2.498340696e-09,0.2358555587,0.0010673387241,0.030614573165,0.00063322997597
goe776,ok,,5.9166853775,151109590.58,1437085.3877,4236836.5092,45127281.009,1221606.7624,13627137.427,0.0,0.0,0.0,188907.49893,-35055528.759,112567.20731,-30686.993108,0.0,0.0,159182.57789,0.0,0.0,0.0,0.0,-77953.433353,0.0,0.0,0.0,-5.4773180104e-10,1.7022676774e-08,-6.0898934589e-10,5.3843585254e-10,0.0,0.0,-2.6156345438e-08,0.0,0.0,0.0,0.0,2.0501746589e-09,0.23198745113,0.001250135734,0.037588901823,0.00077377829588
goe770,ok,,5.8170243034,148564289.76,901606.82314,2932920.6592,44795770.785,794008.88538,13063004.313,0.0,0.0,0.0,3833873.3436,-35067821.45,-1106702.5769,-1989236.2833,0.0,0.0,51348.081321,0.0,0.0,0.0,0.0,-564768.21375,0.0,0.0,0.0,-4.0219673957e-08,1.913097356e-08,8.3870795332e-09,4.9264871284e-08,0.0,0.0,-8.203989364e-10,0.0,0.0,0.0,0.0,-3.2799155544e-08,0.23604475548,0.025806156713,0.00073967727875,0.044417544091
goe777,ok,,5.8621934685,149717890.74,991184.27337,3281364.024,44807795.271,894204.54178,13274143.324,0.0,0.0,0.0,5739192.4056,-35037110.358,-1628328.487,-2964111.5616,0.0,0.0,116553.98503,0.0,0.0,0.0,0.0,-835125.11033,0.0,0.0,0.0,-5.2816141411e-08,1.968191536e-08,1.0898397325e-08,6.6738420268e-08,0.0,0.0,-2.665987577e-09,0.0,0.0,0.0,0.0,-4.279479817e-08,0.2340208654,0.038333377375,0.0026424849593,0.066150072599
goe780,ok,,5.6032592054,143104821.43,338171.56578,1006323.5268,44312565.407,270307.87388,11976606.624,0.0,0.0,0.0,636860.91275,-35477589.943,-227962.01689,-527497.00211,0.0,0.0,198273.99966,0.0,0.0,0.0,0.0,-91829.061769,0.0,0.0,0.0,-2.1521916229e-08,2.0819148249e-08,-1.1541147596e-09,3.2245783046e-08,0.0,0.0,-5.7463773528e-07,0.0,0.0,0.0,0.0,-2.0404591741e-08,0.24791330989,0.004450310663,0.1943261427,0.010904606942
goe79,ok,,5.6885564243,145283275.59,88717.334294,599543.63614,44899934.627,108132.31033,12507186.09,0.0,0.0,0.0,5656330.8748,-35425331.199,-1228041.5864,-3285219.6457,0.0,0.0,81804.82033,0.0,0.0,0.0,0.0,-1004891.619,0.0,0.0,0.0,-4.272143188e-07,3.2310991535e-08,5.6840170984e-08,8.2952668913e-07,0.0,0.0,1.5247409085e-07,0.0,0.0,0.0,0.0,-2.7678084261e-07,0.2438362644,0.038933117745,-0.013527094889,0.073593396585
goe795,ok,,5.6019983792,143072620.48,165187.31309,557688.62794,44537369.284,136065.02828,12030575.808,0.0,0.0,0.0,2310154.3537,-35076731.007,-215812.0429,-1331636.015,0.0,0.0,28506.617455,0.0,0.0,0.0,0.0,-502901.53776,0.0,0.0,0.0,-1.2817227041e-07,2.1055509841e-08,1.5769109203e-09,1.7984665944e-07,0.0,0.0,-2.3938962841e-07,0.0,0.0,0.0,0.0,-3.8775270014e-08,0.24516732056,0.01614672567,0.0395441295,0.029708386441
goe795sm,ok,,5.6027960817,143092993.45,166075.34508,557773.42198,44546142.59,136343.40387,12036331.477,0.0,0.0,0.0,2304189.3013,-35084354.078,-226234.9303,-1328681.7913,0.0,0.0,30553.937483,0.0,0.0,0.0,0.0,-498617.02213,0.0,0.0,0.0,-1.2801180731e-07,2.1076640354e-08,1.4956138079e-09,1.782992583e-07,0.0,0.0,-2.5698574534e-07,0.0,0.0,0.0,0.0,-4.0423040741e-08,0.24518568821,0.016102740223,0.042678996338,0.02961111085
goe796,ok,,5.6875119393,145256599.89,366591.02096,1212191.5025,44842438.141,307693.67862,12491108.083,0.0,0.0,0.0,3555938.6437,-35414650.227,-260681.81177,-1986447.1367,0.0,0.0,63776.850065,0.0,0.0,0.0,0.0,-786827.16059,0.0,0.0,0.0,-8.4641064202e-08,2.0062351566e-08,-3.8135547436e-10,1.2015963048e-07,0.0,0.0,-1.1752785469e-07,0.0,0.0,0.0,0.0,-2.0850461426e-08,0.24380751205,0.024480392949,0.04308465624,0.044049441616
goe797,ok,,5.7715829822,147403738.03,641507.46755,2089652.7475,44952994.37,549930.26094,12902450.561,0.0,0.0,0.0,4985122.3094,-35588919.632,-227237.00933,-2666160.7991,0.0,0.0,127165.23487,0.0,0.0,0.0,0.0,-1129976.1645,0.0,0.0,0.0,-6.4000935317e-08,1.9078448336e-08,-2.5875774456e-09,9.202783613e-08,0.0,0.0,-8.4805703304e-08,0.0,0.0,0.0,0.0,-1.037618584e-08,0.24143837943,0.033819510793,0.05440349196,0.0590365441
goe798,ok,,5.8637324067,149757194.6,995274.06639,3191011.4746,44986888.568,871831.71504,13337496.979,0.0,0.0,0.0,6174016.7801,-35529559.113,-352375.00145,-3251889.0167,0.0,0.0,209993.04425,0.0,0.0,0.0,0.0,-1350857.5627,0.0,0.0,0.0,-4.9608122983e-08,1.8213146498e-08,-1.7187638133e-09,7.2178212537e-08,0.0,0.0,-5.8095613091e-08,0.0,0.0,0.0,0.0,-9.7964892409e-09,0.23724776101,0.041226845873,0.057821057081,0.071837103096
goe801,ok,,5.7043101023,145685617.72,237511.48013,1024832.0822,44818479.147,231253.28561,12560296.93,0.0,0.0,0.0,6042911.7914,-35426470.059,-932368.3098,-3376847.5837,0.0,0.0,92818.751613,0.0,0.0,0.0,0.0,-1189837.4269,0.0,0.0,0.0,-2.0268562449e-07,2.3884585487e-08,1.3364965515e-08,3.1544106913e-07,0.0,0.0,-9.2553326543e-08,0.0,0.0,0.0,0.0,-9.6268181032e-08,0.24317067541,0.041479123925,0.021982477579,0.074920875224
goe802,ok,,5.7043101023,145685617.72,237511.48013,1024832.0822,44818479.147,231253.28561,12560296.93,0.0,0.0,0.0,6042911.7914,-35426470.059,-932368.3098,-3376847.5837,0.0,0.0,92818.751613,0.0,0.0,0.0,0.0,-1189837.4269,0.0,0.0,0.0,-2.0268562449e-07,2.3884585487e-08,1.3364965515e-08,3.1544106913e-07,0.0,0.0,-9.2553326543e-08,0.0,0.0,0.0,0.0,-9.6268181032e-08,0.24317067541,0.041479123925,0.021982477579,0.074920875224
goe802a,ok,,5.7476428226,146792316.69,230560.97847,990465.35516,44731813.52,228158.71849,12734491.652,0.0,0.0,0.0,6106066.7211,-35255410.542,-957482.69647,-3390871.201,0.0,0.0,106564.47252,0.0,0.0,0.0,0.0,-1180340.1831,0.0,0.0,0.0,-2.0587564652e-07,2.3498438542e-08,1.0450749262e-08,3.2575479911e-07,0.0,0.0,-1.4859283105e-07,0.0,0.0,0.0,0.0,-9.8491750788e-08,0.24017204263,0.041596637063,0.034259708519,0.075106345223
goe802b,ok,,5.743409992,146684212.03,229698.74224,986458.37982,44736680.232,227132.70022,12716714.152,0.0,0.0,0.0,6115144.8158,-35273757.97,-975181.77643,-3392919.7596,0.0,0.0,108881.61002,0.0,0.0,0.0,0.0,-1179163.7688,0.0,0.0,0.0,-2.077055553e-07,2.3681780254e-08,1.0539367105e-08,3.2698483605e-07,0.0,0.0,-1.5388677223e-07,0.0,0.0,0.0,0.0,-1.0087667974e-07,0.24047412794,0.041689182028,0.035347598029,0.075108005571
goe803h,ok,,5.6907371904,145338971.41,69688.4641,746381.48084,44768660.18,112822.35562,12484289.237,0.0,0.0,0.0,6556408.981,-35441791.916,-609635.21519,-3666842.4327,0.0,0.0,39446.351224,0.0,0.0,0.0,0.0,-1405518.8404,0.0,0.0,0.0,-4.3321203254e-07,2.6247056658e-08,3.4811469658e-08,1.1782927043e-06,0.0,0.0,2.017555781e-07,0.0,0.0,0.0,0.0,-1.3723848516e-07,0.24385608053,0.045111155785,-0.014060036361,0.082113408824
goe804,ok,,5.5967427638,142938394.33,97519.40861,622627.80203,44160407.574,116661.02406,11911598.621,0.0,0.0,0.0,6320698.6192,-34956380.477,181338.47443,-3230618.7896,0.0,0.0,66259.931538,0.0,0.0,0.0,0.0,-1595255.5286,0.0,0.0,0.0,-3.7032783458e-07,1.8992471939e-08,-1.0309935973e-07,7.5556443007e-07,0.0,0.0,-1.3097350283e-06,0.0,0.0,0.0,0.0,3.5616572231e-08,0.24455556984,0.044219739902,0.12772458539,0.073682196388
goe81,ok,,5.6820445342,145116964.72,142870.10723,771269.35846,44725907.872,157378.19207,12433848.538,0.0,0.0,0.0,6048885.98,-35427382.422,-1066760.1472,-3465805.7524,0.0,0.0,107051.69762,0.0,0.0,0.0,0.0,-1154825.5611,0.0,0.0,0.0,-3.0483615672e-07,2.7544617028e-08,1.3973500669e-08,5.3742577843e-07,0.0,0.0,-2.2076659037e-07,0.0,0.0,0.0,0.0,-1.6449576742e-07,0.24412984719,0.041682831443,0.031540946439,0.076782078593
goe92,ok,,5.662205388,144610281.49,174418.58091,767605.26538,44652526.528,170696.11658,12326790.275,0.0,0.0,0.0,5259486.6009,-35351357.324,-1291393.49,-2987022.291,0.0,0.0,90595.447511,0.0,0.0,0.0,0.0,-906020.84337,0.0,0.0,0.0,-2.5697889437e-07,2.7774210154e-08,3.5615985647e-08,3.8296420162e-07,0.0,0.0,-3.0853108364e-08,0.0,0.0,0.0,0.0,-1.8045923274e-07,0.24445950149,0.036370073736,0.0053813553774,0.066796072585
griffith30SymSuction,ok,,6.0043951363,153349659.95,2060355.3947,6130039.7016,43638078.562,1887939.8474,13582453.252,0.0,0.0,0.0,-15.618035367,-36956268.945,-28.245732484,28.157718331,0.0,0.0,794364.70652,0.0,0.0,0.0,0.0,16.963094609,0.0,0.0,0.0,-7.0102020631e-14,1.7743001233e-08,1.5144892083e-13,-3.5388694524e-13,0.0,0.0,-6.2894767194e-08,0.0,0.0,0.0,0.0,-5.1473402566e-13,0.2409934848,-1.0184590805e-07,0.12958557289,-7.2913287673e-07
gs1,ok,,5.6924514933,145382753.97,408499.10686,1514779.2476,44597574.656,366396.8751,12446947.28,0.0,0.0,0.0,3908560.8909,-34729027.956,-92007.489121,-2186829.9303,0.0,0.0,-23701.032733,0.0,0.0,0.0,0.0,-903540.70487,0.0,0.0,0.0,-7.495378521e-08,1.9373445072e-08,3.5993709608e-09,1.2013090662e-07,0.0,0.0,4.559329375e-08,0.0,0.0,0.0,0.0,-6.6080595485e-09,0.23887997034,0.026884625475,-0.018624819776,0.049073368062
gu255118,ok,,5.7904083193,147884529.02,871073.45049,3012884.2731,44204133.315,805549.38088,12771884.406,0.0,0.0,0.0,6708441.5694,-35528214.763,-811954.80648,-3679452.866,0.0,0.0,350630.52167,0.0,0.0,0.0,0.0,-1360824.5529,0.0,0.0,0.0,-6.2146689584e-08,2.0039069657e-08,-2.6937932265e-09,9.3611459789e-08,0.0,0.0,-1.0780122432e-07,0.0,0.0,0.0,0.0,-2.4380040249e-08,0.24024294494,0.045362700304,0.093902784434,0.081542457283
hh02,ok,,5.645640548,144187222.53,176666.36866,692740.04997,44700606.433,163616.47521,12263828.036,0.0,0.0,0.0,1681496.0156,-35465516.342,-756639.27523,-1231734.3972,0.0,0.0,-20227.202334,0.0,0.0,0.0,0.0,-197660.19033,0.0,0.0,0.0,-9.7723098633e-08,2.1783924704e-08,3.4021386125e-08,1.6170065142e-07,0.0,0.0,3.3558887273e-07,0.0,0.0,0.0,0.0,-1.0761423301e-07,0.24596851038,0.011661893378,-0.059287267508,0.028567066896
hobie,ok,,5.5926831092,142834712.5,148803.68586,663401.45794,44269123.06,142696.81615,11920123.53,0.0,0.0,0.0,3763672.0933,-34717674.856,-221621.86019,-2124764.3067,0.0,0.0,-2443.4528569,0.0,0.0,0.0,0.0,-849099.02929,0.0,0.0,0.0,-1.9403964486e-07,2.146113377e-08,1.3919357317e-08,3.2322091515e-07,0.0,0.0,1.3250530691e-07,0.0,0.0,0.0,0.0,-3.8628816995e-08,0.24306188774,0.026349841907,-0.019717278064,0.048096463522
hobiesm,ok,,5.5950544115,142895274.54,150066.68146,666836.65439,44296136.898,144209.00768,11937133.162,0.0,0.0,0.0,3768317.5086,-34751083.822,-223848.99456,-2131164.9117,0.0,0.0,-1449.266705,0.0,0.0,0.0,0.0,-850596.76858,0.0,0.0,0.0,-1.9216220723e-07,2.1433175709e-08,1.3464389064e-08,3.2122789564e-07,0.0,0.0,1.2210454344e-07,0.0,0.0,0.0,0.0,-3.824144841e-08,0.24319267334,0.026371183517,-0.018323823625,0.048205604291
hor04,ok,,5.6014150461,143057722.4,37393.32993,136563.59884,44738541.451,31498.504838,12079406.781,0.0,0.0,0.0,1514223.0036,-35797560.561,-139351.31065,-842571.14565,0.0,0.0,3579.9578509,0.0,0.0,0.0,0.0,-340030.8206,0.0,0.0,0.0,-3.6160189807e-07,2.1879536396e-08,1.9288536815e-08,5.030741538e-07,0.0,0.0,-1.8710963589e-07,0.0,0.0,0.0,0.0,-1.0217427622e-07,0.25023158457,0.010584699506,0.0069966523477,0.018811617812
hor07,ok,,5.6568371513,144473179.04,103665.9352,562326.843,44786204.677,111245.69564,12335589.475,0.0,0.0,0.0,4019727.9214,-35779560.395,-492332.94162,-2430361.763,0.0,0.0,13660.459795,0.0,0.0,0.0,0.0,-843909.51865,0.0,0.0,0.0,-2.7742790753e-07,2.3489513257e-08,3.1763466921e-08,5.2599538855e-07,0.0,0.0,2.2400332988e-07,0.0,0.0,0.0,0.0,-1.1047133278e-07,0.24765538235,0.02782335066,-0.023221514679,0.054527803863
hor12,ok,,5.7049662681,145702375.91,265125.46474,1099211.9432,44915689.286,250853.79766,12587453.372,0.0,0.0,0.0,3646185.3158,-35502478.001,-89848.84709,-2061156.8742,0.0,0.0,-72835.17125,0.0,0.0,0.0,0.0,-860695.51123,0.0,0.0,0.0,-1.0189974221e-07,1.9582460401e-08,1.3974952064e-08,1.7361479516e-07,0.0,0.0,2.6407106857e-07,0.0,0.0,0.0,0.0,-8.7882739187e-09,0.24366437252,0.025024885785,-0.07001196478,0.046029703252
hor20,ok,,5.8575463728,149599205.92,783450.07173,2766401.5723,45140295.188,716882.53472,13348226.422,0.0,0.0,0.0,2868338.7019,-35020259.438,142388.8817,-1634451.4584,0.0,0.0,-164396.17824,0.0,0.0,0.0,0.0,-715939.10269,0.0,0.0,0.0,-2.565723462e-08,1.7452162957e-08,1.5067430219e-09,4.59851505e-08,0.0,0.0,7.3472074174e-08,0.0,0.0,0.0,0.0,4.6481384534e-09,0.23409388587,0.019173488818,-0.057561701782,0.036027069458
hq010,ok,,5.5796837642,142502714.84,220577.13166,730104.43344,44297549.591,181615.14157,11870324.144,0.0,0.0,0.0,-0.18981803284,-34491329.787,-0.72024607312,-0.20659935843,0.0,0.0,2756.9838638,0.0,0.0,0.0,0.0,-0.15971387112,0.0,0.0,0.0,3.0423965255e-14,2.039032847e-08,2.2191002423e-14,2.0865730198e-14,0.0,0.0,-1.7119408444e-08,0.0,0.0,0.0,0.0,9.5395895869e-14,0.24203980834,-1.3320309936e-09,0.0037761500102,4.6025029171e-09
hq07,ok,,5.5279681641,141181920.74,107997.08668,362549.56099,44074933.304,87852.574585,11590503.443,0.0,0.0,0.0,-0.38142907775,-34206618.809,-0.27165068112,-0.051175754401,0.0,0.0,1321.130208,0.0,0.0,0.0,0.0,-0.074234453549,0.0,0.0,0.0,7.0405799185e-14,2.0903969431e-08,1.6961690889e-14,1.0543326688e-14,0.0,0.0,-3.3741640908e-08,0.0,0.0,0.0,0.0,1.636622158e-13,0.24228752966,-2.7016850015e-09,0.003643998918,1.1386485662e-09
hq09,ok,,5.5479016561,141691013.52,145231.95164,484776.91203,44170772.478,118707.71256,11700451.774,0.0,0.0,0.0,0.30691141876,-34344024.778,-0.31794382602,-0.38354589565,0.0,0.0,1546.0636112,0.0,0.0,0.0,0.0,-0.235817333,0.0,0.0,0.0,9.9239034531e-15,2.0716016634e-08,1.4658012452e-14,5.9630780023e-14,0.0,0.0,-2.1959540945e-08,0.0,0.0,0.0,0.0,1.162230071e-13,0.24238675358,2.1660612846e-09,0.0031892269885,8.6602945605e-09
hq1010,ok,,5.583060471,142588954.47,219418.66305,732169.94003,44313808.73,181657.05672,11889337.73,0.0,0.0,0.0,1062622.1756,-34571676.732,-67671.875807,-548985.95718,0.0,0.0,4228.1496866,0.0,0.0,0.0,0.0,-239414.71382,0.0,0.0,0.0,-4.3070136623e-08,2.0458873421e-08,1.824472916e-09,5.6428915033e-08,0.0,0.0,-2.1100174859e-08,0.0,0.0,0.0,0.0,-8.4385230954e-09,0.242456906,0.0074523456567,0.0046297721577,0.012381557094
hq1012,ok,,5.6153000551,143412339.54,315168.36815,1041291.185,44407660.941,262643.5773,12054374.364,0.0,0.0,0.0,1067471.4339,-34642558.811,-67090.461826,-548199.47322,0.0,0.0,6334.0414846,0.0,0.0,0.0,0.0,-239597.37157,0.0,0.0,0.0,-2.9733341124e-08,2.0084213086e-08,1.2439073241e-09,3.91433494e-08,0.0,0.0,-1.6776709238e-08,0.0,0.0,0.0,0.0,-5.7675513497e-09,0.24155912192,0.0074433722881,0.0052874880735,0.012336745554
hq108,ok,,5.5497459341,141738115.59,140597.83995,476112.11351,44180067.001,115849.54669,11710850.31,0.0,0.0,0.0,1057021.6382,-34412116.035,-65420.179902,-547456.41592,0.0,0.0,3026.2146738,0.0,0.0,0.0,0.0,-239209.96197,0.0,0.0,0.0,-6.7490241932e-08,2.0832208971e-08,2.700213372e-09,8.8085398843e-08,0.0,0.0,-3.3097460971e-08,0.0,0.0,0.0,0.0,-1.28405517e-08,0.24278660608,0.0074575680213,0.0046534315204,0.012384616809
hq109,ok,,5.5659763705,142152633.92,177815.34136,597430.2838,44247407.792,146808.00592,11798157.725,0.0,0.0,0.0,1060598.9802,-34492330.403,-67879.939773,-549370.43312,0.0,0.0,3639.206458,0.0,0.0,0.0,0.0,-239084.60241,0.0,0.0,0.0,-5.3379604368e-08,2.0648846122e-08,2.2411891263e-09,6.9784345768e-08,0.0,0.0,-2.6323533368e-08,0.0,0.0,0.0,0.0,-1.0543624625e-08,0.24264292156,0.007460987186,0.0046807280718,0.012408727264
hq1510,ok,,5.5852486042,142644838.45,219485.79829,740886.53952,44316080.53,182992.20946,11899458.042,0.0,0.0,0.0,1594727.3991,-34567019.208,-102112.94171,-822237.50955,0.0,0.0,6257.6525679,0.0,0.0,0.0,0.0,-358994.22515,0.0,0.0,0.0,-6.4148946565e-08,2.0512849327e-08,2.6126021611e-09,8.4472263057e-08,0.0,0.0,-2.6830533098e-08,0.0,0.0,0.0,0.0,-1.2608401795e-08,0.24232926746,0.0111797063,0.0058889209755,0.01854046209
hq1511,ok,,5.6002474589,143027902.73,266447.33425,892960.00839,44355164.456,222678.26106,11974996.405,0.0,0.0,0.0,1599376.7491,-34552561.876,-98120.897266,-820444.77604,0.0,0.0,7887.9247041,0.0,0.0,0.0,0.0,-359884.4862,0.0,0.0,0.0,-5.2616933618e-08,2.0290134558e-08,2.0055918227e-09,6.9365348401e-08,0.0,0.0,-2.5524348554e-08,0.0,0.0,0.0,0.0,-9.9347123796e-09,0.24157916894,0.011182270861,0.0068008946306,0.018482212171
hq1512,ok,,5.6183367779,143489896.13,315007.8369,1048231.5771,44417130.709,263847.69759,12070246.086,0.0,0.0,0.0,1604505.2162,-34656073.322,-105707.95211,-821172.0692,0.0,0.0,8517.5526054,0.0,0.0,0.0,0.0,-358940.9369,0.0,0.0,0.0,-4.454802768e-08,2.0115370873e-08,1.9032120439e-09,5.8642793428e-08,0.0,0.0,-1.9876376966e-08,0.0,0.0,0.0,0.0,-8.9752581634e-09,0.24152274312,0.011182008347,0.0062612145134,0.018472939508
hq158,ok,,5.5591817467,141979102.16,140090.4339,481385.23973,44237347.099,116761.63527,11766195.717,0.0,0.0,0.0,1579539.919,-34549329.434,-106378.48983,-822392.35125,0.0,0.0,4952.8138273,0.0,0.0,0.0,0.0,-356228.35519,0.0,0.0,0.0,-1.0026438648e-07,2.0921260776e-08,4.1759094816e-09,1.3259791955e-07,0.0,0.0,-4.4117322515e-08,0.0,0.0,0.0,0.0,-2.0481556976e-08,0.24334094883,0.011125157822,0.0061804148536,0.018575700084
hq1585,ok,,5.5617794465,142045446.3,161471.23941,562609.07529,44215463.646,135575.30572,11771832.255,0.0,0.0,0.0,1535767.8508,-34410996.99,-56438.41206,-801513.49451,0.0,0.0,-2387.4337666,0.0,0.0,0.0,0.0,-357392.43489,0.0,0.0,0.0,-8.1971611603e-08,2.0681140059e-08,2.9496208487e-09,1.1231235479e-07,0.0,0.0,3.7542046813e-08,0.0,0.0,0.0,0.0,-9.1810004502e-09,0.24225343288,0.010811806297,-0.0060619608288,0.018135215129
hq159,ok,,5.5706410438,142271767.67,177753.51013,605163.52286,44269044.97,148075.92464,11823955.792,0.0,0.0,0.0,1589709.1677,-34538298.537,-102976.48767,-822652.4456,0.0,0.0,5485.9508493,0.0,0.0,0.0,0.0,-358410.34433,0.0,0.0,0.0,-7.9273853311e-08,2.0716008102e-08,3.2271652201e-09,1.0446706888e-07,0.0,0.0,-3.3209155354e-08,0.0,0.0,0.0,0.0,-1.571355452e-08,0.24276284117,0.011173750027,0.0059030439324,0.018569388185
hq159b,ok,,5.5653172196,142135799.49,177412.22928,605326.30624,44224969.686,147734.30372,11789618.35,0.0,0.0,0.0,1588272.1603,-34446122.59,-97359.111084,-818601.33087,0.0,0.0,6332.2694495,0.0,0.0,0.0,0.0,-358913.33541,0.0,0.0,0.0,-7.9255165395e-08,2.0730808446e-08,2.8566875397e-09,1.0424056533e-07,0.0,0.0,-4.2182986364e-08,0.0,0.0,0.0,0.0,-1.4927083481e-08,0.24234656373,0.011174328818,0.0074837776482,0.018493551076
hq17,ok,,5.678692839,145031363.89,539096.75823,1785927.2828,44301361.972,469028.4914,12305910.303,0.0,0.0,0.0,4579544.5566,-35226950.151,-248168.89192,-2384256.3447,0.0,0.0,205174.03124,0.0,0.0,0.0,0.0,-1037604.8674,0.0,0.0,0.0,-7.0464857195e-08,2.0166510745e-08,-7.4659134768e-09,9.8719060864e-08,0.0,0.0,-1.9922474204e-07,0.0,0.0,0.0,0.0,-1.2947317671e-08,0.24289194563,0.031576235884,0.10740141259,0.053219125688
hq2010,ok,,5.5881229402,142718247.75,219650.53947,753826.18692,44315310.851,185084.2569,11911927.71,0.0,0.0,0.0,2123382.5523,-34576946.734,-136554.30455,-1096620.2158,0.0,0.0,9454.5342201,0.0,0.0,0.0,0.0,-477692.16337,0.0,0.0,0.0,-8.4423288985e-08,2.0599436008e-08,3.1806567956e-09,1.1254813621e-07,0.0,0.0,-3.6691335451e-08,0.0,0.0,0.0,0.0,-1.6668225207e-08,0.24227418202,0.014878143375,0.0080592716257,0.024721258836
hq2012,ok,,5.6222588207,143590063.41,315212.25236,1060860.4586,44424380.51,266102.74162,12089412.639,0.0,0.0,0.0,2133170.3728,-34684562.242,-139122.71506,-1096157.8146,0.0,0.0,11348.603253,0.0,0.0,0.0,0.0,-477518.69214,0.0,0.0,0.0,-5.8662217269e-08,2.0163911354e-08,2.3684728484e-09,7.8206257017e-08,0.0,0.0,-2.3671557949e-08,0.0,0.0,0.0,0.0,-1.1735775376e-08,0.24155266332,0.014855974865,0.0074615650979,0.024651570423
hq208,ok,,5.5556461168,141888803.7,140485.90487,496362.87944,44189612.854,118820.92621,11738891.119,0.0,0.0,0.0,2112931.017,-34431232.141,-133317.02477,-1093767.9968,0.0,0.0,8267.075213,0.0,0.0,0.0,0.0,-477194.69715,0.0,0.0,0.0,-1.3150815919e-07,2.1070058317e-08,4.3170875871e-09,1.7597306814e-07,0.0,0.0,-7.1232390833e-08,0.0,0.0,0.0,0.0,-2.5477383822e-08,0.24266348889,0.014891456985,0.010007146882,0.02472173571
hq209,ok,,5.5724875107,142318925.63,177790.09826,617931.31531,44261354.077,149950.66915,11830132.428,0.0,0.0,0.0,2118095.4869,-34523191.19,-134614.14387,-1095465.8278,0.0,0.0,8557.4969258,0.0,0.0,0.0,0.0,-477741.73217,0.0,0.0,0.0,-1.0418069753e-07,2.0822683829e-08,3.7457717475e-09,1.3906540027e-07,0.0,0.0,-4.7566232742e-08,0.0,0.0,0.0,0.0,-2.0326506266e-08,0.24257624934,0.014882739435,0.0084568051933,0.02472445118
hq2090sm,ok,,5.5717729591,142300676.29,176618.55051,613340.90614,44255629.383,148902.82184,11825483.81,0.0,0.0,0.0,2107089.7826,-34528073.126,-129591.90389,-1086760.7426,0.0,0.0,8969.7740037,0.0,0.0,0.0,0.0,-476577.19984,0.0,0.0,0.0,-1.0422218725e-07,2.0824462112e-08,3.4638141075e-09,1.3888135454e-07,0.0,0.0,-5.3424905111e-08,0.0,0.0,0.0,0.0,-1.9701062551e-08,0.2426416657,0.014807306877,0.0094358293021,0.024529023533
hq2195,ok,,5.5854574175,142650171.46,201245.98852,694302.78612,44322047.21,169643.8648,11902076.729,0.0,0.0,0.0,2236658.3295,-34515858.865,-86849.119122,-1124486.0543,0.0,0.0,7988.3500291,0.0,0.0,0.0,0.0,-518839.28203,0.0,0.0,0.0,-9.5102464733e-08,2.0507984502e-08,1.7725339408e-09,1.2598799355e-07,0.0,0.0,-4.1401751987e-08,0.0,0.0,0.0,0.0,-1.1067263436e-08,0.24196156593,0.015679324509,0.0083319365053,0.025354578303
hq2510,ok,,5.5910041181,142791831.79,218900.76422,766646.96973,44310095.271,186832.81407,11923322.035,0.0,0.0,0.0,2652288.7648,-34617823.055,-162307.03187,-1369549.2914,0.0,0.0,13994.775782,0.0,0.0,0.0,0.0,-599174.82969,0.0,0.0,0.0,-1.041869327e-07,2.071620293e-08,3.1266758057e-09,1.4100369159e-07,0.0,0.0,-5.349763331e-08,0.0,0.0,0.0,0.0,-1.9677252369e-08,0.24243559747,0.018574513202,0.011710672816,0.030865815847
hq2511,ok,,5.6045693726,143138282.54,265832.01087,918580.68327,44338886.555,226453.95762,11989933.133,0.0,0.0,0.0,2662872.2396,-34573232.058,-156844.11906,-1366931.2421,0.0,0.0,15802.355286,0.0,0.0,0.0,0.0,-600666.42768,0.0,0.0,0.0,-8.5932484482e-08,2.0449986903e-08,2.468239005e-09,1.1581500214e-07,0.0,0.0,-4.4911183199e-08,0.0,0.0,0.0,0.0,-1.5658885472e-08,0.2415372844,0.018603494413,0.01193883014,0.030787334909
hq2512,ok,,5.622781699,143603417.49,314451.23477,1074250.4833,44400511.185,267834.40127,12085707.377,0.0,0.0,0.0,2666266.4426,-34687066.611,-163145.7433,-1368680.6742,0.0,0.0,16429.988513,0.0,0.0,0.0,0.0,-599522.78696,0.0,0.0,0.0,-7.2642476097e-08,2.0254021414e-08,2.3813791744e-09,9.7907763337e-08,0.0,0.0,-3.3749810253e-08,0.0,0.0,0.0,0.0,-1.3749773705e-08,0.24154764014,0.018566873193,0.010612669507,0.030787217075
hq259,ok,,5.573955554,142356418.83,177298.28102,632224.10659,44244352.746,151885.99306,11832295.196,0.0,0.0,0.0,2647510.7654,-34534216.888,-160380.24404,-1369152.0059,0.0,0.0,13318.323766,0.0,0.0,0.0,0.0,-599161.76638,0.0,0.0,0.0,-1.2826139328e-07,2.0969801006e-08,3.4304697105e-09,1.7426985083e-07,0.0,0.0,-7.4538085175e-08,0.0,0.0,0.0,0.0,-2.398082244e-08,0.24258981206,0.018597761781,0.013215474372,0.030897744985
hq258,ok,,5.5579897465,141948658.99,140069.35252,511131.84937,44179262.398,120823.75307,11746564.127,0.0,0.0,0.0,2642488.7166,-34451306.193,-159079.84618,-1368733.8369,0.0,0.0,12843.668711,0.0,0.0,0.0,0.0,-598809.14725,0.0,0.0,0.0,-1.613448489e-07,2.1246028394e-08,3.625727518e-09,2.2079070723e-07,0.0,0.0,-1.1055395391e-07,0.0,0.0,0.0,0.0,-2.9966018269e-08,0.24270258302,0.018615806133,0.015485220742,0.030926011404
hq300gd2,ok,,5.7311362567,146370746.12,594815.82427,1960284.5089,44629431.786,523749.29182,12627055.476,0.0,0.0,0.0,3704971.0573,-35594989.023,-583851.74196,-1959770.8425,0.0,0.0,110661.84612,0.0,0.0,0.0,0.0,-723742.59936,0.0,0.0,0.0,-5.4836556866e-08,2.0032805457e-08,3.5131586198e-09,7.2883988679e-08,0.0,0.0,-7.2901622665e-08,0.0,0.0,0.0,0.0,-2.6801025847e-08,0.24318376428,0.025312237283,0.043363038776,0.043352549802
hq3010,ok,,5.5960881233,142921675.09,218802.3346,785506.82325,44315662.809,189807.8022,11946996.431,0.0,0.0,0.0,3179801.5504,-34617499.085,-198276.52462,-1641530.9804,0.0,0.0,19192.484875,0.0,0.0,0.0,0.0,-716732.37105,0.0,0.0,0.0,-1.2292380292e-07,2.0824422243e-08,3.1471186566e-09,1.6898836823e-07,0.0,0.0,-6.8933080013e-08,0.0,0.0,0.0,0.0,-2.3573987603e-08,0.24221307974,0.022248560608,0.015082718838,0.036975049488
hq2590sm,ok,,5.5800965816,142513258.02,182106.51345,645268.19611,44287104.558,155562.99721,11869914.049,0.0,0.0,0.0,2692781.2767,-34487464.689,-103298.21203,-1354087.4,0.0,0.0,10740.913184,0.0,0.0,0.0,0.0,-625112.46457,0.0,0.0,0.0,-1.249375535e-07,2.0666551079e-08,1.6435353336e-09,1.6774780154e-07,0.0,0.0,-6.4527685217e-08,0.0,0.0,0.0,0.0,-1.4365704006e-08,0.24199478117,0.018894952751,0.011750911776,0.030547967277
hq259b,ok,,5.5800968872,142513265.82,182106.38279,645268.00715,44287107.425,155562.9438,11869915.071,0.0,0.0,0.0,2692782.0374,-34487469.254,-103298.6326,-1354088.0639,0.0,0.0,10740.926727,0.0,0.0,0.0,0.0,-625112.62725,0.0,0.0,0.0,-1.2493763346e-07,2.0666551818e-08,1.6435482229e-09,1.6774799273e-07,0.0,0.0,-6.4527744794e-08,0.0,0.0,0.0,0.0,-1.4365746682e-08,0.24199479995,0.018894957054,0.011750914194,0.030547980175
hq3011,ok,,5.6117309817,143321186.94,266786.02406,933780.72338,44368974.929,229307.67089,12029260.769,0.0,0.0,0.0,3167087.579,-34660961.53,-218881.46499,-1639466.6152,0.0,0.0,23822.719954,0.0,0.0,0.0,0.0,-705933.17275,0.0,0.0,0.0,-1.0162553757e-07,2.0611812686e-08,2.9544480184e-09,1.3819515175e-07,0.0,0.0,-6.3159590359e-08,0.0,0.0,0.0,0.0,-2.1751344995e-08,0.241841156,0.022097832474,0.016850095993,0.03686853508
hq3012,ok,,5.6283893874,143746635.43,314464.38094,1091170.8074,44412194.262,270764.65231,12113472.054,0.0,0.0,0.0,3197417.8287,-34702584.595,-194460.75097,-1637847.1677,0.0,0.0,21675.430278,0.0,0.0,0.0,0.0,-718968.53104,0.0,0.0,0.0,-8.6045117276e-08,2.0305872075e-08,2.4563575652e-09,1.1709067383e-07,0.0,0.0,-4.2268044861e-08,0.0,0.0,0.0,0.0,-1.6139481155e-08,0.24141493462,0.022243427257,0.013291794561,0.03682084626
hq3013,ok,,5.6449179914,144168768.84,368111.46348,1262078.9812,44452074.428,316640.43806,12196677.148,0.0,0.0,0.0,3213634.2824,-34732411.751,-190883.50211,-1640114.3205,0.0,0.0,23198.373725,0.0,0.0,0.0,0.0,-722162.33432,0.0,0.0,0.0,-7.3643421129e-08,2.0067160827e-08,2.1213282537e-09,1.0008373667e-07,0.0,0.0,-3.4773022269e-08,0.0,0.0,0.0,0.0,-1.3477662205e-08,0.24091495009,0.022290779814,0.012800348117,0.036841970775
hq3014,ok,,5.6618692193,144601695.89,427114.22463,1447714.9934,44485486.528,367365.30588,12280428.212,0.0,0.0,0.0,3214149.0215,-34756958.231,-194764.26698,-1633687.9074,0.0,0.0,26787.713601,0.0,0.0,0.0,0.0,-719031.16331,0.0,0.0,0.0,-6.3356435592e-08,1.9849457335e-08,1.8599146143e-09,8.5844513731e-08,0.0,0.0,-3.1753821176e-08,0.0,0.0,0.0,0.0,-1.186608385e-08,0.24036342048,0.022227602531,0.013562508711,0.036665412921
hq3015,ok,,5.6789930317,145039030.67,489344.88666,1643460.3771,44512649.629,421362.63267,12363595.848,0.0,0.0,0.0,3224966.4452,-34770705.956,-193223.11477,-1630963.1644,0.0,0.0,30114.365406,0.0,0.0,0.0,0.0,-719778.82793,0.0,0.0,0.0,-5.5223862849e-08,1.962895814e-08,1.5935785301e-09,7.4753654086e-08,0.0,0.0,-2.8641449381e-08,0.0,0.0,0.0,0.0,-1.0241460702e-08,0.23973344138,0.022235162703,0.014015546801,0.036580318386
hq308,ok,,5.5641743987,142106612.34,140004.50765,529580.51683,44195488.969,123534.25934,11777556.867,0.0,0.0,0.0,3168803.492,-34468961.785,-192181.11864,-1639667.4598,0.0,0.0,17892.448662,0.0,0.0,0.0,0.0,-717203.72645,0.0,0.0,0.0,-1.8907441219e-07,2.1420622174e-08,2.8386146043e-09,2.6436773751e-07,0.0,0.0,-1.4515229427e-07,0.0,0.0,0.0,0.0,-3.5336313775e-08,0.24255705781,0.022298775826,0.020321975493,0.037012674929
hq309,ok,,5.5805276843,142524268.2,177219.03959,650256.5044,44263250.142,154661.7853,11865809.593,0.0,0.0,0.0,3177092.6888,-34559911.295,-193969.49477,-1640946.4602,0.0,0.0,18334.810516,0.0,0.0,0.0,0.0,-718229.82065,0.0,0.0,0.0,-1.5102106214e-07,2.1099900566e-08,3.1614318783e-09,2.0877022086e-07,0.0,0.0,-9.670028832e-08,0.0,0.0,0.0,0.0,-2.8425210733e-08,0.24248439744,0.022291590962,0.017137132224,0.036998058035
hq3510,ok,,5.6010988603,143049647.15,218872.11962,808431.92403,44314108.296,193190.54937,11968804.222,0.0,0.0,0.0,3720597.5723,-34643666.092,-230869.95017,-1918764.6206,0.0,0.0,25082.453532,0.0,0.0,0.0,0.0,-838384.71141,0.0,0.0,0.0,-1.4118925127e-07,2.0974044388e-08,2.7611095895e-09,1.9738996745e-07,0.0,0.0,-8.5254926005e-08,0.0,0.0,0.0,0.0,-2.710208958e-08,0.24217931873,0.026009134916,0.018659926363,0.043203160568
hq3512,ok,,5.6335326734,143877992.74,314207.02616,1113814.7634,44409801.491,274253.07983,12135742.046,0.0,0.0,0.0,3740411.5823,-34739386.466,-232215.82803,-1917431.1304,0.0,0.0,27209.02367,0.0,0.0,0.0,0.0,-839464.68831,0.0,0.0,0.0,-9.9407887235e-08,2.0417827064e-08,2.578742958e-09,1.3715924883e-07,0.0,0.0,-4.9096268536e-08,0.0,0.0,0.0,0.0,-1.9126742681e-08,0.24145031359,0.02599710707,0.015426392533,0.043096399686
hq3513,ok,,5.6505878334,144313574.16,370780.83859,1293322.2417,44448451.745,322782.85975,12221085.924,0.0,0.0,0.0,3751510.4464,-34767678.68,-231946.04693,-1915594.7518,0.0,0.0,29120.116488,0.0,0.0,0.0,0.0,-839900.52709,0.0,0.0,0.0,-8.4436272277e-08,2.0155357265e-08,2.3192159455e-09,1.1602823021e-07,0.0,0.0,-3.987812806e-08,0.0,0.0,0.0,0.0,-1.6199814688e-08,0.24091759131,0.025995548016,0.014786045764,0.043021044497
hq3514,ok,,5.6658681875,144703827.83,424384.82452,1461736.518,44468962.567,369088.97319,12293745.234,0.0,0.0,0.0,3737862.2462,-34789321.146,-224155.80928,-1898037.059,0.0,0.0,32968.864428,0.0,0.0,0.0,0.0,-836739.50381,0.0,0.0,0.0,-7.3264498357e-08,1.9925535903e-08,1.8413837259e-09,1.0038698172e-07,0.0,0.0,-3.7722153808e-08,0.0,0.0,0.0,0.0,-1.3643612662e-08,0.24041742135,0.025831122108,0.016008709624,0.042602711621
hq3518,ok,,5.7372271586,146526305.13,695268.77162,2306401.8716,44551531.232,607176.13031,12634113.002,0.0,0.0,0.0,3789358.629,-34833801.65,-218277.4218,-1883873.6906,0.0,0.0,50907.703199,0.0,0.0,0.0,0.0,-839283.54993,0.0,0.0,0.0,-4.4499528785e-08,1.903388405e-08,1.0275632739e-09,6.0692801449e-08,0.0,0.0,-2.5989831944e-08,0.0,0.0,0.0,0.0,-8.0253273332e-09,0.23773070384,0.025861285628,0.01806991853,0.042197809509
hq358,ok,,5.5700773673,142257371.61,139962.37636,553650.85588,44198955.256,126965.20857,11804306.52,0.0,0.0,0.0,3705315.861,-34508026.338,-227603.7617,-1918005.1347,0.0,0.0,23967.46957,0.0,0.0,0.0,0.0,-837567.98654,0.0,0.0,0.0,-2.1505476609e-07,2.1666088472e-08,1.4342094532e-09,3.0911819558e-07,0.0,0.0,-1.8182929378e-07,0.0,0.0,0.0,0.0,-4.0866137187e-08,0.2425746093,0.026046564892,0.02544926005,0.04326491723
hq359,ok,,5.5856342485,142654687.64,177133.58144,674046.26712,44260495.3,158084.26587,11887583.911,0.0,0.0,0.0,3714645.0464,-34585148.027,-229296.2844,-1918990.8406,0.0,0.0,24294.632912,0.0,0.0,0.0,0.0,-838649.08773,0.0,0.0,0.0,-1.727033627e-07,2.1294635111e-08,2.4871082468e-09,2.4415251551e-07,0.0,0.0,-1.2020841184e-07,0.0,0.0,0.0,0.0,-3.2953768762e-08,0.24243961834,0.026039418037,0.021292946509,0.04324760949
hs1404,ok,,5.5952885052,142901253.19,43816.114913,232424.89137,44573340.892,45944.235952,12009834.848,0.0,0.0,0.0,2830100.2136,-35575163.82,-288721.69907,-1697993.3093,0.0,0.0,25248.934153,0.0,0.0,0.0,0.0,-622061.23568,0.0,0.0,0.0,-4.6825393722e-07,2.3946144864e-08,-2.487850123e-08,8.603877452e-07,0.0,0.0,-1.399181074e-06,0.0,0.0,0.0,0.0,-1.4949756766e-07,0.24894927809,0.019804586387,0.061306678725,0.037698848314
hs1430,ok,,6.1624806804,157387096.51,2504679.4197,6577080.8313,46103027.984,2095340.5765,15127192.558,0.0,0.0,0.0,3235459.0184,-36905351.118,-179629.21071,-1563570.0171,0.0,0.0,779452.94956,0.0,0.0,0.0,0.0,-699866.18107,0.0,0.0,0.0,-1.0245867646e-08,1.5541182471e-08,-9.7824631555e-10,1.3357859139e-08,0.0,0.0,-4.6944976114e-08,0.0,0.0,0.0,0.0,-1.8553847695e-09,0.23448778163,0.020557333416,0.11758211553,0.033457154877
hs1606,ok,,5.6338129136,143885149.95,100124.93394,494817.7077,44667975.537,102183.77765,12204767.451,0.0,0.0,0.0,3996284.3489,-35663981.291,-393066.17096,-2388753.4611,0.0,0.0,51847.544783,0.0,0.0,0.0,0.0,-877006.12559,0.0,0.0,0.0,-2.9434571513e-07,2.3048844308e-08,-1.5148614566e-08,5.2867931959e-07,0.0,0.0,-6.2214095688e-07,0.0,0.0,0.0,0.0,-9.1032907016e-08,0.24786422576,0.027774126449,0.062291822209,0.052933981949
hs1708,ok,,5.6719348001,144858766.48,176709.99829,770384.87144,44791788.351,170181.93384,12407659.095,0.0,0.0,0.0,4616777.3122,-35721673.515,-455169.55039,-2742958.4867,0.0,0.0,75096.752044,0.0,0.0,0.0,0.0,-1006021.7353,0.0,0.0,0.0,-2.0272292112e-07,2.2041287122e-08,-7.8345155804e-09,3.4305668645e-07,0.0,0.0,-3.4682704103e-07,0.0,0.0,0.0,0.0,-6.2730732314e-08,0.24659656011,0.03187088655,0.061287805827,0.060621546476
hs1620,ok,,5.9078174148,150883106.64,1158484.9127,3264977.826,45731786.85,933385.60557,13764494.691,0.0,0.0,0.0,4289184.9223,-36438615.62,-267883.64603,-2239127.5792,0.0,0.0,352450.7351,0.0,0.0,0.0,0.0,-953167.32793,0.0,0.0,0.0,-3.2009023183e-08,1.773826589e-08,-2.5438380502e-09,4.1740016774e-08,0.0,0.0,-8.9709992228e-08,0.0,0.0,0.0,0.0,-6.4355030923e-09,0.24150228897,0.028427204462,0.10392767251,0.048355179688
hs1712,ok,,5.7491464875,146830719.65,424902.86006,1366293.1174,45240968.312,350695.62276,12880826.704,0.0,0.0,0.0,4866485.5622,-36251429.492,-344425.80733,-2646814.2874,0.0,0.0,156528.7559,0.0,0.0,0.0,0.0,-1099298.1195,0.0,0.0,0.0,-1.0008767405e-07,1.9962882735e-08,-7.9929415982e-09,1.3590965166e-07,0.0,0.0,-2.3489922903e-07,0.0,0.0,0.0,0.0,-2.2624725361e-08,0.24689267736,0.033143510935,0.099809354243,0.057748399698
hsnlf213,ok,,5.6609304445,144577719.98,403686.10283,1264195.3809,44580039.186,337092.7791,12299471.976,0.0,0.0,0.0,1224148.8648,-35354100.078,-463594.2351,-716611.92086,0.0,0.0,99809.676788,0.0,0.0,0.0,0.0,-164373.99404,0.0,0.0,0.0,-3.3075368946e-08,2.0247096603e-08,5.4543023412e-09,3.7942348383e-08,0.0,0.0,-1.8095144241e-07,0.0,0.0,0.0,0.0,-3.2554122227e-08,0.24453352897,0.0084670643921,0.073047582587,0.015316798751
ht05,ok,,5.5974973712,142957666.67,50817.365743,173005.71616,44701129.733,39041.721871,12052401.697,0.0,0.0,0.0,939.21803761,-35450468.609,-490.27605003,-414.7361153,0.0,0.0,-9843.8991314,0.0,0.0,0.0,0.0,-100.90010106,0.0,0.0,0.0,-2.3784643772e-10,2.0575054127e-08,7.4483121039e-11,1.9485548235e-10,0.0,0.0,1.1196821494e-06,0.0,0.0,0.0,0.0,-2.8053772235e-10,0.24797878585,6.5699032411e-06,-0.056899297304,9.9020423135e-06
ht08,ok,,5.5951796759,142898473.73,54712.86076,186368.59071,44696354.897,43598.700457,12041294.818,0.0,0.0,0.0,930.01459314,-35428816.527,-493.64185187,-413.28723841,0.0,0.0,-13697.06003,0.0,0.0,0.0,0.0,-97.858742994,0.0,0.0,0.0,-2.1195393406e-10,2.058997952e-08,7.2771761753e-11,1.838370672e-10,0.0,0.0,1.3432763218e-06,0.0,0.0,0.0,0.0,-2.528068625e-10,0.24792998554,6.5082192191e-06,-0.073494490359,1.005825186e-05
ht12,ok,,5.5927543836,142836532.82,44073.431722,171632.18307,44672748.377,37257.962026,12024455.883,0.0,0.0,0.0,1069.3403361,-35359130.054,-580.3046014,-481.1266989,0.0,0.0,-24426.715423,0.0,0.0,0.0,0.0,-108.51692069,0.0,0.0,0.0,-2.872442694e-10,2.0587182633e-08,1.1643391053e-10,2.8631271062e-10,0.0,0.0,3.2291601898e-06,0.0,0.0,0.0,0.0,-3.4865074717e-10,0.24754962443,7.4864624267e-06,-0.14232017114,1.2618783703e-05
ht13,ok,,5.6087917341,143246119.83,77948.572175,295717.31609,44742206.432,66053.537425,12113221.01,0.0,0.0,0.0,1418.8847096,-35268645.087,-756.32037463,-628.47781632,0.0,0.0,-38159.795279,0.0,0.0,0.0,0.0,-144.78257383,0.0,0.0,0.0,-2.1290426186e-10,2.0325739005e-08,8.4027445455e-11,2.0818797543e-10,0.0,0.0,1.6554697011e-06,0.0,0.0,0.0,0.0,-2.5566280999e-10,0.24621012513,9.9052226426e-06,-0.12904149948,1.6227955429e-05
ht14,ok,,5.6217143328,143576157.42,105833.20665,396917.40804,44795192.631,89918.961855,12184312.021,0.0,0.0,0.0,1658.5816339,-35199248.921,-886.98038567,-733.09474545,0.0,0.0,-48808.672143,0.0,0.0,0.0,0.0,-166.34091582,0.0,0.0,0.0,-1.8223714692e-10,2.0121026653e-08,7.1730898602e-11,1.7764149894e-10,0.0,0.0,1.1619167701e-06,0.0,0.0,0.0,0.0,-2.193119494e-10,0.24516082303,1.1551929399e-05,-0.12296937764,1.8800369466e-05
ht21,ok,,5.6206551027,143549105.14,65387.758399,205905.917,44897256.867,49232.725639,12206231.098,0.0,0.0,0.0,14.045684034,-35852943.057,2.2865083836,-1.047893173,0.0,0.0,-4510.4944636,0.0,0.0,0.0,0.0,-4.5298036464,0.0,0.0,0.0,-1.5627658295e-12,2.0461748094e-08,-2.398888455e-13,3.3988325905e-13,0.0,0.0,3.3501085397e-07,0.0,0.0,0.0,0.0,1.7002225763e-12,0.2497608259,9.7845848778e-08,-0.021905608781,2.2224204427e-08
ht22,ok,,5.5938491362,142864492.33,48463.371794,189437.20047,44669120.057,41320.233934,12027669.723,0.0,0.0,0.0,899197.21787,-35246564.849,-365493.08636,-512527.17861,0.0,0.0,-19837.169314,0.0,0.0,0.0,0.0,-116978.40866,0.0,0.0,0.0,-2.0436941226e-07,2.2295674771e-08,7.594237745e-08,2.581864903e-07,0.0,0.0,2.6173690671e-06,0.0,0.0,0.0,0.0,-2.1100281081e-07,0.24671326146,0.0062940567192,-0.12684653022,0.012512587871
ht23,ok,,5.6071384247,143203895.02,79671.539283,300138.62498,44719085.622,67899.60571,12099367.328,0.0,0.0,0.0,865888.51024,-35289083.491,-387214.26582,-493212.36523,0.0,0.0,-29645.10454,0.0,0.0,0.0,0.0,-101706.28296,0.0,0.0,0.0,-1.2253973696e-07,2.1499622154e-08,4.5880111825e-08,1.5072401969e-07,0.0,0.0,1.4182328159e-06,0.0,0.0,0.0,0.0,-1.3592809775e-07,0.24642544455,0.0060465430087,-0.1129927915,0.012008414656
ht33,ok,,5.5874229057,142700369.15,71640.847948,256406.53303,44599033.917,58961.547776,11982081.212,0.0,0.0,0.0,494.99891838,-35137026.707,-314.47422142,-233.21795183,0.0,0.0,-22407.785172,0.0,0.0,0.0,0.0,-37.703229803,0.0,0.0,0.0,-8.8170730208e-11,2.0549803168e-08,3.4630450067e-11,8.1593483882e-11,0.0,0.0,1.2198576666e-06,0.0,0.0,0.0,0.0,-1.1915385239e-10,0.24622940301,3.468799144e-06,-0.087391637609,5.8454263723e-06
ht34,ok,,5.5748469233,142379184.01,103866.95121,360158.66678,44456554.882,84806.486923,11890551.611,0.0,0.0,0.0,112.62421042,-34723575.833,-139.5661369,-68.613992292,0.0,0.0,-21099.472125,0.0,0.0,0.0,0.0,9.2553336879,0.0,0.0,0.0,-1.8208594109e-11,2.0510485552e-08,9.6909167806e-12,1.6630037743e-11,0.0,0.0,5.6402757962e-07,0.0,0.0,0.0,0.0,-3.641648767e-11,0.24388098635,7.9101598452e-07,-0.058583825093,1.7273113189e-06
isa571,ok,,5.6296474163,143778764.95,138563.23219,514662.80912,44710770.738,119758.8422,12198154.121,0.0,0.0,0.0,4428094.1516,-35499820.629,-988061.80993,-2326842.6382,0.0,0.0,63417.772913,0.0,0.0,0.0,0.0,-812496.74057,0.0,0.0,0.0,-3.0449308089e-07,2.726588503e-08,3.4288556558e-08,3.7205974064e-07,0.0,0.0,-1.6778920289e-07,0.0,0.0,0.0,0.0,-1.9223617772e-07,0.24690586709,0.030797970432,0.023249414279,0.051553800232
ht35,ok,,5.5670925417,142181140.45,121924.44411,418318.78859,44367974.301,99373.056226,11834205.473,0.0,0.0,0.0,-77.834898016,-34482211.429,-49.61882976,11.558965198,0.0,0.0,-19909.242485,0.0,0.0,0.0,0.0,31.563464644,0.0,0.0,0.0,2.8925453107e-12,2.0493399741e-08,2.5925149056e-12,-1.7002244028e-12,0.0,0.0,3.9035215429e-07,0.0,0.0,0.0,0.0,-1.078800259e-11,0.24252310341,-5.4743475659e-07,-0.047593469418,-2.0729891517e-07
isa960,ok,,5.6672364851,144738773.55,228010.32805,865367.44623,44759089.516,203405.41605,12377834.174,0.0,0.0,0.0,5794542.2764,-35562181.817,-1379281.1277,-3103118.8842,0.0,0.0,114691.06471,0.0,0.0,0.0,0.0,-1029138.2052,0.0,0.0,0.0,-2.3512339519e-07,2.7373400379e-08,2.9008108296e-08,3.0139412342e-07,0.0,0.0,-9.6066911008e-08,0.0,0.0,0.0,0.0,-1.567194395e-07,0.24569906836,0.040034485123,0.021904247894,0.068720972955
isa961,ok,,5.6656019566,144697028.39,221207.26733,842880.70773,44766109.266,196892.77884,12372804.16,0.0,0.0,0.0,5728855.2592,-35529446.287,-1374487.1829,-3076801.281,0.0,0.0,112319.67092,0.0,0.0,0.0,0.0,-1013356.0152,0.0,0.0,0.0,-2.4052251452e-07,2.7519880161e-08,2.9942154654e-08,3.0808135605e-07,0.0,0.0,-9.515794719e-08,0.0,0.0,0.0,0.0,-1.6145718701e-07,0.24554371768,0.039592072644,0.021049629462,0.068149834885
isa962,ok,,5.6869760011,145242912.26,229165.3247,891389.78185,44892466.823,206584.85882,12502280.047,0.0,0.0,0.0,5998702.7844,-35440312.752,-1492280.2298,-3230101.5909,0.0,0.0,110889.02344,0.0,0.0,0.0,0.0,-1034068.7952,0.0,0.0,0.0,-2.4027487433e-07,2.7807819359e-08,3.60976637e-08,3.1377636853e-07,0.0,0.0,-1.6601878976e-08,0.0,0.0,0.0,0.0,-1.6635463883e-07,0.2440071753,0.041301173951,0.0038045749861,0.071906663377
ist-mt1-12,ok,,5.5911734913,142796157.52,295738.13633,1308698.9287,43752411.709,289831.817,11778509.892,0.0,0.0,0.0,5755526.5957,-33824463.974,923998.38821,-2813968.3,0.0,0.0,4236.5659141,0.0,0.0,0.0,0.0,-1628842.0539,0.0,0.0,0.0,-1.2057058518e-07,1.7401665397e-08,-2.6890360475e-08,2.210507385e-07,0.0,0.0,-1.6448825453e-07,0.0,0.0,0.0,0.0,7.7777801011e-08,0.23687236801,0.040305892649,0.048645449843,0.06537313344
ist-mt1-15,ok,,5.7648383809,147231483.84,414508.08947,2090349.36,44260327.43,464466.38012,12672533.49,0.0,0.0,0.0,7978133.421,-35685116.024,523436.4506,-4165238.7638,0.0,0.0,-682.69548227,0.0,0.0,0.0,0.0,-2099195.5327,0.0,0.0,0.0,-1.0983079981e-07,1.7694705447e-08,-1.0949733286e-08,2.2773116964e-07,0.0,0.0,-5.6063109745e-08,0.0,0.0,0.0,0.0,2.8118014298e-08,0.2423742198,0.054187686038,0.02323861251,0.094396412041
ist-mt1-18,ok,,5.821275839,148672872.15,569229.438,2637492.2104,44424582.911,611301.76103,12974401.488,0.0,0.0,0.0,8122637.562,-35067749.021,256556.21774,-4143950.1177,0.0,0.0,-109817.88795,0.0,0.0,0.0,0.0,-1993583.1323,0.0,0.0,0.0,-8.7060126195e-08,1.7659199391e-08,3.1358203374e-09,1.6354708459e-07,0.0,0.0,5.7203823239e-08,0.0,0.0,0.0,0.0,9.7943131284e-09,0.23587187436,0.054634295044,-0.032562100154,0.093095815046
ist-mt1-21,ok,,5.8116379465,148426724.53,665358.25179,2831867.4587,44282383.935,681255.79837,12884841.423,0.0,0.0,0.0,5462413.0236,-34962140.91,769698.09053,-2611552.9114,0.0,0.0,-228429.91635,0.0,0.0,0.0,0.0,-1529283.3366,0.0,0.0,0.0,-4.7490527913e-08,1.7393622549e-08,-5.1840273451e-10,8.6976704379e-08,0.0,0.0,9.7103603711e-08,0.0,0.0,0.0,0.0,2.7638089038e-08,0.23555152227,0.036802085613,-0.064608684008,0.057870667972
ist-mt1-24,ok,,5.8599114611,149659609.26,879145.81445,3588697.4182,44210918.729,890391.80346,13083845.986,0.0,0.0,0.0,4470385.8612,-34216201.397,1153654.6709,-2039978.6172,0.0,0.0,-316286.17419,0.0,0.0,0.0,0.0,-1390371.5605,0.0,0.0,0.0,-2.6290553063e-08,1.6748130231e-08,-3.5839559495e-09,5.0348602922e-08,0.0,0.0,8.3302908493e-08,0.0,0.0,0.0,0.0,3.1616254086e-08,0.22862682568,0.02987035636,-0.073235403333,0.044263763523
j5012,ok,,5.6382581864,143998680.3,355284.68855,1084863.7978,44644114.724,282340.49927,12218889.119,0.0,0.0,0.0,0.60729166484,-34964890.031,-0.092968714227,2.0370308225,0.0,0.0,46343.200945,0.0,0.0,0.0,0.0,-3.1388815717,0.0,0.0,0.0,1.9560869919e-13,1.9872016126e-08,7.4163872391e-15,-1.2867754855e-13,0.0,0.0,-1.2023594444e-07,0.0,0.0,0.0,0.0,8.6710737369e-13,0.24281396161,4.2173418782e-09,0.042717990072,-4.571716276e-08
joukowsk,ok,,5.5649157329,142125545.69,266855.77232,998013.13292,44029936.757,230416.66868,11738073.378,0.0,0.0,0.0,1.2668319302,-33136286.016,-2.601761117,-0.71174904212,0.0,0.0,-77826.788825,0.0,0.0,0.0,0.0,-0.051388592017,0.0,0.0,0.0,-5.9715082279e-14,1.9862543663e-08,6.5278776943e-14,7.7843972578e-14,0.0,0.0,2.9222425086e-07,0.0,0.0,0.0,0.0,-9.0204253469e-14,0.233147995,8.9134710019e-09,-0.077981728154,2.0773113423e-08
jn153,ok,,5.7930600584,147952253.29,517570.55838,2393233.3016,44273145.151,557088.02792,12801569.402,0.0,0.0,0.0,7940059.5472,-34409256.274,-1229564.4933,-4210782.688,0.0,0.0,-6264.0557206,0.0,0.0,0.0,0.0,-1455258.4716,0.0,0.0,0.0,-1.0900225281e-07,2.1520699839e-08,2.1214395876e-08,1.8667546534e-07,0.0,0.0,9.9463220756e-08,0.0,0.0,0.0,0.0,-5.4877048425e-08,0.23257000491,0.053666364457,-0.051479234705,0.096617724831
jx-gs-04,ok,,5.5556343129,141888502.23,93189.506187,350838.6819,44283172.49,79009.336096,11762346.222,0.0,0.0,0.0,1301018.0261,-34399194.359,-436334.92676,-753197.44257,0.0,0.0,-19902.222144,0.0,0.0,0.0,0.0,-191735.47717,0.0,0.0,0.0,-1.4830543637e-07,2.2173281071e-08,4.2941245761e-08,1.9076966063e-07,0.0,0.0,8.3566840396e-07,0.0,0.0,0.0,0.0,-1.3308546527e-07,0.242438209,0.0091692984673,-0.077875525902,0.017777730469
jx-gs-06,ok,,5.5608181499,142020895.19,103428.26582,374877.42182,44314547.406,86590.127014,11793080.726,0.0,0.0,0.0,1375332.8559,-34523620.598,-389576.41897,-777720.09651,0.0,0.0,-14052.617655,0.0,0.0,0.0,0.0,-224770.21702,0.0,0.0,0.0,-1.3790780141e-07,2.1895852318e-08,3.3170342267e-08,1.7443253842e-07,0.0,0.0,5.387416185e-07,0.0,0.0,0.0,0.0,-1.0728648469e-07,0.24308831846,0.0096840176514,-0.055721111328,0.018041254951
k2,ok,,5.6346177347,143905704.73,272737.71304,853374.51659,44666314.398,218746.76067,12207985.5,0.0,0.0,0.0,1086580.0429,-34894240.16,1250655.7039,146488.38814,0.0,0.0,52297.517351,0.0,0.0,0.0,0.0,-611472.30821,0.0,0.0,0.0,-2.8905616896e-09,1.9796396004e-08,-3.2458960892e-08,-6.2367664855e-09,0.0,0.0,-2.0689386554e-07,0.0,0.0,0.0,0.0,1.3031419596e-07,0.2424798949,0.0075506391141,0.056427759731,-0.001701001428
jx-gs-15,ok,,5.5714037993,142291248.11,130795.12078,443746.14114,44371984.18,106924.48161,11854138.166,0.0,0.0,0.0,1454679.0683,-34731517.323,-255254.51485,-807647.54329,0.0,0.0,636.2559078,0.0,0.0,0.0,0.0,-284091.28249,0.0,0.0,0.0,-1.0927690621e-07,2.1245985987e-08,1.4224882143e-08,1.3956436345e-07,0.0,0.0,6.9087779093e-08,0.0,0.0,0.0,0.0,-5.5998306683e-08,0.24408751616,0.010223250464,-0.009036344411,0.018254337775
jx-gs-10,ok,,5.5654702017,142139706.59,116694.19986,412638.40935,44333885.146,97080.361312,11818307.464,0.0,0.0,0.0,1395726.0909,-34604047.051,-332630.08422,-794275.90614,0.0,0.0,-9400.4647984,0.0,0.0,0.0,0.0,-246244.04088,0.0,0.0,0.0,-1.2099039336e-07,2.1558528184e-08,2.3986626904e-08,1.5592960211e-07,0.0,0.0,3.1897104938e-07,0.0,0.0,0.0,0.0,-8.1534666062e-08,0.24345095315,0.0098193961728,-0.037222071385,0.018196080152
k1,ok,,5.6304857281,143800175.07,297666.82007,1021505.4448,44513708.878,251280.78584,12147758.302,0.0,0.0,0.0,1353997.3291,-34613358.458,643034.69415,-486504.49823,0.0,0.0,-7928.6679919,0.0,0.0,0.0,0.0,-518329.43213,0.0,0.0,0.0,-2.2288768357e-08,1.9466673608e-08,-1.4109361057e-08,3.668174053e-08,0.0,0.0,2.9567151401e-09,0.0,0.0,0.0,0.0,6.3035611921e-08,0.2407045641,0.0094158253179,-0.00088011599361,0.010918937058
k3311,ok,,5.6228861709,143606085.66,262329.54515,935253.70413,44437421.073,227648.26776,12095927.763,0.0,0.0,0.0,3229404.652,-34906851.229,-366447.14528,-1781449.5508,0.0,0.0,24123.895115,0.0,0.0,0.0,0.0,-679223.25587,0.0,0.0,0.0,-1.0811187386e-07,2.1042399699e-08,7.2792064531e-09,1.5251262438e-07,0.0,0.0,-3.8442806294e-08,0.0,0.0,0.0,0.0,-3.8407602176e-08,0.24307362093,0.022487937313,0.010084683889,0.040008567384
k3,ok,,5.7968092919,148048007.09,698562.98699,2177322.2659,45190437.157,589766.77722,13082666.129,0.0,0.0,0.0,-12526.566634,-35495639.962,730468.99111,-94163.719764,0.0,0.0,37636.650329,0.0,0.0,0.0,0.0,-236622.34779,0.0,0.0,0.0,7.5895223365e-09,1.8471862621e-08,-7.4850362593e-09,3.3998297346e-09,0.0,0.0,-2.5738648467e-08,0.0,0.0,0.0,0.0,3.105680748e-08,0.23975763442,-8.4611518113e-05,0.017980067154,0.0023749952146
k3311sm,ok,,5.6300106901,143788042.82,263971.61152,936361.36637,44498506.188,229030.40458,12143171.863,0.0,0.0,0.0,3204020.0383,-34942395.668,-349960.20271,-1772374.7519,0.0,0.0,23565.530609,0.0,0.0,0.0,0.0,-677042.51243,0.0,0.0,0.0,-1.0616117164e-07,2.0901855961e-08,6.8510765189e-09,1.5059063634e-07,0.0,0.0,-3.8940902555e-08,0.0,0.0,0.0,0.0,-3.652320779e-08,0.24301322267,0.022282937965,0.010279292802,0.039751652954
kc135b,ok,,5.6347457003,143908972.92,368786.99346,1159377.3711,44484678.835,303607.81072,12159405.397,0.0,0.0,0.0,1519327.0098,-34968191.784,-507240.36379,-807535.08197,0.0,0.0,72697.602774,0.0,0.0,0.0,0.0,-225703.84261,0.0,0.0,0.0,-4.4212254648e-08,2.0508175778e-08,7.2322664928e-09,4.7537239478e-08,0.0,0.0,-1.4846903181e-07,0.0,0.0,0.0,0.0,-3.8864253318e-08,0.24298826595,0.010557555786,0.054753447865,0.017531115625
kc135a,ok,,5.6750694991,144938824.89,508202.30666,1618332.6425,44555168.097,425363.62313,12356283.416,0.0,0.0,0.0,1533924.3194,-34912264.585,-539672.23182,-801532.05223,0.0,0.0,55855.858158,0.0,0.0,0.0,0.0,-214968.33008,0.0,0.0,0.0,-3.195789217e-08,1.989706102e-08,6.4945281236e-09,3.472438718e-08,0.0,0.0,-5.6099916321e-08,0.0,0.0,0.0,0.0,-2.9398698299e-08,0.2408758634,0.010583253456,0.028510106878,0.017647013662
kc135c,ok,,5.6021142137,143075578.84,253488.31294,794486.13679,44414895.775,206400.23359,11998317.978,0.0,0.0,0.0,1614349.5033,-34965482.413,-501948.65174,-871964.55225,0.0,0.0,69453.875406,0.0,0.0,0.0,0.0,-253746.53615,0.0,0.0,0.0,-6.8551129392e-08,2.117552082e-08,8.6658145314e-09,7.4114026775e-08,0.0,0.0,-2.9589147963e-07,0.0,0.0,0.0,0.0,-5.6845671296e-08,0.2443847,0.011283193934,0.075005031984,0.018787039612
kc135d,ok,,5.5848899523,142635678.64,184888.89025,592915.94635,44370943.771,151285.91315,11912057.948,0.0,0.0,0.0,2023875.2269,-34912352.062,-511204.88217,-1108048.929,0.0,0.0,57985.089182,0.0,0.0,0.0,0.0,-352725.30791,0.0,0.0,0.0,-1.1315134776e-07,2.190594628e-08,9.4931529042e-09,1.3033300786e-07,0.0,0.0,-4.1242293113e-07,0.0,0.0,0.0,0.0,-7.9156681879e-08,0.24476591267,0.01418912327,0.076252418052,0.024097125186
kc135winglet,ok,,5.6306670146,143804805.05,145801.77688,504863.35813,44740706.296,125735.53915,12209297.959,0.0,0.0,0.0,2647427.3106,-35656773.01,-136489.02857,-1335973.0579,0.0,0.0,21608.445334,0.0,0.0,0.0,0.0,-625198.10957,0.0,0.0,0.0,-1.5146194164e-07,2.0696167368e-08,-1.0444941427e-09,2.0407629228e-07,0.0,0.0,-2.3818282946e-07,0.0,0.0,0.0,0.0,-2.034881444e-08,0.24795258404,0.018409866831,0.034727479759,0.029754686033
kenmar,ok,,6.0338460706,154101824.1,1372074.9505,5003184.0515,44385808.93,1394806.2584,13940536.058,0.0,0.0,0.0,8073776.2743,-34673573.715,143823.69139,-3586560.3234,0.0,0.0,-137574.61634,0.0,0.0,0.0,0.0,-1838942.512,0.0,0.0,0.0,-3.7304298287e-08,1.6080640889e-08,8.3343342141e-10,5.8833225605e-08,0.0,0.0,1.8347579639e-08,0.0,0.0,0.0,0.0,1.1472794046e-09,0.22500430424,0.052392476995,-0.025174254426,0.080723595113
l1003,ok,,5.7449400917,146723290.11,451786.03304,2380974.4464,43684464.591,512262.78334,12414486.556,0.0,0.0,0.0,4515299.3623,-32844947.254,-1344182.522,-2868137.3332,0.0,0.0,-155146.26275,0.0,0.0,0.0,0.0,-558414.78707,0.0,0.0,0.0,-7.5915208565e-08,2.0826982087e-08,2.8496467837e-08,1.5243576502e-07,0.0,0.0,2.2612820966e-07,0.0,0.0,0.0,0.0,-7.1132215992e-08,0.22385639818,0.030774251033,-0.1021615668,0.068868349573
l188root,ok,,5.6949663489,145446982.29,478474.77001,1459825.6576,44856501.259,390321.52027,12527813.71,0.0,0.0,0.0,2021903.4245,-35349440.091,-22135.522243,-1076914.8237,0.0,0.0,90033.560834,0.0,0.0,0.0,0.0,-486674.77611,0.0,0.0,0.0,-3.5850044688e-08,1.9413570774e-08,-2.734391251e-09,5.0112882162e-08,0.0,0.0,-1.2813661063e-07,0.0,0.0,0.0,0.0,-9.6704078523e-10,0.24304003792,0.013901308866,0.061310135302,0.023977749767
l7769,ok,,5.6269782822,143710596.42,202548.38903,974537.27042,44251476.809,204715.80476,12058233.833,0.0,0.0,0.0,3306830.3845,-34043155.642,-1174890.5645,-2062837.0572,0.0,0.0,-50594.779038,0.0,0.0,0.0,0.0,-424306.68367,0.0,0.0,0.0,-1.467544817e-07,2.4036602409e-08,5.3668546742e-08,2.4449214319e-07,0.0,0.0,5.3359716481e-07,0.0,0.0,0.0,0.0,-1.4544721969e-07,0.2368868858,0.023010344866,-0.10807924613,0.049521489734
l188tip,ok,,5.6696993308,144801673.56,362997.01229,1131205.2961,44797319.062,296614.98232,12398982.321,0.0,0.0,0.0,2682663.6212,-35414570.659,-36254.290106,-1441549.277,0.0,0.0,85895.842506,0.0,0.0,0.0,0.0,-647919.77447,0.0,0.0,0.0,-6.3004078212e-08,1.976685379e-08,-5.9120337641e-09,8.8482185243e-08,0.0,0.0,-2.063423358e-07,0.0,0.0,0.0,0.0,-2.2261452745e-09,0.24457293752,0.018526468343,0.074901651406,0.032118768884
la203a,ok,,5.7161560281,145988157.55,517783.64925,1959782.9841,44379438.501,484173.12715,12491972.496,0.0,0.0,0.0,5573661.1766,-34253187.904,58761.901573,-2861684.6005,0.0,0.0,15996.329252,0.0,0.0,0.0,0.0,-1316069.8962,0.0,0.0,0.0,-7.8530850805e-08,1.8730145229e-08,-1.9331581295e-09,1.2456110441e-07,0.0,0.0,-1.9497928256e-08,0.0,0.0,0.0,0.0,1.3759768814e-09,0.23462990751,0.038178858272,0.010095708445,0.064495703195
la2573a,ok,,5.676969944,144987361.88,350822.847,1339139.1219,44540747.424,317197.91749,12357692.98,0.0,0.0,0.0,1841179.7612,-34134195.047,-1279313.1208,-1291712.0883,0.0,0.0,-52834.393055,0.0,0.0,0.0,0.0,-39404.500333,0.0,0.0,0.0,-6.3660520423e-08,2.1103245024e-08,2.7371190525e-08,8.8235512238e-08,0.0,0.0,1.9133728189e-07,0.0,0.0,0.0,0.0,-1.0053030883e-07,0.23542876155,0.012698898286,-0.067125489968,0.03095503361
la5055,ok,,5.7376036371,146535920.23,465238.09715,1983837.8437,44276444.115,469343.58602,12551558.419,0.0,0.0,0.0,4889429.3236,-34311188.545,-1089431.0193,-2968435.3505,0.0,0.0,-6818.0421885,0.0,0.0,0.0,0.0,-797768.01742,0.0,0.0,0.0,-8.4831440827e-08,2.1017480242e-08,1.8292720844e-08,1.4632678563e-07,0.0,0.0,8.6518316152e-08,0.0,0.0,0.0,0.0,-5.8917953855e-08,0.23414865441,0.033366763016,-0.040251616775,0.068076795307
lds2,ok,,5.639683938,144035093.37,327707.93157,1061269.1553,44593282.626,270710.24805,12210813.339,0.0,0.0,0.0,2150344.4015,-34852440.28,-325055.43493,-1178595.37,0.0,0.0,35226.712419,0.0,0.0,0.0,0.0,-429749.89286,0.0,0.0,0.0,-6.1775571255e-08,2.0275552989e-08,4.8583969514e-09,8.0096875542e-08,0.0,0.0,-7.6580404039e-08,0.0,0.0,0.0,0.0,-2.7399916743e-08,0.24197186577,0.014929308901,0.025096005806,0.026248381409
legionair140_sm,ok,,5.6347566286,143909252.03,167787.55693,598526.23225,44724053.833,144403.09335,12222381.265,0.0,0.0,0.0,3075788.7977,-35577619.304,-769890.03133,-1771607.1041,0.0,0.0,37241.743805,0.0,0.0,0.0,0.0,-534613.86448,0.0,0.0,0.0,-1.7958622298e-07,2.3552770266e-08,2.6117157584e-08,2.3500032715e-07,0.0,0.0,-6.7051932642e-08,0.0,0.0,0.0,0.0,-1.279303545e-07,0.24722259899,0.021373113642,0.011250479966,0.039430130771
lg10sc,ok,,5.645254885,144177372.94,261539.02364,793840.85131,44828955.283,205628.20123,12298729.433,0.0,0.0,0.0,1199564.281,-35338956.146,-563308.19279,-635645.47725,0.0,0.0,36740.252678,0.0,0.0,0.0,0.0,-133330.52049,0.0,0.0,0.0,-5.6028886512e-08,2.0665143964e-08,1.3928452657e-08,5.2483642623e-08,0.0,0.0,-1.3845945251e-07,0.0,0.0,0.0,0.0,-6.3540479438e-08,0.24510750491,0.0083200592192,0.036212550024,0.013726520649
lnv109a,ok,,5.6951471968,145451601.07,248861.76575,1466545.8462,44274236.321,287257.7679,12362988.959,0.0,0.0,0.0,4729819.9995,-33502399.392,-1248067.6506,-2940686.796,0.0,0.0,-107947.67664,0.0,0.0,0.0,0.0,-690307.41506,0.0,0.0,0.0,-1.3896777878e-07,2.3142089876e-08,5.5883527152e-08,2.8185991563e-07,0.0,0.0,5.2266427315e-07,0.0,0.0,0.0,0.0,-1.1238759531e-07,0.23033365838,0.03251817075,-0.13007115391,0.070144156297
lrn1007,ok,,5.5993713936,143005528.4,116145.25146,653765.94666,44125683.842,134339.8007,11912106.415,0.0,0.0,0.0,5926059.28,-34710969.552,-837690.71949,-3303077.5024,0.0,0.0,144838.80898,0.0,0.0,0.0,0.0,-1203944.528,0.0,0.0,0.0,-3.4390761482e-07,2.7155797668e-08,-4.933079161e-08,6.2421156093e-07,0.0,0.0,-1.0809636533e-06,0.0,0.0,0.0,0.0,-1.4651043211e-07,0.24272466904,0.041439371934,0.12554879533,0.072499208707
lrn1015,ok,,5.7094369979,145816556.42,525364.17827,1776452.6517,44552049.878,463078.74489,12508694.742,0.0,0.0,0.0,4972056.8757,-35019207.333,-904491.07301,-2641963.0336,0.0,0.0,146786.42754,0.0,0.0,0.0,0.0,-929160.52851,0.0,0.0,0.0,-8.458289714e-08,2.1000585329e-08,5.6172585412e-09,1.1089791561e-07,0.0,0.0,-9.9740775063e-08,0.0,0.0,0.0,0.0,-4.5735841265e-08,0.24015933576,0.034098026985,0.052400230332,0.058261792308
ls413mod,ok,,5.6925934554,145386379.59,383660.5598,1246047.2124,44873603.178,324709.56561,12521237.136,0.0,0.0,0.0,2114715.2428,-35492027.566,-414794.76915,-1135417.2986,0.0,0.0,22348.186218,0.0,0.0,0.0,0.0,-400239.91655,0.0,0.0,0.0,-5.1756972745e-08,1.9977930518e-08,6.793245043e-09,6.5727028013e-08,0.0,0.0,-2.4789504595e-08,0.0,0.0,0.0,0.0,-2.8533076884e-08,0.24412209498,0.014545483894,0.0095107552102,0.025216868361
ls413,ok,,5.6907988148,145340545.27,396627.57656,1251853.9442,44861743.086,330977.13165,12509845.596,0.0,0.0,0.0,2349391.6377,-35588586.419,-75357.494813,-1160882.6781,0.0,0.0,57029.514926,0.0,0.0,0.0,0.0,-560519.05631,0.0,0.0,0.0,-4.97123218e-08,1.9632344788e-08,-1.5205268409e-09,6.5056153091e-08,0.0,0.0,-1.1093078612e-07,0.0,0.0,0.0,0.0,-3.5650688386e-09,0.24486344366,0.016164736642,0.043998208863,0.025803064341
ls013,ok,,5.6773267072,144996473.46,394226.00065,1213456.8663,44827105.254,322879.37794,12439719.053,0.0,0.0,0.0,0.060608979348,-35503706.597,-0.52930322573,-0.031420529043,0.0,0.0,49469.855211,0.0,0.0,0.0,0.0,0.03221964177,0.0,0.0,0.0,-4.163541689e-15,1.9683652269e-08,9.7078926549e-15,5.5692869394e-16,0.0,0.0,-1.0341202241e-07,0.0,0.0,0.0,0.0,-1.1716660104e-14,0.24485910416,4.1800312727e-10,0.040767708014,2.1955577166e-10
ls417,ok,,5.7620460914,147160169.96,677689.09518,2090555.3225,44960089.742,571807.74099,12858844.945,0.0,0.0,0.0,2410751.9554,-35596611.173,-54169.47287,-1157399.7563,0.0,0.0,100791.14113,0.0,0.0,0.0,0.0,-574166.57031,0.0,0.0,0.0,-2.8944287243e-08,1.8831398527e-08,-1.2257335854e-09,3.7901717132e-08,0.0,0.0,-7.0158288179e-08,0.0,0.0,0.0,0.0,-1.2200594192e-09,0.24189025592,0.016381823669,0.047545506835,0.025685580389
ls421,ok,,5.836501025,149061716.82,1016580.1842,3072717.743,44998545.233,868022.54397,13211411.439,0.0,0.0,0.0,2407426.5342,-35642121.103,-58029.918252,-1140925.7067,0.0,0.0,164335.0648,0.0,0.0,0.0,0.0,-565027.63757,0.0,0.0,0.0,-1.8827371152e-08,1.8113869387e-08,-8.9870603309e-10,2.4874001373e-08,0.0,0.0,-5.213859125e-08,0.0,0.0,0.0,0.0,-9.2534734188e-10,0.23910982553,0.016150535399,0.053003058699,0.025286416899
ls417mod,ok,,5.7759606849,147515542.67,658173.50184,2087680.3372,45063557.58,561051.93353,12952265.748,0.0,0.0,0.0,2628603.1528,-35380426.413,-274722.23299,-1104709.7779,0.0,0.0,10019.746402,0.0,0.0,0.0,0.0,-550616.37551,0.0,0.0,0.0,-3.4393880818e-08,1.8730115213e-08,2.8615631724e-09,3.7233108565e-08,0.0,0.0,-2.3905014965e-09,0.0,0.0,0.0,0.0,-1.0985866775e-08,0.2398420246,0.017819160647,0.0015733647411,0.024505845449
ls421mod,ok,,5.8477642023,149349373.51,956957.81446,3011655.2738,45059676.904,835978.75808,13280718.16,0.0,0.0,0.0,2073267.6757,-35430333.684,-625521.06644,-1058075.1739,0.0,0.0,36781.595706,0.0,0.0,0.0,0.0,-304540.32435,0.0,0.0,0.0,-2.0604376327e-08,1.815727766e-08,4.4302417767e-09,2.4436467717e-08,0.0,0.0,-7.663264905e-09,0.0,0.0,0.0,0.0,-1.6870543243e-08,0.23723121732,0.013881997808,0.0073334212351,0.02338466874
lwk79100,ok,,5.5912908528,142799154.88,192867.08309,701508.95123,44379742.644,165926.33657,11941446.389,0.0,0.0,0.0,0.74794733545,-34440838.887,0.23568510382,-0.46047671689,0.0,0.0,-48097.198211,0.0,0.0,0.0,0.0,-0.13673010744,0.0,0.0,0.0,-3.6881551531e-14,2.019719929e-08,-4.0112432025e-15,5.1909947039e-14,0.0,0.0,3.5549086814e-07,0.0,0.0,0.0,0.0,-2.2036258505e-14,0.24118377253,5.237757437e-09,-0.068562486804,1.0011720069e-08
lwk80080,ok,,5.5971384144,142948499.07,157748.27662,484472.82202,44557206.475,126398.19358,12013574.898,0.0,0.0,0.0,0.57351002816,-35359058.744,-0.35971165705,-0.23752028776,0.0,0.0,32272.434479,0.0,0.0,0.0,0.0,-0.31253614421,0.0,0.0,0.0,-3.9388064348e-15,2.0589643903e-08,1.4639598609e-14,3.0383272763e-14,0.0,0.0,-4.2227725076e-07,0.0,0.0,0.0,0.0,1.1239782388e-13,0.24735522914,4.0120045463e-09,0.066613508565,4.7929089165e-09
lwk80100,ok,,5.6187463641,143500356.78,244309.70785,751157.48752,44594927.616,197425.15354,12118339.018,0.0,0.0,0.0,-48.079454959,-35323363.878,99.619904867,-17.355549752,0.0,0.0,48460.37516,0.0,0.0,0.0,0.0,-11.962113841,0.0,0.0,0.0,4.1455183293e-12,2.031262152e-08,-3.1147496922e-12,2.1828831837e-12,0.0,0.0,-2.6406755679e-07,0.0,0.0,0.0,0.0,9.9466967764e-12,0.24615523383,-3.350476336e-07,0.064514267652,5.3329955288e-07
lwk80120k25,ok,,5.6439209411,144143304.61,349443.43215,1072137.2503,44629067.937,284575.89424,12238509.977,0.0,0.0,0.0,0.2177080014,-35294560.561,-0.53687325698,-0.33943818511,0.0,0.0,69251.00874,0.0,0.0,0.0,0.0,-0.29318672352,0.0,0.0,0.0,1.155733127e-14,2.0007128357e-08,9.9580424026e-15,1.9541786995e-14,0.0,0.0,-1.8484122424e-07,0.0,0.0,0.0,0.0,6.8875714428e-14,0.24485744,1.5103580565e-09,0.064591551804,6.8287491181e-09
m1,ok,,5.5924196374,142827983.54,97219.571662,293909.81954,44632931.656,74831.884799,12012852.832,0.0,0.0,0.0,0.49271318003,-35541719.527,0.25413896437,-0.34898948297,0.0,0.0,12395.328699,0.0,0.0,0.0,0.0,-0.12120075642,0.0,0.0,0.0,-4.6488872914e-14,2.0714715543e-08,-2.2869321183e-14,8.2897302498e-14,0.0,0.0,-4.3380069996e-07,0.0,0.0,0.0,0.0,-1.5655977129e-15,0.24884282929,3.4496963956e-09,0.042173918237,8.0592402408e-09
lwk80150k25,ok,,5.6916244446,145361631.5,531868.07976,1631957.7662,44685328.304,441903.87758,12465591.102,0.0,0.0,0.0,-0.78343760538,-35303506.599,-3.1507662404,-0.79888371956,0.0,0.0,99456.027229,0.0,0.0,0.0,0.0,-0.64469253349,0.0,0.0,0.0,4.9008724326e-14,1.9482970774e-08,4.1649692078e-14,2.5534352795e-14,0.0,0.0,-1.1458249251e-07,0.0,0.0,0.0,0.0,1.5157472508e-13,0.24286674713,-5.3895763091e-09,0.060942770266,1.3580907189e-08
m10,ok,,5.5984437842,142981837.66,98619.232554,326776.58812,44625846.891,80212.197617,12036291.983,0.0,0.0,0.0,1598463.023,-35536710.136,-436617.59619,-999083.52052,0.0,0.0,23879.921553,0.0,0.0,0.0,0.0,-268623.62921,0.0,0.0,0.0,-1.7247866503e-07,2.249546705e-08,2.0327464992e-08,2.2275447859e-07,0.0,0.0,-4.3761011321e-07,0.0,0.0,0.0,0.0,-1.332616161e-07,0.24854002941,0.011179482998,0.043156773523,0.021967875727
m11,ok,,5.5911866778,142796494.29,166968.63334,541333.00075,44474354.476,134268.95907,11966285.448,0.0,0.0,0.0,1538682.2059,-34956210.837,-501529.24944,-979841.35658,0.0,0.0,32082.595759,0.0,0.0,0.0,0.0,-231121.84296,0.0,0.0,0.0,-1.0241503419e-07,2.1706160937e-08,1.580701161e-08,1.2934356167e-07,0.0,0.0,-2.3265834508e-07,0.0,0.0,0.0,0.0,-9.0585362025e-08,0.24479740214,0.010775350008,0.038846645913,0.021596317724
m12,ok,,5.666086444,144709401.99,358787.63827,1102899.0542,44817139.822,287833.79997,12388207.781,0.0,0.0,0.0,1864392.8717,-35415644.954,-383282.60717,-1062144.2464,0.0,0.0,62963.429088,0.0,0.0,0.0,0.0,-340251.14716,0.0,0.0,0.0,-5.2720891831e-08,2.0251212884e-08,4.5842121209e-09,6.4894921078e-08,0.0,0.0,-1.3614911845e-07,0.0,0.0,0.0,0.0,-3.2541162032e-08,0.24473630924,0.012883702414,0.048848620661,0.023283495469
m13,ok,,5.6175074712,143468715.99,99646.979636,420278.79368,44616529.651,93583.818816,12115033.482,0.0,0.0,0.0,3415045.8008,-35562129.74,-767344.8572,-2047476.6818,0.0,0.0,56379.732379,0.0,0.0,0.0,0.0,-615087.79698,0.0,0.0,0.0,-3.048535987e-07,2.6292774351e-08,1.8177727884e-08,4.519809112e-07,0.0,0.0,-5.0499683746e-07,0.0,0.0,0.0,0.0,-2.0410860589e-07,0.24787375767,0.02380341789,0.050321409578,0.045038532654
m14,ok,,5.636528604,143954507.51,168316.13053,627913.85501,44666828.605,148771.62255,12214328.861,0.0,0.0,0.0,3515328.7757,-35514885.564,-736886.58349,-2087060.228,0.0,0.0,66004.231437,0.0,0.0,0.0,0.0,-644667.80347,0.0,0.0,0.0,-1.9430836302e-07,2.3747425379e-08,1.2566542698e-08,2.7275271787e-07,0.0,0.0,-2.9856679676e-07,0.0,0.0,0.0,0.0,-1.2249748707e-07,0.2467090901,0.024419720066,0.050253607936,0.045908682065
m16,ok,,5.6236025534,143624381.76,97752.229944,434746.16197,44625791.138,94807.408597,12140233.389,0.0,0.0,0.0,3170262.995,-35626127.172,-1151010.3838,-2078147.78,0.0,0.0,73025.602521,0.0,0.0,0.0,0.0,-440989.06897,0.0,0.0,0.0,-3.0706946054e-07,2.9192262433e-08,3.8605928314e-08,4.6494425922e-07,0.0,0.0,-4.5593134255e-07,0.0,0.0,0.0,0.0,-3.0008830537e-07,0.24805069122,0.022073292544,0.044568305436,0.045449338139
m15,ok,,5.6843101749,145174828.21,364288.30319,1202114.0145,44784114.328,306353.42328,12459993.598,0.0,0.0,0.0,3292928.3923,-35455770.064,-856421.97732,-2008352.644,0.0,0.0,100402.40989,0.0,0.0,0.0,0.0,-545652.5158,0.0,0.0,0.0,-9.0551522542e-08,2.1489621162e-08,9.7003207841e-09,1.2044322663e-07,0.0,0.0,-1.4148429884e-07,0.0,0.0,0.0,0.0,-6.7739617898e-08,0.24422808349,0.022682502421,0.05154107515,0.04387605866
m2,ok,,5.6106269771,143292991.14,159808.52832,478705.74977,44692843.973,124208.43575,12108622.245,0.0,0.0,0.0,0.044470148124,-35504215.781,0.075312043372,0.037668575897,0.0,0.0,27461.90241,0.0,0.0,0.0,0.0,-0.029752267812,0.0,0.0,0.0,5.8769228965e-16,2.0462573169e-08,-3.2522700938e-15,-4.6691069594e-15,0.0,0.0,-3.5897319755e-07,0.0,0.0,0.0,0.0,1.245600223e-14,0.24777356867,3.1034419597e-10,0.057366978405,-7.4616311173e-10
m17,ok,,5.6390407031,144018665.44,167183.94064,637311.37761,44649929.88,149864.98392,12218397.637,0.0,0.0,0.0,3181250.7229,-35509564.79,-1167282.0431,-2075058.8195,0.0,0.0,83822.995641,0.0,0.0,0.0,0.0,-435317.65077,0.0,0.0,0.0,-1.9427319101e-07,2.5750935871e-08,2.8472950814e-08,2.7092667165e-07,0.0,0.0,-2.7702594165e-07,0.0,0.0,0.0,0.0,-1.9062681156e-07,0.24656224026,0.022089155688,0.046314288586,0.045294588592
m18,ok,,5.6877481012,145262631.36,361143.4152,1211220.742,44763002.389,306826.8573,12468560.981,0.0,0.0,0.0,3355954.6032,-35437308.502,-1043258.3436,-2082186.4478,0.0,0.0,107987.18676,0.0,0.0,0.0,0.0,-500165.68514,0.0,0.0,0.0,-9.5556849883e-08,2.2021387244e-08,1.3077235032e-08,1.257068456e-07,0.0,0.0,-1.3579232905e-07,0.0,0.0,0.0,0.0,-8.3261007163e-08,0.24395337032,0.023102669776,0.049040505472,0.045398199535
m19,ok,,5.6495474859,144287004.13,96730.237648,619416.32553,44535797.361,117413.48993,12226587.781,0.0,0.0,0.0,4816739.2937,-35542283.295,-1540956.0892,-3088131.5718,0.0,0.0,134147.33527,0.0,0.0,0.0,0.0,-713814.7318,0.0,0.0,0.0,-3.6500083548e-07,3.4310352478e-08,2.5107156512e-08,7.0202765172e-07,0.0,0.0,-4.5286022353e-07,0.0,0.0,0.0,0.0,-3.2927412244e-07,0.24633045442,0.03338304321,0.043805277044,0.067907301587
m20,ok,,5.6721370789,144863932.59,168785.31667,814588.51321,44602763.519,175277.61518,12350043.629,0.0,0.0,0.0,5032522.2299,-35529596.532,-1459744.1478,-3123999.0723,0.0,0.0,140531.18222,0.0,0.0,0.0,0.0,-786243.01516,0.0,0.0,0.0,-2.4869673683e-07,2.8920230541e-08,2.1153637032e-08,4.0633383051e-07,0.0,0.0,-2.7737539586e-07,0.0,0.0,0.0,0.0,-2.0697813525e-07,0.24526185295,0.034739649407,0.046816894026,0.068583184256
m21,ok,,5.7198398825,146082241.6,360793.58815,1368152.2376,44701130.815,332255.64554,12594499.932,0.0,0.0,0.0,4891823.1651,-35464300.827,-1547876.3565,-3074860.8607,0.0,0.0,174669.18855,0.0,0.0,0.0,0.0,-711912.57711,0.0,0.0,0.0,-1.2823445304e-07,2.4154463841e-08,1.6061960157e-08,1.8611679169e-07,0.0,0.0,-1.3771498617e-07,0.0,0.0,0.0,0.0,-1.1367232303e-07,0.24276941836,0.033486775062,0.049686684004,0.06714974509
m22,ok,,5.6628525977,144626810.95,100663.39305,663976.24799,44565020.504,124472.91047,12288217.978,0.0,0.0,0.0,4729738.4341,-35616407.742,-1860074.1656,-3147678.768,0.0,0.0,159236.57755,0.0,0.0,0.0,0.0,-591295.98649,0.0,0.0,0.0,-3.5448398807e-07,3.6664666148e-08,3.4385862507e-08,6.8565154867e-07,0.0,0.0,-4.1256836766e-07,0.0,0.0,0.0,0.0,-3.7492676242e-07,0.24626421276,0.032703054178,0.041530531753,0.069020011338
m23,ok,,5.681495232,145102935.78,169222.30534,848217.9818,44594913.188,180135.20873,12386043.027,0.0,0.0,0.0,4829168.8414,-35586928.097,-1913093.3526,-3179046.0625,0.0,0.0,175001.21186,0.0,0.0,0.0,0.0,-599151.46996,0.0,0.0,0.0,-2.4866404567e-07,3.1621447513e-08,3.2039556434e-08,4.105905336e-07,0.0,0.0,-2.6678219113e-07,0.0,0.0,0.0,0.0,-2.6229224292e-07,0.24525298476,0.033280986463,0.045145497405,0.069481076644
m24,ok,,5.7242132425,146193935.33,355503.82898,1379560.9879,44661301.938,332684.94001,12601216.836,0.0,0.0,0.0,4824775.5722,-35480518.182,-1922487.2152,-3132643.8517,0.0,0.0,200264.32409,0.0,0.0,0.0,0.0,-580399.47729,0.0,0.0,0.0,-1.3316414144e-07,2.5558087757e-08,2.2153384111e-08,1.9196355847e-07,0.0,0.0,-1.3260174195e-07,0.0,0.0,0.0,0.0,-1.4086729281e-07,0.24269487036,0.033002569917,0.047140426994,0.068243780061
m26,ok,,5.720960664,146110865.88,166795.42269,1117766.8269,44455823.207,214237.04184,12521168.689,0.0,0.0,0.0,6465955.3385,-35575097.755,-2230049.0927,-4155670.5609,0.0,0.0,259135.04817,0.0,0.0,0.0,0.0,-874626.28607,0.0,0.0,0.0,-2.6941566897e-07,3.461124044e-08,2.0345676797e-08,5.4840462924e-07,0.0,0.0,-2.6819789802e-07,0.0,0.0,0.0,0.0,-2.6084103363e-07,0.24348016516,0.044253761002,0.044734181767,0.091471381942
m25,ok,,5.7041105463,145680521.15,100176.04562,961111.16112,44460884.508,157794.44314,12440069.587,0.0,0.0,0.0,6417755.4085,-35575976.924,-2203983.4501,-4146067.244,0.0,0.0,245256.00503,0.0,0.0,0.0,0.0,-868066.63267,0.0,0.0,0.0,-3.6527009345e-07,4.0289594709e-08,1.4420683874e-08,9.1304289589e-07,0.0,0.0,-4.0623592062e-07,0.0,0.0,0.0,0.0,-3.5618620216e-07,0.24420544795,0.044053627472,0.040695108117,0.091465026793
m27,ok,,5.7662677983,147267990.53,356832.47539,1614874.7175,44550124.18,370509.22706,12758618.856,0.0,0.0,0.0,6666800.8146,-35530600.282,-2293044.0571,-4179219.1782,0.0,0.0,300601.57433,0.0,0.0,0.0,0.0,-891972.8346,0.0,0.0,0.0,-1.5835277502e-07,2.789355766e-08,1.8449681788e-08,2.5603818639e-07,0.0,0.0,-1.4692469987e-07,0.0,0.0,0.0,0.0,-1.5156846882e-07,0.24126492223,0.04526985661,0.052427504352,0.091362739844
m3,ok,,5.6610614782,144581066.53,356981.23444,1072256.9675,44835818.224,281855.89692,12370952.074,0.0,0.0,0.0,0.10668225096,-35405522.881,0.65455873081,0.17062074177,0.0,0.0,48190.606039,0.0,0.0,0.0,0.0,-0.12111145202,0.0,0.0,0.0,4.0531167399e-15,1.9795043665e-08,-1.3218725609e-14,-8.8221178261e-15,0.0,0.0,-1.2589779504e-07,0.0,0.0,0.0,0.0,2.7241603331e-14,0.24488353649,7.3787151747e-10,0.044943150288,-3.1493305119e-09
m4,ok,,5.6046918502,143141410.56,101839.21242,344464.67255,44651221.124,83805.70612,12068155.233,0.0,0.0,0.0,1548621.9592,-35586398.103,-772444.6954,-1077582.7245,0.0,0.0,34353.11122,0.0,0.0,0.0,0.0,-157881.34133,0.0,0.0,0.0,-1.8487747047e-07,2.4088477819e-08,3.9769663527e-08,2.2930111787e-07,0.0,0.0,-4.4757919915e-07,0.0,0.0,0.0,0.0,-2.2456607132e-07,0.248610084,0.010818825615,0.045581113138,0.023351845252
m5,ok,,5.6275256148,143724575.05,175206.82878,560315.00304,44740797.754,140934.82298,12194008.218,0.0,0.0,0.0,1395052.7761,-35610908.427,-716885.17156,-994622.93665,0.0,0.0,42465.183872,0.0,0.0,0.0,0.0,-132244.27848,0.0,0.0,0.0,-9.9618704214e-08,2.2069444283e-08,2.2795053565e-08,1.2258692838e-07,0.0,0.0,-2.7011253851e-07,0.0,0.0,0.0,0.0,-1.24179851e-07,0.24777188184,0.0097064317329,0.047325561285,0.02147806697
m6,ok,,5.672834391,144881741.64,365404.64488,1129369.0586,44833869.431,294551.02229,12421992.229,0.0,0.0,0.0,1578974.8283,-35475479.336,-738802.13124,-1074135.8166,0.0,0.0,74508.395792,0.0,0.0,0.0,0.0,-164297.30793,0.0,0.0,0.0,-5.1866193862e-08,2.0646740139e-08,1.1407351679e-08,6.3316092606e-08,0.0,0.0,-1.376072715e-07,0.0,0.0,0.0,0.0,-6.0763331495e-08,0.24485817836,0.010898370011,0.050282336173,0.023135994334
m665,ok,,5.5885288924,142728615.66,155135.36723,489970.39487,44494191.884,122947.86611,11959328.25,0.0,0.0,0.0,1011760.6556,-34948603.037,-485964.76591,-706502.81985,0.0,0.0,31032.384273,0.0,0.0,0.0,0.0,-105669.87799,0.0,0.0,0.0,-8.1306836804e-08,2.1443376909e-08,1.7580083014e-08,9.9015061599e-08,0.0,0.0,-3.066924991e-07,0.0,0.0,0.0,0.0,-9.662192949e-08,0.24486051991,0.0070887022266,0.047578853475,0.015360737942
m685,ok,,5.6261790885,143690185.49,265492.63645,830559.56934,44625059.339,212183.77749,12159207.752,0.0,0.0,0.0,1333404.5938,-34995775.439,-630030.92416,-921232.41689,0.0,0.0,54761.444371,0.0,0.0,0.0,0.0,-138126.0096,0.0,0.0,0.0,-6.1341219359e-08,2.097662856e-08,1.32240646e-08,7.5099248463e-08,0.0,0.0,-1.8930908884e-07,0.0,0.0,0.0,0.0,-7.2335632433e-08,0.2435502141,0.009279719344,0.050260169101,0.01993829747
m7,ok,,5.6381724311,143996490.15,98569.434289,468727.29637,44670218.862,99645.026822,12211028.973,0.0,0.0,0.0,3792499.0302,-35547364.746,-1681788.2137,-2420752.5943,0.0,0.0,109884.12119,0.0,0.0,0.0,0.0,-433129.99667,0.0,0.0,0.0,-3.659297239e-07,3.5353353483e-08,5.9090042579e-08,5.3540291388e-07,0.0,0.0,-4.0231037558e-07,0.0,0.0,0.0,0.0,-4.134695265e-07,0.24686271665,0.026337440769,0.03965550613,0.052774362338
m8,ok,,5.7204314671,146097350.41,169778.68091,1387328.5045,44304482.727,231848.55402,12485517.221,0.0,0.0,0.0,6848476.9236,-34271812.344,-1843454.7771,-4195421.6487,0.0,0.0,39589.532184,0.0,0.0,0.0,0.0,-1033272.8765,0.0,0.0,0.0,-2.4820403801e-07,3.0249421945e-08,8.6709947167e-08,5.8265662456e-07,0.0,0.0,5.7335633767e-07,0.0,0.0,0.0,0.0,-1.9803329671e-07,0.23458202526,0.046876119961,-0.097343682698,0.098922673139
m9,ok,,5.6779436551,145012230.04,138587.26326,1121633.3226,44282044.428,184547.29064,12290272.229,0.0,0.0,0.0,6007426.6158,-34274077.348,-1624774.6265,-3701694.1244,0.0,0.0,20981.800111,0.0,0.0,0.0,0.0,-921849.1237,0.0,0.0,0.0,-2.7600140337e-07,3.0465856007e-08,9.7351551792e-08,6.3117045465e-07,0.0,0.0,7.3896620811e-07,0.0,0.0,0.0,0.0,-2.1957420299e-07,0.23635301201,0.041427034217,-0.10241130442,0.087472185959
ma409,ok,,5.5958476172,142915532.67,103826.0544,444059.12184,44453499.64,96118.420587,11981705.524,0.0,0.0,0.0,4501225.6259,-35297779.44,-730958.47503,-2360064.3835,0.0,0.0,45934.186257,0.0,0.0,0.0,0.0,-913732.65122,0.0,0.0,0.0,-3.7004767534e-07,2.6735727508e-08,2.8875185061e-08,5.0894372316e-07,0.0,0.0,-1.5431308873e-07,0.0,0.0,0.0,0.0,-1.7192173911e-07,0.24698350684,0.031495706183,0.016021719145,0.052841618687
ma409sm,ok,,5.6009987308,143047089.89,102885.5523,437196.97185,44520689.09,95182.723792,12021880.228,0.0,0.0,0.0,3200787.9698,-35198592.628,34566.22215,-1761312.4416,0.0,0.0,4560.488314,0.0,0.0,0.0,0.0,-796188.46899,0.0,0.0,0.0,-2.3323424527e-07,2.0301225933e-08,-6.9910141576e-09,3.8462361627e-07,0.0,0.0,-1.3178785547e-07,0.0,0.0,0.0,0.0,7.5096053671e-09,0.24606297588,0.022375764319,0.013559066295,0.039572213185
marsden,ok,,6.0360932546,154159216.21,1372776.1821,5001581.1811,44405209.056,1395402.062,13957058.214,0.0,0.0,0.0,10439684.423,-34924939.478,-1006557.7179,-4564216.4416,0.0,0.0,-10536.025987,0.0,0.0,0.0,0.0,-2020753.1842,0.0,0.0,0.0,-5.2503936288e-08,1.753933498e-08,6.2480871001e-09,7.5294217254e-08,0.0,0.0,1.6601909939e-08,0.0,0.0,0.0,0.0,-1.768196426e-08,0.22655109656,0.067720144659,-0.022790706543,0.1033621081
marske1,ok,,5.6910246875,145346313.96,384618.88497,1391039.5327,44663538.086,338622.94563,12455304.14,0.0,0.0,0.0,1737304.8169,-34510109.067,-1517573.0233,-1101907.9595,0.0,0.0,-44137.992206,0.0,0.0,0.0,0.0,45133.341621,0.0,0.0,0.0,-6.1011669066e-08,2.1334170771e-08,2.8493948273e-08,6.940514514e-08,0.0,0.0,1.5237904032e-07,0.0,0.0,0.0,0.0,-1.0850303162e-07,0.23743367222,0.011952864642,-0.058607856581,0.026694529535
marske2,ok,,5.6666810714,144724588.51,350077.41384,1128630.9119,44756993.594,285846.36337,12375727.343,0.0,0.0,0.0,1578807.9587,-34707056.606,-1341869.6908,-842293.70064,0.0,0.0,19851.589135,0.0,0.0,0.0,0.0,9714.5657016,0.0,0.0,0.0,-6.4451193101e-08,2.142182704e-08,2.6824606881e-08,5.4218736119e-08,0.0,0.0,1.3717089821e-08,0.0,0.0,0.0,0.0,-1.0977509737e-07,0.23981451226,0.010909051288,-0.0048020433298,0.018980754922
marske3,ok,,5.6650948526,144684077.17,352464.97437,1137424.7636,44734575.785,287931.44769,12362365.369,0.0,0.0,0.0,1667172.3044,-34743384.908,-1394748.0055,-903064.65483,0.0,0.0,26559.995596,0.0,0.0,0.0,0.0,4900.7152173,0.0,0.0,0.0,-6.7313952058e-08,2.1654928475e-08,2.749327115e-08,5.7457824726e-08,0.0,0.0,4.0472298629e-09,0.0,0.0,0.0,0.0,-1.1384796017e-07,0.24013274707,0.011522845755,-0.0014265067699,0.020251870719
marske4,ok,,5.6448960064,144168207.36,252812.29689,833735.55225,44720947.32,205627.89259,12268680.069,0.0,0.0,0.0,1654638.9774,-34661635.679,-1430568.0644,-894827.34376,0.0,0.0,13416.876045,0.0,0.0,0.0,0.0,12949.02012,0.0,0.0,0.0,-9.4897962436e-08,2.2799930361e-08,3.9856710143e-08,8.1541409486e-08,0.0,0.0,7.2215843196e-08,0.0,0.0,0.0,0.0,-1.6282239114e-07,0.24042496133,0.011477141929,-0.018257053191,0.020614671024
marske5,ok,,5.6876303903,145259625.08,362653.38708,1182008.3888,44854431.353,297871.31229,12496075.436,0.0,0.0,0.0,2015871.6506,-34632210.721,-1716423.3306,-1073582.684,0.0,0.0,24432.907124,0.0,0.0,0.0,0.0,19543.374595,0.0,0.0,0.0,-7.8549268238e-08,2.2259817993e-08,3.3328321319e-08,6.7590549701e-08,0.0,0.0,3.8926428128e-08,0.0,0.0,0.0,0.0,-1.3437115413e-07,0.23841594457,0.013877714813,-0.014116801008,0.024511941784
marske7,ok,,5.6622669514,144611853.79,333020.81586,1100179.7119,44604557.814,285745.96708,12310438.299,0.0,0.0,0.0,2094096.0327,-35594428.516,-1010661.7559,-1538788.0428,0.0,0.0,115199.46397,0.0,0.0,0.0,0.0,-217762.4018,0.0,0.0,0.0,-7.1475669468e-08,2.1735568977e-08,1.3395046065e-08,9.8680134476e-08,0.0,0.0,-2.1909473346e-07,0.0,0.0,0.0,0.0,-8.4622655987e-08,0.24613769606,0.014480804842,0.072963106889,0.032862538892
mb253515sm,ok,,5.662504072,144617909.75,506475.53999,1620279.7713,44432853.085,424202.51744,12269432.674,0.0,0.0,0.0,2282429.8903,-35099669.838,-474952.56152,-1299021.8765,0.0,0.0,98077.617872,0.0,0.0,0.0,0.0,-413384.15915,0.0,0.0,0.0,-4.3755330031e-08,2.0285455791e-08,3.6547736332e-09,5.6633866678e-08,0.0,0.0,-1.0258002057e-07,0.0,0.0,0.0,0.0,-2.7009275204e-08,0.24270624502,0.015782484301,0.051954271311,0.028683668208
mh102,ok,,5.7184592868,146046981.79,576356.383,2012532.4039,44595622.276,507251.69796,12562552.935,0.0,0.0,0.0,2925725.1185,-34506939.885,-416276.18926,-1583078.3997,0.0,0.0,-54759.698783,0.0,0.0,0.0,0.0,-567304.45609,0.0,0.0,0.0,-4.4085080897e-08,1.9244688247e-08,6.7856401543e-09,6.2156482792e-08,0.0,0.0,5.9944595659e-08,0.0,0.0,0.0,0.0,-1.9453499818e-08,0.23627287234,0.020032766734,-0.034549450334,0.035824285602
mh104,ok,,5.6686483761,144774832.63,459784.27422,1583225.123,44474463.559,396900.39998,12306764.914,0.0,0.0,0.0,1522607.8683,-34598983.82,-768959.65493,-952296.00992,0.0,0.0,-28285.685113,0.0,0.0,0.0,0.0,-136593.01051,0.0,0.0,0.0,-3.7609060396e-08,2.0120653837e-08,1.2267215188e-08,4.764757292e-08,0.0,0.0,6.146372893e-08,0.0,0.0,0.0,0.0,-4.6531749826e-08,0.23898479585,0.010517075659,-0.028260055997,0.021907604733
mh106,ok,,5.6320430307,143839947.92,336376.79365,1157745.8991,44457382.383,285220.73888,12140932.768,0.0,0.0,0.0,581123.0489,-34623172.123,-532290.7989,-398814.37824,0.0,0.0,-37189.396604,0.0,0.0,0.0,0.0,15446.701541,0.0,0.0,0.0,-2.4959255002e-08,2.0148705648e-08,1.1355121719e-08,2.7962759882e-08,0.0,0.0,1.077420733e-07,0.0,0.0,0.0,0.0,-4.485520011e-08,0.24070623373,0.0040400671531,-0.036241933156,0.0094060235106
mh108,ok,,5.6250865749,143662283.03,285997.26416,1003489.1259,44492665.948,242136.2221,12119942.916,0.0,0.0,0.0,591055.90762,-34521461.368,-596367.19917,-409351.35661,0.0,0.0,-49747.941321,0.0,0.0,0.0,0.0,32052.590523,0.0,0.0,0.0,-3.1241715985e-08,2.0279490197e-08,1.5269821121e-08,3.4755247072e-08,0.0,0.0,1.9242704041e-07,0.0,0.0,0.0,0.0,-5.9318591468e-08,0.24029592625,0.0041142037782,-0.055033607107,0.0099399055778
mh110,ok,,5.5952935429,142901381.85,199580.41229,710725.79903,44403077.593,168126.38978,11965587.444,0.0,0.0,0.0,288185.02185,-34565930.376,-745577.28812,-254090.27061,0.0,0.0,-36454.446935,0.0,0.0,0.0,0.0,144961.89186,0.0,0.0,0.0,-3.7802550811e-08,2.0900214772e-08,2.554423048e-08,3.3500635773e-08,0.0,0.0,2.8700270828e-07,0.0,0.0,0.0,0.0,-1.0670909131e-07,0.24188660689,0.0020166706445,-0.057280118848,0.0066860706995
mh112,ok,,5.77606303,147518156.52,569069.4352,2258440.8948,44554713.575,551721.77958,12811805.489,0.0,0.0,0.0,7550743.12,-34758083.233,-238650.29292,-3893401.3045,0.0,0.0,45347.309048,0.0,0.0,0.0,0.0,-1707606.5154,0.0,0.0,0.0,-9.5153591445e-08,1.892236374e-08,7.0751211268e-10,1.5345978962e-07,0.0,0.0,-1.9056461412e-08,0.0,0.0,0.0,0.0,-1.0114117474e-08,0.23561901838,0.051185178137,0.010844449733,0.087329275805
mh113,ok,,5.7336144446,146434037.97,463417.72924,1874765.7594,44500982.296,447471.19375,12605955.56,0.0,0.0,0.0,7070650.7167,-34767844.234,-231121.0235,-3657520.5209,0.0,0.0,40810.049372,0.0,0.0,0.0,0.0,-1610139.4183,0.0,0.0,0.0,-1.1079374268e-07,1.9438678687e-08,7.081802883e-10,1.7723003983e-07,0.0,0.0,-2.5107216827e-08,0.0,0.0,0.0,0.0,-1.2169491736e-08,0.23743007238,0.048285568128,0.011635129409,0.082131542613
mh114,ok,,5.6970125989,145499242.63,370738.10533,1538247.7986,44438143.059,359302.4902,12425208.451,0.0,0.0,0.0,6759812.6863,-34819689.723,-188187.71626,-3495329.9838,0.0,0.0,46409.415633,0.0,0.0,0.0,0.0,-1562415.0231,0.0,0.0,0.0,-1.3226556678e-07,1.9849129334e-08,-1.601516853e-09,2.1192999034e-07,0.0,0.0,-5.5421992671e-08,0.0,0.0,0.0,0.0,-1.2384195945e-08,0.23931182797,0.046459435554,0.020547044556,0.078570523083
mh115,ok,,5.6468808995,144218900.43,266368.74352,1124423.3196,44367591.27,255495.6154,12184061.532,0.0,0.0,0.0,5661844.5968,-34656554.465,-183589.64909,-2961589.0942,0.0,0.0,23276.276735,0.0,0.0,0.0,0.0,-1306829.6091,0.0,0.0,0.0,-1.5780247099e-07,2.0419353278e-08,1.2252619011e-09,2.5044903451e-07,0.0,0.0,-3.6796757596e-08,0.0,0.0,0.0,0.0,-1.7263617376e-08,0.2403052191,0.039258686483,0.0098015060865,0.066711794639
mh116,ok,,5.6041698192,143128078.12,221190.35344,852843.91464,44294595.883,199081.76696,11977009.27,0.0,0.0,0.0,4000443.642,-34623670.575,-118936.18433,-2151661.2677,0.0,0.0,24647.850471,0.0,0.0,0.0,0.0,-933188.11478,0.0,0.0,0.0,-1.4389878104e-07,2.0612845511e-08,-1.7048572048e-09,2.1934547314e-07,0.0,0.0,-1.0003245191e-07,0.0,0.0,0.0,0.0,-1.4488663754e-08,0.24190690624,0.027950096826,0.022126213394,0.048517102731
mh117,ok,,5.5903501027,142775128.54,209751.60495,767762.21906,44305660.322,181317.41933,11919359.624,0.0,0.0,0.0,2620564.026,-34414642.76,-163912.51966,-1445115.6947,0.0,0.0,-7474.5700113,0.0,0.0,0.0,0.0,-584118.92409,0.0,0.0,0.0,-1.0652951516e-07,2.0647897113e-08,7.4203402635e-09,1.5579946782e-07,0.0,0.0,7.961279304e-08,0.0,0.0,0.0,0.0,-2.1999080007e-08,0.24104088095,0.018354485496,-0.016698911114,0.032679188426
mh120,ok,,5.5660254579,142153887.59,144997.88043,512138.98812,44237647.229,123606.91011,11795339.86,0.0,0.0,0.0,2522298.6912,-34759302.788,481626.79091,-1167321.6263,0.0,0.0,15084.991492,0.0,0.0,0.0,0.0,-755696.40942,0.0,0.0,0.0,-1.2022437694e-07,1.9316610708e-08,-3.1356501951e-08,1.8608250153e-07,0.0,0.0,-3.7425889904e-07,0.0,0.0,0.0,0.0,9.5300587079e-08,0.24451883361,0.017743438001,0.054266747092,0.026981568307
mh18,ok,,5.6050563767,143150720.41,286627.65631,986167.11557,44281132.404,244407.34475,11976305.044,0.0,0.0,0.0,2372036.1482,-34660473.661,-737579.19185,-1551013.0053,0.0,0.0,62781.720015,0.0,0.0,0.0,0.0,-362986.73656,0.0,0.0,0.0,-8.5258042969e-08,2.1728512025e-08,1.2394482606e-08,1.2006001225e-07,0.0,0.0,-1.306471431e-07,0.0,0.0,0.0,0.0,-7.220268743e-08,0.24212573686,0.016570200565,0.03744708443,0.034412519929
mh126,ok,,5.9310306509,151475962.67,1382194.922,4644369.9967,44293536.086,1301037.5934,13442463.276,0.0,0.0,0.0,7865261.621,-34835851.705,-682064.89436,-4006633.396,0.0,0.0,303805.135,0.0,0.0,0.0,0.0,-1589099.8657,0.0,0.0,0.0,-4.278726665e-08,1.7812827174e-08,-6.5488796568e-11,6.4880641426e-08,0.0,0.0,-3.7702367396e-08,0.0,0.0,0.0,0.0,-1.2563352476e-08,0.22997610374,0.051924156694,0.052112020761,0.089677693114
mh122,ok,,5.5910769185,142793691.09,200690.54011,711565.4919,44301418.383,173145.6202,11921052.358,0.0,0.0,0.0,3367350.2623,-34901860.792,381711.47652,-1630226.2438,0.0,0.0,35930.25457,0.0,0.0,0.0,0.0,-936150.21104,0.0,0.0,0.0,-1.2279202673e-07,1.9340173775e-08,-2.5199113976e-08,1.8638875916e-07,0.0,0.0,-3.4994674838e-07,0.0,0.0,0.0,0.0,5.4793041209e-08,0.24442158842,0.023581926041,0.070231001944,0.037406460747
mh121,ok,,5.5758260425,142404190.41,175094.01353,611812.02137,44250901.541,149385.44161,11841451.271,0.0,0.0,0.0,2823485.7429,-34845906.888,439743.42963,-1343346.4863,0.0,0.0,30266.724859,0.0,0.0,0.0,0.0,-819070.62484,0.0,0.0,0.0,-1.1497985713e-07,1.9422226264e-08,-2.8891731939e-08,1.7744183758e-07,0.0,0.0,-4.0712584411e-07,0.0,0.0,0.0,0.0,7.2456688111e-08,0.24469720158,0.01982726586,0.071285298056,0.03106900351
mh20,ok,,5.5700323646,142256222.26,179323.63374,634404.31759,44220983.502,152383.69292,11808312.49,0.0,0.0,0.0,1634925.5908,-34470970.762,-620302.11074,-1105800.3809,0.0,0.0,15295.253744,0.0,0.0,0.0,0.0,-219326.42287,0.0,0.0,0.0,-9.9217693059e-08,2.2011701145e-08,2.2159223443e-08,1.3950240894e-07,0.0,0.0,1.926991631e-09,0.0,0.0,0.0,0.0,-9.8278819762e-08,0.24231608441,0.011492823054,-0.00034555514147,0.025016078887
mh201,ok,,5.6354119546,143925988.79,397790.4507,1295878.7665,44400203.423,332318.96315,12141863.681,0.0,0.0,0.0,2940051.1436,-34668111.711,18352.335315,-1355351.8325,0.0,0.0,52764.148518,0.0,0.0,0.0,0.0,-713439.84076,0.0,0.0,0.0,-6.1155827949e-08,1.9811882159e-08,-3.4784470476e-09,7.6781170089e-08,0.0,0.0,-1.0344438367e-07,0.0,0.0,0.0,0.0,1.3026769218e-09,0.2408745773,0.020427520897,0.041149188003,0.030542816255
mh200,ok,,5.619125744,143510045.98,393121.41861,1261473.5881,44300004.845,325767.29203,12043611.328,0.0,0.0,0.0,2270198.3804,-34665163.622,-31328.005516,-1098035.2158,0.0,0.0,76021.527089,0.0,0.0,0.0,0.0,-539570.15201,0.0,0.0,0.0,-4.910131551e-08,2.0092350296e-08,-3.1938472318e-09,6.2942833249e-08,0.0,0.0,-1.5173042339e-07,0.0,0.0,0.0,0.0,-2.2432506845e-09,0.24155217418,0.015819090329,0.059648479289,0.024744175898
mh22,ok,,5.5471937028,141672932.7,109199.60809,406087.03337,44169145.171,93657.452598,11696402.265,0.0,0.0,0.0,1520783.7971,-34368202.593,-457498.42488,-961675.60327,0.0,0.0,-3968.3422686,0.0,0.0,0.0,0.0,-238075.87037,0.0,0.0,0.0,-1.435760792e-07,2.2349441123e-08,3.2457746556e-08,2.0265858545e-07,0.0,0.0,3.1410463109e-07,0.0,0.0,0.0,0.0,-1.1944674016e-07,0.24258834725,0.010734469656,-0.034300102616,0.022130238108
mh23,ok,,5.5666469962,142169761.41,172256.37411,527622.98443,44319205.56,133734.0515,11820639.733,0.0,0.0,0.0,1249959.1027,-34731294.91,-264181.79225,-723989.82655,0.0,0.0,52843.763282,0.0,0.0,0.0,0.0,-232743.75002,0.0,0.0,0.0,-7.6961614168e-08,2.1140360936e-08,2.8679945735e-09,9.1654894357e-08,0.0,0.0,-5.3392178895e-07,0.0,0.0,0.0,0.0,-4.5934595012e-08,0.24429452905,0.0087920180094,0.091971431423,0.015788139771
mh24,ok,,5.5798192258,142506174.47,222075.58509,667331.05987,44364104.456,171989.47133,11889738.911,0.0,0.0,0.0,1300827.1142,-34834878.451,-250064.61613,-723518.05977,0.0,0.0,79373.547527,0.0,0.0,0.0,0.0,-248007.01492,0.0,0.0,0.0,-6.1436879527e-08,2.0921601348e-08,4.8370245162e-10,7.0575873059e-08,0.0,0.0,-5.0805548567e-07,0.0,0.0,0.0,0.0,-3.4218266939e-08,0.24444469568,0.0091282158061,0.11282671924,0.015673178303
mh25,ok,,5.5944825992,142880670.7,276754.96421,821063.19658,44413190.825,214207.49042,11966789.405,0.0,0.0,0.0,1476768.5318,-34957785.028,-240320.30261,-807079.19215,0.0,0.0,112364.75795,0.0,0.0,0.0,0.0,-293807.25998,0.0,0.0,0.0,-5.4692312512e-08,2.0754460634e-08,-1.7081566377e-09,6.3091450129e-08,0.0,0.0,-4.7525729484e-07,0.0,0.0,0.0,0.0,-2.6334464293e-08,0.24466420025,0.01033567749,0.13152981563,0.017460872023
mh26,ok,,5.6090897554,143253731.14,338834.20637,992015.87416,44459424.585,261783.07416,12043218.634,0.0,0.0,0.0,1549960.2449,-35080788.047,-223105.61995,-838976.00504,0.0,0.0,151344.96462,0.0,0.0,0.0,0.0,-317085.63767,0.0,0.0,0.0,-4.6182503461e-08,2.0574056954e-08,-2.8759183466e-09,5.3497532664e-08,0.0,0.0,-4.3772173261e-07,0.0,0.0,0.0,0.0,-1.981705342e-08,0.24488568477,0.010819684992,0.14831509588,0.018126794023
mh27,ok,,5.6241417485,143638152.6,407144.44652,1177525.6316,44505820.674,313957.65252,12121948.86,0.0,0.0,0.0,1547400.8221,-35208317.375,-216519.27231,-831324.29863,0.0,0.0,196767.2803,0.0,0.0,0.0,0.0,-318335.88077,0.0,0.0,0.0,-3.8238615124e-08,2.041384622e-08,-3.0571683367e-09,4.3923523113e-08,0.0,0.0,-4.0197930437e-07,0.0,0.0,0.0,0.0,-1.6017783239e-08,0.24511814402,0.010772909524,0.16366364139,0.017883218507
mh30,ok,,5.556370735,141907310.14,141309.60462,489086.84035,44221150.59,116833.07185,11750514.439,0.0,0.0,0.0,1745991.9272,-34404034.061,-174221.80707,-960348.41584,0.0,0.0,4667.6516634,0.0,0.0,0.0,0.0,-375405.49455,0.0,0.0,0.0,-1.137664828e-07,2.1096350523e-08,7.7776962785e-09,1.5363546929e-07,0.0,0.0,-1.2790889847e-08,0.0,0.0,0.0,0.0,-3.4885931474e-08,0.24244018174,0.012303749014,0.001807475587,0.021710167421
mh32,ok,,5.5686110699,142219923.01,171304.35861,608367.07726,44234311.571,144752.07263,11806908.167,0.0,0.0,0.0,2390363.4108,-34397085.238,-262278.28472,-1314237.778,0.0,0.0,10461.011323,0.0,0.0,0.0,0.0,-504883.5035,0.0,0.0,0.0,-1.2647325715e-07,2.126990893e-08,8.9862283687e-09,1.7329317628e-07,0.0,0.0,-2.5601986215e-08,0.0,0.0,0.0,0.0,-4.2857117523e-08,0.24185841555,0.016807514449,0.0043857318276,0.029685876413
mh33,ok,,5.5504576022,141756291.71,127909.88377,417964.64633,44236045.287,101560.43157,11728837.251,0.0,0.0,0.0,1110328.0875,-34435076.016,-134278.97665,-598336.83023,0.0,0.0,8098.4467727,0.0,0.0,0.0,0.0,-232576.73271,0.0,0.0,0.0,-8.4696511595e-08,2.0979545411e-08,5.6785533019e-09,1.053906263e-07,0.0,0.0,-1.1750656835e-07,0.0,0.0,0.0,0.0,-3.118013064e-08,0.24291744373,0.007832654721,0.0150302515,0.013480502761
mh38,ok,,5.5803612456,142520017.42,199583.40815,814978.35163,44106900.069,184984.69608,11823935.01,0.0,0.0,0.0,3665299.8619,-34273838.092,-248260.88062,-2073393.9671,0.0,0.0,13722.650194,0.0,0.0,0.0,0.0,-808143.15375,0.0,0.0,0.0,-1.4708083578e-07,2.1251456214e-08,6.3136240157e-09,2.3546910718e-07,0.0,0.0,-1.261474017e-08,0.0,0.0,0.0,0.0,-3.351437304e-08,0.24048438045,0.025717789881,0.002517692836,0.046995726925
mh42,ok,,5.5646831519,142119605.66,170407.09783,610351.11874,44208242.384,144664.0808,11782443.847,0.0,0.0,0.0,1703401.8454,-34307550.657,-396821.77373,-1016613.3759,0.0,0.0,-4516.1142013,0.0,0.0,0.0,0.0,-298318.47595,0.0,0.0,0.0,-9.8830986253e-08,2.1436875405e-08,1.7749181666e-08,1.3613589982e-07,0.0,0.0,1.3115378674e-07,0.0,0.0,0.0,0.0,-6.6225581294e-08,0.24139914051,0.011985692174,-0.022349536169,0.023198523599
mh43,ok,,5.5450341733,141617779.25,151942.11527,554421.27286,44082003.698,129680.60022,11665343.236,0.0,0.0,0.0,1575637.0163,-34059855.792,-357552.65974,-951779.73491,0.0,0.0,-6963.1312715,0.0,0.0,0.0,0.0,-277617.61799,0.0,0.0,0.0,-1.0189882475e-07,2.1503888209e-08,1.8430737646e-08,1.4352422938e-07,0.0,0.0,1.7429533706e-07,0.0,0.0,0.0,0.0,-6.6984305364e-08,0.24050550695,0.011125983084,-0.026482802194,0.021807375004
mh44,ok,,5.5958692906,142916086.2,201830.87751,695757.82478,44425980.021,168746.00736,11974505.415,0.0,0.0,0.0,1352500.4897,-34692246.11,-473291.27087,-858695.40614,0.0,0.0,-7449.1880568,0.0,0.0,0.0,0.0,-195138.60705,0.0,0.0,0.0,-7.2073496351e-08,2.1076078085e-08,1.7626746039e-08,9.7036988195e-08,0.0,0.0,1.1818674944e-07,0.0,0.0,0.0,0.0,-6.5906955703e-08,0.24274556512,0.0094635987149,-0.02385373535,0.019585060479
mh45,ok,,5.5640124196,142102475.47,193046.94859,720896.65199,44139403.679,167168.32988,11761688.196,0.0,0.0,0.0,1437899.0947,-33944556.282,-579396.35341,-930854.3721,0.0,0.0,-27331.580651,0.0,0.0,0.0,0.0,-180850.51243,0.0,0.0,0.0,-8.0276164425e-08,2.1423595072e-08,2.4406929869e-08,1.129925034e-07,0.0,0.0,2.8415997186e-07,0.0,0.0,0.0,0.0,-8.2711522498e-08,0.23887378577,0.010118747686,-0.054856215479,0.021812857995
mh46,ok,,5.5478894204,141690701.03,235278.79465,953037.1965,43829117.513,213996.07988,11610584.072,0.0,0.0,0.0,1225021.7918,-33203644.006,-815237.15512,-953480.53048,0.0,0.0,-49804.534957,0.0,0.0,0.0,0.0,-54092.849455,0.0,0.0,0.0,-6.2358296671e-08,2.1443292687e-08,2.6467129075e-08,9.8098458817e-08,0.0,0.0,3.0112901435e-07,0.0,0.0,0.0,0.0,-9.3767846724e-08,0.23433890697,0.0086457458597,-0.070849271531,0.023080487148
mh49,ok,,5.5854187998,142649185.18,202862.41847,780845.44615,44231604.348,181388.1176,11875868.445,0.0,0.0,0.0,34886.070177,-34374105.96,-687908.67686,-310037.52142,0.0,0.0,-50092.788888,0.0,0.0,0.0,0.0,191341.52211,0.0,0.0,0.0,-2.3692358297e-08,2.0695130857e-08,2.272655089e-08,3.9952789405e-08,0.0,0.0,3.4659616534e-07,0.0,0.0,0.0,0.0,-9.2727431781e-08,0.24096952196,0.00024455849597,-0.070311336332,0.0081049194832
mh60,ok,,5.5684044583,142214646.23,205905.88374,760380.70856,44149555.99,177911.52534,11783349.533,0.0,0.0,0.0,1550291.3149,-34012265.814,-595261.47419,-1001277.6907,0.0,0.0,-20781.440735,0.0,0.0,0.0,0.0,-203574.89141,0.0,0.0,0.0,-8.0333879094e-08,2.1440810864e-08,2.2830942352e-08,1.1311641197e-07,0.0,0.0,2.1893307572e-07,0.0,0.0,0.0,0.0,-7.9753664927e-08,0.23916148383,0.010901066494,-0.045079608436,0.023291334772
mh61,ok,,5.5641208995,142105245.99,215196.8775,771437.19816,44106496.65,184397.90523,11753506.842,0.0,0.0,0.0,1182574.9433,-34156216.252,-516774.53878,-838572.80137,0.0,0.0,-6412.3971097,0.0,0.0,0.0,0.0,-139095.35366,0.0,0.0,0.0,-6.1219660766e-08,2.1209248509e-08,1.7071798996e-08,8.950756211e-08,0.0,0.0,9.7804760081e-08,0.0,0.0,0.0,0.0,-6.6970522608e-08,0.24035858784,0.0083218246803,-0.021047278974,0.019261747878
mh62,ok,,5.5536814887,141838627.95,174723.6597,648354.14001,44101060.119,150333.31136,11707521.873,0.0,0.0,0.0,1427565.2895,-33964154.601,-486107.53261,-908129.2516,0.0,0.0,-20789.690866,0.0,0.0,0.0,0.0,-206170.68487,0.0,0.0,0.0,-8.5398286549e-08,2.1445730262e-08,2.2742054038e-08,1.2086620712e-07,0.0,0.0,2.7185992499e-07,0.0,0.0,0.0,0.0,-7.7083227046e-08,0.23945631096,0.010064714459,-0.04750036102,0.021118186042
mh70,ok,,5.6127406437,143346973.27,261536.98744,958995.10501,44361668.688,228199.01003,12031640.512,0.0,0.0,0.0,2951994.9351,-34282977.475,-624386.87918,-1675302.1855,0.0,0.0,-2455.6393724,0.0,0.0,0.0,0.0,-527068.72139,0.0,0.0,0.0,-1.0580884552e-07,2.1456067159e-08,1.8637250676e-08,1.4588555422e-07,0.0,0.0,1.0380210026e-07,0.0,0.0,0.0,0.0,-6.5170531668e-08,0.23916080468,0.020593353789,-0.027148088594,0.038154468361
mh64,ok,,5.5375841578,141427509.07,148578.71272,555542.43193,44029464.503,127450.45607,11620249.249,0.0,0.0,0.0,1315146.1139,-33853097.098,-391270.20618,-823499.25122,0.0,0.0,-20736.327392,0.0,0.0,0.0,0.0,-206363.76818,0.0,0.0,0.0,-9.0482325416e-08,2.1445399429e-08,2.2505750364e-08,1.2891238323e-07,0.0,0.0,3.3986109085e-07,0.0,0.0,0.0,0.0,-7.3219810839e-08,0.23936713106,0.0092990827781,-0.050496123384,0.019153635954
mh78,ok,,5.6736191337,144901783.63,399506.52118,1473881.1568,44523753.316,351466.16403,12343261.446,0.0,0.0,0.0,1389273.0986,-33687490.525,-1484949.0141,-871127.10793,0.0,0.0,-85085.353401,0.0,0.0,0.0,0.0,116384.00678,0.0,0.0,0.0,-5.0789165346e-08,2.0669851555e-08,2.6922671836e-08,5.549739317e-08,0.0,0.0,1.9367556832e-07,0.0,0.0,0.0,0.0,-1.0127823342e-07,0.23248499557,0.009587688045,-0.077374652538,0.02217157048
mh80,ok,,5.6183322667,143489780.91,305932.73799,1163660.3999,44261296.819,270507.4218,12029153.693,0.0,0.0,0.0,2083952.6587,-33624933.594,-1336992.6906,-1272135.9899,0.0,0.0,-48125.78423,0.0,0.0,0.0,0.0,-99583.894716,0.0,0.0,0.0,-8.1628830173e-08,2.2142534897e-08,3.3495325298e-08,1.0138241409e-07,0.0,0.0,2.4299824575e-07,0.0,0.0,0.0,0.0,-1.1947320565e-07,0.23433678259,0.014523352433,-0.074341118651,0.031016199526
mh81,ok,,5.6229932146,143608819.51,313746.52516,1226552.2333,44228935.996,282571.94897,12041055.022,0.0,0.0,0.0,2707339.5994,-33508247.931,-1365181.7483,-1604831.529,0.0,0.0,-46768.210589,0.0,0.0,0.0,0.0,-233693.74381,0.0,0.0,0.0,-9.3935893586e-08,2.2508077933e-08,3.4856423334e-08,1.2349134738e-07,0.0,0.0,2.5013214999e-07,0.0,0.0,0.0,0.0,-1.1697693171e-07,0.23333001445,0.01885218198,-0.078478092889,0.038744981127
mh82,ok,,5.6289421641,143760753.11,323378.61098,1301961.3891,44193706.86,297111.8177,12057811.727,0.0,0.0,0.0,3306003.1143,-33387658.641,-1380998.7096,-1923928.3912,0.0,0.0,-45167.720711,0.0,0.0,0.0,0.0,-363708.33616,0.0,0.0,0.0,-1.0350734698e-07,2.2755996989e-08,3.5526361529e-08,1.4257710558e-07,0.0,0.0,2.4996674e-07,0.0,0.0,0.0,0.0,-1.1279580313e-07,0.23224460027,0.022996562294,-0.080833897172,0.04610638636
mh83,ok,,5.5797103835,142503394.69,288723.62018,1383187.0593,43651085.352,289066.25479,11703447.859,0.0,0.0,0.0,4774275.8922,-32181200.238,-1116112.9004,-2644200.7488,0.0,0.0,-70574.664481,0.0,0.0,0.0,0.0,-755311.00318,0.0,0.0,0.0,-1.3736099836e-07,2.3103111259e-08,4.0336471935e-08,2.1879761289e-07,0.0,0.0,3.4589561091e-07,0.0,0.0,0.0,0.0,-9.5431696221e-08,0.22582760438,0.033502892353,-0.099868232985,0.063172038881
mh84,ok,,5.5963393506,142928091.33,307298.2665,1455672.4092,43773485.359,305092.43475,11807581.058,0.0,0.0,0.0,4598678.3599,-32036211.082,-909533.49156,-2504122.1579,0.0,0.0,-111657.36896,0.0,0.0,0.0,0.0,-768555.64394,0.0,0.0,0.0,-1.2171993091e-07,2.1696833855e-08,3.6065107504e-08,1.9384668895e-07,0.0,0.0,3.6581538639e-07,0.0,0.0,0.0,0.0,-7.2785306962e-08,0.22414215977,0.032174769264,-0.11241443409,0.05956875148
mh91,ok,,5.6561567644,144455802.26,476157.25459,1603638.7192,44409611.99,403690.33401,12235605.7,0.0,0.0,0.0,927778.57197,-34092106.545,-940315.35718,-563520.21841,0.0,0.0,-16905.035361,0.0,0.0,0.0,0.0,55047.086322,0.0,0.0,0.0,-2.8993394446e-08,1.9947908134e-08,1.369720601e-08,2.7461261187e-08,0.0,0.0,3.7754802574e-08,0.0,0.0,0.0,0.0,-5.5473643613e-08,0.23600371887,0.0064225774076,-0.017977223141,0.013075878734
mh92,ok,,5.6650980757,144684159.49,509783.5596,1708529.5642,44419536.266,432765.20401,12277776.237,0.0,0.0,0.0,848389.0404,-34119106.237,-984011.78387,-528521.56991,0.0,0.0,-12717.545868,0.0,0.0,0.0,0.0,87935.598575,0.0,0.0,0.0,-2.6323707839e-08,1.9835682714e-08,1.3308574404e-08,2.3973433541e-08,0.0,0.0,2.8036479774e-08,0.0,0.0,0.0,0.0,-5.4202803854e-08,0.23581784183,0.00586373134,-0.014292536458,0.012221262287
mh94,ok,,5.6982334692,145530423.13,599174.37481,1869802.6033,44676440.079,493375.71279,12495249.981,0.0,0.0,0.0,1606415.0245,-34599537.014,-26522.31948,-615627.05535,0.0,0.0,48778.534611,0.0,0.0,0.0,0.0,-379781.62431,0.0,0.0,0.0,-2.2455630422e-08,1.9030900257e-08,-2.7730074999e-10,2.2972134488e-08,0.0,0.0,-4.3212901802e-08,0.0,0.0,0.0,0.0,-3.4712969702e-10,0.23774779369,0.011038345041,0.025892063421,0.01376431432
mh93,ok,,5.6738754556,144908329.98,544613.45252,1815824.2331,44427249.577,462719.77176,12318731.954,0.0,0.0,0.0,751734.76742,-34149716.286,-1023478.8218,-484375.3678,0.0,0.0,-7074.3134421,0.0,0.0,0.0,0.0,123657.1022,0.0,0.0,0.0,-2.3641057514e-08,1.9720085302e-08,1.289225134e-08,2.045506143e-08,0.0,0.0,1.8433240135e-08,0.0,0.0,0.0,0.0,-5.2773289982e-08,0.23566427334,0.0051876573799,-0.010038990551,0.011140101627
mh95,ok,,5.6989351728,145548344.34,623774.77833,1891914.5768,44701026.576,506067.63394,12505919.245,0.0,0.0,0.0,1687410.3607,-34769442.321,-222953.96929,-718694.41093,0.0,0.0,104456.0811,0.0,0.0,0.0,0.0,-339130.9931,0.0,0.0,0.0,-2.5322800304e-08,1.9231873777e-08,1.2847889624e-09,2.5349365938e-08,0.0,0.0,-8.5472682769e-08,0.0,0.0,0.0,0.0,-1.0107299745e-08,0.23888586626,0.01159346998,0.053315703748,0.015812295119
mi-strut1,ok,,6.1163571711,156209122.0,2415199.0073,6923963.3318,45056097.354,2155297.0645,14559083.565,0.0,0.0,0.0,-2.3896529562,-35002540.869,-0.42784666045,0.88621512726,0.0,0.0,337841.80776,0.0,0.0,0.0,0.0,-0.36189635766,0.0,0.0,0.0,1.3505686581e-14,1.5390727229e-08,1.7781765258e-15,-8.3357448766e-15,0.0,0.0,-2.0202527729e-08,0.0,0.0,0.0,0.0,2.859725532e-14,0.22407488386,-1.5297781114e-08,0.048793124916,-2.0132482751e-08
mi-vawt1,ok,,5.8754780807,150057174.0,995015.91443,3041836.0074,45376156.307,851094.10676,13500771.547,0.0,0.0,0.0,435463.33587,-35675513.612,-105370.49351,-211397.37506,0.0,0.0,16807.221271,0.0,0.0,0.0,0.0,-71347.424187,0.0,0.0,0.0,-4.0755653968e-09,1.7619640549e-08,7.3835833083e-10,4.669621341e-09,0.0,0.0,-5.3908084823e-09,0.0,0.0,0.0,0.0,-2.800792513e-09,0.23774613809,0.0029019827859,0.0053639402315,0.0046463475487
miley,ok,,5.6667726691,144726927.88,293920.34446,1269166.6192,44284408.932,293294.1237,12240159.753,0.0,0.0,0.0,4213094.7466,-34847504.887,-1534609.9743,-2602932.1971,0.0,0.0,44192.225521,0.0,0.0,0.0,0.0,-551955.70489,0.0,0.0,0.0,-1.3012736273e-07,2.4624155341e-08,3.4726650165e-08,2.0451032557e-07,0.0,0.0,1.2348262009e-07,0.0,0.0,0.0,0.0,-1.2882507699e-07,0.24078107231,0.029110648643,-0.03629405423,0.060109745336
mrc-20,ok,,5.6972463224,145505211.83,578797.67855,1762217.9071,44670950.502,475077.51808,12489118.571,0.0,0.0,0.0,3286348.5835,-35339327.612,-403147.23851,-1677676.0951,0.0,0.0,186757.58914,0.0,0.0,0.0,0.0,-683176.96221,0.0,0.0,0.0,-5.2244024033e-08,1.9929566281e-08,-1.049920655e-09,6.3373791715e-08,0.0,0.0,-1.6824164172e-07,0.0,0.0,0.0,0.0,-1.9380327653e-08,0.24287327695,0.022585779177,0.097377871661,0.036680603525
mrc-16,ok,,5.6825893017,145130877.85,465374.58633,1480891.2629,44691816.084,386948.38582,12428702.393,0.0,0.0,0.0,3042910.0339,-35235342.287,-480144.63116,-1704121.8195,0.0,0.0,99661.341523,0.0,0.0,0.0,0.0,-596925.67106,0.0,0.0,0.0,-6.1337876057e-08,2.0236812168e-08,2.8233750178e-09,8.0676699769e-08,0.0,0.0,-1.1802803589e-07,0.0,0.0,0.0,0.0,-2.9493445507e-08,0.24278322304,0.020966661809,0.054927248375,0.037544885781
ms313,ok,,5.6934131224,145407313.56,411939.01155,1288310.3923,44890396.39,341141.30969,12529496.14,0.0,0.0,0.0,1829158.0944,-35495586.289,-160411.26265,-875600.44914,0.0,0.0,44254.077094,0.0,0.0,0.0,0.0,-406411.59489,0.0,0.0,0.0,-3.9165038211e-08,1.9608513585e-08,1.2710531437e-09,4.7073674002e-08,0.0,0.0,-7.7490512098e-08,0.0,0.0,0.0,0.0,-9.3831789256e-09,0.24411142342,0.01257954672,0.031921364958,0.019391482739
ms317,ok,,5.7626398114,147175333.31,671640.89435,2081050.852,44995854.206,566171.59464,12871491.04,0.0,0.0,0.0,1870816.4838,-35470653.591,-114727.8002,-830347.35045,0.0,0.0,59449.941234,0.0,0.0,0.0,0.0,-421872.4893,0.0,0.0,0.0,-2.341100099e-08,1.8777155312e-08,4.7114423936e-10,2.7371388907e-08,0.0,0.0,-4.1018524297e-08,0.0,0.0,0.0,0.0,-3.9810862893e-09,0.24100950066,0.012711481208,0.027549718344,0.018383744125
mue139,ok,,5.7341051566,146446570.54,378106.57775,1482501.3094,44884579.708,348340.44953,12712866.009,0.0,0.0,0.0,4361415.2163,-34525609.562,-1075583.4157,-2495007.5267,0.0,0.0,-48144.60046,0.0,0.0,0.0,0.0,-700131.98604,0.0,0.0,0.0,-1.0290403374e-07,2.1214959978e-08,2.7206965091e-08,1.5171769266e-07,0.0,0.0,1.9250004523e-07,0.0,0.0,0.0,0.0,-7.4089057438e-08,0.2357556714,0.029781613868,-0.072785533317,0.057365457555
n0009sm,ok,,5.6005518274,143035676.17,196097.60827,617192.49731,44558514.645,154964.01604,12029754.788,0.0,0.0,0.0,0.029029846424,-34921598.175,-0.19831635681,0.13293337884,0.0,0.0,6495.0434372,0.0,0.0,0.0,0.0,-0.094704346572,0.0,0.0,0.0,1.0165225375e-14,2.0295182577e-08,7.3738081283e-15,-1.5452412094e-14,0.0,0.0,-5.3664751792e-08,0.0,0.0,0.0,0.0,4.7000217417e-14,0.24414606978,2.0295528501e-10,0.010523529475,-3.0301810538e-09
n0011sc,ok,,5.6543444839,144409517.39,360361.13349,44871087.709,1018988.856,271538.32046,12351683.537,0.0,0.0,0.0,0.10238823027,-35135889.363,0.0022734263378,-0.26287505455,0.0,0.0,121292.59634,0.0,0.0,0.0,0.0,-0.13284442077,0.0,0.0,0.0,5.2187004989e-15,1.9698310474e-08,-1.9868416286e-15,1.627390137e-14,0.0,0.0,-3.3031394873e-07,0.0,0.0,0.0,0.0,3.2180695404e-14,0.24330729718,7.0901303542e-10,0.11903230897,5.8644815442e-09
n0012,ok,,5.6663557314,144716279.47,345334.29653,1067800.954,44873376.44,276942.92908,12404400.534,0.0,0.0,0.0,5.8296489471,-35239304.497,-9.8778117707,1.3951733936,0.0,0.0,12309.352256,0.0,0.0,0.0,0.0,0.24324866629,0.0,0.0,0.0,-2.6332206074e-13,1.9630626435e-08,2.0727180006e-13,-9.7380721978e-14,0.0,0.0,-3.3381448938e-08,0.0,0.0,0.0,0.0,-4.8403304578e-13,0.24350615304,4.0283297555e-08,0.011527759186,-3.3628903119e-08
n10,ok,,5.6730192188,144886462.06,306089.37776,1044126.1916,44797946.151,259231.09508,12414606.473,0.0,0.0,0.0,5849759.8256,-35526170.152,-1720176.7129,-3002954.3805,0.0,0.0,137812.8605,0.0,0.0,0.0,0.0,-948033.24572,0.0,0.0,0.0,-1.9255730345e-07,2.7337064122e-08,3.2149674804e-08,2.1664796251e-07,0.0,0.0,-6.9761089761e-08,0.0,0.0,0.0,0.0,-1.511156518e-07,0.24520006663,0.040374785486,0.021353128557,0.066313640037
n11,ok,,5.6757425058,144956013.64,291886.08043,1052258.7112,44754708.217,255362.88045,12415361.538,0.0,0.0,0.0,6009005.8835,-35468786.214,-1516227.1858,-3164553.4947,0.0,0.0,130034.73065,0.0,0.0,0.0,0.0,-1038727.3177,0.0,0.0,0.0,-1.9544276782e-07,2.6535335009e-08,2.7024610129e-08,2.4002984416e-07,0.0,0.0,-7.3813450108e-08,0.0,0.0,0.0,0.0,-1.3613188005e-07,0.24468654542,0.041453995131,0.021545118635,0.070061370399
n11h9,ok,,5.6197850353,143526883.99,169964.46761,701555.37459,44377480.752,162284.99087,12060530.777,0.0,0.0,0.0,3476079.3662,-34883143.599,-1709154.956,-2315581.0869,0.0,0.0,108303.52931,0.0,0.0,0.0,0.0,-347079.42169,0.0,0.0,0.0,-2.1078873558e-07,2.8901446535e-08,4.6755316e-08,3.0133215194e-07,0.0,0.0,-1.5898864068e-07,0.0,0.0,0.0,0.0,-2.5431478321e-07,0.24304257591,0.024219012281,0.027022419669,0.051215758778
n12,ok,,5.6153084779,143412554.65,269578.39515,827143.1628,44575502.517,212153.61309,12099474.316,0.0,0.0,0.0,63554.244681,-35045618.378,-42925.398572,-34632.348892,0.0,0.0,32233.134825,0.0,0.0,0.0,0.0,-2615.6542657,0.0,0.0,0.0,-3.3183380511e-09,2.0200248644e-08,1.0574449402e-09,2.7429858076e-09,0.0,0.0,-1.4440651483e-07,0.0,0.0,0.0,0.0,-5.0312873049e-09,0.2443692497,0.00044315677128,0.038928876517,0.00073944971192
n13,ok,,5.6330479612,143865613.4,352340.19504,1063803.7439,44616309.446,277220.56061,12188818.861,0.0,0.0,0.0,18657.79883,-35081282.799,30643.692897,17255.092013,0.0,0.0,58465.523926,0.0,0.0,0.0,0.0,-14023.425331,0.0,0.0,0.0,2.1586303654e-10,2.0006022437e-08,-5.912057508e-10,-9.9053300745e-10,0.0,0.0,-1.5595090108e-07,0.0,0.0,0.0,0.0,2.8037261827e-09,0.24384758783,0.0001296890785,0.054947770905,-0.00034900459304
n14,ok,,5.6351145939,143918394.31,346616.63338,1044469.7092,44644794.413,272084.70432,12205666.014,0.0,0.0,0.0,29733.070854,-35025524.438,-178.61852741,-22967.373761,0.0,0.0,56970.780131,0.0,0.0,0.0,0.0,-6589.8695726,0.0,0.0,0.0,-8.0667235163e-10,1.9939202831e-08,-7.7090688768e-11,1.4835659053e-09,0.0,0.0,-1.5736430094e-07,0.0,0.0,0.0,0.0,-1.9460836963e-10,0.2433707283,0.00020659673836,0.054545084207,0.0005142286195
n22,ok,,5.6987077895,145542537.07,360233.06938,1249397.6813,44862826.138,310537.8835,12547218.686,0.0,0.0,0.0,6487477.4724,-35511695.881,-1896625.0135,-3330410.8544,0.0,0.0,153396.47455,0.0,0.0,0.0,0.0,-1042111.0526,0.0,0.0,0.0,-1.7713108605e-07,2.7132554369e-08,3.1813259481e-08,2.0529727127e-07,0.0,0.0,-2.7366956345e-08,0.0,0.0,0.0,0.0,-1.3879602715e-07,0.24399530609,0.044574442654,0.0098584826838,0.073954866165
n1h15,ok,,5.6959935935,145473217.68,471746.17493,1789744.8426,44099994.993,449586.24103,12321659.443,0.0,0.0,0.0,4585211.0212,-35225237.82,-1175133.8929,-2985541.4269,0.0,0.0,245391.86481,0.0,0.0,0.0,0.0,-759859.31632,0.0,0.0,0.0,-8.5365313848e-08,2.2098034104e-08,2.0804106675e-09,1.3838231865e-07,0.0,0.0,-1.9620189632e-07,0.0,0.0,0.0,0.0,-6.3255782373e-08,0.24214242582,0.031519279593,0.092557494102,0.065281329501
n24,ok,,5.8100855729,148387077.58,665808.11272,2271455.4668,45063062.222,590217.86217,13109627.329,0.0,0.0,0.0,9117211.4761,-35712496.141,-2634219.5685,-4543876.1414,0.0,0.0,291343.72318,0.0,0.0,0.0,0.0,-1410929.7135,0.0,0.0,0.0,-1.2807465732e-07,2.6109009962e-08,2.409456022e-08,1.5103752232e-07,0.0,0.0,-1.6314411364e-08,0.0,0.0,0.0,0.0,-1.0123642699e-07,0.24067120078,0.061442085286,0.01086226744,0.10056200768
n2414,ok,,5.7035572327,145666389.76,468088.35368,1466418.1482,44934422.586,383135.5585,12588337.563,0.0,0.0,0.0,1972660.5152,-35227534.533,-169697.68161,-1082795.3937,0.0,0.0,29677.200556,0.0,0.0,0.0,0.0,-427030.28816,0.0,0.0,0.0,-3.7854160947e-08,1.9361967142e-08,1.6795331445e-09,5.134007948e-08,0.0,0.0,-3.7277132449e-08,0.0,0.0,0.0,0.0,-1.0373576785e-08,0.24183708124,0.01354231761,0.017448991558,0.024031693281
n2415,ok,,5.720820577,146107288.12,536462.32253,1669251.8219,44971382.495,440025.19914,12676611.816,0.0,0.0,0.0,1984712.9265,-35206064.132,-172862.49635,-1080792.8131,0.0,0.0,35949.311485,0.0,0.0,0.0,0.0,-427250.07246,0.0,0.0,0.0,-3.3072855264e-08,1.9141606113e-08,1.4520271193e-09,4.4663072354e-08,0.0,0.0,-3.5504971903e-08,0.0,0.0,0.0,0.0,-9.1406953586e-09,0.24096035581,0.013583941992,0.019047079689,0.023960055526
n2h15,ok,,5.7110092967,145856712.25,490657.81972,1720432.7534,44380404.888,443852.44859,12464382.566,0.0,0.0,0.0,3271026.4179,-35591434.631,-1285950.6392,-2456792.8927,0.0,0.0,244901.3902,0.0,0.0,0.0,0.0,-411754.07845,0.0,0.0,0.0,-6.7520424585e-08,2.169205828e-08,6.0553626096e-09,1.0696127328e-07,0.0,0.0,-2.0553387193e-07,0.0,0.0,0.0,0.0,-6.9849222976e-08,0.24401643285,0.022426300218,0.10084680148,0.05248138514
n5h10,ok,,5.5919025481,142814777.31,225712.71645,747158.17217,44296309.038,188657.98266,11921478.032,0.0,0.0,0.0,1603146.9992,-34923322.05,-831034.44425,-1150721.4187,0.0,0.0,77550.708233,0.0,0.0,0.0,0.0,-150774.55398,0.0,0.0,0.0,-8.5706947348e-08,2.2255899529e-08,1.6956304806e-08,1.0890893468e-07,0.0,0.0,-3.3167365501e-07,0.0,0.0,0.0,0.0,-1.0726698187e-07,0.2445357736,0.011225357973,0.074862961646,0.024582131492
n5h15,ok,,5.6735469176,144899939.26,532550.95729,1730393.7519,44336129.397,454987.61809,12289480.092,0.0,0.0,0.0,1966734.4046,-35119079.421,-1008654.0852,-1441251.9173,0.0,0.0,158647.78542,0.0,0.0,0.0,0.0,-171829.38823,0.0,0.0,0.0,-4.3026157581e-08,2.0802141902e-08,8.9340543603e-09,5.796709725e-08,0.0,0.0,-1.3648449211e-07,0.0,0.0,0.0,0.0,-5.4518530078e-08,0.24236779946,0.01357305196,0.07268494693,0.030870433132
n5h20,ok,,5.771239922,147394976.42,888936.33714,2844954.146,44319701.583,777530.55434,12719902.031,0.0,0.0,0.0,3373506.6896,-35239880.212,-1586995.9608,-2207513.4254,0.0,0.0,329234.2085,0.0,0.0,0.0,0.0,-316215.05428,0.0,0.0,0.0,-4.1243011212e-08,2.0418356355e-08,7.9719277899e-09,5.2568083267e-08,0.0,0.0,-9.8749570603e-08,0.0,0.0,0.0,0.0,-4.9578677836e-08,0.2390846762,0.022887528269,0.087782081587,0.04672967939
n63010a,ok,,5.6011104915,143049944.21,225368.07095,708563.57918,44485600.952,182023.04816,12012341.273,0.0,0.0,0.0,0.053602082502,-35073004.023,0.069953325671,-0.074546207724,0.0,0.0,29094.335783,0.0,0.0,0.0,0.0,-0.019727910848,0.0,0.0,0.0,-1.3201036254e-15,2.0410686408e-08,-2.5363453118e-15,7.7220614014e-15,0.0,0.0,-1.8219532707e-07,0.0,0.0,0.0,0.0,3.0119716692e-15,0.24518013074,3.7470886689e-10,0.041061009397,1.7403060818e-09
n63012a,ok,,5.6290824267,143764335.36,322504.80169,1009763.0485,44556331.272,262509.5192,12153715.218,0.0,0.0,0.0,0.2103827464,-35118881.168,0.78701731414,-0.2472561556,0.0,0.0,40768.637507,0.0,0.0,0.0,0.0,-0.055148573915,0.0,0.0,0.0,-5.2870142545e-15,2.0099277891e-08,-1.8276638274e-14,1.9418143631e-14,0.0,0.0,-1.2519025914e-07,0.0,0.0,0.0,0.0,1.177284899e-15,0.24428089957,1.4633862138e-09,0.040374459699,6.262444561e-09
n63015a,ok,,5.6740631958,144913124.78,497613.10714,1548753.909,44630380.84,410277.00895,12372547.561,0.0,0.0,0.0,-0.19618575182,-35155927.418,-0.9964717579,0.071719682642,0.0,0.0,62030.268977,0.0,0.0,0.0,0.0,0.094977052455,0.0,0.0,0.0,1.0352662004e-15,1.9607928107e-08,1.4617556273e-14,-5.0264214552e-15,0.0,0.0,-8.0487685249e-08,0.0,0.0,0.0,0.0,-9.3342751863e-15,0.24260002308,-1.3538163097e-09,0.040051727143,-2.5012131981e-09
n63210,ok,,5.5542049859,141851997.84,208467.80409,711976.86866,44080465.49,174293.30132,11704087.458,0.0,0.0,0.0,1152158.2044,-34109906.701,25748.992088,-569584.54941,0.0,0.0,8682.6915162,0.0,0.0,0.0,0.0,-284055.41682,0.0,0.0,0.0,-4.5775215484e-08,2.0517671406e-08,-1.6057523212e-09,6.2018565738e-08,0.0,0.0,-6.0740769438e-08,0.0,0.0,0.0,0.0,3.4344232135e-09,0.2404612358,0.0081222557447,0.012662494823,0.012928874212
n63212,ok,,5.5904737422,142778286.22,296599.15864,1006770.1957,44198673.615,250770.32493,11890928.023,0.0,0.0,0.0,1154780.7377,-34296375.026,12454.145957,-571790.04053,0.0,0.0,8761.2818781,0.0,0.0,0.0,0.0,-281023.81738,0.0,0.0,0.0,-3.1959344893e-08,2.0191107062e-08,-6.6650893458e-10,4.3625588148e-08,0.0,0.0,-2.9880050957e-08,0.0,0.0,0.0,0.0,1.2197451448e-09,0.24020721872,0.0080879296724,0.0088623979737,0.01293931274
n63215,ok,,5.6403678874,144052561.15,455081.28882,1534673.4795,44282130.714,390737.07391,12130026.686,0.0,0.0,0.0,1170757.7576,-34414931.47,3365.1997569,-570238.12952,0.0,0.0,8888.0201314,0.0,0.0,0.0,0.0,-281127.89481,0.0,0.0,0.0,-2.0727951253e-08,1.969293195e-08,-2.1420375223e-10,2.8297865787e-08,0.0,0.0,-1.2788287376e-08,0.0,0.0,0.0,0.0,3.0119748803e-10,0.23890537728,0.0081272956779,0.005819710301,0.012877829233
n63215b,ok,,5.647617731,144237719.03,493524.65056,1674548.499,44307406.293,420397.53721,12170715.842,0.0,0.0,0.0,1467142.1189,-33600655.601,-379874.77378,-615322.65096,0.0,0.0,-28136.089324,0.0,0.0,0.0,0.0,-239381.58084,0.0,0.0,0.0,-2.8855593595e-08,1.9384665822e-08,5.6883389002e-09,2.8488362884e-08,0.0,0.0,4.0426221364e-08,0.0,0.0,0.0,0.0,-2.0012365431e-08,0.23295332058,0.010171695232,-0.019951336772,0.014059709337
n63412,ok,,5.6013172366,143055224.39,296385.28464,1027939.7187,44241128.053,254661.81824,11949273.355,0.0,0.0,0.0,2307462.9155,-34433141.272,16400.110445,-1146751.0779,0.0,0.0,11088.829777,0.0,0.0,0.0,0.0,-560510.78655,0.0,0.0,0.0,-6.2934325018e-08,2.0116435582e-08,-1.3403646993e-09,8.746936073e-08,0.0,0.0,-3.7791939662e-08,0.0,0.0,0.0,0.0,1.6787628854e-09,0.24069824377,0.016129875196,0.011200974794,0.025924631377
n63415,ok,,5.6463812647,144206140.21,455225.92045,1556459.8505,44289761.505,394623.05407,12158518.92,0.0,0.0,0.0,2342220.2497,-34452023.424,6657.9847837,-1140950.6351,0.0,0.0,12130.481289,0.0,0.0,0.0,0.0,-562392.42286,0.0,0.0,0.0,-4.1018424424e-08,1.9639943717e-08,-5.4387843979e-10,5.6592199124e-08,0.0,0.0,-1.736243909e-08,0.0,0.0,0.0,0.0,5.8709403048e-10,0.23890815865,0.016242167263,0.007903832316,0.025762235937
n64008a,ok,,5.5739935844,142357390.1,144808.51553,452307.39341,44393276.882,115755.93657,11870141.626,0.0,0.0,0.0,0.53693493332,-35025332.966,-1.629858364,-0.53854637459,0.0,0.0,26162.134929,0.0,0.0,0.0,0.0,-0.37094603538,0.0,0.0,0.0,1.0183517426e-14,2.0727472832e-08,7.7173236902e-14,6.9109627214e-14,0.0,0.0,-3.9943433429e-07,0.0,0.0,0.0,0.0,1.7382298103e-13,0.24603803807,3.7717390922e-09,0.057841492999,1.0007662526e-08
n64012,ok,,5.5926580354,142834072.13,299136.5112,986760.8144,44234684.636,249989.57396,11909566.741,0.0,0.0,0.0,-0.020910259893,-34452581.345,-0.99980250187,0.28048684699,0.0,0.0,25472.716005,0.0,0.0,0.0,0.0,0.10058796639,0.0,0.0,0.0,-7.1550309383e-15,2.0253215622e-08,2.3503027366e-14,-2.3147776905e-14,0.0,0.0,-8.6296649567e-08,0.0,0.0,0.0,0.0,-3.2091259634e-14,0.24120702317,-1.463954614e-10,0.02581447868,-6.9243452254e-09
n64012a,ok,,5.6270566381,143712597.59,322845.49105,999872.01553,44542901.687,261876.7865,12141145.554,0.0,0.0,0.0,0.19770424133,-35154309.757,0.67405435495,-0.046037551956,0.0,0.0,56106.369836,0.0,0.0,0.0,0.0,-0.031126110735,0.0,0.0,0.0,-6.5792163391e-15,2.0147634801e-08,-1.546186832e-14,5.831597072e-15,0.0,0.0,-1.7380930834e-07,0.0,0.0,0.0,0.0,-5.4208116054e-15,0.24461536668,1.3756917949e-09,0.0561135515,1.8827048203e-09
n64015,ok,,5.640798128,144063549.31,459911.22278,1511405.2295,44309075.06,390540.16481,12138710.414,0.0,0.0,0.0,0.26555086547,-34560170.185,-0.30375328582,-0.53128556913,0.0,0.0,35409.815065,0.0,0.0,0.0,0.0,-0.066464684613,0.0,0.0,0.0,-4.5801662236e-15,1.9762833475e-08,3.9331064803e-15,2.5722000083e-14,0.0,0.0,-5.0941148321e-08,0.0,0.0,0.0,0.0,5.8225653489e-16,0.23989531252,1.8432897616e-09,0.023428405814,1.182983651e-08
n64015a,ok,,5.6709913487,144834671.13,498812.90907,1535713.5733,44610612.308,409691.93615,12353293.594,0.0,0.0,0.0,-0.4163549453,-35202843.272,-0.01682557522,-0.11890283484,0.0,0.0,85870.078652,0.0,0.0,0.0,0.0,0.012612045006,0.0,0.0,0.0,1.1270997923e-14,1.9675348855e-08,-5.0817381031e-17,5.3011043482e-15,0.0,0.0,-1.1209699062e-07,0.0,0.0,0.0,0.0,1.7503353662e-14,0.24305536096,-2.8746911361e-09,0.055915425991,2.6442592812e-09
n6409,ok,,5.6495271882,144286485.74,194028.67217,927618.30481,44438363.45,198909.33871,12213864.274,0.0,0.0,0.0,5801945.4526,-35031678.201,-416611.3917,-3236178.2936,0.0,0.0,70320.348326,0.0,0.0,0.0,0.0,-1282761.0954,0.0,0.0,0.0,-2.147199037e-07,2.2094283428e-08,-5.9794175419e-09,3.7327715148e-07,0.0,0.0,-2.2210094188e-07,0.0,0.0,0.0,0.0,-5.182560843e-08,0.24279251117,0.040211288139,0.04309395084,0.072426470053
n64108,ok,,5.5300069882,141233991.43,135312.57472,451267.94468,44033421.318,111047.6788,11588417.261,0.0,0.0,0.0,568985.71107,-34163054.435,10045.237445,-286039.1359,0.0,0.0,14664.770186,0.0,0.0,0.0,0.0,-140308.91707,0.0,0.0,0.0,-3.5775564935e-08,2.0865143136e-08,-2.0743394829e-09,4.8062067001e-08,0.0,0.0,-2.4122970017e-07,0.0,0.0,0.0,0.0,2.0803298101e-09,0.24188974687,0.0040286740135,0.03264141183,0.0065034020323
n64110,ok,,5.561979675,142050560.03,209770.66949,695963.50299,44152511.758,173794.35518,11755827.151,0.0,0.0,0.0,572744.05093,-34342829.762,7482.7076511,-286690.96497,0.0,0.0,20009.032185,0.0,0.0,0.0,0.0,-140534.62383,0.0,0.0,0.0,-2.295529109e-08,2.056149923e-08,-1.136267115e-09,3.0977074251e-08,0.0,0.0,-1.3738778844e-07,0.0,0.0,0.0,0.0,1.0108454328e-09,0.24176483186,0.0040319731988,0.02881992836,0.0064980816044
n64212ma,ok,,5.644101438,144147914.42,322520.54856,1073799.1977,44568707.308,271009.01674,12224029.339,0.0,0.0,0.0,2508739.4502,-34212129.285,-593943.45039,-1277181.6736,0.0,0.0,22351.493836,0.0,0.0,0.0,0.0,-425406.0352,0.0,0.0,0.0,-7.6386968019e-08,2.0482382151e-08,1.1970722482e-08,8.8662750564e-08,0.0,0.0,-1.5381928361e-08,0.0,0.0,0.0,0.0,-5.1321585743e-08,0.23734043896,0.017403924713,0.0049609879729,0.028595558948
n64212,ok,,5.5947437664,142887340.8,299159.49535,994433.8027,44237196.909,251257.22234,11919358.347,0.0,0.0,0.0,1154277.6674,-34465851.783,10322.135145,-573158.337,0.0,0.0,26545.939987,0.0,0.0,0.0,0.0,-281449.03004,0.0,0.0,0.0,-3.1907556712e-08,2.0228726995e-08,-1.39715759e-09,4.3330533204e-08,0.0,0.0,-8.9681300563e-08,0.0,0.0,0.0,0.0,1.0103240818e-09,0.24120997417,0.0080782360495,0.026829012619,0.012962740447
n64212mb,ok,,5.6251219137,143663185.56,328170.70909,1098391.9458,44445997.962,274312.58876,12108188.891,0.0,0.0,0.0,1441436.9538,-34267099.48,-367624.03,-636763.62781,0.0,0.0,-8500.6893939,0.0,0.0,0.0,0.0,-244448.31602,0.0,0.0,0.0,-4.3710206573e-08,2.0059485816e-08,8.0814999325e-09,4.3975169941e-08,0.0,0.0,3.8192650416e-08,0.0,0.0,0.0,0.0,-2.9917490387e-08,0.23852387336,0.010033446969,-0.012533709169,0.014431362702
n64215,ok,,5.6428856703,144116864.24,459927.25663,1518540.3237,44311984.289,391840.53967,12148692.803,0.0,0.0,0.0,1170332.3128,-34573603.426,2985.8647177,-571880.89889,0.0,0.0,36511.929824,0.0,0.0,0.0,0.0,-282001.14519,0.0,0.0,0.0,-2.0662121743e-08,1.9744855552e-08,-7.1985945407e-10,2.8064016137e-08,0.0,0.0,-5.2333216098e-08,0.0,0.0,0.0,0.0,2.6020893417e-10,0.23989977584,0.0081207173012,0.024069472511,0.012907405952
n642415,ok,,5.6488442972,144269045.0,459999.05478,1540392.8611,44318493.739,395737.72727,12176750.627,0.0,0.0,0.0,2341796.8884,-34609513.159,6272.9418391,-1144163.9231,0.0,0.0,39870.899149,0.0,0.0,0.0,0.0,-564335.82223,0.0,0.0,0.0,-4.0890546975e-08,1.9692561406e-08,-1.5506784719e-09,5.6131701092e-08,0.0,0.0,-5.6497343595e-08,0.0,0.0,0.0,0.0,5.2896719454e-10,0.23989562805,0.01623215076,0.025988724651,0.025820529445
n66021,ok,,5.7498888856,146849680.17,1007553.4788,3025305.4508,44311554.595,849982.72015,12623917.211,0.0,0.0,0.0,1.4254585041,-35335151.286,0.64877294978,-1.135219813,0.0,0.0,353395.10257,0.0,0.0,0.0,0.0,-0.39044868995,0.0,0.0,0.0,-1.0356012119e-14,1.9060742413e-08,-8.0080555135e-15,2.7124442711e-14,0.0,0.0,-1.1593730209e-07,0.0,0.0,0.0,0.0,4.4224242615e-15,0.24062123421,9.7069227693e-09,0.11681303205,2.7329326615e-08
n6h15,ok,,5.6888706595,145291301.02,524870.69443,1778435.5152,44281814.73,461979.44422,12340151.355,0.0,0.0,0.0,3326309.6914,-35118523.161,-1677445.4022,-2235547.1064,0.0,0.0,225758.87818,0.0,0.0,0.0,0.0,-300520.63417,0.0,0.0,0.0,-7.081779053e-08,2.2515787931e-08,1.4129945913e-08,9.0609068167e-08,0.0,0.0,-1.5076969603e-07,0.0,0.0,0.0,0.0,-8.8316886501e-08,0.24171112046,0.022894073273,0.079134595054,0.04755804453
n6h10,ok,,5.6133924011,143363618.88,218020.09067,858722.35399,44183800.487,203458.56076,11980083.201,0.0,0.0,0.0,3251154.1678,-34864087.18,-1679142.6016,-2268575.3897,0.0,0.0,150869.8381,0.0,0.0,0.0,0.0,-297564.01791,0.0,0.0,0.0,-1.6046276927e-07,2.6950027152e-08,2.7542098484e-08,2.2275072503e-07,0.0,0.0,-3.4416055687e-07,0.0,0.0,0.0,0.0,-2.0229029145e-07,0.24318643358,0.022677679269,0.075033915813,0.048564133268
n6h20,ok,,5.8008222395,148150496.05,900775.52652,3023654.7613,44167534.516,817942.18716,12806562.808,0.0,0.0,0.0,4606795.7764,-35408529.203,-2178316.7066,-3000099.7084,0.0,0.0,419043.82233,0.0,0.0,0.0,0.0,-419252.31895,0.0,0.0,0.0,-5.3457189212e-08,2.1574058996e-08,9.9979971056e-09,7.0704041326e-08,0.0,0.0,-9.9126160576e-08,0.0,0.0,0.0,0.0,-6.5087110562e-08,0.23900378431,0.031095378681,0.089290419484,0.063688470052
n9,ok,,5.6291096151,143765029.74,173488.8904,598163.86095,44714447.174,145214.79377,12196202.507,0.0,0.0,0.0,4369646.0765,-35479967.572,-1341023.9046,-2261043.0815,0.0,0.0,73246.046413,0.0,0.0,0.0,0.0,-705667.28199,0.0,0.0,0.0,-2.6104573787e-07,2.8239538651e-08,4.7533752549e-08,2.9018019806e-07,0.0,0.0,-5.1733425787e-08,0.0,0.0,0.0,0.0,-2.1045121352e-07,0.24679136252,0.030394360051,0.0089751746363,0.050343040578
n8h12,ok,,5.6321430925,143842503.44,282616.18976,1056777.9807,44367572.995,254146.96777,12114571.404,0.0,0.0,0.0,2594548.1399,-34583984.589,-1322660.2218,-1737564.4857,0.0,0.0,29922.747523,0.0,0.0,0.0,0.0,-236281.1422,0.0,0.0,0.0,-1.0115992552e-07,2.3106421317e-08,3.112989563e-08,1.4088761394e-07,0.0,0.0,7.3339553567e-08,0.0,0.0,0.0,0.0,-1.2586545476e-07,0.24042952369,0.018037423416,-0.020726945187,0.039817120636
naca0006,ok,,5.5785856133,142474668.54,85184.63465,271540.64873,44524769.308,67077.358039,11924406.084,0.0,0.0,0.0,-0.14754330002,-35332007.345,-0.32901714731,-0.093576361977,0.0,0.0,916.50150722,0.0,0.0,0.0,0.0,-0.11604496117,0.0,0.0,0.0,6.2761175302e-14,2.0796674729e-08,2.713106548e-14,2.4379146654e-14,0.0,0.0,-3.962206145e-08,0.0,0.0,0.0,0.0,1.9082636399e-13,0.24798799468,-1.0355756678e-09,0.0033751908287,2.0767287008e-09
naca0008,ok,,5.6047678557,143143351.71,152128.66214,44642240.352,480028.64309,120604.51752,12069848.124,0.0,0.0,0.0,0.33879238414,-35361307.81,0.0037789787333,-0.34217922765,0.0,0.0,2222.2927342,0.0,0.0,0.0,0.0,-0.010570195483,0.0,0.0,0.0,-3.2033789516e-14,2.0467053806e-08,-4.0961105473e-16,5.0387036735e-14,0.0,0.0,-3.0431479564e-08,0.0,0.0,0.0,0.0,-5.0233025482e-14,0.24703423098,2.3668048854e-09,0.0046295002729,7.6653124874e-09
naca000834,ok,,5.5866576118,142680823.9,161046.86671,475288.47096,44494847.696,125203.73312,11952159.239,0.0,0.0,0.0,0.048794329487,-35530500.291,0.19797954381,0.58082939831,0.0,0.0,55857.702403,0.0,0.0,0.0,0.0,-0.050841507504,0.0,0.0,0.0,3.707003368e-15,2.0834800369e-08,-2.1723165e-16,-7.7809250983e-14,0.0,0.0,-7.2974899978e-07,0.0,0.0,0.0,0.0,2.585490587e-14,0.24902085172,3.4198239226e-10,0.1175237899,-1.2530936072e-08
naca0010,ok,,5.6312611741,143819979.63,238178.72049,745498.77541,44733724.598,189901.82487,12211043.254,0.0,0.0,0.0,-0.54990071854,-35321159.944,-1.138417868,-0.48923242951,0.0,0.0,5785.0496529,0.0,0.0,0.0,0.0,-0.07096567957,0.0,0.0,0.0,4.1953413496e-14,2.0112356795e-08,3.3786672831e-14,4.5088260364e-14,0.0,0.0,-3.2580459009e-08,0.0,0.0,0.0,0.0,8.8842736901e-14,0.24559285877,-3.8235349496e-09,0.0077599720397,1.0739064163e-08
naca001034a08cli0.2,ok,,5.6111509619,143306373.49,252346.31905,752934.95629,44550089.16,199156.04305,12074123.624,0.0,0.0,0.0,1339106.2871,-35569121.536,-34249.488104,-715657.31203,0.0,0.0,91375.778809,0.0,0.0,0.0,0.0,-324001.34429,0.0,0.0,0.0,-4.7783636911e-08,2.0589766395e-08,-6.6137165154e-09,6.3291499838e-08,0.0,0.0,-4.780282219e-07,0.0,0.0,0.0,0.0,-3.4804946132e-09,0.24820334693,0.0093443596019,0.1206286622,0.015971377011
naca001035,ok,,5.6056814577,143166684.71,269868.91308,765214.63615,44535108.849,206408.19951,12046600.34,0.0,0.0,0.0,0.14721014523,-35702061.359,-1.0808254525,-0.84715416187,0.0,0.0,162950.94424,0.0,0.0,0.0,0.0,-0.078379893637,0.0,0.0,0.0,-8.0254415623e-16,2.0700785322e-08,2.0783371692e-14,5.1336461138e-14,0.0,0.0,-7.8907948663e-07,0.0,0.0,0.0,0.0,1.6758178831e-14,0.24937408749,1.0282430269e-09,0.21294802339,1.3854114969e-08
naca001034,ok,,5.6067680511,143194435.84,252314.44981,740759.82941,44537979.338,197017.04756,12051689.474,0.0,0.0,0.0,-0.0039336034066,-35562789.924,-0.47162486027,-0.10707303739,0.0,0.0,88092.090704,0.0,0.0,0.0,0.0,-0.077228653771,0.0,0.0,0.0,8.3194758734e-15,2.0607331078e-08,1.3755585106e-14,4.5371721518e-15,0.0,0.0,-4.7132163052e-07,0.0,0.0,0.0,0.0,3.2937147351e-14,0.24835315504,-2.7470364917e-11,0.11892125789,1.1447940952e-09
naca001064,ok,,5.6271733692,143715578.85,265853.72405,776332.25873,44709271.35,205371.76964,12186745.954,0.0,0.0,0.0,0.099039990675,-35424417.033,-0.61743505951,-0.051947769466,0.0,0.0,71189.257535,0.0,0.0,0.0,0.0,-0.05131731789,0.0,0.0,0.0,-7.0582948019e-16,2.0226051355e-08,1.7824809458e-14,-3.9295383762e-16,0.0,0.0,-3.4492453112e-07,0.0,0.0,0.0,0.0,1.0749891874e-14,0.24648974951,6.8913886348e-10,0.091699471115,-1.0446824111e-10
naca001065,ok,,5.6279085237,143734354.38,289821.51053,812128.3479,44721152.375,217973.76469,12193733.13,0.0,0.0,0.0,-0.38303294715,-35551237.648,-1.317247309,-0.17304548807,0.0,0.0,141909.31883,0.0,0.0,0.0,0.0,0.048041935326,0.0,0.0,0.0,1.6571192752e-14,2.028418001e-08,3.7038672415e-14,-4.4075620292e-15,0.0,0.0,-6.0291436256e-07,0.0,0.0,0.0,0.0,1.7569187149e-14,0.24733987779,-2.6648670654e-09,0.17473755127,-1.277406285e-09
naca001234,ok,,5.6298806326,143784721.19,363554.55564,1062579.4368,44577262.487,285230.71521,12163983.745,0.0,0.0,0.0,0.1031680243,-35598982.724,-1.3127688578,-1.1102987954,0.0,0.0,128227.53645,0.0,0.0,0.0,0.0,-0.11940324307,0.0,0.0,0.0,4.1822743461e-15,2.0353964702e-08,2.0626988472e-14,5.8735270713e-14,0.0,0.0,-3.3193290006e-07,0.0,0.0,0.0,0.0,2.705266664e-14,0.24758529577,7.1751729562e-10,0.12067571799,2.1353475245e-08
naca001066,ok,,5.6380624122,143993680.31,326601.44992,900813.06541,44790211.119,240337.48154,12258112.428,0.0,0.0,0.0,-0.22381600712,-35703561.401,-2.0870938136,-1.0851417157,0.0,0.0,205688.32958,0.0,0.0,0.0,0.0,-0.040675145414,0.0,0.0,0.0,1.4561407019e-14,2.0227606973e-08,4.2228486999e-14,4.1602380785e-14,0.0,0.0,-6.9912827416e-07,0.0,0.0,0.0,0.0,3.2643617439e-14,0.24795228043,-1.5543460424e-09,0.22833630802,1.3587397885e-08
naca001264,ok,,5.6557383345,144445115.74,382613.06095,1110276.3224,44792260.084,297308.98572,12335978.252,0.0,0.0,0.0,0.10926813411,-35421742.616,-1.9572295389,-1.1031249687,0.0,0.0,104975.76608,0.0,0.0,0.0,0.0,-0.14508080084,0.0,0.0,0.0,5.3645237074e-15,1.9878951163e-08,3.4290802088e-14,5.3568962252e-14,0.0,0.0,-2.4711447383e-07,0.0,0.0,0.0,0.0,3.2251464307e-14,0.24522630921,7.5646818207e-10,0.094549225236,2.0496184619e-08
naca001264a08cli0.2,ok,,5.6360106395,143941278.92,325497.18639,941362.6213,44681269.183,252213.77669,12218917.784,0.0,0.0,0.0,1849944.6744,-35576528.506,-525146.28372,-1024731.0312,0.0,0.0,154920.89411,0.0,0.0,0.0,0.0,-311389.68012,0.0,0.0,0.0,-6.2646315609e-08,2.0978438347e-08,2.6229946282e-09,6.4988708837e-08,0.0,0.0,-4.6622103009e-07,0.0,0.0,0.0,0.0,-4.7324176204e-08,0.24716001394,0.012852078905,0.15175363353,0.021153641873
naca0015,ok,,5.7111002722,145859035.73,533246.77111,1636884.4605,44936700.101,432593.97955,12623565.464,0.0,0.0,0.0,-0.079220755343,-35211405.091,1.4958419869,0.60247878474,0.0,0.0,27863.324519,0.0,0.0,0.0,0.0,0.030493740363,0.0,0.0,0.0,7.5292638901e-16,1.9123526456e-08,-1.9926150128e-14,-2.4080121669e-14,0.0,0.0,-3.1921748594e-08,0.0,0.0,0.0,0.0,-2.0819523202e-15,0.24140708812,-5.4313231229e-10,0.017022169366,-1.2840647128e-08
naca0018,ok,,5.7670836264,147288826.43,762873.90731,2314170.6663,45028471.345,626738.72289,12903858.807,0.0,0.0,0.0,-0.58975381127,-35151898.94,0.47883130398,0.47641106831,0.0,0.0,53156.781013,0.0,0.0,0.0,0.0,0.045606237663,0.0,0.0,0.0,9.1964572573e-15,1.8495215112e-08,-4.2839372496e-15,-1.3548706984e-14,0.0,0.0,-3.0109984262e-08,0.0,0.0,0.0,0.0,1.1764573176e-14,0.2386596444,-4.0040634824e-09,0.022970121343,-1.0335955036e-08
naca0021,ok,,5.828312693,148852590.36,1029740.0881,3086598.5749,45091290.611,857990.88663,13203823.363,0.0,0.0,0.0,-0.68402000718,-35103176.19,2.2472134972,0.97947185986,0.0,0.0,89470.908339,0.0,0.0,0.0,0.0,0.56532168964,0.0,0.0,0.0,-3.0542606132e-15,1.7860364231e-08,-1.5575442363e-14,-1.9691721713e-14,0.0,0.0,-2.8149719707e-08,0.0,0.0,0.0,0.0,-3.566256172e-14,0.23582509451,-4.5952845397e-09,0.028986894852,-2.0277355252e-08
naca0024,ok,,5.8941890844,150535044.96,1332021.6609,3945616.1846,45121432.751,1127028.7143,13519758.073,0.0,0.0,0.0,-2.9425475526,-35066188.565,1.6079171332,0.5038089351,0.0,0.0,138135.79252,0.0,0.0,0.0,0.0,-0.61282874183,0.0,0.0,0.0,3.7191952161e-14,1.7229871043e-08,-8.7709472423e-15,-7.4458494872e-15,0.0,0.0,-2.6283312583e-08,0.0,0.0,0.0,0.0,8.5204657533e-14,0.23294368813,-1.9547259267e-08,0.035009941681,-9.9180328007e-09
naca1408,ok,,5.6062796184,143181961.48,152174.41817,488243.71635,44640215.647,121851.649,12075911.052,0.0,0.0,0.0,954660.1529,-35367053.731,-82237.442307,-543413.32919,0.0,0.0,4075.1850073,0.0,0.0,0.0,0.0,-211802.35164,0.0,0.0,0.0,-5.8747414188e-08,2.0571452885e-08,3.2699866493e-09,7.991896206e-08,0.0,0.0,-4.1374889123e-08,0.0,0.0,0.0,0.0,-1.6314370854e-08,0.2470077471,0.0066674610615,0.006296199679,0.012161621552
naca1410,ok,,5.6328492602,143860538.66,238928.56377,755598.93566,44730620.012,191801.21168,12217186.884,0.0,0.0,0.0,955059.81302,-35327440.316,-81485.941501,-535730.98666,0.0,0.0,7658.2387837,0.0,0.0,0.0,0.0,-210848.33807,0.0,0.0,0.0,-3.7094644594e-08,2.0172134001e-08,1.9682260946e-09,5.0059978713e-08,0.0,0.0,-3.7013878324e-08,0.0,0.0,0.0,0.0,-1.0106852441e-08,0.24556727401,0.0066387893575,0.0088436727875,0.011960758816
naca1412,ok,,5.662458452,144616744.64,342805.09292,1072325.146,44818685.706,276254.68887,12372662.731,0.0,0.0,0.0,971350.85621,-35282005.487,-85166.749744,-540903.87058,0.0,0.0,14018.046486,0.0,0.0,0.0,0.0,-212057.22879,0.0,0.0,0.0,-2.6092314584e-08,1.9771032384e-08,1.3464141636e-09,3.5138737821e-08,0.0,0.0,-3.5337850352e-08,0.0,0.0,0.0,0.0,-7.2914696903e-09,0.24396902016,0.0067167246688,0.012113995074,0.012045738284
naca16006,ok,,5.5711230841,142284078.77,98634.819945,281130.53568,44466373.403,74255.894891,11877016.59,0.0,0.0,0.0,-0.050383704485,-35510615.361,0.15268961067,0.45795833307,0.0,0.0,56017.306553,0.0,0.0,0.0,0.0,-0.051883754311,0.0,0.0,0.0,2.3009468176e-14,2.1013312965e-08,7.2089530859e-15,-9.7478425251e-14,0.0,0.0,-2.0201515303e-06,0.0,0.0,0.0,0.0,7.308705902e-14,0.24957546669,-3.5410641107e-10,0.19925728245,-9.6147669231e-09
naca16009,ok,,5.6051105329,143152103.54,226106.24576,636900.18011,44600657.456,171403.47176,12061068.501,0.0,0.0,0.0,-0.030740322949,-35599692.475,-0.52981060874,0.21538706765,0.0,0.0,128598.33959,0.0,0.0,0.0,0.0,-0.36821787444,0.0,0.0,0.0,4.6466743291e-14,2.0618768769e-08,2.5105638395e-14,-3.1966191068e-14,0.0,0.0,-8.9299994146e-07,0.0,0.0,0.0,0.0,1.8181244801e-13,0.24868438252,-2.1473888395e-10,0.20191286423,-7.2277554536e-09
naca16012,ok,,5.6372898111,143973948.41,398069.19629,1117443.7866,44654003.79,303924.45818,12217851.947,0.0,0.0,0.0,-0.28927136462,-35734096.162,-3.1337003189,-1.7068993832,0.0,0.0,224790.16323,0.0,0.0,0.0,0.0,-0.018150346123,0.0,0.0,0.0,1.2622913992e-14,2.0314401348e-08,5.0618798208e-14,6.0561828753e-14,0.0,0.0,-5.0535090258e-07,0.0,0.0,0.0,0.0,2.4222907729e-14,0.24819834807,-2.0091924116e-09,0.20116462763,2.4107798497e-08
naca16015,ok,,5.6804910463,145077289.31,619821.26102,1726910.5313,44737523.895,477758.46417,12433209.713,0.0,0.0,0.0,0.11570845374,-35881707.014,0.32473112529,-0.10048187439,0.0,0.0,350126.02982,0.0,0.0,0.0,0.0,-0.052399667759,0.0,0.0,0.0,-6.7918328889e-16,1.9892547522e-08,-5.4192970096e-15,5.9980000867e-15,0.0,0.0,-3.271056849e-07,0.0,0.0,0.0,0.0,4.003605633e-15,0.24732821508,7.9756421068e-10,0.2027470581,3.7176879774e-09
naca16018,ok,,5.7302566181,146348280.53,887361.50856,2453115.4718,44810688.192,691516.15236,12677892.148,0.0,0.0,0.0,1.4139310213,-36065104.708,-0.90120762291,-0.57191598629,0.0,0.0,501772.39765,0.0,0.0,0.0,0.0,-0.41271610811,0.0,0.0,0.0,-1.2164584915e-14,1.9438042186e-08,6.2045976279e-15,9.7471464485e-15,0.0,0.0,-2.305091607e-07,0.0,0.0,0.0,0.0,7.3316432352e-15,0.24643340241,9.6614119152e-09,0.20454495657,8.6492425767e-09
naca16021,ok,,5.7860881146,147774192.85,1198526.2343,3285721.2137,44869196.661,945737.06083,12948971.123,0.0,0.0,0.0,3.7730607561,-36284585.034,-1.3242872633,-2.95558106,0.0,0.0,677736.8134,0.0,0.0,0.0,0.0,-1.3376454696,0.0,0.0,0.0,-1.875284373e-14,1.896218164e-08,-1.306110483e-15,4.9880589053e-14,0.0,0.0,-1.721007726e-07,0.0,0.0,0.0,0.0,3.3577863927e-14,0.24554074248,2.5532609472e-08,0.2062672909,5.9783194563e-08
naca23012,ok,,5.6740328397,144912349.5,344744.88747,1070805.9881,44906490.676,277666.18662,12447755.379,0.0,0.0,0.0,1484219.5592,-35205451.883,-713655.47568,-768076.21688,0.0,0.0,24615.950633,0.0,0.0,0.0,0.0,-155751.41801,0.0,0.0,0.0,-5.1273837779e-08,2.036637856e-08,1.4272550286e-08,4.90919605e-08,0.0,0.0,-3.3599139977e-08,0.0,0.0,0.0,0.0,-5.926227926e-08,0.24294307561,0.010242188221,0.01158313173,0.016924202398
naca23015,ok,,5.7183066656,146043083.91,533639.58501,1639911.2126,44970605.911,434007.19496,12665457.357,0.0,0.0,0.0,1521276.2276,-35186446.089,-741326.91272,-764396.47267,0.0,0.0,40779.330356,0.0,0.0,0.0,0.0,-151618.91521,0.0,0.0,0.0,-3.3413291496e-08,1.95955544e-08,9.5140576434e-09,3.133063692e-08,0.0,0.0,-3.2186363606e-08,0.0,0.0,0.0,0.0,-3.9095701046e-08,0.24093195753,0.010416626292,0.017175917717,0.016719268084
naca23018,ok,,5.7738992848,147462895.4,762944.43507,2313737.221,45064044.781,627799.37939,12945042.296,0.0,0.0,0.0,1569317.0677,-35125454.335,-772967.86633,-758270.25398,0.0,0.0,66001.610665,0.0,0.0,0.0,0.0,-146748.87049,0.0,0.0,0.0,-2.3601095876e-08,1.8820816819e-08,6.9200700857e-09,2.1546627005e-08,0.0,0.0,-3.000974406e-08,0.0,0.0,0.0,0.0,-2.7939379249e-08,0.23819859388,0.010642114842,0.022895767228,0.016438879168
naca23021,ok,,5.8358142095,149044175.85,1029996.7964,3082044.8369,45136059.728,859002.30219,13251258.551,0.0,0.0,0.0,1631817.6679,-35068226.019,-820710.20874,-754293.86946,0.0,0.0,103158.88768,0.0,0.0,0.0,0.0,-139237.89308,0.0,0.0,0.0,-1.7799210633e-08,1.8091152033e-08,5.4436909072e-09,1.5718334538e-08,0.0,0.0,-2.8164128333e-08,0.0,0.0,0.0,0.0,-2.1497963755e-08,0.23528746305,0.010948550378,0.029008961956,0.016189834219
naca2410,ok,,5.637177784,143971087.29,238333.86281,777487.22797,44724879.035,194954.53451,12234942.895,0.0,0.0,0.0,1924598.5961,-35344515.56,-166517.25548,-1084330.4925,0.0,0.0,13210.813478,0.0,0.0,0.0,0.0,-423706.50765,0.0,0.0,0.0,-7.3588773345e-08,2.0358967106e-08,3.5906066817e-09,1.0154189152e-07,0.0,0.0,-4.95058305e-08,0.0,0.0,0.0,0.0,-2.0449482178e-08,0.24549731634,0.013367952082,0.011798915815,0.024200871243
naca2411,ok,,5.637233789,143972517.64,288289.79535,956054.46575,44625771.937,238294.36289,12209397.235,0.0,0.0,0.0,2427417.7944,-34885093.379,-187009.27746,-1349809.1953,0.0,0.0,19743.323307,0.0,0.0,0.0,0.0,-533076.73382,0.0,0.0,0.0,-7.534106735e-08,2.018608579e-08,2.8404820911e-09,1.0470748494e-07,0.0,0.0,-5.1108064664e-08,0.0,0.0,0.0,0.0,-1.8937008454e-08,0.24230383654,0.016860285798,0.014733933503,0.030186099405
naca2408,ok,,5.6106197895,143292807.57,152195.72836,513038.6438,44631828.454,125563.93837,12092844.503,0.0,0.0,0.0,1909139.2415,-35385330.895,-163378.25565,-1086488.5802,0.0,0.0,9734.2074986,0.0,0.0,0.0,0.0,-423579.35557,0.0,0.0,0.0,-1.1389179376e-07,2.0871879695e-08,5.3432924613e-09,1.5967998407e-07,0.0,0.0,-7.3728628661e-08,0.0,0.0,0.0,0.0,-3.1527104412e-08,0.24694422208,0.013323343117,0.01122118234,0.024302611481
naca23024,ok,,5.888202577,150382152.17,1335364.5576,3952651.3856,45079537.048,1127137.344,13479790.309,0.0,0.0,0.0,1693155.5638,-34737774.65,-856000.21712,-746020.31327,0.0,0.0,160855.20046,0.0,0.0,0.0,0.0,-132683.03346,0.0,0.0,0.0,-1.3914094764e-08,1.7410259956e-08,4.3637063324e-09,1.1870055884e-08,0.0,0.0,-2.7779322564e-08,0.0,0.0,0.0,0.0,-1.7009179426e-08,0.23099665851,0.011259019367,0.037095522785,0.015850851924
naca2412,ok,,5.6668706254,144729429.64,342545.84224,1094631.4129,44812499.475,279872.15008,12390758.05,0.0,0.0,0.0,1947834.0553,-35304374.568,-165631.79476,-1084169.5218,0.0,0.0,19149.133869,0.0,0.0,0.0,0.0,-426473.85182,0.0,0.0,0.0,-5.1510523452e-08,1.9889376288e-08,2.4016495349e-09,7.048012425e-08,0.0,0.0,-4.0381910051e-08,0.0,0.0,0.0,0.0,-1.4034251663e-08,0.24393362605,0.013458451817,0.01383265539,0.024142673522
naca2415,ok,,5.7168503038,146005889.05,533179.81273,1665582.6112,44929044.947,437678.76652,12647363.345,0.0,0.0,0.0,1979942.5156,-35236819.727,-173749.99622,-1078127.3093,0.0,0.0,34817.147744,0.0,0.0,0.0,0.0,-426649.41281,0.0,0.0,0.0,-3.3214364227e-08,1.9216859241e-08,1.4961556321e-09,4.4873107547e-08,0.0,0.0,-3.451054581e-08,0.0,0.0,0.0,0.0,-9.2470059356e-09,0.2413383457,0.013560703123,0.018400326352,0.023925435078
naca2418,ok,,5.7727851804,147434441.66,763350.09731,2342096.1294,45022273.798,632326.52285,12928175.298,0.0,0.0,0.0,2018599.4789,-35175416.725,-185799.56044,-1070528.8352,0.0,0.0,60001.146558,0.0,0.0,0.0,0.0,-426613.53967,0.0,0.0,0.0,-2.3257091869e-08,1.8553812007e-08,1.0258312205e-09,3.102147828e-08,0.0,0.0,-3.1089019535e-08,0.0,0.0,0.0,0.0,-6.7268538742e-09,0.23858344312,0.013691505568,0.023731806087,0.023680248464
naca2424,ok,,5.8854693873,150312347.66,1335327.645,3987092.9978,45008498.644,1132408.1623,13446798.332,0.0,0.0,0.0,2120654.5553,-34803511.78,-216223.98756,-1047210.5009,0.0,0.0,153510.49028,0.0,0.0,0.0,0.0,-426554.95106,0.0,0.0,0.0,-1.343859645e-08,1.7283921676e-08,5.6101866095e-10,1.7290614656e-08,0.0,0.0,-2.7887607919e-08,0.0,0.0,0.0,0.0,-4.2334654343e-09,0.23154126938,0.014108319033,0.037239093807,0.023088635749
naca2421,ok,,5.8340629943,148999450.57,1030192.9226,3113120.3408,45087059.835,863743.62954,13229172.928,0.0,0.0,0.0,2065240.4983,-35122131.064,-197681.75281,-1062270.1124,0.0,0.0,95129.834342,0.0,0.0,0.0,0.0,-427924.49555,0.0,0.0,0.0,-1.726184781e-08,1.7895412296e-08,7.4733453285e-10,2.2746699199e-08,0.0,0.0,-2.8209283901e-08,0.0,0.0,0.0,0.0,-5.1540838141e-09,0.23571986963,0.013860725595,0.029061004626,0.023433488527
naca4412,ok,,5.6842064281,145172178.56,343838.01394,1191168.9352,44784534.591,295904.86984,12460914.255,0.0,0.0,0.0,3891401.017,-35375646.542,-332272.09051,-2161874.4173,0.0,0.0,42023.194404,0.0,0.0,0.0,0.0,-849824.97776,0.0,0.0,0.0,-9.7087423798e-08,2.0323831059e-08,3.1765256811e-09,1.3993125246e-07,0.0,0.0,-6.3435237727e-08,0.0,0.0,0.0,0.0,-2.6695820544e-08,0.24368062044,0.026805418612,0.021811446154,0.048113683936
naca4415,ok,,5.7210069817,146112048.81,539200.72249,1773394.4166,44810043.963,456787.38713,12634060.859,0.0,0.0,0.0,3981904.011,-35011725.345,-318543.3728,-2159383.129,0.0,0.0,62683.770759,0.0,0.0,0.0,0.0,-859205.39392,0.0,0.0,0.0,-6.3599886759e-08,1.9445491777e-08,1.6325668617e-09,8.9025313705e-08,0.0,0.0,-4.9497164972e-08,0.0,0.0,0.0,0.0,-1.6452407262e-08,0.23962243791,0.027252400082,0.026688907114,0.04800251347
naca4418,ok,,5.7890400566,147849584.18,764206.44883,2423717.6185,44999919.935,648394.42694,12996300.781,0.0,0.0,0.0,4039421.0764,-35247545.543,-371694.61128,-2141380.8694,0.0,0.0,82436.682203,0.0,0.0,0.0,0.0,-852417.59368,0.0,0.0,0.0,-4.5262012084e-08,1.8730351383e-08,1.7521885932e-09,6.198469175e-08,0.0,0.0,-3.4954343476e-08,0.0,0.0,0.0,0.0,-1.3123239508e-08,0.23840138435,0.027321152771,0.026712334699,0.047369101164
naca4421,ok,,5.849339904,149389616.25,1032122.0666,3186279.8677,45069117.109,880147.50959,13294743.071,0.0,0.0,0.0,4134984.3899,-35200314.253,-397743.25718,-2125478.8739,0.0,0.0,120845.49039,0.0,0.0,0.0,0.0,-855171.71499,0.0,0.0,0.0,-3.3844848356e-08,1.8028225998e-08,1.3145603302e-09,4.542256234e-08,0.0,0.0,-3.1039559483e-08,0.0,0.0,0.0,0.0,-1.0182142795e-08,0.23562758333,0.027679195473,0.03203661428,0.046881628913
naca63206,ok,,5.4902918518,140219683.98,75413.900532,266444.09954,43705523.32,62568.511365,11316613.332,0.0,0.0,0.0,1125764.2048,-33653365.659,27235.866857,-554937.07471,0.0,0.0,5149.9358621,0.0,0.0,0.0,0.0,-277155.54992,0.0,0.0,0.0,-1.2595496338e-07,2.1130627343e-08,-5.8151260436e-09,1.6853713422e-07,0.0,0.0,-2.7350776977e-07,0.0,0.0,0.0,0.0,9.8394973528e-09,0.24000457499,0.0080285746824,0.020626287744,0.012710042676
naca4424,ok,,5.9016114126,150724608.02,1338218.821,4052264.238,45012015.342,1149262.4792,13522746.802,0.0,0.0,0.0,4244351.1156,-34866037.409,-423939.95026,-2094595.6915,0.0,0.0,175327.51404,0.0,0.0,0.0,0.0,-854590.24927,0.0,0.0,0.0,-2.639366857e-08,1.7356195146e-08,9.9938734359e-10,3.4506343706e-08,0.0,0.0,-2.8690394381e-08,0.0,0.0,0.0,0.0,-8.1863065202e-09,0.23132279372,0.028159642751,0.038394025743,0.046177038593
naca63209,ok,,5.5397528499,141482896.53,169578.96014,582063.39678,44036728.253,141469.56754,11630983.363,0.0,0.0,0.0,1141445.2916,-34073230.07,20311.298169,-570234.74114,0.0,0.0,7998.2216026,0.0,0.0,0.0,0.0,-280378.45617,0.0,0.0,0.0,-5.6225193419e-08,2.0679333455e-08,-1.8767426945e-09,7.6398749964e-08,0.0,0.0,-8.3695590671e-08,0.0,0.0,0.0,0.0,3.3334506385e-09,0.24082932218,0.0080677263442,0.014193011235,0.012955620575
naca632615,ok,,5.6563267891,144460144.64,455290.25092,1593182.0588,44300933.521,401082.92918,12205443.455,0.0,0.0,0.0,3516584.7397,-34512757.176,11330.799101,-1712443.2155,0.0,0.0,17450.2113,0.0,0.0,0.0,0.0,-844747.132,0.0,0.0,0.0,-6.0468284501e-08,1.9551118863e-08,-1.1138810712e-09,8.4907732612e-08,0.0,0.0,-2.4661124632e-08,0.0,0.0,0.0,0.0,9.407063943e-10,0.23890850493,0.024342940737,0.011227969622,0.038657662886
naca632a015,ok,,5.6744721034,144923568.09,499713.36942,1559329.4956,44610996.075,412752.44614,12369550.769,0.0,0.0,0.0,1377335.4033,-34946210.075,-629511.78872,-701126.80875,0.0,0.0,72791.090448,0.0,0.0,0.0,0.0,-151108.53733,0.0,0.0,0.0,-3.1569871725e-08,1.9960693581e-08,7.8268509024e-09,3.0318441585e-08,0.0,0.0,-8.0699353922e-08,0.0,0.0,0.0,0.0,-3.5454636638e-08,0.24113545185,0.0095038745009,0.040326546058,0.0151505306
naca633018,ok,,5.681289403,145097679.0,646890.28309,2171238.4192,44232826.915,562257.79199,12296397.966,0.0,0.0,0.0,-0.54771933717,-34286762.589,0.28419016455,-0.084248493634,0.0,0.0,10689.520885,0.0,0.0,0.0,0.0,-0.021511193681,0.0,0.0,0.0,1.1872531474e-14,1.9217111253e-08,-2.973817235e-15,2.993229534e-15,0.0,0.0,-7.6106210399e-09,0.0,0.0,0.0,0.0,2.1831575219e-14,0.23630124773,-3.7748318302e-09,0.004923236799,1.9362911006e-09
naca633218,ok,,5.6949603696,145446829.58,644586.63928,2168247.8183,44298142.012,563923.91942,12373875.258,0.0,0.0,0.0,1210580.6013,-34480709.336,-21121.066993,-577737.94269,0.0,0.0,7193.215864,0.0,0.0,0.0,0.0,-281102.63588,0.0,0.0,0.0,-1.4959396073e-08,1.9165828323e-08,1.5535203058e-10,2.0230821843e-08,0.0,0.0,-4.9496535155e-09,0.0,0.0,0.0,0.0,-8.4360662295e-10,0.23706745232,0.0083231831511,0.0031904805252,0.013040517462
naca633418,ok,,5.6896844127,145312083.92,645131.61889,2188618.7203,44251718.641,565925.84965,12338663.317,0.0,0.0,0.0,2392603.2319,-34310024.76,879.9563324,-1130754.2219,0.0,0.0,14182.294107,0.0,0.0,0.0,0.0,-566617.60287,0.0,0.0,0.0,-2.9037131966e-08,1.9132015692e-08,-2.6615866916e-10,3.9608823373e-08,0.0,0.0,-1.0060418725e-08,0.0,0.0,0.0,0.0,2.4254777536e-10,0.23611267442,0.016465273688,0.0064902942189,0.025552904345
naca634221,ok,,5.749052026,146828307.14,856699.20668,2865074.0548,44291201.807,761639.89766,12612099.77,0.0,0.0,0.0,1212511.7928,-34522731.569,-16647.430837,-564577.88633,0.0,0.0,11117.632029,0.0,0.0,0.0,0.0,-281373.38853,0.0,0.0,0.0,-1.0933386695e-08,1.8645886835e-08,7.4559294665e-11,1.4877479266e-08,0.0,0.0,-4.4430216707e-09,0.0,0.0,0.0,0.0,-3.868654903e-10,0.23512313287,0.0082580247397,0.0038063331405,0.012745524684
naca633618,ok,,5.7090994914,145807936.65,642420.73966,2209320.0506,44336637.201,571301.36212,12447681.638,0.0,0.0,0.0,3574323.2209,-34581988.0,-16571.713711,-1705634.6866,0.0,0.0,17762.239128,0.0,0.0,0.0,0.0,-845283.49049,0.0,0.0,0.0,-4.2990824205e-08,1.9062228173e-08,-2.9494721306e-10,5.987852209e-08,0.0,0.0,-1.2065499891e-08,0.0,0.0,0.0,0.0,-3.4541685208e-10,0.2371749357,0.024513914009,0.0077511273644,0.038467204451
naca634421,ok,,5.7549309133,146978451.37,856767.35539,2882526.3456,44302056.0,765499.37656,12641488.652,0.0,0.0,0.0,2425357.8783,-34558923.341,-32612.444995,-1129196.9013,0.0,0.0,14544.427424,0.0,0.0,0.0,0.0,-563007.99019,0.0,0.0,0.0,-2.1732954678e-08,1.8612297231e-08,1.1386926006e-10,2.9745649899e-08,0.0,0.0,-5.5526689778e-09,0.0,0.0,0.0,0.0,-7.5068615491e-10,0.23512918403,0.016501452122,0.0047573455155,0.025485101798
naca63a210,ok,,5.6117350345,143321290.45,224746.14871,719858.40964,44441215.272,184097.62671,12024285.158,0.0,0.0,0.0,1349875.7074,-35138799.857,-24285.722752,-706982.94264,0.0,0.0,31425.125104,0.0,0.0,0.0,0.0,-325259.22189,0.0,0.0,0.0,-5.1791432691e-08,2.041452809e-08,-2.2883729029e-09,7.0678471669e-08,0.0,0.0,-1.9185149393e-07,0.0,0.0,0.0,0.0,-2.573395793e-09,0.24517501724,0.0094185288394,0.043117884385,0.015884714304
naca641112,ok,,5.5931756919,142847292.85,299148.64337,988700.80976,44235282.19,250313.07275,11911978.427,0.0,0.0,0.0,577222.02839,-34455979.152,5138.6987855,-286756.73926,0.0,0.0,25742.577713,0.0,0.0,0.0,0.0,-140736.04594,0.0,0.0,0.0,-1.6021351415e-08,2.0247213807e-08,-6.8270447123e-10,2.1680068385e-08,0.0,0.0,-8.7148863493e-08,0.0,0.0,0.0,0.0,5.0480687402e-10,0.2412084854,0.0040408328144,0.026070464285,0.0064855630456
naca6412,ok,,5.716437657,145995350.23,346313.70449,1359183.992,44772310.271,323868.93449,12602066.71,0.0,0.0,0.0,5876610.4616,-35432606.507,-475792.00696,-3250941.2427,0.0,0.0,79864.571022,0.0,0.0,0.0,0.0,-1283256.5615,0.0,0.0,0.0,-1.3277056728e-07,2.0767599778e-08,8.6274631153e-10,2.0866833865e-07,0.0,0.0,-9.6255297695e-08,0.0,0.0,0.0,0.0,-3.5031472747e-08,0.24269681501,0.040252038522,0.033334528722,0.072264705369
naca64206,ok,,5.4931288065,140292138.58,76563.759218,264180.4516,43838901.778,63056.079948,11382842.67,0.0,0.0,0.0,1131608.3224,-33814126.325,27753.402334,-567879.89405,0.0,0.0,10740.622873,0.0,0.0,0.0,0.0,-279944.76558,0.0,0.0,0.0,-1.2550233871e-07,2.1095201565e-08,-9.5198583985e-09,1.6953705966e-07,0.0,0.0,-5.4878742141e-07,0.0,0.0,0.0,0.0,1.0027268536e-08,0.2410265227,0.0080660850554,0.042017227995,0.012980394614
naca64208,ok,,5.531610178,141274936.2,135312.63429,457315.21546,44035440.682,111947.21437,11595866.886,0.0,0.0,0.0,1137911.0579,-34172710.611,20175.545369,-571742.19172,0.0,0.0,15415.463654,0.0,0.0,0.0,0.0,-280621.69754,0.0,0.0,0.0,-7.0948338515e-08,2.0826965519e-08,-4.2952527502e-09,9.6069315043e-08,0.0,0.0,-2.5334970708e-07,0.0,0.0,0.0,0.0,4.1403384881e-09,0.24188799181,0.0080545855374,0.034281416262,0.012999392093
naca64209,ok,,5.5482472575,141699840.03,170635.50257,573346.19573,44103304.261,141611.45329,11684336.381,0.0,0.0,0.0,1140934.8661,-34269336.442,18845.112147,-572788.43928,0.0,0.0,17999.73828,0.0,0.0,0.0,0.0,-280988.7892,0.0,0.0,0.0,-5.6118627164e-08,2.0673887738e-08,-3.1697688658e-09,7.6191801023e-08,0.0,0.0,-1.8648558398e-07,0.0,0.0,0.0,0.0,3.0580085869e-09,0.2418445669,0.0080517724355,0.031821061345,0.013001026259
naca64210,ok,,5.5635586848,142090887.27,209788.16173,701910.63216,44154360.308,174725.77421,11763212.636,0.0,0.0,0.0,1145414.2177,-34352747.208,15034.386515,-573041.57012,0.0,0.0,20799.079998,0.0,0.0,0.0,0.0,-281071.81312,0.0,0.0,0.0,-4.5647824556e-08,2.0536619613e-08,-2.3368802195e-09,6.1911634857e-08,0.0,0.0,-1.4257272426e-07,0.0,0.0,0.0,0.0,2.0189323492e-09,0.24176601236,0.0080611377665,0.029910069734,0.012988328066
naca642215,ok,,5.6428856703,144116864.24,459927.25663,1518540.3237,44311984.289,391840.53967,12148692.803,0.0,0.0,0.0,1170332.3128,-34573603.426,2985.8647177,-571880.89889,0.0,0.0,36511.929824,0.0,0.0,0.0,0.0,-282001.14519,0.0,0.0,0.0,-2.0662121743e-08,1.9744855552e-08,-7.1985945407e-10,2.8064016137e-08,0.0,0.0,-5.2333216098e-08,0.0,0.0,0.0,0.0,2.6020893417e-10,0.23989977584,0.0081207173012,0.024069472511,0.012907405952
naca642415,ok,,5.6488450859,144269065.14,460013.53435,1540426.3612,44318494.67,395748.69676,12176752.266,0.0,0.0,0.0,2341855.345,-34609528.514,6273.2726932,-1144223.5747,0.0,0.0,39889.606278,0.0,0.0,0.0,0.0,-564352.51554,0.0,0.0,0.0,-4.0890307261e-08,1.9692556405e-08,-1.551362093e-09,5.6132863027e-08,0.0,0.0,-5.6520760094e-08,0.0,0.0,0.0,0.0,5.2947104388e-10,0.239895701,0.016232553685,0.026000314615,0.025821876714
naca643218,ok,,5.693410252,145407240.25,649154.42682,2133229.9735,44334149.88,561774.03518,12376751.599,0.0,0.0,0.0,1189398.5862,-34638814.569,-5222.4532441,-569368.47159,0.0,0.0,48402.824341,0.0,0.0,0.0,0.0,-282499.16945,0.0,0.0,0.0,-1.4589345512e-08,1.9248310666e-08,-3.9295466278e-10,1.9779565321e-08,0.0,0.0,-3.4904610196e-08,0.0,0.0,0.0,0.0,-1.2060491705e-10,0.23821932464,0.0081797755335,0.022658482225,0.012839992389
naca643418,ok,,5.6993008706,145557684.1,649970.97024,2153712.3797,44343723.804,565885.0875,12405585.055,0.0,0.0,0.0,2375557.9746,-34674707.235,-16403.093664,-1141936.908,0.0,0.0,52910.8727,0.0,0.0,0.0,0.0,-562588.35529,0.0,0.0,0.0,-2.8952998134e-08,1.9210358134e-08,-7.9349694226e-10,3.9606274199e-08,0.0,0.0,-3.7495755917e-08,0.0,0.0,0.0,0.0,-4.7240439124e-10,0.23821969585,0.016320388643,0.024371152853,0.025742928468
naca643618,ok,,5.7094155382,145816008.35,649408.90187,2187090.0365,44356688.278,572451.78894,12454232.841,0.0,0.0,0.0,3572337.5291,-34739310.875,-13998.544718,-1710072.9909,0.0,0.0,57504.096209,0.0,0.0,0.0,0.0,-848942.66279,0.0,0.0,0.0,-4.2867807037e-08,1.9136641628e-08,-1.4016039973e-09,5.9353281729e-08,0.0,0.0,-4.010686217e-08,0.0,0.0,0.0,0.0,-2.9926632176e-10,0.2382407204,0.024498939242,0.026045753319,0.03854454951
naca644221,ok,,5.7478586638,146797829.19,866879.12395,2836616.0299,44312606.857,762906.57085,12612263.075,0.0,0.0,0.0,1211583.7419,-34678377.893,-14374.979264,-565980.88691,0.0,0.0,62662.353142,0.0,0.0,0.0,0.0,-282972.26384,0.0,0.0,0.0,-1.0898001096e-08,1.8733163227e-08,-2.0998173224e-10,1.4725598307e-08,0.0,0.0,-2.5408157989e-08,0.0,0.0,0.0,0.0,-3.3702631817e-10,0.23623222554,0.0082534172926,0.022025801739,0.01276531376
naca644421,ok,,5.7538108098,146949844.42,867006.19075,2854497.3645,44322984.945,766935.01731,12641932.123,0.0,0.0,0.0,2424105.1425,-34715621.418,-28276.629916,-1132516.42,0.0,0.0,66151.949145,0.0,0.0,0.0,0.0,-566289.02317,0.0,0.0,0.0,-2.1664738993e-08,1.8698066019e-08,-4.5163569264e-10,2.9454040387e-08,0.0,0.0,-2.6437547773e-08,0.0,0.0,0.0,0.0,-6.5852056822e-10,0.23624129413,0.016496139564,0.022921517588,0.025536835358
naca64a010,ok,,5.5934810158,142855090.69,226026.32923,702532.51458,44429231.702,181734.80655,11964314.707,0.0,0.0,0.0,1.2626927123,-34913706.143,-2.5252433723,0.40306257837,0.0,0.0,40269.342471,0.0,0.0,0.0,0.0,0.29949940383,0.0,0.0,0.0,-1.1698845792e-13,2.0427367536e-08,8.4030503817e-14,-5.4550942209e-14,0.0,0.0,-2.5359989967e-07,0.0,0.0,0.0,0.0,-2.7967242169e-13,0.24439945384,8.8389759597e-09,0.057320254416,-1.2329949224e-08
naca64a210,ok,,5.6026680041,143089722.41,225518.51343,714613.11347,44475358.101,183678.06919,12016490.642,0.0,0.0,0.0,1343743.2522,-35119257.789,-24075.389714,-715168.05893,0.0,0.0,42549.935333,0.0,0.0,0.0,0.0,-324275.27295,0.0,0.0,0.0,-5.1741576715e-08,2.0448668397e-08,-3.4410702569e-09,7.1161178309e-08,0.0,0.0,-2.6162313163e-07,0.0,0.0,0.0,0.0,-2.5039580232e-09,0.24543522203,0.0093909138239,0.059000859726,0.016048163147
naca651212,ok,,5.5996682037,143013108.8,313746.51862,1004373.3146,44273525.609,259815.49821,11950403.712,0.0,0.0,0.0,1154628.4643,-34710019.815,8454.6312889,-575121.60734,0.0,0.0,65694.696571,0.0,0.0,0.0,0.0,-282685.14569,0.0,0.0,0.0,-3.088271938e-08,2.0303036592e-08,-2.9054165664e-09,4.1443341905e-08,0.0,0.0,-2.0882459798e-07,0.0,0.0,0.0,0.0,7.8935119058e-10,0.24270516253,0.0080735848205,0.06551799062,0.013002704243
naca64a410,ok,,5.6115594289,143316805.56,225886.16305,756406.34433,44472347.609,190298.54674,12054933.488,0.0,0.0,0.0,2689389.8998,-35165720.98,-47577.764468,-1430105.21,0.0,0.0,50654.018048,0.0,0.0,0.0,0.0,-648951.07109,0.0,0.0,0.0,-9.9780749322e-08,2.0444985127e-08,-7.8111020708e-09,1.420526887e-07,0.0,0.0,-2.8750729217e-07,0.0,0.0,0.0,0.0,-4.7714860462e-09,0.24537053309,0.018765349181,0.064943919078,0.032087736802
naca65209,ok,,5.556651612,141914483.62,178904.99923,578835.23911,44165788.727,146543.44552,11736636.866,0.0,0.0,0.0,1141855.5137,-34531629.696,14104.365447,-575141.34126,0.0,0.0,40412.87258,0.0,0.0,0.0,0.0,-281661.41732,0.0,0.0,0.0,-5.4365744074e-08,2.071458273e-08,-5.6655452052e-09,7.2914261601e-08,0.0,0.0,-3.9202303094e-07,0.0,0.0,0.0,0.0,2.2193424379e-09,0.24332702918,0.0080460815877,0.070134880047,0.013044725915
naca651212a06,ok,,5.6007586632,143040958.66,313813.68007,1013695.8589,44266192.595,261343.07516,11953187.256,0.0,0.0,0.0,1413420.9404,-34708054.73,-144941.41613,-797896.73573,0.0,0.0,69696.199062,0.0,0.0,0.0,0.0,-302312.10914,0.0,0.0,0.0,-4.0966133827e-08,2.0439082281e-08,-5.2534859745e-10,5.6748582048e-08,0.0,0.0,-2.1087839593e-07,0.0,0.0,0.0,0.0,-1.3011449496e-08,0.24264417027,0.009881232296,0.066176525474,0.017808481371
naca65206,ok,,5.5092236165,140703193.08,80100.716804,265900.26401,43957683.979,65278.782871,11480961.28,0.0,0.0,0.0,1132210.2882,-34154715.123,22126.782667,-571766.8924,0.0,0.0,20512.852252,0.0,0.0,0.0,0.0,-280603.44818,0.0,0.0,0.0,-1.214002057e-07,2.1082111535e-08,-1.463451295e-08,1.6287734067e-07,0.0,0.0,-9.7661150205e-07,0.0,0.0,0.0,0.0,7.6952770576e-09,0.24274299946,0.0080467988209,0.078227281353,0.013046591738
naca651412,ok,,5.605732385,143167985.37,313762.31233,1027352.6603,44278953.57,263646.31676,11978475.25,0.0,0.0,0.0,2310176.9504,-34746311.814,17352.119459,-1150432.3623,0.0,0.0,69384.219036,0.0,0.0,0.0,0.0,-565707.36174,0.0,0.0,0.0,-6.0816636095e-08,2.0235450776e-08,-6.0160331648e-09,8.2891133963e-08,0.0,0.0,-2.1664719484e-07,0.0,0.0,0.0,0.0,1.5947734833e-09,0.24269610083,0.01613612809,0.067975724813,0.026008113864
naca65210,ok,,5.5709176073,142278830.98,219952.76224,708572.04068,44208718.84,180778.74626,11809125.579,0.0,0.0,0.0,1145745.1432,-34603373.284,12098.829286,-575383.89942,0.0,0.0,48153.663937,0.0,0.0,0.0,0.0,-281987.82777,0.0,0.0,0.0,-4.4165404522e-08,2.058246969e-08,-4.4264616354e-09,5.9257397922e-08,0.0,0.0,-3.0998005493e-07,0.0,0.0,0.0,0.0,1.5613613014e-09,0.24320816418,0.0080528152737,0.068180969319,0.013033828356
naca652215,ok,,5.6442536869,144151802.8,482497.46269,1535141.9256,44323223.836,404790.98435,12157950.401,0.0,0.0,0.0,1170850.8485,-34824376.79,2615.1456721,-573488.91141,0.0,0.0,96249.247215,0.0,0.0,0.0,0.0,-283869.35502,0.0,0.0,0.0,-2.0015770614e-08,1.9868561878e-08,-1.7208148338e-09,2.6823956981e-08,0.0,0.0,-1.2998894667e-07,0.0,0.0,0.0,0.0,2.0597887074e-10,0.24158127831,0.0081223462057,0.062719336946,0.012942491183
naca652415,ok,,5.650334818,144307112.26,482497.45422,1556546.6996,44330243.782,408703.55753,12186732.553,0.0,0.0,0.0,2342441.7611,-34862151.792,5367.5849143,-1147120.1193,0.0,0.0,99857.88679,0.0,0.0,0.0,0.0,-567942.49257,0.0,0.0,0.0,-3.9617304314e-08,1.981678889e-08,-3.524208326e-09,5.3646857661e-08,0.0,0.0,-1.3314621865e-07,0.0,0.0,0.0,0.0,4.1123756218e-10,0.24158304637,0.016232337578,0.06424271154,0.025884472248
naca652415a05,ok,,5.6549677755,144425435.99,483011.80473,1591811.6587,44305853.414,415039.17148,12200130.239,0.0,0.0,0.0,2839921.3121,-34840997.639,-421610.52794,-1597953.0286,0.0,0.0,118825.19634,0.0,0.0,0.0,0.0,-562696.40784,0.0,0.0,0.0,-5.3204253836e-08,2.0309357167e-08,1.2009324011e-09,7.3394409427e-08,0.0,0.0,-1.3475475585e-07,0.0,0.0,0.0,0.0,-2.4173321198e-08,0.24123865301,0.019663581367,0.065088137817,0.035450366155
naca653218,ok,,5.6920448941,145372369.6,682299.90268,2162589.7149,44323773.205,581116.55321,12368260.287,0.0,0.0,0.0,1190088.14,-34900981.649,-3893.3805616,-570508.81002,0.0,0.0,131826.9406,0.0,0.0,0.0,0.0,-285053.7935,0.0,0.0,0.0,-1.4109629662e-08,1.9411722095e-08,-1.1084207894e-09,1.8856873586e-08,0.0,0.0,-8.9307843216e-08,0.0,0.0,0.0,0.0,-9.2165342631e-11,0.24007988412,0.0081864809887,0.060934732734,0.012866043013
naca653618,ok,,5.7082711193,145786780.38,682463.86754,2215742.4141,44346349.765,591963.90474,12446727.4,0.0,0.0,0.0,3574152.8578,-35004459.06,-10215.978477,-1713383.5745,0.0,0.0,141470.50491,0.0,0.0,0.0,0.0,-856516.38855,0.0,0.0,0.0,-4.1469408863e-08,1.9296334361e-08,-3.4992065802e-09,5.6591627088e-08,0.0,0.0,-9.3293965134e-08,0.0,0.0,0.0,0.0,-2.2577734254e-10,0.2401072235,0.024516302839,0.063669760264,0.038621740693
naca65410,ok,,5.5771309552,142437517.2,219949.03126,732360.2785,44214693.954,184543.6431,11837734.058,0.0,0.0,0.0,2292703.5694,-34640834.035,24406.514677,-1151141.662,0.0,0.0,51777.867635,0.0,0.0,0.0,0.0,-564319.26737,0.0,0.0,0.0,-8.6472057851e-08,2.0495311657e-08,-9.238013346e-09,1.1854922496e-07,0.0,0.0,-3.2538274561e-07,0.0,0.0,0.0,0.0,3.0821866048e-09,0.24320020958,0.016096205652,0.071567619685,0.026074787187
naca654221,ok,,5.7431149946,146676677.92,910352.19363,2875656.6999,44278174.914,788181.22115,12582092.893,0.0,0.0,0.0,1212312.4167,-34972172.08,-11371.817318,-566765.01201,0.0,0.0,172646.83071,0.0,0.0,0.0,0.0,-286399.66896,0.0,0.0,0.0,-1.0550194252e-08,1.8952200533e-08,-7.5312380107e-10,1.4043678436e-08,0.0,0.0,-6.5893986992e-08,0.0,0.0,0.0,0.0,-2.6746158919e-10,0.23843035291,0.0082652023067,0.059986735605,0.012784693471
naca654421,ok,,5.7492031988,146832168.03,910439.52206,2893382.1054,44288836.946,792304.60824,12612301.603,0.0,0.0,0.0,2425499.0439,-35011560.87,-22248.513344,-1134131.5277,0.0,0.0,176189.01245,0.0,0.0,0.0,0.0,-573145.23715,0.0,0.0,0.0,-2.0973330672e-08,1.8914497164e-08,-1.5315469442e-09,2.8093169451e-08,0.0,0.0,-6.6667655723e-08,0.0,0.0,0.0,0.0,-5.2093594998e-10,0.23844612076,0.016518853303,0.060696868613,0.025577131768
naca654421a05,ok,,5.7535510345,146943209.87,911426.82174,2924986.3717,44269508.765,799075.70423,12625937.229,0.0,0.0,0.0,2966754.3982,-34989084.293,-448059.47089,-1579071.2428,0.0,0.0,195516.26518,0.0,0.0,0.0,0.0,-572931.03261,0.0,0.0,0.0,-2.8413974613e-08,1.9161735972e-08,1.0999602306e-09,3.8458585835e-08,0.0,0.0,-6.7336365658e-08,0.0,0.0,0.0,0.0,-1.3231303152e-08,0.23811297115,0.020189802583,0.06137216974,0.035052186656
naca66-018,ok,,5.6960667778,145475086.77,753553.70206,2271123.288,44350357.933,624750.83198,12395025.606,0.0,0.0,0.0,-619.08286486,-35133902.348,-1044.9862674,-542.49624157,0.0,0.0,268799.97467,0.0,0.0,0.0,0.0,425.24653401,0.0,0.0,0.0,-1.7877505573e-12,1.9484548101e-08,8.8914293602e-12,1.2531766578e-11,0.0,0.0,-1.5706314311e-07,0.0,0.0,0.0,0.0,-3.5606656792e-11,0.24151147202,-4.2555937143e-06,0.11835551295,9.4433590983e-06
naca661212,ok,,5.6098301057,143272639.39,345629.50705,1055261.2235,44343535.465,279735.92363,12013845.61,0.0,0.0,0.0,1156235.6166,-34981834.63,7890.6789979,-576661.32053,0.0,0.0,128296.06492,0.0,0.0,0.0,0.0,-284553.88161,0.0,0.0,0.0,-2.8686218451e-08,2.0318084494e-08,-4.7542951415e-09,3.7687920388e-08,0.0,0.0,-3.5203816456e-07,0.0,0.0,0.0,0.0,6.6779763885e-10,0.24416270112,0.0080701774012,0.12167477728,0.013026057345
naca66206,ok,,5.5272235182,141162902.8,87823.964914,277603.44412,44091978.821,70140.666487,11591861.383,0.0,0.0,0.0,1133003.1019,-34522222.356,16311.71545,-575847.75606,0.0,0.0,36486.334671,0.0,0.0,0.0,0.0,-281367.13844,0.0,0.0,0.0,-1.1314145739e-07,2.1055392115e-08,-2.1065600273e-08,1.4926514453e-07,0.0,0.0,-1.505291596e-06,0.0,0.0,0.0,0.0,5.2696326638e-09,0.24455591144,0.0080262099987,0.13220067631,0.013109056816
naca66209,ok,,5.5692369395,142235907.45,196544.55878,606330.34852,44258182.626,157510.65573,11815184.012,0.0,0.0,0.0,1142754.1327,-34819034.363,11087.974336,-577678.97641,0.0,0.0,75938.494068,0.0,0.0,0.0,0.0,-282747.94063,0.0,0.0,0.0,-5.0612266305e-08,2.0706045963e-08,-8.7664548327e-09,6.6569719283e-08,0.0,0.0,-6.3843769831e-07,0.0,0.0,0.0,0.0,1.6143137787e-09,0.24479777988,0.0080342169088,0.12548145572,0.013083916105
naca66210,ok,,5.5824992813,142574621.93,241724.5287,742527.49252,44292729.215,194304.51821,11881585.364,0.0,0.0,0.0,1147159.3466,-34880737.089,9666.778636,-577603.19888,0.0,0.0,91786.854703,0.0,0.0,0.0,0.0,-283314.62075,0.0,0.0,0.0,-4.112714124e-08,2.058138389e-08,-6.9856674182e-09,5.4059898059e-08,0.0,0.0,-5.1208642036e-07,0.0,0.0,0.0,0.0,1.1535969196e-09,0.24464898883,0.0080460276241,0.12378384861,0.01306760338
naca662215,ok,,5.6534038197,144385493.24,532103.56278,1613619.4969,44381350.059,435935.50315,12214986.742,0.0,0.0,0.0,1173019.7667,-35108173.435,4541.3877199,-574066.42786,0.0,0.0,192804.59959,0.0,0.0,0.0,0.0,-286665.81175,0.0,0.0,0.0,-1.8570572641e-08,1.990416399e-08,-2.9716156177e-09,2.433189437e-08,0.0,0.0,-2.2462204839e-07,0.0,0.0,0.0,0.0,2.702797194e-10,0.24315582298,0.0081242217646,0.11952219223,0.012947087683
naca662415,ok,,5.6596280562,144544457.55,532124.84327,1634647.2925,44389069.721,439945.22313,12244600.441,0.0,0.0,0.0,2347295.1791,-35148511.864,9222.1638319,-1148704.5431,0.0,0.0,196764.94764,0.0,0.0,0.0,0.0,-573688.98302,0.0,0.0,0.0,-3.6780957393e-08,1.9850440875e-08,-5.993728451e-09,4.867867842e-08,0.0,0.0,-2.264834894e-07,0.0,0.0,0.0,0.0,5.3891748685e-10,0.24316748258,0.016239261047,0.1205174913,0.025903134125
naca663218,ok,,5.7002920832,145582999.25,753038.10949,2274344.0613,44368198.833,626149.84809,12418665.449,0.0,0.0,0.0,1193341.4998,-35225457.67,451.31410513,-570452.78836,0.0,0.0,267589.20769,0.0,0.0,0.0,0.0,-289133.07761,0.0,0.0,0.0,-1.3078936608e-08,1.9483271665e-08,-2.0135339726e-09,1.7075419343e-08,0.0,0.0,-1.5624455471e-07,0.0,0.0,0.0,0.0,5.0227783381e-11,0.24196134062,0.0081969838919,0.1176581041,0.012858441501
naca663418,ok,,5.7064337008,145739853.51,753065.92126,2293497.7427,44377048.336,630248.67795,12448472.607,0.0,0.0,0.0,2387699.806,-35265154.459,1192.1725364,-1141410.0059,0.0,0.0,271360.93719,0.0,0.0,0.0,0.0,-578605.50178,0.0,0.0,0.0,-2.5968889264e-08,1.9436227255e-08,-4.0537665941e-09,3.4158905047e-08,0.0,0.0,-1.571321636e-07,0.0,0.0,0.0,0.0,1.0781554523e-10,0.24197330799,0.016383300439,0.11833087754,0.025723907298
naca664221,ok,,5.7519331415,146901889.58,1007623.8845,3031170.1805,44315112.479,851403.8884,12634054.036,0.0,0.0,0.0,1216828.7538,-35348212.025,-4116.8043942,-565917.71117,0.0,0.0,354646.01825,0.0,0.0,0.0,0.0,-291976.56952,0.0,0.0,0.0,-9.7473574652e-09,1.9046352113e-08,-1.4506884343e-09,1.2662901849e-08,0.0,0.0,-1.1609724826e-07,0.0,0.0,0.0,0.0,-7.64541003e-11,0.24062462454,0.0082832750299,0.11698236027,0.01275944235
naca671215,ok,,5.6687149428,144776532.71,585612.11158,1705602.9813,44524335.95,466776.88362,12322994.593,0.0,0.0,0.0,1176005.0417,-35336108.679,6377.9515663,-574359.14537,0.0,0.0,275982.07708,0.0,0.0,0.0,0.0,-288976.9793,0.0,0.0,0.0,-1.7319554049e-08,1.9803609226e-08,-3.6557953644e-09,2.2067641631e-08,0.0,0.0,-2.7638999888e-07,0.0,0.0,0.0,0.0,3.3820140098e-10,0.24407345595,0.0081228982327,0.16185733087,0.012923078213
naca747a315,ok,,5.6590593913,144529934.1,495453.35756,1593929.9811,44381086.519,417922.81819,12238480.343,0.0,0.0,0.0,1959338.224,-34791836.848,-823193.97896,-1214846.8638,0.0,0.0,115358.04893,0.0,0.0,0.0,0.0,-226930.32087,0.0,0.0,0.0,-4.394281594e-08,2.0556669757e-08,8.5465424448e-09,5.3088265074e-08,0.0,0.0,-1.1748943362e-07,0.0,0.0,0.0,0.0,-4.7847902444e-08,0.24072408989,0.013556625734,0.058210534366,0.026302759178
naca747a415,ok,,5.6627380317,144623884.98,495600.99281,1609402.7516,44382760.866,420813.55225,12255228.191,0.0,0.0,0.0,2546599.0255,-34791284.724,-819246.67765,-1501604.5833,0.0,0.0,121789.18223,0.0,0.0,0.0,0.0,-368824.91085,0.0,0.0,0.0,-5.3198800682e-08,2.069626692e-08,7.6065860534e-09,6.6114092968e-08,0.0,0.0,-1.178860842e-07,0.0,0.0,0.0,0.0,-4.7273029083e-08,0.24056389253,0.017608426338,0.058424460368,0.032766210114
nacam12,ok,,5.6677279872,144751326.29,355986.9753,1092098.2103,44806596.482,285743.95818,12392531.272,0.0,0.0,0.0,1740196.3982,-35415960.432,-493820.45781,-1047815.2944,0.0,0.0,68813.319869,0.0,0.0,0.0,0.0,-278822.94191,0.0,0.0,0.0,-5.2219592962e-08,2.0365285164e-08,6.7323300384e-09,6.4076257606e-08,0.0,0.0,-1.4727528638e-07,0.0,0.0,0.0,0.0,-4.1497591263e-08,0.24466760574,0.012021972045,0.052428083736,0.022810313134
nacacyh,ok,,5.6674290594,144743691.8,332825.90071,1090706.4515,44765289.363,276383.06044,12380065.5,0.0,0.0,0.0,6404961.4783,-35326528.747,-1398433.3063,-2890911.8874,0.0,0.0,110258.51947,0.0,0.0,0.0,0.0,-1160790.3252,0.0,0.0,0.0,-1.8863636231e-07,2.5873897857e-08,2.5139664974e-08,1.9251892201e-07,0.0,0.0,-5.4648510969e-08,0.0,0.0,0.0,0.0,-1.1761070406e-07,0.2440626483,0.044250366965,0.018188439886,0.064075283619
nacam18,ok,,5.6875216927,145256848.99,360636.76198,1208531.0469,44764311.893,306231.3078,12468022.011,0.0,0.0,0.0,6769118.763,-35428481.81,-903618.08419,-3098671.8591,0.0,0.0,122404.84752,0.0,0.0,0.0,0.0,-1371666.6501,0.0,0.0,0.0,-1.699417789e-07,2.3381692123e-08,7.3379597744e-09,1.8925309412e-07,0.0,0.0,-1.3721384247e-07,0.0,0.0,0.0,0.0,-7.3161306979e-08,0.2439023155,0.046601029901,0.049484355848,0.068251623059
nacam2,ok,,5.6119068985,143325679.78,166200.67498,502158.81165,44700792.526,129088.73592,12116515.892,0.0,0.0,0.0,-0.093246751569,-35496574.988,-0.25878813171,0.032080199468,0.0,0.0,21293.965836,0.0,0.0,0.0,0.0,-0.016095687269,0.0,0.0,0.0,1.1245244544e-14,2.0440178501e-08,1.1774647859e-14,-5.7951703053e-15,0.0,0.0,-2.551424267e-07,0.0,0.0,0.0,0.0,2.5055548811e-14,0.24766374764,-6.5059347153e-10,0.042404843532,-9.6316121634e-10
nacam3,ok,,5.6610614782,144581066.53,356981.23444,1072256.9675,44835818.224,281855.89692,12370952.074,0.0,0.0,0.0,0.10668225096,-35405522.881,0.65455873081,0.17062074177,0.0,0.0,48190.606039,0.0,0.0,0.0,0.0,-0.12111145202,0.0,0.0,0.0,4.0531167399e-15,1.9795043665e-08,-1.3218725609e-14,-8.8221178261e-15,0.0,0.0,-1.2589779504e-07,0.0,0.0,0.0,0.0,2.7241603331e-14,0.24488353649,7.3787151747e-10,0.044943150288,-3.1493305119e-09
nacam6,ok,,5.6519368834,144348028.33,366792.19382,1141888.9343,44662504.414,295044.73146,12283708.554,0.0,0.0,0.0,1591575.6163,-35072040.616,-721238.74735,-1065842.6512,0.0,0.0,77222.191578,0.0,0.0,0.0,0.0,-170260.89496,0.0,0.0,0.0,-5.1868811528e-08,2.0700273094e-08,1.0844592207e-08,6.2766221411e-08,0.0,0.0,-1.4322937116e-07,0.0,0.0,0.0,0.0,-5.9720609209e-08,0.24296861566,0.011025960207,0.052535415266,0.023022160049
nasasc2-0714,ok,,5.7274858719,146277516.87,441151.80869,1428323.5906,44976345.907,376860.68681,12705019.196,0.0,0.0,0.0,540149.33842,-35633953.555,384885.04239,-164877.26028,0.0,0.0,14259.908175,0.0,0.0,0.0,0.0,-259532.16469,0.0,0.0,0.0,-3.2875882855e-09,1.9142821112e-08,-6.0847948172e-09,8.5232169379e-09,0.0,0.0,-2.486840057e-08,0.0,0.0,0.0,0.0,2.6722727629e-08,0.24360513028,0.0036926340422,0.010970739891,0.003760032568
ncambre,ok,,5.6581660423,144507118.35,317933.27329,980544.18541,44827321.718,254760.8216,12355505.918,0.0,0.0,0.0,1106931.5273,-35276802.444,-505733.37014,-589510.02552,0.0,0.0,30600.808961,0.0,0.0,0.0,0.0,-124621.80465,0.0,0.0,0.0,-4.1355290027e-08,2.0248050831e-08,1.0516561456e-08,4.0501725269e-08,0.0,0.0,-7.6812408758e-08,0.0,0.0,0.0,0.0,-4.6256080563e-08,0.24411809499,0.0076600484457,0.024421220546,0.012876846089
nl722343,ok,,5.5927610535,142836703.16,185044.56795,588874.81935,44458776.582,148926.99893,11969460.751,0.0,0.0,0.0,1485325.9973,-34772819.427,-96594.989511,-629121.8825,0.0,0.0,22135.272625,0.0,0.0,0.0,0.0,-337901.10129,0.0,0.0,0.0,-7.3060123707e-08,2.0483511443e-08,1.0071623148e-09,7.6058005316e-08,0.0,0.0,-1.9059049938e-07,0.0,0.0,0.0,0.0,-1.3291688824e-08,0.24344456751,0.010398769815,0.035267736614,0.014074120733
nl722362,ok,,5.5997249832,143014558.92,209765.51536,626454.91204,44546550.035,161370.79608,12023851.879,0.0,0.0,0.0,1262905.5149,-34917338.015,-430815.84718,-721219.19607,0.0,0.0,64123.942597,0.0,0.0,0.0,0.0,-190512.84578,0.0,0.0,0.0,-6.9543774711e-08,2.0989208708e-08,8.7805603297e-09,7.2983991843e-08,0.0,0.0,-4.3484849539e-07,0.0,0.0,0.0,0.0,-6.0726984674e-08,0.24415233161,0.0088306080474,0.091216218741,0.015309524662
nlf0115,ok,,5.6614742382,144591608.24,514652.66968,1594550.1218,44462153.38,424136.32685,12271879.874,0.0,0.0,0.0,2066249.1797,-34862256.264,-272559.60191,-962482.80087,0.0,0.0,119817.5537,0.0,0.0,0.0,0.0,-420751.46419,0.0,0.0,0.0,-3.7278363142e-08,1.9883284944e-08,9.0026524545e-10,4.1212521154e-08,0.0,0.0,-1.3880970162e-07,0.0,0.0,0.0,0.0,-1.4877883443e-08,0.24110843422,0.014290242738,0.071438783517,0.021210134036
nlf0215f,ok,,5.6758454047,144958641.63,478377.98721,1630243.309,44367189.928,420581.52363,12309455.859,0.0,0.0,0.0,4309064.5305,-34899830.261,-7994.2145049,-2016096.5255,0.0,0.0,69675.259133,0.0,0.0,0.0,0.0,-1030863.4892,0.0,0.0,0.0,-7.0984449157e-08,1.9596635817e-08,-3.9274248671e-09,9.4974060006e-08,0.0,0.0,-8.8876052524e-08,0.0,0.0,0.0,0.0,-1.2699375037e-09,0.24075715576,0.029726165215,0.042516347118,0.045433499663
nlf1015,ok,,5.6747467885,144930583.45,513118.27749,1730482.2089,44320972.949,447440.20257,12293703.687,0.0,0.0,0.0,4914861.802,-35117128.461,400991.10011,-2325359.8154,0.0,0.0,125876.38928,0.0,0.0,0.0,0.0,-1307936.2675,0.0,0.0,0.0,-7.0627630899e-08,1.9038863381e-08,-1.4036308805e-08,1.0375569571e-07,0.0,0.0,-1.6544346169e-07,0.0,0.0,0.0,0.0,2.1279130915e-08,0.24230309177,0.033911833411,0.084892064085,0.053238943863
nlf414f,ok,,5.6459495169,144195113.56,467752.57603,1504041.1334,44256083.979,395410.03698,12148110.056,0.0,0.0,0.0,2513075.9048,-34802337.788,-79554.227318,-1290412.2699,0.0,0.0,157002.62793,0.0,0.0,0.0,0.0,-586654.11986,0.0,0.0,0.0,-4.5075874464e-08,1.9941634749e-08,-5.1751262272e-09,6.1941027026e-08,0.0,0.0,-2.1986960878e-07,0.0,0.0,0.0,0.0,-4.1410591038e-09,0.24135587489,0.017428301437,0.1028445759,0.028973074953
nlf415,ok,,5.6484571554,144259157.61,495334.72432,1537228.1731,44274160.377,412230.11535,12162749.007,0.0,0.0,0.0,2236891.5867,-35259587.237,703718.63262,-811615.40518,0.0,0.0,195633.51001,0.0,0.0,0.0,0.0,-759325.67042,0.0,0.0,0.0,-2.7239780652e-08,1.9625745182e-08,-1.5950623411e-08,4.1371228998e-08,0.0,0.0,-2.7379949468e-07,0.0,0.0,0.0,0.0,4.2400197212e-08,0.2444183636,0.015506063003,0.13562239722,0.02049260631
nlf416,ok,,5.6784334743,145024739.81,507776.0173,1764702.6208,44375536.484,447126.04412,12322984.066,0.0,0.0,0.0,2845581.322,-34483161.79,2945.9626105,-1205585.005,0.0,0.0,-29143.320965,0.0,0.0,0.0,0.0,-675643.27661,0.0,0.0,0.0,-4.3924820115e-08,1.929862421e-08,8.4350601665e-10,5.3501327735e-08,0.0,0.0,3.2434035922e-08,0.0,0.0,0.0,0.0,-1.7476530794e-10,0.23777433999,0.01962135099,-0.016469225586,0.027166691117
nlr1t,ok,,5.6241259676,143637749.44,216401.76521,635119.8231,44739788.335,166117.38423,12181551.6,0.0,0.0,0.0,1279585.8074,-35417098.516,-433053.48295,-730610.05048,0.0,0.0,68109.124755,0.0,0.0,0.0,0.0,-196234.80974,0.0,0.0,0.0,-6.815584352e-08,2.0910838133e-08,8.4011764769e-09,7.1171081307e-08,0.0,0.0,-4.4405072016e-07,0.0,0.0,0.0,0.0,-5.8943267389e-08,0.24657235758,0.0089084228371,0.096093359686,0.015401547627
nlr7301,ok,,5.7624275794,147169913.0,628286.67242,2010758.2587,44987191.616,535221.74011,12868315.284,0.0,0.0,0.0,1266008.2169,-34789142.259,406905.79049,-358174.11144,0.0,0.0,4162.1067309,0.0,0.0,0.0,0.0,-430042.66378,0.0,0.0,0.0,-1.1582387888e-08,1.825400082e-08,-4.5451096581e-09,1.2726147939e-08,0.0,0.0,-5.8586379216e-09,0.0,0.0,0.0,0.0,1.8987423738e-08,0.23638759819,0.008602357582,0.0036809041247,0.0079956691414
nn7mk20,ok,,5.6924407686,145382480.06,565587.73606,1942499.6472,44308385.665,503987.34691,12365113.882,0.0,0.0,0.0,3359343.8408,-35012054.635,14643.904711,-1624652.5131,0.0,0.0,43820.095669,0.0,0.0,0.0,0.0,-817103.66616,0.0,0.0,0.0,-4.5535891117e-08,1.9446587166e-08,-1.6508363422e-09,6.4843135145e-08,0.0,0.0,-4.0373983621e-08,0.0,0.0,0.0,0.0,1.2969348248e-09,0.24082719335,0.023106937229,0.022835029992,0.036674482006
npl9510,ok,,5.6729280004,144884132.38,264773.67149,893596.6041,44876150.998,225176.00466,12429774.612,0.0,0.0,0.0,205788.32252,-35437781.801,1126966.9179,242128.65504,0.0,0.0,-5632.6450351,0.0,0.0,0.0,0.0,-390386.41468,0.0,0.0,0.0,2.3414048111e-08,2.0334137601e-08,-2.8386584224e-08,-2.1634512101e-08,0.0,0.0,4.949074588e-08,0.0,0.0,0.0,0.0,1.2149537953e-07,0.24459394703,0.0014203648056,-0.013103846491,-0.0057282491998
nplx,ok,,5.6173779847,143465408.96,252668.7598,811270.78947,44539242.589,207102.68048,12097007.484,0.0,0.0,0.0,64363.330303,-34726195.582,726296.89591,138732.43371,0.0,0.0,20956.508067,0.0,0.0,0.0,0.0,-222278.89253,0.0,0.0,0.0,1.7804769514e-08,2.031957225e-08,-1.9850635159e-08,-1.0843962351e-08,0.0,0.0,-9.1171240828e-08,0.0,0.0,0.0,0.0,8.2504171606e-08,0.24205274172,0.00044863309399,0.02303612435,-0.0027399305186
npl9615,ok,,5.6423745295,144103809.93,311257.71564,948717.02135,44730888.696,246929.22226,12259585.717,0.0,0.0,0.0,848483.84227,-35060795.992,-340648.01062,-469568.90975,0.0,0.0,43241.508151,0.0,0.0,0.0,0.0,-107582.08552,0.0,0.0,0.0,-3.1788457467e-08,2.0103549566e-08,6.6598347229e-09,3.2705585489e-08,0.0,0.0,-1.3431611898e-07,0.0,0.0,0.0,0.0,-3.2655390421e-08,0.24330235273,0.0058880042291,0.041806928368,0.010179865828
oa206,ok,,5.5996489093,143012616.03,91395.883213,289666.48638,44673964.833,73126.910858,12054869.729,0.0,0.0,0.0,582675.56413,-35455009.62,-361761.36037,-355968.46373,0.0,0.0,6936.3975225,0.0,0.0,0.0,0.0,-40821.968456,0.0,0.0,0.0,-8.485586055e-08,2.1296633913e-08,2.675294e-08,8.594856636e-08,0.0,0.0,-1.5310585399e-07,0.0,0.0,0.0,0.0,-1.1755874615e-07,0.24791525814,0.0040742948441,0.01399324475,0.0078553451334
npl9660,ok,,5.6562313571,144457707.32,304577.7475,939306.17389,44819477.837,245881.77089,12344596.086,0.0,0.0,0.0,848576.50907,-35319710.34,-342510.28381,-470808.46382,0.0,0.0,32741.334052,0.0,0.0,0.0,0.0,-107621.72547,0.0,0.0,0.0,-3.1932220725e-08,2.0065761548e-08,7.0898767316e-09,3.3712489587e-08,0.0,0.0,-1.0186055168e-07,0.0,0.0,0.0,0.0,-3.2897471338e-08,0.24449862174,0.0058742210769,0.031024457388,0.010268074141
npl9627,ok,,5.670539718,144823136.68,348898.83924,1085599.2561,44886674.651,281071.21474,12426545.545,0.0,0.0,0.0,840546.91822,-35223501.583,-245943.55851,-473482.36802,0.0,0.0,12633.233209,0.0,0.0,0.0,0.0,-133406.86186,0.0,0.0,0.0,-2.5594808371e-08,1.9719359808e-08,4.7689425374e-09,3.0089098649e-08,0.0,0.0,-2.6503380119e-08,0.0,0.0,0.0,0.0,-2.0336085033e-08,0.24321736422,0.0058039546544,0.0092469985594,0.010498051593
npl9626,ok,,5.6639387828,144654551.65,339155.47489,1045965.1029,44852268.22,272526.63006,12387518.45,0.0,0.0,0.0,627424.38297,-35260657.824,-210262.95035,-355761.2528,0.0,0.0,23519.875188,0.0,0.0,0.0,0.0,-91470.926192,0.0,0.0,0.0,-2.0353417795e-08,1.9779178938e-08,3.9993254831e-09,2.309880224e-08,0.0,0.0,-6.1598008763e-08,0.0,0.0,0.0,0.0,-1.8207904143e-08,0.2437576794,0.004337398138,0.020891301915,0.0078340852431
oa213,ok,,5.698670112,145541574.8,369399.99972,1247438.2462,44844590.378,319569.0624,12541315.129,0.0,0.0,0.0,2821379.4547,-35339102.58,-1291390.6092,-1740634.2061,0.0,0.0,51428.139714,0.0,0.0,0.0,0.0,-304465.29704,0.0,0.0,0.0,-8.3661855879e-08,2.1920551443e-08,2.2978853873e-08,1.0508631005e-07,0.0,0.0,-2.7325159564e-09,0.0,0.0,0.0,0.0,-9.4963636156e-08,0.24281104989,0.019385384957,0.0010093913935,0.038818882904
oaf095,ok,,5.6653783632,144691317.91,170130.37271,778144.10885,44772835.911,169293.41838,12371173.438,0.0,0.0,0.0,3392277.7521,-35532101.157,148440.38204,-1953996.4823,0.0,0.0,-45616.370147,0.0,0.0,0.0,0.0,-881227.56504,0.0,0.0,0.0,-1.3283553263e-07,1.9333285232e-08,8.5922988934e-09,2.555463128e-07,0.0,0.0,2.9563226276e-07,0.0,0.0,0.0,0.0,2.3004639985e-08,0.24557175697,0.023444929531,-0.050296027049,0.043476189442
oa209,ok,,5.6444768167,144157501.43,207566.87268,649689.51756,44851709.548,167288.34793,12300663.559,0.0,0.0,0.0,1205862.0113,-35432517.965,-604211.0184,-666184.37522,0.0,0.0,21768.780436,0.0,0.0,0.0,0.0,-123322.08228,0.0,0.0,0.0,-7.0664927988e-08,2.098032303e-08,1.9351131282e-08,7.0293112797e-08,0.0,0.0,-9.4846254336e-08,0.0,0.0,0.0,0.0,-8.4104715e-08,0.24579031693,0.0083648925608,0.019686940398,0.014590521594
oa212,ok,,5.6970946898,145501339.2,367489.49315,1173736.4653,44959876.953,305173.09979,12565348.447,0.0,0.0,0.0,1792371.946,-35456885.035,-713970.01343,-1229892.9394,0.0,0.0,49763.981702,0.0,0.0,0.0,0.0,-221282.26364,0.0,0.0,0.0,-5.4048481408e-08,2.0326692615e-08,1.1641168378e-08,7.3344843947e-08,0.0,0.0,-7.0061875595e-08,0.0,0.0,0.0,0.0,-5.6197871206e-08,0.24368768859,0.012318594151,0.025747003151,0.026953459527
oaf102,ok,,5.6729367327,144884355.4,204154.65382,835275.75637,44820960.617,192105.21207,12417261.297,0.0,0.0,0.0,3211557.7507,-35793516.867,245924.61138,-1814061.4505,0.0,0.0,-32156.659873,0.0,0.0,0.0,0.0,-867763.15351,0.0,0.0,0.0,-1.076820306e-07,1.9251529091e-08,-1.3180916462e-09,1.9754093001e-07,0.0,0.0,1.3019900662e-07,0.0,0.0,0.0,0.0,3.1169105709e-08,0.24704887403,0.022166352894,-0.026580733124,0.040328900181
oaf117,ok,,5.6929515594,145395525.44,239310.04795,917340.16831,45023056.283,214453.84968,12562135.826,0.0,0.0,0.0,1955020.3838,-35499948.028,-128939.21758,-1106720.0079,0.0,0.0,-86772.698349,0.0,0.0,0.0,0.0,-439606.59415,0.0,0.0,0.0,-6.6119110245e-08,1.963506771e-08,1.3308000478e-08,1.0389108397e-07,0.0,0.0,4.0970243241e-07,0.0,0.0,0.0,0.0,-1.4006525272e-08,0.24416121419,0.013446221112,-0.098045908745,0.024862180285
oaf128,ok,,5.7125018211,145894830.68,304222.36319,1104566.0688,45103528.7,267055.72803,12672322.157,0.0,0.0,0.0,960455.677,-35435325.642,-87680.905679,-545688.4284,0.0,0.0,-103033.74381,0.0,0.0,0.0,0.0,-207746.55317,0.0,0.0,0.0,-2.6483329144e-08,1.9219826727e-08,5.5645372661e-09,4.0371207732e-08,0.0,0.0,3.0977297443e-07,0.0,0.0,0.0,0.0,-7.5442826258e-09,0.24288266744,0.006583205673,-0.094239866335,0.012281824221
oaf139,ok,,5.7232529165,146169409.02,338390.7006,1252488.1934,45084224.898,301493.71878,12715713.721,0.0,0.0,0.0,-1251365.9603,-35354490.298,17542.228634,699807.49373,0.0,0.0,-123329.28329,0.0,0.0,0.0,0.0,297402.9226,0.0,0.0,0.0,2.8727939293e-08,1.9033521045e-08,-4.8486029033e-09,-4.5984200518e-08,0.0,0.0,2.91629791e-07,0.0,0.0,0.0,0.0,1.3744403867e-09,0.2418733888,-0.0085610660173,-0.098684809293,-0.01556062583
p51droot,ok,,5.6792693332,145046087.29,572395.33544,1851467.4366,44430197.755,485149.6546,12341418.482,0.0,0.0,0.0,1323361.8063,-34676217.851,9233.8136636,-650743.24396,0.0,0.0,49204.961716,0.0,0.0,0.0,0.0,-320883.92967,0.0,0.0,0.0,-1.8626042321e-08,1.9364582943e-08,-7.944071949e-10,2.5597617769e-08,0.0,0.0,-4.6557404088e-08,0.0,0.0,0.0,0.0,7.5280461104e-10,0.23907034309,0.0091237332289,0.02664924093,0.014651957009
p51dtip,ok,,5.5797265343,142503807.19,278160.54342,907804.51205,44100828.371,233663.98915,11818030.853,0.0,0.0,0.0,1203957.4618,-34650570.508,-72393.503135,-671177.46999,0.0,0.0,83174.342353,0.0,0.0,0.0,0.0,-271957.57588,0.0,0.0,0.0,-3.7987665643e-08,2.0641846663e-08,-3.0900376684e-09,5.4180190884e-08,0.0,0.0,-3.2501917321e-07,0.0,0.0,0.0,0.0,-7.5290872225e-09,0.2431554019,0.0084485985713,0.090407509844,0.015070791339
p51hroot,ok,,5.6394791865,144029864.12,571205.62651,1746151.4144,44206719.859,467873.18042,12107788.741,0.0,0.0,0.0,1300827.815,-34676569.504,-123885.66374,-710445.712,0.0,0.0,217834.74005,0.0,0.0,0.0,0.0,-277945.27879,0.0,0.0,0.0,-2.0801234146e-08,1.9945406959e-08,-1.7979504809e-09,2.752898397e-08,0.0,0.0,-2.1640214799e-07,0.0,0.0,0.0,0.0,-6.2210134203e-09,0.24075957939,0.0090316534212,0.12361012452,0.015724710536
p51htip,ok,,5.5864640029,142675879.21,348291.64519,1074728.0345,44154323.741,281432.05657,11863150.769,0.0,0.0,0.0,1275015.1421,-34494332.748,-121740.90189,-714791.32721,0.0,0.0,137738.80903,0.0,0.0,0.0,0.0,-274201.60934,0.0,0.0,0.0,-3.4219275771e-08,2.0478074538e-08,-3.1798831229e-09,4.5479982331e-08,0.0,0.0,-3.6270403072e-07,0.0,0.0,0.0,0.0,-1.0200195717e-08,0.24176709434,0.0089364449628,0.12632678358,0.015840297869
pfcm,ok,,5.6024614144,143084446.2,151822.17372,481686.42247,44586116.227,123762.71728,12044314.928,0.0,0.0,0.0,1335850.8827,-35495307.781,-31597.435206,-722396.26589,0.0,0.0,28346.804755,0.0,0.0,0.0,0.0,-323784.15329,0.0,0.0,0.0,-7.6700860293e-08,2.0645071772e-08,-4.6800341051e-09,1.0644904536e-07,0.0,0.0,-3.8061782436e-07,0.0,0.0,0.0,0.0,-5.1009298403e-09,0.24807244061,0.0093361012902,0.057786225451,0.016161325457
pmc19sm,ok,,5.6234993446,143621745.85,172539.31311,595132.47069,44614042.94,148884.93614,12142067.119,0.0,0.0,0.0,1076272.548,-35352110.833,-883001.08581,-593031.17571,0.0,0.0,8922.9777662,0.0,0.0,0.0,0.0,-6297.1159787,0.0,0.0,0.0,-8.5524188108e-08,2.2104088419e-08,3.3623947986e-08,7.7614241817e-08,0.0,0.0,2.7441914183e-08,0.0,0.0,0.0,0.0,-1.4306265884e-07,0.24614734087,0.0074937993658,-0.0047348090237,0.013391507971
prandtl-d-centerline,ok,,5.630789646,143807937.0,315284.25956,1150918.4466,44336158.512,278619.95659,12102626.604,0.0,0.0,0.0,3916510.0347,-34567528.695,-146403.79302,-2047830.1696,0.0,0.0,16340.925775,0.0,0.0,0.0,0.0,-885014.35652,0.0,0.0,0.0,-1.0176602589e-07,2.0335984114e-08,1.650600835e-09,1.4641311095e-07,0.0,0.0,-2.639687219e-08,0.0,0.0,0.0,0.0,-1.6728322175e-08,0.24037288494,0.027234310681,0.0083225183031,0.046161749274
prandtl-d-wingtip,ok,,5.6003003439,143029253.39,209844.81261,685972.67627,44506119.668,169719.19643,12015060.73,0.0,0.0,0.0,1518.0307368,-34824489.975,3194.1740446,1948.9268307,0.0,0.0,-9986.2049473,0.0,0.0,0.0,0.0,-1114.4087423,0.0,0.0,0.0,2.6393793655e-11,2.0264409801e-08,-1.0773458098e-10,-2.1365741296e-10,0.0,0.0,6.9374761083e-08,0.0,0.0,0.0,0.0,3.6524443922e-10,0.24347809382,1.0613428378e-05,-0.014557933739,-4.4834899786e-05
psu-90-125wl,ok,,5.62675345,143704854.3,358618.48087,1191252.3385,44393767.928,300806.22774,12101697.562,0.0,0.0,0.0,2522000.4796,-34664681.15,-91595.838106,-1305446.4316,0.0,0.0,33093.757174,0.0,0.0,0.0,0.0,-582559.44586,0.0,0.0,0.0,-6.0052173015e-08,2.0060978964e-08,-3.5680560869e-10,8.185174728e-08,0.0,0.0,-7.1160522471e-08,0.0,0.0,0.0,0.0,-7.0876559802e-09,0.24122136527,0.01754986282,0.025519478467,0.029353549266
psu94097,ok,,5.6504199742,144309287.11,213599.06694,809761.1017,44670817.33,194415.28342,12278716.336,0.0,0.0,0.0,4114800.7424,-35502432.241,-312651.95625,-2224898.8169,0.0,0.0,31282.403952,0.0,0.0,0.0,0.0,-921584.53247,0.0,0.0,0.0,-1.5600581068e-07,2.1189843476e-08,4.1319563549e-09,2.3255364741e-07,0.0,0.0,-9.0820700515e-08,0.0,0.0,0.0,0.0,-3.8004576537e-08,0.24601626792,0.028513762522,0.019399216889,0.049673242101
pt40,ok,,5.7267381381,146258420.07,338631.28743,1142000.5985,45187376.719,284927.28657,12762941.858,0.0,0.0,0.0,2747383.9873,-34946876.198,-160245.92592,-1582460.6659,0.0,0.0,-17139.520054,0.0,0.0,0.0,0.0,-603398.36269,0.0,0.0,0.0,-6.941231354e-08,1.9010234229e-08,5.1697564711e-09,1.0362620061e-07,0.0,0.0,5.8831390735e-08,0.0,0.0,0.0,0.0,-1.4590770317e-08,0.23893924316,0.018784450057,-0.019922149586,0.035091073725
r1046,ok,,5.7499014068,146849999.96,686384.36628,2487523.237,44249459.161,638990.67052,12604155.149,0.0,0.0,0.0,6222483.1714,-34918734.46,-893644.00267,-3438371.7827,0.0,0.0,193703.97397,0.0,0.0,0.0,0.0,-1204541.5829,0.0,0.0,0.0,-7.4400433737e-08,2.0499606381e-08,2.5381786906e-09,1.1178758669e-07,0.0,0.0,-7.2730752612e-08,0.0,0.0,0.0,0.0,-3.4153714533e-08,0.23778504917,0.042373055316,0.049921251541,0.076729251847
r1080,ok,,5.7146420035,145949490.02,724193.74921,2297944.8468,44399642.146,619010.14286,12489906.132,0.0,0.0,0.0,3065646.0954,-35008941.625,-561326.30468,-1658074.1975,0.0,0.0,182843.18431,0.0,0.0,0.0,0.0,-563100.64351,0.0,0.0,0.0,-3.9270519412e-08,1.9750688436e-08,1.9557216706e-09,5.0345659863e-08,0.0,0.0,-9.7256439361e-08,0.0,0.0,0.0,0.0,-2.2280201434e-08,0.23987025662,0.021004842806,0.070432505456,0.036460012173
r1082t,ok,,5.6796394421,145055539.71,572331.44957,1826288.6729,44416377.194,484246.18136,12339343.321,0.0,0.0,0.0,2758671.4392,-34990443.304,-426598.67337,-1488124.4266,0.0,0.0,135694.14344,0.0,0.0,0.0,0.0,-533853.58271,0.0,0.0,0.0,-4.4581340668e-08,2.0026753501e-08,1.4418632247e-09,5.7429542524e-08,0.0,0.0,-1.1613415126e-07,0.0,0.0,0.0,0.0,-2.2023389925e-08,0.24122100662,0.019018035745,0.066467227138,0.032868733321
r1082,ok,,5.7159489651,145982869.26,721248.57454,2286829.2993,44425492.554,615738.23856,12503164.308,0.0,0.0,0.0,3140735.5924,-35053902.306,-482583.61277,-1669368.2723,0.0,0.0,174681.79251,0.0,0.0,0.0,0.0,-603668.67019,0.0,0.0,0.0,-3.9629501057e-08,1.9685014123e-08,1.2542128189e-09,5.1075139697e-08,0.0,0.0,-9.4900405016e-08,0.0,0.0,0.0,0.0,-1.9548220841e-08,0.24012339588,0.021514411988,0.068446781841,0.0368378717
r1145ms,ok,,5.8149617288,148511612.5,870661.36497,2720027.4523,44988864.411,746569.56414,13112480.69,0.0,0.0,0.0,4609422.8506,-35262026.35,-457168.07498,-2438073.0831,0.0,0.0,170812.22511,0.0,0.0,0.0,0.0,-959552.32646,0.0,0.0,0.0,-4.4840480861e-08,1.8571015069e-08,4.2780876119e-10,6.1623496309e-08,0.0,0.0,-6.1657300514e-08,0.0,0.0,0.0,0.0,-1.3779353656e-08,0.23743615571,0.031037457428,0.053682629426,0.053653197411
r1145msf,ok,,6.1490060923,157042961.35,1568731.7044,5430854.2595,45168034.443,1565046.0156,14745656.805,0.0,0.0,0.0,8123583.0601,-34152982.883,-2664207.9347,-3807311.6424,0.0,0.0,-115069.39738,0.0,0.0,0.0,0.0,-866397.24018,0.0,0.0,0.0,-4.139778401e-08,1.73486298e-08,1.437748392e-08,5.6304673706e-08,0.0,0.0,3.9812432905e-08,0.0,0.0,0.0,0.0,-3.9011037325e-08,0.21747541303,0.051728412342,-0.062455025729,0.08832692675
r1145msm,ok,,6.1317205297,156601495.54,1905940.6654,5321430.4113,44758449.427,1687952.3778,14541148.359,0.0,0.0,0.0,9379577.1175,-38792442.401,3619981.7055,-1483314.7894,0.0,0.0,805014.67022,0.0,0.0,0.0,0.0,-3474578.2219,0.0,0.0,0.0,-2.3612409079e-08,1.5275357788e-08,-1.9498971533e-08,2.4902468882e-08,0.0,0.0,-9.0605888002e-08,0.0,0.0,0.0,0.0,4.6898882331e-08,0.24771438016,0.059894556466,0.17268944647,0.047462628111
r140,ok,,5.6084355882,143237024.01,324693.49177,997085.12037,44382361.256,262305.13337,12017533.252,0.0,0.0,0.0,377743.46884,-35158921.999,-95414.119726,-233699.76321,0.0,0.0,83360.047879,0.0,0.0,0.0,0.0,-64760.900003,0.0,0.0,0.0,-1.2231029858e-08,2.0453704508e-08,8.5418560671e-10,1.5667006781e-08,0.0,0.0,-2.5593203501e-07,0.0,0.0,0.0,0.0,-8.8697969051e-09,0.24545973529,0.0026371915462,0.083099466104,0.0050869751373
r140sm,ok,,5.6088528205,143247679.95,325071.58598,997874.20933,44391500.731,262645.42489,12021761.361,0.0,0.0,0.0,366985.47624,-35140858.249,-96235.100505,-227674.19412,0.0,0.0,83940.854264,0.0,0.0,0.0,0.0,-61924.39625,0.0,0.0,0.0,-1.1937554997e-08,2.0433962878e-08,8.997424114e-10,1.5219771231e-08,0.0,0.0,-2.5724995431e-07,0.0,0.0,0.0,0.0,-8.9004382498e-09,0.24531537447,0.0025618947293,0.083624650642,0.0049475151722
rae100,ok,,5.6061757429,143179308.54,214542.33426,727359.41732,44524926.182,176900.38604,12045494.485,0.0,0.0,0.0,0.12552622147,-34601493.607,-0.15452489704,-0.098730234881,0.0,0.0,-30507.119575,0.0,0.0,0.0,0.0,-0.040308390878,0.0,0.0,0.0,-3.8248649702e-15,2.0062726467e-08,5.2333578148e-15,1.1014034611e-14,0.0,0.0,1.9549656756e-07,0.0,0.0,0.0,0.0,4.680304298e-15,0.24166546102,8.7670643718e-10,-0.041942289944,2.362976695e-09
rae101,ok,,5.5944864223,142880768.34,212585.66699,700829.12447,44437113.356,174314.3195,11970983.657,0.0,0.0,0.0,-0.12681852843,-34726963.944,-0.22610394002,0.27649310604,0.0,0.0,-5668.8955619,0.0,0.0,0.0,0.0,0.15791274987,0.0,0.0,0.0,-9.7108305018e-15,2.0303139626e-08,7.0250417485e-15,-2.9075166944e-14,0.0,0.0,3.8049796151e-08,0.0,0.0,0.0,0.0,-6.0904224542e-14,0.24304855264,-8.8758291202e-10,-0.0080888412938,-6.1809637578e-09
rae102,ok,,5.5931228741,142845943.91,219858.86579,706030.50913,44423711.442,178843.79031,11961412.231,0.0,0.0,0.0,0.13763208752,-34805522.523,-0.50768583741,-0.15743526353,0.0,0.0,13765.983645,0.0,0.0,0.0,0.0,-0.092356424015,0.0,0.0,0.0,1.3123650643e-15,2.0370316977e-08,1.5892114583e-14,1.5105697939e-14,0.0,0.0,-8.8682881892e-08,0.0,0.0,0.0,0.0,2.7496554723e-14,0.24365775864,9.6350014397e-10,0.019497717828,3.3211216159e-09
rae103,ok,,5.5939284405,142866517.72,231933.16701,723387.27365,44424946.585,186575.93941,11965289.762,0.0,0.0,0.0,0.58318836241,-34895737.718,-0.11131562605,-0.38605798706,0.0,0.0,37799.090519,0.0,0.0,0.0,0.0,-0.11827875534,0.0,0.0,0.0,-2.4522956009e-14,2.0413557877e-08,1.5355196535e-15,3.6903678019e-14,0.0,0.0,-2.2529296369e-07,0.0,0.0,0.0,0.0,-1.0825583626e-14,0.24425413507,4.0820506561e-09,0.052252910572,8.5591869172e-09
rae104,ok,,5.5962551478,142925940.83,246872.31829,746636.22731,44440616.014,195761.23244,11979873.695,0.0,0.0,0.0,-0.26560597648,-35000862.085,0.010826114581,0.16000601542,0.0,0.0,66773.268749,0.0,0.0,0.0,0.0,0.080515543392,0.0,0.0,0.0,7.877341703e-15,2.0441626197e-08,9.7013264933e-16,-1.4495991612e-14,0.0,0.0,-3.622606675e-07,0.0,0.0,0.0,0.0,-6.5972345724e-15,0.24488809997,-1.8583468819e-09,0.089432130812,-3.5786590553e-09
rae2822,ok,,5.6086720185,143243062.34,314389.28963,1017407.6883,44337913.658,261321.42422,12005938.683,0.0,0.0,0.0,746903.36751,-34753388.287,560382.77175,-176412.6016,0.0,0.0,41573.258472,0.0,0.0,0.0,0.0,-344940.03274,0.0,0.0,0.0,-7.2883707536e-09,2.0112622124e-08,-1.3042040599e-08,1.4388608726e-08,0.0,0.0,-1.369218971e-07,0.0,0.0,0.0,0.0,5.2185611629e-08,0.2426183001,0.0052142376412,0.043046777964,0.0045236244761
rae5212,ok,,5.6360387102,143941995.83,324054.93125,1043426.6616,44568150.168,267248.43173,12187489.922,0.0,0.0,0.0,1810893.0795,-34770303.427,151452.42702,-782467.73772,0.0,0.0,22519.429281,0.0,0.0,0.0,0.0,-487016.77381,0.0,0.0,0.0,-4.3397030193e-08,1.9643922016e-08,-4.5702412657e-09,5.4431715495e-08,0.0,0.0,-7.4463500435e-08,0.0,0.0,0.0,0.0,1.5222658369e-08,0.24155774154,0.012580713982,0.024130264514,0.017638865822
rae5213,ok,,5.5999077046,143019225.55,214709.84591,736558.29942,44434306.55,180092.02156,11993489.734,0.0,0.0,0.0,1496681.7567,-34254968.016,50835.22867,-648798.73473,0.0,0.0,-16674.974292,0.0,0.0,0.0,0.0,-378266.00792,0.0,0.0,0.0,-5.5913827993e-08,1.9878041411e-08,-8.4703285921e-11,6.7889640237e-08,0.0,0.0,1.0074652177e-07,0.0,0.0,0.0,0.0,9.1628938341e-09,0.2395130297,0.010464899044,-0.021631270165,0.014576574194
rae5214,ok,,5.598752696,142989727.13,207220.55628,707167.95933,44444967.558,172783.9683,11991327.26,0.0,0.0,0.0,1415535.3001,-34252094.862,81964.676989,-585960.29809,0.0,0.0,-16042.530655,0.0,0.0,0.0,0.0,-368796.58663,0.0,0.0,0.0,-5.3858487788e-08,1.9842955591e-08,-1.26572797e-09,6.3434723907e-08,0.0,0.0,1.0210102117e-07,0.0,0.0,0.0,0.0,1.4342298207e-08,0.2395423472,0.0098995594194,-0.021157430403,0.013144978776
rae5215,ok,,5.6543137956,144408733.63,214918.02385,700169.00514,44889632.885,177694.33004,12353025.694,0.0,0.0,0.0,1538589.7637,-35317228.006,183429.55508,-607720.08396,0.0,0.0,-9087.2036658,0.0,0.0,0.0,0.0,-436359.77607,0.0,0.0,0.0,-5.3264398915e-08,1.953936294e-08,-5.2436309424e-09,6.2813639596e-08,0.0,0.0,4.3884964606e-08,0.0,0.0,0.0,0.0,2.7368499948e-08,0.24456434953,0.010654409363,-0.0094316698698,0.013499783293
raf15,ok,,5.6001927576,143026505.68,114903.61803,389774.01924,44601454.982,90659.545368,12038701.099,0.0,0.0,0.0,2274132.8657,-35104107.752,-606520.15879,-1324475.3549,0.0,0.0,34813.738457,0.0,0.0,0.0,0.0,-381692.13667,0.0,0.0,0.0,-2.1502775886e-07,2.3544420398e-08,2.396957189e-08,2.5338825131e-07,0.0,0.0,-3.7502749969e-07,0.0,0.0,0.0,0.0,-1.6168429065e-07,0.24543777802,0.015900079883,0.043092016574,0.029115226841
raf19,ok,,5.7874701866,147809490.38,183995.04217,1718814.6481,44430528.63,278951.25739,12828830.488,0.0,0.0,0.0,9597131.683,-35128074.558,-1476937.6577,-5465938.3822,0.0,0.0,166702.7316,0.0,0.0,0.0,0.0,-1813426.8696,0.0,0.0,0.0,-2.634857001e-07,2.8163404806e-08,2.5267705835e-08,6.7098487561e-07,0.0,0.0,4.8015732412e-08,0.0,0.0,0.0,0.0,-1.3061076587e-07,0.23765777467,0.0649290628,-0.00883465671,0.12345789048
rae69ck,ok,,5.6086720185,143243062.34,314389.28963,1017407.6883,44337913.658,261321.42422,12005938.683,0.0,0.0,0.0,746903.36751,-34753388.287,560382.77175,-176412.6016,0.0,0.0,41573.258472,0.0,0.0,0.0,0.0,-344940.03274,0.0,0.0,0.0,-7.2883707536e-09,2.0112622124e-08,-1.3042040599e-08,1.4388608726e-08,0.0,0.0,-1.369218971e-07,0.0,0.0,0.0,0.0,5.2185611629e-08,0.2426183001,0.0052142376412,0.043046777964,0.0045236244761
raf25,ok,,5.554743746,141865757.54,97078.431448,321232.53044,44298708.066,78169.017052,11762896.577,0.0,0.0,0.0,958950.31022,-34837485.627,10892.372759,-541541.34561,0.0,0.0,5449.5997103,0.0,0.0,0.0,0.0,-238366.59738,0.0,0.0,0.0,-8.5704381925e-08,2.0855382101e-08,-2.9547084656e-09,1.259707224e-07,0.0,0.0,-1.7902199167e-07,0.0,0.0,0.0,0.0,3.1326699577e-09,0.24556655694,0.0067595614815,0.017379174146,0.012229040139
raf26,ok,,5.5688295173,142225502.06,103268.50592,360031.60031,44364648.355,85792.11281,11840926.836,0.0,0.0,0.0,2015401.9539,-35041276.26,17964.296304,-1097967.3038,0.0,0.0,14115.971071,0.0,0.0,0.0,0.0,-501966.60334,0.0,0.0,0.0,-1.6385873313e-07,2.0732414005e-08,-1.0823295451e-08,2.3981250069e-07,0.0,0.0,-3.9162428416e-07,0.0,0.0,0.0,0.0,5.3307763451e-09,0.24637829188,0.014170468198,0.040442454708,0.024765078648
raf28,ok,,5.6023538595,143081699.29,222802.0925,735996.43264,44457733.789,182833.67759,12011196.802,0.0,0.0,0.0,1771871.1094,-34962758.24,-178134.13955,-1026255.1276,0.0,0.0,20707.117538,0.0,0.0,0.0,0.0,-380341.79941,0.0,0.0,0.0,-7.3585860039e-08,2.0666753009e-08,3.1171198957e-09,1.0320311656e-07,0.0,0.0,-1.0119894793e-07,0.0,0.0,0.0,0.0,-2.3963070721e-08,0.24435520694,0.012383631997,0.022547337357,0.022993870321
raf27,ok,,5.5971367499,142948456.56,223761.68532,706716.42533,44473293.642,178460.94795,11992629.99,0.0,0.0,0.0,0.076490211752,-34941661.939,0.40477866492,0.063660941168,0.0,0.0,14391.315074,0.0,0.0,0.0,0.0,-0.080686844274,0.0,0.0,0.0,4.081551741e-15,2.0382133999e-08,-1.2765330379e-14,-5.5688716921e-15,0.0,0.0,-9.1005904798e-08,0.0,0.0,0.0,0.0,2.896433166e-14,0.24443539146,5.3508945526e-10,0.020363634632,-1.2461001152e-09
raf30,ok,,5.6394596689,144029365.64,363692.59873,1154440.7525,44576055.837,296354.06497,12205631.631,0.0,0.0,0.0,0.097262330552,-34906190.125,0.16699719581,-0.35290733193,0.0,0.0,15811.629591,0.0,0.0,0.0,0.0,-0.10010338898,0.0,0.0,0.0,2.8489919123e-15,1.9855971612e-08,-3.5452370618e-15,2.1909387372e-14,0.0,0.0,-3.7659150531e-08,0.0,0.0,0.0,0.0,2.1157705055e-14,0.24235467516,6.7529513941e-10,0.013696354323,7.96828203e-09
raf31,ok,,5.6459622641,144195439.12,367805.91137,1198389.0656,44563586.862,305052.80153,12231098.403,0.0,0.0,0.0,1960836.7147,-34971710.341,40732.854972,-1066257.5765,0.0,0.0,24324.392596,0.0,0.0,0.0,0.0,-487630.41761,0.0,0.0,0.0,-4.3792877283e-08,1.9785765713e-08,-2.1371409813e-09,6.5104912971e-08,0.0,0.0,-5.7396623341e-08,0.0,0.0,0.0,0.0,3.2346275232e-09,0.24252993406,0.013598465574,0.021110817357,0.02394597185
raf32,ok,,5.6665554853,144721381.1,363789.82388,1360148.4136,44424456.053,329236.25776,12285457.5,0.0,0.0,0.0,4835729.0129,-35159339.651,23429.450864,-2597803.8525,0.0,0.0,53233.153802,0.0,0.0,0.0,0.0,-1183804.3867,0.0,0.0,0.0,-1.0094970477e-07,1.9701164166e-08,-6.8431491007e-09,1.6080184612e-07,0.0,0.0,-1.1035230453e-07,0.0,0.0,0.0,0.0,2.2221215353e-09,0.24294502571,0.033414060702,0.040145045428,0.058498075282
raf30md,ok,,5.5603196441,142008163.57,131102.03761,425472.38881,44303360.577,105007.42462,11788181.884,0.0,0.0,0.0,0.12683285229,-34741625.111,0.11044378707,0.0015534113444,0.0,0.0,3686.2499754,0.0,0.0,0.0,0.0,-0.027875279475,0.0,0.0,0.0,-9.1287780397e-15,2.0753435053e-08,-5.8582415763e-15,-1.0270500921e-16,0.0,0.0,-6.6085162068e-08,0.0,0.0,0.0,0.0,-2.5477934839e-15,0.24464526713,8.9313775421e-10,0.0086638994031,-1.346483598e-11
raf32md,ok,,5.6209488271,143556606.74,235790.0287,887064.78403,44403172.35,210328.36092,12078506.64,0.0,0.0,0.0,3835000.4303,-35001325.649,16297.93307,-2081636.6922,0.0,0.0,30330.826529,0.0,0.0,0.0,0.0,-940969.96984,0.0,0.0,0.0,-1.2644202937e-07,2.0123747513e-08,-7.3851453314e-09,1.9887708005e-07,0.0,0.0,-1.4866476414e-07,0.0,0.0,0.0,0.0,2.3371536324e-09,0.2438154986,0.026714203668,0.035053669003,0.046893232412
raf33,ok,,5.6788413524,145035156.87,367315.76178,1336945.2041,44513503.906,327793.33232,12360440.253,0.0,0.0,0.0,3548771.5493,-34934260.09,-1467189.1766,-2331881.251,0.0,0.0,97111.586928,0.0,0.0,0.0,0.0,-412555.3908,0.0,0.0,0.0,-1.0083740527e-07,2.3125152104e-08,2.2522892189e-08,1.4142488899e-07,0.0,0.0,-4.1016904881e-08,0.0,0.0,0.0,0.0,-1.0914720596e-07,0.24086753062,0.02446835392,0.015066155662,0.051947590835
raf34,ok,,5.6456610893,144187747.24,363753.86141,1184259.6144,44561281.864,301300.86073,12228644.986,0.0,0.0,0.0,1503005.6155,-34909498.488,-643026.97596,-985619.70183,0.0,0.0,30319.152206,0.0,0.0,0.0,0.0,-173101.62468,0.0,0.0,0.0,-4.7125006637e-08,2.0539089907e-08,1.1365982086e-08,6.0279588408e-08,0.0,0.0,-3.7350944776e-08,0.0,0.0,0.0,0.0,-5.1782634212e-08,0.24211140791,0.01042394825,0.01358655039,0.021926933047
raf38,ok,,5.6403304442,144051604.87,359449.94315,1191664.7974,44484119.809,301006.48371,12185195.392,0.0,0.0,0.0,2315817.1537,-34945183.714,-395072.38849,-1344591.0353,0.0,0.0,36319.603379,0.0,0.0,0.0,0.0,-445693.96325,0.0,0.0,0.0,-6.1082010095e-08,2.0492287996e-08,5.7429258193e-09,8.3591859207e-08,0.0,0.0,-5.6905398052e-08,0.0,0.0,0.0,0.0,-3.1652394763e-08,0.24258795135,0.016076302349,0.020454642095,0.03004708904
raf6,ok,,5.66935217,144792807.22,274746.58963,927168.21398,44774199.42,231359.73424,12393802.611,0.0,0.0,0.0,4844029.5618,-35540303.048,-881611.68442,-2571553.956,0.0,0.0,127276.61375,0.0,0.0,0.0,0.0,-936557.58753,0.0,0.0,0.0,-1.6614933479e-07,2.3198739124e-08,4.4506093772e-09,2.0320315215e-07,0.0,0.0,-3.0067117825e-07,0.0,0.0,0.0,0.0,-8.803707067e-08,0.24545627459,0.033454904666,0.082608380825,0.055829373055
raf48,ok,,5.6909459186,145344302.24,505228.8565,1658652.6971,44636994.012,426861.4118,12450851.221,0.0,0.0,0.0,2704705.6495,-34908598.632,-593655.50856,-1571665.1335,0.0,0.0,43942.98709,0.0,0.0,0.0,0.0,-473267.27318,0.0,0.0,0.0,-5.1554939485e-08,2.0024488195e-08,7.055490076e-09,6.9338238576e-08,0.0,0.0,-2.7484928257e-08,0.0,0.0,0.0,0.0,-3.3180116859e-08,0.24017865231,0.018608955479,0.013886178875,0.035031678987
raf69,ok,,5.7792096082,147598518.76,930208.08634,2934195.215,44631625.18,795413.03902,12847941.701,0.0,0.0,0.0,1670607.067,-34879084.055,-86856.437752,-895111.62636,0.0,0.0,62654.484323,0.0,0.0,0.0,0.0,-368458.83928,0.0,0.0,0.0,-1.4838452033e-08,1.842335444e-08,2.1655963739e-10,2.1516936193e-08,0.0,0.0,-2.2316995177e-08,0.0,0.0,0.0,0.0,-2.5758017244e-09,0.23631052905,0.011318589652,0.020759449377,0.02001522804
raf6prop_sm,ok,,5.7429154924,146671582.72,405104.67675,1314337.8856,45164009.303,338808.67017,12831350.308,0.0,0.0,0.0,6539665.5909,-36052886.257,-1209328.7233,-3295538.4387,0.0,0.0,199068.57355,0.0,0.0,0.0,0.0,-1251176.7122,0.0,0.0,0.0,-1.5164218385e-07,2.3386286255e-08,5.6624993867e-09,1.7468505731e-07,0.0,0.0,-2.0786932554e-07,0.0,0.0,0.0,0.0,-8.1961727096e-08,0.24580689448,0.044587134533,0.08420883593,0.070765733675
raf89,ok,,5.8773609769,150105262.33,1346861.0193,4167784.1376,44649150.817,1177246.4345,13301709.532,0.0,0.0,0.0,1623679.5027,-34811436.934,-33854.29267,-845020.36009,0.0,0.0,112629.20092,0.0,0.0,0.0,0.0,-366527.76503,0.0,0.0,0.0,-9.3368085465e-09,1.7441912317e-08,-1.9523891525e-10,1.4036657108e-08,0.0,0.0,-1.9950100082e-08,0.0,0.0,0.0,0.0,-6.4021862765e-10,0.23191350119,0.010816939243,0.026870012131,0.018905426299
rc0864c,ok,,5.6174168812,143466402.36,171155.65113,506392.66428,44736765.233,132599.31461,12150094.594,0.0,0.0,0.0,896040.61276,-35338605.948,-210307.14236,-531759.75014,0.0,0.0,48698.186433,0.0,0.0,0.0,0.0,-159456.70542,0.0,0.0,0.0,-5.6465827443e-08,2.0558277029e-08,3.1761299956e-09,6.6943789627e-08,0.0,0.0,-5.3301317586e-07,0.0,0.0,0.0,0.0,-3.8021227207e-08,0.24631973317,0.0062456477477,0.091228217174,0.011457807903
rc08b3,ok,,5.6110352757,143303418.91,176222.86503,522786.62731,44681198.241,136200.99376,12107581.844,0.0,0.0,0.0,909577.01432,-35411649.388,-340005.22189,-595840.63671,0.0,0.0,53175.820421,0.0,0.0,0.0,0.0,-126514.30766,0.0,0.0,0.0,-6.1321424627e-08,2.0908496942e-08,7.8887548438e-09,7.1660071126e-08,0.0,0.0,-5.2795194941e-07,0.0,0.0,0.0,0.0,-5.9579771817e-08,0.24710959206,0.0063472108428,0.093037205122,0.012628143042
rc08n1,ok,,5.5995603186,143010353.46,142728.32106,463627.39248,44555259.141,117748.32419,12022748.351,0.0,0.0,0.0,1216231.3776,-35346706.26,-675010.70648,-813429.06577,0.0,0.0,32801.878557,0.0,0.0,0.0,0.0,-108208.8668,0.0,0.0,0.0,-1.0579828521e-07,2.2256673084e-08,2.723493152e-08,1.232536659e-07,0.0,0.0,-3.0935456767e-07,0.0,0.0,0.0,0.0,-1.3590647585e-07,0.24716186908,0.0085044987873,0.044153658056,0.017591788798
rc1064c,ok,,5.6343199769,143898100.13,266757.33384,784289.15405,44740769.827,207504.16404,12226487.407,0.0,0.0,0.0,901160.81902,-35421384.232,-229279.58895,-536415.77715,0.0,0.0,74801.260753,0.0,0.0,0.0,0.0,-155249.67034,0.0,0.0,0.0,-3.6638731309e-08,2.0333133556e-08,2.5671560914e-09,4.3181349155e-08,0.0,0.0,-3.4438435356e-07,0.0,0.0,0.0,0.0,-2.6241726245e-08,0.2461560243,0.006262492821,0.091867051973,0.011518941572
rc10b3,ok,,5.6394863727,144030047.65,274274.03789,815039.60751,44769309.778,214211.75558,12256997.572,0.0,0.0,0.0,1439466.9056,-35395872.213,-545904.64758,-923564.3585,0.0,0.0,89596.756302,0.0,0.0,0.0,0.0,-195073.79158,0.0,0.0,0.0,-6.1500128737e-08,2.0849790722e-08,8.1426365355e-09,7.0953109052e-08,0.0,0.0,-3.5036245238e-07,0.0,0.0,0.0,0.0,-6.0435901378e-08,0.24575338821,0.0099942125207,0.096095324541,0.019460595721
rc10n1,ok,,5.6221923691,143588366.26,222805.32158,709460.90473,44614119.388,183492.6084,12137727.8,0.0,0.0,0.0,1166675.3591,-35380713.535,-639170.64386,-782648.46141,0.0,0.0,43089.67081,0.0,0.0,0.0,0.0,-103587.86838,0.0,0.0,0.0,-6.4614244032e-08,2.1284510317e-08,1.6786063626e-08,7.5862695074e-08,0.0,0.0,-2.0160447578e-07,0.0,0.0,0.0,0.0,-8.2564073452e-08,0.24640376136,0.0081251384735,0.04491855006,0.016902612172
rc1264c,ok,,5.6594240337,144539246.91,385428.71865,1121880.0761,44814674.619,300406.68437,12358318.514,0.0,0.0,0.0,916016.80853,-35409260.515,-222847.68491,-527630.09463,0.0,0.0,109687.02656,0.0,0.0,0.0,0.0,-159351.83661,0.0,0.0,0.0,-2.5388554225e-08,1.9957317333e-08,1.6347823796e-09,2.931631496e-08,0.0,0.0,-2.4759328488e-07,0.0,0.0,0.0,0.0,-1.7522912196e-08,0.24498024774,0.0063374953734,0.095429562538,0.011299349711
rc12b3,ok,,5.668786323,144778355.73,396701.42311,1184494.1278,44812282.305,313797.8594,12399507.018,0.0,0.0,0.0,1771491.4702,-35440983.378,-713547.95998,-1202546.7724,0.0,0.0,137074.32662,0.0,0.0,0.0,0.0,-223225.03558,0.0,0.0,0.0,-5.2220171959e-08,2.0634603512e-08,7.1062020214e-09,6.36675162e-08,0.0,0.0,-2.5088911573e-07,0.0,0.0,0.0,0.0,-5.4081241884e-08,0.24479476368,0.012235886098,0.099528069253,0.025256994283
rc12n1,ok,,5.6455242859,144184253.34,321271.48487,1009460.8409,44649303.101,264920.98729,12250079.666,0.0,0.0,0.0,1066999.3544,-35381998.816,-577560.5179,-725916.88421,0.0,0.0,57110.569489,0.0,0.0,0.0,0.0,-93807.444248,0.0,0.0,0.0,-4.0633909978e-08,2.0593375962e-08,1.051199393e-08,4.871111815e-08,0.0,0.0,-1.4711404799e-07,0.0,0.0,0.0,0.0,-5.1775794531e-08,0.24539433395,0.0074002488459,0.047263548641,0.015649493258
rc410,ok,,5.6586889377,144520472.87,247784.29443,815200.40375,44845699.047,204885.08451,12361807.009,0.0,0.0,0.0,1774127.1325,-35162703.629,-782991.5822,-1140404.6592,0.0,0.0,16832.539278,0.0,0.0,0.0,0.0,-202094.21284,0.0,0.0,0.0,-8.1947890889e-08,2.1211309142e-08,2.1807009926e-08,1.0292617555e-07,0.0,0.0,1.5266750107e-08,0.0,0.0,0.0,0.0,-9.0637307938e-08,0.24330603776,0.012275957152,-0.0037828609036,0.025503489787
rc510,ok,,5.6442144306,144150800.21,235678.41513,769530.46958,44750428.011,195224.22696,12271501.443,0.0,0.0,0.0,1845445.2536,-35257617.984,-829344.79078,-1177218.2435,0.0,0.0,35491.292176,0.0,0.0,0.0,0.0,-209895.97182,0.0,0.0,0.0,-9.0204770459e-08,2.1715015725e-08,2.2125544044e-08,1.1026196653e-07,0.0,0.0,-7.5329515916e-08,0.0,0.0,0.0,0.0,-1.0079690804e-07,0.24458843054,0.012802185288,0.017753540923,0.025986365521
rcsc2,ok,,5.6511911857,144328983.52,283048.63856,820755.85776,44898028.072,216792.73389,12343808.471,0.0,0.0,0.0,629772.66206,-35294554.929,84481.351468,-282437.9679,0.0,0.0,65431.975072,0.0,0.0,0.0,0.0,-178495.74175,0.0,0.0,0.0,-1.7889310638e-08,1.9775522963e-08,-4.1216674671e-09,2.2758991556e-08,0.0,0.0,-2.8393997289e-07,0.0,0.0,0.0,0.0,9.1514159738e-09,0.24454239244,0.0043634524868,0.080368822759,0.0064419015751
rg12,ok,,5.5804734893,142522884.08,204562.09998,663236.78473,44342970.073,165452.96858,11886315.545,0.0,0.0,0.0,1440298.2864,-34619047.38,-94020.41712,-716317.70912,0.0,0.0,17367.856297,0.0,0.0,0.0,0.0,-321243.78803,0.0,0.0,0.0,-6.4612146319e-08,2.0591029858e-08,1.3157378223e-09,7.8721507398e-08,0.0,0.0,-1.1681731456e-07,0.0,0.0,0.0,0.0,-1.454627192e-08,0.24290167578,0.010105733516,0.023896395181,0.016103436867
rg12a,ok,,5.579296994,142492836.9,192764.99209,631390.08583,44340424.288,156658.43119,11880511.811,0.0,0.0,0.0,1880189.2489,-34606642.621,-189146.71343,-931445.40952,0.0,0.0,19088.559601,0.0,0.0,0.0,0.0,-401719.45885,0.0,0.0,0.0,-9.1391610487e-08,2.086525534e-08,4.1600436154e-09,1.084478766e-07,0.0,0.0,-1.2418760373e-07,0.0,0.0,0.0,0.0,-2.9505053025e-08,0.24286584066,0.013194973796,0.02393902245,0.020904954075
rg12a189,ok,,5.5792995129,142492901.23,192766.10927,631382.11908,44340462.457,156656.62275,11880522.187,0.0,0.0,0.0,1880211.5677,-34606679.804,-189080.72345,-931398.31236,0.0,0.0,19092.26135,0.0,0.0,0.0,0.0,-401744.60306,0.0,0.0,0.0,-9.1391090138e-08,2.0865097587e-08,4.1569735642e-09,1.0844163579e-07,0.0,0.0,-1.242319351e-07,0.0,0.0,0.0,0.0,-2.949492317e-08,0.24286599195,0.013195124469,0.023947706776,0.020903872214
rg14,ok,,5.5733374757,142340633.37,172334.75147,565552.08714,44333328.343,139206.60127,11852794.165,0.0,0.0,0.0,1561589.0854,-34602360.828,-192923.64072,-834598.85409,0.0,0.0,14542.287476,0.0,0.0,0.0,0.0,-323148.08955,0.0,0.0,0.0,-8.71269912e-08,2.0925104769e-08,5.5965697792e-09,1.0875317503e-07,0.0,0.0,-1.1193964554e-07,0.0,0.0,0.0,0.0,-3.4222761069e-08,0.24309545354,0.010970789215,0.019291090994,0.018741951391
rg1410,ok,,5.6002548586,143028091.71,240898.21296,777590.71309,44453231.227,194390.04801,12001453.134,0.0,0.0,0.0,1577725.7275,-34650628.202,-210354.25913,-833084.05058,0.0,0.0,17729.729876,0.0,0.0,0.0,0.0,-321058.72124,0.0,0.0,0.0,-6.30965751e-08,2.0508391276e-08,4.7123010491e-09,7.7448517648e-08,0.0,0.0,-7.3602001754e-08,0.0,0.0,0.0,0.0,-2.6219104952e-08,0.24226449355,0.011030880078,0.017730590693,0.018657209498
rg149,ok,,5.5839282553,142611117.31,195173.09653,635593.09345,44389265.792,157298.65661,11913365.112,0.0,0.0,0.0,1573455.3373,-34613181.288,-210389.95676,-833173.26525,0.0,0.0,14847.458718,0.0,0.0,0.0,0.0,-321018.01715,0.0,0.0,0.0,-7.802427848e-08,2.0772182395e-08,5.8152007597e-09,9.5755303325e-08,0.0,0.0,-8.7852515938e-08,0.0,0.0,0.0,0.0,-3.2485141276e-08,0.24271025949,0.011033188485,0.017146447574,0.01868885906
rg1495,ok,,5.59207548,142819193.91,217475.08811,705000.48133,44422085.228,175343.88913,11957503.57,0.0,0.0,0.0,1575548.6381,-34633772.634,-210418.62873,-833169.05413,0.0,0.0,16273.571921,0.0,0.0,0.0,0.0,-321038.99785,0.0,0.0,0.0,-6.9972435836e-08,2.0637917247e-08,5.2175618497e-09,8.5864290332e-08,0.0,0.0,-8.0398125255e-08,0.0,0.0,0.0,0.0,-2.9109349141e-08,0.24250082699,0.011031770975,0.017484589373,0.018673344105
rg14a147,ok,,5.549137518,141722576.9,117334.93117,388481.65591,44227283.845,94366.326806,11720620.621,0.0,0.0,0.0,1382089.931,-34492812.219,-206086.6365,-736626.07181,0.0,0.0,10356.274597,0.0,0.0,0.0,0.0,-277461.95911,0.0,0.0,0.0,-1.1630436269e-07,2.1350493389e-08,9.4774294683e-09,1.4124339455e-07,0.0,0.0,-1.5189125964e-07,0.0,0.0,0.0,0.0,-5.3266736611e-08,0.24338262099,0.0097520801645,0.017822150495,0.016572783977
rg15,ok,,5.5758235911,142404127.74,182936.88029,616710.70717,44311651.997,150787.47963,11857924.625,0.0,0.0,0.0,1875971.3495,-34553374.23,-66585.444192,-940376.99798,0.0,0.0,5959.7203482,0.0,0.0,0.0,0.0,-435297.97628,0.0,0.0,0.0,-9.0064554553e-08,2.061367963e-08,1.5817728069e-09,1.1594633168e-07,0.0,0.0,-4.030023654e-08,0.0,0.0,0.0,0.0,-1.1125933423e-08,0.24264306645,0.013173574245,0.0073723995477,0.021210860199
rg15a111,ok,,5.6091955526,143256433.18,277609.62222,917209.66288,44430854.511,228983.34718,12034604.04,0.0,0.0,0.0,1936515.6773,-34638120.074,-102418.54017,-960621.53725,0.0,0.0,9445.0796943,0.0,0.0,0.0,0.0,-438725.21732,0.0,0.0,0.0,-6.1622719232e-08,2.024252847e-08,1.8997375953e-09,7.7816253485e-08,0.0,0.0,-2.8397226268e-08,0.0,0.0,0.0,0.0,-1.0707493797e-08,0.2417910268,0.013517826979,0.0078833432565,0.021602540733
rg15a213,ok,,5.6482121597,144252900.49,386724.22285,1275122.4305,44535826.633,323150.9672,12234286.337,0.0,0.0,0.0,2722312.5067,-34699603.665,-155178.57092,-1335242.4231,0.0,0.0,18563.379095,0.0,0.0,0.0,0.0,-610226.63233,0.0,0.0,0.0,-6.11132407e-08,1.9884858419e-08,1.8878679298e-09,7.7429006534e-08,0.0,0.0,-2.8209501987e-08,0.0,0.0,0.0,0.0,-1.1285507749e-08,0.2405470084,0.018871804294,0.010909297733,0.029943672378
rhodesg30,ok,,5.6209552576,143556770.97,223842.0271,802259.24438,44502570.99,191799.1265,12105284.881,0.0,0.0,0.0,4850730.5794,-34908008.605,-1558088.0007,-2569115.1827,0.0,0.0,92745.724397,0.0,0.0,0.0,0.0,-744877.31795,0.0,0.0,0.0,-2.214628488e-07,2.8076180141e-08,4.2779222907e-08,2.5770247069e-07,0.0,0.0,-1.493502543e-08,0.0,0.0,0.0,0.0,-1.8720589426e-07,0.24316518385,0.033789632817,0.003343086367,0.057684643429
rg8,ok,,5.6079316037,143224152.49,258996.69013,878543.70109,44413782.53,216914.86705,12024383.467,0.0,0.0,0.0,2372870.5992,-34715344.671,169891.60348,-1116648.7722,0.0,0.0,-71.745479467,0.0,0.0,0.0,0.0,-624132.37374,0.0,0.0,0.0,-7.1824613572e-08,1.9865503452e-08,-4.8184080969e-09,9.7146429265e-08,0.0,0.0,-1.8456808416e-08,0.0,0.0,0.0,0.0,1.8780597023e-08,0.24238471003,0.01656753109,0.0047802522902,0.025160603638
rhodesg32,ok,,5.6680525675,144759615.93,333615.78584,1184529.2694,44632766.073,289270.43252,12348623.797,0.0,0.0,0.0,5978141.5121,-34959695.887,-1881735.2907,-3138732.782,0.0,0.0,139688.07533,0.0,0.0,0.0,0.0,-909401.15469,0.0,0.0,0.0,-1.7861340344e-07,2.7338170612e-08,3.433088725e-08,2.1041913032e-07,0.0,0.0,-1.7972421092e-08,0.0,0.0,0.0,0.0,-1.4958470453e-07,0.2415017176,0.041297025234,0.005995883386,0.070199143516
rhodesg34,ok,,5.7177569303,146029043.9,461116.4933,1625668.1332,44728732.674,405646.24882,12597205.932,0.0,0.0,0.0,7116168.6664,-34999239.982,-2212722.7127,-3698263.1492,0.0,0.0,196330.84012,0.0,0.0,0.0,0.0,-1065743.1007,0.0,0.0,0.0,-1.4982000489e-07,2.6706629384e-08,2.9013108915e-08,1.7891404696e-07,0.0,0.0,-1.7179959671e-08,0.0,0.0,0.0,0.0,-1.2520748419e-07,0.23967314341,0.04873118714,0.0079219627584,0.082500217936
rhodesg36,ok,,5.7644846053,147222448.55,611703.72297,2142892.0996,44738823.246,545421.11803,12812520.286,0.0,0.0,0.0,8305901.335,-34951499.109,-2540724.1121,-4262808.4319,0.0,0.0,271501.93815,0.0,0.0,0.0,0.0,-1226315.8469,0.0,0.0,0.0,-1.2839922763e-07,2.6093346169e-08,2.4439871793e-08,1.5505775203e-07,0.0,0.0,-2.1737216294e-08,0.0,0.0,0.0,0.0,-1.0668745736e-07,0.23740604407,0.056417356297,0.013296736134,0.094849404189
s1010,ok,,5.5397028168,141481618.7,92437.678254,303362.96824,44214198.359,72054.52507,11676998.63,0.0,0.0,0.0,1.215324055,-34235928.841,-0.74992533896,-0.56081071975,0.0,0.0,-4735.1461486,0.0,0.0,0.0,0.0,-0.21594453695,0.0,0.0,0.0,-1.4168846639e-13,2.0722915962e-08,5.8097034284e-14,1.4008027577e-13,0.0,0.0,1.6885805948e-07,0.0,0.0,0.0,0.0,-9.2872779233e-14,0.2419814613,8.5899784449e-09,-0.015608846973,1.2948695461e-08
s1012,ok,,5.620606368,143547860.48,376264.65952,1157120.271,44441236.871,300373.06376,12088135.553,0.0,0.0,0.0,0.76567278711,-34473704.429,0.65915406807,-0.67442153253,0.0,0.0,70255.95332,0.0,0.0,0.0,0.0,-0.11672765686,0.0,0.0,0.0,-2.2199173839e-14,1.9866982464e-08,-1.5412194881e-14,4.2725577122e-14,0.0,0.0,-1.6136569025e-07,0.0,0.0,0.0,0.0,-1.8494420157e-14,0.24015477705,5.3339198826e-09,0.060716206501,1.6076124729e-08
s1014,ok,,5.6801940538,145069704.25,672784.09705,2048097.9233,44392538.259,552033.16459,12337734.264,0.0,0.0,0.0,-0.17872301469,-34691489.796,-0.23767690009,-0.83754361289,0.0,0.0,178306.72413,0.0,0.0,0.0,0.0,-0.52750047461,0.0,0.0,0.0,2.2253513256e-14,1.9382545539e-08,2.3304208154e-16,2.7350006745e-14,0.0,0.0,-1.2940208879e-07,0.0,0.0,0.0,0.0,8.3725330846e-14,0.23913669622,-1.2319802788e-09,0.087059667463,1.8400649592e-08
s1016,ok,,5.7054365479,145714386.66,773448.43194,2335589.8618,44473833.637,633739.7425,12473682.025,0.0,0.0,0.0,0.25657530536,-34695206.387,-1.6557622754,-0.62507607211,0.0,0.0,191104.95274,0.0,0.0,0.0,0.0,-0.47057523263,0.0,0.0,0.0,9.555385962e-15,1.9088525116e-08,1.4775709738e-14,1.4233198446e-14,0.0,0.0,-1.0578984913e-07,0.0,0.0,0.0,0.0,5.1800133145e-14,0.23810419262,1.7608096994e-09,0.081822992924,1.100864502e-08
s1020,ok,,5.6923694515,145380658.65,500351.13259,1754541.1152,44441806.029,443761.76293,12404650.945,0.0,0.0,0.0,5178710.9457,-35082346.847,102192.59499,-2602447.961,0.0,0.0,75460.641323,0.0,0.0,0.0,0.0,-1280813.921,0.0,0.0,0.0,-7.8907448976e-08,1.9255654993e-08,-6.7531873619e-09,1.1724889623e-07,0.0,0.0,-9.2773341664e-08,0.0,0.0,0.0,0.0,5.6533304013e-09,0.24131371512,0.035621732586,0.046419246576,0.058665618021
s102s,ok,,5.6406505804,144059781.01,475073.20538,1552023.6393,44246602.909,402602.46617,12121584.663,0.0,0.0,0.0,2312074.8712,-34491192.918,6185.5522237,-976409.59536,0.0,0.0,66249.770203,0.0,0.0,0.0,0.0,-561054.95172,0.0,0.0,0.0,-3.9496615094e-08,1.9727369595e-08,-2.0774919295e-09,4.6463213626e-08,0.0,0.0,-9.003666247e-08,0.0,0.0,0.0,0.0,1.535099955e-09,0.23942277765,0.016049412647,0.042774005841,0.022073427829
s102b,ok,,5.6893108403,145302543.04,469332.68804,1517982.517,44627428.718,402754.49934,12437591.258,0.0,0.0,0.0,2321780.9055,-35418209.361,-14317.812289,-993875.83538,0.0,0.0,51426.818765,0.0,0.0,0.0,0.0,-568052.60951,0.0,0.0,0.0,-3.9571615322e-08,1.9591538124e-08,-1.3854838335e-09,4.7428437141e-08,0.0,0.0,-7.173661393e-08,0.0,0.0,0.0,0.0,4.2063734722e-10,0.24375491729,0.015978941985,0.033668337847,0.022259715893
s1048,ok,,5.6352533609,143921938.35,397538.60101,1348306.8312,44389156.406,337112.11123,12137233.471,0.0,0.0,0.0,0.9745828301,-34512800.879,0.59822705957,-0.40227459271,0.0,0.0,-31894.57312,0.0,0.0,0.0,0.0,-0.048907883626,0.0,0.0,0.0,-3.0917877546e-14,1.9757568677e-08,-9.4751203062e-15,2.1994474579e-14,0.0,0.0,5.9504355268e-08,0.0,0.0,0.0,0.0,-4.5165428433e-14,0.23980222386,6.7716071729e-09,-0.023655278147,8.7436526541e-09
s1091,ok,,5.6241596275,143638609.19,44994.718771,580602.63518,44432662.137,77843.657909,12098294.622,0.0,0.0,0.0,5790150.9176,-34879467.825,-565123.52385,-3272911.3891,0.0,0.0,58993.580128,0.0,0.0,0.0,0.0,-1232341.7575,0.0,0.0,0.0,-5.6251124751e-07,2.8151833379e-08,-2.6789342865e-08,1.6288984902e-06,0.0,0.0,-6.6440271757e-07,0.0,0.0,0.0,0.0,-1.8440559422e-07,0.24282794174,0.040310547075,0.029894613428,0.073291829471
s1046,ok,,5.6889563131,145293488.57,583540.99126,1970606.7329,44451121.359,503200.57868,12391155.09,0.0,0.0,0.0,0.087335716559,-34438387.939,-1.4722406963,-0.17851074273,0.0,0.0,-46899.442941,0.0,0.0,0.0,0.0,-0.29999029026,0.0,0.0,0.0,9.4223614538e-15,1.9128674172e-08,1.7003164595e-14,8.2327346037e-15,0.0,0.0,4.0784613708e-08,0.0,0.0,0.0,0.0,4.4792114379e-14,0.23702636834,6.0109862746e-10,-0.023799493911,4.8041381114e-09
s1210,ok,,5.6962184548,145478960.54,217543.80159,1345366.804,44406546.601,260097.22786,12411433.138,0.0,0.0,0.0,7509293.5494,-34686236.089,355353.10426,-3675243.954,0.0,0.0,-113740.59333,0.0,0.0,0.0,0.0,-1897774.3206,0.0,0.0,0.0,-1.9051168965e-07,1.7563899068e-08,1.7754010629e-08,3.7816495067e-07,0.0,0.0,2.8810948954e-07,0.0,0.0,0.0,0.0,3.3253910946e-08,0.23842785212,0.051617728926,-0.06267643363,0.082267440998
s1221-4deg-flap,ok,,5.662274878,144612056.18,198726.32632,1149839.7529,44367956.174,223297.11981,12251462.482,0.0,0.0,0.0,5862446.5519,-34292871.368,163545.21191,-2836118.6226,0.0,0.0,-135471.28753,0.0,0.0,0.0,0.0,-1443209.9846,0.0,0.0,0.0,-1.769497187e-07,1.8590580593e-08,3.1547817977e-08,3.1964962905e-07,0.0,0.0,5.4710404027e-07,0.0,0.0,0.0,0.0,1.9375878867e-08,0.23713701523,0.040539127282,-0.10872397604,0.06352279649
s1221,ok,,5.6461703554,144200753.68,197400.65261,1084073.4413,44340601.068,214363.87352,12172368.062,0.0,0.0,0.0,6007951.3242,-34021897.821,476407.27694,-2672352.3724,0.0,0.0,-167099.7952,0.0,0.0,0.0,0.0,-1547926.5902,0.0,0.0,0.0,-1.8254261311e-07,1.7428595611e-08,2.8175774339e-08,2.9839999223e-07,0.0,0.0,6.465869946e-07,0.0,0.0,0.0,0.0,4.9992049317e-08,0.23593425798,0.041663799743,-0.1276366947,0.058904353204
s1223,ok,,5.7800011544,147618734.54,210645.21579,1568746.5537,44739450.33,284386.86558,12882533.485,0.0,0.0,0.0,9334903.3865,-35232978.089,206036.5263,-4613434.3374,0.0,0.0,-105667.85199,0.0,0.0,0.0,0.0,-2289845.1969,0.0,0.0,0.0,-2.1832764983e-07,1.7479568476e-08,2.3345053711e-08,4.8836737661e-07,0.0,0.0,2.5546908699e-07,0.0,0.0,0.0,0.0,1.6877358927e-08,0.23867551906,0.063236576413,-0.053813340958,0.10287225143
s1223rtl,ok,,5.7933591103,147959890.95,258042.44601,1672245.9226,44773645.066,320884.67194,12953974.675,0.0,0.0,0.0,9259976.7027,-35281933.185,-23576.03462,-4551573.9791,0.0,0.0,-101370.51205,0.0,0.0,0.0,0.0,-2207961.8582,0.0,0.0,0.0,-1.9504474679e-07,1.8409989555e-08,2.4768746088e-08,3.9408299593e-07,0.0,0.0,2.4047428592e-07,0.0,0.0,0.0,0.0,-3.2654638286e-11,0.23845606373,0.062584370964,-0.062052572942,0.1016901402
s2027,ok,,5.6362883826,143948372.36,435515.79338,1517467.6734,44233353.269,377930.89633,12100680.77,0.0,0.0,0.0,2738203.0933,-34255964.916,-411002.34299,-1485025.7576,0.0,0.0,9844.4562739,0.0,0.0,0.0,0.0,-532504.48463,0.0,0.0,0.0,-5.6525630168e-08,2.0224612973e-08,6.3242173097e-09,7.7149335655e-08,0.0,0.0,5.9841533437e-09,0.0,0.0,0.0,0.0,-2.6046534574e-08,0.23797396493,0.019022119169,-0.0026061932912,0.033599754126
s2046,ok,,5.5620023204,142051138.36,167768.98892,650561.83136,44138875.536,148224.70953,11753443.56,0.0,0.0,0.0,2653558.3692,-33945299.701,108989.65461,-1326312.9095,0.0,0.0,-28028.106019,0.0,0.0,0.0,0.0,-666320.50297,0.0,0.0,0.0,-1.2160754075e-07,1.9998387042e-08,2.9979499237e-09,1.7854830163e-07,0.0,0.0,2.2679139039e-07,0.0,0.0,0.0,0.0,1.8489791368e-08,0.23896534793,0.018680303445,-0.038048562261,0.029954868037
s2048,ok,,5.5648596465,142124113.27,175428.82011,590314.2026,44234580.917,144263.12047,11790673.124,0.0,0.0,0.0,2055105.6886,-34425974.395,18824.64944,-1018648.8009,0.0,0.0,15384.191885,0.0,0.0,0.0,0.0,-504474.37748,0.0,0.0,0.0,-9.9282214735e-08,2.0487541125e-08,-4.2400508831e-09,1.31333857e-07,0.0,0.0,-1.5274213936e-07,0.0,0.0,0.0,0.0,3.9254114855e-09,0.242224726,0.01445993675,0.02679537329,0.023039743575
s2050,ok,,5.5632203087,142082245.29,177815.94395,609489.00842,44222947.787,146997.67703,11780404.723,0.0,0.0,0.0,1425549.9887,-34210190.083,102012.97334,-649930.83386,0.0,0.0,-11901.384704,0.0,0.0,0.0,0.0,-369861.57725,0.0,0.0,0.0,-6.4552801989e-08,2.0293031654e-08,-2.3779658952e-09,8.2430160005e-08,0.0,0.0,9.5980520182e-08,0.0,0.0,0.0,0.0,1.5373051783e-08,0.24077737519,0.010033273234,-0.017066866797,0.014657396711
s2055,ok,,5.5605063038,142012930.78,163691.12051,527917.82916,44253084.367,130677.92157,11776809.303,0.0,0.0,0.0,1685349.1858,-34460051.29,-172276.51019,-897993.7359,0.0,0.0,30166.036576,0.0,0.0,0.0,0.0,-359944.09357,0.0,0.0,0.0,-9.854193754e-08,2.1014903285e-08,1.1721973541e-09,1.227670091e-07,0.0,0.0,-3.0862184981e-07,0.0,0.0,0.0,0.0,-3.1848055381e-08,0.24265432099,0.011867575555,0.050518656408,0.02009586928
s2060,ok,,5.5583079597,141956786.02,148269.98989,517103.34545,44222400.947,123004.35579,11759231.739,0.0,0.0,0.0,1824756.7685,-34296557.911,19970.128306,-961939.4478,0.0,0.0,-1543.0489867,0.0,0.0,0.0,0.0,-445321.29623,0.0,0.0,0.0,-1.0375748524e-07,2.0506065939e-08,-5.5877352857e-10,1.4670094727e-07,0.0,0.0,1.4459881137e-08,0.0,0.0,0.0,0.0,3.0852730656e-09,0.24159857991,0.012854311651,-0.00214396643,0.021751347968
s2062,ok,,5.5560474168,141899052.73,149031.30428,513312.68306,44210654.488,122770.43941,11746497.311,0.0,0.0,0.0,1726679.7375,-34315311.781,-3929.7064367,-913992.44672,0.0,0.0,1818.430642,0.0,0.0,0.0,0.0,-415315.0626,0.0,0.0,0.0,-9.9491462611e-08,2.0606358218e-08,-2.9629690169e-10,1.3871768881e-07,0.0,0.0,-2.270846122e-08,0.0,0.0,0.0,0.0,-1.5575940981e-09,0.24182904058,0.012168366908,0.0033842715938,0.020673278091
s2091,ok,,5.582518366,142575109.35,212667.01903,875672.22947,44108946.649,195782.66814,11834531.86,0.0,0.0,0.0,3775931.1232,-33713736.222,-493766.89299,-2121717.4713,0.0,0.0,-3749.7323821,0.0,0.0,0.0,0.0,-750750.52565,0.0,0.0,0.0,-1.4975551254e-07,2.1782328504e-08,1.99396874e-08,2.2786560258e-07,0.0,0.0,1.4767118967e-07,0.0,0.0,0.0,0.0,-6.1336926151e-08,0.23646298695,0.026483803102,-0.031404791704,0.048459498441
s3,ok,,5.610493351,143289578.39,258585.02113,882905.38553,44427374.101,216957.70115,12039184.432,0.0,0.0,0.0,1481382.5233,-34633385.594,-687978.97964,-772681.74598,0.0,0.0,-10985.338559,0.0,0.0,0.0,0.0,-164447.72275,0.0,0.0,0.0,-6.5554425977e-08,2.113604819e-08,1.9328261092e-08,6.883177133e-08,0.0,0.0,1.0051414778e-07,0.0,0.0,0.0,0.0,-7.4121722413e-08,0.24170205526,0.010338382874,-0.025991453027,0.017798865043
s3002,ok,,5.5778055013,142454744.82,219674.73564,806477.57246,44174304.625,190420.60415,11831424.425,0.0,0.0,0.0,3160116.5855,-33840824.814,-269527.60249,-1612084.5515,0.0,0.0,-419.50008466,0.0,0.0,0.0,0.0,-674055.02252,0.0,0.0,0.0,-1.2457307995e-07,2.0886201081e-08,9.6826725477e-09,1.664856558e-07,0.0,0.0,5.7887723267e-08,0.0,0.0,0.0,0.0,-3.4020420884e-08,0.23755491512,0.022183301718,-0.012716470306,0.036572692427
s3010,ok,,5.5698791638,142252309.58,218288.08444,835883.41591,44098342.774,191824.27958,11777177.084,0.0,0.0,0.0,2729728.8701,-33680125.476,-461570.26652,-1525170.6248,0.0,0.0,-20926.38972,0.0,0.0,0.0,0.0,-514951.26793,0.0,0.0,0.0,-1.1378898557e-07,2.1375336516e-08,1.9608083746e-08,1.6057443961e-07,0.0,0.0,2.0216531355e-07,0.0,0.0,0.0,0.0,-5.8140636641e-08,0.23676329456,0.019189346578,-0.044130279035,0.035051486832
s3014,ok,,5.5849917812,142638279.3,202658.62549,724574.1658,44294119.535,172665.03422,11893263.295,0.0,0.0,0.0,2426408.9181,-34394703.675,-486549.39449,-1420219.2621,0.0,0.0,11546.798396,0.0,0.0,0.0,0.0,-447804.40051,0.0,0.0,0.0,-1.1462633897e-07,2.160072757e-08,1.6047199203e-08,1.5853654111e-07,0.0,0.0,2.7615117643e-08,0.0,0.0,0.0,0.0,-6.6850692428e-08,0.24113235132,0.017010923926,-0.0055964417841,0.032128797511
s3021,ok,,5.5898175005,142761526.09,200331.08395,725390.2494,44317031.047,171999.0651,11919847.706,0.0,0.0,0.0,2771403.5944,-34486709.92,-499118.95987,-1590883.1347,0.0,0.0,15982.067854,0.0,0.0,0.0,0.0,-525586.44571,0.0,0.0,0.0,-1.2980415055e-07,2.1836326025e-08,1.6005096628e-08,1.7936554767e-07,0.0,0.0,1.3331137816e-08,0.0,0.0,0.0,0.0,-7.0187107472e-08,0.24156865553,0.019412818498,-0.002670641289,0.035932494587
s3016,ok,,5.581384012,142546138.44,202712.4097,712090.32847,44291621.426,170644.15648,11876930.594,0.0,0.0,0.0,1978561.8538,-34366244.537,-413166.95893,-1160751.9813,0.0,0.0,1636.7332727,0.0,0.0,0.0,0.0,-361167.43405,0.0,0.0,0.0,-9.511172049e-08,2.1228613002e-08,1.477644593e-08,1.2988729716e-07,0.0,0.0,6.3673851564e-08,0.0,0.0,0.0,0.0,-5.7156740394e-08,0.24108856903,0.013880150494,-0.012907479886,0.026329766997
s3024,ok,,5.5921860286,142822017.28,228092.42307,836891.2306,44247131.468,198569.48704,11912709.544,0.0,0.0,0.0,3399350.4038,-34340288.767,-432298.6497,-1928399.9614,0.0,0.0,39148.577449,0.0,0.0,0.0,0.0,-694532.83851,0.0,0.0,0.0,-1.3233400292e-07,2.1550172212e-08,7.0633241979e-09,1.9005308102e-07,0.0,0.0,-1.0636635181e-07,0.0,0.0,0.0,0.0,-5.1917488158e-08,0.24044114081,0.023801305069,0.024261358917,0.043349667762
s3025,ok,,5.5979684283,142969697.27,198249.38988,747516.59732,44335363.33,174667.69059,11960304.413,0.0,0.0,0.0,3470576.2761,-34500623.289,-462614.23564,-1938349.4639,0.0,0.0,23234.621554,0.0,0.0,0.0,0.0,-703563.17172,0.0,0.0,0.0,-1.5443126389e-07,2.190843385e-08,1.3072580717e-08,2.2034387031e-07,0.0,0.0,-2.0287342175e-08,0.0,0.0,0.0,0.0,-6.4112610063e-08,0.24131423615,0.024274908196,0.0040219532085,0.043683037854
s4053,ok,,5.5923395008,142825936.89,185777.97418,661062.72896,44371845.916,158696.61102,11945113.959,0.0,0.0,0.0,2894868.3522,-34700457.637,-330241.43234,-1619130.381,0.0,0.0,28453.975912,0.0,0.0,0.0,0.0,-608574.33046,0.0,0.0,0.0,-1.3985435947e-07,2.1450118491e-08,6.4095308784e-09,1.9543446984e-07,0.0,0.0,-1.3355373086e-07,0.0,0.0,0.0,0.0,-4.9983987836e-08,0.24295627525,0.020268505953,0.024811341564,0.036307419892
s4022,ok,,5.634306082,143897745.26,274671.58679,1024718.4665,44410934.404,247043.08159,12139512.527,0.0,0.0,0.0,4549158.1017,-34982768.497,220022.21579,-2225239.887,0.0,0.0,19319.517917,0.0,0.0,0.0,0.0,-1170415.2137,0.0,0.0,0.0,-1.2273851892e-07,1.9374879803e-08,-1.0252408691e-08,1.829590064e-07,0.0,0.0,-1.0780672729e-07,0.0,0.0,0.0,0.0,2.1499324892e-08,0.24310852428,0.031613824758,0.029611444851,0.050253640605
s4061,ok,,5.5667364663,142172046.44,199071.34776,819903.11434,44013736.979,183270.54076,11741700.468,0.0,0.0,0.0,3698594.1797,-33748251.493,-359951.4124,-2091733.6447,0.0,0.0,8711.8866965,0.0,0.0,0.0,0.0,-774845.66854,0.0,0.0,0.0,-1.5331133454e-07,2.1564531314e-08,1.242346275e-08,2.3916825771e-07,0.0,0.0,5.1435370108e-08,0.0,0.0,0.0,0.0,-4.7916708485e-08,0.23737613925,0.026014918349,-0.01023930845,0.047611547404
s4062,ok,,5.578297004,142467297.58,211117.27917,845829.3789,44081890.26,192646.29819,11809488.005,0.0,0.0,0.0,3950476.955,-34004864.369,-227615.73807,-2200090.6116,0.0,0.0,29711.538015,0.0,0.0,0.0,0.0,-878729.98414,0.0,0.0,0.0,-1.5066765094e-07,2.1030920263e-08,9.8709937997e-10,2.3588074588e-07,0.0,0.0,-1.0276474207e-07,0.0,0.0,0.0,0.0,-2.8215240872e-08,0.23868540322,0.027729008846,0.02169541274,0.049798501277
s4083,ok,,5.6096272542,143267458.65,122766.69647,529743.7718,44524568.275,114797.71702,12060379.066,0.0,0.0,0.0,3479947.1537,-34959753.854,-422313.85356,-1891700.0919,0.0,0.0,-12406.210771,0.0,0.0,0.0,0.0,-725363.65535,0.0,0.0,0.0,-2.3338621267e-07,2.263117938e-08,3.7986108461e-08,3.5053437801e-07,0.0,0.0,4.6663850627e-07,0.0,0.0,0.0,0.0,-8.9421214524e-08,0.2440174076,0.024289864471,-0.057287667861,0.043033947587
s4094,ok,,5.6987205596,145542863.21,247344.19362,777210.5339,45210497.973,196157.79176,12640054.949,0.0,0.0,0.0,2257159.8958,-36373242.411,-542630.78511,-1326632.0062,0.0,0.0,39659.717035,0.0,0.0,0.0,0.0,-402311.85294,0.0,0.0,0.0,-9.5355482494e-08,2.0995598808e-08,1.1865173456e-08,1.1716960636e-07,0.0,0.0,-1.2344687409e-07,0.0,0.0,0.0,0.0,-6.5250352111e-08,0.24991429746,0.015508557726,0.030533867528,0.028981221803
s4096,ok,,5.8103346305,148393438.4,488656.82777,1334359.0837,45845040.666,366316.80506,13333601.411,0.0,0.0,0.0,2089758.044,-38214962.756,-471877.26297,-1208140.9522,0.0,0.0,239225.28902,0.0,0.0,0.0,0.0,-392894.08363,0.0,0.0,0.0,-4.6098269131e-08,1.981861913e-08,-8.4367822578e-10,5.0354763481e-08,0.0,0.0,-3.4777415451e-07,0.0,0.0,0.0,0.0,-2.9742109417e-08,0.25752461273,0.014082550189,0.16994221513,0.024606198986
s4110,ok,,5.5808854452,142533405.15,159223.2989,612944.35617,44297288.911,140090.41675,11876475.533,0.0,0.0,0.0,3117960.1804,-34325412.831,-133479.42644,-1676178.8267,0.0,0.0,-2234.5139637,0.0,0.0,0.0,0.0,-712712.48336,0.0,0.0,0.0,-1.6167395734e-07,2.0797135329e-08,7.7433724457e-09,2.3787644917e-07,0.0,0.0,7.46478923e-08,0.0,0.0,0.0,0.0,-2.2939339207e-08,0.24082363566,0.021875294266,-0.011885683668,0.037875472967
s4095,ok,,5.7327416407,146411746.94,266638.50946,793455.76162,45467456.996,204112.46891,12866063.989,0.0,0.0,0.0,2264348.8719,-37067184.227,-573521.60958,-1333716.6723,0.0,0.0,83493.97539,0.0,0.0,0.0,0.0,-400202.09354,0.0,0.0,0.0,-9.2440458605e-08,2.0924701553e-08,6.9878832663e-09,1.0605497081e-07,0.0,0.0,-3.1506545233e-07,0.0,0.0,0.0,0.0,-6.5901303761e-08,0.25317083501,0.015465622938,0.084008582592,0.028278339337
s4158,ok,,5.6037037414,143116174.69,279236.71697,1010629.0004,44206924.178,245112.44021,11951871.883,0.0,0.0,0.0,3493342.9916,-34438935.774,-437125.48985,-2042656.7022,0.0,0.0,73317.653428,0.0,0.0,0.0,0.0,-717635.66065,0.0,0.0,0.0,-1.0967513007e-07,2.1264665643e-08,1.1848044651e-09,1.6363044332e-07,0.0,0.0,-1.8820444601e-07,0.0,0.0,0.0,0.0,-4.1982249625e-08,0.24063622332,0.024409141727,0.052553591622,0.045691627789
s4180,ok,,5.542594907,141555482.59,188082.33531,850508.57593,43779453.159,179787.72179,11578495.701,0.0,0.0,0.0,4190340.5739,-32779765.566,-570088.97093,-2314372.9528,0.0,0.0,-15814.854545,0.0,0.0,0.0,0.0,-805949.55122,0.0,0.0,0.0,-1.8290477587e-07,2.2601517713e-08,3.0700477414e-08,2.8486007194e-07,0.0,0.0,2.872461262e-07,0.0,0.0,0.0,0.0,-7.897528244e-08,0.23156832195,0.029602107226,-0.054025922225,0.053577147569
s4233,ok,,5.6257155718,143678347.34,395618.86146,1390472.5336,44197846.534,344824.64216,12044911.453,0.0,0.0,0.0,3193515.6339,-34341826.612,-316040.04435,-1751742.0402,0.0,0.0,35713.943141,0.0,0.0,0.0,0.0,-671798.59306,0.0,0.0,0.0,-6.9720869584e-08,2.0374883043e-08,3.4769471966e-09,9.9886426879e-08,0.0,0.0,-4.2149088122e-08,0.0,0.0,0.0,0.0,-2.2033052882e-08,0.2390188031,0.022226839973,0.016674974254,0.039516954478
s5010,ok,,5.5682456029,142210589.14,190074.38106,721853.22224,44147939.737,166731.32434,11781282.063,0.0,0.0,0.0,1703100.3196,-33939602.998,-870023.98749,-1115552.0149,0.0,0.0,-18082.771076,0.0,0.0,0.0,0.0,-158658.14403,0.0,0.0,0.0,-1.0190214417e-07,2.2410733122e-08,3.5000550279e-08,1.3874867555e-07,0.0,0.0,2.9196888628e-07,0.0,0.0,0.0,0.0,-1.2615087698e-07,0.23865735458,0.011975903692,-0.055495805349,0.026372568628
s4310,ok,,5.6071355987,143203822.84,261316.86221,1001826.1616,44230623.576,234575.64223,11973138.568,0.0,0.0,0.0,3984237.1111,-34189904.796,-621998.15281,-2246201.2422,0.0,0.0,32899.806569,0.0,0.0,0.0,0.0,-771786.01437,0.0,0.0,0.0,-1.3383354526e-07,2.1951358584e-08,1.3783736916e-08,1.9430738316e-07,0.0,0.0,-4.9874655764e-09,0.0,0.0,0.0,0.0,-6.3893024908e-08,0.23874994477,0.027822142118,0.0013033088548,0.050775795672
s4320,ok,,5.5725042198,142319352.38,181817.88869,810067.0485,44023714.866,174863.99651,11769055.374,0.0,0.0,0.0,4327957.2003,-33730840.699,-552540.85475,-2405818.1185,0.0,0.0,7865.0711137,0.0,0.0,0.0,0.0,-866972.01691,0.0,0.0,0.0,-1.9216243094e-07,2.2735115196e-08,2.3833420921e-08,3.0251731113e-07,0.0,0.0,1.5162181983e-07,0.0,0.0,0.0,0.0,-7.7157516327e-08,0.23700810983,0.030410180541,-0.027567559161,0.055003058802
s6061,ok,,5.550734687,141763367.91,182898.38545,631069.37598,44101437.512,152067.89414,11695370.898,0.0,0.0,0.0,1666169.8088,-34081022.225,-245313.13686,-942798.93719,0.0,0.0,9009.4349844,0.0,0.0,0.0,0.0,-330744.43304,0.0,0.0,0.0,-8.6723580714e-08,2.1074269379e-08,8.1181109365e-09,1.1670660214e-07,0.0,0.0,-3.2618312103e-08,0.0,0.0,0.0,0.0,-3.9255661663e-08,0.24040781994,0.011753175968,0.0059658366197,0.021345449103
s5020,ok,,5.546831829,141663690.6,138015.66159,554423.74057,44053393.83,123690.67368,11664062.512,0.0,0.0,0.0,2023983.1982,-33768021.79,-1023321.7616,-1313202.7921,0.0,0.0,-3424.0624022,0.0,0.0,0.0,0.0,-192628.29895,0.0,0.0,0.0,-1.6332008548e-07,2.4509473204e-08,5.5752335817e-08,2.2640825512e-07,0.0,0.0,4.4337576897e-07,0.0,0.0,0.0,0.0,-2.0088470461e-07,0.23836751428,0.014287240363,-0.061192800087,0.03124788512
s6062,ok,,5.5337433914,141329417.55,141955.61943,496159.41863,44041247.255,117698.92209,11607085.474,0.0,0.0,0.0,1505187.6612,-33952421.42,-198456.76192,-855012.12009,0.0,0.0,3303.1275966,0.0,0.0,0.0,0.0,-305328.02624,0.0,0.0,0.0,-1.0038021744e-07,2.1184518671e-08,9.2336507382e-09,1.3679829069e-07,0.0,0.0,7.8054580796e-09,0.0,0.0,0.0,0.0,-4.1190695357e-08,0.24023605282,0.010650207772,-0.0011080286366,0.019419286093
s6063,ok,,5.51407938,140827207.19,107276.91846,384253.26186,43946582.868,89055.03182,11499242.072,0.0,0.0,0.0,1364819.3602,-33745299.14,-147805.11568,-768589.93321,0.0,0.0,-3468.5051301,0.0,0.0,0.0,0.0,-285455.38569,0.0,0.0,0.0,-1.1855453556e-07,2.1267086303e-08,1.1328926155e-08,1.6352418074e-07,0.0,0.0,1.4685190385e-07,0.0,0.0,0.0,0.0,-4.0608129761e-08,0.2396220149,0.0096914466134,-0.015753819715,0.017542370204
s7055,ok,,5.6169476392,143454418.13,254164.20799,912613.81621,44398019.78,220799.63656,12059756.569,0.0,0.0,0.0,3348183.4747,-34725039.403,-559043.2201,-1935705.5363,0.0,0.0,45224.646974,0.0,0.0,0.0,0.0,-648118.2568,0.0,0.0,0.0,-1.2044474762e-07,2.1697470447e-08,9.9046814905e-09,1.7043447338e-07,0.0,0.0,-8.986121134e-08,0.0,0.0,0.0,0.0,-6.0971330186e-08,0.24206322716,0.023339702732,0.022839503609,0.043318342941
s7012,ok,,5.5520902967,141797989.59,158382.48194,581460.67586,44117490.267,135842.87437,11705113.921,0.0,0.0,0.0,2041089.4316,-34083932.885,-183486.38579,-1063447.5873,0.0,0.0,-13781.134717,0.0,0.0,0.0,0.0,-436943.3629,0.0,0.0,0.0,-1.1407466683e-07,2.1058964148e-08,1.1943316652e-08,1.5301900435e-07,0.0,0.0,1.9766732683e-07,0.0,0.0,0.0,0.0,-3.3755147674e-08,0.24036964828,0.014394346757,-0.031307041822,0.024235529694
s7075,ok,,5.5902435537,142772407.31,191675.83875,689056.43635,44342977.382,163986.5504,11929402.074,0.0,0.0,0.0,3098206.4732,-34474056.399,-107359.86809,-1628188.6333,0.0,0.0,15287.739314,0.0,0.0,0.0,0.0,-717915.24383,0.0,0.0,0.0,-1.3605445348e-07,2.0585248193e-08,3.6291589215e-10,1.9135654107e-07,0.0,0.0,-8.5902407863e-08,0.0,0.0,0.0,0.0,-1.5428766832e-08,0.24146161747,0.021700316831,0.016465416078,0.03667842551
s8023,ok,,5.5932189182,142848396.83,94511.438484,397620.0246,44555323.312,83583.370742,11996349.791,0.0,0.0,0.0,0.12653373974,-34665900.499,0.5826643112,-0.22799087385,0.0,0.0,-63841.71261,0.0,0.0,0.0,0.0,-0.059871638284,0.0,0.0,0.0,-3.5390826322e-15,2.0229166779e-08,-2.776302274e-14,3.1925651177e-14,0.0,0.0,1.6988377688e-06,0.0,0.0,0.0,0.0,2.9086517722e-14,0.24267616066,8.8579040821e-10,-0.16055960128,3.0173392173e-09
s8021,ok,,5.5801443143,142514477.09,126810.55118,429704.04108,44462984.44,103176.39028,11915330.186,0.0,0.0,0.0,-0.13426864614,-34874773.532,-0.27751940868,-0.03995454562,0.0,0.0,-16405.575987,0.0,0.0,0.0,0.0,-0.10760235909,0.0,0.0,0.0,3.7090024427e-14,2.0537441097e-08,1.4867592139e-14,8.9653300771e-15,0.0,0.0,3.01069426e-07,0.0,0.0,0.0,0.0,1.1425206653e-13,0.24471039184,-9.4214039777e-10,-0.038178779855,1.1368984486e-09
s8025,ok,,5.557374437,141932944.26,121159.19654,457946.6979,44252993.517,103227.73602,11762568.599,0.0,0.0,0.0,334060.07938,-34163734.227,-209673.68852,-177711.22161,0.0,0.0,-43848.462734,0.0,0.0,0.0,0.0,-21636.591579,0.0,0.0,0.0,-3.4450866521e-08,2.0636158568e-08,1.3953318451e-08,3.6961905826e-08,0.0,0.0,8.0544139275e-07,0.0,0.0,0.0,0.0,-4.8403605143e-08,0.24070334344,0.0023536472179,-0.097586632009,0.0044782748127
s8036,ok,,5.6946221248,145438190.96,592143.31067,1831673.6262,44657300.134,487676.11827,12472421.37,0.0,0.0,0.0,1849054.7335,-34950610.679,-405473.04605,-984732.62754,0.0,0.0,91120.001998,0.0,0.0,0.0,0.0,-325592.07361,0.0,0.0,0.0,-3.0759488156e-08,1.9562236177e-08,3.3171556571e-09,3.6554348892e-08,0.0,0.0,-7.5760764655e-08,0.0,0.0,0.0,0.0,-1.9524668132e-08,0.24031246847,0.012713680783,0.044861230002,0.021645413172
s8035,ok,,5.6605791953,144568749.23,439896.01521,1415432.8481,44621666.608,362040.69472,12311984.385,0.0,0.0,0.0,7.6585901275,-34633319.011,-15.730928911,1.9526163358,0.0,0.0,-7378.8396244,0.0,0.0,0.0,0.0,1.2023109722,0.0,0.0,0.0,-3.0954799091e-13,1.9457705844e-08,2.4857198521e-13,-9.5298745586e-14,0.0,0.0,1.1850830135e-08,0.0,0.0,0.0,0.0,-6.8133861487e-13,0.23956297053,5.2975419433e-08,-0.0052131329535,-4.1921538438e-08
s8037,ok,,5.6995029718,145562845.68,589729.83614,1851905.9722,44649818.754,490476.33949,12492277.57,0.0,0.0,0.0,2517370.9726,-34946567.859,-641098.58326,-1405617.4145,0.0,0.0,98037.648146,0.0,0.0,0.0,0.0,-415630.30347,0.0,0.0,0.0,-4.2646559296e-08,1.9867224239e-08,5.5522260851e-09,5.2369902279e-08,0.0,0.0,-7.1268618445e-08,0.0,0.0,0.0,0.0,-3.0803365306e-08,0.24007889991,0.017294048909,0.042029230677,0.03088409389
s8038,ok,,5.6495678358,144287523.87,386551.64106,1226764.9778,44624070.697,316163.6072,12263003.952,0.0,0.0,0.0,976078.55722,-34838828.21,-175238.67779,-467197.27258,0.0,0.0,17238.825963,0.0,0.0,0.0,0.0,-186324.78576,0.0,0.0,0.0,-2.4469786784e-08,1.9788454903e-08,2.862609053e-09,2.6957538102e-08,0.0,0.0,-3.2483359434e-08,0.0,0.0,0.0,0.0,-1.2729431877e-08,0.24145419698,0.0067648160496,0.012556495896,0.010420480592
s8052,ok,,5.6127537737,143347308.61,320966.98835,1062834.4534,44373222.314,267373.53919,12034635.943,0.0,0.0,0.0,1567717.2938,-34428513.954,-320576.80493,-860253.17902,0.0,0.0,15394.51294,0.0,0.0,0.0,0.0,-285790.6966,0.0,0.0,0.0,-4.7673727012e-08,2.0317647092e-08,6.277462877e-09,6.0209946787e-08,0.0,0.0,-2.6906500283e-08,0.0,0.0,0.0,0.0,-2.8198836619e-08,0.24017551699,0.010936496185,0.0086360983629,0.019325405289
s8055,ok,,5.6193628582,143516101.78,347698.18165,1122893.4335,44403620.51,285904.16847,12072401.589,0.0,0.0,0.0,2052706.0157,-34491352.551,-344817.44829,-1128498.4618,0.0,0.0,49455.576308,0.0,0.0,0.0,0.0,-396125.42273,0.0,0.0,0.0,-5.6792060348e-08,2.0366087759e-08,4.2961800445e-09,7.2288912484e-08,0.0,0.0,-1.042167372e-07,0.0,0.0,0.0,0.0,-2.8162200705e-08,0.24033089056,0.014302966637,0.036235970022,0.025134723424
s8064,ok,,5.608063695,143227526.02,370108.36426,1145430.3996,44317851.543,299041.94673,12000289.975,0.0,0.0,0.0,1158720.1761,-34686001.279,-1930.3842618,-624593.32633,0.0,0.0,95858.550854,0.0,0.0,0.0,0.0,-282132.79709,0.0,0.0,0.0,-2.6950655137e-08,2.0177274695e-08,-3.1470230145e-09,3.8069522549e-08,0.0,0.0,-2.2605284517e-07,0.0,0.0,0.0,0.0,4.2377322118e-10,0.24217412841,0.0080900662621,0.083664048764,0.014089848719
s8065,ok,,5.5919492166,142815969.19,292987.6162,917867.56171,44307626.517,236244.0526,11927175.62,0.0,0.0,0.0,1144942.3863,-34621845.48,-16920.641898,-625237.19896,0.0,0.0,64438.212508,0.0,0.0,0.0,0.0,-274544.51997,0.0,0.0,0.0,-3.4194298756e-08,2.0333893663e-08,-2.9463072091e-09,4.8072230833e-08,0.0,0.0,-2.387271939e-07,0.0,0.0,0.0,0.0,-1.0702274458e-09,0.24242278841,0.0080169073026,0.069944111462,0.014084568317
s8066,ok,,5.580164719,142514998.22,239048.72161,756231.66084,44298482.034,192538.19796,11873286.217,0.0,0.0,0.0,935007.64206,-34559221.895,10620.984978,-491823.49572,0.0,0.0,40079.869025,0.0,0.0,0.0,0.0,-230869.62281,0.0,0.0,0.0,-3.3636554921e-08,2.0411896355e-08,-2.7886528701e-09,4.6497785197e-08,0.0,0.0,-2.2236214421e-07,0.0,0.0,0.0,0.0,1.808627777e-09,0.24249533261,0.0065607666122,0.053155386308,0.011115236109
s9000,ok,,5.5716405643,142297294.99,181767.56784,642887.58604,44249880.952,153002.0194,11824157.385,0.0,0.0,0.0,2467401.1179,-34248226.593,-180211.44696,-1264183.013,0.0,0.0,-2455.5366978,0.0,0.0,0.0,0.0,-542230.54907,0.0,0.0,0.0,-1.2019621863e-07,2.0880199016e-08,8.1970361472e-09,1.5744192713e-07,0.0,0.0,6.5071387855e-08,0.0,0.0,0.0,0.0,-2.8536262714e-08,0.24068079858,0.017339761224,-0.011827867906,0.02861783617
s9026,ok,,5.579483699,142497605.26,197725.77462,672366.17608,44345472.777,161848.61054,11882663.623,0.0,0.0,0.0,6.1068243288,-34240557.62,-13.607281151,2.4551021567,0.0,0.0,-26303.487306,0.0,0.0,0.0,0.0,1.3196066993,0.0,0.0,0.0,-6.1300425075e-13,2.022178365e-08,4.4779034253e-13,-2.1928848841e-13,0.0,0.0,1.978537051e-07,0.0,0.0,0.0,0.0,-1.4491566241e-12,0.24028865297,4.2855627768e-08,-0.039120777102,-4.3358986237e-08
s9027,ok,,5.5605876812,142015009.13,136622.2495,479165.69639,44287898.185,111873.72616,11785784.255,0.0,0.0,0.0,5.1184191946,-34162581.29,-12.452038492,2.5148925249,0.0,0.0,-30251.200629,0.0,0.0,0.0,0.0,1.2584732691,0.0,0.0,0.0,-7.7639986319e-13,2.0410702152e-08,5.6873454944e-13,-2.8571134268e-13,0.0,0.0,4.6209946412e-07,0.0,0.0,0.0,0.0,-1.8882847037e-12,0.24055613206,3.604139609e-08,-0.063133068282,-3.9034526346e-08
s9032,ok,,5.573847188,142353651.2,172240.13712,598544.28846,44332941.086,141781.52234,11854812.565,0.0,0.0,0.0,5.7565681722,-34222738.611,-13.023272579,2.7793766776,0.0,0.0,-32887.548717,0.0,0.0,0.0,0.0,1.4452178103,0.0,0.0,0.0,-6.8987240463e-13,2.027922985e-08,4.7594125889e-13,-2.7027569377e-13,0.0,0.0,3.1900746862e-07,0.0,0.0,0.0,0.0,-1.6832134653e-12,0.24040646883,4.0438500337e-08,-0.054945890138,-4.6552322556e-08
s9033,ok,,5.5496819662,141736481.87,113290.35278,415035.56185,44226996.931,94132.115105,11722951.734,0.0,0.0,0.0,5.5042518498,-34038944.075,-12.072413457,2.4427911596,0.0,0.0,-36417.078774,0.0,0.0,0.0,0.0,1.2949545589,0.0,0.0,0.0,-9.8205544044e-13,2.0486013463e-08,6.3346203383e-13,-2.7612129067e-13,0.0,0.0,7.7450970859e-07,0.0,0.0,0.0,0.0,-2.3713836657e-12,0.24015654704,3.8834404362e-08,-0.087744478115,-3.1281878429e-08
s9037,ok,,5.5770034192,142434259.99,182484.34016,700851.89256,44201297.961,161189.94736,11834956.875,0.0,0.0,0.0,3425625.133,-34176920.284,-424924.91345,-1897779.0959,0.0,0.0,17161.392917,0.0,0.0,0.0,0.0,-700922.48957,0.0,0.0,0.0,-1.6441655098e-07,2.195861315e-08,1.4080918292e-08,2.353836245e-07,0.0,0.0,8.478355888e-09,0.0,0.0,0.0,0.0,-6.3455176649e-08,0.23994873345,0.02405056995,-0.0015471671798,0.042953825401
s9104,ok,,6.0925474385,155601031.7,160518.35845,3508189.9882,45145282.947,468458.84126,14473797.561,0.0,0.0,0.0,15912918.232,-37885251.29,541784.18766,-7900638.8735,0.0,0.0,70507.124678,0.0,0.0,0.0,0.0,-4074764.4633,0.0,0.0,0.0,-2.1106898262e-07,1.3903177854e-08,-5.4968903228e-08,1.0939413717e-06,0.0,0.0,-2.9355786672e-07,0.0,0.0,0.0,0.0,2.9546585239e-08,0.24347686436,0.10226743395,0.047121426877,0.17559767322
s9104BTE,ok,,6.1175923872,156240668.88,161986.77709,3506250.9171,45327938.946,470414.0978,14651885.132,0.0,0.0,0.0,15945991.644,-38380379.737,491775.36985,-7943555.8639,0.0,0.0,80696.578204,0.0,0.0,0.0,0.0,-4099701.5326,0.0,0.0,0.0,-2.1041659398e-07,1.4145883416e-08,-5.4739817775e-08,1.0851818701e-06,0.0,0.0,-2.9379934126e-07,0.0,0.0,0.0,0.0,2.6490282017e-08,0.24564910028,0.10206044148,0.047591608402,0.17578511369
sa7024,ok,,5.5578258033,141944471.96,104775.60024,445526.1419,44183130.397,96392.014339,11747159.179,0.0,0.0,0.0,3255821.4769,-34309464.502,-216049.90863,-1755260.115,0.0,0.0,-95.347942985,0.0,0.0,0.0,0.0,-724753.2638,0.0,0.0,0.0,-2.5123178464e-07,2.190721935e-08,1.8379036561e-08,3.8008029283e-07,0.0,0.0,1.8591035072e-07,0.0,0.0,0.0,0.0,-5.494222987e-08,0.24171046627,0.022937289716,-0.019478868588,0.039823140822
sa7025,ok,,5.5554373324,141883471.44,145573.81516,589242.7667,44075797.367,131389.64847,11709842.191,0.0,0.0,0.0,3552387.1489,-34079683.583,-261792.81188,-1946260.7138,0.0,0.0,19309.632476,0.0,0.0,0.0,0.0,-779322.23023,0.0,0.0,0.0,-2.0209417218e-07,2.1789244644e-08,6.0979719364e-09,3.0280580715e-07,0.0,0.0,-9.033661408e-08,0.0,0.0,0.0,0.0,-4.8060109134e-08,0.24019488131,0.025037357156,0.01315064556,0.044080596598
sa7026,ok,,5.583610675,142603006.45,188735.69253,732035.01802,44204971.722,169305.27989,11864702.244,0.0,0.0,0.0,3781361.4976,-34460186.222,-245470.07285,-2080632.7236,0.0,0.0,36269.416874,0.0,0.0,0.0,0.0,-844581.52879,0.0,0.0,0.0,-1.649386004e-07,2.1329810807e-08,-8.0061563127e-10,2.483994238e-07,0.0,0.0,-1.788819429e-07,0.0,0.0,0.0,0.0,-3.4443681601e-08,0.24165119012,0.0265167025,0.033761407373,0.046881837275
sa7035,ok,,5.5615646225,142039959.78,188452.45214,677784.087,44139851.053,159943.72495,11752382.946,0.0,0.0,0.0,2576913.7616,-34034774.391,-294574.74426,-1393136.2538,0.0,0.0,5664.2241725,0.0,0.0,0.0,0.0,-534759.83635,0.0,0.0,0.0,-1.2396546817e-07,2.1262001965e-08,1.074516032e-08,1.6767664467e-07,0.0,0.0,2.8445626196e-08,0.0,0.0,0.0,0.0,-4.3998568906e-08,0.23961408074,0.018142174678,-0.0053606480092,0.031599074854
sa7036,ok,,5.5645771806,142116899.18,188635.0252,688882.64565,44147618.337,161497.52404,11767504.443,0.0,0.0,0.0,2806945.9845,-34044872.487,-296276.55503,-1518254.5916,0.0,0.0,6498.0755044,0.0,0.0,0.0,0.0,-588990.48796,0.0,0.0,0.0,-1.3280913182e-07,2.1300036139e-08,1.0719886743e-08,1.8251087326e-07,0.0,0.0,2.8406058537e-08,0.0,0.0,0.0,0.0,-4.3900028665e-08,0.23955541306,0.019750965582,-0.0053583775678,0.034427943176
sa7038,ok,,5.5698243031,142250908.46,188865.20896,713048.47599,44153172.757,164796.87696,11791761.787,0.0,0.0,0.0,3255968.366,-34043216.496,-296608.96881,-1760259.6541,0.0,0.0,8640.1274512,0.0,0.0,0.0,0.0,-695329.61598,0.0,0.0,0.0,-1.4921497963e-07,2.1357923967e-08,1.0364825901e-08,2.1125624251e-07,0.0,0.0,2.3651977687e-08,0.0,0.0,0.0,0.0,-4.3166204001e-08,0.2393180955,0.022888910877,-0.0044670357083,0.039898954387
saratov,ok,,5.7130820319,145909649.02,135561.93292,1656859.8447,43786156.25,239661.95416,12305131.197,0.0,0.0,0.0,7666638.5969,-34982853.502,-271720.11075,-4584204.5354,0.0,0.0,69564.409569,0.0,0.0,0.0,0.0,-1741514.9997,0.0,0.0,0.0,-2.2708197991e-07,2.1268600992e-08,-1.5391398983e-08,7.7120094875e-07,0.0,0.0,-1.8304765909e-07,0.0,0.0,0.0,0.0,-3.2761136592e-08,0.23975695739,0.052543739558,0.024814294484,0.10454549129
sc1012r8,ok,,5.7203919012,146096339.92,359907.12555,1155544.0505,45170455.691,296134.22756,12729626.739,0.0,0.0,0.0,2466325.305,-35057786.337,-888870.06174,-1329140.4502,0.0,0.0,6239.8797322,0.0,0.0,0.0,0.0,-329517.1598,0.0,0.0,0.0,-7.3679167145e-08,2.0377906828e-08,1.8455343066e-08,8.2732499829e-08,0.0,0.0,4.789167442e-08,0.0,0.0,0.0,0.0,-6.9584413795e-08,0.23996348133,0.016881499607,-0.017236554878,0.029776016203
sc1095,ok,,5.6435981788,144135061.4,220113.12972,704972.32203,44847078.252,177083.15439,12295899.139,0.0,0.0,0.0,783398.55551,-35302171.495,-206753.7582,-434196.16415,0.0,0.0,-10496.931223,0.0,0.0,0.0,0.0,-132358.8333,0.0,0.0,0.0,-3.7386505184e-08,2.010061712e-08,7.3259511605e-09,4.4357415015e-08,0.0,0.0,8.0544810455e-08,0.0,0.0,0.0,0.0,-2.7332856348e-08,0.2449242478,0.0054351699573,-0.017728970312,0.0097636494453
sc1094r8,ok,,5.6686173822,144774041.06,221564.41905,721087.08165,45001129.287,180261.31196,12448875.937,0.0,0.0,0.0,1911321.5198,-35163941.93,-708212.64971,-1041417.7266,0.0,0.0,-1202.1781404,0.0,0.0,0.0,0.0,-258973.72103,0.0,0.0,0.0,-9.5435573937e-08,2.1090289873e-08,2.4415920641e-08,1.0620789221e-07,0.0,0.0,1.1010616215e-07,0.0,0.0,0.0,0.0,-9.1470390091e-08,0.24288844653,0.013202101052,-0.024395607851,0.023531889936
sc1095r8,ok,,5.6694391873,144795029.61,221599.05354,720987.05489,45007775.41,180288.43485,12454345.771,0.0,0.0,0.0,633254.22204,-35136122.334,62443.75547,-453842.54248,0.0,0.0,-18516.992353,0.0,0.0,0.0,0.0,-161923.47672,0.0,0.0,0.0,-2.33656976e-08,1.9468568082e-08,-7.9922694392e-10,4.5348779202e-08,0.0,0.0,1.1195649889e-07,0.0,0.0,0.0,0.0,3.6774736027e-09,0.24266110812,0.0043734527613,-0.02480945419,0.01004924655
sc20402,ok,,5.5583625868,141958181.17,8603.8801522,28753.247632,44463007.526,7001.0391906,11818985.067,0.0,0.0,0.0,43516.944964,-35514441.153,4145.9960553,-43397.594692,0.0,0.0,741.23519182,0.0,0.0,0.0,0.0,-15174.489092,0.0,0.0,0.0,-3.0822633129e-08,2.1156067999e-08,-6.1906507173e-09,1.1372254592e-07,0.0,0.0,-3.0125847952e-06,0.0,0.0,0.0,0.0,5.1817171778e-08,0.2501753746,0.00030654763681,0.025919918526,0.00097845515567
sc20010,ok,,5.6475504556,144236000.84,258106.11291,770730.30043,44860504.713,203106.88422,12316233.367,0.0,0.0,0.0,-0.67940482586,-35441783.981,-0.88501008396,0.21195320904,0.0,0.0,41468.650912,0.0,0.0,0.0,0.0,-0.076553071918,0.0,0.0,0.0,4.711002107e-14,1.9950968939e-08,2.6802737245e-14,-2.2417804268e-14,0.0,0.0,-2.0845829595e-07,0.0,0.0,0.0,0.0,9.7339922014e-14,0.24572078935,-4.710369269e-09,0.053804360473,-5.7861723197e-09
sc20012,ok,,5.6789045047,145036769.72,371281.56711,1100677.1046,44958136.657,294064.61732,12482678.283,0.0,0.0,0.0,-0.25292934833,-35436730.562,-1.7585884297,0.10287061817,0.0,0.0,62570.698083,0.0,0.0,0.0,0.0,-0.1297832376,0.0,0.0,0.0,1.8682315649e-14,1.9573466658e-08,3.6229052403e-14,-1.2151950376e-14,0.0,0.0,-1.5311145342e-07,0.0,0.0,0.0,0.0,5.219183089e-14,0.24432928718,-1.7438981081e-09,0.056847460369,-4.5117951791e-09
sc20403,ok,,5.5670904672,142181087.5,20006.23999,65511.346527,44513919.489,16214.14494,11870318.813,0.0,0.0,0.0,165395.81452,-35532361.198,145187.85383,-22720.444507,0.0,0.0,669.24495693,0.0,0.0,0.0,0.0,-84140.812048,0.0,0.0,0.0,-1.6160906176e-08,2.0995277976e-08,-5.0097705401e-08,2.7362811422e-08,0.0,0.0,-5.6716252803e-07,0.0,0.0,0.0,0.0,2.2241143463e-07,0.24990919554,0.0011632757734,0.011346789649,0.00054742697209
sc20404,ok,,5.5757988123,142403494.85,36764.301446,119941.44484,44556996.846,29859.973394,11919349.265,0.0,0.0,0.0,201999.58041,-35533265.024,164973.0517,-41312.830087,0.0,0.0,1295.2626185,0.0,0.0,0.0,0.0,-99994.053356,0.0,0.0,0.0,-1.2737299247e-08,2.0881836899e-08,-3.1188572123e-08,2.6436221419e-08,0.0,0.0,-3.2842395941e-07,0.0,0.0,0.0,0.0,1.3933258122e-07,0.24952523155,0.0014185015658,0.012074277446,0.00097190921332
sc20406,ok,,5.5962516967,142925852.68,84247.084026,270361.41306,44652878.452,68178.084873,12034202.693,0.0,0.0,0.0,152575.75163,-35522214.583,104261.38084,-53654.450833,0.0,0.0,2065.0577554,0.0,0.0,0.0,0.0,-70939.958412,0.0,0.0,0.0,-5.6554354655e-09,2.0637105064e-08,-8.7537000182e-09,1.4487303127e-08,0.0,0.0,-9.6163252657e-08,0.0,0.0,0.0,0.0,4.0244544542e-08,0.24853596404,0.0010675168191,0.0081014736268,0.0012205130439
sc20410,ok,,5.6517754946,144343906.52,232732.03666,747547.88783,44826019.439,193207.97658,12324938.129,0.0,0.0,0.0,518860.37277,-35494450.888,528547.54627,20391.82142,0.0,0.0,9540.9267575,0.0,0.0,0.0,0.0,-281058.9201,0.0,0.0,0.0,-2.7538952789e-09,1.9920425302e-08,-1.5756543002e-08,-1.3246071103e-09,0.0,0.0,-5.3449962222e-08,0.0,0.0,0.0,0.0,6.4448686139e-08,0.24590196943,0.0035946122374,0.012439518567,-0.00030827851056
sc20412,ok,,5.6855809716,145207283.84,333523.21454,1070764.9008,44911627.416,279771.71301,12498870.901,0.0,0.0,0.0,606253.51878,-35466999.659,600677.08303,4971.5055289,0.0,0.0,8576.2264018,0.0,0.0,0.0,0.0,-325698.73815,0.0,0.0,0.0,-2.5134478563e-09,1.9510144287e-08,-1.2490633924e-08,-1.3261026849e-11,0.0,0.0,-2.3824049113e-08,0.0,0.0,0.0,0.0,5.0794801633e-08,0.24425083041,0.0041750902762,0.0079458734435,-4.422860303e-06
sc20414,ok,,5.7219835967,146136991.14,449505.28233,1440476.0753,44982696.584,381071.92114,12682134.159,0.0,0.0,0.0,687704.07285,-35436566.892,667685.67073,-11508.949015,0.0,0.0,7523.8636574,0.0,0.0,0.0,0.0,-367571.31678,0.0,0.0,0.0,-2.2700873029e-09,1.9089486015e-08,-1.0308330579e-08,7.4570927703e-10,0.0,0.0,-1.1881020762e-08,0.0,0.0,0.0,0.0,4.1551614565e-08,0.24248868555,0.004705886357,0.0053405815918,0.00033520025911
sc20503,ok,,5.567655161,142195509.51,20233.842214,67185.03601,44515979.21,16554.872502,11873052.866,0.0,0.0,0.0,36868.136659,-35546186.109,-19037.797647,-64375.345755,0.0,0.0,1283.2628639,0.0,0.0,0.0,0.0,-8885.0132519,0.0,0.0,0.0,-1.6083097207e-08,2.1054938876e-08,5.0369952617e-09,7.1075215148e-08,0.0,0.0,-9.2373192997e-07,0.0,0.0,0.0,0.0,-1.6856348807e-09,0.24998107347,0.00025927778442,0.018690646119,0.0014381246887
sc20518,ok,,5.8010990528,148157565.74,719792.68844,2293906.3697,45095428.368,623410.71535,13074611.133,0.0,0.0,0.0,696545.66324,-35380662.65,579070.34027,-107420.40494,0.0,0.0,-955.49658342,0.0,0.0,0.0,0.0,-350135.11272,0.0,0.0,0.0,-2.1549275901e-09,1.8238226255e-08,-5.5984864694e-09,3.3132551348e-09,0.0,0.0,-2.5682588624e-10,0.0,0.0,0.0,0.0,2.2549422216e-08,0.2388042924,0.0047013843659,0.00018486139512,0.0023848568209
sc20606,ok,,5.6002645405,143028338.98,83099.326729,272501.85453,44670371.209,68202.985662,12055931.872,0.0,0.0,0.0,88255.966246,-35606407.991,-26657.808146,-130742.31017,0.0,0.0,3580.0726039,0.0,0.0,0.0,0.0,-23305.67911,0.0,0.0,0.0,-8.6432058422e-09,2.0648341009e-08,1.7385032241e-09,3.5128511026e-08,0.0,0.0,-1.5465187962e-07,0.0,0.0,0.0,0.0,1.6231828484e-09,0.24894652517,0.00061705230497,0.012851467074,0.0029191556152
sc20610,ok,,5.6560820957,144453895.25,232355.52174,751959.77538,44837759.987,193940.24832,12347153.995,0.0,0.0,0.0,376040.69115,-35578687.443,288869.19064,-92430.699975,0.0,0.0,11338.570354,0.0,0.0,0.0,0.0,-184417.96283,0.0,0.0,0.0,-3.9797842691e-09,1.9919274054e-08,-8.7154566926e-09,9.3123764213e-09,0.0,0.0,-6.8300385897e-08,0.0,0.0,0.0,0.0,3.8336069495e-08,0.24629787506,0.002603188308,0.0158699718,0.002163782082
sc20612,ok,,5.6904869698,145332580.88,332867.01104,1073758.7083,44929709.847,280209.32805,12525743.895,0.0,0.0,0.0,443902.52285,-35565291.848,328730.56503,-119874.32767,0.0,0.0,10338.758744,0.0,0.0,0.0,0.0,-214483.12306,0.0,0.0,0.0,-3.519197221e-09,1.9508774497e-08,-6.9000847837e-09,8.2453719768e-09,0.0,0.0,-3.1378474918e-08,0.0,0.0,0.0,0.0,3.0158955935e-08,0.24471657788,0.0030543909711,0.010444859157,0.0027446123248
sc20614,ok,,5.7270909106,146267429.74,447846.13162,1439385.299,45004979.945,380515.96749,12711301.017,0.0,0.0,0.0,502775.79104,-35545755.088,373068.7888,-139863.12653,0.0,0.0,9747.4398826,0.0,0.0,0.0,0.0,-243823.91211,0.0,0.0,0.0,-2.9210256589e-09,1.9092186856e-08,-5.812700665e-09,7.0800203919e-09,0.0,0.0,-1.6918634572e-08,0.0,0.0,0.0,0.0,2.5148557215e-08,0.2430189356,0.0034373735284,0.0075769450452,0.0031707597443
sc20706,ok,,5.6024320727,143083696.82,82254.02561,273586.62712,44677885.949,68114.862281,12067183.397,0.0,0.0,0.0,59792.063952,-35651993.125,-83879.229712,-162090.1113,0.0,0.0,4705.5361814,0.0,0.0,0.0,0.0,-2343.3683313,0.0,0.0,0.0,-9.940880185e-09,2.0658829077e-08,6.1586097292e-09,4.3739894019e-08,0.0,0.0,-1.9557794003e-07,0.0,0.0,0.0,0.0,-1.5274504844e-08,0.24916880062,0.00041788173831,0.016087072888,0.0035977823628
sc20710,ok,,5.6593049331,144536205.13,231619.40627,754736.45073,44848398.66,194206.30491,12364318.695,0.0,0.0,0.0,295361.4766,-35640345.343,161340.02344,-147507.57728,0.0,0.0,12450.523169,0.0,0.0,0.0,0.0,-131412.02235,0.0,0.0,0.0,-4.5064514338e-09,1.9922313489e-08,-5.0153343586e-09,1.4467461138e-08,0.0,0.0,-7.4257144672e-08,0.0,0.0,0.0,0.0,2.4396072117e-08,0.24658420575,0.0020435120484,0.01719939576,0.0033509447591
sc20712,ok,,5.6936257202,145412743.21,330839.41653,1073300.5333,44940689.832,279589.44364,12542741.262,0.0,0.0,0.0,350648.03027,-35630483.582,189259.65614,-176645.12769,0.0,0.0,11178.224078,0.0,0.0,0.0,0.0,-154806.42001,0.0,0.0,0.0,-3.8112032803e-09,1.9515271655e-08,-4.0572519578e-09,1.2022383484e-08,0.0,0.0,-3.3574378748e-08,0.0,0.0,0.0,0.0,1.9643772301e-08,0.24502999389,0.0024113982208,0.011107727875,0.0039774783371
sc20714,ok,,5.7322547137,146399311.03,445519.03446,1435276.6915,45014563.644,379608.28597,12737169.45,0.0,0.0,0.0,550629.22713,-35672902.074,393945.68977,-161924.58378,0.0,0.0,16675.2151,0.0,0.0,0.0,0.0,-264901.5154,0.0,0.0,0.0,-3.3186759483e-09,1.9098519142e-08,-6.2023411559e-09,8.3223424476e-09,0.0,0.0,-2.8291777386e-08,0.0,0.0,0.0,0.0,2.7037613225e-08,0.24366851061,0.0037611463008,0.012604525344,0.0037077619717
sc21006,ok,,5.6143606683,143388348.0,81306.268745,308512.70199,44720050.213,72320.610513,12130199.132,0.0,0.0,0.0,-959763.45918,-35844446.912,-1361522.6887,-491218.49162,0.0,0.0,23505.583448,0.0,0.0,0.0,0.0,595558.10354,0.0,0.0,0.0,-8.8679255241e-09,2.088626888e-08,9.5233025386e-08,1.2486341637e-07,0.0,0.0,-3.3998735519e-07,0.0,0.0,0.0,0.0,-4.0539125111e-07,0.24998158785,-0.00669345503,0.027643103271,0.010152178488
sc21010,ok,,5.6715782864,144849661.27,227161.97877,778097.76207,44923775.707,195170.67592,12439335.851,0.0,0.0,0.0,-793463.56824,-35828460.169,-1221443.9768,-522090.63743,0.0,0.0,21987.678844,0.0,0.0,0.0,0.0,518826.96798,0.0,0.0,0.0,-4.8158619502e-09,2.0023012643e-08,3.4443546101e-08,5.0001929289e-08,0.0,0.0,-4.3992553873e-08,0.0,0.0,0.0,0.0,-1.328631575e-07,0.24734928514,-0.0054778420693,0.0099934355889,0.0113585372
sc2110,ok,,5.654922655,144424283.63,253571.45333,791189.17465,44850395.435,205447.16188,12347406.106,0.0,0.0,0.0,1783253.1414,-35341155.759,-676557.58051,-948134.76172,0.0,0.0,38371.636399,0.0,0.0,0.0,0.0,-244565.90469,0.0,0.0,0.0,-7.8587025765e-08,2.1044150848e-08,1.6585101558e-08,8.1578589777e-08,0.0,0.0,-1.1992822013e-07,0.0,0.0,0.0,0.0,-7.5609940981e-08,0.24470369435,0.012347322047,0.030410373075,0.020686001571
sd2030,ok,,5.5764834219,142420979.47,189990.81046,620806.79453,44320931.31,153499.19253,11863753.553,0.0,0.0,0.0,2300515.1339,-34543015.997,-127193.55644,-1210935.2648,0.0,0.0,39780.167973,0.0,0.0,0.0,0.0,-521879.87162,0.0,0.0,0.0,-1.1003712166e-07,2.0778859365e-08,-3.7354622775e-09,1.4292466099e-07,0.0,0.0,-3.0780330538e-07,0.0,0.0,0.0,0.0,-1.9818392458e-08,0.24254162642,0.016152923133,0.058479799453,0.027154372177
sd2083,ok,,5.5830401674,142588435.93,193763.40144,682157.6454,44291695.638,164396.2497,11884301.422,0.0,0.0,0.0,2748174.3268,-34575440.772,-324086.4567,-1565058.3923,0.0,0.0,36555.620336,0.0,0.0,0.0,0.0,-575413.66443,0.0,0.0,0.0,-1.2852215673e-07,2.138885615e-08,4.0666001663e-09,1.809831422e-07,0.0,0.0,-1.8991140166e-07,0.0,0.0,0.0,0.0,-4.6564743244e-08,0.24248418566,0.019273472697,0.036797879157,0.035067909235
sd6060,ok,,5.5756863198,142400621.84,248108.24656,823743.60006,44200810.606,204695.83091,11828571.624,0.0,0.0,0.0,1705466.4062,-34321118.778,-354348.37476,-987007.11035,0.0,0.0,32678.949279,0.0,0.0,0.0,0.0,-309694.4898,0.0,0.0,0.0,-6.8593567754e-08,2.0965234677e-08,7.0554556324e-09,8.9035760664e-08,0.0,0.0,-1.2116879773e-07,0.0,0.0,0.0,0.0,-4.1859903614e-08,0.24101804005,0.011976537632,0.030062977942,0.02209050646
sd5060,ok,,5.5507642104,141764121.92,187206.11647,712607.54522,44039222.236,162233.99069,11679767.276,0.0,0.0,0.0,2186463.4343,-33631790.045,-210231.1125,-1229048.7904,0.0,0.0,-26569.162402,0.0,0.0,0.0,0.0,-459834.26171,0.0,0.0,0.0,-1.0243696447e-07,2.0828766416e-08,1.3537446077e-08,1.5024074316e-07,0.0,0.0,2.4313789562e-07,0.0,0.0,0.0,0.0,-3.1072151767e-08,0.2372376705,0.015423249583,-0.045516901208,0.028125986064
sd6080,ok,,5.5730438696,142333134.8,183218.62732,736981.48867,44118433.11,166997.26711,11795700.704,0.0,0.0,0.0,3559672.2454,-34052927.999,-445639.22903,-2017425.5659,0.0,0.0,17881.368166,0.0,0.0,0.0,0.0,-723697.4296,0.0,0.0,0.0,-1.6528154762e-07,2.2078084943e-08,1.4552698022e-08,2.4979169224e-07,0.0,0.0,1.8503131346e-08,0.0,0.0,0.0,0.0,-6.49528158e-08,0.23924807142,0.025009441761,-0.0033901183264,0.045766490969
sd7003,ok,,5.5569670561,141922539.92,149251.09789,548946.84591,44200174.21,126164.3461,11747509.149,0.0,0.0,0.0,1474250.2469,-33968659.154,-186263.71234,-774189.24797,0.0,0.0,-31748.421833,0.0,0.0,0.0,0.0,-299131.12611,0.0,0.0,0.0,-9.1009118541e-08,2.0790887661e-08,1.5276329606e-08,1.1915897783e-07,0.0,0.0,4.2731557075e-07,0.0,0.0,0.0,0.0,-3.6249145952e-08,0.23934647148,0.010387710421,-0.063777318079,0.017784608264
sd7032,ok,,5.5839803646,142612448.16,215707.28553,832749.33842,44174269.65,191927.23912,11858450.075,0.0,0.0,0.0,3727121.5198,-33998215.465,-340586.89866,-1987038.6662,0.0,0.0,6246.6318104,0.0,0.0,0.0,0.0,-791749.65622,0.0,0.0,0.0,-1.4629748081e-07,2.1298880594e-08,1.1535202376e-08,2.0893385233e-07,0.0,0.0,5.0514709707e-08,0.0,0.0,0.0,0.0,-4.2523003711e-08,0.23839584765,0.026134615651,-0.01089639091,0.04506855414
sd7034,ok,,5.5904694977,142778177.82,233062.1335,934615.92769,44142656.323,212380.40363,11877727.227,0.0,0.0,0.0,3754494.8981,-33785713.82,-503469.76257,-2110167.0453,0.0,0.0,0.19119038398,0.0,0.0,0.0,0.0,-743255.91715,0.0,0.0,0.0,-1.374146216e-07,2.160503855e-08,1.751838133e-08,2.0639754574e-07,0.0,0.0,1.1049011361e-07,0.0,0.0,0.0,0.0,-5.7549115662e-08,0.23663079566,0.026295999539,-0.02575106161,0.048103452359
sd7037,ok,,5.5765010384,142421429.36,190478.65044,704890.85764,44223962.21,164402.72707,11838799.172,0.0,0.0,0.0,3053023.5607,-34153513.971,-282330.9267,-1643336.3827,0.0,0.0,5647.4360275,0.0,0.0,0.0,0.0,-652155.68985,0.0,0.0,0.0,-1.4023841264e-07,2.1204310021e-08,1.0399155563e-08,1.9532280273e-07,0.0,0.0,3.6077823187e-08,0.0,0.0,0.0,0.0,-4.1091519456e-08,0.23980600479,0.021436546273,-0.0068720550716,0.037204823865
sd7043,ok,,5.5662736095,142160225.28,182430.80264,724091.62353,44105541.868,163217.63993,11763992.531,0.0,0.0,0.0,3558463.9402,-33745481.413,-200876.70502,-1883148.8215,0.0,0.0,-3179.8175207,0.0,0.0,0.0,0.0,-789233.42898,0.0,0.0,0.0,-1.6021503108e-07,2.0934030111e-08,1.0096488094e-08,2.3445202303e-07,0.0,0.0,8.8999001995e-08,0.0,0.0,0.0,0.0,-2.8885037567e-08,0.23737639236,0.025031361151,-0.016236159368,0.042771270742
sd7062,ok,,5.6710954811,144837330.63,401093.02368,1486805.9717,44473999.004,359008.26703,12318901.066,0.0,0.0,0.0,4023752.5461,-34135420.295,-576519.16656,-2153260.4364,0.0,0.0,-25124.461012,0.0,0.0,0.0,0.0,-779476.25396,0.0,0.0,0.0,-8.63660201e-08,2.0319353611e-08,1.3066235699e-08,1.2188455515e-07,0.0,0.0,8.892958991e-08,0.0,0.0,0.0,0.0,-3.8178136247e-08,0.23568109234,0.027781184094,-0.035669038111,0.048887044766
sd7080,ok,,5.5720134596,142306818.57,189891.98869,676516.06321,44230456.889,160118.79773,11820999.827,0.0,0.0,0.0,2539903.6558,-34191369.713,-251617.66363,-1359501.9375,0.0,0.0,3160.8236836,0.0,0.0,0.0,0.0,-539439.5358,0.0,0.0,0.0,-1.2045232578e-07,2.104758778e-08,9.5045436503e-09,1.6207239745e-07,0.0,0.0,3.5598788107e-08,0.0,0.0,0.0,0.0,-3.7411318742e-08,0.24026515423,0.017848081218,-0.0067599246686,0.030776249864
sd7084,ok,,5.5897624261,142760119.52,215687.5632,737388.75427,44349454.448,179016.68209,11928866.226,0.0,0.0,0.0,2302998.2888,-34517247.638,-367920.92542,-1281983.7159,0.0,0.0,16575.631093,0.0,0.0,0.0,0.0,-452931.55812,0.0,0.0,0.0,-1.0187103541e-07,2.1157807783e-08,1.0173420299e-08,1.3371941433e-07,0.0,0.0,-3.7342729122e-08,0.0,0.0,0.0,0.0,-4.8653902136e-08,0.24178494495,0.016131944247,0.0080543622476,0.02884161463
sd7090,ok,,5.606907845,143198006.11,228427.86444,769927.86186,44492043.743,188064.48239,12040600.776,0.0,0.0,0.0,1884402.3172,-34603184.969,-235573.83733,-1008821.98,0.0,0.0,-4965.4712384,0.0,0.0,0.0,0.0,-386989.49494,0.0,0.0,0.0,-7.7266504936e-08,2.0508642937e-08,8.2099119565e-09,9.957514951e-08,0.0,0.0,5.8603547819e-08,0.0,0.0,0.0,0.0,-3.0192533642e-08,0.24164571777,0.013159417288,-0.013386683277,0.022745738754
sd8000,ok,,5.5638909978,142099374.4,177652.55914,623254.89452,44221891.96,147489.83024,11783417.737,0.0,0.0,0.0,1734805.5048,-34070728.497,-61412.437879,-924159.2285,0.0,0.0,-12118.065135,0.0,0.0,0.0,0.0,-399027.59456,0.0,0.0,0.0,-8.510881058e-08,2.0470086074e-08,4.7612537741e-09,1.1780371292e-07,0.0,0.0,1.2103604096e-07,0.0,0.0,0.0,0.0,-9.7364831801e-09,0.2397669141,0.012208396498,-0.021502362426,0.020928131076
sd8020,ok,,5.6013033666,143054870.15,237985.05299,765762.52688,44485625.662,190833.16989,12014349.896,0.0,0.0,0.0,119.16721682,-34696408.482,-18.024793485,-78.006277161,0.0,0.0,-1230.9096888,0.0,0.0,0.0,0.0,-26.119199544,0.0,0.0,0.0,-4.659618051e-12,2.0187456267e-08,5.4097104235e-13,7.3709157268e-12,0.0,0.0,6.7543320914e-09,0.0,0.0,0.0,0.0,-1.21405906e-12,0.24253916308,8.3301754557e-07,-0.0016074300807,1.7541677698e-06
sd8040,ok,,5.5915197992,142805002.07,224987.84757,802538.03627,44316213.657,190854.92144,11927884.758,0.0,0.0,0.0,2676097.3644,-34125140.992,-320243.76316,-1449942.8034,0.0,0.0,-1714.1715784,0.0,0.0,0.0,0.0,-548642.47331,0.0,0.0,0.0,-1.0771758647e-07,2.0855635624e-08,1.1221071939e-08,1.4591737851e-07,0.0,0.0,6.7521950045e-08,0.0,0.0,0.0,0.0,-3.9906219715e-08,0.23896320506,0.018739521205,-0.015191618205,0.032829636914
sg6040,ok,,5.6825094839,145128839.35,558377.10504,1819985.3875,44473670.607,474736.31762,12368528.878,0.0,0.0,0.0,2756557.2602,-34707888.253,80705.689184,-1314432.7926,0.0,0.0,49352.604621,0.0,0.0,0.0,0.0,-683140.04422,0.0,0.0,0.0,-3.9035581139e-08,1.9260180549e-08,-2.5044094666e-09,5.3023290217e-08,0.0,0.0,-5.0911014428e-08,0.0,0.0,0.0,0.0,4.0708502697e-09,0.2391522485,0.018993862782,0.028427544851,0.029606991291
sg6041,ok,,5.6049694078,143148499.26,250327.79841,796867.47778,44467290.844,202225.08799,12025865.408,0.0,0.0,0.0,2155172.5592,-34701281.773,-203871.46072,-1100546.5771,0.0,0.0,44748.956053,0.0,0.0,0.0,0.0,-465533.17302,0.0,0.0,0.0,-8.0120519725e-08,2.0537400869e-08,8.7290087684e-10,9.7958256868e-08,0.0,0.0,-1.9903071981e-07,0.0,0.0,0.0,0.0,-2.3401995446e-08,0.24241456915,0.015055502295,0.049822921906,0.024521674778
sg6042,ok,,5.6247753089,143654333.43,245822.81738,867548.53046,44497007.89,211200.6032,12120957.488,0.0,0.0,0.0,3926921.4679,-34736814.556,-113333.58175,-2025028.273,0.0,0.0,41689.35378,0.0,0.0,0.0,0.0,-917681.43562,0.0,0.0,0.0,-1.3244150387e-07,2.0298100711e-08,-4.8414362034e-09,1.8469547941e-07,0.0,0.0,-1.7129697186e-07,0.0,0.0,0.0,0.0,-1.2453698352e-08,0.24180833064,0.027335906785,0.042108704231,0.045402363105
sg6043,ok,,5.6530850977,144377353.2,240481.74564,992872.97702,44509275.817,227456.23738,12249582.622,0.0,0.0,0.0,5658063.8756,-34848603.408,-6363.4238566,-2925033.1664,0.0,0.0,42948.443945,0.0,0.0,0.0,0.0,-1363735.4884,0.0,0.0,0.0,-1.7246416814e-07,1.9732089305e-08,-1.1560751091e-08,2.7324843712e-07,0.0,0.0,-1.7812389577e-07,0.0,0.0,0.0,0.0,-7.0376464031e-10,0.24137167384,0.03918941406,0.042835545395,0.065711261152
sg6050,ok,,5.7373270722,146528856.88,595252.75999,1879643.9153,44911755.84,498567.75077,12733731.943,0.0,0.0,0.0,3026598.7983,-35705131.534,-203044.08021,-1701460.2636,0.0,0.0,91068.039731,0.0,0.0,0.0,0.0,-677003.9868,0.0,0.0,0.0,-4.375029656e-08,1.9344334063e-08,-4.0292248979e-10,6.330888808e-08,0.0,0.0,-7.4516587575e-08,0.0,0.0,0.0,0.0,-9.5290718987e-09,0.2436730368,0.020655308878,0.044356204419,0.037684790361
sg6051,ok,,5.679995993,145064645.86,360042.11149,1142714.378,44843354.878,297344.67887,12456673.813,0.0,0.0,0.0,3032537.2885,-35833670.614,-253021.36837,-1739783.3407,0.0,0.0,103656.01349,0.0,0.0,0.0,0.0,-676130.87613,0.0,0.0,0.0,-7.5168168949e-08,2.0271218333e-08,-3.8055858464e-09,1.0647317049e-07,0.0,0.0,-2.2807586675e-07,0.0,0.0,0.0,0.0,-1.9698651593e-08,0.24701863366,0.020904730235,0.082116916644,0.038334825121
sm701,ok,,5.678716922,145031978.94,574293.23173,1885906.3388,44385810.976,488272.95151,12329602.469,0.0,0.0,0.0,3768338.4332,-34426116.148,1502.2048734,-1709577.4572,0.0,0.0,61691.89337,0.0,0.0,0.0,0.0,-897873.32107,0.0,0.0,0.0,-5.308018798e-08,1.9237394424e-08,-2.2139771705e-09,6.7069245486e-08,0.0,0.0,-5.7013985936e-08,0.0,0.0,0.0,0.0,5.6244986116e-10,0.23736914023,0.025982810555,0.032742746237,0.03851741374
sokolov,ok,,5.6685884586,144773302.36,99250.436135,754308.52918,44612719.754,131914.82603,12343304.801,0.0,0.0,0.0,6229558.502,-35842043.441,-308510.8235,-3468296.1691,0.0,0.0,45524.794852,0.0,0.0,0.0,0.0,-1445300.6659,0.0,0.0,0.0,-3.4091761204e-07,2.2737104729e-08,-1.3142417098e-08,7.8134298091e-07,0.0,0.0,-2.8769257481e-07,0.0,0.0,0.0,0.0,-5.9556265942e-08,0.24757357093,0.04302974651,0.028553613523,0.077548631627
sp4621hp,ok,,5.8105442144,148398791.09,797549.2763,2761653.5214,44570773.529,740311.95007,12963816.126,0.0,0.0,0.0,4274597.0807,-35668278.213,429752.74073,-1836745.8798,0.0,0.0,-13387.027053,0.0,0.0,0.0,0.0,-1167793.6805,0.0,0.0,0.0,-3.5388575923e-08,1.8159452512e-08,-3.5723417214e-09,5.1694401024e-08,0.0,0.0,-1.9632923669e-09,0.0,0.0,0.0,0.0,1.4626679227e-08,0.24035423707,0.028804797191,0.0015658224064,0.041228832126
sp4721la,ok,,5.8141657396,148491283.28,849732.71063,2842817.2002,44600784.685,770754.64337,12990502.873,0.0,0.0,0.0,4235548.7843,-35710256.394,394591.09644,-1847369.8797,0.0,0.0,43502.828713,0.0,0.0,0.0,0.0,-1152918.3655,0.0,0.0,0.0,-3.3777267536e-08,1.8165346359e-08,-4.1429287927e-09,4.896814966e-08,0.0,0.0,-2.4773282431e-08,0.0,0.0,0.0,0.0,1.3415543374e-08,0.24048722326,0.028523888344,0.021050668432,0.041609838545
sp4721bs,ok,,5.8159194279,148536071.72,855358.48524,2850996.8115,44616187.853,774240.46495,13002893.712,0.0,0.0,0.0,4528883.0264,-35742387.937,427725.09064,-1928674.0167,0.0,0.0,45833.781379,0.0,0.0,0.0,0.0,-1233955.0485,0.0,0.0,0.0,-3.5929690301e-08,1.8109968886e-08,-4.5085667899e-09,5.0795857455e-08,0.0,0.0,-2.6375130039e-08,0.0,0.0,0.0,0.0,1.4320056914e-08,0.24063103005,0.030490122527,0.022560191278,0.043448667689
spicasm,ok,,5.6661548312,144711148.57,311989.63311,1154074.427,44572419.875,278917.86151,12322789.982,0.0,0.0,0.0,4456747.8844,-34867781.022,-903189.63341,-2530962.5172,0.0,0.0,64092.925708,0.0,0.0,0.0,0.0,-804970.65698,0.0,0.0,0.0,-1.2921285953e-07,2.2383201899e-08,1.5549812927e-08,1.8136058175e-07,0.0,0.0,-3.5493998726e-08,0.0,0.0,0.0,0.0,-7.8227444665e-08,0.24094744162,0.030797543441,0.01107375964,0.056582621361
ssca07,ok,,5.6017527006,143066345.95,123092.68519,383763.32402,44644653.639,98539.376466,12056966.158,0.0,0.0,0.0,885434.63422,-35429556.539,-298110.36144,-477537.90298,0.0,0.0,18195.639058,0.0,0.0,0.0,0.0,-136956.50119,0.0,0.0,0.0,-7.9962195709e-08,2.1086430578e-08,1.4084689325e-08,8.4779893558e-08,0.0,0.0,-3.1766717414e-07,0.0,0.0,0.0,0.0,-6.9284791736e-08,0.24764424018,0.0061889791643,0.039102505461,0.010435784748
ssca09,ok,,5.6275903885,143726229.35,204346.85071,632498.19396,44730856.207,164320.93424,12193801.579,0.0,0.0,0.0,1144806.7243,-35419896.457,-381177.12335,-613382.83603,0.0,0.0,31760.125277,0.0,0.0,0.0,0.0,-175876.28293,0.0,0.0,0.0,-6.1537604308e-08,2.07480717e-08,1.0731247156e-08,6.5360845453e-08,0.0,0.0,-2.052688843e-07,0.0,0.0,0.0,0.0,-5.3026944231e-08,0.24644003129,0.0079651899974,0.041946050057,0.013356282928
stcyr171,ok,,5.6391880492,144022428.59,293740.40181,946495.8024,44691930.969,236689.44776,12235938.47,0.0,0.0,0.0,274.62588115,-34812759.73,-539.95781313,65.571822696,0.0,0.0,-16313.898776,0.0,0.0,0.0,0.0,63.729082708,0.0,0.0,0.0,-1.8915648853e-11,1.9754727475e-08,1.2690868448e-11,-4.2859385787e-12,0.0,0.0,5.867800844e-08,0.0,0.0,0.0,0.0,-4.4926008097e-11,0.24171762739,1.9068271785e-06,-0.017236101777,-1.2589533203e-06
stcyr172,ok,,5.6746339938,144927702.72,415398.61917,1338291.2169,44768890.147,339369.90903,12414739.645,0.0,0.0,0.0,0.20102743912,-34786422.784,0.092366849836,0.21915664799,0.0,0.0,-23352.480123,0.0,0.0,0.0,0.0,0.016646415441,0.0,0.0,0.0,-7.7845070022e-15,1.9333956921e-08,-1.7488086835e-15,-1.187122498e-14,0.0,0.0,4.2006580993e-08,0.0,0.0,0.0,0.0,-1.540358975e-14,0.24002604148,1.3870877365e-09,-0.017449475741,-4.9312904646e-09
stcyr234,ok,,5.7839440541,147719434.56,601871.78082,2119493.5662,44946771.588,534485.91816,12958015.905,0.0,0.0,0.0,9661599.115,-35163145.266,-2723741.1495,-4746702.9242,0.0,0.0,289847.93046,0.0,0.0,0.0,0.0,-1516206.6514,0.0,0.0,0.0,-1.4883485823e-07,2.7476180332e-08,2.8501689586e-08,1.7609477533e-07,0.0,0.0,-8.4631158724e-10,0.0,0.0,0.0,0.0,-1.131468437e-07,0.2380400749,0.065405064297,0.00050937106214,0.10598647602
stcyr24,ok,,5.7192711631,146067716.76,383148.6777,1467551.2526,44735034.841,351573.05459,12606469.682,0.0,0.0,0.0,7741328.2432,-35041728.539,-1739300.66,-4064172.0458,0.0,0.0,189719.70446,0.0,0.0,0.0,0.0,-1356085.88,0.0,0.0,0.0,-1.7762212551e-07,2.6132355316e-08,2.1457204512e-08,2.3531055155e-07,0.0,0.0,-5.5856319941e-08,0.0,0.0,0.0,0.0,-1.1305334692e-07,0.23990057021,0.052998214904,0.021401275127,0.090158926677
ste87151,ok,,5.6509183652,144322015.8,499314.16854,1503703.4833,44426062.925,402840.29675,12218226.074,0.0,0.0,0.0,3132668.7218,-35026500.189,27760.074776,-1358496.2793,0.0,0.0,212564.10656,0.0,0.0,0.0,0.0,-772061.08404,0.0,0.0,0.0,-5.3302129894e-08,1.9812173013e-08,-9.1324672471e-09,6.1419264068e-08,0.0,0.0,-2.8423958022e-07,0.0,0.0,0.0,0.0,2.3917582117e-09,0.24269686087,0.021706104258,0.14192484966,0.03066750877
ste87391,ok,,5.6796905629,145056845.31,549072.31546,1768713.7975,44451085.692,458885.38372,12354584.13,0.0,0.0,0.0,4937484.4014,-35020468.262,242457.72109,-2243539.3484,0.0,0.0,134502.24319,0.0,0.0,0.0,0.0,-1267130.8256,0.0,0.0,0.0,-7.0975267906e-08,1.9110722118e-08,-1.0778522434e-08,9.2749502958e-08,0.0,0.0,-1.5109422373e-07,0.0,0.0,0.0,0.0,1.3245742161e-08,0.241425823,0.034038272312,0.082961655274,0.050926184347
stf86361,ok,,5.6460734165,144198277.9,487761.66343,1568516.9597,44181048.082,413338.89315,12129809.353,0.0,0.0,0.0,4820508.532,-35304992.428,158227.33072,-2053367.0119,0.0,0.0,207185.29503,0.0,0.0,0.0,0.0,-1239207.5558,0.0,0.0,0.0,-7.7995528234e-08,1.9805983768e-08,-1.5453504998e-08,9.6290189453e-08,0.0,0.0,-2.8041677713e-07,0.0,0.0,0.0,0.0,1.1762005913e-08,0.24483643592,0.03342972331,0.13677655367,0.04696666298
strand,ok,,5.4387814082,138904129.49,325507.04177,1629282.5467,42295200.125,329717.00498,10769461.544,0.0,0.0,0.0,3189393.8254,-29540939.765,-742982.25077,-1751335.552,0.0,0.0,-152446.60733,0.0,0.0,0.0,0.0,-461055.28628,0.0,0.0,0.0,-8.2620563065e-08,2.1423226249e-08,2.576937738e-08,1.3331872718e-07,0.0,0.0,3.4536643137e-07,0.0,0.0,0.0,0.0,-6.117863387e-08,0.21267142938,0.022961115966,-0.1124192054,0.043396184496
supermarine371i,ok,,5.6315672445,143827796.53,399222.92167,1241149.2609,44428343.04,326861.67734,12131144.791,0.0,0.0,0.0,880130.44744,-34934926.32,-82588.653131,-500560.88842,0.0,0.0,89530.929237,0.0,0.0,0.0,0.0,-190034.90487,0.0,0.0,0.0,-2.0175854842e-08,2.0061925864e-08,-4.9315217358e-10,2.7889283931e-08,0.0,0.0,-1.7881122387e-07,0.0,0.0,0.0,0.0,-5.9879878053e-09,0.24289412173,0.006119334848,0.071385539221,0.011134041414
supermarine371ii,ok,,5.5519338513,141793994.05,157130.71597,494921.16359,44154447.595,127850.73952,11713231.812,0.0,0.0,0.0,867094.51978,-34772096.756,-89545.730253,-503240.27197,0.0,0.0,65131.822887,0.0,0.0,0.0,0.0,-187641.26406,0.0,0.0,0.0,-5.1923542783e-08,2.1047026946e-08,-5.0816733229e-09,7.0862114398e-08,0.0,0.0,-8.2439484267e-07,0.0,0.0,0.0,0.0,-1.6691349944e-08,0.24522968684,0.0061151709959,0.12953775187,0.01113461477
t16,ok,,5.7717701219,147408517.5,68271.564888,1203226.3077,44943457.581,148537.8584,12896799.845,0.0,0.0,0.0,8036367.8226,-36723560.619,-1028410.5768,-4775713.6545,0.0,0.0,259516.23021,0.0,0.0,0.0,0.0,-1667851.021,0.0,0.0,0.0,-4.1024528582e-07,2.996926159e-08,-1.7002738283e-07,1.5154436913e-06,0.0,0.0,-1.827196249e-06,0.0,0.0,0.0,0.0,-1.7447309963e-07,0.24912780646,0.054517662608,0.12474554727,0.1034617123
tempest1,ok,,5.6680877411,144760514.25,527590.08378,1568507.4441,44650850.529,420592.23845,12353657.87,0.0,0.0,0.0,978293.65167,-35153082.815,-150878.5956,-555465.98295,0.0,0.0,134173.10538,0.0,0.0,0.0,0.0,-192997.78494,0.0,0.0,0.0,-1.8150556068e-08,1.9722768289e-08,2.1108656275e-10,2.3039380887e-08,0.0,0.0,-1.5986697778e-07,0.0,0.0,0.0,0.0,-8.577467661e-09,0.24283612832,0.0067580144814,0.084344232201,0.012155348892
tempest2,ok,,5.629846055,143783838.1,362512.6324,1087213.9264,44571323.647,286664.762,12162515.834,0.0,0.0,0.0,877496.96325,-35108133.578,-140246.32936,-504392.9831,0.0,0.0,90498.577536,0.0,0.0,0.0,0.0,-173419.38761,0.0,0.0,0.0,-2.4149295076e-08,2.0157190333e-08,3.9930260911e-10,3.0507426992e-08,0.0,0.0,-2.2558757556e-07,0.0,0.0,0.0,0.0,-1.1714021381e-08,0.24417301724,0.0061028901082,0.081778345856,0.011059327667
tempest3,ok,,5.6022142692,143078134.21,251944.68349,763894.86061,44493877.739,198533.25417,12020366.39,0.0,0.0,0.0,964904.53522,-35060845.179,-154340.57364,-559856.70867,0.0,0.0,63297.847791,0.0,0.0,0.0,0.0,-191867.07268,0.0,0.0,0.0,-3.8545715254e-08,2.0529212229e-08,6.1838950806e-10,4.8837393017e-08,0.0,0.0,-3.187949636e-07,0.0,0.0,0.0,0.0,-1.8680416095e-08,0.24504684361,0.0067438993423,0.080318696201,0.012304321526
th25816,ok,,5.8549413967,149532675.96,1577001.4534,4583922.8258,44330695.967,1338259.3819,13109825.436,0.0,0.0,0.0,4610240.2711,-36001637.896,238670.64037,-1961318.2861,0.0,0.0,720024.0437,0.0,0.0,0.0,0.0,-1182352.308,0.0,0.0,0.0,-2.2043988525e-08,1.8243831704e-08,-5.7326372077e-09,2.8600102628e-08,0.0,0.0,-1.0106171052e-07,0.0,0.0,0.0,0.0,4.1258993874e-09,0.24076100869,0.030830988889,0.15937446437,0.045102403413
trainer60,ok,,5.7946393863,147992588.64,689633.67973,2231163.6141,45140853.427,592383.47757,13057992.102,0.0,0.0,0.0,126697.772,-35475281.308,-127350.11997,-77631.829366,0.0,0.0,-61570.969174,0.0,0.0,0.0,0.0,6096.1779636,0.0,0.0,0.0,-2.5752514936e-09,1.8364670406e-08,1.3366391848e-09,2.6070549144e-09,0.0,0.0,4.015730535e-08,0.0,0.0,0.0,0.0,-4.7143225442e-09,0.23970985056,0.00085610889817,-0.027693830256,0.0017979128739
tsagi8,ok,,5.5742098104,142362912.42,154835.06115,491064.62118,44372699.535,123178.00033,11865823.884,0.0,0.0,0.0,939859.75565,-34998802.026,-469929.72862,-647369.17104,0.0,0.0,31935.125473,0.0,0.0,0.0,0.0,-95320.238778,0.0,0.0,0.0,-7.6419900189e-08,2.1595552342e-08,1.6932785394e-08,9.0742762414e-08,0.0,0.0,-3.2979356081e-07,0.0,0.0,0.0,0.0,-9.2868159968e-08,0.24584213283,0.0066018581641,0.051063606154,0.014050161167
tsagi12,ok,,5.6321850305,143843574.52,347097.62445,1083921.6401,44536559.968,279514.48222,12163107.902,0.0,0.0,0.0,1421230.2445,-35096647.345,-697601.73869,-957106.8532,0.0,0.0,74907.307223,0.0,0.0,0.0,0.0,-141410.47631,0.0,0.0,0.0,-5.0076053531e-08,2.0911556089e-08,1.1166461085e-08,5.9435711377e-08,0.0,0.0,-1.5920391223e-07,0.0,0.0,0.0,0.0,-6.0403589167e-08,0.24399176301,0.0098803874227,0.055259299736,0.020629994226
ua2-180,ok,,5.7814087079,147654682.83,678380.13799,2482235.7068,44460472.889,635892.04284,12805765.931,0.0,0.0,0.0,6431564.7175,-34887579.542,-1490666.6088,-3565691.1274,0.0,0.0,161825.77782,0.0,0.0,0.0,0.0,-1059440.0244,0.0,0.0,0.0,-8.1759091447e-08,2.1418229873e-08,1.1514696814e-08,1.1752371078e-07,0.0,0.0,-2.4991222527e-08,0.0,0.0,0.0,0.0,-5.6514010709e-08,0.23627817875,0.043558149287,0.016953548987,0.079725751135
tsagi_r3a,ok,,5.6829752041,145140733.63,291638.78871,1069252.3646,44835064.785,255195.29305,12468223.713,0.0,0.0,0.0,3007831.3542,-34743269.714,-1146949.412,-1637549.364,0.0,0.0,-38166.695274,0.0,0.0,0.0,0.0,-380455.57709,0.0,0.0,0.0,-1.0669009132e-07,2.2121182781e-08,3.3796516598e-08,1.318905539e-07,0.0,0.0,2.5664849806e-07,0.0,0.0,0.0,0.0,-1.0671472735e-07,0.23937642346,0.020723550715,-0.074848657099,0.038464401383
ua2-180sm,ok,,5.7857877588,147766521.9,679969.0452,2484579.0501,44498168.71,637349.96505,12836062.389,0.0,0.0,0.0,6439678.0789,-34869428.608,-1491446.0142,-3570638.7944,0.0,0.0,160083.7783,0.0,0.0,0.0,0.0,-1058306.3138,0.0,0.0,0.0,-8.158998591e-08,2.1345128099e-08,1.159055574e-08,1.1735081992e-07,0.0,0.0,-2.3804319127e-08,0.0,0.0,0.0,0.0,-5.6387099568e-08,0.23597651322,0.043580088347,0.016186200148,0.079794924973
ua79sff,ok,,6.0310101046,154029394.75,1119180.1864,4482589.7827,44497369.942,1189017.1874,13965608.492,0.0,0.0,0.0,5566195.3354,-33683713.698,479771.50514,-3238355.6647,0.0,0.0,-261477.1073,0.0,0.0,0.0,0.0,-1346431.5371,0.0,0.0,0.0,-2.8688239466e-08,1.5394774601e-08,8.5661583685e-10,6.454797127e-08,0.0,0.0,4.5153509699e-08,0.0,0.0,0.0,0.0,7.7803546068e-09,0.21868367238,0.036137227861,-0.0505349134,0.072240810516
ua79sf18,ok,,5.7111893331,145861310.31,789971.80364,2517835.9078,44127863.625,683736.07934,12400867.9,0.0,0.0,0.0,3897888.6025,-35399431.67,-56999.027233,-1930020.464,0.0,0.0,285639.81769,0.0,0.0,0.0,0.0,-932040.52406,0.0,0.0,0.0,-3.9483328083e-08,1.9615031755e-08,-5.6924911686e-09,5.5181490899e-08,0.0,0.0,-1.4235474501e-07,0.0,0.0,0.0,0.0,-1.6449524186e-09,0.2426924014,0.026723252344,0.11245623467,0.043591821893
ua79sfm,ok,,5.8217302414,148684477.39,1441346.5233,4017905.1107,44533103.342,1170868.039,13018271.295,0.0,0.0,0.0,6094132.4048,-36887037.27,2157903.8322,-1351611.7849,0.0,0.0,947534.00278,0.0,0.0,0.0,0.0,-2125452.9999,0.0,0.0,0.0,-2.4933646225e-08,1.792573841e-08,-1.9502348765e-08,2.9589488019e-08,0.0,0.0,-1.7450211357e-07,0.0,0.0,0.0,0.0,4.0253004284e-08,0.24808936291,0.040987011636,0.25151801471,0.042648705684
uag8814320,ok,,5.7084313695,145790873.11,508173.11178,1805531.923,44411038.412,460776.61551,12467512.681,0.0,0.0,0.0,6113078.6792,-35488373.3,-594002.7707,-3369165.476,0.0,0.0,254641.98145,0.0,0.0,0.0,0.0,-1313907.7959,0.0,0.0,0.0,-9.8359712694e-08,2.0902364589e-08,-9.5654741862e-09,1.4625907344e-07,0.0,0.0,-2.2836654945e-07,0.0,0.0,0.0,0.0,-3.03122765e-08,0.24341971856,0.041930462099,0.11604974006,0.074324928477
ui1720,ok,,5.7341004953,146446451.47,266255.14984,1270317.7577,44889217.274,270279.07042,12713144.315,0.0,0.0,0.0,4541711.4632,-34781515.29,-894833.38873,-2396283.1734,0.0,0.0,-138930.2607,0.0,0.0,0.0,0.0,-803647.27445,0.0,0.0,0.0,-1.3369834906e-07,2.1584341577e-08,4.6778633392e-08,2.115791791e-07,0.0,0.0,5.5182066752e-07,0.0,0.0,0.0,0.0,-8.0039705818e-08,0.23750329858,0.031012779194,-0.14692509451,0.056334046033
ultimate,ok,,5.6667013658,144725106.82,396679.35068,1186989.1833,44818404.732,315226.72535,12390847.133,0.0,0.0,0.0,-187431.90389,-35587278.958,-117120.90673,19880.414698,0.0,0.0,67924.024734,0.0,0.0,0.0,0.0,78561.739974,0.0,0.0,0.0,2.0640831185e-09,1.9839675656e-08,2.2872067576e-09,-1.4954990372e-09,0.0,0.0,-1.4436637723e-07,0.0,0.0,0.0,0.0,-8.3137884881e-09,0.24589568278,-0.0012950890692,0.057267160779,-0.000593233587
us1000root,ok,,5.7372890182,146527885.0,717113.19111,2326943.1297,44647433.74,612746.67445,12662083.702,0.0,0.0,0.0,29.619576802,-35037225.286,-52.083311163,8.2966741955,0.0,0.0,-17046.364726,0.0,0.0,0.0,0.0,6.0497701823,0.0,0.0,0.0,-7.3462512259e-13,1.8884445818e-08,4.9951047712e-13,-2.4721444982e-13,0.0,0.0,1.0215468655e-08,0.0,0.0,0.0,0.0,-1.6926009413e-12,0.23911643361,2.0214293547e-07,-0.0073256473262,-1.77280743e-07
usa22,ok,,5.6387827989,144012078.68,164795.67254,720711.78833,44583085.075,156573.05191,12203639.717,0.0,0.0,0.0,4061687.3868,-35189756.088,-824420.89015,-2360007.2714,0.0,0.0,13869.187763,0.0,0.0,0.0,0.0,-747965.83522,0.0,0.0,0.0,-2.1132825834e-07,2.4267108438e-08,3.9125017422e-08,3.2596551939e-07,0.0,0.0,2.5070589255e-07,0.0,0.0,0.0,0.0,-1.2796936723e-07,0.24435280993,0.028203796683,-0.041315246172,0.053717706994
usa25,ok,,5.6475770192,144236679.27,208160.70547,815295.81979,44561501.883,185697.43864,12236563.858,0.0,0.0,0.0,4458862.7552,-35043208.841,-958405.36617,-2612493.0871,0.0,0.0,108351.89755,0.0,0.0,0.0,0.0,-791776.8086,0.0,0.0,0.0,-1.975473557e-07,2.4575615207e-08,8.7916338385e-09,2.7516699321e-07,0.0,0.0,-3.0706443935e-07,0.0,0.0,0.0,0.0,-1.2829826131e-07,0.24295629251,0.030913515048,0.063918750319,0.057278955428
usa26,ok,,5.6449712928,144170130.14,252545.78051,901370.31337,44592111.781,215015.06119,12235042.881,0.0,0.0,0.0,3941230.0445,-35053564.277,-778414.36631,-2279711.2774,0.0,0.0,82006.622591,0.0,0.0,0.0,0.0,-726184.85638,0.0,0.0,0.0,-1.4854528482e-07,2.2698525736e-08,1.004069996e-08,1.992601631e-07,0.0,0.0,-1.8531996225e-07,0.0,0.0,0.0,0.0,-8.8221859863e-08,0.24314026937,0.027337355115,0.04680177451,0.050322313414
usa27,ok,,5.6759819052,144962127.8,333986.84254,1177372.4743,44652801.544,287271.55703,12389785.641,0.0,0.0,0.0,4725288.6657,-35180534.628,-903775.24677,-2691947.0145,0.0,0.0,125513.828,0.0,0.0,0.0,0.0,-876892.85842,0.0,0.0,0.0,-1.3181655081e-07,2.2469904142e-08,6.5252026524e-09,1.7692589573e-07,0.0,0.0,-1.8049586906e-07,0.0,0.0,0.0,0.0,-7.582444874e-08,0.24268776379,0.032596711552,0.060283245401,0.059090921278
usa27m2,ok,,5.7127639614,145901525.63,479933.57984,1594935.2629,44754163.172,404303.38321,12583109.284,0.0,0.0,0.0,4761514.6966,-35190117.684,-899539.7929,-2683225.427,0.0,0.0,153720.00939,0.0,0.0,0.0,0.0,-877394.18452,0.0,0.0,0.0,-9.3530549054e-08,2.1192637668e-08,4.951790136e-09,1.2235577439e-07,0.0,0.0,-1.3027917373e-07,0.0,0.0,0.0,0.0,-5.3276739371e-08,0.24119088221,0.032635126164,0.062525350227,0.058722644817
usa28,ok,,5.6706780301,144826669.11,396490.36002,1347761.3593,44607281.788,334782.66508,12352830.796,0.0,0.0,0.0,3275680.9016,-35185773.876,7485.3864556,-1881848.413,0.0,0.0,46600.296953,0.0,0.0,0.0,0.0,-796474.50136,0.0,0.0,0.0,-6.7522189446e-08,1.9664107532e-08,-3.8288839939e-09,1.0641586698e-07,0.0,0.0,-8.7796277196e-08,0.0,0.0,0.0,0.0,1.5591330681e-10,0.24295092949,0.022617939925,0.034810377554,0.042192865409
usa29,ok,,5.6922630497,145377941.2,410723.65374,1530316.2425,44483157.018,368324.56793,12414627.182,0.0,0.0,0.0,4662539.7983,-35197512.921,-536698.84297,-2831995.3517,0.0,0.0,111210.90946,0.0,0.0,0.0,0.0,-963707.4077,0.0,0.0,0.0,-9.5803021245e-08,2.0780210593e-08,1.5548266426e-10,1.5355013257e-07,0.0,0.0,-1.2254727948e-07,0.0,0.0,0.0,0.0,-3.6115464571e-08,0.24211040981,0.032071851891,0.050333066382,0.063066671481
usa31,ok,,5.8073672414,148317652.57,506999.82084,2223533.6147,44563907.365,513130.42986,12956257.378,0.0,0.0,0.0,8762184.5521,-35333938.701,-900966.84876,-4859882.8277,0.0,0.0,213035.6191,0.0,0.0,0.0,0.0,-1814832.6575,0.0,0.0,0.0,-1.2484589874e-07,2.1023786888e-08,-1.9008658685e-09,2.1313208958e-07,0.0,0.0,-1.0173557058e-07,0.0,0.0,0.0,0.0,-4.1002643478e-08,0.23823151249,0.059077152317,0.051579916059,0.10805793123
usa32,ok,,5.8121558009,148439950.3,571900.3266,2276615.7618,44671200.754,547242.55963,13009147.929,0.0,0.0,0.0,8746991.797,-35426658.305,-1308091.2472,-4859169.4784,0.0,0.0,326654.94528,0.0,0.0,0.0,0.0,-1687141.6292,0.0,0.0,0.0,-1.2099499213e-07,2.209156983e-08,-2.1948184817e-09,1.8623014235e-07,0.0,0.0,-1.4137521903e-07,0.0,0.0,0.0,0.0,-5.624459541e-08,0.23865986369,0.058926129923,0.080852533937,0.10650507923
usa33,ok,,5.7529505819,146927874.57,530248.65182,1776925.6728,44921747.678,453741.02788,12809327.409,0.0,0.0,0.0,4025800.7423,-34690589.674,-1226458.0193,-2388728.3614,0.0,0.0,89409.407051,0.0,0.0,0.0,0.0,-571414.68278,0.0,0.0,0.0,-7.5731938048e-08,2.0692523061e-08,1.4011831316e-08,9.9662164639e-08,0.0,0.0,-2.5602146264e-08,0.0,0.0,0.0,0.0,-6.5226149746e-08,0.23610625128,0.027399843317,0.01357550354,0.052845728437
usa34,ok,,5.8310867823,148923439.4,779813.71368,2751305.977,44794171.286,711163.80728,13130705.878,0.0,0.0,0.0,7557195.3575,-35168373.399,-972446.32573,-4074698.438,0.0,0.0,199243.84117,0.0,0.0,0.0,0.0,-1488078.5461,0.0,0.0,0.0,-7.881673912e-08,1.9775370426e-08,3.2404130933e-09,1.1558766545e-07,0.0,0.0,-5.1589334624e-08,0.0,0.0,0.0,0.0,-3.1757950806e-08,0.23615069286,0.050745506468,0.04023007062,0.090136846654
usa35a,ok,,5.8411002487,149179179.01,742212.11799,2597927.0781,44998963.986,676571.33696,13235438.175,0.0,0.0,0.0,6358764.8113,-35168675.601,-884550.75392,-3448116.8723,0.0,0.0,83798.637692,0.0,0.0,0.0,0.0,-1223514.4083,0.0,0.0,0.0,-7.0227054884e-08,1.9282750262e-08,6.9320063652e-09,1.0312016992e-07,0.0,0.0,-8.2896219739e-09,0.0,0.0,0.0,0.0,-3.0771592106e-08,0.23574788274,0.042625015457,0.0061526578826,0.076537039722
usa35,ok,,5.8411505057,149180462.55,743322.06643,2600066.0527,44999710.092,677321.10508,13235855.884,0.0,0.0,0.0,6352283.5683,-35168111.372,-885406.96225,-3445266.8837,0.0,0.0,84350.108769,0.0,0.0,0.0,0.0,-1221672.1736,0.0,0.0,0.0,-7.0091490095e-08,1.9280366275e-08,6.9135358105e-09,1.0287377366e-07,0.0,0.0,-8.5512712312e-09,0.0,0.0,0.0,0.0,-3.076750026e-08,0.23574207218,0.042581203058,0.0063563486022,0.076468346019
usa35b,ok,,5.6899108459,145317866.93,307490.29157,1111266.6976,44835891.78,270655.52126,12499898.102,0.0,0.0,0.0,2064682.837,-35385690.151,-1730527.9476,-1945007.9088,0.0,0.0,70989.135031,0.0,0.0,0.0,0.0,-7595.8143579,0.0,0.0,0.0,-8.8050447661e-08,2.3005547445e-08,3.5267020665e-08,1.4176985485e-07,0.0,0.0,1.2264481074e-08,0.0,0.0,0.0,0.0,-1.4636160644e-07,0.24350543329,0.014208045306,-0.0037712088613,0.043592854005
usa40,ok,,5.7086425169,145796265.72,360603.96665,1386719.5391,44762924.795,331415.14443,12564640.723,0.0,0.0,0.0,4346016.6155,-35049269.958,-327219.09713,-2300609.4118,0.0,0.0,-47303.46075,0.0,0.0,0.0,0.0,-946793.89641,0.0,0.0,0.0,-9.559519719e-08,1.9879705234e-08,1.1905212987e-08,1.4347117102e-07,0.0,0.0,1.2822232513e-07,0.0,0.0,0.0,0.0,-2.3530575615e-08,0.24039895525,0.02980883354,-0.046237479053,0.051736273369
usa40b,ok,,5.7008407346,145597011.57,355143.29007,1390640.7994,44704337.544,326360.76666,12514693.927,0.0,0.0,0.0,4275742.7197,-34515239.714,-525437.60161,-2211362.4948,0.0,0.0,-76221.621488,0.0,0.0,0.0,0.0,-859238.19357,0.0,0.0,0.0,-9.8928967405e-08,2.016598704e-08,1.886869924e-08,1.4173823347e-07,0.0,0.0,2.0693879005e-07,0.0,0.0,0.0,0.0,-3.7795837596e-08,0.23706008346,0.029366967589,-0.07349292274,0.050337382564
usa45,ok,,5.6964144049,145483965.02,458369.92413,1579349.7588,44625657.526,395710.18456,12473441.732,0.0,0.0,0.0,3731235.4427,-34802404.819,-1153267.366,-2068394.0649,0.0,0.0,36549.583471,0.0,0.0,0.0,0.0,-549256.00208,0.0,0.0,0.0,-8.1401227799e-08,2.1435498993e-08,1.745431581e-08,1.0179383835e-07,0.0,0.0,2.338573227e-08,0.0,0.0,0.0,0.0,-6.9556811257e-08,0.23921814899,0.025647056308,-0.010719316326,0.04665923396
usa41,ok,,5.5942643751,142875097.35,93629.699468,518589.50042,44320254.891,100653.74257,11939894.181,0.0,0.0,0.0,4323174.2377,-34812301.174,-487914.68739,-2471070.0257,0.0,0.0,19986.741338,0.0,0.0,0.0,0.0,-909450.27735,0.0,0.0,0.0,-3.2975256238e-07,2.4385009876e-08,2.9542005258e-08,5.9719279779e-07,0.0,0.0,1.4868238636e-07,0.0,0.0,0.0,0.0,-1.1974990336e-07,0.24365548524,0.030258416742,-0.013921087151,0.055914982181
usa45m,ok,,5.6448791738,144167777.46,296291.0387,1036924.2439,44553820.594,252819.84689,12224237.068,0.0,0.0,0.0,2932000.5623,-34770772.011,-884303.96123,-1670012.9773,0.0,0.0,17223.075682,0.0,0.0,0.0,0.0,-446512.65348,0.0,0.0,0.0,-1.0074475387e-07,2.1888038301e-08,2.1101357414e-08,1.2758815189e-07,0.0,0.0,5.1851090842e-08,0.0,0.0,0.0,0.0,-8.4333477861e-08,0.24118268744,0.020337419456,-0.015363013563,0.03780322605
usa46,ok,,5.5507959916,141764933.6,87785.174448,366457.24658,44193694.374,79443.214877,11719177.956,0.0,0.0,0.0,2125663.6063,-34474202.074,-17332.802267,-1165283.613,0.0,0.0,-21034.152267,0.0,0.0,0.0,0.0,-509534.205,0.0,0.0,0.0,-1.9067018544e-07,2.0870594109e-08,1.8700794454e-08,3.0062763413e-07,0.0,0.0,6.6806028291e-07,0.0,0.0,0.0,0.0,-7.9287669012e-09,0.24317862816,0.014994283511,-0.058645788477,0.026390649306
usa48,ok,,5.6814700268,145102292.05,508289.06007,1635375.1061,44590152.725,424194.34818,12396651.081,0.0,0.0,0.0,2980756.6549,-35103254.498,-152878.1445,-1516870.5416,0.0,0.0,59235.047407,0.0,0.0,0.0,0.0,-677780.40079,0.0,0.0,0.0,-5.041959459e-08,1.9691474188e-08,-1.0748371115e-10,6.6704553328e-08,0.0,0.0,-6.5003481073e-08,0.0,0.0,0.0,0.0,-8.2391807333e-09,0.24192074433,0.020542450521,0.033040558296,0.033905194714
usa49,ok,,5.5993516941,143005025.28,126999.62361,413050.46867,44602102.89,102602.46789,12035395.296,0.0,0.0,0.0,1721574.9073,-35444866.462,-255285.10988,-915694.96581,0.0,0.0,13991.72157,0.0,0.0,0.0,0.0,-351972.06611,0.0,0.0,0.0,-1.3232773751e-07,2.1416561544e-08,1.0452467337e-08,1.6070703974e-07,0.0,0.0,-1.6680584619e-07,0.0,0.0,0.0,0.0,-6.0519484869e-08,0.24785748887,0.012038562308,0.021184279681,0.020409733559
usa5,ok,,5.604203475,143128937.67,109794.16128,509367.74654,44420142.357,106650.10972,12008653.601,0.0,0.0,0.0,4215727.4129,-35059419.93,-874751.56501,-2483972.8783,0.0,0.0,71800.320094,0.0,0.0,0.0,0.0,-776484.72473,0.0,0.0,0.0,-3.2504013901e-07,2.7343792564e-08,1.6159564499e-08,5.0146505985e-07,0.0,0.0,-4.0868692451e-07,0.0,0.0,0.0,0.0,-2.0000973429e-07,0.24494990671,0.029454053677,0.044871438101,0.055057935656
usa50,ok,,5.5709787099,142280391.51,119736.61672,395025.85221,44378092.086,96537.34035,11853841.416,0.0,0.0,0.0,1891624.7266,-35077551.425,-222139.42461,-1041808.1374,0.0,0.0,25159.977626,0.0,0.0,0.0,0.0,-402398.31583,0.0,0.0,0.0,-1.5149472241e-07,2.1616219425e-08,2.8789779449e-09,1.9395561895e-07,0.0,0.0,-4.2166708239e-07,0.0,0.0,0.0,0.0,-5.5892069218e-08,0.24653819864,0.013295048647,0.050488989827,0.023223589606
usa51,ok,,5.6026798779,143090025.66,203667.66786,686436.7194,44467930.591,167661.38625,12015987.244,0.0,0.0,0.0,2432971.3339,-34917325.188,-539488.84275,-1342357.8483,0.0,0.0,23997.885147,0.0,0.0,0.0,0.0,-438715.56389,0.0,0.0,0.0,-1.2016908331e-07,2.1861907019e-08,1.6016788481e-08,1.4757055053e-07,0.0,0.0,-5.5138911398e-08,0.0,0.0,0.0,0.0,-7.6931023437e-08,0.24402347422,0.017003081261,0.011230013493,0.030055349871
usa98,ok,,5.7829758864,147694707.89,437451.64857,1787696.9976,44913443.597,421876.60346,12942357.491,0.0,0.0,0.0,6364455.238,-35689675.717,276322.74013,-3381921.4818,0.0,0.0,-15762.692369,0.0,0.0,0.0,0.0,-1620442.108,0.0,0.0,0.0,-9.8487892856e-08,1.8043783759e-08,-3.9273498725e-09,1.7217668836e-07,0.0,0.0,-6.450712535e-09,0.0,0.0,0.0,0.0,1.5110377656e-08,0.24164491895,0.043091965372,0.0028218748328,0.075318976167
usnps4,ok,,5.7225153092,146150570.85,396261.11257,1297144.9233,45025741.04,331325.98413,12701126.741,0.0,0.0,0.0,5219957.2521,-35706143.072,-757438.448,-2785501.8906,0.0,0.0,157821.53085,0.0,0.0,0.0,0.0,-1049796.0782,0.0,0.0,0.0,-1.2085443018e-07,2.1387921336e-08,-7.4315042406e-11,1.5253532897e-07,0.0,0.0,-2.1578816489e-07,0.0,0.0,0.0,0.0,-5.3584533263e-08,0.24431066444,0.03571629739,0.085508458299,0.060443819163
v13006,ok,,5.5909050308,142789301.15,86272.45861,277892.54155,44617068.557,68297.754019,12001790.391,0.0,0.0,0.0,731006.47558,-35233399.727,-301354.25436,-414363.29424,0.0,0.0,1670.2899343,0.0,0.0,0.0,0.0,-94196.923724,0.0,0.0,0.0,-1.0089676653e-07,2.1285113675e-08,2.4743672829e-08,1.0797140476e-07,0.0,0.0,4.7070675537e-08,0.0,0.0,0.0,0.0,-1.0513618442e-07,0.24675097815,0.0051194765274,-0.004060902907,0.0093149585484
v13009,ok,,5.6310598531,143814837.98,196211.31546,633242.69111,44768931.474,157829.90118,12219120.264,0.0,0.0,0.0,1078818.2303,-35123269.494,-430022.15327,-606123.55188,0.0,0.0,-2419.8582059,0.0,0.0,0.0,0.0,-138916.30113,0.0,0.0,0.0,-6.3297424785e-08,2.0634580873e-08,1.6074982335e-08,6.9645452874e-08,0.0,0.0,6.6331700252e-08,0.0,0.0,0.0,0.0,-6.4586991806e-08,0.2442256306,0.0075014389719,-0.013015030163,0.013665225924
v23010,ok,,5.6219085058,143581116.51,234127.58992,780650.46975,44589645.142,192467.73287,12132061.614,0.0,0.0,0.0,1320779.8342,-34629488.955,-622955.26116,-703513.40043,0.0,0.0,-8869.1396478,0.0,0.0,0.0,0.0,-140620.19868,0.0,0.0,0.0,-6.6162150417e-08,2.0854802779e-08,1.9544885324e-08,6.8831276383e-08,0.0,0.0,1.0229180023e-07,0.0,0.0,0.0,0.0,-7.620070301e-08,0.24118414591,0.0091988408104,-0.023949332655,0.01611530085
v43012,ok,,5.6746517319,144928155.74,345960.22015,1107088.2867,44799518.471,283286.09424,12423166.77,0.0,0.0,0.0,2977596.2211,-34746010.126,-1391473.5891,-1542383.6714,0.0,0.0,60803.288999,0.0,0.0,0.0,0.0,-313034.30129,0.0,0.0,0.0,-9.9753714609e-08,2.2540931792e-08,2.6912643314e-08,9.8572619072e-08,0.0,0.0,-3.3515254371e-08,0.0,0.0,0.0,0.0,-1.1389555419e-07,0.23974644504,0.020545326102,0.011594944781,0.034102204995
v43015,ok,,5.7249900781,146213775.38,533628.20322,1664526.8068,44935136.902,438336.67376,12687036.047,0.0,0.0,0.0,3051544.7052,-34718119.901,-1450255.0952,-1533699.9763,0.0,0.0,76483.628314,0.0,0.0,0.0,0.0,-302242.79183,0.0,0.0,0.0,-6.5590805826e-08,2.0923271834e-08,1.8370517957e-08,6.3051852332e-08,0.0,0.0,-3.0286392453e-08,0.0,0.0,0.0,0.0,-7.5944022543e-08,0.23744766737,0.020870432333,0.016161673187,0.033646246669
vr1,ok,,5.6262764149,143692671.03,294389.22254,918027.10238,44589001.319,236902.54793,12150784.855,0.0,0.0,0.0,1488490.641,-34835785.66,-175900.22623,-815020.47281,0.0,0.0,48474.260272,0.0,0.0,0.0,0.0,-312534.47063,0.0,0.0,0.0,-4.7795373711e-08,2.0142419386e-08,1.2687092415e-09,6.1429944946e-08,0.0,0.0,-1.6746374153e-07,0.0,0.0,0.0,0.0,-1.6787664355e-08,0.24243258484,0.010358848718,0.049299520674,0.018084313733
vr11x,ok,,5.6676540533,144749438.05,336460.77973,1011179.3278,44866269.588,266454.50966,12409633.208,0.0,0.0,0.0,2537462.9579,-35419388.95,-720231.22526,-1409659.6894,0.0,0.0,109144.41359,0.0,0.0,0.0,0.0,-418974.72467,0.0,0.0,0.0,-8.0715237992e-08,2.1037192829e-08,8.2354397824e-09,8.9324113774e-08,0.0,0.0,-2.5420618712e-07,0.0,0.0,0.0,0.0,-6.1068256184e-08,0.2446944833,0.017530036677,0.08553041193,0.030054060969
vr13,ok,,5.6466713095,144213547.83,240311.75616,741127.23857,44841056.094,190720.16512,12308088.567,0.0,0.0,0.0,1840405.1189,-35321958.092,-818445.02659,-1107171.4687,0.0,0.0,50975.634073,0.0,0.0,0.0,0.0,-217805.58278,0.0,0.0,0.0,-9.1195915156e-08,2.1633758467e-08,2.0493857055e-08,9.9628228515e-08,0.0,0.0,-1.7265492939e-07,0.0,0.0,0.0,0.0,-9.9242301374e-08,0.24492815427,0.012761665922,0.041491009291,0.023941834558
vr12,ok,,5.6654016926,144691913.72,300221.40349,921730.0157,44900889.811,239196.89449,12407985.122,0.0,0.0,0.0,2066098.6938,-35304408.042,-911902.44936,-1236481.7766,0.0,0.0,65318.985978,0.0,0.0,0.0,0.0,-242876.22686,0.0,0.0,0.0,-8.1147015873e-08,2.1382714987e-08,1.8162278619e-08,8.8814287387e-08,0.0,0.0,-1.4519741691e-07,0.0,0.0,0.0,0.0,-8.802228474e-08,0.24399710484,0.0142792962,0.043591372288,0.026663950009
vr15,ok,,5.6214809916,143570197.99,172364.83245,523761.5615,44759979.054,134346.94937,12174427.871,0.0,0.0,0.0,1056575.008,-35363629.999,-595278.26583,-680821.17861,0.0,0.0,33520.381218,0.0,0.0,0.0,0.0,-92037.689204,0.0,0.0,0.0,-8.0100135728e-08,2.1343101712e-08,2.1438422487e-08,8.465773173e-08,0.0,0.0,-2.7093962498e-07,0.0,0.0,0.0,0.0,-1.0284536141e-07,0.24631595202,0.0073592919894,0.046700463065,0.014592015746
vr5,ok,,5.6326842027,143856323.16,302901.54918,1068993.365,44408504.039,264936.22225,12129412.25,0.0,0.0,0.0,3128966.2628,-34819948.581,-812249.54243,-1801004.8939,0.0,0.0,63581.562409,0.0,0.0,0.0,0.0,-521313.97973,0.0,0.0,0.0,-9.9844825972e-08,2.1906847846e-08,1.3323236206e-08,1.3220551236e-07,0.0,0.0,-9.4560450674e-08,0.0,0.0,0.0,0.0,-7.3452767171e-08,0.24204670199,0.021750634203,0.028642507001,0.040045254506
vr14,ok,,5.6234516516,143620527.79,170215.61585,528177.70141,44758375.394,134463.31384,12182782.409,0.0,0.0,0.0,1541599.5222,-35346757.695,-692832.06361,-933453.34309,0.0,0.0,34966.525905,0.0,0.0,0.0,0.0,-183802.71935,0.0,0.0,0.0,-1.0919375349e-07,2.1960550666e-08,2.4685646746e-08,1.1902109745e-07,0.0,0.0,-2.2811823548e-07,0.0,0.0,0.0,0.0,-1.1940614679e-07,0.24611215568,0.010733838302,0.03882928594,0.020259249402
vr7,ok,,5.6378929572,143989352.5,310165.07416,1063786.5217,44506568.234,265396.63817,12179293.194,0.0,0.0,0.0,2919688.2464,-34802549.967,-800858.93237,-1646597.6753,0.0,0.0,35740.442553,0.0,0.0,0.0,0.0,-473937.48789,0.0,0.0,0.0,-9.3704709291e-08,2.163644581e-08,1.6232973785e-08,1.1898763226e-07,0.0,0.0,-1.848591697e-08,0.0,0.0,0.0,0.0,-7.1699595809e-08,0.24170224646,0.020277112131,0.0057336858079,0.036905807784
vr7b,ok,,5.6723863791,144870299.61,300516.34354,1048226.2851,44750196.282,264101.45557,12396398.844,0.0,0.0,0.0,2917033.0616,-35452015.733,-821252.56339,-1655776.7771,0.0,0.0,21213.66303,0.0,0.0,0.0,0.0,-472802.61274,0.0,0.0,0.0,-9.4229128159e-08,2.1581429458e-08,1.8590972429e-08,1.2370038355e-07,0.0,0.0,2.914315059e-08,0.0,0.0,0.0,0.0,-7.3624801392e-08,0.24471555473,0.020135480284,-0.0087579930545,0.037173986959
vr8,ok,,5.5592531191,141980924.98,139175.85052,471170.90164,44242915.453,115017.22983,11767565.462,0.0,0.0,0.0,1151283.5903,-34543524.683,-318671.2366,-663641.91345,0.0,0.0,7846.8009095,0.0,0.0,0.0,0.0,-189647.24527,0.0,0.0,0.0,-8.6756083924e-08,2.1343376756e-08,1.4587696633e-08,1.0744585477e-07,0.0,0.0,-4.6760280501e-08,0.0,0.0,0.0,0.0,-6.6832914083e-08,0.24329694067,0.0081087201712,0.0065079018092,0.014953868223
vr8b,ok,,5.6116492678,143319100.01,132218.34867,448598.2547,44654676.859,111642.62006,12102057.008,0.0,0.0,0.0,1131549.5876,-35549793.474,-336073.84499,-661220.70637,0.0,0.0,-258.56352362,0.0,0.0,0.0,0.0,-183467.19523,0.0,0.0,0.0,-8.8561452446e-08,2.1208972241e-08,1.8091565236e-08,1.126628912e-07,0.0,0.0,8.825963045e-08,0.0,0.0,0.0,0.0,-7.1948245087e-08,0.24804644652,0.0078953160295,-0.011669542592,0.014896101431
vr9,ok,,5.5321214439,141287993.71,78290.30567,260555.86998,44147793.934,63405.923515,11626774.232,0.0,0.0,0.0,288902.69618,-34493368.683,-77262.632937,-169590.98951,0.0,0.0,2427.2972057,0.0,0.0,0.0,0.0,-48780.52914,0.0,0.0,0.0,-3.9451950149e-08,2.1071549183e-08,6.3170470421e-09,4.8883948488e-08,0.0,0.0,-1.0444091817e-07,0.0,0.0,0.0,0.0,-2.9504330955e-08,0.24413517226,0.0020447788138,0.0081767114081,0.0038271392695
w1011,ok,,5.6494665071,144284935.97,253214.64815,860610.60407,44792814.042,211339.5094,12307057.885,0.0,0.0,0.0,2548.6088573,-35148851.616,1614.7470454,-389.10651443,0.0,0.0,-47040.242793,0.0,0.0,0.0,0.0,-1065.2910521,0.0,0.0,0.0,-4.195427381e-11,1.9794105165e-08,-4.043817901e-11,2.6524477763e-11,0.0,0.0,2.1586086157e-07,0.0,0.0,0.0,0.0,1.7087161985e-10,0.24360721637,1.7663721026e-05,-0.05465913211,6.7163863039e-06
w1015,ok,,5.7087280642,145798450.56,498378.72147,1596006.2376,44905379.336,413635.2381,12603612.097,0.0,0.0,0.0,12.766470129,-35068521.925,6.0709064669,-1.0403945991,0.0,0.0,-25436.768444,0.0,0.0,0.0,0.0,-6.3614913827,0.0,0.0,0.0,-5.9861206035e-14,1.9084005126e-08,-8.4035242369e-14,4.2164555832e-14,0.0,0.0,3.1979219546e-08,0.0,0.0,0.0,0.0,6.3123295189e-13,0.24052739786,8.7562454058e-08,-0.015937762551,2.1013917427e-08
waspsm,ok,,5.6381778951,143996629.7,196153.88103,709336.13374,44709206.098,168683.39188,12235123.274,0.0,0.0,0.0,2919145.9278,-35219380.477,-386820.60087,-1660247.6164,0.0,0.0,3208.3442422,0.0,0.0,0.0,0.0,-600837.92545,0.0,0.0,0.0,-1.3357739561e-07,2.1227437339e-08,1.5185799766e-08,1.9002054397e-07,0.0,0.0,8.0180475722e-08,0.0,0.0,0.0,0.0,-5.4819877787e-08,0.24458475557,0.020272321192,-0.015727711495,0.037273267175
wb13535sm,ok,,5.6655488349,144695671.68,394884.07423,1416407.0808,44483342.105,346348.43038,12296899.866,0.0,0.0,0.0,3530798.3021,-34990232.091,-241815.04649,-1978531.4876,0.0,0.0,4824.3124246,0.0,0.0,0.0,0.0,-786035.01904,0.0,0.0,0.0,-7.4300030778e-08,2.0075247866e-08,4.3098614468e-09,1.1269675487e-07,0.0,0.0,1.0604534318e-08,0.0,0.0,0.0,0.0,-1.591467482e-08,0.24181948004,0.024401547476,-0.0041875617166,0.044502153716
wb140,ok,,5.6992467234,145556301.21,480694.41029,1571244.648,44718763.903,405715.29521,12508802.939,0.0,0.0,0.0,3507633.3494,-35582080.231,-299675.08566,-1979886.4589,0.0,0.0,89174.02072,0.0,0.0,0.0,0.0,-770521.70384,0.0,0.0,0.0,-6.3581412887e-08,1.9985606226e-08,-1.519845764e-10,9.1435434001e-08,0.0,0.0,-1.0049405016e-07,0.0,0.0,0.0,0.0,-1.7130906704e-08,0.24445578746,0.024098120935,0.048306928177,0.043952502026
whitcomb,ok,,5.5978832841,142967522.74,283649.21897,981009.64647,44242542.763,237902.19186,11934467.779,0.0,0.0,0.0,957032.20991,-33861665.863,1051978.7225,66612.568341,0.0,0.0,4865.7453814,0.0,0.0,0.0,0.0,-526277.31444,0.0,0.0,0.0,-3.126683078e-09,1.9780000991e-08,-2.4221006949e-08,-5.0307598101e-09,0.0,0.0,-1.1784002952e-08,0.0,0.0,0.0,0.0,1.0552328708e-07,0.23684865776,0.0066940532478,0.0033425232337,-0.001426971091
ys900,ok,,5.5712214367,142286590.65,227623.49453,654008.85957,44304759.532,172881.34245,11837406.835,0.0,0.0,0.0,2.9636328631,-35226575.15,-7.8913981667,1.2336787158,0.0,0.0,173034.98678,0.0,0.0,0.0,0.0,0.82872238817,0.0,0.0,0.0,-3.0949849415e-13,2.0914614998e-08,3.5948661817e-13,-3.2936212502e-13,0.0,0.0,-1.1623400603e-06,0.0,0.0,0.0,0.0,-7.6348330331e-13,0.24757480651,2.0828616735e-08,0.26457590635,-7.4970557863e-08
ys915,ok,,5.5769857923,142433809.8,216188.09545,669393.35353,44302122.974,171348.61335,11860418.619,0.0,0.0,0.0,1370943.8393,-34957065.506,435623.57701,-669759.77618,0.0,0.0,71751.615307,0.0,0.0,0.0,0.0,-464200.11035,0.0,0.0,0.0,-4.0740393444e-08,2.025654392e-08,-2.34960933e-08,7.5259615818e-08,0.0,0.0,-5.4127352883e-07,0.0,0.0,0.0,0.0,6.2852902253e-08,0.2454267393,0.0096251293229,0.11701689331,0.016270233008
ys920,ok,,5.5816569016,142553107.92,217444.1317,686925.6222,44319374.164,173900.53104,11885288.051,0.0,0.0,0.0,1765744.0706,-34963194.862,493359.68358,-875321.15278,0.0,0.0,66386.428897,0.0,0.0,0.0,0.0,-577003.80559,0.0,0.0,0.0,-5.4137832568e-08,1.9983331861e-08,-2.6900746489e-08,9.6514617161e-08,0.0,0.0,-5.0962792367e-07,0.0,0.0,0.0,0.0,6.9636978775e-08,0.24526434655,0.012386570145,0.11081560135,0.020986537125
ys930,ok,,5.5909042815,142789282.01,218045.39788,744135.47345,44312245.162,182541.41889,11923674.811,0.0,0.0,0.0,2646153.0867,-34934166.009,445013.1442,-1410186.2667,0.0,0.0,52080.791369,0.0,0.0,0.0,0.0,-775931.82521,0.0,0.0,0.0,-8.7061460444e-08,1.958225039e-08,-2.6853497833e-08,1.5006568466e-07,0.0,0.0,-4.0822995604e-07,0.0,0.0,0.0,0.0,5.9054641347e-08,0.24465537971,0.018531874728,0.08901266319,0.03272113192
zv15_35,ok,,5.7163473971,145993045.04,463965.3208,1688112.2446,44785503.684,410079.4248,12605688.455,0.0,0.0,0.0,-203726.43981,-34206809.112,-399219.54925,239429.79746,0.0,0.0,-147433.42658,0.0,0.0,0.0,0.0,159943.78751,0.0,0.0,0.0,-1.6833968034e-09,1.8603702413e-08,4.4310159641e-09,-9.8700026397e-09,0.0,0.0,1.854982489e-07,0.0,0.0,0.0,0.0,-2.1706820053e-08,0.23430437459,-0.0013954530489,-0.086064754558,-0.004579338941
