airfoil_name,status,error,mu,ea,gj,ga22,ga33,ei22,ei33,cmp12r,cmp13r,cmp14r,cmp15r,cmp16r,cmp23r,cmp24r,cmp25r,cmp26r,cmp34r,cmp35r,cmp36r,cmp45r,cmp46r,cmp56r,tc2,tc3,sc2,sc3
a18,ok,,30.609150247,2715640706.3,246916.38453,1347884.0042,113553640.12,1736593.1069,212715076.77,0.0,0.0,0.0,-2.3314916083e-08,1.4001305969e-09,-9.5917037207e-10,2.4002444919e-07,0.0,0.0,-1.7353481809e-07,0.0,0.0,0.0,0.0,-7.2618883007e-09,0.23523797202,0.037527967786,0.042848589872,0.059265969192
a18sm,ok,,30.711312035,2724704489.8,247564.2742,1332708.6079,113913016.63,1737414.1129,214814900.95,0.0,0.0,0.0,-1.4676924239e-08,1.0468224522e-09,-1.0774746147e-08,1.8130212156e-07,0.0,0.0,-1.8801841518e-07,0.0,0.0,0.0,0.0,1.8001399089e-09,0.23473157361,0.026234297788,0.04654664249,0.044883928134
a63a108c,ok,,30.374642173,2694835173.8,305540.40898,1158714.1275,113521697.62,1721151.4847,209455659.42,0.0,0.0,0.0,-2.9266830727e-09,1.0936475032e-09,2.3485600222e-11,2.0146557117e-08,0.0,0.0,-1.1575497314e-07,0.0,0.0,0.0,0.0,-4.7565498385e-10,0.22856864836,0.0048501449196,0.035367821834,0.0061555873011
ag03,ok,,29.133236367,2584697776.6,171853.65883,835999.81525,109619869.26,1016595.0544,186231346.8,0.0,0.0,0.0,-1.5987738094e-08,1.2898197239e-09,8.0474202992e-09,1.3930826499e-07,0.0,0.0,-7.6320978483e-08,0.0,0.0,0.0,0.0,-8.7807752517e-09,0.21360771764,0.014347437351,0.013116039398,0.023940635045
ag04,ok,,28.765437572,2552066704.7,163703.16012,872214.86374,108791370.94,979925.59489,180514416.1,0.0,0.0,0.0,-1.3685913585e-08,1.2025628028e-09,5.9370672584e-09,1.2858473836e-07,0.0,0.0,1.0232998123e-07,0.0,0.0,0.0,0.0,-3.6677255806e-09,0.20819786626,0.012663057911,-0.016751741303,0.021049728012
ag08,ok,,28.758538314,2551454603.3,130428.24838,735587.2687,108926644.53,787873.43769,180756747.32,0.0,0.0,0.0,-1.7301687772e-08,1.2112306926e-09,6.8083944622e-09,1.6567515414e-07,0.0,0.0,1.3220662251e-07,0.0,0.0,0.0,0.0,-4.1649093344e-09,0.20867344554,0.012946934726,-0.017243478199,0.021608720155
ag10,ok,,28.488834132,2527526475.6,76224.131624,526707.8944,109097106.13,464089.78678,178968686.03,0.0,0.0,0.0,-2.8596006432e-08,1.3236271292e-09,1.8143228568e-08,2.67322122e-07,0.0,0.0,4.0114679106e-07,0.0,0.0,0.0,0.0,-1.3218504354e-08,0.20548341599,0.012011014742,-0.030577065803,0.020376396613
ag09,ok,,28.168507499,2499107129.2,86948.523745,582333.68975,107763511.62,531807.21554,172483386.73,0.0,0.0,0.0,-2.6783904114e-08,1.3260336468e-09,1.2470437119e-08,2.5407112373e-07,0.0,0.0,1.6318783744e-07,0.0,0.0,0.0,0.0,-1.1298849314e-08,0.20095112109,0.013036868623,-0.014188941559,0.022091109135
ag11,ok,,29.253325758,2595352095.1,148781.9973,747368.13768,110244838.6,888328.26406,188934306.13,0.0,0.0,0.0,-2.1265774314e-08,1.4058004273e-09,1.263899131e-08,1.7989758052e-07,0.0,0.0,-1.1761798108e-07,0.0,0.0,0.0,0.0,-1.4228269379e-08,0.21477837982,0.016178921418,0.017499438143,0.02676552134
ag12,ok,,27.581929872,2447066021.6,139874.15245,881524.77131,105791607.49,843381.74145,162584893.59,0.0,0.0,0.0,-1.6477006509e-08,1.1666286837e-09,3.0741303506e-09,1.5302688269e-07,0.0,0.0,1.7968493116e-07,0.0,0.0,0.0,0.0,7.6867613281e-10,0.19141282544,0.014020502893,-0.025133277454,0.021404505518
ag13,ok,,27.38215367,2429341897.2,119894.69428,808683.88082,105374954.02,730283.95732,160048567.44,0.0,0.0,0.0,-2.0494388757e-08,1.1736468509e-09,3.7120295094e-09,1.9127688195e-07,0.0,0.0,1.8611306002e-07,0.0,0.0,0.0,0.0,5.0996252305e-10,0.18906203655,0.015037135421,-0.022313968433,0.022933083284
ag14,ok,,27.083019885,2402802778.1,97650.804532,729668.11125,104718737.82,605363.95008,156302453.73,0.0,0.0,0.0,-2.6686507549e-08,1.2019618054e-09,5.9628261979e-09,2.5154287972e-07,0.0,0.0,2.2393252875e-07,0.0,0.0,0.0,0.0,-9.8837266443e-10,0.18537379795,0.016044141579,-0.021867191593,0.024563364579
ag16,ok,,28.210624109,2502843710.5,195040.58631,1080460.7809,107093182.21,1175835.993,171166375.87,0.0,0.0,0.0,-1.1467925259e-08,1.1388824938e-09,2.5786663951e-10,1.0922461039e-07,0.0,0.0,1.0270587806e-07,0.0,0.0,0.0,0.0,1.8830925935e-09,0.19928374703,0.013925723708,-0.020031814675,0.021303232051
ag17,ok,,27.903387508,2475585710.4,157533.5111,943890.351,106450707.83,956828.85727,166851097.91,0.0,0.0,0.0,-1.5537793315e-08,1.1518765406e-09,1.3233383588e-09,1.4729477509e-07,0.0,0.0,1.1271121931e-07,0.0,0.0,0.0,0.0,1.3580643051e-09,0.19556032184,0.015121152652,-0.017755794119,0.023203863087
ag23,ok,,29.283295178,2598010979.0,363384.86851,1605173.5328,109396554.35,2171344.8009,187607380.67,0.0,0.0,0.0,-7.487497599e-09,1.1258117195e-09,-2.1030689938e-09,6.9811997314e-08,0.0,0.0,-5.5940795311e-08,0.0,0.0,0.0,0.0,4.6385688578e-10,0.21262518527,0.016472110537,0.020328038548,0.025368623464
ag24,ok,,29.086454957,2580547334.6,313969.20906,1453874.8362,108953589.12,1885719.7816,184409190.9,0.0,0.0,0.0,-8.673047073e-09,1.1287707891e-09,-1.8964023045e-09,8.1594284999e-08,0.0,0.0,-3.7055669156e-08,0.0,0.0,0.0,0.0,7.0426381425e-10,0.21027939709,0.016634226408,0.011634339136,0.025618093125
ag18,ok,,27.52763494,2442248980.7,124088.77711,827565.584,105659511.41,764721.10397,161830825.8,0.0,0.0,0.0,-2.124196404e-08,1.168845915e-09,2.3853107847e-09,2.0218206734e-07,0.0,0.0,1.1867050804e-07,0.0,0.0,0.0,0.0,6.6216998596e-10,0.19089596919,0.016340847417,-0.014725678222,0.025088525488
ag25,ok,,28.753206895,2550981600.3,243059.44474,1232244.8684,108216040.14,1480201.7682,179155674.62,0.0,0.0,0.0,-1.2025361625e-08,1.1385678047e-09,-1.4056411995e-09,1.1440208569e-07,0.0,0.0,-1.9054021766e-08,0.0,0.0,0.0,0.0,7.0923883494e-10,0.20624239366,0.018016498246,0.0046312599507,0.027806507426
ag26,ok,,28.414130976,2520898819.1,188453.48027,1066742.842,107538073.99,1171434.3548,174168576.27,0.0,0.0,0.0,-1.6166784682e-08,1.1538144093e-09,-1.8636858804e-10,1.5719125318e-07,0.0,0.0,5.5116369016e-09,0.0,0.0,0.0,0.0,2.9178297672e-10,0.20192062422,0.019007346618,-0.0010386871561,0.029623238729
ag19,ok,,27.207139715,2413814676.8,102288.60636,755789.03727,104972198.11,641519.36423,157776273.08,0.0,0.0,0.0,-2.6944045297e-08,1.187092436e-09,2.9907503623e-09,2.5930361811e-07,0.0,0.0,1.1234458668e-07,0.0,0.0,0.0,0.0,-1.5225005783e-10,0.18687980481,0.01726687417,-0.011491571204,0.02652380572
ag35,ok,,30.232572909,2682230803.1,365979.465,1516531.1559,112431489.61,2204202.1267,205433499.92,0.0,0.0,0.0,-1.7991591281e-08,1.7318932227e-09,1.9455789929e-08,1.3479171339e-07,0.0,0.0,-6.182576883e-08,0.0,0.0,0.0,0.0,-1.5814061107e-08,0.22651582005,0.03180046057,0.0226269618,0.049330999152
ag36,ok,,30.201895337,2679509092.0,316568.53404,1320857.0737,112431681.77,1902220.0848,205010581.5,0.0,0.0,0.0,-1.9481823069e-08,1.7342501209e-09,2.0598175422e-08,1.4573961928e-07,0.0,0.0,-6.8230094166e-08,0.0,0.0,0.0,0.0,-1.6866960941e-08,0.2270242741,0.029805718486,0.021599500888,0.046136577629
ag27,ok,,28.026379117,2486497513.5,140410.47702,930544.70253,106801883.83,904439.54861,168870396.47,0.0,0.0,0.0,-2.2160043126e-08,1.1696322387e-09,1.5307049158e-09,2.2400971457e-07,0.0,0.0,4.4676258247e-08,0.0,0.0,0.0,0.0,-1.5801836761e-10,0.19698143138,0.020014267609,-0.0062730147318,0.031453310879
ag37,ok,,30.330762912,2690942210.2,282109.73421,1165128.3304,112932461.59,1686574.8784,207673309.57,0.0,0.0,0.0,-2.0767501218e-08,1.7212642369e-09,2.1933156667e-08,1.5416074074e-07,0.0,0.0,-6.6393437333e-08,0.0,0.0,0.0,0.0,-1.7571289324e-08,0.22933109523,0.0282546914,0.01873023496,0.043490245598
ag44ct02r,ok,,29.039189755,2576353970.7,223032.24514,1096236.2201,109159425.0,1338625.9367,184277912.11,0.0,0.0,0.0,-1.1521557008e-08,1.2309148112e-09,7.6875686226e-09,1.0357982402e-07,0.0,0.0,5.6726404152e-08,0.0,0.0,0.0,0.0,-5.7279915044e-09,0.21053728981,0.01380954921,-0.012651817277,0.023101640702
ag38,ok,,30.429838204,2699732160.1,237463.30769,966561.46434,113378365.28,1402139.0721,209854733.45,0.0,0.0,0.0,-2.2776535842e-08,1.6782813915e-09,2.0011341703e-08,1.6654111632e-07,0.0,0.0,-1.3597833973e-07,0.0,0.0,0.0,0.0,-1.7926708958e-08,0.23182823767,0.026125324543,0.032289866327,0.039547404349
ag455ct02r,ok,,28.328563827,2513307310.4,164898.74206,906178.64661,107508930.82,982901.64187,173218697.89,0.0,0.0,0.0,-1.4711624273e-08,1.2772717356e-09,1.0452381504e-08,1.2960166172e-07,0.0,0.0,1.2389683313e-07,0.0,0.0,0.0,0.0,-8.0247968409e-09,0.20113334339,0.012874428702,-0.020430431929,0.021371150987
ag45ct02r,ok,,28.590180663,2536517929.6,191230.6129,1006606.2364,108090578.3,1144604.6418,177169216.88,0.0,0.0,0.0,-1.2787829085e-08,1.2560616666e-09,9.1345412539e-09,1.1418859821e-07,0.0,0.0,9.1121078601e-08,0.0,0.0,0.0,0.0,-6.9396237336e-09,0.20452530715,0.01301326478,-0.017425139709,0.021836355622
ag45c03,ok,,28.17906109,2500043442.7,186607.13912,1059526.7266,107055196.62,1130896.5699,170807846.5,0.0,0.0,0.0,-1.7467337646e-08,1.063944728e-09,-2.300059263e-09,1.4508301675e-07,0.0,0.0,1.396092365e-07,0.0,0.0,0.0,0.0,4.7966496322e-09,0.19790908027,0.0208279299,-0.026052080218,0.027073526691
ag46c03,ok,,27.84806888,2470677847.4,141801.88964,826216.43321,106319111.92,836404.21772,166006673.31,0.0,0.0,0.0,-2.0795922436e-08,1.023245231e-09,-7.424574845e-09,1.6650045664e-07,0.0,0.0,9.4608419866e-08,0.0,0.0,0.0,0.0,8.5599976194e-09,0.19457366174,0.018787838343,-0.013415652713,0.023610079378
ag52,ok,,29.881217058,2651058547.6,332372.89123,1361980.3866,111304053.62,1955380.7781,198671009.4,0.0,0.0,0.0,-6.9018507332e-09,1.1397846394e-09,1.6911462744e-10,6.3195413308e-08,0.0,0.0,-7.9197069937e-08,0.0,0.0,0.0,0.0,-1.411748069e-09,0.22265522404,0.012881204526,0.026322959112,0.021004442234
ag46ct02r,ok,,28.205544236,2502393024.7,144239.45391,806094.3639,107265343.32,851663.08747,171469855.42,0.0,0.0,0.0,-1.5550529045e-08,1.2774756177e-09,1.0245708303e-08,1.356066521e-07,0.0,0.0,1.2060028938e-07,0.0,0.0,0.0,0.0,-8.3664493811e-09,0.20003789115,0.011819065462,-0.017395319881,0.019559829446
ag47ct02r,ok,,27.264035651,2418862478.5,91922.661332,599183.17485,105167772.14,523203.89828,158716366.33,0.0,0.0,0.0,-1.9884584846e-08,1.2910846994e-09,8.6922453347e-09,1.6536084567e-07,0.0,0.0,6.1708384551e-08,0.0,0.0,0.0,0.0,-1.0041173646e-08,0.18833024774,0.0094145447683,-0.0056723989344,0.015200409014
ag47c03,ok,,26.824340706,2379852787.6,93656.672743,643534.1905,104020648.33,533656.69528,152916382.66,0.0,0.0,0.0,-2.7346274326e-08,9.3919530991e-10,-1.4970163449e-08,2.0923168476e-07,0.0,0.0,2.089226494e-08,0.0,0.0,0.0,0.0,1.7186089083e-08,0.18195850688,0.016263722591,-0.0019567000204,0.019595943427
ag53,ok,,29.741109895,2638628254.3,304311.7631,1284885.7712,110954556.26,1794493.9151,196218907.35,0.0,0.0,0.0,-7.7019458894e-09,1.1504642962e-09,8.2148897943e-10,7.036096283e-08,0.0,0.0,-6.816872928e-08,0.0,0.0,0.0,0.0,-1.8009355931e-09,0.22085640203,0.013107476552,0.020744546196,0.021411668653
ag54,ok,,29.389567113,2607439414.4,251647.94093,1144155.5374,110090602.34,1492959.9477,190218192.86,0.0,0.0,0.0,-9.6910444356e-09,1.1763337932e-09,2.4469073685e-09,8.8393699688e-08,0.0,0.0,-3.604449602e-08,0.0,0.0,0.0,0.0,-2.7418665997e-09,0.21621030368,0.013583514381,0.0090705232054,0.022244092518
ag55,ok,,28.735036571,2549369531.0,177715.29785,925072.41596,108582111.48,1063162.6166,179730559.08,0.0,0.0,0.0,-1.4726393721e-08,1.2352381174e-09,5.6538225352e-09,1.3309749168e-07,0.0,0.0,9.2310818878e-09,0.0,0.0,0.0,0.0,-5.1666484719e-09,0.20746455284,0.014517391736,-0.0016405044672,0.023653460378
ah21-7,ok,,30.391570563,2696337058.8,450431.92484,1611247.4666,112626900.07,2595369.9717,207927201.68,0.0,0.0,0.0,-6.072301544e-09,1.0687091892e-09,-8.9205128902e-09,5.5811000597e-08,0.0,0.0,-2.1893137889e-07,0.0,0.0,0.0,0.0,2.2066272024e-09,0.22943723919,0.017074426479,0.098613682403,0.025139056426
ah21-9,ok,,29.892969756,2652101245.8,256400.4326,969630.56414,111318756.29,1454529.0429,198801238.65,0.0,0.0,0.0,-8.4502821843e-09,1.0927342741e-09,-1.2910200029e-08,7.6067701735e-08,0.0,0.0,-4.0891934869e-07,0.0,0.0,0.0,0.0,3.4290731786e-09,0.22561043012,0.013416791199,0.1048470979,0.019503791632
ah63k127,ok,,30.231923656,2682173201.4,822852.26452,3267738.3481,111078009.35,5148490.9124,202975441.32,0.0,0.0,0.0,-5.2316123153e-09,1.121989187e-09,-5.3174833717e-09,5.2621892657e-08,0.0,0.0,-1.4424675743e-07,0.0,0.0,0.0,0.0,-7.2893667428e-10,0.22374777147,0.026095577228,0.118693771,0.043300043536
ah6407,ok,,30.508613232,2706721072.6,196234.93125,1635517.2613,113130467.43,1717658.785,210708160.71,0.0,0.0,0.0,-2.3881273083e-08,1.2574012904e-09,-1.3085594034e-08,3.3955551167e-07,0.0,0.0,-2.5301932353e-07,0.0,0.0,0.0,0.0,-3.9067513605e-09,0.2311657602,0.039470440639,0.049651229558,0.066632652489
ah7476,ok,,30.512068076,2707027586.0,152396.11446,1684400.2506,113098225.47,1580503.6397,210763130.25,0.0,0.0,0.0,-2.8478447442e-08,1.0630684636e-09,-4.9448434958e-08,4.8444675069e-07,0.0,0.0,-6.6254733207e-07,0.0,0.0,0.0,0.0,7.1861323512e-10,0.2308724772,0.045272566904,0.10096963905,0.073827802465
ah79100c,ok,,30.724272965,2725854382.2,528627.80846,2745199.4227,112466231.66,3874432.4247,212322925.33,0.0,0.0,0.0,-1.1876897685e-08,9.5252098122e-10,-1.6596898658e-08,1.4568202157e-07,0.0,0.0,-1.6770180848e-07,0.0,0.0,0.0,0.0,2.589429458e-09,0.22752081271,0.048303808633,0.088651839493,0.077011567793
ah79k135,ok,,30.525051464,2708179470.8,977753.06543,3621229.7668,111930352.11,5979043.0759,208529172.82,0.0,0.0,0.0,-3.7656181644e-09,1.1229927462e-09,-1.5851570933e-09,3.6181595232e-08,0.0,0.0,-1.122063391e-07,0.0,0.0,0.0,0.0,-1.6062447628e-09,0.22661320481,0.020340375438,0.10971009201,0.03537666565
ah79k132,ok,,30.531601234,2708760565.7,941655.38351,3588967.502,111879234.63,5848817.4318,208525614.06,0.0,0.0,0.0,-4.6109225332e-09,1.1389367593e-09,-2.1447759359e-09,4.5224845883e-08,0.0,0.0,-1.1837701612e-07,0.0,0.0,0.0,0.0,-1.9927463242e-09,0.22625785784,0.024334762984,0.11147035452,0.042586219594
ah80129,ok,,30.56333254,2711575764.0,870214.06338,3423149.3277,111969332.84,5523769.7941,209122448.13,0.0,0.0,0.0,-5.2835282227e-09,1.1635231691e-09,-3.514575149e-09,5.4840369489e-08,0.0,0.0,-1.4703800749e-07,0.0,0.0,0.0,0.0,-2.3388091376e-09,0.22900278693,0.026230994256,0.12795454197,0.04772286077
ah80140,ok,,30.566838382,2711886802.0,878661.36422,3866487.6262,111961569.96,5805129.3889,209163068.67,0.0,0.0,0.0,-5.4046912549e-09,1.179281627e-09,5.6371271312e-09,5.5527895576e-08,0.0,0.0,1.3510815546e-09,0.0,0.0,0.0,0.0,-4.1459982558e-09,0.21930709214,0.026112203987,-0.0011871431619,0.048790216479
ah81k144,ok,,30.660047999,2720156349.7,1108505.6228,4291173.0098,111886186.98,7035460.3192,210314360.07,0.0,0.0,0.0,-4.1811773233e-09,1.1051604763e-09,-3.5189029415e-09,4.4060639274e-08,0.0,0.0,-1.0098698524e-07,0.0,0.0,0.0,0.0,-9.9423201258e-10,0.22626832268,0.02783519655,0.11194464097,0.048841466382
ah81k144wfKlappe,ok,,32.164648415,2853644346.1,1553237.5523,7149727.3254,115133419.32,11076903.457,238428766.39,0.0,0.0,0.0,-8.397356982e-10,9.1852430132e-10,1.7354687452e-09,8.2601773934e-09,0.0,0.0,7.7894850864e-08,0.0,0.0,0.0,0.0,-4.4657589902e-10,0.21800658613,0.0082234738839,-0.12098920749,0.012830017716
ah83159,ok,,30.418121218,2698692630.3,1369096.1865,5081675.2005,110821698.06,8424867.901,205078986.66,0.0,0.0,0.0,-3.3692008978e-09,1.1073449302e-09,-2.6470896219e-09,3.1519568029e-08,0.0,0.0,-9.4777511668e-08,0.0,0.0,0.0,0.0,-1.0021528094e-09,0.22124257935,0.026519091819,0.12975952979,0.043153320388
ah85l120,ok,,30.383126234,2695587878.8,814005.40106,2791661.7184,112169463.46,4689720.8866,207004512.84,0.0,0.0,0.0,3.2763551849e-18,1.1067272815e-09,-2.5513106489e-16,1.207160234e-15,0.0,0.0,-1.9125697292e-07,0.0,0.0,0.0,0.0,7.3685376974e-17,0.22909754177,6.3802637544e-11,0.15568420895,9.8263495042e-10
ah88k136,ok,,31.035932958,2753504825.1,1026984.9729,3659568.5331,113375015.19,6351124.501,218370299.54,0.0,0.0,0.0,-3.638482929e-09,1.1433299886e-09,2.3969456635e-10,3.5824595437e-08,0.0,0.0,-1.2930915806e-07,0.0,0.0,0.0,0.0,-3.0659161176e-09,0.23410054397,0.018557298642,0.13279856219,0.036791321174
ah93156,ok,,30.868216846,2738625068.7,1400415.3689,5006268.8401,112379216.21,8592785.3878,214174703.61,0.0,0.0,0.0,-3.1644989327e-09,1.0982093575e-09,-1.3457943806e-09,3.0661481005e-08,0.0,0.0,-8.5880548546e-08,0.0,0.0,0.0,0.0,-1.5065318166e-09,0.22639383925,0.024265360132,0.12026844008,0.042938809234
ah93157,ok,,30.926384149,2743785665.9,1401412.2275,4977984.2663,112603321.03,8589666.8237,215411456.49,0.0,0.0,0.0,-3.1587524554e-09,1.0963937119e-09,-1.0478867559e-09,3.031543724e-08,0.0,0.0,-8.2463752416e-08,0.0,0.0,0.0,0.0,-1.5735245072e-09,0.22693407351,0.02406995932,0.11556571096,0.04248442443
ah93k130,ok,,30.904643691,2741856854.7,949415.60087,3519016.8397,112985019.48,5961680.5732,215781467.93,0.0,0.0,0.0,-4.4216720384e-09,1.1599782084e-09,-7.7422566044e-10,4.5616477172e-08,0.0,0.0,-1.375490346e-07,0.0,0.0,0.0,0.0,-3.2156113012e-09,0.23191635346,0.02192294499,0.13059119933,0.043308995084
ah93k131,ok,,30.883381145,2739970443.8,942124.39259,3522419.384,112900499.66,5939314.5675,215319120.74,0.0,0.0,0.0,-4.4744352635e-09,1.1682946993e-09,2.4210398244e-11,4.6101231987e-08,0.0,0.0,-1.2874407395e-07,0.0,0.0,0.0,0.0,-3.5114767903e-09,0.23135051372,0.021759824213,0.12129293247,0.043433095183
ah93k132,ok,,30.741463348,2727379511.2,982769.51269,3638301.6773,112352294.18,6128560.6834,212319689.85,0.0,0.0,0.0,-4.2657889259e-09,1.161021955e-09,-8.7357241237e-10,4.3145061088e-08,0.0,0.0,-1.3518973797e-07,0.0,0.0,0.0,0.0,-3.0149817613e-09,0.22968585279,0.021906830736,0.1328603529,0.042401650661
ah93w145,ok,,30.980022411,2748544447.1,1032431.6728,3974702.5554,113260041.05,6553845.8245,217347683.87,0.0,0.0,0.0,-4.1557937477e-09,1.089120312e-09,6.7996178476e-11,4.2197654949e-08,0.0,0.0,-4.2638278961e-08,0.0,0.0,0.0,0.0,-1.3778814639e-09,0.22854112271,0.025174725538,0.044021109674,0.043566195488
ah93w174,ok,,30.843520285,2736433992.4,1453377.2825,5710220.8555,111824594.51,9362936.6987,212762339.31,0.0,0.0,0.0,-2.8793682784e-09,1.0476032108e-09,-7.1987145228e-11,2.9792131522e-08,0.0,0.0,-1.8507383341e-08,0.0,0.0,0.0,0.0,-5.9791762455e-10,0.21945358712,0.02573162721,0.026898210506,0.043299207152
ah93w215,ok,,32.060823184,2844432982.1,2283977.4163,7887641.5828,114882041.52,14665297.832,236305521.24,0.0,0.0,0.0,-1.4749403519e-09,9.7772273863e-10,1.5242853245e-10,1.4851262762e-08,0.0,0.0,-1.2768828969e-08,0.0,0.0,0.0,0.0,-3.8616340906e-10,0.22905954821,0.020333924512,0.029163716998,0.033919948754
ah93w257,ok,,32.439730113,2878049566.4,2895897.5935,10965806.749,114083757.99,19699094.699,240292590.36,0.0,0.0,0.0,-6.7589958677e-11,9.3443865174e-10,-1.9026254657e-09,2.2017037949e-09,0.0,0.0,-8.2184331879e-10,0.0,0.0,0.0,0.0,1.1328789563e-09,0.22477925128,0.0063512374751,0.0023799740891,0.0063759087211
ah93w480b,ok,,39.235654254,3480983267.1,17061481.519,38445415.771,124093964.87,117473367.75,385230696.57,0.0,0.0,0.0,-2.1410459799e-10,6.9230105725e-10,-6.890133764e-11,2.0421918481e-09,0.0,0.0,-1.4178656228e-08,0.0,0.0,0.0,0.0,-1.403103637e-10,0.26523182508,0.020787973437,0.24190888119,0.034842818474
ah94145,ok,,30.741297778,2727364821.9,1099137.864,4533706.2973,111870697.97,7253874.1435,211422006.77,0.0,0.0,0.0,-5.3273361628e-09,1.0983034672e-09,-3.0166976543e-09,5.7860480437e-08,0.0,0.0,-7.3780993651e-08,0.0,0.0,0.0,0.0,-1.1978814172e-09,0.2224004892,0.036714196465,0.081095483764,0.063596644876
ah94156,ok,,30.653799095,2719601947.6,1361910.1586,4906856.4813,111675077.0,8332730.3939,209878642.96,0.0,0.0,0.0,-3.2815026816e-09,1.1011794397e-09,-1.9471578246e-09,3.0914981465e-08,0.0,0.0,-9.0332699056e-08,0.0,0.0,0.0,0.0,-1.2253628545e-09,0.22405672246,0.025058840335,0.1230250205,0.04210342731
ah95160,ok,,31.158341555,2764364903.5,1332326.9281,5261557.5864,112860912.17,8783507.4392,219150883.27,0.0,0.0,0.0,-4.4075251727e-09,1.0769480797e-09,-1.8844881115e-09,4.7886579441e-08,0.0,0.0,-5.7217441854e-08,0.0,0.0,0.0,0.0,-1.186520759e-09,0.22592084905,0.03636314004,0.076232338536,0.063800579281
ames01,ok,,30.965535277,2747259150.0,609150.64774,2106469.6253,114617979.87,3501292.1006,219707822.34,0.0,0.0,0.0,-3.3303815346e-09,1.1069111685e-09,4.1340658777e-09,2.6403298003e-08,0.0,0.0,-9.6574694458e-08,0.0,0.0,0.0,0.0,-3.5410306666e-09,0.23408716281,0.0087597516741,0.058828537684,0.016083586081
amsoil1,ok,,30.985420133,2749023332.4,763593.01412,2670375.4132,114347676.06,4493546.35,219480070.63,0.0,0.0,0.0,-3.2453559235e-09,1.0631020266e-09,-1.6729145359e-09,3.2140910453e-08,0.0,0.0,-1.0820285156e-07,0.0,0.0,0.0,0.0,-6.7666207679e-10,0.23116170487,0.013880415129,0.082622941563,0.024542574689
ames02,ok,,30.375676345,2694926925.4,305492.06971,1158364.7322,113523826.9,1721166.6779,209473149.4,0.0,0.0,0.0,-2.9270406019e-09,1.0936373381e-09,2.693975414e-11,2.0155977629e-08,0.0,0.0,-1.1534935434e-07,0.0,0.0,0.0,0.0,-4.7635602924e-10,0.22858479898,0.0048505140743,0.035238312999,0.006157491323
amsoil2,ok,,30.989334599,2749370623.5,784702.50341,2659345.4936,114455367.55,4534562.12,219737248.14,0.0,0.0,0.0,-1.3959771972e-09,1.0511490887e-09,-1.6301752995e-09,1.4252303562e-08,0.0,0.0,-1.0315685412e-07,0.0,0.0,0.0,0.0,2.7898497677e-10,0.23136429005,0.0066228492532,0.080947441671,0.011183818285
apex16,ok,,30.751370482,2728258471.1,833615.35867,2928557.8783,112959082.63,5037404.3152,213555346.63,0.0,0.0,0.0,-3.9002289201e-09,1.0772944979e-09,-5.1161376165e-09,3.5759356049e-08,0.0,0.0,-1.4465614806e-07,0.0,0.0,0.0,0.0,5.2255804052e-10,0.23225287881,0.020258541403,0.12058758675,0.029809548419
apex16_NASA_CR-201062,ok,,31.115556648,2760569030.9,870874.30412,2988936.7874,114264397.93,5265412.2267,221182469.4,0.0,0.0,0.0,-3.7886653833e-09,1.0661495222e-09,-4.7874856416e-09,3.4704884037e-08,0.0,0.0,-1.4250602984e-07,0.0,0.0,0.0,0.0,3.2709248836e-10,0.23725611199,0.020357567585,0.12410483957,0.030223591735
aquilasm,ok,,30.054040784,2666391451.1,425962.66341,1929590.8806,111248033.12,2740205.8245,200882396.14,0.0,0.0,0.0,-1.1605246186e-08,1.3133065886e-09,4.1930379599e-09,1.1159876908e-07,0.0,0.0,-9.6851417874e-08,0.0,0.0,0.0,0.0,-6.7257292352e-09,0.22076389972,0.027741666877,0.041255087912,0.047536908908
arad10,ok,,31.908707571,2830937300.4,574327.3242,2166011.1761,117337266.21,3626282.3008,238893397.21,0.0,0.0,0.0,-8.6145556628e-09,1.1737085231e-09,6.3183302714e-09,8.4681155438e-08,0.0,0.0,-2.9015610227e-08,0.0,0.0,0.0,0.0,-4.8940138287e-09,0.24377873418,0.026921063585,0.016664457782,0.048634701413
arad13,ok,,32.217043373,2858292821.4,933029.11271,3191888.1955,117988465.48,5810134.3931,244942996.85,0.0,0.0,0.0,-4.9818541734e-09,1.1059723944e-09,7.4086140896e-09,4.5827609776e-08,0.0,0.0,1.1320086002e-08,0.0,0.0,0.0,0.0,-4.0138315947e-09,0.24229139119,0.023307780409,-0.010561969798,0.042758494087
arad20,ok,,32.89716766,2918633379.2,2025212.6815,6620862.8579,118509952.26,12955468.405,256701932.25,0.0,0.0,0.0,-2.3102384781e-09,9.996548592e-10,4.8016049942e-09,1.8862056382e-08,0.0,0.0,8.1649518492e-09,0.0,0.0,0.0,0.0,-2.4117531161e-09,0.23781935619,0.02252264489,-0.016535764029,0.038199675784
arad6,ok,,31.320954804,2778791934.5,202611.80189,1334749.058,115569164.64,1645287.9396,226664474.01,0.0,0.0,0.0,-2.2320549174e-08,1.2748776282e-09,-2.1314809486e-08,2.9781824819e-07,0.0,0.0,-4.585531967e-07,0.0,0.0,0.0,0.0,-5.5897171199e-09,0.2424162356,0.034497241717,0.092908289447,0.060341491902
as5048,ok,,31.717493089,2813972770.9,1702086.2993,5563668.8427,115059062.82,10490639.27,231503306.02,0.0,0.0,0.0,-1.0285950256e-09,1.0244877658e-09,-6.2210920893e-11,7.6743047537e-09,0.0,0.0,-4.2048191455e-08,0.0,0.0,0.0,0.0,-2.6814864744e-10,0.23650048635,0.010125415431,0.071569650585,0.013062328978
atr72sm,ok,,30.972058855,2747837921.2,1118539.3847,4078987.9661,113382776.64,6788503.5259,217535743.26,0.0,0.0,0.0,-3.268295553e-09,1.0923438392e-09,4.3021324176e-09,2.7092471275e-08,0.0,0.0,-9.6023162699e-09,0.0,0.0,0.0,0.0,-2.9447099466e-09,0.22331333641,0.017730079869,0.010740568932,0.03030399615
avistar,ok,,31.664208587,2809245375.3,1127156.5386,3777364.1494,115849310.0,6869787.738,232282049.83,0.0,0.0,0.0,-2.243967336e-09,1.0421238133e-09,2.0188617409e-10,2.3441364507e-08,0.0,0.0,-5.3954406438e-08,0.0,0.0,0.0,0.0,-9.9200367439e-10,0.23850294081,0.013790876439,0.060815062005,0.026422087278
august160,ok,,31.316002299,2778352548.7,1165447.3357,4707285.4405,113675014.3,7669472.8322,222971092.27,0.0,0.0,0.0,-5.2895217988e-09,1.2269397208e-09,9.0212088831e-09,4.8754311256e-08,0.0,0.0,1.4220216963e-08,0.0,0.0,0.0,0.0,-5.4385565996e-09,0.22388402547,0.031285923671,-0.016572913972,0.056820582155
b29root,ok,,32.062644021,2844594526.6,2553441.8088,8420867.422,114836916.95,16028174.38,236275580.77,0.0,0.0,0.0,-7.2697268375e-10,9.7558599443e-10,9.1080668802e-10,7.4567028015e-09,0.0,0.0,-1.8729773359e-08,0.0,0.0,0.0,0.0,-7.30920745e-10,0.22846090961,0.0089768730384,0.047825386366,0.019040256689
b29tip,ok,,29.919081397,2654417867.9,387551.73012,1592178.2461,111098937.81,2343328.3052,198765569.68,0.0,0.0,0.0,-6.7361685995e-09,1.2330410405e-09,5.7713731918e-09,6.4365532858e-08,0.0,0.0,-1.4635681979e-07,0.0,0.0,0.0,0.0,-6.997858374e-09,0.2230634376,0.012130499688,0.056720838722,0.024944973619
b707b,ok,,25.598639713,2271108719.8,359251.7704,1533379.2699,100000949.84,4547537.4598,138603213.31,0.0,0.0,0.0,-7.6610687865e-10,1.1406758038e-09,1.1236550798e-08,1.4761024806e-08,0.0,0.0,8.4944230138e-07,0.0,0.0,0.0,0.0,-2.3448065492e-09,0.15695048384,0.0018105345823,-0.30516365062,0.0053029242947
b540ols,ok,,30.28674649,2687037077.7,394666.11402,1690615.8205,112889918.15,2359684.0078,207085769.02,0.0,0.0,0.0,8.0705576642e-17,1.0809847349e-09,-1.2306564121e-15,-7.5805554417e-15,0.0,0.0,1.4714460528e-07,0.0,0.0,0.0,0.0,6.7652266177e-17,0.22385655512,-1.5470365238e-10,-0.058072989566,-2.9917883583e-09
b707c,ok,,30.154289464,2675285503.8,443110.17071,1632857.8273,111802467.93,2600479.6444,203178740.07,0.0,0.0,0.0,-6.1529402821e-09,1.1887366546e-09,2.6769233131e-09,4.630662999e-08,0.0,0.0,-2.3697207455e-07,0.0,0.0,0.0,0.0,-4.9759483986e-09,0.22530833,0.013087359531,0.10500473641,0.02051893872
b707a,ok,,30.597799215,2714633643.9,603299.84266,2376152.3901,112967645.9,3671478.2479,211408559.96,0.0,0.0,0.0,1.4594285946e-09,1.0630831565e-09,-1.0839090771e-09,-2.0805078516e-08,0.0,0.0,4.4219167078e-08,0.0,0.0,0.0,0.0,5.2600930693e-10,0.22414817227,-0.0049253969719,-0.02667741654,-0.012551700595
b707d,ok,,29.992306697,2660914409.1,388406.08419,1467236.5054,111354421.7,2280007.3396,200204104.35,0.0,0.0,0.0,-7.5182636748e-09,1.2068493936e-09,-2.1458328687e-10,5.9825087335e-08,0.0,0.0,-3.0225580988e-07,0.0,0.0,0.0,0.0,-4.5882999258e-09,0.22584314996,0.014780706845,0.11739799554,0.023236427908
b707e,ok,,30.200607331,2679394820.3,393959.15656,1463063.0512,112002757.33,2323612.1361,204170991.33,0.0,0.0,0.0,-6.4080682914e-09,1.1648617593e-09,-1.4593347216e-09,5.4042337862e-08,0.0,0.0,-2.8794743868e-07,0.0,0.0,0.0,0.0,-3.144584036e-09,0.22825835319,0.013222742688,0.11343953007,0.021290473843
b737b,ok,,30.697031584,2723437529.6,783697.83454,2918552.4977,113225160.43,4694553.5122,213299107.84,0.0,0.0,0.0,-2.7296857077e-09,1.094683878e-09,5.0437935163e-09,1.7807657412e-08,0.0,0.0,8.3909488197e-09,0.0,0.0,0.0,0.0,-3.1112295044e-09,0.22494005708,0.0095312981666,-0.0065759684197,0.013955822552
b737a,ok,,31.112726485,2760317939.1,1152476.4834,4405576.5657,113837030.01,7151038.4373,220401465.1,0.0,0.0,0.0,-1.8719608796e-09,1.0307754361e-09,4.4085495532e-09,1.1332085949e-08,0.0,0.0,3.626665261e-08,0.0,0.0,0.0,0.0,-2.4213901889e-09,0.21996993333,0.0095805546375,-0.041796464264,0.013059962564
b737c,ok,,30.336938025,2691490065.6,485966.551,1744981.9003,112413831.99,2830534.8203,206770391.81,0.0,0.0,0.0,-4.238868101e-09,1.1569035779e-09,3.2609945666e-09,3.0601755179e-08,0.0,0.0,-1.8358529073e-07,0.0,0.0,0.0,0.0,-3.892986558e-09,0.22952589846,0.0094702301869,0.08921631055,0.014871429419
b737d,ok,,30.467121663,2703039944.7,580981.82884,2064679.5067,112715272.13,3411176.9781,209127388.24,0.0,0.0,0.0,-3.8401507439e-09,1.1428752622e-09,1.7699371043e-09,2.8723600209e-08,0.0,0.0,-1.8812742684e-07,0.0,0.0,0.0,0.0,-3.1127363735e-09,0.23045193527,0.010653694547,0.1092986165,0.01668788978
bacj,ok,,30.030157426,2664272522.0,548403.77085,2000642.2636,111546865.79,3139003.3971,201078554.18,0.0,0.0,0.0,-9.6153757877e-10,1.0804069983e-09,-1.0856674748e-08,1.1182258429e-08,0.0,0.0,-1.6244644176e-07,0.0,0.0,0.0,0.0,6.5669455313e-09,0.22113839931,0.0075800158994,0.089086241223,0.0061323926892
bacxxx,ok,,30.835711566,2735741203.6,695960.41762,2333042.3413,113812139.65,4019342.4587,216333315.87,0.0,0.0,0.0,-2.9289853882e-09,1.0955351371e-09,1.8483554397e-10,1.9921597751e-08,0.0,0.0,-1.2915960997e-07,0.0,0.0,0.0,0.0,-1.1002158621e-09,0.23419399159,0.010737169649,0.089889976095,0.01386464349
bacnlf,ok,,30.558428436,2711140672.4,522353.29238,1794520.263,113116382.84,3016223.7827,211118420.6,0.0,0.0,0.0,-1.357145528e-09,1.0961821045e-09,-8.9579472799e-09,1.5103243402e-08,0.0,0.0,-2.7177222611e-07,0.0,0.0,0.0,0.0,4.3056642266e-09,0.23510560124,0.0071479583002,0.14196111709,0.0078892289165
bambino6,ok,,31.110829274,2760149618.8,761594.86529,2329732.4887,114321858.35,5112829.0666,221253652.87,0.0,0.0,0.0,-1.0109568405e-08,1.1798915967e-09,4.4525181273e-09,8.3552304154e-08,0.0,0.0,-1.7108347847e-09,0.0,0.0,0.0,0.0,-2.2464686885e-09,0.23532884798,0.048992169697,0.0013029629874,0.063633005827
be50,ok,,29.533662771,2620223566.5,212323.54339,1361952.3368,110479470.68,1517870.0175,192910908.6,0.0,0.0,0.0,-2.5953712685e-08,1.4546547702e-09,8.0903338028e-09,2.7017467576e-07,0.0,0.0,-1.635470932e-08,0.0,0.0,0.0,0.0,-8.2645257977e-09,0.21776714814,0.036668404557,0.0034724898338,0.057364444491
boe103,ok,,31.159572101,2764474077.4,888518.43702,3214329.6474,114370845.64,5416324.0191,222051029.05,0.0,0.0,0.0,-5.2908945647e-09,1.1066812191e-09,1.3323982084e-09,4.8050291539e-08,0.0,0.0,-4.7666852959e-08,0.0,0.0,0.0,0.0,-2.1111437064e-09,0.2322727963,0.026004729519,0.042352877688,0.042693569936
boe106,ok,,30.976803728,2748258885.9,919802.96362,3343740.6564,113665852.33,5607687.084,218087711.21,0.0,0.0,0.0,-4.5375850699e-09,1.110554511e-09,9.7090456218e-10,4.2650705986e-08,0.0,0.0,-5.8380189509e-08,0.0,0.0,0.0,0.0,-2.0923473494e-09,0.23055295904,0.022743440636,0.053698271327,0.039230245766
be50sm,ok,,29.613421175,2627299724.0,217794.99517,1355070.9893,110758309.23,1538260.0672,194431240.29,0.0,0.0,0.0,-1.8845477763e-08,1.1317876425e-09,-7.7898379491e-10,2.1464965164e-07,0.0,0.0,-2.5664422054e-08,0.0,0.0,0.0,0.0,-4.851791099e-10,0.21732008068,0.028827069222,0.0055895826772,0.046749619842
bqm34,ok,,30.062949555,2667181836.3,491004.31397,1838061.8895,111637611.29,2840104.4751,201672749.75,0.0,0.0,0.0,-3.4894453637e-16,1.1043422034e-09,-3.3248867677e-15,8.8982252219e-15,0.0,0.0,-7.5542362166e-08,0.0,0.0,0.0,0.0,-9.1270310121e-16,0.22271572882,4.1372142697e-10,0.037091625711,4.3690669706e-09
bw050209,ok,,30.370333797,2694452935.0,405119.57925,1563836.9113,112626602.19,2408877.1988,207598863.58,0.0,0.0,0.0,-6.0871049639e-09,1.2503864529e-09,1.0727869804e-08,5.0204099925e-08,0.0,0.0,-1.2813671076e-07,0.0,0.0,0.0,0.0,-9.337373246e-09,0.23102252875,0.009471645001,0.051910690348,0.020338663838
bte-fk,ok,,31.46404319,2791486721.6,781908.42986,2830412.3444,115848115.21,4726500.7231,229314540.86,0.0,0.0,0.0,-2.4232428914e-09,1.0271988649e-09,-2.9337918474e-10,2.7886337206e-08,0.0,0.0,-7.0039795549e-10,0.0,0.0,0.0,0.0,1.5472524465e-10,0.23595788477,0.011626023747,0.00054764706565,0.021804562139
c141b,ok,,31.234254251,2771099870.2,962343.44837,3042101.7534,114976866.41,5516389.0994,224275642.62,0.0,0.0,0.0,-1.3512621856e-09,1.0502865642e-09,-2.3023526269e-09,1.3003321426e-08,0.0,0.0,-1.1804153072e-07,0.0,0.0,0.0,0.0,4.9618744373e-10,0.2363813963,0.0081011646299,0.11359649372,0.012513661182
c141a,ok,,31.276227816,2774823760.6,1020211.3906,3210559.9568,115050829.01,5854628.9113,225032676.03,0.0,0.0,0.0,-1.2194123979e-09,1.0466537682e-09,-2.2047969153e-09,1.1716279294e-08,0.0,0.0,-1.1192703915e-07,0.0,0.0,0.0,0.0,5.1958265492e-10,0.23636379865,0.0078582918197,0.11418924026,0.011953081591
c141c,ok,,31.017803022,2751896339.1,711448.66312,2305235.0576,114534841.84,4061765.2238,220287607.8,0.0,0.0,0.0,-2.2612543379e-09,1.069574386e-09,-3.0343837929e-09,2.1707013419e-08,0.0,0.0,-1.6372605938e-07,0.0,0.0,0.0,0.0,3.0442006904e-10,0.2362295405,0.0094767927686,0.11648268606,0.015443425677
c141d,ok,,31.081059248,2757508425.1,689687.71417,2236230.1542,114792313.05,3936158.9443,221684851.98,0.0,0.0,0.0,-2.8433031419e-09,1.0637448131e-09,-3.1447428869e-09,2.6474762493e-08,0.0,0.0,-1.6188948733e-07,0.0,0.0,0.0,0.0,1.122306416e-10,0.23609451204,0.011295991893,0.11165319047,0.018259318427
c141e,ok,,31.121254464,2761074540.5,663329.85703,2165998.2497,114959609.9,3791442.7363,222584195.37,0.0,0.0,0.0,-3.5389984601e-09,1.0620724814e-09,-3.3015706433e-09,3.2429827324e-08,0.0,0.0,-1.6111545213e-07,0.0,0.0,0.0,0.0,-1.0373710489e-10,0.23609068872,0.013325054496,0.10687268982,0.021511672722
c141f,ok,,31.194805461,2767599977.6,611466.88193,2048561.2932,115236085.98,3524310.2405,224185049.4,0.0,0.0,0.0,-5.0259644643e-09,1.0590032317e-09,-3.6753123124e-09,4.5976912608e-08,0.0,0.0,-1.596962007e-07,0.0,0.0,0.0,0.0,-5.2724357961e-10,0.23531817327,0.017275857476,0.097648937899,0.028113359393
c5a,ok,,31.193650185,2767497481.6,905650.30968,2705155.5359,114757878.19,5669456.278,223255203.49,0.0,0.0,0.0,-3.0353869805e-11,1.0629859145e-09,-3.2073465711e-09,4.2217639901e-10,0.0,0.0,-6.2919650895e-08,0.0,0.0,0.0,0.0,1.6129031514e-09,0.23735874154,0.0023427666752,0.056983201318,0.00038234418651
c5b,ok,,31.116495592,2760652333.9,782756.27873,2505510.3017,114780944.09,4481663.9009,222178267.54,0.0,0.0,0.0,-1.4066747003e-09,1.0577060314e-09,-4.6254898522e-09,1.5284500362e-08,0.0,0.0,-1.5083362897e-07,0.0,0.0,0.0,0.0,1.6428358877e-09,0.23728735578,0.0080517496803,0.11806597012,0.011964038626
c5c,ok,,31.072526406,2756751392.1,732618.88917,2364758.034,114694787.74,4186141.7415,221380353.42,0.0,0.0,0.0,-1.9316633408e-09,1.0568855455e-09,-5.248324459e-09,2.0815283347e-08,0.0,0.0,-1.6385980141e-07,0.0,0.0,0.0,0.0,1.6147214301e-09,0.23685335914,0.0096876668222,0.12004678569,0.015249669763
c5d,ok,,31.05017691,2754768547.1,712295.72773,2317224.6907,114641164.91,4080555.4769,220952955.32,0.0,0.0,0.0,-2.0621326633e-09,1.0575159415e-09,-4.7067234308e-09,2.1389425649e-08,0.0,0.0,-1.5676355394e-07,0.0,0.0,0.0,0.0,1.3496458759e-09,0.23616336898,0.0097155706369,0.11166200973,0.015235596508
c5e,ok,,30.559189574,2711208200.5,608041.19346,2167275.3987,113158390.45,3532749.8606,211230290.53,0.0,0.0,0.0,-2.8444844098e-09,1.0782970437e-09,-1.4782473211e-09,2.5843760117e-08,0.0,0.0,-1.2309525255e-07,0.0,0.0,0.0,0.0,-4.3715582783e-10,0.22684052881,0.0096985514913,0.074846984268,0.015714070745
cal2263m,ok,,30.795855565,2732205183.2,746621.44582,2802848.5083,113267878.48,4575097.9726,214781331.27,0.0,0.0,0.0,-5.718754937e-09,1.1011905965e-09,-1.3959338321e-09,5.598940431e-08,0.0,0.0,-7.9369968375e-08,0.0,0.0,0.0,0.0,-1.2853820851e-09,0.2292836076,0.024816381719,0.059259320543,0.041802889996
cal1215j,ok,,30.56665198,2711870264.4,713847.37437,2670969.0491,112719263.69,4286541.8625,210549149.4,0.0,0.0,0.0,-3.8836044846e-09,1.0911977576e-09,-2.9675378717e-10,3.8326131765e-08,0.0,0.0,-5.0791282968e-08,0.0,0.0,0.0,0.0,-7.3517453714e-10,0.22717159914,0.015931496027,0.036257223988,0.027359008531
cast102,ok,,31.175331676,2765872265.3,824098.00186,2668304.2794,114836943.77,4788765.2922,223127148.27,0.0,0.0,0.0,-2.3213159616e-09,1.0674400866e-09,-2.8262400049e-09,1.8339309741e-08,0.0,0.0,-1.6865672022e-07,0.0,0.0,0.0,0.0,2.3110998417e-10,0.23874779438,0.011380481252,0.13898966613,0.015113388513
ch10sm,ok,,31.111413997,2760201495.3,817219.48822,5326950.2352,111593546.97,7088012.7459,216214449.97,0.0,0.0,0.0,-9.821360213e-09,9.389495989e-10,-1.4853739217e-08,1.4448379074e-07,0.0,0.0,-1.1132707353e-07,0.0,0.0,0.0,0.0,1.262431999e-09,0.2219992052,0.071606333319,0.090978654055,0.11807496952
clarkk,ok,,30.424175812,2699229793.2,618241.39526,2149942.255,112274140.88,4501723.6349,207825501.79,0.0,0.0,0.0,-5.1180518574e-09,1.0976100776e-09,5.5063236638e-09,6.30391718e-08,0.0,0.0,1.0625399809e-07,0.0,0.0,0.0,0.0,-5.8169919778e-10,0.22532440961,0.022450166823,-0.065690620032,0.03897342553
clarkv,ok,,31.077570514,2757198904.9,779403.5486,2777040.0894,114286178.25,4700181.2643,220700790.64,0.0,0.0,0.0,-5.2156225184e-09,1.0717821419e-09,-4.04885509e-09,5.1393898458e-08,0.0,0.0,-1.0626357337e-07,0.0,0.0,0.0,0.0,-1.5992089364e-10,0.23567780297,0.024337236378,0.082822206172,0.040056586835
chen,ok,,31.907988781,2830873529.4,697886.62324,3522117.9119,115118645.78,5275486.3069,234324765.53,0.0,0.0,0.0,-9.7236969265e-09,1.5590227787e-09,1.8578848832e-08,1.081998062e-07,0.0,0.0,4.6148594066e-08,0.0,0.0,0.0,0.0,-1.1173642584e-08,0.22970474691,0.037892151374,-0.03220648648,0.075511197383
clarkx,ok,,30.887207122,2740309884.1,741178.14908,2806319.921,113624837.71,4549445.8999,216733541.07,0.0,0.0,0.0,-5.101417123e-09,1.0825012721e-09,-1.7130528055e-09,5.256881815e-08,0.0,0.0,-6.4440256675e-08,0.0,0.0,0.0,0.0,-6.10684422e-10,0.23154068856,0.022565515251,0.047761710168,0.038962859336
clarkw,ok,,31.013823257,2751543254.7,706547.21802,2699367.7178,114033275.36,4355964.632,219306124.67,0.0,0.0,0.0,-6.0005010561e-09,1.0981464e-09,-1.0463750661e-09,6.1844472694e-08,0.0,0.0,-7.1101898722e-08,0.0,0.0,0.0,0.0,-1.4422159033e-09,0.23255343904,0.024678007251,0.050236848738,0.043696040132
clarkys,ok,,30.707378217,2724355481.9,744930.5982,2754806.4243,113025535.05,4472504.4162,213055535.4,0.0,0.0,0.0,-3.8235399049e-09,1.1811946883e-09,8.009155803e-09,3.5073661447e-08,0.0,0.0,-5.6012527746e-08,0.0,0.0,0.0,0.0,-6.2504239514e-09,0.22868609805,0.010716429382,0.041725445801,0.026127443603
clarkyh,ok,,30.812228078,2733657750.9,754331.03273,2794049.6122,113421009.56,4534267.6673,215283296.46,0.0,0.0,0.0,-1.1736024791e-08,1.4794290902e-09,8.5357827892e-09,8.4429571419e-08,0.0,0.0,-5.0565577515e-08,0.0,0.0,0.0,0.0,-7.5018151653e-09,0.23217759209,0.04537039124,0.038143184307,0.063687845802
clarky,ok,,30.948779037,2745772538.1,748823.33145,2846014.0092,113821967.82,4624131.0861,217985572.57,0.0,0.0,0.0,-5.3685922707e-09,1.0861556218e-09,-7.5488344608e-10,5.4756318856e-08,0.0,0.0,-5.8771409624e-08,0.0,0.0,0.0,0.0,-1.1684813432e-09,0.23043594657,0.023580683761,0.044009402749,0.041002809103
clarkysm,ok,,30.932908185,2744364477.7,751266.11528,2838410.6399,113738883.02,4630487.9992,217602345.33,0.0,0.0,0.0,-5.7092591e-09,1.0989031202e-09,-2.6049298493e-10,5.6534238503e-08,0.0,0.0,-6.0736174876e-08,0.0,0.0,0.0,0.0,-1.5646352861e-09,0.23011022749,0.024770829989,0.045629030156,0.042472257741
clarkz,ok,,30.998953654,2750224025.0,751469.71152,2918771.4126,113870930.79,4697435.3575,218795979.09,0.0,0.0,0.0,-6.488454078e-09,1.1180674084e-09,4.5520619854e-10,6.4194488934e-08,0.0,0.0,-5.6297819367e-08,0.0,0.0,0.0,0.0,-2.1726929261e-09,0.23011356575,0.028133530217,0.042306106078,0.04824021408
clarym15,ok,,31.466720144,2791724220.7,1256652.935,4439039.765,114814960.79,7733571.1471,227396930.53,0.0,0.0,0.0,-3.4206991181e-09,1.0492482993e-09,4.1141905035e-10,3.3548948507e-08,0.0,0.0,-3.1843913376e-08,0.0,0.0,0.0,0.0,-1.091035016e-09,0.23201501746,0.024498376462,0.040016747205,0.042159384608
clarym18,ok,,31.8287746,2823845655.2,1700478.6123,5481225.7837,115238337.81,11362625.445,233626357.3,0.0,0.0,0.0,-2.3271631725e-09,1.0039771873e-09,1.8637197712e-09,2.4954939568e-08,0.0,0.0,7.4025726268e-09,0.0,0.0,0.0,0.0,-7.437504099e-10,0.22994325095,0.024501282326,-0.012587916427,0.042435341006
coanda1,ok,,30.523373397,2708030592.9,174941.81055,816656.2828,113136871.36,1123163.0049,210650347.39,0.0,0.0,0.0,-3.1736085299e-08,1.7247233634e-09,8.4877370781e-10,2.746804715e-07,0.0,0.0,-4.3535811043e-07,0.0,0.0,0.0,0.0,-1.6803631863e-08,0.23701186044,0.03118279132,0.076162336075,0.048053099007
coanda2,ok,,30.560180391,2711296105.6,180068.15917,876825.09996,113253669.93,1177039.2674,211395150.46,0.0,0.0,0.0,-3.1203269032e-08,1.7781227576e-09,1.3504056106e-08,2.7701608523e-07,0.0,0.0,-1.8896104623e-07,0.0,0.0,0.0,0.0,-1.7903777376e-08,0.23671348965,0.031753289926,0.034025867749,0.049881776528
coanda3,ok,,30.492685972,2705308007.7,291600.16787,1184162.3283,112950266.03,1762038.6993,209910314.78,0.0,0.0,0.0,-2.0778548152e-08,1.5215101986e-09,-5.2481312792e-10,1.6622135007e-07,0.0,0.0,-3.3097326642e-07,0.0,0.0,0.0,0.0,-1.086991203e-08,0.23572325879,0.032109633323,0.096511860049,0.048470173583
cootie,ok,,30.941137227,2745094557.5,375803.35936,2003132.8279,113869686.97,2745534.5888,217948330.18,0.0,0.0,0.0,-1.8111307018e-08,1.5573272472e-09,-1.8627504921e-09,1.9520549659e-07,0.0,0.0,-1.9286721602e-07,0.0,0.0,0.0,0.0,-9.6068591139e-09,0.23506294949,0.043555917968,0.07248014769,0.073358881384
curtisc72,ok,,30.752573025,2728365160.7,678290.25618,2781078.4305,113155470.01,4296291.859,213961755.9,0.0,0.0,0.0,-1.2458215893e-08,1.5267077942e-09,1.07351953e-08,1.0359379966e-07,0.0,0.0,-3.1640762615e-08,0.0,0.0,0.0,0.0,-8.4768885305e-09,0.2291360053,0.045240503912,0.02146162098,0.07026666491
cr001sm,ok,,29.706040567,2635516907.1,242535.23156,1352834.9402,110708278.54,1659319.3583,195410484.27,0.0,0.0,0.0,-1.7743840144e-08,1.0934505263e-09,-1.0201408437e-08,1.953555672e-07,0.0,0.0,-1.8903936474e-07,0.0,0.0,0.0,0.0,9.6533253924e-10,0.21922509953,0.029793928203,0.045848706101,0.047380607728
dae21,ok,,29.737775763,2638332450.4,680423.7653,3700407.4537,108891394.41,4899959.7464,192642646.77,0.0,0.0,0.0,-9.5428763988e-09,1.1205039893e-09,-5.0082778432e-09,1.1325348319e-07,0.0,0.0,-7.9109483253e-08,0.0,0.0,0.0,0.0,-9.804048474e-10,0.20702033966,0.045766279822,0.053827972466,0.077060361468
dae11,ok,,29.914771036,2654035453.0,796777.39006,4136755.6337,109146229.9,5692713.9767,195382743.47,0.0,0.0,0.0,-8.2755331418e-09,1.1447783802e-09,-3.6913150054e-09,9.7064492613e-08,0.0,0.0,-7.1411490655e-08,0.0,0.0,0.0,0.0,-1.5251894826e-09,0.20961392161,0.045293794358,0.056899061145,0.077338793091
dae31,ok,,30.119093426,2672162914.9,624994.65664,3447475.5214,110214003.2,4585618.327,200007563.57,0.0,0.0,0.0,-1.0383564222e-08,1.0690523171e-09,-7.5644545907e-09,1.2712067879e-07,0.0,0.0,-9.5557037164e-08,0.0,0.0,0.0,0.0,-1.1509077675e-10,0.21272243598,0.047502809038,0.059722637632,0.079449744992
dae51,ok,,30.02674845,2663970078.0,430574.7494,2018158.9473,111373001.28,2802012.992,200797678.88,0.0,0.0,0.0,-1.0356924583e-08,1.12150046e-09,-5.5319986563e-09,1.1065932983e-07,0.0,0.0,-1.3202167047e-07,0.0,0.0,0.0,0.0,-6.575827646e-10,0.22136205003,0.028612463901,0.056845197676,0.047647113209
cr1,ok,,31.23127969,2770835967.4,848836.94225,3454517.8969,114140052.93,5534365.3007,222667902.62,0.0,0.0,0.0,-5.9693123996e-09,1.0906672401e-09,2.4639353074e-10,6.6696616576e-08,0.0,0.0,-3.9896389815e-08,0.0,0.0,0.0,0.0,-1.7604444463e-09,0.22988287501,0.030799618214,0.033865529538,0.056614552073
davis_corrected,ok,,31.049922273,2754745955.8,1234830.398,4562579.5942,113332284.96,7678311.8967,218503409.36,0.0,0.0,0.0,-2.3620775709e-09,1.0699925308e-09,3.1378177975e-09,2.2027737165e-08,0.0,0.0,-7.9041919436e-09,0.0,0.0,0.0,0.0,-2.168953989e-09,0.22513434318,0.014391540438,0.009760336484,0.027200519451
davis,ok,,30.243719094,2683219691.5,508545.43601,1815500.6263,111587330.01,4144562.1911,204080663.21,0.0,0.0,0.0,-6.4020475196e-09,1.1157429711e-09,1.1200129685e-08,8.60781278e-08,0.0,0.0,2.2208256274e-07,0.0,0.0,0.0,0.0,-6.1890965178e-10,0.22434863311,0.025958379618,-0.1129390737,0.043774639033
daytonwrightt1,ok,,31.475090574,2792466844.4,960141.07776,3349906.1287,114964922.74,6502895.7255,227819720.63,0.0,0.0,0.0,-9.5485852041e-09,1.4404650799e-09,1.2824315826e-08,8.7355332495e-08,0.0,0.0,2.6664869761e-09,0.0,0.0,0.0,0.0,-6.549976882e-09,0.2348955902,0.05218600175,-0.002560203679,0.08387344309
daytonwright6,ok,,31.400100393,2785813723.1,892049.07753,3145653.7646,114475273.57,6558742.4568,225779585.72,0.0,0.0,0.0,-9.2363443759e-09,1.4202436353e-09,1.7464127363e-08,9.514222236e-08,0.0,0.0,5.2466955759e-08,0.0,0.0,0.0,0.0,-6.3554053e-09,0.23316135061,0.050951176178,-0.046803099486,0.08487153169
defcnd3,ok,,30.766867931,2729633403.3,646850.30748,2420492.0467,113533910.2,3892786.7107,214846411.64,0.0,0.0,0.0,-5.2173287575e-09,1.1277994026e-09,5.0139670769e-09,4.2857517544e-08,0.0,0.0,-2.8006078066e-09,0.0,0.0,0.0,0.0,-3.3289198984e-09,0.22773639984,0.017361733128,0.0018115740209,0.027722398402
df101,ok,,30.316479076,2689674949.7,624597.34506,2398546.0542,112020831.51,3735665.844,205820109.66,0.0,0.0,0.0,-4.4988274917e-09,1.1057149389e-09,2.0166819421e-11,4.3557034365e-08,0.0,0.0,-4.8495898777e-08,0.0,0.0,0.0,0.0,-9.1535302033e-10,0.2244094201,0.016038949738,0.030290409623,0.027205608023
defcnd1,ok,,31.865886504,2827138219.6,2065773.1618,7771461.4805,113871027.29,13754167.514,231386680.98,0.0,0.0,0.0,-2.3463737881e-09,1.0072143453e-09,2.0954671484e-09,2.4799329586e-08,0.0,0.0,4.8000536525e-10,0.0,0.0,0.0,0.0,-1.2956625721e-09,0.22330202404,0.02830256614,-0.00099158220103,0.051229789487
dbln526,ok,,33.427562121,2965689922.0,4761366.322,12889098.489,118685220.51,28398935.311,265769505.68,0.0,0.0,0.0,-1.0523287978e-09,9.4066483155e-10,-2.3553370541e-09,9.4213581417e-09,0.0,0.0,-5.250591151e-08,0.0,0.0,0.0,0.0,-1.3681937839e-17,0.25000002718,0.029885017359,0.24999987877,0.044858537363
defcnd2,ok,,31.07032581,2756556155.5,1147934.9964,4196443.6299,113395509.11,7149542.5943,218930866.03,0.0,0.0,0.0,-4.0867005766e-09,1.119029878e-09,1.7634632279e-09,3.7918802158e-08,0.0,0.0,-4.8322557916e-08,0.0,0.0,0.0,0.0,-2.4642343501e-09,0.22914849858,0.02518895284,0.055471155348,0.04352832002
df102,ok,,30.35798025,2693356929.6,634561.18061,2422917.9589,112187079.93,3777080.8231,206693935.04,0.0,0.0,0.0,-4.6126514022e-09,1.1055978658e-09,1.0427525916e-09,4.2806596493e-08,0.0,0.0,-3.5961113795e-08,0.0,0.0,0.0,0.0,-1.3244678068e-09,0.2237450127,0.016303461062,0.022819526825,0.027163404408
dga1182,ok,,29.928840292,2655283676.1,226465.70473,869771.95676,111574648.91,1281153.8776,199774938.78,0.0,0.0,0.0,-5.4775971818e-09,1.1592805926e-09,-7.2478393002e-10,4.0334851127e-08,0.0,0.0,-4.500309198e-07,0.0,0.0,0.0,0.0,-2.2622398534e-09,0.22842170523,0.0063556691455,0.10191656941,0.0091344604858
dga1138,ok,,30.965354475,2747243109.3,277405.0246,1074224.7518,114726951.23,1672389.7448,219866141.66,0.0,0.0,0.0,-2.0883069639e-08,1.5125457185e-09,3.2820247891e-09,1.6541985994e-07,0.0,0.0,-3.1509407574e-07,0.0,0.0,0.0,0.0,-1.1761218333e-08,0.24211650878,0.030174127306,0.087408679832,0.045888300315
dh4009sm,ok,,30.533168934,2708899651.9,390892.20048,1366486.2691,113274555.06,2251499.6747,211059741.08,0.0,0.0,0.0,-4.0695427919e-10,1.1221547265e-09,5.6794648577e-10,-1.1368666176e-09,0.0,0.0,-3.8491233339e-07,0.0,0.0,0.0,0.0,-2.7087346359e-10,0.23678921409,0.00077184672062,0.15045922899,-0.00044439229382
doa5,ok,,31.212026749,2769127848.5,1424758.5665,4814883.8775,113777323.68,8599969.2024,221683817.21,0.0,0.0,0.0,-1.8792320112e-09,1.0227777346e-09,-3.2183731061e-09,1.5372345107e-08,0.0,0.0,-6.132512888e-08,0.0,0.0,0.0,0.0,1.1055691522e-09,0.2306728768,0.018356269529,0.087373502713,0.021901880378
dormoy,ok,,29.998881451,2661497720.6,391107.33575,1647265.4002,111185630.57,2398537.7799,200009177.52,0.0,0.0,0.0,-1.7078710378e-08,1.7245191005e-09,1.3183479513e-08,1.3162623609e-07,0.0,0.0,-1.3519227541e-07,0.0,0.0,0.0,0.0,-1.4156574357e-08,0.22852955714,0.033243031636,0.052874690652,0.051479986512
ds19,ok,,29.267544772,2596613604.6,334549.64447,1459777.3702,109337091.56,1981070.4035,187290399.85,0.0,0.0,0.0,-7.6691053002e-09,1.130809068e-09,-1.8422364957e-09,6.979996994e-08,0.0,0.0,-6.774549934e-08,0.0,0.0,0.0,0.0,6.5672950371e-11,0.21197655193,0.015220616522,0.022664232719,0.023351555128
drgnfly,ok,,31.746956527,2816586764.2,1806331.6934,7048833.0264,113154697.96,12469144.189,228149379.64,0.0,0.0,0.0,-3.7321845624e-09,1.0971372465e-09,3.3423433984e-10,4.1110253841e-08,0.0,0.0,-3.7231372843e-08,0.0,0.0,0.0,0.0,-1.9380187125e-09,0.22957969526,0.041014606799,0.067252208754,0.074258754436
du861372,ok,,30.377029458,2695046973.4,967858.63712,3474066.2406,111663520.77,5723333.3881,205855810.14,0.0,0.0,0.0,-9.9338051441e-11,1.0893883829e-09,4.8348960516e-10,-3.5813022142e-10,0.0,0.0,-1.0506512872e-07,0.0,0.0,0.0,0.0,-2.9929841063e-10,0.22422122189,0.00018445784618,0.10168819229,-0.00034661942801
du-80-141,ok,,30.692737549,2723056563.3,915878.10291,3744578.16,112681649.07,5795785.9716,212298250.11,0.0,0.0,0.0,-3.8699094063e-09,1.0276395509e-09,-2.3636454765e-09,3.5968975199e-08,0.0,0.0,-1.3973606477e-08,0.0,0.0,0.0,0.0,1.2868125599e-09,0.2242809824,0.024103252849,0.012798120191,0.032943196769
du-80-176-v1,ok,,30.838231026,2735964729.8,1619432.374,5866191.3415,111931824.69,9995298.5788,212922528.6,0.0,0.0,0.0,-2.3380866272e-09,1.0501770718e-09,-1.9831864621e-09,1.9895667723e-08,0.0,0.0,-5.7960737637e-08,0.0,0.0,0.0,0.0,-1.3719709681e-11,0.2235380843,0.023339220045,0.093863494951,0.032219688413
ds21,ok,,29.306702685,2600087690.7,347183.45237,1486515.4678,109448469.69,2042192.3159,187970059.59,0.0,0.0,0.0,-6.6562232225e-09,1.1327549648e-09,-1.3180292375e-09,6.0275832657e-08,0.0,0.0,-6.67034543e-08,0.0,0.0,0.0,0.0,-1.925135301e-10,0.21243208765,0.013509772428,0.023158335549,0.020926771676
du84132v,ok,,30.555860136,2710912813.0,987235.20573,3693009.9863,112225876.64,5986136.6859,209530511.51,0.0,0.0,0.0,-3.8303857154e-09,1.0489227444e-09,-3.0199801142e-09,3.4595379977e-08,0.0,0.0,-5.5764094883e-08,0.0,0.0,0.0,0.0,6.3952328663e-10,0.22285050959,0.023782704029,0.055052277684,0.034153777069
e1098,ok,,30.95694209,2746496763.4,1730429.8374,6398847.8398,111640525.66,11045951.69,213987756.06,0.0,0.0,0.0,-2.3029527567e-09,1.0332598523e-09,-2.4971743596e-09,2.3120316885e-08,0.0,0.0,-4.1240277999e-08,0.0,0.0,0.0,0.0,5.0654890472e-10,0.2238550497,0.026691725518,0.07136340755,0.040008086188
e1200,ok,,30.941799608,2745153323.9,1557875.8534,5561897.8473,112393860.18,9609199.3246,215241896.79,0.0,0.0,0.0,-2.7860898934e-09,1.0356716529e-09,-1.9848380325e-09,2.5567883474e-08,0.0,0.0,-4.7317720054e-08,0.0,0.0,0.0,0.0,3.5867148204e-11,0.22312658688,0.026848998059,0.07371513351,0.039831588286
e1210,ok,,31.02388553,2752435978.6,1098095.816,4973093.6479,112613103.32,7493669.7038,216840664.37,0.0,0.0,0.0,-5.2487919499e-09,1.083954046e-09,5.8557333116e-09,5.5906193405e-08,0.0,0.0,4.5046321755e-08,0.0,0.0,0.0,0.0,-2.2811639449e-09,0.2155182595,0.03565937835,-0.049465177445,0.061390357067
e1212,ok,,31.119624006,2760929886.4,1345087.0348,5621958.8811,112815689.07,8868913.1798,218570869.24,0.0,0.0,0.0,-2.6954399229e-09,1.0152302902e-09,3.024553731e-09,2.7951535167e-08,0.0,0.0,4.1178617186e-08,0.0,0.0,0.0,0.0,-1.0310412038e-09,0.21649316073,0.021927873922,-0.055388824088,0.037597247556
e1211,ok,,31.24179085,2771768516.5,1389791.2075,5982542.9302,112846640.35,9387295.0233,220383269.59,0.0,0.0,0.0,-3.4839563515e-09,1.0067943447e-09,3.1050744581e-09,3.7237741941e-08,0.0,0.0,3.8271380036e-08,0.0,0.0,0.0,0.0,-8.1252231419e-10,0.21601079507,0.031059215703,-0.053189227475,0.051752686338
e1212mod,ok,,31.22076907,2769903466.3,1341325.2479,5583429.6961,113152168.06,8872295.0617,220637215.25,0.0,0.0,0.0,-1.8580053128e-09,9.8871557721e-10,1.8291770158e-09,2.2414849735e-08,0.0,0.0,4.2758612565e-08,0.0,0.0,0.0,0.0,-4.6931535288e-10,0.2164365386,0.01558383185,-0.057353206598,0.030065603877
e1213,ok,,31.029949483,2752973971.9,1300917.8999,5322581.4495,112794322.42,8422563.9061,217249711.41,0.0,0.0,0.0,-1.8689473203e-09,1.0227767845e-09,3.0529739766e-09,1.8609404126e-08,0.0,0.0,4.2984568695e-08,0.0,0.0,0.0,0.0,-1.3653921182e-09,0.21749801885,0.013241900927,-0.055919394833,0.024209306933
e1214,ok,,31.510834886,2795638076.0,1722433.9935,6633017.4188,113577669.6,11239004.23,225644427.4,0.0,0.0,0.0,-1.5408526951e-09,1.0001144178e-09,2.5428653285e-09,1.4509029981e-08,0.0,0.0,2.2663068517e-08,0.0,0.0,0.0,0.0,-1.2379683662e-09,0.22078673475,0.014248630279,-0.03903563961,0.024990846451
e1230,ok,,31.68585671,2811165994.6,1560219.1486,5465294.5527,114882677.59,9816788.9339,230752931.25,0.0,0.0,0.0,-2.9223748152e-09,1.0472525571e-09,2.4265855078e-09,2.5553263396e-08,0.0,0.0,-1.072973939e-08,0.0,0.0,0.0,0.0,-1.7036459471e-09,0.23030798419,0.024843849282,0.016740744857,0.03986869086
e1233,ok,,31.619460166,2805275299.9,1854297.4171,6561119.8672,113999180.07,11773567.935,228071797.84,0.0,0.0,0.0,-2.9169493889e-09,1.0228712687e-09,6.5587562605e-10,2.5300814256e-08,0.0,0.0,-1.7139792005e-08,0.0,0.0,0.0,0.0,-9.2120032411e-10,0.22604371235,0.031895230229,0.031782272045,0.046915234525
e168,ok,,30.127023205,2672866444.1,684864.04919,2795022.7422,111366244.47,4165767.3013,202091271.77,0.0,0.0,0.0,2.5313051722e-17,1.0861606165e-09,-5.6510977654e-16,-3.1346403948e-15,0.0,0.0,3.364387633e-08,0.0,0.0,0.0,0.0,-3.5112976169e-17,0.21950358034,-1.3755561798e-10,-0.023041481374,-2.1468025136e-09
e171,ok,,30.227755865,2681803435.4,719937.84069,2698510.132,111604446.9,4296812.8323,203844066.15,0.0,0.0,0.0,2.1510243908e-17,1.1014123673e-09,2.384150582e-16,2.1135353796e-15,0.0,0.0,-6.0321694068e-08,0.0,0.0,0.0,0.0,9.3068209992e-17,0.22451637545,-2.6421391356e-12,0.043427870174,1.5216140974e-09
e174,ok,,29.173808491,2588297331.2,358256.85023,1825329.9287,108575504.1,2341165.1727,184815806.3,0.0,0.0,0.0,-1.1799912439e-08,1.1870136653e-09,-2.9335417702e-09,1.2422764951e-07,0.0,0.0,-1.109976906e-07,0.0,0.0,0.0,0.0,-1.8785920734e-09,0.20978318005,0.026703420996,0.039765683017,0.044505406425
e169,ok,,30.381446127,2695438819.9,908012.91617,3661283.4462,111682785.64,5629135.4579,206117990.72,0.0,0.0,0.0,1.51291461e-17,1.0657609169e-09,-1.6288155054e-16,9.7565529974e-17,0.0,0.0,2.7469019677e-08,0.0,0.0,0.0,0.0,3.1883907024e-17,0.21967249879,-4.5737449349e-11,-0.024942224661,8.8590761389e-11
e176,ok,,29.093907064,2581208484.8,350872.1683,1726704.2065,108427288.28,2235342.1934,183551852.39,0.0,0.0,0.0,-1.0662632777e-08,1.2071187252e-09,-1.220505774e-09,1.0995238877e-07,0.0,0.0,-1.1161234247e-07,0.0,0.0,0.0,0.0,-2.7159113773e-09,0.20967879441,0.022562516673,0.039161664611,0.038579233059
e180,ok,,28.966968149,2569946477.1,332271.49885,1539215.2915,108260089.46,2021578.6513,181681036.9,0.0,0.0,0.0,-7.9452728802e-09,1.2259797496e-09,2.6285107696e-09,7.9383076199e-08,0.0,0.0,-1.1541502889e-07,0.0,0.0,0.0,0.0,-4.6861289369e-09,0.20904218306,0.01408293658,0.038349124639,0.026376733712
e178,ok,,28.991797694,2572149351.8,339532.45539,1624694.0763,108222527.56,2112142.9077,181927878.74,0.0,0.0,0.0,-9.499385395e-09,1.2237063304e-09,6.6262776857e-10,9.6037013494e-08,0.0,0.0,-1.1344144883e-07,0.0,0.0,0.0,0.0,-3.707055027e-09,0.2090809514,0.018428134289,0.038517053663,0.032607683
e193,ok,,30.075038573,2668254372.8,498803.74798,2169702.9025,111141467.41,3172995.4494,200958194.37,0.0,0.0,0.0,-8.0574813404e-09,1.1520811692e-09,-1.2080236763e-09,8.3525541263e-08,0.0,0.0,-8.4753476393e-08,0.0,0.0,0.0,0.0,-1.8235911074e-09,0.22214308768,0.024281803052,0.042275351679,0.041662853034
e195,ok,,30.279584522,2686401668.6,671391.50701,2716458.0452,111547410.21,4193235.0202,204451495.1,0.0,0.0,0.0,-5.4075650268e-09,1.1191214681e-09,-7.6423539137e-10,5.5297719412e-08,0.0,0.0,-6.0977158553e-08,0.0,0.0,0.0,0.0,-1.1142573403e-09,0.22363528655,0.021630772416,0.040939546374,0.03712641917
e197,ok,,30.472146715,2703485766.9,874277.42383,3375044.5706,111866964.92,5423497.7512,207669452.89,0.0,0.0,0.0,-3.631515842e-09,1.0939720819e-09,-5.7941123097e-10,3.7086855632e-08,0.0,0.0,-4.5608845472e-08,0.0,0.0,0.0,0.0,-6.4347794039e-10,0.22454981641,0.018912097855,0.039874783923,0.0324242006
e201,ok,,30.280971822,2686524749.7,673069.2913,2708791.9747,111580673.55,4187914.6867,204532381.75,0.0,0.0,0.0,-5.2057545888e-09,1.0995749621e-09,-1.7719560943e-09,5.313718308e-08,0.0,0.0,-5.7350723725e-08,0.0,0.0,0.0,0.0,-2.7128476184e-10,0.22368871376,0.021547147843,0.038601010973,0.035765006158
e203,ok,,30.475236448,2703759887.7,880977.64105,3391714.5752,111903329.0,5448466.3634,207780891.4,0.0,0.0,0.0,-3.2694907565e-09,1.0664659065e-09,-2.4124008285e-09,3.3636863851e-08,0.0,0.0,-3.897034129e-08,0.0,0.0,0.0,0.0,7.8880834502e-10,0.22450668806,0.018778950513,0.03433199934,0.029633324968
e207,ok,,30.367727781,2694221729.6,683448.34507,2675243.9851,111928902.77,4197026.9709,206341671.0,0.0,0.0,0.0,-4.4330166319e-09,1.1213300851e-09,1.340152632e-09,4.2868115199e-08,0.0,0.0,-3.6410689541e-08,0.0,0.0,0.0,0.0,-1.7041013451e-09,0.22482284641,0.01699840918,0.02488482551,0.029298142389
e205,ok,,30.192339855,2678661330.6,515124.91202,2146164.519,111580779.08,3209170.6374,203316301.04,0.0,0.0,0.0,-6.9266943146e-09,1.1816476726e-09,3.2563694078e-09,6.8249015433e-08,0.0,0.0,-4.7629113078e-08,0.0,0.0,0.0,0.0,-3.6319167172e-09,0.22380059647,0.0196231584,0.024534942684,0.03515676807
e209,ok,,30.54714956,2710140011.7,886024.50076,3342478.3506,112212631.78,5430821.4343,209336772.82,0.0,0.0,0.0,-2.7025643966e-09,1.0819351038e-09,-1.4270949078e-10,2.6089034272e-08,0.0,0.0,-2.7325578284e-08,0.0,0.0,0.0,0.0,-3.5890013215e-10,0.22538521118,0.014237896792,0.024211131857,0.023115523566
e210,ok,,30.676534132,2721618997.7,877119.98153,3515982.9577,112374365.07,5592705.641,211452195.4,0.0,0.0,0.0,-5.2391692091e-09,1.0484297567e-09,-2.4149888287e-09,5.2724078917e-08,0.0,0.0,-3.0587620853e-08,0.0,0.0,0.0,0.0,5.8488265829e-10,0.22531414646,0.030038481155,0.026829013438,0.046245343126
e211,ok,,30.240513619,2682935302.1,584077.94343,2266477.4093,111770334.34,3530288.7025,204322837.24,0.0,0.0,0.0,-5.1132796856e-09,1.0590920661e-09,-5.7429385376e-09,4.8543152873e-08,0.0,0.0,-7.7171523336e-08,0.0,0.0,0.0,0.0,2.3166935011e-09,0.22492663504,0.019892291858,0.045074184642,0.028352984898
e214,ok,,30.244791021,2683314792.7,600649.0711,2519821.7791,111567603.08,3792172.7387,204043885.08,0.0,0.0,0.0,-7.5571619111e-09,1.0343116606e-09,-6.9712849878e-09,7.6064938728e-08,0.0,0.0,-8.4366150871e-08,0.0,0.0,0.0,0.0,2.0901890197e-09,0.223253844,0.030429601369,0.050674450153,0.04568833479
e220,ok,,30.347380115,2692416486.7,664778.03517,2558220.9006,111868983.91,4059714.0306,205943605.78,0.0,0.0,0.0,-4.4547538233e-09,1.1697196385e-09,3.449177359e-09,4.3812446217e-08,0.0,0.0,-8.7502997623e-08,0.0,0.0,0.0,0.0,-4.0257797915e-09,0.22583662291,0.014397986713,0.058170070832,0.029125551912
e221,ok,,29.872252882,2650263246.8,412107.16538,1693079.9535,110953183.3,2463403.6044,197906754.44,0.0,0.0,0.0,-5.6705444666e-09,1.1954634966e-09,6.8654494649e-09,5.1986563945e-08,0.0,0.0,-4.1949276348e-08,0.0,0.0,0.0,0.0,-5.7244264308e-09,0.22071731537,0.010858565343,0.017287597366,0.021424035506
e222,ok,,29.908265702,2653458300.6,506871.67801,2046549.1334,110883255.58,3040401.2661,198277113.68,0.0,0.0,0.0,-5.8214519972e-09,1.0805652932e-09,-4.6289942157e-09,5.5565995969e-08,0.0,0.0,-7.2349358011e-08,0.0,0.0,0.0,0.0,1.755609043e-09,0.22040632979,0.018876571439,0.036671840498,0.028164829617
e224,ok,,29.857680093,2648970350.5,506222.90228,1995080.1477,110773662.29,2988108.8012,197402913.32,0.0,0.0,0.0,-4.1900553561e-09,1.1060480546e-09,-2.4521100428e-09,3.9347186543e-08,0.0,0.0,-6.757074552e-08,0.0,0.0,0.0,0.0,7.2803705947e-10,0.22013544039,0.012999298266,0.034205858906,0.019918446968
e226,ok,,29.881854769,2651115125.3,509828.23222,1969036.326,110900286.93,2977357.9126,197942999.47,0.0,0.0,0.0,-2.4347512955e-09,1.1156150044e-09,-2.4188039308e-10,2.2751733808e-08,0.0,0.0,-6.2240207115e-08,0.0,0.0,0.0,0.0,-3.5091352144e-10,0.22032440485,0.0070189399441,0.031731814767,0.011599476227
e228,ok,,29.831579138,2646654676.4,496548.97709,1911271.9669,110774947.57,2882351.1113,197052499.09,0.0,0.0,0.0,-7.2402174161e-10,1.1212919625e-09,1.9562378074e-09,6.9170770815e-09,0.0,0.0,-6.0957904761e-08,0.0,0.0,0.0,0.0,-1.4954416207e-09,0.22033425292,0.0011371802342,0.030268585255,0.0034346675493
e266,ok,,31.04632146,2754426492.0,1579544.8589,5514589.2024,112659987.56,9733542.1221,217178626.24,0.0,0.0,0.0,-2.4217330264e-09,1.082343024e-09,-3.3994479365e-10,2.1367767661e-08,0.0,0.0,-6.7706743962e-08,0.0,0.0,0.0,0.0,-1.2493796634e-09,0.22862936794,0.020794924045,0.10694583933,0.033751347554
e231,ok,,30.549028432,2710306705.0,876289.98896,3047266.4219,112385766.78,5152147.633,209699375.22,0.0,0.0,0.0,-3.7519191465e-09,1.1313905798e-09,-6.8163813388e-10,3.2903928863e-08,0.0,0.0,-1.417137528e-07,0.0,0.0,0.0,0.0,-2.1200261875e-09,0.22862917688,0.016835255587,0.12418234288,0.02883338346
e230,ok,,29.843409313,2647704248.3,483943.46198,1867991.8358,110856472.72,2809035.731,197355483.93,0.0,0.0,0.0,1.2513157115e-09,1.1061160311e-09,4.2081412289e-09,-1.1088144486e-08,0.0,0.0,-5.9138554741e-08,0.0,0.0,0.0,0.0,-2.673623115e-09,0.22014027253,-0.0051686064228,0.028619716918,-0.0053660350294
e297,ok,,29.853761763,2648622716.6,690382.46614,2512863.3059,110460891.8,3986322.0038,196794270.54,0.0,0.0,0.0,-2.7758759377e-16,1.1205116131e-09,2.4654189114e-15,1.8696277461e-15,0.0,0.0,-1.417707227e-07,0.0,0.0,0.0,0.0,-1.0034871125e-15,0.22051026554,2.2446335068e-10,0.097876021165,1.2907582141e-09
e325,ok,,30.678274359,2721773390.6,867363.2843,3049938.6791,112823712.71,5115905.743,212282026.29,0.0,0.0,0.0,-2.0018870195e-09,1.1390785438e-09,9.023796584e-09,8.1838540795e-09,0.0,0.0,-8.205609951e-08,0.0,0.0,0.0,0.0,-6.1324273364e-09,0.22822939004,0.0030843568518,0.071172447967,0.0070983745526
e326,ok,,30.700022883,2723702917.3,895736.17459,3155926.239,112834254.05,5302533.2197,212608739.56,0.0,0.0,0.0,-2.7051241593e-09,1.1542703843e-09,7.896812146e-09,1.5445178281e-08,0.0,0.0,-7.5901427185e-08,0.0,0.0,0.0,0.0,-5.7204489844e-09,0.22773073969,0.0074433140696,0.067987654032,0.013834804909
e327,ok,,30.732254059,2726562464.0,924171.21495,3270677.4276,112865215.45,5501933.1371,213121545.51,0.0,0.0,0.0,-3.3499723066e-09,1.1656041421e-09,6.8435747152e-09,2.2213739699e-08,0.0,0.0,-7.0749320548e-08,0.0,0.0,0.0,0.0,-5.3167197087e-09,0.22731228726,0.011792298239,0.065384485528,0.020529298806
e328,ok,,30.771491652,2730043619.3,951982.94386,3394491.0591,112904795.93,5709985.2228,213750306.93,0.0,0.0,0.0,-3.9395521872e-09,1.1732039494e-09,5.8513357641e-09,2.8545368778e-08,0.0,0.0,-6.6330319837e-08,0.0,0.0,0.0,0.0,-4.9237638001e-09,0.2268941032,0.016128853228,0.063145333145,0.027174704203
e329,ok,,30.821720854,2734499949.0,976322.79599,3518787.7301,112981002.16,5912111.8326,214602972.07,0.0,0.0,0.0,-4.5514307461e-09,1.181654518e-09,5.009580489e-09,3.5000850017e-08,0.0,0.0,-6.2996137555e-08,0.0,0.0,0.0,0.0,-4.6265665525e-09,0.22667447283,0.020724348166,0.061504565154,0.03417212775
e330,ok,,30.533385318,2708918849.5,626540.93855,2288586.6808,112677060.28,3700359.6182,209964221.72,0.0,0.0,0.0,-3.878650006e-09,1.2183382717e-09,1.2724315642e-08,2.4771547128e-08,0.0,0.0,-7.4857906301e-08,0.0,0.0,0.0,0.0,-9.1622392194e-09,0.22789745553,0.006633631341,0.046901542872,0.015520388387
e331,ok,,30.568441327,2712029015.1,653898.97616,2405187.0992,112713965.7,3892652.0519,210524475.33,0.0,0.0,0.0,-4.7517445115e-09,1.237906589e-09,1.1247049997e-08,3.4138030986e-08,0.0,0.0,-6.8763659206e-08,0.0,0.0,0.0,0.0,-8.4504861752e-09,0.22741540613,0.011028275025,0.044964486352,0.02232282351
e333,ok,,30.657955523,2719970705.5,708623.52074,2672308.852,112796376.57,4314924.6461,211937177.71,0.0,0.0,0.0,-6.258840275e-09,1.2658487344e-09,8.6111941926e-09,5.0812894211e-08,0.0,0.0,-6.1538904859e-08,0.0,0.0,0.0,0.0,-7.2162918448e-09,0.22671098029,0.019966934552,0.043607915424,0.036007211995
e334,ok,,30.692720035,2723055009.4,727197.43917,2798493.7867,112792120.04,4495170.1414,212422158.32,0.0,0.0,0.0,-6.9279057555e-09,1.2739891348e-09,7.3925676238e-09,5.8788932303e-08,0.0,0.0,-5.9552334945e-08,0.0,0.0,0.0,0.0,-6.6835920372e-09,0.2261599296,0.024369886425,0.043306305468,0.042751161022
e332,ok,,30.615126984,2716170961.8,683421.88321,2538100.9085,112769202.73,4109599.4968,211282593.99,0.0,0.0,0.0,-5.4898104654e-09,1.2508410595e-09,9.7957729478e-09,4.2383767096e-08,0.0,0.0,-6.4652326691e-08,0.0,0.0,0.0,0.0,-7.7361412424e-09,0.22713213543,0.015355682505,0.044184814861,0.028965993926
e335,ok,,30.795878375,2732207206.9,843328.98256,2977111.6031,113202773.39,5002695.1806,214631819.67,0.0,0.0,0.0,-3.1241597727e-09,1.1808947308e-09,1.01980562e-08,1.9387311776e-08,0.0,0.0,-6.674042481e-08,0.0,0.0,0.0,0.0,-7.1771793359e-09,0.22904653264,0.0074150489766,0.056284134551,0.016349881915
e336,ok,,30.829557231,2735195191.6,875280.06806,3106562.0363,113226893.73,5226327.9328,215156409.98,0.0,0.0,0.0,-3.7686620404e-09,1.195423935e-09,9.0579266882e-09,2.6295602692e-08,0.0,0.0,-6.2375157139e-08,0.0,0.0,0.0,0.0,-6.6813596929e-09,0.22856717009,0.011729609193,0.054595731786,0.023016016914
e337,ok,,30.872766483,2739028712.1,908816.53363,3254031.2236,113261493.77,5474506.3325,215836642.08,0.0,0.0,0.0,-4.3656405365e-09,1.207250705e-09,8.0123567971e-09,3.2808078876e-08,0.0,0.0,-5.8436409824e-08,0.0,0.0,0.0,0.0,-6.2278322635e-09,0.22813190463,0.016141002083,0.053107975414,0.029816524519
e338,ok,,30.906386808,2742011503.9,933898.18685,3388327.5588,113252966.38,5686547.352,216301995.63,0.0,0.0,0.0,-4.9560092337e-09,1.2186759316e-09,7.0687582062e-09,3.9311353342e-08,0.0,0.0,-5.5912650927e-08,0.0,0.0,0.0,0.0,-5.8537312096e-09,0.2276176675,0.020629256695,0.052216723323,0.036712801609
e339,ok,,30.96121524,2746875876.8,964165.0399,3544841.6063,113300130.36,5941566.4369,217174241.26,0.0,0.0,0.0,-5.4074733365e-09,1.2205083734e-09,6.0470503966e-09,4.4843634054e-08,0.0,0.0,-5.35618684e-08,0.0,0.0,0.0,0.0,-5.3933865911e-09,0.22715014285,0.024876090511,0.051642480983,0.043236664217
e343,ok,,31.117954163,2760781738.2,1107597.4547,3953149.2002,113623415.74,6798367.1655,220027446.72,0.0,0.0,0.0,-4.3623374072e-09,1.1941174288e-09,6.6406050849e-09,3.4675217001e-08,0.0,0.0,-4.5182072212e-08,0.0,0.0,0.0,0.0,-5.244674437e-09,0.22817037994,0.021549613478,0.050043548181,0.038406182092
e360,ok,,30.572038932,2712348194.3,794274.46046,2798121.496,112713992.4,4664684.21,210597032.52,0.0,0.0,0.0,-2.6419040614e-09,1.1156024754e-09,3.7136198432e-09,1.8885163042e-08,0.0,0.0,-8.0536240651e-08,0.0,0.0,0.0,0.0,-3.1530673025e-09,0.22670735292,0.0089912116229,0.063967879091,0.015000002686
e344,ok,,31.127826712,2761657629.7,1144802.6101,4147832.2823,113527151.33,7087087.2614,219992599.0,0.0,0.0,0.0,-4.7421065837e-09,1.1964887885e-09,5.6522936459e-09,3.9150070908e-08,0.0,0.0,-4.483069799e-08,0.0,0.0,0.0,0.0,-4.8476644348e-09,0.22705628153,0.025838571082,0.051322300071,0.044819103361
e361,ok,,30.524804111,2708157525.7,766508.15197,2741666.7501,112574702.57,4521709.2057,209682478.37,0.0,0.0,0.0,-2.886432278e-09,1.126384715e-09,4.5110734918e-09,2.157285417e-08,0.0,0.0,-7.4197028003e-08,0.0,0.0,0.0,0.0,-3.7059258778e-09,0.22597335374,0.0092676054775,0.056872626816,0.016535768582
e374,ok,,30.434060555,2700106766.6,613047.52421,2265215.0756,112366145.72,3665029.0633,208037448.76,0.0,0.0,0.0,-4.4181675649e-09,1.1385221871e-09,2.1815152999e-10,4.1863615095e-08,0.0,0.0,-1.2322092354e-07,0.0,0.0,0.0,0.0,-2.2960846881e-09,0.2291033771,0.014265786309,0.075540282108,0.025664385588
e387,ok,,29.284234197,2598094288.7,371181.08438,1858432.4063,108900548.89,2418064.5961,186760338.75,0.0,0.0,0.0,-1.1317784636e-08,1.1883050667e-09,-2.3007288161e-09,1.1880088076e-07,0.0,0.0,-1.0382260367e-07,0.0,0.0,0.0,0.0,-2.0701963799e-09,0.21134165151,0.026309853761,0.038536986614,0.044096639744
e392,ok,,29.498321744,2617088114.2,472423.53959,2206321.1523,109329870.79,3030850.3227,190216725.04,0.0,0.0,0.0,-9.0916325026e-09,1.1240370393e-09,-3.8226914596e-09,9.3717329993e-08,0.0,0.0,-8.5750291119e-08,0.0,0.0,0.0,0.0,-1.4714675576e-10,0.21303933244,0.027460371617,0.040510456052,0.044274272757
e397,ok,,30.453377143,2701820532.4,920421.60628,3949711.6106,111301967.98,6037236.0041,206426686.31,0.0,0.0,0.0,-5.6294463989e-09,9.964774452e-10,-6.5796752584e-09,6.3093930681e-08,0.0,0.0,-5.7287263777e-08,0.0,0.0,0.0,0.0,2.1846601363e-09,0.22098954237,0.036907610826,0.052728435345,0.058073017025
e398,ok,,30.466313215,2702968219.4,974560.3729,4216201.4291,111200232.21,6434260.7662,206419812.02,0.0,0.0,0.0,-5.474470295e-09,1.0122956388e-09,-4.496597429e-09,6.0440812071e-08,0.0,0.0,-3.8658469005e-08,0.0,0.0,0.0,0.0,1.4558354248e-09,0.21952427932,0.03728387974,0.037675011969,0.058903220351
e420,ok,,31.814360131,2822566805.0,936096.23273,5969490.3682,113054192.55,8296417.0852,229052510.33,0.0,0.0,0.0,-9.0969382867e-09,1.0598515814e-09,-5.6450619069e-10,1.327816754e-07,0.0,0.0,-1.5563635922e-08,0.0,0.0,0.0,0.0,-1.1655058359e-09,0.22258995441,0.073326770053,0.014569060954,0.12429642612
e421,ok,,31.512262887,2795764768.1,947122.0347,5227194.395,113041578.39,7566098.3174,224615919.21,0.0,0.0,0.0,-8.1924338036e-09,1.0991950649e-09,2.6756638111e-09,1.0746478311e-07,0.0,0.0,4.6480110402e-09,0.0,0.0,0.0,0.0,-1.7469164419e-09,0.22253016069,0.059054180756,-0.0044022336737,0.10178226403
e422,ok,,31.238062125,2771437704.4,857296.27185,4400023.5041,112988006.46,6431872.6029,220545534.41,0.0,0.0,0.0,-8.1136499219e-09,1.1830913023e-09,6.3522495791e-09,9.8661283684e-08,0.0,0.0,2.3586789778e-08,0.0,0.0,0.0,0.0,-3.2952900695e-09,0.22287796212,0.047484071862,-0.020220866941,0.084581950678
e426,ok,,29.682607481,2633437926.1,532458.2819,2319376.8795,110394567.6,3199479.5299,194523410.43,0.0,0.0,0.0,-1.7021200287e-09,1.086304756e-09,5.7542508641e-10,1.5704583173e-08,0.0,0.0,8.7610683656e-08,0.0,0.0,0.0,0.0,8.4816498191e-11,0.21140154084,0.0055032663521,-0.046649034096,0.0083620353745
e423,ok,,31.577035421,2801511380.8,767370.27018,5045815.5039,113035765.39,6807576.5209,225566452.94,0.0,0.0,0.0,-1.0275490321e-08,1.0404411366e-09,-5.1173250999e-09,1.5209305715e-07,0.0,0.0,-4.9110781984e-08,0.0,0.0,0.0,0.0,-6.2134022616e-10,0.22488038261,0.069001255826,0.03768615404,0.11671169035
e428,ok,,29.682063832,2633389693.6,549298.1406,2409521.0754,110355371.49,3316985.5533,194446711.0,0.0,0.0,0.0,-1.205570563e-09,1.0838485034e-09,-3.5204796721e-11,1.158387e-08,0.0,0.0,9.2712988393e-08,0.0,0.0,0.0,0.0,4.8158807576e-10,0.21112469571,0.0043361263548,-0.050927072134,0.0063629982519
e432,ok,,30.820518101,2734393240.9,1335399.0687,4942103.4569,112104707.68,8361930.1572,212979449.68,0.0,0.0,0.0,-4.0375633818e-09,1.0852110259e-09,-1.3791206073e-09,3.70477403e-08,0.0,0.0,-5.8745664147e-08,0.0,0.0,0.0,0.0,-1.0534064154e-09,0.22353438221,0.031795386,0.07844890519,0.049473517893
e431,ok,,30.777727797,2730596889.5,1243460.8241,4523070.3156,112225080.9,7688455.4248,212609926.65,0.0,0.0,0.0,-4.1830496471e-09,1.0743840181e-09,-3.3772842197e-09,3.8763845433e-08,0.0,0.0,-8.1712326204e-08,0.0,0.0,0.0,0.0,-4.2960173559e-10,0.22548459595,0.031416776649,0.10160607648,0.048201323186
e434,ok,,30.632861338,2717744351.9,978665.57355,3670216.4207,112133999.36,6063692.18,210407312.54,0.0,0.0,0.0,-5.3846637558e-09,1.1311593392e-09,-2.5061645974e-09,5.0604322968e-08,0.0,0.0,-1.044912662e-07,0.0,0.0,0.0,0.0,-1.7931602357e-09,0.22565621382,0.030201021705,0.10226200497,0.049524708761
e433,ok,,30.725877126,2725996703.2,1126653.8306,4044268.0493,112351638.12,6871415.5836,212123436.97,0.0,0.0,0.0,-4.4152864983e-09,1.066025604e-09,-4.9961930544e-09,4.066537534e-08,0.0,0.0,-1.0262097848e-07,0.0,0.0,0.0,0.0,1.0895215537e-10,0.22683006413,0.030509103707,0.11561831851,0.045815800898
e435,ok,,30.795224829,2732149224.4,1349297.9874,5031528.4957,111966462.31,8483561.4942,212373960.18,0.0,0.0,0.0,-3.825810272e-09,1.0273440146e-09,-4.3690477297e-09,3.6844226248e-08,0.0,0.0,-6.0100528277e-08,0.0,0.0,0.0,0.0,8.1729764314e-10,0.22380375382,0.034009964394,0.081093521846,0.049713840324
e472,ok,,30.946211069,2745544708.3,670117.50188,2589620.3585,114079401.44,4052830.6621,218436329.22,0.0,0.0,0.0,3.3871076446e-16,1.0401411129e-09,-1.1885207905e-15,1.3745715764e-15,0.0,0.0,8.8127830913e-08,0.0,0.0,0.0,0.0,8.3731482221e-16,0.22720460657,-6.0171963329e-10,-0.059056001897,9.211244709e-10
e473,ok,,31.309792276,2777801596.1,1165111.1151,4399946.2891,114293644.42,7295996.0214,224102036.2,0.0,0.0,0.0,-1.6107755251e-17,1.0098622573e-09,9.3973143926e-16,2.0936750656e-15,0.0,0.0,4.1588985609e-08,0.0,0.0,0.0,0.0,1.139530147e-17,0.22631218813,1.3633773034e-10,-0.048455789399,2.4393640903e-09
e475,ok,,31.113374282,2760375411.6,1187330.4603,4158468.3584,113963742.5,7061054.717,220660756.08,0.0,0.0,0.0,1.75325686e-16,1.02323679e-09,-8.6695594157e-16,9.5900435803e-16,0.0,0.0,-1.8442684247e-09,0.0,0.0,0.0,0.0,5.043301741e-16,0.22578820373,-4.3392922268e-10,0.0021897560775,1.1386550858e-09
e474,ok,,30.88133595,2739788994.3,960348.45673,3572118.3497,113401464.7,5785220.3179,216269801.62,0.0,0.0,0.0,2.7667322239e-16,1.0345249706e-09,-1.4408719313e-15,5.8862300932e-16,0.0,0.0,2.9168113211e-08,0.0,0.0,0.0,0.0,6.8657596364e-16,0.22373651017,-7.1193564731e-10,-0.028011552508,5.652831986e-10
e476,ok,,30.918147887,2743054945.6,1460156.1716,5115161.6856,112718585.3,8859660.1372,215501097.53,0.0,0.0,0.0,-1.3632509381e-16,1.0459992898e-09,4.5350828149e-16,1.6472832106e-15,0.0,0.0,-3.4356521553e-08,0.0,0.0,0.0,0.0,-2.5513627205e-16,0.22541399497,6.982635483e-10,0.050165886981,2.4052907463e-09
e477,ok,,30.713943589,2724937961.0,1192343.6377,4293824.4749,112450380.6,7213033.0884,212119983.4,0.0,0.0,0.0,3.3802326313e-17,1.0585994343e-09,-8.8301555223e-16,-2.8695618837e-16,0.0,0.0,-2.951460467e-08,0.0,0.0,0.0,0.0,-5.3881959909e-17,0.22455009443,-3.3108922223e-10,0.035191551099,-3.4215038552e-10
e49,ok,,30.987182945,2749179728.9,316094.10957,1870740.5433,113547230.03,2512029.9337,218033147.55,0.0,0.0,0.0,-2.5153013295e-08,1.3930362507e-09,-4.8996931638e-08,2.8643460096e-07,0.0,0.0,-6.1135228099e-07,0.0,0.0,0.0,0.0,-4.7003181933e-09,0.23893153128,0.060372492539,0.19324485489,0.090540290141
e478,ok,,30.823027209,2734615848.7,1118015.1192,4349169.8096,112783582.66,6968053.0275,214281223.14,0.0,0.0,0.0,-1.96830555e-15,1.0315452864e-09,6.8338341824e-14,1.5197625823e-13,0.0,0.0,2.9902748135e-08,0.0,0.0,0.0,0.0,-3.3546435186e-14,0.2210407857,-3.7953764323e-08,-0.03343172452,1.6991175446e-07
e479,ok,,30.89522957,2741021634.8,1238716.9718,4813142.548,112760622.91,7776069.7139,215259589.89,0.0,0.0,0.0,-1.8152932343e-16,1.0234072963e-09,-8.6224894715e-16,3.6045962451e-16,0.0,0.0,2.6563956749e-08,0.0,0.0,0.0,0.0,-3.1297495977e-16,0.22029823489,8.7544153203e-10,-0.032905224064,4.4650745454e-10
e502,ok,,30.807582006,2733245551.9,1304733.2229,4459550.9177,112456828.76,7858517.9939,213424513.52,0.0,0.0,0.0,-1.4850043858e-09,1.0912108032e-09,5.1227286398e-10,1.2166621659e-08,0.0,0.0,-9.3514772135e-08,0.0,0.0,0.0,0.0,-1.2350528587e-09,0.22979227112,0.0094405656572,0.12201183004,0.015874195489
e485,ok,,30.457538373,2702189716.3,849188.11236,3000896.0377,112261107.41,4967357.8936,208198237.18,0.0,0.0,0.0,-1.8400221626e-09,1.1000762882e-09,2.0636846346e-09,1.3469337167e-08,0.0,0.0,-7.4660004396e-08,0.0,0.0,0.0,0.0,-1.8917296179e-09,0.22541337188,0.0070224974527,0.063400388201,0.011438001004
e520,ok,,30.194994792,2678896876.4,1156039.4707,4282519.059,110708405.82,6957251.6411,201825700.92,0.0,0.0,0.0,9.0525579893e-14,1.0811084589e-09,-3.5675604109e-13,-8.7865139906e-13,0.0,0.0,-5.1925664134e-08,0.0,0.0,0.0,0.0,2.6894803877e-13,0.21819547245,-2.2153514097e-07,0.060028117281,-1.0157556983e-06
e541,ok,,30.885236232,2740135026.9,1545276.0335,5150908.9229,112410592.3,9238601.7565,214462186.76,0.0,0.0,0.0,-1.4524988943e-09,1.0801069539e-09,-9.879763123e-10,1.1389258729e-08,0.0,0.0,-1.0143447966e-07,0.0,0.0,0.0,0.0,-5.1240374371e-10,0.23016203756,0.012329784872,0.15674427039,0.017599548553
e521,ok,,30.161440279,2675919923.4,1017050.9114,3688891.1206,110943611.21,6002223.1325,201794375.29,0.0,0.0,0.0,6.0449096079e-15,1.0892877389e-09,-1.8911057889e-13,-3.6239506184e-13,0.0,0.0,-7.2223579339e-08,0.0,0.0,0.0,0.0,1.2656961118e-13,0.21981213879,1.3070817631e-07,0.073455057194,-3.6857422794e-07
e540,ok,,30.962159915,2746959688.3,1535516.6428,5169558.7485,112633614.73,9263788.3597,215946940.36,0.0,0.0,0.0,-1.4031535968e-09,1.0706368065e-09,-1.1891650739e-09,1.0972010015e-08,0.0,0.0,-8.7424623152e-08,0.0,0.0,0.0,0.0,-2.1133932826e-10,0.23060658927,0.012547085977,0.13424196384,0.016847703984
e542,ok,,31.023253995,2752379948.8,1562341.1291,5232993.7253,112850296.62,9399631.5685,217227668.02,0.0,0.0,0.0,-1.5614222387e-09,1.0792997291e-09,6.144867085e-10,1.1127122213e-08,0.0,0.0,-8.1539317416e-08,0.0,0.0,0.0,0.0,-1.2583732325e-09,0.23040751995,0.011953225474,0.12739222924,0.017384360683
e543,ok,,30.998278607,2750164135.0,1584508.5398,5381310.769,112654157.7,9613389.9151,216495859.25,0.0,0.0,0.0,-1.5273511027e-09,1.0712151106e-09,-1.897303349e-11,1.1349299717e-08,0.0,0.0,-7.2484361924e-08,0.0,0.0,0.0,0.0,-8.1321849247e-10,0.2293137323,0.01289112044,0.11485209047,0.017983062323
e544,ok,,31.001717236,2750469209.8,1587381.384,5472916.7249,112589300.14,9709515.2676,216414333.46,0.0,0.0,0.0,-1.5351936689e-09,1.0628673317e-09,-6.2036215325e-10,1.2090214501e-08,0.0,0.0,-6.3808216583e-08,0.0,0.0,0.0,0.0,-3.9807443931e-10,0.22873199137,0.014022131416,0.10128797515,0.019191781428
e545,ok,,30.906169548,2741992228.6,1515067.4147,5358500.5685,112307256.38,9342691.9156,214529230.65,0.0,0.0,0.0,-1.608919003e-09,1.0571698942e-09,-1.071134184e-09,1.3181911306e-08,0.0,0.0,-5.2068122213e-08,0.0,0.0,0.0,0.0,-6.2777295475e-12,0.22677359932,0.015018334142,0.078886715308,0.019971484283
e547,ok,,30.964837536,2747197246.5,1559688.7125,5430991.4213,112494667.44,9562303.9356,215717404.96,0.0,0.0,0.0,-1.687539862e-09,1.0690593364e-09,3.9099807143e-10,1.2779458651e-08,0.0,0.0,-5.5607636043e-08,0.0,0.0,0.0,0.0,-9.4521188595e-10,0.22730472513,0.014083501271,0.086730602265,0.01993197741
e546,ok,,30.818364995,2734202217.6,1365751.5742,4779070.2975,112376901.62,8301017.172,213431756.89,0.0,0.0,0.0,-1.6622167355e-09,1.0755600361e-09,4.388182399e-11,1.2104129676e-08,0.0,0.0,-6.4914346286e-08,0.0,0.0,0.0,0.0,-7.3151281265e-10,0.22739559174,0.012417751744,0.08865687063,0.016531234159
e548,ok,,30.882608853,2739901926.1,1505184.2211,5407998.5285,112189570.4,9316595.2215,213978924.35,0.0,0.0,0.0,-1.7880791189e-09,1.0765381083e-09,1.5163922034e-09,1.2779887626e-08,0.0,0.0,-4.3000173274e-08,0.0,0.0,0.0,0.0,-1.50757114e-09,0.22493500464,0.013502286001,0.064723182316,0.019236085202
e549,ok,,30.967533741,2747436453.6,1590541.3989,5713728.9018,112295856.84,9921715.0289,215371988.36,0.0,0.0,0.0,-1.7467651124e-09,1.0491000732e-09,-8.0633266189e-10,1.5041478662e-08,0.0,0.0,-3.8849060235e-08,0.0,0.0,0.0,0.0,-8.8512282509e-11,0.22561620587,0.017132784801,0.061791038611,0.023924094512
e550,ok,,30.8673385,2738547142.0,1540056.1647,5728675.3041,111921886.1,9709550.4491,213257173.09,0.0,0.0,0.0,-1.8481843526e-09,1.0564006147e-09,2.9886437487e-10,1.5113864445e-08,0.0,0.0,-2.6643223279e-08,0.0,0.0,0.0,0.0,-6.0946602358e-10,0.22294437235,0.016626344456,0.041032060259,0.023276200112
e551,ok,,30.955625427,2746379949.2,1546840.1945,5763223.2894,112186982.23,9795552.9048,215002008.19,0.0,0.0,0.0,-1.9982388357e-09,1.0312001158e-09,-1.6739475507e-09,1.9466688092e-08,0.0,0.0,-2.5394215984e-08,0.0,0.0,0.0,0.0,5.7217292927e-10,0.22411074124,0.02083062457,0.039280793993,0.030111855595
e552,ok,,30.838330732,2735973575.7,1501227.7907,5812101.0456,111752626.7,9618086.9742,212540109.91,0.0,0.0,0.0,-2.1088826067e-09,1.0393279651e-09,-4.983447427e-10,1.9688051586e-08,0.0,0.0,-1.2783428155e-08,0.0,0.0,0.0,0.0,6.2161266029e-11,0.22116677692,0.020415653499,0.019190837606,0.029556250185
e553,ok,,30.9192392,2743151766.8,1506772.5856,5712257.3078,112112521.28,9577329.522,214358165.44,0.0,0.0,0.0,-2.0825183499e-09,1.0232327436e-09,-1.9120837461e-09,2.0385258685e-08,0.0,0.0,-1.8485092399e-08,0.0,0.0,0.0,0.0,8.5744876925e-10,0.22298871635,0.021777700736,0.027852830469,0.030715948936
e558,ok,,30.924120471,2743584832.6,1142617.3697,4657440.2781,112719238.18,7390419.3429,215585523.19,0.0,0.0,0.0,-3.3235834646e-09,1.0127039388e-09,-5.4955678599e-10,3.4678403927e-08,0.0,0.0,1.5470259485e-08,0.0,0.0,0.0,0.0,7.3870054093e-10,0.22222925362,0.025776688738,-0.017676587202,0.039624146681
e562,ok,,30.81342108,2733763594.0,1017446.4213,4171834.883,112583862.26,6555356.836,213771236.92,0.0,0.0,0.0,-3.8937540123e-09,1.0004274749e-09,-2.4236233584e-09,4.0557180287e-08,0.0,0.0,7.0421745458e-09,0.0,0.0,0.0,0.0,1.7914262637e-09,0.22360710431,0.028154869452,-0.0071650352895,0.04126475794
e583,ok,,31.020941203,2752174758.2,1469976.9164,5281173.1842,112566415.53,9184040.3445,216665064.81,0.0,0.0,0.0,-3.7012615047e-09,1.0916713554e-09,-1.2933900664e-09,3.4032417178e-08,0.0,0.0,-6.7031421199e-08,0.0,0.0,0.0,0.0,-1.3356610986e-09,0.22665273534,0.031217145135,0.098534641833,0.050026867659
e580,ok,,30.642069315,2718561282.7,1228900.998,4745905.9826,111609090.08,7772973.1326,209574329.95,0.0,0.0,0.0,-3.7388473377e-09,1.0153488875e-09,-4.086514888e-09,3.5523990115e-08,0.0,0.0,-3.900471786e-08,0.0,0.0,0.0,0.0,1.4963013741e-09,0.22187459884,0.03164696564,0.047932936706,0.043655466906
e560,ok,,30.989352226,2749372187.3,1140401.7405,4889337.1567,112623074.66,7608649.8012,216339546.69,0.0,0.0,0.0,-4.2103241396e-09,9.7522244609e-10,-1.6766760429e-09,4.6313524303e-08,0.0,0.0,1.4129039209e-08,0.0,0.0,0.0,0.0,1.5936968748e-09,0.22199199996,0.034732024478,-0.016112780905,0.052816023722
e582,ok,,30.752280977,2728339250.2,1202040.1176,4355722.958,112215933.46,7398380.8934,212236879.3,0.0,0.0,0.0,-4.3806483978e-09,1.0925917626e-09,-3.3106788569e-09,4.0125278007e-08,0.0,0.0,-9.3361324604e-08,0.0,0.0,0.0,0.0,-8.3554998289e-10,0.22613172473,0.031013051049,0.11222405761,0.048232193895
e561,ok,,31.104050907,2759548242.7,1266436.1858,5382449.7528,112658256.96,8509658.6358,218030939.59,0.0,0.0,0.0,-4.1274113439e-09,9.8542345242e-10,-7.7761789378e-10,4.5045058487e-08,0.0,0.0,1.0962255691e-08,0.0,0.0,0.0,0.0,8.8485570857e-10,0.22161623437,0.036793762946,-0.013882997285,0.057046692061
e559,ok,,30.939374997,2744938212.6,1141776.0464,4762737.5134,112611375.56,7488834.5388,215604583.77,0.0,0.0,0.0,-3.7789686709e-09,9.972087914e-10,-1.1186393198e-09,4.0414571457e-08,0.0,0.0,1.4863441343e-08,0.0,0.0,0.0,0.0,1.1686492317e-09,0.22211638384,0.030246394141,-0.016970721292,0.046144389613
e584,ok,,31.122141075,2761153200.5,1530521.4424,5391236.2878,112870447.89,9498479.3493,218681389.98,0.0,0.0,0.0,-3.5975346198e-09,1.0974699645e-09,-1.0564611748e-09,3.2589123857e-08,0.0,0.0,-7.1490329247e-08,0.0,0.0,0.0,0.0,-1.5910670324e-09,0.2280495559,0.030731999374,0.10941748184,0.049878352851
e585,ok,,30.677963944,2721745850.5,1155700.7778,4265086.9451,112003128.5,7154442.6993,210804556.07,0.0,0.0,0.0,-4.5347814682e-09,1.0864225336e-09,-3.5404919245e-09,4.2142245327e-08,0.0,0.0,-8.8610429502e-08,0.0,0.0,0.0,0.0,-5.7296628926e-10,0.2251001432,0.031521639701,0.10240714229,0.048703825701
e587,ok,,30.86945748,2738735137.6,1440746.573,5250076.4455,112119918.24,9003083.2467,213700098.27,0.0,0.0,0.0,-3.4953054797e-09,1.0314942158e-09,-4.1659242253e-09,3.2996970257e-08,0.0,0.0,-6.2343517911e-08,0.0,0.0,0.0,0.0,6.8822765076e-10,0.2250497918,0.032864290455,0.089821209779,0.047540271817
e593,ok,,29.140215391,2585316954.8,498385.32456,2871653.1379,107996695.4,3463967.7613,183535117.26,0.0,0.0,0.0,-9.5634095335e-09,1.3614689374e-09,1.250375153e-08,1.0489395286e-07,0.0,0.0,7.6971326152e-08,0.0,0.0,0.0,0.0,-7.9138858746e-09,0.20156914832,0.02762281177,-0.038361379366,0.052277606741
e603,ok,,30.93632714,2744667807.1,1870107.7562,6634851.8323,111610647.7,11669777.588,213674159.54,0.0,0.0,0.0,-2.138828908e-09,1.0508626055e-09,-9.359480335e-10,1.8802980392e-08,0.0,0.0,-4.7499104463e-08,0.0,0.0,0.0,0.0,-5.1695868708e-10,0.22177647786,0.023622635533,0.08882844367,0.035163599472
e598,ok,,29.559537631,2622519181.5,540407.19318,2799518.5431,109205329.72,3647177.6264,190835355.46,0.0,0.0,0.0,-9.1042057692e-09,1.3147512013e-09,9.459194447e-09,9.7131248022e-08,0.0,0.0,2.9631652881e-08,0.0,0.0,0.0,0.0,-6.7069745427e-09,0.20824829754,0.028127753446,-0.016013158363,0.052490425114
e604,ok,,31.062735047,2755882703.8,1830726.3684,6447620.2487,112191369.88,11416811.808,216550419.9,0.0,0.0,0.0,-2.2699656536e-09,1.0332148869e-09,-2.2784652868e-09,2.075698223e-08,0.0,0.0,-4.9171045751e-08,0.0,0.0,0.0,0.0,2.0550241657e-10,0.2248951116,0.026443569297,0.090018730016,0.038000354696
e635,ok,,30.703848233,2724042302.0,657686.24484,2505185.6035,113081892.26,4007428.643,213088223.38,0.0,0.0,0.0,-5.0700247099e-09,1.2655277463e-09,1.3694249758e-08,3.843539951e-08,0.0,0.0,-2.100090644e-08,0.0,0.0,0.0,0.0,-9.4890211856e-09,0.22818855119,0.011657739435,0.013812007295,0.025278433573
e625,ok,,31.045401376,2754344862.2,947125.71142,3324472.3925,113961034.73,5653666.1364,219623075.08,0.0,0.0,0.0,-3.7455963856e-09,1.1695668481e-09,8.2141256434e-09,2.7917374757e-08,0.0,0.0,-4.712271463e-08,0.0,0.0,0.0,0.0,-5.9427780611e-09,0.22892712453,0.013500408704,0.044631134618,0.026441263428
e636,ok,,30.73849516,2727116173.9,685179.31378,2633150.4219,113085427.24,4216732.3466,213587044.53,0.0,0.0,0.0,-5.4407061714e-09,1.259361701e-09,1.1687390957e-08,4.4502910821e-08,0.0,0.0,-2.2244308282e-08,0.0,0.0,0.0,0.0,-8.2909450049e-09,0.22802095119,0.014988943592,0.015241339884,0.030492473897
e637,ok,,30.781533292,2730934512.6,709049.81909,2762858.187,113105974.12,4419362.3989,214236740.44,0.0,0.0,0.0,-5.9155908222e-09,1.2561631454e-09,1.0046053726e-08,5.1221404652e-08,0.0,0.0,-2.3994902743e-08,0.0,0.0,0.0,0.0,-7.3719661989e-09,0.22753524996,0.018750523801,0.017013581449,0.036318527702
e638,ok,,30.848120443,2736842117.9,738999.92489,2924472.9803,113180813.68,4675244.3724,215322599.52,0.0,0.0,0.0,-7.285961428e-09,1.3215195038e-09,1.0403076892e-08,6.3373377254e-08,0.0,0.0,-2.5269468924e-08,0.0,0.0,0.0,0.0,-7.7729066225e-09,0.22715662478,0.025843659604,0.018674135637,0.046832921031
e642,ok,,30.751037539,2728228932.5,1248339.5122,4393292.6161,112256741.19,7572629.1138,212276367.05,0.0,0.0,0.0,-3.0939507259e-09,1.1136110841e-09,5.316261486e-11,2.7457902013e-08,0.0,0.0,-8.6244016764e-08,0.0,0.0,0.0,0.0,-1.9274639612e-09,0.22675484518,0.020124081392,0.10766181382,0.034276784004
e639,ok,,30.887252011,2740313866.6,762032.8102,3077730.789,113149259.82,4899627.9545,215824714.52,0.0,0.0,0.0,-7.560370708e-09,1.3081710984e-09,8.666472989e-09,6.872144507e-08,0.0,0.0,-2.8120843799e-08,0.0,0.0,0.0,0.0,-6.8703736459e-09,0.22708067094,0.029433119156,0.021429005626,0.052367995908
e655,ok,,30.865217408,2738358958.9,1597749.0995,5823279.3127,111849959.19,9991404.9939,213137165.35,0.0,0.0,0.0,-2.9389095919e-09,1.0506218769e-09,-1.9507804717e-09,2.8249704977e-08,0.0,0.0,-5.0740984002e-08,0.0,0.0,0.0,0.0,-2.6843049319e-10,0.22224489985,0.028767992758,0.081071361496,0.045135940688
e66,ok,,30.198659812,2679222036.5,523079.49191,2215881.0338,111581444.5,3285150.0561,203436434.26,0.0,0.0,0.0,-8.1556179104e-09,1.0161156356e-09,-9.410509935e-09,8.4819706766e-08,0.0,0.0,-1.1009987462e-07,0.0,0.0,0.0,0.0,3.1194793365e-09,0.22369577092,0.02908795875,0.057590986473,0.044367449119
e656,ok,,30.790149143,2731698910.0,1409995.2215,5296266.0212,111737764.42,8912518.4949,211877397.78,0.0,0.0,0.0,-3.96146519e-09,1.0731805096e-09,-2.5456644956e-09,3.8904643053e-08,0.0,0.0,-6.3634318421e-08,0.0,0.0,0.0,0.0,-6.6654585731e-10,0.2223881021,0.033986764641,0.089724084894,0.054855360797
e657,ok,,30.760426379,2729061909.4,1341687.2845,4975032.221,111867259.31,8386690.144,211713744.77,0.0,0.0,0.0,-4.0556209649e-09,1.065916528e-09,-3.7193947889e-09,3.9787528514e-08,0.0,0.0,-7.6502602222e-08,0.0,0.0,0.0,0.0,-2.8849607631e-10,0.22359032383,0.033472457539,0.10264256863,0.053382421088
e662,ok,,30.799153349,2732497762.3,1294316.0568,4597883.7408,112309729.75,7895566.8936,213084836.37,0.0,0.0,0.0,-3.7837078902e-09,1.0522644739e-09,-5.4871431596e-09,3.6102197422e-08,0.0,0.0,-1.0007668966e-07,0.0,0.0,0.0,0.0,4.1796932324e-10,0.22687977933,0.03062359214,0.12953086634,0.046727653808
e664,ok,,30.900213171,2741463779.5,1560538.0687,5316323.1128,112373516.77,9415293.3192,214613237.65,0.0,0.0,0.0,-2.2199888605e-09,1.0676476576e-09,-2.0055299403e-09,1.9480773807e-08,0.0,0.0,-8.3682183869e-08,0.0,0.0,0.0,0.0,-3.9058823696e-10,0.22737597371,0.020065954332,0.1305892336,0.030400489134
e664ex,ok,,30.506751708,2706555918.3,852138.90936,3938384.4684,111484758.58,5801602.3757,207535234.39,0.0,0.0,0.0,-3.1900665656e-09,1.2233528195e-09,9.4689182712e-09,4.4705542423e-08,0.0,0.0,-5.2300222196e-08,0.0,0.0,0.0,0.0,-7.6647433747e-09,0.22393129847,0.0085672315875,0.044567054302,0.038095332163
e668,ok,,30.567901493,2711981121.0,1088039.1242,4007461.986,111867576.67,6642315.5763,209040835.29,0.0,0.0,0.0,-4.3227416144e-09,1.0587132682e-09,-5.6195457774e-09,4.1925477995e-08,0.0,0.0,-1.0203563464e-07,0.0,0.0,0.0,0.0,5.6059042801e-10,0.22467590818,0.029550044507,0.11101876255,0.045616560357
e67,ok,,30.438247269,2700478211.4,704455.50617,2760272.2423,112105500.51,4339198.368,207657379.46,0.0,0.0,0.0,-5.633602397e-09,1.0364039569e-09,-6.7855225452e-09,5.7835905384e-08,0.0,0.0,-8.8469772363e-08,0.0,0.0,0.0,0.0,2.062355539e-09,0.22566835884,0.026466982653,0.062323018271,0.040742822002
e678,ok,,30.949558122,2745841658.5,1252236.1095,4586140.2331,112648801.3,7842348.9892,215837751.02,0.0,0.0,0.0,-4.6074465358e-09,9.9642805959e-10,-8.1096039019e-09,4.6513807468e-08,0.0,0.0,-9.0317489903e-08,0.0,0.0,0.0,0.0,1.6702081623e-09,0.22805429696,0.039127307238,0.11309882218,0.058246269302
e68,ok,,30.651331459,2719383019.2,910753.09212,3380710.3344,112528890.97,5559168.4779,211390611.2,0.0,0.0,0.0,-4.0262735622e-09,1.0454504359e-09,-4.8177561924e-09,4.1040545919e-08,0.0,0.0,-7.3678243155e-08,0.0,0.0,0.0,0.0,1.2725403335e-09,0.2270080715,0.023989881647,0.067102687775,0.037377804098
e682,ok,,30.753922172,2728484856.8,1350659.5463,4646895.1536,112180921.63,8109950.2351,212202684.71,0.0,0.0,0.0,-2.8161260528e-09,1.0964074007e-09,-1.8470971326e-09,2.538624613e-08,0.0,0.0,-1.0350033483e-07,0.0,0.0,0.0,0.0,-1.0837654457e-09,0.22738952102,0.020841725276,0.13979371529,0.034288175681
e715,ok,,30.024646962,2663783634.2,952009.19684,4156867.5518,110037363.15,6150709.2261,198352542.68,0.0,0.0,0.0,-3.2607607852e-09,1.1019984134e-09,1.7342816213e-09,3.4392882731e-08,0.0,0.0,3.8235145392e-09,0.0,0.0,0.0,0.0,-1.176506154e-09,0.2138920482,0.018509194611,-0.0036400210056,0.032742340666
e694,ok,,30.941659951,2745140933.6,1388847.6487,4881928.3104,112562369.42,8511385.7833,215583290.29,0.0,0.0,0.0,-3.9437884241e-09,9.950867781e-10,-9.2935775557e-09,3.9517808946e-08,0.0,0.0,-1.0700035786e-07,0.0,0.0,0.0,0.0,1.9832772044e-09,0.22881242016,0.037440669101,0.14860719543,0.054884216037
e748,ok,,31.133220383,2762136155.7,1637450.0458,6704578.992,111953761.65,10955941.627,217087584.62,0.0,0.0,0.0,-2.8566762406e-09,9.6931903883e-10,-1.2885718462e-09,2.9385915671e-08,0.0,0.0,9.3146105062e-09,0.0,0.0,0.0,0.0,1.1157202586e-09,0.21797456571,0.033967394301,-0.0152522094,0.048117968961
e793,ok,,30.770636947,2729967790.0,1110333.6779,4578310.8499,112223924.14,7184159.8359,212518370.93,0.0,0.0,0.0,-4.1368163951e-09,1.0284422396e-09,-4.4852800023e-11,4.1750289871e-08,0.0,0.0,8.1681443423e-09,0.0,0.0,0.0,0.0,2.3882462146e-10,0.22007060791,0.030097228976,-0.0090693657494,0.046356752907
e836,ok,,30.337282552,2691520632.0,852852.21109,2975011.1499,111770755.0,4986895.2743,205643415.67,0.0,0.0,0.0,1.8495602569e-16,1.1057887027e-09,-2.776933249e-16,6.261480302e-16,0.0,0.0,-1.3255096991e-07,0.0,0.0,0.0,0.0,4.6295931501e-16,0.22739816583,-3.9735544944e-10,0.11304638777,5.3401173202e-10
e837,ok,,30.583973674,2713407043.3,1288734.3421,4627499.2509,111705888.59,7839525.3028,208926406.97,0.0,0.0,0.0,1.4966340037e-19,1.0747562754e-09,-1.2231101811e-16,-6.9561105421e-16,0.0,0.0,-5.312396269e-08,0.0,0.0,0.0,0.0,-2.4355909501e-17,0.22454496699,-4.4047629553e-11,0.068462675107,-8.964578543e-10
e838,ok,,30.870263423,2738806640.8,1674624.066,5865833.9531,111883568.17,10334951.66,213230970.9,0.0,0.0,0.0,-1.6176041471e-14,1.0621217871e-09,-2.8507158032e-14,2.6738506115e-13,0.0,0.0,-5.3206089284e-08,0.0,0.0,0.0,0.0,-8.7380226022e-17,0.22647725988,1.6697408174e-07,0.089100197571,4.4776945829e-07
e850,ok,,29.762700382,2640543760.1,304459.0519,1176416.0149,110795810.68,1751781.1124,196144669.16,0.0,0.0,0.0,-4.0870544543e-09,1.0849941394e-09,-1.7653095146e-08,4.4080861603e-08,0.0,0.0,-3.4884098983e-07,0.0,0.0,0.0,0.0,9.2822669005e-09,0.22579431864,0.010834044436,0.10620779703,0.013420817331
e854,ok,,30.570095082,2712175736.0,832452.47092,3260399.9693,112233619.96,5214542.5803,209695183.66,0.0,0.0,0.0,-4.2294202211e-09,1.0490714377e-09,-4.1818875246e-09,4.2985045618e-08,0.0,0.0,-5.1767823586e-08,0.0,0.0,0.0,0.0,1.5000235006e-09,0.22690861414,0.023830851899,0.043094252658,0.035783007437
e853,ok,,30.09293245,2669841915.7,630695.04141,2541135.9504,111114835.57,3889669.4319,201154772.3,0.0,0.0,0.0,-4.8098145477e-09,1.0535756866e-09,-7.6257406463e-09,5.0201154049e-08,0.0,0.0,-1.0076361478e-07,0.0,0.0,0.0,0.0,3.041293679e-09,0.22334689745,0.021353746731,0.063551112198,0.031661618932
e851,ok,,29.882840483,2651202577.7,396039.50313,1542432.7389,110985767.41,2330532.2066,198087628.02,0.0,0.0,0.0,-5.0380865316e-09,1.0601181324e-09,-1.4858471111e-08,5.3116790489e-08,0.0,0.0,-2.5928409894e-07,0.0,0.0,0.0,0.0,6.6407637467e-09,0.22539066777,0.01523337778,0.10268674571,0.021036347313
e852,ok,,29.959115317,2657969673.3,489331.52534,1945720.1499,111009823.48,2950527.5049,199162394.95,0.0,0.0,0.0,-5.4382062528e-09,1.0537025642e-09,-1.1475981923e-08,5.6493210074e-08,0.0,0.0,-1.7977792091e-07,0.0,0.0,0.0,0.0,4.5559865507e-09,0.22437888189,0.019065302129,0.08797100426,0.027643908657
e857,ok,,31.879124112,2828312658.9,1917677.2494,7060144.4616,114317984.25,12667837.227,232481285.62,0.0,0.0,0.0,-2.8352881949e-09,9.8681880645e-10,1.8910468891e-11,2.8452152236e-08,0.0,0.0,-4.4154003543e-09,0.0,0.0,0.0,0.0,-1.6766232535e-10,0.22801582594,0.035432851241,0.0084673128064,0.054562045039
e856,ok,,31.471112257,2792113888.4,1529688.2484,5725723.8974,113744730.09,9948556.4078,225355478.0,0.0,0.0,0.0,-3.172957888e-09,1.0124569631e-09,-8.2725796137e-10,3.2020287122e-08,0.0,0.0,-1.2579937074e-08,0.0,0.0,0.0,0.0,1.027795689e-10,0.22889361118,0.031800430938,0.019243381908,0.04898105692
e855,ok,,31.040287373,2753891148.5,1147132.2468,4372842.727,113115544.28,7326928.8476,217945421.7,0.0,0.0,0.0,-3.6739822868e-09,1.0320212211e-09,-2.1980379139e-09,3.7134130108e-08,0.0,0.0,-2.6629989225e-08,0.0,0.0,0.0,0.0,6.3833987786e-10,0.22866426856,0.027989119367,0.030548119371,0.042597758103
e858,ok,,32.27685686,2863599467.9,2368316.8687,8598583.7886,114744650.51,15860571.804,239299068.15,0.0,0.0,0.0,-2.4391153861e-09,9.5953375204e-10,7.8651484083e-10,2.405117099e-08,0.0,0.0,1.6078763284e-09,0.0,0.0,0.0,0.0,-4.0173568385e-10,0.22588649328,0.037248090392,-0.0038079606313,0.056960793966
e864,ok,,34.866469105,3093349603.7,7162118.2159,21878620.304,115725579.67,50819510.909,282193216.41,0.0,0.0,0.0,-7.3185550502e-13,7.8777852528e-10,4.0834075796e-12,1.4258712038e-12,0.0,0.0,-5.2570983125e-09,0.0,0.0,0.0,0.0,-1.7792366224e-12,0.22230573498,1.7091668898e-05,0.037651959587,1.0212258123e-05
ea61009,ok,,28.805613433,2555631103.1,395520.92135,107759285.12,1616254.7684,2246454.0062,178786978.36,0.0,0.0,0.0,-1.6382279239e-18,1.1511033933e-09,-5.3801913321e-17,9.4113973662e-16,0.0,0.0,-1.3512814175e-07,0.0,0.0,0.0,0.0,-7.9577351429e-18,0.20580229746,1.1406346235e-15,0.053446007126,3.7224045575e-10
e908,ok,,30.308422443,2688960166.0,429943.70142,1593783.6875,112164311.64,2545423.7435,205942342.57,0.0,0.0,0.0,-6.2259865648e-09,1.037950204e-09,-2.0349825138e-08,6.8474699605e-08,0.0,0.0,-3.7377807552e-07,0.0,0.0,0.0,0.0,6.0861580848e-09,0.23356950311,0.019470930657,0.1607035293,0.029440265802
ea61012,ok,,30.051676943,2666181731.3,745713.91778,2820417.9279,111168622.18,4382991.8715,200717514.69,0.0,0.0,0.0,-1.3498622111e-18,1.0890058346e-09,-2.377486298e-16,5.0409262197e-16,0.0,0.0,-5.8000904812e-08,0.0,0.0,0.0,0.0,-6.1751344869e-18,0.21858254461,3.7519132315e-16,0.043252081962,3.7590888405e-10
e904,ok,,30.313134121,2689378185.6,461841.71556,1588789.1518,112268633.86,2620975.9356,206194926.17,0.0,0.0,0.0,-3.5263004267e-09,1.1312453153e-09,-6.6690777119e-09,3.4020356486e-08,0.0,0.0,-3.8869244315e-07,0.0,0.0,0.0,0.0,2.9719059726e-10,0.23382326458,0.0094244861679,0.17951438477,0.015712019803
e874,ok,,30.088409224,2669440615.6,273439.93979,1110138.1997,111984430.27,1601024.5834,202642062.84,0.0,0.0,0.0,-3.8223898003e-09,1.1385295872e-09,1.1676276132e-09,3.9813960893e-08,0.0,0.0,-5.4914770845e-08,0.0,0.0,0.0,0.0,-1.5055460114e-09,0.22884558018,0.005568159559,0.015015891634,0.010886727069
ea81006,ok,,29.313675144,2600706286.5,180002.76322,702422.36068,109781478.92,982390.09519,188585992.11,0.0,0.0,0.0,-3.8439792369e-18,1.160269732e-09,-3.6228281208e-15,1.3012375839e-14,0.0,0.0,-5.197760907e-07,0.0,0.0,0.0,0.0,-1.7570499257e-17,0.21881061851,-6.2143367713e-16,0.093561132583,2.3422636071e-09
ebambino7,ok,,30.030309039,2664285973.0,184895.77824,732529.1085,112239111.02,1039140.8603,202325875.7,0.0,0.0,0.0,-2.4599493185e-08,1.1482513854e-09,-1.808576545e-08,1.6516455085e-07,0.0,0.0,-5.4846045329e-07,0.0,0.0,0.0,0.0,-5.9938314454e-11,0.23201096984,0.025547887957,0.10140802235,0.030538228167
eh0009,ok,,29.559794344,2622541957.0,388081.21765,1530551.6651,110113164.09,2230139.1606,192329080.04,0.0,0.0,0.0,-1.1034850531e-14,1.1334986813e-09,7.7219484273e-13,2.6262517744e-14,0.0,0.0,-8.6139992071e-08,0.0,0.0,0.0,0.0,-5.9092813679e-13,0.21800475859,-2.6268875024e-07,0.033429313011,1.0191989864e-08
eh1070,ok,,28.891381483,2563240435.8,220656.29009,961155.86901,108380326.54,1254789.6511,180925056.49,0.0,0.0,0.0,-5.7564069513e-09,1.2242581143e-09,7.1014897459e-09,4.4742276436e-08,0.0,0.0,-1.9479490984e-07,0.0,0.0,0.0,0.0,-7.5777774835e-09,0.21157588721,0.0052117815407,0.042982722134,0.0098726647285
eh1590,ok,,29.578836925,2624231412.9,387098.53871,1567884.4878,110102687.33,2260828.5346,192548496.64,0.0,0.0,0.0,-4.7480826253e-09,1.1980668912e-09,7.0243612612e-09,3.8082096557e-08,0.0,0.0,-8.4455090882e-08,0.0,0.0,0.0,0.0,-6.261433111e-09,0.21769724046,0.0076544251845,0.032692442268,0.014741523928
eh1090,ok,,29.555761708,2622184182.0,387088.95235,1545791.844,110057225.71,2240310.8968,192174096.12,0.0,0.0,0.0,-3.1960506856e-09,1.1628243957e-09,4.7595970683e-09,2.5378275387e-08,0.0,0.0,-8.5560660149e-08,0.0,0.0,0.0,0.0,-4.216476281e-09,0.21764270068,0.0051047077466,0.033119586299,0.0098236500321
eh2510,ok,,29.974257385,2659313076.0,485992.38028,1977723.8344,111117507.08,2925188.5215,199544916.49,0.0,0.0,0.0,-6.0907545777e-09,1.2501388173e-09,9.4551335813e-09,5.0442051631e-08,0.0,0.0,-5.7593576351e-08,0.0,0.0,0.0,0.0,-8.0227664979e-09,0.22079668876,0.012641995822,0.027990039259,0.024514452738
eh2010,ok,,29.876520635,2650641881.4,496669.58937,1978199.1712,110791385.49,2948879.3936,197666117.71,0.0,0.0,0.0,-4.855760595e-09,1.2040992009e-09,7.6037796963e-09,3.9583851305e-08,0.0,0.0,-5.8346594917e-08,0.0,0.0,0.0,0.0,-6.4031453921e-09,0.21980003089,0.010172448528,0.028978979339,0.019660095174
eh2012,ok,,30.280327201,2686467559.0,722910.24815,2749370.9382,111715631.7,4326132.5619,204766440.47,0.0,0.0,0.0,-3.294197264e-09,1.1471869022e-09,5.5699397866e-09,2.6985163085e-08,0.0,0.0,-3.5614779247e-08,0.0,0.0,0.0,0.0,-4.3339285996e-09,0.22217391781,0.010089186555,0.025746288903,0.019507850942
eh2070,ok,,28.920955222,2565864214.9,220337.49056,1019485.1736,108388887.44,1298823.5593,181280122.3,0.0,0.0,0.0,-1.1067172813e-08,1.3753213093e-09,1.3271166157e-08,8.9537613398e-08,0.0,0.0,-1.8255849691e-07,0.0,0.0,0.0,0.0,-1.4551409066e-08,0.21131097506,0.010384325414,0.040224481089,0.019728493046
eiffel371,ok,,31.20509979,2768513289.4,1127604.8041,3894674.2706,114054195.38,6784545.157,222102040.8,0.0,0.0,0.0,-9.9539077588e-09,1.272151121e-09,1.6925001305e-09,6.8151398351e-08,0.0,0.0,-5.0099740974e-08,0.0,0.0,0.0,0.0,-3.3531077505e-09,0.23210264735,0.062285830273,0.056492708606,0.076847844186
eiffel385,ok,,31.035209717,2753440659.3,848287.16921,3703207.3887,113421491.0,5627924.8491,218475447.62,0.0,0.0,0.0,-1.1826860381e-08,1.5965093938e-09,1.3746870978e-08,1.0564837666e-07,0.0,0.0,1.425202503e-08,0.0,0.0,0.0,0.0,-8.3035054947e-09,0.22726590332,0.056066170865,-0.012089809968,0.089620162372
eiffel428,ok,,30.232498843,2682224231.9,382642.31724,1869215.3637,111745043.3,2584856.8971,204184985.01,0.0,0.0,0.0,-1.5797170959e-08,1.46258716e-09,2.5061045999e-09,1.5584303061e-07,0.0,0.0,-1.484469977e-07,0.0,0.0,0.0,0.0,-8.6359941216e-09,0.22648431093,0.035795735545,0.056802103188,0.059632138358
eiffel430,ok,,30.99422689,2749804667.1,521580.31006,2266529.1587,113838292.18,3394949.2138,218634520.44,0.0,0.0,0.0,-1.5473313551e-08,1.6149854787e-09,1.0641975347e-08,1.3903875958e-07,0.0,0.0,-6.5539735265e-08,0.0,0.0,0.0,0.0,-1.0654420561e-08,0.2302544403,0.044261433197,0.034184235441,0.07251987933
falcon,ok,,31.660775478,2808940790.2,1001876.6105,3323937.7564,116167527.36,5991230.1373,232858044.82,0.0,0.0,0.0,-1.9688292596e-09,1.058028102e-09,2.9732574062e-09,1.5857571381e-08,0.0,0.0,-3.6302578454e-08,0.0,0.0,0.0,0.0,-2.1133574694e-09,0.24052499464,0.0087517156258,0.036370704252,0.015887329866
esa40,ok,,31.090667238,2758360845.0,582664.6147,2268256.0186,115089998.61,3476397.9188,222473439.11,0.0,0.0,0.0,-3.5212311729e-09,1.1698243533e-09,1.4122118211e-08,1.9235230234e-08,0.0,0.0,-5.8106557503e-09,0.0,0.0,0.0,0.0,-9.7671105362e-09,0.23335049044,0.0043230026623,0.0033856634939,0.011207688013
fauvel,ok,,30.617187506,2716353771.1,683779.99439,2553482.3429,112352219.1,5717102.0336,210574705.14,0.0,0.0,0.0,-2.9156461762e-09,1.1424840929e-09,2.0549493792e-08,3.972809516e-08,0.0,0.0,2.7391704247e-07,0.0,0.0,0.0,0.0,-6.1677010852e-09,0.21862124987,0.0089716419356,-0.18729899376,0.027165276686
fg1,ok,,30.855598786,2737505595.8,373629.80449,1412272.8792,114076851.62,2259985.6988,217104807.81,0.0,0.0,0.0,-1.5693756775e-08,1.3914919892e-09,3.3448979757e-09,1.266935481e-07,0.0,0.0,-2.0945502248e-07,0.0,0.0,0.0,0.0,-8.5723605612e-09,0.23597607994,0.030907731083,0.0782586391,0.047336485606
fg2,ok,,30.789727571,2731661508.2,335452.96007,1331389.7277,113820832.38,2076727.2832,215674881.67,0.0,0.0,0.0,-1.655259014e-08,1.4382909024e-09,7.7009748856e-09,1.3763205507e-07,0.0,0.0,-1.4878250445e-07,0.0,0.0,0.0,0.0,-9.8939964844e-09,0.23671811776,0.029523928195,0.049909531523,0.046169080275
fg3,ok,,31.032545873,2753204323.3,497257.6211,1748554.7059,114115069.39,3567765.9985,219743863.22,0.0,0.0,0.0,-1.1943202639e-08,1.3507629311e-09,1.447705119e-08,1.2160114069e-07,0.0,0.0,2.9411404103e-08,0.0,0.0,0.0,0.0,-6.4272865645e-09,0.23648182135,0.037207673512,-0.014625044837,0.060467093941
fg4,ok,,31.438320376,2789204596.1,852710.43264,2816903.7982,115061921.56,5866750.4445,227472653.1,0.0,0.0,0.0,-9.2713361114e-09,1.3138562763e-09,1.2248585938e-08,8.7420600358e-08,0.0,0.0,1.7587963704e-08,0.0,0.0,0.0,0.0,-5.3571418992e-09,0.23228000693,0.047140130318,-0.014997440139,0.074544457953
fx049915,ok,,31.120043144,2760967072.3,939896.17778,4105156.4803,112937546.06,6470018.4207,218664309.06,0.0,0.0,0.0,-6.6085138036e-09,1.2866107484e-09,7.1119834861e-09,6.777225349e-08,0.0,0.0,-1.4061765356e-08,0.0,0.0,0.0,0.0,-5.5566584938e-09,0.22900877465,0.034570063626,0.013216599511,0.063698882015
fx057816,ok,,30.390922398,2696279553.7,1247155.3301,5088800.4343,110078578.09,8136836.0876,203253811.68,0.0,0.0,0.0,-4.438146137e-09,1.1762229284e-09,7.8354686382e-10,4.3784108167e-08,0.0,0.0,-5.9302564125e-08,0.0,0.0,0.0,0.0,-2.8078490941e-09,0.21833212058,0.031141174713,0.073959508939,0.054605583875
fx2,ok,,31.392307603,2785122347.6,2280998.0607,7642984.0751,112581806.38,14111535.453,222008271.62,0.0,0.0,0.0,-1.3687427625e-09,1.0191725655e-09,-4.5541712351e-09,1.4500943238e-08,0.0,0.0,-6.568389011e-08,0.0,0.0,0.0,0.0,1.3561976847e-09,0.23199172095,0.023764225608,0.14982482596,0.033076623405
fx601001,ok,,28.592785586,2536749038.1,419445.10122,2151618.3516,106840100.36,2643352.5622,174838431.34,0.0,0.0,0.0,-8.854717225e-09,1.0249868558e-09,-7.034085481e-09,8.6436208896e-08,0.0,0.0,-2.3158634139e-08,0.0,0.0,0.0,0.0,5.4092419973e-09,0.20130608678,0.026289979925,0.0097137756404,0.03625524439
fx60160,ok,,30.849862024,2736996630.8,1206070.296,4419295.3006,112542407.79,7507161.2255,214174278.72,0.0,0.0,0.0,-2.8939727043e-09,1.0400978915e-09,-3.8197294186e-09,2.8886230144e-08,0.0,0.0,-6.0140861756e-08,0.0,0.0,0.0,0.0,1.0385392834e-09,0.22758055492,0.023501327856,0.07253410694,0.03483882414
fx6617a2,ok,,31.174626664,2765809716.7,1487387.0673,5734040.1502,112617492.37,9734786.5887,218881798.9,0.0,0.0,0.0,-2.9314912605e-09,1.0616949332e-09,-2.0990369323e-11,2.9314653568e-08,0.0,0.0,-2.6252854079e-08,0.0,0.0,0.0,0.0,-7.5344028429e-10,0.22766637869,0.026869117276,0.039048155636,0.0436022366
fx66h60,ok,,28.586503247,2536191669.6,142846.19057,741066.38297,108000011.83,838258.15662,176712865.19,0.0,0.0,0.0,-1.2446852513e-08,1.4902844209e-09,3.073594104e-08,8.1786081561e-08,0.0,0.0,-2.6499471655e-08,0.0,0.0,0.0,0.0,-3.0047823228e-08,0.2077833318,0.0052033828278,0.0037853485778,0.011682830192
fx6617ai,ok,,31.193986467,2767527316.4,1574511.2817,6056788.0798,112517508.39,10326612.629,218960089.24,0.0,0.0,0.0,-2.5476561024e-09,1.049307117e-09,-3.0678271052e-10,2.6286044283e-08,0.0,0.0,-2.4455153673e-08,0.0,0.0,0.0,0.0,-5.0807009999e-10,0.22682298096,0.025119324164,0.038504915354,0.041387673276
fx66196v,ok,,30.928691506,2743990374.4,1739153.7087,6666335.5273,111319260.15,11308993.918,212981456.97,0.0,0.0,0.0,-2.562552076e-09,1.0439320344e-09,-1.5555466618e-09,2.6266388575e-08,0.0,0.0,-3.3743483448e-08,0.0,0.0,0.0,0.0,-3.3349195534e-11,0.22213229507,0.028896113909,0.058685104383,0.045681287104
fx66s171,ok,,30.78326489,2731088139.8,1280716.474,5201855.2055,111693698.54,8401475.849,211660261.09,0.0,0.0,0.0,-3.4054434537e-09,1.0677635808e-09,3.803087665e-11,3.5181884098e-08,0.0,0.0,-1.6304144871e-08,0.0,0.0,0.0,0.0,-5.6173676615e-10,0.22259613388,0.027560866007,0.020880986931,0.045058018549
fx66s161,ok,,30.617857895,2716413247.9,1133146.2231,4685184.2904,111461245.79,7417211.9975,208943502.42,0.0,0.0,0.0,-3.8800605909e-09,1.0804233614e-09,-4.6858914629e-11,4.0066985287e-08,0.0,0.0,-1.9519961502e-08,0.0,0.0,0.0,0.0,-6.2610147936e-10,0.22197749904,0.027749005052,0.02211897065,0.045401753047
fx66h80,ok,,29.072199046,2579282551.6,254703.98562,1287144.2587,108923485.04,1589784.2048,184164108.97,0.0,0.0,0.0,-1.0841246068e-08,1.4402837899e-09,1.875623217e-08,9.8307328638e-08,0.0,0.0,-7.6513913166e-09,0.0,0.0,0.0,0.0,-1.6843131185e-08,0.21159459945,0.011577764751,0.0019488398638,0.025039268419
fx66s196,ok,,30.970917085,2747736623.5,1791525.316,6760810.0341,111428821.49,11589702.016,213770254.29,0.0,0.0,0.0,-2.3796389325e-09,1.0449895152e-09,-1.5533696769e-09,2.4149858645e-08,0.0,0.0,-3.7421869162e-08,0.0,0.0,0.0,0.0,-8.0192299883e-11,0.22291468581,0.027372153139,0.067042225978,0.043265083142
fx67k150,ok,,30.413896773,2698317837.9,1142671.959,4555293.9489,110704216.57,7345463.5983,204780545.87,0.0,0.0,0.0,-4.7986946675e-09,1.1339178777e-09,-4.1793794723e-09,4.8598616112e-08,0.0,0.0,-1.077168877e-07,0.0,0.0,0.0,0.0,-1.2368723596e-09,0.2232564044,0.033223107731,0.12308506709,0.055532275877
fx67k170,ok,,30.80298639,2732837829.2,1502804.964,5740837.8521,111333863.22,9673524.8574,211289895.47,0.0,0.0,0.0,-3.8209124921e-09,1.103282375e-09,-2.9707916233e-09,3.852740922e-08,0.0,0.0,-8.0202542044e-08,0.0,0.0,0.0,0.0,-1.0979296648e-09,0.22451043028,0.034581288912,0.12052877831,0.057899181827
fx69h083,ok,,30.120332546,2672272849.4,362075.4867,1437234.8039,111895452.77,2164518.5313,202899278.81,0.0,0.0,0.0,-8.6400139993e-09,1.2503351697e-09,1.7700243944e-09,7.8140669192e-08,0.0,0.0,-2.6738337606e-07,0.0,0.0,0.0,0.0,-6.6212654772e-09,0.22851493216,0.015429632388,0.096812966023,0.028292820829
fx69h098,ok,,30.79067266,2731745356.4,519519.22013,1834132.1557,113940426.18,3012296.5667,215927156.56,0.0,0.0,0.0,-4.7204861091e-09,1.1444322235e-09,4.6410999641e-09,3.7545851348e-08,0.0,0.0,-9.4384815132e-08,0.0,0.0,0.0,0.0,-4.1624079e-09,0.23429442884,0.011283624492,0.049034725549,0.019505791411
fx71089a,ok,,30.125080855,2672694119.0,406322.57879,1579884.3527,112081240.49,2330056.1107,203329413.02,0.0,0.0,0.0,6.5745335616e-18,1.0824018373e-09,1.5288954327e-15,1.1961309162e-16,0.0,0.0,3.0723452375e-08,0.0,0.0,0.0,0.0,-6.1871149788e-18,0.22008413022,-1.8491836463e-11,-0.012483632398,4.8601499842e-11
fx71120,ok,,30.811813962,2733621010.6,764480.89537,2784500.5218,113681770.53,4500370.9002,215783991.52,0.0,0.0,0.0,1.1066242328e-18,1.0391232447e-09,-1.6397262753e-15,1.4132054366e-15,0.0,0.0,1.4854147778e-08,0.0,0.0,0.0,0.0,6.6958004302e-17,0.22422616143,6.258716237e-11,-0.011355712193,1.0803685575e-09
fx711520,ok,,30.023954521,2663722200.8,1057316.786,4248513.5328,110447266.68,6476468.4209,199122197.11,0.0,0.0,0.0,9.3747949298e-19,1.0677786802e-09,-6.025241464e-15,-8.6497018741e-15,0.0,0.0,-2.7541057946e-08,0.0,0.0,0.0,0.0,1.0071967069e-17,0.21261843683,7.7977094343e-12,0.029119622871,-9.1454749855e-09
fx711525,ok,,30.293619528,2687646852.9,1080776.4762,4147506.4152,111205554.33,6616613.9023,204049862.33,0.0,0.0,0.0,7.9247390423e-18,1.0626925139e-09,-6.3247554934e-16,-5.5232098724e-16,0.0,0.0,-2.8833105339e-08,0.0,0.0,0.0,0.0,-1.2032089384e-16,0.21684226116,-2.2506672703e-10,0.031162141986,-5.9693553033e-10
fx711530,ok,,30.338552185,2691633273.7,1073405.0561,4116824.929,111336843.27,6587117.2625,204885971.85,0.0,0.0,0.0,6.2119673318e-20,1.0615090109e-09,9.4495470177e-16,9.4035283259e-16,0.0,0.0,-2.3946389003e-08,0.0,0.0,0.0,0.0,2.8573460806e-19,0.21748830532,1.5981901103e-16,0.025704175032,1.0093794851e-09
fx71l150,ok,,30.338552185,2691633273.7,1073405.0561,4116824.929,111336843.27,6587117.2625,204885971.85,0.0,0.0,0.0,6.2119673318e-20,1.0615090109e-09,9.4495470177e-16,9.4035283259e-16,0.0,0.0,-2.3946389003e-08,0.0,0.0,0.0,0.0,2.8573460806e-19,0.21748830532,1.5981901103e-16,0.025704175032,1.0093794851e-09
fx73170a,ok,,31.156255492,2764179828.2,1527320.8363,5807809.4331,112461518.87,9960324.4648,218362864.85,0.0,0.0,0.0,-4.0672697089e-09,1.0856433002e-09,-3.7201609167e-09,4.2060625898e-08,0.0,0.0,-8.0160180205e-08,0.0,0.0,0.0,0.0,-9.4796254421e-10,0.22865619725,0.038355934127,0.12243031347,0.064240070322
fx73cl3152,ok,,30.863062029,2738167733.8,924257.82962,5605346.7672,111336609.92,7367960.7967,212333670.35,0.0,0.0,0.0,-7.7437791122e-09,9.8382833181e-10,1.7392690609e-09,1.0251198408e-07,0.0,0.0,2.2191748338e-08,0.0,0.0,0.0,0.0,2.3731131729e-10,0.21177421728,0.057426330117,-0.020510897154,0.094747503913
fx73cl1152,ok,,30.713253448,2724876731.7,926977.91215,4905641.4696,111611016.97,6757406.2678,210664357.94,0.0,0.0,0.0,-6.4271572977e-09,1.0937030609e-09,6.1712382692e-09,7.6239701488e-08,0.0,0.0,5.4598347317e-08,0.0,0.0,0.0,0.0,-2.0091040152e-09,0.21197838316,0.040560749387,-0.050611462003,0.070672519308
fx75193,ok,,31.070049039,2756531600.4,1902515.1589,6903929.1847,111843492.35,12047713.487,215987664.21,0.0,0.0,0.0,-2.104585494e-09,1.023424476e-09,-3.6905690181e-09,2.1466229628e-08,0.0,0.0,-5.7539699118e-08,0.0,0.0,0.0,0.0,7.7133404345e-10,0.22525102592,0.027451169245,0.10947014981,0.04083982727
fx74080,ok,,29.698080166,2634810661.1,327643.16364,1633251.8158,110231956.47,2195881.8088,194373559.37,0.0,0.0,0.0,-1.3595328145e-08,1.1146222158e-09,-2.8956199512e-08,1.529806931e-07,0.0,0.0,-5.408960833e-07,0.0,0.0,0.0,0.0,1.3083116632e-09,0.22424311899,0.030498215913,0.17722090393,0.050123078265
fx75141,ok,,30.277915097,2686253557.4,1008720.5236,3981841.7223,111304115.87,6226142.1056,204073695.97,0.0,0.0,0.0,-3.6695244525e-09,1.0372493698e-09,-5.1254736314e-09,3.7243266897e-08,0.0,0.0,-6.9563365719e-08,0.0,0.0,0.0,0.0,1.6419632395e-09,0.21930809199,0.025091693682,0.070169994692,0.037568047686
fx75vg166,ok,,30.828662584,2735115818.6,1489889.8474,5304966.0633,112071167.02,9138327.7853,213012545.31,0.0,0.0,0.0,-1.9552615779e-09,1.0783701561e-09,-9.9768700445e-10,1.7668375802e-08,0.0,0.0,-8.3136884722e-08,0.0,0.0,0.0,0.0,-8.0908613198e-10,0.22661381229,0.016193232922,0.12386480049,0.026323933729
fx76100,ok,,30.458552727,2702279709.6,527582.06959,1914575.1454,112940211.72,3036156.907,209435288.52,0.0,0.0,0.0,6.290731841e-18,1.087302632e-09,8.5238080609e-16,-5.9648646051e-15,0.0,0.0,-4.6351577099e-08,0.0,0.0,0.0,0.0,1.0822984167e-16,0.22771954043,5.5729625423e-11,0.024454260975,-3.1469556132e-09
fx76120,ok,,30.809959027,2733456440.9,779691.61425,2749632.8088,113707935.47,4551601.3393,215791734.24,0.0,0.0,0.0,5.5906963012e-18,1.0597882373e-09,-7.5573825049e-15,-2.0956389368e-15,0.0,0.0,-2.7134527236e-08,0.0,0.0,0.0,0.0,7.9463103456e-17,0.22869354164,5.726825833e-11,0.021156563342,-1.6339521055e-09
fx77080,ok,,30.023719763,2663701373.1,325066.69949,1244516.1429,111932297.62,1838295.4332,201684517.95,0.0,0.0,0.0,9.741033742e-18,1.111206385e-09,1.0021051645e-14,1.2300140276e-14,0.0,0.0,-5.8941500688e-08,0.0,0.0,0.0,0.0,1.3087389193e-16,0.2241131241,3.6011330745e-11,0.019159919091,3.9983660029e-09
fx77w121,ok,,30.630636651,2717546977.9,622732.58526,2857346.4683,112396209.24,4215909.6897,210791046.22,0.0,0.0,0.0,-8.0067510246e-09,1.3456406841e-09,1.1052198817e-08,8.285190683e-08,0.0,0.0,2.6113358938e-09,0.0,0.0,0.0,0.0,-8.0734759277e-09,0.22586721057,0.026098777078,-0.0016261639521,0.051594582134
fx77w270,ok,,33.706043885,2990396795.9,3658187.1268,11405963.088,118114122.92,24300322.223,268715294.04,0.0,0.0,0.0,-1.3057745027e-09,9.2651761611e-10,2.037533445e-09,1.0704019617e-08,0.0,0.0,-8.5245043174e-09,0.0,0.0,0.0,0.0,-1.1947073042e-09,0.23855179856,0.024828189948,0.031184231956,0.039157306769
fx77w270s,ok,,33.379970042,2961467557.5,3638813.257,11560448.931,116933860.8,24269192.994,260912240.43,0.0,0.0,0.0,-1.3022704041e-09,9.3139818314e-10,1.889469486e-09,1.0617412473e-08,0.0,0.0,-8.3870539305e-09,0.0,0.0,0.0,0.0,-1.1402098472e-09,0.23340549123,0.025167529342,0.03051892303,0.038634781263
fx77w153,ok,,31.320974787,2778793707.4,1057590.2568,4196955.6106,113996651.26,6904186.2016,223639709.6,0.0,0.0,0.0,-4.720514822e-09,1.1833039234e-09,8.1644981559e-09,4.5282212212e-08,0.0,0.0,1.2400505122e-08,0.0,0.0,0.0,0.0,-4.9970146732e-09,0.22788651267,0.024759603842,-0.013114653396,0.047890026442
fx77w343,ok,,34.665512746,3075520775.9,5709120.3339,17558282.624,117247497.08,39936747.593,282389352.95,0.0,0.0,0.0,-8.7016362403e-10,8.4782337055e-10,1.4698252119e-09,7.1487893037e-09,0.0,0.0,-6.0340097838e-09,0.0,0.0,0.0,0.0,-8.0749419238e-10,0.23120157389,0.027328706365,0.034448887952,0.040813298376
fx78k140,ok,,30.675244122,2721504548.2,1041343.6993,4132111.5275,111835654.56,6726467.6013,210423285.43,0.0,0.0,0.0,-4.647043086e-09,1.165269257e-09,-2.6420622817e-09,4.9410556018e-08,0.0,0.0,-1.2591788759e-07,0.0,0.0,0.0,0.0,-2.5290211297e-09,0.22849195216,0.027379409049,0.13112379887,0.051453371188
fx78k140a20,ok,,30.661636936,2720297320.0,1040831.8166,4071005.0778,111841332.42,6660715.4684,210236206.92,0.0,0.0,0.0,-4.6671697622e-09,1.1462851114e-09,-3.3905411048e-09,4.8041470329e-08,0.0,0.0,-1.2416358684e-07,0.0,0.0,0.0,0.0,-1.9307964081e-09,0.22833065243,0.028155056614,0.12923341164,0.050003090835
fx78k150,ok,,30.727047413,2726100530.9,1187275.1496,4598057.579,111762576.54,7622898.424,210997555.18,0.0,0.0,0.0,-3.8250157951e-09,1.1128188709e-09,-3.8088931929e-09,4.1539237288e-08,0.0,0.0,-1.1029356899e-07,0.0,0.0,0.0,0.0,-1.1444731788e-09,0.22774248511,0.02717298113,0.13094881363,0.049318504167
fx79k144,ok,,30.782580641,2731027433.3,1141016.9193,4042268.3903,112587090.22,6933039.1283,213320327.74,0.0,0.0,0.0,-2.8587121356e-09,1.0903137258e-09,-2.5350465162e-09,2.8148702627e-08,0.0,0.0,-1.1219311957e-07,0.0,0.0,0.0,0.0,-7.4923779926e-10,0.22941188024,0.018628403779,0.12801424766,0.032118145954
fx78k161,ok,,30.808889634,2733361564.5,1366088.8273,5033407.5626,111974980.01,8536937.7539,212537740.46,0.0,0.0,0.0,-2.2967166858e-09,1.1086165959e-09,6.9377669677e-10,2.291388405e-08,0.0,0.0,-8.1049553107e-08,0.0,0.0,0.0,0.0,-2.1212266541e-09,0.22670273563,0.01550691728,0.11072088896,0.031302400991
fx78pk188,ok,,31.092856618,2758555086.5,1891955.9346,6470867.6864,112297957.04,11657927.374,217168261.83,0.0,0.0,0.0,-1.4400534819e-09,1.0543430054e-09,-1.8596569222e-09,1.4268577861e-08,0.0,0.0,-7.1668112449e-08,0.0,0.0,0.0,0.0,-7.0547927947e-11,0.2287124685,0.01659994789,0.13559291067,0.026995520562
fx79l120,ok,,30.240326963,2682918741.9,685820.44117,2647854.9946,111979734.1,4100717.6545,204721951.1,0.0,0.0,0.0,-1.5362858637e-17,1.0856170825e-09,-2.0402607936e-15,1.1623008977e-15,0.0,0.0,-3.0666721553e-08,0.0,0.0,0.0,0.0,1.155703075e-16,0.22224964727,1.6832756524e-10,0.021031864505,7.9712971445e-10
fx79l100,ok,,29.800105422,2643862331.5,464857.67677,1861307.76,111068748.02,2731157.2012,197227408.42,0.0,0.0,0.0,1.8877973915e-18,1.1129480838e-09,4.9314634343e-16,2.2724895963e-15,0.0,0.0,-6.0773529973e-08,0.0,0.0,0.0,0.0,4.7070846822e-17,0.21950386628,2.3063080759e-11,0.028251041952,1.0563842342e-09
fx79w151a,ok,,31.06424808,2756016939.9,1195506.1439,4482046.8733,113211327.03,7555160.1626,218483144.99,0.0,0.0,0.0,-3.5309269358e-09,1.0955217618e-09,7.1751666574e-10,3.7127449676e-08,0.0,0.0,-4.5408995957e-08,0.0,0.0,0.0,0.0,-1.7857553892e-09,0.22889978172,0.023592927866,0.054286733654,0.044386094194
fx83w108,ok,,30.470618493,2703350183.2,587956.94636,2544183.8356,112398139.53,3785975.9499,208641935.84,0.0,0.0,0.0,-6.8991679087e-09,1.0047914608e-09,-8.3720522828e-09,7.8311518401e-08,0.0,0.0,-9.1751397271e-08,0.0,0.0,0.0,0.0,2.9514994487e-09,0.22569989023,0.028645766832,0.053945871364,0.046043801224
fx79w660a,ok,,41.834533739,3711555591.5,27564069.207,60881076.258,118674752.49,214333321.13,419620008.15,0.0,0.0,0.0,-8.3958905341e-11,6.2053736907e-10,1.9880166441e-10,5.1745860596e-10,0.0,0.0,-8.8007407246e-09,0.0,0.0,0.0,0.0,-9.288361142e-11,0.25947721921,0.012839924059,0.24258422641,0.014263264827
fx83w160,ok,,31.251816311,2772657974.3,1374988.8334,4918828.9502,113808822.73,8532063.5909,222315939.03,0.0,0.0,0.0,-2.4712509349e-09,9.8239874026e-10,-5.3467245089e-09,2.7275236019e-08,0.0,0.0,-4.4238484849e-08,0.0,0.0,0.0,0.0,2.2526225985e-09,0.22887814384,0.025493594844,0.060827422674,0.037503144955
fx83w227,ok,,32.207648057,2857459270.0,2837910.7262,9231341.8705,114876608.28,17905670.827,238574638.78,0.0,0.0,0.0,-1.3782274733e-09,9.666204116e-10,-6.8357749301e-10,1.3945788533e-08,0.0,0.0,-2.4955730152e-08,0.0,0.0,0.0,0.0,-1.904759596e-10,0.22948677557,0.023895700422,0.070822134278,0.039576902864
fx84w140,ok,,30.363671165,2693861827.1,1043949.7052,4092151.3297,110984613.38,6561829.0962,204616021.19,0.0,0.0,0.0,-4.5410846177e-09,1.0889055221e-09,-2.8317785238e-09,4.6823255971e-08,0.0,0.0,-7.3269498632e-08,0.0,0.0,0.0,0.0,-5.9444342107e-10,0.21917962511,0.028943336176,0.076489671498,0.048881124268
fx84w097,ok,,29.322691539,2601506220.2,463801.29403,2007579.0204,108842371.68,2836064.9489,187081872.39,0.0,0.0,0.0,-7.1098730999e-09,1.1738196297e-09,-1.2253153292e-09,7.1089685363e-08,0.0,0.0,-1.1913667673e-07,0.0,0.0,0.0,0.0,-2.1960859964e-09,0.21130736211,0.018848730838,0.055255744834,0.032971488064
fx84w127,ok,,30.081939705,2668866640.5,842114.39576,3374971.2981,110484087.39,5244664.8184,199898628.26,0.0,0.0,0.0,-5.0604131451e-09,1.1113753256e-09,-2.4790051086e-09,5.171503851e-08,0.0,0.0,-8.2863079427e-08,0.0,0.0,0.0,0.0,-8.8300947304e-10,0.21747284108,0.025533597154,0.069780192063,0.043549978406
fx84w150,ok,,30.515635589,2707344095.4,1189976.5571,4570352.4838,111261264.3,7472263.1768,207204252.81,0.0,0.0,0.0,-4.1176248783e-09,1.0825430639e-09,-2.1425626272e-09,4.1745012868e-08,0.0,0.0,-6.3043398076e-08,0.0,0.0,0.0,0.0,-7.1897429431e-10,0.21971716532,0.029588461882,0.075020165789,0.049675586688
fx84w175,ok,,30.946037721,2745529328.9,1666982.3108,6139530.6439,111910291.82,10519942.503,214405799.52,0.0,0.0,0.0,-2.9129329269e-09,1.0356057529e-09,-1.9143317133e-09,3.0197862987e-08,0.0,0.0,-4.3958707363e-08,0.0,0.0,0.0,0.0,-2.5123353912e-10,0.220387587,0.030061631626,0.073278387582,0.050339303424
fxl142k,ok,,30.30443557,2688606451.1,919691.71683,3622981.8748,111583850.01,5647412.2788,204875495.96,0.0,0.0,0.0,-2.3033666897e-18,1.0714366467e-09,1.9293239396e-16,1.2112741654e-15,0.0,0.0,-2.2075746196e-09,0.0,0.0,0.0,0.0,5.1670067271e-17,0.21951111438,7.7061881358e-11,0.0020302880919,1.1139988167e-09
fx84w218,ok,,31.545377069,2798702655.0,2578042.729,8997258.509,112643460.34,16345485.773,224380540.4,0.0,0.0,0.0,-1.3762283518e-09,9.7560214589e-10,-4.6560204429e-10,1.4248044276e-08,0.0,0.0,-2.0147345684e-08,0.0,0.0,0.0,0.0,-1.9201966292e-10,0.21793459778,0.021811331253,0.05194071805,0.036732066947
fxlv152,ok,,30.32941834,2690822919.9,1113774.5669,4245871.0051,111296539.12,6812321.5269,204698108.41,0.0,0.0,0.0,1.0738994788e-18,1.0717612165e-09,-1.8140657369e-15,2.1061440939e-15,0.0,0.0,-3.0069360592e-08,0.0,0.0,0.0,0.0,1.2960650062e-17,0.21938749368,1.2054437376e-11,0.03349048907,2.345769726e-09
giiia,ok,,30.767953783,2729729739.9,690499.72421,2305105.1251,113640056.93,3948229.511,215054947.66,0.0,0.0,0.0,-1.2739417456e-09,1.0999418401e-09,3.642315005e-09,7.0976270883e-09,0.0,0.0,-1.2568045637e-07,0.0,0.0,0.0,0.0,-2.6327935496e-09,0.23367403692,0.0026010887591,0.086782320465,0.004900909547
geminism,ok,,31.501327028,2794794539.9,1269881.9903,4288336.7351,115068630.25,7718297.4443,228367667.28,0.0,0.0,0.0,-2.120386982e-09,1.0512459852e-09,2.1229126945e-10,2.0597103131e-08,0.0,0.0,-4.7483160014e-08,0.0,0.0,0.0,0.0,-8.9119286523e-10,0.23672807979,0.014738167057,0.060298009743,0.026155890318
giiib,ok,,30.548776307,2710284336.5,602621.13729,2068653.434,113011089.41,3454534.3178,210808554.75,0.0,0.0,0.0,-1.7512085825e-09,1.1154390767e-09,3.2883136452e-09,1.234552092e-08,0.0,0.0,-1.4512916261e-07,0.0,0.0,0.0,0.0,-2.7925181712e-09,0.23156052489,0.0038161416178,0.087457901025,0.0074396718571
giiic,ok,,30.327006625,2690608952.8,532742.00653,1881324.3945,112372404.4,3057865.1122,206573942.34,0.0,0.0,0.0,-2.2578149348e-09,1.1308085818e-09,3.0694994609e-09,1.7634783758e-08,0.0,0.0,-1.7207112877e-07,0.0,0.0,0.0,0.0,-3.0898910981e-09,0.22916759692,0.0047392397964,0.091669518409,0.0093947900838
fxs21158,ok,,29.955376004,2657637921.8,982971.59023,4415660.2868,109621666.95,6467674.2105,196726498.94,0.0,0.0,0.0,-4.1941781305e-09,1.0924497207e-09,2.5597122208e-10,4.188252535e-08,0.0,0.0,-4.7174878242e-09,0.0,0.0,0.0,0.0,-3.910503976e-10,0.21282554035,0.026588478094,0.0046371565085,0.041169332547
giiid,ok,,30.257371041,2684430890.9,505190.83771,1799476.7667,112180833.64,2900590.6252,205272439.24,0.0,0.0,0.0,-2.5033638912e-09,1.1365105994e-09,2.8950909307e-09,1.9995010168e-08,0.0,0.0,-1.870141023e-07,0.0,0.0,0.0,0.0,-3.1887788452e-09,0.22852108241,0.005148010949,0.094477811007,0.010101295937
giiie,ok,,30.059360837,2666863445.6,397350.12462,1446783.1963,111678033.97,2277974.7571,201673714.28,0.0,0.0,0.0,-3.8803799124e-09,1.1581499909e-09,1.4717286892e-09,3.1629483845e-08,0.0,0.0,-2.8628377103e-07,0.0,0.0,0.0,0.0,-3.5104951555e-09,0.22729522628,0.00702222285,0.11375489209,0.012567979347
giiif,ok,,29.959067412,2657965423.1,341296.00278,1256279.9166,111430381.83,1953470.0037,199881969.93,0.0,0.0,0.0,-5.0216972853e-09,1.17268938e-09,1.6021719169e-10,4.0180478889e-08,0.0,0.0,-3.8569968991e-07,0.0,0.0,0.0,0.0,-3.831900931e-09,0.22687264915,0.0081119380461,0.13163776244,0.013713436835
giiig,ok,,29.971116487,2659034415.8,345215.93233,1267528.9784,111470437.81,1975156.8817,200115720.24,0.0,0.0,0.0,-4.99731976e-09,1.1709017665e-09,3.472283672e-10,3.9650502176e-08,0.0,0.0,-3.7349889959e-07,0.0,0.0,0.0,0.0,-3.8158184295e-09,0.2267652484,0.0081618653875,0.12893777084,0.013687985076
giiih,ok,,29.992480206,2660929802.8,352652.65666,1289738.0636,111543430.36,2016151.0253,200534263.45,0.0,0.0,0.0,-4.9626547705e-09,1.1678199974e-09,7.2336723698e-10,3.8802447389e-08,0.0,0.0,-3.4880555544e-07,0.0,0.0,0.0,0.0,-3.8037653646e-09,0.22654199018,0.0082686100809,0.12300720578,0.013683786157
giiii,ok,,30.041842241,2665309197.5,367980.08623,1340894.29,111716408.68,2099624.3279,201510988.76,0.0,0.0,0.0,-5.0287656152e-09,1.1626895478e-09,1.7318466421e-09,3.8254591892e-08,0.0,0.0,-2.8736334643e-07,0.0,0.0,0.0,0.0,-3.9509816476e-09,0.22587209027,0.0086853833,0.105743989,0.014076928023
giiil,ok,,30.076688866,2668400786.6,376762.28774,1399240.6017,111868934.91,2153628.2273,202262734.78,0.0,0.0,0.0,-5.8288153868e-09,1.1708616991e-09,4.4987961632e-09,4.3599422251e-08,0.0,0.0,-1.8439222351e-07,0.0,0.0,0.0,0.0,-5.2398611264e-09,0.22348706643,0.010032405475,0.069472035969,0.016426618071
giiij,ok,,30.067505712,2667586058.1,375059.30357,1370723.4236,111812518.07,2138666.4135,202031739.12,0.0,0.0,0.0,-5.2091253627e-09,1.1618432752e-09,2.5757518785e-09,3.9260709167e-08,0.0,0.0,-2.4458812856e-07,0.0,0.0,0.0,0.0,-4.2339830801e-09,0.22518012159,0.0091023124122,0.09173505316,0.014725094238
giiik,ok,,30.080040529,2668698145.8,377722.45529,1392118.2556,111868595.87,2156075.6052,202304631.27,0.0,0.0,0.0,-5.5447424261e-09,1.1654288237e-09,3.6830678847e-09,4.1584378993e-08,0.0,0.0,-2.0461304953e-07,0.0,0.0,0.0,0.0,-4.7681864054e-09,0.22421446444,0.0096508623981,0.077286943451,0.015707353735
giiim,ok,,29.978117976,2659655587.3,367171.56642,1420198.1274,111598445.26,2116015.9817,200472257.14,0.0,0.0,0.0,-6.9267180412e-09,1.2011928113e-09,7.3802658126e-09,5.2389523511e-08,0.0,0.0,-1.2942910494e-07,0.0,0.0,0.0,0.0,-7.1197673499e-09,0.21983034855,0.01134778653,0.0475226872,0.019235943411
giiin,ok,,29.76975862,2641169966.3,357749.28552,1444554.8164,110997216.23,2074866.5495,196668021.06,0.0,0.0,0.0,-7.7608699153e-09,1.2332391446e-09,9.2815106516e-09,5.9959894302e-08,0.0,0.0,-1.0197125996e-07,0.0,0.0,0.0,0.0,-8.6002705412e-09,0.2152244283,0.012266164414,0.036480145395,0.021450609346
glennmartin2,ok,,31.480309672,2792929882.1,929448.9755,3312236.8781,114459599.89,6854108.9458,226953067.35,0.0,0.0,0.0,-9.1817935489e-09,1.3803849953e-09,1.402620608e-08,9.6372000087e-08,0.0,0.0,2.9925155352e-08,0.0,0.0,0.0,0.0,-5.6178565399e-09,0.23256394473,0.054060826338,-0.027813904984,0.089572856748
glennmartin3,ok,,31.501811486,2794837521.0,1192715.4973,3556198.6043,115301746.24,7556862.8584,228910068.97,0.0,0.0,0.0,-8.1822024501e-09,1.2313597429e-09,3.4936728639e-09,6.5485780734e-08,0.0,0.0,-4.680691424e-08,0.0,0.0,0.0,0.0,-3.3879152079e-09,0.23372717422,0.055885804431,0.055827331997,0.078105905537
glennmartin4,ok,,31.624907321,2805758570.9,1394983.9457,4303208.85,114977188.06,9221450.6837,230130641.21,0.0,0.0,0.0,-7.0638012427e-09,1.1376568082e-09,5.122142982e-10,6.1797705928e-08,0.0,0.0,-3.8704766885e-08,0.0,0.0,0.0,0.0,-1.830548735e-09,0.23429136015,0.061201755587,0.053992528427,0.086206807651
goe05k,ok,,28.629122369,2539972833.7,55578.651462,329675.14941,107940123.97,323924.9749,176974367.79,0.0,0.0,0.0,-3.3932217019e-08,1.2610668803e-09,-7.7154067746e-08,3.200315175e-07,0.0,0.0,-4.0634877199e-06,0.0,0.0,0.0,0.0,5.5869886622e-09,0.23404366145,0.011415094067,0.2258431677,0.017786920168
gm15sm,ok,,28.556445407,2533524941.1,154315.82218,1479172.568,108056310.66,1293245.3602,177303308.92,0.0,0.0,0.0,-2.4329555625e-08,8.6134498897e-10,-1.5584164199e-08,3.4476959484e-07,0.0,0.0,-1.5467601492e-07,0.0,0.0,0.0,0.0,9.0682259161e-09,0.20328694378,0.033852811325,0.023868956414,0.053203403491
goe06k,ok,,30.471575716,2703435107.9,295293.79279,1077310.854,112766431.43,1884878.4117,209275423.94,0.0,0.0,0.0,-1.1531610467e-08,1.1401192408e-09,-3.1720191458e-08,1.234620382e-07,0.0,0.0,-8.2665201221e-07,0.0,0.0,0.0,0.0,9.3140950397e-10,0.24283493917,0.022162072029,0.244105208,0.036457573525
goe07k,ok,,30.924129995,2743585677.7,645754.92681,2106746.6836,113560787.43,4499956.2673,217151384.79,0.0,0.0,0.0,-7.00268338e-09,1.0843372774e-09,-1.117287194e-08,8.2098756334e-08,0.0,0.0,-1.8709932222e-07,0.0,0.0,0.0,0.0,7.2323933706e-10,0.24041179419,0.032294549368,0.12082030913,0.053015676387
goe08k,ok,,31.36379876,2782593045.9,1260437.973,4031632.1552,113896735.68,8702530.2554,224169676.09,0.0,0.0,0.0,-4.8568795901e-09,1.0403270603e-09,-8.70986185e-09,5.6391419143e-08,0.0,0.0,-1.0906000581e-07,0.0,0.0,0.0,0.0,5.7784595181e-10,0.23867874136,0.043468534251,0.13746337266,0.071077886036
goe09k,ok,,26.744036105,2372728171.6,19768.633247,262626.71039,103914914.01,108548.56351,151161541.47,0.0,0.0,0.0,-5.8147530325e-08,1.3014493875e-09,-1.1555652335e-07,5.2051986956e-07,0.0,0.0,-1.0427123169e-05,0.0,0.0,0.0,0.0,2.2949593044e-08,0.21862422022,0.0068564981806,0.20612997376,0.010289966399
goe100,ok,,30.615315163,2716187657.1,253926.24455,1147499.8091,113493875.23,1607020.2734,212622881.46,0.0,0.0,0.0,-1.743003836e-08,1.3659110865e-09,-1.9342513258e-09,1.6570830971e-07,0.0,0.0,-3.2091564604e-07,0.0,0.0,0.0,0.0,-8.974690356e-09,0.23691288746,0.024598703479,0.081488904818,0.042077688776
goe101,ok,,29.051757426,2577468973.1,194145.53002,1191574.0868,108697797.62,1350021.7473,183567471.75,0.0,0.0,0.0,-2.2579512386e-08,1.4369780614e-09,1.5208137976e-09,2.394439168e-07,0.0,0.0,-1.6954633246e-07,0.0,0.0,0.0,0.0,-9.2882454021e-09,0.21176680878,0.02783182743,0.032916662577,0.046486966136
goe10k,ok,,29.243439617,2594474997.7,67560.033304,332320.6712,109690182.28,384758.93537,187567875.56,0.0,0.0,0.0,-2.5253480211e-08,1.1481026135e-09,-5.6445657592e-08,2.4346609475e-07,0.0,0.0,-2.9188901706e-06,0.0,0.0,0.0,0.0,7.814168237e-09,0.22958656777,0.010406864756,0.19720031714,0.01644857747
goe114,ok,,29.857185672,2648926485.5,400181.67206,1900015.2218,110420823.01,2613480.9456,196764988.25,0.0,0.0,0.0,-7.7707829745e-09,1.096290338e-09,-9.998029317e-09,9.6142989705e-08,0.0,0.0,-1.5439291627e-07,0.0,0.0,0.0,0.0,3.0924030692e-09,0.22805470161,0.022153383438,0.061785215386,0.038474662378
goe113,ok,,29.993991728,2661063904.9,203653.76765,959359.81021,111820070.58,1279706.4776,201097975.27,0.0,0.0,0.0,-1.92151862e-08,1.3588427163e-09,5.5785331128e-10,1.7649841605e-07,0.0,0.0,-2.8763531923e-07,0.0,0.0,0.0,0.0,-8.9225262277e-09,0.22910313638,0.021976733431,0.058578016471,0.035944567413
goe115,ok,,29.860105206,2649185506.2,422778.08723,2062774.7216,110535608.29,2796608.4653,197053213.02,0.0,0.0,0.0,-8.5211561321e-09,1.1056276516e-09,-4.746567093e-09,9.9982963765e-08,0.0,0.0,-8.0440740416e-08,0.0,0.0,0.0,0.0,9.4467915151e-10,0.22230200507,0.024417809413,0.034008582368,0.042270606176
goe117,ok,,30.0748913,2668241306.7,380350.08536,1975155.168,111016354.24,2656564.1622,200734165.85,0.0,0.0,0.0,-1.1358276678e-08,1.1437473207e-09,-8.1499512324e-09,1.3795085222e-07,0.0,0.0,-1.6434773493e-07,0.0,0.0,0.0,0.0,-6.7625211865e-10,0.22549238759,0.029768989449,0.062509675009,0.052469618417
goe116,ok,,30.456190318,2702070116.9,437612.03718,2093916.9287,112425420.64,2953785.9047,208480624.05,0.0,0.0,0.0,-8.9962702818e-09,1.1290268798e-09,-5.9948316938e-09,1.0891990899e-07,0.0,0.0,-1.3627986772e-07,0.0,0.0,0.0,0.0,-5.9733673589e-10,0.23207025915,0.026163673088,0.059637710541,0.047664663264
goe118,ok,,30.198699135,2679225525.2,335925.93674,2116606.0548,111277023.23,2629952.5263,202908869.96,0.0,0.0,0.0,-1.5499756293e-08,1.2790255669e-09,-1.14965066e-08,2.0015258213e-07,0.0,0.0,-2.2957603158e-07,0.0,0.0,0.0,0.0,-3.6966536453e-09,0.22892464416,0.038541703497,0.077120543461,0.067236443642
goe11k,ok,,30.678333848,2721778668.4,332791.29392,1212835.45,113550416.54,1966134.2453,213609759.05,0.0,0.0,0.0,-9.412425622e-09,1.0868475663e-09,-1.9474809131e-08,9.6147323001e-08,0.0,0.0,-5.1161361086e-07,0.0,0.0,0.0,0.0,2.0114642045e-09,0.24010906464,0.019455984887,0.17026055555,0.031996992029
goe121,ok,,29.775664976,2641693977.6,190933.47419,1406756.4632,111016429.63,1486696.4166,196969144.51,0.0,0.0,0.0,-2.2074295385e-08,1.2579523571e-09,-3.3939346276e-09,2.8386523417e-07,0.0,0.0,-1.2826731013e-07,0.0,0.0,0.0,0.0,-4.3380281372e-09,0.21972601378,0.031402006201,0.024490523149,0.054199375362
goe122,ok,,29.827825105,2646321619.0,242487.24728,1349366.5316,111211882.43,1655646.1643,197910356.31,0.0,0.0,0.0,-1.9039899781e-08,1.4582324493e-09,6.5743896765e-09,1.9856497263e-07,0.0,0.0,-1.1379266756e-07,0.0,0.0,0.0,0.0,-1.0711848649e-08,0.22167870866,0.027600615541,0.027593270716,0.048149473618
goe123,ok,,29.944709505,2656691591.1,163874.95953,1467500.9342,111099762.54,1485852.3172,199224375.82,0.0,0.0,0.0,-2.8933274784e-08,1.5543209395e-09,-2.936596431e-08,4.103508668e-07,0.0,0.0,-5.7068895788e-07,0.0,0.0,0.0,0.0,-1.0324477329e-08,0.22115840497,0.039607253292,0.093521629874,0.067246231689
goe12k,ok,,31.079466914,2757367153.3,723780.68888,2258011.9994,114203836.35,4853816.9019,220595936.13,0.0,0.0,0.0,-5.629924997e-09,1.0429044426e-09,-7.8726043197e-09,6.5033006316e-08,0.0,0.0,-1.1511606376e-07,0.0,0.0,0.0,0.0,1.2736565549e-09,0.23772927424,0.028797415628,0.08331878393,0.047069634111
goe124,ok,,30.254582075,2684183454.1,293791.17769,1912889.7361,112177437.84,2270564.018,205426852.68,0.0,0.0,0.0,-1.8193649559e-08,1.3732469078e-09,-9.7806736697e-10,2.2399213702e-07,0.0,0.0,-1.263903233e-07,0.0,0.0,0.0,0.0,-6.8948670092e-09,0.22352097353,0.037819947347,0.037132361931,0.06580691373
goe133,ok,,30.136608581,2673716857.6,299632.17658,1504776.2053,111902715.37,1989286.8828,203196786.98,0.0,0.0,0.0,-1.7137184955e-08,1.351682867e-09,3.4524047727e-09,1.7022172688e-07,0.0,0.0,-1.0468074695e-07,0.0,0.0,0.0,0.0,-7.2600621916e-09,0.22430830735,0.030857740311,0.031365720054,0.051003906528
goe134,ok,,31.32953007,2779552731.2,467892.38644,1827283.9441,115521801.82,2941946.9643,226682266.36,0.0,0.0,0.0,-1.1255513865e-08,1.2461883557e-09,2.3977343912e-09,1.0249724643e-07,0.0,0.0,-1.1834156407e-07,0.0,0.0,0.0,0.0,-5.4381048489e-09,0.24159625096,0.029255507756,0.055371116828,0.047957681234
goe137,ok,,30.372104547,2694610035.9,360732.1396,1792943.4376,112434348.6,2436638.2937,207355018.54,0.0,0.0,0.0,-1.3864329848e-08,1.3194035151e-09,3.3894501792e-09,1.4602282884e-07,0.0,0.0,-8.8695791689e-08,0.0,0.0,0.0,0.0,-6.5246701299e-09,0.22781001905,0.030168291706,0.03199542271,0.052675127479
goe14,ok,,30.896851266,2741165511.5,513329.56057,2909046.1873,112858574.04,3886597.0309,215503128.16,0.0,0.0,0.0,-1.3524801818e-08,1.4461631974e-09,7.752507234e-09,1.5755176075e-07,0.0,0.0,-2.5261899408e-08,0.0,0.0,0.0,0.0,-8.080169066e-09,0.21980704859,0.045708508928,0.012967679723,0.080875976113
goe13k,ok,,31.531888088,2797505914.0,1372500.1266,4198026.0766,114703969.95,9134504.1372,228206600.87,0.0,0.0,0.0,-3.9665075794e-09,9.9535966063e-10,-6.5608377893e-09,4.5484331657e-08,0.0,0.0,-7.448804424e-08,0.0,0.0,0.0,0.0,1.0050892971e-09,0.23543817836,0.038397007774,0.10223485015,0.062427250957
goe143,ok,,29.925009592,2654943816.8,254308.51312,1383716.3571,111599445.26,1701439.407,199920179.39,0.0,0.0,0.0,-1.7285748371e-08,1.3246712603e-09,7.2065356898e-09,1.794435545e-07,0.0,0.0,-2.091438124e-08,0.0,0.0,0.0,0.0,-7.3707910084e-09,0.22144784819,0.026637712216,0.0053187051959,0.045634023534
goe140,ok,,30.808448141,2733322395.3,355350.93543,1950907.4028,113669233.79,2578491.7364,215737806.64,0.0,0.0,0.0,-1.5922974173e-08,1.4470552692e-09,7.9919675898e-09,1.7644957206e-07,0.0,0.0,-4.6963308421e-08,0.0,0.0,0.0,0.0,-9.1300595788e-09,0.23113888005,0.035635836128,0.016688455579,0.062701520489
goe142,ok,,29.730277872,2637667238.3,179606.10714,1078264.6627,111064812.62,1252515.9036,196355149.06,0.0,0.0,0.0,-2.37093544e-08,1.4179949161e-09,1.7874895734e-09,2.5478337934e-07,0.0,0.0,-1.8974421758e-07,0.0,0.0,0.0,0.0,-1.0124847623e-08,0.21934724107,0.026919041902,0.034079220271,0.045760650926
goe144,ok,,29.918502331,2654366493.3,241149.62605,1552765.8635,110954499.62,1792059.4813,198592137.35,0.0,0.0,0.0,-1.9129278871e-08,1.280963601e-09,1.8914614569e-09,2.3056598478e-07,0.0,0.0,-4.9315875765e-08,0.0,0.0,0.0,0.0,-4.8186185237e-09,0.22156549045,0.032369967859,0.011892504999,0.05560090101
goe147,ok,,29.477784675,2615266067.5,209846.43973,1367715.7234,110593295.16,1457665.1306,192514292.63,0.0,0.0,0.0,-1.9495463405e-08,1.4415045913e-09,2.1140113234e-08,2.125387733e-07,0.0,0.0,2.3355836576e-07,0.0,0.0,0.0,0.0,-1.1316139726e-08,0.21552530042,0.024869556975,-0.049011391524,0.04460050488
goe14k,ok,,30.997522829,2750097082.5,880922.46858,2522375.0359,114119758.48,5504533.9934,219248570.34,0.0,0.0,0.0,-3.1095567938e-09,1.0797390069e-09,-5.8710068645e-09,3.4939799018e-08,0.0,0.0,-1.4873474114e-07,0.0,0.0,0.0,0.0,6.9233117433e-10,0.23932588969,0.018028991174,0.13102377533,0.030779254002
goe164,ok,,30.673561886,2721355300.4,300479.56229,2336663.964,112508654.01,2644633.5509,211675881.54,0.0,0.0,0.0,-1.8086207537e-08,1.2347558021e-09,3.4700802308e-09,2.6038642083e-07,0.0,0.0,2.3426735989e-09,0.0,0.0,0.0,0.0,-3.2916857472e-09,0.22802046213,0.045849922994,-0.00070392553759,0.078240797757
goe15k,ok,,31.316943109,2778436017.3,1441513.4439,4096736.8383,114563589.07,8969844.0261,224752098.69,0.0,0.0,0.0,-2.3768828534e-09,1.0476307852e-09,-4.8498943176e-09,2.6537155926e-08,0.0,0.0,-1.0023984246e-07,0.0,0.0,0.0,0.0,5.5484580876e-10,0.23810983924,0.022505893291,0.14449708052,0.03825366703
goe155,ok,,30.349548284,2692608846.5,237505.8449,1629490.7612,112288978.23,1918488.3785,206805497.7,0.0,0.0,0.0,-2.0924148966e-08,1.4901790586e-09,-6.0827915662e-09,2.6944025563e-07,0.0,0.0,-2.5633203399e-07,0.0,0.0,0.0,0.0,-9.6317397079e-09,0.22811078673,0.03594000962,0.060880356306,0.063993635562
goe15,ok,,31.151008564,2763714321.2,448245.84986,2851158.9724,113294231.68,3715281.3653,219886645.32,0.0,0.0,0.0,-1.5692795471e-08,1.5838840573e-09,1.5335276001e-09,2.0066365949e-07,0.0,0.0,-1.0861767194e-07,0.0,0.0,0.0,0.0,-9.59774886e-09,0.22477996084,0.050353081961,0.048687420667,0.089946652585
goe165,ok,,30.547040207,2710130309.9,501820.85518,3013865.8376,112026529.9,3786603.8061,209068747.31,0.0,0.0,0.0,-1.0140514688e-08,1.0250973644e-09,3.2785454131e-09,1.2398103283e-07,0.0,0.0,7.5661655749e-08,0.0,0.0,0.0,0.0,1.4256124099e-09,0.22575405666,0.039617959527,-0.037968596792,0.062216267919
goe167,ok,,31.224008194,2770190841.1,476331.84817,2109557.7113,114917328.4,3203230.3294,223971785.63,0.0,0.0,0.0,-1.0746098306e-08,1.2951588457e-09,4.4418555566e-09,1.1134918354e-07,0.0,0.0,-8.7731201271e-08,0.0,0.0,0.0,0.0,-6.5720352555e-09,0.23928074373,0.02939817501,0.041789165244,0.053039162387
goe16k,ok,,31.697185788,2812171109.2,2171054.4406,6125558.5641,114987832.19,13544562.159,231216507.38,0.0,0.0,0.0,-1.9055439145e-09,1.0137116074e-09,-4.092000082e-09,2.1174759086e-08,0.0,0.0,-7.1477694705e-08,0.0,0.0,0.0,0.0,4.4847893395e-10,0.23705403194,0.027250799189,0.15518196649,0.045971554742
goe173,ok,,30.363728116,2693866879.8,277719.3298,1838420.2223,112067024.62,2200647.7875,206581816.56,0.0,0.0,0.0,-2.0892138782e-08,1.5336158031e-09,3.2660548128e-09,2.5356989684e-07,0.0,0.0,-1.005901245e-07,0.0,0.0,0.0,0.0,-9.544122672e-09,0.22602711737,0.041247334308,0.027935821962,0.07042126181
goe174,ok,,30.723172117,2725756715.1,336130.29868,1975319.9019,113227194.63,2520854.2406,213689317.57,0.0,0.0,0.0,-1.684743372e-08,1.4062316262e-09,6.1755343674e-09,1.973095295e-07,0.0,0.0,-4.1171207434e-08,0.0,0.0,0.0,0.0,-7.7125671916e-09,0.23038729287,0.038005218768,0.013838890252,0.066321711084
goe176,ok,,30.63894112,2718283749.6,422991.84693,2439129.9234,112746250.02,3122225.3985,211653086.23,0.0,0.0,0.0,-1.3010348569e-08,1.207161417e-09,6.2374685393e-09,1.5476979602e-07,0.0,0.0,3.7952028735e-08,0.0,0.0,0.0,0.0,-3.2170681922e-09,0.22781417263,0.038336907471,-0.016053398729,0.065466361867
goe177,ok,,29.938223286,2656116134.3,241545.65104,1612919.5434,111045238.18,1846133.4281,199006073.57,0.0,0.0,0.0,-2.053713046e-08,1.4337955898e-09,6.5884739078e-09,2.4673934909e-07,0.0,0.0,-2.8991147752e-08,0.0,0.0,0.0,0.0,-8.2726596929e-09,0.22284819283,0.03451897761,0.0070026856582,0.059598816712
goe180,ok,,30.590097945,2713950388.0,364984.57863,1764395.4672,113117253.72,2438525.2551,211615692.2,0.0,0.0,0.0,-1.3928914725e-08,1.2581219182e-09,2.6150979892e-09,1.4396591108e-07,0.0,0.0,-6.8559857479e-08,0.0,0.0,0.0,0.0,-5.0172425861e-09,0.23013537817,0.0311550979,0.025023290693,0.052545337393
goe178,ok,,29.948825711,2657056780.5,307060.17829,1756903.0453,111293085.65,2161290.3358,199660978.1,0.0,0.0,0.0,-1.5213638333e-08,1.2618417809e-09,4.6870390405e-09,1.7039546098e-07,0.0,0.0,-2.9257291182e-09,0.0,0.0,0.0,0.0,-4.6330871427e-09,0.22149847958,0.030666235178,0.00089837490466,0.05232166063
goe182,ok,,30.078371182,2668550041.5,324539.72947,2212462.7415,111247273.3,2517335.3422,201351115.18,0.0,0.0,0.0,-1.5872779511e-08,1.3157012296e-09,1.4046754316e-08,1.9783970765e-07,0.0,0.0,1.2704348528e-07,0.0,0.0,0.0,0.0,-5.7906075125e-09,0.21827309089,0.03678328023,-0.041230658345,0.064206845198
goe184,ok,,30.154021753,2675261752.5,310312.52541,1927870.1048,111591235.0,2319480.7986,202898820.77,0.0,0.0,0.0,-1.6672893208e-08,1.3370700024e-09,4.4928789702e-09,2.0072581086e-07,0.0,0.0,-3.4551150913e-08,0.0,0.0,0.0,0.0,-6.2558876099e-09,0.22214471264,0.035456597946,0.010721654895,0.062287733283
goe188,ok,,30.781643064,2730944251.6,393804.58046,1701839.9413,113759787.3,2542642.7337,215461539.74,0.0,0.0,0.0,-1.419248453e-08,1.4169975789e-09,4.7305227986e-09,1.293674323e-07,0.0,0.0,-1.5047478583e-07,0.0,0.0,0.0,0.0,-8.8496900665e-09,0.2363435476,0.03078409064,0.059257659902,0.050945487403
goe187,ok,,30.778872251,2730698425.3,322569.64364,1590382.0114,113743775.33,2217395.7631,215405230.18,0.0,0.0,0.0,-1.7796372631e-08,1.5563479631e-09,6.7836028237e-09,1.7759755757e-07,0.0,0.0,-1.4950406847e-07,0.0,0.0,0.0,0.0,-1.1682899818e-08,0.23571061418,0.033378021953,0.04822547409,0.057287580856
goe190,ok,,30.759717327,2728999002.4,571548.8529,3331026.9012,112342387.43,4347385.1802,212549695.68,0.0,0.0,0.0,-8.8211571212e-09,9.9055807149e-10,2.7326039683e-09,1.1351548325e-07,0.0,0.0,7.1475823646e-08,0.0,0.0,0.0,0.0,1.6946921291e-09,0.22434468878,0.0400040395,-0.040851925015,0.064879644237
goe195,ok,,30.132749071,2673374442.3,290190.94735,1952656.4433,111592884.46,2250459.5977,202670188.28,0.0,0.0,0.0,-1.5739203515e-08,1.0550082723e-09,-1.968250836e-09,2.0564931465e-07,0.0,0.0,-1.0351317748e-08,0.0,0.0,0.0,0.0,1.2111565092e-09,0.22251160878,0.036027202994,0.0030038587036,0.05967756944
goe198,ok,,31.320858751,2778783412.7,331398.66825,2242495.8821,114828431.03,2794165.9412,225272276.64,0.0,0.0,0.0,-1.7181166604e-08,1.3703826859e-09,-1.0066793321e-08,2.3572258602e-07,0.0,0.0,-2.2441526699e-07,0.0,0.0,0.0,0.0,-6.6872496789e-09,0.2362797668,0.043607497559,0.074370920616,0.078118151085
goe207,ok,,31.185751916,2766796747.9,360396.43318,2380332.807,114361686.17,2945250.0131,222413935.2,0.0,0.0,0.0,-1.6920290149e-08,1.6428632947e-09,1.505985374e-08,2.1338424007e-07,0.0,0.0,2.0490732746e-08,0.0,0.0,0.0,0.0,-1.2171957187e-08,0.2300065981,0.041643182254,-0.007384786995,0.076902919017
goe199,ok,,31.48838419,2793646252.6,298242.86333,1541196.2106,115875843.57,2191187.2587,229680828.43,0.0,0.0,0.0,-1.8814155428e-08,1.5818097632e-09,2.520524843e-09,2.0828132354e-07,0.0,0.0,-2.2785672657e-07,0.0,0.0,0.0,0.0,-1.2631650813e-08,0.24342521794,0.034514455153,0.067956642562,0.062118418311
goe210,ok,,29.90654182,2653305357.9,217860.88311,1231606.2511,111297578.11,1515990.9816,199050342.97,0.0,0.0,0.0,-2.2588020112e-08,1.4099147612e-09,-5.4412642741e-09,2.3729608659e-07,0.0,0.0,-2.9043882264e-07,0.0,0.0,0.0,0.0,-8.387967861e-09,0.22342482172,0.031407264396,0.063275258391,0.051697534983
goe217,ok,,32.049098865,2843392801.7,1398085.0629,6818212.6815,114691613.27,10358362.243,235744256.15,0.0,0.0,0.0,-4.5317716438e-09,9.6279243771e-10,3.4376439905e-09,5.2516233298e-08,0.0,0.0,4.0236769021e-08,0.0,0.0,0.0,0.0,-1.7973357743e-10,0.22498298861,0.046523039885,-0.056254425748,0.073422161334
goe222,ok,,31.872502149,2827725159.0,1624948.2295,6737783.5179,114084387.6,11281476.265,231929372.51,0.0,0.0,0.0,-4.2764042154e-09,9.6403055788e-10,-2.1417576405e-09,4.9592158965e-08,0.0,0.0,-1.6284965817e-08,0.0,0.0,0.0,0.0,5.5721701769e-10,0.22981254754,0.049690871422,0.026462226372,0.080584690907
goe223,ok,,31.392428351,2785133060.3,1580455.8433,6473463.5752,112858174.22,10681439.977,222513720.35,0.0,0.0,0.0,-3.812325922e-09,1.0045510304e-09,-9.9909408354e-10,4.11356683e-08,0.0,0.0,-1.1077111645e-08,0.0,0.0,0.0,0.0,2.2058315157e-10,0.22552378979,0.041252737975,0.017506885827,0.065013107334
goe225,ok,,31.35463859,2781780356.6,715589.65055,4304338.037,113724217.08,5738982.715,223706823.12,0.0,0.0,0.0,-8.9761695201e-09,9.8340992937e-10,-2.8091001677e-09,1.2385154742e-07,0.0,0.0,-2.1519217936e-08,0.0,0.0,0.0,0.0,7.9512545075e-10,0.22915387616,0.052560882573,0.015398929643,0.08862688554
goe226,ok,,30.846464687,2736695219.4,828572.42878,4982499.5353,111626181.56,6560492.2614,212573157.26,0.0,0.0,0.0,-8.3871869308e-09,9.8295858858e-10,-1.5642963513e-09,1.1201478051e-07,0.0,0.0,-6.6540330268e-09,0.0,0.0,0.0,0.0,7.7653549674e-10,0.21802787198,0.056136311533,0.0055133483062,0.092812358744
goe227,ok,,30.885289049,2740139712.8,918802.12112,5091914.0406,111868553.36,6986695.1515,213574328.72,0.0,0.0,0.0,-7.3747856042e-09,9.3839256716e-10,-4.1046097124e-09,9.5344050285e-08,0.0,0.0,-1.9655980501e-08,0.0,0.0,0.0,0.0,1.8112674157e-09,0.22031546511,0.054322416202,0.018059956577,0.087602315638
goe228,ok,,31.61530103,2804906301.8,1452716.1514,6348894.6964,113471597.55,10226823.235,226958661.92,0.0,0.0,0.0,-4.9895511317e-09,1.0038488167e-09,-5.4025935629e-10,5.6621110696e-08,0.0,0.0,-8.9639489692e-09,0.0,0.0,0.0,0.0,-1.2384740068e-10,0.22639751507,0.05074059541,0.013022073448,0.082254402018
goe233,ok,,29.173864413,2588302292.7,428415.47061,4340586.5608,108342580.94,3955758.1374,186116724.38,0.0,0.0,0.0,-1.2649490178e-08,7.6701217996e-10,-7.0421852036e-09,2.022750289e-07,0.0,0.0,-2.5982271262e-08,0.0,0.0,0.0,0.0,6.2305224582e-09,0.20068980168,0.055018781278,0.01113120697,0.086657751697
goe229,ok,,31.626451025,2805895528.2,1681466.2835,6820483.3705,113231540.75,11473264.353,226625957.96,0.0,0.0,0.0,-3.6951833877e-09,1.001294902e-09,-8.2484062186e-10,4.0125007486e-08,0.0,0.0,-1.0627158517e-08,0.0,0.0,0.0,0.0,1.0366293859e-10,0.22791507097,0.042666950727,0.017869208736,0.067468847214
goe234,ok,,31.028459632,2752841792.5,633736.17343,5595107.3799,112111986.0,6015302.917,216359823.27,0.0,0.0,0.0,-9.2396857137e-09,8.6477410092e-10,-2.9000029072e-09,1.5570244344e-07,0.0,0.0,-4.6989812339e-09,0.0,0.0,0.0,0.0,2.8903208486e-09,0.22180078577,0.059454262963,0.0029779143862,0.0986742707
goe235,ok,,29.822461197,2645845733.6,212889.93514,1193620.5435,111501795.03,1422609.6774,198421978.23,0.0,0.0,0.0,-1.8789762267e-08,1.3344389569e-09,5.1774112759e-09,1.9870059418e-07,0.0,0.0,-9.5409550539e-08,0.0,0.0,0.0,0.0,-8.6651792011e-09,0.21878208296,0.02403721381,0.020311733026,0.042301356609
goe238,ok,,30.188889013,2678355172.3,443627.59555,2455493.5487,111188595.05,3200604.4853,202601708.22,0.0,0.0,0.0,-1.2505134597e-08,1.4081448949e-09,7.2817028966e-09,1.4248095205e-07,0.0,0.0,-3.5528922378e-08,0.0,0.0,0.0,0.0,-8.2220334566e-09,0.21841979671,0.03430032037,0.015761610407,0.063208482171
goe239,ok,,30.990345441,2749460305.3,560343.73985,3026191.0137,113520642.79,4118999.5347,218043784.08,0.0,0.0,0.0,-1.0285599396e-08,1.1138575588e-09,6.9440738057e-10,1.2621176268e-07,0.0,0.0,-1.4524112551e-08,0.0,0.0,0.0,0.0,-1.406194272e-09,0.22987137508,0.041036341289,0.0081384955446,0.070721971111
goe240,ok,,30.395767964,2696709451.8,249001.20315,1525784.1674,112406835.27,1890945.0358,207609120.27,0.0,0.0,0.0,-2.0669965479e-08,1.4320675911e-09,-2.8648890082e-09,2.4627727294e-07,0.0,0.0,-2.0280859513e-07,0.0,0.0,0.0,0.0,-8.5253892655e-09,0.2280524944,0.035418616601,0.050499584195,0.061323337271
goe241,ok,,31.815364896,2822655947.7,1491422.0029,7248740.6151,113339176.11,11149477.602,229654342.16,0.0,0.0,0.0,-5.5892343059e-09,9.8327970362e-10,1.0288067025e-09,6.55730738e-08,0.0,0.0,5.6654796969e-09,0.0,0.0,0.0,0.0,-2.5916059687e-10,0.22210352625,0.061675814621,-0.0084496210771,0.097797125066
goe242,ok,,30.176513955,2677257258.3,1036421.5463,5690860.2903,109798038.26,7587282.866,200335521.59,0.0,0.0,0.0,-7.0064371886e-09,9.6068047293e-10,-2.6654179265e-09,8.0463352337e-08,0.0,0.0,-8.9670338518e-09,0.0,0.0,0.0,0.0,1.6198751591e-09,0.20967954964,0.055745630635,0.0092936270904,0.08339395205
goe243,ok,,31.371107941,2783241515.7,1476606.9149,7625831.1889,111863604.56,11122552.523,220464830.25,0.0,0.0,0.0,-5.2426014391e-09,8.9599150047e-10,-3.8471477363e-10,6.2575149082e-08,0.0,0.0,1.2412062019e-08,0.0,0.0,0.0,0.0,1.2132265122e-09,0.21309341848,0.061198368105,-0.018327736605,0.092398897835
goe244,ok,,31.336581552,2780178338.0,1312016.3361,7331885.8467,111585048.88,10352032.202,219473236.86,0.0,0.0,0.0,-6.9632356724e-09,9.1985280933e-10,-9.8018134927e-11,8.6680355647e-08,0.0,0.0,5.2757999509e-09,0.0,0.0,0.0,0.0,5.9041889418e-10,0.21121583875,0.073377475571,-0.0069219357216,0.11372604263
goe257,ok,,31.479702994,2792876057.8,388488.48073,1621794.3575,115970461.78,2570447.4957,229734164.04,0.0,0.0,0.0,-1.2343360428e-08,1.3177246603e-09,4.2646868362e-09,1.2468554007e-07,0.0,0.0,-1.4722352712e-07,0.0,0.0,0.0,0.0,-7.7615160341e-09,0.24603080546,0.026830309609,0.05719464438,0.048438896031
goe256,ok,,31.695552189,2812026176.4,1394152.1458,4628528.7263,115027634.32,9361444.6191,231213647.98,0.0,0.0,0.0,-3.6765312281e-09,1.0571387195e-09,1.7950217088e-09,4.0658415663e-08,0.0,0.0,-1.8003223317e-08,0.0,0.0,0.0,0.0,-1.4358148022e-09,0.23295289889,0.031292346768,0.025099232419,0.05668401744
goe255,ok,,31.883951677,2828740959.9,1668802.2465,5767612.4387,114962530.85,11427342.255,233848474.56,0.0,0.0,0.0,-3.0830453649e-09,1.0256000931e-09,1.5209807075e-09,3.4056769894e-08,0.0,0.0,1.4257055676e-09,0.0,0.0,0.0,0.0,-6.9982137593e-10,0.23405325812,0.033361511006,-0.0023792206541,0.056834014108
goe269,ok,,30.466895237,2703019856.2,201432.20922,1517885.7175,113097781.13,1656305.8342,210011687.32,0.0,0.0,0.0,-2.2913260377e-08,1.4681720018e-09,3.1378565973e-09,3.029998914e-07,0.0,0.0,-1.0818159947e-07,0.0,0.0,0.0,0.0,-1.007482207e-08,0.22794806023,0.034157190203,0.021791258578,0.061033937517
goe274,ok,,31.273754883,2774604362.2,391714.8257,1786854.1955,115230369.73,2640142.3177,225343787.11,0.0,0.0,0.0,-1.4833736004e-08,1.3285057499e-09,1.165043717e-09,1.5006472477e-07,0.0,0.0,-1.4070621217e-07,0.0,0.0,0.0,0.0,-6.8506574648e-09,0.23881311847,0.03485537162,0.055116709375,0.058782577508
goe265,ok,,30.006800543,2662200301.7,225748.38067,2581669.7068,110843345.15,2330848.6937,199884318.57,0.0,0.0,0.0,-2.3205632431e-08,1.6332391857e-09,1.1231906772e-08,3.846101815e-07,0.0,0.0,3.5304765402e-08,0.0,0.0,0.0,0.0,-1.0366284794e-08,0.21419079055,0.048942416144,-0.0079699936196,0.086825125665
goe264,ok,,30.46752084,2703075359.7,201730.86364,1648958.7965,112823113.72,1766386.4115,209437654.69,0.0,0.0,0.0,-2.3753246155e-08,1.5254663413e-09,-7.0041610706e-09,3.3207296761e-07,0.0,0.0,-2.4512234151e-07,0.0,0.0,0.0,0.0,-1.0278693428e-08,0.22906021697,0.037811135371,0.049448741651,0.066989366549
goe276,ok,,31.06256757,2755867845.2,258789.43462,1241398.7361,114919872.23,1740978.6723,221661184.46,0.0,0.0,0.0,-1.8643637733e-08,1.3811045827e-09,2.8937443431e-09,1.8859970518e-07,0.0,0.0,-1.861995401e-07,0.0,0.0,0.0,0.0,-9.1805032316e-09,0.24000730405,0.028629497898,0.048186473709,0.048807611072
goe277,ok,,30.514094126,2707207336.9,342630.50908,1669126.0668,112940100.7,2296396.4691,210233231.02,0.0,0.0,0.0,-1.4954987719e-08,1.3458222959e-09,4.1889717488e-09,1.5266444801e-07,0.0,0.0,-9.7201120058e-08,0.0,0.0,0.0,0.0,-7.3784169986e-09,0.22958260499,0.030461430357,0.033304069248,0.052307497539
goe275,ok,,30.217435393,2680887804.2,289031.54131,1516018.3068,111927965.64,1975901.663,204334221.26,0.0,0.0,0.0,-1.9355338462e-08,1.4144439561e-09,4.9065621773e-09,1.9539655062e-07,0.0,0.0,-9.2998178621e-08,0.0,0.0,0.0,0.0,-8.406545748e-09,0.22324489937,0.034545661566,0.026879406906,0.056475766192
goe278,ok,,30.409795932,2697954011.7,279307.41288,1362847.1621,112681332.61,1870543.283,208305599.16,0.0,0.0,0.0,-1.8318041416e-08,1.4059855779e-09,-1.0677722586e-09,1.8238077399e-07,0.0,0.0,-2.4392510286e-07,0.0,0.0,0.0,0.0,-8.926938479e-09,0.22907598119,0.030448096322,0.068130089418,0.050940302142
goe279,ok,,30.636971339,2718108990.8,296117.38803,1446970.4966,113409187.27,2000045.5348,212809913.11,0.0,0.0,0.0,-1.9218482732e-08,1.4505268667e-09,-2.0378789962e-09,1.8964461237e-07,0.0,0.0,-2.5345046671e-07,0.0,0.0,0.0,0.0,-9.4143808683e-09,0.23156677914,0.034089830827,0.075051090197,0.056157067268
goe281,ok,,30.796740025,2732283652.4,322921.91223,1574900.692,113833990.31,2204819.3061,215837872.07,0.0,0.0,0.0,-1.6277785038e-08,1.378594423e-09,6.5904165011e-10,1.6932689006e-07,0.0,0.0,-1.8002554256e-07,0.0,0.0,0.0,0.0,-8.0634319499e-09,0.23499583703,0.031721855406,0.058134192455,0.054679363131
goe280,ok,,31.049073071,2754670614.7,328050.0995,1503599.4067,114740251.48,2175608.2296,221143300.44,0.0,0.0,0.0,-1.7045927989e-08,1.4685445183e-09,4.1896079654e-09,1.6357680182e-07,0.0,0.0,-1.8792985433e-07,0.0,0.0,0.0,0.0,-1.0495401705e-08,0.23851324567,0.031655755565,0.061650407411,0.053661386112
goe284,ok,,32.050313404,2843500555.5,1525698.4423,5480786.8926,115596763.7,10629861.182,237609739.09,0.0,0.0,0.0,-3.4409177393e-09,1.0355332056e-09,4.1603985652e-09,3.9394135133e-08,0.0,0.0,1.8330510865e-08,0.0,0.0,0.0,0.0,-1.6658338509e-09,0.23149434091,0.032487940353,-0.027966831873,0.060103570609
goe282,ok,,31.240892568,2771688821.0,452877.03398,2116701.0583,114901208.48,3093993.0489,224227311.08,0.0,0.0,0.0,-1.227810213e-08,1.2403788797e-09,1.8098449052e-09,1.3314546562e-07,0.0,0.0,-7.4598990959e-08,0.0,0.0,0.0,0.0,-4.7087830062e-09,0.23795740092,0.034529008186,0.033784169763,0.060298523559
goe285,ok,,31.222893121,2770091911.9,737853.8708,2817106.6275,114716375.95,4593774.0776,223613831.21,0.0,0.0,0.0,-6.2138783017e-09,1.1252027638e-09,2.8297920773e-09,6.0325759698e-08,0.0,0.0,-3.0470991569e-08,0.0,0.0,0.0,0.0,-2.8316488552e-09,0.23349275354,0.025512297984,0.022483139076,0.044511595302
goe286,ok,,30.792843822,2731937981.6,427885.19928,1916794.0751,113796231.27,2784730.4826,215712409.68,0.0,0.0,0.0,-1.1484507332e-08,1.3001571541e-09,7.5855438386e-09,1.1453748757e-07,0.0,0.0,-3.7868325442e-08,0.0,0.0,0.0,0.0,-7.0444998751e-09,0.23175237631,0.027445667728,0.016203295978,0.049008895693
goe287,ok,,30.41135632,2698092449.2,379812.14727,1985303.0346,112498733.35,2660875.6202,208038761.68,0.0,0.0,0.0,-1.3880060318e-08,1.406984615e-09,4.6864257402e-09,1.5104302222e-07,0.0,0.0,-9.8517328859e-08,0.0,0.0,0.0,0.0,-8.4771434909e-09,0.22742210293,0.031819647346,0.037418078217,0.057367974599
goe288,ok,,31.968487037,2836240928.5,1395911.833,5749469.6817,115219793.38,9580959.6331,235598820.3,0.0,0.0,0.0,-4.0715319525e-09,1.0120801964e-09,1.7696942341e-09,4.6827280597e-08,0.0,0.0,1.0061850139e-08,0.0,0.0,0.0,0.0,-7.3205150115e-10,0.23170474049,0.037385979979,-0.014045455671,0.065366755093
goe289,ok,,31.59980923,2803531870.9,1395496.5341,5628926.4821,113866587.46,9453288.8255,227500327.59,0.0,0.0,0.0,-4.6116896777e-09,1.0563922032e-09,3.0320953276e-10,5.1264125437e-08,0.0,0.0,-1.9510662991e-08,0.0,0.0,0.0,0.0,-1.1416107234e-09,0.22897784541,0.041129509639,0.027227062583,0.071538909372
goe290,ok,,31.886342364,2828953061.4,1444683.2759,5002865.1178,115582552.48,9751091.7086,235103835.64,0.0,0.0,0.0,-2.9071066832e-09,1.0318579218e-09,3.541107271e-09,3.1336576915e-08,0.0,0.0,2.0462013206e-08,0.0,0.0,0.0,0.0,-1.4076079383e-09,0.23316492403,0.025152053369,-0.02956112827,0.045271428592
goe29b,ok,,30.640107128,2718387197.6,422730.55622,2775391.8333,112486147.23,3355147.6723,211270233.04,0.0,0.0,0.0,-1.4558147787e-08,1.3959817414e-09,1.0857249567e-08,1.844872294e-07,0.0,0.0,3.8299208176e-08,0.0,0.0,0.0,0.0,-7.3097499603e-09,0.21931649948,0.043492533785,-0.016190245575,0.077988389101
goe298,ok,,31.432597208,2788696837.2,831587.09553,3621735.6538,114990753.56,5510873.1875,227244635.97,0.0,0.0,0.0,-5.5858851994e-09,1.0594252489e-09,3.7989504254e-09,6.3825275465e-08,0.0,0.0,2.6510436859e-08,0.0,0.0,0.0,0.0,-1.7989080283e-09,0.22814056084,0.028524294496,-0.022045737189,0.053076275446
goe301,ok,,31.216665277,2769539378.2,503851.25467,2628984.7505,114240462.94,3718747.2743,222630984.74,0.0,0.0,0.0,-1.3498118564e-08,1.3373858694e-09,2.3920460587e-09,1.5400964548e-07,0.0,0.0,-6.7042890959e-08,0.0,0.0,0.0,0.0,-5.8719300162e-09,0.23197905634,0.045152451202,0.033779644726,0.077597953106
goe300,ok,,30.575811174,2712682867.1,327621.02326,1800804.9726,112248952.33,3027856.8255,209896653.22,0.0,0.0,0.0,-1.6851001581e-08,1.5139555033e-09,2.5649939317e-08,2.4703533953e-07,0.0,0.0,1.4593590967e-07,0.0,0.0,0.0,0.0,-8.6478086137e-09,0.22493982988,0.045163962945,-0.047811672057,0.08093397072
goe303,ok,,31.302167611,2777125136.6,518703.19364,2483443.5107,114743400.94,3663352.0564,224819891.65,0.0,0.0,0.0,-1.2151309495e-08,1.279433352e-09,7.341426818e-10,1.3500348217e-07,0.0,0.0,-9.0569581949e-08,0.0,0.0,0.0,0.0,-5.1941891761e-09,0.2355540063,0.040047114739,0.046978731403,0.070026737356
goe304,ok,,31.002992807,2750582378.3,430603.93723,2438678.1875,113672358.46,3272097.8672,218488711.33,0.0,0.0,0.0,-1.4329022056e-08,1.2868221173e-09,-1.5370177857e-09,1.7496191437e-07,0.0,0.0,-1.0254394487e-07,0.0,0.0,0.0,0.0,-5.0985230239e-09,0.22884710003,0.043080312746,0.044155826399,0.075339289194
goe308,ok,,30.715743129,2725097616.0,370801.8849,1809825.2248,113083730.0,2549185.3413,213261797.54,0.0,0.0,0.0,-1.475825127e-08,1.4284705652e-09,1.6235800499e-09,1.5645143863e-07,0.0,0.0,-1.711264672e-07,0.0,0.0,0.0,0.0,-9.0583306386e-09,0.23179661609,0.03228645113,0.063454016595,0.05801248834
goe309,ok,,30.866225236,2738448373.3,419531.82166,1846687.7257,113802510.86,2743249.4103,216703704.31,0.0,0.0,0.0,-1.2627607799e-08,1.4404655804e-09,4.4740561923e-09,1.2257719212e-07,0.0,0.0,-1.8274751213e-07,0.0,0.0,0.0,0.0,-1.0210964055e-08,0.235254673,0.028073234444,0.07666839667,0.051425032706
goe310,ok,,30.674310103,2721421682.1,378609.21957,1843906.1925,112939311.84,2592367.0895,212407808.78,0.0,0.0,0.0,-1.2784562916e-08,1.3044352043e-09,-2.5390458901e-09,1.4390435895e-07,0.0,0.0,-1.9267568443e-07,0.0,0.0,0.0,0.0,-6.3175297927e-09,0.23252358635,0.029342128041,0.072948790511,0.054483517033
goe314,ok,,30.32699115,2690607579.9,320856.88806,1666650.0706,112064406.14,2215317.9369,206026132.47,0.0,0.0,0.0,-1.6169973361e-08,1.4404011125e-09,9.1615777443e-09,1.7039382271e-07,0.0,0.0,-4.9553479662e-08,0.0,0.0,0.0,0.0,-9.8994757584e-09,0.22355588753,0.030933989412,0.015899575277,0.0546720317
goe311,ok,,30.905776971,2741957399.2,394483.53405,2286523.2297,113412329.88,2997682.6286,216545888.06,0.0,0.0,0.0,-1.4406203111e-08,1.4375648606e-09,6.3394774198e-10,1.770894506e-07,0.0,0.0,-1.316389614e-07,0.0,0.0,0.0,0.0,-8.3940913828e-09,0.23260071685,0.037356334876,0.051929402711,0.069858872316
goe316,ok,,30.531518204,2708753199.3,388767.22495,1824631.642,113031553.14,2563231.0297,210649816.61,0.0,0.0,0.0,-1.3038528696e-08,1.4081654066e-09,1.0015615652e-08,1.2729073607e-07,0.0,0.0,-5.0902074743e-08,0.0,0.0,0.0,0.0,-9.7007427729e-09,0.22815002888,0.027765144125,0.019789058342,0.049486466223
goe315,ok,,29.896434917,2652408674.5,300916.98674,1515920.1609,111009314.82,1994646.1587,198360489.72,0.0,0.0,0.0,-1.6019075249e-08,1.4451577856e-09,8.8161857428e-09,1.5741636938e-07,0.0,0.0,-8.1274430992e-08,0.0,0.0,0.0,0.0,-1.0559046319e-08,0.21960949825,0.027339324201,0.024456856873,0.047369259538
goe320,ok,,31.683701438,2810974779.0,863941.03211,3739947.4775,115296733.61,5912349.1551,231546607.23,0.0,0.0,0.0,-8.2152933861e-09,1.2405870594e-09,5.451201946e-09,8.6566094538e-08,0.0,0.0,-2.5407550767e-08,0.0,0.0,0.0,0.0,-5.0035278505e-09,0.23072279654,0.041783860996,0.021950625633,0.07478800106
goe322,ok,,31.595000528,2803105243.3,884668.06019,3789386.6592,114964488.12,6059809.8075,229535224.8,0.0,0.0,0.0,-7.6523194679e-09,1.2596981008e-09,5.870002047e-09,8.0260874586e-08,0.0,0.0,-2.443979563e-08,0.0,0.0,0.0,0.0,-5.1535806258e-09,0.23400086139,0.039103031071,0.021621106591,0.071004232229
goe318,ok,,30.014021445,2662840939.4,382478.07288,2003372.6107,111590940.71,2587597.7532,201123184.77,0.0,0.0,0.0,-1.2645746587e-08,1.41471927e-09,1.0297028498e-08,1.3199162999e-07,0.0,0.0,-2.081350935e-08,0.0,0.0,0.0,0.0,-9.672704051e-09,0.22069440993,0.027215612887,0.007960710946,0.050483904274
goe321,ok,,31.067020233,2756262885.1,640840.08757,2813677.4306,114018697.0,4271022.7982,220034055.68,0.0,0.0,0.0,-9.291572063e-09,1.3074880309e-09,7.4794403919e-09,9.3718342787e-08,0.0,0.0,-2.932769403e-08,0.0,0.0,0.0,0.0,-6.6103727816e-09,0.22973642815,0.033225386203,0.018794362011,0.060058470998
goe319,ok,,30.905845015,2741963436.1,571053.51922,2707922.2456,113360536.62,3917187.3619,216526510.49,0.0,0.0,0.0,-1.1398473717e-08,1.3582135092e-09,7.7081639757e-09,1.1889603111e-07,0.0,0.0,-2.7204367695e-08,0.0,0.0,0.0,0.0,-7.1418776495e-09,0.2248076734,0.038391347217,0.015535149911,0.067895996987
goe323,ok,,30.355847777,2693167736.9,579714.76229,2861614.9402,111717872.82,3950279.1127,205855922.21,0.0,0.0,0.0,-9.8880776122e-09,1.3588884391e-09,1.0406960342e-08,1.0297052596e-07,0.0,0.0,1.3864092378e-08,0.0,0.0,0.0,0.0,-7.632799748e-09,0.21810135072,0.032514709058,-0.0080372190172,0.059693533978
goe324,ok,,30.877163721,2739418834.6,802124.66878,3770265.9683,112730166.93,5547716.7735,214933572.79,0.0,0.0,0.0,-8.0965823588e-09,1.3146044138e-09,8.9392366852e-09,8.5581188544e-08,0.0,0.0,4.9225615946e-09,0.0,0.0,0.0,0.0,-6.3714199783e-09,0.22067824371,0.03716499571,-0.0039485080886,0.068646782515
goe329,ok,,31.182883389,2766542252.6,534499.50359,2491458.4498,114404908.1,3712818.699,222441938.42,0.0,0.0,0.0,-1.1406130724e-08,1.3003388513e-09,4.2120657935e-10,1.2282149482e-07,0.0,0.0,-1.1204948358e-07,0.0,0.0,0.0,0.0,-5.7312895325e-09,0.23512691099,0.037362787047,0.059890393352,0.06564802801
goe325,ok,,30.403759902,2697418495.7,326288.06229,1659256.0091,112527249.21,2230316.2349,207952004.09,0.0,0.0,0.0,-1.6336589299e-08,1.362761283e-09,3.9235954362e-09,1.689631791e-07,0.0,0.0,-8.9923901878e-08,0.0,0.0,0.0,0.0,-7.3278429098e-09,0.22779014807,0.032721730604,0.029341095697,0.055130668306
goe328,ok,,30.615249702,2716181849.3,334021.96133,1667698.1347,113319296.91,2285957.4365,212343054.33,0.0,0.0,0.0,-1.4402371774e-08,1.2830488912e-09,-2.461378383e-10,1.5556173143e-07,0.0,0.0,-1.4269864856e-07,0.0,0.0,0.0,0.0,-5.9681556174e-09,0.2306717845,0.029781769977,0.047664482472,0.051961034642
goe330,ok,,30.950675319,2745940776.1,538052.34773,2577090.1376,113395468.54,3786343.8766,217224008.41,0.0,0.0,0.0,-1.1673097562e-08,1.2639112528e-09,-1.3744695464e-09,1.2941648594e-07,0.0,0.0,-1.0692139729e-07,0.0,0.0,0.0,0.0,-4.4798431525e-09,0.23146072122,0.0402840718,0.057529308834,0.069632844093
goe326,ok,,30.486638697,2704771494.0,326979.83392,1716033.6663,112791891.02,2277881.8744,209590042.13,0.0,0.0,0.0,-1.6005127849e-08,1.3926634513e-09,3.2009267372e-09,1.7284142986e-07,0.0,0.0,-1.2079144109e-07,0.0,0.0,0.0,0.0,-8.2521347666e-09,0.22872795553,0.032169798435,0.039496365345,0.056515662029
goe332,ok,,31.434496984,2788865385.1,744278.29223,3335145.4877,114567172.9,5213594.0207,226418052.78,0.0,0.0,0.0,-8.9879827346e-09,1.1812200144e-09,-9.0635560267e-10,1.0077131109e-07,0.0,0.0,-7.0478246223e-08,0.0,0.0,0.0,0.0,-3.1039381429e-09,0.2344454131,0.043077289595,0.052455428739,0.075001899323
goe335,ok,,29.756352143,2639980545.0,211357.95765,1391771.8592,110457630.31,1594831.7466,195538941.6,0.0,0.0,0.0,-2.3043442488e-08,1.4711127128e-09,-7.8075515464e-10,2.7000647325e-07,0.0,0.0,-1.7938812972e-07,0.0,0.0,0.0,0.0,-9.3461029517e-09,0.22043299646,0.033472257517,0.037915108725,0.057068016739
goe331,ok,,31.313621025,2778141282.3,636826.68428,3044186.368,114236170.29,4568434.0974,224048207.13,0.0,0.0,0.0,-1.1853724429e-08,1.3507766177e-09,-4.0602895175e-10,1.2863164834e-07,0.0,0.0,-1.054237515e-07,0.0,0.0,0.0,0.0,-5.9022418181e-09,0.23080314056,0.047965208702,0.067136658115,0.081916066108
goe336,ok,,31.160350606,2764543146.3,446002.49946,2105239.4189,114411034.33,3102750.9425,222059803.85,0.0,0.0,0.0,-1.2805672709e-08,1.427574894e-09,4.2688455449e-09,1.3822972092e-07,0.0,0.0,-1.3010639994e-07,0.0,0.0,0.0,0.0,-9.1501275378e-09,0.23601551914,0.033059245288,0.058027779567,0.06165080103
goe342,ok,,29.68128119,2633320257.6,132349.35133,1632736.4038,110627600.74,1409386.8934,195247194.65,0.0,0.0,0.0,-3.3125479022e-08,1.3295867582e-09,-4.6145148713e-08,5.598004684e-07,0.0,0.0,-6.6956232829e-07,0.0,0.0,0.0,0.0,-4.6825710787e-09,0.21690304269,0.045257138117,0.088616139824,0.074089228866
goe344,ok,,31.131408383,2761975395.2,272437.22635,990071.58259,115288437.65,1714692.0301,223323429.85,0.0,0.0,0.0,-1.1674774154e-08,1.2246961582e-09,1.0370206729e-08,1.1734724632e-07,0.0,0.0,-3.7757690614e-08,0.0,0.0,0.0,0.0,-7.2185746184e-09,0.24118952398,0.017035917541,0.010286600504,0.031969758308
goe346,ok,,30.195842075,2678972047.2,171319.72296,948075.69876,112472704.25,1182109.1463,205034175.12,0.0,0.0,0.0,-2.5232028287e-08,1.4760337365e-09,-1.272605228e-08,2.6126624665e-07,0.0,0.0,-5.9274950136e-07,0.0,0.0,0.0,0.0,-1.2162710974e-08,0.22819267505,0.026551658231,0.10154968036,0.044760060995
goe358,ok,,30.317736461,2689786504.8,409553.15429,2745143.8573,111724034.74,3206738.1533,205440751.75,0.0,0.0,0.0,-1.1355300564e-08,9.6798273341e-10,3.8487884938e-10,1.5219166325e-07,0.0,0.0,6.0476877448e-08,0.0,0.0,0.0,0.0,3.2513126557e-09,0.22316359609,0.038744482323,-0.02476849592,0.062330575743
goe360,ok,,30.625093222,2717055165.4,461482.88354,2401978.634,112557651.04,3308471.9885,211086040.79,0.0,0.0,0.0,-1.3674901807e-08,1.4290134131e-09,2.3342095331e-09,1.4926637201e-07,0.0,0.0,-1.0970368115e-07,0.0,0.0,0.0,0.0,-7.8755922316e-09,0.22622332237,0.039375692653,0.050626371114,0.06888387577
goe362,ok,,28.734539175,2549325402.1,171434.02241,1550024.814,107903115.62,1418947.1088,178768509.87,0.0,0.0,0.0,-2.8055897535e-08,1.3499002496e-09,-3.4642821756e-09,3.6313691133e-07,0.0,0.0,-1.2181007897e-07,0.0,0.0,0.0,0.0,-5.1740171366e-09,0.20448438451,0.038310662127,0.020882391808,0.062254021396
goe361,ok,,28.86392807,2560804771.8,174221.88698,1683194.6738,108284211.65,1518108.9761,181120319.19,0.0,0.0,0.0,-2.7773566698e-08,1.4202598444e-09,-4.1286784827e-10,3.7798183072e-07,0.0,0.0,-8.4673823998e-08,0.0,0.0,0.0,0.0,-6.8084375369e-09,0.20521667798,0.040046506425,0.014752033395,0.065852707791
goe359,ok,,30.422022594,2699038760.0,285960.04071,1900142.0346,112217262.36,2273622.4133,207660136.05,0.0,0.0,0.0,-1.9663482428e-08,1.4654508122e-09,1.608563558e-09,2.4406834926e-07,0.0,0.0,-1.0482721073e-07,0.0,0.0,0.0,0.0,-8.3402429058e-09,0.22677479671,0.040421804087,0.029976393447,0.069793795091
goe363,ok,,30.821214689,2734455042.1,630205.32917,2945179.6203,112987110.17,4267786.2237,214661874.39,0.0,0.0,0.0,-1.0412388877e-08,1.2483637746e-09,4.2536092555e-09,1.0836685533e-07,0.0,0.0,-2.4471186385e-08,0.0,0.0,0.0,0.0,-4.391833789e-09,0.22598582383,0.040216525919,0.015421872071,0.068293369736
goe364,ok,,30.937372103,2744760516.1,598331.76735,2907442.9966,113143177.92,4222907.0541,216569691.85,0.0,0.0,0.0,-1.2161207162e-08,1.390533706e-09,5.8203998993e-09,1.289509901e-07,0.0,0.0,-4.3128731974e-08,0.0,0.0,0.0,0.0,-6.7602685646e-09,0.22570870554,0.044949512125,0.025805290426,0.077155473807
goe366,ok,,31.711872988,2813474156.1,951917.2135,4156769.6607,114868846.55,6701540.2083,231126380.67,0.0,0.0,0.0,-8.2872629667e-09,1.1987497441e-09,-4.9454226849e-10,9.0524054571e-08,0.0,0.0,-6.6106056794e-08,0.0,0.0,0.0,0.0,-3.5006798279e-09,0.23197025647,0.050123843134,0.062927493379,0.086171405782
goe365,ok,,30.980414461,2748579229.7,746337.05376,3000523.8287,113512968.79,4800280.5918,217869358.93,0.0,0.0,0.0,-8.6469933626e-09,1.2435585823e-09,2.0419177559e-09,8.1971447069e-08,0.0,0.0,-7.8501341754e-08,0.0,0.0,0.0,0.0,-4.5493052231e-09,0.22966030379,0.036510498979,0.058588460121,0.061178328298
goe367,ok,,31.719609229,2814160514.6,1450171.1403,4776156.7258,115052355.34,9695489.3806,231605738.81,0.0,0.0,0.0,-3.4312150356e-09,1.0569008646e-09,1.7077445995e-09,3.7510152862e-08,0.0,0.0,-2.0981380215e-08,0.0,0.0,0.0,0.0,-1.4700558379e-09,0.23340576192,0.029946948234,0.030426592072,0.054396141149
goe368,ok,,29.037735909,2576224985.6,211213.93814,1409376.7699,108701596.73,1467714.5432,183513292.83,0.0,0.0,0.0,-1.9455362753e-08,1.4186474646e-09,1.8683439841e-08,2.1203433354e-07,0.0,0.0,2.2072468659e-07,0.0,0.0,0.0,0.0,-9.6307245628e-09,0.20982122876,0.025594219438,-0.0466201303,0.044784606609
goe371,ok,,29.667570466,2632103843.6,219440.09131,1373398.1022,110350578.27,1600572.0944,194251556.41,0.0,0.0,0.0,-2.1907920913e-08,1.3418072822e-09,-6.0973891992e-09,2.501251311e-07,0.0,0.0,-2.2855025674e-07,0.0,0.0,0.0,0.0,-6.103170323e-09,0.21905150388,0.032928556817,0.050153089209,0.054887481608
goe369,ok,,29.261704432,2596095450.2,150269.25028,1270873.0763,109403200.69,1243933.1688,187545865.41,0.0,0.0,0.0,-3.5182184798e-08,2.0236829982e-09,-1.8014312815e-10,4.2428159671e-07,0.0,0.0,-2.8964181477e-07,0.0,0.0,0.0,0.0,-2.0345694617e-08,0.21229487838,0.03841616964,0.043524258355,0.063756477444
goe370,ok,,29.627904262,2628584662.0,102370.88619,1446141.7138,109943913.55,1193567.9302,193016461.41,0.0,0.0,0.0,-3.3898951903e-08,1.4860980886e-09,-6.3296385935e-08,6.5065996561e-07,0.0,0.0,-1.0331098966e-06,0.0,0.0,0.0,0.0,-8.3170725694e-09,0.22186009277,0.038262093079,0.10576037564,0.066608637285
goe372,ok,,29.477431114,2615234699.6,174312.0821,1243302.0526,109851796.57,1342260.16,190944947.73,0.0,0.0,0.0,-2.2252317206e-08,1.2032989918e-09,-1.7294050043e-08,2.8920264212e-07,0.0,0.0,-3.675321505e-07,0.0,0.0,0.0,0.0,-1.7824872506e-09,0.21959662184,0.029343169564,0.064065294393,0.050411514697
goe374,ok,,29.583370596,2624633639.7,187431.00745,1147182.1176,110272747.58,1324505.4284,193005800.5,0.0,0.0,0.0,-2.7556363701e-08,1.7457544626e-09,6.749023622e-09,2.8027672842e-07,0.0,0.0,-2.1263709007e-07,0.0,0.0,0.0,0.0,-1.6768913079e-08,0.2186458137,0.031658049803,0.039854784014,0.052532549573
goe373,ok,,29.409382045,2609197393.1,184580.71903,1416599.2564,109643666.94,1472818.3428,189790543.38,0.0,0.0,0.0,-2.6674508262e-08,1.5420377424e-09,1.2921332745e-09,3.2694130081e-07,0.0,0.0,-1.4127642158e-07,0.0,0.0,0.0,0.0,-1.0692449727e-08,0.21286548817,0.035943477648,0.026076903478,0.060347060383
goe375,ok,,29.593338342,2625517977.1,193392.77957,1154724.9042,110405292.5,1334845.0004,193418120.8,0.0,0.0,0.0,-2.7893281927e-08,1.8314456284e-09,1.5326234539e-08,2.714455739e-07,0.0,0.0,-1.0165373247e-07,0.0,0.0,0.0,0.0,-1.9074545198e-08,0.2166365684,0.031738034768,0.019659097876,0.052495614038
goe376,ok,,30.152911846,2675163281.6,204176.18574,1332875.2168,111823772.8,1551797.6241,203286209.81,0.0,0.0,0.0,-2.5111036389e-08,1.6264368212e-09,2.875847535e-09,2.8763323092e-07,0.0,0.0,-1.9169245797e-07,0.0,0.0,0.0,0.0,-1.3376052079e-08,0.22453011707,0.034321599354,0.039139034904,0.058727855982
goe377,ok,,30.056765025,2666633145.5,217845.85209,1115129.7389,111579701.61,1458122.4641,201479014.34,0.0,0.0,0.0,-2.0560346739e-08,1.4223769121e-09,-5.8174075964e-09,2.0916509668e-07,0.0,0.0,-3.834485708e-07,0.0,0.0,0.0,0.0,-9.7491072014e-09,0.22763379785,0.02674904563,0.083532680639,0.045565748715
goe379,ok,,30.102309418,2670673839.3,201844.70328,1412301.9485,111355291.96,1623630.7709,201689021.76,0.0,0.0,0.0,-2.4970618816e-08,1.6961928263e-09,-5.9630805088e-09,3.0761760247e-07,0.0,0.0,-3.3174575479e-07,0.0,0.0,0.0,0.0,-1.4066385663e-08,0.22690136875,0.035379565414,0.06696112344,0.062090983692
goe380,ok,,30.171826611,2676841397.7,213431.0895,1441667.1708,111492699.05,1696010.0914,202866883.98,0.0,0.0,0.0,-2.6035334535e-08,1.7973802374e-09,-1.2737018096e-09,3.0743672217e-07,0.0,0.0,-2.7230631815e-07,0.0,0.0,0.0,0.0,-1.5433528577e-08,0.22612591448,0.038263705219,0.05811863416,0.065616554565
goe381,ok,,29.909747127,2653589732.5,199638.23156,1535026.5043,110873842.93,1660751.9599,198346910.71,0.0,0.0,0.0,-2.7347085608e-08,1.7742598583e-09,-6.5886916574e-09,3.4068280784e-07,0.0,0.0,-3.0554254828e-07,0.0,0.0,0.0,0.0,-1.4534908811e-08,0.22077770574,0.040110983268,0.060997974005,0.068013313278
goe382,ok,,32.107051807,2848534380.8,1977996.6801,6773371.7513,114778976.94,14015303.639,236867395.37,0.0,0.0,0.0,-3.3137936661e-09,1.0472113693e-09,3.8728856698e-09,3.6160844855e-08,0.0,0.0,4.4174155646e-09,0.0,0.0,0.0,0.0,-1.7555595944e-09,0.2285775488,0.040846043224,-0.0087376333215,0.071526031074
goe383,ok,,32.168266485,2853965340.9,2049123.2833,6802259.987,115347743.51,14107484.693,238917489.62,0.0,0.0,0.0,-2.7025753103e-09,1.0116661265e-09,3.2539871214e-09,2.8661469854e-08,0.0,0.0,4.9307596741e-09,0.0,0.0,0.0,0.0,-1.4648446661e-09,0.22825156763,0.033424835969,-0.010103734453,0.058730885213
goe384,ok,,32.238593118,2860204712.6,1919925.3546,6826505.8252,115031757.14,13716988.616,239355931.72,0.0,0.0,0.0,-3.7663770471e-09,1.0565003393e-09,3.2921061036e-09,4.2451840994e-08,0.0,0.0,-3.1878421827e-09,0.0,0.0,0.0,0.0,-1.8230140232e-09,0.23016850004,0.045938190641,0.0061204190329,0.081504365874
goe385,ok,,30.796472473,2732259915.2,493816.332,2077148.8295,113650549.12,3161971.9979,215483548.73,0.0,0.0,0.0,-1.0412968701e-08,1.2906885278e-09,4.5066680626e-09,9.9249016086e-08,0.0,0.0,-9.198210436e-08,0.0,0.0,0.0,0.0,-6.3731667549e-09,0.23279044569,0.028246021044,0.045422265385,0.049010785078
goe386,ok,,32.298966494,2865561032.4,2054406.4124,7034205.6934,115547538.26,14336183.101,241333778.27,0.0,0.0,0.0,-2.7770707152e-09,9.8423563665e-10,3.1032251128e-09,3.0984093097e-08,0.0,0.0,1.3477895981e-08,0.0,0.0,0.0,0.0,-1.1242059295e-09,0.22666218057,0.036169511618,-0.027689075929,0.063653919539
goe387,ok,,31.434625208,2788876761.2,1149311.9946,4569676.0932,114136555.85,7573556.2128,225610515.53,0.0,0.0,0.0,-5.4458683372e-09,1.1108538742e-09,2.3151854312e-09,5.6776806995e-08,0.0,0.0,-2.0770374797e-08,0.0,0.0,0.0,0.0,-2.3903567793e-09,0.22829251537,0.037124290138,0.023871640887,0.065254265295
goe391,ok,,29.800424378,2643890629.2,129738.04147,684796.52114,111003996.42,861654.0425,197022284.15,0.0,0.0,0.0,-2.8805346911e-08,1.3722924477e-09,-3.4850249254e-08,2.8822943476e-07,0.0,0.0,-1.202586671e-06,0.0,0.0,0.0,0.0,-8.7483060502e-09,0.22757631033,0.023106089132,0.15602123939,0.037394322358
goe389,ok,,30.703259219,2723990044.8,524865.70744,2260542.4731,113204677.71,3378043.824,213351707.47,0.0,0.0,0.0,-8.8468757263e-09,1.1706106587e-09,1.3383918898e-09,9.1038334271e-08,0.0,0.0,-5.5624914833e-08,0.0,0.0,0.0,0.0,-2.9578718625e-09,0.23086692255,0.027581151189,0.029195610275,0.047782899721
goe388,ok,,30.820449589,2734387162.5,514059.14301,2583172.904,112751262.53,3658684.7685,214225608.6,0.0,0.0,0.0,-1.0797362958e-08,1.1761556684e-09,-1.9678480143e-09,1.2527670653e-07,0.0,0.0,-9.2630843777e-08,0.0,0.0,0.0,0.0,-3.1806585989e-09,0.22501066761,0.036890775422,0.047617732168,0.064399636396
goe390,ok,,32.345590067,2869697471.1,2034501.1561,7254816.9168,115087996.54,14789333.195,241118584.37,0.0,0.0,0.0,-3.4719033949e-09,1.0012872924e-09,3.3247318567e-09,4.0499394614e-08,0.0,0.0,1.031967146e-08,0.0,0.0,0.0,0.0,-1.2189012574e-09,0.22625445122,0.047284882641,-0.020995383515,0.082396065162
goe394,ok,,29.169137191,2587882894.0,144345.26019,1889930.2092,108969661.78,1539497.9236,185949892.37,0.0,0.0,0.0,-2.7272230822e-08,1.311993226e-09,-1.6547793118e-08,4.8839107655e-07,0.0,0.0,-2.7819684296e-07,0.0,0.0,0.0,0.0,-4.4556109264e-09,0.20916754639,0.040552702151,0.040156395679,0.070496937016
goe393,ok,,29.016426223,2574334392.4,144085.66982,1238793.7776,109116454.28,1147501.5405,184131639.49,0.0,0.0,0.0,-2.6329595101e-08,1.6158077539e-09,1.9803228407e-08,3.3887680999e-07,0.0,0.0,1.4957295602e-07,0.0,0.0,0.0,0.0,-1.5941671412e-08,0.20873415841,0.026403751774,-0.021551319555,0.048827292153
goe392,ok,,30.324591561,2690394688.5,465924.23662,2241924.8782,111596479.94,3186190.7439,205164743.78,0.0,0.0,0.0,-1.0810762929e-08,1.1645335673e-09,-7.1677437307e-09,1.2049935871e-07,0.0,0.0,-1.5050825851e-07,0.0,0.0,0.0,0.0,-1.1054374836e-09,0.23110616987,0.033631589526,0.070125445452,0.056143571721
goe395,ok,,29.217211622,2592148052.6,145008.76162,2415710.2119,108652688.84,1826269.0307,186078692.92,0.0,0.0,0.0,-2.6442601753e-08,1.1187362083e-09,-4.1221079405e-08,5.6872497815e-07,0.0,0.0,-4.9990286347e-07,0.0,0.0,0.0,0.0,1.1465856608e-11,0.20827600326,0.04829566594,0.072490295165,0.082470104786
goe396,ok,,29.49787195,2617048208.5,106266.12302,1439565.2917,109670462.56,1192100.2158,190926638.79,0.0,0.0,0.0,-3.4415829016e-08,1.5188540478e-09,-6.1101603765e-08,6.2754788417e-07,0.0,0.0,-1.007301703e-06,0.0,0.0,0.0,0.0,-8.8261437904e-09,0.2208207084,0.038708032033,0.1070420467,0.066687080662
goe397,ok,,29.077524021,2579754982.8,115730.96155,924029.49299,109042343.48,918467.94555,184578596.97,0.0,0.0,0.0,-3.132571266e-08,1.4391426007e-09,-2.8661258079e-08,3.9875310791e-07,0.0,0.0,-7.9916318195e-07,0.0,0.0,0.0,0.0,-9.6152776477e-09,0.21455088685,0.026879001492,0.092487923482,0.046148080599
goe398,ok,,31.313553817,2778135319.6,1008937.0759,3887665.6002,114274732.66,6456141.9685,224113481.27,0.0,0.0,0.0,-5.9132323047e-09,1.131795139e-09,2.8234675388e-09,5.784451875e-08,0.0,0.0,-2.5583660807e-08,0.0,0.0,0.0,0.0,-2.7462445387e-09,0.23007180947,0.034108504805,0.025812303925,0.058361479603
goe399,ok,,29.753077208,2639689993.1,219960.11409,1295859.3408,110588394.47,1570463.5299,195733363.15,0.0,0.0,0.0,-2.0139574588e-08,1.3490529745e-09,-6.0560641112e-09,2.2841668988e-07,0.0,0.0,-2.6670285859e-07,0.0,0.0,0.0,0.0,-6.842782737e-09,0.22166199958,0.029249817626,0.058663991204,0.050242561166
goe403,ok,,29.301134251,2599593659.8,192355.45543,1321841.8479,109277130.33,1440912.3473,187699370.39,0.0,0.0,0.0,-2.1646878796e-08,1.2977762674e-09,-7.7794008446e-09,2.6453022286e-07,0.0,0.0,-2.3244890464e-07,0.0,0.0,0.0,0.0,-4.6014106318e-09,0.21664167505,0.029756189195,0.044712814915,0.050883831493
goe401,ok,,30.231724698,2682155549.9,246334.49453,1519835.548,111926238.3,1824971.2902,204500593.64,0.0,0.0,0.0,-2.0009088229e-08,1.4921494976e-09,7.0424330857e-09,2.3117643727e-07,0.0,0.0,-7.8279736988e-08,0.0,0.0,0.0,0.0,-1.0861258299e-08,0.22391749471,0.032090361037,0.019282999443,0.056946730821
goe400,ok,,28.952176051,2568634123.6,147217.40602,1478654.5027,108574907.27,1302810.7813,182428579.69,0.0,0.0,0.0,-2.6951651452e-08,1.4560398527e-09,7.4481992059e-09,3.9242327128e-07,0.0,0.0,1.4012881538e-08,0.0,0.0,0.0,0.0,-9.1682806938e-09,0.20685679721,0.032646785807,-0.002062940071,0.05777153606
goe402,ok,,29.65661085,2631131507.6,204447.0236,1593070.9078,110076141.99,1686141.9459,193630863.53,0.0,0.0,0.0,-2.6357221934e-08,1.7167009787e-09,3.3921719489e-09,3.2873370712e-07,0.0,0.0,-1.3832800174e-07,0.0,0.0,0.0,0.0,-1.3465338293e-08,0.21635944576,0.039550268352,0.028280748236,0.067208627978
goe404,ok,,31.311392493,2777943567.2,908535.37049,3748139.9322,114331171.09,5937613.548,224197596.63,0.0,0.0,0.0,-6.3151272431e-09,1.1352207747e-09,5.205070189e-09,6.4737312152e-08,0.0,0.0,5.8427807961e-09,0.0,0.0,0.0,0.0,-3.3452542518e-09,0.22628806844,0.033015449904,-0.0053083730153,0.058816137881
goe405,ok,,30.494489263,2705467995.4,523701.50658,2281303.2716,111471620.32,4853487.3273,207352431.46,0.0,0.0,0.0,-9.7375343493e-09,1.1752738057e-09,1.620482949e-08,1.4978391235e-07,0.0,0.0,1.4965838652e-07,0.0,0.0,0.0,0.0,-2.1235003536e-09,0.22285974143,0.044969013632,-0.078376322493,0.078442060556
goe406,ok,,31.346794655,2781084443.4,696237.16922,2580049.7637,114480625.43,5205990.7831,224999032.25,0.0,0.0,0.0,-8.2367820629e-09,1.2398669039e-09,1.0357315972e-08,9.8223513108e-08,0.0,0.0,1.7746625187e-08,0.0,0.0,0.0,0.0,-4.7200664219e-09,0.23325665486,0.037171874899,-0.012355860084,0.068386860718
goe407,ok,,31.119905305,2760954843.3,510202.02205,2140150.9243,114336618.67,3356928.6753,221387864.14,0.0,0.0,0.0,-1.0960055682e-08,1.2877579679e-09,1.5403520269e-09,1.1167367147e-07,0.0,0.0,-1.2920461123e-07,0.0,0.0,0.0,0.0,-6.1503338648e-09,0.23487403551,0.031956699248,0.065920453907,0.056976132992
goe408,ok,,30.929548762,2744066430.1,287977.74662,1118206.1752,114142419.68,2133999.6028,218274597.69,0.0,0.0,0.0,-1.5162915919e-08,1.3412218622e-09,1.4492886465e-08,1.7512855461e-07,0.0,0.0,8.1775554505e-09,0.0,0.0,0.0,0.0,-7.8326931492e-09,0.23735086677,0.028398360179,-0.0023549539915,0.050433126526
goe409,ok,,30.714044006,2724946870.0,902288.93357,3054700.0436,113167810.51,5213709.2304,213435698.23,0.0,0.0,0.0,-1.7429942073e-18,1.073660262e-09,2.001281906e-16,-4.4121361853e-15,0.0,0.0,-7.8344696406e-08,0.0,0.0,0.0,0.0,-7.5982227954e-18,0.22915742769,9.4108310916e-15,0.070689552571,-3.9810216534e-09
goe410,ok,,30.632995585,2717756262.3,1188498.6342,4673295.977,112053433.89,7395329.1816,210278317.43,0.0,0.0,0.0,6.8415173788e-19,1.0292098043e-09,-2.65389016e-15,6.3512837301e-16,0.0,0.0,2.2569497457e-08,0.0,0.0,0.0,0.0,3.1568516158e-18,0.21642050592,-6.9835134615e-15,-0.026823816901,7.5484920384e-10
goe411,ok,,30.194228428,2678828884.6,744979.39358,2247910.1452,111496886.76,5560508.4267,203244793.69,0.0,0.0,0.0,-1.8287946116e-18,1.1084245392e-09,-1.1055116861e-16,-3.2015472695e-15,0.0,0.0,1.1578539405e-07,0.0,0.0,0.0,0.0,-8.1167739548e-18,0.22528151679,1.3092971726e-15,-0.086257732646,-2.3850867433e-09
goe414,ok,,31.313461458,2778127125.5,980880.78706,3883453.2148,114112446.26,6409311.174,223790066.45,0.0,0.0,0.0,-5.8988304803e-09,1.1116437866e-09,-1.5567327128e-09,6.3216102014e-08,0.0,0.0,-6.4207252032e-08,0.0,0.0,0.0,0.0,-1.6263146777e-09,0.2349868733,0.035361996918,0.062979659908,0.062007459899
goe413,ok,,31.012812662,2751453594.9,1279193.3256,5393156.0969,112613902.85,8447347.2045,216670375.76,0.0,0.0,0.0,-3.7063163545e-09,1.0011096795e-09,2.3658878128e-12,4.1663164726e-08,0.0,0.0,6.3393179345e-09,0.0,0.0,0.0,0.0,1.5941093913e-10,0.21799178651,0.031602148368,-0.008109213191,0.053295242242
goe412,ok,,31.430120569,2788477110.1,977761.42374,3788899.3711,114676576.86,6319788.2383,226571059.35,0.0,0.0,0.0,-5.7902646398e-09,1.0917768435e-09,-1.9066403115e-09,6.187927813e-08,0.0,0.0,-6.8448602948e-08,0.0,0.0,0.0,0.0,-1.469465577e-09,0.23515979248,0.034412438541,0.066926403472,0.060503171084
goe416a,ok,,30.203550726,2679655958.0,586204.48955,2364636.7405,111882645.29,3557938.2292,204044721.94,0.0,0.0,0.0,-2.4846636871e-09,1.1061513108e-09,-8.510962218e-10,2.123261129e-08,0.0,0.0,-2.1974457523e-08,0.0,0.0,0.0,0.0,5.8443310927e-10,0.22675755113,0.0093118353103,0.012881525655,0.012446652063
goe415,ok,,29.695200709,2634555196.0,296929.9073,1533685.3214,110659041.99,1927395.8375,195192066.98,0.0,0.0,0.0,-1.5449199838e-08,1.3793453568e-09,1.1326804695e-08,1.4805310411e-07,0.0,0.0,3.1332628619e-08,0.0,0.0,0.0,0.0,-8.4448679258e-09,0.22008211784,0.026201546779,-0.0093035945113,0.04396139448
goe417,ok,,29.790779568,2643034942.6,159803.60362,1588472.9153,110316398.62,1517456.7557,195798188.05,0.0,0.0,0.0,-3.0980761438e-08,1.6185292726e-09,-1.5215110565e-08,4.5499772845e-07,0.0,0.0,-3.3394334061e-07,0.0,0.0,0.0,0.0,-1.0740091844e-08,0.21795922734,0.04347138788,0.053365349234,0.072710276643
goe418,ok,,30.968268625,2747501652.4,805234.01223,3607856.4145,113203160.65,5377034.246,217135349.04,0.0,0.0,0.0,-6.7331581982e-09,1.0998946736e-09,4.2026805576e-09,7.3937104458e-08,0.0,0.0,2.141998705e-08,0.0,0.0,0.0,0.0,-2.2035064245e-09,0.22146929377,0.033585216272,-0.017248102114,0.059536671275
goe417a,ok,,30.260813369,2684736293.9,39412.482192,1073044.5867,111676279.34,971645.60862,204403003.41,0.0,0.0,0.0,-4.4506198014e-08,1.7563347708e-09,-1.4174529165e-07,1.7896704426e-06,0.0,0.0,-2.1775866716e-06,0.0,0.0,0.0,0.0,-1.5215775269e-08,0.22442512386,0.039935046747,0.085824095917,0.070535354448
goe420,ok,,31.518977912,2796360524.5,1780741.2482,6588830.6415,113643347.82,11432701.084,225902292.54,0.0,0.0,0.0,-2.5132005757e-09,9.8800502822e-10,-9.5548594335e-10,2.7435689411e-08,0.0,0.0,-1.4245193431e-08,0.0,0.0,0.0,0.0,1.3147432742e-10,0.22404544021,0.029069504324,0.025367003532,0.048855863807
goe419,ok,,29.647198465,2630296441.7,137326.52696,960065.56447,110391387.05,1050149.4435,193970956.06,0.0,0.0,0.0,-3.2482162775e-08,1.640968488e-09,-2.9145690195e-08,3.7060579237e-07,0.0,0.0,-8.3655645803e-07,0.0,0.0,0.0,0.0,-1.3639388286e-08,0.22798862094,0.0308519192,0.11488139299,0.050894006337
goe423,ok,,31.694924647,2811970501.0,1457680.5167,4925318.485,114659431.58,10061527.265,230454430.7,0.0,0.0,0.0,-3.4801387621e-09,1.0428805441e-09,1.3403753377e-09,4.0232870913e-08,0.0,0.0,-1.0953498751e-08,0.0,0.0,0.0,0.0,-9.9916322574e-10,0.23224831345,0.032684148058,0.015966701719,0.05864667206
goe421,ok,,32.212162414,2857859783.3,1853723.8477,6878179.4732,114620395.79,13674312.955,238165272.63,0.0,0.0,0.0,-4.1657000014e-09,9.9138315459e-10,2.4912186346e-10,5.0973555962e-08,0.0,0.0,-7.4495633396e-09,0.0,0.0,0.0,0.0,-4.1526579177e-10,0.23047120492,0.055656264683,0.013809433217,0.094490896286
goe422,ok,,31.982652549,2837497691.3,1614888.7841,6082836.4668,115125190.09,10685630.706,235676598.55,0.0,0.0,0.0,-4.5280806352e-09,1.043899976e-09,-1.0609091956e-10,4.7425409805e-08,0.0,0.0,-3.0331191259e-08,0.0,0.0,0.0,0.0,-1.3667896442e-09,0.23038189169,0.045030731671,0.048981500573,0.076586762376
goe424,ok,,31.880249064,2828412464.5,1965536.5596,6382252.2983,114582802.42,13441516.149,233063890.97,0.0,0.0,0.0,-2.7964330868e-09,1.0489163744e-09,3.0572229174e-09,2.8132097321e-08,0.0,0.0,-3.0552339224e-09,0.0,0.0,0.0,0.0,-1.5555938963e-09,0.23072330974,0.032779198083,0.0060051739726,0.055294665784
goe425,ok,,31.321883591,2778874336.4,1224872.6354,4760570.7014,113750745.47,7989858.9475,223180940.17,0.0,0.0,0.0,-4.2076774437e-09,1.0905512254e-09,1.9214884503e-09,4.3464356777e-08,0.0,0.0,-1.8239387084e-08,0.0,0.0,0.0,0.0,-1.8770000102e-09,0.2292502096,0.030187735112,0.022340926125,0.053238301229
goe426,ok,,30.421167263,2698962875.0,856863.66114,3680136.505,111382799.48,5590225.0055,206119896.52,0.0,0.0,0.0,-5.9160238147e-09,1.1079432578e-09,-3.870044717e-11,6.1870252715e-08,0.0,0.0,-3.0071370483e-08,0.0,0.0,0.0,0.0,-1.2078617812e-09,0.22012472198,0.031587054252,0.025767064607,0.053014371257
goe427,ok,,29.590435722,2625260456.9,98130.697605,1210398.6513,109991849.93,1042907.6449,192582582.87,0.0,0.0,0.0,-4.1013466886e-08,1.6942017832e-09,-6.1329765303e-08,6.70831082e-07,0.0,0.0,-1.0775595968e-06,0.0,0.0,0.0,0.0,-1.2728986098e-08,0.22136237955,0.039841698619,0.10574167494,0.065829122051
goe428,ok,,29.896572197,2652420854.0,283990.36027,1753701.4058,110634795.35,2119208.7776,197724049.18,0.0,0.0,0.0,-1.8675784895e-08,1.3614940257e-09,-1.9470102023e-09,2.1887702313e-07,0.0,0.0,-1.3689949096e-07,0.0,0.0,0.0,0.0,-6.0876907472e-09,0.22151558868,0.036726275176,0.038878135758,0.062158964654
goe431,ok,,30.569499245,2712122873.4,576447.38245,3579818.0322,111384261.95,4551073.0634,208208311.72,0.0,0.0,0.0,-1.0450847734e-08,9.3061987346e-10,-5.5688206738e-09,1.4099212491e-07,0.0,0.0,-2.7981154814e-08,0.0,0.0,0.0,0.0,2.8450367439e-09,0.22190375571,0.05044442231,0.016129663451,0.081274541353
goe429,ok,,29.862681471,2649414072.2,593984.37655,2523111.2547,111213143.62,3568034.3693,198410755.59,0.0,0.0,0.0,-2.3751691198e-10,1.091918217e-09,3.9809287939e-10,1.1879494887e-09,0.0,0.0,4.1698038192e-08,0.0,0.0,0.0,0.0,-2.0981938662e-10,0.21661291435,0.00068530320135,-0.024767983219,0.00070562343639
goe432,ok,,30.11839545,2672100990.5,265114.05321,1423085.8343,111629026.58,1818372.3502,202424926.66,0.0,0.0,0.0,-1.8624164749e-08,1.341064741e-09,6.5772932779e-09,1.9580747551e-07,0.0,0.0,-3.0346989398e-08,0.0,0.0,0.0,0.0,-6.9044261052e-09,0.22409014623,0.03105719584,0.008045413362,0.05191131348
goe434,ok,,32.28467069,2864292710.2,2436907.5318,9348685.7786,114375789.31,16595020.143,238668016.11,0.0,0.0,0.0,-2.0552378727e-09,9.0167705697e-10,-2.4831345168e-10,2.2928048063e-08,0.0,0.0,7.2720983719e-09,0.0,0.0,0.0,0.0,4.085324284e-10,0.21851637154,0.035589926492,-0.017721431295,0.055873533016
goe433,ok,,31.169045192,2765314529.1,1399330.2535,5929452.6287,112807941.62,9341289.8722,219257392.59,0.0,0.0,0.0,-3.3836550151e-09,9.72094648e-10,-6.8680452981e-10,3.8201923643e-08,0.0,0.0,1.1066648282e-08,0.0,0.0,0.0,0.0,8.4579522594e-10,0.21898658912,0.033340049536,-0.015485895746,0.053457107496
goe435,ok,,32.705694314,2901645883.4,3142637.346,11694492.864,114334191.6,21671236.343,244941504.36,0.0,0.0,0.0,-1.4330477528e-09,8.8074348046e-10,-3.0635859637e-10,1.6101295257e-08,0.0,0.0,4.2854747415e-09,0.0,0.0,0.0,0.0,3.1289374678e-10,0.21809989667,0.032536448382,-0.013467692968,0.050600531792
goe430,ok,,30.681808377,2722086928.2,830281.6054,3809970.5231,112421878.02,5554316.5485,211675166.75,0.0,0.0,0.0,-5.4715383868e-09,9.7704817111e-10,-3.4364693282e-09,6.410666751e-08,0.0,0.0,-1.5046665466e-09,0.0,0.0,0.0,0.0,2.4137858536e-09,0.2223064081,0.033377265075,0.0012492969559,0.053226586816
goe436,ok,,30.665022869,2720597719.7,629015.57049,2545390.0728,112913877.46,3932259.0624,212287091.22,0.0,0.0,0.0,-7.3153411683e-09,1.1538263417e-09,2.1911776415e-09,7.1498628589e-08,0.0,0.0,-4.234192921e-08,0.0,0.0,0.0,0.0,-2.9360478982e-09,0.22697986376,0.026148817518,0.026633732758,0.044973750651
goe437,ok,,29.714054229,2636227878.4,222496.70392,1448322.2988,110268874.81,1676099.2996,194667782.18,0.0,0.0,0.0,-2.1617621239e-08,1.3690599805e-09,-4.8385771194e-09,2.5682119991e-07,0.0,0.0,-1.988482303e-07,0.0,0.0,0.0,0.0,-6.4069445997e-09,0.22128978796,0.033860859806,0.044243075821,0.057141870476
goe438,ok,,30.664334907,2720536683.8,630500.59631,2553489.7154,112913408.13,3943375.1634,212275722.62,0.0,0.0,0.0,-7.3213439816e-09,1.1551116698e-09,2.3772452151e-09,7.1514679819e-08,0.0,0.0,-4.032817468e-08,0.0,0.0,0.0,0.0,-3.0025297977e-09,0.22676591658,0.026189616076,0.025426938184,0.045090048271
goe439,ok,,29.798690977,2643736842.1,282445.55536,1754018.5072,110307227.86,2107791.2411,195848004.18,0.0,0.0,0.0,-1.8617241419e-08,1.3501773305e-09,-2.7470318055e-09,2.1910348271e-07,0.0,0.0,-1.4363250067e-07,0.0,0.0,0.0,0.0,-5.7640408203e-09,0.22009156249,0.036572737097,0.040568361419,0.061884804855
goe440,ok,,30.781494531,2730931073.7,983444.13542,6030170.6001,110000203.0,7967492.6427,208688773.28,0.0,0.0,0.0,-9.391121237e-09,1.2222210899e-09,-3.0365958583e-10,1.1683468677e-07,0.0,0.0,-2.576260031e-08,0.0,0.0,0.0,0.0,-2.1053522316e-09,0.22211438991,0.071118670559,0.025336078188,0.11490038751
goe443,ok,,28.654300388,2542206625.0,102600.2741,465121.61315,108001594.84,558568.80308,177469084.76,0.0,0.0,0.0,-1.7626228228e-17,1.2272033762e-09,5.0484296086e-14,-3.9519382642e-14,0.0,0.0,-1.2376298276e-06,0.0,0.0,0.0,0.0,-8.0899588686e-17,0.21779066,3.9398170609e-15,0.12698115955,-4.0546994914e-09
goe442,ok,,30.096050498,2670118548.6,264721.29332,1427145.8173,111580579.44,1813842.0733,202042760.07,0.0,0.0,0.0,-1.8664104453e-08,1.3425775703e-09,6.2997040623e-09,1.9600378021e-07,0.0,0.0,-3.5868433914e-08,0.0,0.0,0.0,0.0,-6.942791735e-09,0.22372664367,0.03104128785,0.009495138215,0.051886374193
goe441,ok,,31.468994703,2791926019.3,1133071.1631,5760576.3341,113057002.73,8536052.1483,224069400.34,0.0,0.0,0.0,-6.5180220341e-09,1.0062967263e-09,6.2267922975e-10,8.10145346e-08,0.0,0.0,3.8769240042e-09,0.0,0.0,0.0,0.0,-2.5642740605e-10,0.22228234846,0.055151901819,-0.0043928307907,0.091795232948
goe444,ok,,29.295687436,2599110418.9,145981.51742,594711.51522,109734292.74,800233.16688,188280573.96,0.0,0.0,0.0,-8.4907785223e-18,1.201299175e-09,-9.4846082942e-16,3.62717673e-15,0.0,0.0,-8.028833633e-07,0.0,0.0,0.0,0.0,-3.753091137e-17,0.22618129817,1.5910775033e-15,0.11720613168,5.2950076298e-10
goe445,ok,,29.452203468,2612996505.4,187812.58845,742705.57543,110118803.56,1042285.6941,190936990.95,0.0,0.0,0.0,-3.6640096177e-18,1.1819044234e-09,-2.0939898634e-15,4.8114488897e-15,0.0,0.0,-5.0022195762e-07,0.0,0.0,0.0,0.0,-1.623875526e-17,0.2256692742,-6.0295772554e-16,0.093947980657,9.0365067015e-10
goe446,ok,,31.516610426,2796150481.4,937361.17621,3992357.1316,114538267.91,6422443.6456,227580378.6,0.0,0.0,0.0,-7.0076974914e-09,1.0876634773e-09,-4.0317768189e-09,8.0277579615e-08,0.0,0.0,-7.8241166911e-08,0.0,0.0,0.0,0.0,-1.3252935935e-09,0.23393795071,0.043018557833,0.073340232243,0.075249086451
goe447,ok,,31.745583607,2816464958.8,916581.18111,4472785.6457,114487476.56,6904173.7097,230844301.44,0.0,0.0,0.0,-8.1449340751e-09,1.1302280414e-09,-5.3307912794e-09,1.0299520889e-07,0.0,0.0,-8.6305354083e-08,0.0,0.0,0.0,0.0,-2.0465965965e-09,0.23428549301,0.052934468979,0.079105863382,0.094403470218
goe448,ok,,31.967145087,2836121870.8,943736.35408,5703807.5518,113654215.28,8195159.5878,232492646.71,0.0,0.0,0.0,-9.0637965063e-09,1.1505850744e-09,-8.9614188651e-09,1.3141034158e-07,0.0,0.0,-9.364066198e-08,0.0,0.0,0.0,0.0,-2.0715080651e-09,0.23164897148,0.070367734508,0.088372096931,0.12401671666
goe450,ok,,30.663429624,2720456367.2,409451.39444,2038844.3781,112963199.81,2865996.6808,212348854.91,0.0,0.0,0.0,-1.3260058439e-08,1.2030699756e-09,-8.0618148036e-09,1.5048462032e-07,0.0,0.0,-1.9307545496e-07,0.0,0.0,0.0,0.0,-3.0455074902e-09,0.23087369627,0.035990901895,0.079055014265,0.06161613763
goe449,ok,,31.671986445,2809935426.0,1656908.1783,5902694.8606,114457960.96,10516414.879,229740686.55,0.0,0.0,0.0,-3.776965425e-09,1.0443218795e-09,-1.001142349e-09,3.78491446e-08,0.0,0.0,-4.3067323073e-08,0.0,0.0,0.0,0.0,-1.0408530874e-09,0.23039496687,0.037202894144,0.071358599818,0.062712557229
goe456,ok,,29.811427988,2644866868.4,251511.84967,1640521.875,110349213.99,1927430.3748,196085510.24,0.0,0.0,0.0,-1.9147661114e-08,1.2142786537e-09,-1.5260092954e-08,2.4121578135e-07,0.0,0.0,-2.8326308853e-07,0.0,0.0,0.0,0.0,-1.9753921767e-09,0.22380366376,0.036054194514,0.071244023339,0.060668627337
goe457,ok,,30.112990173,2671621434.9,279227.45784,1467503.6602,111680624.26,1880760.0215,202468617.6,0.0,0.0,0.0,-1.7418593159e-08,1.2826632002e-09,3.9554345485e-09,1.8063707389e-07,0.0,0.0,-4.611444541e-08,0.0,0.0,0.0,0.0,-5.4005418438e-09,0.22385068449,0.030489690025,0.012876419361,0.050438830935
goe459,ok,,31.015127336,2751658952.5,892032.2946,2999076.0797,114161706.77,5207945.204,219561492.72,0.0,0.0,0.0,-3.3249812639e-19,1.0636520647e-09,-2.591766636e-15,-1.3045896937e-15,0.0,0.0,-5.4421144004e-08,0.0,0.0,0.0,0.0,-1.4231973598e-18,0.23353703507,6.7096392534e-16,0.048545417961,-1.163736138e-09
goe458,ok,,29.806633427,2644441495.4,251533.84865,1640445.133,110333440.88,1926614.8185,195994243.17,0.0,0.0,0.0,-1.9164562392e-08,1.2161014412e-09,-1.5210170934e-08,2.4118643569e-07,0.0,0.0,-2.8291162027e-07,0.0,0.0,0.0,0.0,-1.9991479258e-09,0.22387819174,0.036060983607,0.071161848675,0.060666552412
goe460,ok,,31.821587176,2823207987.8,2062504.0223,6214864.7215,114775749.99,14331581.453,232608090.79,0.0,0.0,0.0,-9.2252034325e-20,9.8129010213e-10,1.1917573945e-15,4.4665722674e-16,0.0,0.0,1.7718477423e-08,0.0,0.0,0.0,0.0,-4.0468971694e-19,0.22825601716,-1.7316656698e-15,-0.036544430952,9.2123232671e-10
goe464,ok,,29.624035424,2628241419.1,114473.32872,4626761.2031,108788532.63,2575014.4271,192504559.92,0.0,0.0,0.0,-2.847332414e-08,1.7080130324e-09,-1.4541759528e-08,1.0344087941e-06,0.0,0.0,-1.5856477269e-07,0.0,0.0,0.0,0.0,-9.1467480283e-09,0.1995155169,0.068658656259,0.018151437347,0.11841221792
goe474,ok,,29.974696641,2659352046.7,267163.76004,1185407.1989,111430099.62,1638911.3548,200117503.13,0.0,0.0,0.0,-1.282124277e-08,1.1808595752e-09,-5.4060348781e-09,1.2909126573e-07,0.0,0.0,-2.4916902407e-07,0.0,0.0,0.0,0.0,-2.5790587482e-09,0.22546135432,0.020060250701,0.066568933356,0.03448850794
goe477,ok,,30.252990006,2684042205.9,408077.64796,1699133.0164,111359254.16,3624013.457,203813219.72,0.0,0.0,0.0,-1.0141868133e-08,1.2031423699e-09,2.0573463017e-08,1.4869826834e-07,0.0,0.0,2.43400884e-07,0.0,0.0,0.0,0.0,-2.7327023305e-09,0.22472114446,0.034532222899,-0.099326460254,0.060680439601
goe476,ok,,31.510907089,2795644481.9,1148145.5404,4491786.0701,114480244.13,7498563.4164,227386249.0,0.0,0.0,0.0,-4.8229712309e-09,1.0627675071e-09,6.5378234244e-10,5.3197881381e-08,0.0,0.0,-2.6348500989e-08,0.0,0.0,0.0,0.0,-1.518171634e-09,0.2291416347,0.033561281328,0.030251913906,0.061078910265
goe479,ok,,30.763640547,2729347070.1,700327.18507,2813100.7299,113102597.92,4405759.311,214019546.01,0.0,0.0,0.0,-6.7984781342e-09,1.1258453246e-09,1.0537992556e-09,6.7821905256e-08,0.0,0.0,-4.1495162309e-08,0.0,0.0,0.0,0.0,-2.1178641562e-09,0.22735510328,0.027833527856,0.029060190214,0.047497523994
goe478,ok,,31.214269086,2769326788.3,979557.72949,3747015.6392,114098242.34,6185665.6405,222337060.93,0.0,0.0,0.0,-5.0022780755e-09,1.0628285124e-09,-5.1447397385e-11,5.2013840289e-08,0.0,0.0,-3.4569875056e-08,0.0,0.0,0.0,0.0,-1.1737156267e-09,0.22821860594,0.029287092067,0.033863188319,0.050950559296
goe480,ok,,30.502051189,2706138888.8,526120.0972,2256709.2969,111736334.81,4759881.7603,207918358.12,0.0,0.0,0.0,-8.2242680393e-09,1.1362367922e-09,1.9383930553e-08,1.2599162324e-07,0.0,0.0,2.3612431164e-07,0.0,0.0,0.0,0.0,-1.7950760606e-09,0.22161619986,0.037255760929,-0.12422974579,0.066286725064
goe481,ok,,32.216584721,2858252129.9,448159.31227,3867578.29,114239596.32,5371561.8467,237441021.65,0.0,0.0,0.0,-1.0661614604e-08,9.5600855858e-10,1.2396836849e-08,2.3631316929e-07,0.0,0.0,1.1540349105e-07,0.0,0.0,0.0,0.0,-1.9234268536e-10,0.22437989935,0.057037759559,-0.051719149182,0.10590594743
goe481a,ok,,31.797324087,2821055369.0,1246043.5947,4238921.5143,115274593.12,8934892.9969,233264562.35,0.0,0.0,0.0,-4.2918344155e-09,9.793863761e-10,1.9213331678e-09,5.1854498795e-08,0.0,0.0,2.9104504593e-08,0.0,0.0,0.0,0.0,-1.1915055707e-11,0.22834955134,0.038322771679,-0.036265481523,0.064612966077
goe482,ok,,30.946242456,2745547493.0,1207197.1484,6425208.2219,110704791.77,9212840.3058,212204792.95,0.0,0.0,0.0,-6.8684025836e-09,1.0316231069e-09,8.5390319769e-11,8.443294113e-08,0.0,0.0,-4.2729628494e-09,0.0,0.0,0.0,0.0,-4.6288331653e-10,0.21269570688,0.062371647457,0.0051583085671,0.10192720576
goe483,ok,,28.767479091,2552247828.1,116717.77859,1554400.1924,107511686.79,1228415.2291,178205128.82,0.0,0.0,0.0,-3.4521333617e-08,1.55559862e-09,-2.474052566e-08,5.8088218442e-07,0.0,0.0,-4.5286784654e-07,0.0,0.0,0.0,0.0,-9.301233036e-09,0.20688921643,0.040047927213,0.052857729043,0.067799278189
goe484,ok,,29.679965382,2633203519.3,180726.26234,1373804.3321,110258564.28,1475149.1339,194249642.29,0.0,0.0,0.0,-2.2971409375e-08,9.8791270605e-10,-3.0120131306e-08,3.1981486824e-07,0.0,0.0,-4.4466064529e-07,0.0,0.0,0.0,0.0,4.0932130934e-09,0.21883777605,0.035208912505,0.080361856432,0.057798945777
goe488,ok,,30.042691554,2665384548.5,257118.29256,1152442.7929,111598355.17,1588810.0316,201321365.55,0.0,0.0,0.0,-1.4359684198e-08,1.2236176403e-09,-4.4290716759e-09,1.4168470916e-07,0.0,0.0,-2.7078354694e-07,0.0,0.0,0.0,0.0,-4.4987410343e-09,0.22566448136,0.021202932636,0.069623403242,0.036429730501
goe490,ok,,30.598837232,2714725736.7,412339.87381,1796641.183,112968583.32,2632205.3513,211437855.78,0.0,0.0,0.0,-1.086040552e-08,1.2191042963e-09,2.094929199e-09,1.107400277e-07,0.0,0.0,-8.2697638945e-08,0.0,0.0,0.0,0.0,-4.4506234245e-09,0.23082791099,0.025886276913,0.034099534007,0.045662529048
goe495,ok,,29.071210732,2579194868.5,203792.03605,1528612.5572,108647779.91,1581697.1191,183873374.08,0.0,0.0,0.0,-2.1261067672e-08,9.4921768197e-10,-2.0985554084e-08,2.7688852281e-07,0.0,0.0,-2.7020237323e-07,0.0,0.0,0.0,0.0,5.8983401994e-09,0.21099232175,0.035600124364,0.055065091788,0.056427675824
goe491,ok,,29.834748608,2646935871.5,116794.21956,641374.79612,111337635.96,759389.16784,198046848.45,0.0,0.0,0.0,-2.9580073531e-08,1.6350640756e-09,4.8387369219e-09,2.822589597e-07,0.0,0.0,-5.6068395448e-07,0.0,0.0,0.0,0.0,-2.1821457703e-08,0.22665322497,0.018712081175,0.065484644884,0.032966214912
goe492,ok,,29.310798651,2600451084.4,182518.64982,1030966.0898,109441831.95,1235565.9939,188033398.85,0.0,0.0,0.0,-1.8069458787e-08,1.0582734065e-09,-2.7263117598e-08,2.1411263171e-07,0.0,0.0,-5.4532599624e-07,0.0,0.0,0.0,0.0,4.9936767277e-09,0.21994675101,0.02368399166,0.099532164544,0.039079548448
goe494,ok,,27.952092659,2479906826.5,91292.589434,1232828.6917,105993841.82,909606.25083,166733419.9,0.0,0.0,0.0,-3.6327114763e-08,6.1358488237e-10,-7.6279677418e-08,6.2281267134e-07,0.0,0.0,-1.1352855383e-06,0.0,0.0,0.0,0.0,1.7422347292e-08,0.19826654111,0.036194537086,0.10364315654,0.056858181498
goe493,ok,,31.091120224,2758401033.8,1190447.4342,4285323.1971,113519686.76,7345617.53,219452880.65,0.0,0.0,0.0,-3.0223186374e-09,1.0386212272e-09,-2.9846389826e-09,3.1906628275e-08,0.0,0.0,-5.081007136e-08,0.0,0.0,0.0,0.0,6.3850816234e-10,0.23103406256,0.023284931196,0.060486719081,0.037983163763
goe497,ok,,30.467326348,2703058104.3,760208.04865,3567097.9467,111605601.03,5126244.9745,207184795.95,0.0,0.0,0.0,-6.7952930618e-09,1.005392119e-09,-2.8221161415e-09,7.7744011366e-08,0.0,0.0,-1.040096004e-08,0.0,0.0,0.0,0.0,1.602635978e-09,0.21985400028,0.036643084598,0.0079068935358,0.059101623174
goe498,ok,,31.269078057,2774189434.7,1225660.5417,5104745.3938,113400952.56,8163006.3137,221809401.79,0.0,0.0,0.0,-4.7500517745e-09,9.9721001828e-10,-3.9798707789e-11,5.1273827411e-08,0.0,0.0,3.1743603472e-09,0.0,0.0,0.0,0.0,1.7350851566e-10,0.22268237317,0.039090180465,-0.0038906882228,0.062844307081
goe496,ok,,29.909180388,2653539451.4,449212.21961,2419244.5872,110501525.34,3125175.5201,197685682.05,0.0,0.0,0.0,-1.0567197822e-08,1.0064678546e-09,-5.1921187185e-09,1.2475420313e-07,0.0,0.0,-3.008427446e-08,0.0,0.0,0.0,0.0,2.7876591248e-09,0.21714800704,0.034918817931,0.013514223706,0.056041112492
goe499,ok,,28.797611465,2554921169.3,191661.19642,1798406.5885,107565695.23,1688919.8328,178747473.95,0.0,0.0,0.0,-2.2180480605e-08,7.0609980764e-10,-3.7669822036e-08,3.424533972e-07,0.0,0.0,-4.118062438e-07,0.0,0.0,0.0,0.0,1.2006492275e-08,0.2065574384,0.041666929955,0.078927277381,0.065635027826
goe500,ok,,29.890055365,2651842681.3,454682.83537,2679183.9112,110099757.48,3359090.5884,196737568.16,0.0,0.0,0.0,-1.18307386e-08,9.7352521038e-10,-9.6315991292e-09,1.4939176384e-07,0.0,0.0,-8.5604393142e-08,0.0,0.0,0.0,0.0,3.1712358784e-09,0.21630102971,0.042049517637,0.038922848194,0.067925870764
goe501,ok,,30.562881478,2711535745.8,768433.79237,3823028.2376,111516955.25,5426102.5946,208341491.79,0.0,0.0,0.0,-7.8637828863e-09,9.9330058341e-10,-3.6446251519e-09,9.3480478168e-08,0.0,0.0,-2.3707687107e-08,0.0,0.0,0.0,0.0,1.4218296821e-09,0.21957295492,0.044366408217,0.018217787912,0.071833558352
goe502,ok,,31.400160037,2785819014.7,1228900.353,5308250.4981,113503013.73,8421337.9579,223895619.37,0.0,0.0,0.0,-4.6932932946e-09,9.6462143695e-10,-1.7017743479e-09,5.5712265487e-08,0.0,0.0,-4.0817245763e-09,0.0,0.0,0.0,0.0,9.1323440615e-10,0.22404264085,0.04124937901,0.0050160327727,0.068464822724
goe503,ok,,31.661873112,2809038172.2,1233267.1741,4431267.8556,114177609.1,9359202.1882,229061491.94,0.0,0.0,0.0,-5.4119211848e-09,1.1375954531e-09,6.5656901409e-09,6.6074568316e-08,0.0,0.0,1.7141055924e-08,0.0,0.0,0.0,0.0,-2.5166132459e-09,0.23123011501,0.045231165377,-0.021139501601,0.081487596146
goe504,ok,,31.652461227,2808203150.7,1712112.0462,6254153.7781,114033569.15,11056693.273,228619373.46,0.0,0.0,0.0,-3.65622522e-09,1.065868439e-09,4.1933782065e-10,3.6649106104e-08,0.0,0.0,-2.9204853943e-08,0.0,0.0,0.0,0.0,-1.3656467275e-09,0.23099831874,0.036946647153,0.050001982243,0.062747376042
goe505,ok,,31.519420223,2796399766.3,1059391.0398,3690342.4979,114379484.75,7800763.2456,227386611.15,0.0,0.0,0.0,-5.4996397879e-09,1.1143447675e-09,5.4543817252e-09,6.6388291728e-08,0.0,0.0,1.396015395e-08,0.0,0.0,0.0,0.0,-2.1670246762e-09,0.23217231534,0.038988184056,-0.014789262009,0.070331161406
goe507,ok,,30.073652548,2668131404.8,395166.28725,1669706.8074,111477132.54,2413660.5812,201536820.09,0.0,0.0,0.0,-8.4762230672e-09,1.1490385748e-09,-3.0305351634e-09,8.7723516543e-08,0.0,0.0,-1.3736336696e-07,0.0,0.0,0.0,0.0,-1.4117422981e-09,0.22574998238,0.019689721327,0.054281371725,0.034665376337
goe506,ok,,31.529254267,2797272241.7,1339551.9697,4386986.0947,114305954.87,9616880.025,227381518.67,0.0,0.0,0.0,-3.7728889777e-09,1.0592578852e-09,3.6773260765e-09,4.2722882299e-08,0.0,0.0,2.2138928353e-08,0.0,0.0,0.0,0.0,-1.0534987116e-09,0.23213829611,0.03393517901,-0.029656245082,0.057229521136
goe508,ok,,31.576638841,2801476196.3,1487628.9204,5661003.9728,114077329.69,9704641.9403,227587300.41,0.0,0.0,0.0,-4.2522111085e-09,1.0655069062e-09,9.3609440508e-10,4.4221172441e-08,0.0,0.0,-2.5829341304e-08,0.0,0.0,0.0,0.0,-1.6735298965e-09,0.22671178525,0.037594519231,0.038424475118,0.065784695016
goe509,ok,,31.187956246,2766992315.9,721770.91572,2860961.1733,114224179.63,4606060.3216,222175211.49,0.0,0.0,0.0,-8.5874972393e-09,1.2726226818e-09,2.78441592e-09,8.2883745477e-08,0.0,0.0,-9.2320154127e-08,0.0,0.0,0.0,0.0,-5.5426805458e-09,0.23384762025,0.033606802121,0.066634002184,0.059823076871
goe514,ok,,31.780783013,2819587846.5,1496789.3508,4937222.9449,114636842.32,10690534.101,231759630.04,0.0,0.0,0.0,-4.4895600722e-09,1.1035932474e-09,5.3777247408e-09,5.018184834e-08,0.0,0.0,6.2628560924e-09,0.0,0.0,0.0,0.0,-2.3016056071e-09,0.23000403603,0.042363361356,-0.0093741763049,0.075111656201
goe513,ok,,31.750671307,2816916339.1,1526353.6168,4825785.0813,114952598.64,10544695.888,231932637.8,0.0,0.0,0.0,-3.7824508445e-09,1.0884291708e-09,5.867043163e-09,4.0273218615e-08,0.0,0.0,9.6588661289e-09,0.0,0.0,0.0,0.0,-2.4678110555e-09,0.22943433222,0.033938475277,-0.01474284525,0.061471172893
goe510,ok,,31.553069334,2799385112.0,1016097.089,3560247.8173,114546513.12,7483335.0167,228188531.67,0.0,0.0,0.0,-5.5175713561e-09,1.1082193002e-09,5.9726878621e-09,6.728625335e-08,0.0,0.0,2.0509024815e-08,0.0,0.0,0.0,0.0,-2.2938238374e-09,0.2311937688,0.037332666073,-0.020839160412,0.068369366158
goe511,ok,,32.025977371,2841341465.1,1522740.1062,5227939.8402,114925230.52,11207101.731,236005338.53,0.0,0.0,0.0,-5.4381902522e-09,1.1645863389e-09,7.3192152988e-09,6.1050825239e-08,0.0,0.0,5.2717364255e-09,0.0,0.0,0.0,0.0,-3.2504145722e-09,0.2277122584,0.052724872046,-0.0080274844846,0.09296454011
goe515,ok,,30.288387698,2687182685.5,387639.42956,1599240.0376,112211974.97,2365742.8016,205762760.87,0.0,0.0,0.0,-8.0754755337e-09,1.131402949e-09,-3.2173714895e-09,8.5849535223e-08,0.0,0.0,-1.4166567544e-07,0.0,0.0,0.0,0.0,-1.2264861984e-09,0.22797730146,0.01844316745,0.054915201617,0.033278664862
goe512,ok,,31.487826393,2793596764.9,1029218.0332,3441508.1639,114661109.73,7308221.2348,227448457.24,0.0,0.0,0.0,-5.8818216813e-09,1.1757749524e-09,8.9526198904e-09,6.4306621315e-08,0.0,0.0,2.2425577316e-08,0.0,0.0,0.0,0.0,-3.6179174797e-09,0.23186243414,0.036881745836,-0.023080808577,0.066185534308
goe517,ok,,29.78268637,2642316914.9,244807.65675,1285001.8502,110411271.5,1775982.1381,195741964.69,0.0,0.0,0.0,-2.0088015847e-08,1.5060452238e-09,-8.5241156347e-09,2.2144024273e-07,0.0,0.0,-3.784079362e-07,0.0,0.0,0.0,0.0,-9.5592507396e-09,0.22795553811,0.031815199283,0.092637160156,0.054210266934
goe518,ok,,32.029402564,2841645347.9,1674846.6531,5523765.7377,115010073.6,12209918.76,236240237.4,0.0,0.0,0.0,-4.8020294142e-09,1.1293252691e-09,6.9953738477e-09,5.1961441608e-08,0.0,0.0,9.3760635435e-09,0.0,0.0,0.0,0.0,-2.8132503828e-09,0.22749243292,0.050881514313,-0.015703468645,0.087027446568
goe522,ok,,32.205989779,2857312147.7,2420453.1942,8719300.5057,114634728.0,15932991.295,238062518.01,0.0,0.0,0.0,-2.3774310959e-09,9.4610580583e-10,-2.1862756648e-10,2.5010202339e-08,0.0,0.0,-7.0763552937e-09,0.0,0.0,0.0,0.0,-1.263137089e-10,0.22409229229,0.037428753317,0.017127986774,0.06053602414
goe523,ok,,31.110034154,2760079075.8,1199942.0916,6515945.8745,111113118.23,9321440.4811,215309281.13,0.0,0.0,0.0,-7.4940375106e-09,8.9633131687e-10,-3.1429374941e-09,9.2004946236e-08,0.0,0.0,-1.1344180871e-08,0.0,0.0,0.0,0.0,1.3914430895e-09,0.21388247957,0.072642110443,0.013612360121,0.11040060762
goe525,ok,,31.110034154,2760079075.8,1199942.0916,6515945.8745,111113118.23,9321440.4811,215309281.13,0.0,0.0,0.0,-7.4940375106e-09,8.9633131687e-10,-3.1429374941e-09,9.2004946236e-08,0.0,0.0,-1.1344180871e-08,0.0,0.0,0.0,0.0,1.3914430895e-09,0.21388247957,0.072642110443,0.013612360121,0.11040060762
goe527,ok,,31.514754659,2795985837.9,1408238.5816,5483176.9841,113941524.32,9257366.4368,226413498.21,0.0,0.0,0.0,-4.8151283052e-09,1.0963289557e-09,2.4109811882e-09,4.8578831443e-08,0.0,0.0,-1.5152807585e-08,0.0,0.0,0.0,0.0,-2.1897008109e-09,0.22601778308,0.040010981055,0.02133876826,0.068410584685
goe528,ok,,30.943298038,2745286264.4,763054.34398,3518525.8805,112909610.82,5274779.3992,216214174.18,0.0,0.0,0.0,-8.9164688726e-09,1.2136386348e-09,2.7050506486e-09,9.6131167982e-08,0.0,0.0,-3.1179137714e-08,0.0,0.0,0.0,0.0,-3.6080650739e-09,0.22561773927,0.042754385761,0.023791376474,0.07335330532
goe531,ok,,32.934927634,2921983440.3,1114681.4158,9640472.0278,112166791.16,12740205.799,243733160.83,0.0,0.0,0.0,-7.0490519983e-09,9.264388503e-10,-1.8035999254e-08,1.5118177314e-07,0.0,0.0,-1.0580822222e-07,0.0,0.0,0.0,0.0,1.4302776788e-10,0.22893378313,0.090223853126,0.11794245894,0.16851951292
goe529,ok,,30.346434795,2692332618.1,461331.3633,2466424.7866,111528127.65,3321302.9379,205351818.35,0.0,0.0,0.0,-1.2883060269e-08,1.3027305196e-09,6.802434279e-10,1.472991401e-07,0.0,0.0,-7.9457290164e-08,0.0,0.0,0.0,0.0,-5.0619524237e-09,0.22296331452,0.039051247492,0.036656139995,0.067953713114
goe530,ok,,31.398262847,2785650696.2,945377.65599,3678662.9864,114584355.76,6061375.9623,225947118.41,0.0,0.0,0.0,-6.4490080663e-09,1.1893041779e-09,4.6498891844e-09,6.4154274262e-08,0.0,0.0,-3.5535536743e-08,0.0,0.0,0.0,0.0,-4.409544461e-09,0.2295762799,0.032977995627,0.033594502431,0.060650017424
goe526,ok,,31.046309718,2754425450.3,848610.82468,3269233.6024,113804753.27,5303226.628,219356046.57,0.0,0.0,0.0,-5.7141652011e-09,1.1106359356e-09,1.0362990473e-09,5.7988322799e-08,0.0,0.0,-4.6961047054e-08,0.0,0.0,0.0,0.0,-2.2548201034e-09,0.22860063099,0.027573988476,0.039851652868,0.049209518433
goe532,ok,,30.431789427,2699905272.4,698028.13081,3243838.2492,111829236.68,4631705.6165,207119639.59,0.0,0.0,0.0,-8.2017023451e-09,1.1557440786e-09,5.4898563286e-09,8.2577697176e-08,0.0,0.0,3.0875276478e-08,0.0,0.0,0.0,0.0,-2.7674192231e-09,0.21756291246,0.035205094879,-0.021551811528,0.057641555606
goe533,ok,,30.446668689,2701225359.0,843087.06264,3747496.8405,111533541.46,5554653.3133,206771401.99,0.0,0.0,0.0,-6.5881102774e-09,1.11920812e-09,2.6670407647e-09,6.6085508082e-08,0.0,0.0,5.433524917e-09,0.0,0.0,0.0,0.0,-1.7540629996e-09,0.21812513186,0.034472792395,-0.004580934562,0.055715836892
goe534,ok,,30.77236198,2730120834.7,754414.8653,3987965.8494,112381930.04,5391986.4252,212882894.33,0.0,0.0,0.0,-7.4507664932e-09,1.1106588859e-09,9.9878323095e-09,8.43134387e-08,0.0,0.0,1.0668093399e-07,0.0,0.0,0.0,0.0,-2.4340148712e-09,0.21558169811,0.037351701815,-0.080481682443,0.0636073115
goe535,ok,,31.228081985,2770552267.4,1096519.0033,5173270.7064,113077796.78,7704645.9034,220619690.6,0.0,0.0,0.0,-5.5484655475e-09,1.0130561772e-09,3.5717682879e-09,6.1776151519e-08,0.0,0.0,4.1680718929e-08,0.0,0.0,0.0,0.0,-4.8901385432e-10,0.21888483464,0.041924891332,-0.045703700379,0.067738724094
goe54,ok,,27.703441404,2457846512.4,134974.2269,1095411.1614,107123720.62,894191.40901,168188721.84,0.0,0.0,0.0,-3.0263174984e-08,1.9200309278e-09,4.3819521947e-08,2.7761941739e-07,0.0,0.0,5.9812523274e-07,0.0,0.0,0.0,0.0,-2.9435930099e-08,0.18872874585,0.022108884618,-0.080731490877,0.037471466233
goe546,ok,,30.369223786,2694354455.0,531832.03596,2208242.5522,112178892.11,3318564.6275,206832970.48,0.0,0.0,0.0,-7.6809470645e-09,1.0981359192e-09,-3.5714802953e-09,7.789825045e-08,0.0,0.0,-8.9128883172e-08,0.0,0.0,0.0,0.0,-1.113940803e-10,0.22654340029,0.025405976814,0.0474015954,0.041428785135
goe547,ok,,30.700211009,2723719607.9,584384.41431,2381951.3856,113014702.29,3711108.6183,212948746.03,0.0,0.0,0.0,-7.1359364254e-09,1.0620573238e-09,-6.7091873705e-09,7.8458935996e-08,0.0,0.0,-1.1440834249e-07,0.0,0.0,0.0,0.0,9.4454179958e-10,0.23148755717,0.027294009173,0.066858452219,0.04585017936
goe549,ok,,30.856911729,2737622079.9,914809.52714,3792887.4164,112717065.52,5991394.9041,214615976.32,0.0,0.0,0.0,-5.7956283008e-09,1.1173111891e-09,1.2727420332e-09,6.036227034e-08,0.0,0.0,-2.6927289576e-08,0.0,0.0,0.0,0.0,-1.9329432678e-09,0.22535486294,0.032118489319,0.024633341044,0.055219979986
goe548,ok,,30.824982474,2734789319.6,777290.1044,2701055.0219,113477048.25,4604545.5469,215565033.87,0.0,0.0,0.0,-3.3764867801e-09,1.0836296144e-09,-3.9084156392e-09,3.3991751432e-08,0.0,0.0,-1.1779089313e-07,0.0,0.0,0.0,0.0,4.7794129673e-10,0.23519328529,0.016064857114,0.091557695618,0.026421452019
goe553,ok,,30.458659799,2702289209.0,839321.36693,3742203.1397,111600824.15,5530121.8536,207061887.4,0.0,0.0,0.0,-6.6427129183e-09,1.1214550771e-09,3.0782146812e-09,6.6325265017e-08,0.0,0.0,9.9542206476e-09,0.0,0.0,0.0,0.0,-1.8658228971e-09,0.21799296688,0.034489483882,-0.0083547900806,0.055668212096
goe550,ok,,30.805050291,2733020938.4,792040.61046,3447526.6074,112800597.35,5209936.6381,214049626.49,0.0,0.0,0.0,-5.1838071507e-09,1.0235007921e-09,-1.360705379e-09,6.0698452308e-08,0.0,0.0,6.8409453014e-09,0.0,0.0,0.0,0.0,1.1065351348e-09,0.22546927255,0.028308096505,-0.0054183064927,0.04807563922
goe55,ok,,29.044411728,2576817263.5,119445.88363,847932.04515,111108159.66,747104.35671,190313768.82,0.0,0.0,0.0,-2.0933596465e-08,1.3472837239e-09,2.9468604116e-08,1.9372908167e-07,0.0,0.0,7.7595032969e-07,0.0,0.0,0.0,0.0,-1.4957913413e-08,0.21185334529,0.013273758496,-0.092684072784,0.023140141346
goe559,ok,,30.011337203,2662602793.7,540196.24836,2314187.9953,110506853.23,3435668.8805,198942023.02,0.0,0.0,0.0,-7.4927280816e-09,1.2968397227e-09,-4.6324471822e-10,7.1585914913e-08,0.0,0.0,-1.568697689e-07,0.0,0.0,0.0,0.0,-4.1439079291e-09,0.23672061564,0.02237693505,0.084740460639,0.038670442672
goe561,ok,,33.043318051,2931599827.1,3092352.4676,10415304.04,114466471.61,23517229.226,250486940.99,0.0,0.0,0.0,-3.3542183382e-09,1.0515132322e-09,4.4852866615e-09,3.7723843437e-08,0.0,0.0,-2.1594621728e-09,0.0,0.0,0.0,0.0,-2.1149475516e-09,0.22088003575,0.068082294436,0.0066778181789,0.11665542034
goe563,ok,,30.165778931,2676304848.1,414708.52813,1614336.5021,111914325.78,2444132.617,203558308.75,0.0,0.0,0.0,-6.6222871987e-09,1.1181767315e-09,-2.830387299e-09,6.4047938304e-08,0.0,0.0,-1.2857594226e-07,0.0,0.0,0.0,0.0,-4.6338489794e-10,0.22608713444,0.015929708381,0.053321539766,0.026561226224
goe562,ok,,31.435972804,2788996319.8,914441.50168,3386250.9369,114127684.47,6877584.6459,225614159.15,0.0,0.0,0.0,-6.9529152347e-09,1.2352184644e-09,9.970578372e-09,8.1192039755e-08,0.0,0.0,2.4253397297e-08,0.0,0.0,0.0,0.0,-4.2080626855e-09,0.2330422586,0.041110263753,-0.022178313045,0.074245370758
goe564,ok,,30.313114788,2689376470.4,368177.7494,1457565.9758,112400333.34,2195159.2731,206443168.96,0.0,0.0,0.0,-8.9344796575e-09,1.1283939409e-09,-4.07822232e-09,8.6043413134e-08,0.0,0.0,-1.682983422e-07,0.0,0.0,0.0,0.0,-9.8698265315e-10,0.22895193302,0.019116652948,0.061963704858,0.031679270198
goe565,ok,,29.952058032,2657343551.7,348611.1246,1500520.0091,111254493.21,2129379.7053,199513441.1,0.0,0.0,0.0,-9.3796796752e-09,1.1140808566e-09,-3.8471216907e-09,9.4169495678e-08,0.0,0.0,-1.0468533741e-07,0.0,0.0,0.0,0.0,2.7859336422e-10,0.22338418238,0.020105425129,0.036494473203,0.032828533792
goe566,ok,,30.082314542,2668899896.0,401573.70338,1602917.6113,111645108.07,2386852.9887,201954767.16,0.0,0.0,0.0,-8.4150100894e-09,1.1801012824e-09,1.1483433746e-10,7.6494554802e-08,0.0,0.0,-1.4548955918e-07,0.0,0.0,0.0,0.0,-3.3293452578e-09,0.22480688997,0.01830009812,0.058424781083,0.03071820166
goe567,ok,,30.738434476,2727110790.0,984545.3384,4387086.1105,111925137.36,6660015.6791,211490992.79,0.0,0.0,0.0,-5.1481642001e-09,1.0092878001e-09,-1.9525994249e-09,5.9596560113e-08,0.0,0.0,-5.413677209e-09,0.0,0.0,0.0,0.0,1.103402317e-09,0.22144454449,0.035916181426,0.0053300106598,0.058675515444
goe57,ok,,30.098158165,2670305540.7,193444.44006,1462552.5199,111665903.58,1581621.9926,202321239.92,0.0,0.0,0.0,-2.466182329e-08,1.4132629089e-09,-6.1942419462e-09,3.1988276652e-07,0.0,0.0,-2.2062442627e-07,0.0,0.0,0.0,0.0,-7.9073012381e-09,0.22348614705,0.036216393649,0.042678568604,0.061879542654
goe570,ok,,33.902971802,3007868220.7,5782580.7277,17558632.038,113630184.71,43323356.495,262061077.86,0.0,0.0,0.0,-1.7329414148e-09,8.8842122184e-10,1.1266411563e-09,1.8802247529e-08,0.0,0.0,-6.9184193818e-09,0.0,0.0,0.0,0.0,-7.1583823131e-10,0.21846806548,0.068380496169,0.040006318583,0.1087255142
goe571,ok,,32.940950078,2922517750.9,2977011.1885,10157392.602,114224093.96,22903616.05,248391368.67,0.0,0.0,0.0,-3.2914757067e-09,1.0380617564e-09,4.6140336941e-09,3.7846427353e-08,0.0,0.0,2.6436588981e-09,0.0,0.0,0.0,0.0,-1.927388433e-09,0.22119963438,0.065763529083,-0.0078702021182,0.11266923767
goe572,ok,,32.005485987,2839523471.5,1553445.896,5811589.106,113949406.12,12077512.515,233677666.76,0.0,0.0,0.0,-5.2791867336e-09,1.2120872664e-09,9.0443676779e-09,6.2707758862e-08,0.0,0.0,1.7726609854e-08,0.0,0.0,0.0,0.0,-3.6336416649e-09,0.22852306103,0.053840207412,-0.027537329327,0.097413110651
goe573,ok,,31.43844977,2789216075.9,889854.28281,3357693.0273,114028045.23,6854528.0427,225451995.39,0.0,0.0,0.0,-7.1366620052e-09,1.2591635062e-09,1.1095571931e-08,8.6039041294e-08,0.0,0.0,2.7926221068e-08,0.0,0.0,0.0,0.0,-4.5965299234e-09,0.23289593891,0.041623247293,-0.02485026742,0.076562209384
goe574,ok,,30.992416562,2749644055.0,475022.75997,1812452.9169,113758221.69,3591262.5071,218472165.56,0.0,0.0,0.0,-1.0322532783e-08,1.2559738449e-09,8.7212860227e-09,1.2370935838e-07,0.0,0.0,4.5296985491e-09,0.0,0.0,0.0,0.0,-4.5562192981e-09,0.23741995055,0.033195160648,-0.0021517099067,0.058764760854
goe575,ok,,31.433917317,2788813957.2,1122359.6682,3294532.5511,115375217.89,6965662.5806,228024202.08,0.0,0.0,0.0,-4.0176185751e-09,1.0715178154e-09,1.5243400809e-09,3.782983924e-08,0.0,0.0,-4.3898619867e-08,0.0,0.0,0.0,0.0,-1.6547455088e-09,0.23373900735,0.025294673322,0.04927004043,0.042458685818
goe584,ok,,30.489391989,2705015765.8,629901.03851,2446308.4014,111728302.74,5432130.3105,207724728.52,0.0,0.0,0.0,-6.6384714085e-09,1.1488517761e-09,1.7060375275e-08,9.5260289712e-08,0.0,0.0,2.0151542465e-07,0.0,0.0,0.0,0.0,-2.2601561852e-09,0.22167766866,0.033344564415,-0.12693477526,0.060004555419
goe585,ok,,30.159141116,2675715941.8,334445.29606,1512305.5021,111864144.43,2097475.225,203397080.04,0.0,0.0,0.0,-1.2167159264e-08,1.2072536585e-09,2.4624465782e-09,1.203012817e-07,0.0,0.0,-6.3981529239e-08,0.0,0.0,0.0,0.0,-3.9868867473e-09,0.2248395549,0.023641788288,0.021398321489,0.040234197774
goe587,ok,,29.674306346,2632701450.2,166681.53931,820033.52236,110542539.38,1066815.0431,194482776.68,0.0,0.0,0.0,-2.0396625907e-08,1.4930565632e-09,-8.4535948881e-09,1.9154539796e-07,0.0,0.0,-8.0716891127e-07,0.0,0.0,0.0,0.0,-1.4938967841e-08,0.22708037801,0.01814505641,0.13454015662,0.031927081781
goe590,ok,,29.585365021,2624810584.9,150704.06065,983080.7567,110139190.33,1124313.0253,192598412.52,0.0,0.0,0.0,-2.560394039e-08,1.7362627962e-09,-1.0298367427e-08,2.8750871066e-07,0.0,0.0,-6.9941792932e-07,0.0,0.0,0.0,0.0,-1.9851121917e-08,0.22417323643,0.02379547816,0.10540512204,0.043328730169
goe591,ok,,30.706277006,2724257782.5,652179.28574,2819188.0226,112677490.49,4284325.2887,212432053.61,0.0,0.0,0.0,-8.8869381587e-09,1.1979642911e-09,4.4833815285e-10,9.1516906631e-08,0.0,0.0,-6.9294848491e-08,0.0,0.0,0.0,0.0,-3.3087883106e-09,0.22767149848,0.034854229568,0.045192664794,0.059685430799
goe592,ok,,31.435575146,2788961039.6,1152890.3269,4987468.5812,113537957.59,7990868.0244,224495425.55,0.0,0.0,0.0,-6.8759491098e-09,1.1077479609e-09,-2.0734924034e-09,7.6339858088e-08,0.0,0.0,-5.4548286099e-08,0.0,0.0,0.0,0.0,-1.8491712384e-09,0.22581877153,0.051619684176,0.062888191394,0.088011483947
goe593,ok,,31.011308098,2751320110.1,785034.58476,2960074.3848,113844612.46,4863869.8421,218925487.54,0.0,0.0,0.0,-6.4583428565e-09,1.1314602281e-09,3.4439446394e-10,6.1440673704e-08,0.0,0.0,-6.5791919812e-08,0.0,0.0,0.0,0.0,-2.305496664e-09,0.2318187092,0.028816714895,0.051648932451,0.048233053769
goe595,ok,,30.437706762,2700430257.7,484173.75281,1870366.6384,112529165.44,2922232.2358,208399168.07,0.0,0.0,0.0,-8.0434113936e-09,1.1584573349e-09,-2.6752915391e-09,7.5061694374e-08,0.0,0.0,-1.5756943122e-07,0.0,0.0,0.0,0.0,-2.1103747267e-09,0.2310748501,0.022080528033,0.076290982842,0.036342902258
goe596,ok,,30.308998195,2689011246.7,471131.59015,2079126.2044,111950073.04,3022112.4537,205588826.35,0.0,0.0,0.0,-9.9669533055e-09,1.2115871992e-09,1.4284073722e-09,1.0062173085e-07,0.0,0.0,-7.9643540547e-08,0.0,0.0,0.0,0.0,-3.9727451755e-09,0.22445074931,0.027430493041,0.037522587903,0.047406076059
goe598,ok,,29.55893398,2622465625.6,198940.28575,815569.19749,110696848.86,1128887.8881,193394041.26,0.0,0.0,0.0,-5.4563184435e-09,1.1561605036e-09,-5.4432610823e-09,5.4598887621e-08,0.0,0.0,-3.8128333016e-07,0.0,0.0,0.0,0.0,9.3688027453e-10,0.22471033528,0.0063972400221,0.075852614653,0.010861918305
goe599,ok,,30.815133214,2733915494.2,528159.29506,1847226.7926,114015252.68,3074443.2455,216402588.06,0.0,0.0,0.0,-3.2283125034e-09,1.0871271376e-09,-3.7029594284e-09,3.2709063887e-08,0.0,0.0,-1.3565660096e-07,0.0,0.0,0.0,0.0,8.6390648205e-10,0.23711098647,0.010555113342,0.071648294735,0.017275596125
goe602,ok,,30.333734707,2691205867.5,501841.67982,2050591.9797,112076033.23,3108239.0935,206154554.17,0.0,0.0,0.0,-8.3095768767e-09,1.1329750444e-09,-3.4976263589e-09,8.1849024962e-08,0.0,0.0,-1.1718519042e-07,0.0,0.0,0.0,0.0,-1.0024033431e-09,0.22822827512,0.025117306314,0.05880841281,0.041075252179
goe602m,ok,,30.154277351,2675284429.1,437098.80923,1974112.3801,111538704.91,2804706.1024,202760061.16,0.0,0.0,0.0,-9.7276634361e-09,1.1070652444e-09,-4.1484284104e-09,1.0182015915e-07,0.0,0.0,-8.5665237848e-08,0.0,0.0,0.0,0.0,1.9164761596e-10,0.22552873608,0.027404470162,0.037444173455,0.044505470322
goe601,ok,,31.34792933,2781185111.6,1438317.4332,4884001.5804,114273064.94,8707636.2416,224612404.16,0.0,0.0,0.0,-1.9115712785e-09,1.0293105615e-09,-1.3007162494e-09,1.9249806151e-08,0.0,0.0,-4.0248383876e-08,0.0,0.0,0.0,0.0,1.1533793634e-10,0.23162689505,0.016877912761,0.057889952186,0.027687331773
goe604,ok,,31.584967235,2802215090.6,1568312.8248,6020622.0103,113945108.21,10254579.098,227452747.04,0.0,0.0,0.0,-4.084064719e-09,1.0957009754e-09,3.9885422014e-09,3.9643622574e-08,0.0,0.0,-8.5036440634e-10,0.0,0.0,0.0,0.0,-2.5348520269e-09,0.22489721897,0.0360599565,0.0013336374042,0.062173601704
goe600,ok,,31.202937956,2768321491.7,913516.15915,3177511.9642,114706590.34,5466444.2495,223290041.46,0.0,0.0,0.0,-2.4214979205e-09,1.0668451721e-09,-4.8286537128e-10,2.3993623077e-08,0.0,0.0,-5.6327132643e-08,0.0,0.0,0.0,0.0,-4.4860629577e-10,0.2368884946,0.012656144177,0.051455745868,0.021918562398
goe610b,ok,,30.409924314,2697965401.7,309272.07187,1755320.6597,112088922.85,2302534.2148,207208593.53,0.0,0.0,0.0,-1.6924386297e-08,1.3757436408e-09,-6.382491469e-09,2.0130217081e-07,0.0,0.0,-2.3607723948e-07,0.0,0.0,0.0,0.0,-7.0210302668e-09,0.22829778321,0.035287607829,0.073012096975,0.062257139436
goe610bm,ok,,30.814746408,2733881176.9,265020.66484,1761278.2659,113827992.47,2128609.4808,216163284.18,0.0,0.0,0.0,-2.0062011756e-08,1.3358151168e-09,-6.2160351663e-09,2.5520978222e-07,0.0,0.0,-1.8503909045e-07,0.0,0.0,0.0,0.0,-5.8190720068e-09,0.23499312729,0.039799606569,0.049039182771,0.067635866157
goe611,ok,,31.121047301,2761056161.1,853535.71149,3087809.4774,114084819.89,5998422.3876,221103373.33,0.0,0.0,0.0,-7.7391846385e-09,1.2372795476e-09,5.7254496343e-09,8.1795323576e-08,0.0,0.0,-3.0021967954e-08,0.0,0.0,0.0,0.0,-4.0955679115e-09,0.23135889058,0.040764421937,0.025624821778,0.069815229705
goe612,ok,,31.264108337,2773748521.7,1187412.7887,4708141.0131,113658246.28,7694929.4175,222241245.11,0.0,0.0,0.0,-4.6708266531e-09,1.049738758e-09,5.0020794638e-10,4.9708181492e-08,0.0,0.0,-1.5755980254e-08,0.0,0.0,0.0,0.0,-9.3600413347e-10,0.22580616878,0.034317159889,0.018708852453,0.059024130408
goe614,ok,,31.901179517,2830269412.2,1758534.4426,6784966.2126,114356035.06,11806055.007,232926243.92,0.0,0.0,0.0,-3.8260441803e-09,1.0127802002e-09,5.017084912e-10,4.1330840991e-08,0.0,0.0,-1.0165595988e-08,0.0,0.0,0.0,0.0,-7.7202984063e-10,0.22775961301,0.043098316156,0.017876550674,0.072681707422
goe613,ok,,30.711787252,2724746651.0,573728.77252,2309582.5761,113092331.82,3598164.0289,213275026.47,0.0,0.0,0.0,-9.0042928299e-09,1.2005132591e-09,4.033356169e-10,8.5564123948e-08,0.0,0.0,-1.0061807762e-07,0.0,0.0,0.0,0.0,-3.7235148358e-09,0.23026369559,0.029319245835,0.057727486167,0.049090599804
goe615,ok,,31.215403332,2769427418.5,975865.30776,4019143.4644,113743740.21,6425286.9616,221691589.96,0.0,0.0,0.0,-6.628729117e-09,1.1343503984e-09,2.634357729e-09,6.7806077872e-08,0.0,0.0,-1.8849921388e-08,0.0,0.0,0.0,0.0,-2.5981487683e-09,0.22687157388,0.038815269814,0.018394984337,0.066169599051
goe617,ok,,31.176217643,2765950868.2,1075076.0417,3627107.3433,114352651.32,6369413.8135,222258784.65,0.0,0.0,0.0,-2.6738419888e-09,1.0786225188e-09,1.5622207408e-09,2.3597071366e-08,0.0,0.0,-5.6550427534e-08,0.0,0.0,0.0,0.0,-1.8197336137e-09,0.23281202889,0.014334349333,0.060796009789,0.02536864608
goe619,ok,,31.094163849,2758671063.9,957886.99925,3929491.5947,113527893.87,6212368.7598,219535349.51,0.0,0.0,0.0,-5.1030211647e-09,1.0493356469e-09,6.7484090382e-10,5.5227117571e-08,0.0,0.0,-1.1717491871e-09,0.0,0.0,0.0,0.0,-5.3665988332e-10,0.22662865366,0.030946639398,0.0011224033127,0.052901337927
goe620,ok,,31.788464348,2820269333.8,1606611.1505,6162936.331,114446930.82,10652569.677,231434444.53,0.0,0.0,0.0,-3.9435855491e-09,1.0073474487e-09,-4.0452554655e-10,4.3132669819e-08,0.0,0.0,-1.7540406221e-08,0.0,0.0,0.0,0.0,-5.0407283154e-10,0.22822705111,0.040785048419,0.028180612219,0.069297428281
goe621,ok,,31.270092443,2774279431.0,1187953.7301,4702680.6121,113673233.08,7701096.9066,222355674.18,0.0,0.0,0.0,-4.6679644469e-09,1.0506024054e-09,5.5100894309e-10,4.9762001011e-08,0.0,0.0,-1.5735430639e-08,0.0,0.0,0.0,0.0,-9.6321581527e-10,0.22589477764,0.03427475385,0.018692963521,0.059114954717
goe623,ok,,31.070049506,2756531641.8,765653.82307,2945318.9246,114150733.44,4774569.7802,220333801.7,0.0,0.0,0.0,-6.1336542261e-09,1.1258058003e-09,1.1824522924e-09,5.9755808909e-08,0.0,0.0,-4.84424871e-08,0.0,0.0,0.0,0.0,-2.2832108804e-09,0.23329029302,0.026745630291,0.037090175447,0.045752263542
goe622,ok,,30.175930746,2677205516.1,319430.58065,1317887.289,112222850.06,1910482.5139,204267097.28,0.0,0.0,0.0,-9.5002298133e-09,1.1633794832e-09,-1.4473109043e-09,8.9997670904e-08,0.0,0.0,-1.5167328388e-07,0.0,0.0,0.0,0.0,-2.2650391006e-09,0.22923813312,0.017158361071,0.048449085137,0.028748008274
goe624,ok,,31.816530463,2822759356.6,1361634.7637,5078265.1524,115369418.48,8805453.779,233643413.22,0.0,0.0,0.0,-4.5552494345e-09,1.0788259953e-09,1.6692085825e-09,4.5757033034e-08,0.0,0.0,-2.4101491981e-08,0.0,0.0,0.0,0.0,-1.9822740197e-09,0.23340352084,0.036048438171,0.032817429339,0.062304366862
goe625,ok,,32.392930231,2873897485.7,2085633.7582,7144920.2057,115843127.79,14308269.533,243378850.9,0.0,0.0,0.0,-3.2759511817e-09,1.0018145725e-09,2.0265873232e-09,3.5249086632e-08,0.0,0.0,-2.616075297e-09,0.0,0.0,0.0,0.0,-1.1454611711e-09,0.23068351629,0.043104695155,0.0054561749535,0.073516685025
goe626,ok,,31.157728342,2764310499.3,1154787.0667,5139554.0679,112913110.87,7867845.8977,219276844.52,0.0,0.0,0.0,-4.0760454851e-09,9.6580846335e-10,-6.5736930054e-11,4.7518088494e-08,0.0,0.0,3.1814812513e-08,0.0,0.0,0.0,0.0,1.2871451161e-09,0.22080828931,0.034309486459,-0.03673933402,0.054873274028
goe628,ok,,31.431469934,2788596825.5,1301042.8838,5452822.6077,113625744.74,8772231.41,224591261.65,0.0,0.0,0.0,-4.7514844975e-09,1.0516018007e-09,3.0241508208e-09,5.1088507062e-08,0.0,0.0,1.4141809822e-08,0.0,0.0,0.0,0.0,-1.362155253e-09,0.22339404763,0.039017552898,-0.018399101033,0.066468338556
goe627,ok,,31.544053968,2798585269.7,1246786.4048,3920497.7723,114899091.52,8691797.7555,228743810.69,0.0,0.0,0.0,-3.9479551322e-09,1.0952934866e-09,7.2913459251e-09,3.9480891288e-08,0.0,0.0,3.5700148332e-08,0.0,0.0,0.0,0.0,-2.5189450767e-09,0.23064473256,0.029279651881,-0.04451045959,0.049224238509
goe629,ok,,31.096497681,2758878121.3,1015574.0206,3673815.8551,113980279.34,6167763.6964,220414164.3,0.0,0.0,0.0,-2.9969632797e-09,1.0392007624e-09,-1.138901874e-09,3.1748521673e-08,0.0,0.0,-2.8439853238e-08,0.0,0.0,0.0,0.0,9.7902353957e-11,0.22945336122,0.018623121095,0.028882776098,0.032242973803
goe63,ok,,31.220056613,2769840257.2,340885.54551,2350452.6606,114508676.27,2875300.9029,223205941.87,0.0,0.0,0.0,-1.7654064004e-08,1.502239414e-09,6.0274688414e-09,2.3629710481e-07,0.0,0.0,-5.1808369236e-08,0.0,0.0,0.0,0.0,-9.206477779e-09,0.23076024782,0.044683943808,0.017660724209,0.080550267476
goe630,ok,,31.19805829,2767888568.2,786367.26177,4092453.1357,112964180.3,5932637.0087,219960781.96,0.0,0.0,0.0,-9.5710770728e-09,1.2265057536e-09,7.281987373e-10,1.1563628291e-07,0.0,0.0,-4.2596006122e-08,0.0,0.0,0.0,0.0,-3.5029021392e-09,0.22591298753,0.052110066372,0.033496104697,0.090932587156
goe632,ok,,31.329658359,2779564113.0,970019.39847,3136059.3527,114457333.01,6825884.9795,224687650.94,0.0,0.0,0.0,-4.2906531637e-09,1.1389872385e-09,8.3238729523e-09,4.8386457026e-08,0.0,0.0,2.3880353372e-08,0.0,0.0,0.0,0.0,-3.4556919505e-09,0.23302910508,0.023804446041,-0.023164406013,0.046935801938
goe645,ok,,31.193272512,2767463974.4,1101988.2853,4627291.4141,113400622.38,7304425.4346,220713197.72,0.0,0.0,0.0,-4.9100400382e-09,1.0802214331e-09,3.9042534501e-09,5.1700300621e-08,0.0,0.0,2.2559340926e-08,0.0,0.0,0.0,0.0,-1.7804492795e-09,0.22428358501,0.032953943107,-0.024860129424,0.05697312563
goe633,ok,,31.079960387,2757410934.2,957084.86101,3854208.8711,113513709.43,6146873.0568,219273902.58,0.0,0.0,0.0,-4.6220675301e-09,1.1357571727e-09,5.7518386313e-09,4.8817901512e-08,0.0,0.0,7.8177982139e-09,0.0,0.0,0.0,0.0,-3.6688404563e-09,0.22605520488,0.023325500568,-0.0074822963169,0.046722874483
goe646,ok,,31.719347787,2814137319.5,1687162.8639,6298450.5687,114414507.92,10951009.504,230339985.66,0.0,0.0,0.0,-2.7550341934e-09,9.70251391e-10,-8.6125323401e-10,2.9784599782e-08,0.0,0.0,-2.851438085e-09,0.0,0.0,0.0,0.0,4.4300248079e-10,0.22656079288,0.031270298246,0.0048108404457,0.050251470668
goe647,ok,,31.474285643,2792395431.0,1293748.6214,5192000.2111,113975907.55,8548915.9139,225902938.4,0.0,0.0,0.0,-4.889723946e-09,1.0924763827e-09,3.87241525e-09,4.9537510601e-08,0.0,0.0,6.434259842e-09,0.0,0.0,0.0,0.0,-2.2322209022e-09,0.22562096493,0.037510501277,-0.0083243148004,0.064089086049
goe648,ok,,31.363574534,2782573152.6,1210558.7783,4477891.6714,114374317.42,7571435.4867,225052157.11,0.0,0.0,0.0,-4.2831966524e-09,1.0699787175e-09,2.9117059314e-09,3.9062617036e-08,0.0,0.0,-3.0072435205e-09,0.0,0.0,0.0,0.0,-1.8873774094e-09,0.22697523065,0.029192605881,0.0036404450422,0.047287593956
goe650,ok,,31.093875319,2758645465.5,874800.37058,3695408.1972,113637205.13,5741136.7358,219723164.91,0.0,0.0,0.0,-4.9161844516e-09,1.0001002917e-09,-1.2009832987e-09,5.61306387e-08,0.0,0.0,1.1045697618e-08,0.0,0.0,0.0,0.0,1.2319417756e-09,0.22737389096,0.029834177514,-0.0096627803695,0.049103103536
goe655,ok,,31.049918253,2754745599.1,978115.71201,3872798.5411,113464715.95,6229847.5527,218788616.82,0.0,0.0,0.0,-5.5402562382e-09,1.1165529243e-09,3.1595848443e-09,5.3825481456e-08,0.0,0.0,-6.3346086006e-09,0.0,0.0,0.0,0.0,-2.3191811095e-09,0.2267233222,0.031245935595,0.0061959802017,0.052647549118
goe654,ok,,31.091647093,2758447777.5,1008739.7996,4210918.5913,113194807.53,6673064.5676,218869762.42,0.0,0.0,0.0,-6.1037851617e-09,1.1535739466e-09,4.4687890337e-09,6.1518836774e-08,0.0,0.0,-1.386930661e-10,0.0,0.0,0.0,0.0,-3.0528195084e-09,0.22515913571,0.036159571894,0.0001399052157,0.062056499078
goe670,ok,,30.196848372,2679061325.8,363895.26376,1271923.8633,111821917.1,2912396.4632,203849254.08,0.0,0.0,0.0,-8.2744636028e-09,1.1321126661e-09,1.3547953457e-08,1.1149279427e-07,0.0,0.0,2.628069683e-07,0.0,0.0,0.0,0.0,-1.3219497821e-09,0.22428282,0.023235369695,-0.095634211048,0.040571699777
goe673,ok,,30.774508165,2730311244.1,600400.20762,2245937.2697,113561243.48,3646641.4951,215000433.56,0.0,0.0,0.0,-5.3588735238e-09,1.1063186162e-09,-4.0291745963e-09,5.4137555798e-08,0.0,0.0,-1.3114816459e-07,0.0,0.0,0.0,0.0,-1.7793850138e-10,0.237111269,0.019388042596,0.078741385247,0.032504199741
goe675,ok,,31.784552707,2819922293.4,1243606.0623,4887042.9665,115175498.44,8235483.966,232808948.63,0.0,0.0,0.0,-5.1478309047e-09,1.0444038455e-09,-8.2302603e-10,5.6647157979e-08,0.0,0.0,-3.5336676608e-08,0.0,0.0,0.0,0.0,-1.0826839291e-09,0.23244052993,0.04032566391,0.043944905253,0.070446749076
goe676,ok,,31.011273476,2751317038.5,783306.90032,2709969.8806,114274668.99,4612115.9474,219705376.66,0.0,0.0,0.0,-3.3239595451e-09,1.1008486323e-09,1.2513644088e-09,2.9707044022e-08,0.0,0.0,-8.4161503919e-08,0.0,0.0,0.0,0.0,-2.0876933788e-09,0.23480770818,0.013070835543,0.065924286761,0.023269732571
goe677,ok,,31.204568474,2768466151.1,799968.805,2742391.7801,114851992.33,4737250.3405,223574170.1,0.0,0.0,0.0,-3.4059902061e-09,1.1116757226e-09,2.9024992318e-09,3.0275740592e-08,0.0,0.0,-8.1984825285e-08,0.0,0.0,0.0,0.0,-3.1329525968e-09,0.23718429554,0.012617678533,0.065585302712,0.024219648022
goe682,ok,,30.344292131,2692142521.1,432186.88081,1739408.1868,111838768.65,3743881.0719,205908053.52,0.0,0.0,0.0,-8.3698924258e-09,1.1341997202e-09,1.9909885106e-08,1.2065910437e-07,0.0,0.0,3.1431138528e-07,0.0,0.0,0.0,0.0,-1.6771751895e-09,0.22270982284,0.029938657,-0.13584125721,0.052147281958
goe679,ok,,31.877735503,2828189461.6,1614548.5214,5292570.1219,115092140.41,11613051.883,234090365.54,0.0,0.0,0.0,-2.9124270722e-09,9.9129671454e-10,3.6027355197e-09,3.3354619929e-08,0.0,0.0,4.0006262216e-08,0.0,0.0,0.0,0.0,-6.4794848056e-10,0.2269090892,0.032116666605,-0.064592051508,0.053852652289
goe681,ok,,31.63314241,2806489187.2,1520583.0761,5605054.3002,114551093.13,9699435.7488,229356709.96,0.0,0.0,0.0,-3.3276394756e-09,1.0283985367e-09,1.5893509338e-09,3.3788109283e-08,0.0,0.0,-7.2684178778e-09,0.0,0.0,0.0,0.0,-1.2319532314e-09,0.22671506867,0.029571559477,0.011052233215,0.05137762715
goe683,ok,,31.85257923,2825957599.6,1936889.4489,6021161.6242,114839376.24,13431516.858,233176165.61,0.0,0.0,0.0,-1.5592276014e-09,1.0125931128e-09,4.1745821905e-09,1.7651284647e-08,0.0,0.0,1.8586826957e-08,0.0,0.0,0.0,0.0,-1.6485767381e-09,0.2279390741,0.015903841794,-0.036000629021,0.034188586992
goe685,ok,,30.665068324,2720601752.4,779773.01638,3473199.5556,112330699.45,5142002.7986,211225587.17,0.0,0.0,0.0,-5.2723279338e-09,1.0388380119e-09,-6.2138086934e-11,6.1675624818e-08,0.0,0.0,1.678877687e-08,0.0,0.0,0.0,0.0,5.5665950705e-10,0.22261497822,0.027747758815,-0.013091435181,0.048092988001
goe693,ok,,31.351739439,2781523144.2,814449.01167,2990222.2889,115094803.76,5033874.6087,226211078.18,0.0,0.0,0.0,-5.2315167085e-09,1.0739874508e-09,-1.6773516325e-09,5.3653616096e-08,0.0,0.0,-6.8615225583e-08,0.0,0.0,0.0,0.0,-9.2071072131e-10,0.23745764222,0.025234798554,0.055883602662,0.043698134602
goe692,ok,,31.845551703,2825334118.1,1425037.9066,4844562.8493,115488887.32,9545551.2121,234348035.9,0.0,0.0,0.0,-3.7930608627e-09,1.0196718213e-09,1.8261322445e-10,4.2012363903e-08,0.0,0.0,-1.4898619878e-08,0.0,0.0,0.0,0.0,-5.5970017913e-10,0.23420191871,0.0349566388,0.021231098081,0.059869211107
goe701,ok,,31.175806458,2765914387.9,888179.64709,3533816.5693,113951999.59,5695469.5625,221510771.65,0.0,0.0,0.0,-6.0724409366e-09,1.0918589648e-09,-4.4734200333e-10,6.4570291142e-08,0.0,0.0,-4.6458067464e-08,0.0,0.0,0.0,0.0,-1.5343875026e-09,0.23008455903,0.032577234199,0.041263109965,0.057350018399
goe702,ok,,31.114590569,2760483320.4,1283535.4113,5592781.4905,112508719.49,8687667.301,217901608.15,0.0,0.0,0.0,-4.2327454071e-09,1.0871412243e-09,4.521870261e-09,4.740760122e-08,0.0,0.0,1.8642070581e-08,0.0,0.0,0.0,0.0,-2.3814376639e-09,0.21770211506,0.032283013677,-0.023927757731,0.060849334931
goe703,ok,,31.802702226,2821532516.9,1992659.3594,5901026.6434,114938640.21,13535678.504,232644677.96,0.0,0.0,0.0,-1.1824519645e-09,1.0043211538e-09,2.9089053172e-09,1.2523208984e-08,0.0,0.0,4.7185449059e-09,0.0,0.0,0.0,0.0,-1.2777308802e-09,0.22881805161,0.012051720708,-0.0094024526693,0.024954489591
goe704,ok,,31.400292509,2785830767.6,928658.01639,2971887.3658,115330328.07,5829021.9921,227388481.61,0.0,0.0,0.0,-2.6677850012e-09,1.086797339e-09,4.5448469241e-09,2.727695981e-08,0.0,0.0,-1.2197940625e-08,0.0,0.0,0.0,0.0,-2.6124241668e-09,0.23782877945,0.011931790152,0.011327715345,0.02533096739
goe711,ok,,32.277259201,2863635163.6,1284843.5046,4564966.7971,116921912.14,8356826.2399,243771115.38,0.0,0.0,0.0,-6.250771625e-09,1.1325057655e-09,-4.0493381947e-10,5.9569962568e-08,0.0,0.0,-6.2500628606e-08,0.0,0.0,0.0,0.0,-2.5663454786e-09,0.24326136936,0.047041922782,0.080303526697,0.076538079475
goe723,ok,,30.759822977,2729008375.6,601129.58599,2805027.2002,112909551.62,4090101.753,213596972.24,0.0,0.0,0.0,-7.415997232e-09,1.0727652749e-09,-3.0826612761e-10,8.7148101818e-08,0.0,0.0,-9.7703796876e-09,0.0,0.0,0.0,0.0,-2.049603253e-10,0.22781134069,0.030141228671,0.0058732642966,0.052387302366
goe735,ok,,31.758456293,2817607022.2,1998595.4748,7407748.2432,113845492.29,13020404.068,229798053.71,0.0,0.0,0.0,-2.4796738491e-09,1.0549612568e-09,4.3408387812e-09,2.3905062125e-08,0.0,0.0,-4.3641602198e-10,0.0,0.0,0.0,0.0,-2.6647594897e-09,0.2223474918,0.024603171925,0.00087221908664,0.047776548986
goe741,ok,,31.001551353,2750454492.7,1139914.7153,4812112.9827,112527670.02,7559125.4917,216289631.27,0.0,0.0,0.0,-4.4531191523e-09,1.1868182077e-09,7.8590945154e-09,4.6943730576e-08,0.0,0.0,1.0636877486e-08,0.0,0.0,0.0,0.0,-5.0550029513e-09,0.21950365549,0.025312501917,-0.012125133171,0.053511849276
goe738,ok,,30.803697519,2732900920.5,1165717.8465,4483041.4603,112621335.26,7239755.8985,213700796.78,0.0,0.0,0.0,-2.0970258792e-09,1.0725190596e-09,3.829953017e-09,2.0452899309e-08,0.0,0.0,2.7187780083e-09,0.0,0.0,0.0,0.0,-2.5200198481e-09,0.22094324209,0.011154838896,-0.003169328045,0.023842309737
goe758,ok,,30.82092942,2734429733.0,915297.65895,3809718.0113,112579571.22,5986135.5856,213856594.76,0.0,0.0,0.0,-5.8180490577e-09,1.1255383473e-09,1.4024080349e-09,6.0346680893e-08,0.0,0.0,-2.5741606086e-08,0.0,0.0,0.0,0.0,-1.9795645387e-09,0.22592498862,0.032155078523,0.023561231788,0.055235175747
goe744,ok,,30.86078915,2737966084.2,944616.07374,4953127.4493,111367406.67,6989264.5169,212142273.82,0.0,0.0,0.0,-7.1302642623e-09,1.38508898e-09,1.2329616363e-08,8.4854855208e-08,0.0,0.0,3.2149274602e-08,0.0,0.0,0.0,0.0,-7.5634136801e-09,0.21302255565,0.038686482954,-0.030368721548,0.080155260164
goe746,ok,,29.591752041,2625377240.6,398604.55566,2353152.9709,109431785.41,2872428.4961,191616469.81,0.0,0.0,0.0,-1.279580285e-08,1.6428267721e-09,1.69083506e-08,1.4437430523e-07,0.0,0.0,1.3905436857e-08,0.0,0.0,0.0,0.0,-1.4478175456e-08,0.21227106025,0.027976411044,-0.0055427704798,0.057548255786
goe766,ok,,30.630065692,2717496322.5,707035.1324,2676833.8727,113034258.84,4215691.4578,212012723.92,0.0,0.0,0.0,-2.5410867291e-09,1.0988556919e-09,5.5631788166e-09,1.8514141845e-08,0.0,0.0,2.0921439093e-08,0.0,0.0,0.0,0.0,-3.5805595781e-09,0.22478514682,0.0073211128039,-0.014792192459,0.013090148731
goe767,ok,,30.322062777,2690170335.1,627290.25281,2663667.7204,112093956.81,3843406.5804,206068573.58,0.0,0.0,0.0,-2.8067127985e-09,1.0966210112e-09,6.7860346602e-09,2.1918894906e-08,0.0,0.0,1.060773656e-07,0.0,0.0,0.0,0.0,-3.9572966574e-09,0.21712904652,0.0074866794281,-0.066541297485,0.013749509127
goe769,ok,,30.829544257,2735194040.6,844570.74442,3896542.9469,112635586.81,5673693.3392,214140176.36,0.0,0.0,0.0,-6.5036231197e-09,1.1654151014e-09,9.5951388288e-09,6.7452949273e-08,0.0,0.0,6.8421602715e-08,0.0,0.0,0.0,0.0,-4.2571789731e-09,0.21577368134,0.03170679451,-0.057786883939,0.056968787581
goe770,ok,,32.058465298,2844223790.7,2006190.2885,6756890.8434,114931467.71,13972884.081,236374915.71,0.0,0.0,0.0,-2.2965634596e-09,1.0246607681e-09,4.4674185381e-09,2.269719434e-08,0.0,0.0,1.7977747914e-08,0.0,0.0,0.0,0.0,-1.8195861805e-09,0.2282356891,0.026304838624,-0.036066783274,0.045534890861
goe775,ok,,32.191976696,2856068908.4,2339671.5087,7172966.8899,116037222.04,15103873.958,240700489.05,0.0,0.0,0.0,-3.7060553775e-11,9.5164843311e-10,-2.7488100417e-10,2.7456695695e-10,0.0,0.0,-2.8802042732e-10,0.0,0.0,0.0,0.0,1.4337937645e-10,0.22908041516,0.0010558561049,0.00067387318772,0.00064239648639
goe776,ok,,32.730239481,2903823528.1,3347607.7441,10099534.875,116308597.61,21916538.042,249564059.47,0.0,0.0,0.0,-3.0344655623e-11,9.0455557363e-10,-2.3137991556e-10,2.3749342369e-10,0.0,0.0,-3.8464875623e-09,0.0,0.0,0.0,0.0,1.1618495911e-10,0.22576223982,0.0012399332765,0.012876531551,0.00079503482432
goe777,ok,,32.315940444,2867066959.5,2222319.2611,7616798.685,114989068.09,15822977.942,240381464.35,0.0,0.0,0.0,-2.9989699573e-09,1.0546885278e-09,5.7338657395e-09,3.0462349648e-08,0.0,0.0,1.4563997897e-08,0.0,0.0,0.0,0.0,-2.356010009e-09,0.22627542917,0.039075516151,-0.032365853045,0.06769706636
goe780,ok,,30.771650618,2730057722.8,746918.01931,2467558.7655,113252267.94,4391682.3318,214366433.61,0.0,0.0,0.0,-1.3514090972e-09,1.131813861e-09,-1.0406476027e-09,1.4792132407e-08,0.0,0.0,-2.8576594285e-07,0.0,0.0,0.0,0.0,-1.2629079767e-09,0.24100853877,0.0045984004668,0.21344373202,0.011048510239
goe79,ok,,30.489347636,2705011830.8,166248.32845,1647371.4672,113216704.27,1578303.7365,210693627.39,0.0,0.0,0.0,-2.9536144112e-08,1.8328815872e-09,8.0295606188e-09,4.3251486979e-07,0.0,0.0,-8.3396795791e-08,0.0,0.0,0.0,0.0,-1.6459130011e-08,0.22425368791,0.040819228019,0.013864577898,0.071904874131
goe765,ok,,31.207953032,2768766428.7,1157567.1219,3963165.1209,114330098.97,6909082.7315,222677053.84,0.0,0.0,0.0,-1.9962145215e-09,1.0860997108e-09,5.7489817211e-09,1.5982660588e-08,0.0,0.0,-3.4522527081e-08,0.0,0.0,0.0,0.0,-3.8880507357e-09,0.2297283918,0.0076265326921,0.039962142312,0.018501002417
goe795sm,ok,,30.452120432,2701709037.1,339514.37953,1337480.6838,112937867.2,2037786.6763,209327861.11,0.0,0.0,0.0,-8.5984056112e-09,1.1359222429e-09,-3.3115760408e-09,8.5502850979e-08,0.0,0.0,-1.9487380208e-07,0.0,0.0,0.0,0.0,-1.7521693332e-09,0.23135053462,0.016695883308,0.066162458,0.029029447398
goe795,ok,,30.411274887,2698085224.5,338645.66,1347192.01,112829103.92,2033390.6493,208570790.68,0.0,0.0,0.0,-8.6073698966e-09,1.1345354324e-09,-3.5162908923e-09,8.5908406438e-08,0.0,0.0,-1.9227191007e-07,0.0,0.0,0.0,0.0,-1.5891847995e-09,0.23082723898,0.016756419285,0.065112047885,0.029092508998
goe802,ok,,31.106967873,2759807035.7,511084.29194,2586195.6956,114067027.54,3672556.1802,220729318.24,0.0,0.0,0.0,-1.2850018365e-08,1.2909261639e-09,7.4095992428e-10,1.440919406e-07,0.0,0.0,-8.147833953e-08,0.0,0.0,0.0,0.0,-5.1682503039e-09,0.23100445146,0.04282348533,0.041642299467,0.073643127436
goe802a,ok,,31.354719978,2781787577.2,493489.76358,2487797.477,113895488.31,3607289.5523,223991882.02,0.0,0.0,0.0,-1.3149711619e-08,1.2749048237e-09,-7.7376846568e-10,1.4946367054e-07,0.0,0.0,-1.1125814314e-07,0.0,0.0,0.0,0.0,-5.412122735e-09,0.22795378108,0.043001119056,0.054904754754,0.07375879144
goe796,ok,,31.313449263,2778126043.7,816644.32911,2992919.9131,114978914.87,5042268.0935,225428683.32,0.0,0.0,0.0,-5.193088293e-09,1.0706005556e-09,-1.7579851555e-09,5.3355760911e-08,0.0,0.0,-7.1950489324e-08,0.0,0.0,0.0,0.0,-9.5042743305e-10,0.23572818537,0.025055849503,0.058757959083,0.043572679573
goe797,ok,,31.557737029,2799799229.4,1399804.7541,4695531.8657,114989247.72,9407238.4964,229231491.91,0.0,0.0,0.0,-3.7535174483e-09,1.0144611575e-09,-2.2018913631e-10,4.1965380211e-08,0.0,0.0,-1.4140684651e-08,0.0,0.0,0.0,0.0,-2.7705591727e-10,0.23030224645,0.034710235809,0.019794197601,0.058743338729
goe801,ok,,31.106967873,2759807035.7,511084.29194,2586195.6956,114067027.54,3672556.1802,220729318.24,0.0,0.0,0.0,-1.2850018365e-08,1.2909261639e-09,7.4095992428e-10,1.440919406e-07,0.0,0.0,-8.147833953e-08,0.0,0.0,0.0,0.0,-5.1682503039e-09,0.23100445146,0.04282348533,0.041642299467,0.073643127436
goe798,ok,,32.090543176,2847069736.8,2244405.1833,7353054.0858,115191322.47,15322411.89,237644029.95,0.0,0.0,0.0,-2.8299760422e-09,9.6550413721e-10,-7.8490099862e-11,3.1959217529e-08,0.0,0.0,-1.1477064672e-08,0.0,0.0,0.0,0.0,-3.1033866408e-10,0.22624279081,0.042287265226,0.025759183438,0.071729433476
goe802b,ok,,31.329401534,2779541327.4,491294.35284,2476718.6517,113898170.9,3590034.8517,223651991.89,0.0,0.0,0.0,-1.3268682614e-08,1.2862022013e-09,-8.2584408128e-10,1.5013857147e-07,0.0,0.0,-1.1441128591e-07,0.0,0.0,0.0,0.0,-5.5637177339e-09,0.22827098611,0.043093041916,0.056209618667,0.073762232304
goe803h,ok,,28.375976327,2517513742.6,141821.89914,2213572.6102,108088266.72,1563688.0162,177511749.85,0.0,0.0,0.0,-3.1165252929e-08,1.0858618121e-09,-1.7996255473e-08,5.496674342e-07,0.0,0.0,-2.2219023507e-07,0.0,0.0,0.0,0.0,1.4510522059e-10,0.19400847231,0.048776755447,0.031511441107,0.077954879411
goe81,ok,,30.584089561,2713417324.8,291089.9052,2003749.579,112708853.52,2383974.8022,210832536.7,0.0,0.0,0.0,-2.0265298434e-08,1.5010039276e-09,-5.8866897718e-09,2.5783665664e-07,0.0,0.0,-2.0432938501e-07,0.0,0.0,0.0,0.0,-8.845731687e-09,0.22621779675,0.04356108185,0.059478221312,0.075053647938
goe92,ok,,30.373021604,2694691397.1,369902.88414,1989704.7293,112086380.03,2616613.9252,206762892.27,0.0,0.0,0.0,-1.692688387e-08,1.5577942496e-09,6.7936070783e-09,1.7600197784e-07,0.0,0.0,-9.2393841432e-08,0.0,0.0,0.0,0.0,-1.048758334e-08,0.22580541707,0.038123677518,0.034176748423,0.065103639216
griffith30SymSuction,ok,,32.643297135,2896110011.9,5297977.6616,17096694.909,110835499.28,34522279.566,236850460.97,0.0,0.0,0.0,-8.258424667e-15,9.5571001018e-10,7.0480993715e-14,-7.0796689746e-14,0.0,0.0,-3.2145989173e-08,0.0,0.0,0.0,0.0,-2.2945909423e-14,0.22636035646,1.0578939792e-07,0.17030873255,-3.7507928079e-07
gu255118,ok,,31.870597144,2827556147.1,1813136.4419,6316680.7213,113236900.65,14144504.301,230195194.08,0.0,0.0,0.0,-3.5526445273e-09,1.0668092367e-09,1.7303615959e-09,4.5836391619e-08,0.0,0.0,-1.1628843265e-08,0.0,0.0,0.0,0.0,-1.1719253473e-09,0.23194631299,0.046419177457,0.021084679501,0.083107632009
gs1,ok,,30.814907856,2733895500.5,944299.74787,3912098.0272,112669945.76,6092580.6209,213952267.42,0.0,0.0,0.0,-4.503554731e-09,1.0322074375e-09,-8.9739959283e-10,5.0512128752e-08,0.0,0.0,-5.5037455735e-09,0.0,0.0,0.0,0.0,3.4723967612e-10,0.22288056791,0.027909921805,0.0051971855574,0.047698590445
hobie,ok,,29.471611969,2614718425.6,315782.16483,1730601.0454,109591182.93,2132215.8742,190377834.25,0.0,0.0,0.0,-1.2974473436e-08,1.1259727064e-09,-2.9719118801e-09,1.4579749006e-07,0.0,0.0,-4.7891502747e-08,0.0,0.0,0.0,0.0,4.7836183813e-10,0.21687940056,0.027885618193,0.015123282414,0.046040247037
hobiesm,ok,,29.438128965,2611747816.9,320342.64452,1749713.3518,109604859.65,2160735.2599,190012742.17,0.0,0.0,0.0,-1.2760174216e-08,1.1119706585e-09,-4.3776388591e-09,1.4398378921e-07,0.0,0.0,-7.2792246241e-08,0.0,0.0,0.0,0.0,7.2800549505e-10,0.21510202004,0.027909789523,0.023318460661,0.046124147803
hor04,ok,,28.704095931,2546624480.5,58828.172739,408040.72058,110444888.22,351735.36632,185979080.65,0.0,0.0,0.0,-3.2510785683e-08,1.1820815942e-09,-2.4236992836e-08,3.0459201098e-07,0.0,0.0,-1.4546275161e-06,0.0,0.0,0.0,0.0,-2.2716976732e-09,0.21501107286,0.01126339864,0.08557307879,0.017918591437
hor07,ok,,30.461652365,2702554709.2,203189.7296,1553442.286,113566056.81,1644456.2058,211184297.4,0.0,0.0,0.0,-1.8867682853e-08,1.2535303616e-09,7.6439423229e-10,2.6219090704e-07,0.0,0.0,-7.4582343775e-08,0.0,0.0,0.0,0.0,-5.2627621487e-09,0.2302220545,0.029036840627,0.015154366265,0.053274499506
hor12,ok,,30.810440845,2733499187.8,602507.23844,2955581.5085,113927340.95,4050018.3057,216463158.91,0.0,0.0,0.0,-6.3107307126e-09,1.0360595256e-09,1.7465483029e-09,7.3868683409e-08,0.0,0.0,5.4590405098e-08,0.0,0.0,0.0,0.0,4.7279060767e-10,0.22688358901,0.025993111134,-0.032891114221,0.044506416448
hor20,ok,,32.505046385,2883844419.5,1855872.3941,7115266.0329,116595251.23,12548920.818,246542206.95,0.0,0.0,0.0,-1.4728544938e-09,9.2398240738e-10,3.0175563449e-10,1.9206968006e-08,0.0,0.0,2.6066919977e-08,0.0,0.0,0.0,0.0,3.6246447479e-10,0.22944736476,0.019526810146,-0.048376877185,0.035645681696
hq010,ok,,29.552240224,2621871756.2,491242.70689,1910996.3348,109930855.7,2842656.4338,191918799.73,0.0,0.0,0.0,1.6312598003e-16,1.1274598786e-09,-7.1087502473e-15,-1.0287804446e-14,0.0,0.0,-1.0891874169e-07,0.0,0.0,0.0,0.0,3.8519971384e-16,0.21638074665,-2.2677626662e-10,0.053505537497,-5.0538089039e-09
hq07,ok,,28.573824415,2535066804.9,222033.39363,957784.21536,107488909.77,1243429.9452,175597156.03,0.0,0.0,0.0,1.8911725854e-16,1.1797955459e-09,-1.0865295447e-15,2.1384087931e-15,0.0,0.0,-3.1392985417e-07,0.0,0.0,0.0,0.0,5.0286174137e-16,0.20716874256,-1.0561696926e-10,0.069702910885,4.7479816131e-10
hq1012,ok,,30.065576979,2667414941.1,722471.64771,2725094.0185,111160744.99,4268754.7527,200874332.11,0.0,0.0,0.0,-1.8219648267e-09,1.0984414652e-09,-7.5588477784e-10,1.6275680595e-08,0.0,0.0,-6.4620567184e-08,0.0,0.0,0.0,0.0,-7.4160723593e-12,0.2206371093,0.0077705362253,0.04668652765,0.011758717777
hq1010,ok,,29.610724649,2627060488.5,488185.49309,1915989.2381,110132777.66,2839616.6991,193044993.0,0.0,0.0,0.0,-2.741294888e-09,1.1261547604e-09,-1.3927090702e-09,2.4021867482e-08,0.0,0.0,-1.0995176928e-07,0.0,0.0,0.0,0.0,6.7790847884e-11,0.21750039938,0.0078260958674,0.053676858701,0.011727127222
hq108,ok,,28.997430958,2572649134.5,298851.21604,1250883.0686,108613328.39,1707498.6729,182652938.39,0.0,0.0,0.0,-4.5516154523e-09,1.1573041966e-09,-2.9193076833e-09,3.8935169988e-08,0.0,0.0,-2.1251553632e-07,0.0,0.0,0.0,0.0,3.3845600889e-10,0.21186539819,0.0078943198131,0.063510526456,0.011635822898
hq109,ok,,29.32079659,2601338100.5,387702.43563,1564895.4795,109414147.45,2235687.8777,188071030.04,0.0,0.0,0.0,-3.4858040405e-09,1.14151215e-09,-1.9739870803e-09,3.021117845e-08,0.0,0.0,-1.5021857033e-07,0.0,0.0,0.0,0.0,1.4892016209e-10,0.2149036095,0.0078647205126,0.058240105593,0.011712947468
hq09,ok,,28.998493346,2572743389.4,309905.82534,1272746.1654,108565601.71,1759685.7341,182560095.54,0.0,0.0,0.0,1.7803245223e-16,1.157954351e-09,-9.8839456535e-16,4.2241014652e-16,0.0,0.0,-2.0241357003e-07,0.0,0.0,0.0,0.0,4.7734479601e-16,0.21139625695,-1.3571320908e-10,0.062729144479,1.3090736509e-10
hq1510,ok,,29.615091293,2627447896.7,488341.91508,1935704.9075,110119188.87,2858561.0137,193081309.01,0.0,0.0,0.0,-4.0851641795e-09,1.1240586606e-09,-2.1070764143e-09,3.595877525e-08,0.0,0.0,-1.1148909523e-07,0.0,0.0,0.0,0.0,1.0053824317e-10,0.21726138738,0.011740131814,0.054444798277,0.017560177169
hq1511,ok,,29.810113311,2644750230.4,603337.95794,2333678.768,110503086.39,3555679.6243,196302094.73,0.0,0.0,0.0,-3.2779614219e-09,1.1098047413e-09,-1.620083838e-09,2.9080462131e-08,0.0,0.0,-8.5528403411e-08,0.0,0.0,0.0,0.0,7.4836469454e-11,0.21802820376,0.011713397589,0.051602532259,0.017545346638
hq1512,ok,,30.083182915,2668976938.0,722184.83982,2742090.4917,111197358.47,4286114.1253,201179910.09,0.0,0.0,0.0,-2.7307909435e-09,1.0970044611e-09,-1.105212274e-09,2.4375051707e-08,0.0,0.0,-6.5687572336e-08,0.0,0.0,0.0,0.0,-3.5096135883e-11,0.22061261266,0.011671296024,0.047438568906,0.017603292813
hq158,ok,,29.076562259,2579669655.4,297820.94822,1265461.4716,108906932.59,1717658.6872,184169329.31,0.0,0.0,0.0,-6.774072383e-09,1.1510691977e-09,-4.3131843002e-09,5.8522974367e-08,0.0,0.0,-2.1833812222e-07,0.0,0.0,0.0,0.0,4.0672103816e-10,0.21286310442,0.011784257934,0.065025666592,0.017429367718
hq1585,ok,,29.025386043,2575129306.7,351646.26352,1488443.4666,108577954.08,2039657.2127,182941143.52,0.0,0.0,0.0,-5.4026842123e-09,1.1396516482e-09,-3.8945410834e-09,4.8362827827e-08,0.0,0.0,-1.5113650052e-07,0.0,0.0,0.0,0.0,1.0084284949e-09,0.21052121768,0.011452683061,0.053146585688,0.017006607698
hq159,ok,,29.353667702,2604254422.3,387640.06561,1583690.7522,109515192.77,2252858.655,188675468.47,0.0,0.0,0.0,-5.1808574787e-09,1.1377375002e-09,-2.9708457342e-09,4.5191948759e-08,0.0,0.0,-1.5242344949e-07,0.0,0.0,0.0,0.0,2.1991546454e-10,0.21514739396,0.01177833483,0.05908543596,0.017518209982
hq159b,ok,,29.282134493,2597908003.2,386857.46516,1581922.7688,109225271.72,2247244.7642,187244858.51,0.0,0.0,0.0,-5.179458789e-09,1.1403155302e-09,-3.1326336652e-09,4.5094091207e-08,0.0,0.0,-1.5588582711e-07,0.0,0.0,0.0,0.0,2.9692847333e-10,0.21416526129,0.011782423214,0.060305595932,0.017444985818
hq2010,ok,,29.61324525,2627284116.0,489373.01008,1971086.3487,110081526.4,2889131.2807,193000734.39,0.0,0.0,0.0,-5.3802417394e-09,1.1220222442e-09,-2.9043184399e-09,4.7858566762e-08,0.0,0.0,-1.1547505056e-07,0.0,0.0,0.0,0.0,1.3797669885e-10,0.21696501876,0.015630716601,0.056510373085,0.023420690875
hq2012,ok,,30.104444102,2670863228.3,723179.61405,2776264.6159,111232011.41,4320597.1356,201534593.66,0.0,0.0,0.0,-3.5981737626e-09,1.0954308719e-09,-1.5248661908e-09,3.2496798535e-08,0.0,0.0,-6.71012554e-08,0.0,0.0,0.0,0.0,-3.7762354939e-11,0.22064889606,0.0155102595,0.048526259983,0.023501022222
hq208,ok,,29.010919798,2573845862.9,298895.67847,1300354.0706,108614622.22,1746799.2846,182843769.4,0.0,0.0,0.0,-8.8921815827e-09,1.1468378629e-09,-6.0484860604e-09,7.7788060904e-08,0.0,0.0,-2.252339941e-07,0.0,0.0,0.0,0.0,6.3259544946e-10,0.21148852471,0.015766574339,0.067321467482,0.023250515241
hq17,ok,,30.745217958,2727712619.8,1280764.6592,4704947.3681,111971172.72,7940317.3508,211698759.73,0.0,0.0,0.0,-4.156245418e-09,1.0776358352e-09,-5.7426452889e-09,4.0531310025e-08,0.0,0.0,-1.1309991987e-07,0.0,0.0,0.0,0.0,-1.5704249069e-10,0.22703662966,0.032718853231,0.14485438033,0.051911069472
hq209,ok,,29.338242678,2602885915.7,388147.43632,1616402.7395,109428445.3,2279001.7819,188336385.86,0.0,0.0,0.0,-6.8156815897e-09,1.1343914166e-09,-4.1237141998e-09,6.0121650617e-08,0.0,0.0,-1.5761601654e-07,0.0,0.0,0.0,0.0,3.2615644463e-10,0.21460120456,0.015692474726,0.061178252742,0.023336064555
hq2090sm,ok,,29.310739734,2600445857.3,384717.86874,1595091.56,109294351.44,2260634.6517,187730695.95,0.0,0.0,0.0,-6.8248614781e-09,1.1360189124e-09,-4.2351391265e-09,6.0122514167e-08,0.0,0.0,-1.5938010662e-07,0.0,0.0,0.0,0.0,3.9383591622e-10,0.21440615883,0.015619420785,0.061316374939,0.023130205514
hq2510,ok,,29.641413434,2629783194.4,487129.61867,1998204.7983,110110048.03,2911562.1703,193421854.11,0.0,0.0,0.0,-6.6532439981e-09,1.1196984734e-09,-3.7993325722e-09,6.0071389433e-08,0.0,0.0,-1.1881868942e-07,0.0,0.0,0.0,0.0,2.202649225e-10,0.21739936159,0.019510763157,0.057880102869,0.029262553027
hq2195,ok,,29.421531021,2610275249.0,445658.28128,1811936.1564,109583059.25,2616175.8908,189653084.64,0.0,0.0,0.0,-6.1242086889e-09,1.1151569213e-09,-4.3718648492e-09,5.3564212227e-08,0.0,0.0,-1.3497220398e-07,0.0,0.0,0.0,0.0,8.314962206e-10,0.21401853877,0.016487649402,0.060151480446,0.023871334759
hq2512,ok,,30.096118831,2670124611.1,720980.63273,2804340.4305,111132760.28,4343847.0784,201248697.7,0.0,0.0,0.0,-4.4610725951e-09,1.0954454613e-09,-2.0846857565e-09,4.072326494e-08,0.0,0.0,-6.9968184928e-08,0.0,0.0,0.0,0.0,9.6593716559e-12,0.2204946421,0.019387468892,0.050445706241,0.029360685324
hq258,ok,,29.023988801,2575005343.5,297833.42626,1334567.3197,108589941.73,1771932.8262,182967716.34,0.0,0.0,0.0,-1.0942872093e-08,1.1406429265e-09,-7.9164496959e-09,9.7735928858e-08,0.0,0.0,-2.3406215813e-07,0.0,0.0,0.0,0.0,8.6315220578e-10,0.21176258694,0.019713960648,0.069711534514,0.02910902656
hq259,ok,,29.34750153,2603707360.1,386724.66802,1648009.5366,109384616.07,2303961.4706,188380548.64,0.0,0.0,0.0,-8.4112024008e-09,1.1310855283e-09,-5.4095489105e-09,7.5474181078e-08,0.0,0.0,-1.6342025416e-07,0.0,0.0,0.0,0.0,4.6744424421e-10,0.21478073419,0.019610422446,0.063198643536,0.029187727622
hq2590sm,ok,,29.302142606,2599683120.9,399326.31206,1678137.8525,109253583.42,2364259.7345,187568439.27,0.0,0.0,0.0,-8.1621362391e-09,1.1113543635e-09,-6.2300619985e-09,7.1943479014e-08,0.0,0.0,-1.6082137177e-07,0.0,0.0,0.0,0.0,1.1949945107e-09,0.21277870257,0.019898729782,0.06422020529,0.028728924151
hq259b,ok,,29.302142864,2599683143.8,399326.19103,1678137.3665,109253585.56,2364258.8724,187568449.74,0.0,0.0,0.0,-8.1621416415e-09,1.111354401e-09,-6.230062185e-09,7.1943531597e-08,0.0,0.0,-1.6082142252e-07,0.0,0.0,0.0,0.0,1.1949910936e-09,0.2127787104,0.019898733602,0.064220206091,0.028728936442
hq2511,ok,,29.8182456,2645471726.2,602020.58709,2394291.385,110422807.5,3608156.0022,196277954.7,0.0,0.0,0.0,-5.3655617781e-09,1.106265936e-09,-2.9378043366e-09,4.8572042062e-08,0.0,0.0,-9.1234294827e-08,0.0,0.0,0.0,0.0,1.7247690401e-10,0.21779092438,0.019495328053,0.054924923734,0.029241369278
hq3010,ok,,29.616862477,2627605036.0,488082.22116,2048664.1194,109995666.32,2953519.4326,192915842.4,0.0,0.0,0.0,-7.8583495884e-09,1.1149068574e-09,-4.8515269271e-09,7.1775403928e-08,0.0,0.0,-1.2689682766e-07,0.0,0.0,0.0,0.0,2.8879920095e-10,0.21637614545,0.02339436874,0.061936085504,0.035032298574
hq3011,ok,,29.880077266,2650957425.4,604666.35383,2436894.7572,110621653.82,3649647.9489,197463876.66,0.0,0.0,0.0,-6.3584689622e-09,1.1083693472e-09,-3.4187085718e-09,5.8121309892e-08,0.0,0.0,-9.9681411732e-08,0.0,0.0,0.0,0.0,-7.1771090326e-11,0.2185340103,0.023148932197,0.060273995777,0.035144000532
hq3012,ok,,30.125420208,2672724226.3,720960.68474,2842962.9057,111170427.07,4386826.4853,201715492.77,0.0,0.0,0.0,-5.2890479031e-09,1.0917203033e-09,-2.6023537032e-09,4.8705456607e-08,0.0,0.0,-7.2708377016e-08,0.0,0.0,0.0,0.0,2.4569483174e-11,0.22033188718,0.023225883524,0.05241988128,0.035114719346
hq3013,ok,,30.340752145,2691828454.0,852827.47381,3288905.8622,111633704.95,5208840.4528,205471152.45,0.0,0.0,0.0,-4.460409497e-09,1.0792228859e-09,-1.9922855916e-09,4.131976651e-08,0.0,0.0,-5.7202374985e-08,0.0,0.0,0.0,0.0,-2.0909546337e-11,0.22164934887,0.02320942088,0.048783756954,0.035238632091
hq3015,ok,,30.698044229,2723527371.4,1154813.9549,4296732.299,112301921.62,7104013.3171,211635030.81,0.0,0.0,0.0,-3.2660014148e-09,1.0555651781e-09,-1.2646177415e-09,3.042764879e-08,0.0,0.0,-3.9810711835e-08,0.0,0.0,0.0,0.0,-9.1102483537e-11,0.22294713199,0.023057437657,0.045973965582,0.035138273438
hq3014,ok,,30.523461921,2708038446.7,999602.98353,3780242.0233,111989092.23,6124194.326,208632433.05,0.0,0.0,0.0,-3.7882156421e-09,1.0677885445e-09,-1.5640432831e-09,3.5162136521e-08,0.0,0.0,-4.7572595847e-08,0.0,0.0,0.0,0.0,-7.6635349485e-11,0.22240433919,0.023095393005,0.047553708743,0.035148176574
hq3510,ok,,29.67539534,2632798065.7,487366.03845,2097296.8407,110086230.05,3001047.0939,193844297.99,0.0,0.0,0.0,-9.0461761005e-09,1.1110870167e-09,-5.6561452547e-09,8.4097103345e-08,0.0,0.0,-1.2808046992e-07,0.0,0.0,0.0,0.0,2.8166761702e-10,0.21685999809,0.02733133161,0.062422071225,0.040986072102
hq308,ok,,29.053875506,2577656889.0,297587.23342,1375184.2141,108639739.6,1807601.413,183437509.86,0.0,0.0,0.0,-1.2849435478e-08,1.1293806232e-09,-9.8221929071e-09,1.1714742785e-07,0.0,0.0,-2.4522484078e-07,0.0,0.0,0.0,0.0,1.0110388741e-09,0.21147774329,0.023613224648,0.072975781934,0.034861578956
hq309,ok,,29.378743412,2606479136.7,386586.0779,1689387.08,109443655.82,2341857.4668,188894786.86,0.0,0.0,0.0,-9.920205316e-09,1.1232610686e-09,-6.7291345357e-09,9.045006671e-08,0.0,0.0,-1.7146934365e-07,0.0,0.0,0.0,0.0,5.4343805777e-10,0.21456260766,0.023504809501,0.066287661043,0.034966736535
hq3514,ok,,30.475028183,2703741410.4,994958.46844,3820937.5371,111746891.35,6144000.0562,207523360.62,0.0,0.0,0.0,-4.3857647173e-09,1.0685640672e-09,-2.0126055376e-09,4.0990130363e-08,0.0,0.0,-5.0700465723e-08,0.0,0.0,0.0,0.0,-4.8216747253e-11,0.2214823604,0.026880528347,0.050444857725,0.040783477327
hq3512,ok,,30.147612001,2674693079.9,720656.90629,2899413.0885,111163958.29,4438067.6232,202014885.95,0.0,0.0,0.0,-6.1191224324e-09,1.0907063256e-09,-3.0753386009e-09,5.7055913808e-08,0.0,0.0,-7.4526223816e-08,0.0,0.0,0.0,0.0,-7.0681175559e-12,0.22030013711,0.027150168629,0.053707837892,0.04111773833
hq3513,ok,,30.36156383,2693674864.5,860566.46265,3373362.1733,111611506.06,5308843.9757,205727583.02,0.0,0.0,0.0,-5.1161476257e-09,1.0786800938e-09,-2.3310908889e-09,4.7825030623e-08,0.0,0.0,-5.8827837296e-08,0.0,0.0,0.0,0.0,-7.3112949359e-11,0.22150567868,0.027074857313,0.050625263847,0.04115661743
hq3518,ok,,31.158387363,2764368967.5,1674964.2188,6061743.6986,112858635.56,10497517.519,219185271.48,0.0,0.0,0.0,-2.567851183e-09,1.0201569326e-09,-9.5444286237e-10,2.4301031665e-08,0.0,0.0,-2.7312026272e-08,0.0,0.0,0.0,0.0,-1.0267148951e-10,0.22299648006,0.026715750714,0.045746666749,0.04070335852
hq358,ok,,29.078922444,2579879050.8,297733.05026,1434642.1025,108649569.81,1853265.6184,183783714.44,0.0,0.0,0.0,-1.4660152138e-08,1.1220656455e-09,-1.1621672727e-08,1.3699342159e-07,0.0,0.0,-2.5227548696e-07,0.0,0.0,0.0,0.0,1.0719248568e-09,0.21156895713,0.027589560648,0.075110750238,0.040787469274
hq359,ok,,29.398809863,2608259430.2,386544.15321,1746819.55,109428504.16,2388601.1934,189138097.05,0.0,0.0,0.0,-1.1373001067e-08,1.1182336183e-09,-7.976523846e-09,1.0579643668e-07,0.0,0.0,-1.7598286468e-07,0.0,0.0,0.0,0.0,5.8369060303e-10,0.21449918971,0.027464673634,0.068025147409,0.040894994031
hs1430,ok,,34.515250571,3062189531.0,6131925.6916,16571706.97,120183178.0,38295136.885,287252042.75,0.0,0.0,0.0,-5.6300961464e-10,8.1720352014e-10,-4.0279040949e-10,5.4597302041e-09,0.0,0.0,-1.874468792e-08,0.0,0.0,0.0,0.0,-9.841760675e-11,0.23413000266,0.020678452933,0.11494103344,0.033478659908
hs1404,ok,,28.902756212,2564249600.5,71137.054129,643858.19529,109473691.4,556311.25398,183655128.62,0.0,0.0,0.0,-3.8647666642e-08,1.1982543348e-09,-5.5087496426e-08,5.0792929571e-07,0.0,0.0,-1.5519868293e-06,0.0,0.0,0.0,0.0,-1.1446939352e-09,0.21554551513,0.02136287988,0.11040377108,0.036132593802
hs1606,ok,,30.347232788,2692403415.9,190089.50762,1258254.2447,112777640.35,1456972.227,207720180.29,0.0,0.0,0.0,-2.0677819224e-08,1.2001141931e-09,-2.1664633734e-08,2.7109078115e-07,0.0,0.0,-4.8308733461e-07,0.0,0.0,0.0,0.0,-3.0306924128e-09,0.23031700602,0.029110584181,0.091829833576,0.05153151311
hs1712,ok,,32.138927917,2851362426.1,924951.13252,3175076.1116,117584214.64,5795451.4598,242952676.11,0.0,0.0,0.0,-6.1080172579e-09,1.0597220923e-09,-3.451170311e-09,6.2257749856e-08,0.0,0.0,-9.9598892384e-08,0.0,0.0,0.0,0.0,-1.3167951729e-09,0.24612223748,0.033522454883,0.092124108309,0.057585376238
hsnlf213,ok,,30.39656005,2696779725.6,947119.30183,3366226.8107,111868725.12,5602308.5724,206641411.84,0.0,0.0,0.0,-2.001978413e-09,1.1083557388e-09,1.0104219705e-09,1.576915943e-08,0.0,0.0,-1.2840991147e-07,0.0,0.0,0.0,0.0,-1.8650701641e-09,0.22468395096,0.0088690413261,0.1216195057,0.01493527527
hs1708,ok,,31.102974798,2759452770.4,361019.95421,1902282.431,114581730.21,2615173.7348,221635316.97,0.0,0.0,0.0,-1.32562654e-08,1.1674511761e-09,-9.5445013892e-09,1.6503033329e-07,0.0,0.0,-2.2144962812e-07,0.0,0.0,0.0,0.0,-2.8602193544e-09,0.23675718413,0.032898363083,0.079947734604,0.059579243369
hs1620,ok,,33.058589272,2932954688.3,2730717.1237,7986090.5965,119047827.97,16475892.075,260537292.99,0.0,0.0,0.0,-1.8246714058e-09,9.3561230674e-10,-1.054433972e-09,1.7695078287e-08,0.0,0.0,-3.6314620122e-08,0.0,0.0,0.0,0.0,-3.5207736959e-10,0.24099547558,0.02866615506,0.099164955007,0.048320253282
ht05,ok,,29.95392881,2657509526.8,80675.685056,390429.00682,112279275.82,457174.30347,201460838.72,0.0,0.0,0.0,-2.0293413076e-11,1.1285099134e-09,3.443568072e-11,1.2220608995e-10,0.0,0.0,6.4579251129e-07,0.0,0.0,0.0,0.0,-2.3931969962e-11,0.2273505089,6.7901664969e-06,-0.052099753252,9.8590600247e-06
ht08,ok,,28.818423153,2556767580.1,96927.260136,494995.86731,109711755.55,531297.63284,183253347.45,0.0,0.0,0.0,-1.7356522525e-11,1.1524641727e-09,2.300634433e-11,9.6237388936e-11,0.0,0.0,8.6360503911e-08,0.0,0.0,0.0,0.0,-2.0668955581e-11,0.21119288251,6.9022927455e-06,-0.0083706870281,9.3280264322e-06
ht12,ok,,27.485536845,2438514042.0,79934.25526,527974.51205,106418527.4,445821.54202,164002536.75,0.0,0.0,0.0,-2.3982084501e-11,1.1717538693e-09,3.1641506999e-11,1.4254055513e-10,0.0,0.0,6.3320483523e-07,0.0,0.0,0.0,0.0,-2.8948627244e-11,0.19217055621,8.211591755e-06,-0.050614756931,1.1393873119e-05
ht14,ok,,29.061156588,2578302865.8,220096.02238,1080997.1196,109690456.99,1281708.7401,185644647.42,0.0,0.0,0.0,-1.2787821318e-11,1.1249735843e-09,2.3267601301e-11,8.0205079758e-11,0.0,0.0,2.854605098e-07,0.0,0.0,0.0,0.0,-1.5403611061e-11,0.20884527746,1.2267041961e-05,-0.062828722754,1.7652819029e-05
ht13,ok,,28.588638775,2536381133.4,155537.5276,825064.03674,108714444.47,892718.48648,178561769.78,0.0,0.0,0.0,-1.5731246861e-11,1.1440261617e-09,2.6168944008e-11,9.6825902348e-11,0.0,0.0,3.8151067054e-07,0.0,0.0,0.0,0.0,-1.887801943e-11,0.20427928871,1.0600905692e-05,-0.05933922645,1.5060061459e-05
ht22,ok,,27.583109839,2447170708.1,89388.347247,563504.24604,106348551.5,506069.02858,164124618.5,0.0,0.0,0.0,-1.6813982939e-08,1.2998704381e-09,1.7341816258e-08,1.3108498143e-07,0.0,0.0,4.1803926299e-07,0.0,0.0,0.0,0.0,-1.531165646e-08,0.19194451393,0.0070221279399,-0.037367838803,0.011717469839
isa571,ok,,30.530174618,2708633996.5,275709.99894,1237736.2365,113236507.17,1748724.7001,210974005.56,0.0,0.0,0.0,-2.0992110249e-08,1.5433693361e-09,8.2992030335e-09,1.8251889939e-07,0.0,0.0,-1.5350318694e-07,0.0,0.0,0.0,0.0,-1.1935608039e-08,0.23302960514,0.03185960787,0.042322363509,0.050322285557
isa960,ok,,30.999919536,2750309718.0,486064.54905,2150165.8762,114177177.27,3195386.7861,219369648.97,0.0,0.0,0.0,-1.5049307455e-08,1.5221697575e-09,7.7943989345e-09,1.3904486736e-07,0.0,0.0,-8.1488757249e-08,0.0,0.0,0.0,0.0,-9.3159950093e-09,0.23534168944,0.041119668421,0.039608796044,0.067584780752
ht23,ok,,28.62759915,2539837693.9,159334.5875,835559.82139,108748439.82,922330.18333,179012845.48,0.0,0.0,0.0,-9.1047933007e-09,1.2264822629e-09,1.2681985514e-08,7.1869077453e-08,0.0,0.0,2.6555160116e-07,0.0,0.0,0.0,0.0,-9.5150036911e-09,0.20523533917,0.0065969962052,-0.04231155483,0.01145122981
isa961,ok,,31.025312296,2752562561.1,467821.0704,2076279.3106,114273691.21,3080082.6722,219916586.99,0.0,0.0,0.0,-1.5469843397e-08,1.535457005e-09,8.6942572903e-09,1.434593541e-07,0.0,0.0,-7.6158239996e-08,0.0,0.0,0.0,0.0,-9.6938055707e-09,0.23578866176,0.040645067007,0.035628429355,0.067113308595
ht35,ok,,29.179341365,2588788207.3,251498.82853,1076711.6379,109423760.82,1432221.383,186351937.97,0.0,0.0,0.0,1.9659808436e-13,1.1394735932e-09,1.0305558458e-12,-1.1149311596e-12,0.0,0.0,-1.6521654898e-08,0.0,0.0,0.0,0.0,-7.7151218802e-13,0.21234311239,-5.1620607695e-07,0.0041551768522,-2.8040388054e-07
ht33,ok,,28.474402285,2526246083.6,138405.56066,692343.73923,108140299.06,775591.36128,176001812.99,0.0,0.0,0.0,-6.7110566588e-12,1.1606638931e-09,1.0807839363e-11,3.8717810403e-11,0.0,0.0,1.2973617772e-07,0.0,0.0,0.0,0.0,-9.0427918853e-12,0.20427894116,3.7723249142e-06,-0.017956208416,5.3587602565e-06
ht34,ok,,28.994145705,2572357667.1,210309.09829,935816.70983,109085907.61,1191448.5975,183531461.9,0.0,0.0,0.0,-1.2889783856e-12,1.1461033901e-09,3.2956139725e-12,7.4266943828e-12,0.0,0.0,9.668577403e-09,0.0,0.0,0.0,0.0,-2.5809495151e-12,0.21034602994,8.889230011e-07,-0.0020333897954,1.5619013989e-06
isa962,ok,,31.150164878,2763639469.6,487612.62342,2213486.4099,114654879.67,3251760.5766,222444501.32,0.0,0.0,0.0,-1.5348029759e-08,1.5490104833e-09,1.1146372815e-08,1.4517549151e-07,0.0,0.0,-4.0992049536e-08,0.0,0.0,0.0,0.0,-9.9395389459e-09,0.23385653911,0.042394633592,0.019988240814,0.07078940227
j5012,ok,,30.82145819,2734476645.5,795225.9057,2683663.3933,113690754.79,4599928.3789,215912132.8,0.0,0.0,0.0,8.3483528129e-15,1.0719833669e-09,-6.6283470841e-14,-5.3953850205e-14,0.0,0.0,-8.0439251288e-08,0.0,0.0,0.0,0.0,4.1652821066e-14,0.23145421508,5.9448011255e-09,0.06396737646,-4.2905499395e-08
jx-gs-04,ok,,28.661973123,2542887349.3,187626.9675,940990.34231,108113127.17,1101482.6512,177914765.61,0.0,0.0,0.0,-1.0700711978e-08,1.255859419e-09,1.0861924899e-08,9.0871442301e-08,0.0,0.0,1.1141816118e-07,0.0,0.0,0.0,0.0,-8.2908385333e-09,0.20603113808,0.009905959337,-0.020905051706,0.017049933151
k3311,ok,,30.312218286,2689296932.8,582472.7165,2386763.4331,111900411.88,3628866.026,205547678.46,0.0,0.0,0.0,-6.7952547699e-09,1.1355430937e-09,-6.4828972879e-10,6.6612507181e-08,0.0,0.0,-7.0123412674e-08,0.0,0.0,0.0,0.0,-1.5042585898e-09,0.2257766596,0.023427320834,0.04084497467,0.03879996801
jx-gs-06,ok,,28.979524411,2571060467.4,209152.30882,982671.5994,108907929.99,1221840.5943,183042668.26,0.0,0.0,0.0,-9.8152521411e-09,1.2287921522e-09,7.7239518882e-09,8.2519496243e-08,0.0,0.0,2.0552639773e-08,0.0,0.0,0.0,0.0,-6.3317936185e-09,0.2110084714,0.010360842936,-0.0042986320609,0.017259143162
k1,ok,,29.578828227,2624230641.2,688398.08107,2694153.5085,109643804.83,4045583.4327,191770397.12,0.0,0.0,0.0,-1.3018740799e-09,1.0724527173e-09,-7.9780126583e-09,1.2841787394e-08,0.0,0.0,-6.6466921196e-08,0.0,0.0,0.0,0.0,5.2439963187e-09,0.21086664154,0.0097448637705,0.045755701006,0.0088402617997
kc135b,ok,,30.639633273,2718345157.3,837775.95663,2940567.9569,112768323.04,4994773.6723,211627248.62,0.0,0.0,0.0,-2.7047398569e-09,1.1140948585e-09,1.9920970672e-09,2.0362310081e-08,0.0,0.0,-1.0031200661e-07,0.0,0.0,0.0,0.0,-2.2654161326e-09,0.22926510265,0.010916805279,0.084038987303,0.017059053808
jx-gs-15,ok,,29.560546746,2622608710.0,267764.44468,1116092.0588,110386806.81,1551071.4485,192840551.09,0.0,0.0,0.0,-7.5441189501e-09,1.1713749989e-09,1.5480694867e-09,6.541213472e-08,0.0,0.0,-1.15914143e-07,0.0,0.0,0.0,0.0,-2.6975356346e-09,0.21979757747,0.010782009235,0.03103768613,0.017515043928
kc135a,ok,,30.977179011,2748292180.9,1184401.1885,4148783.8974,113315731.12,7198198.3896,217412734.44,0.0,0.0,0.0,-1.8983814812e-09,1.0753114579e-09,2.0534344955e-09,1.4563410074e-08,0.0,0.0,-4.4251021244e-08,0.0,0.0,0.0,0.0,-1.6830414622e-09,0.22875071433,0.01089529631,0.052410962152,0.0172489202
k3311sm,ok,,30.393238896,2696485073.1,585624.40222,2384715.3246,112193923.46,3653932.106,207191043.83,0.0,0.0,0.0,-6.6603350839e-09,1.1239228873e-09,-7.8795523446e-10,6.5870103437e-08,0.0,0.0,-7.0010003614e-08,0.0,0.0,0.0,0.0,-1.3896858051e-09,0.22585344979,0.023190178273,0.040999566516,0.038575139949
jx-gs-10,ok,,29.21258347,2591737443.5,238633.54505,1067426.6492,109470513.44,1393066.5987,186858509.23,0.0,0.0,0.0,-8.4549031133e-09,1.200012691e-09,4.6863597219e-09,7.315047777e-08,0.0,0.0,-4.4131980771e-08,0.0,0.0,0.0,0.0,-4.4517909899e-09,0.21442610256,0.010448854243,0.010531371021,0.017456157832
kc135c,ok,,30.291495538,2687458412.8,555811.77757,1991275.3752,112070209.2,3265149.9825,205536356.07,0.0,0.0,0.0,-4.364465748e-09,1.1589797079e-09,1.6704733994e-09,3.273903485e-08,0.0,0.0,-2.0005531581e-07,0.0,0.0,0.0,0.0,-3.378509897e-09,0.22828727071,0.011733771531,0.11119310069,0.018196741156
kc135d,ok,,30.005603294,2662094081.9,391998.55904,1478385.9781,111393964.23,2302965.1196,200453185.56,0.0,0.0,0.0,-7.4775778576e-09,1.2061976774e-09,-1.2994359366e-10,5.9427915863e-08,0.0,0.0,-2.9864606699e-07,0.0,0.0,0.0,0.0,-4.5808246102e-09,0.22594628235,0.014838656157,0.11706882792,0.023295657385
l188root,ok,,31.28422913,2775533636.4,1099979.8852,3672011.9087,114780104.02,6534542.1539,224623300.01,0.0,0.0,0.0,-2.1432697437e-09,1.0386092987e-09,-2.0727691649e-09,2.1358647044e-08,0.0,0.0,-7.5982292683e-08,0.0,0.0,0.0,0.0,1.7213634528e-10,0.23383707017,0.014268332549,0.083578993581,0.023494082123
l7769,ok,,28.929366395,2566610453.3,474637.4574,2840328.0378,107592311.29,3279823.9275,180350038.57,0.0,0.0,0.0,-9.2271754054e-09,1.344952314e-09,1.2762296489e-08,1.0222315925e-07,0.0,0.0,9.6450182529e-08,0.0,0.0,0.0,0.0,-8.0507027901e-09,0.198448886,0.025041285651,-0.045778869401,0.048518940391
la5055,ok,,30.472510996,2703518085.8,1130664.8658,5502354.8191,110049744.83,8002352.2348,204357225.7,0.0,0.0,0.0,-4.9929832996e-09,1.1360570923e-09,3.2680273019e-09,5.9205777525e-08,0.0,0.0,-3.7834721307e-09,0.0,0.0,0.0,0.0,-2.8026609772e-09,0.20915553315,0.035283176959,0.0042778390088,0.066941892498
l188tip,ok,,31.089835742,2758287074.7,813204.69154,2800889.5976,114445167.34,4839055.6002,221164696.34,0.0,0.0,0.0,-3.8652844222e-09,1.0550063096e-09,-4.2936845291e-09,3.8678543166e-08,0.0,0.0,-1.2091969491e-07,0.0,0.0,0.0,0.0,3.0678545167e-10,0.23459871497,0.019052643118,0.098332463201,0.031453572764
lds2,ok,,30.601773883,2714986276.1,737188.7364,2679880.6549,112863897.12,4397122.2765,211287982.15,0.0,0.0,0.0,-3.8080514669e-09,1.0961974346e-09,1.9376407231e-10,3.4674139875e-08,0.0,0.0,-7.2778952226e-08,0.0,0.0,0.0,0.0,-1.2754716298e-09,0.22709340645,0.015471333201,0.053651823829,0.02556138536
lg10sc,ok,,30.894492266,2740956221.3,565841.76828,1929500.5714,114338401.46,3234998.0214,218150841.24,0.0,0.0,0.0,-3.5964998313e-09,1.1213670818e-09,5.1581951598e-09,2.372888772e-08,0.0,0.0,-1.0226464226e-07,0.0,0.0,0.0,0.0,-4.0624582239e-09,0.23427330017,0.008557340226,0.057865606009,0.013426795787
la2573a,ok,,30.194398878,2678844006.9,818942.78687,3587344.3754,110815793.64,5264499.2396,201967750.72,0.0,0.0,0.0,-3.897584008e-09,1.1754994498e-09,9.5023493366e-09,3.8784999812e-08,0.0,0.0,3.7213381384e-08,0.0,0.0,0.0,0.0,-6.3007023851e-09,0.2110334604,0.013534146389,-0.030475630259,0.031762695835
legionair140_sm,ok,,30.719739443,2725452168.6,346208.58345,1492574.0069,113909632.15,2188346.0247,214883444.45,0.0,0.0,0.0,-1.195061774e-08,1.3016909006e-09,6.7175178575e-09,1.1198644981e-07,0.0,0.0,-1.0270106129e-07,0.0,0.0,0.0,0.0,-7.9356289304e-09,0.23503111517,0.022077288027,0.035555988948,0.038770670155
lrn1007,ok,,29.036520618,2576117165.1,241822.8146,1730249.8848,107887329.11,1904822.0963,181986666.43,0.0,0.0,0.0,-2.4608866704e-08,1.4553327021e-09,-4.1945607043e-08,2.8920376236e-07,0.0,0.0,-6.9089667264e-07,0.0,0.0,0.0,0.0,-5.7986941692e-09,0.21535146179,0.044502340147,0.16707457798,0.069936067806
lnv109a,ok,,28.722933391,2548295738.1,612237.44223,4352923.6812,105881218.43,4722279.9556,175191794.29,0.0,0.0,0.0,-8.4727504089e-09,1.2350216791e-09,1.1772347144e-08,1.1086892343e-07,0.0,0.0,1.0969956286e-07,0.0,0.0,0.0,0.0,-4.7827328337e-09,0.18272739029,0.035902558991,-0.06716217978,0.067878106104
lrn1015,ok,,30.964586878,2747175008.2,1247336.5855,4698483.5086,112765801.97,7858152.4185,216240984.73,0.0,0.0,0.0,-4.9958496389e-09,1.129942014e-09,-4.1203786774e-10,4.5603668733e-08,0.0,0.0,-7.0280184967e-08,0.0,0.0,0.0,0.0,-2.2664772558e-09,0.22501869174,0.035262103357,0.087663045947,0.056883124445
ls013,ok,,30.890004107,2740558032.3,912478.18769,3169458.9978,113969111.91,5336829.2471,217428234.98,0.0,0.0,0.0,-1.940362581e-18,1.0643372581e-09,-3.5980241164e-15,-2.0952507047e-15,0.0,0.0,-8.7848317305e-08,0.0,0.0,0.0,0.0,-1.5829798148e-18,0.23141697146,8.4003516817e-12,0.080159673366,-1.9118705658e-09
ls413,ok,,30.851059292,2737102852.2,921963.06642,3271319.6576,113722886.23,5461412.4586,216428165.2,0.0,0.0,0.0,-2.994398823e-09,1.0548854153e-09,-2.7031408307e-09,2.646328281e-08,0.0,0.0,-9.1328452083e-08,0.0,0.0,0.0,0.0,3.564786101e-10,0.22956774392,0.016800652464,0.084201459734,0.024398169367
ls417,ok,,31.558003571,2799822877.0,1625884.4419,5498509.8661,114914122.88,9848359.5101,228922607.02,0.0,0.0,0.0,-1.674257746e-09,1.007064226e-09,-1.4370609828e-09,1.5111059305e-08,0.0,0.0,-4.8534310892e-08,0.0,0.0,0.0,0.0,1.7114959936e-10,0.2311851108,0.016878414699,0.078911180975,0.024568836224
ls417mod,ok,,31.625459688,2805807576.9,1580012.8403,5516133.9727,115161104.64,9663765.7537,230427592.73,0.0,0.0,0.0,-1.9972331354e-09,1.0029406347e-09,3.3177095844e-10,1.4811474569e-08,0.0,0.0,-2.008326499e-08,0.0,0.0,0.0,0.0,-4.868775486e-10,0.22893449948,0.018224061307,0.031731816559,0.023402320002
lwk79100,ok,,29.309641235,2600348398.5,433352.22648,1906248.8997,109481933.27,2583768.8459,188151673.24,0.0,0.0,0.0,-9.2001407371e-18,1.1213262806e-09,-1.5969713981e-16,-7.2154906733e-16,0.0,0.0,2.6724566619e-08,0.0,0.0,0.0,0.0,3.9776424404e-17,0.21097941595,4.5454042711e-11,-0.011581150446,-3.1268489484e-10
ls421mod,ok,,32.129698022,2850543550.8,2349747.9942,8047550.3246,115502604.55,14750532.428,238640956.74,0.0,0.0,0.0,-1.1686124423e-09,9.6982170297e-10,1.1803138385e-09,9.4395104276e-09,0.0,0.0,-1.5462186489e-08,0.0,0.0,0.0,0.0,-8.6487580952e-10,0.22784126081,0.014333485419,0.036332241689,0.022180470693
ls421,ok,,32.273153314,2863270889.7,2470307.0462,8038032.6369,115924260.75,15329094.341,241647729.38,0.0,0.0,0.0,-1.0648832514e-09,9.6276581146e-10,-8.02654058e-10,9.9232524648e-09,0.0,0.0,-3.0350762566e-08,0.0,0.0,0.0,0.0,4.9200778054e-11,0.23284410757,0.016499317654,0.074975702624,0.024513480485
lwk80080,ok,,29.712718268,2636109352.0,335057.67349,1252219.3574,110955116.37,1880091.9722,195830324.09,0.0,0.0,0.0,6.814959568e-18,1.1394521791e-09,-1.939226186e-15,1.5776011634e-15,0.0,0.0,-3.7892694528e-07,0.0,0.0,0.0,0.0,8.6058582945e-17,0.22313928951,2.3290751355e-11,0.12696238071,5.2858737552e-10
lwk80100,ok,,30.10857636,2671229841.8,544440.17846,1950547.4038,111805369.27,3108182.0252,202600592.04,0.0,0.0,0.0,2.3316745413e-13,1.1138559738e-09,-1.2475764946e-12,1.1261990567e-12,0.0,0.0,-2.1339609239e-07,0.0,0.0,0.0,0.0,6.0068065232e-13,0.22566787965,-3.0339936047e-07,0.11618140662,6.1314801543e-07
lwk80120k25,ok,,30.452739597,2701763969.3,802998.25345,2795417.7339,112485765.71,4651721.0898,208537279.87,0.0,0.0,0.0,5.6463701977e-18,1.090324372e-09,2.567114335e-15,-4.6201372141e-16,0.0,0.0,-1.3566007192e-07,0.0,0.0,0.0,0.0,8.4563646389e-17,0.22737327871,6.3175690906e-11,0.10893480081,-3.7099621137e-10
lwk80150k25,ok,,30.762539643,2729249398.0,1270719.1641,4349716.4235,112782975.09,7496127.5585,213421426.6,0.0,0.0,0.0,2.5746349037e-18,1.0588624372e-09,2.0212711625e-16,1.0525475738e-15,0.0,0.0,-8.2045838807e-08,0.0,0.0,0.0,0.0,6.182283149e-17,0.22598393193,8.5428355668e-11,0.1042572197,1.3374923731e-09
m1,ok,,30.030095364,2664267015.8,184079.03664,694786.00759,112299955.77,1013497.037,202458558.05,0.0,0.0,0.0,-2.5277060447e-17,1.140934333e-09,4.0166504361e-15,-6.323008512e-15,0.0,0.0,-4.4816338832e-07,0.0,0.0,0.0,0.0,-1.0942784194e-16,0.2309919199,1.1467247728e-16,0.082497484779,-1.1639333155e-09
m10,ok,,30.052627929,2666266102.7,187367.12408,791461.85081,112247899.72,1105439.443,202650699.59,0.0,0.0,0.0,-1.2682480781e-08,1.2627338534e-09,1.7747582468e-09,1.1529945288e-07,0.0,0.0,-4.3753989486e-07,0.0,0.0,0.0,0.0,-8.9314785299e-09,0.23049354705,0.011745154922,0.081980591772,0.021603326895
m11,ok,,30.241423236,2683016003.2,343993.59825,1310757.9104,112281229.9,2008065.4736,205223839.26,0.0,0.0,0.0,-6.9314730245e-09,1.19829682e-09,3.9494234694e-09,6.2075235217e-08,0.0,0.0,-1.9559230884e-07,0.0,0.0,0.0,0.0,-5.7604978782e-09,0.22943109083,0.011266440029,0.067282502108,0.021353483524
m13,ok,,30.253721089,2684107067.4,188666.26103,1064972.4535,112532116.14,1335318.912,205856400.34,0.0,0.0,0.0,-2.1653791664e-08,1.5053903197e-09,-4.6643854795e-09,2.3583658093e-07,0.0,0.0,-4.320574337e-07,0.0,0.0,0.0,0.0,-1.318503275e-08,0.23131651167,0.024849862969,0.081514660568,0.044494405938
m12,ok,,31.190309603,2767201105.5,797945.60762,2709496.3452,114886816.08,4692530.9144,223446327.55,0.0,0.0,0.0,-3.2661799527e-09,1.0904655778e-09,1.1654775789e-09,2.9036161988e-08,0.0,0.0,-8.1119571896e-08,0.0,0.0,0.0,0.0,-1.9425867285e-09,0.23698710039,0.013167477067,0.064729006086,0.023169277921
m15,ok,,31.318417841,2778566855.4,810302.96085,2975001.9529,114898196.51,5026225.151,225326040.46,0.0,0.0,0.0,-5.5793258146e-09,1.1650582496e-09,2.6620352837e-09,5.3865691117e-08,0.0,0.0,-8.1953722622e-08,0.0,0.0,0.0,0.0,-4.0394989227e-09,0.23688241634,0.023243226296,0.066407344093,0.043647529001
m14,ok,,30.712193098,2724782657.6,344321.96277,1546136.4994,113575348.27,2259643.1913,214105014.71,0.0,0.0,0.0,-1.2944700784e-08,1.3181805745e-09,1.4915071256e-10,1.3207007836e-07,0.0,0.0,-2.1342667025e-07,0.0,0.0,0.0,0.0,-7.5664453593e-09,0.23475960171,0.025244070881,0.073487490007,0.045474628604
m17,ok,,30.672825614,2721289978.4,342730.24212,1590876.7023,113375659.77,2286975.9299,213140468.05,0.0,0.0,0.0,-1.2924429164e-08,1.4638340046e-09,6.7740853456e-09,1.3155605883e-07,0.0,0.0,-2.0774443191e-07,0.0,0.0,0.0,0.0,-1.2366869602e-08,0.23383879781,0.0229628408,0.071200299447,0.045088239894
m16,ok,,30.247461475,2683551715.1,184786.3673,1128252.2201,112519819.34,1365695.9389,205697271.37,0.0,0.0,0.0,-2.1688619335e-08,1.7280184903e-09,3.5407869346e-09,2.4419087619e-07,0.0,0.0,-4.0925316956e-07,0.0,0.0,0.0,0.0,-2.0373310681e-08,0.23104165488,0.023209717006,0.075624406508,0.045123144938
m18,ok,,31.336742108,2780192582.5,802435.60565,3004717.6476,114837787.35,5039541.1978,225457376.52,0.0,0.0,0.0,-5.8921211527e-09,1.2013183152e-09,4.1525398426e-09,5.6585961784e-08,0.0,0.0,-7.9200208196e-08,0.0,0.0,0.0,0.0,-5.0891265525e-09,0.23659386331,0.023641613959,0.063553067031,0.045406590515
m19,ok,,30.352078372,2692833315.6,182451.63049,1693591.0057,112067523.66,1760786.4122,206232594.17,0.0,0.0,0.0,-2.473962921e-08,2.0300977191e-09,-6.1200209544e-09,3.7028466951e-07,0.0,0.0,-3.7508916914e-07,0.0,0.0,0.0,0.0,-2.1073981658e-08,0.22876689293,0.035121243915,0.068435630489,0.067559041698
m2,ok,,30.374122341,2694789054.4,327124.2907,1144782.5044,113045171.31,1832223.8087,208436214.2,0.0,0.0,0.0,-9.2590388545e-18,1.1172154579e-09,2.5048566048e-16,1.6574788333e-15,0.0,0.0,-2.7681897348e-07,0.0,0.0,0.0,0.0,-3.97618412e-17,0.23286816048,-4.1767945714e-16,0.09055421035,5.4220158768e-10
m20,ok,,30.909041179,2742246999.4,345322.41019,2097213.6281,113442982.48,2739632.3822,216567866.94,0.0,0.0,0.0,-1.6137092608e-08,1.6527451939e-09,1.7279936567e-09,1.9787445861e-07,0.0,0.0,-1.9569081652e-07,0.0,0.0,0.0,0.0,-1.2969125789e-08,0.23330164795,0.035966391665,0.067576424412,0.068330484962
m21,ok,,31.533516033,2797650345.2,800470.28415,3435394.806,114749731.06,5501645.6223,228156532.13,0.0,0.0,0.0,-7.8402898856e-09,1.3299875568e-09,4.6926826593e-09,8.3763679763e-08,0.0,0.0,-7.8927212672e-08,0.0,0.0,0.0,0.0,-6.8448598126e-09,0.23564061321,0.03431067751,0.063178888354,0.067050336542
m22,ok,,30.551914982,2710562799.4,190171.60999,1828266.2085,112588265.83,1892971.8773,209837561.18,0.0,0.0,0.0,-2.374714782e-08,2.2053744456e-09,-6.7939461308e-10,3.6328864419e-07,0.0,0.0,-3.3277553252e-07,0.0,0.0,0.0,0.0,-2.4512356584e-08,0.2305435228,0.034329938426,0.063284458785,0.069087186356
m23,ok,,30.994751933,2749851248.8,345888.84086,2202806.4208,113551231.16,2833238.0946,217926082.83,0.0,0.0,0.0,-1.6072226774e-08,1.8403421682e-09,6.4468229239e-09,2.0088317324e-07,0.0,0.0,-1.8624280801e-07,0.0,0.0,0.0,0.0,-1.6749491759e-08,0.23392644492,0.034514329154,0.064419308981,0.069483247941
m24,ok,,31.512275074,2795765849.4,789818.31337,3493208.492,114508768.13,5516115.0827,227344256.63,0.0,0.0,0.0,-8.1412102332e-09,1.4219547552e-09,7.0226887876e-09,8.6502604029e-08,0.0,0.0,-7.8568805034e-08,0.0,0.0,0.0,0.0,-8.5797562734e-09,0.23493402261,0.033867074979,0.062055081075,0.068321340817
m25,ok,,30.755264694,2728603965.3,188973.74641,2739734.3255,112213595.49,2480235.7253,211954700.23,0.0,0.0,0.0,-2.3650647824e-08,2.3863869454e-09,-1.1210698025e-08,4.8437161051e-07,0.0,0.0,-3.1222596838e-07,0.0,0.0,0.0,0.0,-2.2206518312e-08,0.22815291339,0.046235472803,0.059002510971,0.091533517894
m26,ok,,31.167445745,2765172626.3,340236.91395,2996572.3877,113041185.61,3447495.8619,219394531.18,0.0,0.0,0.0,-1.7004445441e-08,2.0031744575e-09,-3.0631007601e-10,2.6887556554e-07,0.0,0.0,-1.8260938226e-07,0.0,0.0,0.0,0.0,-1.6068056463e-08,0.23145153807,0.045945292701,0.062130452679,0.091481392656
m27,ok,,31.819866832,2823055359.0,788796.06516,4119001.6228,114458678.4,6204112.229,231757694.82,0.0,0.0,0.0,-9.58108784e-09,1.5588360468e-09,5.0882839163e-09,1.1588945841e-07,0.0,0.0,-8.1078329341e-08,0.0,0.0,0.0,0.0,-9.1064932615e-09,0.23463069274,0.046338544652,0.063954267153,0.091413148787
m3,ok,,31.153588456,2763943209.0,794059.76694,2628856.0772,114907530.23,4585224.2446,222955336.45,0.0,0.0,0.0,-1.1265775504e-18,1.0629499809e-09,1.3143117009e-15,4.8911123442e-16,0.0,0.0,-7.7060685914e-08,0.0,0.0,0.0,0.0,-4.754163522e-18,0.23699037062,-5.2007769066e-16,0.061190790298,3.8838355282e-10
m4,ok,,30.204474786,2679737940.5,193578.21777,838286.07919,112699206.91,1167593.1539,205480505.35,0.0,0.0,0.0,-1.3537819277e-08,1.388959695e-09,1.1035936207e-08,1.2002455862e-07,0.0,0.0,-4.1617493374e-07,0.0,0.0,0.0,0.0,-1.6304714948e-08,0.23234298826,0.011387640273,0.080562401954,0.023234140145
m5,ok,,30.763420517,2729327549.0,359482.77966,1349176.5527,114126266.74,2120646.2977,215845097.42,0.0,0.0,0.0,-6.748512847e-09,1.2211564847e-09,7.9128742547e-09,5.9871855115e-08,0.0,0.0,-1.9497861594e-07,0.0,0.0,0.0,0.0,-8.4523238584e-09,0.23738582356,0.010059477954,0.070091454833,0.0215229009
ma409,ok,,29.633731202,2629101627.5,203094.80491,1103349.4527,110509069.61,1343853.6968,194050075.87,0.0,0.0,0.0,-2.6416748438e-08,1.4327755958e-09,-1.741981347e-09,2.4891805009e-07,0.0,0.0,-2.2843532734e-07,0.0,0.0,0.0,0.0,-7.996617331e-09,0.22291057837,0.033108635304,0.046394028242,0.050553962822
m7,ok,,30.260931157,2684746744.0,186840.25363,1225221.6266,112399496.97,1444415.7314,205555293.1,0.0,0.0,0.0,-2.5834979308e-08,2.2142227453e-09,1.1703979788e-08,2.8194647158e-07,0.0,0.0,-3.6933080087e-07,0.0,0.0,0.0,0.0,-2.9183908675e-08,0.23047133321,0.027650802686,0.069005860507,0.052678950258
m9,ok,,29.536073635,2620437458.1,298828.09086,3243335.8941,108616702.96,2903444.8996,189798260.69,0.0,0.0,0.0,-1.7628024678e-08,1.6409747173e-09,2.7903316895e-08,2.8555413862e-07,0.0,0.0,2.2192277866e-07,0.0,0.0,0.0,0.0,-1.1125371966e-08,0.20304907536,0.044670511431,-0.066316760266,0.08533159808
m685,ok,,30.787202267,2731437463.5,572462.4974,2006792.2834,113729037.28,3356488.2064,215465240.51,0.0,0.0,0.0,-3.9339391769e-09,1.1412419918e-09,4.6772841849e-09,3.4976187239e-08,0.0,0.0,-1.2085361012e-07,0.0,0.0,0.0,0.0,-4.6195023095e-09,0.23269519489,0.0095985552084,0.069184159471,0.020022555496
m8,ok,,30.022883323,2663627164.3,371906.36668,3951469.0495,109264829.37,3729497.5284,197157372.55,0.0,0.0,0.0,-1.5513224679e-08,1.6271568814e-09,2.577573712e-08,2.6074009182e-07,0.0,0.0,1.7704998591e-07,0.0,0.0,0.0,0.0,-1.0135571323e-08,0.20472318561,0.050191085152,-0.065846016983,0.096970900197
ma409sm,ok,,29.718385691,2636612165.2,200488.56068,1083683.7167,110859425.85,1331359.0702,195782200.15,0.0,0.0,0.0,-1.6575145683e-08,1.0231602109e-09,-1.436249814e-08,1.8877880345e-07,0.0,0.0,-2.226986677e-07,0.0,0.0,0.0,0.0,4.916785804e-09,0.221550484,0.023518756376,0.044648535353,0.03784799059
m665,ok,,30.256679106,2684369502.4,314934.66913,1169353.4251,112416466.24,1815852.7899,205664178.01,0.0,0.0,0.0,-5.5889621268e-09,1.1811170219e-09,5.5687084572e-09,4.8803619991e-08,0.0,0.0,-2.4343806449e-07,0.0,0.0,0.0,0.0,-6.5422323019e-09,0.22922372095,0.0074266739781,0.076667086295,0.015369951914
marske1,ok,,30.619990466,2716602449.5,662264.91156,2562468.0355,112259802.31,5635310.8854,210443949.45,0.0,0.0,0.0,-3.7252948009e-09,1.1852004999e-09,2.4345583381e-08,5.1039450045e-08,0.0,0.0,2.9307395036e-07,0.0,0.0,0.0,0.0,-6.8906127227e-09,0.21858925551,0.012524646335,-0.19409259382,0.033801636871
m6,ok,,31.294401573,2776436134.5,811899.45818,2770811.4633,115156777.41,4814047.4126,225463576.69,0.0,0.0,0.0,-3.2212955459e-09,1.1153997243e-09,4.2162839945e-09,2.85884338e-08,0.0,0.0,-7.9307516293e-08,0.0,0.0,0.0,0.0,-3.7948538876e-09,0.2381280086,0.011161010086,0.064389729508,0.023210933913
marske2,ok,,30.444816189,2701061005.3,599989.664,1974817.9414,112394224.21,4661398.5087,208300410.27,0.0,0.0,0.0,-4.0080905803e-09,1.192771346e-09,2.2673724447e-08,4.1438187921e-08,0.0,0.0,2.5729953608e-07,0.0,0.0,0.0,0.0,-7.0920794627e-09,0.22057615743,0.011404041723,-0.1543770622,0.024862484448
mh102,ok,,31.089054988,2758217806.3,1366875.4381,5257050.8422,113021178.39,8691066.4268,218503534.78,0.0,0.0,0.0,-2.5754317134e-09,1.0354606892e-09,1.626812848e-09,2.5586809596e-08,0.0,0.0,8.3955071457e-09,0.0,0.0,0.0,0.0,-8.7520465739e-10,0.22195771967,0.020696182305,-0.011475612508,0.034973981576
marske4,ok,,30.332560404,2691101683.4,415259.53176,1418974.3568,112310013.23,3239660.7862,206576889.29,0.0,0.0,0.0,-6.1179972568e-09,1.2906390686e-09,3.5336194223e-08,6.5058603561e-08,0.0,0.0,4.1186678772e-07,0.0,0.0,0.0,0.0,-1.0911639524e-08,0.22160064242,0.012001907245,-0.17103160942,0.027016205252
mb253515sm,ok,,30.976426913,2748225454.9,1175291.3992,4132257.183,113214102.94,7169699.899,217238857.82,0.0,0.0,0.0,-2.6060324018e-09,1.0955551048e-09,5.86533135e-10,2.4089298749e-08,0.0,0.0,-6.2067178726e-08,0.0,0.0,0.0,0.0,-1.4649378704e-09,0.23202381281,0.01624933985,0.072947021331,0.028311945633
mh104,ok,,30.714826205,2725016266.6,1076056.0163,4135325.156,112390933.78,6694840.9533,212014236.82,0.0,0.0,0.0,-2.2487237955e-09,1.0948734487e-09,4.1877567938e-09,2.0283463811e-08,0.0,0.0,1.4054352689e-09,0.0,0.0,0.0,0.0,-2.7484561312e-09,0.22327493494,0.010950312733,-0.0015123270767,0.021826143266
marske5,ok,,30.556599483,2710978407.9,624923.5257,2079222.3168,112641353.1,4870237.0748,210319125.12,0.0,0.0,0.0,-4.8691800505e-09,1.2493614296e-09,2.8064091418e-08,5.1236207181e-08,0.0,0.0,2.6051871708e-07,0.0,0.0,0.0,0.0,-8.6541241223e-09,0.21912324119,0.01450496162,-0.16280427519,0.032018711235
marske3,ok,,30.430456103,2699786980.0,604997.86501,1990912.391,112319427.81,4698215.7854,207962250.77,0.0,0.0,0.0,-4.1860398003e-09,1.2083463743e-09,2.3422547847e-08,4.370581473e-08,0.0,0.0,2.4961257675e-07,0.0,0.0,0.0,0.0,-7.3559377048e-09,0.22089736063,0.01204749381,-0.15101507601,0.0264419246
marske7,ok,,30.80824352,2733304241.3,752406.18327,2837591.487,113240719.52,4683458.5652,214848022.38,0.0,0.0,0.0,-4.4136301091e-09,1.1895227475e-09,3.2615755214e-09,4.3715851118e-08,0.0,0.0,-1.4349323203e-07,0.0,0.0,0.0,0.0,-5.1384718405e-09,0.23259455759,0.01508241025,0.10796519503,0.032892076688
mh106,ok,,30.382482496,2695530766.4,768699.83333,3004121.3181,111968937.48,4679809.6462,206630419.92,0.0,0.0,0.0,-1.5444891291e-09,1.1006414222e-09,4.2552878857e-09,1.240812857e-08,0.0,0.0,9.062820078e-09,0.0,0.0,0.0,0.0,-2.8583626878e-09,0.22311536928,0.0042441687421,-0.0069665882835,0.009538126364
mh108,ok,,30.226963599,2681733145.7,645759.88414,2604876.2033,111733033.67,3910937.3977,204088286.33,0.0,0.0,0.0,-1.9679042772e-09,1.112582116e-09,5.8004991602e-09,1.5681893827e-08,0.0,0.0,3.7188195223e-08,0.0,0.0,0.0,0.0,-3.8734079809e-09,0.22092774209,0.0043506101733,-0.024014644638,0.010126737941
mh110,ok,,29.839375225,2647346344.4,436054.9722,1845253.7343,110906312.92,2608405.0784,197418173.19,0.0,0.0,0.0,-2.5146604336e-09,1.1615077401e-09,1.0381183495e-08,1.6345439685e-08,0.0,0.0,5.0681742493e-08,0.0,0.0,0.0,0.0,-7.5764578393e-09,0.21940107066,0.0022242263942,-0.022100025814,0.0071275102473
mh113,ok,,30.950977501,2745967585.7,1088347.5838,4845452.0898,112224171.89,7471762.1172,215085844.34,0.0,0.0,0.0,-6.6207569687e-09,1.0034500887e-09,-3.3145250546e-09,7.2926143955e-08,0.0,0.0,-3.3418094776e-08,0.0,0.0,0.0,0.0,3.8342009903e-10,0.21990567261,0.050099138081,0.036370502706,0.079368992572
mh117,ok,,29.705102861,2635433713.9,461968.41508,1988468.2898,110287391.43,2820403.2726,194560540.1,0.0,0.0,0.0,-6.8227808754e-09,1.1135351014e-09,-1.7326511828e-09,6.7970970289e-08,0.0,0.0,-4.9753253557e-08,0.0,0.0,0.0,0.0,4.7315220159e-11,0.21682713158,0.019271929005,0.022984431691,0.031400441416
mh112,ok,,31.281424868,2775284842.6,1353270.1142,5856438.5086,112658877.9,9362426.5298,220605779.93,0.0,0.0,0.0,-5.5970567554e-09,9.7943607338e-10,-2.6339131351e-09,6.2508301353e-08,0.0,0.0,-2.4978858235e-08,0.0,0.0,0.0,0.0,2.8868293377e-10,0.21940484045,0.052995438373,0.033803142335,0.084590616107
mh122,ok,,29.99111134,2660808357.2,432673.4355,1775499.7875,111152356.15,2641976.8263,199846308.05,0.0,0.0,0.0,-7.9671684009e-09,1.0049349687e-09,-1.6603358271e-08,8.2647466703e-08,0.0,0.0,-2.3928886384e-07,0.0,0.0,0.0,0.0,5.77484238e-09,0.2250774919,0.024488859693,0.1035339348,0.035759363354
mh121,ok,,29.791145216,2643067382.9,372559.33483,1532337.713,110677685.0,2241106.0398,196340338.78,0.0,0.0,0.0,-7.5670879458e-09,1.0185714031e-09,-1.8493827335e-08,7.9429516114e-08,0.0,0.0,-2.8865604867e-07,0.0,0.0,0.0,0.0,7.252901621e-09,0.22408293427,0.02060651619,0.10754150549,0.029592207689
mh114,ok,,30.65722665,2719906040.0,856035.44772,3948512.5218,111791453.89,5880507.5205,210167574.49,0.0,0.0,0.0,-8.0567310638e-09,1.0154612858e-09,-5.2104325779e-09,8.8523589904e-08,0.0,0.0,-5.4118447346e-08,0.0,0.0,0.0,0.0,7.0349825148e-10,0.22041818538,0.048290371755,0.046327309303,0.075779330917
mh116,ok,,29.938710894,2656159394.9,485902.81838,2176364.818,110727139.18,3101345.4761,198422373.53,0.0,0.0,0.0,-9.2021854992e-09,1.0812911449e-09,-6.8238257754e-09,9.6222949723e-08,0.0,0.0,-1.1442144508e-07,0.0,0.0,0.0,0.0,1.0000206678e-09,0.22021318311,0.029222413192,0.055597702649,0.046755002463
mh126,ok,,32.476826281,2881340734.7,3422434.1038,12263821.605,112993270.14,23335605.491,238752074.04,0.0,0.0,0.0,-2.387134337e-09,9.4229659183e-10,-1.0778194356e-09,2.5775306006e-08,0.0,0.0,-2.1236886118e-08,0.0,0.0,0.0,0.0,-4.7018794723e-10,0.21869186653,0.053312826158,0.072681843309,0.088214286311
mh200,ok,,30.308742004,2688988517.5,909230.81403,3268678.8642,111535552.22,5383059.2294,204846447.99,0.0,0.0,0.0,-2.9611700934e-09,1.0880333546e-09,-3.0960987e-09,2.6252559812e-08,0.0,0.0,-1.0444148648e-07,0.0,0.0,0.0,0.0,3.4935342818e-10,0.2240196966,0.016361502672,0.094961417771,0.023869636328
mh22,ok,,28.821409196,2557032501.6,224868.33635,1090562.5655,108308537.14,1341810.4977,180081506.17,0.0,0.0,0.0,-1.0082906462e-08,1.2574628038e-09,5.55826222e-09,9.5453163232e-08,0.0,0.0,-9.8658354198e-08,0.0,0.0,0.0,0.0,-6.8064654091e-09,0.20984358924,0.011613827101,0.022185139976,0.021464394016
mh23,ok,,30.110186398,2671372684.2,354899.73517,1256750.1451,111800084.55,1991195.8695,202575759.29,0.0,0.0,0.0,-5.1985582388e-09,1.1570228047e-09,-1.1869830957e-09,4.34262943e-08,0.0,0.0,-3.3372931009e-07,0.0,0.0,0.0,0.0,-2.5740297032e-09,0.22898098911,0.0091779726485,0.11844044377,0.015411980347
mh25,ok,,30.538265371,2709351807.3,600632.2525,1984108.2643,112916974.02,3380943.525,210503967.66,0.0,0.0,0.0,-3.4845288017e-09,1.1243131889e-09,-2.1218615972e-09,2.8536980305e-08,0.0,0.0,-2.5754893542e-07,0.0,0.0,0.0,0.0,-1.4151402633e-09,0.23315740906,0.010665699441,0.15469219721,0.01714023076
mh24,ok,,30.295551502,2687818257.5,472218.72461,1607725.4445,112266960.16,2647109.7381,205952732.92,0.0,0.0,0.0,-4.0155219727e-09,1.1399401158e-09,-1.5418420078e-09,3.2503741846e-08,0.0,0.0,-2.948379073e-07,0.0,0.0,0.0,0.0,-1.9046099401e-09,0.23059820231,0.0094671614884,0.13922798055,0.01534887552
mh33,ok,,29.560612863,2622614575.9,257407.13412,1017894.2545,110244019.08,1457505.0362,192539657.18,0.0,0.0,0.0,-5.9076685191e-09,1.1559179018e-09,-8.1633972273e-10,5.0382699406e-08,0.0,0.0,-1.8949922985e-07,0.0,0.0,0.0,0.0,-1.2222507848e-09,0.22053301106,0.008217617303,0.048778453675,0.012968866264
mh30,ok,,29.319885841,2601257298.9,294879.37686,1241869.6831,109465233.1,1714438.3368,188126785.14,0.0,0.0,0.0,-7.7302069938e-09,1.1556143857e-09,-2.3339151015e-09,7.0120907899e-08,0.0,0.0,-1.5330067513e-07,0.0,0.0,0.0,0.0,-6.4454132088e-10,0.21579475682,0.013014520367,0.045205207556,0.020677209627
mh32,ok,,29.506965727,2617855007.5,366603.3878,1552720.3343,109825819.63,2185852.5166,191154076.22,0.0,0.0,0.0,-8.3583492861e-09,1.1551431069e-09,-1.9627865766e-09,7.7514420085e-08,0.0,0.0,-1.2144022552e-07,0.0,0.0,0.0,0.0,-1.1527602817e-09,0.21678298643,0.017723990701,0.044520398091,0.028417049007
mh38,ok,,29.369603232,2605668220.8,442474.48754,2143960.6749,108942111.19,2867155.1316,187904191.82,0.0,0.0,0.0,-9.4427314877e-09,1.1227404604e-09,-5.2067917517e-09,1.0214239558e-07,0.0,0.0,-1.0433077789e-07,0.0,0.0,0.0,0.0,2.4549454708e-10,0.21221643122,0.027223162719,0.04616370748,0.045195404139
mh26,ok,,30.777436922,2730571083.1,746934.68009,2398386.0525,113560168.59,4218516.2764,215061512.81,0.0,0.0,0.0,-2.8814584975e-09,1.108608159e-09,-2.2367371933e-09,2.3882057744e-08,0.0,0.0,-2.2429392991e-07,0.0,0.0,0.0,0.0,-1.0452708082e-09,0.23568169754,0.011116463504,0.16753291478,0.017838337161
mh27,ok,,30.977239799,2748297574.0,909583.10057,2852004.1411,114074913.0,5147121.7125,218879601.0,0.0,0.0,0.0,-2.3458622065e-09,1.0958145303e-09,-2.0094525205e-09,1.9403308274e-08,0.0,0.0,-1.9793401094e-07,0.0,0.0,0.0,0.0,-8.5605007216e-10,0.23758426788,0.011027815203,0.18003743138,0.017648921301
mh42,ok,,29.236690354,2593876203.8,370434.73396,1607186.3783,109072378.27,2201159.4452,186418282.1,0.0,0.0,0.0,-6.5044536261e-09,1.1868080645e-09,2.5315372724e-09,6.0435601084e-08,0.0,0.0,-7.1426332923e-08,0.0,0.0,0.0,0.0,-3.2576866769e-09,0.21253639717,0.012793973131,0.026458794634,0.022387445809
mh70,ok,,29.800959774,2643938129.5,593008.63281,2526329.0853,110299494.53,3650861.4069,195852212.26,0.0,0.0,0.0,-6.6193588874e-09,1.1702713703e-09,3.3708703075e-09,6.2182831195e-08,0.0,0.0,-2.3271890818e-08,0.0,0.0,0.0,0.0,-3.124056627e-09,0.21438358003,0.021724090511,0.013800432157,0.036874955711
mh43,ok,,28.851599464,2559710979.0,329186.81686,1481521.3279,107972378.26,1947581.6167,179765852.13,0.0,0.0,0.0,-6.7876349188e-09,1.1958798238e-09,1.8978266551e-09,6.3794243701e-08,0.0,0.0,-8.879931267e-08,0.0,0.0,0.0,0.0,-3.0969223759e-09,0.20761089213,0.011967706165,0.029231563077,0.021000224018
mh81,ok,,29.713652337,2636192222.6,731147.57114,3311657.7893,109456008.3,4645849.2824,193246108.06,0.0,0.0,0.0,-5.7612129905e-09,1.2561372673e-09,1.1166414436e-08,5.238629123e-08,0.0,0.0,5.3035519338e-08,0.0,0.0,0.0,0.0,-6.9993223387e-09,0.20627724056,0.020079825657,-0.038776791148,0.038302109594
mh44,ok,,29.753993726,2639771306.5,442922.65811,1811703.4579,110683257.49,2615283.7636,195900197.22,0.0,0.0,0.0,-4.667310261e-09,1.1626738939e-09,4.3293958695e-09,4.2860912387e-08,0.0,0.0,-4.2346450206e-08,0.0,0.0,0.0,0.0,-3.7025072755e-09,0.21889287162,0.010087736355,0.018756202287,0.018984069243
mh80,ok,,29.760761622,2640371753.5,708043.30051,3114753.5261,109759865.91,4427203.7366,194378149.9,0.0,0.0,0.0,-5.0440089736e-09,1.2396960184e-09,1.1471236294e-08,4.3810098469e-08,0.0,0.0,5.1450878169e-08,0.0,0.0,0.0,0.0,-7.4443406164e-09,0.20838853942,0.01548009268,-0.036429449593,0.031019446716
mh78,ok,,30.340946609,2691845706.7,936502.12965,3902135.1795,111260332.1,5867937.2017,204824421.43,0.0,0.0,0.0,-3.089648657e-09,1.1470184406e-09,1.0270132599e-08,2.4394354504e-08,0.0,0.0,5.0053816172e-08,0.0,0.0,0.0,0.0,-6.4689875928e-09,0.21056615072,0.010151937475,-0.046875505442,0.022845364944
mh82,ok,,29.679401669,2633153506.7,758623.22644,3539112.2019,109163463.55,4905990.3825,192306436.49,0.0,0.0,0.0,-6.3078456114e-09,1.2631947223e-09,1.0683152259e-08,5.9611906569e-08,0.0,0.0,5.2495986766e-08,0.0,0.0,0.0,0.0,-6.4684655014e-09,0.20417430071,0.024492253594,-0.039824674855,0.045222976896
mh92,ok,,30.525221504,2708194556.8,1208157.0429,4491553.8754,111695987.87,7337272.1602,208135526.53,0.0,0.0,0.0,-1.5777051829e-09,1.084975179e-09,5.0925350859e-09,1.029153286e-08,0.0,0.0,-1.3615634944e-08,0.0,0.0,0.0,0.0,-3.4044038609e-09,0.21747320244,0.0061477597438,0.01644982525,0.012433787907
mh93,ok,,30.616046147,2716252509.9,1295040.7154,4772413.2713,111850103.68,7881408.5253,209677484.13,0.0,0.0,0.0,-1.4124619337e-09,1.0771786958e-09,5.0091008232e-09,8.8275849847e-09,0.0,0.0,-1.5237881859e-08,0.0,0.0,0.0,0.0,-3.3186227563e-09,0.21795322519,0.0054353974863,0.019733677423,0.011432081974
mh91,ok,,30.432429622,2699962070.4,1124076.8932,4214986.2282,111534116.72,6810165.2899,206560431.55,0.0,0.0,0.0,-1.744232608e-09,1.0925648656e-09,5.1629702947e-09,1.1752301659e-08,0.0,0.0,-1.2126899971e-08,0.0,0.0,0.0,0.0,-3.4801063036e-09,0.21701061041,0.0067392561962,0.013631568044,0.013210490736
mh95,ok,,31.195892876,2767696452.9,1466327.8134,4819638.7645,113982315.24,8646132.4919,221875811.36,0.0,0.0,0.0,-1.4836055186e-09,1.0337806401e-09,6.1656950227e-11,1.0376326184e-08,0.0,0.0,-5.0586964786e-08,0.0,0.0,0.0,0.0,-4.9196271018e-10,0.22796642447,0.011858000897,0.07417707346,0.015215095685
mh94,ok,,31.12021387,2760982219.2,1408769.1481,4779972.4529,113678524.99,8420598.6944,220197404.22,0.0,0.0,0.0,-1.3091976986e-09,1.0232238777e-09,-6.1679244083e-10,9.1814490344e-09,0.0,0.0,-3.3132688377e-08,0.0,0.0,0.0,0.0,1.4422651076e-10,0.22566100706,0.011298305087,0.046676309179,0.012934542134
miley,ok,,29.836181677,2647063013.2,694378.75693,3570475.7968,109475995.66,4843601.3155,194894586.39,0.0,0.0,0.0,-7.9309921288e-09,1.3659715104e-09,7.4999498671e-09,8.4874600205e-08,0.0,0.0,-2.1905813718e-08,0.0,0.0,0.0,0.0,-7.1326011207e-09,0.21249391243,0.031111562323,0.015210931699,0.058935119385
mrc-16,ok,,31.142456561,2762955588.5,1067134.117,3724715.491,114070919.44,6475955.3199,221237164.2,0.0,0.0,0.0,-3.6810727433e-09,1.0867924011e-09,-1.6905158603e-10,3.4635285873e-08,0.0,0.0,-7.0364955169e-08,0.0,0.0,0.0,0.0,-1.512589051e-09,0.23243777558,0.021563759561,0.075088844303,0.036960495208
mrc-20,ok,,31.366172866,2782803676.3,1340883.5611,4408763.3509,114482231.59,8069063.8252,225278107.41,0.0,0.0,0.0,-3.087066569e-09,1.0655284813e-09,-1.3927381907e-09,2.6815337221e-08,0.0,0.0,-8.5186567013e-08,0.0,0.0,0.0,0.0,-9.4626474515e-10,0.23471564773,0.023118970748,0.11422526734,0.035956244865
ms313,ok,,30.887076836,2740298325.1,960391.26826,3375933.465,113848436.46,5654132.8563,217177379.43,0.0,0.0,0.0,-2.3525954726e-09,1.0574536702e-09,-9.604583833e-10,1.897978352e-08,0.0,0.0,-7.4510176895e-08,0.0,0.0,0.0,0.0,-1.883119258e-10,0.22911074115,0.013057959039,0.071558923287,0.018228018366
ms317,ok,,31.582071674,2801958196.7,1610845.1275,5480180.793,115067960.44,9756702.6456,229579296.15,0.0,0.0,0.0,-1.3549646243e-09,1.0054670635e-09,-4.6935990499e-10,1.0861661353e-08,0.0,0.0,-3.6148884678e-08,0.0,0.0,0.0,0.0,-7.5882433138e-11,0.23060398273,0.013049263901,0.058230254747,0.017496454267
mi-vawt1,ok,,32.847864616,2914259218.1,2329004.1249,7489878.2627,117970453.82,15020627.56,254763778.48,0.0,0.0,0.0,-2.321215088e-10,9.2997898468e-10,3.0836658223e-10,1.9889077983e-09,0.0,0.0,3.4844510416e-10,0.0,0.0,0.0,0.0,-1.5757510312e-10,0.23678358161,0.0029261905541,-0.00081153008491,0.0046321744665
mue139,ok,,31.172411762,2765613210.9,865110.23604,3847715.3426,113821603.64,5795837.7979,221226095.78,0.0,0.0,0.0,-6.2193913846e-09,1.1483786494e-09,9.0200320944e-09,6.5243596657e-08,0.0,0.0,6.0276592136e-08,0.0,0.0,0.0,0.0,-4.0763542118e-09,0.22139895479,0.030833520977,-0.05214589685,0.056442903304
n0009sm,ok,,30.316861647,2689708891.3,414152.66798,1503121.8347,112574095.85,2363284.0111,206799323.21,0.0,0.0,0.0,1.6993614607e-18,1.1041508142e-09,3.5666204195e-16,1.4099306614e-15,0.0,0.0,-9.0829248872e-08,0.0,0.0,0.0,0.0,7.4427304981e-18,0.2283376411,2.2230147775e-16,0.037617175751,5.8392654508e-10
n0011sc,ok,,31.268513865,2774139379.6,788905.57302,2399764.2718,115439339.53,4379952.5927,225659412.51,0.0,0.0,0.0,5.3968909404e-17,1.0520268039e-09,1.142563535e-14,8.0781449437e-15,0.0,0.0,-1.6577065127e-07,0.0,0.0,0.0,0.0,1.2844730696e-16,0.23739975052,-1.0282179949e-10,0.13077739063,6.3728935657e-09
n10,ok,,31.111274396,2760189110.0,673066.26704,2582186.6904,114476002.65,4179642.4121,221536511.04,0.0,0.0,0.0,-1.1989894279e-08,1.5162220526e-09,1.0602983368e-08,9.6822073419e-08,0.0,0.0,-5.498674087e-08,0.0,0.0,0.0,0.0,-8.9768058461e-09,0.23575571629,0.041327338035,0.037009720414,0.065167671523
n0012,ok,,31.029365032,2752922119.4,771958.77088,2651021.7025,114501416.78,4503947.6405,220396025.75,0.0,0.0,0.0,-1.4626875535e-14,1.0564444346e-09,6.8666428963e-14,-5.1127878772e-14,0.0,0.0,-4.1458483454e-08,0.0,0.0,0.0,0.0,-3.6306478681e-14,0.2328361548,2.780473632e-08,0.03200423993,-3.9468614455e-08
n11,ok,,30.995961726,2749958581.6,641637.5926,2618965.7382,113934018.34,4103860.0953,218867471.99,0.0,0.0,0.0,-1.2208573007e-08,1.4599711765e-09,7.6902832381e-09,1.0703079046e-07,0.0,0.0,-6.1407455914e-08,0.0,0.0,0.0,0.0,-7.8399238264e-09,0.23323202991,0.042643314557,0.03940133218,0.068674978724
n12,ok,,30.737517708,2727029454.5,583085.24628,1999035.9009,113633510.48,3355141.226,214603302.09,0.0,0.0,0.0,-2.1421051401e-10,1.0917555509e-09,4.3992676506e-10,1.2809001725e-09,0.0,0.0,-9.5020601392e-08,0.0,0.0,0.0,0.0,-3.3849308902e-10,0.23424183121,0.00045268051842,0.055405110764,0.00074687399254
n11h9,ok,,29.63612575,2629314071.6,369710.34216,1924962.7092,110185898.03,2515327.7683,193631184.93,0.0,0.0,0.0,-1.3776791302e-08,1.6698892541e-09,8.0729052882e-09,1.3583822346e-07,0.0,0.0,-2.2343960106e-07,0.0,0.0,0.0,0.0,-1.583735065e-08,0.21655440515,0.026068438155,0.08260793136,0.050220796072
n1h15,ok,,30.565159212,2711737826.2,1132516.7371,4949311.4342,110772012.9,7623631.88,206982691.91,0.0,0.0,0.0,-5.055199286e-09,1.1969616852e-09,-3.6459233011e-09,5.6904834994e-08,0.0,0.0,-1.2637664069e-07,0.0,0.0,0.0,0.0,-3.1365357496e-09,0.22258334997,0.033236353808,0.14312366076,0.064445678055
n14,ok,,30.885997906,2740202602.6,769758.9595,2554757.3356,113950689.04,4411236.9645,217316934.72,0.0,0.0,0.0,-5.128808022e-11,1.0750397739e-09,-4.8648972915e-11,6.7726853142e-10,0.0,0.0,-9.3334933474e-08,0.0,0.0,0.0,0.0,-1.174521773e-11,0.23362377025,0.00021413960907,0.071845401275,0.00052133352005
n13,ok,,30.925887767,2743741627.0,781500.89654,2591641.5439,114035174.97,4504159.8334,218039750.94,0.0,0.0,0.0,1.5661059142e-11,1.0777534635e-09,-2.4326621326e-10,-4.7351377539e-10,0.0,0.0,-8.8822839436e-08,0.0,0.0,0.0,0.0,1.8071967681e-10,0.23499015822,0.00012073987975,0.069415128653,-0.00037005143999
n24,ok,,32.290809771,2864837368.8,1550336.761,5752351.3729,116552143.05,10188790.144,243193601.29,0.0,0.0,0.0,-7.4520378292e-09,1.4222997999e-09,8.8182799918e-09,6.449343363e-08,0.0,0.0,-1.2271904577e-08,0.0,0.0,0.0,0.0,-5.8231901165e-09,0.23709310988,0.062089221556,0.019025584793,0.099986540998
n22,ok,,31.255483102,2772983291.7,808143.41155,3137857.1951,114682332.82,5095253.6091,224030280.04,0.0,0.0,0.0,-1.0833296581e-08,1.4950596527e-09,1.0402865237e-08,8.9874470494e-08,0.0,0.0,-3.3270841484e-08,0.0,0.0,0.0,0.0,-8.0832492957e-09,0.23439785359,0.045623769474,0.026887611342,0.072631461196
n2h15,ok,,31.399814768,2785788382.5,981116.20331,3542788.4584,113594401.69,7540847.2508,223951615.37,0.0,0.0,0.0,-4.0259105194e-09,1.1771965238e-09,6.5920287601e-09,5.6852719174e-08,0.0,0.0,-3.2816241499e-08,0.0,0.0,0.0,0.0,-4.0809140837e-09,0.23563072107,0.023130273491,0.032196546267,0.055779123984
n2414,ok,,31.392311932,2785122731.6,1069924.0617,3666717.2821,115169937.08,6407169.6184,226961931.53,0.0,0.0,0.0,-2.2711051957e-09,1.0357024253e-09,-1.2130837158e-12,2.2106891621e-08,0.0,0.0,-3.082900304e-08,0.0,0.0,0.0,0.0,-4.562230664e-10,0.23355623198,0.013868770268,0.032984692151,0.023652695274
n2415,ok,,31.551312133,2799229213.3,1237024.3293,4182992.6584,115472876.41,7438485.8381,229899657.95,0.0,0.0,0.0,-1.9632390981e-09,1.0222056123e-09,5.4718009944e-11,1.9093179216e-08,0.0,0.0,-2.6461686123e-08,0.0,0.0,0.0,0.0,-4.1443913032e-10,0.23361099709,0.013883486697,0.032733749529,0.023618727215
n5h10,ok,,29.888941485,2651743858.0,497476.18251,1949170.5739,110791285.46,2962116.0934,197832288.47,0.0,0.0,0.0,-5.5474588333e-09,1.2450747015e-09,3.5997572965e-09,4.9396801966e-08,0.0,0.0,-2.4643140696e-07,0.0,0.0,0.0,0.0,-6.8262301662e-09,0.22402283007,0.011907400594,0.12259375558,0.02457373247
n5h15,ok,,30.904849597,2741875122.7,1250373.3929,4501636.7321,112565960.66,7740426.661,214975086.98,0.0,0.0,0.0,-2.5665938696e-09,1.1336930033e-09,2.6280222984e-09,2.4913419385e-08,0.0,0.0,-8.0576617847e-08,0.0,0.0,0.0,0.0,-3.2493501962e-09,0.22967835691,0.01409906767,0.10075085904,0.031151076724
n5h20,ok,,31.550888671,2799191643.8,2157243.9652,7518532.2029,112914386.52,13670759.015,224898299.38,0.0,0.0,0.0,-2.3698820266e-09,1.1059640873e-09,2.3135811059e-09,2.1728248666e-08,0.0,0.0,-5.3102445749e-08,0.0,0.0,0.0,0.0,-2.8408138636e-09,0.2276303841,0.023595770282,0.11455493063,0.04687313331
n63010a,ok,,30.143828769,2674357432.0,490561.92004,1781324.8111,111835144.23,2841086.0322,203104440.82,0.0,0.0,0.0,-7.9446043868e-18,1.1171392699e-09,1.4223437998e-15,-2.7135647445e-15,0.0,0.0,-1.6153947916e-07,0.0,0.0,0.0,0.0,-3.5066780581e-17,0.22689594673,-3.3825947837e-14,0.079245117058,-1.3311715312e-09
n63015a,ok,,31.009678421,2751175525.3,1155131.2939,3949214.3417,113632993.93,6919458.0075,218477079.18,0.0,0.0,0.0,2.124499428e-17,1.0575628523e-09,-8.2311688218e-16,-2.2525026003e-15,0.0,0.0,-5.5174261777e-08,0.0,0.0,0.0,0.0,-3.1182774901e-16,0.23105324301,-6.4554257955e-10,0.063733516397,-2.6019362433e-09
n63012a,ok,,30.529274757,2708554160.9,725119.09931,2554260.7912,112712599.49,4260016.4675,209988257.48,0.0,0.0,0.0,2.3756773352e-18,1.0922203408e-09,9.6597912104e-16,-1.3433543754e-15,0.0,0.0,-9.824193784e-08,0.0,0.0,0.0,0.0,-7.9691234193e-18,0.22935344614,-1.7906652283e-11,0.071237105481,-9.7409191472e-10
n63210,ok,,29.123967562,2583875449.1,465128.30476,1877489.0546,108405220.12,2716066.6189,183804828.7,0.0,0.0,0.0,-2.9093633311e-09,1.1371698961e-09,-3.3147437011e-09,2.634492597e-08,0.0,0.0,-1.4483975203e-07,0.0,0.0,0.0,0.0,1.0700306281e-09,0.21056967091,0.0085140708775,0.067369068322,0.012253770756
n63212,ok,,29.481104528,2615560604.5,686658.56067,2686467.7459,109200221.01,4064881.5242,189726496.28,0.0,0.0,0.0,-1.953462738e-09,1.1154417126e-09,-1.9821858989e-09,1.784671173e-08,0.0,0.0,-8.6595428792e-08,0.0,0.0,0.0,0.0,6.1221505132e-10,0.2125498358,0.0084695958145,0.059461492495,0.012254597389
n63215,ok,,29.99903276,2661511144.7,1089443.0175,4136061.7981,110151906.1,6584448.01,198196116.81,0.0,0.0,0.0,-1.2197104564e-09,1.0812418734e-09,-1.0639176297e-09,1.121728158e-08,0.0,0.0,-4.6443963632e-08,0.0,0.0,0.0,0.0,3.1361978829e-10,0.21479619557,0.0084747144455,0.050598051883,0.012220589093
n64012,ok,,29.634116234,2629135787.6,688698.99427,2614190.3403,109717079.63,4052990.3889,192594582.09,0.0,0.0,0.0,-3.3794868481e-18,1.1200241465e-09,3.6325130143e-15,-4.8918474485e-15,0.0,0.0,-1.0923947264e-07,0.0,0.0,0.0,0.0,-1.5662223675e-17,0.21571058243,3.9697296937e-15,0.075233114943,-3.3690104179e-09
n63415,ok,,30.025480066,2663857547.0,1089976.9283,4184586.4646,110170058.29,6639349.5717,198585887.87,0.0,0.0,0.0,-2.4175629384e-09,1.0711940429e-09,-2.1449679882e-09,2.2432884236e-08,0.0,0.0,-4.7565085711e-08,0.0,0.0,0.0,0.0,6.2255734705e-10,0.21470466843,0.016938799964,0.051844846016,0.024451326251
n63412,ok,,29.54474986,2621207211.9,687193.074,2740530.6883,109392779.27,4118034.4208,190899798.51,0.0,0.0,0.0,-3.8556622148e-09,1.0980649839e-09,-3.9283725249e-09,3.570759947e-08,0.0,0.0,-8.9286639321e-08,0.0,0.0,0.0,0.0,1.1652008839e-09,0.21314724422,0.016900899814,0.061357160142,0.024538015045
n64008a,ok,,29.696956856,2634711001.2,299434.06625,1131070.1497,110740994.66,1701686.9507,195205306.74,0.0,0.0,0.0,-6.0238311647e-18,1.1459162582e-09,5.4572231757e-16,-6.7798817321e-15,0.0,0.0,-3.5197696256e-07,0.0,0.0,0.0,0.0,8.7129896649e-17,0.22368893467,4.3416542936e-11,0.10539389313,-2.0301275558e-09
n64015,ok,,30.141113928,2674116571.6,1095212.9234,4044381.6097,110646924.78,6581938.3325,200964858.48,0.0,0.0,0.0,9.0229706927e-20,1.0843822612e-09,2.6394148394e-15,-7.4124421515e-16,0.0,0.0,-6.0839763499e-08,0.0,0.0,0.0,0.0,4.1315706119e-19,0.21792272767,-1.2729021019e-15,0.066632495241,-8.1182024383e-10
n64012a,ok,,30.553199231,2710676737.9,724304.57666,2519759.2675,112782467.12,4247647.1379,210444178.04,0.0,0.0,0.0,3.3029384336e-18,1.0940629834e-09,1.224747107e-15,-1.6605406552e-16,0.0,0.0,-1.2016021474e-07,0.0,0.0,0.0,0.0,-1.9102174922e-17,0.23023918527,-3.2711162995e-11,0.087032593466,-1.2027371963e-10
n64108,ok,,28.733154632,2549202565.6,286131.96702,1180637.9302,107614116.95,1631027.8018,177638819.96,0.0,0.0,0.0,-2.4121515072e-09,1.1703486598e-09,-3.3239772102e-09,2.1575654724e-08,0.0,0.0,-3.3582484013e-07,0.0,0.0,0.0,0.0,9.1528506274e-10,0.20853856346,0.004245613637,0.09609022208,0.0061734845259
n6409,ok,,30.438764414,2700524092.5,411573.64452,2329782.8243,111889336.06,3079950.5804,207288900.58,0.0,0.0,0.0,-1.3869555242e-08,1.1338049867e-09,-1.0267538682e-08,1.7147194562e-07,0.0,0.0,-1.6175174593e-07,0.0,0.0,0.0,0.0,-1.1621403233e-09,0.22473152782,0.041913700436,0.066572755578,0.070573333591
n64015a,ok,,31.020082628,2752098585.5,1156083.7453,3904580.7618,113666624.84,6907595.0888,218683073.47,0.0,0.0,0.0,-5.4749663591e-19,1.0606442153e-09,-1.8255087544e-16,-1.096076311e-15,0.0,0.0,-6.8917207359e-08,0.0,0.0,0.0,0.0,-2.364279162e-18,0.23194493686,-6.1197494715e-15,0.079674063203,-1.2671560068e-09
n64110,ok,,29.239380486,2594114872.0,466676.78879,1827940.5365,108843961.57,2708858.3124,186006208.68,0.0,0.0,0.0,-1.459321993e-09,1.1432642405e-09,-1.8240552066e-09,1.3238487122e-08,0.0,0.0,-1.8079734238e-07,0.0,0.0,0.0,0.0,4.7964312192e-10,0.21300656442,0.0042298600462,0.084373923165,0.0061780946586
n64212,ok,,29.643852073,2629999550.2,688788.90665,2631478.4134,109725316.91,4070564.7742,192738420.66,0.0,0.0,0.0,-1.9529757211e-09,1.1146095623e-09,-2.227334146e-09,1.7919353546e-08,0.0,0.0,-1.1004268685e-07,0.0,0.0,0.0,0.0,5.6320414723e-10,0.21568988327,0.0084442412893,0.075796181962,0.012342651937
n64212ma,ok,,29.96327452,2658338677.3,746003.29716,2832567.6615,110738875.84,4406870.7372,198767721.15,0.0,0.0,0.0,-4.7077515108e-09,1.1227940074e-09,1.9817524127e-09,3.6608631687e-08,0.0,0.0,-6.9173057622e-08,0.0,0.0,0.0,0.0,-2.6436720495e-09,0.2122424467,0.018276296985,0.05160332906,0.027310159943
n64212mb,ok,,29.818586311,2645501954.1,763017.62985,2916896.1642,110297525.37,4477476.3624,196067770.19,0.0,0.0,0.0,-2.6763099398e-09,1.1049199394e-09,1.8220021056e-09,1.7562141099e-08,0.0,0.0,-4.3618682611e-08,0.0,0.0,0.0,0.0,-1.5667686918e-09,0.21294715064,0.010489782398,0.033281823823,0.013400223277
n64215,ok,,30.150251445,2674927251.1,1095370.1144,4060963.1738,110654067.18,6600662.3867,201102371.58,0.0,0.0,0.0,-1.2173960413e-09,1.0811809308e-09,-1.2231796815e-09,1.1244813422e-08,0.0,0.0,-6.1208091425e-08,0.0,0.0,0.0,0.0,2.8873198134e-10,0.21789381851,0.008450918901,0.067045514103,0.012317232564
n66021,ok,,31.433201286,2788750430.9,2462309.5294,7997201.0104,112906654.02,15021157.739,223224341.29,0.0,0.0,0.0,-2.0490016139e-19,1.0261634048e-09,-5.1667337067e-16,6.688342533e-16,0.0,0.0,-5.9124902294e-08,0.0,0.0,0.0,0.0,-8.9675852449e-19,0.22906465009,-7.7436507833e-15,0.14558381035,1.6468769555e-09
n642415,ok,,30.17596692,2677208725.5,1095669.7608,4109833.0812,110666246.76,6656628.6441,201475271.38,0.0,0.0,0.0,-2.4127221657e-09,1.0717371769e-09,-2.4644726129e-09,2.2489276188e-08,0.0,0.0,-6.2218027123e-08,0.0,0.0,0.0,0.0,5.7519104986e-10,0.21778647543,0.016894719713,0.068170410897,0.024640819862
n6h10,ok,,29.95805392,2657875506.2,477071.09279,2269043.5628,110235803.9,3232398.6029,197687105.83,0.0,0.0,0.0,-1.0290405729e-08,1.5549509126e-09,5.2993247455e-09,1.0216965326e-07,0.0,0.0,-2.3777249303e-07,0.0,0.0,0.0,0.0,-1.2791170168e-08,0.22274888277,0.024094831208,0.11343438309,0.04874218813
n6h15,ok,,30.923918072,2743566875.8,1231877.1481,4647893.0854,112211884.86,7869066.6991,214545497.86,0.0,0.0,0.0,-4.2098239821e-09,1.2384914879e-09,4.0667951126e-09,3.8731507082e-08,0.0,0.0,-8.7349260719e-08,0.0,0.0,0.0,0.0,-5.2298442835e-09,0.2280745212,0.023783098856,0.10760355819,0.047712458487
n6h20,ok,,31.801134779,2821393453.2,2178842.1876,7971497.9989,112785582.67,14421516.437,228217148.0,0.0,0.0,0.0,-3.0638833793e-09,1.171533581e-09,2.9507268041e-09,2.9359505894e-08,0.0,0.0,-5.1729936583e-08,0.0,0.0,0.0,0.0,-3.733312983e-09,0.2288873952,0.031961766858,0.11271136819,0.063969730048
n8h12,ok,,29.779589864,2642042193.2,653669.74947,2871680.4405,110060701.96,4134987.7317,195163941.13,0.0,0.0,0.0,-6.2753152959e-09,1.2917659151e-09,8.2855602895e-09,6.0181824676e-08,0.0,0.0,-4.3786677782e-08,0.0,0.0,0.0,0.0,-7.4606924928e-09,0.2140784473,0.019362904667,0.028622026696,0.039339038258
n9,ok,,30.4966017,2705655410.7,361718.60277,1481337.1549,113170721.98,2191099.3296,210394366.37,0.0,0.0,0.0,-1.736167978e-08,1.602597486e-09,1.3944120262e-08,1.3530829247e-07,0.0,0.0,-1.0221120469e-07,0.0,0.0,0.0,0.0,-1.3089177749e-08,0.23213583593,0.031409710552,0.036971694149,0.048943526494
naca0006,ok,,29.304349298,2599878898.4,162058.46621,671430.38624,110047892.13,895217.18646,189024059.69,0.0,0.0,0.0,-2.8852823116e-17,1.1666361572e-09,4.304776051e-15,2.3075204576e-15,0.0,0.0,-3.4261986121e-07,0.0,0.0,0.0,0.0,-1.3082909428e-16,0.22052230261,1.8709999898e-15,0.055524449201,3.7395322612e-10
naca0008,ok,,30.0687908,2667700070.9,314281.22006,1182024.8988,112032387.89,1777661.797,202456439.07,0.0,0.0,0.0,-1.4319761116e-17,1.1260286575e-09,2.1126925125e-15,2.3752764445e-15,0.0,0.0,-1.2949213922e-07,0.0,0.0,0.0,0.0,-6.2797886093e-17,0.22797175228,6.4297734765e-15,0.040696947502,7.4650477897e-10
naca001064,ok,,30.827167244,2734983152.2,573647.34713,1866554.9504,114085940.45,3227589.9913,216707978.04,0.0,0.0,0.0,-2.5228731088e-18,1.0924786214e-09,-1.0358813668e-15,5.1490501314e-15,0.0,0.0,-1.9975461562e-07,0.0,0.0,0.0,0.0,-1.0655991175e-17,0.23674883309,2.5702165062e-16,0.11458870532,2.9537389481e-09
naca001035,ok,,30.903661092,2741769678.6,576123.5042,1803739.27,114223623.98,3244479.4051,218057773.84,0.0,0.0,0.0,4.2567071795e-19,1.1196631761e-09,4.5749433478e-16,6.602383818e-17,0.0,0.0,-4.0030972334e-07,0.0,0.0,0.0,0.0,1.7420151834e-18,0.24415125963,-1.153466366e-15,0.23062784057,3.8037885013e-11
naca001034,ok,,30.674846107,2721469236.4,542644.63024,1792751.9447,113491645.64,3088477.8044,213447734.99,0.0,0.0,0.0,-5.5960752161e-18,1.1206291983e-09,-3.421506465e-15,2.9452274587e-15,0.0,0.0,-2.6028858002e-07,0.0,0.0,0.0,0.0,-2.33955809e-17,0.23919576415,-1.5020752962e-16,0.14124420026,1.5982118653e-09
naca000834,ok,,30.263652783,2684988206.4,329978.75882,1145845.1189,112431633.14,1851239.8886,205791173.66,0.0,0.0,0.0,-3.701246837e-18,1.1493944042e-09,-1.6450980255e-15,-5.0091223263e-15,0.0,0.0,-4.4114436953e-07,0.0,0.0,0.0,0.0,-1.5646486792e-17,0.23653522345,5.5831070771e-16,0.14556827152,-1.652903968e-09
naca001034a08cli0.2,ok,,30.718011081,2725298828.5,542620.0797,1824260.2577,113590760.99,3123334.1024,214241421.95,0.0,0.0,0.0,-3.0579290991e-09,1.1134046951e-09,-4.2419859435e-09,2.886328992e-08,0.0,0.0,-2.6300136302e-07,0.0,0.0,0.0,0.0,9.6241737936e-11,0.2387343136,0.0096226974856,0.14270982056,0.015661800677
naca0010,ok,,30.580347918,2713085366.6,516257.5105,1845607.5515,113349491.19,2968914.9357,211871979.72,0.0,0.0,0.0,-1.0005554702e-17,1.0933386031e-09,2.6435545415e-15,-7.9290468723e-15,0.0,0.0,-6.5836318566e-08,0.0,0.0,0.0,0.0,-4.3189868096e-17,0.23164781433,2.1262066469e-15,0.033988493923,-4.0934299989e-09
naca001065,ok,,30.959852165,2746754945.0,578374.86619,1627688.7839,114543200.7,3436991.2058,219466724.84,0.0,0.0,0.0,1.6902881358e-13,1.0919684118e-09,5.8137726392e-11,8.3669991135e-11,0.0,0.0,-2.28058042e-07,0.0,0.0,0.0,0.0,2.294835408e-12,0.23965073065,1.3092536398e-06,0.13190303952,4.8392619927e-05
naca001066,ok,,31.040271685,2753889756.6,666140.5235,1826523.0811,114865977.43,3818343.9267,221248952.13,0.0,0.0,0.0,6.7621648302e-13,1.0876099664e-09,5.3087402609e-11,7.2093787443e-11,0.0,0.0,-2.9139536882e-07,0.0,0.0,0.0,0.0,9.2392603878e-12,0.2406325598,5.9071704867e-06,0.19411026353,4.8024593308e-05
naca001234,ok,,30.958714368,2746653999.7,746655.51408,2234841.3375,114115498.92,4647299.2622,218653348.07,0.0,0.0,0.0,2.3611222256e-14,1.0986117292e-09,4.6581365151e-11,6.9678756983e-11,0.0,0.0,-1.0172305984e-07,0.0,0.0,0.0,0.0,3.1603537619e-13,0.24021513281,2.430781851e-07,0.075952083536,5.2026028116e-05
naca001264,ok,,31.130402352,2761886140.3,788474.04657,2331390.3639,114787251.35,4854149.4731,222397363.78,0.0,0.0,0.0,2.1238667112e-14,1.0676970842e-09,4.6555480673e-11,6.6854984403e-11,0.0,0.0,-6.3496343568e-08,0.0,0.0,0.0,0.0,2.9917016456e-13,0.23745301683,2.4173757095e-07,0.050065218956,5.2713420086e-05
naca0015,ok,,31.471149442,2792117187.5,1140182.3128,3616478.6204,115300389.28,7306791.1964,228384208.54,0.0,0.0,0.0,6.2277659155e-15,1.0238533725e-09,3.5347021923e-11,4.9825296407e-11,0.0,0.0,2.1043468895e-08,0.0,0.0,0.0,0.0,9.4336453258e-14,0.23383194213,1.1567461637e-07,-0.023993391035,5.6809921695e-05
naca001264a08cli0.2,ok,,30.993904004,2749776020.6,660720.27399,1943422.6614,114405237.02,4047311.7661,219703494.2,0.0,0.0,0.0,-3.9416703887e-09,1.1374078377e-09,2.4642891261e-09,3.2749444656e-08,0.0,0.0,-1.6471369168e-07,0.0,0.0,0.0,0.0,-2.8667217407e-09,0.23981043504,0.013172571184,0.10882967549,0.021638222046
naca0024,ok,,32.594742975,2891802291.8,3086712.3341,9361410.7123,116248910.63,20147754.563,247336373.12,0.0,0.0,0.0,7.4334167115e-14,9.1614445851e-10,2.1338430395e-11,2.7992762015e-11,0.0,0.0,-2.9800733538e-09,0.0,0.0,0.0,0.0,1.3876566043e-12,0.22659584691,4.8375374536e-06,0.0091986291775,8.6405603777e-05
naca0018,ok,,31.817120358,2822811692.1,1689982.4404,5271546.0607,115700594.33,10858244.079,234338391.05,0.0,0.0,0.0,4.7770272097e-14,9.8774768419e-10,2.9242485523e-11,4.0080404074e-11,0.0,0.0,7.0189417281e-09,0.0,0.0,0.0,0.0,7.7181341925e-13,0.23146720296,1.4211185295e-06,-0.011861888271,6.7735179089e-05
naca0021,ok,,32.193034505,2856162757.1,2340328.301,7193935.0868,116021211.58,15134335.305,240684220.35,0.0,0.0,0.0,6.7088661895e-14,9.5166672147e-10,2.4762028255e-11,3.3146750227e-11,0.0,0.0,3.9356923192e-10,0.0,0.0,0.0,0.0,1.163038476e-12,0.22905116253,3.0163737176e-06,-0.00092108121186,7.7574277641e-05
naca1408,ok,,30.078853597,2668592841.3,314352.37335,1203681.2067,112035169.03,1797652.2949,202599442.46,0.0,0.0,0.0,-3.9881261156e-09,1.1285947759e-09,-9.9053978741e-10,3.7461040914e-08,0.0,0.0,-1.334672313e-07,0.0,0.0,0.0,0.0,-4.6693333125e-10,0.22797429433,0.006977911101,0.041955740923,0.011775967119
naca1410,ok,,30.589293879,2713879051.4,518086.28903,1872162.1361,113343866.1,3001266.9648,211987281.93,0.0,0.0,0.0,-2.3765707419e-09,1.0952224924e-09,-2.7327857363e-10,2.2496333975e-08,0.0,0.0,-6.7438660672e-08,0.0,0.0,0.0,0.0,-3.6188732464e-10,0.23162577095,0.0068811579996,0.034939045445,0.011655042186
naca1412,ok,,30.988680943,2749312631.2,766496.81356,2669842.1658,114302878.96,4491120.205,219440496.31,0.0,0.0,0.0,-1.6102760641e-09,1.065672829e-09,-2.8652806665e-11,1.5404682421e-08,0.0,0.0,-4.1208425387e-08,0.0,0.0,0.0,0.0,-3.020399402e-10,0.23337200348,0.0069153877768,0.031586126751,0.01180763999
naca16006,ok,,30.141108884,2674116124.1,183682.65123,641376.08581,112204558.9,999870.75457,203692809.76,0.0,0.0,0.0,-1.0279188067e-17,1.171669789e-09,-5.661442716e-15,1.6654390442e-14,0.0,0.0,-1.2454950444e-06,0.0,0.0,0.0,0.0,-4.3064625396e-17,0.23866071143,1.3537575439e-15,0.22877583184,3.0591225909e-09
naca16012,ok,,31.027598281,2752765373.5,829933.50282,2344009.0993,114460313.78,4966791.1801,220298471.09,0.0,0.0,0.0,3.0010877589e-13,1.093907645e-09,4.6528696549e-11,6.7983580625e-11,0.0,0.0,-1.9860177021e-07,0.0,0.0,0.0,0.0,4.0465450046e-12,0.24098618027,3.35284554e-06,0.16482626282,5.6421851202e-05
naca16009,ok,,30.874778913,2739207254.6,472790.62807,1484203.6333,114311654.79,2631626.0966,217803622.25,0.0,0.0,0.0,7.9488764147e-18,1.110739929e-09,-1.9984549525e-16,-1.8453924832e-16,0.0,0.0,-4.7153307933e-07,0.0,0.0,0.0,0.0,1.3853606267e-16,0.24192317992,6.7280701216e-11,0.22293642073,-8.7248427115e-11
naca16021,ok,,32.30274433,2865896201.7,2855803.3713,8166972.5256,116521345.54,16743575.995,243385837.63,0.0,0.0,0.0,-4.5596668044e-21,1.0038102073e-09,2.3848844277e-15,2.4363744018e-15,0.0,0.0,-7.4087040486e-08,0.0,0.0,0.0,0.0,-1.8553179082e-20,0.24431318813,4.5007524321e-16,0.21157801999,6.9578062304e-09
naca16015,ok,,31.31733918,2778471156.7,1356460.1156,3801569.0571,114921268.95,8107116.5018,225407896.2,0.0,0.0,0.0,3.6761958756e-13,1.0669076251e-09,3.5326650972e-11,4.998847725e-11,0.0,0.0,-1.2784807035e-07,0.0,0.0,0.0,0.0,5.148202097e-12,0.24048939933,7.056989086e-06,0.17342080828,6.7807375629e-05
naca23012,ok,,31.069322115,2756467107.8,770351.76446,2659226.4575,114580777.38,4515556.8828,221124411.39,0.0,0.0,0.0,-3.1772445901e-09,1.1032740497e-09,5.291661181e-09,2.1527235701e-08,0.0,0.0,-4.1330354501e-08,0.0,0.0,0.0,0.0,-3.6574171433e-09,0.23228980057,0.010513626955,0.031838911516,0.016583544006
naca16018,ok,,31.640089655,2807105546.1,2006123.527,5585010.9374,115336803.19,12029100.565,231000510.44,0.0,0.0,0.0,3.7642229186e-13,1.0392855477e-09,2.7971523476e-11,3.8513360012e-11,0.0,0.0,-8.9881667583e-08,0.0,0.0,0.0,0.0,5.4893028644e-12,0.24007548515,1.1324493122e-05,0.18031372799,7.7262557626e-05
naca23015,ok,,31.51191458,2795733866.4,1141766.0421,3627520.2264,115391839.94,7330835.6085,229167898.84,0.0,0.0,0.0,-1.9911439845e-09,1.0527583325e-09,4.991952882e-09,1.532162197e-08,0.0,0.0,2.0521934069e-08,0.0,0.0,0.0,0.0,-2.3281817392e-09,0.23339777589,0.010616424333,-0.023431247439,0.017493707675
naca23018,ok,,31.855538121,2826220112.1,1690777.5515,5274799.9538,115794079.28,10876410.452,235103013.14,0.0,0.0,0.0,-1.3685345288e-09,1.0071021372e-09,3.4302010621e-09,1.0142312892e-08,0.0,0.0,6.9212047955e-09,0.0,0.0,0.0,0.0,-1.6179506254e-09,0.23103390831,0.010822640416,-0.011702217697,0.017148394958
naca23021,ok,,32.235372392,2859918970.2,2341553.0372,7187135.1183,116137997.73,15151743.59,241566072.92,0.0,0.0,0.0,-1.0121613966e-09,9.6512683386e-10,2.5809571528e-09,7.1993183159e-09,0.0,0.0,3.0615009276e-10,0.0,0.0,0.0,0.0,-1.2209925583e-09,0.22853336989,0.011112163936,-0.00071686667952,0.016857585668
naca23024,ok,,32.408604876,2875288138.5,2936958.5048,8689573.8203,115580072.11,20149974.854,243106835.76,0.0,0.0,0.0,-7.7979062263e-10,9.2967859024e-10,2.3647572732e-09,5.8437446754e-09,0.0,0.0,8.5806456833e-09,0.0,0.0,0.0,0.0,-9.5164031004e-10,0.22228541399,0.011454915842,-0.025201000316,0.017162835624
naca2408,ok,,30.099190622,2670397140.1,314403.77421,1269475.7212,112009361.12,1857272.3423,202833802.71,0.0,0.0,0.0,-7.7116924767e-09,1.1361877501e-09,-2.3516831573e-09,7.4887500132e-08,0.0,0.0,-1.4574886386e-07,0.0,0.0,0.0,0.0,-8.9216226179e-10,0.22786479565,0.013945182493,0.045823992885,0.023544912683
naca2410,ok,,30.611727395,2715869350.6,516600.17636,1929714.1715,113330516.31,3053161.7225,212281285.96,0.0,0.0,0.0,-4.7113951313e-09,1.1014345091e-09,-6.7610745895e-10,4.56949441e-08,0.0,0.0,-7.2416554051e-08,0.0,0.0,0.0,0.0,-7.4604785149e-10,0.23153457722,0.013857333663,0.037410404594,0.023606016181
naca2415,ok,,31.503945477,2795026848.4,1141240.711,3690882.2266,115286545.22,7395792.6014,228846422.12,0.0,0.0,0.0,-1.9730078686e-09,1.0276452635e-09,1.3005077578e-09,2.0906576579e-08,0.0,0.0,1.8711599509e-08,0.0,0.0,0.0,0.0,-4.1729146535e-10,0.23377715845,0.013870610192,-0.021354439129,0.02385943632
naca2411,ok,,30.644305301,2718759659.2,636139.55455,2376045.8748,113124117.39,3813730.8654,212366704.3,0.0,0.0,0.0,-4.7135030036e-09,1.0860144589e-09,-9.4104772427e-10,4.6326410151e-08,0.0,0.0,-5.98450115e-08,0.0,0.0,0.0,0.0,-6.0496254733e-10,0.22832261038,0.017449348687,0.038069778958,0.029470061917
naca2412,ok,,31.016451022,2751776389.8,765867.61995,2728509.3479,114304363.9,4552769.2838,219844463.5,0.0,0.0,0.0,-3.1775546379e-09,1.0699371816e-09,-1.6405978711e-10,3.0904320413e-08,0.0,0.0,-4.3227625538e-08,0.0,0.0,0.0,0.0,-5.744634339e-10,0.2333910888,0.013856359008,0.033106638687,0.023668618321
naca2421,ok,,32.22614304,2859100143.0,2342654.6752,7265417.6758,116014698.04,15236682.279,241179775.21,0.0,0.0,0.0,-9.8074085749e-10,9.5284726726e-10,5.34902569e-10,1.0007964767e-08,0.0,0.0,1.2281929122e-10,0.0,0.0,0.0,0.0,-2.3422937773e-10,0.22896020106,0.014126297741,-0.00028772318677,0.02344520545
naca2418,ok,,31.850120021,2825739418.9,1692624.3888,5346539.1622,115690972.29,10956963.938,234819034.2,0.0,0.0,0.0,-1.3460630343e-09,9.899760101e-10,7.9893382175e-10,1.3975694705e-08,0.0,0.0,6.0178796121e-09,0.0,0.0,0.0,0.0,-3.0404321528e-10,0.23140951434,0.013978011382,-0.0101860098,0.023655601708
naca2424,ok,,32.392143366,2873827675.0,2935959.3852,8763755.282,115395334.53,20242989.816,242488640.48,0.0,0.0,0.0,-7.5219720126e-10,9.2161664604e-10,6.7674185076e-10,7.919689518e-09,0.0,0.0,8.5083020564e-09,0.0,0.0,0.0,0.0,-1.8105561823e-10,0.22280977915,0.014410309804,-0.024980029274,0.023251886768
naca4412,ok,,31.109361446,2760019393.2,768801.53604,2980561.8941,114240660.96,4827381.8684,221070730.53,0.0,0.0,0.0,-5.9726869723e-09,1.0859909487e-09,-8.7601164844e-10,6.1393321801e-08,0.0,0.0,-5.2175117966e-08,0.0,0.0,0.0,0.0,-1.0954036046e-09,0.23309183695,0.027600656157,0.040112310835,0.047199280104
naca4418,ok,,31.939341706,2833655157.7,1695493.732,5547554.7017,115638249.9,11240382.781,236062814.94,0.0,0.0,0.0,-2.6188344702e-09,9.9696664299e-10,1.4112299724e-09,2.7870904761e-08,0.0,0.0,3.5959392759e-09,0.0,0.0,0.0,0.0,-5.9416094851e-10,0.23120695807,0.027893870344,-0.0060968925029,0.047254944327
naca4415,ok,,31.541045271,2798318338.4,1240022.4479,4426376.6526,114996393.99,7733555.5361,228841037.65,0.0,0.0,0.0,-3.7701456236e-09,1.0351197072e-09,-3.0096486156e-10,3.8179202658e-08,0.0,0.0,-3.050872258e-08,0.0,0.0,0.0,0.0,-7.2060681391e-10,0.23206219668,0.027864277763,0.037831500857,0.047343068339
naca4421,ok,,32.311138278,2866640911.9,2348534.0585,7448959.5603,115975898.78,15527561.519,242404212.89,0.0,0.0,0.0,-1.9230377561e-09,9.5810368282e-10,9.5320220634e-10,1.9940087081e-08,0.0,0.0,-1.4984639611e-09,0.0,0.0,0.0,0.0,-4.6531900982e-10,0.22886733698,0.028208032326,0.0035191936481,0.04682997364
naca63206,ok,,27.812051062,2467482350.2,146913.21863,708216.34792,105073524.26,830035.16347,162136697.76,0.0,0.0,0.0,-9.4100123355e-09,1.1887984861e-09,-1.2098172e-08,8.1951185493e-08,0.0,0.0,-6.1592757104e-07,0.0,0.0,0.0,0.0,4.2051130654e-09,0.19807082021,0.0085020899899,0.090487901906,0.012039712431
naca4424,ok,,32.479402167,2881569267.0,2940190.5337,8902941.1251,115401928.4,20539186.207,243841127.26,0.0,0.0,0.0,-1.4778861628e-09,9.2329092097e-10,1.2986871298e-09,1.5813919487e-08,0.0,0.0,8.0945045473e-09,0.0,0.0,0.0,0.0,-3.4791269537e-10,0.22254860105,0.028765885664,-0.023799385645,0.046495936376
naca63209,ok,,28.823179206,2557189536.7,371055.93354,1535333.6744,107694602.13,2147749.8733,178876174.58,0.0,0.0,0.0,-3.6650878517e-09,1.1503915337e-09,-4.3823956621e-09,3.3000887804e-08,0.0,0.0,-2.0026552123e-07,0.0,0.0,0.0,0.0,1.3925394462e-09,0.20773655026,0.0084930728266,0.074309709935,0.012245175232
naca632615,ok,,30.067605592,2667594919.5,1090471.8806,4266197.9651,110192605.38,6730273.4081,199196728.25,0.0,0.0,0.0,-3.5733421164e-09,1.0546155246e-09,-3.2695926082e-09,3.3647852518e-08,0.0,0.0,-4.935522924e-08,0.0,0.0,0.0,0.0,9.3051370198e-10,0.21452514914,0.025394087952,0.053820489648,0.036692037015
naca632a015,ok,,31.044044293,2754224462.0,1158291.5457,3964619.6211,113682964.5,6962656.8455,219070608.12,0.0,0.0,0.0,-1.8861668217e-09,1.0777853214e-09,2.7497660401e-09,1.2774095142e-08,0.0,0.0,-5.4411860456e-08,0.0,0.0,0.0,0.0,-2.1061145895e-09,0.22999935184,0.0097621552451,0.063024797954,0.014796126407
naca633618,ok,,30.538803529,2709399552.6,1572533.0579,5971447.1216,110840765.54,9846992.9691,206750500.41,0.0,0.0,0.0,-2.4753749442e-09,1.0292232432e-09,-1.9545312904e-09,2.3254738167e-08,0.0,0.0,-3.0103357641e-08,0.0,0.0,0.0,0.0,5.218313054e-10,0.21541631239,0.025482616266,0.047338525042,0.03656884452
naca633218,ok,,30.478624495,2704060474.9,1577513.7874,5886390.2619,110748498.39,9752350.1252,205740080.49,0.0,0.0,0.0,-8.5877561298e-10,1.0466582931e-09,-5.7160741021e-10,7.8651551738e-09,0.0,0.0,-2.7881928582e-08,0.0,0.0,0.0,0.0,1.2994346604e-10,0.2155631027,0.0086482682788,0.043984126757,0.012407390726
naca634221,ok,,30.91641734,2742901411.7,2124176.9166,7788734.5054,111166997.46,13407326.705,212570144.07,0.0,0.0,0.0,-6.1683316503e-10,1.0136484877e-09,-3.9880154496e-10,5.7117314177e-09,0.0,0.0,-1.9102057035e-08,0.0,0.0,0.0,0.0,9.8609155181e-11,0.21564435531,0.0085551999287,0.040576148614,0.012132728031
naca633018,ok,,30.410612017,2698026414.7,1578239.8558,5864329.1479,110574565.81,9727155.7725,204511353.99,0.0,0.0,0.0,-1.4396017876e-17,1.0506203463e-09,-2.3657493295e-15,3.6791267472e-15,0.0,0.0,-2.778299603e-08,0.0,0.0,0.0,0.0,2.5867930512e-16,0.21486378954,6.806755614e-10,0.043848231649,5.806544467e-09
naca633418,ok,,30.465956415,2702936564.0,1573807.6701,5897659.9859,110680925.72,9775038.3041,205460422.83,0.0,0.0,0.0,-1.6688097937e-09,1.0395839089e-09,-1.2972470491e-09,1.5460066481e-08,0.0,0.0,-2.8459629444e-08,0.0,0.0,0.0,0.0,3.6822035733e-10,0.21482457507,0.017086144798,0.044789983106,0.024331171207
naca634421,ok,,30.941648753,2745139940.1,2124732.988,7827767.4368,111188942.44,13464167.592,212965040.82,0.0,0.0,0.0,-1.2271427279e-09,1.0088487566e-09,-8.0629424356e-10,1.1416934311e-08,0.0,0.0,-1.9402419316e-08,0.0,0.0,0.0,0.0,1.9828963358e-10,0.21554560464,0.01709805015,0.041224960369,0.024257936954
naca63a210,ok,,30.204549967,2679744610.5,489397.38209,1806934.4851,111964879.0,2870373.504,203294344.23,0.0,0.0,0.0,-3.3040089834e-09,1.1113631014e-09,-3.2382152104e-09,3.1385676865e-08,0.0,0.0,-1.6469488948e-07,0.0,0.0,0.0,0.0,4.9790182397e-10,0.22689331489,0.0098080279663,0.080601247756,0.015360068093
naca64208,ok,,28.740538338,2549857647.2,286129.01054,1194165.3056,107621225.74,1642544.1979,177743998.9,0.0,0.0,0.0,-4.7886762937e-09,1.1588488889e-09,-6.6494274929e-09,4.3128225528e-08,0.0,0.0,-3.3838607569e-07,0.0,0.0,0.0,0.0,1.8177592784e-09,0.20851792862,0.008488271235,0.096822073018,0.012340236497
naca641112,ok,,29.636580198,2629354390.2,688734.83096,2618571.4148,109719139.31,4057506.8521,192630907.97,0.0,0.0,0.0,-9.8005702995e-10,1.1186715031e-09,-1.1122803675e-09,8.9665221064e-09,0.0,0.0,-1.0943190318e-07,0.0,0.0,0.0,0.0,2.8244788067e-10,0.21570677721,0.0042238011277,0.075369563341,0.0061755560872
naca64206,ok,,27.963073924,2480881083.3,148561.81274,697295.8128,105594533.4,836803.72688,165270242.38,0.0,0.0,0.0,-9.3883670236e-09,1.1854676238e-09,-1.4152004792e-08,8.2839026753e-08,0.0,0.0,-7.5131117219e-07,0.0,0.0,0.0,0.0,4.1646076824e-09,0.20132745431,0.0085579429507,0.11161614967,0.01230671598
naca64209,ok,,29.014989308,2574206909.4,371083.84294,1498312.8847,108301103.75,2147924.4764,182265530.28,0.0,0.0,0.0,-3.6655141207e-09,1.1471806299e-09,-4.8833810859e-09,3.3289714193e-08,0.0,0.0,-2.4452750227e-07,0.0,0.0,0.0,0.0,1.3069165515e-09,0.21096527203,0.0084655278655,0.090740205245,0.012353275073
naca64210,ok,,29.246860396,2594778488.9,466722.88777,1841172.9405,108850812.2,2721353.5379,186115234.3,0.0,0.0,0.0,-2.9041401759e-09,1.1368679382e-09,-3.6513520216e-09,2.6457928538e-08,0.0,0.0,-1.8195616937e-07,0.0,0.0,0.0,0.0,9.5504207714e-10,0.21299176787,0.0084568172392,0.084923108815,0.012348520812
naca642415,ok,,30.17597374,2677209330.6,1095707.7822,4109936.7607,110666250.79,6656823.3865,201475369.65,0.0,0.0,0.0,-2.4127033983e-09,1.0717365963e-09,-2.4648172663e-09,2.2489814716e-08,0.0,0.0,-6.2228053344e-08,0.0,0.0,0.0,0.0,5.7522178256e-10,0.21778660355,0.016895134131,0.06818376232,0.024642265005
naca642215,ok,,30.150251445,2674927251.1,1095370.1144,4060963.1738,110654067.18,6600662.3867,201102371.58,0.0,0.0,0.0,-1.2173960413e-09,1.0811809308e-09,-1.2231796815e-09,1.1244813422e-08,0.0,0.0,-6.1208091425e-08,0.0,0.0,0.0,0.0,2.8873198134e-10,0.21789381851,0.008450918901,0.067045514103,0.012317232564
naca643218,ok,,30.601910984,2714998439.6,1578395.9773,5733611.8584,111253419.34,9708208.4214,208349848.28,0.0,0.0,0.0,-8.3853496014e-10,1.0485502421e-09,-7.4426563014e-10,7.7765130011e-09,0.0,0.0,-3.8485266794e-08,0.0,0.0,0.0,0.0,1.6058426453e-10,0.21873709517,0.0084817017451,0.060744990292,0.012274416838
naca643418,ok,,30.658397605,2720009927.0,1575603.8978,5746875.2548,111348823.11,9769381.5121,209303624.27,0.0,0.0,0.0,-1.6662782939e-09,1.0419147983e-09,-1.4396350488e-09,1.5640565319e-08,0.0,0.0,-3.7940661851e-08,0.0,0.0,0.0,0.0,2.9879676905e-10,0.2190926399,0.016918204058,0.059779454699,0.024643335682
naca643618,ok,,30.672590639,2721269131.4,1579789.0061,5856093.5012,111302455.7,9865857.1462,209424104.28,0.0,0.0,0.0,-2.470617183e-09,1.0316374625e-09,-2.280386487e-09,2.3323737353e-08,0.0,0.0,-3.9870948316e-08,0.0,0.0,0.0,0.0,4.8161335143e-10,0.21850310561,0.025413582073,0.062987685813,0.036846583852
naca644421,ok,,31.05795285,2755458427.7,2138382.9857,7686414.8826,111633295.47,13486378.405,215413390.66,0.0,0.0,0.0,-1.2244945289e-09,1.0114528085e-09,-9.7253732786e-10,1.1431166077e-08,0.0,0.0,-2.6624431529e-08,0.0,0.0,0.0,0.0,1.8420380409e-10,0.21853431932,0.017057001049,0.056933231387,0.024444211045
naca644221,ok,,31.031712498,2753130386.4,2137660.4701,7645417.1017,111611421.59,13425549.163,215001419.27,0.0,0.0,0.0,-6.1548572373e-10,1.0160873591e-09,-4.8218067204e-10,5.7162994507e-09,0.0,0.0,-2.633478821e-08,0.0,0.0,0.0,0.0,9.1778817504e-11,0.21862292542,0.0085326306814,0.056294835743,0.012219507371
naca64a410,ok,,30.238060611,2682717671.4,490540.31064,1889303.5794,111937076.11,2964900.1658,204578928.38,0.0,0.0,0.0,-6.3795609599e-09,1.0952592522e-09,-7.7288964441e-09,6.3154289954e-08,0.0,0.0,-2.053512915e-07,0.0,0.0,0.0,0.0,9.3433479674e-10,0.22768068537,0.019545636722,0.10073308632,0.030979725012
naca651412,ok,,29.934376153,2655774817.1,717842.67958,2674813.4457,110545505.7,4271328.7576,198005502.67,0.0,0.0,0.0,-3.7289684987e-09,1.0998309852e-09,-5.4351345944e-09,3.4832636122e-08,0.0,0.0,-1.5723733983e-07,0.0,0.0,0.0,0.0,9.3782448802e-10,0.22072669121,0.016812103529,0.11287167336,0.02500435285
naca651212,ok,,29.908157253,2653448678.9,717736.92677,2622700.432,110535432.6,4216772.9401,197632504.34,0.0,0.0,0.0,-1.8902033521e-09,1.1136513986e-09,-2.7056729372e-09,1.7415889478e-08,0.0,0.0,-1.5542438774e-07,0.0,0.0,0.0,0.0,4.7232490672e-10,0.22083684851,0.0084104302917,0.1115538224,0.012500026991
naca64a210,ok,,30.192976449,2678717809.1,489624.698,1787808.6387,111932456.57,2864127.6795,203945104.28,0.0,0.0,0.0,-3.3051802909e-09,1.1123626725e-09,-3.7768174383e-09,3.1627185524e-08,0.0,0.0,-1.9743504817e-07,0.0,0.0,0.0,0.0,4.814274139e-10,0.22778994576,0.0097805698446,0.096669075832,0.015485451161
naca651212a06,ok,,29.915881098,2654133937.7,717810.7857,2648165.8194,110520476.47,4243248.1387,197709608.54,0.0,0.0,0.0,-2.5150922736e-09,1.1201916505e-09,-2.2227039903e-09,2.4091340594e-08,0.0,0.0,-1.560944884e-07,0.0,0.0,0.0,0.0,-3.1641147593e-10,0.22080462008,0.0103757247,0.11204630736,0.017293024121
naca64a010,ok,,30.186299073,2678125393.0,490198.61844,1755494.7913,111938788.14,2834873.6678,203861491.6,0.0,0.0,0.0,-3.3746487594e-15,1.1142514882e-09,1.2209536204e-14,-2.2588702473e-14,0.0,0.0,-1.9209925454e-07,0.0,0.0,0.0,0.0,-8.7558763609e-15,0.22715297039,3.9283565483e-09,0.09416678918,-1.1072950745e-08
naca65206,ok,,28.353803516,2515546573.1,154599.99959,691662.73495,106701271.15,869486.39768,171573709.0,0.0,0.0,0.0,-9.0749528721e-09,1.1862183793e-09,-1.57970831e-08,8.068755124e-08,0.0,0.0,-9.2006865704e-07,0.0,0.0,0.0,0.0,3.4932632638e-09,0.20825121668,0.0085231578823,0.142242614,0.012474295388
naca65209,ok,,29.334252213,2602531882.0,386251.01301,1488353.5211,109247081.77,2228238.1182,187892566.94,0.0,0.0,0.0,-3.5483230032e-09,1.1444387747e-09,-5.6551884273e-09,3.2392558344e-08,0.0,0.0,-3.2226764046e-07,0.0,0.0,0.0,0.0,1.0878102936e-09,0.21664628344,0.0084316877096,0.12447620259,0.012511658474
naca65210,ok,,29.546180454,2621334134.1,485901.6978,1829968.2867,109750332.41,2821777.7136,191493420.16,0.0,0.0,0.0,-2.8089140997e-09,1.1342048694e-09,-4.3150245947e-09,2.5749227276e-08,0.0,0.0,-2.4615014283e-07,0.0,0.0,0.0,0.0,8.0139112239e-10,0.21840799536,0.0084200713057,0.11960477231,0.012511593251
naca652215,ok,,30.374541343,2694826228.1,1141003.6715,4048383.9291,111356005.84,6828432.7834,205402672.91,0.0,0.0,0.0,-1.1795810713e-09,1.0833629194e-09,-1.5270862616e-09,1.092516934e-08,0.0,0.0,-8.945951371e-08,0.0,0.0,0.0,0.0,2.4180731171e-10,0.22292507112,0.0084227998802,0.10207363359,0.012465658329
naca652415a05,ok,,30.434185473,2700117849.3,1142046.3934,4198140.5211,111317126.15,7003036.6532,206150437.33,0.0,0.0,0.0,-3.151458745e-09,1.1017880176e-09,-1.6013716898e-09,3.0325150231e-08,0.0,0.0,-9.0707497195e-08,0.0,0.0,0.0,0.0,-9.9440575538e-10,0.22259843588,0.020520666974,0.10359217003,0.034632728451
naca65410,ok,,29.572343046,2623655276.6,485979.93688,1884167.2027,109762557.92,2873824.6629,191862924.52,0.0,0.0,0.0,-5.5125665982e-09,1.1127599508e-09,-8.652215156e-09,5.1511336019e-08,0.0,0.0,-2.4948379651e-07,0.0,0.0,0.0,0.0,1.5791583474e-09,0.21829279969,0.01683316348,0.12124411968,0.025033475827
naca653618,ok,,30.857261502,2737653111.8,1649851.1367,5866309.0835,111882155.91,10220162.096,213065776.22,0.0,0.0,0.0,-2.3891230607e-09,1.0382482605e-09,-2.9205506253e-09,2.2576042873e-08,0.0,0.0,-5.9119073003e-08,0.0,0.0,0.0,0.0,4.0686060951e-10,0.22332783597,0.025346322936,0.097537669796,0.037247109997
naca652415,ok,,30.401103119,2697182786.3,1141195.8455,4097683.4668,111369402.49,6886118.3077,205794702.65,0.0,0.0,0.0,-2.3375816175e-09,1.0750194198e-09,-3.0671022053e-09,2.1846191318e-08,0.0,0.0,-9.0258744426e-08,0.0,0.0,0.0,0.0,4.8128902121e-10,0.22282512937,0.01683554487,0.10300290416,0.024930782773
naca653218,ok,,30.783168319,2731079572.0,1648723.8211,5742983.5139,111829739.89,10055887.697,211925204.41,0.0,0.0,0.0,-8.1100128889e-10,1.0536342293e-09,-9.6103969083e-10,7.5260865821e-09,0.0,0.0,-5.8036175361e-08,0.0,0.0,0.0,0.0,1.3570109854e-10,0.22352574805,0.0084603765416,0.095685624803,0.012408438227
naca654221,ok,,31.174333303,2765783689.7,2233507.0672,7677163.158,112075393.21,13886363.777,217894220.45,0.0,0.0,0.0,-5.9582582394e-10,1.0248531457e-09,-6.5064235852e-10,5.5256273324e-09,0.0,0.0,-4.0999965655e-08,0.0,0.0,0.0,0.0,7.8609558209e-11,0.22345101232,0.0085177843108,0.091573713046,0.012341527698
naca661212,ok,,30.265813765,2685179928.5,785713.94902,2702141.2803,111653920.87,4561147.7232,204449561.49,0.0,0.0,0.0,-1.7520672352e-09,1.1070317541e-09,-3.238359059e-09,1.6120924028e-08,0.0,0.0,-2.0708096856e-07,0.0,0.0,0.0,0.0,3.5947061691e-10,0.22691885395,0.0083635163093,0.16270640558,0.01266643488
naca66-018,ok,,31.033653237,2753302568.5,1811283.476,5949971.9576,112633266.36,10847927.51,216976445.19,0.0,0.0,0.0,-1.2917376247e-13,1.0526874088e-09,3.791659449e-12,6.5658288966e-12,0.0,0.0,-8.2612250125e-08,0.0,0.0,0.0,0.0,-2.3054869269e-12,0.228408371,-4.3111698034e-06,0.14963420357,1.1892577387e-05
naca654421a05,ok,,31.234101915,2771086354.9,2235799.7885,7805514.6529,112061959.94,14076613.327,218713216.4,0.0,0.0,0.0,-1.6118465245e-09,1.0334541858e-09,-4.5122479865e-10,1.5339034745e-08,0.0,0.0,-4.1414526734e-08,0.0,0.0,0.0,0.0,-5.7395458912e-10,0.22316609274,0.0208877636,0.092594590112,0.034295010638
naca654421,ok,,31.203123714,2768337972.1,2234082.1838,7718663.9218,112102524.18,13950068.452,218356109.13,0.0,0.0,0.0,-1.1852677961e-09,1.0204803686e-09,-1.3076807075e-09,1.1051720288e-08,0.0,0.0,-4.1220589824e-08,0.0,0.0,0.0,0.0,1.5765728537e-10,0.22339618093,0.017025976772,0.092090185333,0.024690451396
naca66206,ok,,28.891137904,2563218825.5,168806.25611,700462.37166,108233771.55,942454.56526,180575757.79,0.0,0.0,0.0,-8.4165919424e-09,1.182175921e-09,-1.7604586831e-08,7.5081929642e-08,0.0,0.0,-1.11571365e-06,0.0,0.0,0.0,0.0,2.6032391187e-09,0.21719983061,0.0084651923003,0.18833944414,0.012674299444
naca66209,ok,,29.756333483,2639978889.5,422141.59063,1526923.6392,110534397.11,2409232.6001,195602934.57,0.0,0.0,0.0,-3.2930042611e-09,1.1362484659e-09,-6.5609001439e-09,3.0082488298e-08,0.0,0.0,-4.1425865682e-07,0.0,0.0,0.0,0.0,8.2125856113e-10,0.22352711364,0.0083759178127,0.17487580832,0.01269906946
naca662415,ok,,30.715436601,2725070420.9,1251499.3157,4238285.4907,112369017.84,7442768.2063,211988705.28,0.0,0.0,0.0,-2.1662735581e-09,1.0716559073e-09,-3.7999903304e-09,2.0156204141e-08,0.0,0.0,-1.2402644012e-07,0.0,0.0,0.0,0.0,3.7389377828e-10,0.22845505995,0.016758952289,0.15521900494,0.025225475689
naca663418,ok,,31.094749589,2758723030.7,1811537.05,6010833.0991,112751913.52,10933939.119,218070508.06,0.0,0.0,0.0,-1.4918400019e-09,1.0466369838e-09,-2.4737880654e-09,1.3840989127e-08,0.0,0.0,-8.2482058884e-08,0.0,0.0,0.0,0.0,2.1606884306e-10,0.22900789573,0.016852814175,0.14941930563,0.025073464612
naca66210,ok,,29.943517024,2656585794.3,531058.5526,1879912.8464,110975661.57,3049119.1964,198872429.24,0.0,0.0,0.0,-2.6087517094e-09,1.1262931609e-09,-5.065943787e-09,2.3898520303e-08,0.0,0.0,-3.2124554101e-07,0.0,0.0,0.0,0.0,6.0491460172e-10,0.22494480343,0.0083693247873,0.17060019204,0.012691513601
naca663218,ok,,31.065849321,2756159001.9,1811192.3854,5965005.1381,112731046.27,10869780.312,217617685.09,0.0,0.0,0.0,-7.5086106117e-10,1.0517498134e-09,-1.2340188124e-09,6.9201644459e-09,0.0,0.0,-8.2240115412e-08,0.0,0.0,0.0,0.0,1.0805633246e-10,0.22907094933,0.0084307619834,0.14895267081,0.01253374915
naca662215,ok,,30.685725006,2722434411.1,1251286.3123,4188605.1168,112348257.67,7381316.486,211531546.58,0.0,0.0,0.0,-1.0927808066e-09,1.0787505959e-09,-1.8968605797e-09,1.0076329649e-08,0.0,0.0,-1.2358361046e-07,0.0,0.0,0.0,0.0,1.8794832307e-10,0.22851001322,0.0083831910262,0.1546384802,0.012608373369
naca664221,ok,,31.442702563,2789593383.2,2462570.743,8011265.3386,112914387.55,15043870.976,223376682.45,0.0,0.0,0.0,-5.498658406e-10,1.0248199578e-09,-8.6454812202e-10,5.0536948134e-09,0.0,0.0,-5.9170247211e-08,0.0,0.0,0.0,0.0,6.5288718805e-11,0.22904128577,0.0084970827689,0.14571091964,0.012445080991
naca671215,ok,,31.037665547,2753658540.3,1369964.7165,4353222.3555,113597838.66,7925303.0009,218862134.62,0.0,0.0,0.0,-1.0189265757e-09,1.0657913785e-09,-2.0356748361e-09,9.261482211e-09,0.0,0.0,-1.3974957916e-07,0.0,0.0,0.0,0.0,1.3956044963e-10,0.2335077361,0.0083335857243,0.19145199259,0.012687903851
naca747a315,ok,,30.499977104,2705954876.1,1170834.1862,4199090.2068,111635859.6,7066355.5383,207634195.24,0.0,0.0,0.0,-2.6205512787e-09,1.1243297443e-09,2.1862126373e-09,2.2321088332e-08,0.0,0.0,-8.1444471969e-08,0.0,0.0,0.0,0.0,-2.7725253071e-09,0.22269636993,0.014160386833,0.095357972055,0.026134293292
naca747a415,ok,,30.51990143,2707722560.4,1171177.9601,4240625.0833,111638956.51,7116060.4345,207915779.62,0.0,0.0,0.0,-3.1645358771e-09,1.1299578112e-09,1.4299461855e-09,2.7635604357e-08,0.0,0.0,-8.1464067554e-08,0.0,0.0,0.0,0.0,-2.6314958817e-09,0.22252990002,0.018358627776,0.09540892046,0.032366210738
nacam12,ok,,31.199554064,2768021273.1,790968.31014,2680649.3959,114861322.61,4654521.0649,223525634.55,0.0,0.0,0.0,-3.2416385433e-09,1.0978537985e-09,2.0527877026e-09,2.863357206e-08,0.0,0.0,-8.6770786453e-08,0.0,0.0,0.0,0.0,-2.504797121e-09,0.23691667792,0.012327862293,0.06863294233,0.022648248105
nacacyh,ok,,30.946275678,2745550440.4,744152.61916,2739949.3903,113932807.08,4495351.2226,218135195.76,0.0,0.0,0.0,-1.164512611e-08,1.4381953014e-09,7.7427892947e-09,8.5300398617e-08,0.0,0.0,-5.3481137231e-08,0.0,0.0,0.0,0.0,-7.0871596801e-09,0.23246623699,0.044989401984,0.039798128346,0.063476515046
nacam18,ok,,31.335524442,2780084551.2,801183.82067,2997479.015,114841328.0,5028701.4306,225447313.3,0.0,0.0,0.0,-1.04227369e-08,1.2843122531e-09,1.2641090198e-09,8.5252392677e-08,0.0,0.0,-7.9942402895e-08,0.0,0.0,0.0,0.0,-4.47290704e-09,0.23654148048,0.047116719354,0.064048559785,0.068302837686
nacam3,ok,,31.153588456,2763943209.0,794059.76694,2628856.0772,114907530.23,4585224.2446,222955336.45,0.0,0.0,0.0,-1.1265775504e-18,1.0629499809e-09,1.3143117009e-15,4.8911123442e-16,0.0,0.0,-7.7060685914e-08,0.0,0.0,0.0,0.0,-4.754163522e-18,0.23699037062,-5.2007769066e-16,0.061190790298,3.8838355282e-10
nacam2,ok,,30.516713554,2707439732.3,340856.30262,113475794.02,1200533.4199,1914595.7386,211207745.84,0.0,0.0,0.0,-1.0404698329e-17,1.1118622768e-09,3.3644794617e-16,-3.6646244323e-15,0.0,0.0,-2.0616504078e-07,0.0,0.0,0.0,0.0,-4.4313249645e-17,0.23483392516,-2.9791533062e-15,0.070272653529,-1.2491103345e-09
nacam6,ok,,31.089756192,2758280017.1,813143.19519,2776965.666,114350330.05,4824008.3883,220971019.27,0.0,0.0,0.0,-3.2221701333e-09,1.121623892e-09,4.1691890239e-09,2.8686095219e-08,0.0,0.0,-7.8436344412e-08,0.0,0.0,0.0,0.0,-3.7582336497e-09,0.23485456859,0.011289715899,0.063779979714,0.023325903124
ncambre,ok,,30.940062398,2744999198.8,705091.23631,2424918.1532,114236203.69,4108328.3936,218612566.04,0.0,0.0,0.0,-2.5909305099e-09,1.0963662694e-09,3.8340644222e-09,1.7881136531e-08,0.0,0.0,-6.558937539e-08,0.0,0.0,0.0,0.0,-2.8836442239e-09,0.23293492032,0.0078859514511,0.046246493782,0.012607832663
nl722343,ok,,29.905514269,2653214193.7,396507.42346,1486810.9895,111271948.0,2259212.8429,198929031.72,0.0,0.0,0.0,-4.7997911417e-09,1.117233439e-09,-2.4831273843e-09,3.2737219353e-08,0.0,0.0,-2.0470239128e-07,0.0,0.0,0.0,0.0,-7.7102741689e-11,0.22208383826,0.010805065004,0.081166017743,0.012980550497
nlf0115,ok,,30.892675948,2740795077.7,1197269.6388,4061341.4006,113038394.37,7163013.5411,215707013.73,0.0,0.0,0.0,-2.2106589852e-09,1.0719222077e-09,-5.049175378e-10,1.7058761676e-08,0.0,0.0,-8.0722872948e-08,0.0,0.0,0.0,0.0,-6.9159385585e-10,0.22885298049,0.014701639542,0.096647044937,0.020423937431
nl722362,ok,,30.540082387,2709513012.8,439158.71965,1476770.6844,113180662.45,2460760.9225,210997762.43,0.0,0.0,0.0,-4.5951529013e-09,1.1416730106e-09,2.3566152153e-09,3.4145627455e-08,0.0,0.0,-2.620032771e-07,0.0,0.0,0.0,0.0,-3.7996152339e-09,0.23180374362,0.0091410291355,0.11506102371,0.014995350035
nlf414f,ok,,30.127559802,2672914050.9,1115947.6794,4049996.1961,110476811.88,6633186.7541,200521310.85,0.0,0.0,0.0,-2.6653202984e-09,1.0838680235e-09,-4.4789431323e-09,2.4955835229e-08,0.0,0.0,-1.3815599924e-07,0.0,0.0,0.0,0.0,4.0405351176e-10,0.21876944446,0.018266040639,0.15417486674,0.027849406411
nlr1t,ok,,30.828301055,2735083743.8,453121.37502,1492036.4832,114218994.64,2539527.1776,216975199.55,0.0,0.0,0.0,-4.4964572241e-09,1.133558373e-09,2.3726024207e-09,3.3327237989e-08,0.0,0.0,-2.6026952482e-07,0.0,0.0,0.0,0.0,-3.7278910073e-09,0.236695477,0.0091788926652,0.11793368496,0.015101283903
nlr7301,ok,,30.886980639,2740289790.5,1529171.1123,5416116.4287,112711965.77,9189395.8521,215085310.85,0.0,0.0,0.0,-6.5428758555e-10,9.9212625543e-10,-2.4337076759e-09,4.2846798183e-09,0.0,0.0,-2.9261846371e-08,0.0,0.0,0.0,0.0,1.4232722893e-09,0.21519422351,0.0088286134835,0.044746370163,0.0065520086037
nlf415,ok,,30.844022706,2736478567.1,1148517.0903,3909720.1034,112667398.95,6929005.5688,214309385.72,0.0,0.0,0.0,-1.5881325622e-09,1.052142991e-09,-7.7607479239e-09,1.6963791174e-08,0.0,0.0,-1.4217983671e-07,0.0,0.0,0.0,0.0,3.0315313748e-09,0.23253051203,0.015895850024,0.16329597235,0.019483204079
nn7mk20,ok,,30.746398421,2727817350.4,1362246.5772,5190257.4951,111764242.07,8620130.9098,211297030.42,0.0,0.0,0.0,-2.6464054283e-09,1.0452982899e-09,-2.4771945119e-09,2.5687939953e-08,0.0,0.0,-4.3788461043e-08,0.0,0.0,0.0,0.0,5.8975864921e-10,0.22370521857,0.023950278438,0.059650681175,0.034993308276
npl9510,ok,,30.510571301,2706894792.2,598369.03334,2348442.1569,113146527.39,3592995.766,210569183.33,0.0,0.0,0.0,1.5618588073e-09,1.1207056279e-09,-1.1686754289e-08,-1.1193910334e-08,0.0,0.0,-5.1075061731e-08,0.0,0.0,0.0,0.0,8.5232087773e-09,0.22568914305,0.0013009615254,0.030561735315,-0.006698089306
npl9615,ok,,30.910613913,2742386532.2,685420.63427,2322065.5464,114149607.38,3968003.6863,218024420.3,0.0,0.0,0.0,-1.9998941891e-09,1.0844972527e-09,2.3542583574e-09,1.4605430908e-08,0.0,0.0,-9.0871963555e-08,0.0,0.0,0.0,0.0,-2.0323170769e-09,0.23291500494,0.0060577059044,0.062285518897,0.010010863716
npl9626,ok,,31.01540334,2751683439.5,756465.12986,2593216.7475,114440467.0,4426544.2123,220071310.23,0.0,0.0,0.0,-1.2619963533e-09,1.0652337899e-09,1.3194958515e-09,1.0213291652e-08,0.0,0.0,-5.551741717e-08,0.0,0.0,0.0,0.0,-1.0917441162e-09,0.23307963941,0.0044599957973,0.041996990189,0.0077259989959
npl9627,ok,,31.052908618,2755010904.0,780673.50512,2698398.0116,114537316.02,4578070.9851,220801386.0,0.0,0.0,0.0,-1.5803811535e-09,1.0617936546e-09,1.5385815714e-09,1.3249070487e-08,0.0,0.0,-3.7594393452e-08,0.0,0.0,0.0,0.0,-1.1907609326e-09,0.2325361319,0.0059676335118,0.029348946909,0.010343198297
npl9660,ok,,30.391356472,2696318064.7,687302.62873,2389971.7257,112457082.84,3954604.9027,207615258.26,0.0,0.0,0.0,-2.0039152446e-09,1.0989587741e-09,2.1014119948e-09,1.4518243852e-08,0.0,0.0,-9.9817385737e-08,0.0,0.0,0.0,0.0,-1.9955616163e-09,0.22486285144,0.0061505428944,0.06860475161,0.0099784271642
nplx,ok,,30.104328857,2670853003.8,562838.99304,2081447.8064,111635341.51,3278723.4981,202221231.99,0.0,0.0,0.0,1.1645464573e-09,1.1176780171e-09,-8.3216949456e-09,-5.5703022121e-09,0.0,0.0,-1.1732861498e-07,0.0,0.0,0.0,0.0,5.7397767736e-09,0.22150499713,0.00035043413645,0.066037119511,-0.003135183288
p51droot,ok,,30.61203872,2715896971.3,1372755.7545,4916715.8042,111800447.1,8288797.6606,209499189.34,0.0,0.0,0.0,-1.0826850908e-09,1.0524134771e-09,-1.0939069625e-09,1.0127946902e-08,0.0,0.0,-4.5674236193e-08,0.0,0.0,0.0,0.0,2.8260716591e-10,0.22100983438,0.0094919215832,0.062699570568,0.013903197391
p51dtip,ok,,29.52144276,2619139408.4,638715.8984,2444169.7154,109323967.18,3758281.2558,190457535.71,0.0,0.0,0.0,-2.3494299034e-09,1.1407621874e-09,-3.6194695175e-09,2.2901923439e-08,0.0,0.0,-2.3386123484e-07,0.0,0.0,0.0,0.0,1.0842319351e-10,0.21744905412,0.0089184270751,0.14937088871,0.014627822605
oaf117,ok,,30.595553951,2714434444.3,544349.54263,2507471.542,113914779.77,3424444.7583,213555176.04,0.0,0.0,0.0,-4.1398732341e-09,1.0579484496e-09,2.5489041816e-09,4.3899909809e-08,0.0,0.0,9.5717828646e-08,0.0,0.0,0.0,0.0,-2.139754575e-10,0.2252824287,0.014011699788,-0.052103956245,0.023896895826
p51htip,ok,,30.210202974,2680246144.7,788033.74706,2726682.7816,111357971.35,4592488.9892,203165572.69,0.0,0.0,0.0,-2.0964187687e-09,1.1132898465e-09,-2.7187842442e-09,1.9739140638e-08,0.0,0.0,-2.0774082997e-07,0.0,0.0,0.0,0.0,-3.2522239421e-10,0.22554550712,0.0092909309994,0.16370678466,0.015555108961
p51hroot,ok,,30.677746064,2721726520.2,1343461.1169,4503615.1963,112074464.38,7964929.6744,210927220.4,0.0,0.0,0.0,-1.221644479e-09,1.0787827977e-09,-1.4199965394e-09,1.1511190432e-08,0.0,0.0,-1.1509619526e-07,0.0,0.0,0.0,0.0,-2.1798022159e-10,0.22709656416,0.009336057205,0.15462726304,0.015464836754
pfcm,ok,,30.062217239,2667116865.3,315047.69401,1204745.825,111988432.69,1831348.2568,202301215.02,0.0,0.0,0.0,-5.1668408672e-09,1.1247024622e-09,-6.043955853e-09,4.9406374516e-08,0.0,0.0,-3.2560655955e-07,0.0,0.0,0.0,0.0,7.0868202391e-10,0.22888486952,0.0097593583649,0.10258159574,0.015565364361
pmc19sm,ok,,29.399971235,2608362467.0,383859.80128,1637015.8508,110037753.58,2279775.2412,190294139.23,0.0,0.0,0.0,-5.7208125588e-09,1.2628060021e-09,1.0866236728e-08,3.347578075e-08,0.0,0.0,-1.6555355817e-07,0.0,0.0,0.0,0.0,-1.0180178144e-08,0.21490784895,0.0080588699858,0.063549355941,0.012850006546
prandtl-d-centerline,ok,,30.268027232,2685376307.0,715154.84512,2988640.6142,111279328.99,4553335.8404,203814779.1,0.0,0.0,0.0,-6.2539542293e-09,1.0990086459e-09,-2.2872282785e-09,6.4719778366e-08,0.0,0.0,-5.7195117856e-08,0.0,0.0,0.0,0.0,-4.8971658827e-10,0.22115079821,0.027983364455,0.040903365652,0.046284663074
psu-90-125wl,ok,,30.410683947,2698032796.3,819518.39058,3051885.8027,111968672.93,4932567.5066,207024310.56,0.0,0.0,0.0,-3.6547335373e-09,1.0822918128e-09,-2.2172065585e-09,3.4621004268e-08,0.0,0.0,-6.8504864823e-08,0.0,0.0,0.0,0.0,1.4830433766e-10,0.22461407611,0.018191539813,0.056140996566,0.028372549698
psu94097,ok,,30.099980254,2670467196.1,474130.19199,2125339.5047,111627589.45,3024407.5194,202238892.46,0.0,0.0,0.0,-1.000868649e-08,1.120819233e-09,-5.7232862061e-09,1.0096774232e-07,0.0,0.0,-1.3447256415e-07,0.0,0.0,0.0,0.0,-5.9366590851e-10,0.22303816997,0.029869982158,0.06375750266,0.047871855053
prandtl-d-wingtip,ok,,30.149471348,2674858041.0,453155.89057,1723741.3894,111966770.74,2626498.2057,203439101.85,0.0,0.0,0.0,3.8503393778e-13,1.1068122612e-09,-9.3869334022e-12,-2.07686434e-11,0.0,0.0,-3.7687869835e-08,0.0,0.0,0.0,0.0,5.1655012946e-12,0.22516889124,2.0436159049e-06,0.017078480219,-9.4114330961e-06
pt40,ok,,31.39374382,2785249768.6,753373.03371,2839084.6395,115446347.42,4631644.383,227528768.16,0.0,0.0,0.0,-4.2959717077e-09,1.0152579993e-09,7.9494851304e-10,4.5783246274e-08,0.0,0.0,5.2390549407e-09,0.0,0.0,0.0,0.0,-5.2655796638e-10,0.22861514834,0.019339977342,-0.0039469627144,0.034491863139
r1046,ok,,31.442745463,2789597189.4,1627278.1364,6419778.7047,112674737.6,11073793.843,222851639.01,0.0,0.0,0.0,-4.3056333564e-09,1.0933409629e-09,-6.5781915117e-10,4.6559644136e-08,0.0,0.0,-4.2260527479e-08,0.0,0.0,0.0,0.0,-1.6303257435e-09,0.22624620215,0.043610034889,0.068769632402,0.075765490943
r1080,ok,,31.235802593,2771237238.9,1731227.0489,5978674.4377,113050649.53,10738464.62,220627126.83,0.0,0.0,0.0,-2.2727298e-09,1.0626562959e-09,-1.3084333263e-10,2.0790288791e-08,0.0,0.0,-5.5334595929e-08,0.0,0.0,0.0,0.0,-1.1537826441e-09,0.22820037434,0.021581742276,0.095796749211,0.035992710308
r1082,ok,,31.281011068,2775248130.3,1720774.9457,5930347.3931,113240923.96,10675391.469,221641990.68,0.0,0.0,0.0,-2.2945291217e-09,1.0577279288e-09,-3.9130586187e-10,2.1120547339e-08,0.0,0.0,-5.3717042874e-08,0.0,0.0,0.0,0.0,-9.9078760613e-10,0.22903026117,0.022075128024,0.092434941537,0.036343708701
r1082t,ok,,30.974376228,2748043518.4,1348372.9917,4724794.1878,112873134.1,8264655.0622,216558229.22,0.0,0.0,0.0,-2.6225373528e-09,1.0797112936e-09,-5.5308170699e-10,2.4022658617e-08,0.0,0.0,-6.9526739133e-08,0.0,0.0,0.0,0.0,-1.1140197435e-09,0.2285708128,0.019571642718,0.093747977247,0.032391504068
r1145ms,ok,,31.95482282,2835028640.6,2095797.1885,7054690.4964,115187462.8,13045958.051,235411988.55,0.0,0.0,0.0,-2.571445993e-09,9.8883449393e-10,-8.3189645513e-10,2.5192073074e-08,0.0,0.0,-3.5802745861e-08,0.0,0.0,0.0,0.0,-5.9173714255e-10,0.22809564544,0.031788134512,0.075035294116,0.052797475921
r1145msf,ok,,34.102965865,3025611673.7,3875736.8686,14339327.625,116560563.09,28387746.043,271791169.28,0.0,0.0,0.0,-2.2897451446e-09,9.2289248591e-10,5.1832925412e-09,2.2622596236e-08,0.0,0.0,1.2767087427e-08,0.0,0.0,0.0,0.0,-2.1407927814e-09,0.21197421107,0.052335381996,-0.049481871446,0.087679230295
r140sm,ok,,30.583277076,2713345241.2,725804.87218,2498677.6094,112784875.59,4260912.2519,210869390.67,0.0,0.0,0.0,-7.4238392051e-10,1.1075385132e-09,6.4415621402e-11,6.7435274179e-09,0.0,0.0,-1.5095541929e-07,0.0,0.0,0.0,0.0,-5.1209298264e-10,0.23320325572,0.0026544000399,0.1095641788,0.0048944850555
r140,ok,,30.563241067,2711567648.5,725119.6871,2496743.3437,112717968.6,4254585.0893,210463214.98,0.0,0.0,0.0,-7.6133550825e-10,1.110377357e-09,3.5289211065e-11,6.9340140839e-09,0.0,0.0,-1.5066704251e-07,0.0,0.0,0.0,0.0,-5.0847203306e-10,0.23334583381,0.0027343739626,0.10925163873,0.0050279901229
r1145msm,ok,,33.577799552,2979018971.7,4858384.7299,14804914.659,115003488.76,30597237.679,260092468.59,0.0,0.0,0.0,-1.3107831612e-09,8.164958512e-10,-7.3899583172e-09,1.0907432414e-08,0.0,0.0,-4.424401761e-08,0.0,0.0,0.0,0.0,2.4647593393e-09,0.23669623094,0.058335548248,0.21495445955,0.052992503081
rae103,ok,,30.157880464,2675604096.9,505504.05295,1815072.711,111835035.3,2919372.3937,203293249.65,0.0,0.0,0.0,-2.6511311798e-16,1.1145058145e-09,-4.8162175031e-15,-6.0058146486e-15,0.0,0.0,-1.7735294423e-07,0.0,0.0,0.0,0.0,-5.3247275416e-16,0.22657150879,4.2176162077e-10,0.089652632108,-3.0359636461e-09
rae104,ok,,30.329952301,2690870292.9,537373.51078,1852004.2218,112347732.48,3073960.8101,206565322.55,0.0,0.0,0.0,-1.4024990566e-16,1.1118169962e-09,-2.8169616942e-15,-1.1116395942e-14,0.0,0.0,-2.3168999348e-07,0.0,0.0,0.0,0.0,-5.7296227152e-16,0.22966283645,2.6625926783e-11,0.12450406521,-5.9736567147e-09
rae102,ok,,30.022606362,2663602592.4,479607.99472,1788398.4166,111454356.39,2788674.6089,200793628.11,0.0,0.0,0.0,-1.6122449553e-16,1.1153774163e-09,-4.0900915552e-17,-1.9167557076e-15,0.0,0.0,-1.2174153832e-07,0.0,0.0,0.0,0.0,-1.5203822209e-16,0.22396067814,3.5464665989e-10,0.058388215067,-9.1929136131e-10
rae101,ok,,29.930608307,2655440534.2,464306.69903,1788024.3211,111209168.66,2712445.0937,199137659.64,0.0,0.0,0.0,8.37239851e-17,1.1139056887e-09,-1.0310527711e-15,-1.0449351525e-14,0.0,0.0,-6.7419267074e-08,0.0,0.0,0.0,0.0,-1.2010906431e-16,0.2218205719,-2.9936346863e-10,0.031303217346,-4.8517039135e-09
rae100,ok,,29.926496919,2655075772.2,470893.18039,1867744.1757,111253360.29,2757688.966,199180034.85,0.0,0.0,0.0,1.4686480101e-16,1.1012550395e-09,-7.5021726952e-16,-1.1407615575e-14,0.0,0.0,7.5144705581e-09,0.0,0.0,0.0,0.0,1.0147329722e-16,0.21934801714,-3.4362689251e-10,-0.00353851294,-5.3717683787e-09
rae5214,ok,,29.461901095,2613856877.9,462426.26219,1862482.8218,109842251.51,2679417.6629,190638278.57,0.0,0.0,0.0,-3.4206923659e-09,1.0871439178e-09,-3.4356584629e-09,2.5290231524e-08,0.0,0.0,-7.0121209121e-08,0.0,0.0,0.0,0.0,2.0456497813e-09,0.21081926935,0.010321310129,0.032425888634,0.011694867233
rae5212,ok,,30.493214716,2705354917.8,731469.74354,2642511.5467,112536886.25,4332447.8978,209172937.66,0.0,0.0,0.0,-2.6514174995e-09,1.0593478271e-09,-3.5414386686e-09,2.2552376997e-08,0.0,0.0,-7.5596929219e-08,0.0,0.0,0.0,0.0,1.5422359204e-09,0.22528247348,0.012992980698,0.055296866429,0.016496381419
rae5213,ok,,29.468433605,2614436441.5,481764.66598,1947017.2082,109814146.45,2808311.1927,190675755.77,0.0,0.0,0.0,-3.5390039962e-09,1.0889118774e-09,-3.0466527104e-09,2.732243994e-08,0.0,0.0,-6.6770186525e-08,0.0,0.0,0.0,0.0,1.6725831854e-09,0.21079408237,0.010928997339,0.032167516608,0.013162986151
rae2822,ok,,30.064859507,2667351287.0,717563.0517,2641718.5571,111078701.5,4240695.7196,200690827.61,0.0,0.0,0.0,-4.0352407554e-10,1.1009502048e-09,-6.1915802686e-09,5.2017814941e-09,0.0,0.0,-1.1766856669e-07,0.0,0.0,0.0,0.0,3.8073355772e-09,0.2221992906,0.0053002092874,0.084434615801,0.0037326062032
rae5215,ok,,30.254539696,2684179694.2,475216.3734,1822229.901,112675920.69,2757359.299,206220192.69,0.0,0.0,0.0,-3.3876314257e-09,1.0580644912e-09,-4.6159058251e-09,2.6115918767e-08,0.0,0.0,-8.4075927543e-08,0.0,0.0,0.0,0.0,2.6620273528e-09,0.22331017264,0.010980650389,0.039954257378,0.012410712205
raf19,ok,,31.737394675,2815738437.6,373280.28685,4488095.4611,113498595.07,4549791.6497,228811649.59,0.0,0.0,0.0,-1.6296850762e-08,1.5240946883e-09,8.4888946852e-09,3.2759948671e-07,0.0,0.0,1.6998857888e-08,0.0,0.0,0.0,0.0,-7.092011087e-09,0.22803840206,0.066860223315,-0.0063453385486,0.12228643037
raf15,ok,,30.729646874,2726331154.8,213611.19615,858754.8231,113922005.2,1265090.3938,214979081.79,0.0,0.0,0.0,-1.5603281665e-08,1.3254555673e-09,9.598231294e-09,1.3597050088e-07,0.0,0.0,-1.9628073971e-07,0.0,0.0,0.0,0.0,-1.1304649151e-08,0.2369142554,0.016354721022,0.041927763591,0.029044821333
raf25,ok,,29.34541176,2603521955.9,188678.73385,798221.71869,109955110.47,1074520.4366,189367549.09,0.0,0.0,0.0,-6.2111710503e-09,1.153114853e-09,-6.5864409327e-09,6.2341680987e-08,0.0,0.0,-3.4713418102e-07,0.0,0.0,0.0,0.0,1.9345355431e-09,0.22080653718,0.0071330513288,0.06549683775,0.011762549435
raf26,ok,,29.831795671,2646673887.2,198947.0493,876163.5075,111302170.08,1191432.1737,198035916.17,0.0,0.0,0.0,-1.1801928085e-08,1.1125918459e-09,-1.2652498447e-08,1.2045415721e-07,0.0,0.0,-3.8051711133e-07,0.0,0.0,0.0,0.0,2.724230139e-09,0.22791676146,0.014801111213,0.075702756509,0.023963999153
raf27,ok,,30.302139352,2688402730.9,481835.29893,1746146.5426,112349789.96,2773655.1267,206191772.03,0.0,0.0,0.0,-4.4800726106e-18,1.1126649883e-09,-1.7843079381e-15,1.7278997298e-16,0.0,0.0,-9.836532526e-08,0.0,0.0,0.0,0.0,-1.9529905994e-17,0.22942236561,-1.4551224647e-15,0.047395885901,8.3256308283e-11
raf28,ok,,30.339706477,2691735682.3,479030.2487,1821030.149,112338252.51,2848200.2238,206687166.33,0.0,0.0,0.0,-4.7441915447e-09,1.1235581213e-09,-9.3159137879e-10,4.7044209926e-08,0.0,0.0,-1.0079868655e-07,0.0,0.0,0.0,0.0,-9.8641933043e-10,0.22946827308,0.012867814763,0.048285619885,0.022535599581
raf30,ok,,30.723930512,2725823999.8,823202.33177,2913953.9808,113196890.19,4861512.3866,213614998.24,0.0,0.0,0.0,-2.0959036382e-18,1.0753709216e-09,6.6214584128e-15,-3.7914200004e-15,0.0,0.0,-4.485909879e-08,0.0,0.0,0.0,0.0,-9.1172049212e-18,0.22971535752,7.4947513837e-15,0.036928114724,-3.121105785e-09
rae69ck,ok,,30.064859507,2667351287.0,717563.0517,2641718.5571,111078701.5,4240695.7196,200690827.61,0.0,0.0,0.0,-4.0352407554e-10,1.1009502048e-09,-6.1915802686e-09,5.2017814941e-09,0.0,0.0,-1.1766856669e-07,0.0,0.0,0.0,0.0,3.8073355772e-09,0.2221992906,0.0053002092874,0.084434615801,0.0037326062032
raf30md,ok,,29.455546628,2613293110.2,268802.11944,1067895.2315,110053263.66,1522108.0834,190882659.96,0.0,0.0,0.0,-1.3851963001e-17,1.1550293411e-09,1.9023882916e-15,-5.6803191856e-15,0.0,0.0,-2.0300109643e-07,0.0,0.0,0.0,0.0,-6.2827431104e-17,0.22047507295,1.2259819842e-16,0.054567124968,-1.5268818362e-09
raf31,ok,,30.795711701,2732192419.6,832544.38663,3023403.9758,113289980.08,5008713.3775,214804238.22,0.0,0.0,0.0,-2.6665379885e-09,1.0650702816e-09,-2.1693387743e-09,2.8050274889e-08,0.0,0.0,-5.2215591964e-08,0.0,0.0,0.0,0.0,5.8657722047e-10,0.2304624253,0.014033146473,0.043471797984,0.023353098903
raf32md,ok,,30.192868043,2678708191.4,382189.27465,1501339.8111,111507987.7,3292577.3379,203220589.5,0.0,0.0,0.0,-8.0467994768e-09,1.0579283632e-09,8.6243515883e-09,1.1608404345e-07,0.0,0.0,2.7944578316e-07,0.0,0.0,0.0,0.0,1.8700389187e-09,0.22505333569,0.027881493233,-0.10680118117,0.044366076366
raf32,ok,,30.401530451,2697220699.1,624642.20974,2388025.5843,111492062.09,5368654.9752,206079856.04,0.0,0.0,0.0,-6.164767308e-09,1.0365759381e-09,5.9679114749e-09,8.8744555375e-08,0.0,0.0,1.6128354163e-07,0.0,0.0,0.0,0.0,1.4901252153e-09,0.22376681647,0.034888928838,-0.10074450784,0.055433595172
raf69,ok,,31.0431579,2754145821.3,1763782.4497,5569512.3235,112102782.28,13986773.179,216209288.46,0.0,0.0,0.0,-8.4065626396e-10,1.0011763217e-09,1.3404650615e-09,1.1155483175e-08,0.0,0.0,6.5554124608e-08,0.0,0.0,0.0,0.0,1.561676569e-11,0.2165033101,0.011805359507,-0.11562321449,0.019675845443
raf48,ok,,31.175151609,2765856289.7,1170019.1886,4220312.4066,113887384.34,7212946.3783,221354854.22,0.0,0.0,0.0,-3.0686491594e-09,1.0786498343e-09,1.9241338118e-09,2.9612604313e-08,0.0,0.0,-2.7254982361e-08,0.0,0.0,0.0,0.0,-1.8058844287e-09,0.22987461918,0.019143071101,0.031888852346,0.034647315269
raf33,ok,,30.989889908,2749419890.5,830632.80492,3425260.7454,113190836.56,5434191.0703,217332663.65,0.0,0.0,0.0,-6.1559765803e-09,1.274318527e-09,7.2571688348e-09,6.2607908489e-08,0.0,0.0,-4.4221163256e-08,0.0,0.0,0.0,0.0,-6.5586035516e-09,0.22890622135,0.025327415567,0.036731548872,0.052004182638
raf34,ok,,30.758670554,2728906132.8,823244.49626,2998027.2721,113160087.91,4951594.6721,214030377.07,0.0,0.0,0.0,-2.9019267275e-09,1.1175703663e-09,3.8114457642e-09,2.6631648695e-08,0.0,0.0,-4.4302088147e-08,0.0,0.0,0.0,0.0,-3.138718232e-09,0.22948191527,0.010805307347,0.03647145024,0.021924358215
raf38,ok,,30.276169072,2686098650.3,618068.03133,2105970.1044,111609887.68,4937594.9487,204548515.89,0.0,0.0,0.0,-3.7370842645e-09,1.1206539791e-09,9.6960345707e-09,4.9951507959e-08,0.0,0.0,2.0349339375e-07,0.0,0.0,0.0,0.0,-1.4761593799e-09,0.22364405424,0.016823054971,-0.12577276126,0.030873430186
raf6,ok,,30.544333316,2709890154.8,528880.22158,1818350.6645,112964337.18,3640401.6642,210799765.19,0.0,0.0,0.0,-1.0649112699e-08,1.2720043622e-09,8.2292188885e-09,1.0613241996e-07,0.0,0.0,-2.2626215708e-08,0.0,0.0,0.0,0.0,-4.7016155645e-09,0.22963626544,0.03484703726,0.011966557977,0.056131337784
raf6prop_sm,ok,,32.099251042,2847842297.8,881351.67675,3080069.1644,117354540.0,5590582.9776,241888514.84,0.0,0.0,0.0,-9.260948925e-09,1.2730525474e-09,2.4228733266e-09,8.0316379481e-08,0.0,0.0,-8.9464796106e-08,0.0,0.0,0.0,0.0,-5.0092208157e-09,0.24495609106,0.044950355289,0.078849948058,0.070786975726
raf89,ok,,31.59263335,2802895227.5,2662505.2723,8183778.7831,112235259.09,21101096.048,224340909.11,0.0,0.0,0.0,-5.1838938529e-10,9.4414430978e-10,5.8819783362e-10,6.9469988413e-09,0.0,0.0,3.6973710417e-08,0.0,0.0,0.0,0.0,7.3618737747e-11,0.2119902869,0.011267927579,-0.098442698919,0.018496421041
rc0864c,ok,,30.528904961,2708521352.7,351074.86704,1199280.1136,113386629.26,1971039.5764,211199818.49,0.0,0.0,0.0,-3.8326474963e-09,1.1195506099e-09,-3.9436780454e-10,3.2103950397e-08,0.0,0.0,-3.4942790767e-07,0.0,0.0,0.0,0.0,-2.3380573987e-09,0.23271352376,0.0064820010023,0.12267535622,0.011270890117
rc08n1,ok,,29.779499696,2642034193.6,296970.52253,1189181.0894,111081914.59,1738644.8909,196922815.53,0.0,0.0,0.0,-7.2750403947e-09,1.2541772527e-09,7.2930636381e-09,5.8170238873e-08,0.0,0.0,-3.1388315697e-07,0.0,0.0,0.0,0.0,-9.1590357001e-09,0.22409940369,0.0090824075639,0.093214045139,0.017274846234
rc08b3,ok,,30.570159629,2712181462.7,361690.89846,1231927.9038,113482764.97,2031634.8085,211952776.71,0.0,0.0,0.0,-4.1644217597e-09,1.1393421305e-09,1.8446094263e-09,3.4700823268e-08,0.0,0.0,-3.3834675192e-07,0.0,0.0,0.0,0.0,-3.9346873331e-09,0.23441529074,0.0065871290901,0.1223769407,0.012550971945
rc1064c,ok,,30.868170507,2738620957.5,578776.06835,1914095.4476,114193438.61,3265540.3214,217493753.64,0.0,0.0,0.0,-2.348569557e-09,1.0971396816e-09,1.5168208001e-10,1.9643407173e-08,0.0,0.0,-2.0938381304e-07,0.0,0.0,0.0,0.0,-1.5872275537e-09,0.23596696737,0.0064464709132,0.12118634009,0.011369133973
rc10b3,ok,,30.965741633,2747277457.9,591210.37693,1952312.0235,114465250.1,3381876.4207,219399497.07,0.0,0.0,0.0,-3.9433056855e-09,1.1295361557e-09,2.3997896081e-09,3.2812657862e-08,0.0,0.0,-1.9852090721e-07,0.0,0.0,0.0,0.0,-3.8263898131e-09,0.23658202157,0.010276059854,0.11736762038,0.019399183823
rc10n1,ok,,30.314247331,2689476949.5,485519.58325,1801947.4842,112399385.98,2868513.6548,206448984.8,0.0,0.0,0.0,-4.1879751179e-09,1.1723671345e-09,5.0522547007e-09,3.4393080999e-08,0.0,0.0,-1.7560647357e-07,0.0,0.0,0.0,0.0,-5.2931033503e-09,0.22884984422,0.0085405560953,0.085260381865,0.016698514353
rc1264c,ok,,31.159138145,2764435576.9,794811.59855,2356631.9313,114869715.5,4909353.1702,222972588.2,0.0,0.0,0.0,-1.5646294874e-09,1.0712286599e-09,1.3388154007e-09,1.4568342584e-08,0.0,0.0,-6.5268803352e-08,0.0,0.0,0.0,0.0,-1.0245252429e-09,0.23709371952,0.0064889629776,0.051876401927,0.011579087657
rc12b3,ok,,31.287084431,2775786958.4,884517.87005,2881643.608,115106360.78,5149664.7996,225288879.39,0.0,0.0,0.0,-3.2223852383e-09,1.1118020913e-09,2.2705103861e-09,2.8581571545e-08,0.0,0.0,-1.3031669867e-07,0.0,0.0,0.0,0.0,-3.3164670906e-09,0.23800327819,0.012533161068,0.11526744874,0.025280910785
rc410,ok,,30.529825162,2708602992.9,546681.04126,2079707.3957,113062698.24,3235006.1151,210662560.08,0.0,0.0,0.0,-5.2432800811e-09,1.1674481712e-09,6.6956275394e-09,4.6095450114e-08,0.0,0.0,-5.97338896e-08,0.0,0.0,0.0,0.0,-5.617610359e-09,0.22578187864,0.012863224081,0.032655384965,0.025199508666
rc12n1,ok,,30.716549367,2725169145.4,722258.63205,2564466.5372,113307544.5,4303886.4252,213694921.89,0.0,0.0,0.0,-2.533570878e-09,1.1204894932e-09,3.3788444115e-09,2.1534645752e-08,0.0,0.0,-1.1021379221e-07,0.0,0.0,0.0,0.0,-3.2133338102e-09,0.23190854537,0.0076984499981,0.079602862794,0.015553583783
rc510,ok,,30.443298663,2700926370.6,516746.98049,1957846.9365,112789737.77,3068214.6119,208949562.32,0.0,0.0,0.0,-5.8020930662e-09,1.1991503082e-09,6.499368281e-09,4.9564148138e-08,0.0,0.0,-1.0880827788e-07,0.0,0.0,0.0,0.0,-6.3008685863e-09,0.22702929882,0.013418133257,0.056226349048,0.025612123891
rcsc2,ok,,31.031227707,2753087375.8,612249.14071,1959498.6667,114813516.65,3419785.6765,221004199.91,0.0,0.0,0.0,-1.1332235583e-09,1.0619380048e-09,-2.2506661543e-09,1.0255104354e-08,0.0,0.0,-1.6432292317e-07,0.0,0.0,0.0,0.0,7.2372207006e-10,0.23531114921,0.0044577984915,0.10060656851,0.0062786788283
rg12a189,ok,,29.841906997,2647570963.0,414263.03679,1591584.8251,110932175.18,2394059.2582,197465529.83,0.0,0.0,0.0,-5.9841528849e-09,1.1400227883e-09,-1.616809717e-09,4.849405438e-08,0.0,0.0,-1.5161664882e-07,0.0,0.0,0.0,0.0,-1.1413647118e-09,0.22188461197,0.013720221779,0.062809173369,0.020089294234
rg12,ok,,29.896818356,2652442693.2,442344.29652,1673262.6362,111073949.73,2547877.2753,198443920.0,0.0,0.0,0.0,-4.198106928e-09,1.1255811729e-09,-1.8502900276e-09,3.5038006048e-08,0.0,0.0,-1.396031655e-07,0.0,0.0,0.0,0.0,-3.5074749282e-10,0.22262006008,0.010497322742,0.061752664036,0.015498862137
rg12a,ok,,29.841907187,2647570979.9,414258.44796,1591604.5445,110932102.39,2394098.6226,197465402.13,0.0,0.0,0.0,-5.984174482e-09,1.1400350147e-09,-1.6153673983e-09,4.8498024769e-08,0.0,0.0,-1.5159534778e-07,0.0,0.0,0.0,0.0,-1.1421659508e-09,0.22188454884,0.013720073769,0.062799653489,0.02009071647
rg14,ok,,29.805209667,2644315179.6,363913.13132,1413271.9732,110898311.9,2094664.7117,196914542.26,0.0,0.0,0.0,-5.8058325744e-09,1.1466810271e-09,-8.7765485479e-10,4.9927235397e-08,0.0,0.0,-1.5528399046e-07,0.0,0.0,0.0,0.0,-1.5286853325e-09,0.22213503866,0.011450096401,0.056509883214,0.018169176572
rg149,ok,,29.956173623,2657708686.5,417510.97151,1584804.5922,111311569.71,2404523.0267,199654033.92,0.0,0.0,0.0,-5.1156517044e-09,1.1356870856e-09,-2.556117304e-10,4.3393124311e-08,0.0,0.0,-1.2654265447e-07,0.0,0.0,0.0,0.0,-1.5145994146e-09,0.22302178206,0.011488635945,0.052832946605,0.018117105488
rg1410,ok,,30.192383782,2678665227.9,526530.97239,1945316.8215,111905964.39,3048459.1393,203905937.41,0.0,0.0,0.0,-4.0330562773e-09,1.1171389281e-09,1.079158911e-11,3.4428005042e-08,0.0,0.0,-9.4434861435e-08,0.0,0.0,0.0,0.0,-1.2352171052e-09,0.22469136203,0.011448694748,0.049722879419,0.018127410972
rg1495,ok,,30.078035528,2668520262.3,470475.89783,1760373.8589,111620575.59,2716697.7425,201843162.42,0.0,0.0,0.0,-4.52668963e-09,1.126189553e-09,-1.0166091988e-10,3.8521421628e-08,0.0,0.0,-1.0882931371e-07,0.0,0.0,0.0,0.0,-1.3647205941e-09,0.2239229895,0.01146760533,0.05120156908,0.018123400426
rg14a147,ok,,29.335087052,2602605948.8,236047.62726,970430.09649,109688790.73,1340241.3254,188706235.9,0.0,0.0,0.0,-8.2156402181e-09,1.1834333396e-09,-1.042335882e-09,6.7748214985e-08,0.0,0.0,-2.6497096008e-07,0.0,0.0,0.0,0.0,-2.6094104854e-09,0.21789658042,0.010249030199,0.062545766422,0.015991805398
rg15,ok,,29.695867831,2634614383.0,393345.96733,1568613.4064,110512304.29,2293728.1783,194814192.59,0.0,0.0,0.0,-5.9067225462e-09,1.1228773979e-09,-3.1965982403e-09,5.148221716e-08,0.0,0.0,-1.230457313e-07,0.0,0.0,0.0,0.0,3.8166962834e-10,0.21975967187,0.013740814412,0.048399542206,0.020250322509
rg15a111,ok,,30.196491252,2679029642.1,620469.91358,2335621.2291,111726295.29,3659267.7898,203651040.84,0.0,0.0,0.0,-3.8495316014e-09,1.0984112536e-09,-1.3437204664e-09,3.3408501896e-08,0.0,0.0,-6.6706093887e-08,0.0,0.0,0.0,0.0,-8.5709593489e-11,0.22344669553,0.014016387839,0.041389124309,0.020728970284
rg15a213,ok,,30.618097318,2716434489.5,886962.47327,3258279.6929,112627252.45,5331102.5876,211107525.91,0.0,0.0,0.0,-3.7000851791e-09,1.0708683123e-09,-1.0038061961e-09,3.2535297546e-08,0.0,0.0,-4.329436519e-08,0.0,0.0,0.0,0.0,-2.0281534099e-10,0.22522352347,0.019482038746,0.038400477228,0.02885758798
rg8,ok,,30.151721599,2675057683.0,575847.64004,2232629.822,111603898.89,3438683.8437,202827144.21,0.0,0.0,0.0,-4.5009543541e-09,1.0684206034e-09,-4.8244890364e-09,4.1439895395e-08,0.0,0.0,-6.5075006436e-08,0.0,0.0,0.0,0.0,2.1764552277e-09,0.22352474195,0.017151227106,0.037473288882,0.023863065966
rhodesg30,ok,,30.251222885,2683885427.0,486850.42737,2032232.0358,111907850.87,2996963.2251,204730879.29,0.0,0.0,0.0,-1.4216755119e-08,1.5739206678e-09,1.2106542395e-08,1.1498933657e-07,0.0,0.0,-6.685020122e-08,0.0,0.0,0.0,0.0,-1.1065635519e-08,0.22534469896,0.035173220731,0.032546049034,0.055982607653
rhodesg32,ok,,30.783516925,2731110500.3,750810.38101,3007110.1664,113063077.32,4715182.4125,214238243.35,0.0,0.0,0.0,-1.099217246e-08,1.5097664966e-09,1.0438062978e-08,9.1297493636e-08,0.0,0.0,-3.8761942985e-08,0.0,0.0,0.0,0.0,-8.6118206162e-09,0.2272778862,0.042673253726,0.029102869181,0.068547105982
rhodesg34,ok,,31.24391951,2771957371.0,1061696.8434,4140749.523,113891220.15,6806277.9269,222383553.1,0.0,0.0,0.0,-8.959716972e-09,1.4620068543e-09,9.3110263484e-09,7.6261417017e-08,0.0,0.0,-2.4678142784e-08,0.0,0.0,0.0,0.0,-7.0980152218e-09,0.22808204448,0.05008432392,0.026200706296,0.080966505721
s1010,ok,,29.046315037,2576986124.9,178657.86228,745945.28227,109017826.52,973679.53921,183936229.73,0.0,0.0,0.0,-6.0207223691e-16,1.1547284124e-09,-2.5189613705e-15,4.0075326144e-15,0.0,0.0,-1.8610801061e-07,0.0,0.0,0.0,0.0,-1.4126356354e-15,0.21239639054,2.940838652e-10,0.033249659328,7.1597720989e-10
rhodesg36,ok,,31.389811088,2784900857.0,1446646.2312,5540333.4664,113582751.73,9333636.5695,223946222.82,0.0,0.0,0.0,-7.5224701733e-09,1.4146635758e-09,7.3839389064e-09,6.41111563e-08,0.0,0.0,-2.3387866731e-08,0.0,0.0,0.0,0.0,-5.841387032e-09,0.22397437475,0.058181669286,0.033833969263,0.092746162639
s1012,ok,,30.349321325,2692588710.7,862083.86049,2963477.0701,111987062.91,4926570.2608,206221220.01,0.0,0.0,0.0,-1.8491909417e-16,1.0816134883e-09,-2.9807660994e-16,5.1009680593e-16,0.0,0.0,-1.1221805578e-07,0.0,0.0,0.0,0.0,-3.8761691754e-16,0.22305165314,4.8507257079e-10,0.096741374743,4.3974622368e-10
s1014,ok,,30.867188014,2738533790.9,1609126.7716,5357371.2046,112482005.11,9504565.6481,214366216.33,0.0,0.0,0.0,6.8542922137e-17,1.048874575e-09,1.6074004775e-15,5.194958727e-15,0.0,0.0,-7.3910245397e-08,0.0,0.0,0.0,0.0,3.4881825815e-16,0.22484327405,9.3967050545e-11,0.11893095457,8.3593471653e-09
s1016,ok,,31.081372604,2757536226.0,1861166.2375,112943575.58,6104891.2741,11001767.219,218300925.7,0.0,0.0,0.0,1.6414195498e-17,1.0301991572e-09,1.7862744726e-17,-2.2418971149e-16,0.0,0.0,-5.9325088771e-08,0.0,0.0,0.0,0.0,3.393117137e-17,0.22489342968,-9.663179996e-11,0.11041385226,-4.1725432181e-10
s1020,ok,,31.08293132,2757674515.1,1160862.5587,4444137.2499,113112774.45,7467808.9418,218579832.14,0.0,0.0,0.0,-4.6805310908e-09,1.0148737893e-09,-4.8496440644e-09,4.9152083984e-08,0.0,0.0,-5.6272115225e-08,0.0,0.0,0.0,0.0,9.8666163377e-10,0.22935665523,0.036645317754,0.065324191661,0.057058813978
s102b,ok,,30.629253114,2717424230.7,1117896.0708,4055534.8112,112262336.03,6782274.399,210566770.09,0.0,0.0,0.0,-2.3343044559e-09,1.0617605619e-09,-2.0820628643e-09,1.8679285024e-08,0.0,0.0,-6.8155110598e-08,0.0,0.0,0.0,0.0,4.5004574352e-10,0.2250696441,0.016519040043,0.076190330346,0.020881499335
s1091,ok,,29.274944875,2597270141.0,72650.449281,1691979.1996,109673611.59,1062679.1643,188847084.9,0.0,0.0,0.0,-4.1224267053e-08,1.2962115633e-09,-4.9814752272e-08,9.7508917102e-07,0.0,0.0,-7.3258873798e-07,0.0,0.0,0.0,0.0,-4.1112745104e-09,0.21076831658,0.042888153395,0.053222900952,0.070840666363
s2027,ok,,30.220954567,2681200024.9,1026265.9205,4007226.1633,110778156.95,6337192.2079,202305939.02,0.0,0.0,0.0,-3.3696013639e-09,1.098449106e-09,5.213068095e-10,3.164251384e-08,0.0,0.0,-3.1505972398e-08,0.0,0.0,0.0,0.0,-1.0686922529e-09,0.21759550145,0.019881085603,0.032333505765,0.032473633594
s1046,ok,,30.853761282,2737342572.5,1391811.6592,5185664.7104,112421465.17,8633449.1018,214039774.37,0.0,0.0,0.0,7.2626611322e-19,1.0359393559e-09,-4.3410905531e-16,2.4492268044e-16,0.0,0.0,-2.5490436875e-09,0.0,0.0,0.0,0.0,-5.0572919138e-18,0.221732226,-1.5951425666e-11,0.003547788724,3.4088624223e-10
s102s,ok,,30.433354076,2700044087.9,1118569.0485,4059682.7396,111412286.01,6780062.7881,206306952.79,0.0,0.0,0.0,-2.3306650276e-09,1.0674921283e-09,-2.1861952033e-09,1.8524302791e-08,0.0,0.0,-6.8471862904e-08,0.0,0.0,0.0,0.0,5.1150697905e-10,0.22189585981,0.016571807127,0.07659050654,0.020720711748
s1048,ok,,30.397837246,2696893038.3,924389.70702,3527039.4037,111783647.93,5612927.3848,206514928.37,0.0,0.0,0.0,-1.761441339e-16,1.0761827433e-09,-9.9400431111e-16,7.7459032433e-17,0.0,0.0,-8.6583320612e-09,0.0,0.0,0.0,0.0,-2.9297589868e-16,0.22224780213,6.2320829127e-10,0.0080036730374,7.1602332296e-11
s2046,ok,,28.747161967,2550445294.9,372940.1433,1734703.1971,107661226.05,2236566.7792,178028208.47,0.0,0.0,0.0,-7.9505193232e-09,1.0625044568e-09,-6.6880912175e-09,7.3930433218e-08,0.0,0.0,-4.8761783343e-08,0.0,0.0,0.0,0.0,4.3078715175e-09,0.20277529731,0.01973743113,0.018185226467,0.027571626358
s2048,ok,,29.651246126,2630655549.9,373214.07292,1477322.5931,110305225.32,2174184.6988,193848383.17,0.0,0.0,0.0,-6.5494663966e-09,1.1071428742e-09,-6.4322664343e-09,5.8518106621e-08,0.0,0.0,-1.7719484082e-07,0.0,0.0,0.0,0.0,1.8011034935e-09,0.21958620809,0.015099868388,0.066131608245,0.021839780912
s2060,ok,,29.353913982,2604276272.1,311468.85747,1309718.2522,109559222.95,1816231.3034,188731412.54,0.0,0.0,0.0,-6.9810728403e-09,1.1123272249e-09,-5.7617736143e-09,6.6432101815e-08,0.0,0.0,-1.3561251091e-07,0.0,0.0,0.0,0.0,2.1073940033e-09,0.21497091664,0.013502247154,0.042239073831,0.020691530851
s2062,ok,,29.370584615,2605755289.1,312687.49845,1297941.0928,109592016.94,1813268.7546,188991783.49,0.0,0.0,0.0,-6.699149192e-09,1.122034453e-09,-5.2703262403e-09,6.3109898068e-08,0.0,0.0,-1.5021402762e-07,0.0,0.0,0.0,0.0,1.6090751741e-09,0.21574750537,0.012776951155,0.04697004853,0.019733676155
s2055,ok,,29.771918664,2641361605.2,340449.04993,1290676.1203,110732649.77,1943600.8544,196164589.6,0.0,0.0,0.0,-6.635636196e-09,1.1482767432e-09,-3.4013439541e-09,5.7134224681e-08,0.0,0.0,-2.5407343573e-07,0.0,0.0,0.0,0.0,-1.1669989811e-09,0.22229762796,0.012392881493,0.086499059806,0.019451292511
s3,ok,,29.872668436,2650300114.7,585268.22677,2327925.1421,110779356.96,3462093.858,197645790.59,0.0,0.0,0.0,-4.1477938448e-09,1.1743938556e-09,6.0961006607e-09,2.9215014513e-08,0.0,0.0,-2.659737694e-08,0.0,0.0,0.0,0.0,-4.5944548076e-09,0.21901421221,0.01087911892,0.015566599638,0.017098619739
s2091,ok,,29.285516898,2598208089.9,476579.6487,2311174.5019,108629950.35,3060148.761,186311450.55,0.0,0.0,0.0,-9.556684254e-09,1.1600929918e-09,8.5232875048e-10,9.7243854793e-08,0.0,0.0,-2.5727790566e-08,0.0,0.0,0.0,0.0,-1.7599878615e-09,0.20654266668,0.028133302607,0.01226134139,0.046344442155
s3014,ok,,29.659460613,2631384338.2,443618.02418,1871682.6399,110179360.3,2672987.5065,193766648.15,0.0,0.0,0.0,-7.4106380009e-09,1.1806119068e-09,1.6928066424e-09,6.9890110293e-08,0.0,0.0,-8.0994455716e-08,0.0,0.0,0.0,0.0,-3.1161429854e-09,0.21678662851,0.018004104477,0.035930600415,0.031004512638
s3010,ok,,29.22276411,2592640668.9,491144.42842,2218016.1686,108599470.0,3013232.4442,185444558.62,0.0,0.0,0.0,-7.2348183052e-09,1.1656237839e-09,2.6879978142e-09,6.8238371556e-08,0.0,0.0,-3.7664532019e-09,0.0,0.0,0.0,0.0,-2.2748994318e-09,0.20695146678,0.020382551778,0.001849872505,0.033514895994
s3002,ok,,29.23853769,2594040099.2,495799.54343,2136387.7306,108781390.05,2971245.2834,185970445.82,0.0,0.0,0.0,-7.9531379548e-09,1.1245093266e-09,-2.3519485281e-09,6.9791645674e-08,0.0,0.0,-7.818523849e-08,0.0,0.0,0.0,0.0,-4.0010879061e-10,0.20736687587,0.023384235052,0.038764205546,0.03460266606
s3016,ok,,29.616188675,2627545256.3,444564.27553,1843449.6591,110107153.18,2641968.0417,193074287.5,0.0,0.0,0.0,-6.1466544083e-09,1.1642993257e-09,1.9774383544e-09,5.7036565481e-08,0.0,0.0,-6.6318270978e-08,0.0,0.0,0.0,0.0,-2.6796050641e-09,0.21638324746,0.014708141665,0.029482734092,0.025356419412
s3021,ok,,29.943132287,2656551660.5,431607.18196,1837333.4411,110976617.88,2662029.744,198895647.69,0.0,0.0,0.0,-8.4129704951e-09,1.190146706e-09,2.2266020153e-09,8.107311995e-08,0.0,0.0,-6.8518202862e-08,0.0,0.0,0.0,0.0,-3.4868700811e-09,0.2211624719,0.020344490825,0.02957294845,0.034991740834
s3024,ok,,29.89778472,2652528428.9,500519.34696,2128271.4836,110596479.34,3108464.637,197632715.37,0.0,0.0,0.0,-8.4528124626e-09,1.1582659272e-09,-2.3956740997e-09,8.3939540495e-08,0.0,0.0,-1.1774874948e-07,0.0,0.0,0.0,0.0,-1.8901801209e-09,0.21908778432,0.024988882112,0.058935527195,0.042013363992
s3025,ok,,29.988202103,2660550249.9,426388.44273,1891233.7756,111036630.56,2698792.4326,199613432.68,0.0,0.0,0.0,-1.0011772111e-08,1.1803079687e-09,9.9111659281e-12,9.9426170223e-08,0.0,0.0,-8.2027356432e-08,0.0,0.0,0.0,0.0,-2.7178895799e-09,0.22093355342,0.025400528232,0.03497551677,0.042394169888
s4053,ok,,30.059634229,2666887700.9,393961.87637,1650712.1736,111459592.14,2423980.9428,201314721.2,0.0,0.0,0.0,-9.170478724e-09,1.1573219692e-09,-2.471062508e-09,8.9589150926e-08,0.0,0.0,-1.4426890708e-07,0.0,0.0,0.0,0.0,-1.9713345006e-09,0.22415876753,0.021158417117,0.056836449335,0.035294710001
s4061,ok,,29.216778861,2592109658.1,441280.94031,2147320.6847,108431046.54,2835886.5363,185083658.82,0.0,0.0,0.0,-9.8668394916e-09,1.1399549996e-09,-2.8005331552e-09,1.0335102701e-07,0.0,0.0,-7.5125295884e-08,0.0,0.0,0.0,0.0,-6.0662426343e-10,0.20784478003,0.027623761266,0.033151361209,0.045606838379
s4062,ok,,29.514352855,2618510392.7,465318.8746,2171479.5188,109282409.9,2983409.4547,190328841.73,0.0,0.0,0.0,-9.6804091379e-09,1.0998888602e-09,-7.0970022615e-09,1.0283884303e-07,0.0,0.0,-1.3035952449e-07,0.0,0.0,0.0,0.0,6.0627390525e-10,0.21267245295,0.029265395546,0.06065874723,0.047852854703
s4094,ok,,31.836247407,2824508641.9,504503.67798,1721901.2815,117410292.58,3061930.2434,237907580.61,0.0,0.0,0.0,-6.1821667614e-09,1.1274588577e-09,6.4306469552e-09,5.7911973859e-08,0.0,0.0,-2.2482032955e-08,0.0,0.0,0.0,0.0,-4.2507012719e-09,0.24904219642,0.015690684946,0.011342268314,0.029216803811
s4083,ok,,29.726670155,2637347162.1,252439.45154,1396159.5681,111005961.65,1681043.5003,196315065.69,0.0,0.0,0.0,-1.5959489179e-08,1.2108294463e-09,6.8886587781e-09,1.6320875178e-07,0.0,0.0,7.7753634649e-08,0.0,0.0,0.0,0.0,-3.5282644718e-09,0.21911276144,0.025529907278,-0.019628084886,0.041200327787
s4095,ok,,32.025040277,2841258326.3,549234.65283,1747289.6331,118116046.64,3179670.5824,242207686.49,0.0,0.0,0.0,-6.0069892427e-09,1.1239572731e-09,3.8261323907e-09,5.1833548915e-08,0.0,0.0,-1.2381338312e-07,0.0,0.0,0.0,0.0,-4.3052775797e-09,0.25226219669,0.01564991019,0.068002600491,0.028468781243
s4110,ok,,29.484108315,2615827100.2,338724.5468,1563232.3512,109822424.01,2093293.9981,190896003.46,0.0,0.0,0.0,-1.0768205565e-08,1.0975155033e-09,-4.5759129981e-09,1.0658064492e-07,0.0,0.0,-8.5226584804e-08,0.0,0.0,0.0,0.0,1.0744663278e-09,0.21413367023,0.023022761704,0.028868336313,0.03610148065
s4310,ok,,29.866264718,2649731977.5,587471.32292,2600336.3139,110211978.92,3743621.2734,196553004.76,0.0,0.0,0.0,-8.3882024761e-09,1.1801075361e-09,3.5180059577e-10,8.3734946633e-08,0.0,0.0,-6.4053986143e-08,0.0,0.0,0.0,0.0,-2.657493768e-09,0.215527674,0.029260996458,0.037629879978,0.049191879873
s4233,ok,,30.156308377,2675464621.5,923427.22285,3647079.7152,110677205.17,5725485.3443,201245456.5,0.0,0.0,0.0,-4.19089255e-09,1.1008566846e-09,-1.3309639602e-09,4.1413567924e-08,0.0,0.0,-5.6503461333e-08,0.0,0.0,0.0,0.0,-6.0476984257e-10,0.21861932107,0.023238189203,0.05217683438,0.038242416016
s4096,ok,,32.469696312,2880708164.6,1078716.7287,3072597.8821,119204077.32,6035403.4944,251391210.09,0.0,0.0,0.0,-2.8281276052e-09,1.0524485821e-09,-3.669113012e-10,2.2830148258e-08,0.0,0.0,-1.5282160351e-07,0.0,0.0,0.0,0.0,-1.8291551217e-09,0.25669443169,0.014236842503,0.16485122021,0.024627262843
s5010,ok,,28.923276299,2566070140.6,428401.34899,1976590.6459,108016548.39,2596997.1841,180762681.16,0.0,0.0,0.0,-6.5974892137e-09,1.2627967058e-09,9.2011059267e-09,6.0059143156e-08,0.0,0.0,-6.1185018203e-09,0.0,0.0,0.0,0.0,-7.6015572648e-09,0.20463324195,0.013099131917,0.0026211744336,0.025729417947
s4320,ok,,28.980010086,2571103556.4,404341.4614,2157981.7284,107756242.49,2683257.6567,181039486.81,0.0,0.0,0.0,-1.2482242963e-08,1.1889360032e-09,-3.7238197787e-10,1.2966220611e-07,0.0,0.0,-4.69478935e-08,0.0,0.0,0.0,0.0,-1.9392152753e-09,0.20347988269,0.032435175321,0.018982979867,0.052427805905
s6062,ok,,29.000079576,2572884119.6,299180.644,1279313.4855,108394104.87,1736024.3193,182258721.73,0.0,0.0,0.0,-6.7980969886e-09,1.1709218594e-09,-1.4563283896e-09,6.2300275769e-08,0.0,0.0,-1.6134320945e-07,0.0,0.0,0.0,0.0,-1.3049460957e-09,0.21060273421,0.011324617118,0.048270765308,0.018639036626
s6061,ok,,29.306756088,2600092428.6,397009.75757,1630021.8769,109137598.65,2322740.9627,187381561.5,0.0,0.0,0.0,-5.6767875645e-09,1.1607276463e-09,-7.6220856408e-10,5.1807566903e-08,0.0,0.0,-1.3048311608e-07,0.0,0.0,0.0,0.0,-1.5080856967e-09,0.21377014118,0.012437047728,0.051803070282,0.020568109576
s6063,ok,,28.580656292,2535672928.4,218427.39645,995787.0458,107330727.77,1258113.6069,175376389.68,0.0,0.0,0.0,-8.3692448206e-09,1.1794670653e-09,-2.2962383601e-09,7.6364002468e-08,0.0,0.0,-1.7572723621e-07,0.0,0.0,0.0,0.0,-6.3722040882e-10,0.20567383855,0.010364579672,0.03838364269,0.016679990242
s7055,ok,,30.21030154,2680254889.4,562155.87697,2327654.9537,111547535.36,3507102.4869,203524497.77,0.0,0.0,0.0,-7.6025824788e-09,1.1740610856e-09,-1.9574457143e-10,7.5173865818e-08,0.0,0.0,-9.8886356692e-08,0.0,0.0,0.0,0.0,-2.884065029e-09,0.22327470268,0.024407217776,0.055589546567,0.042259430464
s7075,ok,,29.671387017,2632442447.7,415764.48094,1749011.9171,110287622.03,2497741.7056,194115846.07,0.0,0.0,0.0,-8.8868710866e-09,1.0928377737e-09,-6.4233916909e-09,8.4086311061e-08,0.0,0.0,-1.3841728882e-07,0.0,0.0,0.0,0.0,1.0704850366e-09,0.21674810985,0.022776813543,0.057548992238,0.034960101473
s8021,ok,,29.263827189,2596283781.1,263309.01999,1111516.6897,109702549.43,1494782.9376,187902944.04,0.0,0.0,0.0,6.3877615989e-19,1.1443803302e-09,-3.3943794872e-15,-8.3271607289e-15,0.0,0.0,-5.1490877437e-08,0.0,0.0,0.0,0.0,7.9213329019e-18,0.21503243315,1.5912970775e-12,0.013558012476,-2.1926165308e-09
s8036,ok,,31.397641864,2785595602.6,1372727.3786,4586060.8066,114580824.99,8319293.0254,225902928.78,0.0,0.0,0.0,-1.8128293703e-09,1.0472620831e-09,9.5865873466e-10,1.5576304209e-08,0.0,0.0,-4.2180016355e-08,0.0,0.0,0.0,0.0,-1.084743152e-09,0.2328639058,0.012981123563,0.057901663278,0.021382019245
s8023,ok,,28.203972252,2502253558.4,201107.20025,107461838.62,1164158.8062,1189241.4657,172168566.71,0.0,0.0,0.0,1.633993573e-17,1.1417399815e-09,-8.9689211058e-16,-1.0805699822e-14,0.0,0.0,4.3108828124e-07,0.0,0.0,0.0,0.0,9.5350673667e-17,0.19657173618,2.8581179742e-12,-0.086694957303,-2.173104038e-09
s8035,ok,,30.958205281,2746608833.6,1008385.941,3577208.4916,113686563.55,6043954.6254,217867100.13,0.0,0.0,0.0,-1.3529567085e-14,1.0477500432e-09,6.0882237892e-14,-3.8760210165e-14,0.0,0.0,-1.3784871993e-08,0.0,0.0,0.0,0.0,-3.4331294639e-14,0.22827026358,3.4406743299e-08,0.013900471116,-3.9085250999e-08
s8025,ok,,28.545460496,2532550360.9,259442.26056,1256217.215,107633543.49,1508821.6988,175688164.09,0.0,0.0,0.0,-2.3878305542e-09,1.1625404806e-09,4.4355607637e-09,1.6673528289e-08,0.0,0.0,1.3245642509e-07,0.0,0.0,0.0,0.0,-3.4321281723e-09,0.2020666398,0.002556483782,-0.03436479435,0.0043258178707
s8037,ok,,31.425444974,2788062291.8,1366628.685,4641274.7472,114562047.59,8370648.6272,226275729.44,0.0,0.0,0.0,-2.5145100146e-09,1.0649258379e-09,1.7352325664e-09,2.2405011926e-08,0.0,0.0,-4.0022915046e-08,0.0,0.0,0.0,0.0,-1.7373091251e-09,0.23263971168,0.017668820125,0.054696463761,0.030619331986
s8038,ok,,30.862297013,2738099861.7,877428.9088,3089780.8523,113594112.01,5215852.8711,216311601.37,0.0,0.0,0.0,-1.4868495103e-09,1.0671387331e-09,6.9619396617e-10,1.1501752585e-08,0.0,0.0,-3.9696351109e-08,0.0,0.0,0.0,0.0,-6.759841421e-10,0.22969755912,0.0069454013393,0.034830726037,0.01009197022
s8052,ok,,30.054026656,2666390197.6,736077.89223,2776873.0244,111074446.47,4350211.1773,200569904.8,0.0,0.0,0.0,-2.9338444612e-09,1.1107904135e-09,7.8918737506e-10,2.5354080615e-08,0.0,0.0,-6.6947860563e-08,0.0,0.0,0.0,0.0,-1.3738734731e-09,0.2192660933,0.011452786702,0.049278840092,0.018662578219
s8055,ok,,30.316687433,2689693435.1,793605.29435,2884193.129,111830629.29,4668345.1019,205490678.39,0.0,0.0,0.0,-3.4824687163e-09,1.1058542632e-09,-1.6354162309e-10,3.074489271e-08,0.0,0.0,-8.9419388057e-08,0.0,0.0,0.0,0.0,-1.3082893113e-09,0.22286341805,0.014896785818,0.070963699779,0.024399309628
s8064,ok,,30.368555702,2694295182.7,844472.85517,2921774.4502,111941103.9,4903380.1861,206391092.11,0.0,0.0,0.0,-1.6349415906e-09,1.0946776649e-09,-2.4409349578e-09,1.6157952127e-08,0.0,0.0,-1.3924111819e-07,0.0,0.0,0.0,0.0,3.5808875652e-10,0.22652349311,0.0084145069877,0.11758534463,0.013644951967
s8065,ok,,30.147471674,2674680630.1,655882.7095,2330015.0702,111506853.15,3785901.4251,202582248.86,0.0,0.0,0.0,-2.1222701366e-09,1.1066413682e-09,-2.7838034867e-09,2.0739675026e-08,0.0,0.0,-1.6268951835e-07,0.0,0.0,0.0,0.0,3.9077929317e-10,0.22482146405,0.008367336736,0.10670524211,0.01360279425
s8066,ok,,29.913994045,2653966518.6,526647.77416,1920358.7845,110977501.23,3019780.1852,198495641.93,0.0,0.0,0.0,-2.1292995715e-09,1.1163045725e-09,-2.8342781763e-09,2.0226217866e-08,0.0,0.0,-1.7830228653e-07,0.0,0.0,0.0,0.0,6.34914236e-10,0.22239112584,0.0068564330718,0.093902502328,0.010652092619
s9032,ok,,29.559387292,2622505843.4,370193.21737,1541147.0681,110249825.84,2152285.7545,192601439.93,0.0,0.0,0.0,-2.2900153081e-14,1.1181193663e-09,8.6146250219e-14,-6.9759499733e-14,0.0,0.0,3.580268363e-08,0.0,0.0,0.0,0.0,-6.1302389035e-14,0.21535139997,2.0874153842e-08,-0.013253910643,-2.5824493648e-08
s9026,ok,,29.725133448,2637210825.6,430011.0295,1721825.2837,110625700.31,2495740.0857,195403974.81,0.0,0.0,0.0,-2.0622450788e-14,1.1116394386e-09,8.8456699661e-14,-6.1811864052e-14,0.0,0.0,5.5617024557e-11,0.0,0.0,0.0,0.0,-5.4796115977e-14,0.21721876486,2.176212019e-08,-2.3915933988e-05,-2.6579783297e-08
s9027,ok,,29.28077907,2597787750.2,285910.21732,1235198.8364,109610516.74,1642855.4081,187948189.25,0.0,0.0,0.0,-2.58743741e-14,1.1305679219e-09,9.9145323007e-14,-8.0235174416e-14,0.0,0.0,5.9614586225e-08,0.0,0.0,0.0,0.0,-7.008391981e-14,0.21248819375,1.8042443596e-08,-0.017044419303,-2.2940056154e-08
sa7025,ok,,29.381296259,2606705625.0,303315.7976,1481146.965,109270273.37,1938904.1231,188587114.92,0.0,0.0,0.0,-1.3662702055e-08,1.1424994055e-09,-6.5212378844e-09,1.3927618794e-07,0.0,0.0,-1.5675284423e-07,0.0,0.0,0.0,0.0,-2.005786475e-10,0.21445858317,0.026407269846,0.047545613975,0.042244668031
sa7026,ok,,29.718597348,2636630943.4,406392.57774,1851378.9147,110143064.57,2583191.9657,194477153.1,0.0,0.0,0.0,-1.0781600584e-08,1.1225687914e-09,-7.7648158972e-09,1.1102696168e-07,0.0,0.0,-1.6884816023e-07,0.0,0.0,0.0,0.0,4.4432556419e-11,0.21855464307,0.027876029604,0.06861863908,0.045120533153
s9037,ok,,29.616423265,2627566069.1,392768.83905,1789671.4453,109942480.04,2460961.1372,192795479.77,0.0,0.0,0.0,-1.0762959835e-08,1.1769397246e-09,-9.5108881198e-10,1.0532331217e-07,0.0,0.0,-8.9203085685e-08,0.0,0.0,0.0,0.0,-2.2095795673e-09,0.21561838507,0.025315518302,0.035036192404,0.041367715045
s9033,ok,,28.836629309,2558382828.4,234644.24068,1098836.5794,108500146.88,1350741.28,180624425.95,0.0,0.0,0.0,-3.0023094176e-14,1.1430675616e-09,1.0781372648e-13,-9.3382422945e-14,0.0,0.0,1.409466011e-07,0.0,0.0,0.0,0.0,-8.318227452e-14,0.20646592214,1.7355389919e-08,-0.033072308192,-2.1911647725e-08
sa7035,ok,,29.520724286,2619075665.4,407560.99443,1727986.3423,109707062.19,2448610.4099,191122221.03,0.0,0.0,0.0,-8.08768064e-09,1.153068158e-09,-6.5358509835e-10,7.4275324381e-08,0.0,0.0,-7.9357902739e-08,0.0,0.0,0.0,0.0,-1.3709870115e-09,0.21518537731,0.019081416715,0.032343185756,0.030271725067
sa7036,ok,,29.535958073,2620427205.4,407882.8268,1754131.6824,109726355.09,2471979.9278,191356720.87,0.0,0.0,0.0,-8.6631235425e-09,1.1497778892e-09,-1.0537505558e-09,8.0848659647e-08,0.0,0.0,-7.7683335925e-08,0.0,0.0,0.0,0.0,-1.2089590001e-09,0.21506152208,0.020772539292,0.031685698652,0.032976779839
sa7038,ok,,29.561611947,2622703214.6,408317.59158,1812465.9677,109741747.17,2521298.8882,191724663.89,0.0,0.0,0.0,-9.7327501786e-09,1.1413435916e-09,-1.9111839246e-09,9.3571541159e-08,0.0,0.0,-7.6647393535e-08,0.0,0.0,0.0,0.0,-8.6810129671e-10,0.214738442,0.024069281822,0.031296479129,0.038206906327
saratov,ok,,30.319041464,2689902284.5,277331.79973,4510849.2936,108921045.61,3768240.0936,200195635.3,0.0,0.0,0.0,-1.4415219319e-08,9.9323245654e-10,-1.6665180804e-08,3.6887216612e-07,0.0,0.0,-1.499273092e-07,0.0,0.0,0.0,0.0,1.4882022388e-09,0.21501807552,0.055527587803,0.041579610489,0.1022999817
sc1012r8,ok,,31.177216234,2766039463.1,814700.38722,2926204.354,114869911.98,4839446.6962,223274618.79,0.0,0.0,0.0,-4.5402211811e-09,1.1076947598e-09,6.2450291101e-09,3.5761612602e-08,0.0,0.0,-8.9406090609e-09,0.0,0.0,0.0,0.0,-4.1469845525e-09,0.22687388079,0.017426178618,0.0072839176639,0.029134999634
sc1095,ok,,30.405740284,2697594195.0,478672.83179,1775531.7249,112969342.04,2745945.697,208768909.28,0.0,0.0,0.0,-2.4217304932e-09,1.0964783971e-09,1.9694823866e-09,1.9768438734e-08,0.0,0.0,-3.4403889413e-08,0.0,0.0,0.0,0.0,-1.5753901408e-09,0.22671914266,0.0056692754855,0.01646820717,0.009462614549
sc1094r8,ok,,30.546306941,2710065254.6,481594.80292,1815647.8085,113378872.5,2796951.4092,211482362.87,0.0,0.0,0.0,-6.1965084528e-09,1.1607947278e-09,7.8311337645e-09,4.7420405494e-08,0.0,0.0,-1.9357463823e-08,0.0,0.0,0.0,0.0,-5.6695869448e-09,0.22464446335,0.013772530769,0.0093224539749,0.022837420838
sc20010,ok,,30.925436917,2743701627.6,558794.60158,1883317.5805,114546760.95,3194253.2291,218970912.18,0.0,0.0,0.0,-6.9292947017e-18,1.0741605111e-09,1.1181307606e-15,-4.2770417518e-16,0.0,0.0,-1.4595692413e-07,0.0,0.0,0.0,0.0,-2.946966514e-17,0.23520990694,-7.2269766575e-15,0.081559941266,-2.3899878416e-10
sc1095r8,ok,,30.550817527,2710465433.3,481671.21062,1815396.8909,113395883.4,2797378.2722,211576521.89,0.0,0.0,0.0,-1.548181409e-09,1.0586035763e-09,-1.3432377629e-09,2.0640322529e-08,0.0,0.0,-1.8525855973e-08,0.0,0.0,0.0,0.0,4.7045421418e-10,0.22440634963,0.0046261845273,0.0089233714744,0.0099418491402
sc20012,ok,,31.318071485,2778536126.7,828580.47297,2704599.8763,115466661.09,4803463.0417,226409964.48,0.0,0.0,0.0,-2.7877268061e-18,1.0471266703e-09,-2.0774704705e-15,3.3232210381e-15,0.0,0.0,-9.2251512728e-08,0.0,0.0,0.0,0.0,-1.1756302414e-17,0.23707991224,2.6114581281e-15,0.076437802049,2.7535560595e-09
sd2083,ok,,29.822812262,2645876880.1,416263.98515,1717930.8322,110647997.61,2517751.5913,196715311.24,0.0,0.0,0.0,-8.3873398227e-09,1.1552820149e-09,-3.9270850979e-09,8.1527968334e-08,0.0,0.0,-1.7804574495e-07,0.0,0.0,0.0,0.0,-1.5386619128e-09,0.22086647524,0.020261916452,0.074114031334,0.033937157
sd2030,ok,,29.994703309,2661127036.3,401099.26191,1512927.4745,111318650.95,2326448.5246,200174578.29,0.0,0.0,0.0,-7.2560404001e-09,1.1212013246e-09,-5.8792387219e-09,6.5516568777e-08,0.0,0.0,-2.2659529798e-07,0.0,0.0,0.0,0.0,-1.287624544e-10,0.22400087972,0.016813704481,0.090887206773,0.026278647379
sd5060,ok,,29.012084618,2573949205.7,414283.35137,1881271.229,108164354.05,2497163.2062,182058579.4,0.0,0.0,0.0,-6.6190316637e-09,1.1347522427e-09,9.9779758783e-11,6.4401128373e-08,0.0,0.0,-5.4708790607e-09,0.0,0.0,0.0,0.0,-2.3069328595e-10,0.20589710716,0.016410194898,0.0022664941122,0.026680315294
sd6060,ok,,29.800540501,2643900931.7,551089.59706,2112087.3411,110420605.66,3237603.2667,196010743.91,0.0,0.0,0.0,-4.3508765361e-09,1.1503136707e-09,2.9747270982e-10,3.9082462677e-08,0.0,0.0,-1.250392412e-07,0.0,0.0,0.0,0.0,-2.1157830013e-09,0.21962121681,0.012582592629,0.06890782505,0.021537938608
sd6080,ok,,29.323668552,2601592900.7,400340.25196,1922622.5762,108933119.7,2560563.9342,187293726.4,0.0,0.0,0.0,-1.0758095001e-08,1.1782494681e-09,-2.2009885592e-09,1.0989993358e-07,0.0,0.0,-1.0051690864e-07,0.0,0.0,0.0,0.0,-1.8948803065e-09,0.21089713267,0.026524158238,0.040240964529,0.043997367101
sd7003,ok,,28.956173357,2568988764.2,321791.90262,1453273.662,108452743.46,1886540.5807,181902074.63,0.0,0.0,0.0,-6.0780481021e-09,1.1505584071e-09,1.9115036938e-09,5.2415497888e-08,0.0,0.0,3.4960597523e-08,0.0,0.0,0.0,0.0,-1.2228010916e-09,0.20673734504,0.010989628578,-0.011250037194,0.016866882792
sd7032,ok,,29.508095628,2617955252.1,478450.19951,2151757.7566,109412006.1,2985990.6182,190480219.79,0.0,0.0,0.0,-9.3737171648e-09,1.1319502851e-09,-1.694366545e-09,8.9821554663e-08,0.0,0.0,-5.8376208676e-08,0.0,0.0,0.0,0.0,-7.257554285e-10,0.21174373859,0.027531093243,0.027930108688,0.042975140749
sd7034,ok,,29.441482631,2612045353.9,525430.22337,2460390.5452,109024247.02,3352571.09,188968605.63,0.0,0.0,0.0,-8.6873527429e-09,1.1552689644e-09,7.3030080271e-10,8.7802869603e-08,0.0,0.0,-3.1346732213e-08,0.0,0.0,0.0,0.0,-1.8034094738e-09,0.20837600772,0.027866151209,0.016470520509,0.046134281388
sd7084,ok,,29.963377281,2658347794.2,468086.04173,1854561.8419,111106591.0,2778184.9574,199398416.42,0.0,0.0,0.0,-6.5727087032e-09,1.1515306044e-09,6.5368556666e-10,5.9456710226e-08,0.0,0.0,-8.6786617795e-08,0.0,0.0,0.0,0.0,-2.1979342283e-09,0.22160189666,0.016907679281,0.040623604398,0.027830856144
sd7037,ok,,29.576359442,2624011610.8,412580.63357,1792928.4616,109856378.84,2516272.607,192113745.74,0.0,0.0,0.0,-9.1410122163e-09,1.1376836044e-09,-1.6302893328e-09,8.6197238949e-08,0.0,0.0,-7.3400749147e-08,0.0,0.0,0.0,0.0,-8.3593392011e-10,0.21486980239,0.022549414506,0.030283727588,0.035563311458
sd7043,ok,,29.141842541,2585461315.4,400169.64251,1872158.0447,108476930.29,2481200.0449,184216735.83,0.0,0.0,0.0,-1.0473295203e-08,1.0969013053e-09,-4.0537795442e-09,1.0096194118e-07,0.0,0.0,-6.8382702481e-08,0.0,0.0,0.0,0.0,9.6249999571e-10,0.20667401164,0.026480063194,0.027364681606,0.04040190391
sd7062,ok,,30.371773556,2694580670.4,940353.40099,3919251.5268,111316386.52,5975636.2418,205351462.68,0.0,0.0,0.0,-5.1878482263e-09,1.0927753911e-09,2.2773878151e-09,5.0110093954e-08,0.0,0.0,2.7555432963e-09,0.0,0.0,0.0,0.0,-1.5412893598e-09,0.21457151072,0.029026986978,-0.0025911845102,0.047121197274
sd7080,ok,,29.597439337,2625881817.0,410139.26769,1714873.0615,109995558.62,2448432.8881,192619635.31,0.0,0.0,0.0,-7.8616751694e-09,1.1393913592e-09,-1.0301003148e-09,7.1686697904e-08,0.0,0.0,-7.4273676734e-08,0.0,0.0,0.0,0.0,-9.2957994651e-10,0.21602139877,0.018757214706,0.030462551385,0.029401529782
sd7090,ok,,30.223455874,2681421940.7,496658.39144,1928451.058,112005914.96,2940457.1905,204514800.5,0.0,0.0,0.0,-4.951376699e-09,1.1141441208e-09,1.1211972795e-09,4.4351097425e-08,0.0,0.0,-3.1553795222e-08,0.0,0.0,0.0,0.0,-1.3372818766e-09,0.22387350458,0.013679205922,0.015671457179,0.022027344706
sd8000,ok,,29.413818868,2609591027.6,382737.24676,1588835.2517,109579411.11,2237429.2434,189523423.76,0.0,0.0,0.0,-5.577309644e-09,1.116063219e-09,-2.1494983582e-09,5.1778822012e-08,0.0,0.0,-5.2506545072e-08,0.0,0.0,0.0,0.0,7.8154813007e-10,0.21336785396,0.012851983007,0.020096210497,0.019817683777
sd8020,ok,,30.322958965,2690249844.8,516210.45936,1895718.9805,112359760.52,2990600.5227,206502479.44,0.0,0.0,0.0,-2.9544765616e-13,1.0981817048e-09,7.7645256352e-15,3.2308005323e-12,0.0,0.0,-4.6831696598e-08,0.0,0.0,0.0,0.0,3.3581016404e-14,0.22677724492,9.0634056521e-07,0.024175011613,1.6677730269e-06
sd8040,ok,,29.757367554,2640070632.1,496287.57064,2052352.3513,110370004.19,2983415.2004,195377414.5,0.0,0.0,0.0,-6.8824348455e-09,1.129531332e-09,3.5602416624e-10,6.3407570736e-08,0.0,0.0,-4.3890117333e-08,0.0,0.0,0.0,0.0,-1.3235279517e-09,0.2153717989,0.019683048109,0.021782119706,0.031468389241
sg6040,ok,,30.900577019,2741496059.9,1318412.3378,4711600.0657,112754310.66,8080346.7419,215308498.49,0.0,0.0,0.0,-2.2849437674e-09,1.0344714509e-09,-2.2278564019e-09,2.162886546e-08,0.0,0.0,-4.1684133286e-08,0.0,0.0,0.0,0.0,6.043990945e-10,0.22512762507,0.01956309073,0.054956875615,0.028515763075
sg6050,ok,,31.896760412,2829877349.6,1368181.9413,4663327.54,116151571.56,8510758.623,236367448.31,0.0,0.0,0.0,-2.5784840986e-09,1.0268121295e-09,-6.0416298482e-10,2.7391257713e-08,0.0,0.0,-3.7520259377e-08,0.0,0.0,0.0,0.0,-4.7607600503e-10,0.24023139978,0.020971851044,0.051334541314,0.037476224153
sg6042,ok,,30.355571962,2693143266.6,537838.8164,2159187.0927,112151510.2,3311124.5091,206603341.09,0.0,0.0,0.0,-8.4339432947e-09,1.0701263849e-09,-6.821746493e-09,8.1532291259e-08,0.0,0.0,-1.3350359139e-07,0.0,0.0,0.0,0.0,5.9292437327e-10,0.22451173978,0.028366719338,0.071803413578,0.043851231029
sg6051,ok,,31.52165467,2796598006.2,791658.0973,2770429.9752,115781311.69,4863967.699,230017867.06,0.0,0.0,0.0,-4.6285992168e-09,1.0794305775e-09,-2.7306982815e-09,4.8095151025e-08,0.0,0.0,-1.1742968207e-07,0.0,0.0,0.0,0.0,-1.044148696e-09,0.24287467911,0.02128042887,0.092964158672,0.03807491575
sokolov,ok,,30.259353134,2684606741.9,193797.51837,2067108.3662,112282518.9,1952339.5379,206007531.13,0.0,0.0,0.0,-2.3114458072e-08,1.1164467242e-09,-2.2768585145e-08,3.896057491e-07,0.0,0.0,-3.0266366491e-07,0.0,0.0,0.0,0.0,-3.2378557707e-10,0.22698624926,0.044983801592,0.05865546716,0.075504627319
sm701,ok,,30.82118187,2734452130.4,1356530.6981,4855698.3562,112341824.92,8309320.1401,213447989.28,0.0,0.0,0.0,-3.1088749981e-09,1.029508865e-09,-2.3978338036e-09,2.7183152256e-08,0.0,0.0,-4.2098128252e-08,0.0,0.0,0.0,0.0,5.0081349454e-10,0.22250408536,0.026759052687,0.057107403308,0.036874780507
sp4621hp,ok,,31.457845029,2790936821.3,1982800.5982,7540315.4199,112888245.98,12947328.465,223486816.93,0.0,0.0,0.0,-2.0048797163e-09,9.6952148245e-10,-2.8841105873e-09,1.9606695015e-08,0.0,0.0,-2.0684571154e-08,0.0,0.0,0.0,0.0,1.2837903227e-09,0.22405927434,0.029690782286,0.041013380056,0.038876166605
sp4721bs,ok,,31.901662124,2830312229.0,2076590.8214,7482646.3331,114148647.24,13567045.069,232409958.12,0.0,0.0,0.0,-2.0390118714e-09,9.6052166315e-10,-2.8155751795e-09,1.997331008e-08,0.0,0.0,-2.2001920896e-08,0.0,0.0,0.0,0.0,1.141298305e-09,0.23051562695,0.031240637039,0.045688986984,0.041476392385
stcyr171,ok,,30.730745717,2726428644.1,647844.85257,2346411.1913,113525846.34,3793019.4076,214324741.9,0.0,0.0,0.0,-1.1896510454e-12,1.0690486029e-09,5.5544986887e-12,-2.5879565459e-12,0.0,0.0,-1.7916302739e-09,0.0,0.0,0.0,0.0,-2.967776049e-12,0.229123563,1.9331640132e-06,0.0011606984506,-1.6765943269e-06
stcyr24,ok,,31.161674813,2764660629.8,869031.25913,3713975.6582,113658406.04,5796181.793,220771203.26,0.0,0.0,0.0,-1.0802013188e-08,1.4119146747e-09,5.1616517455e-09,1.0148416881e-07,0.0,0.0,-4.6515567423e-08,0.0,0.0,0.0,0.0,-6.1022925093e-09,0.2269596678,0.054653178963,0.040423482127,0.088192915007
spicasm,ok,,30.77158829,2730052193.0,696809.71652,2926832.9932,112894451.51,4534974.8687,213739081.52,0.0,0.0,0.0,-7.9966123534e-09,1.2147178136e-09,3.2668356143e-09,7.9761515684e-08,0.0,0.0,-4.9177546317e-08,0.0,0.0,0.0,0.0,-4.2380848348e-09,0.22668471153,0.03191969588,0.034267392108,0.055578599132
stcyr172,ok,,31.079328849,2757354904.2,944117.89915,3358466.2415,114206386.09,5627646.2809,220587082.32,0.0,0.0,0.0,6.758617269e-19,1.0408042164e-09,2.4985568937e-16,-1.621175689e-15,0.0,0.0,2.6245506245e-09,0.0,0.0,0.0,0.0,2.9466046175e-18,0.22958796537,3.6198820697e-15,-0.0024778852218,-1.5305809857e-09
ste87151,ok,,30.805890964,2733095522.8,1157116.2218,3809503.9791,112904015.87,6745659.3116,214274444.55,0.0,0.0,0.0,-3.1705673091e-09,1.0614663046e-09,-5.3754690233e-09,2.5549784891e-08,0.0,0.0,-1.4807163449e-07,0.0,0.0,0.0,0.0,5.8423266126e-10,0.23011888203,0.022294830882,0.17133609025,0.02956407056
stcyr234,ok,,31.728623161,2814960229.8,1408182.5926,5397263.7693,114875057.69,9124356.2795,231398061.71,0.0,0.0,0.0,-8.7290019728e-09,1.4857631675e-09,9.4863326243e-09,7.3771008539e-08,0.0,0.0,-9.8340322135e-09,0.0,0.0,0.0,0.0,-6.2171297579e-09,0.22806488308,0.066934039675,0.013848112978,0.10388305006
sp4721la,ok,,31.807925731,2821995945.7,2068534.1695,7485462.2604,113839042.76,13497556.577,230416099.53,0.0,0.0,0.0,-1.9153890089e-09,9.6551584281e-10,-2.7389879778e-09,1.9058294304e-08,0.0,0.0,-2.2143091285e-08,0.0,0.0,0.0,0.0,1.1250710162e-09,0.22911789253,0.029339578065,0.045803740941,0.03942273298
ste87391,ok,,30.914230467,2742707392.5,1285338.4488,4477614.86,112875171.7,7715693.9951,215798001.4,0.0,0.0,0.0,-4.1973560434e-09,1.0082689577e-09,-6.5200909741e-09,3.8111087525e-08,0.0,0.0,-8.2142157534e-08,0.0,0.0,0.0,0.0,1.495613216e-09,0.22800480902,0.035021457761,0.10558047334,0.04898564612
stf86361,ok,,30.697846251,2723509806.8,1135021.4338,3989628.7474,112058855.17,6908614.8517,211173691.23,0.0,0.0,0.0,-4.6292049091e-09,1.0474294943e-09,-8.7779905382e-09,3.9628965727e-08,0.0,0.0,-1.4311840361e-07,0.0,0.0,0.0,0.0,1.5059743489e-09,0.23133558877,0.03439210398,0.16244245567,0.0449797255
supermarine371ii,ok,,29.388586777,2607352439.0,332535.04772,1282916.5873,109485346.88,1909251.6877,188993449.45,0.0,0.0,0.0,-3.4828349954e-09,1.1744459809e-09,-5.4559075592e-09,3.2705841651e-08,0.0,0.0,-5.5429561337e-07,0.0,0.0,0.0,0.0,-4.1183188585e-10,0.221444896,0.00647549257,0.18432271824,0.010875838614
supermarine371i,ok,,30.460610538,2702462278.4,921921.61442,3209630.782,112136674.95,5410768.8896,208003874.24,0.0,0.0,0.0,-1.2187525965e-09,1.0911311289e-09,-9.9661869043e-10,1.1816510516e-08,0.0,0.0,-1.1780228371e-07,0.0,0.0,0.0,0.0,-1.8716233882e-10,0.22670254035,0.0063648154497,0.10860447158,0.010893896452
t16,ok,,32.246738258,2860927348.6,106784.52989,3234299.1848,116783285.69,2417601.2352,242891582.67,0.0,0.0,0.0,-2.555615935e-08,1.6929665132e-09,-1.1326277072e-07,9.6670788534e-07,0.0,0.0,-1.1651396474e-06,0.0,0.0,0.0,0.0,-1.0836813372e-08,0.24829440535,0.055317892505,0.12441888951,0.10322944708
tsagi8,ok,,30.053942742,2666382752.8,316573.6598,1188672.1551,111708421.61,1822052.1316,201642027.28,0.0,0.0,0.0,-5.2651049002e-09,1.2009627501e-09,5.4195632874e-09,4.4373899412e-08,0.0,0.0,-2.5349196257e-07,0.0,0.0,0.0,0.0,-6.3378488164e-09,0.22987196304,0.0069396932457,0.080248878321,0.014047607736
tempest3,ok,,30.53197776,2708793971.1,544051.58557,1859173.5065,112998336.36,3116373.0978,210547592.72,0.0,0.0,0.0,-2.4676682507e-09,1.1116638306e-09,-8.1640078777e-10,2.2283655927e-08,0.0,0.0,-1.9332536826e-07,0.0,0.0,0.0,0.0,-9.8960348621e-10,0.23245356955,0.0069733615801,0.10517897313,0.01212345834
th25816,ok,,32.343194642,2869484949.2,3874965.5966,11883879.969,114096463.4,24083993.961,239086139.09,0.0,0.0,0.0,-1.2230675945e-09,9.691718657e-10,-2.7013571296e-09,1.1431724886e-08,0.0,0.0,-4.5219781182e-08,0.0,0.0,0.0,0.0,3.376920613e-10,0.23407674633,0.03136239959,0.17522509637,0.044297540644
tsagi12,ok,,30.861821318,2738057658.2,771480.04722,2668403.5807,113636752.47,4551178.049,216371551.61,0.0,0.0,0.0,-3.1210259122e-09,1.137026529e-09,4.0399896981e-09,2.6857593003e-08,0.0,0.0,-9.270535674e-08,0.0,0.0,0.0,0.0,-3.7681708203e-09,0.23436510331,0.010188134767,0.071520332996,0.020720097119
tempest1,ok,,31.221798666,2769994812.0,1211645.5014,3893916.3818,114471337.23,7086403.1899,223147756.02,0.0,0.0,0.0,-1.0829393223e-09,1.0564699286e-09,-2.3161736185e-10,9.9404231299e-09,0.0,0.0,-8.2747087479e-08,0.0,0.0,0.0,0.0,-4.5538038217e-10,0.23496653393,0.0069159799335,0.1002601363,0.012044268967
tempest2,ok,,30.861755498,2738051818.6,809173.16445,2670678.3372,113767808.23,4674461.9588,216627809.15,0.0,0.0,0.0,-1.4884595413e-09,1.0850327334e-09,-3.718610135e-10,1.3504413875e-08,0.0,0.0,-1.2621909433e-07,0.0,0.0,0.0,0.0,-6.2323146678e-10,0.2341068646,0.006275785019,0.10213310397,0.01092740931
tsagi_r3a,ok,,30.659736337,2720128699.1,658243.77154,2785605.7311,113048531.65,4137689.3691,212482959.4,0.0,0.0,0.0,-6.6267898006e-09,1.2201785269e-09,1.1518348339e-08,5.735416502e-08,0.0,0.0,6.9802467155e-08,0.0,0.0,0.0,0.0,-6.4270884413e-09,0.22163452555,0.021541153239,-0.045947039243,0.037753021896
ua2-180sm,ok,,31.693141663,2811812314.8,1612737.2028,6444274.1654,113496247.99,11056333.938,228099065.91,0.0,0.0,0.0,-4.728642403e-09,1.1473102375e-09,3.1144799545e-09,4.8915905754e-08,0.0,0.0,-2.1284242453e-08,0.0,0.0,0.0,0.0,-3.0308521562e-09,0.22524719673,0.044786309749,0.034325889639,0.07888850102
ua2-180,ok,,31.670744453,2809825236.7,1609635.4321,6445224.928,113407300.25,11028783.587,227595945.71,0.0,0.0,0.0,-4.7409769023e-09,1.1522115376e-09,3.0908528927e-09,4.8965163221e-08,0.0,0.0,-2.17524636e-08,0.0,0.0,0.0,0.0,-3.0443912288e-09,0.22569825724,0.044762277373,0.035013536146,0.078816061659
ua79sfm,ok,,32.452932889,2879220915.3,3477886.8363,10140531.848,115510065.03,20956829.325,243661257.62,0.0,0.0,0.0,-1.3964568528e-09,9.4699852335e-10,-7.9580935144e-09,1.2400302301e-08,0.0,0.0,-7.4641021596e-08,0.0,0.0,0.0,0.0,2.2346872943e-09,0.24612684195,0.040890290487,0.25959302646,0.043126848139
ua79sf18,ok,,31.173511216,2765710754.2,1907922.4808,6621991.1292,112266965.98,11908951.654,218268018.41,0.0,0.0,0.0,-2.2622057879e-09,1.0517089699e-09,-3.4900136575e-09,2.2339745905e-08,0.0,0.0,-7.3626633867e-08,0.0,0.0,0.0,0.0,1.9968869844e-10,0.23072727903,0.027489352425,0.14047390994,0.042622503427
ua79sff,ok,,32.860475063,2915378015.7,2770549.0757,11985644.109,112890245.07,21236516.482,244200631.22,0.0,0.0,0.0,-1.6131200305e-09,8.1356995742e-10,-6.5214584282e-10,2.563676841e-08,0.0,0.0,1.0717048693e-08,0.0,0.0,0.0,0.0,7.1681729471e-10,0.20462046108,0.0373814166,-0.029692109351,0.071027925022
ui1720,ok,,30.447702043,2701317038.1,621553.59155,3550016.8148,112099503.13,4418852.8085,208095179.16,0.0,0.0,0.0,-8.1951673675e-09,1.1651302519e-09,1.3611381997e-08,8.6838055912e-08,0.0,0.0,1.713193732e-07,0.0,0.0,0.0,0.0,-3.9589861002e-09,0.21254802232,0.032505052772,-0.10648417171,0.053974505535
uag8814320,ok,,31.336858547,2780202912.9,1173138.6317,4587928.3872,113554931.93,7788413.1591,223071849.99,0.0,0.0,0.0,-5.8403577991e-09,1.1108719713e-09,-6.4766540822e-09,6.2617779279e-08,0.0,0.0,-1.1739087698e-07,0.0,0.0,0.0,0.0,-1.3495959799e-09,0.23408168317,0.043031564504,0.13771577279,0.073459335903
ultimate,ok,,31.462601955,2791358855.3,878643.81541,2856332.8924,115734444.24,5185453.1579,229055091.27,0.0,0.0,0.0,1.2431177627e-10,1.0559000343e-09,9.8349494473e-10,-6.2174962688e-10,0.0,0.0,-7.2653557489e-08,0.0,0.0,0.0,0.0,-5.1991829181e-10,0.24193424696,-0.0012968801581,0.063836598955,-0.00054629646439
us1000root,ok,,31.754139469,2817224034.0,1685766.6826,5905291.5584,114966341.53,10629962.366,231932454.64,0.0,0.0,0.0,-1.62213538e-14,1.0065387905e-09,6.9000636898e-14,-4.1921198149e-14,0.0,0.0,-9.056402082e-10,0.0,0.0,0.0,0.0,-3.9923736683e-14,0.23344901238,7.3359463343e-08,0.0015266980894,-7.0669359134e-08
usa22,ok,,30.042295336,2665349396.1,349552.31882,1882704.4941,111315357.65,2390210.8401,200891468.76,0.0,0.0,0.0,-1.3918825826e-08,1.3296215148e-09,9.3255429017e-09,1.4938893202e-07,0.0,0.0,3.1296949639e-08,0.0,0.0,0.0,0.0,-6.7203078277e-09,0.22212505123,0.029708703945,-0.010939921319,0.052219247595
usa25,ok,,30.867802941,2738588347.1,433148.82135,1984891.9395,113468944.15,2883910.7544,216111480.13,0.0,0.0,0.0,-1.2859415054e-08,1.3622571348e-09,-1.6969994408e-10,1.3116477695e-07,0.0,0.0,-1.7866921025e-07,0.0,0.0,0.0,0.0,-7.7554429666e-09,0.23209343487,0.031910589474,0.077390357832,0.056813868536
usa26,ok,,30.902010716,2741623257.5,539223.31821,2186322.1615,113696173.95,3393601.1048,217062755.43,0.0,0.0,0.0,-9.4990064445e-09,1.239897704e-09,1.8061535992e-09,9.2388158492e-08,0.0,0.0,-1.094590382e-07,0.0,0.0,0.0,0.0,-5.1552511186e-09,0.23297957985,0.028168653549,0.059022865785,0.049817849385
usa27,ok,,31.211256787,2769059537.5,732481.643,2873472.6992,114306017.25,4667841.4526,222678194.48,0.0,0.0,0.0,-8.1851311721e-09,1.2206435845e-09,9.1588245014e-10,7.9983145272e-08,0.0,0.0,-9.5677895586e-08,0.0,0.0,0.0,0.0,-4.3672510092e-09,0.23453940051,0.033439860343,0.070082302158,0.058586185661
usa27m2,ok,,31.431290579,2788580913.3,994588.33229,3375457.2694,114647416.15,6764591.9642,226591099.24,0.0,0.0,0.0,-5.6319973721e-09,1.1417964304e-09,5.1915649446e-09,6.0100491946e-08,0.0,0.0,-8.8713739934e-09,0.0,0.0,0.0,0.0,-2.9633382116e-09,0.23303207639,0.033440712871,0.0088233650652,0.059775248055
usa28,ok,,31.184382168,2766675224.0,771887.5366,2685260.2019,114193771.27,5526865.7675,222061370.3,0.0,0.0,0.0,-4.1057090997e-09,1.047901468e-09,1.7647388135e-09,5.391679207e-08,0.0,0.0,6.0334166844e-08,0.0,0.0,0.0,0.0,4.0029912258e-10,0.2347143554,0.023211101513,-0.046571191418,0.041617699812
usa29,ok,,31.316489919,2778395810.3,799455.49009,3072631.4326,113907951.46,6135038.413,223434395.41,0.0,0.0,0.0,-5.7941051974e-09,1.1126533377e-09,5.6625879755e-09,8.0007896482e-08,0.0,0.0,3.4219048391e-08,0.0,0.0,0.0,0.0,-1.8296172259e-09,0.23404119744,0.032924264881,-0.027356606102,0.063962752093
usa31,ok,,31.95533993,2835074518.5,1007466.77,4581476.4692,114197332.18,8698423.0103,233433030.87,0.0,0.0,0.0,-7.4019726794e-09,1.1086850196e-09,5.6173288563e-09,1.0790976373e-07,0.0,0.0,1.7326345986e-08,0.0,0.0,0.0,0.0,-1.9198971928e-09,0.22987323096,0.060564138547,-0.017455717826,0.10871550111
usa32,ok,,31.956722785,2835197205.3,1167426.192,4725022.5832,114404897.09,9318568.491,233877713.96,0.0,0.0,0.0,-7.1473774947e-09,1.1783099907e-09,4.2218826718e-09,9.2667144139e-08,0.0,0.0,-1.3688236036e-08,0.0,0.0,0.0,0.0,-2.9116851815e-09,0.2300135623,0.060408783621,0.015980005271,0.10818205121
usa33,ok,,31.648801168,2807878430.6,1219895.6691,4470227.8655,115053307.15,7681510.1802,230544347.08,0.0,0.0,0.0,-4.5142049674e-09,1.1192222908e-09,4.8543835141e-09,4.3218361643e-08,0.0,0.0,-2.1000963848e-08,0.0,0.0,0.0,0.0,-3.7880572902e-09,0.22752116393,0.028080117494,0.025618984846,0.052721892195
usa34,ok,,32.073570364,2845563910.6,1633153.8393,5837016.7093,114753668.0,12353039.03,236327053.53,0.0,0.0,0.0,-4.5536797255e-09,1.0491470646e-09,4.7941098278e-09,5.5796642444e-08,0.0,0.0,1.6331424441e-08,0.0,0.0,0.0,0.0,-1.5364010931e-09,0.2274229226,0.051955228054,-0.026671728526,0.091124500825
usa35,ok,,32.2337121,2859771669.2,1645409.5462,6004750.6213,115650934.55,11763448.286,240544268.13,0.0,0.0,0.0,-4.0561989914e-09,1.0257391928e-09,4.1354415394e-09,4.6600124503e-08,0.0,0.0,1.4830387956e-08,0.0,0.0,0.0,0.0,-1.5787221242e-09,0.22852632667,0.043486650587,-0.024402061916,0.076676289709
usa35a,ok,,32.233425322,2859746226.3,1642769.2775,5999810.4145,115649077.42,11749619.641,240535780.61,0.0,0.0,0.0,-4.0643067161e-09,1.02584213e-09,4.1460730439e-09,4.6713516065e-08,0.0,0.0,1.4979467501e-08,0.0,0.0,0.0,0.0,-1.5783514458e-09,0.22853265499,0.043531659457,-0.024607809005,0.076739529038
usa35b,ok,,30.948626692,2745759022.1,686884.97566,2821873.2032,113795522.93,4382748.933,217932405.16,0.0,0.0,0.0,-5.4732906598e-09,1.2587382321e-09,1.1474054654e-08,6.1010329734e-08,0.0,0.0,-2.8448964919e-08,0.0,0.0,0.0,0.0,-8.4150093001e-09,0.22994674385,0.015529008803,0.019541166576,0.041907078854
usa41,ok,,29.264969454,2596385122.6,184712.19832,1384972.9272,109475777.53,1424067.2984,187816172.62,0.0,0.0,0.0,-2.3326154607e-08,1.2499251628e-09,-4.2354864136e-09,2.9006771371e-07,0.0,0.0,-1.3177898261e-07,0.0,0.0,0.0,0.0,-3.3204330465e-09,0.21403508688,0.032206670382,0.024341185569,0.05357904506
usa40,ok,,30.592947989,2714203243.7,843667.77699,3685189.3706,112282904.16,5458459.9478,210198765.23,0.0,0.0,0.0,-5.7941004442e-09,1.0586147867e-09,1.1302980098e-09,5.8588737869e-08,0.0,0.0,1.3786418317e-08,0.0,0.0,0.0,0.0,-4.1486988199e-10,0.21976032434,0.031129370721,-0.011631156895,0.049429430234
usa45,ok,,31.088092046,2758132374.2,1057576.2934,4041450.752,113484261.42,6645244.3822,219367286.9,0.0,0.0,0.0,-4.8829495839e-09,1.166117817e-09,5.7817973692e-09,4.3519491048e-08,0.0,0.0,-7.1493009663e-09,0.0,0.0,0.0,0.0,-3.9913141755e-09,0.22721174698,0.026441193867,0.007560931216,0.046025182032
usa45m,ok,,30.54904012,2710307741.9,661289.85664,2636003.9672,112507250.87,4082567.6181,209917923.55,0.0,0.0,0.0,-6.2931302584e-09,1.2017727271e-09,6.5741201128e-09,5.6192483873e-08,0.0,0.0,-1.3051029904e-08,0.0,0.0,0.0,0.0,-4.947470061e-09,0.22548574209,0.021146484946,0.0086305136942,0.037159519604
usa40b,ok,,30.526877374,2708341465.4,831364.82861,3715179.2923,112078066.73,5382616.9991,208938907.67,0.0,0.0,0.0,-5.9965486609e-09,1.0792795143e-09,4.1128973849e-09,5.7736354758e-08,0.0,0.0,4.7535300027e-08,0.0,0.0,0.0,0.0,-1.3999698334e-09,0.21604901583,0.030650873694,-0.03951917656,0.047999974678
usa46,ok,,28.057453177,2489254401.0,181307.50562,1026066.4217,106688069.1,1093293.1548,168898190.98,0.0,0.0,0.0,-1.3731953497e-08,1.1083763935e-09,-7.0826412379e-09,1.3542992029e-07,0.0,0.0,-7.2041949733e-08,0.0,0.0,0.0,0.0,4.9067090377e-09,0.19963917511,0.016084475307,0.013061746206,0.024554461034
usa48,ok,,31.213527765,2769261018.5,1169333.9539,4097729.9725,114060891.38,7151807.2092,222242546.81,0.0,0.0,0.0,-2.9970853861e-09,1.0541897578e-09,-9.3633769556e-10,2.8354318412e-08,0.0,0.0,-3.9349407553e-08,0.0,0.0,0.0,0.0,-2.3199906198e-10,0.23317998204,0.021047741586,0.046012598319,0.03315566726
usa50,ok,,30.086222412,2669246601.9,233140.57915,933801.69017,111895229.75,1368901.3569,202425582.82,0.0,0.0,0.0,-1.0787502272e-08,1.1897780305e-09,-3.1588043733e-09,9.7137547929e-08,0.0,0.0,-3.0948879412e-07,0.0,0.0,0.0,0.0,-2.930728369e-09,0.23207700499,0.013836186073,0.072154396702,0.022646704182
usa49,ok,,29.900874129,2652802521.0,256252.68537,1022427.9018,111582150.08,1473264.4892,199415949.2,0.0,0.0,0.0,-9.2840032326e-09,1.1867457199e-09,-4.0408290133e-10,7.7592402137e-08,0.0,0.0,-2.3858350372e-07,0.0,0.0,0.0,0.0,-3.3586534553e-09,0.22748922433,0.012552443179,0.061137663515,0.019883261412
usa5,ok,,30.304794678,2688638311.1,209053.94364,1255947.2678,112156185.74,1538538.7366,205873296.51,0.0,0.0,0.0,-2.2804640123e-08,1.5526152861e-09,-2.159876724e-09,2.5919602389e-07,0.0,0.0,-2.9250023107e-07,0.0,0.0,0.0,0.0,-1.231591171e-08,0.230565644,0.03072806734,0.061148326822,0.054185950971
usa51,ok,,30.265743441,2685173689.4,433493.75757,1694448.9228,112131902.49,2579896.1686,205309203.92,0.0,0.0,0.0,-7.8703169165e-09,1.202006884e-09,3.8853604251e-09,6.7598954527e-08,0.0,0.0,-8.1067083956e-08,0.0,0.0,0.0,0.0,-4.4366948781e-09,0.22825498343,0.01769429355,0.03514207484,0.029303724806
v13006,ok,,29.413763651,2609586128.7,164111.46209,685953.40756,110429792.71,914002.43751,191095534.84,0.0,0.0,0.0,-7.629753417e-09,1.1954207959e-09,6.7187366537e-09,5.459002065e-08,0.0,0.0,-2.9452129056e-07,0.0,0.0,0.0,0.0,-7.5753423211e-09,0.21833347099,0.0054621613015,0.048334319609,0.0089588481043
usa98,ok,,31.630565515,2806260565.3,923767.08548,4028889.6573,114948596.91,7054927.7546,230197640.51,0.0,0.0,0.0,-5.9049174546e-09,9.3689074277e-10,-7.8848911005e-11,7.9575883916e-08,0.0,0.0,3.372956954e-08,0.0,0.0,0.0,0.0,1.5898811625e-09,0.23088860572,0.04425427175,-0.031158266148,0.073509582359
usnps4,ok,,31.857939795,2826433188.4,869784.557,3093867.2281,116585565.88,5449288.2551,236688849.89,0.0,0.0,0.0,-7.4108804106e-09,1.1489695499e-09,-8.3743476456e-10,6.9038938246e-08,0.0,0.0,-1.0120386033e-07,0.0,0.0,0.0,0.0,-3.1689785448e-09,0.24157473041,0.03622340755,0.088025554823,0.060049002318
v13009,ok,,30.323386578,2690287782.6,418656.34728,1573436.1987,112663320.17,2413533.0074,207065425.23,0.0,0.0,0.0,-4.1812894443e-09,1.1330873667e-09,5.2973600414e-09,3.1858039383e-08,0.0,0.0,-4.6854559957e-08,0.0,0.0,0.0,0.0,-4.1326542929e-09,0.22596384628,0.0078386385671,0.019615958925,0.0133375704
v23010,ok,,30.172582706,2676908478.4,514737.71161,1985869.9262,111870487.78,3022404.3779,203589159.85,0.0,0.0,0.0,-4.2612898206e-09,1.1509803203e-09,6.6943801153e-09,3.0385706568e-08,0.0,0.0,-1.9143767032e-08,0.0,0.0,0.0,0.0,-4.8525296179e-09,0.22155215178,0.0096320927441,0.0098540188336,0.015640669064
v43012,ok,,30.948119709,2745714042.6,775312.99842,2764968.9872,113872943.2,4612605.1768,218080940.52,0.0,0.0,0.0,-6.1829653958e-09,1.2446998583e-09,9.8755749528e-09,4.311934347e-08,0.0,0.0,-4.0903338511e-08,0.0,0.0,0.0,0.0,-7.021561544e-09,0.22748296938,0.021174646294,0.031712890027,0.033430987475
v43015,ok,,31.435461528,2788950959.4,1233667.9351,4189648.6874,114894772.43,7406822.7519,227104974.49,0.0,0.0,0.0,-3.9086779914e-09,1.1364528801e-09,6.8850430401e-09,2.6853148209e-08,0.0,0.0,-2.5081502813e-08,0.0,0.0,0.0,0.0,-4.5121397374e-09,0.22812892947,0.021351356619,0.030942245784,0.033127867902
vr11x,ok,,31.125335219,2761436584.7,744802.18683,2476687.5269,114785058.97,4300103.6982,222337014.19,0.0,0.0,0.0,-5.0332404105e-09,1.1373923076e-09,1.9102152608e-09,3.9603860062e-08,0.0,0.0,-1.4456592222e-07,0.0,0.0,0.0,0.0,-3.6012185881e-09,0.2354929827,0.018001105396,0.10767301501,0.029497041581
vr12,ok,,31.039826417,2753850252.5,659282.4622,2261983.9528,114636777.51,3824041.1931,220808068.55,0.0,0.0,0.0,-5.1211845279e-09,1.1651838606e-09,6.2618112327e-09,3.9868684079e-08,0.0,0.0,-9.9857950317e-08,0.0,0.0,0.0,0.0,-5.4519490105e-09,0.23359271092,0.014720082101,0.065834595356,0.026284724204
vr1,ok,,30.500599508,2706010095.8,653718.04228,2294261.5189,112757076.81,3793245.0373,209676990.63,0.0,0.0,0.0,-2.9846397943e-09,1.0917970447e-09,-1.0395138783e-09,2.6987063941e-08,0.0,0.0,-1.2258214241e-07,0.0,0.0,0.0,0.0,-6.8151818645e-10,0.22730533745,0.010733921234,0.080134158155,0.017641930607
vr13,ok,,30.804391423,2732962483.7,516810.00686,1809323.2058,114073335.71,2973890.1334,216374620.03,0.0,0.0,0.0,-5.9020216501e-09,1.1852524962e-09,6.8507779095e-09,4.5509694433e-08,0.0,0.0,-1.3111095616e-07,0.0,0.0,0.0,0.0,-6.2686927843e-09,0.23256091619,0.013221130046,0.067759454151,0.023519865492
vr14,ok,,30.431380026,2699868950.4,352516.52458,1279285.1305,113114187.81,2004980.0043,209366513.57,0.0,0.0,0.0,-7.3914985477e-09,1.2150472364e-09,7.7630176401e-09,5.611371046e-08,0.0,0.0,-2.03778157e-07,0.0,0.0,0.0,0.0,-7.8020209329e-09,0.23011945033,0.011222845647,0.071835167693,0.019781010193
vr15,ok,,30.526058045,2708268774.5,355467.25023,1253239.007,113439272.22,2001319.8334,211271216.34,0.0,0.0,0.0,-5.4401738215e-09,1.1728142945e-09,7.4887201205e-09,4.0287061595e-08,0.0,0.0,-2.1702605141e-07,0.0,0.0,0.0,0.0,-6.8847513103e-09,0.23189795105,0.0076937760427,0.077145653723,0.014320731005
vr5,ok,,29.762951279,2640566019.6,698805.82555,2844263.1115,109859379.37,4303661.5872,194547419.11,0.0,0.0,0.0,-6.1571683852e-09,1.20345866e-09,9.2160843819e-10,5.5515239532e-08,0.0,0.0,-1.0978578787e-07,0.0,0.0,0.0,0.0,-3.6890547551e-09,0.21505163462,0.023090067341,0.076718948125,0.038794372792
vr8b,ok,,29.266511363,2596521920.7,281081.46093,1198283.8036,109889411.21,1641217.4211,188294966.11,0.0,0.0,0.0,-6.0559402043e-09,1.1891497417e-09,2.6540499651e-09,5.1058164855e-08,0.0,0.0,-1.8587835809e-07,0.0,0.0,0.0,0.0,-4.1867899217e-09,0.21606472899,0.0084548430892,0.052246960448,0.01435150357
vr8,ok,,29.356635111,2604517690.5,290325.5391,1209017.6057,109614755.05,1696115.1511,188865167.2,0.0,0.0,0.0,-5.9174173268e-09,1.1881327492e-09,2.3571399321e-09,4.9983845039e-08,0.0,0.0,-1.8896833319e-07,0.0,0.0,0.0,0.0,-3.9230977044e-09,0.21695036542,0.0085934118768,0.054862333207,0.014511586757
vr7,ok,,30.440946122,2700717653.4,700115.17877,2732538.8093,112177313.53,4312671.9935,207802032.63,0.0,0.0,0.0,-5.7964092141e-09,1.1822420062e-09,4.0454839948e-09,5.153063013e-08,0.0,0.0,-5.2750079276e-08,0.0,0.0,0.0,0.0,-4.0201868858e-09,0.2247134406,0.021108468473,0.036931131182,0.036077376325
vr9,ok,,28.510792867,2529474652.3,151416.87243,691763.34455,107603233.55,845035.1541,175136480.39,0.0,0.0,0.0,-2.9895712273e-09,1.2029954025e-09,2.8326168615e-10,2.4311682616e-08,0.0,0.0,-4.7097369711e-07,0.0,0.0,0.0,0.0,-1.7912268715e-09,0.20989537444,0.0022085898021,0.071313364215,0.0036811989453
w1015,ok,,31.294071846,2776406881.1,1152091.1368,4043536.0804,114650012.39,6975178.4704,224535457.51,0.0,0.0,0.0,-5.7130952316e-15,1.0251532416e-09,-5.3483285058e-14,1.2477240887e-14,0.0,0.0,-8.6192225831e-10,0.0,0.0,0.0,0.0,2.9562087078e-14,0.23018325213,8.7313837265e-08,0.00099301299445,1.4374918639e-08
w1011,ok,,30.391837431,2696360735.4,563680.87859,2215655.7171,112637412.36,3360586.892,207982109.79,0.0,0.0,0.0,-2.6284915701e-12,1.080065106e-09,-1.5954265611e-11,1.4053318515e-11,0.0,0.0,3.8664190229e-08,0.0,0.0,0.0,0.0,1.0762202518e-11,0.22463423893,1.6957692003e-05,-0.021794264718,7.9215869276e-06
waspsm,ok,,30.71435137,2724974139.3,414894.55258,1773854.0772,113776700.79,2601299.3223,214594897.95,0.0,0.0,0.0,-8.7042238267e-09,1.1430262327e-09,2.9675895471e-09,8.7777229375e-08,0.0,0.0,-2.0679474727e-08,0.0,0.0,0.0,0.0,-2.7807248705e-09,0.2317632849,0.020966942933,0.0085798014145,0.036418294308
wb13535sm,ok,,30.888768352,2740448396.3,901039.49634,3611119.174,113041366.67,5747255.8994,215680414.83,0.0,0.0,0.0,-4.4854073954e-09,1.0760053189e-09,-2.3443354473e-12,4.8288330822e-08,0.0,0.0,-1.5569481844e-08,0.0,0.0,0.0,0.0,-4.3227361932e-10,0.22966836974,0.025208358829,0.014028718079,0.043509693283
wb140,ok,,31.432590269,2788696221.6,1099954.6135,3949275.5981,114852394.6,6812684.1985,226920263.43,0.0,0.0,0.0,-3.8085841054e-09,1.0684483136e-09,-1.1778181973e-09,3.9522353086e-08,0.0,0.0,-5.7001724218e-08,0.0,0.0,0.0,0.0,-8.0064098856e-10,0.23773109977,0.024650729217,0.062699309531,0.043472794614
ys920,ok,,30.428920285,2699650722.4,460141.84769,1651864.5791,112587337.32,2672978.7406,208361641.0,0.0,0.0,0.0,-3.4720190906e-09,1.0700083444e-09,-1.4250257343e-08,4.4301327521e-08,0.0,0.0,-2.8591896388e-07,0.0,0.0,0.0,0.0,5.5974320316e-09,0.23372203681,0.012780438341,0.13156328033,0.020384894701
ys915,ok,,30.395608305,2696695286.9,457547.65761,1613586.6687,112508013.1,2633610.8328,207753333.94,0.0,0.0,0.0,-2.6028444733e-09,1.0924382566e-09,-1.2299490543e-08,3.4492148012e-08,0.0,0.0,-3.0227649451e-07,0.0,0.0,0.0,0.0,4.9979842596e-09,0.23403560536,0.0099371746188,0.13830590201,0.015781801529
ys900,ok,,30.529494109,2708573621.8,479554.79562,1552237.5055,113000845.16,2660693.5543,210524829.36,0.0,0.0,0.0,-2.5590918651e-15,1.1486241728e-09,1.9031696465e-14,-1.6079519588e-14,0.0,0.0,-5.8629264167e-07,0.0,0.0,0.0,0.0,-6.4268581445e-15,0.24181390797,2.673965576e-09,0.28115944795,-7.7110107298e-09
ys930,ok,,30.411924871,2698142891.0,464012.44329,1814656.5989,112390961.68,2819908.0644,207781972.84,0.0,0.0,0.0,-5.5940224707e-09,1.0338419989e-09,-1.529464538e-08,6.8900223666e-08,0.0,0.0,-2.4187309703e-07,0.0,0.0,0.0,0.0,5.1621621036e-09,0.23168750837,0.01915137795,0.11223212672,0.031970561127
zv15_35,ok,,30.752621798,2728369487.8,1099619.0809,4491573.9249,112535907.89,6933468.207,212871989.48,0.0,0.0,0.0,-1.0382025536e-10,1.01125058e-09,2.0522089638e-09,-4.0991472201e-09,0.0,0.0,5.0743480508e-08,0.0,0.0,0.0,0.0,-1.4848422412e-09,0.21501580981,-0.0014939399064,-0.055798499399,-0.0045075004987
