airfoil_name,status,error,mu,ea,gj,ga22,ga33,ei22,ei33,cmp12r,cmp13r,cmp14r,cmp15r,cmp16r,cmp23r,cmp24r,cmp25r,cmp26r,cmp34r,cmp35r,cmp36r,cmp45r,cmp46r,cmp56r,tc2,tc3,sc2,sc3
a18,ok,,53.924865454,1377217786.8,937100.14237,5110708.6874,430960477.3,880944.34828,107877197.01,0.0,0.0,0.0,-4.5960357572e-08,2.7606541022e-09,-2.5310211849e-10,6.3243374866e-08,0.0,0.0,-4.5771001905e-08,0.0,0.0,0.0,0.0,-1.4315231815e-08,0.23523797202,0.037527967786,0.042892012402,0.059265375591
a18sm,ok,,54.104846297,1381814419.8,939559.02134,5053126.6825,432324373.17,881359.42217,108942101.17,0.0,0.0,0.0,-2.8932461976e-08,2.0641770331e-09,-2.8415553836e-09,4.7771364625e-08,0.0,0.0,-4.9584226176e-08,0.0,0.0,0.0,0.0,3.5485831008e-09,0.23473157361,0.026234297788,0.04658730702,0.044884016596
a63a108c,ok,,53.511727023,1366666409.6,1159590.7712,4394247.2422,430839202.44,873105.80662,106224197.12,0.0,0.0,0.0,-5.7693632226e-09,2.15648157e-09,6.111617736e-12,5.3083818517e-09,0.0,0.0,-3.053582987e-08,0.0,0.0,0.0,0.0,-9.3765565142e-10,0.22856864836,0.0048501449196,0.035409066509,0.0061555506053
ag03,ok,,51.324712992,1310811015.3,652221.14956,3167833.3493,416030915.12,515769.38734,94446115.803,0.0,0.0,0.0,-3.1512243312e-08,2.5431855894e-09,2.1227323664e-09,3.6705454736e-08,0.0,0.0,-2.0202481279e-08,0.0,0.0,0.0,0.0,-1.730709354e-08,0.21360771764,0.014347437351,0.013176485564,0.023940073883
ag08,ok,,50.664598551,1293951977.4,495002.9151,2784569.9848,413399994.44,399777.44586,91669717.698,0.0,0.0,0.0,-3.4097808147e-08,2.3882760179e-09,1.7926905624e-09,4.3653008974e-08,0.0,0.0,3.4634138368e-08,0.0,0.0,0.0,0.0,-8.2080536494e-09,0.20867344554,0.012946934727,-0.017143999454,0.021608366695
ag11,ok,,51.536277318,1316214276.8,564659.29193,2830983.287,418402729.65,450720.79645,95816902.707,0.0,0.0,0.0,-4.1912826282e-08,2.7717456959e-09,3.3357399651e-09,4.7399596527e-08,0.0,0.0,-3.111375093e-08,0.0,0.0,0.0,0.0,-2.8042518268e-08,0.21477837982,0.016178921418,0.017568668569,0.026764622612
ag04,ok,,50.676753137,1294262400.3,621288.27519,3303954.7386,412886627.59,497168.63047,91546813.283,0.0,0.0,0.0,-2.6975102105e-08,2.3712046237e-09,1.5641285205e-09,3.3880341973e-08,0.0,0.0,2.685155042e-08,0.0,0.0,0.0,0.0,-7.2291094484e-09,0.20819786626,0.012663057911,-0.016682553447,0.021049459227
ag12,ok,,48.591739572,1241012053.8,530852.1281,3337856.4735,401501874.63,427944.42343,82453996.126,0.0,0.0,0.0,-3.2472456477e-08,2.3003994774e-09,8.0517208067e-10,4.0321124977e-08,0.0,0.0,4.714029598e-08,0.0,0.0,0.0,0.0,1.514884244e-09,0.19141282544,0.014020502893,-0.02502452644,0.021404555001
ag10,ok,,50.189454302,1281816998.4,289286.77509,1986448.5813,414046427.69,235565.43249,90762911.737,0.0,0.0,0.0,-5.6337259934e-08,2.6096604814e-09,4.789271806e-09,7.043329591e-08,0.0,0.0,1.0515952464e-07,0.0,0.0,0.0,0.0,-2.6041833196e-08,0.20548341599,0.012011014742,-0.030421259753,0.020375421033
ag09,ok,,49.625127279,1267404329.8,329988.12184,2199757.9884,408985360.32,269903.15953,87473935.157,0.0,0.0,0.0,-5.2774010921e-08,2.6144719268e-09,3.2911814506e-09,6.6943012097e-08,0.0,0.0,4.2648626512e-08,0.0,0.0,0.0,0.0,-2.2262813581e-08,0.20095112109,0.013036868623,-0.014073540162,0.022090398832
ag13,ok,,48.239789102,1232023390.7,455025.8392,3060363.7499,399920582.02,370589.66757,81167715.416,0.0,0.0,0.0,-4.0386237875e-08,2.3142359086e-09,9.7126257598e-10,5.0399568182e-08,0.0,0.0,4.8756398192e-08,0.0,0.0,0.0,0.0,1.0049443072e-09,0.18906203655,0.015037135421,-0.022185421004,0.022933105807
ag14,ok,,47.712798023,1218564266.0,370605.55137,2759142.9517,397430082.0,307253.18844,79267907.305,0.0,0.0,0.0,-5.2578945833e-08,2.3700330397e-09,1.5597059664e-09,6.6278619849e-08,0.0,0.0,5.850398054e-08,0.0,0.0,0.0,0.0,-1.9473206399e-09,0.18537379795,0.016044141579,-0.021681899965,0.024563224453
ag16,ok,,49.699325109,1269299310.2,740220.46594,4094739.2519,406441636.8,596547.16156,86806035.352,0.0,0.0,0.0,-2.260408583e-08,2.2456974623e-09,6.5025738102e-11,2.877978073e-08,0.0,0.0,2.6961369242e-08,0.0,0.0,0.0,0.0,3.7116734113e-09,0.19928374708,0.013925723716,-0.019957357302,0.021303382702
ag23,ok,,51.589075155,1317562711.0,1379122.7855,6088688.9493,415183425.16,1101419.5997,95143979.497,0.0,0.0,0.0,-1.476089817e-08,2.2199083318e-09,-5.5486753556e-10,1.8394769038e-08,0.0,0.0,-1.4765401471e-08,0.0,0.0,0.0,0.0,9.1443475653e-10,0.21262518519,0.016472110519,0.020363301607,0.025368645115
ag17,ok,,49.158059107,1255475610.3,597873.14626,3575440.2802,404003305.38,485478.85816,84617571.953,0.0,0.0,0.0,-3.0623396418e-08,2.2713188296e-09,3.4439826598e-10,3.8810847904e-08,0.0,0.0,2.954362211e-08,0.0,0.0,0.0,0.0,2.6765785868e-09,0.19556032184,0.015121152652,-0.017663338303,0.023203963746
ag24,ok,,51.242297073,1308706148.3,1191579.8584,5514056.7799,413502283.78,956564.08966,93522039.272,0.0,0.0,0.0,-1.7097588472e-08,2.2257453521e-09,-5.0071749904e-10,2.1499297451e-08,0.0,0.0,-9.7980725749e-09,0.0,0.0,0.0,0.0,1.3883348558e-09,0.21027939709,0.016634226407,0.011675185931,0.025618129811
ag25,ok,,50.655206064,1293712097.3,922462.2364,4672197.5801,410703131.67,750911.23584,90857755.664,0.0,0.0,0.0,-2.3704486867e-08,2.245065732e-09,-3.7230910268e-10,3.0143834092e-08,0.0,0.0,-5.0827774559e-09,0.0,0.0,0.0,0.0,1.3980310692e-09,0.20624239366,0.018016498245,0.0046886702591,0.02780654861
ag18,ok,,48.496086903,1238569125.9,470943.27465,3132657.7449,401000544.79,388061.92433,82071580.06,0.0,0.0,0.0,-4.185976258e-08,2.3047734637e-09,6.2115680771e-10,5.3273011276e-08,0.0,0.0,3.0992615692e-08,0.0,0.0,0.0,0.0,1.3048582146e-09,0.19089596919,0.016340847417,-0.014595763924,0.02508856638
ag26,ok,,50.05784798,1278455829.6,715220.9989,4042834.1901,408130099.32,594314.03551,88328580.422,0.0,0.0,0.0,-3.18658618e-08,2.2751255384e-09,-5.2024557848e-11,4.1418298849e-08,0.0,0.0,1.3574215146e-09,0.0,0.0,0.0,0.0,5.7510836215e-10,0.20192062426,0.019007346611,-0.00097085637157,0.029623237076
ag19,ok,,47.931462869,1224148871.8,388206.99473,2858490.1362,398392033.59,325573.61373,80015338.923,0.0,0.0,0.0,-5.3091304084e-08,2.3407355334e-09,7.7857377083e-10,6.8323770239e-08,0.0,0.0,2.9240030877e-08,0.0,0.0,0.0,0.0,-3.0001288748e-10,0.18687980481,0.01726687417,-0.011351184513,0.026523765513
ag27,ok,,49.37473634,1261009453.3,532887.59374,3523926.5138,405336099.57,458913.78622,85641647.166,0.0,0.0,0.0,-4.3673610804e-08,2.3063082805e-09,3.9776692578e-10,5.9024211647e-08,0.0,0.0,1.1591822125e-08,0.0,0.0,0.0,0.0,-3.1145654411e-10,0.19698143137,0.020014267612,-0.0061771381993,0.031453270117
ag35,ok,,53.261440233,1360274193.0,1388969.8305,5752303.165,426701623.8,1118071.0825,104184363.41,0.0,0.0,0.0,-3.5469197533e-08,3.4147422009e-09,5.1287366889e-09,3.5515390973e-08,0.0,0.0,-1.6314293231e-08,0.0,0.0,0.0,0.0,-3.1176282332e-08,0.22651582005,0.03180046057,0.022660061104,0.049329806579
ag36,ok,,53.207394826,1358893896.6,1201444.849,5009590.2688,426702352.88,964922.0319,103969883.12,0.0,0.0,0.0,-3.840589635e-08,3.41935195e-09,5.4302955961e-09,3.8399850527e-08,0.0,0.0,-1.8010035704e-08,0.0,0.0,0.0,0.0,-3.3250961308e-08,0.2270242741,0.029805718486,0.021638064626,0.046135302616
ag37,ok,,53.434423887,1364692120.9,1070666.3821,4418552.7515,428602914.98,855562.61562,105320268.69,0.0,0.0,0.0,-4.0939058698e-08,3.3937095401e-09,5.782517766e-09,4.0618503464e-08,0.0,0.0,-1.7536453398e-08,0.0,0.0,0.0,0.0,-3.463828023e-08,0.22933109523,0.0282546914,0.018775691114,0.043488866149
ag38,ok,,53.608967179,1369149881.2,901223.70725,3664904.3361,430295218.16,711313.48888,106426562.74,0.0,0.0,0.0,-4.489701727e-08,3.3089154425e-09,5.2769869394e-09,4.3880399607e-08,0.0,0.0,-3.5887053446e-08,0.0,0.0,0.0,0.0,-3.5336973874e-08,0.23182823767,0.026125324545,0.032342263349,0.039546056409
ag44ct02r,ok,,51.159028846,1306579513.7,846454.75867,4155583.3922,414283438.97,679103.69643,93455457.631,0.0,0.0,0.0,-2.2710895945e-08,2.4270914312e-09,2.0261560796e-09,2.7291659432e-08,0.0,0.0,1.4874489975e-08,0.0,0.0,0.0,0.0,-1.1290808998e-08,0.21053728981,0.01380954921,-0.012590582822,0.023101154999
ag455ct02r,ok,,49.907102307,1274605850.3,625825.76269,3433056.0477,408019410.13,498705.5415,87846854.707,0.0,0.0,0.0,-2.8995223583e-08,2.5184504877e-09,2.7549972719e-09,3.4147484764e-08,0.0,0.0,3.2492024497e-08,0.0,0.0,0.0,0.0,-1.5816108947e-08,0.20113334338,0.012874428697,-0.020334346012,0.021370375696
ag45ct02r,ok,,50.367998887,1286376950.0,725760.80731,3814622.7035,410226911.93,580705.82979,89850330.312,0.0,0.0,0.0,-2.5205539903e-08,2.4766563641e-09,2.40783189e-09,3.0086704935e-08,0.0,0.0,2.3908732947e-08,0.0,0.0,0.0,0.0,-1.3678359678e-08,0.20452530715,0.01301326478,-0.017352021326,0.021835751263
ag45c03,ok,,49.643719791,1267879174.5,708213.74197,4014769.9307,406297366.39,573753.61009,86624207.267,0.0,0.0,0.0,-3.4428990395e-08,2.0979881221e-09,-6.1104909292e-10,3.8228487033e-08,0.0,0.0,3.6675336901e-08,0.0,0.0,0.0,0.0,9.4543855609e-09,0.19790908027,0.0208279299,-0.025973977585,0.027073939851
ag46c03,ok,,49.060602971,1252986622.6,538168.30028,3128738.1027,403503753.85,424408.02113,84189327.667,0.0,0.0,0.0,-4.0983672276e-08,2.0178209707e-09,-1.965955988e-09,4.3872595409e-08,0.0,0.0,2.4727386286e-08,0.0,0.0,0.0,0.0,1.6869633515e-08,0.19457366174,0.018787838345,-0.013307495448,0.0236108401
ag46ct02r,ok,,49.690375777,1269070748.7,547419.3746,3052686.0725,407094927.47,432142.14149,86959940.145,0.0,0.0,0.0,-3.0646881471e-08,2.518844623e-09,2.7012232968e-09,3.5729630755e-08,0.0,0.0,3.1592817609e-08,0.0,0.0,0.0,0.0,-1.6488517567e-08,0.200037891,0.011819065438,-0.017294520457,0.019559092123
ag52,ok,,52.642448303,1344465406.3,1261425.7425,5165874.0323,422422786.33,991901.27269,100754834.22,0.0,0.0,0.0,-1.3605939693e-08,2.2474480984e-09,4.4265134093e-11,1.6651259956e-08,0.0,0.0,-2.089843274e-08,0.0,0.0,0.0,0.0,-2.7830561126e-09,0.22265522404,0.012881204526,0.026361821037,0.021004327955
ag53,ok,,52.395618193,1338161471.8,1154927.799,4873021.8605,421096375.05,910306.05486,99511266.708,0.0,0.0,0.0,-1.518291079e-08,2.2685026181e-09,2.1616949925e-10,1.8539273652e-08,0.0,0.0,-1.7998098227e-08,0.0,0.0,0.0,0.0,-3.550202282e-09,0.22085640203,0.013107476552,0.020786503973,0.021411522515
ag47c03,ok,,47.257076783,1206925342.3,355446.97259,2432230.6776,394780478.37,270878.97502,77550680.978,0.0,0.0,0.0,-5.3874718624e-08,1.8523650834e-09,-3.9698754531e-09,5.5135088012e-08,0.0,0.0,4.9946482436e-09,0.0,0.0,0.0,0.0,3.3858063729e-08,0.18195850688,0.016263722591,-0.0017753325973,0.019597600117
ag54,ok,,51.776296942,1322344274.4,955057.40425,4338255.007,417817478.76,757380.38473,96468041.693,0.0,0.0,0.0,-1.9103137283e-08,2.3195013652e-09,6.4446932003e-10,2.3290609235e-08,0.0,0.0,-9.5510231457e-09,0.0,0.0,0.0,0.0,-5.4048115777e-09,0.21621030368,0.013583514381,0.0091217753734,0.022243868799
ah21-9,ok,,52.66315331,1344994203.2,973094.11991,3677464.5763,422478612.7,737894.78863,100820888.91,0.0,0.0,0.0,-1.6657094403e-08,2.154708786e-09,-3.4033209164e-09,2.0043221617e-08,0.0,0.0,-1.0777981446e-07,0.0,0.0,0.0,0.0,6.7593326742e-09,0.22561043012,0.013416791199,0.1048799037,0.019503941099
ah21-7,ok,,53.541550168,1367428079.8,1709484.8594,6112917.506,427443280.99,1316467.0007,105449058.82,0.0,0.0,0.0,-1.1971338046e-08,2.1073212604e-09,-2.3510926106e-09,1.4705688058e-08,0.0,0.0,-5.7697719132e-08,0.0,0.0,0.0,0.0,4.3502826092e-09,0.22943723919,0.017074426479,0.09863337728,0.025139151082
ag47ct02r,ok,,48.031697788,1226708828.4,348866.03085,2264118.2209,399134130.88,265569.62914,80492097.872,0.0,0.0,0.0,-3.9174997827e-08,2.5456148301e-09,2.2932859319e-09,4.3568305564e-08,0.0,0.0,1.5773019922e-08,0.0,0.0,0.0,0.0,-1.97822585e-08,0.18833024774,0.0094145447683,-0.0055026708547,0.015199501833
ag55,ok,,50.623194973,1292894547.9,674467.31508,3505419.5523,412092434.12,539409.12408,91149309.948,0.0,0.0,0.0,-2.9025373034e-08,2.435605612e-09,1.4895896258e-09,3.5069201433e-08,0.0,0.0,2.320804144e-09,0.0,0.0,0.0,0.0,-1.0183339739e-08,0.20746455284,0.014517391736,-0.0015653065398,0.023653030132
ah63k127,ok,,53.260296428,1360244980.7,3122899.1778,12399728.107,421564901.9,2611269.9063,102937803.67,0.0,0.0,0.0,-1.0314868254e-08,2.2123637264e-09,-1.4011825793e-09,1.3865309075e-08,0.0,0.0,-3.8010785717e-08,0.0,0.0,0.0,0.0,-1.4371967495e-09,0.22374777147,0.026095577228,0.11870385146,0.04329996231
ah6407,ok,,53.747747012,1372694258.2,744753.25876,6198946.2533,429354426.91,871342.44374,106859406.06,0.0,0.0,0.0,-4.7076642437e-08,2.4792885095e-09,-3.4502280719e-09,8.9468972289e-08,0.0,0.0,-6.6725319792e-08,0.0,0.0,0.0,0.0,-7.7012865218e-09,0.2311657602,0.039470440639,0.049693899357,0.066632308671
ah7476,ok,,53.753833493,1372849704.3,578375.63444,6381886.6104,429232077.4,801784.61246,106887284.27,0.0,0.0,0.0,-5.6137634908e-08,2.0962057711e-09,-1.3033546473e-08,1.2764676141e-07,0.0,0.0,-1.7463016975e-07,0.0,0.0,0.0,0.0,1.4165426759e-09,0.2308724772,0.045272566904,0.10100183522,0.073827776615
ah79100c,ok,,54.127679875,1382397579.5,2006254.8523,10415588.326,426833517.65,1965139.4639,107678315.13,0.0,0.0,0.0,-2.3416271964e-08,1.8782352803e-09,-4.3739925587e-09,3.8385777601e-08,0.0,0.0,-4.4195435336e-08,0.0,0.0,0.0,0.0,5.1052650708e-09,0.22752081271,0.048303808633,0.088667306593,0.07701165257
ah79k132,ok,,53.788245519,1373728572.6,3573782.2569,13618933.064,424605691.36,2966432.4214,105752530.78,0.0,0.0,0.0,-9.0912022947e-09,2.2457765234e-09,-5.6508800602e-10,1.1916248839e-08,0.0,0.0,-3.119351779e-08,0.0,0.0,0.0,0.0,-3.9290222905e-09,0.22625785784,0.024334762984,0.11147884041,0.042586078668
ah79k135,ok,,53.776706635,1373433874.5,3710780.6295,13741413.572,424799696.02,3032473.1549,105754336.17,0.0,0.0,0.0,-7.424563138e-09,2.2143407973e-09,-4.176383476e-10,9.5334536338e-09,0.0,0.0,-2.9567385085e-08,0.0,0.0,0.0,0.0,-3.1669811716e-09,0.22661320481,0.020340375438,0.10971807984,0.035376555077
ah80129,ok,,53.844147315,1375156280.3,3302647.2676,12989549.819,424947641.54,2801582.6645,106055210.97,0.0,0.0,0.0,-1.0417321502e-08,2.2942538857e-09,-9.2598662854e-10,1.4449838915e-08,0.0,0.0,-3.8745216445e-08,0.0,0.0,0.0,0.0,-4.6113277336e-09,0.22900278693,0.026230994256,0.12796178323,0.047722721011
ah81k144,ok,,54.01453323,1379507863.1,4207014.3663,16283945.724,424632067.74,3568227.9451,106659680.96,0.0,0.0,0.0,-8.244009165e-09,2.1791805124e-09,-9.2721002622e-10,1.1609509717e-08,0.0,0.0,-2.6610610393e-08,0.0,0.0,0.0,0.0,-1.9603191126e-09,0.22626832268,0.02783519655,0.11195122022,0.048841374165
ah81k144wfKlappe,ok,,56.665223443,1447205346.9,5894866.5321,27130755.87,436955997.73,5617825.0621,120917712.02,0.0,0.0,0.0,-1.6557419426e-09,1.8111703181e-09,4.5727745579e-10,2.1764607875e-09,0.0,0.0,2.0522403281e-08,0.0,0.0,0.0,0.0,-8.8053041586e-10,0.21800658613,0.0082234738839,-0.12097682826,0.012829945854
ah80140,ok,,53.850323639,1375314021.0,3334706.5691,14671206.474,424918147.18,2944271.8202,106075810.31,0.0,0.0,0.0,-1.0656258008e-08,2.3253173315e-09,1.485462095e-09,1.4630915104e-08,0.0,0.0,3.5152612261e-10,0.0,0.0,0.0,0.0,-8.1745176614e-09,0.21930709214,0.026112203987,-0.0011722364703,0.048789808711
ah83159,ok,,53.588325087,1368622691.1,5196010.9239,19284293.693,420592098.35,4272857.0602,104004600.12,0.0,0.0,0.0,-6.6431119273e-09,2.1834884141e-09,-6.9747445788e-10,8.3050713282e-09,0.0,0.0,-2.4973840316e-08,0.0,0.0,0.0,0.0,-1.9759573555e-09,0.22124257935,0.026519091819,0.12976434709,0.043153241345
ah85l120,ok,,53.526673594,1367048138.6,3089323.4513,425707178.34,10593179.761,2378601.1676,104981111.97,0.0,0.0,0.0,-1.5035859511e-17,2.1822739106e-09,-5.1477539033e-17,3.7659896124e-16,0.0,0.0,-5.0396336303e-08,0.0,0.0,0.0,0.0,5.1477514079e-17,0.22909754177,6.3816041235e-11,0.1556905836,1.1634360027e-09
ah88k136,ok,,54.676738671,1396420304.2,3897626.1788,13887080.718,430282481.07,3221173.0968,110745195.59,0.0,0.0,0.0,-7.1739229131e-09,2.2544375226e-09,6.3293591885e-11,9.4393761035e-09,0.0,0.0,-3.4073270246e-08,0.0,0.0,0.0,0.0,-6.0449932592e-09,0.23410054397,0.018557298642,0.13280487011,0.036791159413
ah93156,ok,,54.381269222,1388874142.0,5314873.8757,18998102.064,426503199.43,4358013.4492,108617420.57,0.0,0.0,0.0,-6.2395061517e-09,2.1654736741e-09,-3.5457135295e-10,8.0789695022e-09,0.0,0.0,-2.2629579003e-08,0.0,0.0,0.0,0.0,-2.9704513955e-09,0.22639383925,0.024265360132,0.12027335826,0.04293870395
ah93157,ok,,54.483743938,1391491302.0,5318657.1658,18890753.48,427353719.89,4356431.0106,109244628.63,0.0,0.0,0.0,-6.2281766547e-09,2.1618934156e-09,-2.7607190826e-10,7.9877900277e-09,0.0,0.0,-2.1729304982e-08,0.0,0.0,0.0,0.0,-3.102542052e-09,0.22693407351,0.02406995932,0.11557072365,0.042484316669
ah93k131,ok,,54.407984527,1389556439.5,3575562.246,13366491.605,428481603.63,3012329.8002,109197807.36,0.0,0.0,0.0,-8.8220968785e-09,2.303658965e-09,6.5236537698e-12,1.2147150618e-08,0.0,0.0,-3.3924827723e-08,0.0,0.0,0.0,0.0,-6.9234477614e-09,0.23135051368,0.021759824211,0.12130033321,0.043432893146
ah93k130,ok,,54.445443257,1390513119.2,3603233.9306,13353612.526,428802378.39,3023673.1389,109432283.53,0.0,0.0,0.0,-8.7180671207e-09,2.28726179e-09,-2.0386885742e-10,1.2019430692e-08,0.0,0.0,-3.6244638431e-08,0.0,0.0,0.0,0.0,-6.3401033704e-09,0.23191635346,0.02192294499,0.13059791099,0.043308820497
ah93k132,ok,,54.15796458,1383171037.8,3729819.1128,13806346.661,426401052.84,3108304.1042,107676666.6,0.0,0.0,0.0,-8.410739544e-09,2.2893212111e-09,-2.3006054481e-10,1.1368243236e-08,0.0,0.0,-3.5622831636e-08,0.0,0.0,0.0,0.0,-5.9445453929e-09,0.22968585279,0.021906830736,0.13286671829,0.042401490899
ah93w174,ok,,54.337760705,1387762953.3,5515875.5907,21669381.225,424398302.72,4748599.6738,107901162.51,0.0,0.0,0.0,-5.6773240442e-09,2.0656897374e-09,-1.9009825909e-11,7.8499071827e-09,0.0,0.0,-4.8782004413e-09,0.0,0.0,0.0,0.0,-1.1789259657e-09,0.21945358712,0.02573162721,0.02690754674,0.043299111418
ah93w215,ok,,56.482312072,1442533869.5,8668179.5788,29933494.142,436001902.91,7437654.9003,119840921.23,0.0,0.0,0.0,-2.9082334062e-09,1.9278991764e-09,4.0155750631e-11,3.9131502142e-09,0.0,0.0,-3.3650954054e-09,0.0,0.0,0.0,0.0,-7.6142116577e-10,0.22905954821,0.020333924512,0.029169251274,0.033919888775
ah93w145,ok,,54.578239736,1393904683.9,3918297.5623,15082657.463,429846138.6,3323985.0454,110226584.7,0.0,0.0,0.0,-8.193907418e-09,2.1475505341e-09,1.7883931396e-11,1.111861585e-08,0.0,0.0,-1.12377761e-08,0.0,0.0,0.0,0.0,-2.7167382628e-09,0.22854112271,0.025174725538,0.044032950697,0.043566045381
ah93w257,ok,,57.149841391,1459582280.1,10990546.668,41615117.392,432972235.53,9990514.965,121862940.8,0.0,0.0,0.0,-1.3327358462e-10,1.8425510569e-09,-5.0136008766e-10,5.8013638562e-10,0.0,0.0,-2.1699460075e-10,0.0,0.0,0.0,0.0,2.2337829584e-09,0.22477925128,0.0063512374751,0.0023848892861,0.0063760160197
ah93w480b,ok,,69.122382019,1765355799.8,64751947.47,145907629.88,470962754.21,59576092.995,195367317.09,0.0,0.0,0.0,-4.2217575363e-10,1.365098396e-09,-1.8153784956e-11,5.3809649949e-10,0.0,0.0,-3.7359338659e-09,0.0,0.0,0.0,0.0,-2.7666647206e-10,0.26523182508,0.020787973437,0.24190899343,0.034842796269
ah94156,ok,,54.003524387,1379226702.0,5168738.4211,18620849.911,423830843.25,4226131.9919,106438707.32,0.0,0.0,0.0,-6.4701885184e-09,2.1713306735e-09,-5.13037266e-10,8.1457671989e-09,0.0,0.0,-2.380268347e-08,0.0,0.0,0.0,0.0,-2.416060249e-09,0.22405672246,0.025058840335,0.12302984458,0.042103339891
ah94145,ok,,54.157672891,1383163588.2,4171461.7311,17204253.396,424573283.52,3678996.3343,107221414.78,0.0,0.0,0.0,-1.0503903281e-08,2.165657572e-09,-7.9491438815e-10,1.5245619751e-08,0.0,0.0,-1.9442410528e-08,0.0,0.0,0.0,0.0,-2.3618564766e-09,0.2224004892,0.036714196466,0.081103271478,0.063596519356
ames01,ok,,54.552717408,1393252854.7,2311856.1363,7992229.5877,434999817.95,1775899.8527,111423515.34,0.0,0.0,0.0,-6.566041484e-09,2.1826253475e-09,1.0896109379e-09,6.9568904884e-09,0.0,0.0,-2.5454874146e-08,0.0,0.0,0.0,0.0,-6.9813368664e-09,0.23408716281,0.008759751674,0.058848006994,0.016083329965
ah95160,ok,,54.892388798,1401927915.3,5056463.7756,19966690.17,428331341.07,4454739.997,111141061.01,0.0,0.0,0.0,-8.6904116028e-09,2.1235496457e-09,-4.9656443668e-10,1.2617603122e-08,0.0,0.0,-1.5077520419e-08,0.0,0.0,0.0,0.0,-2.3394827477e-09,0.22592084905,0.03636314004,0.076238935824,0.063800453122
amsoil1,ok,,54.58774903,1394147547.2,2897997.7316,10132512.938,433973962.05,2279113.2378,111308009.59,0.0,0.0,0.0,-6.3986095058e-09,2.096250551e-09,-4.4083038667e-10,8.4687834304e-09,0.0,0.0,-2.8514672473e-08,0.0,0.0,0.0,0.0,-1.3341177077e-09,0.23116170487,0.013880415129,0.082635456142,0.02454251517
ames02,ok,,53.513548947,1366712940.7,1159407.3134,4392925.845,430847282.75,873113.34285,106233066.39,0.0,0.0,0.0,-5.7700699677e-09,2.1564615574e-09,7.0225527968e-12,5.3108645032e-09,0.0,0.0,-3.0428954844e-08,0.0,0.0,0.0,0.0,-9.3904138673e-10,0.22858479898,0.0048505140743,0.035279552785,0.0061574551455
apex16,ok,,54.175418212,1383616796.1,3163747.407,11112755.185,428703977.12,2554930.7123,108303339.72,0.0,0.0,0.0,-7.6898488266e-09,2.1242392927e-09,-1.3481728238e-09,9.4222287104e-09,0.0,0.0,-3.811820025e-08,0.0,0.0,0.0,0.0,1.0302948862e-09,0.23225287881,0.020258541403,0.1205963572,0.029809551651
amsoil2,ok,,54.594645238,1394323673.4,2978112.7286,10090715.306,434382661.69,2299913.8965,111438433.5,0.0,0.0,0.0,-2.7523405917e-09,2.0726839235e-09,-4.2960765805e-10,3.7553402553e-09,0.0,0.0,-2.7185041487e-08,0.0,0.0,0.0,0.0,5.5005108908e-10,0.23136429005,0.0066228492532,0.080960118081,0.011183826614
apex16_NASA_CR-201062,ok,,54.817013613,1400002865.6,3305153.0215,11341897.29,433657896.04,2670562.8435,112171358.4,0.0,0.0,0.0,-7.4699182936e-09,2.1022631954e-09,-1.261557089e-09,9.1443834067e-09,0.0,0.0,-3.755147583e-08,0.0,0.0,0.0,0.0,6.4490963153e-10,0.237256112,0.020357567584,0.1241133738,0.030223586446
arad10,ok,,56.214326393,1435689630.9,2179694.2245,8218012.4502,445320104.35,1839297.6436,121153353.36,0.0,0.0,0.0,-1.6984092499e-08,2.314307821e-09,1.6649258949e-09,2.2312397654e-08,0.0,0.0,-7.6570421958e-09,0.0,0.0,0.0,0.0,-9.6488119161e-09,0.24377873418,0.026921063585,0.016690010651,0.048634204301
aquilasm,ok,,52.946915957,1352241378.8,1616618.8132,7320243.0481,422210157.54,1389923.7353,101876334.13,0.0,0.0,0.0,-2.2879494763e-08,2.5895365838e-09,1.105046301e-09,2.9404780168e-08,0.0,0.0,-2.5537526714e-08,0.0,0.0,0.0,0.0,-1.3259601852e-08,0.22076389972,0.027741666877,0.041284446129,0.047536320819
arad13,ok,,56.757528882,1449562788.0,3541043.7263,12112086.858,447791515.23,2946824.8983,124221367.81,0.0,0.0,0.0,-9.8225143952e-09,2.1807657218e-09,1.9521826562e-09,1.2074983604e-08,0.0,0.0,2.9777207078e-09,0.0,0.0,0.0,0.0,-7.9138906964e-09,0.24229139119,0.023307780409,-0.010544239231,0.042758044935
arad6,ok,,55.178868413,1409244481.0,768954.83774,5060328.4656,438609783.41,834644.68755,114951535.36,0.0,0.0,0.0,-4.3999233115e-08,2.5137169152e-09,-5.6171018226e-09,7.8471576907e-08,0.0,0.0,-1.2087215339e-07,0.0,0.0,0.0,0.0,-1.101867299e-08,0.2424162356,0.034497241717,0.092945227101,0.060341098688
arad20,ok,,57.955719959,1480164070.9,7686112.4294,25125998.839,449770628.47,6570535.9241,130184829.2,0.0,0.0,0.0,-4.555215437e-09,1.9711404654e-09,1.2652179841e-09,4.9699237127e-09,0.0,0.0,2.1503177649e-09,0.0,0.0,0.0,0.0,-4.7553698264e-09,0.23781935619,0.02252264489,-0.0165275841,0.038199392422
as5048,ok,,55.877459308,1427086191.0,6459779.1533,21113777.703,436673776.97,5320505.3531,117405515.18,0.0,0.0,0.0,-2.0281188738e-09,2.0201118484e-09,-1.6394165797e-11,2.022097857e-09,0.0,0.0,-1.1080237853e-08,0.0,0.0,0.0,0.0,-5.2871708665e-10,0.23650048635,0.010125415431,0.071575889495,0.013062305582
atr72sm,ok,,54.56421015,1393546374.3,4245094.6245,15478484.508,430311944.88,3442987.5508,110321956.28,0.0,0.0,0.0,-6.444062029e-09,2.1539031007e-09,1.1336718621e-09,7.1385279809e-09,0.0,0.0,-2.5330037019e-09,0.0,0.0,0.0,0.0,-5.8060409073e-09,0.22331333641,0.017730079869,0.010752840399,0.030303726759
avistar,ok,,55.783586738,1424688726.0,4277798.5546,14334078.641,439672955.84,3484214.5326,117800446.75,0.0,0.0,0.0,-4.4244048798e-09,2.0548852406e-09,5.3200505597e-11,6.176540085e-09,0.0,0.0,-1.4218802574e-08,0.0,0.0,0.0,0.0,-1.9559185852e-09,0.23850294081,0.013790876439,0.060825173099,0.026421994248
august160,ok,,55.170143467,1409021649.7,4423120.265,17862754.342,431421028.22,3889767.9477,113078456.83,0.0,0.0,0.0,-1.0429368167e-08,2.4192839689e-09,2.3771656165e-09,1.2846133752e-08,0.0,0.0,3.7439865851e-09,0.0,0.0,0.0,0.0,-1.0723201233e-08,0.22388402547,0.031285923671,-0.016560102937,0.056819994528
b29root,ok,,56.485519885,1442615795.6,9690854.2022,31957418.651,435830648.78,8128831.0845,119825752.3,0.0,0.0,0.0,-1.4334212744e-09,1.9236856759e-09,2.4000023823e-10,1.964757897e-09,0.0,0.0,-4.9355785029e-09,0.0,0.0,0.0,0.0,-1.441203638e-09,0.22846090961,0.0089768730384,0.047829971675,0.019040182322
b707b,ok,,45.097730293,1151776565.0,1363436.8,5819576.2752,379524986.44,2306461.3013,70291855.28,0.0,0.0,0.0,-1.5104933032e-09,2.24921118e-09,2.9605662208e-09,3.8892152667e-09,0.0,0.0,2.238049351e-07,0.0,0.0,0.0,0.0,-4.6231260569e-09,0.15695048384,0.0018105345823,-0.30514388455,0.0053026992177
b29tip,ok,,52.709154806,1346169061.6,1470841.1601,6039910.7036,421644296.24,1188641.8614,100802803.43,0.0,0.0,0.0,-1.3279901776e-08,2.431298253e-09,1.5215403682e-09,1.6959334582e-08,0.0,0.0,-3.8582584438e-08,0.0,0.0,0.0,0.0,-1.3795784097e-08,0.2230634376,0.012130499688,0.056748853255,0.024944487352
b707c,ok,,53.123526433,1356751934.1,1681697.2468,6194904.2575,424314384.42,1319057.5102,103040911.38,0.0,0.0,0.0,-1.2130320108e-08,2.343952856e-09,7.0587931944e-10,1.2201172098e-08,0.0,0.0,-6.2450948168e-08,0.0,0.0,0.0,0.0,-9.8099023398e-09,0.22530833,0.013087359531,0.1050235876,0.020518677525
b540ols,ok,,53.356879114,1362711660.8,1497841.7586,6412116.1725,428441463.31,1196932.6093,105022322.93,0.0,0.0,0.0,8.4001036694e-16,2.1315140331e-09,-1.0949393403e-15,-3.0923844938e-15,0.0,0.0,3.8740485153e-08,0.0,0.0,0.0,0.0,3.1750928467e-15,0.22385655512,-1.5469757914e-10,-0.058027116412,-4.6319026286e-09
b707a,ok,,53.904868072,1376707062.3,2289651.0879,9015161.0879,428736453.87,1862195.1898,107214580.27,0.0,0.0,0.0,2.8773885731e-09,2.0962149389e-09,-2.8554570718e-10,-5.4818997585e-09,0.0,0.0,1.1640749483e-08,0.0,0.0,0.0,0.0,1.0370698411e-09,0.22414817227,-0.0049253969715,-0.026653254718,-0.012551637746
b707d,ok,,52.838157553,1349463736.1,1474083.6154,5566228.7137,422613954.48,1156529.873,101532342.29,0.0,0.0,0.0,-1.4821658496e-08,2.3796646552e-09,-5.6037175461e-11,1.5763155495e-08,0.0,0.0,-7.9654234113e-08,0.0,0.0,0.0,0.0,-9.0454498381e-09,0.22584314996,0.014780706845,0.1174170014,0.023236209242
b737a,ok,,54.812027647,1399875526.2,4373893.1248,16717528.321,432035944.53,3626846.9819,111775300.62,0.0,0.0,0.0,-3.6909348022e-09,2.0325055843e-09,1.161725849e-09,2.9858304342e-09,0.0,0.0,9.5525475255e-09,0.0,0.0,0.0,0.0,-4.7742339099e-09,0.21996993333,0.0095805546372,-0.041781821946,0.013059703208
b737b,ok,,54.079688088,1381171890.0,2974299.7968,11074073.816,429713789.98,2381054.659,108173387.3,0.0,0.0,0.0,-5.3819207948e-09,2.1585180846e-09,1.3291967814e-09,4.692038703e-09,0.0,0.0,2.2044025172e-09,0.0,0.0,0.0,0.0,-6.1341714954e-09,0.22494005708,0.0095312981656,-0.0065565539589,0.013955529761
b737c,ok,,53.445302731,1364969961.8,1844346.3159,6620495.9496,426634650.75,1435729.4287,104862393.64,0.0,0.0,0.0,-8.3569082551e-09,2.2811969077e-09,8.5964066349e-10,8.0631310383e-09,0.0,0.0,-4.8383327689e-08,0.0,0.0,0.0,0.0,-7.6749933159e-09,0.22952589846,0.0094702301869,0.089235612171,0.014871206025
b707e,ok,,53.205125717,1358835944.6,1495158.7049,5550365.2251,425074497.1,1178632.9609,103544101.22,0.0,0.0,0.0,-1.2633161519e-08,2.296887093e-09,-3.841858147e-10,1.4239514822e-08,0.0,0.0,-7.5882425821e-08,0.0,0.0,0.0,0.0,-6.1993626008e-09,0.22825835319,0.013222742688,0.11345626951,0.02129033454
b737d,ok,,53.674650331,1370827400.5,2204949.4835,7833882.7726,427778664.63,1730197.8424,106057724.99,0.0,0.0,0.0,-7.5710582434e-09,2.2535399164e-09,4.6662552384e-10,7.5683036867e-09,0.0,0.0,-4.9576070413e-08,0.0,0.0,0.0,0.0,-6.1369121727e-09,0.23045193527,0.010653694547,0.10931273085,0.016687727305
bacj,ok,,52.904840079,1351166779.0,2081308.8314,7590628.9305,423344275.88,1592159.6524,101975805.33,0.0,0.0,0.0,-1.8957152132e-09,2.1303803723e-09,-2.8615146773e-09,2.9465751753e-09,0.0,0.0,-4.2810849699e-08,0.0,0.0,0.0,0.0,1.2946950463e-08,0.22113839931,0.0075800158994,0.08910259956,0.0061327329349
bacxxx,ok,,54.3240039,1387411610.4,2641317.6577,8852557.6742,431941496.02,2038626.5839,109712158.05,0.0,0.0,0.0,-5.7747673017e-09,2.1602019178e-09,4.8734335174e-11,5.2491128956e-09,0.0,0.0,-3.4037601679e-08,0.0,0.0,0.0,0.0,-2.169175691e-09,0.23419399159,0.010737169648,0.089904118343,0.013864574578
bacnlf,ok,,53.835507637,1374935626.7,1982441.7306,6808671.3739,429300938.88,1529896.6225,107067449.18,0.0,0.0,0.0,-2.6756459738e-09,2.161486187e-09,-2.360949217e-09,3.9796332859e-09,0.0,0.0,-7.161549182e-08,0.0,0.0,0.0,0.0,8.4886889588e-09,0.23510560124,0.0071479583001,0.14197353954,0.0078893910986
bambino6,ok,,54.808685287,1399790163.8,2890414.3322,8841106.2266,433875994.86,2593185.6275,112207483.98,0.0,0.0,0.0,-1.993242929e-08,2.3265189879e-09,1.172968881e-09,2.2015112718e-08,0.0,0.0,-4.5621678307e-10,0.0,0.0,0.0,0.0,-4.4292180954e-09,0.23532884798,0.048992169697,0.0013186555284,0.063632797324
be50,ok,,52.030153677,1328827665.9,805812.96018,5162379.737,419293343.41,770010.81956,97833644.296,0.0,0.0,0.0,-5.1160785649e-08,2.8681315572e-09,2.1310260844e-09,7.1187398228e-08,0.0,0.0,-4.3758409701e-09,0.0,0.0,0.0,0.0,-1.6291275325e-08,0.21776714814,0.036668404557,0.0035261093654,0.057363728094
be50sm,ok,,52.170665948,1332416288.6,826578.28224,5136612.4195,420351587.47,780352.2391,98604666.24,0.0,0.0,0.0,-3.714892413e-08,2.2316800222e-09,-2.080049005e-10,5.6557909768e-08,0.0,0.0,-6.8254526562e-09,0.0,0.0,0.0,0.0,-9.5640492493e-10,0.21732008068,0.028827069222,0.0056417709321,0.046749539903
boe103,ok,,54.894556681,1401983282.1,3372116.2547,12196974.427,434061905.23,2747099.843,112611868.62,0.0,0.0,0.0,-1.043179941e-08,2.1821721908e-09,3.5107108119e-10,1.2660707915e-08,0.0,0.0,-1.2563849327e-08,0.0,0.0,0.0,0.0,-4.1624325162e-09,0.2322727963,0.026004729519,0.042366760538,0.042693378956
boe106,ok,,54.572569305,1393759863.6,3490847.6803,12688164.655,431386296.21,2844146.8084,110601897.41,0.0,0.0,0.0,-8.9465676351e-09,2.1898112596e-09,2.5584655828e-10,1.1237977214e-08,0.0,0.0,-1.5386149602e-08,0.0,0.0,0.0,0.0,-4.1253868145e-09,0.23055295904,0.022743440636,0.053710704647,0.039230066689
bqm34,ok,,52.96261075,1352642217.0,1863465.6967,6973379.8998,423688713.41,1440583.1016,102277148.6,0.0,0.0,0.0,-6.3656166706e-16,2.1775707659e-09,-9.6118545293e-16,2.6607629629e-15,0.0,0.0,-1.9919648332e-08,0.0,0.0,0.0,0.0,-1.5686072944e-15,0.22271572882,4.137472079e-10,0.037119581358,4.9582405085e-09
bw050209,ok,,53.504136854,1366472567.0,1537514.8803,5932530.6377,427442089.68,1221888.0056,105282550.44,0.0,0.0,0.0,-1.2000344533e-08,2.4654905585e-09,2.8280346843e-09,1.3227830923e-08,0.0,0.0,-3.3781710743e-08,0.0,0.0,0.0,0.0,-1.8408018063e-08,0.23102252633,0.0094716450658,0.051939882947,0.020337986878
c141b,ok,,55.026125993,1405343505.6,3652297.8586,11543808.605,436361863.57,2797845.9975,113740058.21,0.0,0.0,0.0,-2.664224257e-09,2.0709833544e-09,-6.0671192994e-10,3.4262471717e-09,0.0,0.0,-3.1105096433e-08,0.0,0.0,0.0,0.0,9.7830902897e-10,0.2363813963,0.0081011646296,0.11360507709,0.012513675209
c141a,ok,,55.100071818,1407232050.0,3871918.9947,12183165.682,436642565.31,2969382.1662,114123982.99,0.0,0.0,0.0,-2.4042738847e-09,2.0638200765e-09,-5.8100211022e-10,3.0871245661e-09,0.0,0.0,-2.9493703513e-08,0.0,0.0,0.0,0.0,1.0244419841e-09,0.23636379865,0.0078582918197,0.11419723086,0.011953096246
bte-fk,ok,,55.430950614,1415682551.6,2967508.6258,10739448.521,439668426.29,2397255.5047,116295485.2,0.0,0.0,0.0,-4.7777384048e-09,2.0254584878e-09,-7.7459230005e-11,7.3477647454e-09,0.0,0.0,-1.9109707671e-10,0.0,0.0,0.0,0.0,3.0506019435e-10,0.23595788477,0.011626023747,0.00056708222352,0.021804555263
c141d,ok,,54.756238726,1398450701.3,2617511.4153,8485218.3199,435661460.34,1996442.5794,112426155.48,0.0,0.0,0.0,-5.605817851e-09,2.0975203256e-09,-8.2870318656e-10,6.9758280662e-09,0.0,0.0,-4.2660902861e-08,0.0,0.0,0.0,0.0,2.212716444e-10,0.23609451204,0.011295991893,0.11166540023,0.018259309595
c141c,ok,,54.644798734,1395604572.0,2700098.8402,8747128.826,434684304.93,2060141.9122,111717553.13,0.0,0.0,0.0,-4.4582777985e-09,2.1090155486e-09,-7.996225362e-10,5.7195783769e-09,0.0,0.0,-4.3144323985e-08,0.0,0.0,0.0,0.0,6.0019157248e-10,0.2362295405,0.0094767927686,0.11649393915,0.015443426942
c141e,ok,,54.827051591,1400259231.3,2517477.7472,8218626.0643,436296388.38,1923051.6638,112882251.75,0.0,0.0,0.0,-6.9774044046e-09,2.0942221015e-09,-8.700313301e-10,8.5449212632e-09,0.0,0.0,-4.2457555801e-08,0.0,0.0,0.0,0.0,-2.0452371163e-10,0.23609068872,0.013325054497,0.10688595193,0.021511649131
c141f,ok,,54.956628126,1403568560.1,2320646.7372,7772788.4039,437345676.46,1787577.5128,113694113.82,0.0,0.0,0.0,-9.9089723673e-09,2.0881678772e-09,-9.685237233e-10,1.2114428652e-08,0.0,0.0,-4.2084830824e-08,0.0,0.0,0.0,0.0,-1.0394861561e-09,0.23531817327,0.017275857476,0.097664025336,0.028113309325
c5a,ok,,54.954592848,1403516579.9,3437135.3516,10265800.612,435530763.58,2875472.7561,113222545.13,0.0,0.0,0.0,-5.9849405162e-11,2.0960237181e-09,-8.4518398021e-10,1.1127126633e-10,0.0,0.0,-1.6582037346e-08,0.0,0.0,0.0,0.0,3.1800896551e-09,0.23735874154,0.0023427666752,0.056994706762,0.00038245440312
c5b,ok,,54.818667774,1400045112.2,2970726.3924,9507292.5729,435618304.13,2273091.5599,112676385.3,0.0,0.0,0.0,-2.7734248579e-09,2.085614865e-09,-1.2189540682e-09,4.0273346318e-09,0.0,0.0,-3.9746681178e-08,0.0,0.0,0.0,0.0,3.2390316449e-09,0.23728735578,0.0080517496803,0.11807651479,0.011964109282
c5c,ok,,54.741206215,1398066777.4,2780444.3462,8973057.4877,435291325.35,2123219.1283,112271729.17,0.0,0.0,0.0,-3.8084720113e-09,2.0839977526e-09,-1.3830915109e-09,5.4846390672e-09,0.0,0.0,-4.3179359623e-08,0.0,0.0,0.0,0.0,3.1835788667e-09,0.23685335914,0.009687666822,0.12005780634,0.015249733685
cast102,ok,,54.922320697,1402692363.1,3127627.0157,10125093.313,435830826.68,2428836.2125,113157606.68,0.0,0.0,0.0,-4.5767756402e-09,2.1048069945e-09,-7.4474773645e-10,4.832222971e-09,0.0,0.0,-4.444202076e-08,0.0,0.0,0.0,0.0,4.5566137733e-10,0.23874779438,0.011380481252,0.13899806476,0.01511339111
cal2263m,ok,,54.253788638,1385618342.9,2833587.0238,10635285.702,429875906.69,2320476.2274,108925078.7,0.0,0.0,0.0,-1.1275211869e-08,2.1713494585e-09,-3.6791846801e-10,1.4752595133e-08,0.0,0.0,-2.0918595525e-08,0.0,0.0,0.0,0.0,-2.5342797032e-09,0.2292836076,0.024816381719,0.059274660836,0.041802762136
c5e,ok,,53.836848552,1374969873.1,2307645.5216,8223057.1354,429460371.58,1791850.9827,107124190.64,0.0,0.0,0.0,-5.6080844078e-09,2.1262132518e-09,-3.8955453567e-10,6.8095518387e-09,0.0,0.0,-3.2441625814e-08,0.0,0.0,0.0,0.0,-8.618800814e-10,0.22684052881,0.0096985514913,0.074863772523,0.015714031805
ch10sm,ok,,54.809715406,1399816472.6,3101521.5949,20213202.965,423521472.2,3594880.0227,109651875.56,0.0,0.0,0.0,-1.9364744574e-08,1.8514574859e-09,-3.9141549382e-09,3.8070003098e-08,0.0,0.0,-2.9335844062e-08,0.0,0.0,0.0,0.0,2.4891241028e-09,0.2219992052,0.071606333319,0.090985753865,0.11807493673
c5d,ok,,54.701832579,1397061191.8,2703313.6304,8792616.1387,435087816.56,2069671.475,112054976.73,0.0,0.0,0.0,-4.0656940744e-09,2.0852404763e-09,-1.2403714428e-09,5.6359178487e-09,0.0,0.0,-4.1310102301e-08,0.0,0.0,0.0,0.0,2.6609472362e-09,0.23616336898,0.0097155706369,0.11167416262,0.01523565354
cal1215j,ok,,53.84999525,1375305634.1,2709202.4591,10134581.869,427793795.08,2174131.3677,106778755.55,0.0,0.0,0.0,-7.6569581456e-09,2.1516497022e-09,-7.8287054501e-11,1.0098518421e-08,0.0,0.0,-1.3389361222e-08,0.0,0.0,0.0,0.0,-1.4494777508e-09,0.22717159914,0.015931496027,0.036274490348,0.027358930941
chen,ok,,56.213060083,1435657289.9,2648628.0173,13364151.464,436899789.18,2675676.3042,118836394.12,0.0,0.0,0.0,-1.9171676884e-08,3.0740156238e-09,4.8957856889e-09,2.8509052057e-08,0.0,0.0,1.2151719439e-08,0.0,0.0,0.0,0.0,-2.2030420234e-08,0.22970474691,0.037892151374,-0.032185384566,0.075509874026
clarkk,ok,,53.598991607,1368895109.4,2346357.4547,8158830.1346,426104485.91,2283264.1247,105397491.32,0.0,0.0,0.0,-1.0090840211e-08,2.1642931003e-09,1.4505236796e-09,1.6610144586e-08,0.0,0.0,2.7987482165e-08,0.0,0.0,0.0,0.0,-1.1468853006e-09,0.22532440961,0.022450166823,-0.065668637415,0.038973336574
clarkv,ok,,54.750092541,1398293730.4,2958002.0692,10537508.272,433740578.67,2383911.8794,111927098.88,0.0,0.0,0.0,-1.0283254412e-08,2.1133674135e-09,-1.0669875998e-09,1.3541757174e-08,0.0,0.0,-2.80037155e-08,0.0,0.0,0.0,0.0,-3.1530607503e-10,0.23567780297,0.024337236378,0.082835048396,0.040056545743
clarkw,ok,,54.637787486,1395425507.7,2681496.8147,10242400.667,432780762.7,2209345.1046,111219807.22,0.0,0.0,0.0,-1.1830640641e-08,2.1653454761e-09,-2.7582831204e-10,1.6295338e-08,0.0,0.0,-1.8740837165e-08,0.0,0.0,0.0,0.0,-2.843481164e-09,0.23255343904,0.024678007251,0.050253495162,0.043695896942
clarkx,ok,,54.414724842,1389728584.1,2812928.5562,10648311.098,431230656.26,2307465.6914,109915135.94,0.0,0.0,0.0,-1.0058056648e-08,2.1345013876e-09,-4.5152428328e-10,1.3851322522e-08,0.0,0.0,-1.6984960703e-08,0.0,0.0,0.0,0.0,-1.2040366478e-09,0.23154068856,0.022565515251,0.047777480987,0.038962780664
clarkysm,ok,,54.495237486,1391784842.3,2851214.5313,10770148.206,431663462.09,2348566.3117,110355738.04,0.0,0.0,0.0,-1.1256506851e-08,2.166837508e-09,-6.8719943671e-11,1.4896145656e-08,0.0,0.0,-1.6008924606e-08,0.0,0.0,0.0,0.0,-3.0848658455e-09,0.23011022749,0.024770829989,0.045644878468,0.042472106955
clarkyh,ok,,54.282632482,1386355002.2,2862846.5443,10601738.462,430457074.05,2299769.6978,109179656.1,0.0,0.0,0.0,-2.3138952295e-08,2.9170918894e-09,2.249442298e-09,2.2246122889e-08,0.0,0.0,-1.3329393129e-08,0.0,0.0,0.0,0.0,-1.4790683952e-08,0.23217759209,0.04537039124,0.038160007057,0.063687236036
clarkys,ok,,54.097915997,1381637422.9,2827169.8979,10452905.516,428956146.65,2268445.4238,108049863.45,0.0,0.0,0.0,-7.5385475237e-09,2.3290873322e-09,2.1107718955e-09,9.2413790275e-09,0.0,0.0,-1.4764578684e-08,0.0,0.0,0.0,0.0,-1.2323409086e-08,0.22868609805,0.010716429382,0.041741972411,0.026126948602
clarky,ok,,54.523197543,1392498930.1,2841943.6477,10798905.543,431978780.09,2345334.8711,110550082.6,0.0,0.0,0.0,-1.0584872239e-08,2.1417044103e-09,-1.9899921757e-10,1.4427692843e-08,0.0,0.0,-1.5490933005e-08,0.0,0.0,0.0,0.0,-2.3038039008e-09,0.23043594657,0.023580683761,0.04402435865,0.041002690027
clarkz,ok,,54.611591355,1394756469.8,2851987.2223,11075015.375,432164627.12,2382518.7613,110961087.36,0.0,0.0,0.0,-1.2792801277e-08,2.2046210598e-09,1.198891836e-10,1.6914525905e-08,0.0,0.0,-1.4839430058e-08,0.0,0.0,0.0,0.0,-4.2837290293e-09,0.23011356575,0.028133530217,0.042321864913,0.048240011754
clarym15,ok,,55.435666668,1415802997.6,4769264.8933,16845165.252,435747392.28,3922278.9232,115323009.78,0.0,0.0,0.0,-6.7446032918e-09,2.0689315853e-09,1.0838110313e-10,8.8397828199e-09,0.0,0.0,-8.3926309732e-09,0.0,0.0,0.0,0.0,-2.1511924454e-09,0.23201501746,0.024498376462,0.040026680263,0.042159265867
coanda1,ok,,53.773750344,1373358372.1,663941.34146,3096152.9516,429378622.19,569848.55001,106830085.09,0.0,0.0,0.0,-6.2551333229e-08,3.4003475156e-09,2.2610020602e-10,7.2373808243e-08,0.0,0.0,-1.1480017495e-07,0.0,0.0,0.0,0.0,-3.3119631039e-08,0.23701186044,0.03118279132,0.076220582159,0.048051963332
clarym18,ok,,56.073506582,1432093153.7,6453677.6395,20801428.109,437354176.3,5762730.457,118482218.08,0.0,0.0,0.0,-4.5885679217e-09,1.9796669488e-09,4.9104042165e-10,6.5753581014e-09,0.0,0.0,1.9492521329e-09,0.0,0.0,0.0,0.0,-1.4664823845e-09,0.22994325095,0.024501282326,-0.012579844904,0.04243524155
coanda2,ok,,53.838594097,1375014453.6,683396.92369,3323760.209,429821925.09,597170.85388,107207806.53,0.0,0.0,0.0,-6.1502435452e-08,3.5056192264e-09,3.5609917203e-09,7.2988755536e-08,0.0,0.0,-4.9889799323e-08,0.0,0.0,0.0,0.0,-3.5288732111e-08,0.23671348965,0.031753289926,0.034094535381,0.049880290998
coanda3,ok,,53.719687581,1371977632.5,1106684.5943,4491476.8413,428670515.0,893849.78729,106454782.85,0.0,0.0,0.0,-4.0960568493e-08,2.9999386683e-09,-1.3700801888e-10,4.37970603e-08,0.0,0.0,-8.7236706837e-08,0.0,0.0,0.0,0.0,-2.1427717679e-08,0.23572325879,0.032109633323,0.096543519511,0.048469531908
cootie,ok,,54.509734785,1392155097.0,1426253.5969,7598685.584,432159870.51,1392626.0221,110531210.12,0.0,0.0,0.0,-3.5706073682e-08,3.0706110443e-09,-4.9031654949e-10,5.14341709e-08,0.0,0.0,-5.0835777316e-08,0.0,0.0,0.0,0.0,-1.8939693867e-08,0.23506294949,0.043555917968,0.072504710246,0.073358171248
curtisc72,ok,,54.177536762,1383670902.9,2574255.6406,10552090.801,429449307.88,2179079.9655,108509445.93,0.0,0.0,0.0,-2.4562712042e-08,3.0103010134e-09,2.8290090686e-09,2.7295627531e-08,0.0,0.0,-8.3443794227e-09,0.0,0.0,0.0,0.0,-1.6713066743e-08,0.2291360053,0.045240503912,0.021480565796,0.070265923135
cr001sm,ok,,52.333835727,1336583574.3,920472.73597,5129538.965,420161714.69,841747.56101,99101282.618,0.0,0.0,0.0,-3.4978062356e-08,2.1561099003e-09,-2.6902466683e-09,5.147423496e-08,0.0,0.0,-4.9852241957e-08,0.0,0.0,0.0,0.0,1.9029331546e-09,0.21922509953,0.029793928203,0.045887629548,0.047380629886
davis,ok,,53.281076731,1360775700.7,1930037.9819,6889749.5068,423497901.31,2102127.744,103498315.7,0.0,0.0,0.0,-1.2622298334e-08,2.2000472404e-09,2.9505514432e-09,2.2680664035e-08,0.0,0.0,5.8502864198e-08,0.0,0.0,0.0,0.0,-1.2202431525e-09,0.22434863311,0.025958379618,-0.11291274995,0.043774543042
dae31,ok,,53.061520738,1355168335.4,2371987.5165,13080461.43,418285811.44,2325802.5077,101432662.88,0.0,0.0,0.0,-2.0472530744e-08,2.1079841805e-09,-1.9935601536e-09,3.349497798e-08,0.0,0.0,-2.5183667126e-08,0.0,0.0,0.0,0.0,-2.2691816501e-10,0.21272243598,0.047502809038,0.059735344042,0.079449669634
dae51,ok,,52.898834406,1351013396.7,1634122.6595,7656060.0958,422684460.92,1421258.221,101833358.45,0.0,0.0,0.0,-2.041869323e-08,2.2113975879e-09,-1.4581555028e-09,2.9157560063e-08,0.0,0.0,-3.4800008355e-08,0.0,0.0,0.0,0.0,-1.2964203737e-09,0.22136205003,0.028612463901,0.056867482204,0.047647029596
dae11,ok,,52.70156114,1345975122.3,3023939.489,15696832.38,414233369.12,2887257.0227,99087215.369,0.0,0.0,0.0,-1.6316606969e-08,2.2572920037e-09,-9.727663449e-10,2.5575454814e-08,0.0,0.0,-1.8819630157e-08,0.0,0.0,0.0,0.0,-3.007159699e-09,0.2096139217,0.045293794363,0.056909422801,0.077338627762
dae21,ok,,52.389744373,1338011457.0,2582352.761,14040532.59,413266225.75,2485216.6121,97697594.622,0.0,0.0,0.0,-1.8815143203e-08,2.2094300403e-09,-1.3198983666e-09,2.98410928e-08,0.0,0.0,-2.0849245494e-08,0.0,0.0,0.0,0.0,-1.9330009374e-09,0.20702033966,0.045766279822,0.053840106668,0.077060228384
cr1,ok,,55.020885638,1405209669.2,3221516.5509,13108201.248,433185975.77,2806954.0109,112924687.48,0.0,0.0,0.0,-1.1769466291e-08,2.1505968545e-09,6.4839542227e-11,1.7573825108e-08,0.0,0.0,-1.0516465569e-08,0.0,0.0,0.0,0.0,-3.4709944337e-09,0.22988287501,0.030799618214,0.033878967889,0.056614368449
daytonwright6,ok,,55.318301073,1412805531.0,3385515.7857,11937546.037,434458245.89,3326472.5731,114502783.41,0.0,0.0,0.0,-1.8211117408e-08,2.8004155759e-09,4.6014957145e-09,2.5068800989e-08,0.0,0.0,1.3819915483e-08,0.0,0.0,0.0,0.0,-1.2530803397e-08,0.23316135061,0.050951176178,-0.046787542024,0.084870821475
davis_corrected,ok,,54.70138398,1397049734.7,4686443.7288,17313820.803,430120306.24,3894246.4188,110812700.58,0.0,0.0,0.0,-4.657322044e-09,2.1098346028e-09,8.2684777932e-10,5.8040399752e-09,0.0,0.0,-2.0850642634e-09,0.0,0.0,0.0,0.0,-4.2765313447e-09,0.22513434318,0.014391540438,0.0097715363413,0.027200306744
daytonwrightt1,ok,,55.450413052,1416179613.9,3643939.3942,12712497.446,436316560.87,3298150.1763,115537419.76,0.0,0.0,0.0,-1.8826744942e-08,2.8402851118e-09,3.379065932e-09,2.3017066721e-08,0.0,0.0,6.9880494635e-10,0.0,0.0,0.0,0.0,-1.2914428039e-08,0.2348955902,0.05218600175,-0.0025464028729,0.083872796163
defcnd2,ok,,54.737329373,1397967764.6,4356657.2167,15924439.841,430360261.59,3626086.805,111029486.63,0.0,0.0,0.0,-8.0577307205e-09,2.2065228793e-09,4.6470964753e-10,9.9911724656e-09,0.0,0.0,-1.2734696562e-08,0.0,0.0,0.0,0.0,-4.8587115865e-09,0.22914849858,0.02518895284,0.05548070768,0.043528113626
dbln526,ok,,58.890128451,1504028460.4,18070396.854,48915748.909,450435672.59,14402585.92,134783393.37,0.0,0.0,0.0,-2.0749757988e-09,1.8548281118e-09,-6.2060708561e-10,2.4824307814e-09,0.0,0.0,-1.3834775218e-08,0.0,0.0,0.0,0.0,3.7158705082e-17,0.25000002718,0.029885017359,0.24999987858,0.044858509382
defcnd1,ok,,56.138887504,1433762954.2,7840048.0701,29492362.698,432164908.8,6975580.4276,117346369.34,0.0,0.0,0.0,-4.6264836519e-09,1.9860489209e-09,5.52137136e-10,6.5343508175e-09,0.0,0.0,1.2562956106e-10,0.0,0.0,0.0,0.0,-2.5547290868e-09,0.22330202404,0.02830256614,-0.00098494179777,0.051229624516
defcnd3,ok,,54.202720436,1384314083.1,2454934.3552,9183835.0101,430885550.94,1974445.9891,108958083.41,0.0,0.0,0.0,-1.0286400079e-08,2.2238077846e-09,1.3212573618e-09,1.1292388979e-08,0.0,0.0,-7.474900862e-10,0.0,0.0,0.0,0.0,-6.5632313446e-09,0.22773639984,0.017361733128,0.0018350390928,0.027722073657
df101,ok,,53.409259716,1364049438.7,2370479.6346,9100569.1943,425143111.35,1894757.4661,104380458.94,0.0,0.0,0.0,-8.8697970992e-09,2.1802736724e-09,5.1930891237e-12,1.1476797845e-08,0.0,0.0,-1.2786571584e-08,0.0,0.0,0.0,0.0,-1.804687165e-09,0.22440942011,0.01603894973,0.030310307536,0.027205515562
df102,ok,,53.482373317,1365916728.6,2408294.5076,9193038.9937,425774059.7,1915761.1228,104823613.44,0.0,0.0,0.0,-9.0942206489e-09,2.1800409631e-09,2.7467681101e-10,1.12790518e-08,0.0,0.0,-9.4838480601e-09,0.0,0.0,0.0,0.0,-2.6112908371e-09,0.2237450127,0.016303461062,0.022839899194,0.0271632785
dga1138,ok,,54.552398885,1393244719.7,1052811.0095,4074346.3093,435413422.02,848389.21536,111503816.53,0.0,0.0,0.0,-4.1165800039e-08,2.982239591e-09,8.663265892e-10,4.3585727611e-08,0.0,0.0,-8.3059503809e-08,0.0,0.0,0.0,0.0,-2.3184284085e-08,0.24211650878,0.030174127306,0.087445960051,0.045887533884
dga1182,ok,,52.726347282,1346608150.0,859485.46734,3298159.305,423449771.38,649966.41153,101314691.45,0.0,0.0,0.0,-1.0796931981e-08,2.2858880772e-09,-1.9062180408e-10,1.0627687569e-08,0.0,0.0,-1.1862342759e-07,0.0,0.0,0.0,0.0,-4.4591069885e-09,0.22842170523,0.0063556691455,0.1019551121,0.0091343430173
dormoy,ok,,52.849740452,1349759558.3,1484335.439,6248877.1204,421973353.88,1216642.1088,101433490.04,0.0,0.0,0.0,-3.366964964e-08,3.4002244553e-09,3.4752869134e-09,3.468149749e-08,0.0,0.0,-3.5641037906e-08,0.0,0.0,0.0,0.0,-2.790877998e-08,0.22852955714,0.033243031636,0.052903255646,0.051478975801
dh4009sm,ok,,53.791007374,1373799109.2,1483518.9549,5183952.0164,429901273.32,1142074.5058,107037698.14,0.0,0.0,0.0,-8.0227453394e-10,2.2126940234e-09,1.4970475737e-10,-2.9955633687e-10,0.0,0.0,-1.0143013438e-07,0.0,0.0,0.0,0.0,-5.3400276439e-10,0.23678921409,0.00077184672067,0.15047352695,-0.00044439750381
doa5,ok,,54.986967276,1404343408.9,5407261.4827,18271751.002,431809305.76,4361656.2718,112425619.43,0.0,0.0,0.0,-3.7053226807e-09,2.0167422297e-09,-8.4808768661e-10,4.0504668303e-09,0.0,0.0,-1.6159715946e-08,0.0,0.0,0.0,0.0,2.1798674553e-09,0.2306728768,0.018356269529,0.087379809608,0.021901933279
drgnfly,ok,,55.929365745,1428411859.0,6855412.5732,26750033.833,429446300.18,6323889.3088,115704586.56,0.0,0.0,0.0,-7.3589423261e-09,2.1633573082e-09,8.8079526802e-11,1.0832106041e-08,0.0,0.0,-9.8108815912e-09,0.0,0.0,0.0,0.0,-3.8212856954e-09,0.22957969526,0.041014606799,0.067257641014,0.074258555949
ds19,ok,,51.561327292,1316854042.4,1269686.9836,5536795.4921,414957751.73,1004917.3678,94983226.826,0.0,0.0,0.0,-1.5118692953e-08,2.2297591844e-09,-4.8605848457e-10,1.8391573129e-08,0.0,0.0,-1.7877955678e-08,0.0,0.0,0.0,0.0,1.2946801127e-10,0.21197655193,0.015220616523,0.022699407618,0.023351541009
du84132v,ok,,53.830983002,1374820069.5,3746767.3667,14013481.265,425921271.07,3036063.6324,106262146.25,0.0,0.0,0.0,-7.5522843705e-09,2.0682959255e-09,-7.9587237145e-10,9.1155379711e-09,0.0,0.0,-1.4696094812e-08,0.0,0.0,0.0,0.0,1.260928203e-09,0.22285050959,0.023782704029,0.05506284846,0.0341538002
du-80-141,ok,,54.072123185,1380978685.7,3475952.0,14208455.959,427651032.23,2939538.0693,107665799.41,0.0,0.0,0.0,-7.6301675155e-09,2.0263313251e-09,-6.2305681856e-10,9.4774855919e-09,0.0,0.0,-3.6862865875e-09,0.0,0.0,0.0,0.0,2.5371621245e-09,0.2242809824,0.024103252849,0.012813355236,0.032943284998
du-80-176-v1,ok,,54.328442492,1387524970.1,6146089.9452,22261807.317,424805347.7,5069318.9728,107982427.64,0.0,0.0,0.0,-4.6100616408e-09,2.0707661121e-09,-5.2259279882e-10,5.2423025889e-09,0.0,0.0,-1.5273491402e-08,0.0,0.0,0.0,0.0,-2.7050599944e-11,0.2235380843,0.023339220045,0.093872251932,0.032219663232
du861372,ok,,53.515932758,1366773822.2,3673229.1718,13182799.344,423787028.24,2902791.1906,104398568.74,0.0,0.0,0.0,-1.9586098253e-10,2.1480842868e-09,1.2741666446e-10,-9.4367222971e-11,0.0,0.0,-2.7685910411e-08,0.0,0.0,0.0,0.0,-5.9011444196e-10,0.22422122189,0.00018445784617,0.10169669377,-0.00034663243628
ds21,ok,,51.630312714,1318615900.3,1317634.9689,5638856.5385,415380582.7,1035947.2699,95327945.804,0.0,0.0,0.0,-1.3121604888e-08,2.2335938252e-09,-3.4818603768e-10,1.5882038896e-08,0.0,0.0,-1.7621098259e-08,0.0,0.0,0.0,0.0,-3.7952031494e-10,0.21243208765,0.013509772428,0.023218175257,0.020926729827
e1098,ok,,54.537578588,1392866215.7,6567348.9026,24283174.236,423699711.63,5602123.3127,108522626.79,0.0,0.0,0.0,-4.5408332081e-09,2.0374099356e-09,-6.5803111016e-10,6.0919692782e-09,0.0,0.0,-1.0867232346e-08,0.0,0.0,0.0,0.0,9.987825067e-10,0.2238550497,0.026691725518,0.071368906423,0.040008087754
e1212,ok,,54.824179174,1400185871.0,5104891.0919,21333731.988,428159715.96,4498055.1856,110846921.54,0.0,0.0,0.0,-5.3146565453e-09,2.0018550436e-09,7.9690799776e-10,7.3649173435e-09,0.0,0.0,1.0847706335e-08,0.0,0.0,0.0,0.0,-2.0329220106e-09,0.21649316073,0.021927873922,-0.055376359438,0.037597100939
e1210,ok,,54.655514432,1395878246.3,4167506.9376,18870825.599,427390870.4,3800610.4564,109969460.73,0.0,0.0,0.0,-1.034904942e-08,2.1373573978e-09,1.5428717234e-09,1.4730642124e-08,0.0,0.0,1.1865746676e-08,0.0,0.0,0.0,0.0,-4.4977650695e-09,0.2155182595,0.03565937835,-0.049450581591,0.061390053248
e1211,ok,,55.039403399,1405682604.8,5274552.9258,22702170.391,428277190.78,4760951.4965,111766070.23,0.0,0.0,0.0,-6.8694088806e-09,1.9852207356e-09,8.1808603113e-10,9.811741703e-09,0.0,0.0,1.0081874819e-08,0.0,0.0,0.0,0.0,-1.6020683802e-09,0.21601079507,0.031059215703,-0.053177382324,0.051752550907
e1200,ok,,54.510901717,1392184900.0,5912469.8704,21106781.791,426558777.04,4873485.5732,109158657.58,0.0,0.0,0.0,-5.4934179916e-09,2.0421645571e-09,-5.2302723243e-10,6.736873659e-09,0.0,0.0,-1.2468812798e-08,0.0,0.0,0.0,0.0,7.0720153003e-11,0.22312658688,0.026848998059,0.073721479989,0.039831562529
e1212mod,ok,,55.002368831,1404736757.9,5090614.3113,21187552.471,429436728.45,4499768.8072,111894851.38,0.0,0.0,0.0,-3.6634703934e-09,1.949574586e-09,4.8192665685e-10,5.9060697461e-09,0.0,0.0,1.1264027028e-08,0.0,0.0,0.0,0.0,-9.2535800407e-10,0.2164365386,0.01558383185,-0.057340817189,0.030065523173
e1213,ok,,54.666197442,1396151085.7,4937259.84,20197568.707,428078634.58,4271691.9026,110176906.05,0.0,0.0,0.0,-3.6850324103e-09,2.0167356064e-09,8.0444619937e-10,4.9033547632e-09,0.0,0.0,1.1323365692e-08,0.0,0.0,0.0,0.0,-2.692160158e-09,0.21749801885,0.013241900927,-0.055906398685,0.024209136554
e1214,ok,,55.513384653,1417787881.4,6537002.9762,25171425.568,431051583.42,5700033.9146,114434230.69,0.0,0.0,0.0,-3.0381649376e-09,1.9720500382e-09,6.7003713938e-10,3.8229590083e-09,0.0,0.0,5.9700529502e-09,0.0,0.0,0.0,0.0,-2.4409505613e-09,0.22078673475,0.014248630279,-0.039026253904,0.024990694415
e1230,ok,,55.82172475,1425662754.4,5921363.1737,20740121.587,436004353.78,4978765.1251,117024962.35,0.0,0.0,0.0,-5.7621374368e-09,2.0649955645e-09,6.3940080469e-10,6.7329964967e-09,0.0,0.0,-2.8286402654e-09,0.0,0.0,0.0,0.0,-3.359125847e-09,0.23030798419,0.024843849282,0.016749406299,0.039868517504
e1233,ok,,55.704752384,1422675330.7,7037452.6861,24899054.112,432651289.18,5971135.1714,115665247.34,0.0,0.0,0.0,-5.7514853085e-09,2.0169219887e-09,1.7280628766e-10,6.6664929269e-09,0.0,0.0,-4.5171563845e-09,0.0,0.0,0.0,0.0,-1.8163698453e-09,0.22604371235,0.031895230229,0.031789274332,0.046915128555
e169,ok,,53.523713709,1366972544.4,3446101.9452,13892566.536,423860134.17,2855019.6422,104531528.18,0.0,0.0,0.0,7.8567405729e-17,2.1014951432e-09,-8.5567170643e-17,-2.0931242219e-17,0.0,0.0,7.2327827717e-09,0.0,0.0,0.0,0.0,2.8475547996e-16,0.21967249879,-4.5721591873e-11,-0.024924906779,-7.2131194525e-11
e168,ok,,53.075490818,1355525125.2,2599204.5819,10604720.069,422658809.66,2112882.3078,102489404.99,0.0,0.0,0.0,2.711987493e-17,2.1417197256e-09,-2.0063660092e-16,-8.5226250823e-16,0.0,0.0,8.8557860196e-09,0.0,0.0,0.0,0.0,-1.7308922012e-16,0.21950358034,-1.3757732794e-10,-0.023017999598,-2.2152046164e-09
e174,ok,,51.396189863,1312636503.7,1359660.8666,6923847.7549,412067375.74,1187539.4187,93728270.216,0.0,0.0,0.0,-2.326284154e-08,2.34056376e-09,-7.735223368e-10,3.273260064e-08,0.0,0.0,-2.9267777174e-08,0.0,0.0,0.0,0.0,-3.7035245058e-09,0.20978318005,0.026703420996,0.039794251274,0.044505236151
e176,ok,,51.255425627,1309041445.9,1331634.4296,6549806.1976,411504873.49,1133883.4417,93087269.051,0.0,0.0,0.0,-2.1020352016e-08,2.3801998007e-09,-3.2211028768e-10,2.8971143894e-08,0.0,0.0,-2.9435752729e-08,0.0,0.0,0.0,0.0,-5.3541419659e-09,0.20967879441,0.022562516673,0.039197661795,0.038578972673
e178,ok,,51.075537128,1304447171.3,1288597.8097,6162614.7988,410727747.86,1071393.8707,92263678.619,0.0,0.0,0.0,-1.8727057933e-08,2.4129031197e-09,1.7451572976e-10,2.530455152e-08,0.0,0.0,-2.9916366313e-08,0.0,0.0,0.0,0.0,-7.3080583386e-09,0.2090809514,0.018428134289,0.038550164106,0.032607389664
e180,ok,,51.031794331,1303329999.1,1261040.9369,5838522.2473,410870360.88,1025483.1835,92138513.36,0.0,0.0,0.0,-1.5662850294e-08,2.4173809891e-09,6.9256231876e-10,2.0916268195e-08,0.0,0.0,-3.0446793082e-08,0.0,0.0,0.0,0.0,-9.2379446761e-09,0.20904218306,0.01408293658,0.038394652473,0.026376270441
e171,ok,,53.252953931,1360057456.5,2732317.0728,10239121.498,423562840.01,2179341.4525,103378323.51,0.0,0.0,0.0,1.1930887427e-16,2.1717935426e-09,-9.5219847903e-17,6.7576934347e-16,0.0,0.0,-1.5900324592e-08,0.0,0.0,0.0,0.0,5.2600361689e-16,0.22451637545,-2.6423397865e-12,0.043444728347,1.8464161145e-09
e193,ok,,52.983908259,1353186146.2,1893066.206,8231653.4501,421805743.27,1609403.4297,101914773.9,0.0,0.0,0.0,-1.5885606e-08,2.2716897576e-09,-3.1852951404e-10,2.2008043395e-08,0.0,0.0,-2.2343552703e-08,0.0,0.0,0.0,0.0,-3.5952660147e-09,0.22214308768,0.024281803053,0.042297824543,0.041662683211
e197,ok,,53.683503085,1371053496.1,3318068.5839,12806801.77,424559136.82,2750732.3628,105318339.78,0.0,0.0,0.0,-7.1600987758e-09,2.1571204787e-09,-1.5274744671e-10,9.7719866435e-09,0.0,0.0,-1.2021548822e-08,0.0,0.0,0.0,0.0,-1.2687129136e-09,0.22454981641,0.018912097855,0.039888323475,0.032424121884
e195,ok,,53.344261706,1362389417.7,2548073.4217,10307071.222,423346372.81,2126811.3165,103686376.24,0.0,0.0,0.0,-1.0661589219e-08,2.2067071674e-09,-2.0149431636e-10,1.4570343542e-08,0.0,0.0,-1.6073535718e-08,0.0,0.0,0.0,0.0,-2.1968718808e-09,0.22363528655,0.021630772416,0.040956549156,0.037126305125
e203,ok,,53.688946341,1371192514.5,3343497.3318,12870032.302,424697154.78,2763395.6216,105374859.62,0.0,0.0,0.0,-6.4463131118e-09,2.1028877044e-09,-6.3582443096e-10,8.8629834555e-09,0.0,0.0,-1.0272443084e-08,0.0,0.0,0.0,0.0,1.5552540756e-09,0.22450668806,0.018778950512,0.034345886041,0.029633361535
e205,ok,,53.190560707,1358463960.5,1955008.4913,8142415.5674,423473014.73,1627751.8847,103110670.47,0.0,0.0,0.0,-1.3656219675e-08,2.3299796915e-09,8.5808320027e-10,1.7982755599e-08,0.0,0.0,-1.2562649852e-08,0.0,0.0,0.0,0.0,-7.1604343739e-09,0.22380059647,0.019623158399,0.024560087135,0.035156439892
e207,ok,,53.499545774,1366355305.7,2593831.6839,10150697.005,424794215.69,2128735.3942,104644966.47,0.0,0.0,0.0,-8.740159299e-09,2.211060723e-09,3.5308784821e-10,1.1295251835e-08,0.0,0.0,-9.6010794653e-09,0.0,0.0,0.0,0.0,-3.3598078465e-09,0.22482284641,0.01699840918,0.024903584117,0.029297982089
e201,ok,,53.346705745,1362451837.4,2554440.9696,10277978.344,423472619.43,2124114.0932,103727398.57,0.0,0.0,0.0,-1.0263693303e-08,2.1681691743e-09,-4.6710120624e-10,1.400108866e-08,0.0,0.0,-1.5118145098e-08,0.0,0.0,0.0,0.0,-5.3486542219e-10,0.22368871376,0.021547147843,0.038618409224,0.035764954492
e209,ok,,53.815637375,1374428148.8,3362651.2367,12683208.166,425871017.43,2754446.7977,106163911.83,0.0,0.0,0.0,-5.3285269132e-09,2.1333869676e-09,-3.7671942667e-11,6.8741818273e-09,0.0,0.0,-7.2043680835e-09,0.0,0.0,0.0,0.0,-7.076263582e-10,0.22538521118,0.014237896792,0.024225777246,0.023115476023
e210,ok,,54.043577241,1380249634.6,3328856.6943,13341526.262,426484834.84,2836547.094,107236735.02,0.0,0.0,0.0,-1.0329859641e-08,2.0673241299e-09,-6.3656367081e-10,1.3892263267e-08,0.0,0.0,-8.063817373e-09,0.0,0.0,0.0,0.0,1.1531862029e-09,0.22531414646,0.030038481154,0.026843292444,0.046245353577
e211,ok,,53.27542957,1360631474.7,2216699.8962,8599348.5228,424192430.68,1790605.9025,103621130.4,0.0,0.0,0.0,-1.0081144721e-08,2.0883564865e-09,-1.5137479397e-09,1.2790696181e-08,0.0,0.0,-2.0343336958e-08,0.0,0.0,0.0,0.0,4.5674932315e-09,0.224926635,0.019892291867,0.045095072922,0.028353134897
e214,ok,,53.282965169,1360823930.6,2279590.8466,9560769.765,423423050.05,1923430.6756,103479672.01,0.0,0.0,0.0,-1.4899453711e-08,2.0394980748e-09,-1.8375407987e-09,2.0042400962e-08,0.0,0.0,-2.2239590891e-08,0.0,0.0,0.0,0.0,4.1209411784e-09,0.223253844,0.030429601369,0.050697167826,0.045688473775
e220,ok,,53.463698808,1365439789.7,2522973.8909,9706742.2501,424566808.97,2059098.9101,104443090.6,0.0,0.0,0.0,-8.7829769236e-09,2.3064665964e-09,9.0904921494e-10,1.1544014288e-08,0.0,0.0,-2.3062787449e-08,0.0,0.0,0.0,0.0,-7.9371988601e-09,0.22583662291,0.014397986713,0.058186810587,0.029125246646
e221,ok,,52.6266559,1344062075.2,1564034.2543,6422608.8706,421091156.63,1249537.9684,100367256.29,0.0,0.0,0.0,-1.1179197917e-08,2.3572154746e-09,1.8095945066e-09,1.3697619053e-08,0.0,0.0,-1.1074366624e-08,0.0,0.0,0.0,0.0,-1.1285402606e-08,0.22071731537,0.010858565343,0.017320688745,0.021423545401
e224,ok,,52.600982674,1343406392.0,1921223.4729,7569185.8821,420409856.51,1515641.3345,100111736.98,0.0,0.0,0.0,-8.2607547017e-09,2.180937011e-09,-6.4647242522e-10,1.0367604369e-08,0.0,0.0,-1.7817642611e-08,0.0,0.0,0.0,0.0,1.4353356073e-09,0.22013544039,0.012999298266,0.034231673215,0.019918484871
e230,ok,,52.575841503,1342764297.4,1836668.2632,7086874.1622,420724141.69,1424828.0366,100087686.83,0.0,0.0,0.0,2.4669600742e-09,2.1810713022e-09,1.1092858111e-09,-2.9217326903e-09,0.0,0.0,-1.5598474926e-08,0.0,0.0,0.0,0.0,-5.2710134291e-09,0.22014027253,-0.0051686064229,0.028649223851,-0.0053662537058
e231,ok,,53.818947428,1374512686.1,3325706.6961,11563264.239,426528096.43,2613119.2898,106347801.64,0.0,0.0,0.0,-7.3974566418e-09,2.2308979869e-09,-1.7951795677e-10,8.6698174471e-09,0.0,0.0,-3.7342580009e-08,0.0,0.0,0.0,0.0,-4.1799344402e-09,0.22862917688,0.016835255587,0.12419046839,0.028833269938
e297,ok,,52.594079659,1343230092.0,2620148.1467,9534850.7164,419222804.15,2021876.0479,99803065.862,0.0,0.0,0.0,-3.0856382379e-16,2.2094538242e-09,2.4594309218e-16,3.1412626563e-16,0.0,0.0,-3.7360029574e-08,0.0,0.0,0.0,0.0,-8.9582456042e-16,0.22051026554,2.2447941924e-10,0.09788881225,8.2305735271e-10
e226,ok,,52.643571773,1344494099.2,1934906.4661,7470350.7654,420890416.55,1510185.5838,100385636.84,0.0,0.0,0.0,-4.8001552172e-09,2.1997977664e-09,-6.3829044577e-11,5.9948321182e-09,0.0,0.0,-1.6412458965e-08,0.0,0.0,0.0,0.0,-6.9182980917e-10,0.22032440484,0.0070189399437,0.031756572975,0.011599439429
e266,ok,,54.695040341,1396887720.9,5994708.3502,20927362.448,427568783.36,4936545.12,110140855.78,0.0,0.0,0.0,-4.7750061076e-09,2.1341893847e-09,-8.9546414395e-11,5.6301752451e-09,0.0,0.0,-1.7840875518e-08,0.0,0.0,0.0,0.0,-2.4634348954e-09,0.22862936794,0.020794924045,0.10695084544,0.033751258555
e326,ok,,54.08495793,1381306479.5,3399509.1024,11975476.645,428230183.2,2689387.8292,107823267.32,0.0,0.0,0.0,-5.3335536496e-09,2.2760055501e-09,2.0811232293e-09,4.0695380132e-09,0.0,0.0,-2.0002767361e-08,0.0,0.0,0.0,0.0,-1.1278699983e-08,0.22773073969,0.0074433140727,0.067999589718,0.013834431518
e228,ok,,52.555000003,1342232014.5,1884508.8714,7251150.2704,420414734.88,1462007.3755,99934027.334,0.0,0.0,0.0,-1.4274088086e-09,2.2109914503e-09,5.1561538622e-10,1.8225136076e-09,0.0,0.0,-1.6076336583e-08,0.0,0.0,0.0,0.0,-2.9482585329e-09,0.22033425291,0.0011371802342,0.030295998909,0.0034345430617
e325,ok,,54.046643041,1380327933.8,3291827.9553,11573226.708,428190174.08,2594741.1142,107657576.7,0.0,0.0,0.0,-3.9470015139e-09,2.2460528794e-09,2.378141311e-09,2.1562440255e-09,0.0,0.0,-2.1624647202e-08,0.0,0.0,0.0,0.0,-1.209093281e-08,0.22822939004,0.0030843568517,0.071184618183,0.0070979843616
e222,ok,,52.69010054,1345682423.9,1923685.7146,7764514.2651,420825800.63,1542168.1732,100555087.56,0.0,0.0,0.0,-1.1477056408e-08,2.1306963388e-09,-1.2203308459e-09,1.4641139227e-08,0.0,0.0,-1.907764376e-08,0.0,0.0,0.0,0.0,3.4611990402e-09,0.22040632979,0.018876571439,0.03669939077,0.028164950376
e327,ok,,54.141740357,1382756678.2,3507426.1222,12410982.502,428347687.67,2790512.3277,108083333.66,0.0,0.0,0.0,-6.6049903558e-09,2.2983514901e-09,1.8035412448e-09,5.8529916408e-09,0.0,0.0,-1.8645090542e-08,0.0,0.0,0.0,0.0,-1.0482721317e-08,0.22731228726,0.011792298239,0.065396277619,0.020528935774
e328,ok,,54.210866155,1384522121.2,3612977.5427,12880876.601,428497904.21,2896025.3768,108402206.67,0.0,0.0,0.0,-7.7674628646e-09,2.3133354454e-09,1.5420367553e-09,7.5213177887e-09,0.0,0.0,-1.7480603685e-08,0.0,0.0,0.0,0.0,-9.7079782584e-09,0.22689410321,0.016128853226,0.063157028548,0.027174352262
e329,ok,,54.29935613,1386782117.0,3705352.4531,13352594.497,428787121.85,2998532.5959,108834629.94,0.0,0.0,0.0,-8.9739069756e-09,2.3299969088e-09,1.3201967651e-09,9.2222785274e-09,0.0,0.0,-1.6601872518e-08,0.0,0.0,0.0,0.0,-9.122032752e-09,0.22667447283,0.020724348166,0.061515789061,0.034171792365
e330,ok,,53.791388583,1373808845.1,2377855.9849,8683508.3157,427633591.41,1876856.0043,106482117.46,0.0,0.0,0.0,-7.6470335013e-09,2.402316989e-09,3.3536351097e-09,6.5267663993e-09,0.0,0.0,-1.9732475687e-08,0.0,0.0,0.0,0.0,-1.8063983595e-08,0.22789745552,0.0066336313386,0.046920985408,0.015519710545
e332,ok,,53.935394813,1377486702.0,2593731.2556,9630480.4358,427983299.0,2084400.6009,107150722.69,0.0,0.0,0.0,-1.0823689315e-08,2.466400042e-09,2.5816725409e-09,1.1167459108e-08,0.0,0.0,-1.7042226666e-08,0.0,0.0,0.0,0.0,-1.5252520812e-08,0.22713213543,0.015355682505,0.044202955967,0.028965387734
e331,ok,,53.853147585,1375386143.4,2481685.5505,9126040.1607,427773657.99,1974376.3721,106766246.82,0.0,0.0,0.0,-9.3684617474e-09,2.4408978428e-09,2.9642214887e-09,8.9947662856e-09,0.0,0.0,-1.8126104691e-08,0.0,0.0,0.0,0.0,-1.6660815689e-08,0.22741540613,0.011028275025,0.044983292098,0.022322181521
e334,ok,,54.07209233,1380977897.6,2759868.7915,10618665.823,428070273.65,2279939.134,107728642.91,0.0,0.0,0.0,-1.3659180097e-08,2.5120406818e-09,1.9482461815e-09,1.5490095335e-08,0.0,0.0,-1.569737516e-08,0.0,0.0,0.0,0.0,-1.3177462756e-08,0.2261599296,0.024369886425,0.043322695812,0.042750630694
e333,ok,,54.010846866,1379413714.9,2689376.8246,10139807.68,428086431.38,2188530.0327,107482689.76,0.0,0.0,0.0,-1.2339975381e-08,2.4959899841e-09,2.2694341658e-09,1.3388468084e-08,0.0,0.0,-1.622133328e-08,0.0,0.0,0.0,0.0,-1.422766786e-08,0.22671098029,0.019966934552,0.043625277788,0.036006635783
e335,ok,,54.253828822,1385619369.2,3200612.6736,11296835.895,429628787.4,2537329.2901,108849259.3,0.0,0.0,0.0,-6.1597045743e-09,2.3284971898e-09,2.6875980034e-09,5.1081975573e-09,0.0,0.0,-1.7589790315e-08,0.0,0.0,0.0,0.0,-1.4150765648e-08,0.22904653264,0.0074150489762,0.056298105806,0.016349361841
e336,ok,,54.313161662,1387134704.3,3321873.8318,11788119.749,429720328.78,2650742.1786,109115302.93,0.0,0.0,0.0,-7.4304640348e-09,2.3571437059e-09,2.3871050964e-09,6.9284770312e-09,0.0,0.0,-1.6439239097e-08,0.0,0.0,0.0,0.0,-1.3173251104e-08,0.22856717009,0.011729609193,0.05460907817,0.023015526544
e337,ok,,54.389284425,1389078846.8,3449151.8442,12347795.863,429851641.42,2776603.8804,109460275.45,0.0,0.0,0.0,-8.6075325817e-09,2.380462233e-09,2.111532109e-09,8.6444595106e-09,0.0,0.0,-1.5401170394e-08,0.0,0.0,0.0,0.0,-1.2279110662e-08,0.22813190463,0.016141002084,0.053120975267,0.029816053463
e338,ok,,54.448514148,1390591548.4,3544342.0474,12857461.422,429819280.57,2884139.163,109696276.25,0.0,0.0,0.0,-9.7715684466e-09,2.4029890493e-09,1.8628430984e-09,1.0358015007e-08,0.0,0.0,-1.4735973888e-08,0.0,0.0,0.0,0.0,-1.1541551477e-08,0.2276176675,0.020629256695,0.052229331859,0.036712348115
e339,ok,,54.545106697,1393058480.4,3659211.1855,13451463.708,429998286.96,3013472.7541,110138631.74,0.0,0.0,0.0,-1.0661734185e-08,2.4066019161e-09,1.5935706887e-09,1.1815725066e-08,0.0,0.0,-1.4116351616e-08,0.0,0.0,0.0,0.0,-1.0633940963e-08,0.22715014284,0.024876090513,0.051654711732,0.043236233327
e344,ok,,54.838630075,1400554940.8,4344769.145,15740008.449,430859868.72,3594415.6948,111567944.09,0.0,0.0,0.0,-9.3499773913e-09,2.3592454768e-09,1.4895055182e-09,1.0315557304e-08,0.0,0.0,-1.1814765136e-08,0.0,0.0,0.0,0.0,-9.5580883217e-09,0.22705628153,0.025838571082,0.051332427017,0.044818715089
e361,ok,,53.776270867,1373422745.2,2909061.2991,10403129.948,427245149.3,2293396.769,106339232.28,0.0,0.0,0.0,-5.6909464535e-09,2.221024603e-09,1.1888816461e-09,5.6841372652e-09,0.0,0.0,-1.9555281532e-08,0.0,0.0,0.0,0.0,-7.3066634904e-09,0.22597335374,0.0092676054774,0.056887512698,0.016535503737
e374,ok,,53.616405793,1369339860.2,2326645.6105,8594833.2763,426453649.04,1858936.8834,105504968.38,0.0,0.0,0.0,-8.7107354918e-09,2.2449581073e-09,5.7564249839e-11,1.1030567381e-08,0.0,0.0,-3.2474572621e-08,0.0,0.0,0.0,0.0,-4.526885854e-09,0.2291033771,0.014265786309,0.07555682184,0.025664221179
e360,ok,,53.859485572,1375548012.8,3014440.3394,10617458.464,427773785.17,2365905.8803,106803042.91,0.0,0.0,0.0,-5.2088463575e-09,2.1997661618e-09,9.7871324283e-10,4.9759774533e-09,0.0,0.0,-2.1225097482e-08,0.0,0.0,0.0,0.0,-6.2166582241e-09,0.22670735292,0.0089912116224,0.063981790057,0.014999787163
e343,ok,,54.821237372,1400110738.7,4203567.6754,15001169.74,431225208.24,3447992.084,111585614.83,0.0,0.0,0.0,-8.6011659405e-09,2.3545697566e-09,1.7499589745e-09,9.1364706726e-09,0.0,0.0,-1.1907515054e-08,0.0,0.0,0.0,0.0,-1.0340840889e-08,0.22817037993,0.021549613474,0.050054045377,0.038405772786
e387,ok,,51.590729447,1317604960.7,1408711.0812,7049557.1443,413300991.2,1226539.3838,94714427.454,0.0,0.0,0.0,-2.231247714e-08,2.343109045e-09,-6.0670156817e-10,3.1302696381e-08,0.0,0.0,-2.7376172482e-08,0.0,0.0,0.0,0.0,-4.0812854463e-09,0.21134165151,0.026309853761,0.038565117537,0.044096455264
e392,ok,,51.967892553,1327237543.6,1792947.7101,8370487.0608,414930376.49,1537323.8854,96467319.114,0.0,0.0,0.0,-1.7924248449e-08,2.2164035098e-09,-1.0078960745e-09,2.4693531561e-08,0.0,0.0,-2.2609845175e-08,0.0,0.0,0.0,0.0,-2.9009517198e-10,0.21303933244,0.027460371617,0.040538270132,0.044274210865
e397,ok,,53.650436286,1370208984.2,3493195.561,14987645.992,422414893.41,3062000.0189,104688093.96,0.0,0.0,0.0,-1.1099380218e-08,1.9648922223e-09,-1.7340615604e-09,1.6624648835e-08,0.0,0.0,-1.5098729672e-08,0.0,0.0,0.0,0.0,4.3074075076e-09,0.22098954239,0.036907610812,0.052742815467,0.058073149514
e420,ok,,56.048112271,1431444594.0,3552684.0985,22651833.53,429064930.66,4207722.4597,116162616.62,0.0,0.0,0.0,-1.7936541336e-08,2.0898327039e-09,-1.490286615e-10,3.498656559e-08,0.0,0.0,-4.1038211887e-09,0.0,0.0,0.0,0.0,-2.2980350444e-09,0.22258995441,0.073326770055,0.01457958028,0.12429621523
e398,ok,,53.67322607,1370791025.6,3698663.682,15999150.691,422028874.33,3263364.8845,104684634.45,0.0,0.0,0.0,-1.0793820881e-08,1.9960787141e-09,-1.1851704397e-09,1.5925568883e-08,0.0,0.0,-1.0190838964e-08,0.0,0.0,0.0,0.0,2.8704098752e-09,0.21952427932,0.037283879747,0.037692485966,0.058903323241
e421,ok,,55.515900396,1417852132.4,3594529.3596,19835041.458,429017050.16,3837345.2923,113912631.62,0.0,0.0,0.0,-1.6153029824e-08,2.1674076472e-09,7.0478021872e-10,2.8315809834e-08,0.0,0.0,1.2212281625e-09,0.0,0.0,0.0,0.0,-3.444389408e-09,0.22253016069,0.059054180756,-0.004389740485,0.10178200979
e422,ok,,55.032834416,1405514835.8,3253621.504,16695832.893,428813724.81,3262127.687,111848361.85,0.0,0.0,0.0,-1.5997519694e-08,2.3328245006e-09,1.6736099238e-09,2.5996122541e-08,0.0,0.0,6.2101046857e-09,0.0,0.0,0.0,0.0,-6.4972433946e-09,0.22287796212,0.047484071862,-0.020205330148,0.084581543321
e423,ok,,55.630011705,1420766486.0,2912333.2209,19146156.202,428994999.98,3452666.1176,114394688.28,0.0,0.0,0.0,-2.0260049114e-08,2.0515629795e-09,-1.3487720277e-09,4.0074926976e-08,0.0,0.0,-1.2944186363e-08,0.0,0.0,0.0,0.0,-1.2250863981e-09,0.22488038261,0.069001255826,0.037697783963,0.11671154116
e426,ok,,52.292553104,1335529233.9,2020792.3129,8798892.7239,418971086.27,1622829.6113,98651419.575,0.0,0.0,0.0,-3.3558041113e-09,2.1420038334e-09,1.514806553e-10,4.1379986732e-09,0.0,0.0,2.306929881e-08,0.0,0.0,0.0,0.0,1.6721916611e-10,0.21140154084,0.005503266352,-0.046618261699,0.0083620359096
e428,ok,,52.291595345,1335504773.2,2084703.1546,9140982.4249,418822325.44,1682420.7411,98612521.399,0.0,0.0,0.0,-2.3768496673e-09,2.1371609419e-09,-9.4376977222e-12,3.0522528261e-09,0.0,0.0,2.4414652708e-08,0.0,0.0,0.0,0.0,9.4947460871e-10,0.21112469571,0.0043361263548,-0.05089730352,0.0063630410954
e432,ok,,54.297237212,1386728000.7,5068123.2019,18754492.984,425461394.42,4240943.108,108011273.19,0.0,0.0,0.0,-7.9609220802e-09,2.1398432821e-09,-3.6340291674e-10,9.7616830567e-09,0.0,0.0,-1.5480356101e-08,0.0,0.0,0.0,0.0,-2.0770113072e-09,0.22353438221,0.031795386001,0.078456351928,0.04947341239
e431,ok,,54.22185252,1384802708.2,4719198.0292,17164224.259,425918239.32,3899393.3933,107823872.72,0.0,0.0,0.0,-8.2477412052e-09,2.1184966648e-09,-8.8992394494e-10,1.0213867312e-08,0.0,0.0,-2.1531801718e-08,0.0,0.0,0.0,0.0,-8.4704448073e-10,0.22548459595,0.031416776649,0.10161283624,0.048201262492
e433,ok,,54.130505964,1382469756.6,4275890.6708,15347100.585,426398566.13,3485038.0029,107577152.43,0.0,0.0,0.0,-8.7055774478e-09,2.1020175506e-09,-1.3165228365e-09,1.0714907239e-08,0.0,0.0,-2.7041211984e-08,0.0,0.0,0.0,0.0,2.148201701e-10,0.22683006413,0.030509103708,0.11562526605,0.045815771901
e434,ok,,53.966637845,1378284635.6,3714243.7917,13927345.876,425572586.9,3075404.5841,106706831.07,0.0,0.0,0.0,-1.0616794381e-08,2.2304402489e-09,-6.6034106706e-10,1.3333689847e-08,0.0,0.0,-2.7534672625e-08,0.0,0.0,0.0,0.0,-3.5355178251e-09,0.22565621382,0.030201021706,0.10227048685,0.049524574734
e473,ok,,55.159203123,1408742238.0,4421844.2365,16696320.411,433768878.16,3700361.3408,113652011.7,0.0,0.0,0.0,1.1080724987e-17,1.9912730514e-09,1.8222074568e-16,4.7755251177e-16,0.0,0.0,1.0954915588e-08,0.0,0.0,0.0,0.0,2.117477347e-16,0.22631218813,1.3632267421e-10,-0.048440930355,2.1116628218e-09
e435,ok,,54.252677456,1385589963.8,5120872.5518,19093993.085,424936795.67,4302643.5707,107704220.92,0.0,0.0,0.0,-7.543385716e-09,2.0257466227e-09,-1.1513261624e-09,9.7080847791e-09,0.0,0.0,-1.5837727006e-08,0.0,0.0,0.0,0.0,1.6114697295e-09,0.22380375382,0.034009964391,0.081102981511,0.049713864876
e472,ok,,54.518673493,1392383387.8,2543238.3016,9825315.0971,432955806.75,2055611.2072,110778689.78,0.0,0.0,0.0,7.3626307137e-16,2.0509775573e-09,-4.7139085519e-16,3.6793481384e-16,0.0,0.0,2.3209773493e-08,0.0,0.0,0.0,0.0,1.9488772885e-15,0.22720460657,-6.0325852258e-10,-0.059027984917,9.3574591103e-10
e474,ok,,54.404381458,1389464418.5,3644726.4415,13554575.446,430382881.01,2934179.4312,109679949.13,0.0,0.0,0.0,5.6286545598e-16,2.0399034825e-09,-4.1430263223e-16,1.5555240063e-16,0.0,0.0,7.6807650347e-09,0.0,0.0,0.0,0.0,1.4352655131e-15,0.22373651018,-7.0932073867e-10,-0.027994287413,5.6694594763e-10
e475,ok,,54.813168887,1399904673.0,4506171.3725,15780232.53,432516829.14,3581211.7111,111906792.73,0.0,0.0,0.0,4.3031716961e-16,2.0176452048e-09,-3.7310197798e-16,1.7569293963e-16,0.0,0.0,-4.8874034268e-10,0.0,0.0,0.0,0.0,1.3691927913e-15,0.22578820373,-4.3393395004e-10,0.0022023477408,7.917024949e-10
e477,ok,,54.109482368,1381932823.1,4525197.4461,16293947.164,426773303.73,3658283.6509,107575397.93,0.0,0.0,0.0,9.5777686343e-17,2.0873740535e-09,-2.5693714081e-16,-1.2959626109e-16,0.0,0.0,-7.7790867694e-09,0.0,0.0,0.0,0.0,2.3465955321e-17,0.22455009443,-3.3110541411e-10,0.035201903582,-5.8644866969e-10
e476,ok,,54.46923392,1391120722.4,5541602.9152,427791181.25,19411270.198,4493360.1378,109290108.76,0.0,0.0,0.0,-2.1514892066e-16,2.0625287826e-09,-2.2233325322e-17,4.6827356274e-16,0.0,0.0,-9.0540196986e-09,0.0,0.0,0.0,0.0,-2.6501426917e-16,0.22541399497,6.9831757226e-10,0.050173781956,2.5949861404e-09
e478,ok,,54.301657568,1386840894.7,4243104.9255,16503463.568,428037878.19,3534045.2135,108671457.78,0.0,0.0,0.0,-3.8213746878e-15,2.0340279796e-09,1.789668099e-14,3.9964229891e-14,0.0,0.0,7.8756320114e-09,0.0,0.0,0.0,0.0,-6.5873468092e-14,0.2210407857,-3.7953343007e-08,-0.033417132979,1.6957242069e-07
e479,ok,,54.428858177,1390089543.4,4701194.1022,18264387.249,427950723.96,3943824.2744,109167626.61,0.0,0.0,0.0,-3.5487289255e-16,2.0179813533e-09,-2.3012584055e-16,1.5759805565e-16,0.0,0.0,6.9965986754e-09,0.0,0.0,0.0,0.0,-6.0457740414e-16,0.22029823489,8.7428888322e-10,-0.032892368428,7.4089904974e-10
e485,ok,,53.657767223,1370396213.2,3222849.316,11387044.473,426054986.14,2519404.3223,105586510.9,0.0,0.0,0.0,-3.6278591156e-09,2.1691558144e-09,5.4386938437e-10,3.5489928076e-09,0.0,0.0,-1.9676237857e-08,0.0,0.0,0.0,0.0,-3.7298012124e-09,0.22541337188,0.0070224974525,0.063413549719,0.011437869043
e49,ok,,54.590854617,1394226863.3,1199644.3073,7096795.6951,430936168.45,1274209.5781,110574232.67,0.0,0.0,0.0,-4.9587694515e-08,2.7467094396e-09,-1.2910003497e-08,7.5472490687e-08,0.0,0.0,-1.6109125912e-07,0.0,0.0,0.0,0.0,-9.2663803925e-09,0.23893153102,0.060372492519,0.19325221196,0.090540143812
e521,ok,,53.136124193,1357073675.4,3859924.3049,13998161.391,421054812.92,3044227.7961,102338837.79,0.0,0.0,0.0,1.19536073e-14,2.1478858225e-09,-4.9984559528e-14,-9.5442452109e-14,0.0,0.0,-1.9032779389e-08,0.0,0.0,0.0,0.0,2.497083604e-13,0.21981213879,1.3070489907e-07,0.073465087754,-3.6840064061e-07
e520,ok,,53.195237973,1358583415.9,4387415.4186,16251067.691,420162147.54,3528564.3694,102354724.2,0.0,0.0,0.0,1.7866977638e-13,2.1317577102e-09,-9.4275992951e-14,-2.3159269462e-13,0.0,0.0,-1.368403572e-08,0.0,0.0,0.0,0.0,5.3111279282e-13,0.21819547245,-2.2153516105e-07,0.060037549306,-1.0160933592e-06
e502,ok,,54.274447387,1386145958.4,4951739.8017,16923313.034,426797769.48,3985637.7404,108236985.02,0.0,0.0,0.0,-2.9279952957e-09,2.1516761914e-09,1.3502277409e-10,3.2057678352e-09,0.0,0.0,-2.464132636e-08,0.0,0.0,0.0,0.0,-2.4351592898e-09,0.22979227112,0.0094405656568,0.1220174365,0.015874128185
e541,ok,,54.411252677,1389639906.5,5864650.8768,19547293.445,426622278.73,4685537.9093,108763231.82,0.0,0.0,0.0,-2.8639306658e-09,2.1297824334e-09,-2.6030963093e-10,3.0009497029e-09,0.0,0.0,-2.6727510319e-08,0.0,0.0,0.0,0.0,-1.0103174079e-09,0.23016203757,0.012329784871,0.15674751683,0.017599522306
e540,ok,,54.546770953,1393100984.8,5827611.9156,19618001.183,427468701.56,4698311.1951,109516215.66,0.0,0.0,0.0,-2.7666359052e-09,2.111109386e-09,-3.1333505906e-10,2.8910105354e-09,0.0,0.0,-2.3036225215e-08,0.0,0.0,0.0,0.0,-4.1670212451e-10,0.23060658927,0.012547085977,0.13424618055,0.016847687444
e542,ok,,54.654401841,1395849831.2,5929416.5405,19858753.74,428291047.14,4767204.8707,110165727.68,0.0,0.0,0.0,-3.0786986064e-09,2.1281895607e-09,1.6195148462e-10,2.9318730529e-09,0.0,0.0,-2.1485536015e-08,0.0,0.0,0.0,0.0,-2.4811636293e-09,0.23040751995,0.011953225474,0.12739669263,0.017384296575
e543,ok,,54.610402109,1394726097.0,6013546.574,20421595.42,427546660.05,4875608.5936,109794595.54,0.0,0.0,0.0,-3.0115249645e-09,2.1122488096e-09,-4.9783403016e-12,2.9904175718e-09,0.0,0.0,-1.9099673405e-08,0.0,0.0,0.0,0.0,-1.6034441315e-09,0.2293137323,0.01289112044,0.11485677557,0.017983015344
e545,ok,,54.448131395,1390581773.1,5750002.7497,20334875.258,426230104.91,4738326.3813,108797232.25,0.0,0.0,0.0,-3.1723509748e-09,2.0845552595e-09,-2.8225411325e-10,3.47329798e-09,0.0,0.0,-1.3720534723e-08,0.0,0.0,0.0,0.0,-1.2377748513e-11,0.22677359931,0.01501833414,0.078893112385,0.019971472936
e546,ok,,54.293444035,1386631124.6,5183317.4096,18135830.592,426494429.11,4210048.3658,108240655.28,0.0,0.0,0.0,-3.2774172444e-09,2.1208162373e-09,1.1577173689e-11,3.1893056803e-09,0.0,0.0,-1.7105572216e-08,0.0,0.0,0.0,0.0,-1.4423303175e-09,0.22739559174,0.012417751744,0.088663610268,0.016531183657
e544,ok,,54.616460022,1394880813.5,6024449.628,20769190.072,427300510.08,4924357.8616,109753248.24,0.0,0.0,0.0,-3.0269904811e-09,2.0957890957e-09,-1.6345789032e-10,3.1856439788e-09,0.0,0.0,-1.681368273e-08,0.0,0.0,0.0,0.0,-7.8489444379e-10,0.22873199137,0.014022131416,0.10129318467,0.019191751683
e548,ok,,54.406623962,1389521691.1,5712493.9302,20522661.822,425783462.63,4725093.3982,108518148.81,0.0,0.0,0.0,-3.5256023346e-09,2.122743345e-09,3.9959849535e-10,3.3673511146e-09,0.0,0.0,-1.133135066e-08,0.0,0.0,0.0,0.0,-2.9725105049e-09,0.22493500464,0.013502286001,0.064730271864,0.019235972803
e549,ok,,54.55623815,1393342772.9,6036442.5559,21682989.558,426186834.71,5031974.9592,109224631.35,0.0,0.0,0.0,-3.444155596e-09,2.0686428406e-09,-2.1248273091e-10,3.9632735436e-09,0.0,0.0,-1.0237444951e-08,0.0,0.0,0.0,0.0,-1.7452181822e-10,0.22561620587,0.017132784801,0.061797748364,0.023924073079
e547,ok,,54.55148818,1393221460.7,5919350.0559,20610060.95,426941365.81,4849702.4146,109399806.55,0.0,0.0,0.0,-3.3273717845e-09,2.1079976422e-09,1.030445944e-10,3.3672465141e-09,0.0,0.0,-1.4653059742e-08,0.0,0.0,0.0,0.0,-1.863697145e-09,0.22730472513,0.014083501271,0.086736590001,0.019931910841
e550,ok,,54.37972182,1388834622.0,5844840.3657,21739573.053,424767548.34,4924379.8839,108152119.78,0.0,0.0,0.0,-3.6441207225e-09,2.0830371865e-09,7.8743340628e-11,3.9823390219e-09,0.0,0.0,-7.0215856884e-09,0.0,0.0,0.0,0.0,-1.2016987633e-09,0.22294437235,0.016626344456,0.041040047462,0.023276135865
e551,ok,,54.535258991,1392806974.2,5870587.2002,21870660.076,425773639.17,4967991.9694,109036997.91,0.0,0.0,0.0,-3.939993625e-09,2.0333484816e-09,-4.4113160838e-10,5.129278576e-09,0.0,0.0,-6.6924014404e-09,0.0,0.0,0.0,0.0,1.1281699477e-09,0.22411074124,0.02083062457,0.039288326235,0.030111877155
e552,ok,,54.328618145,1387529456.2,5697478.4361,22055987.815,424125177.76,4877993.738,107788465.44,0.0,0.0,0.0,-4.1581471099e-09,2.0493741195e-09,-1.3135733981e-10,5.1875986957e-09,0.0,0.0,-3.3698701594e-09,0.0,0.0,0.0,0.0,1.2256594787e-10,0.22116677692,0.020415653499,0.019199762566,0.029556231704
e561,ok,,54.796743676,1399485180.2,4806394.4089,20424881.105,427562245.5,4315863.5419,110573103.22,0.0,0.0,0.0,-8.1380852564e-09,1.9430873097e-09,-2.0507654442e-10,1.186892434e-08,0.0,0.0,2.8860780189e-09,0.0,0.0,0.0,0.0,1.7446804086e-09,0.22161623437,0.036793762945,-0.013871629254,0.057046731589
e562,ok,,54.284734223,1386408679.8,3861425.3487,15830352.546,427279910.26,3324751.3217,108412822.29,0.0,0.0,0.0,-7.6772514527e-09,1.9726757277e-09,-6.388830856e-10,1.0686441306e-08,0.0,0.0,1.8517800367e-09,0.0,0.0,0.0,0.0,3.532118717e-09,0.22360710431,0.028154869452,-0.0071505103738,0.041264895348
e580,ok,,53.982859756,1378698936.2,4663940.3959,18009667.935,423580452.56,3942262.7487,106284395.65,0.0,0.0,0.0,-7.3718994894e-09,2.0020967624e-09,-1.0769299934e-09,9.3602302635e-09,0.0,0.0,-1.0279566913e-08,0.0,0.0,0.0,0.0,2.9502571014e-09,0.22187459886,0.031646965659,0.047943287379,0.043655556041
e553,ok,,54.471156512,1391169824.6,5718522.111,21677150.134,425491048.26,4857323.5309,108710479.13,0.0,0.0,0.0,-4.1061640967e-09,2.0176387787e-09,-5.0389958418e-10,5.3713172624e-09,0.0,0.0,-4.8721251068e-09,0.0,0.0,0.0,0.0,1.6906545012e-09,0.22298871635,0.021777700736,0.027861355151,0.03071599653
e558,ok,,54.479755962,1391389450.8,4336475.6936,17673362.775,427793685.41,3748246.934,109332924.9,0.0,0.0,0.0,-6.5531109185e-09,1.9968784869e-09,-1.449693993e-10,9.1374171923e-09,0.0,0.0,4.0731879125e-09,0.0,0.0,0.0,0.0,1.4564931647e-09,0.22222925362,0.025776688737,-0.017663280378,0.039624187556
e559,ok,,54.506630222,1392075807.8,4333282.6926,18072907.92,427384320.16,3798157.3612,109342592.97,0.0,0.0,0.0,-7.4510011968e-09,1.9663265969e-09,-2.9496149249e-10,1.0648847331e-08,0.0,0.0,3.9133637976e-09,0.0,0.0,0.0,0.0,2.3042233853e-09,0.22211638384,0.030246394142,-0.016957711614,0.046144465837
e560,ok,,54.594676291,1394324466.4,4328066.9098,18553303.856,427428726.73,3858923.1376,109715323.09,0.0,0.0,0.0,-8.3015094764e-09,1.9229756226e-09,-4.4204698698e-10,1.2203170657e-08,0.0,0.0,3.7198180453e-09,0.0,0.0,0.0,0.0,3.1422907851e-09,0.22199199996,0.034732024478,-0.016099621392,0.052816139114
e582,ok,,54.177022254,1383657762.6,4561997.6475,16529135.155,425883534.34,3752285.0541,107634685.28,0.0,0.0,0.0,-8.6373239505e-09,2.1543973651e-09,-8.7235230718e-10,1.0572586316e-08,0.0,0.0,-2.4601208194e-08,0.0,0.0,0.0,0.0,-1.6474494713e-09,0.22613172473,0.031013051049,0.11223065391,0.048232113902
e583,ok,,54.650327341,1395745770.2,5578874.7281,20041450.088,427213671.39,4657869.5843,109880406.42,0.0,0.0,0.0,-7.2978702721e-09,2.1525813683e-09,-3.4078463395e-10,8.9671772986e-09,0.0,0.0,-1.7663115996e-08,0.0,0.0,0.0,0.0,-2.6335504216e-09,0.22665273534,0.031217145135,0.098540311451,0.050026758814
e584,ok,,54.828613553,1400299123.1,5808654.0685,20459213.449,428367530.73,4817334.8464,110902972.54,0.0,0.0,0.0,-7.0933621177e-09,2.1640145104e-09,-2.7834005473e-10,8.5868837306e-09,0.0,0.0,-1.883784274e-08,0.0,0.0,0.0,0.0,-3.1371460806e-09,0.2280495559,0.030731999374,0.10942251188,0.049878237118
e587,ok,,54.383454876,1388929962.9,5467939.365,19923486.542,425519164.61,4566111.5681,108376757.52,0.0,0.0,0.0,-6.8917563388e-09,2.0339294234e-09,-1.097776001e-09,8.6943692699e-09,0.0,0.0,-1.6428357001e-08,0.0,0.0,0.0,0.0,1.3569885682e-09,0.22504979171,0.032864290423,0.08982925995,0.047540283984
e598,ok,,52.075738032,1329991870.6,2050960.1201,10621029.25,414457660.12,1849887.2248,96781050.485,0.0,0.0,0.0,-1.7949549205e-08,2.5924012177e-09,2.492525136e-09,2.5592727619e-08,0.0,0.0,7.7937525253e-09,0.0,0.0,0.0,0.0,-1.3223217368e-08,0.20824829754,0.028127753446,-0.015984675615,0.052489663712
e585,ok,,54.046096174,1380313967.0,4386130.007,16185082.345,425075901.28,3628573.5995,106908291.88,0.0,0.0,0.0,-8.9412080038e-09,2.1422337234e-09,-9.329299734e-10,1.1104038176e-08,0.0,0.0,-2.3349624375e-08,0.0,0.0,0.0,0.0,-1.1297116286e-09,0.2251001432,0.031521639698,0.10241448812,0.04870375504
e593,ok,,51.337008103,1311125027.1,1891478.1998,10893915.439,409870583.78,1756968.259,93078781.568,0.0,0.0,0.0,-1.8854823954e-08,2.6845077892e-09,3.2948641962e-09,2.7638007868e-08,0.0,0.0,2.0264749073e-08,0.0,0.0,0.0,0.0,-1.5602655423e-08,0.20156914831,0.027622811772,-0.038330331096,0.052276689369
e604,ok,,54.723956546,1397626228.3,6947995.548,24468438.781,425790273.56,5790205.7093,109822268.45,0.0,0.0,0.0,-4.4757946207e-09,2.0373205713e-09,-6.0038580396e-10,5.4692523693e-09,0.0,0.0,-1.2956795728e-08,0.0,0.0,0.0,0.0,4.051977746e-10,0.2248951116,0.026443569297,0.090023759036,0.038000341113
e603,ok,,54.501260741,1391938673.6,7097456.2824,25179098.117,423586323.04,5918500.7627,108363594.68,0.0,0.0,0.0,-4.2172257467e-09,2.0721171508e-09,-2.4662101252e-10,4.9543862094e-09,0.0,0.0,-1.2516296701e-08,0.0,0.0,0.0,0.0,-1.0193080564e-09,0.22177647786,0.023622635531,0.08883386865,0.035163539527
e625,ok,,54.693419407,1396846323.0,3594543.3136,12615071.543,432506530.33,2867460.0164,111380533.03,0.0,0.0,0.0,-7.3850495098e-09,2.3061614875e-09,2.1647028369e-09,7.3558228619e-09,0.0,0.0,-1.2419792255e-08,0.0,0.0,0.0,0.0,-1.1717132008e-08,0.22892712453,0.013500408703,0.044643481206,0.026440823884
e635,ok,,54.09169714,1381478596.0,2496059.0398,9505315.9809,429170006.3,2032585.1638,108066435.55,0.0,0.0,0.0,-9.9960104685e-09,2.4953542503e-09,3.609141551e-09,1.0127001554e-08,0.0,0.0,-5.542099576e-09,0.0,0.0,0.0,0.0,-1.8708435744e-08,0.22818855119,0.011657739435,0.013833407746,0.025277593774
e636,ok,,54.152735454,1383037488.2,2600401.078,9990990.5731,429183429.03,2138732.0447,108319409.67,0.0,0.0,0.0,-1.0726908613e-08,2.4831988143e-09,3.0801536501e-09,1.1725783171e-08,0.0,0.0,-5.8688867738e-09,0.0,0.0,0.0,0.0,-1.6346421094e-08,0.22802095119,0.014988943593,0.015261459493,0.030491739198
e638,ok,,54.345864912,1387969931.2,2804661.7326,11096626.972,429545445.88,2371264.0379,109199582.75,0.0,0.0,0.0,-1.4365178436e-08,2.6057520313e-09,2.7415450165e-09,1.6697990901e-08,0.0,0.0,-6.664722979e-09,0.0,0.0,0.0,0.0,-1.5325224325e-08,0.22715662478,0.025843659604,0.018692293497,0.046832216092
e639,ok,,54.414803923,1389730603.8,2892076.4262,11678264.528,429425695.32,2485059.8968,109454228.06,0.0,0.0,0.0,-1.4906274839e-08,2.5794355807e-09,2.2838405893e-09,1.8107184929e-08,0.0,0.0,-7.4155592779e-09,0.0,0.0,0.0,0.0,-1.3545828745e-08,0.22708067094,0.029433119155,0.021446364175,0.052367362678
e657,ok,,54.191372201,1384024254.1,5091988.317,18879524.249,424560237.32,4253501.37,107369380.66,0.0,0.0,0.0,-7.996525883e-09,2.101800818e-09,-9.8007460959e-10,1.0483598253e-08,0.0,0.0,-2.0158936948e-08,0.0,0.0,0.0,0.0,-5.6882917482e-10,0.22359032383,0.033472457539,0.10264907142,0.053382359823
e642,ok,,54.174831659,1383601815.8,4737713.6873,16671782.796,426038395.75,3840651.7551,107654708.54,0.0,0.0,0.0,-6.1003535464e-09,2.1958416825e-09,1.4062291562e-11,7.2348525001e-09,0.0,0.0,-2.272577869e-08,0.0,0.0,0.0,0.0,-3.8003797903e-09,0.22675484518,0.020124081392,0.10766823275,0.034276659716
e637,ok,,54.22855675,1384973931.4,2690994.7175,10483257.345,429261412.01,2241494.5254,108648896.81,0.0,0.0,0.0,-1.1663254963e-08,2.4768933254e-09,2.6475256138e-09,1.349607644e-08,0.0,0.0,-6.3294821292e-09,0.0,0.0,0.0,0.0,-1.4534638707e-08,0.22753524996,0.018750523803,0.017032602974,0.036317870408
e655,ok,,54.375985041,1388739186.3,6063797.3113,22098834.794,424494563.62,5067321.5931,108091259.13,0.0,0.0,0.0,-5.7947445877e-09,2.0716428558e-09,-5.1404479301e-10,7.4435018386e-09,0.0,0.0,-1.3370774671e-08,0.0,0.0,0.0,0.0,-5.2927182935e-10,0.22224489985,0.028767992761,0.081077667498,0.045135886436
e656,ok,,54.243735499,1385361590.1,5351231.4515,20098645.298,424068772.51,4520171.4703,107452375.16,0.0,0.0,0.0,-7.8109044738e-09,2.1161227187e-09,-6.7079243536e-10,1.025096288e-08,0.0,0.0,-1.6768241758e-08,0.0,0.0,0.0,0.0,-1.3142384908e-09,0.22238810209,0.033986764637,0.089730742679,0.05485527497
e66,ok,,53.201694726,1358748318.5,1985197.8121,8407124.0529,423475568.18,1666290.8995,103171599.91,0.0,0.0,0.0,-1.6079084977e-08,2.0036277814e-09,-2.4804815434e-09,2.2349232008e-08,0.0,0.0,-2.9021798211e-08,0.0,0.0,0.0,0.0,6.1501496294e-09,0.22369577092,0.029087958751,0.057614010311,0.044367646484
e662,ok,,54.259598423,1385766722.3,4912204.4432,17448284.746,426239515.37,4004433.8293,108064721.37,0.0,0.0,0.0,-7.4603602098e-09,2.0748840359e-09,-1.4458794179e-09,9.5125590531e-09,0.0,0.0,-2.6370393514e-08,0.0,0.0,0.0,0.0,8.2411264381e-10,0.22687977933,0.030623592145,0.12953676419,0.046727634847
e664ex,ok,,53.744467521,1372610501.4,3234048.2176,14943770.113,423108586.79,2942484.2707,105250271.24,0.0,0.0,0.0,-6.2897449163e-09,2.41221561e-09,2.4954914092e-09,1.1779271462e-08,0.0,0.0,-1.3784309173e-08,0.0,0.0,0.0,0.0,-1.5112296143e-08,0.22393129847,0.0085672315875,0.044579120511,0.038094731877
e678,ok,,54.524570075,1392533983.9,4752502.1021,17403620.792,427526356.68,3977441.1249,109460839.89,0.0,0.0,0.0,-9.0845368972e-09,1.9647903863e-09,-2.1369519286e-09,1.2255924686e-08,0.0,0.0,-2.3799032465e-08,0.0,0.0,0.0,0.0,3.2931536575e-09,0.22805429696,0.039127307237,0.11310495182,0.058246307834
e668,ok,,53.852196546,1375361854.2,4129339.6553,15207305.728,424561456.82,3368851.9036,106013832.12,0.0,0.0,0.0,-8.523086307e-09,2.0876007212e-09,-1.4808079022e-09,1.104693597e-08,0.0,0.0,-2.68872233e-08,0.0,0.0,0.0,0.0,1.1053057788e-09,0.2246759082,0.029550044494,0.11102647739,0.045616550771
e664,ok,,54.437637906,1390313773.9,5922573.5431,20175003.895,426481575.54,4775148.6478,108839837.12,0.0,0.0,0.0,-4.3772134078e-09,2.1052147416e-09,-5.2844085362e-10,5.1329799142e-09,0.0,0.0,-2.2050141296e-08,0.0,0.0,0.0,0.0,-7.7013220884e-10,0.22737597371,0.020065954331,0.13059358346,0.030400451037
e67,ok,,53.623781627,1369528235.8,2673558.3238,10473502.748,425464442.39,2200838.2909,105312219.63,0.0,0.0,0.0,-1.1107278104e-08,2.0436193545e-09,-1.788344218e-09,1.5239213895e-08,0.0,0.0,-2.3316615205e-08,0.0,0.0,0.0,0.0,4.0661548504e-09,0.22566835884,0.026466982654,0.062338330662,0.040742927156
e68,ok,,53.999177095,1379115674.0,3456501.4951,12828457.881,427071288.17,2819537.8115,107205502.03,0.0,0.0,0.0,-7.9384417487e-09,2.0614513607e-09,-1.2696452598e-09,1.0813782565e-08,0.0,0.0,-1.9416808192e-08,0.0,0.0,0.0,0.0,2.5090105941e-09,0.2270080715,0.023989881647,0.067114226545,0.037377855604
e682,ok,,54.179913586,1383731606.0,5126039.9572,17634364.898,425750643.84,4113151.0457,107617343.29,0.0,0.0,0.0,-5.5525891791e-09,2.1619217836e-09,-4.8666933539e-10,6.6890050658e-09,0.0,0.0,-2.7272167881e-08,0.0,0.0,0.0,0.0,-2.1368691411e-09,0.22738952102,0.020841725276,0.13979822228,0.034288107241
e694,ok,,54.510655681,1392178616.3,5270971.9196,18526329.462,427198325.38,4316737.2599,109331792.75,0.0,0.0,0.0,-7.7760380814e-09,1.9621456544e-09,-2.4488877607e-09,1.041254692e-08,0.0,0.0,-2.8194248423e-08,0.0,0.0,0.0,0.0,3.9104534066e-09,0.22881242016,0.037440669097,0.14861109173,0.054884242427
e715,ok,,52.895132164,1350918843.0,3613077.1783,15773349.609,417615409.16,3119531.795,100593336.45,0.0,0.0,0.0,-6.4291657117e-09,2.1729453139e-09,4.5692375305e-10,9.0621375598e-09,0.0,0.0,1.0034405695e-09,0.0,0.0,0.0,0.0,-2.3196832871e-09,0.2138920482,0.018509194611,-0.0036255082214,0.032742202404
e748,ok,,54.848132234,1400797621.8,6214470.8379,25443021.508,424888548.24,5556489.5442,110094696.77,0.0,0.0,0.0,-5.6326182447e-09,1.9113316942e-09,-3.3964946692e-10,7.7429046438e-09,0.0,0.0,2.4526725052e-09,0.0,0.0,0.0,0.0,2.1999028963e-09,0.21797456571,0.033967394301,-0.015242061759,0.048118055109
e793,ok,,54.209360401,1384483664.9,4213952.2238,17373055.929,425913862.33,3643643.0599,107777440.1,0.0,0.0,0.0,-8.1565479397e-09,2.0279101495e-09,-1.1976659579e-11,1.1000773717e-08,0.0,0.0,2.1490913386e-09,0.0,0.0,0.0,0.0,4.7089089232e-10,0.22007060791,0.030097228974,-0.0090561682256,0.046356734866
e836,ok,,53.445909693,1364985463.4,3236755.3492,11288975.761,424194001.8,2529311.2378,104290851.84,0.0,0.0,0.0,3.8700062858e-16,2.1804229405e-09,-1.3896955182e-16,2.2818489843e-16,0.0,0.0,-3.4928643459e-08,0.0,0.0,0.0,0.0,1.0109999423e-15,0.22739816583,-3.9735756768e-10,0.11305547356,7.385786906e-10
e837,ok,,53.880511289,1376085000.5,4891020.6497,17560471.584,423947796.56,3976004.3966,105955799.43,0.0,0.0,0.0,4.7144516624e-17,2.1192324366e-09,-1.5315030278e-16,-2.2023903702e-16,0.0,0.0,-1.3999248795e-08,0.0,0.0,0.0,0.0,1.6062536692e-16,0.22454496699,-4.4041798768e-11,0.068470614936,-1.0771936779e-09
e838,ok,,54.384874725,1388966225.0,6355554.143,22260418.875,424622105.73,5241543.499,108138827.92,0.0,0.0,0.0,-3.1821951853e-14,2.0943195356e-09,-7.6461207331e-15,7.0429091282e-14,0.0,0.0,-1.4020092506e-08,0.0,0.0,0.0,0.0,1.4987878662e-16,0.22647725988,1.6697406453e-07,0.089105457014,4.4761590288e-07
e850,ok,,52.433654665,1339132906.9,1155486.7913,4462233.9044,420493889.76,888647.81192,99473627.808,0.0,0.0,0.0,-8.0567737235e-09,2.1394553653e-09,-4.6539375242e-09,1.1615280301e-08,0.0,0.0,-9.1942274844e-08,0.0,0.0,0.0,0.0,1.8297977438e-08,0.22579431864,0.010834044436,0.10623808415,0.013421302965
e851,ok,,52.645308329,1344538450.1,1503054.0621,5851433.8686,421214831.05,1182158.4842,100458988.16,0.0,0.0,0.0,-9.9321977271e-09,2.0904001569e-09,-3.9165471431e-09,1.3995965099e-08,0.0,0.0,-6.8334213348e-08,0.0,0.0,0.0,0.0,1.3091708603e-08,0.22539066777,0.01523337778,0.10271001695,0.021036692195
e854,ok,,53.856061044,1375460551.9,3159334.0009,12371555.604,425950679.41,2644764.6414,106345679.63,0.0,0.0,0.0,-8.3389258172e-09,2.0685924773e-09,-1.1021693527e-09,1.1326150468e-08,0.0,0.0,-1.3644795856e-08,0.0,0.0,0.0,0.0,2.957509826e-09,0.22690861414,0.023830851899,0.043108467483,0.035783092273
e852,ok,,52.779683512,1347970334.3,1857117.1084,7381976.9848,421306135.37,1496583.6739,101004047.41,0.0,0.0,0.0,-1.0721474949e-08,2.0777414712e-09,-3.0247434139e-09,1.4885521948e-08,0.0,0.0,-4.7380499525e-08,0.0,0.0,0.0,0.0,8.9821448829e-09,0.22437888189,0.019065302129,0.087991136273,0.027644157478
e853,ok,,53.015432327,1353991257.3,2393621.6879,9641840.5149,421704713.04,1972877.0355,102014479.6,0.0,0.0,0.0,-9.4828996809e-09,2.0774822723e-09,-2.0099049238e-09,1.322759005e-08,0.0,0.0,-2.6559252745e-08,0.0,0.0,0.0,0.0,5.996115449e-09,0.22334689745,0.021353746731,0.063572803383,0.031661846423
e855,ok,,54.684409948,1396616225.3,4353610.6113,16593728.423,429297749.11,3716047.4927,110529730.25,0.0,0.0,0.0,-7.2439898372e-09,2.034968801e-09,-5.7930095414e-10,9.7844712257e-09,0.0,0.0,-7.0191897221e-09,0.0,0.0,0.0,0.0,1.2586103154e-09,0.22866426856,0.027989119367,0.030558818856,0.042597777754
e858,ok,,56.86290372,1452254015.9,8988265.7202,32631655.628,435480490.33,8043834.081,121359088.03,0.0,0.0,0.0,-4.8093682394e-09,1.8920330822e-09,2.0721347337e-10,6.3372311738e-09,0.0,0.0,4.2299721521e-10,0.0,0.0,0.0,0.0,-7.9212690701e-10,0.22588649328,0.037248090392,-0.0038020113693,0.056960717721
e857,ok,,56.162208512,1434358562.7,7277992.6162,26792879.634,433861222.36,6424657.7735,117901498.32,0.0,0.0,0.0,-5.5904874156e-09,1.9458348976e-09,4.9383945457e-12,7.4968466174e-09,0.0,0.0,-1.1643662329e-09,0.0,0.0,0.0,0.0,-3.3058804305e-10,0.22801582594,0.035432851241,0.0084742488454,0.054561994326
e856,ok,,55.443404356,1416000614.8,5805491.9202,21728338.911,431685618.9,5045589.7741,114287689.8,0.0,0.0,0.0,-6.2562263926e-09,1.996389656e-09,-2.1804718218e-10,8.4370164892e-09,0.0,0.0,-3.3161297664e-09,0.0,0.0,0.0,0.0,2.0265268134e-10,0.22889361118,0.031800430938,0.019251764565,0.048981031059
e864,ok,,61.425084988,1568770156.2,27181760.387,83032881.321,439203149.26,25773033.024,143112571.12,0.0,0.0,0.0,-1.4430726886e-12,1.5533628815e-09,1.0759290073e-12,3.7569732172e-13,0.0,0.0,-1.3852523517e-09,0.0,0.0,0.0,0.0,-3.5082844393e-12,0.22230573498,1.7091668922e-05,0.0376535975,1.0212114577e-05
e874,ok,,53.007463653,1353787740.8,1037762.6701,4209859.863,425004969.42,812193.09537,102768724.4,0.0,0.0,0.0,-7.5348317236e-09,2.2449769677e-09,3.0755242724e-10,1.0490428891e-08,0.0,0.0,-1.4524782315e-08,0.0,0.0,0.0,0.0,-2.9677777342e-09,0.22884558018,0.005568159559,0.015073276878,0.010886575497
e908,ok,,53.395066154,1363686941.3,1631727.6984,6046761.7095,425687673.24,1291145.1249,104442445.97,0.0,0.0,0.0,-1.2274206444e-08,2.0466942418e-09,-5.3631475772e-09,1.8042521346e-08,0.0,0.0,-9.8496351759e-08,0.0,0.0,0.0,0.0,1.1998510245e-08,0.23356950311,0.019470930657,0.16071922535,0.029440481828
e904,ok,,53.403366829,1363898937.0,1752787.4395,6027993.4791,426083590.8,1329457.8333,104570537.79,0.0,0.0,0.0,-6.9519679857e-09,2.2306201434e-09,-1.7573735091e-09,8.964015096e-09,0.0,0.0,-1.0242312602e-07,0.0,0.0,0.0,0.0,5.8590089452e-10,0.23382326458,0.0094244861679,0.1795259688,0.015712013068
ea61009,ok,,50.747531904,1296070059.4,1501085.9341,6131386.9567,408969658.82,1139502.8105,90670791.814,0.0,0.0,0.0,-1.0308140874e-16,2.2697750107e-09,5.7405236029e-17,3.9293716736e-16,0.0,0.0,-3.5621429069e-08,0.0,0.0,0.0,0.0,-5.0088609045e-16,0.20580229746,-2.3923145731e-15,0.053470826127,5.898324549e-10
ea61012,ok,,52.942751521,1352135020.9,2830142.7621,10701680.827,421908794.44,2223044.3169,101792717.29,0.0,0.0,0.0,-8.4785398292e-17,2.1473298918e-09,9.0239815713e-17,2.5332190109e-16,0.0,0.0,-1.5288075109e-08,0.0,0.0,0.0,0.0,-3.8786029842e-16,0.21858254461,1.3132211163e-14,0.043267435116,7.1693714485e-10
ea81006,ok,,51.64259626,1318929616.7,683148.73218,2662872.1522,416644326.66,498447.48338,95640299.129,0.0,0.0,0.0,-2.4061463337e-16,2.2878495833e-09,-7.5874864001e-16,3.9815574919e-15,0.0,0.0,-1.370270827e-07,0.0,0.0,0.0,0.0,-1.0996171675e-15,0.21881061851,3.349970011e-15,0.093609877821,2.7199959527e-09
ebambino7,ok,,52.905107179,1351173600.6,701718.76381,2776908.6843,425971407.34,527233.87607,102608387.8,0.0,0.0,0.0,-4.8483869273e-08,2.2641503987e-09,-4.7673892629e-09,4.3519163114e-08,0.0,0.0,-1.4458503508e-07,0.0,0.0,0.0,0.0,-1.1813267159e-10,0.23201096984,0.025547887957,0.10145803208,0.030538213342
eh1090,ok,,52.069085899,1329821978.0,1469084.8201,5863820.5552,417690811.23,1136395.3348,97459968.797,0.0,0.0,0.0,-6.3007489779e-09,2.2928748228e-09,1.2546974158e-09,6.6867003197e-09,0.0,0.0,-2.2566606025e-08,0.0,0.0,0.0,0.0,-8.3124177814e-09,0.21764270068,0.0051047077466,0.033152258354,0.0098233299366
eh0009,ok,,52.076190289,1330003421.1,1472850.6778,5806093.8263,417903141.77,1131244.3406,97538572.802,0.0,0.0,0.0,-2.1470736298e-14,2.2350620102e-09,2.0313380471e-13,6.7784402248e-15,0.0,0.0,-2.2722260955e-08,0.0,0.0,0.0,0.0,-1.1636578466e-12,0.21800475859,-2.6268875024e-07,0.033466497449,9.9836302794e-09
eh2012,ok,,53.3455701,1362422833.5,2743597.9907,10432133.639,423984793.13,2194212.4929,103846092.46,0.0,0.0,0.0,-6.49486928e-09,2.2620394029e-09,1.4679146297e-09,7.1101794593e-09,0.0,0.0,-9.3910476381e-09,0.0,0.0,0.0,0.0,-8.5447974305e-09,0.22217391781,0.010089186555,0.02576525943,0.019507474078
eh1070,ok,,50.898631511,1299929078.2,837437.50441,3644512.4021,411326639.68,636611.34522,91755109.893,0.0,0.0,0.0,-1.1346128867e-08,2.413980155e-09,1.8727812233e-09,1.1788272818e-08,0.0,0.0,-5.1415658559e-08,0.0,0.0,0.0,0.0,-1.4936100011e-08,0.21157588721,0.0052117815407,0.043057400791,0.0098719417703
eh1590,ok,,52.109738056,1330860216.5,1469121.2024,5947642.2833,417863329.16,1146801.8611,97649843.815,0.0,0.0,0.0,-9.3604601323e-09,2.3623517046e-09,1.8517057959e-09,1.0033914302e-08,0.0,0.0,-2.2275725648e-08,0.0,0.0,0.0,0.0,-1.2343886308e-08,0.21769724046,0.0076544251845,0.03272574085,0.014741036244
eh2010,ok,,52.634174503,1344254097.0,1884966.6206,7505155.2307,420477091.8,1495752.2038,100245216.44,0.0,0.0,0.0,-9.5731378807e-09,2.3742437993e-09,2.0041096062e-09,1.0429628371e-08,0.0,0.0,-1.5389771716e-08,0.0,0.0,0.0,0.0,-1.2623786652e-08,0.21980003089,0.010172448528,0.029009205983,0.019659501345
eh2070,ok,,50.950732266,1301259709.0,836227.59245,3865695.5917,411358984.81,658944.06488,91935180.57,0.0,0.0,0.0,-2.1814133492e-08,2.7117335329e-09,3.4997254908e-09,2.3590549384e-08,0.0,0.0,-4.8190796241e-08,0.0,0.0,0.0,0.0,-2.8681737752e-08,0.21131097506,0.010384325414,0.040298473519,0.019727068316
eh2510,ok,,52.806359652,1348651631.4,1844444.3435,7503063.1284,421714730.22,1483721.9587,101198031.9,0.0,0.0,0.0,-1.2008040442e-08,2.4650117693e-09,2.4922600097e-09,1.329065392e-08,0.0,0.0,-1.5188181006e-08,0.0,0.0,0.0,0.0,-1.5817013077e-08,0.22079668876,0.012641995822,0.028013754544,0.024513871444
eiffel371,ok,,54.974763889,1404031739.6,4279499.8172,14779285.316,432860128.87,3440983.2739,112637734.51,0.0,0.0,0.0,-1.9625996594e-08,2.5084286453e-09,4.4597740158e-10,1.7957141155e-08,0.0,0.0,-1.3203190106e-08,0.0,0.0,0.0,0.0,-6.6112686194e-09,0.23210264735,0.062285830273,0.056503049645,0.07684758229
eiffel385,ok,,54.675464521,1396387763.0,3219430.0454,14051446.127,430458901.38,2854411.1798,110798533.13,0.0,0.0,0.0,-2.3318525111e-08,3.1479435387e-09,3.6224179479e-09,2.7837005321e-08,0.0,0.0,3.7499361301e-09,0.0,0.0,0.0,0.0,-1.6371644144e-08,0.22726590332,0.056066170865,-0.012072657045,0.089619291304
eiffel430,ok,,54.603264103,1394543795.4,1979508.0985,8599154.4741,432040756.28,1721972.2772,110879203.48,0.0,0.0,0.0,-3.0506353747e-08,3.1843113742e-09,2.8046331616e-09,3.6634848044e-08,0.0,0.0,-1.7280795669e-08,0.0,0.0,0.0,0.0,-2.1005644164e-08,0.2302544403,0.044261433197,0.034207474975,0.072518978389
falcon,ok,,55.777538549,1424534257.9,3802334.6085,12613067.263,440880663.42,3038661.2013,118092558.72,0.0,0.0,0.0,-3.8818748932e-09,2.0862438264e-09,7.8353701081e-10,4.1782613611e-09,0.0,0.0,-9.5688792428e-09,0.0,0.0,0.0,0.0,-4.1668296658e-09,0.24052499464,0.0087517156257,0.03638408071,0.015887147777
eiffel428,ok,,53.261309749,1360270860.5,1452208.8951,7090578.0625,424096435.51,1311134.4778,103551222.6,0.0,0.0,0.0,-3.1143575609e-08,2.8838386089e-09,6.6089070702e-10,4.1062620492e-08,0.0,0.0,-3.9132269589e-08,0.0,0.0,0.0,0.0,-1.7025532118e-08,0.22648431093,0.035795735545,0.056828229984,0.059631502736
fauvel,ok,,53.939024884,1377579412.5,2595090.3636,9690352.3873,426400780.35,2899633.5914,106791728.41,0.0,0.0,0.0,-5.7486669923e-09,2.2527623767e-09,5.4145454819e-09,1.0467619676e-08,0.0,0.0,7.2165404517e-08,0.0,0.0,0.0,0.0,-1.2160602134e-08,0.21862124987,0.0089716419354,-0.18727574584,0.027164418951
esa40,ok,,54.77316535,1398882999.9,2211336.0134,8604730.1225,436791204.49,1763278.6006,112826078.08,0.0,0.0,0.0,-6.9422848365e-09,2.306656951e-09,3.7226872504e-09,5.0678713414e-09,0.0,0.0,-1.5431360223e-09,0.0,0.0,0.0,0.0,-1.9256335157e-08,0.23335049044,0.0043230026623,0.0034123922596,0.011206766408
fg1,ok,,54.359039687,1388306409.3,1418004.4943,5357614.7714,432946161.67,1146383.8283,110103424.21,0.0,0.0,0.0,-3.0938727011e-08,2.743650449e-09,8.820220135e-10,3.3382062299e-08,0.0,0.0,-5.52088485e-08,0.0,0.0,0.0,0.0,-1.6899550744e-08,0.23597607994,0.030907731083,0.078286395299,0.04733591437
fg2,ok,,54.242992806,1385342622.0,1273115.2582,5050444.3829,431974484.47,1053444.6397,109378246.89,0.0,0.0,0.0,-3.2631240151e-08,2.8359020787e-09,2.0299179242e-09,3.6264045543e-08,0.0,0.0,-3.9230822705e-08,0.0,0.0,0.0,0.0,-1.9504667906e-08,0.23671811776,0.029523928195,0.049945358977,0.046168309704
fg3,ok,,54.670771563,1396267906.8,1887198.326,6635283.2198,433091213.98,1809617.2661,111441804.98,0.0,0.0,0.0,-2.3546713942e-08,2.6633948884e-09,3.8142177629e-09,3.2040338294e-08,0.0,0.0,7.7362408063e-09,0.0,0.0,0.0,0.0,-1.2671741816e-08,0.23648182135,0.037207673512,-0.014599820699,0.060466472792
fg4,ok,,55.385634122,1414525188.0,3236217.2699,10689875.38,436684694.94,2975533.6345,115361407.68,0.0,0.0,0.0,-1.8279947876e-08,2.5906473733e-09,3.2272809982e-09,2.3034278359e-08,0.0,0.0,4.6295328208e-09,0.0,0.0,0.0,0.0,-1.056245745e-08,0.23228000693,0.047140130318,-0.014982174066,0.074543929426
fx049915,ok,,54.824917579,1400204729.5,3567105.6973,15577346.25,428622208.14,3281473.1177,110894318.78,0.0,0.0,0.0,-1.3029875471e-08,2.5369367499e-09,1.8741118472e-09,1.7857149357e-08,0.0,0.0,-3.7088744068e-09,0.0,0.0,0.0,0.0,-1.0955931635e-08,0.22900877465,0.034570063626,0.013229947027,0.063698339208
fx057816,ok,,53.540408281,1367398916.5,4733219.4648,19311136.898,417771819.87,4126787.8361,103078989.36,0.0,0.0,0.0,-8.7507419393e-09,2.3192945927e-09,2.0650487439e-10,1.1536620297e-08,0.0,0.0,-1.5627233701e-08,0.0,0.0,0.0,0.0,-5.5362554142e-09,0.21833212058,0.031141174714,0.073967126733,0.054605355749
fx601001,ok,,50.372588042,1286494155.0,1591883.2799,8161649.846,405481134.54,1340785.9203,88668315.1,0.0,0.0,0.0,-1.7457035768e-08,2.0211375437e-09,-1.8549544918e-09,2.2775291363e-08,0.0,0.0,-6.1189572913e-09,0.0,0.0,0.0,0.0,1.0664262147e-08,0.20130608678,0.026289979925,0.0097406658027,0.036255605516
fx60160,ok,,54.348933097,1388048291.3,4577293.0308,16770241.7,427122572.06,3807450.7957,108617224.28,0.0,0.0,0.0,-5.7060551211e-09,2.0508950635e-09,-1.0065776303e-09,7.6112374989e-09,0.0,0.0,-1.5848309204e-08,0.0,0.0,0.0,0.0,2.0476856506e-09,0.22758055492,0.023501327856,0.07254235527,0.03483886436
fx2,ok,,55.30457233,1412454904.8,8656872.2911,29005267.489,427272042.86,7156816.6467,112590180.84,0.0,0.0,0.0,-2.698835721e-09,2.0096329832e-09,-1.2000240735e-09,3.8208545814e-09,0.0,0.0,-1.7307312037e-08,0.0,0.0,0.0,0.0,2.6740921189e-09,0.23199172095,0.023764225608,0.14982719,0.033076650154
fx6617a2,ok,,54.92107866,1402660642.1,5644949.9501,21759808.612,427407515.59,4937181.5219,111004602.2,0.0,0.0,0.0,-5.7801068745e-09,2.093475823e-09,-5.5591290993e-12,7.7240956911e-09,0.0,0.0,-6.9188796765e-09,0.0,0.0,0.0,0.0,-1.485576053e-09,0.22766637868,0.026869117266,0.039056729484,0.043602133586
fx6617ai,ok,,54.955185284,1403531710.5,5975604.8555,22984721.516,427028050.94,5237314.8946,111044313.17,0.0,0.0,0.0,-5.0233098797e-09,2.0690500682e-09,-8.0858143274e-11,6.9260939041e-09,0.0,0.0,-6.4448825776e-09,0.0,0.0,0.0,0.0,-1.0017793994e-09,0.22682298096,0.025119324164,0.038512071624,0.041387600363
fx66196v,ok,,54.487808864,1391595118.5,6600457.8478,25298251.742,422480425.92,5735522.3622,108012281.95,0.0,0.0,0.0,-5.0527021913e-09,2.0584525635e-09,-4.0990792784e-10,6.9209211363e-09,0.0,0.0,-8.8919569239e-09,0.0,0.0,0.0,0.0,-6.5756590566e-11,0.22213229507,0.02889611391,0.05869098686,0.045681248228
fx66h60,ok,,50.361520296,1286211489.6,542131.64417,2807314.6295,409882462.39,425354.41973,89618914.533,0.0,0.0,0.0,-2.4529336833e-08,2.9382343429e-09,8.113377628e-09,2.1544776991e-08,0.0,0.0,-7.1807928423e-09,0.0,0.0,0.0,0.0,-5.921595085e-08,0.2077833318,0.0052033828278,0.00389293503,0.011680105373
fx66h80,ok,,51.217182096,1308064722.6,966655.74316,4880902.0644,413387796.73,806504.6086,93397773.628,0.0,0.0,0.0,-2.1370277239e-08,2.8398054167e-09,4.945009885e-09,2.5900958152e-08,0.0,0.0,-2.0902970708e-09,0.0,0.0,0.0,0.0,-3.3201142512e-08,0.21159459945,0.011577764751,0.0020205976684,0.025037309951
fx66s161,ok,,53.940205923,1377609575.7,4300530.6796,17778954.875,423019354.18,3761842.432,105964468.62,0.0,0.0,0.0,-7.6503009868e-09,2.1304044425e-09,-1.2444503372e-11,1.0557219304e-08,0.0,0.0,-5.1463278482e-09,0.0,0.0,0.0,0.0,-1.2344760595e-09,0.22197749904,0.027749005052,0.022131940798,0.045401645507
fx66s171,ok,,54.231607347,1385051842.3,4860591.1365,19739916.247,423901554.07,4261005.0822,107342253.59,0.0,0.0,0.0,-6.7145534366e-09,2.10544216e-09,9.9462704393e-12,9.2700490325e-09,0.0,0.0,-4.298325181e-09,0.0,0.0,0.0,0.0,-1.107578386e-09,0.22259613388,0.027560866007,0.020892401276,0.045057918162
fx66s196,ok,,54.562198668,1393495001.9,6799219.2253,25656863.196,422896236.56,5877882.2502,108412316.17,0.0,0.0,0.0,-4.6920478987e-09,2.0605375941e-09,-4.0932764226e-10,6.3632370435e-09,0.0,0.0,-9.8610973329e-09,0.0,0.0,0.0,0.0,-1.5811818146e-10,0.22291468581,0.027372153139,0.067047762568,0.043265043642
fx69h083,ok,,53.063703724,1355224087.9,1374153.4033,5452087.5807,424667256.25,1097959.9391,102899176.96,0.0,0.0,0.0,-1.703291922e-08,2.4653900832e-09,4.6718592052e-10,2.0589003555e-08,0.0,0.0,-7.0470198782e-08,0.0,0.0,0.0,0.0,-1.3053134847e-08,0.22851493216,0.015429632388,0.096836863491,0.028292449307
fx67k170,ok,,54.266351181,1385939184.6,5703464.1439,21785897.473,422535863.61,4906106.7127,107154418.92,0.0,0.0,0.0,-7.5338121167e-09,2.1754770885e-09,-7.8277271714e-10,1.0151563782e-08,0.0,0.0,-2.1133365732e-08,0.0,0.0,0.0,0.0,-2.1648172048e-09,0.22451043034,0.034581288894,0.12053339369,0.057899080036
fx67k150,ok,,53.580882781,1368432617.8,4336682.8715,17286385.646,420146248.75,3725445.9239,103853246.66,0.0,0.0,0.0,-9.461587391e-09,2.2358832105e-09,-1.1012337087e-09,1.2805217917e-08,0.0,0.0,-2.8383708477e-08,0.0,0.0,0.0,0.0,-2.4387360486e-09,0.2232564044,0.033223107731,0.12309114238,0.055532169207
fx69h098,ok,,54.244657791,1385385145.0,1971685.8242,6958693.098,432428385.59,1527911.4075,109506185.94,0.0,0.0,0.0,-9.3064930563e-09,2.2566024328e-09,1.223252969e-09,9.8927896311e-09,0.0,0.0,-2.4881652424e-08,0.0,0.0,0.0,0.0,-8.2062194394e-09,0.23429442884,0.011283624493,0.049058801367,0.019505473078
fx71089a,ok,,53.072068934,1355437731.7,1542080.5191,5992894.2887,425372369.69,1181908.5526,103117307.82,0.0,0.0,0.0,8.6996914058e-17,2.1343083416e-09,2.582667786e-16,6.3666371504e-17,0.0,0.0,8.0705701526e-09,0.0,0.0,0.0,0.0,3.300642856e-16,0.22008413023,-1.6966300629e-11,-0.01244546901,9.8178671219e-11
fx71120,ok,,54.281902925,1386336369.7,2901367.4295,10565284.333,431446696.96,2282572.5212,109433565.18,0.0,0.0,0.0,7.5040803136e-17,2.0489706339e-09,-5.4975919134e-16,3.3815431855e-16,0.0,0.0,3.9069480688e-09,0.0,0.0,0.0,0.0,4.5693296928e-16,0.22422616143,6.2577918528e-11,-0.011335491876,9.8110992599e-10
fx711520,ok,,52.893912274,1350887687.6,4012741.8543,16121399.885,419171063.05,3284739.9568,100983654.1,0.0,0.0,0.0,4.1429798012e-17,2.105473789e-09,-1.6177980583e-15,-2.4064909804e-15,0.0,0.0,-7.2598921501e-09,0.0,0.0,0.0,0.0,2.0600911816e-16,0.21261843683,7.7898878062e-12,0.029132073088,-9.656627079e-09
fx711525,ok,,53.368987508,1363020904.0,4101776.3632,15738413.115,422048927.0,3355814.5684,103482685.1,0.0,0.0,0.0,3.7233489125e-17,2.0954448655e-09,-2.3867877582e-16,-1.0546696517e-16,0.0,0.0,-7.60016894e-09,0.0,0.0,0.0,0.0,-1.3757921494e-16,0.21684226116,-2.2506266118e-10,0.031174193314,-4.3260190483e-10
fx711530,ok,,53.448146434,1365042588.8,4073800.2577,15621970.582,422547198.49,3340854.8856,103906712.82,0.0,0.0,0.0,3.9307868913e-18,2.0931112092e-09,2.4784745561e-16,2.884703299e-16,0.0,0.0,-6.3126740726e-09,0.0,0.0,0.0,0.0,1.8090198901e-17,0.21748830532,1.209326212e-14,0.025716573264,1.1751705043e-09
fx71l150,ok,,53.448146434,1365042588.8,4073800.2577,15621970.582,422547198.49,3340854.8856,103906712.82,0.0,0.0,0.0,3.9307868913e-18,2.0931112092e-09,2.4784745561e-16,2.884703299e-16,0.0,0.0,-6.3126740726e-09,0.0,0.0,0.0,0.0,1.8090198901e-17,0.21748830532,1.209326212e-14,0.025716573264,1.1751705043e-09
fx74080,ok,,52.319811699,1336225406.7,1243475.4214,6195527.1919,418353969.35,1113863.5052,98575411.885,0.0,0.0,0.0,-2.6801969085e-08,2.1978574716e-09,-7.6302810823e-09,4.0308847974e-08,0.0,0.0,-1.4252855698e-07,0.0,0.0,0.0,0.0,2.5792129788e-09,0.22424311899,0.030498215913,0.17723075745,0.05012306172
fx73170a,ok,,54.888713731,1401834055.7,5796507.0884,22040061.132,426815553.32,5051554.8126,110741425.67,0.0,0.0,0.0,-8.019574826e-09,2.140696415e-09,-9.8023017925e-10,1.1082531759e-08,0.0,0.0,-2.1122147616e-08,0.0,0.0,0.0,0.0,-1.869126748e-09,0.22865619725,0.038355934127,0.12243467838,0.064239973898
fx73cl3152,ok,,54.372187858,1388642207.9,3507754.8433,21268977.861,422546321.07,3736851.8789,107683761.65,0.0,0.0,0.0,-1.5268430517e-08,1.9399403941e-09,4.5793236913e-10,2.7010851819e-08,0.0,0.0,5.8437453093e-09,0.0,0.0,0.0,0.0,4.6790439126e-10,0.21177421728,0.057426330117,-0.020498425912,0.094747446291
fx73cl1152,ok,,54.10826653,1381901771.1,3518078.1345,18613991.067,423587733.63,3427214.2902,106837180.41,0.0,0.0,0.0,-1.2672364012e-08,2.1565801964e-09,1.6259063423e-09,2.0088307725e-08,0.0,0.0,1.4381558271e-08,0.0,0.0,0.0,0.0,-3.9613232982e-09,0.21197838316,0.040560749387,-0.050595445694,0.070672236166
fx75193,ok,,54.736841779,1397955311.6,7220449.2611,26200128.278,424469992.89,6110159.9486,109536861.19,0.0,0.0,0.0,-4.1497192713e-09,2.0180168686e-09,-9.724746805e-10,5.6561349141e-09,0.0,0.0,-1.5161683035e-08,0.0,0.0,0.0,0.0,1.5208746546e-09,0.22525102592,0.027451169245,0.10947416307,0.040839835161
fx75141,ok,,53.34132064,1362314304.1,3828308.7131,15109603.468,422422985.66,3157785.16,103494771.41,0.0,0.0,0.0,-7.2351303641e-09,2.0452810995e-09,-1.3507137218e-09,9.8132419834e-09,0.0,0.0,-1.8331778382e-08,0.0,0.0,0.0,0.0,3.2374167096e-09,0.21930809199,0.025091693682,0.070179706905,0.037568119789
fx75vg166,ok,,54.311585542,1387094450.9,5654448.5325,20131680.545,425334079.48,4634681.286,108028046.79,0.0,0.0,0.0,-3.8552419249e-09,2.1263571518e-09,-2.6286211179e-10,4.6554283766e-09,0.0,0.0,-2.190650363e-08,0.0,0.0,0.0,0.0,-1.5952938116e-09,0.22661381229,0.016193232922,0.1238691973,0.026323880152
fx76100,ok,,53.659554233,1370441852.7,2002286.0511,7263788.5833,428632351.84,1540008.9122,106213864.04,0.0,0.0,0.0,1.0759775402e-16,2.1439719051e-09,2.8468736479e-17,-1.7598713071e-15,0.0,0.0,-1.2226403742e-08,0.0,0.0,0.0,0.0,6.313821383e-16,0.22771954043,5.5717978832e-11,0.024480757667,-3.5237657699e-09
fx76120,ok,,54.278635042,1386252909.3,2959095.3396,10433227.981,431546003.93,2308556.2587,109437492.45,0.0,0.0,0.0,1.6132006377e-16,2.0897184003e-09,-2.2807402693e-15,-7.3834377571e-16,0.0,0.0,-7.1556739604e-09,0.0,0.0,0.0,0.0,8.1393431161e-16,0.22869354164,5.730172902e-11,0.021174321468,-2.1848296257e-09
fx77080,ok,,52.893498695,1350877124.9,1233697.1925,4720267.9638,424807117.51,932518.54721,102283113.85,0.0,0.0,0.0,2.7956662235e-16,2.1911058009e-09,2.0918236745e-15,2.9933292278e-15,0.0,0.0,-1.5566837556e-08,0.0,0.0,0.0,0.0,1.4196235727e-15,0.2241131241,3.5985565811e-11,0.019204763789,3.6928618645e-09
fx77w153,ok,,55.178903618,1409245380.2,4013779.7341,15926011.773,432641710.41,3501657.0081,113417541.23,0.0,0.0,0.0,-9.3073922854e-09,2.3332470158e-09,2.1514340342e-09,1.1931271897e-08,0.0,0.0,3.2639325876e-09,0.0,0.0,0.0,0.0,-9.8525472138e-09,0.22788651267,0.024759603842,-0.013100706473,0.047889497341
fx77w121,ok,,53.962718562,1378184538.8,2363402.475,10841330.538,426567698.95,2138324.6953,106901434.31,0.0,0.0,0.0,-1.5786059558e-08,2.6533047921e-09,2.9124711159e-09,2.1830241321e-08,0.0,0.0,6.7713895929e-10,0.0,0.0,0.0,0.0,-1.5917584649e-08,0.22586721057,0.026098777078,-0.0016003518923,0.051593646368
fx77w270,ok,,59.380736375,1516558375.1,13883597.413,43286739.346,448268295.51,12324002.134,136277319.76,0.0,0.0,0.0,-2.5747096626e-09,1.8269307648e-09,5.3688296982e-10,2.8203912451e-09,0.0,0.0,-2.2463818393e-09,0.0,0.0,0.0,0.0,-2.355705081e-09,0.23855179856,0.024828189948,0.031187861093,0.039157176593
fx77w270s,ok,,58.806284357,1501887118.5,13810069.46,43873050.531,443788942.51,12308212.536,132320052.91,0.0,0.0,0.0,-2.5678007935e-09,1.836554427e-09,4.9786828694e-10,2.7975717329e-09,0.0,0.0,-2.210157421e-09,0.0,0.0,0.0,0.0,-2.2482479235e-09,0.23340549123,0.025167529342,0.030522427502,0.038634659952
fx77w343,ok,,61.071055408,1559728393.5,21667324.702,66636226.452,444979199.62,20253913.424,143212028.21,0.0,0.0,0.0,-1.7157913831e-09,1.6717602796e-09,3.8729054566e-10,1.8836291431e-09,0.0,0.0,-1.5900009809e-09,0.0,0.0,0.0,0.0,-1.5922170874e-09,0.23120157389,0.027328706365,0.034451067529,0.040813204261
fx78k140,ok,,54.0413046,1380191592.3,3952120.5963,15680254.517,424440295.18,3411523.4934,106714921.7,0.0,0.0,0.0,-9.1625269692e-09,2.2976973737e-09,-6.9607736371e-10,1.3019142109e-08,0.0,0.0,-3.3179538245e-08,0.0,0.0,0.0,0.0,-4.986435054e-09,0.22849195216,0.027379409049,0.13112953647,0.051453219675
fx78k150,ok,,54.132567685,1382522412.1,4505961.4569,17448716.144,424162937.5,3866141.7874,107006158.93,0.0,0.0,0.0,-7.5418089652e-09,2.1942813543e-09,-1.0035944871e-09,1.0945147582e-08,0.0,0.0,-2.9062342639e-08,0.0,0.0,0.0,0.0,-2.2565610168e-09,0.22774248511,0.02717298113,0.13095379578,0.049318413144
fx78k140a20,ok,,54.017332498,1379579355.2,3950177.8927,15448388.182,424461843.44,3378179.3822,106620046.57,0.0,0.0,0.0,-9.2022001694e-09,2.2602664636e-09,-8.9333139348e-10,1.2658407578e-08,0.0,0.0,-3.2717413429e-08,0.0,0.0,0.0,0.0,-3.8069189276e-09,0.22833065243,0.028155056614,0.12923960324,0.050002961773
fx78k161,ok,,54.276751067,1386204793.4,5184597.3568,19101018.114,424969040.75,4329693.2073,107787254.77,0.0,0.0,0.0,-4.5284774022e-09,2.1859946252e-09,1.8287346844e-10,6.0375497486e-09,0.0,0.0,-2.1356811621e-08,0.0,0.0,0.0,0.0,-4.1824528706e-09,0.22670273563,0.01550691728,0.11072646908,0.031302264468
fx79k144,ok,,54.230401889,1385021055.4,4330401.6442,15339804.858,427292368.34,3516320.1265,108184201.42,0.0,0.0,0.0,-5.6364495181e-09,2.1499057184e-09,-6.6800076087e-10,7.4168756184e-09,0.0,0.0,-2.956435446e-08,0.0,0.0,0.0,0.0,-1.4772504082e-09,0.22941188024,0.018628403779,0.12802552916,0.032118050373
fx78pk188,ok,,54.777022432,1398981508.1,7180374.7617,24556767.27,426194779.64,5912482.1888,110135592.11,0.0,0.0,0.0,-2.8394231091e-09,2.0789812161e-09,-4.900096437e-10,3.7596219892e-09,0.0,0.0,-1.8884285787e-08,0.0,0.0,0.0,0.0,-1.3910250784e-10,0.2287124685,0.01659994789,0.13559624906,0.026995494845
fx79l120,ok,,53.275100732,1360623076.3,2602834.2926,10046526.463,424987121.66,2079888.4724,103823527.78,0.0,0.0,0.0,3.6768906577e-17,2.1406481944e-09,-6.2278513526e-16,3.2527843453e-16,0.0,0.0,-8.087552845e-09,0.0,0.0,0.0,0.0,5.2951182625e-16,0.22224964727,1.6829398863e-10,0.021050559888,8.4664586404e-10
fx79l100,ok,,52.499552011,1340815896.7,1764233.6531,7061090.8929,421529743.19,1385321.6763,100022718.82,0.0,0.0,0.0,5.1972486992e-17,2.1945400892e-09,5.0120221687e-17,7.2750769224e-16,0.0,0.0,-1.6028054495e-08,0.0,0.0,0.0,0.0,3.1265168539e-16,0.21950386628,2.3073594715e-11,0.028277233134,1.2834935535e-09
fx79w151a,ok,,54.726622092,1397694305.2,4537199.8289,17008315.828,429661251.1,3831792.3372,110802425.01,0.0,0.0,0.0,-6.9619410762e-09,2.1601726745e-09,1.8907267384e-10,9.7826692125e-09,0.0,0.0,-1.196686379e-08,0.0,0.0,0.0,0.0,-3.5209740777e-09,0.22889978172,0.023592927866,0.054296052339,0.044385925077
fx79w660a,ok,,73.700889603,1882288907.1,104611499.26,231055860.96,450395529.8,108697950.18,212807632.58,0.0,0.0,0.0,-1.6555217782e-10,1.2235928278e-09,5.2382726824e-11,1.3634506916e-10,0.0,0.0,-2.3189063747e-09,0.0,0.0,0.0,0.0,-1.8314990757e-10,0.25947721921,0.012839924059,0.24258427251,0.014263262102
fx83w108,ok,,53.68081078,1370984735.8,2231421.5365,9652821.3444,426575065.26,1920271.6905,105811521.6,0.0,0.0,0.0,-1.3602289067e-08,1.9812932674e-09,-2.2066699566e-09,2.0634361649e-08,0.0,0.0,-2.4183372566e-08,0.0,0.0,0.0,0.0,5.8191117997e-09,0.22569989023,0.028645766832,0.053963298367,0.046043958976
fx83w160,ok,,55.05706549,1406133687.0,5218374.771,18666076.303,431928860.62,4327222.7994,112746200.73,0.0,0.0,0.0,-4.872612487e-09,1.9371251141e-09,-1.40897819e-09,7.1867717326e-09,0.0,0.0,-1.1657900666e-08,0.0,0.0,0.0,0.0,4.4415269954e-09,0.22887814384,0.025493594844,0.06083529472,0.037503268294
fx83w227,ok,,56.740976932,1449140058.3,10770474.185,35033435.761,435981254.47,9080987.781,120991688.52,0.0,0.0,0.0,-2.7175552391e-09,1.9060076527e-09,-1.8012318183e-10,3.6745698042e-09,0.0,0.0,-6.5759133956e-09,0.0,0.0,0.0,0.0,-3.7557512426e-10,0.22948677557,0.023895700421,0.070825705473,0.039576859219
fx84w140,ok,,53.492399138,1366172783.7,3962010.9425,15528682.713,421210461.88,3328040.8693,103769821.72,0.0,0.0,0.0,-8.9535617071e-09,2.1471294243e-09,-7.4624404834e-10,1.2337429372e-08,0.0,0.0,-1.930859056e-08,0.0,0.0,0.0,0.0,-1.1720491669e-09,0.21917962511,0.028943336176,0.076500847082,0.048881030172
fx84w127,ok,,52.996066148,1353496653.4,3196003.0586,12806688.043,419310872.59,2660047.9785,101377427.87,0.0,0.0,0.0,-9.9773273656e-09,2.1914341978e-09,-6.533177577e-10,1.3626353722e-08,0.0,0.0,-2.1838055254e-08,0.0,0.0,0.0,0.0,-1.7409771487e-09,0.21747284108,0.025533597154,0.069794491384,0.043549868174
fx84w150,ok,,53.760118465,1373010219.8,4516213.8721,17343604.72,422260388.38,3789759.1538,105082422.37,0.0,0.0,0.0,-8.1187150473e-09,2.1345836654e-09,-5.6460836146e-10,1.0999365411e-08,0.0,0.0,-1.6613419637e-08,0.0,0.0,0.0,0.0,-1.4175981699e-09,0.21971716532,0.029588461882,0.075029756229,0.049675486654
fx84w097,ok,,51.658480658,1319335297.4,1760224.4561,7616932.342,413080392.81,1438563.0619,94877546.29,0.0,0.0,0.0,-1.401680644e-08,2.3145499129e-09,-3.2329015628e-10,1.8731251714e-08,0.0,0.0,-3.1412769418e-08,0.0,0.0,0.0,0.0,-4.3294824533e-09,0.21130736211,0.018848730838,0.055293524964,0.03297120736
fxs21158,ok,,52.773095875,1347802088.9,3730586.04,16755572.973,416037746.86,3280278.5789,99768692.603,0.0,0.0,0.0,-8.2695952521e-09,2.1541191652e-09,6.7324319908e-11,1.1035601536e-08,0.0,0.0,-1.2466888505e-09,0.0,0.0,0.0,0.0,-7.7102573532e-10,0.21282554035,0.026588478094,0.0046508800217,0.041169261032
fxlv152,ok,,53.432055124,1364631623.7,4227011.1285,16111754.147,422394223.89,3455060.5902,103811436.48,0.0,0.0,0.0,3.9044120389e-17,2.1133268271e-09,-5.2679355666e-16,5.9900522488e-16,0.0,0.0,-7.9254546085e-09,0.0,0.0,0.0,0.0,1.9388066544e-16,0.21938749368,1.2061177294e-11,0.033500984828,2.5320017516e-09
fx84w175,ok,,54.518368102,1392375588.2,6326552.0586,23299107.162,424723549.03,5335369.3223,108734635.92,0.0,0.0,0.0,-5.7435360909e-09,2.042033807e-09,-5.0444804799e-10,7.9568205296e-09,0.0,0.0,-1.1583732533e-08,0.0,0.0,0.0,0.0,-4.9536579509e-10,0.220387587,0.030061631626,0.073285086903,0.050339239301
fx84w218,ok,,55.574238435,1419342060.8,9784219.9214,34144893.626,427506019.09,8289753.2188,113793255.25,0.0,0.0,0.0,-2.7136054163e-09,1.9237177631e-09,-1.2269274996e-10,3.7542102892e-09,0.0,0.0,-5.3090939967e-09,0.0,0.0,0.0,0.0,-3.7861764211e-10,0.21793459778,0.021811331253,0.051945343247,0.0367320191
fxl142k,ok,,53.388042386,1363507557.3,3490425.4751,13747428.627,423484639.22,2864283.5204,103901396.13,0.0,0.0,0.0,-3.3701594949e-17,2.1126868605e-09,6.7906305232e-17,3.9299756057e-16,0.0,0.0,-5.8590384911e-10,0.0,0.0,0.0,0.0,-3.092118886e-17,0.21951111438,7.7089470811e-11,0.0020450537209,1.3717286971e-09
geminism,ok,,55.496634435,1417360088.1,4819471.9689,16273331.634,436710109.77,3914529.2966,115815295.58,0.0,0.0,0.0,-4.1807769129e-09,2.0728728339e-09,5.5941345319e-11,5.4271098994e-09,0.0,0.0,-1.2513188522e-08,0.0,0.0,0.0,0.0,-1.7571655228e-09,0.23672807978,0.014738167055,0.060306961321,0.026155804032
giiia,ok,,54.204633407,1384362939.5,2620593.166,8746507.624,431288414.61,2002562.7138,109063846.82,0.0,0.0,0.0,-2.5116857271e-09,2.1688908606e-09,9.5995616687e-10,1.8700933036e-09,0.0,0.0,-3.3121054688e-08,0.0,0.0,0.0,0.0,-5.1907720743e-09,0.23367403692,0.0026010887591,0.086796809566,0.0049007537312
giiib,ok,,53.818503252,1374501342.1,2287075.2568,7849007.4133,428901349.56,1752187.2401,106910317.6,0.0,0.0,0.0,-3.4526016768e-09,2.1994471996e-09,8.6671624477e-10,3.25284814e-09,0.0,0.0,-3.8247127314e-08,0.0,0.0,0.0,0.0,-5.5055907855e-09,0.23156052488,0.003816141616,0.087474058523,0.0074395084951
giiid,ok,,53.30512769,1361389951.8,1917306.5686,6827259.93,425750352.52,1471255.327,104102711.99,0.0,0.0,0.0,-4.9353962677e-09,2.2409936617e-09,7.6318720372e-10,5.268389921e-09,0.0,0.0,-4.92856467e-08,0.0,0.0,0.0,0.0,-6.286683585e-09,0.22852108243,0.0051480109468,0.094495694155,0.010101118601
giiif,ok,,52.779599115,1347968178.8,1295290.8468,4765605.4657,422902228.28,990927.49384,101368969.63,0.0,0.0,0.0,-9.8995446145e-09,2.3123214996e-09,4.2810437327e-11,1.058702794e-08,0.0,0.0,-1.0164264304e-07,0.0,0.0,0.0,0.0,-7.554019427e-09,0.22687264915,0.0081119380461,0.13165678517,0.013713280385
giiig,ok,,52.800826256,1348510310.9,1310167.8123,4808303.3196,423054249.5,1001925.5689,101487514.36,0.0,0.0,0.0,-9.8515164572e-09,2.3087968175e-09,9.2072832208e-11,1.0447383534e-08,0.0,0.0,-9.8427948325e-08,0.0,0.0,0.0,0.0,-7.5223363593e-09,0.2267652484,0.0081618653874,0.12895712972,0.013687825629
giiic,ok,,53.427806348,1364523111.8,2021869.1081,7137925.3301,426477401.87,1551016.9034,104762761.32,0.0,0.0,0.0,-4.4513300863e-09,2.2297512176e-09,8.0911885069e-10,4.6464997416e-09,0.0,0.0,-4.5347620639e-08,0.0,0.0,0.0,0.0,-6.0917756495e-09,0.22916759692,0.0047392397962,0.091686953297,0.0093946142885
giiih,ok,,52.838463227,1349471542.8,1338391.7612,4892605.947,423331275.46,1022716.5032,101699777.0,0.0,0.0,0.0,-9.7832176861e-09,2.3027202384e-09,1.9115940363e-10,1.0223927237e-08,0.0,0.0,-9.1921810101e-08,0.0,0.0,0.0,0.0,-7.4986086054e-09,0.22654199018,0.0082686100809,0.12302739332,0.013683619982
giiii,ok,,52.925425494,1351692521.6,1396562.6131,5086719.4596,423987759.36,1065049.0288,102195115.17,0.0,0.0,0.0,-9.913642295e-09,2.2926030426e-09,4.568697238e-10,1.0079554877e-08,0.0,0.0,-7.5733528118e-08,0.0,0.0,0.0,0.0,-7.7889011162e-09,0.22587209027,0.0086853832996,0.10576661393,0.014076729498
giiie,ok,,52.956288421,1352480747.4,1508028.1491,5488642.1285,423842126.19,1155499.4945,102277643.25,0.0,0.0,0.0,-7.6498541464e-09,2.2836574433e-09,3.8825266017e-10,8.3339354025e-09,0.0,0.0,-7.5445895197e-08,0.0,0.0,0.0,0.0,-6.9206415671e-09,0.22729522628,0.0070222228501,0.11377453369,0.01256780918
giiim,ok,,52.813160947,1348825333.5,1393494.1086,5387198.354,423540037.15,1073360.2965,101668330.88,0.0,0.0,0.0,-1.3655283437e-08,2.3684975725e-09,1.9456935919e-09,1.3803753287e-08,0.0,0.0,-3.4126037992e-08,0.0,0.0,0.0,0.0,-1.4035836521e-08,0.21983034855,0.01134778653,0.047554432893,0.019235448883
giiil,ok,,52.98681562,1353260398.9,1429892.9338,5307941.3376,424566627.29,1092437.0731,102576361.33,0.0,0.0,0.0,-1.1490909469e-08,2.3087070053e-09,1.1861155777e-09,1.1487776846e-08,0.0,0.0,-4.860495139e-08,0.0,0.0,0.0,0.0,-1.0329827645e-08,0.22348706643,0.010032405475,0.069499876542,0.016426290938
giiij,ok,,52.97063744,1352847215.2,1423429.7471,5199865.4677,424352512.28,1084848.7943,102459209.98,0.0,0.0,0.0,-1.0269243478e-08,2.2909322673e-09,6.7925823865e-10,1.0344635212e-08,0.0,0.0,-6.4463600955e-08,0.0,0.0,0.0,0.0,-8.3468359956e-09,0.22518012159,0.0091023124125,0.091759407202,0.014724861483
giiik,ok,,52.992720323,1353411202.5,1433536.9737,5280976.2624,424565336.11,1093677.9975,102597606.64,0.0,0.0,0.0,-1.0930893952e-08,2.2979982085e-09,9.7110082248e-10,1.0956861924e-08,0.0,0.0,-5.393201152e-08,0.0,0.0,0.0,0.0,-9.3999743003e-09,0.22421446444,0.0096508623981,0.07731353258,0.015707066684
giiin,ok,,52.44608933,1339450482.9,1357734.5506,5479412.2012,421258222.31,1052489.3399,99739037.615,0.0,0.0,0.0,-1.5299690137e-08,2.4316717231e-09,2.4469223528e-09,1.5798377103e-08,0.0,0.0,-2.6892664005e-08,0.0,0.0,0.0,0.0,-1.6954445945e-08,0.2152244283,0.012266164414,0.036513099078,0.021450002438
glennmartin2,ok,,55.45960766,1416414440.2,3527456.3449,12569763.125,434398753.35,3476264.8527,115097902.05,0.0,0.0,0.0,-1.8103624706e-08,2.7218286469e-09,3.6956338392e-09,2.5392873182e-08,0.0,0.0,7.8809964449e-09,0.0,0.0,0.0,0.0,-1.107663536e-08,0.23256394473,0.054060826338,-0.027799870914,0.089572251623
glennmartin3,ok,,55.497487916,1417381885.6,4526608.7324,13495708.863,437594853.93,3832661.9141,116090384.14,0.0,0.0,0.0,-1.6132852361e-08,2.4280002092e-09,9.2052599495e-10,1.7254781844e-08,0.0,0.0,-1.2335040508e-08,0.0,0.0,0.0,0.0,-6.6799407996e-09,0.23372717422,0.055885804431,0.055835902077,0.078105646171
glennmartin4,ok,,55.714348765,1422920418.1,5294260.4705,16330828.117,436363079.94,4676847.6527,116709391.21,0.0,0.0,0.0,-1.3927861401e-08,2.2432487438e-09,1.3490132717e-10,1.6283036766e-08,0.0,0.0,-1.0199693507e-08,0.0,0.0,0.0,0.0,-3.6093279017e-09,0.23429136015,0.061201755587,0.053999834147,0.086206637892
gm15sm,ok,,50.308566687,1284859077.3,585661.33311,5602838.8922,410096880.9,656086.95257,89918351.554,0.0,0.0,0.0,-4.7957198732e-08,1.6986167165e-09,-4.1150079159e-09,9.0844222344e-08,0.0,0.0,-4.0841598008e-08,0.0,0.0,0.0,0.0,1.7874771822e-08,0.20328694378,0.033852811325,0.023919344736,0.053203948364
goe05k,ok,,50.436603413,1288129080.0,210932.79127,1243486.2247,409655953.83,164503.97362,89751540.09,0.0,0.0,0.0,-6.6815969849e-08,2.486771015e-09,-2.0339331785e-08,8.4325070086e-08,0.0,0.0,-1.0707334808e-06,0.0,0.0,0.0,0.0,1.1001346308e-08,0.23404366145,0.011415094067,0.22585280181,0.017786922407
goe06k,ok,,53.682497142,1371027804.7,1120702.6856,4087256.5492,427972862.44,956147.7851,106132808.67,0.0,0.0,0.0,-2.2732558711e-08,2.2481270003e-09,-8.3581448841e-09,3.2530970694e-08,0.0,0.0,-2.1781584079e-07,0.0,0.0,0.0,0.0,1.8361024228e-09,0.24283493917,0.022162072028,0.24410679775,0.036457546223
goe07k,ok,,54.479772742,1391389879.4,2450777.1528,7994939.4411,430987593.17,2282369.4082,110127048.38,0.0,0.0,0.0,-1.3806604231e-08,2.1381294166e-09,-2.944156428e-09,2.1632185621e-08,0.0,0.0,-4.930230861e-08,0.0,0.0,0.0,0.0,1.4259463769e-09,0.24041179419,0.032294549368,0.12082897152,0.053015666286
goe113,ok,,52.841126112,1349539551.8,772909.31919,3637157.434,424381137.21,649234.75209,101985667.23,0.0,0.0,0.0,-3.7875038564e-08,2.6792405959e-09,1.480024921e-10,4.6504723729e-08,0.0,0.0,-7.5857114237e-08,0.0,0.0,0.0,0.0,-1.7587142535e-08,0.22910313638,0.021976733431,0.058630670521,0.035943934357
goe09k,ok,,47.115602264,1203312144.2,75026.163476,945115.34592,394378511.02,55259.346266,76660735.276,0.0,0.0,0.0,-1.1422210863e-07,2.5673172314e-09,-3.0592368471e-08,1.3715326489e-07,0.0,0.0,-2.7480597296e-06,0.0,0.0,0.0,0.0,4.5080302073e-08,0.21862422022,0.0068564981805,0.20617637851,0.010290083273
goe10k,ok,,51.518860668,1315769463.1,256404.68108,1256014.4136,416297811.96,195361.88448,95123968.782,0.0,0.0,0.0,-4.9735918947e-08,2.2640372706e-09,-1.4885110533e-08,6.4151162716e-08,0.0,0.0,-7.6922467969e-07,0.0,0.0,0.0,0.0,1.5389737093e-08,0.22958656777,0.010406864756,0.19723280867,0.016448658417
goe08k,ok,,55.254347625,1411172187.5,4783629.9165,15300257.341,432262554.31,4413678.8321,113686327.47,0.0,0.0,0.0,-9.5763976755e-09,2.0513468502e-09,-2.2950309643e-09,1.485855978e-08,0.0,0.0,-2.8737019114e-08,0.0,0.0,0.0,0.0,1.1393472787e-09,0.23867874136,0.043468534251,0.13746726435,0.071077851082
goe101,ok,,51.181169609,1307144979.2,736823.53712,4517013.5354,412531393.7,684886.88692,93095184.877,0.0,0.0,0.0,-4.4507826886e-08,2.8332804083e-09,4.008395086e-10,6.3090101489e-08,0.0,0.0,-4.4744268367e-08,0.0,0.0,0.0,0.0,-1.8308579509e-08,0.21176680878,0.02783182743,0.032968630084,0.046486271736
goe100,ok,,53.935726333,1377495168.9,963704.05057,4351648.3121,430733579.84,815233.81599,107830443.99,0.0,0.0,0.0,-3.435875276e-08,2.6931900714e-09,-5.0866096727e-10,4.3661832885e-08,0.0,0.0,-8.4598755549e-08,0.0,0.0,0.0,0.0,-1.7691214141e-08,0.23691288746,0.024598703479,0.081528163396,0.042077085207
goe114,ok,,52.60011164,1343384146.2,1518774.4733,7207719.5312,419070762.37,1325646.9579,99788219.932,0.0,0.0,0.0,-1.531991595e-08,2.1617159825e-09,-2.6355146654e-09,2.5332808958e-08,0.0,0.0,-4.0697025474e-08,0.0,0.0,0.0,0.0,6.0965756638e-09,0.22805470161,0.022153383438,0.06180960343,0.038474823583
goe115,ok,,52.605255052,1343515506.7,1604532.67,7825106.1011,419506390.27,1418518.23,99934390.456,0.0,0.0,0.0,-1.6799459841e-08,2.1801127039e-09,-1.2515009399e-09,2.6344514862e-08,0.0,0.0,-2.1211482308e-08,0.0,0.0,0.0,0.0,1.8624263465e-09,0.22230200507,0.024417809413,0.034034516341,0.042270634772
goe11k,ok,,54.046747845,1380330610.4,1263013.6696,4601008.8689,430948243.96,997357.96551,108330936.86,0.0,0.0,0.0,-1.8555116868e-08,2.1430923882e-09,-5.1321473331e-09,2.5333865543e-08,0.0,0.0,-1.3481592291e-07,0.0,0.0,0.0,0.0,3.9652798038e-09,0.24010906464,0.019455984887,0.17027435352,0.031997018486
goe116,ok,,53.655392322,1370335559.3,1660830.6619,7943527.9316,426678621.39,1498235.0887,105729726.32,0.0,0.0,0.0,-1.7736239464e-08,2.2262395491e-09,-1.5801095211e-09,2.8699238812e-08,0.0,0.0,-3.5922039309e-08,0.0,0.0,0.0,0.0,-1.1776553934e-09,0.23207025915,0.026163673088,0.059660424323,0.047664575792
goe121,ok,,52.456494699,1339716231.5,724633.1028,5331990.4278,421331078.11,754204.13307,99891754.642,0.0,0.0,0.0,-4.351311979e-08,2.4803754025e-09,-8.9646131637e-10,7.4795080292e-08,0.0,0.0,-3.3869029433e-08,0.0,0.0,0.0,0.0,-8.5511677601e-09,0.21972601378,0.031402006201,0.024542619887,0.054198991106
goe123,ok,,52.754304451,1347322164.0,621940.29042,5562918.7018,421647240.19,753777.10881,101035479.47,0.0,0.0,0.0,-5.703352573e-08,3.0645744449e-09,-7.7380352032e-09,1.0812230397e-07,0.0,0.0,-1.5042867841e-07,0.0,0.0,0.0,0.0,-2.0351660338e-08,0.22115840497,0.039607253292,0.093557655936,0.067245617132
goe117,ok,,52.983648804,1353179519.8,1443509.3881,7492666.8491,421330916.56,1347497.9758,101801162.52,0.0,0.0,0.0,-2.2392605456e-08,2.2552634564e-09,-2.1481565429e-09,3.6348586502e-08,0.0,0.0,-4.3320592435e-08,0.0,0.0,0.0,0.0,-1.3332161524e-09,0.22549238759,0.029768989449,0.062533681878,0.05246952586
goe122,ok,,52.548386434,1342063106.8,920290.62544,5116422.3113,422072900.01,839887.35426,100369084.9,0.0,0.0,0.0,-3.7532804481e-08,2.8751915004e-09,1.7331954279e-09,5.2318915934e-08,0.0,0.0,-3.003346646e-08,0.0,0.0,0.0,0.0,-2.1115914524e-08,0.22167870866,0.027600615541,0.027639517633,0.048148607868
goe118,ok,,53.201764001,1358750087.8,1274910.3051,8028635.9567,422320188.92,1334002.4893,102904049.45,0.0,0.0,0.0,-3.0557378375e-08,2.5219622339e-09,-3.0296989363e-09,5.2737951511e-08,0.0,0.0,-6.0508899273e-08,0.0,0.0,0.0,0.0,-7.2878457282e-09,0.22892464416,0.038541703497,0.077143419236,0.067236157854
goe12k,ok,,54.753433473,1398379056.3,2746901.4982,8568977.0387,433428097.38,2461828.155,111873924.66,0.0,0.0,0.0,-1.110013637e-08,2.0564332372e-09,-2.0745899098e-09,1.7135549152e-08,0.0,0.0,-3.0335768869e-08,0.0,0.0,0.0,0.0,2.5111754992e-09,0.23772927424,0.028797415628,0.083329368955,0.04706966564
goe124,ok,,53.300214302,1361264466.0,1114999.9421,7254529.8772,425737413.1,1151742.086,104181026.68,0.0,0.0,0.0,-3.5867266449e-08,2.707686404e-09,-2.5799148139e-10,5.9019139638e-08,0.0,0.0,-3.3332199848e-08,0.0,0.0,0.0,0.0,-1.3592636131e-08,0.22352097353,0.037819947347,0.0371654009,0.065806337278
goe133,ok,,53.092377601,1355956406.4,1137167.7739,5707054.4232,424694806.2,1009094.0262,103050062.03,0.0,0.0,0.0,-3.3783543089e-08,2.66516689e-09,9.097540738e-10,4.4851169531e-08,0.0,0.0,-2.7616382e-08,0.0,0.0,0.0,0.0,-1.4312165732e-08,0.22430830735,0.030857740311,0.031404459642,0.051003304613
goe140,ok,,54.275973278,1386184929.0,1348632.3025,7399671.6564,431399050.12,1307909.1731,109410156.77,0.0,0.0,0.0,-3.1391512035e-08,2.8532027297e-09,2.1062058577e-09,4.64920292e-08,0.0,0.0,-1.2399904399e-08,0.0,0.0,0.0,0.0,-1.7999519306e-08,0.23113888005,0.035635836128,0.016722911621,0.062700652388
goe137,ok,,53.507256427,1366552232.5,1369055.1157,6800906.4966,426712469.98,1235966.3049,105158882.4,0.0,0.0,0.0,-2.7332742309e-08,2.6015487895e-09,8.9320351588e-10,3.8475128415e-08,0.0,0.0,-2.3393723289e-08,0.0,0.0,0.0,0.0,-1.2862991163e-08,0.22781001905,0.030168291706,0.032027296543,0.052674571382
goe13k,ok,,55.550474578,1418735142.1,5208929.5998,15931715.207,435326164.77,4632751.6969,115733621.48,0.0,0.0,0.0,-7.8208559997e-09,1.9626802555e-09,-1.7288006247e-09,1.1984660253e-08,0.0,0.0,-1.9627822011e-08,0.0,0.0,0.0,0.0,1.9817542437e-09,0.23543817836,0.038397007774,0.10223994305,0.062427251534
goe143,ok,,52.719598648,1346435792.8,965154.84102,5246488.2453,423543802.96,863110.70732,101388352.38,0.0,0.0,0.0,-3.4075173902e-08,2.6119033699e-09,1.8988782063e-09,4.7280867932e-08,0.0,0.0,-5.562201811e-09,0.0,0.0,0.0,0.0,-1.4529917192e-08,0.22144784819,0.026637712216,0.0053683860046,0.045633358573
goe134,ok,,55.193975663,1409630313.7,1775751.0211,6932351.9373,438430028.41,1492239.159,114960570.44,0.0,0.0,0.0,-2.2190219713e-08,2.4572067692e-09,6.3199815275e-10,2.7006729968e-08,0.0,0.0,-3.1196330362e-08,0.0,0.0,0.0,0.0,-1.0721186542e-08,0.24159625096,0.029255507756,0.055396915494,0.047957228317
goe14,ok,,54.431715157,1390162509.4,1948194.7511,11036619.8,428322460.53,1971306.8698,109291142.22,0.0,0.0,0.0,-2.666527483e-08,2.8514773103e-09,2.0428393591e-09,4.1512897023e-08,0.0,0.0,-6.667568073e-09,0.0,0.0,0.0,0.0,-1.5930696688e-08,0.21980704859,0.045708508928,0.012989721122,0.080875208084
goe144,ok,,52.708134652,1346143007.3,915214.06867,5887522.265,421096087.67,909068.64051,100714844.21,0.0,0.0,0.0,-3.7709806378e-08,2.5257520156e-09,4.9704662913e-10,6.0751307586e-08,0.0,0.0,-1.3044824736e-08,0.0,0.0,0.0,0.0,-9.498993129e-09,0.22156549045,0.032369967859,0.011938807121,0.055600451393
goe142,ok,,52.376535161,1337674099.4,681643.33805,4086778.8706,421514661.41,635433.09353,99580360.221,0.0,0.0,0.0,-4.6734011188e-08,2.7958260483e-09,4.7175646043e-10,6.7131784303e-08,0.0,0.0,-5.0073686198e-08,0.0,0.0,0.0,0.0,-1.9957261798e-08,0.21934724107,0.026919041902,0.034132394608,0.045759933541
goe14k,ok,,54.609070637,1394692091.8,3343287.9406,9572281.6845,433108980.32,2791835.2864,111190620.4,0.0,0.0,0.0,-6.1309716671e-09,2.1290596677e-09,-1.5470395274e-09,9.2062825428e-09,0.0,0.0,-3.9192011538e-08,0.0,0.0,0.0,0.0,1.365034785e-09,0.23932588969,0.018028991174,0.13103017954,0.030779253403
goe147,ok,,51.931711911,1326313505.6,796411.82549,5183299.7066,419725098.62,739478.53774,97632507.579,0.0,0.0,0.0,-3.842958223e-08,2.8421955871e-09,5.5709249129e-09,5.6000302832e-08,0.0,0.0,6.1451722486e-08,0.0,0.0,0.0,0.0,-2.2306414416e-08,0.21552530042,0.024869556975,-0.048940878485,0.044599303407
goe15k,ok,,55.171800915,1409063980.2,5470849.8024,15547285.483,434793378.46,4549244.826,113981695.97,0.0,0.0,0.0,-4.6865516126e-09,2.065747149e-09,-1.2779374935e-09,6.9922686384e-09,0.0,0.0,-2.6412808737e-08,0.0,0.0,0.0,0.0,1.0939993921e-09,0.23810983924,0.022505893291,0.14450050946,0.038253651499
goe155,ok,,53.467518524,1365537343.6,901385.14498,6179119.2006,426160713.13,973189.92539,104880197.6,0.0,0.0,0.0,-4.1248605934e-08,2.9381840856e-09,-1.6026244796e-09,7.0993983721e-08,0.0,0.0,-6.7580092997e-08,0.0,0.0,0.0,0.0,-1.8987395095e-08,0.22811078673,0.03594000962,0.060915691925,0.063992922309
goe15,ok,,54.879470093,1401597977.2,1701188.2404,10816958.73,429975848.87,1884427.7069,111514214.19,0.0,0.0,0.0,-3.093943708e-08,3.1229976954e-09,4.0424117948e-10,5.2872365083e-08,0.0,0.0,-2.8631564647e-08,0.0,0.0,0.0,0.0,-1.8922591783e-08,0.22477996084,0.050353081961,0.048707681081,0.089945845721
goe164,ok,,54.038340966,1380115902.4,1140383.7827,8862087.4606,426994513.97,1341451.3337,107350180.86,0.0,0.0,0.0,-3.5656445976e-08,2.4346671759e-09,9.1269807564e-10,6.8608859549e-08,0.0,0.0,5.8732721754e-10,0.0,0.0,0.0,0.0,-6.4894518858e-09,0.22802046213,0.045849922994,-0.00066977843404,0.078240430782
goe165,ok,,53.815444725,1374423228.6,1904516.7688,11432578.21,425164743.3,1920592.7467,106027989.34,0.0,0.0,0.0,-1.9992845873e-08,2.0213273488e-09,8.6274004533e-10,3.2667795545e-08,0.0,0.0,1.9921839772e-08,0.0,0.0,0.0,0.0,2.81070257e-09,0.22575405666,0.039617959527,-0.037941477911,0.062216364417
goe167,ok,,55.008075272,1404882498.0,1807780.5715,8003032.159,436135888.08,1624746.1259,113585966.69,0.0,0.0,0.0,-2.1186212623e-08,2.5537592245e-09,1.1707600482e-09,2.9339058408e-08,0.0,0.0,-2.3130270133e-08,0.0,0.0,0.0,0.0,-1.2956914106e-08,0.23928074373,0.02939817501,0.04181445296,0.053038579777
goe173,ok,,53.49249947,1366175346.2,1054003.8645,6972102.9483,425318335.34,1116284.4407,104766758.1,0.0,0.0,0.0,-4.1186840283e-08,3.0238362917e-09,8.6049788141e-10,6.6812323778e-08,0.0,0.0,-2.6538412165e-08,0.0,0.0,0.0,0.0,-1.8815283264e-08,0.22602711737,0.041247334308,0.027971588979,0.070420447457
goe16k,ok,,55.841683453,1426172491.1,8239612.8926,23247070.791,436403424.93,6869283.5615,117260076.81,0.0,0.0,0.0,-3.7572710749e-09,1.9988640744e-09,-1.0782204308e-09,5.5793314291e-09,0.0,0.0,-1.8833891636e-08,0.0,0.0,0.0,0.0,8.8429025811e-10,0.23705403194,0.027250799189,0.15518397635,0.045971531175
goe174,ok,,54.125740485,1382348048.3,1275685.9021,7491938.5982,429721458.3,1278677.8849,108371279.58,0.0,0.0,0.0,-3.3213927642e-08,2.7727205948e-09,1.6271422489e-09,5.1988483926e-08,0.0,0.0,-1.0875352706e-08,0.0,0.0,0.0,0.0,-1.5204935069e-08,0.23038729287,0.038005218768,0.013873534128,0.066320976018
goe176,ok,,53.977348742,1378558187.3,1605343.9335,9252078.4207,427896235.11,1583658.7742,107338620.7,0.0,0.0,0.0,-2.5650244504e-08,2.3802724566e-09,1.6428562006e-09,4.0780041166e-08,0.0,0.0,9.9807127843e-09,0.0,0.0,0.0,0.0,-6.3425189152e-09,0.22781417263,0.038336907471,-0.01602247672,0.065465991693
goe177,ok,,52.742877525,1347030325.3,916717.06764,6115646.1945,421440414.9,936491.25724,100924770.59,0.0,0.0,0.0,-4.0485455808e-08,2.8270381892e-09,1.7355007262e-09,6.5012500705e-08,0.0,0.0,-7.6883431341e-09,0.0,0.0,0.0,0.0,-1.6308106539e-08,0.22284819283,0.03451897761,0.0070480353729,0.059598069006
goe178,ok,,52.761556069,1347507367.2,1165358.6187,6662929.7887,422381110.92,1096322.0266,101256900.82,0.0,0.0,0.0,-2.9992177575e-08,2.4880668859e-09,1.2343446385e-09,4.4897086975e-08,0.0,0.0,-8.0560741952e-10,0.0,0.0,0.0,0.0,-9.13365364e-09,0.22149847958,0.030666235178,0.00093882154959,0.052321207259
goe184,ok,,53.1230548,1356739888.8,1177701.967,7311651.9779,423512643.04,1176547.8481,102898950.41,0.0,0.0,0.0,-3.2869423516e-08,2.6363723375e-09,1.1833677941e-09,5.2888725375e-08,0.0,0.0,-9.1344028083e-09,0.0,0.0,0.0,0.0,-1.2333016022e-08,0.22214471264,0.035456597946,0.010757604155,0.062287155905
goe180,ok,,53.891300562,1376360553.9,1385194.0253,6692475.2307,429304246.42,1236925.4937,107319655.04,0.0,0.0,0.0,-2.7460024315e-08,2.4807310959e-09,6.8888266602e-10,3.7933228965e-08,0.0,0.0,-1.8088923222e-08,0.0,0.0,0.0,0.0,-9.8911743924e-09,0.23013537817,0.0311550979,0.025056668371,0.052544882123
goe182,ok,,52.989779395,1353336092.5,1231697.2293,8390153.5899,422207258.33,1276887.3246,102114044.14,0.0,0.0,0.0,-3.1292582295e-08,2.5942485057e-09,3.7005040854e-09,5.2128233444e-08,0.0,0.0,3.3442224739e-08,0.0,0.0,0.0,0.0,-1.1415939212e-08,0.21827309089,0.03678328023,-0.041190695553,0.064206200701
goe187,ok,,54.223868731,1384854201.4,1224220.335,6032117.4681,431681998.63,1124783.1789,109241491.62,0.0,0.0,0.0,-3.5083728938e-08,3.0686480137e-09,1.7885743715e-09,4.6794387175e-08,0.0,0.0,-3.942090672e-08,0.0,0.0,0.0,0.0,-2.3031600433e-08,0.23571061418,0.033378021953,0.04825987563,0.057286640343
goe198,ok,,55.178699194,1409240159.3,1257728.3593,8505736.4898,435798492.9,1417291.2529,114245500.1,0.0,0.0,0.0,-3.3872376024e-08,2.702045094e-09,-2.652622187e-09,6.2110090934e-08,0.0,0.0,-5.9150572104e-08,0.0,0.0,0.0,0.0,-1.3183775758e-08,0.2362797668,0.043607497559,0.074395352005,0.078117622768
goe188,ok,,54.228750138,1384978870.4,1494572.0557,6455834.215,431742795.03,1289729.9239,109270054.55,0.0,0.0,0.0,-2.7979816155e-08,2.7939521697e-09,1.2472077733e-09,3.4086557671e-08,0.0,0.0,-3.9667301214e-08,0.0,0.0,0.0,0.0,-1.7446715723e-08,0.23634354759,0.03078409064,0.059285639919,0.05094481657
goe195,ok,,53.085578212,1355782752.9,1101336.303,7404451.1128,423518989.14,1141543.5309,102783002.73,0.0,0.0,0.0,-3.1028552641e-08,2.0803104093e-09,-5.2091699289e-10,5.4186549808e-08,0.0,0.0,-2.7609773392e-09,0.0,0.0,0.0,0.0,2.3876882926e-09,0.22251160878,0.036027202994,0.0030407645753,0.059677614435
goe190,ok,,54.190123048,1383992351.2,2169149.3355,12637180.676,426363487.89,2204990.8819,107793328.67,0.0,0.0,0.0,-1.7391896177e-08,1.9532225324e-09,7.1908245435e-10,2.9910234163e-08,0.0,0.0,1.88222322e-08,0.0,0.0,0.0,0.0,3.3412647535e-09,0.22434468878,0.0400040395,-0.04082823247,0.06487976456
goe207,ok,,54.94067828,1403161207.9,1367781.0385,9028351.9876,434026913.55,1493912.0051,112795911.96,0.0,0.0,0.0,-3.335836803e-08,3.2392406561e-09,3.968707705e-09,5.6223624346e-08,0.0,0.0,5.3738990548e-09,0.0,0.0,0.0,0.0,-2.3996980269e-08,0.2300065981,0.041643182254,-0.0073503172297,0.076901607294
goe199,ok,,55.473832729,1416777742.4,1131895.0349,5845672.9378,439773595.05,1111497.0032,116481267.08,0.0,0.0,0.0,-3.7089909748e-08,3.1188210235e-09,6.6527748001e-10,5.4879140517e-08,0.0,0.0,-6.0067778783e-08,0.0,0.0,0.0,0.0,-2.4901780209e-08,0.24342521794,0.034514455153,0.067990420562,0.06211742667
goe210,ok,,52.687063536,1345604860.1,826828.34099,4669602.0237,422398191.5,769061.94271,100947221.45,0.0,0.0,0.0,-4.4525969911e-08,2.7799313431e-09,-1.4334548882e-09,6.2524429325e-08,0.0,0.0,-7.65771245e-08,0.0,0.0,0.0,0.0,-1.6534503468e-08,0.22342482172,0.031407264396,0.063316136807,0.05169697017
goe222,ok,,56.150542443,1434060616.4,6167023.7887,25569019.83,432974699.81,5721575.6524,117621602.27,0.0,0.0,0.0,-8.4319704029e-09,1.9009032193e-09,-5.6444785279e-10,1.3067027931e-08,0.0,0.0,-4.2920979718e-09,0.0,0.0,0.0,0.0,1.0986857444e-09,0.22981254754,0.049690871422,0.026469470296,0.080584672097
goe217,ok,,56.461657063,1442006349.4,5306029.8692,25872262.834,435279268.5,5253428.0518,119556297.87,0.0,0.0,0.0,-8.9354479313e-09,1.8984587214e-09,9.056429242e-10,1.3837480878e-08,0.0,0.0,1.0599857601e-08,0.0,0.0,0.0,0.0,-3.5438723795e-10,0.22498298861,0.046523039886,-0.05624316104,0.073422086855
goe223,ok,,55.304785054,1412460337.7,5998165.7299,24565826.828,428320955.36,5417267.7321,112846519.05,0.0,0.0,0.0,-7.5169133833e-09,1.9808008582e-09,-2.6334314672e-10,1.0838826065e-08,0.0,0.0,-2.9199912655e-09,0.0,0.0,0.0,0.0,4.3493100165e-10,0.22552378979,0.041252737975,0.01751459154,0.065013075055
goe225,ok,,55.238209937,1410760038.0,2715814.7674,16331217.227,431607823.71,2910735.2476,113451592.56,0.0,0.0,0.0,-1.7697963171e-08,1.9391205051e-09,-7.4072969315e-10,3.2633624113e-08,0.0,0.0,-5.6755643831e-09,0.0,0.0,0.0,0.0,1.5677124914e-09,0.22915387616,0.052560882573,0.015413781565,0.088626878278
goe226,ok,,54.342947927,1387895432.7,3144608.4166,18905298.214,423645337.64,3327354.4172,107805229.93,0.0,0.0,0.0,-1.6536885313e-08,1.9382296327e-09,-4.1260846282e-10,2.9514753834e-08,0.0,0.0,-1.757302385e-09,0.0,0.0,0.0,0.0,1.5310780694e-09,0.21802787198,0.056136311533,0.0055260278704,0.09281234332
goe228,ok,,55.697425135,1422488195.9,5513366.4576,24092818.734,430649042.85,5186714.101,115100741.04,0.0,0.0,0.0,-9.8380702339e-09,1.9794148696e-09,-1.4246896074e-10,1.4919074415e-08,0.0,0.0,-2.3634311091e-09,0.0,0.0,0.0,0.0,-2.4419433275e-10,0.22639751507,0.05074059541,0.013030461802,0.082254324456
goe227,ok,,54.411345726,1389642282.9,3487049.2704,19321023.768,424565175.32,3543501.2623,108312965.05,0.0,0.0,0.0,-1.4540812387e-08,1.850359903e-09,-1.0819479939e-09,2.5122212001e-08,0.0,0.0,-5.1825038829e-09,0.0,0.0,0.0,0.0,3.5712520329e-09,0.22031546511,0.054322416202,0.018071646383,0.087602391027
goe233,ok,,51.396288383,1312639019.9,1625927.7377,16462046.844,411183255.35,2006364.9416,94388024.805,0.0,0.0,0.0,-2.4939797699e-08,1.5124845736e-09,-1.8575049269e-09,5.3297617538e-08,0.0,0.0,-6.8562423069e-09,0.0,0.0,0.0,0.0,1.2284096366e-08,0.20068980168,0.055018781278,0.011147754544,0.08665807471
goe239,ok,,54.596426063,1394369154.8,2126623.5507,11480897.274,430835223.07,2089169.202,110579619.4,0.0,0.0,0.0,-2.0279054543e-08,2.1963195263e-09,1.8245338452e-10,3.3255430643e-08,0.0,0.0,-3.8370773697e-09,0.0,0.0,0.0,0.0,-2.7724421665e-09,0.22987137508,0.041036341288,0.0081600191003,0.070721781994
goe238,ok,,53.184481278,1358308694.5,1683660.984,9315079.8663,421984494.95,1623404.8,102748272.95,0.0,0.0,0.0,-2.4654342178e-08,2.776520222e-09,1.9189932746e-09,3.7541846846e-08,0.0,0.0,-9.376799025e-09,0.0,0.0,0.0,0.0,-1.6210017339e-08,0.21841979671,0.03430032037,0.015787350674,0.063207742804
goe234,ok,,54.663572736,1396084051.9,2405163.43,21224618.318,425489022.24,3050866.2814,109725610.4,0.0,0.0,0.0,-1.8217619077e-08,1.7052100212e-09,-7.6510389366e-10,4.102608176e-08,0.0,0.0,-1.244085305e-09,0.0,0.0,0.0,0.0,5.6987435645e-09,0.22180078577,0.059454262963,0.0029922284796,0.098674431526
goe235,ok,,52.53893671,1341821764.9,807962.53725,4524735.9496,423173154.55,721703.94677,100628550.79,0.0,0.0,0.0,-3.7038029107e-08,2.6311309406e-09,1.3646492631e-09,5.2354702264e-08,0.0,0.0,-2.5207688637e-08,0.0,0.0,0.0,0.0,-1.7080606342e-08,0.21878208296,0.02403721381,0.020366868069,0.042300638078
goe229,ok,,55.717068346,1422989875.0,6381521.8124,25882881.851,429737965.69,5818837.0386,114932014.17,0.0,0.0,0.0,-7.2859607847e-09,1.9743799715e-09,-2.1741708154e-10,1.057252598e-08,0.0,0.0,-2.8012974266e-09,0.0,0.0,0.0,0.0,2.0439492081e-10,0.22791507097,0.042666950727,0.017876540631,0.067468805154
goe240,ok,,53.548944829,1367616936.3,945012.472,5786315.4783,426608022.58,959221.26215,105287749.36,0.0,0.0,0.0,-4.0747387174e-08,2.823622291e-09,-7.550645439e-10,6.489086605e-08,0.0,0.0,-5.347746879e-08,0.0,0.0,0.0,0.0,-1.6806346942e-08,0.2280524944,0.035418616601,0.050536874978,0.061322677736
goe241,ok,,56.049882389,1431489802.0,5660263.3882,27507204.692,430146476.33,5654633.7777,116467837.71,0.0,0.0,0.0,-1.1020526685e-08,1.9388553734e-09,2.7094950574e-10,1.7277822484e-08,0.0,0.0,1.4912930436e-09,0.0,0.0,0.0,0.0,-5.109975615e-10,0.22210352623,0.061675814625,-0.0084411114156,0.097797026037
goe242,ok,,53.162679844,1357751895.3,3933439.9799,21594172.364,416707109.53,3848078.7739,101598995.17,0.0,0.0,0.0,-1.3814641216e-08,1.894305237e-09,-7.0263493397e-10,2.1201293013e-08,0.0,0.0,-2.3653357628e-09,0.0,0.0,0.0,0.0,3.1939103775e-09,0.20967954964,0.055745630635,0.0093039062555,0.083394013562
goe243,ok,,55.267224383,1411501054.4,5604036.9813,28937942.203,424546359.53,5640973.7895,111807438.39,0.0,0.0,0.0,-1.0337065863e-08,1.7667456792e-09,-1.015654794e-10,1.6487924952e-08,0.0,0.0,3.2689842139e-09,0.0,0.0,0.0,0.0,2.392164899e-09,0.21309341848,0.061198368105,-0.018319508426,0.092398941177
goe275,ok,,53.234772111,1359593100.7,1096936.1107,5749502.7472,424790635.28,1002305.693,103626903.46,0.0,0.0,0.0,-3.8156261848e-08,2.7888849971e-09,1.2929658374e-09,5.1484373119e-08,0.0,0.0,-2.4539922104e-08,0.0,0.0,0.0,0.0,-1.6572265833e-08,0.22324489937,0.034545661566,0.02691872671,0.056475068012
goe255,ok,,56.170713347,1434575772.5,6333459.1011,21888193.683,436307439.12,5795551.885,118594866.28,0.0,0.0,0.0,-6.0789742488e-09,2.0223030749e-09,4.007120764e-10,8.9735964434e-09,0.0,0.0,3.7439185159e-10,0.0,0.0,0.0,0.0,-1.3798654261e-09,0.23405325812,0.033361511006,-0.0023711954798,0.056833906064
goe274,ok,,55.095715192,1407120783.7,1486640.9924,6778285.8788,437323977.1,1339179.9882,114281764.8,0.0,0.0,0.0,-2.9244138278e-08,2.6194834726e-09,3.0717617061e-10,3.9540149787e-08,0.0,0.0,-3.709401635e-08,0.0,0.0,0.0,0.0,-1.3505780681e-08,0.23881311847,0.03485537162,0.055145485279,0.05878200752
goe256,ok,,55.838805504,1426098989.5,5291103.6131,17565259.86,436554537.13,4747846.0141,117258631.01,0.0,0.0,0.0,-7.2491053951e-09,2.0844886123e-09,4.7292940604e-10,1.0713049513e-08,0.0,0.0,-4.7452540178e-09,0.0,0.0,0.0,0.0,-2.8310246796e-09,0.23295289889,0.031292346768,0.025107630679,0.056683854983
goe265,ok,,52.863691705,1350115867.3,856763.0701,9786893.2172,420674080.92,1182310.6812,101370167.75,0.0,0.0,0.0,-4.5748387546e-08,3.2202414547e-09,2.9585033941e-09,1.0133970188e-07,0.0,0.0,9.2576704258e-09,0.0,0.0,0.0,0.0,-2.043641413e-08,0.21419079055,0.048942416144,-0.007931630136,0.086824114102
goe244,ok,,55.206398425,1409947585.7,4979380.7637,27822382.254,423489198.52,5250210.1211,111304558.56,0.0,0.0,0.0,-1.3729668574e-08,1.8137939261e-09,-2.6045240533e-11,2.2839387952e-08,0.0,0.0,1.3884444247e-09,0.0,0.0,0.0,0.0,1.1641461387e-09,0.21121583875,0.073377475571,-0.0069135934596,0.11372600902
goe269,ok,,53.674251431,1370817212.8,764478.0329,5753316.3263,429230175.51,840225.22096,106506192.75,0.0,0.0,0.0,-4.5168078895e-08,2.8947632044e-09,8.266498011e-10,7.9836221129e-08,0.0,0.0,-2.8570752619e-08,0.0,0.0,0.0,0.0,-1.9860094626e-08,0.22794806023,0.034157190203,0.021841712761,0.061033037283
goe264,ok,,53.675353571,1370845361.0,765611.4899,6251440.0562,428187651.81,896052.77969,106215077.08,0.0,0.0,0.0,-4.6824700871e-08,3.0077243696e-09,-1.8459238357e-09,8.7496770804e-08,0.0,0.0,-6.464278792e-08,0.0,0.0,0.0,0.0,-2.0262322032e-08,0.22906021697,0.037811135371,0.049491261171,0.066988533057
goe257,ok,,55.458538861,1416387143.6,1474396.3277,6152285.0208,440132765.67,1303836.7571,116508317.04,0.0,0.0,0.0,-2.4334295905e-08,2.5982299634e-09,1.1242615969e-09,3.285293724e-08,0.0,0.0,-3.8812407544e-08,0.0,0.0,0.0,0.0,-1.5301399355e-08,0.24603080546,0.026830309609,0.057224871153,0.048438250021
goe276,ok,,54.723661498,1397618692.9,982160.89017,4707413.1695,436145544.46,883174.27963,112414156.96,0.0,0.0,0.0,-3.6751712952e-08,2.7231323332e-09,7.6320679582e-10,4.9693328211e-08,0.0,0.0,-4.9107908624e-08,0.0,0.0,0.0,0.0,-1.8097251105e-08,0.24000730405,0.028629497898,0.048231867248,0.048806843471
goe277,ok,,53.757402832,1372940863.7,1300355.5817,6331054.2657,428631893.25,1164844.355,106618547.27,0.0,0.0,0.0,-2.9482541513e-08,2.6536230645e-09,1.1039942586e-09,4.0225050885e-08,0.0,0.0,-2.5637876413e-08,0.0,0.0,0.0,0.0,-1.4545919064e-08,0.22958260499,0.030461430357,0.033338355696,0.052306869443
goe278,ok,,53.573658232,1368248105.9,1060030.9772,5168850.9746,427649821.92,948875.90158,105640963.53,0.0,0.0,0.0,-3.6110814312e-08,2.7722044179e-09,-2.8072244769e-10,4.8054901507e-08,0.0,0.0,-6.4304235602e-08,0.0,0.0,0.0,0.0,-1.7597865523e-08,0.22907598119,0.030448096322,0.068164481703,0.050939684203
goe279,ok,,53.973878531,1378469559.6,1123828.4045,5488102.3832,430412189.05,1014553.5371,107925295.08,0.0,0.0,0.0,-3.7886449325e-08,2.8600145955e-09,-5.3624308955e-10,4.9968865996e-08,0.0,0.0,-6.6809469813e-08,0.0,0.0,0.0,0.0,-1.8559049885e-08,0.23156677914,0.034089830827,0.075082379868,0.05615643095
goe281,ok,,54.255346812,1385658138.0,1225557.2691,5973581.0121,432024407.23,1118404.5234,109460904.42,0.0,0.0,0.0,-3.2089969268e-08,2.7182230678e-09,1.7405058332e-10,4.4615410588e-08,0.0,0.0,-4.7461330473e-08,0.0,0.0,0.0,0.0,-1.5896195221e-08,0.23499583703,0.031721855406,0.058166578564,0.054678740762
goe280,ok,,54.69988792,1397011526.0,1245019.8294,5703032.0352,435463844.4,1103592.7082,112151516.49,0.0,0.0,0.0,-3.3604108829e-08,2.8955415992e-09,1.1050218467e-09,4.3100177884e-08,0.0,0.0,-4.9544460898e-08,0.0,0.0,0.0,0.0,-2.0690452883e-08,0.23851324567,0.031655755565,0.061683836257,0.053660576117
goe282,ok,,55.037820874,1405642187.8,1718764.5681,8030052.0863,436074745.11,1569346.5615,113715552.94,0.0,0.0,0.0,-2.4206479534e-08,2.4457554459e-09,4.7671803472e-10,3.5082220747e-08,0.0,0.0,-1.9671779541e-08,0.0,0.0,0.0,0.0,-9.283425235e-09,0.23795740092,0.034529008186,0.033811157667,0.060298077991
goe284,ok,,56.463796744,1442060996.0,5790349.7585,20799507.369,438714500.86,5391117.3246,120502364.69,0.0,0.0,0.0,-6.7845804564e-09,2.0418858909e-09,1.0961787964e-09,1.0379916675e-08,0.0,0.0,4.8282396352e-09,0.0,0.0,0.0,0.0,-3.2845779409e-09,0.23149434091,0.032487940353,-0.027957196205,0.060103348012
goe285,ok,,55.006110821,1404832326.7,2800312.2138,10689153.083,435373272.26,2329949.8076,113404429.63,0.0,0.0,0.0,-1.2251399462e-08,2.2186871958e-09,7.456214622e-10,1.5895126724e-08,0.0,0.0,-8.0353307368e-09,0.0,0.0,0.0,0.0,-5.5829202794e-09,0.23349275354,0.025512297984,0.022501434804,0.044511317504
goe286,ok,,54.248482778,1385482833.5,1623915.2454,7271386.6734,431881102.65,1412503.2536,109397276.93,0.0,0.0,0.0,-2.2641539484e-08,2.5636061511e-09,1.9990354124e-09,3.0179059227e-08,0.0,0.0,-9.9972818386e-09,0.0,0.0,0.0,0.0,-1.3888104392e-08,0.23175237631,0.027445667728,0.01623473839,0.04900823437
goe287,ok,,53.576407205,1368318313.5,1441467.7988,7530844.6555,426956785.29,1349688.0514,105505638.78,0.0,0.0,0.0,-2.7364176278e-08,2.7742170469e-09,1.2352788922e-09,3.9797812391e-08,0.0,0.0,-2.5978365023e-08,0.0,0.0,0.0,0.0,-1.6712432138e-08,0.22742210293,0.031819647346,0.037446976646,0.057367265023
goe289,ok,,55.670132865,1421791163.1,5296205.8524,21360831.021,432148120.57,4794422.3554,115375443.63,0.0,0.0,0.0,-9.0929890812e-09,2.0830167128e-09,7.9834371926e-11,1.3507547736e-08,0.0,0.0,-5.1425031638e-09,0.0,0.0,0.0,0.0,-2.2509399439e-09,0.22897784541,0.041129509639,0.027235755352,0.07153875337
goe300,ok,,53.866131219,1375717739.8,1243391.3939,6833227.4019,426008888.75,1535801.0052,106447857.83,0.0,0.0,0.0,-3.3222016892e-08,2.9851179127e-09,6.7570157869e-09,6.5090546165e-08,0.0,0.0,3.8425752073e-08,0.0,0.0,0.0,0.0,-1.7049257805e-08,0.22493982988,0.045163962945,-0.047778249433,0.080933024927
goe288,ok,,56.319641294,1438379328.0,5297782.0,21817927.465,437283816.83,4859171.4598,119482536.95,0.0,0.0,0.0,-8.0279489364e-09,1.9956435025e-09,4.6620933695e-10,1.233848894e-08,0.0,0.0,2.6492103093e-09,0.0,0.0,0.0,0.0,-1.4434031158e-09,0.23170474049,0.037385979979,-0.014034938691,0.065366624611
goe290,ok,,56.174925077,1434683338.3,5482879.9883,18985712.883,438660562.57,4945454.1236,119231512.13,0.0,0.0,0.0,-5.7320231616e-09,2.0346405377e-09,9.3301073663e-10,8.2568374269e-09,0.0,0.0,5.389624912e-09,0.0,0.0,0.0,0.0,-2.7754149004e-09,0.23316492403,0.025152053369,-0.029550666574,0.045271248694
goe298,ok,,55.375551481,1414267681.7,3156049.7174,13741979.766,436414576.49,2795052.4269,115245771.39,0.0,0.0,0.0,-1.1013425116e-08,2.0889926764e-09,1.0008631808e-09,1.6817239183e-08,0.0,0.0,6.9794179998e-09,0.0,0.0,0.0,0.0,-3.5468153417e-09,0.22814056084,0.028524294496,-0.022027390206,0.053076042973
goe301,ok,,54.995139082,1404552113.2,1912222.5663,9974068.0491,433567059.5,1886185.3841,112905985.61,0.0,0.0,0.0,-2.6612485722e-08,2.6370158305e-09,6.3020971952e-10,4.0579694509e-08,0.0,0.0,-1.7676581038e-08,0.0,0.0,0.0,0.0,-1.1576900443e-08,0.23197905634,0.045152451202,0.033801557156,0.077597407575
goe29b,ok,,53.979402925,1378610650.2,1604352.2797,10527789.427,426909008.69,1701783.3368,107144458.17,0.0,0.0,0.0,-2.8702081457e-08,2.7525321362e-09,2.8606325104e-09,4.8610028306e-08,0.0,0.0,1.0073566648e-08,0.0,0.0,0.0,0.0,-1.4411491996e-08,0.21931649948,0.043492533785,-0.016161549616,0.077987609729
goe303,ok,,55.14577057,1408399176.4,1968588.8303,9422117.0991,435475832.0,1858093.2649,114016077.09,0.0,0.0,0.0,-2.3957094395e-08,2.5227588737e-09,1.933953475e-10,3.5571813018e-08,0.0,0.0,-2.3874902606e-08,0.0,0.0,0.0,0.0,-1.0240662371e-08,0.2355540063,0.040047114739,0.046999866595,0.070026273782
goe304,ok,,54.618707227,1394938206.2,1634233.4335,9251490.4295,431410988.15,1659668.7661,110805260.57,0.0,0.0,0.0,-2.8250188111e-08,2.5373192688e-09,-4.0524284167e-10,4.6100415742e-08,0.0,0.0,-2.7033258302e-08,0.0,0.0,0.0,0.0,-1.0051904978e-08,0.22884710003,0.043080312746,0.044178654535,0.075338840705
goe308,ok,,54.112652661,1382013791.0,1407271.9386,6865626.6103,429176960.95,1293046.3725,108154465.55,0.0,0.0,0.0,-2.9095249165e-08,2.8165680467e-09,4.2828623867e-10,4.1222885534e-08,0.0,0.0,-4.5109285885e-08,0.0,0.0,0.0,0.0,-1.7858071295e-08,0.23179661609,0.03228645113,0.063481032197,0.05801181004
goe309,ok,,54.377760555,1388784532.2,1592212.4024,7005813.302,431904873.09,1391465.9554,109900005.13,0.0,0.0,0.0,-2.4895084576e-08,2.8402238012e-09,1.179795436e-09,3.2297400838e-08,0.0,0.0,-4.8166954266e-08,0.0,0.0,0.0,0.0,-2.0130680892e-08,0.235254673,0.028073234444,0.076692021971,0.051424322181
goe310,ok,,54.039659117,1380149567.4,1436902.4325,6994939.4894,428628906.48,1314946.1923,107721372.58,0.0,0.0,0.0,-2.5204279469e-08,2.5720421034e-09,-6.6884817524e-10,3.7917015364e-08,0.0,0.0,-5.0785524265e-08,0.0,0.0,0.0,0.0,-1.2454744023e-08,0.23252358635,0.029342128041,0.072973843354,0.054483051611
goe314,ok,,53.427779086,1364522415.5,1217720.0636,6321552.1322,425308377.03,1123724.9996,104484946.86,0.0,0.0,0.0,-3.1877569481e-08,2.8400695707e-09,2.414451758e-09,4.4896322035e-08,0.0,0.0,-1.308784182e-08,0.0,0.0,0.0,0.0,-1.9515842526e-08,0.22355588753,0.030933989412,0.015937327574,0.054671152125
goe316,ok,,53.788099243,1373724836.8,1475454.2213,6921303.0425,428978936.17,1300169.0365,106829820.44,0.0,0.0,0.0,-2.5704925088e-08,2.7765365539e-09,2.6398558367e-09,3.353923432e-08,0.0,0.0,-1.3434356795e-08,0.0,0.0,0.0,0.0,-1.9124578549e-08,0.22815002888,0.027765144125,0.019821778444,0.049485604855
goe318,ok,,52.876412939,1350440762.1,1451585.5529,7598931.5753,423511490.09,1312521.1507,101998449.99,0.0,0.0,0.0,-2.4930716172e-08,2.7894660279e-09,2.7139790299e-09,3.4777858118e-08,0.0,0.0,-5.5065796658e-09,0.0,0.0,0.0,0.0,-1.9069412602e-08,0.22069440993,0.027215612887,0.0079932714886,0.050483036404
goe315,ok,,52.669257966,1345150113.5,1142043.9014,5749316.1343,421304091.94,1011809.8828,100597368.84,0.0,0.0,0.0,-3.157942711e-08,2.8494420215e-09,2.3240011017e-09,4.1476866358e-08,0.0,0.0,-2.144875377e-08,0.0,0.0,0.0,0.0,-2.0815682611e-08,0.21960949825,0.027339324201,0.024495418437,0.047368402275
goe311,ok,,54.447439784,1390564109.6,1497148.8289,8674007.2986,430424057.24,1520500.2891,109819973.19,0.0,0.0,0.0,-2.840197533e-08,2.8345116729e-09,1.6725279724e-10,4.666080771e-08,0.0,0.0,-3.4702190605e-08,0.0,0.0,0.0,0.0,-1.6549003981e-08,0.23260071685,0.037356334876,0.051954344023,0.069858173617
goe319,ok,,54.447559659,1390567171.1,2167269.439,10273944.818,430227543.46,1986820.6207,109810142.21,0.0,0.0,0.0,-2.2473062561e-08,2.6780827181e-09,2.0312430013e-09,3.132759167e-08,0.0,0.0,-7.1780377448e-09,0.0,0.0,0.0,0.0,-1.4080795282e-08,0.2248076734,0.038391347217,0.015556741836,0.067895332023
goe320,ok,,55.817927755,1425565780.8,3278839.7811,14191178.107,437575828.34,2998660.5276,117427483.63,0.0,0.0,0.0,-1.6197788122e-08,2.4461814022e-09,1.4364288726e-09,2.2809135042e-08,0.0,0.0,-6.699120138e-09,0.0,0.0,0.0,0.0,-9.8652507881e-09,0.23072279654,0.041783860996,0.021965341607,0.074787499349
goe321,ok,,54.731505861,1397819034.6,2432124.2936,10675609.548,432725398.38,2166267.4764,111588973.11,0.0,0.0,0.0,-1.8319299306e-08,2.5780796198e-09,1.9710244593e-09,2.4693577186e-08,0.0,0.0,-7.7357975522e-09,0.0,0.0,0.0,0.0,-1.3033013096e-08,0.22973642815,0.033225386203,0.018814421157,0.06005784897
goe322,ok,,55.66166126,1421574802.0,3357503.2566,14378883.663,436314884.02,3073443.4359,116407426.82,0.0,0.0,0.0,-1.5087827615e-08,2.4838667552e-09,1.5468091105e-09,2.1147772356e-08,0.0,0.0,-6.4439641159e-09,0.0,0.0,0.0,0.0,-1.0161127448e-08,0.23400086139,0.039103031071,0.021635630504,0.071003714555
goe325,ok,,53.563024415,1367976522.8,1238332.5238,6293577.7673,427065028.73,1131332.1732,105461639.86,0.0,0.0,0.0,-3.2206060126e-08,2.6870149466e-09,1.0338343285e-09,4.4519572829e-08,0.0,0.0,-2.3722888646e-08,0.0,0.0,0.0,0.0,-1.4446128812e-08,0.22779014808,0.032721730604,0.029376824569,0.05513003498
goe323,ok,,53.47861649,1365820780.9,2200140.6967,10856813.961,423993257.16,2003597.9819,104398627.36,0.0,0.0,0.0,-1.9495254484e-08,2.6794204066e-09,2.7424881052e-09,2.7131351412e-08,0.0,0.0,3.6427071652e-09,0.0,0.0,0.0,0.0,-1.5048740128e-08,0.21810135072,0.032514709058,-0.0080144682802,0.059692790398
goe324,ok,,54.397031144,1389276694.7,3044233.548,14305841.351,427835155.07,2813732.5094,109002298.05,0.0,0.0,0.0,-1.5963681236e-08,2.5921214943e-09,2.3556027931e-09,2.2549563516e-08,0.0,0.0,1.2916723166e-09,0.0,0.0,0.0,0.0,-1.2562230543e-08,0.22067824371,0.03716499571,-0.0039321521993,0.068646137748
goe328,ok,,53.935611008,1377492223.6,1267684.3139,6325565.7267,430071000.14,1159551.94,107688531.76,0.0,0.0,0.0,-2.8393037452e-08,2.5298673817e-09,-6.4838672354e-11,4.0988549334e-08,0.0,0.0,-3.7625461658e-08,0.0,0.0,0.0,0.0,-1.1765681192e-08,0.2306717845,0.029781769977,0.047697207549,0.051960541042
goe326,ok,,53.709033953,1371705543.4,1240957.9441,6508686.5666,428069392.21,1155454.4421,106292357.82,0.0,0.0,0.0,-3.1552763542e-08,2.7459652918e-09,8.4375418607e-10,4.5541408005e-08,0.0,0.0,-3.1854607666e-08,0.0,0.0,0.0,0.0,-1.6268356792e-08,0.22872795553,0.032169798435,0.039530228441,0.056514972051
goe331,ok,,55.16594832,1408914507.5,2416892.5754,11550577.47,433550781.85,2317100.5339,113624722.5,0.0,0.0,0.0,-2.3370995437e-08,2.66342827e-09,-1.0688012578e-10,3.3892941466e-08,0.0,0.0,-2.7784175972e-08,0.0,0.0,0.0,0.0,-1.1636934331e-08,0.23080314056,0.047965208702,0.06715136862,0.081915598587
goe329,ok,,54.935624729,1403032142.4,2028539.1829,9452612.4815,434191157.56,1883179.2865,112810112.01,0.0,0.0,0.0,-2.2487973223e-08,2.5639788187e-09,1.1112803265e-10,3.2361985851e-08,0.0,0.0,-2.9533473207e-08,0.0,0.0,0.0,0.0,-1.1299612395e-08,0.23512691099,0.037362787047,0.059909807608,0.065647556334
goe332,ok,,55.378898362,1414353159.6,2824694.2581,12655068.134,434807011.99,2644289.4241,114826574.37,0.0,0.0,0.0,-1.7721087943e-08,2.3291332998e-09,-2.3891402972e-10,2.6552113343e-08,0.0,0.0,-1.8575367394e-08,0.0,0.0,0.0,0.0,-6.1198447614e-09,0.2344454131,0.043077289595,0.05246973362,0.075001602101
goe330,ok,,54.526538267,1392584250.7,2042022.9813,9777761.9857,430360149.95,1920465.3115,110163875.77,0.0,0.0,0.0,-2.3014398286e-08,2.492162888e-09,-3.6223961813e-10,3.4099749715e-08,0.0,0.0,-2.8181699739e-08,0.0,0.0,0.0,0.0,-8.8323347191e-09,0.23146072122,0.040284071801,0.057547678518,0.069632472573
goe335,ok,,52.422470822,1338847276.4,802148.35718,5276659.0784,419210298.75,809044.25006,99166436.343,0.0,0.0,0.0,-4.5424471336e-08,2.9005802041e-09,-2.0587874398e-10,7.114306144e-08,0.0,0.0,-4.7323383477e-08,0.0,0.0,0.0,0.0,-1.8423507907e-08,0.22043299646,0.033472257517,0.037960374312,0.057067289859
goe336,ok,,54.89592819,1402018309.9,1692674.249,7986979.8331,434214367.42,1573787.6727,112616316.74,0.0,0.0,0.0,-2.5246606705e-08,2.814815642e-09,1.1252959082e-09,3.6421695266e-08,0.0,0.0,-3.4295759746e-08,0.0,0.0,0.0,0.0,-1.8039602787e-08,0.23601551914,0.033059245288,0.058051549371,0.061650065681
goe359,ok,,53.595198234,1368798228.3,1085279.1133,7206140.6845,425888525.78,1153294.1764,105313622.17,0.0,0.0,0.0,-3.8764892596e-08,2.8894592127e-09,4.2364710699e-10,6.4308866995e-08,0.0,0.0,-2.7652984981e-08,0.0,0.0,0.0,0.0,-1.6442050607e-08,0.22677479671,0.040421804087,0.03001120702,0.06979307015
goe346,ok,,53.196730652,1358621538.2,650194.74946,3593724.7654,426857926.9,599738.64139,103981881.04,0.0,0.0,0.0,-4.9733337118e-08,2.9101948688e-09,-3.3509760719e-09,6.8839984463e-08,0.0,0.0,-1.5625035889e-07,0.0,0.0,0.0,0.0,-2.3973141784e-08,0.22819267505,0.026551658231,0.10159316295,0.044759396451
goe344,ok,,54.844939991,1400716093.3,1033957.1596,3756014.7473,437544354.03,869843.45652,113257155.5,0.0,0.0,0.0,-2.3014066712e-08,2.4148061517e-09,2.7322729315e-09,3.0919165071e-08,0.0,0.0,-9.9985671444e-09,0.0,0.0,0.0,0.0,-1.4229691353e-08,0.24118952398,0.017035917541,0.010338090085,0.031969092093
goe358,ok,,53.41147488,1364106013.1,1554341.2396,10411782.554,424016717.54,1626518.503,104188077.99,0.0,0.0,0.0,-2.2387376328e-08,1.9087284672e-09,9.9558887018e-11,4.0101126678e-08,0.0,0.0,1.5915654369e-08,0.0,0.0,0.0,0.0,6.4100594483e-09,0.22316359609,0.038744482323,-0.024738357941,0.062330834948
goe342,ok,,52.290216544,1335469559.2,502293.90897,6185834.2122,419855467.17,714997.4463,99018480.828,0.0,0.0,0.0,-6.5296196142e-08,2.6215709692e-09,-1.2162246851e-08,1.4750112607e-07,0.0,0.0,-1.7649659279e-07,0.0,0.0,0.0,0.0,-9.2301628644e-09,0.21690304269,0.045257138117,0.088653163511,0.074088917191
goe360,ok,,53.952952571,1377935119.6,1751425.5957,9112583.9557,427180403.07,1678112.8378,107051044.77,0.0,0.0,0.0,-2.6960652624e-08,2.8176633814e-09,6.1534805627e-10,3.9329818531e-08,0.0,0.0,-2.8918110766e-08,0.0,0.0,0.0,0.0,-1.5527037962e-08,0.22622332237,0.039375692652,0.050647919375,0.068883250851
goe361,ok,,50.850266182,1298693848.5,661209.07853,6378138.7681,410961712.33,770127.6003,91854129.16,0.0,0.0,0.0,-5.474845778e-08,2.8003368327e-09,-1.1101346302e-10,9.9593528723e-08,0.0,0.0,-2.2384852797e-08,0.0,0.0,0.0,0.0,-1.3421072037e-08,0.20521667798,0.040046506425,0.014801067891,0.065852145354
goe362,ok,,50.622318698,1292872168.2,650628.54017,5873168.9762,409515463.21,719838.7321,90661424.9,0.0,0.0,0.0,-5.5303825167e-08,2.6616393779e-09,-9.1551726271e-10,9.5682248659e-08,0.0,0.0,-3.2173502702e-08,0.0,0.0,0.0,0.0,-1.0199034544e-08,0.20448438451,0.038310662127,0.020932999095,0.062253601765
goe363,ok,,54.298464407,1386759342.8,2391763.1259,11174460.654,428810341.71,2164623.7803,108864505.26,0.0,0.0,0.0,-2.0529128527e-08,2.4615124051e-09,1.1207179087e-09,2.8553388167e-08,0.0,0.0,-6.4561378125e-09,0.0,0.0,0.0,0.0,-8.6589473315e-09,0.22598582383,0.040216525919,0.015441552355,0.068292940937
goe364,ok,,54.503101677,1391985690.3,2270796.1865,11031332.418,429402631.98,2141865.1108,109832040.72,0.0,0.0,0.0,-2.397706235e-08,2.7418113898e-09,1.5337225541e-09,3.3977007898e-08,0.0,0.0,-1.1372407778e-08,0.0,0.0,0.0,0.0,-1.3328534264e-08,0.22570870554,0.044949512125,0.025824420214,0.077154859962
goe366,ok,,55.867558243,1426833322.1,3612728.082,15773475.166,435951914.18,3398892.9365,117214368.65,0.0,0.0,0.0,-1.6339854003e-08,2.3636975839e-09,-1.3031050353e-10,2.3852082414e-08,0.0,0.0,-1.742116063e-08,0.0,0.0,0.0,0.0,-6.9022168831e-09,0.23197025646,0.050123843133,0.062937916228,0.086171087953
goe368,ok,,51.15646757,1306514099.8,801601.77252,5341363.9829,412545741.03,744571.06568,93067709.175,0.0,0.0,0.0,-3.8350820727e-08,2.7971577627e-09,4.9229656135e-09,5.5867663151e-08,0.0,0.0,5.8075296813e-08,0.0,0.0,0.0,0.0,-1.8984244533e-08,0.20982122876,0.025594219438,-0.046553260865,0.044783617809
goe365,ok,,54.578930419,1393922323.6,2832507.6956,11385325.751,430806083.72,2434677.8874,110491163.79,0.0,0.0,0.0,-1.7048655147e-08,2.4520430463e-09,5.381327964e-10,2.1598516531e-08,0.0,0.0,-2.068936625e-08,0.0,0.0,0.0,0.0,-8.969521119e-09,0.22966030379,0.036510498979,0.05860278912,0.061177964288
goe369,ok,,51.551038225,1316591264.0,570303.73297,4815268.3275,415208325.18,631083.99635,95112801.458,0.0,0.0,0.0,-6.9347780665e-08,3.98970404e-09,-4.447526686e-11,1.117914017e-07,0.0,0.0,-7.6412239528e-08,0.0,0.0,0.0,0.0,-4.0103421194e-08,0.21229487838,0.03841616964,0.043578185448,0.063755053707
goe367,ok,,55.881187361,1427181403.8,5503707.5998,18125542.033,436648351.31,4917253.6389,117457476.67,0.0,0.0,0.0,-6.7654231636e-09,2.0840198822e-09,4.4994460276e-10,9.8835159046e-09,0.0,0.0,-5.5298196505e-09,0.0,0.0,0.0,0.0,-2.898544717e-09,0.23340576192,0.029946948234,0.030434510436,0.054395981596
goe371,ok,,52.266062037,1334852663.5,832821.77164,5207108.629,418804131.17,811955.3696,98513548.362,0.0,0.0,0.0,-4.3186121301e-08,2.6456875265e-09,-1.6073226002e-09,6.5904893209e-08,0.0,0.0,-6.0270100733e-08,0.0,0.0,0.0,0.0,-1.2030891367e-08,0.21905150388,0.032928556817,0.050194252069,0.054887029923
goe370,ok,,52.196181145,1333067935.7,388519.26414,5477194.8465,417260467.16,605544.113,97887178.782,0.0,0.0,0.0,-6.6817092588e-08,2.9300695675e-09,-1.6680740928e-08,1.7144111991e-07,0.0,0.0,-2.7231609136e-07,0.0,0.0,0.0,0.0,-1.6393470317e-08,0.22186009277,0.038262093079,0.10580004743,0.06660817775
goe372,ok,,51.931089035,1326297597.7,661551.38821,4712293.4429,416911135.48,680952.82994,96836623.941,0.0,0.0,0.0,-4.3862654345e-08,2.3726598979e-09,-4.5594487048e-09,7.6201726924e-08,0.0,0.0,-9.6908906223e-08,0.0,0.0,0.0,0.0,-3.5135480574e-09,0.21959662184,0.029343169564,0.064110221441,0.05041135823
goe373,ok,,51.811205378,1323235820.8,700523.04716,5369335.2147,416121089.18,747163.41067,96251174.989,0.0,0.0,0.0,-5.2581131524e-08,3.0403702932e-09,3.4011919793e-10,8.6144507163e-08,0.0,0.0,-3.7296587665e-08,0.0,0.0,0.0,0.0,-2.1077050357e-08,0.21286548817,0.035943477648,0.026127119239,0.060346212654
goe374,ok,,52.117725131,1331064203.0,711340.49731,4348489.9552,418508589.28,671948.61173,97881770.52,0.0,0.0,0.0,-5.4317460237e-08,3.4419011309e-09,1.7808239587e-09,7.3848336182e-08,0.0,0.0,-5.6103063375e-08,0.0,0.0,0.0,0.0,-3.3053814123e-08,0.2186458137,0.031658049803,0.039908381002,0.052531312185
goe375,ok,,52.135285545,1331512688.4,733966.68922,4376942.6542,419011634.36,677193.44281,98090877.061,0.0,0.0,0.0,-5.4981624796e-08,3.6108028059e-09,4.0416378123e-09,7.1521068169e-08,0.0,0.0,-2.6864300824e-08,0.0,0.0,0.0,0.0,-3.7598570012e-08,0.2166365684,0.031738034768,0.019717501934,0.052494081613
goe377,ok,,52.951715317,1352363952.3,826771.29507,4228445.4194,423468868.02,739717.17508,102178905.91,0.0,0.0,0.0,-4.0528322237e-08,2.804492037e-09,-1.5319063864e-09,5.5112142009e-08,0.0,0.0,-1.0108329265e-07,0.0,0.0,0.0,0.0,-1.9217290161e-08,0.22763379785,0.02674904563,0.083572764775,0.045565137023
goe376,ok,,53.121099449,1356689950.0,774892.00683,5052881.8767,424395041.38,787223.72859,103095411.86,0.0,0.0,0.0,-4.9499570972e-08,3.2067362279e-09,7.5888393795e-10,7.5787067102e-08,0.0,0.0,-5.0571857815e-08,0.0,0.0,0.0,0.0,-2.6367195737e-08,0.22453011707,0.034321599354,0.039187728391,0.058726792518
goe379,ok,,53.031951953,1354413161.4,766043.5355,5354803.3872,422617057.69,823653.86525,102285412.2,0.0,0.0,0.0,-4.9223411946e-08,3.3442676016e-09,-1.570128497e-09,8.1052830289e-08,0.0,0.0,-8.7464628313e-08,0.0,0.0,0.0,0.0,-2.7728353386e-08,0.22690136875,0.035379565414,0.067001713105,0.062089996677
goe380,ok,,53.154422039,1357540994.5,810016.33302,5466750.6892,423138553.81,860361.0305,102882755.9,0.0,0.0,0.0,-5.1322845556e-08,3.5437431565e-09,-3.3458492178e-10,8.1005062424e-08,0.0,0.0,-7.1800432026e-08,0.0,0.0,0.0,0.0,-3.0423691827e-08,0.22612591448,0.038263705219,0.058159522659,0.06561542362
goe381,ok,,52.692710402,1345749078.6,757669.50651,5819871.034,420789832.29,842476.37842,100590482.18,0.0,0.0,0.0,-5.3908589042e-08,3.4981634497e-09,-1.7351095711e-09,8.9765144591e-08,0.0,0.0,-8.055851185e-08,0.0,0.0,0.0,0.0,-2.8652219848e-08,0.22077770574,0.040110983268,0.061036727919,0.068012312804
goe382,ok,,56.563754133,1444613864.6,7506917.6721,25705390.209,435610806.26,7108020.1964,120125890.79,0.0,0.0,0.0,-6.53400131e-09,2.064913114e-09,1.0204461226e-09,9.5279870922e-09,0.0,0.0,1.163075231e-09,0.0,0.0,0.0,0.0,-3.4615337452e-09,0.2285775488,0.040846043224,-0.0087311100053,0.071525814682
goe383,ok,,56.671597483,1447368137.2,7776858.2438,25815003.126,437769386.45,7154769.9535,121165582.02,0.0,0.0,0.0,-5.328826805e-09,1.9948259384e-09,8.5737885578e-10,7.5519831999e-09,0.0,0.0,1.298362694e-09,0.0,0.0,0.0,0.0,-2.8883151073e-09,0.22825156763,0.033424835969,-0.010097182621,0.058730702805
goe384,ok,,56.795493579,1450532390.0,7286524.6531,25906952.033,436570163.55,6956732.5216,121387934.56,0.0,0.0,0.0,-7.4263799428e-09,2.0832282934e-09,8.6741055329e-10,1.1185598502e-08,0.0,0.0,-8.4084868255e-10,0.0,0.0,0.0,0.0,-3.5945336662e-09,0.23016850004,0.045938190641,0.0061268646549,0.081504139241
goe385,ok,,54.25487546,1385646099.9,1874137.9026,7880462.5891,431328222.63,1603818.7756,109281215.85,0.0,0.0,0.0,-2.052944158e-08,2.5449493121e-09,1.1877911371e-09,2.615083027e-08,0.0,0.0,-2.4249023479e-08,0.0,0.0,0.0,0.0,-1.2564839125e-08,0.23279044569,0.028246021044,0.045446014004,0.049010262195
goe389,ok,,54.090659461,1381452094.2,1991976.8796,8576286.8313,429636063.08,1713396.7633,108200065.72,0.0,0.0,0.0,-1.7442036632e-08,2.3082156044e-09,3.5251762741e-10,2.3987538722e-08,0.0,0.0,-1.4668471699e-08,0.0,0.0,0.0,0.0,-5.8315739753e-09,0.23086692255,0.027581151189,0.029219256483,0.047782622532
goe387,ok,,55.379124257,1414358928.9,4361883.2174,17340661.758,433172712.1,3841128.6291,114417038.45,0.0,0.0,0.0,-1.0737620524e-08,2.190397978e-09,6.1001293563e-10,1.496005457e-08,0.0,0.0,-5.4752751825e-09,0.0,0.0,0.0,0.0,-4.7130586869e-09,0.22829251537,0.037124290138,0.023882510929,0.065254010962
goe386,ok,,56.901854786,1453248809.3,7796908.841,26695205.502,438527654.78,7270754.358,122390986.9,0.0,0.0,0.0,-5.4757160541e-09,1.9407386261e-09,8.1763888673e-10,8.1639732587e-09,0.0,0.0,3.5503879781e-09,0.0,0.0,0.0,0.0,-2.2166595551e-09,0.22666218057,0.036169511618,-0.027682051416,0.063653755279
goe388,ok,,54.297116512,1386724918.1,1950963.6715,9800392.5626,427915252.56,1855721.9742,108643257.36,0.0,0.0,0.0,-2.1287748409e-08,2.3191416807e-09,-5.1871676547e-10,3.3008995451e-08,0.0,0.0,-2.4417315819e-08,0.0,0.0,0.0,0.0,-6.2708776199e-09,0.22501066761,0.036890775422,0.047637296117,0.064399350955
goe390,ok,,56.983992641,1455346574.6,7721364.164,27532501.21,436783601.11,7500564.6388,122281851.84,0.0,0.0,0.0,-6.8457683967e-09,1.9743604751e-09,8.7599189146e-10,1.0671156285e-08,0.0,0.0,2.7182723301e-09,0.0,0.0,0.0,0.0,-2.4033793786e-09,0.22625445122,0.047284882641,-0.020988770557,0.082395883724
goe391,ok,,52.500113923,1340830247.7,492383.43321,2595121.4548,421283983.67,437220.58065,99918704.812,0.0,0.0,0.0,-5.6768231689e-08,2.7056877077e-09,-9.1808374154e-09,7.5944929236e-08,0.0,0.0,-3.1694088004e-07,0.0,0.0,0.0,0.0,-1.7240711665e-08,0.22757631033,0.023106089132,0.15605643864,0.037394024992
goe392,ok,,53.423551672,1364414449.2,1768281.4744,8505497.293,423532624.85,1616097.6228,104048101.19,0.0,0.0,0.0,-2.1313781441e-08,2.2962462325e-09,-1.8890899997e-09,3.1750291005e-08,0.0,0.0,-3.9668757009e-08,0.0,0.0,0.0,0.0,-2.1794037529e-09,0.23110616987,0.033631589526,0.07014552813,0.05614345139
goe393,ok,,51.118925791,1305555299.0,546835.73128,4691637.9986,414119596.18,582176.32873,93381300.677,0.0,0.0,0.0,-5.1897061625e-08,3.1857169457e-09,5.2194896585e-09,8.9287928162e-08,0.0,0.0,3.9270265766e-08,0.0,0.0,0.0,0.0,-3.1421826929e-08,0.20873415841,0.026403751774,-0.021474384498,0.048825829491
goe394,ok,,51.387960324,1312426324.8,547820.93189,7159925.5531,413563236.66,780975.27912,94303415.377,0.0,0.0,0.0,-5.3760395371e-08,2.5869135048e-09,-4.3635837166e-09,1.2868545252e-07,0.0,0.0,-7.3376098807e-08,0.0,0.0,0.0,0.0,-8.7831073042e-09,0.20916754639,0.040552702151,0.040196962827,0.070496584518
goe398,ok,,55.165829918,1408911483.5,3829130.5749,14752317.767,433697128.69,3274438.6963,113657826.76,0.0,0.0,0.0,-1.1658993372e-08,2.2316874124e-09,7.4395449567e-10,1.5241372344e-08,0.0,0.0,-6.7443619391e-09,0.0,0.0,0.0,0.0,-5.4147017424e-09,0.23007180947,0.034108504805,0.02582504251,0.058361204847
goe395,ok,,51.472654188,1314589369.5,550339.06087,9152743.1378,412360328.18,926411.37826,94368737.471,0.0,0.0,0.0,-5.2127282303e-08,2.2059536651e-09,-1.0865544219e-08,1.4985312308e-07,0.0,0.0,-1.3177082793e-07,0.0,0.0,0.0,0.0,2.2588715467e-11,0.20827600326,0.04829566594,0.072518633694,0.082470027026
goe396,ok,,51.967100139,1327217305.7,403302.51556,5452376.0105,416222725.05,604800.0827,96827340.006,0.0,0.0,0.0,-6.7835825087e-08,2.9946384498e-09,-1.6101887619e-08,1.6535132573e-07,0.0,0.0,-2.6551051177e-07,0.0,0.0,0.0,0.0,-1.7396867944e-08,0.2208207084,0.038708032033,0.10708105731,0.066686605618
goe397,ok,,51.226563231,1308304312.7,439223.5888,3499689.3258,413838913.87,466024.7901,93607970.044,0.0,0.0,0.0,-6.1738472773e-08,2.8374688734e-09,-7.5518966869e-09,1.0506625285e-07,0.0,0.0,-2.1068957182e-07,0.0,0.0,0.0,0.0,-1.8950290214e-08,0.21455088685,0.026879001492,0.092539829855,0.04614757664
goe400,ok,,51.005734741,1302664448.4,558721.33559,5601238.3529,412064767.24,660938.93726,92517604.452,0.0,0.0,0.0,-5.3125778497e-08,2.8708378092e-09,1.9604530341e-09,1.0339814608e-07,0.0,0.0,3.583839713e-09,0.0,0.0,0.0,0.0,-1.8072022617e-08,0.20685679721,0.032646785807,-0.002002367711,0.057770750278
goe403,ok,,51.620502674,1318365356.0,730029.8237,5010650.6813,414730112.62,730982.16777,95190652.689,0.0,0.0,0.0,-4.2670333124e-08,2.5588983076e-09,-2.0512806853e-09,6.9700546318e-08,0.0,0.0,-6.131098257e-08,0.0,0.0,0.0,0.0,-9.0702877838e-09,0.21664167505,0.029756189195,0.044758845796,0.05088347754
goe401,ok,,53.25994592,1360236028.9,934891.74619,5762830.0963,424783892.21,925762.0403,103711277.05,0.0,0.0,0.0,-3.9444263568e-08,2.9420556803e-09,1.856137498e-09,6.0911620309e-08,0.0,0.0,-2.0674708308e-08,0.0,0.0,0.0,0.0,-2.141094637e-08,0.22391749471,0.032090361037,0.019328614152,0.056945771073
goe402,ok,,52.246754223,1334359550.3,775919.89407,6039333.1724,417762340.32,855350.96123,98198767.59,0.0,0.0,0.0,-5.1957627985e-08,3.3847096836e-09,8.9428026179e-10,8.6616601543e-08,0.0,0.0,-3.6506043932e-08,0.0,0.0,0.0,0.0,-2.6543985223e-08,0.21635944576,0.039550268352,0.02832576574,0.067207544294
goe399,ok,,52.416701292,1338699925.1,834795.36858,4913411.032,419706658.43,796686.63778,99265038.104,0.0,0.0,0.0,-3.970000377e-08,2.6599705271e-09,-1.5959624932e-09,6.018490103e-08,0.0,0.0,-7.0322404188e-08,0.0,0.0,0.0,0.0,-1.3488764846e-08,0.22166199958,0.029249817626,0.058704817323,0.050242076638
goe404,ok,,55.162022263,1408814237.6,3448084.7704,14222368.585,433911319.84,3011470.1098,113700486.82,0.0,0.0,0.0,-1.2451319166e-08,2.2384373631e-09,1.3714902918e-09,1.7057519039e-08,0.0,0.0,1.5349485234e-09,0.0,0.0,0.0,0.0,-6.5957103309e-09,0.22628806845,0.033015449904,-0.0052926326267,0.058815771618
goe405,ok,,53.722864481,1372058769.1,1987558.4899,8657506.8281,423058761.18,2461656.2495,105157573.02,0.0,0.0,0.0,-1.9198859939e-08,2.3174156673e-09,4.2690424152e-09,3.9466399763e-08,0.0,0.0,3.9422764151e-08,0.0,0.0,0.0,0.0,-4.1867563851e-09,0.22285974143,0.044969013632,-0.078355049584,0.078441777916
goe409,ok,,54.109659275,1381937341.2,3424378.215,11591421.578,429496127.52,2644342.3654,108242658.19,0.0,0.0,0.0,-1.0954080559e-16,2.117071324e-09,1.6655948493e-16,-1.2091370459e-15,0.0,0.0,-2.0646532268e-08,0.0,0.0,0.0,0.0,-4.7778084805e-16,0.22915742769,1.4220070732e-13,0.070701535313,-4.1405425589e-09
goe410,ok,,53.966874352,1378290675.9,4510604.8406,17733612.78,425266809.78,3750733.8916,106641413.09,0.0,0.0,0.0,4.2772442969e-17,2.0294227135e-09,-6.9971910963e-16,1.2059257664e-16,0.0,0.0,5.9439559422e-09,0.0,0.0,0.0,0.0,1.9797687093e-16,0.21642050592,2.7684765816e-13,-0.026810836446,5.4394545992e-10
goe407,ok,,54.824674745,1400198527.7,1936325.0779,8120030.489,433932002.46,1702692.8175,112275547.27,0.0,0.0,0.0,-2.1608192818e-08,2.5391692202e-09,4.0604195325e-10,2.9424634441e-08,0.0,0.0,-3.4054675762e-08,0.0,0.0,0.0,0.0,-1.2125608985e-08,0.23487403551,0.031956699248,0.065940922698,0.056975657576
goe406,ok,,55.224391091,1410407110.6,2642367.9889,9790931.9483,434478554.69,2640433.1838,114106926.12,0.0,0.0,0.0,-1.6239986549e-08,2.4447639693e-09,2.7288515334e-09,2.5880716285e-08,0.0,0.0,4.6695075511e-09,0.0,0.0,0.0,0.0,-9.3062647105e-09,0.23325665486,0.037171874899,-0.012338557277,0.068386376241
goe408,ok,,54.489319112,1391633689.5,1092936.736,4242834.5239,433194979.22,1082488.9683,110696672.66,0.0,0.0,0.0,-2.9891896217e-08,2.644542629e-09,3.8178430075e-09,4.6143936441e-08,0.0,0.0,2.1174226915e-09,0.0,0.0,0.0,0.0,-1.5441198968e-08,0.23735086677,0.028398360179,-0.0023142090451,0.050432403278
goe411,ok,,53.193887852,1358548934.3,2827355.0867,8530934.5724,423154628.89,2820215.8754,103074410.77,0.0,0.0,0.0,-1.1555076635e-16,2.1856202243e-09,2.5678615954e-16,-7.3690793181e-16,0.0,0.0,3.0502185356e-08,0.0,0.0,0.0,0.0,-5.1157378965e-16,0.2252815168,8.5353003767e-13,-0.086240508921,-2.0835003894e-09
goe413,ok,,54.636007098,1395380037.4,4854810.465,20465512.626,427393909.48,4284260.7595,109883105.51,0.0,0.0,0.0,-7.3078050476e-09,1.9740147891e-09,5.0182041841e-13,1.0977814612e-08,0.0,0.0,1.6681630227e-09,0.0,0.0,0.0,0.0,3.1431176373e-10,0.21799178651,0.031602148368,-0.0080986153002,0.053295209263
goe412,ok,,55.371188329,1414156248.7,3710812.3511,14377549.892,435222221.37,3205288.2906,114904172.39,0.0,0.0,0.0,-1.1416520982e-08,2.1527858176e-09,-5.0244696354e-10,1.6304520981e-08,0.0,0.0,-1.8038387691e-08,0.0,0.0,0.0,0.0,-2.8973021028e-09,0.23515979247,0.03441243854,0.066937071838,0.060503017836
goe414,ok,,55.165667207,1408907327.9,3722650.9977,14736387.818,433081224.03,3250688.4508,113493810.84,0.0,0.0,0.0,-1.1630593043e-08,2.191958907e-09,-4.1024736212e-10,1.6656756619e-08,0.0,0.0,-1.6920864536e-08,0.0,0.0,0.0,0.0,-3.2065616258e-09,0.2349868733,0.035361996918,0.062990473246,0.062007291644
goe416a,ok,,53.210311165,1358968378.7,2224770.5905,8971386.1364,424618656.83,1804623.9246,103480090.64,0.0,0.0,0.0,-4.8986829647e-09,2.1811391394e-09,-2.2447086346e-10,5.59459646e-09,0.0,0.0,-5.800420297e-09,0.0,0.0,0.0,0.0,1.1522480732e-09,0.22675755113,0.0093118353103,0.01290460449,0.01244669367
goe415,ok,,52.314738892,1336095849.4,1126912.0878,5815996.5597,419974815.69,977701.24078,98990524.198,0.0,0.0,0.0,-3.0455841992e-08,2.7197088187e-09,2.985025577e-09,3.9009796821e-08,0.0,0.0,8.2153608105e-09,0.0,0.0,0.0,0.0,-1.6647787519e-08,0.22008211784,0.026201546778,-0.0092579894032,0.043960611582
goe417,ok,,52.483122432,1340396292.3,606488.6297,6020444.6782,418674259.34,769803.28548,99297913.37,0.0,0.0,0.0,-6.1070093565e-08,3.1911530492e-09,-4.0103994143e-09,1.1988600459e-07,0.0,0.0,-8.806277385e-08,0.0,0.0,0.0,0.0,-2.1171113067e-08,0.21795922734,0.04347138788,0.05340907104,0.072709498646
goe417a,ok,,53.311192121,1361544834.7,149578.74401,4067515.0952,423835141.85,493002.02592,103661789.65,0.0,0.0,0.0,-8.7716158909e-08,3.4625576084e-09,-3.7371023568e-08,4.715537452e-07,0.0,0.0,-5.7416547495e-07,0.0,0.0,0.0,0.0,-2.9988327752e-08,0.22442512386,0.039935046747,0.085882950598,0.070534416941
goe418,ok,,54.557532813,1393375838.0,3056034.167,13689524.992,429630283.74,2727172.9343,110118910.83,0.0,0.0,0.0,-1.3275438711e-08,2.1687868169e-09,1.1072248752e-09,1.9481590676e-08,0.0,0.0,5.6381055487e-09,0.0,0.0,0.0,0.0,-4.3445380467e-09,0.22146929377,0.033585216272,-0.017230243194,0.059536406734
goe419,ok,,52.2301722,1333936052.6,521183.348,3637809.0311,418958820.84,532811.19438,98371244.206,0.0,0.0,0.0,-6.4021023283e-08,3.2352987459e-09,-7.677178234e-09,9.7649580688e-08,0.0,0.0,-2.2050798623e-07,0.0,0.0,0.0,0.0,-2.688262593e-08,0.22798862094,0.0308519192,0.11492509053,0.050893335394
goe420,ok,,55.527730415,1418154266.0,6758291.3966,25004052.3,431300843.82,5798267.0984,114565009.88,0.0,0.0,0.0,-4.9553896113e-09,1.9481745826e-09,-2.5181447349e-10,7.2290213727e-09,0.0,0.0,-3.7545002259e-09,0.0,0.0,0.0,0.0,2.5923254887e-10,0.22404544021,0.029069504324,0.025374006575,0.048855832949
goe421,ok,,56.748929982,1449343175.8,7035275.8683,26103092.462,435008968.62,6935089.8144,120784098.2,0.0,0.0,0.0,-8.2137485712e-09,1.954833779e-09,6.5569371169e-11,1.3430999727e-08,0.0,0.0,-1.9637684824e-09,0.0,0.0,0.0,0.0,-8.1880239469e-10,0.23047120492,0.055656264684,0.013815653015,0.094490788269
goe422,ok,,56.344597013,1439016686.3,6128846.0562,23083714.454,436924766.62,5419398.7932,119521987.34,0.0,0.0,0.0,-8.9281843666e-09,2.0583832981e-09,-2.7979959473e-11,1.2496087806e-08,0.0,0.0,-7.9931009274e-09,0.0,0.0,0.0,0.0,-2.6949453815e-09,0.23038189169,0.045030731671,0.048988485095,0.076586598468
goe423,ok,,55.837699948,1426070754.1,5532207.2787,18691679.221,435157125.02,5102888.6776,116873601.04,0.0,0.0,0.0,-6.8618990343e-09,2.0563757596e-09,3.5312329262e-10,1.0600930425e-08,0.0,0.0,-2.887589088e-09,0.0,0.0,0.0,0.0,-1.9700782797e-09,0.23224831345,0.032684148058,0.015974741371,0.058646544461
goe424,ok,,56.164190366,1434409178.4,7459628.8674,24221085.969,434866279.59,6817027.181,118196971.23,0.0,0.0,0.0,-5.5138828456e-09,2.0682764442e-09,8.0553749746e-10,7.4124989189e-09,0.0,0.0,-8.0587022573e-10,0.0,0.0,0.0,0.0,-3.0672448464e-09,0.23072330974,0.032779198083,0.0060114927993,0.055294490915
goe425,ok,,55.180504679,1409286270.6,4648651.9037,18065202.792,431708472.32,4052252.4193,113184897.12,0.0,0.0,0.0,-8.2963097272e-09,2.1503696505e-09,5.0628432788e-10,1.1452373588e-08,0.0,0.0,-4.8081280681e-09,0.0,0.0,0.0,0.0,-3.7008873896e-09,0.2292502096,0.030187735112,0.022351313697,0.053238098282
goe426,ok,,53.593691375,1368759743.8,3251979.6545,13964303.069,422721636.26,2835287.0998,104532501.5,0.0,0.0,0.0,-1.1664392066e-08,2.1846644343e-09,-1.03178671e-11,1.6302140868e-08,0.0,0.0,-7.927704809e-09,0.0,0.0,0.0,0.0,-2.3814876957e-09,0.22012472198,0.031587054252,0.025780734746,0.053014230427
goe429,ok,,52.609793719,1343631422.3,2254296.9147,9572343.0773,422077754.88,1809739.9248,100622857.75,0.0,0.0,0.0,-4.6828157909e-10,2.1530725585e-09,1.049104414e-10,3.1300350375e-10,0.0,0.0,1.0975685707e-08,0.0,0.0,0.0,0.0,-4.1367261565e-10,0.21661291435,0.00068530320148,-0.024742454427,0.00070560283279
goe428,ok,,52.669499815,1345156290.2,1077803.7575,6650945.6249,419882775.85,1074979.8187,100274600.76,0.0,0.0,0.0,-3.6817324902e-08,2.6845239654e-09,-5.1349920937e-10,5.7671420122e-08,0.0,0.0,-3.6102971239e-08,0.0,0.0,0.0,0.0,-1.2001211711e-08,0.22151558868,0.036726275176,0.038911918059,0.062158473309
goe427,ok,,52.13017193,1331382088.9,372426.84754,4583893.7625,417442431.29,529138.3899,97667140.289,0.0,0.0,0.0,-8.0835661384e-08,3.3401936948e-09,-1.6161202372e-08,1.7675540835e-07,0.0,0.0,-2.8404798512e-07,0.0,0.0,0.0,0.0,-2.5088196157e-08,0.22136237955,0.039841698619,0.10578709565,0.065828459516
goe430,ok,,54.052869003,1380486942.2,3151095.105,14456368.938,426665165.45,2817078.2163,107349819.47,0.0,0.0,0.0,-1.0788008557e-08,1.9265816185e-09,-9.0595166822e-10,1.6891508854e-08,0.0,0.0,-4.0138307046e-10,0.0,0.0,0.0,0.0,4.7591494261e-09,0.2223064081,0.033377265075,0.0012647962285,0.053226750867
goe431,ok,,53.855011344,1375433743.0,2187740.296,13581717.287,422727207.3,2308287.7858,105591625.85,0.0,0.0,0.0,-2.0605134265e-08,1.835048641e-09,-1.4682984164e-09,3.7150068221e-08,0.0,0.0,-7.3807572564e-09,0.0,0.0,0.0,0.0,5.609323773e-09,0.22190375571,0.05044442231,0.016147180064,0.081274701246
goe432,ok,,53.060291098,1355136930.9,1006164.1615,5396687.3356,423656120.88,922415.40258,102658618.49,0.0,0.0,0.0,-3.671411032e-08,2.644226058e-09,1.7325205083e-09,5.1592653334e-08,0.0,0.0,-8.0428799662e-09,0.0,0.0,0.0,0.0,-1.3610780424e-08,0.22409014623,0.03105719584,0.0080924575774,0.051910678783
goe433,ok,,54.911245649,1402409511.2,5310755.6321,22500769.817,428130319.57,4737618.6648,111195093.61,0.0,0.0,0.0,-6.6716443096e-09,1.9168044186e-09,-1.8110935077e-10,1.0065825928e-08,0.0,0.0,2.9140752886e-09,0.0,0.0,0.0,0.0,1.6676730248e-09,0.21898658912,0.033340049536,-0.015475941751,0.05345714174
goe434,ok,,56.876669531,1452605588.7,9248581.8607,35478100.442,434080586.07,8416306.8667,121039064.05,0.0,0.0,0.0,-4.0524565933e-09,1.777951446e-09,-6.5475169592e-11,6.0413080856e-09,0.0,0.0,1.9154876228e-09,0.0,0.0,0.0,0.0,8.0552956061e-10,0.21851637154,0.035589926492,-0.017715544082,0.055873532375
goe436,ok,,54.023297577,1379731700.7,2387247.7389,9657728.3406,428532409.22,1994462.0361,107660147.18,0.0,0.0,0.0,-1.442284242e-08,2.2751245401e-09,5.7732154957e-10,1.8839050339e-08,0.0,0.0,-1.1165020218e-08,0.0,0.0,0.0,0.0,-5.7886682927e-09,0.22697986376,0.026148817518,0.026653669271,0.044973480325
goe435,ok,,57.618396828,1471548983.7,11926976.454,44381113.753,433922683.16,10990675.774,124220619.21,0.0,0.0,0.0,-2.8256605726e-09,1.7366737503e-09,-8.0748429273e-11,4.2425275614e-09,0.0,0.0,1.1288019596e-09,0.0,0.0,0.0,0.0,6.1695770951e-10,0.21809989667,0.032536448382,-0.013463194393,0.05060052633
goe437,ok,,52.347953585,1336944138.3,844422.26592,5491440.5092,418494015.89,850258.96366,98724636.127,0.0,0.0,0.0,-4.2614399725e-08,2.6994203461e-09,-1.2757140082e-09,6.7669196048e-08,0.0,0.0,-5.2443281383e-08,0.0,0.0,0.0,0.0,-1.2629864063e-08,0.22128978796,0.033860859806,0.044284274498,0.05714137586
goe438,ok,,54.022085577,1379700746.8,2392883.7274,9688469.1556,428530625.49,2000101.1676,107654388.77,0.0,0.0,0.0,-1.4434669756e-08,2.2776581428e-09,6.2634795249e-10,1.8843276282e-08,0.0,0.0,-1.0634530821e-08,0.0,0.0,0.0,0.0,-5.9197376115e-09,0.22676591658,0.026189616075,0.025447195749,0.045089769186
goe439,ok,,52.497060149,1340752255.6,1071940.8947,6652208.2094,418639594.33,1069189.5134,99323178.28,0.0,0.0,0.0,-3.6701868299e-08,2.6622152424e-09,-7.2440579137e-10,5.7731108478e-08,0.0,0.0,-3.7877356807e-08,0.0,0.0,0.0,0.0,-1.1363157527e-08,0.22009156249,0.036572737097,0.040602287744,0.061884336073
goe441,ok,,55.439673812,1415905338.4,4300245.8111,21859355.433,429075585.03,4329249.9386,113635470.9,0.0,0.0,0.0,-1.2851689682e-08,1.9842407395e-09,1.6386288471e-10,2.1346485264e-08,0.0,0.0,1.0190384041e-09,0.0,0.0,0.0,0.0,-5.056028792e-10,0.22228234846,0.055151901819,-0.0043821156287,0.091795133841
goe440,ok,,54.228488464,1384972187.4,3732379.4493,22881931.977,417474396.15,4040902.7856,105835289.08,0.0,0.0,0.0,-1.8516575324e-08,2.4099884389e-09,-8.0177556899e-11,3.0784684641e-08,0.0,0.0,-6.7908139058e-09,0.0,0.0,0.0,0.0,-4.1511366571e-09,0.22211438991,0.071118670559,0.025345894266,0.11490012431
goe442,ok,,53.020925465,1354131549.7,1004673.5543,5411974.906,423472252.92,920117.06833,102464805.01,0.0,0.0,0.0,-3.6792853087e-08,2.6472085113e-09,1.6594562649e-09,5.1644381747e-08,0.0,0.0,-9.4971599387e-09,0.0,0.0,0.0,0.0,-1.3686412544e-08,0.22372664367,0.03104128785,0.0095415454314,0.05188574457
goe443,ok,,50.480960126,1289261931.3,389389.84001,1760686.4806,409889275.83,283503.80908,90002430.059,0.0,0.0,0.0,-1.1077244467e-15,2.4198308852e-09,1.3608985197e-14,-8.9178780568e-15,0.0,0.0,-3.262701283e-07,0.0,0.0,0.0,0.0,-5.0854074173e-15,0.21779066,4.8254860406e-14,0.12704627306,-3.4725311098e-09
goe445,ok,,51.886644894,1325162513.5,712788.67827,2815614.7889,417924542.58,528823.70922,96832588.175,0.0,0.0,0.0,-2.2900065035e-16,2.3305095779e-09,-3.0724123442e-16,1.8777971522e-15,0.0,0.0,-1.3187253309e-07,0.0,0.0,0.0,0.0,-1.0148965096e-15,0.2256692742,-1.6027771209e-14,0.09399724856,1.3384725502e-09
goe444,ok,,51.61090689,1318120283.9,554030.87575,2253547.6905,416465243.31,406067.14192,95485405.6,0.0,0.0,0.0,-5.3224175874e-16,2.3687525517e-09,2.4317623831e-16,1.5451413788e-15,0.0,0.0,-2.1164705867e-07,0.0,0.0,0.0,0.0,-2.3534484836e-15,0.22618129817,-2.6099741495e-14,0.11725900527,8.5605603127e-10
goe446,ok,,55.523559559,1418047744.1,3557484.8277,15149516.479,434697304.84,3257349.6147,115416039.52,0.0,0.0,0.0,-1.3816919802e-08,2.1446743183e-09,-1.0624477214e-09,2.1152285109e-08,0.0,0.0,-2.0618625573e-08,0.0,0.0,0.0,0.0,-2.613046811e-09,0.23393795071,0.043018557833,0.073350447643,0.075248933348
goe447,ok,,55.926947039,1428350086.2,3478620.3312,16972606.809,434504544.02,3501656.7825,117071316.47,0.0,0.0,0.0,-1.6059264566e-08,2.2285969193e-09,-1.4047186283e-09,2.7138129987e-08,0.0,0.0,-2.2743269806e-08,0.0,0.0,0.0,0.0,-4.0352408127e-09,0.23428549302,0.05293446898,0.079115200743,0.094403250722
goe448,ok,,56.31727715,1438318948.8,3581679.9823,21644065.984,431342151.8,4156372.986,117907265.43,0.0,0.0,0.0,-1.7871170646e-08,2.2687352622e-09,-2.361368829e-09,3.4625226436e-08,0.0,0.0,-2.467543581e-08,0.0,0.0,0.0,0.0,-4.0844035888e-09,0.23164897148,0.070367734508,0.088379514495,0.12401648041
goe449,ok,,55.797289174,1425038680.3,6288318.5851,22400228.357,434392485.01,5333580.8202,116511625.4,0.0,0.0,0.0,-7.4471789654e-09,2.0592174651e-09,-2.6380733583e-10,9.9728468428e-09,0.0,0.0,-1.1348777558e-08,0.0,0.0,0.0,0.0,-2.0522841435e-09,0.23039496687,0.037202894144,0.071364728839,0.062712438148
goe456,ok,,52.519499243,1341325340.4,954540.909,6221229.8823,418798984.01,977720.76304,99443626.172,0.0,0.0,0.0,-3.7746751388e-08,2.3943111752e-09,-4.022278884e-09,6.355773381e-08,0.0,0.0,-7.4668876005e-08,0.0,0.0,0.0,0.0,-3.8941855915e-09,0.22380366376,0.036054194514,0.071274496776,0.060668457005
goe450,ok,,54.020490719,1379660014.8,1553955.0393,7734650.8751,428719605.97,1453714.8676,107691474.41,0.0,0.0,0.0,-2.6142182296e-08,2.3722062822e-09,-2.1245209489e-09,3.9651019185e-08,0.0,0.0,-5.088681401e-08,0.0,0.0,0.0,0.0,-6.0042003263e-09,0.23087369627,0.035990901895,0.079075821065,0.061615901075
goe457,ok,,53.050768493,1354893727.7,1059727.5308,5565166.7822,423851945.23,954054.62869,102680776.58,0.0,0.0,0.0,-3.4337854248e-08,2.529100658e-09,1.0416063624e-09,4.7595573667e-08,0.0,0.0,-1.2192257701e-08,0.0,0.0,0.0,0.0,-1.0646247246e-08,0.22385068449,0.030489690025,0.012920471148,0.05043833976
goe458,ok,,52.511052552,1341109615.5,954624.39981,6220934.8122,418739122.59,977307.10453,99397340.806,0.0,0.0,0.0,-3.7780068083e-08,2.3979049713e-09,-4.0091205406e-09,6.3549999771e-08,0.0,0.0,-7.4576301582e-08,0.0,0.0,0.0,0.0,-3.9410168712e-09,0.22387819174,0.036060983607,0.071192357138,0.06066638039
goe459,ok,,54.640084915,1395484183.1,3385452.0909,11380268.864,433268173.59,2641420.7216,111349313.35,0.0,0.0,0.0,-2.1224100596e-17,2.0973370022e-09,-7.1086723801e-16,-3.2136201709e-16,0.0,0.0,-1.4343575869e-08,0.0,0.0,0.0,0.0,-9.0922553678e-17,0.23353703507,-2.5576904872e-14,0.048559488916,-1.0879557127e-09
goe460,ok,,56.060844328,1431769765.2,7827640.9911,23586021.031,435598549.58,7268417.2184,117965811.64,0.0,0.0,0.0,-5.8709825605e-18,1.9349336387e-09,3.0278072753e-16,1.3932055519e-16,0.0,0.0,4.6677945026e-09,0.0,0.0,0.0,0.0,-2.5716293375e-17,0.22825601716,7.8779355169e-15,-0.036537819586,1.0905512887e-09
goe464,ok,,52.189365322,1332893862.5,434450.60501,17523867.013,412875579.67,1306133.2295,97627570.527,0.0,0.0,0.0,-5.6134557943e-08,3.3676688181e-09,-3.8366712678e-09,2.7255439138e-07,0.0,0.0,-4.1847166907e-08,0.0,0.0,0.0,0.0,-1.8032588276e-08,0.1995155169,0.068658656259,0.018180526981,0.11841142023
goe474,ok,,52.807133499,1348671395.1,1013943.2345,4495611.964,422901172.97,831401.72817,101488425.86,0.0,0.0,0.0,-2.5274037387e-08,2.3284187079e-09,-1.4249871691e-09,3.4014050096e-08,0.0,0.0,-6.5690807156e-08,0.0,0.0,0.0,0.0,-5.0839920834e-09,0.22546135432,0.020060250701,0.066606749481,0.034488315971
goe476,ok,,55.513511854,1417791130.1,4357456.2757,17045143.635,434477085.5,3803096.8673,115317588.68,0.0,0.0,0.0,-9.5094476229e-09,2.0955856711e-09,1.7220864877e-10,1.4017061232e-08,0.0,0.0,-6.9450360776e-09,0.0,0.0,0.0,0.0,-2.9933720052e-09,0.2291416347,0.033561281328,0.030262691041,0.061078731431
goe477,ok,,53.297409516,1361192833.0,1548741.3795,6448026.5076,422632317.4,1838136.2831,103362685.11,0.0,0.0,0.0,-1.9995394986e-08,2.3723610065e-09,5.4198523235e-09,3.9180264202e-08,0.0,0.0,6.4114401667e-08,0.0,0.0,0.0,0.0,-5.3876990843e-09,0.22472114446,0.034532222899,-0.099296626885,0.06068009643
goe478,ok,,54.990917654,1404444299.8,3717629.7131,14218520.274,433027312.41,3137268.0239,112756930.15,0.0,0.0,0.0,-9.8628538708e-09,2.095707295e-09,-1.3639044712e-11,1.3705083056e-08,0.0,0.0,-9.112199857e-09,0.0,0.0,0.0,0.0,-2.3141780781e-09,0.22821860594,0.029287092067,0.03387578494,0.050950423989
goe479,ok,,54.197034678,1384168871.3,2657890.468,10673833.335,429248648.96,2234596.6187,108538755.23,0.0,0.0,0.0,-1.3403964295e-08,2.2199573012e-09,2.7756855907e-10,1.7870305959e-08,0.0,0.0,-1.094023929e-08,0.0,0.0,0.0,0.0,-4.1755981426e-09,0.22735510328,0.027833527856,0.029077957726,0.04749731587
goe480,ok,,53.736186506,1372399007.9,1996737.5553,8564066.2192,424063408.66,2414185.2243,105444579.35,0.0,0.0,0.0,-1.6215217596e-08,2.2404471135e-09,5.1067187891e-09,3.3197382907e-08,0.0,0.0,6.2204001123e-08,0.0,0.0,0.0,0.0,-3.539218308e-09,0.22161619986,0.037255760929,-0.12420506513,0.066286461186
goe481a,ok,,56.01809947,1430678080.0,4729000.1925,16086752.984,437491804.98,4531522.426,118298734.98,0.0,0.0,0.0,-8.4622954178e-09,1.9311798182e-09,5.0610516065e-10,1.3663124774e-08,0.0,0.0,7.6663868763e-09,0.0,0.0,0.0,0.0,-2.3493343373e-11,0.22834955134,0.038322771679,-0.036254345014,0.064612919684
goe481,ok,,56.756720865,1449542151.6,1700859.8119,14675687.436,433563839.94,2724405.1891,120416798.07,0.0,0.0,0.0,-2.1020927647e-08,1.8850811265e-09,3.2650992942e-09,6.2266056112e-08,0.0,0.0,3.0394804043e-08,0.0,0.0,0.0,0.0,-3.7923512163e-10,0.22437989935,0.057037759559,-0.051697300687,0.10590583249
goe482,ok,,54.518728789,1392384800.0,4581569.6751,24381818.546,420148445.8,4672474.3062,107618414.63,0.0,0.0,0.0,-1.3542609292e-08,2.034178246e-09,2.2327653927e-11,2.2247196005e-08,0.0,0.0,-1.127863027e-09,0.0,0.0,0.0,0.0,-9.1267697041e-10,0.21269570688,0.062371647457,0.0051673830423,0.10192707857
goe483,ok,,50.680349729,1294354255.7,442968.76914,5887782.8502,408029636.1,623210.50415,90375711.073,0.0,0.0,0.0,-6.8045268838e-08,3.0670839933e-09,-6.5223130825e-09,1.530551502e-07,0.0,0.0,-1.1943626686e-07,0.0,0.0,0.0,0.0,-1.8333691243e-08,0.20688921643,0.040047927214,0.052906536122,0.067798651497
goe484,ok,,52.287898456,1335410356.2,685894.56504,5207503.5765,418454967.0,748348.14575,98512577.2,0.0,0.0,0.0,-4.528140973e-08,1.9480784664e-09,-7.9407711418e-09,8.4268211545e-08,0.0,0.0,-1.1721546084e-07,0.0,0.0,0.0,0.0,8.0685438535e-09,0.21883777605,0.035208912505,0.080397447526,0.057799108304
goe488,ok,,52.926921749,1351730735.3,975818.55098,4370605.0682,423539716.2,805995.54902,102098958.23,0.0,0.0,0.0,-2.8306367385e-08,2.4127001215e-09,-1.167213513e-09,3.7332160106e-08,0.0,0.0,-7.1389235491e-08,0.0,0.0,0.0,0.0,-8.8680717115e-09,0.22566448136,0.021202932637,0.069662940332,0.03642941438
goe491,ok,,52.560583733,1342374620.5,443258.87887,2429027.0845,422549648.62,385357.20308,100438305.58,0.0,0.0,0.0,-5.8290797888e-08,3.2234634247e-09,1.2835268977e-09,7.4369032571e-08,0.0,0.0,-1.4793147403e-07,0.0,0.0,0.0,0.0,-4.3001507563e-08,0.22665322497,0.018712081175,0.065571939326,0.032964734
goe490,ok,,53.906696771,1376753766.5,1564917.4322,6815706.1504,428740028.45,1335149.707,107229466.69,0.0,0.0,0.0,-2.1410940883e-08,2.4038154707e-09,5.5191350683e-10,2.9178624076e-08,0.0,0.0,-2.1809063027e-08,0.0,0.0,0.0,0.0,-8.7742433365e-09,0.23082791099,0.025886276913,0.034129382912,0.045662137466
goe492,ok,,51.637528676,1318800192.8,692697.05636,3908205.0093,415355299.76,626842.95931,95360052.558,0.0,0.0,0.0,-3.5616597643e-08,2.0868130161e-09,-7.187521626e-09,5.6416791582e-08,0.0,0.0,-1.4374191352e-07,0.0,0.0,0.0,0.0,9.8429692597e-09,0.21994675101,0.02368399166,0.09956960037,0.039079745458
goe494,ok,,49.243864126,1257667033.4,346474.77412,4664227.8805,402269198.82,461521.4672,84557908.489,0.0,0.0,0.0,-7.1596630917e-08,1.2104267038e-09,-2.0115603624e-08,1.6410628332e-07,0.0,0.0,-2.9923744955e-07,0.0,0.0,0.0,0.0,3.4337337306e-08,0.19826654111,0.036194537086,0.10367822774,0.056858687445
goe493,ok,,54.773963385,1398903381.4,4518000.9508,16261792.597,430831560.83,3725528.1974,111294237.92,0.0,0.0,0.0,-5.9591010649e-09,2.0479822884e-09,-7.8653402451e-10,8.4070752326e-09,0.0,0.0,-1.3389976281e-08,0.0,0.0,0.0,0.0,1.2589427912e-09,0.23103406256,0.023284931196,0.060495925568,0.037983173894
goe495,ok,,51.215440961,1308020254.8,773434.07715,5794377.1822,412341682.52,802378.0332,93250322.026,0.0,0.0,0.0,-4.1911137816e-08,1.871804878e-09,-5.534130069e-09,7.2957695145e-08,0.0,0.0,-7.1242636778e-08,0.0,0.0,0.0,0.0,1.1627132027e-08,0.21099232175,0.035600124364,0.05510148303,0.056427967615
goe496,ok,,52.691711964,1345723578.9,1704855.8189,9177431.9707,419377039.61,1585149.5061,100255145.43,0.0,0.0,0.0,-2.0833588796e-08,1.9846066361e-09,-1.3693138298e-09,3.2871565652e-08,0.0,0.0,-7.9414324528e-09,0.0,0.0,0.0,0.0,5.495949017e-09,0.21714800704,0.034918817931,0.013538997328,0.056041279978
goe497,ok,,53.675010929,1370836610.1,2885151.0684,13534725.373,423567223.94,2599982.6806,105072557.36,0.0,0.0,0.0,-1.3397912598e-08,1.9824685535e-09,-7.4406970895e-10,2.0484786742e-08,0.0,0.0,-2.7460799373e-09,0.0,0.0,0.0,0.0,3.1598238786e-09,0.21985400028,0.036643084598,0.007922855465,0.059101704353
goe498,ok,,55.087475918,1406910356.2,4651642.1757,19371037.378,430380932.49,4140061.3876,112489326.29,0.0,0.0,0.0,-9.3657317684e-09,1.9663256986e-09,-1.0642582058e-11,1.35101265e-08,0.0,0.0,8.3405191192e-10,0.0,0.0,0.0,0.0,3.421067316e-10,0.22268237317,0.039090180465,-0.0038797110502,0.062844274228
goe499,ok,,50.733434647,1295710021.6,727394.96326,6817091.4729,408234911.78,856752.20395,90650757.491,0.0,0.0,0.0,-4.3724503701e-08,1.3925419492e-09,-9.9317093989e-09,9.0233653478e-08,0.0,0.0,-1.0854321253e-07,0.0,0.0,0.0,0.0,2.3668393599e-08,0.2065574384,0.041666929955,0.078953786089,0.065635505056
goe500,ok,,52.658018957,1344863074.1,1725617.9681,10163911.395,417852247.31,1703777.6276,99774313.824,0.0,0.0,0.0,-2.3324951391e-08,1.9196571085e-09,-2.5390474846e-09,3.9363305497e-08,0.0,0.0,-2.2567425837e-08,0.0,0.0,0.0,0.0,6.2522438929e-09,0.21630102971,0.042049517637,0.038942755518,0.067926027249
goe502,ok,,55.318406149,1412808214.6,4663937.9479,20143309.065,430768284.81,4271073.3578,113547338.68,0.0,0.0,0.0,-9.2538362948e-09,1.902070051e-09,-4.4860112896e-10,1.4679621638e-08,0.0,0.0,-1.0777147862e-09,0.0,0.0,0.0,0.0,1.8006327776e-09,0.22404264085,0.04124937901,0.0050263948885,0.068464844419
goe501,ok,,53.843352667,1375135985.4,2916369.5136,14506033.696,423230795.57,2752054.3335,105659167.41,0.0,0.0,0.0,-1.5504670527e-08,1.9586264572e-09,-9.6079063149e-10,2.4631174663e-08,0.0,0.0,-6.2516318254e-09,0.0,0.0,0.0,0.0,2.8033531288e-09,0.21957295492,0.044366408217,0.018232068465,0.071833606869
goe504,ok,,55.762891135,1424160169.3,6497828.993,23734031.271,432781825.63,5607578.8836,115942962.49,0.0,0.0,0.0,-7.2091280542e-09,2.1017024068e-09,1.1048202777e-10,9.6566440701e-09,0.0,0.0,-7.6962152321e-09,0.0,0.0,0.0,0.0,-2.6926965971e-09,0.23099831874,0.036946647153,0.050008690472,0.062747221814
goe503,ok,,55.779472276,1424583644.5,4680510.9618,16816777.892,433328527.36,4746707.3512,116167177.35,0.0,0.0,0.0,-1.0670818334e-08,2.2431270399e-09,1.7298959833e-09,1.740991386e-08,0.0,0.0,4.514361582e-09,0.0,0.0,0.0,0.0,-4.9620578972e-09,0.23123011501,0.045231165377,-0.02112951887,0.081487292664
goe505,ok,,55.528509644,1418174167.2,4020614.0883,14004823.826,434094699.01,3956355.0909,115317773.72,0.0,0.0,0.0,-1.0843662528e-08,2.1972824906e-09,1.4370511923e-09,1.749257886e-08,0.0,0.0,3.6754911724e-09,0.0,0.0,0.0,0.0,-4.272723112e-09,0.23217231534,0.038988184056,-0.014777731589,0.070330909006
goe506,ok,,55.545834513,1418616636.8,5083884.3439,16648790.048,433815615.0,4877385.9974,115315192.44,0.0,0.0,0.0,-7.4391106785e-09,2.0886684976e-09,9.6885788039e-10,1.1257018495e-08,0.0,0.0,5.8314462422e-09,0.0,0.0,0.0,0.0,-2.0772075746e-09,0.23213829612,0.033935179011,-0.029646398253,0.057229380083
goe507,ok,,52.981466467,1353123783.9,1499740.0223,6334027.183,423079683.43,1224313.6076,102208225.06,0.0,0.0,0.0,-1.6710362717e-08,2.2656927333e-09,-7.9888870016e-10,2.3114171637e-08,0.0,0.0,-3.6212490635e-08,0.0,0.0,0.0,0.0,-2.7831612249e-09,0.2257499824,0.019689721327,0.054309321513,0.034665248286
goe508,ok,,55.62931304,1420748642.4,5645867.8339,21482704.893,432947919.88,4921894.3548,115419547.82,0.0,0.0,0.0,-8.3842066869e-09,2.1009875532e-09,2.4664000249e-10,1.1651797957e-08,0.0,0.0,-6.8071583896e-09,0.0,0.0,0.0,0.0,-3.299741446e-09,0.22671178525,0.037594519231,0.038432316592,0.06578451129
goe509,ok,,54.944561702,1403260388.8,2739273.9821,10855761.888,433505269.6,2336180.214,112674844.85,0.0,0.0,0.0,-1.6931278461e-08,2.5093445239e-09,7.33853851e-10,2.1838867747e-08,0.0,0.0,-2.433087583e-08,0.0,0.0,0.0,0.0,-1.0928038384e-08,0.23384762025,0.033606802121,0.066648935122,0.059822642219
goe510,ok,,55.587790082,1419688164.0,3856304.346,13511067.239,434728603.34,3795373.9715,115724460.31,0.0,0.0,0.0,-1.0878987451e-08,2.1852034028e-09,1.5736119691e-09,1.7729175163e-08,0.0,0.0,5.4007119398e-09,0.0,0.0,0.0,0.0,-4.5227197018e-09,0.2311937688,0.037332666073,-0.020826788925,0.068369095232
goe511,ok,,56.420923378,1440966028.7,5779122.2445,19840314.442,436165894.54,5683859.5928,119688702.09,0.0,0.0,0.0,-1.0722702269e-08,2.2963442725e-09,1.9284970717e-09,1.6086210638e-08,0.0,0.0,1.3876760421e-09,0.0,0.0,0.0,0.0,-6.4089638088e-09,0.2277122584,0.052724872046,-0.0080195494827,0.092964177726
goe512,ok,,55.472850046,1416752645.1,3906101.117,13060427.184,435163514.94,3706564.8108,115349135.52,0.0,0.0,0.0,-1.1597164103e-08,2.3184029793e-09,2.3588483597e-09,1.6944043052e-08,0.0,0.0,5.905669443e-09,0.0,0.0,0.0,0.0,-7.1334195342e-09,0.23186243414,0.036881745836,-0.023068142008,0.06618514549
goe513,ok,,55.935910161,1428579000.5,5792836.2848,18314079.157,436269747.14,5347922.1621,117623255.81,0.0,0.0,0.0,-7.4579959999e-09,2.1461840938e-09,1.5458854181e-09,1.0611538336e-08,0.0,0.0,2.5435483665e-09,0.0,0.0,0.0,0.0,-4.8658646842e-09,0.22943433222,0.033938475277,-0.01473435927,0.061470904311
goe514,ok,,55.988958666,1429933836.4,5680633.6139,18737009.713,435071393.63,5421882.9169,117535519.14,0.0,0.0,0.0,-8.8522354026e-09,2.1760839949e-09,1.4169305434e-09,1.3222362448e-08,0.0,0.0,1.6487501042e-09,0.0,0.0,0.0,0.0,-4.5381549074e-09,0.23000403603,0.042363361356,-0.0093659452629,0.075111396578
goe515,ok,,53.35977047,1362785504.8,1471173.9981,6066686.8961,425868554.38,1200011.7499,104351379.9,0.0,0.0,0.0,-1.5920258515e-08,2.2309204499e-09,-8.4814610362e-10,2.2620403861e-08,0.0,0.0,-3.7346944488e-08,0.0,0.0,0.0,0.0,-2.4179323589e-09,0.22797730146,0.01844316745,0.05494385364,0.033278549987
goe517,ok,,52.468864453,1340032149.7,929097.07241,4874084.7916,419034437.55,900915.05327,99269402.082,0.0,0.0,0.0,-3.9599680324e-08,2.9694807765e-09,-2.2457754793e-09,5.8346608197e-08,0.0,0.0,-9.9741734019e-08,0.0,0.0,0.0,0.0,-1.8844193958e-08,0.22795553811,0.031815199283,0.092669753075,0.054209662861
goe523,ok,,54.807284505,1399754388.4,4554035.193,24726088.279,421698123.49,4727551.3509,109192834.59,0.0,0.0,0.0,-1.4776197194e-08,1.767419543e-09,-8.2841007829e-10,2.4242376808e-08,0.0,0.0,-2.9909572199e-09,0.0,0.0,0.0,0.0,2.743539573e-09,0.21388247957,0.072642110443,0.01362092444,0.11040063715
goe518,ok,,56.426957622,1441120140.7,6356398.9084,20963096.762,436487880.54,6192430.9537,119807829.33,0.0,0.0,0.0,-9.4683935846e-09,2.2268198058e-09,1.8431754681e-09,1.3691262847e-08,0.0,0.0,2.4693307062e-09,0.0,0.0,0.0,0.0,-5.547012175e-09,0.22749243292,0.050881514313,-0.015696051005,0.087027128213
goe522,ok,,56.738055505,1449065446.3,9186134.1533,33089770.111,435063315.41,8080561.7379,120731988.76,0.0,0.0,0.0,-4.6877419927e-09,1.8655560798e-09,-5.7636692464e-11,6.5899284656e-09,0.0,0.0,-1.8651348573e-09,0.0,0.0,0.0,0.0,-2.4906109621e-10,0.22409229229,0.037428753317,0.017133379013,0.060535966946
goe525,ok,,54.807284505,1399754388.4,4554035.193,24726088.279,421698123.49,4727551.3509,109192834.59,0.0,0.0,0.0,-1.4776197194e-08,1.767419543e-09,-8.2841007829e-10,2.4242376808e-08,0.0,0.0,-2.9909572199e-09,0.0,0.0,0.0,0.0,2.743539573e-09,0.21388247957,0.072642110443,0.01362092444,0.11040063715
goe526,ok,,54.695019655,1396887192.6,3220658.3866,12405192.578,431913463.19,2689743.4143,111245126.32,0.0,0.0,0.0,-1.1266318941e-08,2.1899684502e-09,2.7302843775e-10,1.5279268638e-08,0.0,0.0,-1.2378165691e-08,0.0,0.0,0.0,0.0,-4.4457014755e-09,0.22860063099,0.027573988476,0.039865843143,0.049209304681
goe528,ok,,54.513541537,1392252319.8,2895953.3639,13350704.529,428516214.02,2675315.5913,109651745.3,0.0,0.0,0.0,-1.7580130502e-08,2.3930532544e-09,7.1269281826e-10,2.5329465178e-08,0.0,0.0,-8.2206935412e-09,0.0,0.0,0.0,0.0,-7.1138175034e-09,0.22561773927,0.042754385761,0.023806745114,0.073352949887
goe527,ok,,55.52029021,1417964246.4,5344564.6298,20807709.651,432432512.57,4695061.448,114824268.43,0.0,0.0,0.0,-9.4941030032e-09,2.1617597035e-09,6.3526272585e-10,1.2799984175e-08,0.0,0.0,-3.994297607e-09,0.0,0.0,0.0,0.0,-4.3174765359e-09,0.22601778308,0.040010981056,0.021347781711,0.068410342682
goe529,ok,,53.462033416,1365397256.3,1750850.5442,9357100.4179,423273175.87,1684618.4039,104142974.66,0.0,0.0,0.0,-2.5399542917e-08,2.5686961542e-09,1.7909074399e-10,3.8811577781e-08,0.0,0.0,-2.0949044334e-08,0.0,0.0,0.0,0.0,-9.9798502209e-09,0.22296331452,0.039051247491,0.036678645673,0.06795327208
goe530,ok,,55.315063824,1412722853.1,3587909.0718,13959126.719,434872217.03,3074237.1929,114587742.85,0.0,0.0,0.0,-1.2715300561e-08,2.3450731289e-09,1.2252987419e-09,1.690388717e-08,0.0,0.0,-9.3669334452e-09,0.0,0.0,0.0,0.0,-8.6941410735e-09,0.2295762799,0.032977995627,0.033607705483,0.060649610126
goe531,ok,,58.0222426,1481863030.4,4230452.8126,36583936.491,425697082.62,6461368.6461,123607816.52,0.0,0.0,0.0,-1.389897122e-08,1.8267778212e-09,-4.7524476153e-09,3.9834828471e-08,0.0,0.0,-2.7880270524e-08,0.0,0.0,0.0,0.0,2.8201254873e-10,0.22893378313,0.090223853126,0.11794616886,0.16851936215
goe547,ok,,54.085289357,1381314944.0,2217863.0183,9037567.6844,428915068.56,1882308.8193,107995704.63,0.0,0.0,0.0,-1.4069018786e-08,2.0941988342e-09,-1.7682669364e-09,2.0673144369e-08,0.0,0.0,-3.015331561e-08,0.0,0.0,0.0,0.0,1.8622259766e-09,0.23148755717,0.027294009173,0.06687592357,0.045850202367
goe533,ok,,53.638617843,1369907146.4,3199694.536,14219580.476,423293736.5,2817248.7957,104862907.96,0.0,0.0,0.0,-1.2989503569e-08,2.2068725367e-09,7.0261410086e-10,1.7412797857e-08,0.0,0.0,1.4266753311e-09,0.0,0.0,0.0,0.0,-3.4584050774e-09,0.21812513186,0.034472792395,-0.0045649252617,0.055715634161
goe532,ok,,53.612404695,1369237673.9,2649165.0686,12307618.923,424415961.32,2349180.4292,105039511.93,0.0,0.0,0.0,-1.617068847e-08,2.2789047266e-09,1.4463834055e-09,2.1758269409e-08,0.0,0.0,8.1276315213e-09,0.0,0.0,0.0,0.0,-5.4563045325e-09,0.21756291246,0.035205094879,-0.021531437517,0.057641247273
goe535,ok,,55.015252167,1405065792.7,4161522.5985,19630127.96,429154500.12,3907606.1992,111885974.21,0.0,0.0,0.0,-1.0939935956e-08,1.9975680919e-09,9.4094006463e-10,1.6277364126e-08,0.0,0.0,1.0979149016e-08,0.0,0.0,0.0,0.0,-9.6419004211e-10,0.21888483464,0.041924891332,-0.045689976744,0.067738618655
goe534,ok,,54.212399432,1384561280.5,2863164.7067,15130632.686,426513554.3,2734754.2108,107962307.91,0.0,0.0,0.0,-1.469032404e-08,2.1900087732e-09,2.6314700209e-09,2.2215615219e-08,0.0,0.0,2.810168558e-08,0.0,0.0,0.0,0.0,-4.7990221503e-09,0.21558169811,0.037351701815,-0.080459754351,0.063606965432
goe54,ok,,48.805809317,1246479302.7,512255.86946,4144327.5673,406556248.72,453698.2851,85295953.306,0.0,0.0,0.0,-5.9645493806e-08,3.7852187376e-09,1.155792947e-08,7.3144276845e-08,0.0,0.0,1.5738919211e-07,0.0,0.0,0.0,0.0,-5.8014959496e-08,0.18872874585,0.022108884618,-0.080623537449,0.037468585131
goe546,ok,,53.502181321,1366422616.5,2018415.5765,8377983.6059,425742996.31,1683230.0258,104894128.97,0.0,0.0,0.0,-1.514333731e-08,2.1653322126e-09,-9.4145981402e-10,2.0525378013e-08,0.0,0.0,-2.3495023116e-08,0.0,0.0,0.0,0.0,-2.1962064149e-10,0.22654340029,0.025405976814,0.047422720626,0.041428742694
goe548,ok,,54.305102204,1386928869.2,2949981.0994,10249220.972,430669761.3,2335409.9218,109322535.98,0.0,0.0,0.0,-6.6571563529e-09,2.1367307642e-09,-1.0299778664e-09,8.9564840549e-09,0.0,0.0,-3.104091077e-08,0.0,0.0,0.0,0.0,9.4231623719e-10,0.23519328529,0.016064857114,0.091570100081,0.026421458679
goe549,ok,,54.361352729,1388365483.4,3471896.5279,14392332.423,427785447.48,3038740.3962,108841229.92,0.0,0.0,0.0,-1.1427067868e-08,2.2031326259e-09,3.3529615055e-10,1.590478761e-08,0.0,0.0,-7.0989063047e-09,0.0,0.0,0.0,0.0,-3.811119789e-09,0.22535486294,0.032118489319,0.024646668151,0.05521977688
goe55,ok,,51.168228519,1306814469.4,453322.50742,3202618.736,421678682.71,379117.71389,96516524.016,0.0,0.0,0.0,-4.1252557389e-08,2.6563299063e-09,7.773321063e-09,5.1041687497e-08,0.0,0.0,2.0410528164e-07,0.0,0.0,0.0,0.0,-2.9476582435e-08,0.21185334529,0.013273758496,-0.09252551805,0.023138345759
goe561,ok,,58.213196567,1486739912.3,11736134.656,39527502.329,434424754.02,11926862.786,127032953.33,0.0,0.0,0.0,-6.613801146e-09,2.0733941734e-09,1.1818212388e-09,9.9398272297e-09,0.0,0.0,-5.6930814615e-10,0.0,0.0,0.0,0.0,-4.1702166266e-09,0.22088003575,0.068082294436,0.0066814770642,0.11665515083
goe559,ok,,52.871684046,1350319988.2,2050159.5397,8780288.9561,419397244.38,1742615.7676,100892289.62,0.0,0.0,0.0,-1.4772346368e-08,2.5571129025e-09,-1.2187245203e-10,1.8862025354e-08,0.0,0.0,-4.1341971589e-08,0.0,0.0,0.0,0.0,-8.1699349476e-09,0.23672061564,0.02237693505,0.084757637444,0.038670161218
goe550,ok,,54.269987206,1386032047.3,3005962.404,13081220.32,428102486.0,2642429.9804,108554009.56,0.0,0.0,0.0,-1.0220634376e-08,2.0181710964e-09,-3.5890580525e-10,1.5993446302e-08,0.0,0.0,1.7967066521e-09,0.0,0.0,0.0,0.0,2.1816890976e-09,0.22546927255,0.028308096505,-0.0054008326473,0.048075698295
goe553,ok,,53.659742865,1370446670.3,3185402.9207,14199411.699,423549079.02,2804805.8474,105010223.66,0.0,0.0,0.0,-1.3097165925e-08,2.2113025654e-09,8.1096579265e-10,1.7475968413e-08,0.0,0.0,2.6177903329e-09,0.0,0.0,0.0,0.0,-3.6787602264e-09,0.21799296688,0.034489483882,-0.0083387169722,0.055668000825
goe562,ok,,55.38149835,1414419562.2,3470499.7931,12850628.686,433139066.79,3488170.964,114418887.08,0.0,0.0,0.0,-1.3708974877e-08,2.4356072714e-09,2.6270262469e-09,2.1393146668e-08,0.0,0.0,6.386556694e-09,0.0,0.0,0.0,0.0,-8.2969679887e-09,0.2330422586,0.041110263753,-0.022164543685,0.074244911086
goe563,ok,,53.143767698,1357268887.3,1573906.9787,6124175.2517,424738915.98,1239767.0297,103233410.85,0.0,0.0,0.0,-1.3055475351e-08,2.2048469208e-09,-7.4615638136e-10,1.6875947259e-08,0.0,0.0,-3.3896089638e-08,0.0,0.0,0.0,0.0,-9.1353700827e-10,0.22608713444,0.015929708381,0.053349292032,0.026561171163
goe564,ok,,53.40333277,1363898067.1,1397312.7868,5529114.3585,426583422.35,1113501.3595,104696440.62,0.0,0.0,0.0,-1.7613454053e-08,2.2249883007e-09,-1.075025125e-09,2.2671500967e-08,0.0,0.0,-4.4365948439e-08,0.0,0.0,0.0,0.0,-1.9457367025e-09,0.22895193302,0.019116652948,0.061993107054,0.031679178197
goe565,ok,,52.767250526,1347652801.2,1323053.2883,5691686.1643,422234723.69,1080140.2485,101182078.76,0.0,0.0,0.0,-1.8491025112e-08,2.1967759515e-09,-1.0145792015e-09,2.4812701161e-08,0.0,0.0,-2.760943906e-08,0.0,0.0,0.0,0.0,5.4921289001e-10,0.22338418238,0.020105425129,0.036528759138,0.032828525864
goe566,ok,,52.996726506,1353513518.7,1524057.528,6080718.4193,423717173.53,1210717.2305,102420182.79,0.0,0.0,0.0,-1.6589660222e-08,2.3269278951e-09,3.0324609668e-11,2.0155378725e-08,0.0,0.0,-3.8352921738e-08,0.0,0.0,0.0,0.0,-6.56357854e-09,0.22480688997,0.01830009812,0.058452059093,0.030717956674
goe571,ok,,58.032852483,1482134002.3,11298389.995,38548678.474,433504881.63,11615672.714,125970197.62,0.0,0.0,0.0,-6.490082624e-09,2.0468709978e-09,1.2157392315e-09,9.9721267842e-09,0.0,0.0,6.9622423526e-10,0.0,0.0,0.0,0.0,-3.8003887672e-09,0.22119963438,0.065763529083,-0.007866212934,0.11266897749
goe570,ok,,59.727668954,1525418883.3,21946122.504,66638055.425,431250748.83,21971405.045,132902698.0,0.0,0.0,0.0,-3.4170242952e-09,1.7518112827e-09,2.9685667436e-10,4.9541958012e-09,0.0,0.0,-1.8230103521e-09,0.0,0.0,0.0,0.0,-1.4114914646e-09,0.21846806548,0.068380496169,0.040008008515,0.10872538796
goe567,ok,,54.152628545,1383034757.8,3736558.7486,16647172.58,424779917.21,3377826.2099,107256415.41,0.0,0.0,0.0,-1.015056924e-08,1.9901454271e-09,-5.1476182521e-10,1.5703100601e-08,0.0,0.0,-1.4298444284e-09,0.0,0.0,0.0,0.0,2.1755578379e-09,0.22144454449,0.035916181426,0.0053426977081,0.05867555793
goe57,ok,,53.024638593,1354226381.3,734162.75176,5544035.3286,423795961.18,802346.92109,102606034.32,0.0,0.0,0.0,-4.8614477939e-08,2.7865278538e-09,-1.633082101e-09,8.4285015349e-08,0.0,0.0,-5.8194182319e-08,0.0,0.0,0.0,0.0,-1.5587194293e-08,0.22348614705,0.036216393649,0.042724001028,0.061878918801
goe584,ok,,53.713884493,1371829424.1,2390608.2782,9283715.5405,424032918.31,2755112.3666,105346382.35,0.0,0.0,0.0,-1.3088771393e-08,2.2653213962e-09,4.4947762694e-09,2.509999184e-08,0.0,0.0,5.3088393068e-08,0.0,0.0,0.0,0.0,-4.4562380644e-09,0.22167766866,0.033344564415,-0.12691355194,0.060004248274
goe574,ok,,54.600074806,1394462342.2,1802812.3037,6877763.3034,431736885.36,1821531.4408,110796870.57,0.0,0.0,0.0,-2.0351510091e-08,2.4765165625e-09,2.297525446e-09,3.2595916236e-08,0.0,0.0,1.1802023145e-09,0.0,0.0,0.0,0.0,-8.9828477327e-09,0.23741995055,0.033195160648,-0.0021276832533,0.058764318839
goe575,ok,,55.37787715,1414327078.3,4259593.4122,12502608.8,437873696.27,3532839.4477,115641123.75,0.0,0.0,0.0,-7.9214951656e-09,2.1128404348e-09,4.0162437219e-10,9.9677461677e-09,0.0,0.0,-1.156907837e-08,0.0,0.0,0.0,0.0,-3.2626386313e-09,0.23373900735,0.025294673322,0.049279570008,0.04245854591
goe572,ok,,56.384823222,1440044046.7,5895657.2407,22055299.742,432462442.69,6125282.1796,118508240.9,0.0,0.0,0.0,-1.0409222009e-08,2.3900061928e-09,2.3830553634e-09,1.6522784014e-08,0.0,0.0,4.6693996044e-09,0.0,0.0,0.0,0.0,-7.1646097423e-09,0.22852306117,0.053840207403,-0.027529179588,0.097412671208
goe573,ok,,55.385862078,1414531009.9,3377186.0734,12742262.356,432760913.16,3476477.239,114336646.55,0.0,0.0,0.0,-1.4071265238e-08,2.4828192981e-09,2.9234448335e-09,2.2670265591e-08,0.0,0.0,7.3541618756e-09,0.0,0.0,0.0,0.0,-9.0629018185e-09,0.23289593891,0.041623247293,-0.024836373068,0.076561705234
goe585,ok,,53.132073702,1356970227.6,1269290.9592,5736102.3498,424548456.23,1063961.0382,103151640.45,0.0,0.0,0.0,-2.3986133058e-08,2.380448587e-09,6.4854262048e-10,3.1697889034e-08,0.0,0.0,-1.688844509e-08,0.0,0.0,0.0,0.0,-7.8596656331e-09,0.22483955489,0.023641788288,0.021436350668,0.040233843975
goe591,ok,,54.095975967,1381587875.4,2475158.9599,10696843.008,427635270.29,2173011.6966,107733669.42,0.0,0.0,0.0,-1.7521547305e-08,2.3621490274e-09,1.1807114784e-10,2.4113658967e-08,0.0,0.0,-1.8265342146e-08,0.0,0.0,0.0,0.0,-6.5236170432e-09,0.22767149848,0.034854229568,0.045209625268,0.05968513905
goe587,ok,,52.277928796,1335155735.4,632591.85703,3108724.2955,419532382.95,541265.70023,98630811.806,0.0,0.0,0.0,-4.0200993657e-08,2.9437653779e-09,-2.223129908e-09,5.0469306396e-08,0.0,0.0,-2.1273810632e-07,0.0,0.0,0.0,0.0,-2.9444095085e-08,0.22708037801,0.01814505641,0.13457639374,0.031926472256
goe592,ok,,55.380797786,1414401670.1,4375463.7488,18926207.058,430900899.5,4052763.4899,113851524.37,0.0,0.0,0.0,-1.3557365597e-08,2.184274191e-09,-5.4640339986e-10,2.011473333e-08,0.0,0.0,-1.4374817016e-08,0.0,0.0,0.0,0.0,-3.6460204593e-09,0.22581877153,0.051619684176,0.062896490751,0.088011286501
goe590,ok,,52.121238757,1331153939.5,571953.93073,3726096.0905,418001238.57,570423.93061,97675169.313,0.0,0.0,0.0,-5.0465679464e-08,3.423139736e-09,-2.7084894489e-09,7.5753805445e-08,0.0,0.0,-1.8436762207e-07,0.0,0.0,0.0,0.0,-3.9126723334e-08,0.22417323643,0.02379547816,0.10544978614,0.043327686791
goe593,ok,,54.633356471,1395312341.5,2979373.0479,11231943.446,432064745.87,2466925.5521,111026769.54,0.0,0.0,0.0,-1.2733475008e-08,2.2310285678e-09,9.0717815831e-11,1.618892582e-08,0.0,0.0,-1.7340422084e-08,0.0,0.0,0.0,0.0,-4.545584122e-09,0.2318187092,0.028816714895,0.051663586195,0.048232849263
goe595,ok,,53.622829404,1369503916.4,1837542.2658,7096081.0665,427072361.33,1482233.5836,105688416.43,0.0,0.0,0.0,-1.5857631419e-08,2.2842602589e-09,-7.0500616191e-10,1.9777909559e-08,0.0,0.0,-4.1529163076e-08,0.0,0.0,0.0,0.0,-4.1606097291e-09,0.2310748501,0.022080528033,0.076311592416,0.036342744744
goe596,ok,,53.396080471,1363712846.6,1788044.4874,7887801.5855,424874568.42,1532886.8049,104263172.75,0.0,0.0,0.0,-1.9650014502e-08,2.3890015233e-09,3.7632421207e-10,2.6512615567e-08,0.0,0.0,-2.0999077656e-08,0.0,0.0,0.0,0.0,-7.8323180271e-09,0.22445074931,0.027430493041,0.037547285043,0.047405736112
goe599,ok,,54.287750529,1386485714.9,2004476.7444,7008495.9571,432712369.7,1559429.4355,109747300.36,0.0,0.0,0.0,-6.3646770898e-09,2.1436283045e-09,-9.7599454117e-10,8.6185271646e-09,0.0,0.0,-3.5754717011e-08,0.0,0.0,0.0,0.0,1.703203875e-09,0.23711098647,0.010555113342,0.07166949875,0.017275637272
goe598,ok,,52.074674565,1329964710.1,755020.65387,3091875.4746,420118338.99,572743.41922,98078669.609,0.0,0.0,0.0,-1.0754507704e-08,2.2797517298e-09,-1.4353352674e-09,1.4386311267e-08,0.0,0.0,-1.0053056138e-07,0.0,0.0,0.0,0.0,1.8465950881e-09,0.22471033528,0.0063972400221,0.075902650187,0.010861962139
goe600,ok,,54.970955335,1403934470.8,3466987.9216,12057276.918,435336124.11,2772519.129,113240226.32,0.0,0.0,0.0,-4.7743519538e-09,2.1036321691e-09,-1.2727735405e-10,6.3220611248e-09,0.0,0.0,-1.4845537896e-08,0.0,0.0,0.0,0.0,-8.8449379859e-10,0.2368884946,0.012656144177,0.051469300574,0.021918509559
goe610b,ok,,53.573884405,1368253882.3,1173753.2247,6658163.5559,425401502.63,1167957.4569,105084625.3,0.0,0.0,0.0,-3.3365060093e-08,2.7126145782e-09,-1.6817284861e-09,5.3040655885e-08,0.0,0.0,-6.2227099074e-08,0.0,0.0,0.0,0.0,-1.3841367389e-08,0.22829778321,0.035287607829,0.073039258205,0.062256640887
goe602m,ok,,53.123505092,1356751389.0,1658882.8528,7489002.326,423313356.97,1422628.439,102828581.19,0.0,0.0,0.0,-1.9178048517e-08,2.1829416828e-09,-1.093792613e-09,2.6828564526e-08,0.0,0.0,-2.2587690883e-08,0.0,0.0,0.0,0.0,3.7783178835e-10,0.22552873608,0.027404470162,0.037470333088,0.044505445657
goe602,ok,,53.439659369,1364825832.8,1904595.8028,7779861.6687,425352628.71,1576564.1847,104550074.55,0.0,0.0,0.0,-1.6382555456e-08,2.2340217889e-09,-9.2190186211e-10,2.1566334569e-08,0.0,0.0,-3.0888358443e-08,0.0,0.0,0.0,0.0,-1.9762612013e-09,0.22822827512,0.025117306314,0.058829837846,0.041075150301
goe601,ok,,55.226390074,1410458163.8,5458720.2628,18534083.646,433690774.03,4416269.1486,113910854.07,0.0,0.0,0.0,-3.7690790611e-09,2.0296217238e-09,-3.4277042386e-10,5.0721257571e-09,0.0,0.0,-1.0606495655e-08,0.0,0.0,0.0,0.0,2.2741362795e-10,0.23162689505,0.016877912761,0.057897892748,0.027687315645
goe604,ok,,55.64398537,1421123367.4,5952080.3943,22847420.641,432446102.39,5200791.4162,115351315.74,0.0,0.0,0.0,-8.0526881286e-09,2.1605215839e-09,1.0509625479e-09,1.0445644787e-08,0.0,0.0,-2.2555734907e-10,0.0,0.0,0.0,0.0,-4.9980433071e-09,0.22489721897,0.0360599565,0.0013425354752,0.062173317544
goe612,ok,,55.078720645,1406686750.3,4506483.8264,17866106.548,431357418.73,3902680.2268,112708334.25,0.0,0.0,0.0,-9.2094857027e-09,2.0698980996e-09,1.3171583093e-10,1.3097572985e-08,0.0,0.0,-4.1539430531e-09,0.0,0.0,0.0,0.0,-1.845518738e-09,0.22580616878,0.034317159889,0.018719677185,0.059024000824
goe610bm,ok,,54.287069084,1386468311.1,1005809.7328,6678676.9708,432001634.87,1079755.8187,109625936.75,0.0,0.0,0.0,-3.9549851708e-08,2.6338832859e-09,-1.6385825025e-09,6.7244687562e-08,0.0,0.0,-4.879165364e-08,0.0,0.0,0.0,0.0,-1.1471581252e-08,0.23499312729,0.039799606569,0.049075120112,0.067635361231
goe611,ok,,54.826686627,1400249910.3,3239349.3785,11718000.365,432976382.81,3042309.343,112131275.25,0.0,0.0,0.0,-1.5259094139e-08,2.4396688849e-09,1.5084933134e-09,2.1552123328e-08,0.0,0.0,-7.9144500716e-09,0.0,0.0,0.0,0.0,-8.0750784492e-09,0.23135889058,0.040764421937,0.02563766892,0.069814857307
goe613,ok,,54.105683498,1381835801.6,2177422.5936,8762908.1887,429209689.34,1825029.9333,108161179.0,0.0,0.0,0.0,-1.7752539516e-08,2.3671711516e-09,1.063064512e-10,2.2545142734e-08,0.0,0.0,-2.6520604741e-08,0.0,0.0,0.0,0.0,-7.3411336291e-09,0.23026369559,0.029319245835,0.05774656396,0.049090303165
goe614,ok,,56.201064042,1435350916.2,6674011.8508,25748394.691,434005652.61,5987612.5353,118127159.67,0.0,0.0,0.0,-7.5439892329e-09,1.9970237647e-09,1.3214766959e-10,1.0890238726e-08,0.0,0.0,-2.6796238042e-09,0.0,0.0,0.0,0.0,-1.5222446483e-09,0.22775961301,0.043098316156,0.017883841025,0.072681582312
goe621,ok,,55.089262986,1406955997.1,4508536.8138,17845416.784,431414298.76,3905807.7041,112766366.09,0.0,0.0,0.0,-9.2038434546e-09,2.0716009441e-09,1.4510271481e-10,1.311175329e-08,0.0,0.0,-4.1485134861e-09,0.0,0.0,0.0,0.0,-1.8991721188e-09,0.22589477764,0.03427475385,0.018703725774,0.059114822399
goe622,ok,,53.161652391,1357725654.6,1212306.924,4998535.0048,425909828.7,969127.80742,103592862.72,0.0,0.0,0.0,-1.8728201227e-08,2.2939617889e-09,-3.8162567785e-10,2.371332385e-08,0.0,0.0,-3.9994153873e-08,0.0,0.0,0.0,0.0,-4.4651565395e-09,0.22923813312,0.017158361071,0.048485189658,0.028747826694
goe617,ok,,54.923881525,1402732226.0,4080142.0029,13763853.066,433992836.53,3230452.63,112717227.39,0.0,0.0,0.0,-5.2719546646e-09,2.1268514201e-09,4.1168184871e-10,6.2175530121e-09,0.0,0.0,-1.4903091119e-08,0.0,0.0,0.0,0.0,-3.5879211734e-09,0.23281202889,0.014334349333,0.060806728047,0.0253684992
goe619,ok,,54.779325412,1399040325.3,3635384.6874,14910690.649,430862717.36,3150808.3055,111336057.96,0.0,0.0,0.0,-1.0061497127e-08,2.0691048562e-09,1.7764778237e-10,1.4551759491e-08,0.0,0.0,-3.1273547903e-10,0.0,0.0,0.0,0.0,-1.0581178988e-09,0.22662865366,0.030946639398,0.0011369137717,0.052901243627
goe615,ok,,54.992915882,1404495333.7,3703616.1881,15251057.138,431681901.62,3258789.7725,112429581.57,0.0,0.0,0.0,-1.3069722887e-08,2.2367250137e-09,6.9408347352e-10,1.7866139744e-08,0.0,0.0,-4.9702915652e-09,0.0,0.0,0.0,0.0,-5.1227048859e-09,0.22687157388,0.038815269814,0.0184080523,0.066169324373
goe620,ok,,56.002491056,1430279447.8,6097430.6778,23387639.641,434350628.63,5402630.4731,117370603.48,0.0,0.0,0.0,-7.7757154275e-09,1.9863122335e-09,-1.0665122171e-10,1.136500481e-08,0.0,0.0,-4.622966315e-09,0.0,0.0,0.0,0.0,-9.9389715045e-10,0.22822705111,0.040785048419,0.028188216631,0.069297328982
goe624,ok,,56.051935796,1431542245.1,5167693.239,19270996.156,437851671.4,4465877.8971,118490864.15,0.0,0.0,0.0,-8.9816676259e-09,2.1272486678e-09,4.3981794444e-10,1.2056472972e-08,0.0,0.0,-6.3522844678e-09,0.0,0.0,0.0,0.0,-3.9084790956e-09,0.23340352084,0.036048438171,0.032826657496,0.062304153865
goe623,ok,,54.736842602,1397955332.7,2905818.9394,11175732.045,433226529.0,2421637.3829,111740983.51,0.0,0.0,0.0,-1.2093286916e-08,2.2198799423e-09,3.1153574213e-10,1.5744975467e-08,0.0,0.0,-1.2769660909e-08,0.0,0.0,0.0,0.0,-4.501636262e-09,0.23329029302,0.026745630292,0.037106322519,0.045752047913
goe625,ok,,57.06739293,1457476582.0,7915423.2534,27115328.951,439649471.81,7256596.5969,123428124.53,0.0,0.0,0.0,-6.4593896123e-09,1.9754007635e-09,5.3395657835e-10,9.2877567922e-09,0.0,0.0,-6.9009822979e-10,0.0,0.0,0.0,0.0,-2.2585702551e-09,0.23068351629,0.043104695155,0.0054624195752,0.073516526085
goe626,ok,,54.891308486,1401900324.6,4382662.2794,19502731.021,428529476.14,3990372.8134,111204956.92,0.0,0.0,0.0,-8.0367687957e-09,1.904411527e-09,-1.7564833277e-11,1.2520554143e-08,0.0,0.0,8.379905818e-09,0.0,0.0,0.0,0.0,2.5378662458e-09,0.22080828931,0.034309486459,-0.036726297133,0.054873360358
goe627,ok,,55.571907498,1419282529.6,4731819.3149,14878357.482,436066696.87,4408236.8985,116006066.08,0.0,0.0,0.0,-7.7842497936e-09,2.1597186749e-09,1.9211580797e-09,1.0402755091e-08,0.0,0.0,9.4042324599e-09,0.0,0.0,0.0,0.0,-4.966637796e-09,0.23064473256,0.029279651882,-0.044499128795,0.049223957469
goe647,ok,,55.448994986,1416143397.1,4910050.905,19702370.823,432563004.44,4335773.8538,114565336.89,0.0,0.0,0.0,-9.6411464651e-09,2.1541629584e-09,1.0203228396e-09,1.3052577662e-08,0.0,0.0,1.6930930977e-09,0.0,0.0,0.0,0.0,-4.4012980083e-09,0.22562096493,0.037510501277,-0.0083131732966,0.064088820762
goe628,ok,,55.373565536,1414216961.5,4937734.1805,20692074.68,431234066.36,4449026.8853,113900128.9,0.0,0.0,0.0,-9.3685918471e-09,2.0735697278e-09,7.9676084321e-10,1.3461265533e-08,0.0,0.0,3.7239733966e-09,0.0,0.0,0.0,0.0,-2.685782985e-09,0.22339404763,0.039017552898,-0.018387990728,0.066468150936
goe630,ok,,54.962358711,1403714916.7,2984430.8403,15528613.432,428723314.14,3008944.8461,111551811.27,0.0,0.0,0.0,-1.8870972693e-08,2.4184235502e-09,1.9176115736e-10,3.046886739e-08,0.0,0.0,-1.1228091329e-08,0.0,0.0,0.0,0.0,-6.9065414367e-09,0.22591298753,0.052110066372,0.03350946204,0.090932227507
goe632,ok,,55.194201672,1409636085.9,3681429.7202,11901244.139,434390135.03,3461951.6623,113949013.92,0.0,0.0,0.0,-8.4598212948e-09,2.2458702301e-09,2.193224489e-09,1.2749243374e-08,0.0,0.0,6.2886080591e-09,0.0,0.0,0.0,0.0,-6.8135271431e-09,0.23302910508,0.023804446041,-0.023151068608,0.046935443467
goe629,ok,,54.78343698,1399145332.9,3854319.1903,13940818.725,432579613.06,3128187.5358,111781744.69,0.0,0.0,0.0,-5.9090323519e-09,2.0491234882e-09,-3.0020097385e-10,8.3654081124e-09,0.0,0.0,-7.4969654164e-09,0.0,0.0,0.0,0.0,1.9303140241e-10,0.22945336122,0.018623121095,0.028895697673,0.032242953022
goe63,ok,,55.001113678,1404704701.8,1293733.0742,8915098.9311,434584914.57,1458437.4598,113197573.04,0.0,0.0,0.0,-3.480487525e-08,2.9619976611e-09,1.5881201618e-09,6.2261195596e-08,0.0,0.0,-1.3675018214e-08,0.0,0.0,0.0,0.0,-1.8150480186e-08,0.23076024782,0.044683943808,0.017691823354,0.080549367982
goe633,ok,,54.754302836,1398401259.5,3632340.4023,14625074.165,430808874.75,3117592.096,111203465.63,0.0,0.0,0.0,-9.113203594e-09,2.2394992404e-09,1.5156333475e-09,1.2862914121e-08,0.0,0.0,2.0557117745e-09,0.0,0.0,0.0,0.0,-7.2337392593e-09,0.22605520488,0.023325500568,-0.007467044934,0.046722482655
goe646,ok,,55.880726773,1427169640.6,6403141.5451,23901903.744,434227562.36,5553981.1303,116815558.25,0.0,0.0,0.0,-5.4322130596e-09,1.9131683941e-09,-2.2701310739e-10,7.8479399601e-09,0.0,0.0,-7.5260752091e-10,0.0,0.0,0.0,0.0,8.734833955e-10,0.22656079288,0.031270298246,0.0048190524843,0.050251470402
goe645,ok,,54.953927492,1403499587.0,4182279.6855,17558874.776,430379688.07,3704637.501,111933395.68,0.0,0.0,0.0,-9.6811133781e-09,2.1300004133e-09,1.0286665833e-09,1.362245073e-08,0.0,0.0,5.9408905595e-09,0.0,0.0,0.0,0.0,-3.5105010103e-09,0.22428358501,0.032953943107,-0.024846465901,0.056972898954
goe654,ok,,54.774891583,1398927087.2,3828381.8695,15978801.396,429598577.49,3384447.2792,110998508.77,0.0,0.0,0.0,-1.2034740234e-08,2.2746292231e-09,1.1774784694e-09,1.6209503821e-08,0.0,0.0,-4.0091536612e-11,0.0,0.0,0.0,0.0,-6.0191876231e-09,0.22515913571,0.036159571894,0.00015348571188,0.062056170541
goe648,ok,,55.253952602,1411162098.8,4594327.7747,16992377.709,434075057.18,3840051.7591,114133871.67,0.0,0.0,0.0,-8.4451832415e-09,2.1098041553e-09,7.6719861417e-10,1.0292558923e-08,0.0,0.0,-7.9495217209e-10,0.0,0.0,0.0,0.0,-3.7213373896e-09,0.22697523065,0.029192605881,0.0036522708438,0.047287389331
goe650,ok,,54.778817101,1399027343.2,3320053.2779,14022077.363,431277582.7,2911826.0553,111431305.77,0.0,0.0,0.0,-9.6930557203e-09,1.9720298395e-09,-3.1679027572e-10,1.4789876972e-08,0.0,0.0,2.905514618e-09,0.0,0.0,0.0,0.0,2.428965152e-09,0.22737389096,0.029834177514,-0.0096464633316,0.04910317952
goe655,ok,,54.701376897,1397049553.8,3712156.9503,14695688.426,430622943.31,3159671.6997,110957356.01,0.0,0.0,0.0,-1.0923585628e-08,2.2016358138e-09,8.3249112202e-10,1.4182401637e-08,0.0,0.0,-1.6729046054e-09,0.0,0.0,0.0,0.0,-4.5726624268e-09,0.2267233222,0.031245935595,0.006210084458,0.052647300808
goe670,ok,,53.198503469,1358666815.2,1381059.8439,4826786.4924,424388215.41,1477244.4315,103380959.75,0.0,0.0,0.0,-1.6313154467e-08,2.2323187449e-09,3.5687875139e-09,2.9377099664e-08,0.0,0.0,6.9221360154e-08,0.0,0.0,0.0,0.0,-2.6062262666e-09,0.22428282,0.023235369695,-0.095598840851,0.040571532678
goe673,ok,,54.216180418,1384657845.2,2278646.3568,8521566.2176,430989306.14,1849614.7058,109036206.23,0.0,0.0,0.0,-1.0565384665e-08,2.1814670007e-09,-1.0618647296e-09,1.4264680565e-08,0.0,0.0,-3.456373345e-08,0.0,0.0,0.0,0.0,-3.5081854559e-10,0.237111269,0.019388042596,0.078758525303,0.032504162401
goe675,ok,,55.995599827,1430103448.8,4719749.2394,18545191.455,437115716.4,4176823.7243,118067673.41,0.0,0.0,0.0,-1.0150027257e-08,2.0593774675e-09,-2.1693393166e-10,1.4925921083e-08,0.0,0.0,-9.3128369906e-09,0.0,0.0,0.0,0.0,-2.1347340749e-09,0.23244052993,0.04032566391,0.043954255303,0.070446604678
goe676,ok,,54.633295478,1395310783.8,2972816.1184,10282922.077,433696885.51,2339250.2336,111422283.47,0.0,0.0,0.0,-6.5535881125e-09,2.1706754726e-09,3.2980833084e-10,7.8274512766e-09,0.0,0.0,-2.2180554025e-08,0.0,0.0,0.0,0.0,-4.1161332178e-09,0.23480770818,0.013070835543,0.06593870852,0.023269573321
goe677,ok,,54.973827857,1404007833.8,3036051.5868,10406016.718,435887938.82,2402712.5533,113384317.23,0.0,0.0,0.0,-6.7153353353e-09,2.1920209458e-09,7.6495564348e-10,7.9772722515e-09,0.0,0.0,-2.160694065e-08,0.0,0.0,0.0,0.0,-6.1769969193e-09,0.23718429554,0.012617678533,0.065599786447,0.024219410078
goe679,ok,,56.159762166,1434296084.1,6127554.6869,20085601.196,436799338.77,5889733.6016,118717538.28,0.0,0.0,0.0,-5.7425625128e-09,1.9546630701e-09,9.4922123843e-10,8.7885869796e-09,0.0,0.0,1.0539726613e-08,0.0,0.0,0.0,0.0,-1.2775866032e-09,0.2269090892,0.032116666605,-0.064582751207,0.053852547338
goe685,ok,,54.023377655,1379733745.9,2959404.2779,13178533.511,426319118.98,2607975.1127,107121814.38,0.0,0.0,0.0,-1.0395163482e-08,2.0484107274e-09,-1.6710005756e-11,1.6250904112e-08,0.0,0.0,4.4175973428e-09,0.0,0.0,0.0,0.0,1.097530715e-09,0.22261497822,0.027747758815,-0.013073456475,0.04809299515
goe683,ok,,56.115443764,1433164211.2,7350906.9955,22850789.257,435840030.62,6811954.6373,118253906.22,0.0,0.0,0.0,-3.0744157071e-09,1.9966551569e-09,1.0999638925e-09,4.650908312e-09,0.0,0.0,4.896471526e-09,0.0,0.0,0.0,0.0,-3.2505847402e-09,0.2279390741,0.015903841794,-0.035993506794,0.034188394446
goe682,ok,,53.458258634,1365300850.0,1640241.0408,6600829.7797,424452167.4,1898926.3631,104425066.06,0.0,0.0,0.0,-1.6501892629e-08,2.2364311599e-09,5.2451174741e-09,3.1792304974e-08,0.0,0.0,8.2798358535e-08,0.0,0.0,0.0,0.0,-3.3066745829e-09,0.22270982284,0.029938657,-0.13580926578,0.052147043399
goe681,ok,,55.728856718,1423290944.9,5770935.857,21270341.713,434745949.09,4919254.3807,116316897.66,0.0,0.0,0.0,-6.5612017305e-09,2.0278191826e-09,4.1875757635e-10,8.9027979471e-09,0.0,0.0,-1.9167206705e-09,0.0,0.0,0.0,0.0,-2.4290732898e-09,0.22671506867,0.029571559477,0.011061272045,0.0513774759
goe693,ok,,55.233102434,1410629594.5,3091007.0478,11346385.611,436809484.15,2553145.0482,114721605.13,0.0,0.0,0.0,-1.0314650014e-08,2.1177120367e-09,-4.420805533e-10,1.4137149512e-08,0.0,0.0,-1.8084100315e-08,0.0,0.0,0.0,0.0,-1.8153045934e-09,0.23745764222,0.025234798554,0.055898081527,0.043698028776
goe692,ok,,56.103063203,1432848017.0,5408321.6376,18385032.487,438305085.73,4841213.522,118848207.34,0.0,0.0,0.0,-7.4788798934e-09,2.0106137528e-09,4.8043842498e-11,1.1069814675e-08,0.0,0.0,-3.9272085173e-09,0.0,0.0,0.0,0.0,-1.1035739494e-09,0.23420191871,0.0349566388,0.0212396068,0.059869118231
goe701,ok,,54.923157131,1402713725.3,3370830.475,13409301.431,432472300.53,2888667.599,112337880.06,0.0,0.0,0.0,-1.1972786156e-08,2.1529470758e-09,-1.1797298203e-10,1.7013567267e-08,0.0,0.0,-1.2245199e-08,0.0,0.0,0.0,0.0,-3.0252853933e-09,0.23008455903,0.032577234199,0.041276489961,0.057349851034
goe702,ok,,54.815311649,1399959398.2,4871289.6026,21223012.147,426994717.97,4406138.9328,110507518.76,0.0,0.0,0.0,-8.3457820456e-09,2.1436436563e-09,1.1914652482e-09,1.2491362354e-08,0.0,0.0,4.9096834614e-09,0.0,0.0,0.0,0.0,-4.6955165287e-09,0.21770211506,0.032283013677,-0.023916489998,0.060849043558
goe703,ok,,56.027574264,1430920062.1,7562565.6553,22394934.721,436216752.78,6864778.3511,117984365.34,0.0,0.0,0.0,-2.331507305e-09,1.9803453736e-09,7.6647437228e-10,3.2997207733e-09,0.0,0.0,1.2424597877e-09,0.0,0.0,0.0,0.0,-2.5193699173e-09,0.22881805161,0.012051720708,-0.0093961837187,0.024954354992
goe704,ok,,55.318639529,1412814175.0,3524454.487,11277840.318,437703332.27,2956399.7482,115318720.97,0.0,0.0,0.0,-5.2599685369e-09,2.1429686513e-09,1.1975590214e-09,7.1871316123e-09,0.0,0.0,-3.2181957236e-09,0.0,0.0,0.0,0.0,-5.1508072188e-09,0.23782877945,0.011931790152,0.011342384358,0.02533071826
goe723,ok,,54.190309173,1383997104.8,2281414.5027,10642270.988,428516003.35,2074513.0632,108324448.36,0.0,0.0,0.0,-1.4621351087e-08,2.115305151e-09,-8.1679442035e-11,2.296261263e-08,0.0,0.0,-2.5837662347e-09,0.0,0.0,0.0,0.0,-4.0410013604e-10,0.22781134069,0.030141228672,0.0058946417595,0.052387237474
goe735,ok,,55.949625155,1428929275.5,7585094.4745,28111999.772,432068014.3,6603459.3368,116540717.07,0.0,0.0,0.0,-4.8893070052e-09,2.0801938055e-09,1.143819377e-09,6.2987037183e-09,0.0,0.0,-1.1590905554e-10,0.0,0.0,0.0,0.0,-5.2542423084e-09,0.2223474918,0.024603171925,0.00087918113676,0.04777626277
goe711,ok,,56.863612535,1452272118.7,4876254.0946,17323307.687,443743726.59,4238364.3249,123627065.99,0.0,0.0,0.0,-1.2324707758e-08,2.2330886086e-09,-1.0668738816e-10,1.5696033348e-08,0.0,0.0,-1.6469955473e-08,0.0,0.0,0.0,0.0,-5.0600792157e-09,0.24326136936,0.047041922782,0.080311687812,0.07653784688
goe738,ok,,54.267603994,1385971181.1,4424146.9112,17011675.681,427422119.92,3671838.3425,108377102.54,0.0,0.0,0.0,-4.134699049e-09,2.1148159278e-09,1.0092520773e-09,5.3890754445e-09,0.0,0.0,7.1361844596e-10,0.0,0.0,0.0,0.0,-4.9687067343e-09,0.22094324209,0.011154838896,-0.0031571528435,0.023842061482
goe741,ok,,54.616167783,1394873349.9,4326218.5459,18260427.424,427066624.49,3833805.0588,109690012.29,0.0,0.0,0.0,-8.7802238935e-09,2.3401771845e-09,2.0709552502e-09,1.2369074793e-08,0.0,0.0,2.7998720613e-09,0.0,0.0,0.0,0.0,-9.9669416693e-09,0.21950365549,0.025312501917,-0.012112858438,0.053511320763
goe746,ok,,52.132490921,1331441314.9,1512788.9815,8926128.9172,415316942.42,1456966.9338,97177182.89,0.0,0.0,0.0,-2.5227070156e-08,3.2391978835e-09,4.4565418038e-09,3.80403e-08,0.0,0.0,3.6442655594e-09,0.0,0.0,0.0,0.0,-2.8543833114e-08,0.21227106025,0.027976411044,-0.0055130047839,0.057546946693
goe758,ok,,54.297961842,1386746507.5,3473749.0918,14456180.848,427263633.57,3036073.5733,108456115.5,0.0,0.0,0.0,-1.1471271752e-08,2.2193547906e-09,3.6946448091e-10,1.5900678707e-08,0.0,0.0,-6.7865036296e-09,0.0,0.0,0.0,0.0,-3.9030402699e-09,0.22592498862,0.032155078523,0.02357461082,0.055234968217
goe744,ok,,54.368183673,1388539942.7,3585018.7053,18794735.054,422663168.71,3544802.1932,107586708.01,0.0,0.0,0.0,-1.4058690711e-08,2.7311024526e-09,3.2489526675e-09,2.2358157292e-08,0.0,0.0,8.4670179312e-09,0.0,0.0,0.0,0.0,-1.4912701991e-08,0.21302255565,0.038686482954,-0.030354417662,0.08015441211
goe766,ok,,53.96171269,1378158849.3,2683348.5534,10156553.572,428989272.93,2138203.3348,107521006.68,0.0,0.0,0.0,-5.0100144383e-09,2.1667435638e-09,1.466128384e-09,4.8781587664e-09,0.0,0.0,5.5042634208e-09,0.0,0.0,0.0,0.0,-7.05943088e-09,0.22478514682,0.007321112804,-0.014769857288,0.013089800269
goe765,ok,,54.979790513,1404160117.4,4393213.1794,15039067.149,433907194.77,3504117.1424,112929297.25,0.0,0.0,0.0,-3.9359409639e-09,2.1415939703e-09,1.5150110786e-09,4.2112071124e-09,0.0,0.0,-9.0984712618e-09,0.0,0.0,0.0,0.0,-7.6660699779e-09,0.2297283918,0.0076265326921,0.03997152386,0.018500730587
goe767,ok,,53.419096654,1364300669.9,2380699.7917,10105752.853,425420631.42,1949399.7309,104506471.97,0.0,0.0,0.0,-5.5336678379e-09,2.1623352032e-09,1.7884039438e-09,5.7752160309e-09,0.0,0.0,2.7938138461e-08,0.0,0.0,0.0,0.0,-7.802126789e-09,0.21712904652,0.0074866794281,-0.066512320416,0.013749055602
goe769,ok,,54.313138806,1387134120.6,3205325.4236,14784837.266,427476213.05,2877619.8311,108599929.54,0.0,0.0,0.0,-1.2822941818e-08,2.2979693239e-09,2.5282630725e-09,1.7773004455e-08,0.0,0.0,1.8022332074e-08,0.0,0.0,0.0,0.0,-8.393698917e-09,0.21577368135,0.03170679451,-0.057767439189,0.056968263034
goe770,ok,,56.478158129,1442427779.6,7613918.4064,25642788.657,436189536.1,7086505.4157,119876128.6,0.0,0.0,0.0,-4.5282689967e-09,2.0204489566e-09,1.1771202976e-09,5.9804516345e-09,0.0,0.0,4.7360019191e-09,0.0,0.0,0.0,0.0,-3.5877786731e-09,0.2282356891,0.026304838624,-0.036059532184,0.045534670778
goe777,ok,,56.931758196,1454012529.5,8434173.7788,28906323.846,436408140.65,8024770.9809,121908025.79,0.0,0.0,0.0,-5.913267493e-09,2.0796554604e-09,1.5108154957e-09,8.0264856474e-09,0.0,0.0,3.8367079252e-09,0.0,0.0,0.0,0.0,-4.6454925536e-09,0.22627542917,0.039075516151,-0.03235946138,0.067696774783
goe775,ok,,56.713368323,1448434946.4,8879550.4927,27221931.664,440386089.04,7660082.1898,122069815.03,0.0,0.0,0.0,-7.3074815341e-11,1.876485549e-09,-7.2432053238e-11,7.2347198569e-11,0.0,0.0,-7.655256662e-11,0.0,0.0,0.0,0.0,2.8270962625e-10,0.22908041516,0.0010558561049,0.00067975238064,0.0006424106027
goe776,ok,,57.661638629,1472653360.7,12704882.666,38328903.68,441415969.0,11115081.237,126564916.53,0.0,0.0,0.0,-5.9833215002e-11,1.7836266761e-09,-6.0968495072e-11,6.2578022912e-11,0.0,0.0,-1.0138177408e-09,0.0,0.0,0.0,0.0,2.2909113323e-10,0.22576223982,0.0012399332764,0.012880435441,0.00079504643854
goe780,ok,,54.211146209,1384529273.7,2834712.5833,9363434.2461,429816670.76,2227457.8291,108714674.98,0.0,0.0,0.0,-2.6644529762e-09,2.2317384679e-09,-2.7410893746e-10,3.8975668004e-09,0.0,0.0,-7.5297368652e-08,0.0,0.0,0.0,0.0,-2.4899591369e-09,0.24100853877,0.0045984004668,0.21344639841,0.011048481653
goe79,ok,,53.713806354,1371827428.5,630947.72975,6241547.0391,429681198.11,800668.24496,106852034.11,0.0,0.0,0.0,-5.8222608934e-08,3.6136647419e-09,2.1166497407e-09,1.1396088119e-07,0.0,0.0,-2.2062472288e-08,0.0,0.0,0.0,0.0,-3.2444711731e-08,0.22425368791,0.040819228019,0.013920266803,0.071903359271
goe795,ok,,53.576263743,1368314649.6,1285232.2328,5110116.004,428210682.8,1031463.6356,105775440.12,0.0,0.0,0.0,-1.6968260983e-08,2.2370938132e-09,-9.2686718338e-10,2.2635892366e-08,0.0,0.0,-5.0687048387e-08,0.0,0.0,0.0,0.0,-3.1328568137e-09,0.23082723898,0.016756419285,0.065144628373,0.029092378488
goe795sm,ok,,53.648222308,1370152440.2,1288529.208,5073333.9912,428623461.91,1033691.6566,106159390.74,0.0,0.0,0.0,-1.6950620397e-08,2.2398269848e-09,-8.7286727507e-10,2.2529026617e-08,0.0,0.0,-5.1371687594e-08,0.0,0.0,0.0,0.0,-3.4541642645e-09,0.23135053462,0.016695883308,0.066193919928,0.029029308823
goe796,ok,,55.165645724,1408906779.3,3099338.7439,11356648.889,436369655.56,2557400.1511,114324818.09,0.0,0.0,0.0,-1.0238891268e-08,2.1110335957e-09,-4.633169441e-10,1.4058667634e-08,0.0,0.0,-1.8962735642e-08,0.0,0.0,0.0,0.0,-1.8738969256e-09,0.23572818537,0.025055849503,0.058771941265,0.043572573286
goe797,ok,,55.59601327,1419898180.6,5312556.4628,17819626.695,436408844.41,4771067.5925,116253386.18,0.0,0.0,0.0,-7.4009081941e-09,2.0003402564e-09,-5.8101711577e-11,1.1057439165e-08,0.0,0.0,-3.7275137976e-09,0.0,0.0,0.0,0.0,-5.4627784026e-10,0.23030224645,0.034710235809,0.019802627516,0.0587432699
goe802,ok,,54.801882565,1399616425.2,1939673.4796,9811784.7025,432908840.82,1862758.8635,111941568.29,0.0,0.0,0.0,-2.5334683008e-08,2.5454180089e-09,1.9515117286e-10,3.7966526113e-08,0.0,0.0,-2.1479548737e-08,0.0,0.0,0.0,0.0,-1.0189536996e-08,0.23100445146,0.04282348533,0.041663311039,0.073642663813
goe798,ok,,56.534670487,1443871080.8,8517994.5463,27905527.609,437175719.24,7770910.3806,120519749.62,0.0,0.0,0.0,-5.5800485116e-09,1.9038057306e-09,-2.0718138531e-11,8.4209201941e-09,0.0,0.0,-3.0246894935e-09,0.0,0.0,0.0,0.0,-6.1191408579e-10,0.22624279081,0.042287265226,0.02576428861,0.071729352289
goe801,ok,,54.801882565,1399616425.2,1939673.4796,9811784.7025,432908840.82,1862758.8635,111941568.29,0.0,0.0,0.0,-2.5334683008e-08,2.5454180089e-09,1.9515117286e-10,3.7966526113e-08,0.0,0.0,-2.1479548737e-08,0.0,0.0,0.0,0.0,-1.0189536996e-08,0.23100445146,0.04282348533,0.041663311039,0.073642663813
goe802a,ok,,55.238353319,1410763699.9,1872898.5061,9438537.7282,432257836.52,1829659.8597,113596154.62,0.0,0.0,0.0,-2.5925478924e-08,2.5138220409e-09,-2.0392951027e-10,3.9381917536e-08,0.0,0.0,-2.9326135957e-08,0.0,0.0,0.0,0.0,-1.0670318392e-08,0.22795378108,0.043001119056,0.054924876223,0.07375833452
goe81,ok,,53.88071545,1376090214.7,1104748.039,7599450.2133,427754209.35,1209259.7846,106922483.33,0.0,0.0,0.0,-3.9951672194e-08,2.9595486288e-09,-1.5510199964e-09,6.7936730997e-08,0.0,0.0,-5.3864855418e-08,0.0,0.0,0.0,0.0,-1.7438730654e-08,0.22621779675,0.04356108185,0.059507093395,0.075052970346
goe802b,ok,,55.193749216,1409624530.3,1864566.4558,9396494.7526,432268011.89,1820908.6037,113423780.58,0.0,0.0,0.0,-2.6160029886e-08,2.5360961276e-09,-2.1763242401e-10,3.9559740652e-08,0.0,0.0,-3.0157028576e-08,0.0,0.0,0.0,0.0,-1.096919342e-08,0.22827098611,0.043093041916,0.05622978389,0.073761765422
goe92,ok,,53.508872028,1366593494.2,1403860.0397,7547361.5181,425391829.03,1327240.2305,104858590.1,0.0,0.0,0.0,-3.3370828454e-08,3.0715311876e-09,1.7906971196e-09,4.637411775e-08,0.0,0.0,-2.4365879833e-08,0.0,0.0,0.0,0.0,-2.0675906075e-08,0.22580541707,0.038123677518,0.03420628503,0.065102770787
goe803h,ok,,49.990630032,1276739112.3,538244.24056,8383652.5995,410218100.17,793249.21177,90024070.045,0.0,0.0,0.0,-6.1434322763e-08,2.1411326359e-09,-4.7487374899e-09,1.448316442e-07,0.0,0.0,-5.8633361418e-08,0.0,0.0,0.0,0.0,2.8606656522e-10,0.19400847231,0.048776755447,0.031559069088,0.077954798339
gs1,ok,,54.28735351,1386475575.3,3583818.1815,14844675.935,427606623.61,3090056.6507,108504634.02,0.0,0.0,0.0,-8.8795367166e-09,2.0353350554e-09,-2.3666303165e-10,1.3309429717e-08,0.0,0.0,-1.4540971133e-09,0.0,0.0,0.0,0.0,6.846412689e-10,0.22288056791,0.027909921805,0.0052112196722,0.047698576204
griffith30SymSuction,ok,,57.508470237,1468741506.1,20106950.903,64884257.18,420644291.46,17507985.55,120117291.07,0.0,0.0,0.0,-1.6274824647e-14,1.884494351e-09,1.8547162013e-14,-1.8668524223e-14,0.0,0.0,-8.4701737338e-09,0.0,0.0,0.0,0.0,-4.5204358276e-14,0.22636035646,1.0578937638e-07,0.17030936741,-3.7536709999e-07
gu255118,ok,,56.14718635,1433974903.2,6881238.0397,23972477.355,429758309.2,7173538.5729,116742119.89,0.0,0.0,0.0,-7.0049650215e-09,2.1035584751e-09,4.5589184632e-10,1.2077401285e-08,0.0,0.0,-3.0648630644e-09,0.0,0.0,0.0,0.0,-2.3107513741e-09,0.23194631299,0.046419177457,0.021090052306,0.083107473144
hobie,ok,,51.920837309,1326035773.0,1198460.4107,6563442.3156,415922110.13,1081573.9936,96549015.375,0.0,0.0,0.0,-2.5577889605e-08,2.2202278271e-09,-7.8454578053e-10,3.8416155561e-08,0.0,0.0,-1.2649112006e-08,0.0,0.0,0.0,0.0,9.4303445216e-10,0.21687940056,0.027885618193,0.01515945997,0.046040241572
hobiesm,ok,,51.861849507,1324529250.0,1215768.4001,6635982.4731,415973994.21,1096030.1058,96363853.385,0.0,0.0,0.0,-2.5155661207e-08,2.1926211249e-09,-1.1547980157e-09,3.7938279555e-08,0.0,0.0,-1.9205837518e-08,0.0,0.0,0.0,0.0,1.435188792e-09,0.21510202004,0.027909789523,0.023349850353,0.046124161439
hor12,ok,,54.279483872,1386274588.1,2286642.9864,11212304.341,432378681.86,2054173.8272,109777989.89,0.0,0.0,0.0,-1.2442266301e-08,2.0429325552e-09,4.5965486269e-10,1.9463653326e-08,0.0,0.0,1.4373261229e-08,0.0,0.0,0.0,0.0,9.3214990199e-10,0.22688358901,0.025993111134,-0.032866516981,0.044506426368
hor04,ok,,50.568686114,1291502415.1,223265.41495,1535031.3645,419162046.26,178594.58882,94318194.281,0.0,0.0,0.0,-6.4028773312e-08,2.330797783e-09,-6.3925187345e-09,8.0256342769e-08,0.0,0.0,-3.8389247282e-07,0.0,0.0,0.0,0.0,-4.4740062174e-09,0.21501107286,0.01126339864,0.085709912239,0.01791846567
hor07,ok,,53.66501494,1370581316.8,771148.1962,5885576.0595,431007436.31,834206.57918,107100855.68,0.0,0.0,0.0,-3.7193516835e-08,2.4716550524e-09,2.0051628463e-10,6.9084004847e-08,0.0,0.0,-1.9717917635e-08,0.0,0.0,0.0,0.0,-1.0374378081e-08,0.2302220545,0.029036840627,0.015205436617,0.053274005724
hq010,ok,,52.062882017,1329663533.5,1864370.4485,7250186.0276,417211226.82,1441877.6965,97330502.07,0.0,0.0,0.0,4.0678432567e-16,2.2231545307e-09,-1.9829183968e-15,-2.7911614026e-15,0.0,0.0,-2.8712993875e-08,0.0,0.0,0.0,0.0,1.1531089412e-15,0.21638074665,-2.2676951527e-10,0.053531657269,-5.203758836e-09
hor20,ok,,57.264910616,1462521098.5,7043430.0585,27001439.293,442503922.12,6364349.2599,125032380.61,0.0,0.0,0.0,-2.9041044941e-09,1.8219338421e-09,7.9448151229e-11,5.06084253e-09,0.0,0.0,6.8670703802e-09,0.0,0.0,0.0,0.0,7.1468959791e-10,0.22944736476,0.019526810146,-0.04836772993,0.035645690397
hq1010,ok,,52.165915414,1332294962.0,1852767.6725,7268924.4766,417977537.78,1440323.5022,97901638.117,0.0,0.0,0.0,-5.4044989517e-09,2.220581376e-09,-3.6710495634e-10,6.3295160065e-09,0.0,0.0,-2.8982372653e-08,0.0,0.0,0.0,0.0,1.3365017411e-10,0.21750039938,0.0078260958674,0.053697603126,0.01172712264
hq1012,ok,,52.967239545,1352760434.4,2741933.4088,10339948.859,421878882.91,2165106.1765,101872234.65,0.0,0.0,0.0,-3.5922123691e-09,2.1659355515e-09,-1.9923149586e-10,4.2884733926e-09,0.0,0.0,-1.7032429175e-08,0.0,0.0,0.0,0.0,-1.4622001572e-11,0.2206371093,0.0077705362249,0.046701786589,0.011758708468
hq09,ok,,51.087333018,1304748433.2,1176158.4538,4827553.6463,412029821.83,892658.19007,92584301.422,0.0,0.0,0.0,5.0266533115e-16,2.2832840309e-09,-4.9933765476e-16,-2.3120131422e-17,0.0,0.0,-5.3369371615e-08,0.0,0.0,0.0,0.0,1.6586993792e-15,0.21139625695,-1.3570412166e-10,0.0627708376,-2.7192938025e-11
hq07,ok,,50.339183697,1285641022.5,842663.90496,3631858.6652,407943558.59,630842.43666,89053096.452,0.0,0.0,0.0,4.1743566434e-16,2.3263508044e-09,-5.0449104183e-16,7.4016512949e-16,0.0,0.0,-8.2786174658e-08,0.0,0.0,0.0,0.0,1.2067804643e-15,0.20716874256,-1.0562098587e-10,0.069760921214,6.2371043834e-10
hq109,ok,,51.655142281,1319250036.7,1471413.1196,5936252.5636,415250190.25,1134042.4118,95379127.146,0.0,0.0,0.0,-6.8720274209e-09,2.2508636637e-09,-5.2034912219e-10,7.9603392979e-09,0.0,0.0,-3.9597987896e-08,0.0,0.0,0.0,0.0,2.9358309697e-10,0.2149036095,0.0078647205126,0.058264998899,0.011712947679
hq108,ok,,51.085461384,1304700632.5,1134203.8627,4744228.0369,412210917.33,866171.82797,92631378.325,0.0,0.0,0.0,-8.9726751507e-09,2.2820036179e-09,-7.6959997023e-10,1.0259031288e-08,0.0,0.0,-5.6022463689e-08,0.0,0.0,0.0,0.0,6.6719790479e-10,0.21186539819,0.0078943198131,0.063540894715,0.011635832915
hq1510,ok,,52.173608235,1332491433.3,1853361.3272,7343729.2902,417925963.58,1449930.8859,97920055.569,0.0,0.0,0.0,-8.0539640743e-09,2.2164484363e-09,-5.5539893082e-10,9.474768374e-09,0.0,0.0,-2.9387222395e-08,0.0,0.0,0.0,0.0,1.9821203249e-10,0.21726138738,0.011740131814,0.054465141502,0.017560169289
hq1511,ok,,52.517183146,1341266188.3,2289795.7435,8854452.5991,419382948.3,1803481.8106,99553458.483,0.0,0.0,0.0,-6.4627103039e-09,2.1883420332e-09,-4.2704028271e-10,7.6624031687e-09,0.0,0.0,-2.2544841359e-08,0.0,0.0,0.0,0.0,1.475452792e-10,0.21802820376,0.011713397589,0.05162308178,0.01754533816
hq1512,ok,,52.99825634,1353552590.0,2740844.912,10404428.245,422017837.47,2173909.2858,102027206.6,0.0,0.0,0.0,-5.3840711241e-09,2.1631019691e-09,-2.9130466035e-10,6.4225735203e-09,0.0,0.0,-1.7313550395e-08,0.0,0.0,0.0,0.0,-6.9197300244e-11,0.22061261266,0.011671296024,0.047453756508,0.017603277955
hq158,ok,,51.224868872,1308261039.5,1130293.7774,4799445.8479,413325210.71,871324.93983,93400405.975,0.0,0.0,0.0,-1.3353853596e-08,2.2697104194e-09,-1.1370444577e-09,1.5420218374e-08,0.0,0.0,-5.7556564683e-08,0.0,0.0,0.0,0.0,8.0176900005e-10,0.21286310442,0.011784257934,0.065055826911,0.017429376875
hq1585,ok,,51.134710519,1305958434.1,1334572.2854,5645923.9064,412076677.61,1034629.3815,92777548.701,0.0,0.0,0.0,-1.0650796757e-08,2.247199285e-09,-1.0267435937e-09,1.2743153848e-08,0.0,0.0,-3.984492243e-08,0.0,0.0,0.0,0.0,1.9879892781e-09,0.21052121768,0.011452683061,0.05317592919,0.017006659954
hq159,ok,,51.713052099,1320729028.4,1471176.4121,6007530.4411,415633680.0,1142750.7672,95685664.035,0.0,0.0,0.0,-1.0213723726e-08,2.2434212963e-09,-7.8311751968e-10,1.1907619794e-08,0.0,0.0,-4.0178664744e-08,0.0,0.0,0.0,0.0,4.3354488491e-10,0.21514739396,0.01177833483,0.059109903839,0.017518209364
hq159b,ok,,51.587030349,1317510487.3,1468206.2771,6000905.3418,414533388.62,1139908.4119,94960151.034,0.0,0.0,0.0,-1.0210919347e-08,2.2485048143e-09,-8.2577694278e-10,1.1881838622e-08,0.0,0.0,-4.109204418e-08,0.0,0.0,0.0,0.0,5.853674665e-10,0.21416526129,0.011782423214,0.060331597204,0.017444990048
hq2010,ok,,52.170356017,1332408373.1,1857274.5519,7477961.7754,417783031.46,1465434.973,97879193.102,0.0,0.0,0.0,-1.0607243211e-08,2.2124332777e-09,-7.6553169365e-10,1.2610242514e-08,0.0,0.0,-3.0437435336e-08,0.0,0.0,0.0,0.0,2.7202208046e-10,0.21696501876,0.015630716601,0.056530674074,0.023420682515
hq2012,ok,,53.035712676,1354509208.6,2744620.2915,10534085.204,422149355.5,2191397.5974,102207082.68,0.0,0.0,0.0,-7.0942212531e-09,2.1599990709e-09,-4.0190864033e-10,8.5625693764e-09,0.0,0.0,-1.7685929787e-08,0.0,0.0,0.0,0.0,-7.4453233551e-11,0.22064889606,0.0155102595,0.048541161769,0.023501001658
hq17,ok,,54.164579165,1383339971.5,4860774.0097,17854429.721,424954600.91,4027116.6286,107361766.55,0.0,0.0,0.0,-8.194922465e-09,2.1249101751e-09,-1.5131591751e-09,1.0679579936e-08,0.0,0.0,-2.9801506155e-08,0.0,0.0,0.0,0.0,-3.0964369614e-10,0.22703662965,0.032718853231,0.14485838657,0.05191102459
hq2195,ok,,51.832608515,1323782447.7,1691367.8678,6874010.0055,415891255.64,1327008.5098,96181460.341,0.0,0.0,0.0,-1.2073780027e-08,2.1988998337e-09,-1.1523786125e-09,1.4113645163e-08,0.0,0.0,-3.5576809982e-08,0.0,0.0,0.0,0.0,1.6392753452e-09,0.21401853877,0.016487649402,0.060173473243,0.023871365926
hq2090sm,ok,,51.637424881,1318797541.9,1460086.0541,6050891.8096,414795554.33,1146698.5497,95206536.261,0.0,0.0,0.0,-1.345473095e-08,2.2400338408e-09,-1.1163910299e-09,1.5841679459e-08,0.0,0.0,-4.2012723912e-08,0.0,0.0,0.0,0.0,7.7641089596e-10,0.21440615883,0.015619420785,0.061342192277,0.023130215251
hq208,ok,,51.109224992,1305307544.8,1134372.6071,4931846.0418,412215825.56,886102.58724,92728156.426,0.0,0.0,0.0,-1.7529411091e-08,2.2613693578e-09,-1.5944431173e-09,2.0496375796e-08,0.0,0.0,-5.9371663919e-08,0.0,0.0,0.0,0.0,1.2470529378e-09,0.21148852471,0.015766574339,0.067349589186,0.023250527248
hq209,ok,,51.685877469,1320035000.1,1473101.9917,6131633.7593,415304456.69,1156009.5073,95513700.448,0.0,0.0,0.0,-1.3436699339e-08,2.2368244132e-09,-1.0869926948e-09,1.5841446741e-08,0.0,0.0,-4.1546506272e-08,0.0,0.0,0.0,0.0,6.429905814e-10,0.21460120456,0.015692474726,0.061202241139,0.023336066746
hq2511,ok,,52.531509992,1341632089.7,2284796.0412,9084397.0403,419078275.04,1830092.256,99541215.879,0.0,0.0,0.0,-1.057858375e-08,2.1813647696e-09,-7.743396164e-10,1.2798236381e-08,0.0,0.0,-2.4047580923e-08,0.0,0.0,0.0,0.0,3.4004971994e-10,0.21779092438,0.019495328053,0.054943817693,0.029241359818
hq2510,ok,,52.219980574,1333675762.9,1848760.4048,7580842.5459,417891277.08,1476810.6917,98092761.442,0.0,0.0,0.0,-1.3117005379e-08,2.2078518438e-09,-1.0014279955e-09,1.5828196435e-08,0.0,0.0,-3.1318232124e-08,0.0,0.0,0.0,0.0,4.3425596384e-10,0.21739936159,0.019510763157,0.057899907498,0.029262542848
hq2512,ok,,53.021045849,1354134624.2,2736274.6902,10640639.092,421772678.17,2203189.1652,102062093.17,0.0,0.0,0.0,-8.7955304542e-09,2.1600279847e-09,-5.4944917367e-10,1.0730159421e-08,0.0,0.0,-1.844127635e-08,0.0,0.0,0.0,0.0,1.9044096205e-11,0.2204946421,0.019387468892,0.050460397731,0.029360663645
hq259,ok,,51.702189007,1320451589.7,1467702.2837,6251526.9535,415138116.33,1168666.75,95536097.558,0.0,0.0,0.0,-1.6582217752e-08,2.2303071823e-09,-1.425903736e-09,1.9886683029e-08,0.0,0.0,-4.3075321428e-08,0.0,0.0,0.0,0.0,9.2153922239e-10,0.21478073419,0.019610422446,0.063221747632,0.029187730098
hq258,ok,,51.132248964,1305895567.1,1130341.1342,5061602.2555,412122167.29,898849.72112,92791017.457,0.0,0.0,0.0,-2.1572053907e-08,2.2491573486e-09,-2.0868192083e-09,2.575244293e-08,0.0,0.0,-6.1697407032e-08,0.0,0.0,0.0,0.0,1.7015591954e-09,0.21176258694,0.019713960648,0.069739117043,0.02910904555
hq259b,ok,,51.622279569,1318410737.2,1515527.741,6366115.6498,414640840.92,1199254.1936,95124254.003,0.0,0.0,0.0,-1.6091181475e-08,2.1914061316e-09,-1.6422441493e-09,1.8956424352e-08,0.0,0.0,-4.2391689076e-08,0.0,0.0,0.0,0.0,2.3558502297e-09,0.2127787104,0.019898733602,0.064245780783,0.028728986976
hq2590sm,ok,,51.622279116,1318410725.6,1515528.2003,6366117.3456,414640832.89,1199254.6056,95124248.627,0.0,0.0,0.0,-1.6091171106e-08,2.1914060534e-09,-1.6422440491e-09,1.8956410425e-08,0.0,0.0,-4.2391671929e-08,0.0,0.0,0.0,0.0,2.3558572822e-09,0.21277870257,0.019898729782,0.064245774269,0.028728974576
hq3010,ok,,52.176728571,1332571125.4,1852375.7337,7772294.2744,417457176.94,1498088.4856,97836141.394,0.0,0.0,0.0,-1.549293578e-08,2.1984043219e-09,-1.2787210835e-09,1.8912085155e-08,0.0,0.0,-3.3446154096e-08,0.0,0.0,0.0,0.0,5.6937345776e-10,0.21637614545,0.02339436874,0.061954844233,0.035032287614
hq3012,ok,,53.072666779,1355453000.5,2736198.9834,10787185.826,421915629.36,2224985.4407,102298825.16,0.0,0.0,0.0,-1.0427994566e-08,2.1526827294e-09,-6.8587645652e-10,1.283338535e-08,0.0,0.0,-1.9163150853e-08,0.0,0.0,0.0,0.0,4.8440341411e-11,0.22033188718,0.023225883524,0.052434193881,0.035114695948
hq3011,ok,,52.640440304,1344414122.9,2294837.2881,9245957.2244,419832921.95,1851128.5384,100142646.0,0.0,0.0,0.0,-1.2536231115e-08,2.1855112398e-09,-9.0102752287e-10,1.5314364427e-08,0.0,0.0,-2.6272042616e-08,0.0,0.0,0.0,0.0,-1.4150732652e-10,0.2185340103,0.023148932198,0.06029006303,0.03514397453
hq3013,ok,,53.452022157,1365141573.1,3236661.466,12479766.68,423673860.53,2641866.9894,104203483.21,0.0,0.0,0.0,-8.7943727536e-09,2.1280398817e-09,-5.2507969948e-10,1.0887331872e-08,0.0,0.0,-1.5076161883e-08,0.0,0.0,0.0,0.0,-4.1229145392e-11,0.22164934887,0.02320942088,0.048796432223,0.035238607536
hq3014,ok,,53.773906299,1373362355.1,3793705.7112,14344601.97,425022619.74,3106082.9429,105806704.36,0.0,0.0,0.0,-7.4691403091e-09,2.1054931959e-09,-4.1220182061e-10,9.2648581659e-09,0.0,0.0,-1.2537740152e-08,0.0,0.0,0.0,0.0,-1.5110103196e-10,0.22240433919,0.023095393005,0.047564496419,0.035148145338
hq3015,ok,,54.081472089,1381217452.6,4382764.3258,16304889.887,426209865.34,3602992.4306,107329451.57,0.0,0.0,0.0,-6.439568971e-09,2.0813908845e-09,-3.3328262939e-10,8.017369645e-09,0.0,0.0,-1.0491886907e-08,0.0,0.0,0.0,0.0,-1.7962748238e-10,0.22294713199,0.023057437657,0.045983467646,0.035138241667
hq308,ok,,51.184901082,1307240279.4,1129406.7801,5215674.3389,412311163.95,916939.27034,93029269.44,0.0,0.0,0.0,-2.5330640172e-08,2.2269532685e-09,-2.5891033843e-09,3.0867178355e-08,0.0,0.0,-6.4637785227e-08,0.0,0.0,0.0,0.0,1.9930988568e-09,0.21147774329,0.023613224648,0.073002352888,0.034861600517
hq3514,ok,,53.688579435,1371183143.8,3776078.7896,14499085.28,424103431.19,3116129.3691,105244255.93,0.0,0.0,0.0,-8.6473106584e-09,2.1070222222e-09,-5.3041341656e-10,1.0800474647e-08,0.0,0.0,-1.3361943167e-08,0.0,0.0,0.0,0.0,-9.5067896057e-11,0.2214823604,0.026880528347,0.050455750182,0.040783443234
hq309,ok,,51.757228572,1321857276.5,1467176.3048,6408500.4511,415362189.96,1187886.7739,95796890.671,0.0,0.0,0.0,-1.9557172708e-08,2.2148799858e-09,-1.7736955354e-09,2.3832676261e-08,0.0,0.0,-4.5195900145e-08,0.0,0.0,0.0,0.0,1.071360458e-09,0.21456260766,0.023504809502,0.066310353766,0.03496673789
hq3510,ok,,52.279847304,1335204733.3,1849657.6681,7956800.5786,417800888.61,1522193.6678,98307002.229,0.0,0.0,0.0,-1.7834788144e-08,2.1908725798e-09,-1.4907917872e-09,2.2158727163e-08,0.0,0.0,-3.375815996e-08,0.0,0.0,0.0,0.0,5.5531225841e-10,0.21685999809,0.02733133161,0.062441039431,0.040986059612
hq3512,ok,,53.111762586,1356451490.5,2735046.0796,11001367.371,421891076.99,2250971.9134,102450660.62,0.0,0.0,0.0,-1.2064601781e-08,2.1506831877e-09,-8.1052594967e-10,1.5033643361e-08,0.0,0.0,-1.9642014015e-08,0.0,0.0,0.0,0.0,-1.393688399e-11,0.22030013711,0.027150168629,0.053721813426,0.041117707337
hq3518,ok,,54.892469498,1401929976.4,6356845.0953,23003724.52,428322689.84,5323989.7201,111158515.13,0.0,0.0,0.0,-5.0631320616e-09,2.0115719231e-09,-2.5152355898e-10,6.4030698068e-09,0.0,0.0,-7.1974969592e-09,0.0,0.0,0.0,0.0,-2.0244159359e-10,0.22299648006,0.026715750714,0.045753373244,0.040703322896
hq3513,ok,,53.488686595,1366077967.0,3266032.573,12800239.408,423589606.95,2692581.5331,104333529.51,0.0,0.0,0.0,-1.0087282519e-08,2.1269693422e-09,-6.1436157034e-10,1.2601400045e-08,0.0,0.0,-1.5504238304e-08,0.0,0.0,0.0,0.0,-1.4415546134e-10,0.22150567868,0.027074857313,0.050637347319,0.041156583011
hq358,ok,,51.229026866,1308367232.9,1129960.186,5441167.1165,412348474.86,940097.27891,93204845.037,0.0,0.0,0.0,-2.8900367564e-08,2.2125317833e-09,-3.0633659911e-09,3.6096393621e-08,0.0,0.0,-6.6494788334e-08,0.0,0.0,0.0,0.0,2.1131396199e-09,0.21156895713,0.027589560648,0.075136463394,0.04078748765
hs1404,ok,,50.918670639,1300440868.8,269980.23513,2432618.3677,415476183.34,282342.92352,93139625.361,0.0,0.0,0.0,-7.6149005225e-08,2.3627126819e-09,-1.4520991474e-08,1.3383396423e-07,0.0,0.0,-4.0913277986e-07,0.0,0.0,0.0,0.0,-2.2554492463e-09,0.21554551513,0.02136287988,0.1104577641,0.036132525131
hq359,ok,,51.792580114,1322760139.6,1467017.1917,6626364.1726,415304687.66,1211592.9833,95920283.944,0.0,0.0,0.0,-2.2421362932e-08,2.204968068e-09,-2.1024510583e-09,2.7876290815e-08,0.0,0.0,-4.6384858389e-08,0.0,0.0,0.0,0.0,1.1507118118e-09,0.21449918971,0.027464673634,0.06804738469,0.040894997867
hs1620,ok,,58.240100239,1487427020.5,10363651.688,30307571.701,451811916.71,8355887.1166,132129890.48,0.0,0.0,0.0,-3.5978329471e-09,1.8448650124e-09,-2.778385259e-10,4.6624682912e-09,0.0,0.0,-9.5688615681e-09,0.0,0.0,0.0,0.0,-6.9421420418e-10,0.24099547558,0.02866615506,0.099168348346,0.048320197378
hs1712,ok,,56.619911032,1446048087.5,3510386.0752,12048440.8,446257276.56,2939371.3295,123211972.18,0.0,0.0,0.0,-1.2042953801e-08,2.0895806467e-09,-9.0942293528e-10,1.6404250358e-08,0.0,0.0,-2.6246254238e-08,0.0,0.0,0.0,0.0,-2.5962710115e-09,0.24612223748,0.033522454883,0.092134485401,0.057585252031
hs1430,ok,,60.806334973,1552967547.9,23271960.869,62891984.394,456120691.17,19421373.725,145678096.68,0.0,0.0,0.0,-1.1101443631e-09,1.6113841226e-09,-1.0613167966e-10,1.4385823976e-09,0.0,0.0,-4.9390916574e-09,0.0,0.0,0.0,0.0,-1.9405982944e-10,0.23413000266,0.020678452933,0.11494234778,0.033478633262
hs1708,ok,,54.79484787,1399436762.1,1370147.4333,7215687.5533,434862235.62,1326503.1973,112401012.73,0.0,0.0,0.0,-2.6134452671e-08,2.3019767116e-09,-2.5152370234e-09,4.348366237e-08,0.0,0.0,-5.8365814729e-08,0.0,0.0,0.0,0.0,-5.6388569668e-09,0.23675718413,0.032898363083,0.079969771242,0.059579028385
hs1606,ok,,53.463439259,1365433160.9,721430.07033,4769499.8477,428015347.04,739121.22158,105344047.43,0.0,0.0,0.0,-4.0760577608e-08,2.3663616827e-09,-5.7095525948e-09,7.1429410621e-08,0.0,0.0,-1.2733417806e-07,0.0,0.0,0.0,0.0,-5.9741660321e-09,0.23031700602,0.029110584181,0.091862705031,0.051531324729
ht13,ok,,50.365282507,1286307574.8,590297.96479,3124322.0442,412594662.8,452963.11936,90556561.482,0.0,0.0,0.0,-3.1001671028e-11,2.2558203705e-09,6.9017824205e-12,2.5508101095e-11,0.0,0.0,1.0033116934e-07,0.0,0.0,0.0,0.0,-3.7195194913e-11,0.20427928871,1.0600905638e-05,-0.059225285068,1.5057380162e-05
ht05,ok,,52.770546318,1347736974.3,306181.3662,1475241.3428,426123980.54,232073.13619,102169652.44,0.0,0.0,0.0,-3.9954134952e-11,2.2252258675e-09,9.0807479546e-12,3.2171267768e-11,0.0,0.0,1.6944552107e-07,0.0,0.0,0.0,0.0,-4.7043657125e-11,0.2273505089,6.7901665241e-06,-0.051881061138,9.8502427176e-06
ht08,ok,,50.770099091,1296646415.6,367859.54665,1871281.9322,416379681.54,269677.95433,92935861.975,0.0,0.0,0.0,-3.4187092031e-11,2.2724588002e-09,6.0745214975e-12,2.5344927132e-11,0.0,0.0,2.2310861228e-08,0.0,0.0,0.0,0.0,-4.068563517e-11,0.21119288251,6.9022927536e-06,-0.0082072632967,9.3233734047e-06
hsnlf213,ok,,53.550340266,1367652575.1,3594518.9878,12773610.656,424565781.32,2841404.9716,104796962.31,0.0,0.0,0.0,-3.9472357846e-09,2.1854816333e-09,2.6634248618e-10,4.1549904498e-09,0.0,0.0,-3.3836573763e-08,0.0,0.0,0.0,0.0,-3.6772914946e-09,0.22468395096,0.0088690413261,0.12162620687,0.014935192066
ht12,ok,,48.421921691,1236674978.4,303367.48259,1991767.3596,403881145.59,226315.63463,83172948.268,0.0,0.0,0.0,-4.7241055337e-11,2.3104941084e-09,8.3651245662e-12,3.7547438152e-11,0.0,0.0,1.6610239072e-07,0.0,0.0,0.0,0.0,-5.7018375905e-11,0.19217055621,8.2115917512e-06,-0.050390064124,1.139067179e-05
isa571,ok,,53.785732217,1373664384.0,1046378.0269,4694121.1042,429756833.75,887097.49604,106994227.34,0.0,0.0,0.0,-4.1381483792e-08,3.0430178156e-09,2.1879560278e-09,4.8090969258e-08,0.0,0.0,-4.0488290186e-08,0.0,0.0,0.0,0.0,-2.3528468009e-08,0.23302960514,0.03185960787,0.042366057199,0.050321333526
isa960,ok,,54.613292972,1394799928.4,1844718.2393,8157236.8341,433326898.44,1620765.5577,111252022.28,0.0,0.0,0.0,-2.9670141415e-08,3.0013188813e-09,2.0542871297e-09,3.6636481962e-08,0.0,0.0,-2.1484896241e-08,0.0,0.0,0.0,0.0,-1.8366717908e-08,0.23534168944,0.041119668421,0.039633579965,0.067583986499
ht14,ok,,51.197728336,1307567882.0,835311.16942,4096985.2961,416298837.54,650238.92575,94148593.578,0.0,0.0,0.0,-2.5205790109e-11,2.2182521953e-09,6.1346357838e-12,2.1130926774e-11,0.0,0.0,7.5119648211e-08,0.0,0.0,0.0,0.0,-3.0359089069e-11,0.20884527746,1.2267041967e-05,-0.062748281193,1.7650899155e-05
ht35,ok,,51.405937259,1312885448.0,954491.491,4082735.0642,415286680.31,726579.33354,94507284.403,0.0,0.0,0.0,3.8749991241e-13,2.246843867e-09,2.7191743276e-13,-2.9365955941e-13,0.0,0.0,-4.4179829317e-09,0.0,0.0,0.0,0.0,-1.5209382118e-12,0.21234311239,-5.1620603725e-07,0.0042169271157,-2.8029555071e-07
ht34,ok,,51.079673676,1304552816.9,798167.71305,3547426.8452,414004470.43,604460.90786,93076891.768,0.0,0.0,0.0,-2.5455618478e-12,2.2599167922e-09,8.7336548166e-13,1.9642810693e-12,0.0,0.0,2.4617344944e-09,0.0,0.0,0.0,0.0,-5.1104231272e-12,0.21034602994,8.8892301081e-07,-0.0019648769916,1.5678257289e-06
isa962,ok,,54.877983753,1401560016.7,1850593.5105,8397304.6516,435139877.29,1649355.9643,112811413.01,0.0,0.0,0.0,-3.0259145536e-08,3.0542317334e-09,2.9375366215e-09,3.8251776342e-08,0.0,0.0,-1.0815283715e-08,0.0,0.0,0.0,0.0,-1.9596092688e-08,0.23385653911,0.042394633592,0.020014693856,0.070788489061
ht22,ok,,48.593818347,1241065144.8,339247.77042,2128647.2239,403615334.98,256868.63737,83234857.568,0.0,0.0,0.0,-3.3126003271e-08,2.5628981052e-09,4.5804807076e-09,3.4535510276e-08,0.0,0.0,1.0963014894e-07,0.0,0.0,0.0,0.0,-3.0166122047e-08,0.19194451393,0.0070221279399,-0.0371917836,0.011716094862
isa961,ok,,54.658027999,1395942441.7,1775480.3616,7876833.5054,433693186.45,1562290.4909,111529396.65,0.0,0.0,0.0,-3.0499053694e-08,3.0275092846e-09,2.2914040961e-09,3.7799611462e-08,0.0,0.0,-2.0081764835e-08,0.0,0.0,0.0,0.0,-1.911146405e-08,0.23578866176,0.040645067007,0.03565477909,0.067112467826
ht23,ok,,50.433919921,1288060544.8,604708.61386,3164586.0923,412723604.89,467976.0145,90785319.84,0.0,0.0,0.0,-1.7944550177e-08,2.4183341683e-09,3.3455076063e-09,1.8935323569e-08,0.0,0.0,6.9807634167e-08,0.0,0.0,0.0,0.0,-1.8752975911e-08,0.20523533917,0.0065969962052,-0.042213277694,0.011450353268
ht33,ok,,50.164029374,1281167656.7,525278.51018,2621699.9442,410415689.41,393558.64303,89258284.02,0.0,0.0,0.0,-1.3233484612e-11,2.2886273439e-09,2.8569958413e-12,1.0210500781e-11,0.0,0.0,3.3972478969e-08,0.0,0.0,0.0,0.0,-1.7859493811e-11,0.20427894116,3.772324974e-06,-0.01784501314,5.3633566385e-06
j5012,ok,,54.29889339,1386770298.8,3018051.2762,10183168.431,431480808.57,2333066.1429,109498562.53,0.0,0.0,0.0,1.6524492587e-14,2.1137648726e-09,-1.7642241026e-14,-1.420002247e-14,0.0,0.0,-2.1199576368e-08,0.0,0.0,0.0,0.0,8.24081405e-14,0.23145421507,5.9474962779e-09,0.063981408514,-4.2856395937e-08
k3311,ok,,53.40175338,1363857730.2,2210607.7189,9055610.2239,424686094.25,1840595.3475,104242296.21,0.0,0.0,0.0,-1.3397331899e-08,2.2390839088e-09,-1.7097390535e-10,1.7551655764e-08,0.0,0.0,-1.8485839142e-08,0.0,0.0,0.0,0.0,-2.9657481304e-09,0.2257766596,0.023427320834,0.040864938698,0.03879982571
k1,ok,,52.109722733,1330859825.2,2612616.9837,10222484.303,416121753.3,2051918.9494,97255222.537,0.0,0.0,0.0,-2.5667920411e-09,2.1146963757e-09,-2.1026965072e-09,3.383807409e-09,0.0,0.0,-1.7519311664e-08,0.0,0.0,0.0,0.0,1.0339093502e-08,0.21086664154,0.0097448637675,0.045771251197,0.0088405927065
jx-gs-06,ok,,51.053914996,1303894951.3,793777.45123,3724749.6525,413328968.58,619848.96722,92828989.752,0.0,0.0,0.0,-1.9347731208e-08,2.4229164937e-09,2.0365906467e-09,2.1742462397e-08,0.0,0.0,5.3416167739e-09,0.0,0.0,0.0,0.0,-1.2481155856e-08,0.2110084714,0.010360842936,-0.0042400549482,0.017258676385
jx-gs-04,ok,,50.494477365,1289607155.7,712084.20734,3565908.2882,410312494.27,558812.79133,90228409.378,0.0,0.0,0.0,-2.109229737e-08,2.4762666649e-09,2.8641465439e-09,2.394273078e-08,0.0,0.0,2.9253180863e-08,0.0,0.0,0.0,0.0,-1.634214577e-08,0.20603113808,0.0099059593371,-0.020830728107,0.017049240469
kc135a,ok,,54.57323045,1393776748.9,4495054.1636,15743649.556,430057492.59,3650761.3369,110259576.65,0.0,0.0,0.0,-3.7430329867e-09,2.1203243454e-09,5.4112020319e-10,3.8372818397e-09,0.0,0.0,-1.166182458e-08,0.0,0.0,0.0,0.0,-3.318441603e-09,0.22875071433,0.01089529631,0.052420533133,0.017248789711
k3311sm,ok,,53.544489309,1367503144.2,2222569.0359,9047850.1217,425800028.99,1853305.6332,105075713.86,0.0,0.0,0.0,-1.3131352608e-08,2.2161719526e-09,-2.0776537615e-10,1.7356046554e-08,0.0,0.0,-1.8455437959e-08,0.0,0.0,0.0,0.0,-2.7398647503e-09,0.22585344979,0.023190178273,0.041018484952,0.038575011655
kc135b,ok,,53.978568123,1378589329.8,3179537.7603,11158204.215,427979982.38,2533307.7969,107325505.93,0.0,0.0,0.0,-5.3327736795e-09,2.1967956305e-09,5.2501876612e-10,5.3652175493e-09,0.0,0.0,-2.6434757617e-08,0.0,0.0,0.0,0.0,-4.4665766373e-09,0.22926510265,0.010916805279,0.084050310027,0.01705891179
jx-gs-15,ok,,52.077515813,1330037274.4,1016222.9603,4232393.826,418941636.03,786830.03731,97797929.075,0.0,0.0,0.0,-1.4871661927e-08,2.3097316187e-09,4.0800270236e-10,1.7235251026e-08,0.0,0.0,-3.0583842756e-08,0.0,0.0,0.0,0.0,-5.3176455646e-09,0.21979757747,0.010782009235,0.031080003223,0.017514857819
kc135c,ok,,53.365245625,1362925337.9,2109423.7909,7555333.0791,425330510.97,1656139.4139,104236553.39,0.0,0.0,0.0,-8.6047279823e-09,2.2852925264e-09,4.4043835071e-10,8.626322755e-09,0.0,0.0,-5.2719203421e-08,0.0,0.0,0.0,0.0,-6.6608612089e-09,0.22828727071,0.011733771531,0.11120714194,0.018196570447
jx-gs-10,ok,,51.464500664,1314381132.1,905665.00667,4046956.9827,415464105.05,706682.961,94764161.768,0.0,0.0,0.0,-1.6666936539e-08,2.3661879401e-09,1.235524588e-09,1.9274071757e-08,0.0,0.0,-1.1679966864e-08,0.0,0.0,0.0,0.0,-8.775685008e-09,0.21442610256,0.010448854243,0.010578137267,0.017455852326
l7769,ok,,50.965550429,1301638158.4,1801349.9985,10774204.346,408335800.4,1663569.8358,91463489.853,0.0,0.0,0.0,-1.8191900917e-08,2.651944526e-09,3.3632601014e-09,2.6934318766e-08,0.0,0.0,2.5397847054e-08,0.0,0.0,0.0,0.0,-1.5872385433e-08,0.198448886,0.025041285651,-0.045750411753,0.04851813507
kc135d,ok,,52.861582483,1350061998.7,1487717.8207,5608552.4654,422764022.91,1168172.109,101658656.21,0.0,0.0,0.0,-1.4741488639e-08,2.3783800661e-09,-3.374033597e-11,1.5658506634e-08,0.0,0.0,-7.8702939088e-08,0.0,0.0,0.0,0.0,-9.0307383407e-09,0.22594628235,0.014838656157,0.11708776502,0.023295439365
lds2,ok,,53.911870339,1376885897.1,2797787.8874,10168568.832,428342707.82,2230212.5568,107153449.18,0.0,0.0,0.0,-7.5080133621e-09,2.1615062843e-09,5.1036987297e-11,9.1362453089e-09,0.0,0.0,-1.9182070148e-08,0.0,0.0,0.0,0.0,-2.5147355338e-09,0.22709340648,0.015471333201,0.053667363515,0.025561276462
l188tip,ok,,54.771700483,1398845587.9,3086284.5885,10628109.802,434343949.02,2454341.9354,112162356.78,0.0,0.0,0.0,-7.6209132713e-09,2.080290444e-09,-1.1314836805e-09,1.0191400723e-08,0.0,0.0,-3.1864840582e-08,0.0,0.0,0.0,0.0,6.0486619093e-10,0.23459871497,0.019052643118,0.098343966403,0.031453562986
l188root,ok,,55.114167922,1407592058.4,4174657.3804,13934294.791,435615087.45,3314196.922,113916364.77,0.0,0.0,0.0,-4.225846273e-09,2.0479576286e-09,-5.4621646792e-10,5.6277848151e-09,0.0,0.0,-2.0022816907e-08,0.0,0.0,0.0,0.0,3.3939783186e-10,0.23383707017,0.014268332549,0.083588400379,0.023494073413
la5055,ok,,53.684144846,1371069886.4,4291113.4015,20879525.371,417662375.52,4058577.7165,103638566.65,0.0,0.0,0.0,-9.8447294888e-09,2.2400937522e-09,8.6111142442e-10,1.5600052328e-08,0.0,0.0,-9.992603773e-10,0.0,0.0,0.0,0.0,-5.5260309081e-09,0.20915553315,0.035283176959,0.0042879395966,0.066941593608
la2573a,ok,,53.194188137,1358556603.5,3108061.8795,13611808.106,420569648.74,2670090.4258,102426751.37,0.0,0.0,0.0,-7.6846872521e-09,2.3178576459e-09,2.504145646e-09,1.0219252377e-08,0.0,0.0,9.7996656425e-09,0.0,0.0,0.0,0.0,-1.242278396e-08,0.2110334604,0.013534146389,-0.030457967215,0.031762068751
lg10sc,ok,,54.427559252,1390056369.4,2147489.7368,7320709.6241,433938759.75,1640847.2472,110633893.54,0.0,0.0,0.0,-7.0906432516e-09,2.2111275414e-09,1.3595577436e-09,6.252191429e-09,0.0,0.0,-2.695527578e-08,0.0,0.0,0.0,0.0,-8.0092847332e-09,0.23427330017,0.008557340226,0.057886178089,0.013426516926
legionair140_sm,ok,,54.119693062,1382193599.8,1313935.1342,5661299.2625,432311453.08,1110050.2076,108976847.52,0.0,0.0,0.0,-2.3559363631e-08,2.5666176568e-09,1.7706617204e-09,2.950670595e-08,0.0,0.0,-2.7092709486e-08,0.0,0.0,0.0,0.0,-1.5644209471e-08,0.23503111518,0.022077288027,0.035598062875,0.038769897642
lnv109a,ok,,50.601872514,1292349981.5,2323571.1773,16514548.27,401841884.68,2395102.6657,88847512.776,0.0,0.0,0.0,-1.6705208087e-08,2.4352106191e-09,3.1017330311e-09,2.921258117e-08,0.0,0.0,2.8895024575e-08,0.0,0.0,0.0,0.0,-9.4298015743e-09,0.18272739029,0.035902558991,-0.067139646269,0.067877511621
lrn1007,ok,,51.154326564,1306459419.4,917768.96226,6561842.6706,409455620.73,966245.82428,92293486.019,0.0,0.0,0.0,-4.8513023964e-08,2.8695353759e-09,-1.1051659549e-08,7.6202080234e-08,0.0,0.0,-1.8205425601e-07,0.0,0.0,0.0,0.0,-1.1431306074e-08,0.21535146179,0.044502340147,0.16708374562,0.069935904098
lrn1015,ok,,54.551046592,1393210182.7,4733907.3675,17829677.841,427970391.14,3985452.9936,109665332.68,0.0,0.0,0.0,-9.8503579517e-09,2.2280384382e-09,-1.0852372632e-10,1.2016068026e-08,0.0,0.0,-1.8519590539e-08,0.0,0.0,0.0,0.0,-4.4688225263e-09,0.22501869174,0.035262103357,0.087670026096,0.056882952955
ls013,ok,,54.419652356,1389854430.7,3463048.5993,12026628.204,432537219.97,2706778.9306,110267436.3,0.0,0.0,0.0,-1.6270611641e-16,2.0986882367e-09,-7.5322733698e-16,-1.8805696246e-16,0.0,0.0,-2.3150367408e-08,0.0,0.0,0.0,0.0,-6.8965929053e-16,0.23141697146,8.4106444082e-12,0.080170847425,-6.5125040043e-10
ls413,ok,,54.351042352,1388102160.8,3499045.7294,12413219.326,431602733.68,2769958.7531,109760250.33,0.0,0.0,0.0,-5.903932443e-09,2.0800520052e-09,-7.1235281035e-10,6.9728085576e-09,0.0,0.0,-2.4067125837e-08,0.0,0.0,0.0,0.0,7.028504157e-10,0.22956774392,0.016800652464,0.084211973879,0.024398176005
ls417,ok,,55.596482843,1419910173.3,6170576.9136,20866116.114,436123690.85,4994774.0664,116096725.73,0.0,0.0,0.0,-3.3011890128e-09,1.9857562655e-09,-3.7868332186e-10,3.9816100724e-09,0.0,0.0,-1.2789294461e-08,0.0,0.0,0.0,0.0,3.3746033687e-10,0.2311851108,0.016878414699,0.078917325139,0.024568831191
ls421mod,ok,,56.603650508,1445632800.7,8917792.8961,30540132.668,438357072.02,7480877.9016,121025318.82,0.0,0.0,0.0,-2.3042283188e-09,1.9123193604e-09,3.1101873916e-10,2.4872063722e-09,0.0,0.0,-4.074711839e-09,0.0,0.0,0.0,0.0,-1.7053288151e-09,0.22784126081,0.014333485419,0.036337436292,0.022180391317
ls421,ok,,56.856379095,1452087379.8,9375340.1142,30504291.599,439957338.99,7774296.3079,122550185.44,0.0,0.0,0.0,-2.0997009561e-09,1.8984074084e-09,-2.1150319704e-10,2.6146750696e-09,0.0,0.0,-7.997568155e-09,0.0,0.0,0.0,0.0,9.7011562865e-11,0.23284410757,0.016499317654,0.07497992154,0.024513468065
ls417mod,ok,,55.715321884,1422945271.1,5996484.439,20932733.412,437061045.94,4901160.0405,116859967.73,0.0,0.0,0.0,-3.9380047499e-09,1.9776240856e-09,8.7412280221e-11,3.9026654021e-09,0.0,0.0,-5.293097172e-09,0.0,0.0,0.0,0.0,-9.599897376e-10,0.22893449948,0.018224061307,0.031739974826,0.023402272355
lwk80080,ok,,52.34559999,1336884028.5,1271615.0616,4750009.4528,421098505.73,953714.4313,99314199.2,0.0,0.0,0.0,1.9630066277e-16,2.2468014776e-09,-8.5469293989e-16,4.7657309742e-16,0.0,0.0,-9.9860118804e-08,0.0,0.0,0.0,0.0,9.8918480767e-16,0.22313928951,2.3294792011e-11,0.12698363113,6.0601752865e-10
lwk79100,ok,,51.635489628,1318748116.4,1644663.7752,7231044.8787,415507474.25,1310584.5251,95420030.76,0.0,0.0,0.0,9.8745332562e-18,2.2110600286e-09,-5.7284166295e-17,-3.6946942247e-16,0.0,0.0,7.0179565978e-09,0.0,0.0,0.0,0.0,2.1113363746e-16,0.21097941595,4.5438382593e-11,-0.011542178992,-6.0765297517e-10
m10,ok,,52.944426897,1352177809.2,711098.04637,3000323.8122,426004791.74,560855.8141,102773120.82,0.0,0.0,0.0,-2.4996993786e-08,2.4897855696e-09,4.7002537539e-10,3.0379471407e-08,0.0,0.0,-1.1536165862e-07,0.0,0.0,0.0,0.0,-1.7603786699e-08,0.23049354705,0.011745154922,0.082033450067,0.021602782767
m1,ok,,52.904730743,1351163986.6,698619.05589,2633719.4984,426202466.58,514227.47356,102675676.83,0.0,0.0,0.0,-1.5884857054e-15,2.249723859e-09,3.1421962285e-15,-1.1948616787e-15,0.0,0.0,-1.1816772021e-07,0.0,0.0,0.0,0.0,-6.8768587187e-15,0.2309919199,-6.7327329082e-15,0.082554221131,-8.3475313788e-10
lwk80100,ok,,53.042992573,1354695134.1,2066266.1561,7400598.6031,424325383.2,1576532.7023,102747695.1,0.0,0.0,0.0,4.5985066498e-13,2.1963303363e-09,-3.2906464579e-13,2.968045469e-13,0.0,0.0,-5.6234586525e-08,0.0,0.0,0.0,0.0,1.1849422412e-12,0.22566787965,-3.0339940185e-07,0.11619562294,6.1327719025e-07
lwk80120k25,ok,,53.649313104,1370180298.7,3047548.9874,10607233.915,426907609.6,2359328.0133,105758444.32,0.0,0.0,0.0,1.3879385772e-16,2.1499302508e-09,4.5993262718e-16,-6.350820421e-17,0.0,0.0,-3.5748253263e-08,0.0,0.0,0.0,0.0,7.2813026205e-16,0.22737327871,6.314389248e-11,0.10894455303,-1.9354436343e-10
lwk80150k25,ok,,54.195095189,1384119337.6,4822649.2213,16506313.364,428035552.05,3801852.9724,108235407.71,0.0,0.0,0.0,-6.2334658714e-18,2.0878928321e-09,4.5247891473e-17,3.4687945209e-16,0.0,0.0,-2.1619619801e-08,0.0,0.0,0.0,0.0,7.1820295249e-17,0.22598393193,8.5403679233e-11,0.1042638426,1.6728779195e-09
m11,ok,,53.277032064,1360672401.6,1305528.7947,4972028.7336,426131367.74,1018618.7088,104078071.66,0.0,0.0,0.0,-1.3664432077e-08,2.3627950767e-09,1.0413986426e-09,1.6355898055e-08,0.0,0.0,-5.1560850142e-08,0.0,0.0,0.0,0.0,-1.1355998865e-08,0.22943109083,0.011266440029,0.067314174542,0.021353095875
m12,ok,,54.948707666,1403366274.9,3028373.1229,10281172.053,436020114.13,2380033.0838,113319482.35,0.0,0.0,0.0,-6.4396775591e-09,2.1502024656e-09,3.0716548334e-10,7.6506842864e-09,0.0,0.0,-2.1378924945e-08,0.0,0.0,0.0,0.0,-3.8300426338e-09,0.23698710039,0.013167477066,0.064743361698,0.023169126665
m13,ok,,53.298697482,1361225727.0,716028.54712,4037343.4433,427083222.62,677439.0398,104398869.21,0.0,0.0,0.0,-4.2682375506e-08,2.9680993315e-09,-1.2267742669e-09,6.2139344663e-08,0.0,0.0,-1.139075575e-07,0.0,0.0,0.0,0.0,-2.5989320123e-08,0.23131651167,0.024849862969,0.081561062904,0.044493544678
m14,ok,,54.106398487,1381854062.1,1306775.0079,5864921.0294,431042751.92,1146207.6835,108582099.77,0.0,0.0,0.0,-2.5519280919e-08,2.5991291689e-09,3.9904228841e-11,3.4798716935e-08,0.0,0.0,-5.625782253e-08,0.0,0.0,0.0,0.0,-1.4916518229e-08,0.23475960171,0.025244070881,0.07351631648,0.045474093596
m15,ok,,55.174398985,1409130333.8,3075271.904,11288698.814,436063299.88,2549266.2512,114272769.51,0.0,0.0,0.0,-1.1000395721e-08,2.2972702675e-09,7.0158527356e-10,1.4192959409e-08,0.0,0.0,-2.1598431749e-08,0.0,0.0,0.0,0.0,-7.9644046777e-09,0.23688241634,0.023243226296,0.066421050329,0.043647209305
m18,ok,,55.206681281,1409954809.7,3045413.6194,11401442.254,435834018.05,2556018.5045,114339372.67,0.0,0.0,0.0,-1.1617120343e-08,2.3687616456e-09,1.0943984625e-09,1.4909695459e-08,0.0,0.0,-2.0873021896e-08,0.0,0.0,0.0,0.0,-1.003389019e-08,0.23659386331,0.023641613959,0.063566985161,0.045406189612
m16,ok,,53.287669772,1360944084.1,701303.52603,4277198.4842,427036236.56,692844.16,104318166.56,0.0,0.0,0.0,-4.2751378888e-08,3.40693652e-09,9.3755390546e-10,6.4339844885e-08,0.0,0.0,-1.0790232805e-07,0.0,0.0,0.0,0.0,-4.0158637598e-08,0.23104165488,0.023209717006,0.075672283126,0.045121760082
m17,ok,,54.037043857,1380082774.8,1300734.0898,6034634.6708,430284805.75,1160068.8163,108092934.47,0.0,0.0,0.0,-2.5479388429e-08,2.8862733949e-09,1.7864553632e-09,3.4663019417e-08,0.0,0.0,-5.4760886303e-08,0.0,0.0,0.0,0.0,-2.4380166788e-08,0.23383879781,0.0229628408,0.071229351601,0.045087371011
m19,ok,,53.471975839,1365651181.5,692442.70378,6420924.3848,425319485.19,893211.38072,104589652.76,0.0,0.0,0.0,-4.8769177284e-08,4.0025098529e-09,-1.6100582362e-09,9.7564038888e-08,0.0,0.0,-9.8889062779e-08,0.0,0.0,0.0,0.0,-4.1543019736e-08,0.22876689293,0.035121243915,0.068475010005,0.06755750688
m2,ok,,53.510811222,1366643020.4,1241506.1883,4342467.2343,429030720.37,929442.31734,105707201.81,0.0,0.0,0.0,-5.8258139726e-16,2.2029545432e-09,6.7267506696e-16,9.2241831362e-16,0.0,0.0,-7.2963415689e-08,0.0,0.0,0.0,0.0,-2.5017468241e-15,0.23286816048,3.9188394645e-15,0.090584532099,1.1451880446e-09
m22,ok,,53.824032731,1374642562.6,721741.66627,6931930.7788,427295542.39,960250.73864,106417889.5,0.0,0.0,0.0,-4.6813457947e-08,4.3480613778e-09,-1.7582925204e-10,9.5720248653e-08,0.0,0.0,-8.7737086002e-08,0.0,0.0,0.0,0.0,-4.8321848371e-08,0.2305435228,0.034329938426,0.063323510645,0.069085291758
m21,ok,,55.553342568,1418808389.3,3037954.8068,13035685.096,435499807.43,2790373.4683,115708230.26,0.0,0.0,0.0,-1.5458316955e-08,2.6224514092e-09,1.2367606026e-09,2.207069586e-08,0.0,0.0,-2.0800820127e-08,0.0,0.0,0.0,0.0,-1.349565291e-08,0.23564061321,0.03431067751,0.063191951488,0.067049776575
m20,ok,,54.453190417,1390710978.3,1310571.9184,7955488.6807,430540225.83,1389632.3299,109831118.66,0.0,0.0,0.0,-3.1813941883e-08,3.2587242843e-09,4.5630834261e-10,5.2137157322e-08,0.0,0.0,-5.1582270459e-08,0.0,0.0,0.0,0.0,-2.5568312633e-08,0.23330164795,0.035966391665,0.067602275151,0.068329494291
m23,ok,,54.604189083,1394567419.0,1312721.6431,8356067.5255,430950945.66,1437103.4569,110519928.51,0.0,0.0,0.0,-3.1686250717e-08,3.6285751955e-09,1.7002554627e-09,5.2929685862e-08,0.0,0.0,-4.90927883e-08,0.0,0.0,0.0,0.0,-3.3021416421e-08,0.23392644492,0.034514329154,0.064445165724,0.069481944196
m24,ok,,55.515921867,1417852680.8,2997528.3144,13255020.688,434585281.21,2797710.4815,115296290.06,0.0,0.0,0.0,-1.6051635686e-08,2.803778965e-09,1.8508263048e-09,2.2792327065e-08,0.0,0.0,-2.0706479961e-08,0.0,0.0,0.0,0.0,-1.6916269241e-08,0.23493402261,0.033867074979,0.062068259975,0.068320645729
m25,ok,,54.182278739,1383792011.0,717195.51948,10388814.859,425873635.55,1258078.0397,107491582.65,0.0,0.0,0.0,-4.6626004971e-08,4.7050389912e-09,-2.952898801e-09,1.2762447683e-07,0.0,0.0,-8.2311613857e-08,0.0,0.0,0.0,0.0,-4.3778899985e-08,0.22815291339,0.046235472803,0.059033520659,0.09153170296
m26,ok,,54.908427864,1402337546.2,1291271.3796,11367498.582,429015185.03,1748621.9384,111264643.1,0.0,0.0,0.0,-3.3525101326e-08,3.9496460146e-09,-7.9885874222e-11,7.0844966689e-08,0.0,0.0,-4.8132703665e-08,0.0,0.0,0.0,0.0,-3.1678910279e-08,0.23145153807,0.045945292701,0.062152382668,0.091480077877
m4,ok,,53.211939103,1359009955.5,734670.4666,3177967.8438,427717412.75,592378.00471,104208236.97,0.0,0.0,0.0,-2.6683392244e-08,2.7385792904e-09,2.9131736751e-09,3.1623865062e-08,0.0,0.0,-1.0972900026e-07,0.0,0.0,0.0,0.0,-3.2136960485e-08,0.23234298826,0.011387640273,0.080614655822,0.023233119701
m665,ok,,53.30390869,1361358819.1,1195243.9845,4435487.4237,426644604.61,921139.65396,104301386.51,0.0,0.0,0.0,-1.1017576779e-08,2.3289226329e-09,1.4684519397e-09,1.2858913582e-08,0.0,0.0,-6.4171478178e-08,0.0,0.0,0.0,0.0,-1.2896748335e-08,0.22922372095,0.0074266739781,0.076700573268,0.015369539106
m3,ok,,54.884015151,1401714056.0,3013625.5319,9975156.6233,436098740.11,2325613.3741,113070478.02,0.0,0.0,0.0,-7.0435368606e-17,2.0959526727e-09,3.7713044187e-16,2.0352777937e-16,0.0,0.0,-2.0309699216e-08,0.0,0.0,0.0,0.0,-2.9725702767e-16,0.23699037062,-2.7173749993e-14,0.061205828102,6.1335651236e-10
m5,ok,,54.196647045,1384158971.3,1364313.5292,5117822.2356,433133614.61,1075717.4904,109464570.58,0.0,0.0,0.0,-1.3303863654e-08,2.4078533385e-09,2.0863520911e-09,1.5775192214e-08,0.0,0.0,-5.1398186724e-08,0.0,0.0,0.0,0.0,-1.6662690212e-08,0.23738582356,0.010059477954,0.070123241526,0.021522308163
m6,ok,,55.132088956,1408049753.9,3081330.9506,10513871.745,437044667.62,2441661.7539,114342518.5,0.0,0.0,0.0,-6.3511908475e-09,2.1993623954e-09,1.1111892268e-09,7.5326690593e-09,0.0,0.0,-2.0901395303e-08,0.0,0.0,0.0,0.0,-7.4820215061e-09,0.2381280086,0.011161010086,0.064404116259,0.023210646313
m27,ok,,56.057813557,1431692360.6,2993648.6652,15629749.382,434395179.56,3146625.9586,117534537.81,0.0,0.0,0.0,-1.8890747353e-08,3.0736669374e-09,1.3410361217e-09,3.0535437713e-08,0.0,0.0,-2.1367357154e-08,0.0,0.0,0.0,0.0,-1.7954973108e-08,0.23463069274,0.046338544652,0.063966360223,0.091412372351
m685,ok,,54.238543918,1385228999.3,2172616.8105,7614182.4571,431626098.99,1702466.1177,109271928.51,0.0,0.0,0.0,-7.7559324108e-09,2.2503132271e-09,1.2328214242e-09,9.2157219783e-09,0.0,0.0,-3.1852647511e-08,0.0,0.0,0.0,0.0,-9.1075347228e-09,0.23269519489,0.0095985552083,0.069203597443,0.020022232491
m7,ok,,53.31139963,1361550134.4,709098.46105,4644991.3875,426579233.92,732766.29106,104246163.04,0.0,0.0,0.0,-5.0925415052e-08,4.365352903e-09,3.0905900529e-09,7.4287092155e-08,0.0,0.0,-9.738276313e-08,0.0,0.0,0.0,0.0,-5.7526658741e-08,0.23047133321,0.027650802686,0.069053967468,0.052676862723
m8,ok,,52.89202512,1350839490.5,1411463.6817,14986530.386,414683403.21,1891627.1689,99987215.832,0.0,0.0,0.0,-3.0585581101e-08,3.2083236814e-09,6.7913225269e-09,6.870149684e-08,0.0,0.0,4.6629793362e-08,0.0,0.0,0.0,0.0,-1.9983062997e-08,0.20472318561,0.050191085152,-0.065816259814,0.096969667665
m9,ok,,52.034400953,1328936139.4,1134116.0977,12297545.961,412223592.53,1472696.0351,96255090.709,0.0,0.0,0.0,-3.4753936317e-08,3.2355372495e-09,7.3519307161e-09,7.5239473508e-08,0.0,0.0,5.8441549384e-08,0.0,0.0,0.0,0.0,-2.1933809647e-08,0.20304907536,0.044670511431,-0.066279501933,0.08533029809
ma409,ok,,52.206446604,1333330111.1,770787.93683,4182695.8806,419405693.17,681761.56482,98411366.934,0.0,0.0,0.0,-5.2071341215e-08,2.8249903084e-09,-4.5929018841e-10,6.5586634378e-08,0.0,0.0,-6.0255023059e-08,0.0,0.0,0.0,0.0,-1.5762485682e-08,0.22291057837,0.033108635304,0.046443844907,0.050553386595
marske3,ok,,53.610055746,1369177682.7,2296095.4435,7555439.877,426276342.43,2382911.4203,105466837.02,0.0,0.0,0.0,-8.25330708e-09,2.3826191942e-09,6.1715740409e-09,1.1515645907e-08,0.0,0.0,6.5759367582e-08,0.0,0.0,0.0,0.0,-1.4503140194e-08,0.22089736063,0.01204749381,-0.15098978427,0.026441022096
ma409sm,ok,,52.355584423,1337139026.6,760896.6862,4108108.1606,420735352.82,675425.66793,99289795.588,0.0,0.0,0.0,-3.2671952028e-08,2.0175688695e-09,-3.7887183678e-09,4.9741692594e-08,0.0,0.0,-5.8744919682e-08,0.0,0.0,0.0,0.0,9.6916470633e-09,0.221550484,0.023518756376,0.044698814718,0.037848289061
marske1,ok,,53.943962926,1377705528.0,2513436.0529,9724409.5464,426050041.55,2858153.7855,106725414.64,0.0,0.0,0.0,-7.3450120937e-09,2.3369843359e-09,6.4147249601e-09,1.3447987438e-08,0.0,0.0,7.7212400942e-08,0.0,0.0,0.0,0.0,-1.3585921215e-08,0.21858925551,0.012524646335,-0.19406843226,0.033800656465
marske4,ok,,53.437590572,1364772996.8,1575998.1545,5384744.6359,426240616.44,1643214.8457,104764259.19,0.0,0.0,0.0,-1.2061854008e-08,2.5448519376e-09,9.3106337151e-09,1.7141389048e-08,0.0,0.0,1.0849797678e-07,0.0,0.0,0.0,0.0,-2.1512663627e-08,0.22160064234,0.01200190725,-0.17099261117,0.027014797506
marske2,ok,,53.635354248,1369823795.6,2277088.2565,7494355.7803,426560215.9,2364239.8957,105638330.41,0.0,0.0,0.0,-7.9024509063e-09,2.3519102597e-09,5.9742677145e-09,1.0918156842e-08,0.0,0.0,6.7784515494e-08,0.0,0.0,0.0,0.0,-1.3982899149e-08,0.22057615743,0.011404041723,-0.15435132421,0.024861606727
marske5,ok,,53.832285527,1374853335.4,2371717.5595,7890562.673,427498110.81,2470151.492,106662108.82,0.0,0.0,0.0,-9.6002367724e-09,2.4634827749e-09,7.3945636148e-09,1.3499754873e-08,0.0,0.0,6.8633323587e-08,0.0,0.0,0.0,0.0,-1.7062732993e-08,0.21912324119,0.01450496162,-0.16277885871,0.032017605679
marske7,ok,,54.275612791,1386175722.4,2855541.3316,10767179.107,429772830.7,2375426.0503,108958901.21,0.0,0.0,0.0,-8.7020352305e-09,2.3455106067e-09,8.5974262258e-10,1.1518583987e-08,0.0,0.0,-3.7812585751e-08,0.0,0.0,0.0,0.0,-1.0131136627e-08,0.23259455759,0.01508241025,0.10797540147,0.032891792657
mb253515sm,ok,,54.571905462,1393742909.3,4460480.5779,15680982.177,429671790.91,3636308.6736,110171395.66,0.0,0.0,0.0,-5.1383056895e-09,2.1602407412e-09,1.5457564742e-10,6.3472597362e-09,0.0,0.0,-1.6356064734e-08,0.0,0.0,0.0,0.0,-2.8884084295e-09,0.23202381281,0.01624933985,0.072955909079,0.028311828776
mh106,ok,,53.525539505,1367019174.4,2917379.1955,11398669.96,424946141.4,2373574.3638,104791402.13,0.0,0.0,0.0,-3.0451575956e-09,2.1702692666e-09,1.1214437316e-09,3.2693240129e-09,0.0,0.0,2.3813540174e-09,0.0,0.0,0.0,0.0,-5.6356192366e-09,0.22311536928,0.0042441687434,-0.0069473126675,0.0095378578587
mh110,ok,,52.568734553,1342582788.9,1654921.2694,6999702.543,420913260.3,1323073.0258,100119475.72,0.0,0.0,0.0,-4.9575822978e-09,2.2902732006e-09,2.736603807e-09,4.3064194405e-09,0.0,0.0,1.3332146673e-08,0.0,0.0,0.0,0.0,-1.4936762219e-08,0.21940107066,0.0022242263942,-0.022063653097,0.0071267851272
mh104,ok,,54.111037294,1381972535.2,4083861.2149,15692092.001,426547695.01,3395486.6185,107521771.31,0.0,0.0,0.0,-4.4337793889e-09,2.158894109e-09,1.1035465475e-09,5.3444209133e-09,0.0,0.0,3.6702869226e-10,0.0,0.0,0.0,0.0,-5.4190859254e-09,0.22327493494,0.010950312733,-0.0014988942411,0.021825873284
mh102,ok,,54.770325011,1398810458.9,5187582.7119,19949336.039,428939594.25,4407861.5667,110812773.6,0.0,0.0,0.0,-5.078028025e-09,2.041746379e-09,4.2862399774e-10,6.7418436176e-09,0.0,0.0,2.2100452983e-09,0.0,0.0,0.0,0.0,-1.7256544405e-09,0.22195771967,0.020696182305,-0.011464792782,0.034973871397
mh108,ok,,53.251558178,1360021809.6,2450795.9669,9883134.0338,424050841.6,1983645.8492,103502176.95,0.0,0.0,0.0,-3.8798971464e-09,2.1938111342e-09,1.5287405232e-09,4.1318619318e-09,0.0,0.0,9.7885786402e-09,0.0,0.0,0.0,0.0,-7.6367549997e-09,0.22092774209,0.0043506101732,-0.023989809053,0.010126350558
mh112,ok,,55.109227588,1407465884.4,5135947.6167,22224044.91,427564596.67,4748339.5589,111878914.97,0.0,0.0,0.0,-1.103586471e-08,1.931279273e-09,-6.9415521978e-10,1.6470294349e-08,0.0,0.0,-6.5832806877e-09,0.0,0.0,0.0,0.0,5.6920346376e-10,0.21940484045,0.052995438373,0.033811384758,0.084590569008
mh113,ok,,54.52707063,1392597847.0,4130510.3252,18386961.89,425914819.5,3789502.4992,109079519.93,0.0,0.0,0.0,-1.3054146659e-08,1.978631483e-09,-8.7356404207e-10,1.9215289923e-08,0.0,0.0,-8.807873454e-09,0.0,0.0,0.0,0.0,7.5598906836e-10,0.21990567261,0.050099138076,0.036381012244,0.079368953426
mh114,ok,,54.009562793,1379380920.3,3248836.4085,14982900.169,424272634.91,2982523.5472,106585270.52,0.0,0.0,0.0,-1.5885094491e-08,2.0023183894e-09,-1.3733170242e-09,2.3325065412e-08,0.0,0.0,-1.426461337e-08,0.0,0.0,0.0,0.0,1.3870547477e-09,0.22041818534,0.048290371784,0.046343395269,0.075779321741
mh116,ok,,52.743736556,1347052264.6,1844104.437,8256837.459,420233292.68,1573065.9683,100628748.35,0.0,0.0,0.0,-1.8142377863e-08,2.1321264336e-09,-1.7986815006e-09,2.5353784494e-08,0.0,0.0,-3.0160494773e-08,0.0,0.0,0.0,0.0,1.9715675407e-09,0.22021318311,0.029222413192,0.055619102235,0.046755026481
mh200,ok,,53.395629133,1363701319.6,3450724.1263,12403432.695,423301364.95,2730226.238,103886677.54,0.0,0.0,0.0,-5.8384007191e-09,2.1454134004e-09,-8.1588286786e-10,6.9172832066e-09,0.0,0.0,-2.7522184806e-08,0.0,0.0,0.0,0.0,6.8880243938e-10,0.2240196966,0.016361502673,0.094971467121,0.02386963605
mh117,ok,,52.332183748,1336541383.5,1753268.2911,7543657.7533,418564349.47,1430589.4936,98670248.102,0.0,0.0,0.0,-1.3451093622e-08,2.1956975141e-09,-4.5704987066e-10,1.7909646386e-08,0.0,0.0,-1.3125850362e-08,0.0,0.0,0.0,0.0,9.3282778714e-11,0.21682713158,0.019271929004,0.023013137232,0.031400415112
mh121,ok,,52.483766604,1340412744.2,1413941.8345,5813288.0536,420045740.5,1136840.1025,99572905.406,0.0,0.0,0.0,-1.4917367414e-08,2.0085041145e-09,-4.8749594128e-09,2.0929318428e-08,0.0,0.0,-7.6086266518e-08,0.0,0.0,0.0,0.0,1.4297925261e-08,0.22408293427,0.020606516189,0.10758155526,0.029592838893
mh126,ok,,57.215194589,1461251372.6,12988864.599,46542247.17,428833576.9,11834744.51,121081684.6,0.0,0.0,0.0,-4.706922081e-09,1.8580442655e-09,-2.8400135315e-10,6.7915242703e-09,0.0,0.0,-5.5959023493e-09,0.0,0.0,0.0,0.0,-9.2710899158e-10,0.21869186653,0.053312826158,0.072684417925,0.088214189167
mh122,ok,,52.836051664,1349409952.6,1642087.6192,6735884.2901,421847082.28,1340108.3921,101350893.74,0.0,0.0,0.0,-1.5707000469e-08,1.9816010883e-09,-4.3761789633e-09,2.1776950204e-08,0.0,0.0,-6.3063150062e-08,0.0,0.0,0.0,0.0,1.1384870469e-08,0.2250774919,0.024488859693,0.10355521794,0.035759660314
mh23,ok,,53.045829016,1354767575.6,1346919.9016,4767556.1425,424305353.21,1010064.0545,102735110.3,0.0,0.0,0.0,-1.0248206116e-08,2.2814349478e-09,-3.1252283321e-10,1.1442292873e-08,0.0,0.0,-8.7951036737e-08,0.0,0.0,0.0,0.0,-5.0743157097e-09,0.22898098911,0.0091779726485,0.11846300175,0.015411851991
mh22,ok,,50.775359674,1296780768.7,853423.11494,4134592.6509,411054147.44,680721.24521,91327299.754,0.0,0.0,0.0,-1.9875015481e-08,2.4794355497e-09,1.4655798048e-09,2.5150327135e-08,0.0,0.0,-2.6059508622e-08,0.0,0.0,0.0,0.0,-1.3416601262e-08,0.20984358924,0.011613827101,0.022239787022,0.021463870525
mh24,ok,,53.372391113,1363107830.6,1792170.3937,6099818.9763,426077233.44,1342707.2629,104447719.2,0.0,0.0,0.0,-7.9164864061e-09,2.2477563059e-09,-4.0611345874e-10,8.5643603988e-09,0.0,0.0,-7.7694585558e-08,0.0,0.0,0.0,0.0,-3.7548737359e-09,0.23059820231,0.0094671614884,0.13924193599,0.015348793148
mh25,ok,,53.799985888,1374028416.6,2279527.0164,7528422.2211,428544161.45,1714866.5375,106755847.24,0.0,0.0,0.0,-6.869917731e-09,2.216945391e-09,-5.5900619207e-10,7.5191800093e-09,0.0,0.0,-6.7865659854e-08,0.0,0.0,0.0,0.0,-2.790010819e-09,0.23315740906,0.010665699441,0.15470160512,0.017140173973
mh26,ok,,54.221340078,1384789620.7,2834775.8145,9100816.9817,430985210.48,2139637.2292,109067176.35,0.0,0.0,0.0,-5.6810923383e-09,2.1859796769e-09,-5.8930849145e-10,6.2926653477e-09,0.0,0.0,-5.9101457029e-08,0.0,0.0,0.0,0.0,-2.0608538402e-09,0.23568169754,0.011116463504,0.16753938099,0.017838295536
mh27,ok,,54.573337542,1393779484.0,3452061.1286,10822486.501,432938767.34,2610573.8505,111003493.14,0.0,0.0,0.0,-4.6252034751e-09,2.1607538991e-09,-5.2943324647e-10,5.1125650165e-09,0.0,0.0,-5.2154893615e-08,0.0,0.0,0.0,0.0,-1.6878208838e-09,0.23758426788,0.011027815203,0.18004188091,0.017648886961
mh42,ok,,51.506970332,1315465789.0,1405878.5228,6096548.7688,413953124.06,1116544.5046,94540956.539,0.0,0.0,0.0,-1.2822898139e-08,2.340158662e-09,6.6706101365e-10,1.5923960494e-08,0.0,0.0,-1.884689993e-08,0.0,0.0,0.0,0.0,-6.4222010428e-09,0.21253639717,0.01279397313,0.026496451832,0.022387154056
mh43,ok,,50.828546584,1298139139.4,1249333.9133,5619345.8285,409778386.9,987934.77399,91167219.081,0.0,0.0,0.0,-1.3380913912e-08,2.3580474044e-09,5.0012217586e-10,1.6808943808e-08,0.0,0.0,-2.3426748408e-08,0.0,0.0,0.0,0.0,-6.1051555458e-09,0.20761089213,0.011967706165,0.029267831265,0.020999983546
mh38,ok,,51.7411261,1321446026.0,1679284.6941,8133541.4337,413458730.14,1454294.0962,95294523.556,0.0,0.0,0.0,-1.8616438792e-08,2.2138506936e-09,-1.3725881012e-09,2.6913469586e-08,0.0,0.0,-2.750403436e-08,0.0,0.0,0.0,0.0,4.8399176598e-10,0.2122164313,0.027223162733,0.046187103928,0.045195377541
mh30,ok,,51.653537793,1319209058.7,1119129.8891,4710133.2828,415444107.15,869706.0967,95407412.453,0.0,0.0,0.0,-1.5238437518e-08,2.2786654044e-09,-6.1558745763e-10,1.847608916e-08,0.0,0.0,-4.0431102113e-08,0.0,0.0,0.0,0.0,-1.27056802e-09,0.21579475682,0.013014520367,0.045247654826,0.020677143614
mh44,ok,,52.418315943,1338741162.6,1680985.5967,6872929.4236,420066754.45,1326570.2873,99349647.728,0.0,0.0,0.0,-9.2014232667e-09,2.2925736523e-09,1.1409743691e-09,1.1293204439e-08,0.0,0.0,-1.1178342525e-08,0.0,0.0,0.0,0.0,-7.2993339698e-09,0.21889287162,0.010087736355,0.018790632779,0.018983714002
mh32,ok,,51.983120863,1327626468.1,1391337.7501,5889963.8782,416812592.46,1108775.9013,96942680.14,0.0,0.0,0.0,-1.6477736359e-08,2.2777320724e-09,-5.1757154932e-10,2.0424190027e-08,0.0,0.0,-3.2020304237e-08,0.0,0.0,0.0,0.0,-2.2725561325e-09,0.21678298643,0.017723990701,0.044551058054,0.028416946599
mh33,ok,,52.077632293,1330040249.2,976914.76609,3860247.7536,418399762.85,739400.5406,97645368.097,0.0,0.0,0.0,-1.1645183493e-08,2.2792620588e-09,-2.1534638887e-10,1.3275232868e-08,0.0,0.0,-4.99781368e-08,0.0,0.0,0.0,0.0,-2.409288468e-09,0.22053301106,0.008217617303,0.048824379822,0.012968771012
mh70,ok,,52.501057143,1340854337.1,2250593.7599,9585131.8971,418610267.03,1851750.0541,99325309.228,0.0,0.0,0.0,-1.3050550042e-08,2.3075519415e-09,8.8818896077e-10,1.6384415538e-08,0.0,0.0,-6.1420210172e-09,0.0,0.0,0.0,0.0,-6.1592943882e-09,0.21438358003,0.021724090509,0.013823194175,0.03687466337
mh78,ok,,53.452364748,1365150322.7,3554224.5635,14806673.249,422256820.38,2976129.0938,103875504.58,0.0,0.0,0.0,-6.0917535249e-09,2.2617013624e-09,2.7064526641e-09,6.4274618139e-09,0.0,0.0,1.3183518061e-08,0.0,0.0,0.0,0.0,-1.2754661999e-08,0.21056615072,0.010151937475,-0.046857183726,0.02284464266
mh80,ok,,52.430239105,1339045675.1,2687174.7656,11818124.394,416562237.3,2245466.0462,98577749.067,0.0,0.0,0.0,-9.9448567496e-09,2.4444291198e-09,3.0230338061e-09,1.1543226028e-08,0.0,0.0,1.3548376269e-08,0.0,0.0,0.0,0.0,-1.4677367273e-08,0.2083885394,0.015480092667,-0.036406854825,0.031018665697
mh81,ok,,52.347245562,1336926055.9,2774860.3817,12565372.842,415409045.17,2356354.1774,98003646.007,0.0,0.0,0.0,-1.1358950297e-08,2.4768451055e-09,2.942581759e-09,1.3802975693e-08,0.0,0.0,1.3966182607e-08,0.0,0.0,0.0,0.0,-1.380001069e-08,0.20627724049,0.020079825639,-0.0387542068,0.0383013304
mh82,ok,,52.286905348,1335384992.7,2879136.3314,13428806.823,414298851.59,2488305.9334,97527123.854,0.0,0.0,0.0,-1.2436658883e-08,2.4907564281e-09,2.8149925722e-09,1.570680653e-08,0.0,0.0,1.3822536854e-08,0.0,0.0,0.0,0.0,-1.2753312013e-08,0.20417430071,0.024492253594,-0.039796968047,0.04522203733
mh91,ok,,53.61353254,1369266478.5,4266110.6457,15994610.56,423295886.71,3453971.6195,104755910.51,0.0,0.0,0.0,-3.4390846145e-09,2.1543419977e-09,1.3605661132e-09,3.0965426852e-09,0.0,0.0,-3.1981338553e-09,0.0,0.0,0.0,0.0,-6.8616791822e-09,0.21701061041,0.0067392561962,0.013643592886,0.013210193714
mh92,ok,,53.777006199,1373441525.2,4585212.6785,17044306.837,423910219.67,3721291.7186,105554709.58,0.0,0.0,0.0,-3.110758091e-09,2.1393770706e-09,1.3419925924e-09,2.7116498893e-09,0.0,0.0,-3.5900416935e-09,0.0,0.0,0.0,0.0,-6.7124469574e-09,0.21747320244,0.0061477597438,0.01646110469,0.012433491452
mh93,ok,,53.937014125,1377528058.6,4914954.6761,18110278.344,424495117.06,3997247.1421,106336702.38,0.0,0.0,0.0,-2.7849605199e-09,2.1240044552e-09,1.3199981511e-09,2.3259222478e-09,0.0,0.0,-4.0171042222e-09,0.0,0.0,0.0,0.0,-6.5433425153e-09,0.21795322518,0.0054353974911,0.019743885182,0.011431802428
mh94,ok,,54.825218352,1400212411.2,5346578.2426,18139233.567,431434354.76,4270695.2681,111671808.84,0.0,0.0,0.0,-2.5813662635e-09,2.0176198811e-09,-1.6254741818e-10,2.4192200803e-09,0.0,0.0,-8.7317376178e-09,0.0,0.0,0.0,0.0,2.8437347102e-10,0.22566100706,0.011298305087,0.046684918367,0.012934549446
miley,ok,,52.563108405,1342439099.5,2635314.9194,13547239.027,415484867.89,2456636.6548,98839657.067,0.0,0.0,0.0,-1.5637048361e-08,2.6934051316e-09,1.9764945842e-09,2.2363357683e-08,0.0,0.0,-5.7781918088e-09,0.0,0.0,0.0,0.0,-1.4062882363e-08,0.21249391243,0.031111562323,0.015227355081,0.05893449015
mh95,ok,,54.958543851,1403617486.8,5565025.607,18289886.758,432587303.07,4385074.0101,112523001.37,0.0,0.0,0.0,-2.9252522545e-09,2.0384351254e-09,1.6249880209e-11,2.7340501488e-09,0.0,0.0,-1.3330423904e-08,0.0,0.0,0.0,0.0,-9.7000983607e-10,0.22796642447,0.011858000897,0.074184150379,0.015215059089
mi-vawt1,ok,,57.868861617,1477945746.2,8839065.5048,28424162.793,447723059.4,7617849.5598,129201873.99,0.0,0.0,0.0,-4.576892566e-10,1.8337578836e-09,8.1252806908e-11,5.2405473866e-10,0.0,0.0,9.1106859012e-11,0.0,0.0,0.0,0.0,-3.1069988595e-10,0.23678358164,0.0029261905523,-0.00080529949475,0.0046321541631
mrc-16,ok,,54.864403828,1401213191.3,4050000.7114,14134267.699,432923595.59,3284485.2584,112199104.11,0.0,0.0,0.0,-7.2578971648e-09,2.1429605464e-09,-4.4533140612e-11,9.1260146605e-09,0.0,0.0,-1.8542849656e-08,0.0,0.0,0.0,0.0,-2.9823338825e-09,0.23243777559,0.021563759562,0.075098554296,0.036960365867
ms317,ok,,55.638884192,1420993085.5,6113499.52,20796444.777,436707539.63,4948289.8826,116429756.59,0.0,0.0,0.0,-2.6716275702e-09,1.9826066591e-09,-1.2368771454e-10,2.8619358266e-09,0.0,0.0,-9.526016562e-09,0.0,0.0,0.0,0.0,-1.4962048873e-10,0.23060398273,0.013049263901,0.05823729768,0.017496443302
mrc-20,ok,,55.258530144,1411279007.3,5088938.0162,16730643.589,434484592.02,4092417.1154,114248438.36,0.0,0.0,0.0,-6.0868016376e-09,2.1010344891e-09,-3.6696852195e-10,7.0655548263e-09,0.0,0.0,-2.2446964323e-08,0.0,0.0,0.0,0.0,-1.8657543728e-09,0.23471564773,0.023118970748,0.11423121009,0.035956170561
n0009sm,ok,,53.4099337,1364066652.0,1571797.3713,5702189.7464,427242868.71,1198764.2671,104877059.6,0.0,0.0,0.0,1.0658453471e-16,2.1771933917e-09,-4.6190790721e-17,1.9231230385e-16,0.0,0.0,-2.3952525276e-08,0.0,0.0,0.0,0.0,4.667312221e-16,0.2283376411,-1.4659003395e-14,0.037648516264,3.0227597366e-10
ms313,ok,,54.414495313,1389722722.0,3644888.9204,12810228.791,432079222.12,2867694.9663,110140209.85,0.0,0.0,0.0,-4.6385296086e-09,2.085114729e-09,-2.5311068251e-10,5.0009750925e-09,0.0,0.0,-1.9635613199e-08,0.0,0.0,0.0,0.0,-3.7128896233e-10,0.22911074115,0.013057959039,0.071569628993,0.018227998706
mue139,ok,,54.917176615,1402560985.5,3283277.1584,14599677.615,431977384.73,2939566.7966,112193494.01,0.0,0.0,0.0,-1.226254548e-08,2.264378696e-09,2.3767234293e-09,1.7190868711e-08,0.0,0.0,1.5876320766e-08,0.0,0.0,0.0,0.0,-8.0371818243e-09,0.22139895479,0.030833520977,-0.052126361329,0.056442386571
n0011sc,ok,,55.086481967,1406884971.1,2994064.2708,9106046.7026,438117040.51,2221507.3167,114441820.41,0.0,0.0,0.0,-5.2468567814e-17,2.0744143152e-09,3.2507492293e-15,2.1328579111e-15,0.0,0.0,-4.3681940887e-08,0.0,0.0,0.0,0.0,-4.1604353244e-16,0.23739975052,-1.028559287e-10,0.13078653849,6.3859136664e-09
n10,ok,,54.809469469,1399810191.5,2554429.4919,9797559.0614,434461008.47,2119925.7868,112350935.29,0.0,0.0,0.0,-2.3639248011e-08,2.9896214139e-09,2.7942660116e-09,2.5511334886e-08,0.0,0.0,-1.4495920176e-08,0.0,0.0,0.0,0.0,-1.7698617876e-08,0.23575571629,0.041327338035,0.03702880601,0.06516690621
n11,ok,,54.606320405,1394621852.1,2435150.9946,9937005.8148,432404063.47,2081492.0592,110997348.05,0.0,0.0,0.0,-2.4070357942e-08,2.878716585e-09,2.0266420884e-09,2.8201255918e-08,0.0,0.0,-1.6187988214e-08,0.0,0.0,0.0,0.0,-1.5457122937e-08,0.23323202991,0.042643314557,0.0394201956,0.068674316399
n0012,ok,,54.6651678,1396124789.1,2929747.556,10059156.972,434557439.43,2284398.1182,111772524.26,0.0,0.0,0.0,-2.8690031599e-14,2.083125136e-09,1.7919650103e-14,-1.3682699184e-14,0.0,0.0,-1.0930644615e-08,0.0,0.0,0.0,0.0,-7.0944517402e-14,0.2328361548,2.7804741216e-08,0.032024029347,-4.0086854492e-08
n11h9,ok,,52.210665136,1333437850.6,1403129.302,7302232.0435,418179029.26,1275867.1653,98198933.776,0.0,0.0,0.0,-2.7160447896e-08,3.2925289553e-09,2.1290597537e-09,3.579133991e-08,0.0,0.0,-5.8889449701e-08,0.0,0.0,0.0,0.0,-3.1222706079e-08,0.21655440515,0.026068438155,0.082629512453,0.050219877785
n12,ok,,54.151013453,1382993509.1,2212932.3995,7584700.8162,431263576.62,1701782.5542,108834800.59,0.0,0.0,0.0,-4.2232532733e-10,2.152752037e-09,1.1595344293e-10,3.374935343e-10,0.0,0.0,-2.5046389001e-08,0.0,0.0,0.0,0.0,-6.6735278806e-10,0.23424183121,0.00045268051853,0.055425965711,0.00074685037669
n14,ok,,54.412594537,1389674177.0,2921398.8044,9694001.1877,432467323.47,2237374.6413,110210999.9,0.0,0.0,0.0,-1.0112031863e-10,2.1197915682e-09,-1.2819276551e-11,1.7845297095e-10,0.0,0.0,-2.4597711763e-08,0.0,0.0,0.0,0.0,-2.3157333003e-11,0.23362377025,0.00021413960895,0.071859725734,0.00052133229595
n13,ok,,54.48286945,1391468968.0,2965961.9503,9834023.5948,432787966.27,2284500.0769,110577571.51,0.0,0.0,0.0,3.0877278984e-11,2.125142497e-09,-6.4113200908e-11,-1.247612664e-10,0.0,0.0,-2.3408825221e-08,0.0,0.0,0.0,0.0,3.5630860861e-10,0.23499015822,0.00012073987967,0.069429684908,-0.000370037169
n22,ok,,55.063525364,1406298669.4,3067075.9556,11906401.851,435244067.44,2584272.7264,113615631.46,0.0,0.0,0.0,-2.1359344948e-08,2.9479119893e-09,2.7413992993e-09,2.3680773407e-08,0.0,0.0,-8.7718801279e-09,0.0,0.0,0.0,0.0,-1.5937217006e-08,0.23439785359,0.045623769474,0.026904022625,0.072630730725
n1h15,ok,,53.847365405,1375238469.0,4298141.6468,18781361.006,420403553.13,3866515.9871,104970063.0,0.0,0.0,0.0,-9.9673625957e-09,2.3601849559e-09,-9.60550373e-10,1.4993807465e-08,0.0,0.0,-3.3299959034e-08,0.0,0.0,0.0,0.0,-6.1843120958e-09,0.22258334997,0.033236353808,0.14312794076,0.06444550831
n2414,ok,,55.304579956,1412455099.6,4060589.1442,13913990.871,437094602.92,3249600.5885,115102392.68,0.0,0.0,0.0,-4.4778902502e-09,2.0422243333e-09,-3.5797064004e-13,5.8249277834e-09,0.0,0.0,-8.1261724568e-09,0.0,0.0,0.0,0.0,-8.9952362446e-10,0.23355623198,0.013868770268,0.032997047662,0.023652638523
n24,ok,,56.887484894,1452881808.4,5883857.4128,21829186.88,442340354.77,5167432.154,123334181.28,0.0,0.0,0.0,-1.4693414289e-08,2.804484229e-09,2.3236692299e-09,1.6993262966e-08,0.0,0.0,-3.2350447581e-09,0.0,0.0,0.0,0.0,-1.1481745617e-08,0.23709310988,0.062089221556,0.019034542081,0.099985936268
n2h15,ok,,55.31779788,1412792679.7,3723544.4524,13444872.494,431115151.44,3824539.4724,113575738.67,0.0,0.0,0.0,-7.9378859512e-09,2.321210605e-09,1.736934137e-09,1.4980018136e-08,0.0,0.0,-8.6492914697e-09,0.0,0.0,0.0,0.0,-8.0463210752e-09,0.23563072107,0.023130273491,0.032206021269,0.055778763425
n2415,ok,,55.584694379,1419609101.1,4694770.1643,15873446.199,438244310.28,3772627.2022,116592240.77,0.0,0.0,0.0,-3.8709165077e-09,2.0156112157e-09,1.4390255047e-11,5.030847745e-09,0.0,0.0,-6.9746658815e-09,0.0,0.0,0.0,0.0,-8.171477887e-10,0.23361099709,0.013883486697,0.032744453286,0.023618673894
n5h10,ok,,52.656056608,1344812956.5,1888027.8129,7395218.8882,420476696.93,1502455.1605,100329493.82,0.0,0.0,0.0,-1.093690348e-08,2.4550352013e-09,9.4923799616e-10,1.3015398772e-08,0.0,0.0,-6.4939291736e-08,0.0,0.0,0.0,0.0,-1.3457999958e-08,0.22402283007,0.011907400594,0.12260718895,0.024573434878
n5h20,ok,,55.583948355,1419590047.9,8187199.2042,28532863.151,428534264.38,6933282.2776,114055841.13,0.0,0.0,0.0,-4.6728323711e-09,2.1807622251e-09,6.0967127711e-10,5.7251508801e-09,0.0,0.0,-1.3992373474e-08,0.0,0.0,0.0,0.0,-5.6013863246e-09,0.2276303841,0.023595770282,0.11455834897,0.046872950729
n5h15,ok,,54.445806008,1390522383.6,4745432.6966,17082894.038,427211946.8,3925750.0997,109023348.94,0.0,0.0,0.0,-5.060565964e-09,2.2354373312e-09,6.9258391012e-10,6.564390004e-09,0.0,0.0,-2.1232533428e-08,0.0,0.0,0.0,0.0,-6.4067487679e-09,0.22967835691,0.01409906767,0.10075755836,0.031150870958
n63010a,ok,,53.105097578,1356281269.1,1861786.7178,6758301.8948,424438395.81,1441077.2551,103003223.37,0.0,0.0,0.0,-5.0157689056e-16,2.2028043328e-09,9.3514512043e-16,-6.0945756456e-16,0.0,0.0,-4.2574708938e-08,0.0,0.0,0.0,0.0,-2.2112503237e-15,0.22689594673,-2.1161511895e-13,0.079265027614,-1.1346799987e-09
n63210,ok,,51.308383918,1310393977.8,1765260.7438,7122929.5735,411421102.7,1377665.5781,93215555.271,0.0,0.0,0.0,-5.7358088985e-09,2.2423036481e-09,-8.736874397e-10,6.9416482039e-09,0.0,0.0,-3.8175007226e-08,0.0,0.0,0.0,0.0,2.1095581564e-09,0.21056967091,0.0085140708776,0.067388841652,0.012253819072
n63012a,ok,,53.78414691,1373623895.9,2751981.0502,9691958.548,427768510.83,2160680.4685,106494303.7,0.0,0.0,0.0,-1.3368043789e-16,2.1536686768e-09,3.3281536528e-16,-2.9122571627e-16,0.0,0.0,-2.5890998378e-08,0.0,0.0,0.0,0.0,-6.1993233071e-16,0.22935344615,-1.8372651782e-11,0.071251536906,-8.0144765251e-10
n63212,ok,,51.937560575,1326462878.0,2606015.1342,10193463.55,414438288.52,2061710.1104,96218689.933,0.0,0.0,0.0,-3.8514612526e-09,2.1994578582e-09,-5.2240680322e-10,4.7024383221e-09,0.0,0.0,-2.2822417184e-08,0.0,0.0,0.0,0.0,1.2070427229e-09,0.2125498358,0.0084695958146,0.059475564582,0.012254625435
n63015a,ok,,54.630485432,1395239016.4,4383968.6947,14986300.352,431261577.66,3509401.1117,110799353.14,0.0,0.0,0.0,-1.0268090752e-16,2.0853302521e-09,-1.4895925337e-17,-4.6844628066e-16,0.0,0.0,-1.4540021785e-08,0.0,0.0,0.0,0.0,-1.2405418139e-15,0.23105324301,-6.4555539322e-10,0.063743000325,-2.0536538296e-09
n63412,ok,,52.049686066,1329326514.6,2608043.7259,10398583.351,415169088.5,2088667.943,96813724.728,0.0,0.0,0.0,-7.6018558356e-09,2.165196971e-09,-1.0353216464e-09,9.4086098866e-09,0.0,0.0,-2.3531438272e-08,0.0,0.0,0.0,0.0,2.2973129255e-09,0.21314724422,0.016900899814,0.061371019945,0.024538065984
n64012,ok,,52.207124925,1333347435.1,2613759.0133,9919295.705,416399876.66,2055681.6048,97673218.377,0.0,0.0,0.0,-2.1197312273e-16,2.2084926248e-09,1.086777161e-15,-1.1622637937e-15,0.0,0.0,-2.8788571474e-08,0.0,0.0,0.0,0.0,-9.8267342341e-16,0.21571058243,1.3614983706e-16,0.075246388168,-3.0378774666e-09
n63415,ok,,52.896599862,1350956327.4,4136694.0336,15879299.14,418119002.99,3367338.331,100711673.62,0.0,0.0,0.0,-4.766687232e-09,2.1122095903e-09,-5.652674633e-10,5.9108434339e-09,0.0,0.0,-1.2535189002e-08,0.0,0.0,0.0,0.0,1.2274861331e-09,0.21470466843,0.016938799964,0.051854241556,0.024451350766
n63215,ok,,52.850007017,1349766366.3,4134667.7287,15695162.447,418050108.78,3339494.8639,100514001.38,0.0,0.0,0.0,-2.4048911841e-09,2.1320211506e-09,-2.8037726263e-10,2.9556434579e-09,0.0,0.0,-1.2239823122e-08,0.0,0.0,0.0,0.0,6.1835861465e-10,0.21479619557,0.0084747144454,0.050607601669,0.012220603623
n64008a,ok,,52.317832738,1336174864.9,1136415.9031,4290156.4236,420285875.85,863234.6703,98997230.27,0.0,0.0,0.0,-2.475893659e-16,2.2595474041e-09,6.302040247e-16,-2.1992127653e-15,0.0,0.0,-9.2765782066e-08,0.0,0.0,0.0,0.0,-8.8202157232e-16,0.22368893467,4.3412848507e-11,0.10542051,-2.4992203608e-09
n64012a,ok,,53.826295224,1374700345.6,2748889.7637,9561106.6239,428033673.78,2154408.1825,106725522.23,0.0,0.0,0.0,2.0263630359e-16,2.1573020254e-09,-1.2698710795e-16,-2.0469745914e-16,0.0,0.0,-3.1665763541e-08,0.0,0.0,0.0,0.0,8.1416738141e-16,0.23023918527,-3.2710528144e-11,0.087045693257,-5.6269075008e-10
n64015,ok,,53.100314778,1356159118.4,4156565.7476,15347321.18,419928813.86,3338222.3869,101918147.71,0.0,0.0,0.0,5.8504345444e-18,2.1382131894e-09,6.4825204392e-16,-1.3780400723e-16,0.0,0.0,-1.6032777788e-08,0.0,0.0,0.0,0.0,2.6867057571e-17,0.21792272767,1.5048458759e-14,0.066641294992,-5.7279141635e-10
n64108,ok,,50.619879516,1292809872.5,1085931.6102,4478078.7763,408418705.84,827391.36747,90088503.584,0.0,0.0,0.0,-4.7550492934e-09,2.3077254216e-09,-8.7618198264e-10,5.6849967241e-09,0.0,0.0,-8.8509381362e-08,0.0,0.0,0.0,0.0,1.8042884226e-09,0.20853856346,0.0042456136371,0.096115135019,0.0061735176465
n64015a,ok,,54.64881477,1395707139.8,4387583.4503,14816980.459,431389210.82,3503384.4494,110903819.89,0.0,0.0,0.0,-3.4287540672e-17,2.0914062031e-09,-2.9692789546e-17,-3.5178183146e-16,0.0,0.0,-1.81609602e-08,0.0,0.0,0.0,0.0,-1.4770495161e-16,0.23194493686,9.8532675454e-14,0.079682728414,-1.5434721418e-09
n64110,ok,,51.511709602,1315586828.0,1771137.5697,6935120.2302,413086223.98,1374011.4559,94331969.973,0.0,0.0,0.0,-2.8770486387e-09,2.2543185244e-09,-4.80745007e-10,3.4882175346e-09,0.0,0.0,-4.7648244139e-08,0.0,0.0,0.0,0.0,9.4561020882e-10,0.21300656442,0.0042298600462,0.084391595327,0.0061781131269
n6409,ok,,53.624692695,1369551504.1,1562009.4292,8838345.9937,424644063.16,1562216.223,105125348.5,0.0,0.0,0.0,-2.7344194477e-08,2.2356512709e-09,-2.7060864248e-09,4.5181033992e-08,0.0,0.0,-4.2632631929e-08,0.0,0.0,0.0,0.0,-2.2911889402e-09,0.22473152782,0.041913700437,0.066592573066,0.070573201117
n64212,ok,,52.224276783,1333785486.2,2614100.2499,9984886.1371,416431138.38,2064593.8207,97746166.862,0.0,0.0,0.0,-3.8504986153e-09,2.1978169824e-09,-5.8699115254e-10,4.7215768707e-09,0.0,0.0,-2.9000077667e-08,0.0,0.0,0.0,0.0,1.1104131536e-09,0.21568988327,0.0084442412893,0.075809110275,0.012342675277
n64212mb,ok,,52.532110231,1341647419.6,2895814.026,11067915.388,418602780.6,2270957.1683,99434623.485,0.0,0.0,0.0,-5.2766787068e-09,2.1787059436e-09,4.8014637835e-10,4.6274083207e-09,0.0,0.0,-1.1498321224e-08,0.0,0.0,0.0,0.0,-3.0890740859e-09,0.21294715064,0.010489782399,0.033296999877,0.013400113919
n64212ma,ok,,52.787010877,1348157472.0,2831241.0183,10747958.163,420277805.84,2235151.7651,100803892.16,0.0,0.0,0.0,-9.2818959746e-09,2.2139426801e-09,5.2227781503e-10,9.6459382153e-09,0.0,0.0,-1.8231340229e-08,0.0,0.0,0.0,0.0,-5.2123045656e-09,0.2122424467,0.018276296985,0.051617318277,0.027309975936
n64215,ok,,53.116412558,1356570248.8,4157162.3207,15410245.146,419955918.12,3347719.385,101987889.37,0.0,0.0,0.0,-2.4003271376e-09,2.1319009982e-09,-3.2233736912e-10,2.9628967563e-09,0.0,0.0,-1.6129816029e-08,0.0,0.0,0.0,0.0,5.6928778952e-10,0.21789381851,0.008450918901,0.067054263437,0.012317242755
n642415,ok,,53.16171612,1357727282.2,4158299.5427,15595692.286,420002143.09,3376102.577,102177004.56,0.0,0.0,0.0,-4.7571418173e-09,2.1132805221e-09,-6.4944596409e-10,5.925700721e-09,0.0,0.0,-1.6395891102e-08,0.0,0.0,0.0,0.0,1.1340941585e-09,0.21778647543,0.016894719713,0.06817902647,0.024640838598
n6h10,ok,,52.777813624,1347922578.2,1810586.1619,8608925.6662,418368476.98,1639528.2476,100255865.57,0.0,0.0,0.0,-2.0287952085e-08,3.065968704e-09,1.3974954261e-09,2.692031667e-08,0.0,0.0,-6.2658333082e-08,0.0,0.0,0.0,0.0,-2.5218265578e-08,0.22274888277,0.024094831208,0.11344831081,0.048741552836
n66021,ok,,55.3766157,1414294861.4,9344987.8387,30349682.313,428504896.13,7618124.2539,113206900.02,0.0,0.0,0.0,-1.3216870476e-17,2.023415976e-09,-1.2480830309e-16,1.5778016329e-16,0.0,0.0,-1.5579050023e-08,0.0,0.0,0.0,0.0,-5.7664514683e-17,0.22906465009,6.0705767164e-14,0.145586033,1.4744537072e-09
n6h15,ok,,54.479399391,1391380344.2,4675235.5179,17637964.545,425868153.46,3990988.4677,108805484.0,0.0,0.0,0.0,-8.3005412192e-09,2.4420684955e-09,1.0717571655e-09,1.0205293419e-08,0.0,0.0,-2.3016982988e-08,0.0,0.0,0.0,0.0,-1.0311705849e-08,0.2280745212,0.023783098856,0.10760981638,0.047712150266
n8h12,ok,,52.463409266,1339892826.6,2480815.5865,10895854.974,417703964.92,2097267.9085,98976261.961,0.0,0.0,0.0,-1.2372446399e-08,2.5470936201e-09,2.1836546368e-09,1.585706632e-08,0.0,0.0,-1.1544330574e-08,0.0,0.0,0.0,0.0,-1.470951434e-08,0.21407844729,0.019362904668,0.028639355223,0.039338457282
n6h20,ok,,56.024812856,1430849537.0,8269169.0471,30251901.714,428045417.68,7314023.4294,115738968.72,0.0,0.0,0.0,-6.04124626e-09,2.3100492365e-09,7.7757079772e-10,7.7359022102e-09,0.0,0.0,-1.3630720822e-08,0.0,0.0,0.0,0.0,-7.3611894285e-09,0.2288873952,0.031961766858,0.11271473471,0.063969483108
n9,ok,,53.726586012,1372153815.4,1372798.953,5618831.5374,429507201.21,1111445.1608,106700269.93,0.0,0.0,0.0,-3.4226744674e-08,3.159826806e-09,3.6758244066e-09,3.565159695e-08,0.0,0.0,-2.6957400246e-08,0.0,0.0,0.0,0.0,-2.5803902802e-08,0.23213583593,0.031409710552,0.037007090833,0.048942474964
naca0006,ok,,51.626166697,1318510012.8,615046.31234,2544493.2814,417655405.64,454236.58545,95862458.495,0.0,0.0,0.0,-1.8087347873e-15,2.3004031617e-09,3.6259231988e-15,1.7543149448e-15,0.0,0.0,-9.0390158698e-08,0.0,0.0,0.0,0.0,-8.2004708081e-15,0.22052230261,1.5811167733e-13,0.055594133779,1.0789849375e-09
naca0008,ok,,52.972901409,1352905036.0,1192764.0064,4483254.6242,425186986.18,901769.23551,102674600.99,0.0,0.0,0.0,-8.9877449715e-16,2.2203324882e-09,1.7566218568e-15,1.5028466957e-15,0.0,0.0,-3.4154286857e-08,0.0,0.0,0.0,0.0,-3.9428198408e-15,0.22797175228,-6.9482134588e-14,0.040738004029,1.7925414459e-09
naca000834,ok,,53.316194384,1361672590.4,1252339.5013,4346653.5048,426702217.56,939085.67134,104365789.63,0.0,0.0,0.0,-2.3401091041e-16,2.2664057283e-09,-6.7464805183e-17,-1.5357512348e-15,0.0,0.0,-1.1625214988e-07,0.0,0.0,0.0,0.0,-9.8932763519e-16,0.23653522345,7.2453831784e-17,0.14558715941,-1.9232819356e-09
naca0010,ok,,53.874123709,1375921864.5,1959306.9432,7002095.4906,430185660.77,1505908.0537,107449627.9,0.0,0.0,0.0,-6.3095879269e-16,2.1558735834e-09,1.5935867938e-15,-1.5121087265e-15,0.0,0.0,-1.7360384284e-08,0.0,0.0,0.0,0.0,-2.723765178e-15,0.23164781433,6.8405282088e-15,0.034014321463,-2.9626851267e-09
naca001034,ok,,54.040603408,1380173684.2,2059451.6692,6802127.3724,430725168.45,1566544.706,108248762.65,0.0,0.0,0.0,-3.5177729632e-16,2.2096858966e-09,-4.0959371435e-16,9.1597755449e-16,0.0,0.0,-6.8589372865e-08,0.0,0.0,0.0,0.0,-1.4706570198e-15,0.23919576415,3.7075196897e-15,0.14125649843,1.8864115035e-09
naca001034a08cli0.2,ok,,54.116648166,1382115834.5,2059358.4946,6921663.8078,431101336.22,1584223.2031,108651278.93,0.0,0.0,0.0,-6.0287809191e-09,2.1954406669e-09,-1.1178228861e-09,7.6051801626e-09,0.0,0.0,-6.9304008789e-08,0.0,0.0,0.0,0.0,1.8974189158e-10,0.2387343136,0.0096226974856,0.14272179921,0.015661792371
naca001035,ok,,54.443712189,1390468908.4,2186511.1092,6844105.0599,433503179.31,1645663.1243,110586712.47,0.0,0.0,0.0,2.5905874722e-17,2.2077811536e-09,1.0162237863e-16,-4.6535967624e-17,0.0,0.0,-1.0547846248e-07,0.0,0.0,0.0,0.0,1.0607358081e-16,0.24415125963,-1.2961826298e-14,0.23062982999,-1.0175141019e-10
naca001064,ok,,54.308951165,1387027170.0,2177113.567,432980640.45,7082172.9889,1637095.7092,109902172.59,0.0,0.0,0.0,-1.5866170361e-16,2.1541779157e-09,-1.839453861e-16,1.6520627232e-15,0.0,0.0,-5.2640041251e-08,0.0,0.0,0.0,0.0,-6.7018953639e-16,0.23674883309,-8.0006147253e-15,0.11460334797,3.5967281682e-09
naca001065,ok,,54.542705335,1392997150.7,2195055.5063,6176655.0634,434716043.32,1743294.7563,111301252.59,0.0,0.0,0.0,3.3335625844e-13,2.153171913e-09,1.5316450318e-11,2.2046191222e-11,0.0,0.0,-6.0095797534e-08,0.0,0.0,0.0,0.0,4.5248298796e-12,0.23965073065,1.3092536355e-06,0.13191361128,4.8392613434e-05
naca001066,ok,,54.684382309,1396615519.4,2528144.8236,6931223.1781,435941039.65,1936696.2429,112205099.31,0.0,0.0,0.0,1.3334094563e-12,2.1445778033e-09,1.3985303836e-11,1.8996169313e-11,0.0,0.0,-7.6781264503e-08,0.0,0.0,0.0,0.0,1.8216724182e-11,0.2406325598,5.9071705056e-06,0.19411415641,4.8025067116e-05
naca001234,ok,,54.540700851,1392945957.0,2833716.3201,8480877.4903,433092819.96,2357093.6517,110888756.22,0.0,0.0,0.0,4.6742744042e-14,2.1662713247e-09,1.2272188407e-11,1.8359601501e-11,0.0,0.0,-2.6807326164e-08,0.0,0.0,0.0,0.0,6.2389482307e-13,0.24021513281,2.4307819088e-07,0.075964357651,5.2025902405e-05
naca001264,ok,,54.843167642,1400670828.3,2992426.5363,8847260.4537,435642257.51,2461997.037,112787507.97,0.0,0.0,0.0,4.1872049371e-14,2.1053130893e-09,1.2265797672e-11,1.7615478554e-11,0.0,0.0,-1.6735207466e-08,0.0,0.0,0.0,0.0,5.8984254392e-13,0.23745301684,2.4173817642e-07,0.050078878912,5.2713025475e-05
naca001264a08cli0.2,ok,,54.602695266,1394529267.6,2507573.8251,7374888.7923,434192441.58,2052814.9299,111421333.17,0.0,0.0,0.0,-7.7713591198e-09,2.2427594636e-09,6.4940146271e-10,8.6290882733e-09,0.0,0.0,-4.3404872632e-08,0.0,0.0,0.0,0.0,-5.6519891796e-09,0.23981043504,0.013172571184,0.10884092249,0.021638075888
naca0015,ok,,55.443469867,1416002288.0,4327234.1353,13724251.384,437589705.38,3705838.7195,115823692.9,0.0,0.0,0.0,1.2240219574e-14,2.0188610488e-09,9.3130301038e-12,1.3128547153e-11,0.0,0.0,5.5417126729e-09,0.0,0.0,0.0,0.0,1.8583592486e-13,0.23383194213,1.1567462662e-07,-0.023980288246,5.6810297387e-05
naca0018,ok,,56.052975029,1431568786.7,6413842.4371,20005604.707,439108541.28,5506936.1875,118843318.04,0.0,0.0,0.0,9.4125716748e-14,1.9476669525e-09,7.7048162015e-12,1.056088096e-11,0.0,0.0,1.8480921175e-09,0.0,0.0,0.0,0.0,1.5215350509e-12,0.23146720296,1.4211185522e-06,-0.011853371651,6.7735826475e-05
naca0024,ok,,57.422931223,1466556876.5,11714729.151,35527556.119,441189454.07,10218053.178,125435158.86,0.0,0.0,0.0,1.4657336245e-13,1.806477942e-09,5.6222359686e-12,7.3759015951e-12,0.0,0.0,-7.855860393e-10,0.0,0.0,0.0,0.0,2.7361656812e-12,0.22659584691,4.8375371852e-06,0.0092029276752,8.6406689432e-05
naca0021,ok,,56.715231891,1448482541.1,8882043.159,27301504.936,440325325.42,7675530.1434,122061564.73,0.0,0.0,0.0,1.3224808038e-13,1.8765216012e-09,6.5243594198e-12,8.7339679648e-12,0.0,0.0,1.0303456842e-10,0.0,0.0,0.0,0.0,2.2930850531e-12,0.22905116253,3.0163737163e-06,-0.00091515748354,7.7575480413e-05
naca1408,ok,,52.990629277,1353357798.1,1193034.0483,4565389.4251,425197540.1,911906.94746,102747124.23,0.0,0.0,0.0,-7.8618373949e-09,2.2253907083e-09,-2.6126467312e-10,9.8705682327e-09,0.0,0.0,-3.5200780177e-08,0.0,0.0,0.0,0.0,-9.2047122782e-10,0.22797429433,0.006977911101,0.041995729277,0.011775923978
naca1410,ok,,53.88988402,1376324376.0,1966247.5463,7102848.9521,430164310.26,1522315.3706,107508104.54,0.0,0.0,0.0,-4.6854436077e-09,2.1595874362e-09,-7.2098958648e-11,5.9275369045e-09,0.0,0.0,-1.7782253197e-08,0.0,0.0,0.0,0.0,-7.1346490604e-10,0.23162577095,0.0068811579996,0.034964311716,0.011655004894
naca1412,ok,,54.593493677,1394294263.0,2909018.2674,10130469.64,433803949.79,2277887.1527,111287951.63,0.0,0.0,0.0,-3.174846786e-09,2.1013211141e-09,-7.5898078614e-12,4.0589660754e-09,0.0,0.0,-1.0864056179e-08,0.0,0.0,0.0,0.0,-5.9550572733e-10,0.23337200348,0.0069153877767,0.031603737883,0.01180760646
naca16006,ok,,53.100305892,1356158891.5,697114.68902,2431882.0825,425840426.25,507319.36876,103301619.39,0.0,0.0,0.0,-6.4382378232e-16,2.3103288492e-09,-8.5441241181e-16,5.6808918522e-15,0.0,0.0,-3.2818213912e-07,0.0,0.0,0.0,0.0,-2.6976049647e-15,0.23866071143,5.8150405179e-15,0.22878058986,3.9602331569e-09
naca16012,ok,,54.662055273,1396045296.5,3149773.9817,8895254.3929,434401458.05,2519123.1227,111723067.74,0.0,0.0,0.0,5.9166443826e-13,2.1569957447e-09,1.2258570544e-11,1.7913015208e-11,0.0,0.0,-5.2331205104e-08,0.0,0.0,0.0,0.0,7.9781414103e-12,0.24098618027,3.3528455276e-06,0.16483146827,5.6421949237e-05
naca16009,ok,,54.392829771,1389169393.4,1794340.8888,5631291.2644,433837269.5,1334856.9082,110457806.51,0.0,0.0,0.0,9.4444686123e-17,2.1901863487e-09,-2.3370365645e-16,-3.9998856817e-17,0.0,0.0,-1.2424595668e-07,0.0,0.0,0.0,0.0,5.9875398937e-16,0.24192317992,6.7287177332e-11,0.22293960034,-7.1771584293e-11
naca16015,ok,,55.172498682,1409081800.9,5148054.35,14426969.247,436150850.19,4111719.0759,114314281.01,0.0,0.0,0.0,7.2489004999e-13,2.1037564257e-09,9.3072233118e-12,1.3171486069e-11,0.0,0.0,-3.3687225275e-08,0.0,0.0,0.0,0.0,1.0150971956e-11,0.24048939933,7.0569890957e-06,0.17342366662,6.7807526155e-05
naca16018,ok,,55.741095844,1423603526.9,7613665.0324,21195492.132,437727848.63,6100727.8718,117150534.86,0.0,0.0,0.0,7.4224560883e-13,2.0492906182e-09,7.3695926826e-12,1.0147903624e-11,0.0,0.0,-2.3683140475e-08,0.0,0.0,0.0,0.0,1.0823672348e-11,0.24007548515,1.1324493131e-05,0.18031549849,7.7262738971e-05
naca23018,ok,,56.120656512,1433297342.6,6416860.0526,20017953.656,439463338.99,5516150.2206,119231092.23,0.0,0.0,0.0,-2.698391872e-09,1.9858283409e-09,9.038484799e-10,2.6723719016e-09,0.0,0.0,1.8223498089e-09,0.0,0.0,0.0,0.0,-3.1901703713e-09,0.23103390831,0.010822640416,-0.01169376369,0.017148236501
naca23012,ok,,54.73556114,1397922604.7,2923648.6252,10090220.936,434858626.67,2290280.0313,112141933.48,0.0,0.0,0.0,-6.264308156e-09,2.175453519e-09,1.3945594132e-09,5.6721065087e-09,0.0,0.0,-1.0896062989e-08,0.0,0.0,0.0,0.0,-7.2110122016e-09,0.23228980057,0.010513626955,0.031856259578,0.016583246396
naca23024,ok,,57.095007323,1458181841.7,11146381.55,32978010.665,438651081.37,10219176.456,123290176.9,0.0,0.0,0.0,-1.5375752212e-09,1.8331640987e-09,6.2309713273e-10,1.5397588067e-09,0.0,0.0,2.2605022913e-09,0.0,0.0,0.0,0.0,-1.8764220527e-09,0.22228541399,0.011454915842,-0.025196421034,0.017162739156
naca23015,ok,,55.515286776,1417836460.8,4333244.7244,13766150.89,437936783.07,3718033.3478,116221137.49,0.0,0.0,0.0,-3.9259306515e-09,2.0758520293e-09,1.3153758343e-09,4.0370382714e-09,0.0,0.0,5.4043230066e-09,0.0,0.0,0.0,0.0,-4.5904598206e-09,0.23339777589,0.010616424333,-0.023418254157,0.017493474792
naca16021,ok,,56.908510291,1453418788.0,10838380.576,30994220.109,442223403.45,8491646.4638,123431669.92,0.0,0.0,0.0,-2.0067522614e-19,1.9793395673e-09,6.3956818404e-16,6.5003927526e-16,0.0,0.0,-1.9521262357e-08,0.0,0.0,0.0,0.0,-8.2041088687e-19,0.24431318813,2.0212393925e-15,0.21157887074,7.0453730543e-09
naca23021,ok,,56.78981955,1450387477.7,8886691.2931,27275694.859,440768554.11,7684358.4107,122508790.78,0.0,0.0,0.0,-1.9957425626e-09,1.9030613463e-09,6.8007181026e-10,1.8969341523e-09,0.0,0.0,8.0004308114e-11,0.0,0.0,0.0,0.0,-2.4075045189e-09,0.22853336989,0.011112163936,-0.00071097358832,0.016857468215
naca2408,ok,,53.026457496,1354272835.3,1193229.1255,4814947.9741,425099593.81,942142.86884,102865979.94,0.0,0.0,0.0,-1.5202272234e-08,2.2403580054e-09,-6.201554461e-10,1.9732026438e-08,0.0,0.0,-3.8435134167e-08,0.0,0.0,0.0,0.0,-1.7587405791e-09,0.22786479566,0.013945182493,0.045861921529,0.023544828651
naca2410,ok,,53.929405677,1377333742.1,1960607.4329,7321186.7663,430113648.52,1548633.8116,107657208.0,0.0,0.0,0.0,-9.2886066238e-09,2.1718339133e-09,-1.7832677323e-10,1.2040115281e-08,0.0,0.0,-1.909358273e-08,0.0,0.0,0.0,0.0,-1.4708450976e-09,0.23153457722,0.013857333663,0.037435020222,0.023605939514
naca2411,ok,,53.986798947,1378799541.4,2414284.7721,9015275.0437,429330308.77,1934350.1788,107700521.56,0.0,0.0,0.0,-9.2930595842e-09,2.1414290368e-09,-2.4811428913e-10,1.2206510625e-08,0.0,0.0,-1.5776495489e-08,0.0,0.0,0.0,0.0,-1.1927325895e-09,0.22832261038,0.017449348687,0.038088952815,0.029469992723
naca2412,ok,,54.642416883,1395543740.5,2906630.344,10353083.424,433809594.11,2309152.5841,111492820.37,0.0,0.0,0.0,-6.2649269047e-09,2.1097284099e-09,-4.3309007265e-11,8.1429524195e-09,0.0,0.0,-1.1395971869e-08,0.0,0.0,0.0,0.0,-1.1326212052e-09,0.2333910888,0.013856359008,0.033123877633,0.023668552592
naca2415,ok,,55.501247418,1417477901.7,4331250.9813,14006610.339,437537167.57,3750976.4326,116058103.16,0.0,0.0,0.0,-3.8901753655e-09,2.0263371782e-09,3.426185317e-10,5.5086576147e-09,0.0,0.0,4.9273442309e-09,0.0,0.0,0.0,0.0,-8.2277172671e-10,0.23377715845,0.013870610192,-0.021341564535,0.023859378699
naca4412,ok,,54.806099379,1399724120.8,2917765.1789,11309508.877,433567831.19,2448420.9611,112114714.85,0.0,0.0,0.0,-1.1775932025e-08,2.14137911e-09,-2.3096699593e-10,1.6176475215e-08,0.0,0.0,-1.3753042877e-08,0.0,0.0,0.0,0.0,-2.1597278609e-09,0.23309183695,0.027600656157,0.04012814961,0.0471991561
naca2418,ok,,56.111111317,1433053562.4,6423869.1926,20290206.708,439072021.19,5557001.9192,119087073.04,0.0,0.0,0.0,-2.6540862896e-09,1.9520604245e-09,2.104894301e-10,3.6824465891e-09,0.0,0.0,1.5843450796e-09,0.0,0.0,0.0,0.0,-5.9949304028e-10,0.23140951434,0.013978011382,-0.010177625547,0.023655555197
naca2421,ok,,56.773559981,1449972215.4,8890872.2433,27572783.023,440300602.14,7727434.5206,122312882.31,0.0,0.0,0.0,-1.9337899389e-09,1.8788492027e-09,1.4093114826e-10,2.6369928805e-09,0.0,0.0,3.1700655994e-11,0.0,0.0,0.0,0.0,-4.6184423977e-10,0.22896020106,0.014126297741,-0.00028184648248,0.023445166807
naca2424,ok,,57.06600669,1457441178.1,11142589.679,33259538.466,437949963.25,10266349.09,122976666.86,0.0,0.0,0.0,-1.4831677663e-09,1.8172679081e-09,1.7830830374e-10,2.0867550382e-09,0.0,0.0,2.2414429699e-09,0.0,0.0,0.0,0.0,-3.5700101034e-10,0.22280977915,0.014410309804,-0.024975479303,0.023251855151
naca4418,ok,,56.268295274,1437067972.8,6434758.9596,21053072.204,438871935.61,5700736.1662,119717850.01,0.0,0.0,0.0,-5.1636661787e-09,1.9658435785e-09,3.7180348215e-10,7.3436865834e-09,0.0,0.0,9.4623390085e-10,0.0,0.0,0.0,0.0,-1.1715297452e-09,0.23120695807,0.027893870344,-0.0060887870714,0.047254853039
naca4415,ok,,55.566607005,1419147157.3,4706148.6613,16797107.407,436435953.06,3922268.1709,116055358.32,0.0,0.0,0.0,-7.4336140749e-09,2.0410738834e-09,-7.9359213269e-11,1.0059812187e-08,0.0,0.0,-8.0408872336e-09,0.0,0.0,0.0,0.0,-1.4208210714e-09,0.23206219668,0.027864277763,0.03784161069,0.047342971656
naca4421,ok,,56.923298108,1453796462.5,8913185.7525,28269345.204,440153347.32,7874951.4025,122933846.03,0.0,0.0,0.0,-3.7917800787e-09,1.8892133158e-09,2.511399627e-10,5.254002329e-09,0.0,0.0,-3.954667664e-10,0.0,0.0,0.0,0.0,-9.1749842383e-10,0.22886733698,0.028208032326,0.0035248687479,0.046829898702
naca4424,ok,,57.219732588,1461367271.1,11158647.787,33787784.2,437974993.52,10416564.342,123662571.2,0.0,0.0,0.0,-2.9140678779e-09,1.8205689214e-09,3.4217806395e-10,4.1668018652e-09,0.0,0.0,2.1324159491e-09,0.0,0.0,0.0,0.0,-6.8600619758e-10,0.22254860105,0.028765885664,-0.02379487851,0.046495874411
naca63206,ok,,48.997149526,1251366049.0,557566.87982,2683935.8453,398776627.98,421166.59408,82226709.088,0.0,0.0,0.0,-1.8545258118e-08,2.3441366688e-09,-3.1906940117e-09,2.1593579311e-08,0.0,0.0,-1.6237406908e-07,0.0,0.0,0.0,0.0,8.287412405e-09,0.19807082021,0.0085020899899,0.090534403059,0.01203986464
naca63209,ok,,50.778477942,1296860407.9,1408236.1072,5824296.7585,408724171.84,1089445.8149,90716022.388,0.0,0.0,0.0,-7.2254110773e-09,2.2683760281e-09,-1.155153295e-09,8.69544161e-09,0.0,0.0,-5.2784260588e-08,0.0,0.0,0.0,0.0,2.7452648694e-09,0.20773655026,0.0084930728267,0.07433270165,0.012245234843
naca632615,ok,,52.970813401,1352851709.2,4138572.4829,16188994.761,418204574.31,3413450.1998,101021457.91,0.0,0.0,0.0,-7.0455319207e-09,2.079521298e-09,-8.6163805772e-10,8.8658753993e-09,0.0,0.0,-1.300681873e-08,0.0,0.0,0.0,0.0,1.8346827002e-09,0.21452514914,0.025394087952,0.053829662088,0.036692067965
naca633218,ok,,53.694915144,1371344955.1,5987000.0023,22338126.021,420314278.05,4946077.3468,104339873.29,0.0,0.0,0.0,-1.6932775477e-09,2.0638282001e-09,-1.5063176326e-10,2.0723888962e-09,0.0,0.0,-7.3477562919e-09,0.0,0.0,0.0,0.0,2.5621279784e-10,0.2155631027,0.0086482682787,0.043991016936,0.012407392326
naca632a015,ok,,54.691028603,1396785262.9,4395962.5219,15044776.343,431451215.73,3531309.4566,111100351.85,0.0,0.0,0.0,-3.7189390699e-09,2.1252017056e-09,7.2462769677e-10,3.3658099109e-09,0.0,0.0,-1.4339189148e-08,0.0,0.0,0.0,0.0,-4.1526012243e-09,0.22999935183,0.0097621552475,0.063034538088,0.014795974224
naca633618,ok,,53.800933974,1374052630.3,5968097.0755,22660898.317,420664450.29,4994075.8483,104852303.52,0.0,0.0,0.0,-4.8807833065e-09,2.0294503839e-09,-5.1506051927e-10,6.1273891402e-09,0.0,0.0,-7.9330431782e-09,0.0,0.0,0.0,0.0,1.0289107347e-09,0.21541631238,0.025482616266,0.047345171792,0.036568853208
naca633418,ok,,53.672597486,1370774971.8,5972934.4997,22381080.206,420057876.58,4957598.5247,104198058.69,0.0,0.0,0.0,-3.2904402968e-09,2.0498790149e-09,-3.4186079913e-10,4.0735732305e-09,0.0,0.0,-7.5002980917e-09,0.0,0.0,0.0,0.0,7.2602840928e-10,0.21482457507,0.017086144798,0.04479878923,0.024331186085
naca634221,ok,,54.466185175,1391042858.8,8061702.729,29558055.285,421902541.92,6799676.3647,107803696.32,0.0,0.0,0.0,-1.2162467973e-09,1.9987386218e-09,-1.0509079516e-10,1.5049832998e-09,0.0,0.0,-5.0338388628e-09,0.0,0.0,0.0,0.0,1.9443297261e-10,0.21564435531,0.0085551999285,0.040581312498,0.012132727975
naca633018,ok,,53.575095949,1368284824.6,5989755.5864,22254509.761,419654164.74,4933304.8094,103716729.72,0.0,0.0,0.0,3.8485285631e-18,2.0716406131e-09,-6.9724049874e-16,9.7125831154e-16,0.0,0.0,-7.3218306458e-09,0.0,0.0,0.0,0.0,6.6007510648e-16,0.21486378954,6.8068610131e-10,0.043855976013,5.8175998973e-09
naca634421,ok,,54.510635953,1392178112.5,8063813.1382,29706189.209,421985824.34,6828503.4197,108003965.16,0.0,0.0,0.0,-2.4196308398e-09,1.9892745817e-09,-2.1247140443e-10,3.0082463e-09,0.0,0.0,-5.1129809566e-09,0.0,0.0,0.0,0.0,3.9097806401e-10,0.21554560464,0.01709805015,0.041230123013,0.024257936037
naca63a210,ok,,53.212071551,1359013338.2,1857367.0488,6855475.1742,424930770.98,1455931.2995,103099534.56,0.0,0.0,0.0,-6.5138655595e-09,2.1914162223e-09,-8.5347200449e-10,8.2698162396e-09,0.0,0.0,-4.3406085331e-08,0.0,0.0,0.0,0.0,9.8161239588e-10,0.22689331489,0.0098080279665,0.080621032613,0.015360084183
naca64206,ok,,49.263210082,1258161120.8,563823.64473,2642675.7437,400753965.95,424599.66983,83815863.691,0.0,0.0,0.0,-1.8502658942e-08,2.3375686152e-09,-3.7316340661e-09,2.1827464299e-08,0.0,0.0,-1.980304537e-07,0.0,0.0,0.0,0.0,8.2076076432e-09,0.20132745431,0.0085579429507,0.11165425217,0.012306840476
naca641112,ok,,52.211465748,1333458297.9,2613895.0211,9935916.1624,416407692.66,2057971.9859,97691641.393,0.0,0.0,0.0,-1.9322854689e-09,2.2058256939e-09,-2.9313038091e-10,2.362592305e-09,0.0,0.0,-2.8839217288e-08,0.0,0.0,0.0,0.0,5.5687270187e-10,0.21570677721,0.0042238011276,0.075382686483,0.0061755682631
naca64208,ok,,50.632887566,1293142092.5,1085920.3897,4529389.1859,408445689.95,833232.36064,90141845.83,0.0,0.0,0.0,-9.4398814354e-09,2.2850556249e-09,-1.7527427122e-09,1.1363911228e-08,0.0,0.0,-8.9184074968e-08,0.0,0.0,0.0,0.0,3.5833212931e-09,0.20851792862,0.008488271235,0.096846805447,0.01234030291
naca64209,ok,,51.116394344,1305490646.9,1408342.0293,5683939.5856,411025968.42,1089536.0623,92434910.878,0.0,0.0,0.0,-7.2262401601e-09,2.2620445287e-09,-1.2871246697e-09,8.7715369731e-09,0.0,0.0,-6.4445351991e-08,0.0,0.0,0.0,0.0,2.5764633673e-09,0.21096527203,0.0084655278658,0.090761097802,0.012353324181
naca64210,ok,,51.524887137,1315923376.5,1771312.5252,6985315.922,413112221.17,1380347.9598,94387262.094,0.0,0.0,0.0,-5.7255084321e-09,2.2417079958e-09,-9.623430076e-10,6.9714168723e-09,0.0,0.0,-4.7953497519e-08,0.0,0.0,0.0,0.0,1.8828578324e-09,0.21299176787,0.0084568172399,0.08494063078,0.012348558024
naca643418,ok,,54.011625693,1379433605.8,5979751.5657,21808803.515,422592643.22,4954717.1306,106147103.48,0.0,0.0,0.0,-3.2854569678e-09,2.0544752189e-09,-3.7936672121e-10,4.1211306788e-09,0.0,0.0,-9.9980472572e-09,0.0,0.0,0.0,0.0,5.8914614703e-10,0.2190926399,0.016918204058,0.05978583874,0.024643337629
naca643618,ok,,54.036629896,1380072202.4,5995634.9409,22223242.967,422416661.79,5003644.3266,106208203.23,0.0,0.0,0.0,-4.8714011815e-09,2.0342107809e-09,-6.0091463986e-10,6.145569258e-09,0.0,0.0,-1.0506614934e-08,0.0,0.0,0.0,0.0,9.4961110173e-10,0.21850310561,0.025413582073,0.062993827607,0.036846589775
naca642215,ok,,53.116412558,1356570248.8,4157162.3207,15410245.146,419955918.12,3347719.385,101987889.37,0.0,0.0,0.0,-2.4003271376e-09,2.1319009982e-09,-3.2233736912e-10,2.9628967563e-09,0.0,0.0,-1.6129816029e-08,0.0,0.0,0.0,0.0,5.6928778952e-10,0.21789381851,0.008450918901,0.067054263437,0.012317242755
naca642415,ok,,53.161728136,1357727589.1,4158443.8419,15596085.293,420002158.11,3376201.2572,102177054.35,0.0,0.0,0.0,-4.757104861e-09,2.1132793724e-09,-6.4953684454e-10,5.9258424918e-09,0.0,0.0,-1.6398531e-08,0.0,0.0,0.0,0.0,1.1341551435e-09,0.21778660355,0.016895134131,0.068192370253,0.024642283218
naca643218,ok,,53.912111873,1376892065.8,5990348.1005,21758434.462,422230561.27,4923693.0001,105663400.63,0.0,0.0,0.0,-1.6533674147e-09,2.0675588376e-09,-1.9612547466e-10,2.0490327806e-09,0.0,0.0,-1.0141537064e-08,0.0,0.0,0.0,0.0,3.1662800406e-10,0.21873709517,0.0084817017451,0.060751337289,0.012274419625
naca644221,ok,,54.669303388,1396230410.3,8112875.6792,29014256.266,423589225.06,6808919.2308,109036700.21,0.0,0.0,0.0,-1.2135896945e-09,2.0035477012e-09,-1.2705957033e-10,1.5061867073e-09,0.0,0.0,-6.9395422838e-09,0.0,0.0,0.0,0.0,1.8096548199e-10,0.21862292542,0.0085326306814,0.056299643819,0.012219505506
naca644421,ok,,54.715531636,1397411059.8,8115617.7797,29169842.906,423672240.15,6839768.9872,109245629.85,0.0,0.0,0.0,-2.4144087411e-09,1.9944093248e-09,-2.5627309715e-10,3.0119959246e-09,0.0,0.0,-7.0158523407e-09,0.0,0.0,0.0,0.0,3.632045962e-10,0.21853431932,0.017057001049,0.056937975996,0.024444207678
naca64a210,ok,,53.19168221,1358492603.2,1858229.761,6782969.9594,424807722.09,1452764.0773,103429563.16,0.0,0.0,0.0,-6.5161709429e-09,2.1933871608e-09,-9.9536855084e-10,8.333449034e-09,0.0,0.0,-5.2031759478e-08,0.0,0.0,0.0,0.0,9.4913309395e-10,0.22778994576,0.0097805698445,0.096686963979,0.015485463007
naca651212,ok,,52.689909482,1345677544.3,2723964.1369,9951785.5447,419505702.04,2138744.668,100228169.48,0.0,0.0,0.0,-3.7267469291e-09,2.1959275509e-09,-7.1300150898e-10,4.588914656e-09,0.0,0.0,-4.0956387055e-08,0.0,0.0,0.0,0.0,9.3123731418e-10,0.22083684851,0.0084104302917,0.11156372951,0.01250003895
naca64a410,ok,,53.271108047,1360521104.8,1861704.7055,7168051.132,424825255.7,1503871.7752,103751006.06,0.0,0.0,0.0,-1.2577377088e-08,2.1596662578e-09,-2.0368960142e-09,1.6640526691e-08,0.0,0.0,-5.4117153522e-08,0.0,0.0,0.0,0.0,1.8420484931e-09,0.22768068537,0.019545636723,0.10075015936,0.030979746844
naca651212a06,ok,,52.703516763,1346025068.4,2724244.4472,10048412.02,419448939.67,2152171.5978,100267273.92,0.0,0.0,0.0,-4.9587866463e-09,2.2088221792e-09,-5.8569245687e-10,6.3478133757e-09,0.0,0.0,-4.1132879253e-08,0.0,0.0,0.0,0.0,-6.2383903516e-10,0.22080462008,0.0103757247,0.1120560179,0.017292995341
naca651412,ok,,52.73609994,1346857228.7,2724365.4913,10149527.714,419543933.6,2166413.1574,100417336.06,0.0,0.0,0.0,-7.3520843504e-09,2.1686784437e-09,-1.432269608e-09,9.178053477e-09,0.0,0.0,-4.1434013013e-08,0.0,0.0,0.0,0.0,1.8490231878e-09,0.22072669121,0.016812103529,0.11288139522,0.02500437217
naca65206,ok,,49.951567665,1275741476.3,586739.84678,2621615.7922,404954276.68,441178.42146,87012625.506,0.0,0.0,0.0,-1.7885167097e-08,2.3390432361e-09,-4.1645084185e-09,2.1260484028e-08,0.0,0.0,-2.424773047e-07,0.0,0.0,0.0,0.0,6.8845994153e-09,0.20825121668,0.0085231578823,0.14227109661,0.012474373141
naca64a010,ok,,53.179918518,1358192163.6,1860407.911,6660370.6165,424831728.79,1437926.5378,103387152.74,0.0,0.0,0.0,-6.6739698706e-15,2.1971102246e-09,3.2095802924e-15,-6.2263524572e-15,0.0,0.0,-5.0626250066e-08,0.0,0.0,0.0,0.0,-1.7353809529e-14,0.22715297039,3.9284160039e-09,0.094185476127,-1.1583555368e-08
naca65209,ok,,51.678847371,1319855454.4,1465904.6623,5646407.3143,414616154.69,1130268.821,95288624.861,0.0,0.0,0.0,-6.9952472313e-09,2.2566373796e-09,-1.4903905266e-09,8.5351309784e-09,0.0,0.0,-8.4924934551e-08,0.0,0.0,0.0,0.0,2.1445292111e-09,0.21664628344,0.0084316877096,0.12449185751,0.012511688295
naca65210,ok,,52.052206377,1329390882.3,1844100.1842,6943048.3704,416526096.25,1431280.2083,97114774.286,0.0,0.0,0.0,-5.5377924008e-09,2.2364565203e-09,-1.1371528925e-09,6.784671823e-09,0.0,0.0,-6.4865167759e-08,0.0,0.0,0.0,0.0,1.5799428618e-09,0.21840799536,0.008420071306,0.11961786781,0.012511614558
naca652215,ok,,53.511549388,1366661872.8,4330351.3658,15362722.44,422619924.08,3463233.2136,104168759.29,0.0,0.0,0.0,-2.3257721179e-09,2.1362034944e-09,-4.0240385566e-10,2.8786721109e-09,0.0,0.0,-2.3573252672e-08,0.0,0.0,0.0,0.0,4.7676825186e-10,0.22292507112,0.0084227998803,0.1020804669,0.012465661707
naca652415a05,ok,,53.616625865,1369345480.7,4334308.7171,15931023.52,422472370.4,3551782.9439,104547984.87,0.0,0.0,0.0,-6.2137179732e-09,2.1725313277e-09,-4.2194164655e-10,7.9903518769e-09,0.0,0.0,-2.3902029147e-08,0.0,0.0,0.0,0.0,-1.9606614311e-09,0.22259843588,0.020520666974,0.10359877329,0.034632651793
naca652415,ok,,53.558343898,1367856984.5,4331080.7073,15549805.894,422670769.06,3492489.061,104367576.77,0.0,0.0,0.0,-4.6089952255e-09,2.1197523171e-09,-8.0821372336e-10,5.7562510732e-09,0.0,0.0,-2.3783822189e-08,0.0,0.0,0.0,0.0,9.4895212236e-10,0.22282512937,0.01683554487,0.10300965343,0.024930787969
naca65410,ok,,52.098297635,1330568033.1,1844397.1181,7148684.3958,416572499.67,1457676.6263,97302168.596,0.0,0.0,0.0,-1.0868084274e-08,2.1941767678e-09,-2.2801395567e-09,1.3572736027e-08,0.0,0.0,-6.5743463046e-08,0.0,0.0,0.0,0.0,3.1133190588e-09,0.21829279969,0.01683316348,0.12125705378,0.025033515213
naca653218,ok,,54.231437216,1385047497.2,6257257.2105,21794205.86,424417818.36,5100017.4826,107476617.82,0.0,0.0,0.0,-1.599080479e-09,2.0775836181e-09,-2.5323881424e-10,1.9830472092e-09,0.0,0.0,-1.5292739023e-08,0.0,0.0,0.0,0.0,2.6756627862e-10,0.22352574805,0.0084603765417,0.095690601522,0.012408436448
naca653618,ok,,54.361968933,1388381221.0,6261535.6128,22262213.054,424616745.84,5183328.3861,108055053.17,0.0,0.0,0.0,-4.7107236862e-09,2.0472459787e-09,-7.6957762772e-10,5.9485575943e-09,0.0,0.0,-1.557803701e-08,0.0,0.0,0.0,0.0,8.0221978972e-10,0.22332783597,0.025346322936,0.097542433513,0.037247105222
naca654421,ok,,54.971282588,1403942828.7,8478816.57,29292405.634,425453060.59,7074926.973,110738010.39,0.0,0.0,0.0,-2.3370656461e-09,2.0122101051e-09,-3.4457529787e-10,2.9120153643e-09,0.0,0.0,-1.0861648218e-08,0.0,0.0,0.0,0.0,3.1086136792e-10,0.22339618093,0.017025976772,0.092093922889,0.024690444123
naca654221,ok,,54.920561839,1402647442.6,8476633.8801,29134908.738,425350092.58,7042618.9458,110503765.98,0.0,0.0,0.0,-1.1748264176e-09,2.0208323245e-09,-1.7144510562e-10,1.4559463121e-09,0.0,0.0,-1.080352176e-08,0.0,0.0,0.0,0.0,1.5499887673e-10,0.22345101232,0.0085177843111,0.091577498577,0.012341523837
naca654421a05,ok,,55.025857619,1405336651.4,8485335.2446,29622013.319,425299115.51,7139104.4667,110919117.57,0.0,0.0,0.0,-3.1781767818e-09,2.0377910835e-09,-1.1889103733e-10,4.0416732008e-09,0.0,0.0,-1.0912745078e-08,0.0,0.0,0.0,0.0,-1.1316990782e-09,0.22316609274,0.0208877636,0.092598300424,0.034294952058
naca66-018,ok,,54.672722432,1396317731.2,6874205.6405,22579956.119,427467361.24,5501695.8906,110038319.23,0.0,0.0,0.0,-2.5466411709e-13,2.0757166545e-09,9.9905485561e-13,1.7299576033e-12,0.0,0.0,-2.1767900513e-08,0.0,0.0,0.0,0.0,-4.5456807185e-12,0.228408371,-4.3111696753e-06,0.14963702449,1.1892084314e-05
naca661212,ok,,53.320001436,1361769820.9,2981951.3796,10253546.696,423750598.33,2313395.6038,103685394.8,0.0,0.0,0.0,-3.4544193776e-09,2.1828746353e-09,-8.5332460139e-10,4.2477000344e-09,0.0,0.0,-5.4565627609e-08,0.0,0.0,0.0,0.0,7.0873898195e-10,0.22691885395,0.0083635163091,0.16271204853,0.012666434978
naca66210,ok,,52.752203629,1347268510.0,2015480.0428,7132865.5894,421176480.05,1546578.8895,100856989.55,0.0,0.0,0.0,-5.1432208371e-09,2.2208555695e-09,-1.334934573e-09,6.297019931e-09,0.0,0.0,-8.4648477105e-08,0.0,0.0,0.0,0.0,1.192599027e-09,0.22494480343,0.0083693247873,0.17060731626,0.012691518
naca66206,ok,,50.898202392,1299918118.6,640655.60872,2655474.8653,410770447.97,478188.4702,91577954.718,0.0,0.0,0.0,-1.6588140954e-08,2.3310643541e-09,-4.6399000393e-09,1.9783360306e-08,0.0,0.0,-2.9399799334e-07,0.0,0.0,0.0,0.0,5.1306637558e-09,0.21719983061,0.0084651923003,0.18835146338,0.012674320739
naca66209,ok,,52.422437948,1338846436.8,1602117.0302,5793071.9761,419501790.62,1222063.16,99198886.797,0.0,0.0,0.0,-6.4919849596e-09,2.240486694e-09,-1.7289080183e-09,7.9264353889e-09,0.0,0.0,-1.0915797458e-07,0.0,0.0,0.0,0.0,1.6190587072e-09,0.22352711364,0.0083759178127,0.17488385005,0.012699077125
naca662415,ok,,54.112112643,1381999999.2,4749705.8129,16083648.685,426464513.51,3774793.1721,107508823.49,0.0,0.0,0.0,-4.2712468132e-09,2.1131198703e-09,-1.0012965489e-09,5.3109537909e-09,0.0,0.0,-3.2680541056e-08,0.0,0.0,0.0,0.0,7.3720564863e-10,0.22845505995,0.016758952289,0.15522295582,0.025225468092
naca663218,ok,,54.729443037,1397766351.0,6873859.9322,22637013.722,427838457.83,5512780.5734,110363521.82,0.0,0.0,0.0,-1.480504248e-09,2.0738679259e-09,-3.2516001466e-10,1.8233925025e-09,0.0,0.0,-2.1669857289e-08,0.0,0.0,0.0,0.0,2.130589756e-10,0.22907094933,0.0084307619834,0.14895556375,0.012533744664
naca662215,ok,,54.059769021,1380663165.7,4748897.42,15895122.105,426385726.86,3743627.7628,107276976.93,0.0,0.0,0.0,-2.1546378241e-09,2.1271088139e-09,-4.9982242944e-10,2.6550098665e-09,0.0,0.0,-3.256386636e-08,0.0,0.0,0.0,0.0,3.705768294e-10,0.22851001322,0.0083831910262,0.15464246094,0.012608369505
naca747a315,ok,,53.732532541,1372305687.2,4443564.5073,15934656.807,423682027.22,3583896.3344,105300463.49,0.0,0.0,0.0,-5.1669284737e-09,2.2169756833e-09,5.7615568742e-10,5.8813433733e-09,0.0,0.0,-2.1461383407e-08,0.0,0.0,0.0,0.0,-5.4665643639e-09,0.22269636993,0.014160386833,0.095365041583,0.026134128669
naca747a415,ok,,53.767633699,1373202155.6,4444869.2025,16092278.356,423693780.49,3609104.339,105443266.8,0.0,0.0,0.0,-6.239503031e-09,2.228072223e-09,3.768694611e-10,7.2816649268e-09,0.0,0.0,-2.1466538206e-08,0.0,0.0,0.0,0.0,-5.1884988795e-09,0.22252990002,0.018358627776,0.095415954556,0.032366048175
naca663418,ok,,54.780357323,1399066679.8,6875168.0078,22810924.659,427917652.27,5545318.7421,110593170.25,0.0,0.0,0.0,-2.941524128e-09,2.063786512e-09,-6.5183494248e-10,3.6469588376e-09,0.0,0.0,-2.1733601767e-08,0.0,0.0,0.0,0.0,4.2603117883e-10,0.22900789573,0.016852814175,0.14942216356,0.025073454726
naca664221,ok,,55.393354325,1414722358.6,9345979.1996,30403058.845,428534248.75,7629644.2591,113284161.67,0.0,0.0,0.0,-1.0842066439e-09,2.020766917e-09,-2.2780412429e-10,1.3315967493e-09,0.0,0.0,-1.5591001456e-08,0.0,0.0,0.0,0.0,1.2873392224e-10,0.22904128577,0.008497082769,0.14571317531,0.012445075521
naca671215,ok,,54.679791014,1396498259.7,5199307.1797,16519956.962,431128146.34,4019509.4209,110994636.34,0.0,0.0,0.0,-2.0090268108e-09,2.1015555238e-09,-5.3639095089e-10,2.4403055592e-09,0.0,0.0,-3.6823033242e-08,0.0,0.0,0.0,0.0,2.7517223029e-10,0.2335077361,0.008333585724,0.19145426111,0.012687898215
nacacyh,ok,,54.518787317,1392386294.8,2824217.3021,10396463.915,432399443.54,2280033.6907,110625977.94,0.0,0.0,0.0,-2.2959711437e-08,2.8357912492e-09,2.0404560907e-09,2.2475584976e-08,0.0,0.0,-1.4097774354e-08,0.0,0.0,0.0,0.0,-1.397312748e-08,0.23246623699,0.044989401984,0.039815178252,0.063475935966
nacam12,ok,,54.964993852,1403782217.1,3001892.7965,10171712.576,435923360.39,2360756.6027,113359701.76,0.0,0.0,0.0,-6.3912851962e-09,2.1647690334e-09,5.4101659044e-10,7.5445936658e-09,0.0,0.0,-2.2867962169e-08,0.0,0.0,0.0,0.0,-4.9385035893e-09,0.23691667792,0.012327862293,0.068647170905,0.022648061378
nacam2,ok,,53.762017542,1373058721.4,1293622.0912,4553837.2642,430665019.36,971217.38425,107112765.19,0.0,0.0,0.0,-6.5364469336e-16,2.1923990548e-09,9.7305395491e-16,-8.4914898415e-16,0.0,0.0,-5.4348482297e-08,0.0,0.0,0.0,0.0,-2.7836809879e-15,0.23483392516,-5.6368905336e-14,0.070306397324,-1.0984778846e-09
nacam3,ok,,54.884015151,1401714056.0,3013625.5319,9975156.6233,436098740.11,2325613.3741,113070478.02,0.0,0.0,0.0,-7.0435368606e-17,2.0959526727e-09,3.7713044187e-16,2.0352777937e-16,0.0,0.0,-2.0309699216e-08,0.0,0.0,0.0,0.0,-2.9725702767e-16,0.23699037062,-2.7173749993e-14,0.061205828102,6.1335651236e-10
nacam18,ok,,55.204536088,1409900022.4,3040662.8294,11373971.747,435847454.44,2550521.3632,114334269.82,0.0,0.0,0.0,-2.0549845779e-08,2.5323950455e-09,3.3317009473e-10,2.2463023989e-08,0.0,0.0,-2.1068583064e-08,0.0,0.0,0.0,0.0,-8.818928714e-09,0.23654148048,0.047116719354,0.064062457392,0.068302482082
nacam6,ok,,54.771560339,1398842008.7,3086051.1968,10537386.567,433984032.12,2446711.531,112064147.73,0.0,0.0,0.0,-6.3529214641e-09,2.211635514e-09,1.0987519456e-09,7.5584049148e-09,0.0,0.0,-2.0671717728e-08,0.0,0.0,0.0,0.0,-7.4098273222e-09,0.23485456859,0.011289715899,0.063793979235,0.023325624533
ncambre,ok,,54.507841233,1392106736.5,2675971.0547,9201024.0357,433550899.3,2083755.8279,110868061.25,0.0,0.0,0.0,-5.1082699911e-09,2.1618367302e-09,1.0104576601e-09,4.7114162847e-09,0.0,0.0,-1.7288753743e-08,0.0,0.0,0.0,0.0,-5.6853741925e-09,0.23293492032,0.0078859514511,0.046264204588,0.012607613605
nl722343,ok,,52.685253276,1345558626.8,1504829.9192,5640179.1166,422300931.74,1145975.2512,100885673.54,0.0,0.0,0.0,-9.4624628131e-09,2.2029899622e-09,-6.5447206597e-10,8.6259198629e-09,0.0,0.0,-5.3952778675e-08,0.0,0.0,0.0,0.0,-1.5199659517e-10,0.22208383826,0.010805065004,0.081189755573,0.01298054229
nlf0115,ok,,54.424359401,1389974646.6,4543892.6668,15411985.956,429004938.58,3632918.339,109394537.64,0.0,0.0,0.0,-4.3587483667e-09,2.1136427909e-09,-1.3303487114e-10,4.4948001753e-09,0.0,0.0,-2.1271260097e-08,0.0,0.0,0.0,0.0,-1.3636093531e-09,0.22885298049,0.014701639542,0.096654322767,0.020423889556
nl722362,ok,,53.803186968,1374110170.8,1666700.6505,5602711.7577,429544908.54,1248195.3633,107006251.53,0.0,0.0,0.0,-9.0591325595e-09,2.2511648777e-09,6.2137939432e-10,8.9969161889e-09,0.0,0.0,-6.9046319585e-08,0.0,0.0,0.0,0.0,-7.4907514502e-09,0.23180374362,0.0091410291355,0.11507954577,0.014995166064
nlf414f,ok,,53.076436154,1355549268.7,4235258.5521,15368800.527,419283198.13,3364213.2683,101693204.68,0.0,0.0,0.0,-5.2551869944e-09,2.1372002394e-09,-1.1802029337e-09,6.575607337e-09,0.0,0.0,-3.6403658988e-08,0.0,0.0,0.0,0.0,7.9666498428e-10,0.21876944446,0.018266040639,0.15417890806,0.027849397209
nlf415,ok,,54.338645831,1387785559.0,4358866.3866,14836641.517,427596923.7,3514239.3021,108685724.08,0.0,0.0,0.0,-3.1313151522e-09,2.0746478751e-09,-2.0450602142e-09,4.4698041654e-09,0.0,0.0,-3.7463844317e-08,0.0,0.0,0.0,0.0,5.9772391661e-09,0.23253051203,0.015895850024,0.16329989171,0.019483279131
nlr1t,ok,,54.310948626,1387078184.3,1719691.8943,5660706.0353,433485606.84,1288148.9764,110037682.26,0.0,0.0,0.0,-8.8645571265e-09,2.2351641928e-09,6.2557782112e-10,8.7812829124e-09,0.0,0.0,-6.8588892733e-08,0.0,0.0,0.0,0.0,-7.3493508897e-09,0.236695477,0.0091788926652,0.11795176287,0.015101101046
nlr7301,ok,,54.41432584,1389718393.8,5803529.279,20553344.462,427766051.78,4660580.8867,109079242.13,0.0,0.0,0.0,-1.2900784155e-09,1.9563014407e-09,-6.4133182992e-10,1.1289866319e-09,0.0,0.0,-7.7114200161e-09,0.0,0.0,0.0,0.0,2.806298065e-09,0.21519422351,0.0088286134835,0.044753451846,0.0065521069738
npl9510,ok,,53.751196588,1372782358.9,2270937.6188,8909897.9361,429415264.93,1822399.8977,106788908.46,0.0,0.0,0.0,3.0793113781e-09,2.2098243185e-09,-3.0804764969e-09,-2.949193252e-09,0.0,0.0,-1.3466920047e-08,0.0,0.0,0.0,0.0,1.6804097238e-08,0.22568914305,0.0013009615254,0.030582535344,-0.0066974339011
nn7mk20,ok,,54.166658815,1383393084.8,5170015.2011,19696013.907,424169256.77,4371884.1724,107158038.23,0.0,0.0,0.0,-5.2179708731e-09,2.0611480829e-09,-6.5279652108e-10,6.7685147177e-09,0.0,0.0,-1.1539324206e-08,0.0,0.0,0.0,0.0,1.162835743e-09,0.22370521857,0.023950278438,0.059658481557,0.034993323979
npl9626,ok,,54.640571156,1395496601.5,2870945.8963,9839752.3764,434326127.88,2245137.2696,111607859.37,0.0,0.0,0.0,-2.488168547e-09,2.1004546528e-09,3.4773849358e-10,2.69106836e-09,0.0,0.0,-1.4634069302e-08,0.0,0.0,0.0,0.0,-2.1524928621e-09,0.23307963941,0.004459995797,0.042013621209,0.0077259116649
npl9615,ok,,54.45596114,1390781741.4,2601316.9405,8810736.1182,433222239.9,2012590.3606,110569787.2,0.0,0.0,0.0,-3.9429698584e-09,2.138436364e-09,6.2047839449e-10,3.8483265294e-09,0.0,0.0,-2.3950435637e-08,0.0,0.0,0.0,0.0,-4.0068873387e-09,0.23291500491,0.0060577059016,0.062302673954,0.010010716993
npl9627,ok,,54.706645095,1397184101.3,2962821.824,10238864.272,434693687.99,2321982.3848,111978112.15,0.0,0.0,0.0,-3.1159125021e-09,2.0936708357e-09,4.0545745168e-10,3.4909611135e-09,0.0,0.0,-9.9115381506e-09,0.0,0.0,0.0,0.0,-2.3477243038e-09,0.2325361319,0.0059676335118,0.029366121542,0.010343095774
npl9660,ok,,53.541172999,1367418447.1,2608459.5093,9068562.9843,426798741.79,2005789.803,105290848.82,0.0,0.0,0.0,-3.9509069195e-09,2.1669519941e-09,5.5383686688e-10,3.8253607216e-09,0.0,0.0,-2.6306691331e-08,0.0,0.0,0.0,0.0,-3.9344296612e-09,0.22486285144,0.0061505428945,0.068619939161,0.0099782985508
nplx,ok,,53.035509647,1354504023.4,2136093.5667,7897205.9201,423680077.37,1663019.4148,102555311.51,0.0,0.0,0.0,2.2959540787e-09,2.203860305e-09,-2.1933945051e-09,-1.4675578808e-09,0.0,0.0,-3.0923259504e-08,0.0,0.0,0.0,0.0,1.1316222385e-08,0.22150499713,0.00035043413663,0.066054975688,-0.0031348409479
p51droot,ok,,53.929954145,1377347749.7,5209899.7621,18658081.099,424306663.05,4203849.2687,106246286.07,0.0,0.0,0.0,-2.1347479062e-09,2.0751765432e-09,-2.8826596891e-10,2.6686127039e-09,0.0,0.0,-1.2036069386e-08,0.0,0.0,0.0,0.0,5.5722028816e-10,0.22100983438,0.0094919215832,0.062706715032,0.013903204691
oaf117,ok,,53.900912537,1376606039.6,2065922.1739,9511914.6685,432331068.64,1736963.1419,108303253.06,0.0,0.0,0.0,-8.1618102364e-09,2.0860892316e-09,6.7108072187e-10,1.1567146509e-08,0.0,0.0,2.5197023967e-08,0.0,0.0,0.0,0.0,-4.2184600009e-10,0.2252824287,0.014011699788,-0.05205509053,0.023896824462
p51dtip,ok,,52.008625395,1328277842.8,2424062.5444,9274078.8264,414907936.94,1906219.8762,96589439.203,0.0,0.0,0.0,-4.632108928e-09,2.2493843865e-09,-9.5374145032e-10,6.0344198362e-09,0.0,0.0,-6.1622763236e-08,0.0,0.0,0.0,0.0,2.1376655369e-10,0.21744905412,0.0089184270751,0.14937743224,0.014627811102
p51hroot,ok,,54.04571233,1380304163.8,5098720.3881,17090629.591,425346606.82,4039597.8585,106970485.58,0.0,0.0,0.0,-2.4087327019e-09,2.1271720796e-09,-3.7415430346e-10,3.0330785628e-09,0.0,0.0,-3.0327348293e-08,0.0,0.0,0.0,0.0,-4.2979356894e-10,0.22709656416,0.009336057205,0.15463066906,0.015464819507
p51htip,ok,,53.222030588,1359267687.7,2990755.5061,10346641.712,422627397.93,2329283.1343,103034215.94,0.0,0.0,0.0,-4.1333659524e-09,2.1952135362e-09,-7.1637005465e-10,5.201056882e-09,0.0,0.0,-5.4739196869e-08,0.0,0.0,0.0,0.0,-6.4121788183e-10,0.22554550712,0.0092909309994,0.16371155443,0.015555089507
pfcm,ok,,52.961320611,1352609267.4,1195672.9379,4569669.7625,425020167.15,928994.82937,102595874.22,0.0,0.0,0.0,-1.0185509573e-08,2.2177209955e-09,-1.593038699e-09,1.3018095953e-08,0.0,0.0,-8.5816394502e-08,0.0,0.0,0.0,0.0,1.397037353e-09,0.22888486952,0.0097593583649,0.10260834054,0.015565385034
pmc19sm,ok,,51.79462613,1322812394.0,1456829.5057,6209820.7478,417616822.8,1156403.2521,96506561.67,0.0,0.0,0.0,-1.1278206251e-08,2.4899809223e-09,2.8648434488e-09,8.8201362592e-09,0.0,0.0,-4.3638296374e-08,0.0,0.0,0.0,0.0,-2.0069521664e-08,0.21490784895,0.0080588699858,0.063573557738,0.012849434747
prandtl-d-centerline,ok,,53.323900953,1361869412.8,2714164.5884,11340049.933,422328934.96,2309431.8118,103363462.77,0.0,0.0,0.0,-1.2330458507e-08,2.1670511531e-09,-6.0286436086e-10,1.7052976977e-08,0.0,0.0,-1.5075991861e-08,0.0,0.0,0.0,0.0,-9.6553638573e-10,0.22115079821,0.027983364455,0.040918723245,0.046284586238
psu-90-125wl,ok,,53.57522267,1368288061.0,3110246.4179,11580403.933,424945148.86,2501760.7005,104991163.65,0.0,0.0,0.0,-7.2058131285e-09,2.1340916886e-09,-5.843454334e-10,9.122279413e-09,0.0,0.0,-1.8054730666e-08,0.0,0.0,0.0,0.0,2.9240215819e-10,0.22461407611,0.018191539813,0.05615466138,0.028372536867
prandtl-d-wingtip,ok,,53.115038243,1356535149.4,1719822.8882,6539176.1479,424937932.0,1332239.7378,103172925.03,0.0,0.0,0.0,7.594600299e-13,2.1824416851e-09,-2.4744862418e-12,-5.4727499528e-12,0.0,0.0,-9.9466170769e-09,0.0,0.0,0.0,0.0,1.0185381018e-11,0.22516889125,2.043617018e-06,0.017106419709,-9.41216063e-06
psu94097,ok,,53.027848609,1354308363.8,1799424.8185,8063095.8787,423650686.53,1534050.6656,102564271.61,0.0,0.0,0.0,-1.9732298504e-08,2.2100548132e-09,-1.5085174699e-09,2.660393088e-08,0.0,0.0,-3.5444408701e-08,0.0,0.0,0.0,0.0,-1.1704196504e-09,0.22303816997,0.029869982158,0.063779548696,0.047871773495
pt40,ok,,55.307102548,1412519525.5,2859210.7344,10772396.264,438143649.77,2349154.0792,115389851.91,0.0,0.0,0.0,-8.4700329043e-09,2.0019104564e-09,2.0928732995e-10,1.2063393833e-08,0.0,0.0,1.373552278e-09,0.0,0.0,0.0,0.0,-1.0381717462e-09,0.22861514834,0.019339977342,-0.0039272754175,0.034491785141
r1046,ok,,55.393429903,1414724288.4,6175866.2806,24362561.645,427624761.75,5616240.85,113017872.38,0.0,0.0,0.0,-8.4896088895e-09,2.1558720396e-09,-1.7332933316e-10,1.2267967606e-08,0.0,0.0,-1.1136106156e-08,0.0,0.0,0.0,0.0,-3.2145801034e-09,0.22624620232,0.043610034895,0.068775102505,0.075765327471
r1080,ok,,55.028853744,1405413171.2,6570374.4897,22688657.154,429051402.7,5446176.9165,111889722.54,0.0,0.0,0.0,-4.4812392764e-09,2.0953714272e-09,-3.445413686e-11,5.4780168621e-09,0.0,0.0,-1.4580802206e-08,0.0,0.0,0.0,0.0,-2.2749582215e-09,0.22820037434,0.021581742276,0.095801330855,0.035992622245
r1082,ok,,55.108498587,1407447266.1,6530706.5374,22505244.351,429773533.87,5414190.4137,112404403.14,0.0,0.0,0.0,-4.5242203668e-09,2.0856538883e-09,-1.0309025272e-10,5.5650376147e-09,0.0,0.0,-1.415462327e-08,0.0,0.0,0.0,0.0,-1.9535735191e-09,0.22903026117,0.022075128024,0.092439690725,0.036343627531
r1082t,ok,,54.568292722,1393650641.5,5117361.9964,17929815.556,428377713.15,4191599.5565,109826207.08,0.0,0.0,0.0,-5.170904329e-09,2.1290006148e-09,-1.4571017809e-10,6.3297103063e-09,0.0,0.0,-1.8320748965e-08,0.0,0.0,0.0,0.0,-2.1965269159e-09,0.2285708128,0.019571642718,0.0937539045,0.03239141897
r1145ms,ok,,56.29556872,1437764524.9,7953995.6308,26772329.801,437161045.51,6616407.2385,119387758.23,0.0,0.0,0.0,-5.0702701558e-09,1.9498089583e-09,-2.1920387457e-10,6.6378457634e-09,0.0,0.0,-9.4342089883e-09,0.0,0.0,0.0,0.0,-1.1667599001e-09,0.22809564544,0.031788134512,0.075039657072,0.0527973962
r140,ok,,53.843986163,1375152164.6,2751983.281,9473862.8728,427788881.96,2157923.812,106735165.56,0.0,0.0,0.0,-1.5010569353e-09,2.1894710057e-09,9.326605289e-12,1.8270318088e-09,0.0,0.0,-3.9703275775e-08,0.0,0.0,0.0,0.0,-1.0025083701e-09,0.23334583381,0.0027343739626,0.10926275113,0.0050279609916
r1145msf,ok,,60.080003235,1534417348.8,14709244.906,54418806.25,442372230.6,14396913.743,137837228.81,0.0,0.0,0.0,-4.5149037103e-09,1.8197790417e-09,1.3657663403e-09,5.9608035212e-09,0.0,0.0,3.3637206253e-09,0.0,0.0,0.0,0.0,-4.2211939232e-09,0.21197421107,0.052335381996,-0.049477790473,0.087678918831
r1145msm,ok,,59.154805295,1510788192.8,18438602.326,56186376.506,436462736.16,15517430.36,131904305.7,0.0,0.0,0.0,-2.5846018841e-09,1.6099916233e-09,-1.9472185048e-09,2.8739990399e-09,0.0,0.0,-1.1657864279e-08,0.0,0.0,0.0,0.0,4.8599979125e-09,0.23669623094,0.058335548247,0.21495472342,0.052992525382
r140sm,ok,,53.879284076,1376053658.0,2754583.7039,9481186.4101,428042806.75,2161132.7345,106941153.72,0.0,0.0,0.0,-1.4636911852e-09,2.183873322e-09,1.7001635478e-11,1.7768413871e-09,0.0,0.0,-3.9779223234e-08,0.0,0.0,0.0,0.0,-1.0096443742e-09,0.23320325572,0.0026544000399,0.10957520008,0.0048944583293
rae100,ok,,52.722218906,1346502713.1,1787139.6717,7085423.1761,422230364.61,1398765.3541,101012964.31,0.0,0.0,0.0,5.4955348318e-16,2.1714838153e-09,-5.6682937782e-16,-3.589324877e-15,0.0,0.0,1.9651144935e-09,0.0,0.0,0.0,0.0,1.3853075372e-15,0.21934801714,-3.4366129154e-10,-0.0035119340708,-6.4146248824e-09
rae101,ok,,52.729462036,1346687699.5,1762142.5755,6783193.3137,422062647.88,1375820.7826,100991473.92,0.0,0.0,0.0,5.6637748118e-16,2.1964287012e-09,-8.4028557436e-16,-3.4643691792e-15,0.0,0.0,-1.7777298523e-08,0.0,0.0,0.0,0.0,1.5724312085e-15,0.2218205719,-2.9935093624e-10,0.031326134604,-6.1047124278e-09
rae102,ok,,52.891537191,1350827029.0,1820214.2438,6784863.9448,422993190.24,1414480.426,101831286.86,0.0,0.0,0.0,-9.718887474e-17,2.1993307269e-09,-2.1494338064e-16,-7.188667757e-16,0.0,0.0,-3.2088114909e-08,0.0,0.0,0.0,0.0,6.8563255394e-16,0.22396067814,3.5467192331e-10,0.058407243813,-1.3084915445e-09
rae2822,ok,,52.965975557,1352728152.7,2723304.2441,10024036.917,421567552.04,2150899.1262,101779183.07,0.0,0.0,0.0,-7.955886626e-10,2.170883601e-09,-1.6317693068e-09,1.3707274039e-09,0.0,0.0,-3.1011309828e-08,0.0,0.0,0.0,0.0,7.5064957121e-09,0.2221992906,0.0053002092874,0.084453231667,0.0037329077564
rae103,ok,,53.129852782,1356913506.3,1918495.2869,6886365.7167,424437938.95,1480765.9395,103098954.67,0.0,0.0,0.0,-2.9560233335e-16,2.1976120856e-09,-1.5774548806e-15,-2.0711678938e-15,0.0,0.0,-4.6738589116e-08,0.0,0.0,0.0,0.0,-4.7510044822e-17,0.22657150879,4.2177827661e-10,0.089667762937,-3.9735258427e-09
rae5212,ok,,53.720619082,1372001422.6,2776083.0944,10026733.466,427101633.07,2197411.8336,106080823.09,0.0,0.0,0.0,-5.2275737623e-09,2.0888535584e-09,-9.3337456982e-10,5.9423560334e-09,0.0,0.0,-1.9924356056e-08,0.0,0.0,0.0,0.0,3.0406852761e-09,0.22528247348,0.012992980698,0.055311668015,0.016496474125
rae104,ok,,53.432995816,1364655648.5,2039446.6508,7026762.8178,426383730.27,1559167.6042,104758366.79,0.0,0.0,0.0,-7.9698795719e-17,2.1923102037e-09,-1.0144393383e-15,-3.4635938884e-15,0.0,0.0,-6.1053396248e-08,0.0,0.0,0.0,0.0,-2.724782827e-16,0.22966283645,2.6693979129e-11,0.1245151445,-7.0638149554e-09
rae5213,ok,,51.915237911,1325892766.8,1828399.2694,7386469.2433,416768265.29,1424447.6761,96700101.048,0.0,0.0,0.0,-6.9771796459e-09,2.1471499049e-09,-8.0319212478e-10,7.1992440997e-09,0.0,0.0,-1.76060403e-08,0.0,0.0,0.0,0.0,3.2975032253e-09,0.21079408237,0.010928997339,0.032190871221,0.013163092652
raf15,ok,,54.137147218,1382639371.4,810699.87601,3256277.661,432358383.73,641828.43891,109025377.28,0.0,0.0,0.0,-3.0755186611e-08,2.6133983876e-09,2.5309172569e-09,3.5825729285e-08,0.0,0.0,-5.1793984786e-08,0.0,0.0,0.0,0.0,-2.2282228338e-08,0.2369142554,0.016354721022,0.041989377045,0.02904391429
rae5215,ok,,53.300139642,1361262559.2,1803547.1078,6912829.1886,427629296.22,1398612.7862,104583357.72,0.0,0.0,0.0,-6.6787039366e-09,2.0863274654e-09,-1.2168909658e-09,6.881378475e-09,0.0,0.0,-2.2166785436e-08,0.0,0.0,0.0,0.0,5.2481640034e-09,0.22331017264,0.010980650389,0.039978841762,0.012410890246
rae5214,ok,,51.903729433,1325598845.2,1755005.9181,7065622.5828,416874928.25,1359080.0011,96681094.722,0.0,0.0,0.0,-6.7438760239e-09,2.1436647682e-09,-9.0576164992e-10,6.6637951096e-09,0.0,0.0,-1.8490144352e-08,0.0,0.0,0.0,0.0,4.0329734846e-09,0.21081926935,0.010321310129,0.032450312765,0.011694999855
rae69ck,ok,,52.965975557,1352728152.7,2723304.2441,10024036.917,421567552.04,2150899.1262,101779183.07,0.0,0.0,0.0,-7.955886626e-10,2.170883601e-09,-1.6317693068e-09,1.3707274039e-09,0.0,0.0,-3.1011309828e-08,0.0,0.0,0.0,0.0,7.5064957121e-09,0.2221992906,0.0053002092874,0.084453231667,0.0037329077564
raf19,ok,,55.912520403,1427981636.2,1416678.0006,17025136.817,430751498.93,2307646.5156,116040470.11,0.0,0.0,0.0,-3.2131117458e-08,3.0051367789e-09,2.2357641276e-09,8.6318554596e-08,0.0,0.0,4.4632973636e-09,0.0,0.0,0.0,0.0,-1.3982691673e-08,0.22803840206,0.066860223315,-0.0063230551852,0.12228559734
raf25,ok,,51.69850741,1320357563.4,716075.88411,3025806.64,417303284.95,545170.014,96036659.292,0.0,0.0,0.0,-1.2242110801e-08,2.2737524218e-09,-1.7372098214e-09,1.6426547626e-08,0.0,0.0,-9.1543827009e-08,0.0,0.0,0.0,0.0,3.8129229155e-09,0.22080653718,0.0071330513288,0.06555232686,0.011762654614
raf26,ok,,52.555381474,1342241757.1,755046.32301,3321404.8712,422415659.33,604464.99032,100432763.27,0.0,0.0,0.0,-2.3262222936e-08,2.1938672043e-09,-3.3365318472e-09,3.1738633831e-08,0.0,0.0,-1.0032824667e-07,0.0,0.0,0.0,0.0,5.3695820114e-09,0.22791676146,0.014801111213,0.075752473738,0.023964138772
raf30,ok,,54.127076567,1382382171.3,3124227.7574,11056959.849,429606497.88,2465727.9695,108333589.82,0.0,0.0,0.0,-1.3088312768e-16,2.1204444338e-09,1.9301396169e-15,-8.6694835337e-16,0.0,0.0,-1.1824842493e-08,0.0,0.0,0.0,0.0,-5.6960884594e-16,0.22971535752,8.6862631865e-14,0.036943501143,-2.7085441098e-09
raf27,ok,,53.383997085,1363404242.1,1828667.3365,6624645.2116,426391591.21,1406882.2511,104568948.41,0.0,0.0,0.0,-2.8212975662e-16,2.1939817613e-09,-1.6109018975e-16,2.0676625276e-16,0.0,0.0,-2.593217769e-08,0.0,0.0,0.0,0.0,-1.229794965e-15,0.22942236561,-1.7886346817e-14,0.047421326306,3.7810669272e-10
raf28,ok,,53.450179978,1365094524.6,1818021.5749,6908747.8231,426347799.33,1444687.0931,104820185.83,0.0,0.0,0.0,-9.353171606e-09,2.2154567045e-09,-2.4561069011e-10,1.2395622376e-08,0.0,0.0,-2.6573011527e-08,0.0,0.0,0.0,0.0,-1.9447220683e-09,0.22946827308,0.012867814763,0.048310308265,0.022535508913
raf30md,ok,,51.892534617,1325312934.5,1020161.1565,4049900.194,417675794.57,772162.11906,96805034.099,0.0,0.0,0.0,-8.697953129e-16,2.2775166086e-09,1.5764390732e-15,-1.1017424643e-15,0.0,0.0,-5.3530397594e-08,0.0,0.0,0.0,0.0,-3.9452311588e-15,0.22047507295,-2.3021743393e-14,0.054609632316,-1.1239548665e-09
raf31,ok,,54.25353519,1385611870.0,3159682.8406,11472272.677,429959790.1,2540379.5725,108936703.48,0.0,0.0,0.0,-5.2574535204e-09,2.100134935e-09,-5.7175518493e-10,7.3909707996e-09,0.0,0.0,-1.3762914299e-08,0.0,0.0,0.0,0.0,1.1565137952e-09,0.23046242529,0.014033146473,0.043486444146,0.023353123611
raf32,ok,,53.559096739,1367876211.7,2370649.9056,9062622.9534,423136334.68,2722920.2925,104512194.79,0.0,0.0,0.0,-1.2154786032e-08,2.0439560764e-09,1.5719746444e-09,2.3383343893e-08,0.0,0.0,4.2488069464e-08,0.0,0.0,0.0,0.0,2.9380024427e-09,0.22376681647,0.034888928838,-0.10072433786,0.055433721995
raf32md,ok,,53.191491229,1358487725.6,1450489.5023,5697422.8052,423196788.99,1670048.9956,103062135.14,0.0,0.0,0.0,-1.5864632131e-08,2.086064694e-09,2.2713292836e-09,3.0587090479e-08,0.0,0.0,7.3608140057e-08,0.0,0.0,0.0,0.0,3.6868576177e-09,0.22505333569,0.027881493233,-0.10676783443,0.044366253644
raf33,ok,,54.59562354,1394348658.7,3152427.9818,12997138.477,429583482.87,2756160.6241,110218979.88,0.0,0.0,0.0,-1.2137440162e-08,2.5126952026e-09,1.9125141225e-09,1.6496369793e-08,0.0,0.0,-1.1656363744e-08,0.0,0.0,0.0,0.0,-1.2931258155e-08,0.22890622135,0.025327415567,0.036745847231,0.052003617735
raf38,ok,,53.338244627,1362235744.1,2345699.5017,7992144.2062,423583507.32,2504310.9539,103735587.59,0.0,0.0,0.0,-7.3681763121e-09,2.2097292655e-09,2.5545620362e-09,1.3161635245e-08,0.0,0.0,5.3608902852e-08,0.0,0.0,0.0,0.0,-2.9104454307e-09,0.22364405424,0.016823054971,-0.12575037671,0.030873241237
raf34,ok,,54.188278922,1383945253.1,3124387.7806,11375980.721,429466813.11,2511412.3487,108544246.15,0.0,0.0,0.0,-5.7215444306e-09,2.2036456647e-09,1.0044513196e-09,7.017086287e-09,0.0,0.0,-1.167803343e-08,0.0,0.0,0.0,0.0,-6.1884012807e-09,0.22948191527,0.010805307347,0.03648670495,0.021924098651
raf6,ok,,53.810675931,1374301435.6,2007212.8137,6900300.9722,428723937.97,1846450.893,106905867.58,0.0,0.0,0.0,-2.0995434914e-08,2.5081231988e-09,2.1680030515e-09,2.796461742e-08,0.0,0.0,-5.9722460213e-09,0.0,0.0,0.0,0.0,-9.2695311133e-09,0.22963626544,0.03484703726,0.011987568741,0.056130938416
raf48,ok,,54.922003468,1402684261.2,4440471.4182,16014953.886,432227047.14,3658245.2897,112258806.35,0.0,0.0,0.0,-6.0504406848e-09,2.1269046018e-09,5.0701705636e-10,7.8025816286e-09,0.0,0.0,-7.1838889608e-09,0.0,0.0,0.0,0.0,-3.560647709e-09,0.22987461918,0.019143071101,0.031899853602,0.034647140711
raf69,ok,,54.689467022,1396745380.8,6693929.153,21137076.788,425454070.57,7093543.3361,109649269.32,0.0,0.0,0.0,-1.657573439e-09,1.9741455938e-09,3.5317641808e-10,2.9393551585e-09,0.0,0.0,1.727168189e-08,0.0,0.0,0.0,0.0,3.0792182437e-11,0.2165033101,0.011805359507,-0.11561541492,0.019675835186
raf6prop_sm,ok,,56.550011341,1444262879.6,3344916.8768,11687791.834,445385652.67,2835480.3417,122672311.11,0.0,0.0,0.0,-1.8259371989e-08,2.5101925783e-09,6.3852120036e-10,2.1162433119e-08,0.0,0.0,-2.3576776881e-08,0.0,0.0,0.0,0.0,-9.8764257055e-09,0.24495609106,0.044950355289,0.078862358889,0.070786579695
raf89,ok,,55.657490946,1421468293.9,10104773.219,31058785.927,425956808.7,10701527.342,113773167.14,0.0,0.0,0.0,-1.0221517995e-09,1.8616885042e-09,1.5497482552e-10,1.8304634011e-09,0.0,0.0,9.7417047881e-09,0.0,0.0,0.0,0.0,1.4515968146e-10,0.2119902869,0.011267927579,-0.09843771765,0.018496417554
rc08b3,ok,,53.856174759,1375463456.1,1372693.8093,4673391.6875,430691465.08,1030572.4612,107490593.67,0.0,0.0,0.0,-8.2095917827e-09,2.2465691868e-09,4.8663457654e-10,9.1431818135e-09,0.0,0.0,-8.9166455454e-08,0.0,0.0,0.0,0.0,-7.7566854673e-09,0.23441529074,0.0065871290902,0.1223982414,0.012550789072
rc0864c,ok,,53.783495431,1373607257.4,1332403.7144,4549464.5063,430326609.64,999842.48544,107108739.67,0.0,0.0,0.0,-7.5554865191e-09,2.2075506798e-09,-1.0360707359e-10,8.4589813609e-09,0.0,0.0,-9.2087206309e-08,0.0,0.0,0.0,0.0,-4.6091147219e-09,0.23271352376,0.0064820010023,0.12269733573,0.011270778185
rc08n1,ok,,52.463250416,1339888769.6,1127066.2313,4510353.2531,421579700.91,881972.6676,99868245.356,0.0,0.0,0.0,-1.4341377038e-08,2.472959346e-09,1.9235646628e-09,1.5326876064e-08,0.0,0.0,-8.2728728466e-08,0.0,0.0,0.0,0.0,-1.8055286634e-08,0.22409940369,0.0090824075642,0.09324075621,0.017274404442
rc1064c,ok,,54.381187585,1388872057.0,2196578.1538,7262374.268,433388604.87,1656342.0807,110300666.46,0.0,0.0,0.0,-4.6302905632e-09,2.1633652687e-09,4.0108193387e-11,5.175801578e-09,0.0,0.0,-5.5176827636e-08,0.0,0.0,0.0,0.0,-3.1292695415e-09,0.23596696738,0.0064464709133,0.12120021418,0.011369052674
rc10b3,ok,,54.55308095,1393262139.4,2243768.9968,7407638.7212,434420190.85,1715341.0983,111267149.06,0.0,0.0,0.0,-7.7744096873e-09,2.2272346018e-09,6.3265403627e-10,8.6457128099e-09,0.0,0.0,-5.2314523414e-08,0.0,0.0,0.0,0.0,-7.5438893076e-09,0.23658202157,0.010276059854,0.11738170572,0.019398982358
rc410,ok,,53.785116572,1373648660.7,2074770.7066,7890279.1118,429097193.66,1640851.0,106836265.4,0.0,0.0,0.0,-1.0337339125e-08,2.301977334e-09,1.7647737586e-09,1.2145475285e-08,0.0,0.0,-1.5750012579e-08,0.0,0.0,0.0,0.0,-1.1075326177e-08,0.22578187864,0.012863224081,0.032677664728,0.025199076339
rc1264c,ok,,54.89379217,1401963756.9,3016478.8926,8943054.0463,435955222.64,2489993.3614,113079224.45,0.0,0.0,0.0,-3.0848741994e-09,2.1122752818e-09,3.5277235072e-10,3.8385850916e-09,0.0,0.0,-1.7202106311e-08,0.0,0.0,0.0,0.0,-2.0199836526e-09,0.23709371952,0.0064889629776,0.051889790595,0.011579010906
rc10n1,ok,,53.405327998,1363949024.4,1842649.9783,6836442.2743,426579791.34,1454982.9496,104699379.61,0.0,0.0,0.0,-8.2566289795e-09,2.3116837423e-09,1.3318515035e-09,9.0620673671e-09,0.0,0.0,-4.6280468467e-08,0.0,0.0,0.0,0.0,-1.043537866e-08,0.22884984422,0.0085405560953,0.085278704216,0.016698218237
rc12b3,ok,,55.119198173,1407720528.9,3356933.2531,10934771.457,436853327.14,2611865.1086,114253909.82,0.0,0.0,0.0,-6.3533885454e-09,2.1922703038e-09,5.9844561383e-10,7.5308973934e-09,0.0,0.0,-3.4339970995e-08,0.0,0.0,0.0,0.0,-6.5388721064e-09,0.23800327819,0.012533161068,0.11527699054,0.025280719886
rc510,ok,,53.632680787,1369755516.5,1961164.5858,7427931.0755,428061245.52,1556262.571,105967528.63,0.0,0.0,0.0,-1.1438979442e-08,2.3644819176e-09,1.7131779336e-09,1.3059433062e-08,0.0,0.0,-2.8680406083e-08,0.0,0.0,0.0,0.0,-1.2422304669e-08,0.22702929882,0.013418133257,0.056246996716,0.025611697633
rc12n1,ok,,54.114073029,1382050066.6,2741124.9692,9730627.4595,430026437.19,2182926.7692,108374107.29,0.0,0.0,0.0,-4.9952171432e-09,2.2094030125e-09,8.9053874641e-10,5.6740884164e-09,0.0,0.0,-2.9045055622e-08,0.0,0.0,0.0,0.0,-6.3354341797e-09,0.23190854537,0.0076984499978,0.079616127196,0.015553385436
rcsc2,ok,,54.66844932,1396208597.7,2323615.5755,7434895.6627,435741921.04,1734565.0339,112080961.35,0.0,0.0,0.0,-2.2342105581e-09,2.0939581896e-09,-5.9315347339e-10,2.7021311689e-09,0.0,0.0,-4.3303908116e-08,0.0,0.0,0.0,0.0,1.4268514511e-09,0.23531114921,0.0044577984913,0.10062163538,0.006278714071
rg12,ok,,52.669933478,1345167365.7,1678790.5916,6347926.5681,421549506.82,1292379.5304,100639677.81,0.0,0.0,0.0,-8.2764077529e-09,2.2194486598e-09,-4.8769953455e-10,9.232137728e-09,0.0,0.0,-3.6799138407e-08,0.0,0.0,0.0,0.0,-6.9148092707e-10,0.22262006013,0.01049732275,0.061778047335,0.015498825958
rg12a189,ok,,52.573194837,1342696702.7,1572216.2444,6037882.3794,421011450.02,1214372.3694,100143492.91,0.0,0.0,0.0,-1.1797381286e-08,2.2479199212e-09,-4.2615767154e-10,1.2777633537e-08,0.0,0.0,-3.9967066218e-08,0.0,0.0,0.0,0.0,-2.2501190079e-09,0.22188461197,0.013720221779,0.062836870748,0.020089203012
rg149,ok,,52.77450106,1347837976.7,1584542.8467,6012144.4268,422451327.21,1219677.3279,101253376.69,0.0,0.0,0.0,-1.0085209067e-08,2.2393700211e-09,-6.7395100209e-11,1.1433574489e-08,0.0,0.0,-3.3360414667e-08,0.0,0.0,0.0,0.0,-2.9859393776e-09,0.22302178206,0.011488635945,0.052861006425,0.01811698867
rg14,ok,,52.508544281,1341045555.4,1381127.6551,5361027.2299,420882925.26,1062536.1229,99864062.551,0.0,0.0,0.0,-1.1445511781e-08,2.2610469083e-09,-2.3136351104e-10,1.315523212e-08,0.0,0.0,-4.0939480869e-08,0.0,0.0,0.0,0.0,-3.0136106238e-09,0.22213503866,0.011450096401,0.056542649214,0.01816905489
rg12a,ok,,52.573195172,1342696711.2,1572198.8288,6037957.5489,421011171.82,1214392.4632,100143428.75,0.0,0.0,0.0,-1.1797422864e-08,2.2479440239e-09,-4.2577744556e-10,1.2778679853e-08,0.0,0.0,-3.9961460152e-08,0.0,0.0,0.0,0.0,-2.2516993971e-09,0.22188454884,0.013720073769,0.062827360848,0.020090625499
rg1410,ok,,53.190638096,1358465937.0,1998296.9139,7380536.6576,424707174.99,1546245.9168,103409700.33,0.0,0.0,0.0,-7.9512611899e-09,2.2027989171e-09,2.8165670188e-12,9.0713799978e-09,0.0,0.0,-2.4893884081e-08,0.0,0.0,0.0,0.0,-2.435252624e-09,0.22469136202,0.011448694751,0.049745371734,0.018127310654
rg1495,ok,,52.989188066,1353320990.2,1785555.9957,6678555.0643,423624062.34,1377994.672,102363577.56,0.0,0.0,0.0,-8.9243054768e-09,2.2206440386e-09,-2.6819011937e-11,1.0149943547e-08,0.0,0.0,-2.8689357409e-08,0.0,0.0,0.0,0.0,-2.690521271e-09,0.2239229895,0.01146760533,0.051226454137,0.018123292556
rg14a147,ok,,51.680318127,1319893016.9,895850.89924,3679946.0894,416292552.58,679936.39929,95701277.493,0.0,0.0,0.0,-1.6194071103e-08,2.3335040106e-09,-2.7472374139e-10,1.7850749669e-08,0.0,0.0,-6.9874832819e-08,0.0,0.0,0.0,0.0,-5.1434662884e-09,0.21789658042,0.010249030199,0.062597431815,0.015991610143
rg15,ok,,52.315914177,1336125865.7,1492831.5215,5950466.4146,419417948.69,1163488.3875,98798884.965,0.0,0.0,0.0,-1.1644650945e-08,2.2141207405e-09,-8.4273829124e-10,1.3565049219e-08,0.0,0.0,-3.2441432119e-08,0.0,0.0,0.0,0.0,7.524316152e-10,0.21975967187,0.013740814412,0.048429592469,0.020250333064
rg15a111,ok,,53.197874322,1358650747.1,2354815.1552,8861797.7054,424025277.72,1856013.6008,103280429.86,0.0,0.0,0.0,-7.5896356001e-09,2.1658756028e-09,-3.5421290327e-10,8.8027929192e-09,0.0,0.0,-1.7584638642e-08,0.0,0.0,0.0,0.0,-1.6898255682e-10,0.22344669553,0.014016387839,0.041408573574,0.020728950174
rg15a213,ok,,53.940627721,1377620348.3,3366211.0417,12363700.213,427444592.07,2703877.3624,107061938.9,0.0,0.0,0.0,-7.2952764719e-09,2.111565367e-09,-2.6459581831e-10,8.5727100018e-09,0.0,0.0,-1.1411866657e-08,0.0,0.0,0.0,0.0,-3.9987981542e-10,0.22522352347,0.019482038746,0.038414751547,0.028857551065
rg8,ok,,53.119002563,1356636396.4,2185464.1461,8470839.0314,423560775.09,1744151.7385,102862600.84,0.0,0.0,0.0,-8.8738618244e-09,2.1067488125e-09,-1.2717254911e-09,1.0919063023e-08,0.0,0.0,-1.7157272921e-08,0.0,0.0,0.0,0.0,4.2909857201e-09,0.22352474195,0.017151227106,0.037496604813,0.023863220745
rhodesg30,ok,,53.294296337,1361113323.7,1847700.8145,7709897.6319,424714333.32,1520132.4308,103828069.85,0.0,0.0,0.0,-2.8028528883e-08,3.1033481705e-09,3.1908347745e-09,3.0298044847e-08,0.0,0.0,-1.7628104693e-08,0.0,0.0,0.0,0.0,-2.1816013085e-08,0.22534469896,0.035173220731,0.032571463399,0.055981722141
s1010,ok,,51.171581624,1306900106.2,678044.54733,2827368.1539,413746101.5,494027.75265,93282198.543,0.0,0.0,0.0,-1.0207083474e-15,2.276923077e-09,-9.7401731728e-16,1.114746926e-15,0.0,0.0,-4.9141992894e-08,0.0,0.0,0.0,0.0,-2.0030618482e-15,0.21239639054,2.9407754915e-10,0.033320460327,7.5584807483e-10
rhodesg34,ok,,55.043153509,1405778381.0,4029365.1028,15712766.162,432241610.06,3452006.7822,112780506.02,0.0,0.0,0.0,-1.7665753166e-08,2.8827608719e-09,2.4535876663e-09,2.0093950374e-08,0.0,0.0,-6.5054173207e-09,0.0,0.0,0.0,0.0,-1.3995035491e-08,0.22808204448,0.050084323921,0.026212701531,0.080965862413
rhodesg36,ok,,55.300174161,1412342577.5,5490329.8209,21024744.702,431070885.85,4733739.6875,113573002.3,0.0,0.0,0.0,-1.4832242923e-08,2.7894273505e-09,1.945718596e-09,1.6892544756e-08,0.0,0.0,-6.1639693185e-09,0.0,0.0,0.0,0.0,-1.1517588779e-08,0.22397437475,0.058181669286,0.033842224564,0.092745642222
s1012,ok,,53.467118684,1365527131.9,3271791.4202,11245148.661,425014932.95,2498718.1744,104583879.75,0.0,0.0,0.0,-2.555343697e-16,2.1327536679e-09,-2.1906845078e-16,2.979252812e-17,0.0,0.0,-2.9571442705e-08,0.0,0.0,0.0,0.0,-2.7527743738e-16,0.22305165314,4.8508436054e-10,0.096751592525,9.7474937887e-11
s1014,ok,,54.379456704,1388827851.1,6106977.9945,20330765.876,426893297.25,4820419.5975,108714562.17,0.0,0.0,0.0,7.5565540319e-17,2.0681983127e-09,5.0220877052e-16,1.4733247007e-15,0.0,0.0,-1.9475336306e-08,0.0,0.0,0.0,0.0,4.227856929e-16,0.22484327405,9.3973979268e-11,0.11893545026,8.9975615259e-09
rhodesg32,ok,,54.232051363,1385063182.3,2849484.9229,11410122.897,429098643.89,2391517.9468,108649665.23,0.0,0.0,0.0,-2.1672460446e-08,2.9769058463e-09,2.7507361261e-09,2.4055705302e-08,0.0,0.0,-1.0219280214e-08,0.0,0.0,0.0,0.0,-1.6979264503e-08,0.2272778862,0.042673253726,0.029119684892,0.06854636957
s1016,ok,,54.756790773,1398464800.3,7063521.3191,23167781.358,428645043.83,5579715.2959,110710021.21,0.0,0.0,0.0,3.4520672881e-17,2.0313737386e-09,-3.7403221234e-18,-3.5395495184e-17,0.0,0.0,-1.5632142982e-08,0.0,0.0,0.0,0.0,7.6477485055e-17,0.22489342968,-9.6648419001e-11,0.11041797521,-2.5001683483e-10
s102b,ok,,53.960281152,1378122288.4,4242653.1117,15389638.322,426059640.67,3439826.639,106787696.01,0.0,0.0,0.0,-4.6025269023e-09,2.0936082168e-09,-5.4867416125e-10,4.9218062793e-09,0.0,0.0,-1.7960266947e-08,0.0,0.0,0.0,0.0,8.8734936148e-10,0.2250696441,0.016519040042,0.076199182451,0.020881516726
s1020,ok,,54.759536799,1398534932.7,4405720.0622,16864439.013,429287235.93,3787494.2251,110851468.52,0.0,0.0,0.0,-9.2286122909e-09,2.001159187e-09,-1.2779983063e-09,1.2951080273e-08,0.0,0.0,-1.4829126879e-08,0.0,0.0,0.0,0.0,1.9453980562e-09,0.22935665522,0.036645317751,0.065332981796,0.057058834184
s102s,ok,,53.615161174,1369308073.1,4245207.2051,15405475.396,422833523.3,3438704.9053,104627358.89,0.0,0.0,0.0,-4.5953513688e-09,2.1049099309e-09,-5.7611314924e-10,4.8809712717e-09,0.0,0.0,-1.8043715307e-08,0.0,0.0,0.0,0.0,1.0085308913e-09,0.22189585981,0.016571807128,0.076599310229,0.02072073441
s1046,ok,,54.355802511,1388223733.2,5282220.969,19678527.149,426663550.68,4378638.8599,108549008.28,0.0,0.0,0.0,-5.1963394969e-18,2.0426923242e-09,-1.1049708989e-16,1.1827822389e-16,0.0,0.0,-6.7359305209e-10,0.0,0.0,0.0,0.0,-3.9855132467e-17,0.221732226,-1.5941869836e-11,0.0035580673444,6.2477171443e-10
s2027,ok,,53.240971924,1359751441.2,3894897.2223,15206083.918,420426877.66,3214106.9351,102598275.21,0.0,0.0,0.0,-6.6437763108e-09,2.1659469778e-09,1.3733003409e-10,8.3374531534e-09,0.0,0.0,-8.3045853623e-09,0.0,0.0,0.0,0.0,-2.107114044e-09,0.21759550145,0.019881085603,0.03234550646,0.032473523129
s2046,ok,,50.64455657,1293440113.8,1415387.0836,6580115.0334,408597497.59,1134492.8414,90285988.345,0.0,0.0,0.0,-1.5673850244e-08,2.0951042853e-09,-1.7636889717e-09,1.9480128593e-08,0.0,0.0,-1.2871828877e-08,0.0,0.0,0.0,0.0,8.4926274581e-09,0.20277529731,0.01973743113,0.018218620334,0.027571922396
s1091,ok,,51.574364228,1317187000.1,275723.89127,6392581.5099,416234847.14,539179.60642,95772709.135,0.0,0.0,0.0,-8.1249663487e-08,2.5557366742e-09,-1.3142247656e-08,2.569245724e-07,0.0,0.0,-1.9330949275e-07,0.0,0.0,0.0,0.0,-8.1029165583e-09,0.21076831658,0.042888153395,0.05330004556,0.070840242864
s2048,ok,,52.237303061,1334118171.7,1416426.7047,5604120.6135,418632037.89,1102860.2671,98309080.294,0.0,0.0,0.0,-1.291165515e-08,2.1831037925e-09,-1.6955995747e-09,1.5418992105e-08,0.0,0.0,-4.6708441945e-08,0.0,0.0,0.0,0.0,3.550697649e-09,0.21958620809,0.015099868388,0.066159084506,0.021839872177
s1048,ok,,53.552590333,1367710040.9,3508255.3461,13383490.495,424242926.93,2846800.7112,104732833.55,0.0,0.0,0.0,-3.3611150491e-16,2.1220451563e-09,-2.9176344934e-16,-1.8308806036e-17,0.0,0.0,-2.2857378329e-09,0.0,0.0,0.0,0.0,-5.2731703098e-16,0.22224780213,6.2321151621e-10,0.0080189519719,-6.4231966655e-11
s2055,ok,,52.449894732,1339547671.2,1292076.4807,4895986.9464,420254206.97,985922.63747,99483727.66,0.0,0.0,0.0,-1.30811751e-08,2.2641945873e-09,-8.9638376347e-10,1.5054227771e-08,0.0,0.0,-6.6967046947e-08,0.0,0.0,0.0,0.0,-2.3005591659e-09,0.22229762796,0.012392881493,0.086526546345,0.019451213638
s2060,ok,,51.713485975,1320740109.4,1182090.4928,4967598.486,415800806.86,921326.35282,95714042.859,0.0,0.0,0.0,-1.3761945903e-08,2.1933289161e-09,-1.5193172248e-09,1.7504292613e-08,0.0,0.0,-3.5764772925e-08,0.0,0.0,0.0,0.0,4.154351031e-09,0.21497091664,0.013502247154,0.042277198053,0.020691657882
s2062,ok,,51.742855026,1321490182.3,1186715.4943,4923081.0941,415925278.88,919832.23503,95846093.04,0.0,0.0,0.0,-1.3206056514e-08,2.2124664177e-09,-1.3897389736e-09,1.6628903485e-08,0.0,0.0,-3.9615774035e-08,0.0,0.0,0.0,0.0,3.1719831775e-09,0.21574750537,0.012776951155,0.047012652866,0.019733777419
s3,ok,,52.627387992,1344080772.5,2221217.2744,8832239.4405,420431453.43,1756015.3654,100234910.98,0.0,0.0,0.0,-8.1776296674e-09,2.3156824145e-09,1.6066648317e-09,7.6976917014e-09,0.0,0.0,-7.0183923421e-09,0.0,0.0,0.0,0.0,-9.0582328626e-09,0.21901421221,0.01087911892,0.015589374309,0.01709824578
s3002,ok,,51.510224828,1315548907.5,1881664.6114,8105220.0397,412848768.53,1507086.0527,94313842.698,0.0,0.0,0.0,-1.5679743281e-08,2.2173332198e-09,-6.2010314274e-10,1.8389359268e-08,0.0,0.0,-2.0614036758e-08,0.0,0.0,0.0,0.0,-7.8881722064e-10,0.20736687586,0.023384235052,0.038788703465,0.03460260656
s2091,ok,,51.592989213,1317662674.1,1808721.0272,8768056.2338,412274006.49,1552170.6538,94486777.003,0.0,0.0,0.0,-1.8841273744e-08,2.2874855139e-09,2.2416315881e-10,2.5622667064e-08,0.0,0.0,-6.7934902487e-09,0.0,0.0,0.0,0.0,-3.4698560354e-09,0.20654266668,0.028133302607,0.012287528661,0.04634425669
s3010,ok,,51.482436139,1314839196.3,1863997.4608,8414689.1419,412158319.34,1528376.637,94047137.697,0.0,0.0,0.0,-1.4263621254e-08,2.2983916803e-09,7.0809036941e-10,1.7980000899e-08,0.0,0.0,-1.0071605493e-09,0.0,0.0,0.0,0.0,-4.4850087472e-09,0.20695146678,0.020382551778,0.0018773447064,0.033514676022
s3014,ok,,52.251774717,1334487771.5,1683624.6586,7100563.3568,418154346.92,1355826.1048,98267629.705,0.0,0.0,0.0,-1.4609939699e-08,2.3279394551e-09,4.4603405461e-10,1.8415181967e-08,0.0,0.0,-2.1357448797e-08,0.0,0.0,0.0,0.0,-6.1434039544e-09,0.21678662851,0.018004104477,0.03595792744,0.031004254452
s3016,ok,,52.175541518,1332540808.6,1687215.8836,6993505.3761,417880312.89,1340101.5444,97916505.579,0.0,0.0,0.0,-1.211793335e-08,2.2957796486e-09,5.2097895426e-10,1.5028407987e-08,0.0,0.0,-1.7493096716e-08,0.0,0.0,0.0,0.0,-5.2827456697e-09,0.21638324746,0.014708141665,0.029514630632,0.025356168661
s3021,ok,,52.751525829,1347251199.2,1638040.9605,6970155.7595,421180097.51,1350269.548,100868765.72,0.0,0.0,0.0,-1.6586001514e-08,2.3467347336e-09,5.8667246684e-10,2.1361762903e-08,0.0,0.0,-1.807121216e-08,0.0,0.0,0.0,0.0,-6.8742789805e-09,0.2211624719,0.020344490825,0.029601385723,0.034991442623
s3024,ok,,52.671635946,1345210846.1,1899577.2686,8074646.7607,419737407.27,1576680.2527,100228280.6,0.0,0.0,0.0,-1.666492901e-08,2.2838834351e-09,-6.3146812963e-10,2.2117127767e-08,0.0,0.0,-3.1037156606e-08,0.0,0.0,0.0,0.0,-3.7265254902e-09,0.21908778432,0.024988882112,0.058957477172,0.042013193153
s3025,ok,,52.830926392,1349279055.2,1618234.7362,7174605.4801,421407867.77,1368914.2441,101232786.26,0.0,0.0,0.0,-1.9738044538e-08,2.3273363123e-09,2.360455642e-12,2.6197639487e-08,0.0,0.0,-2.1630239837e-08,0.0,0.0,0.0,0.0,-5.3582607319e-09,0.22093355347,0.025400528242,0.035002805458,0.042393930225
s4053,ok,,52.956770061,1352493048.3,1495169.0271,6261976.3688,423013101.81,1229546.0526,102095583.83,0.0,0.0,0.0,-1.8079080802e-08,2.2820204675e-09,-6.5137406102e-10,2.3605722732e-08,0.0,0.0,-3.8031708948e-08,0.0,0.0,0.0,0.0,-3.8863634589e-09,0.22415876753,0.021158417117,0.056863833268,0.035294545492
s4061,ok,,51.471891782,1314569898.0,1674754.9288,8146435.2229,411519165.88,1438450.3549,93864121.648,0.0,0.0,0.0,-1.9452347235e-08,2.2477863376e-09,-7.386554513e-10,2.7231886371e-08,0.0,0.0,-1.9813116999e-08,0.0,0.0,0.0,0.0,-1.1959470293e-09,0.20784478003,0.027623761266,0.033182115349,0.04560673592
s4062,ok,,51.99613494,1327958842.0,1765983.9969,8238297.9648,414750235.95,1513254.1774,96524168.818,0.0,0.0,0.0,-1.9085112167e-08,2.168794687e-09,-1.8706263751e-09,2.7096989071e-08,0.0,0.0,-3.4360221624e-08,0.0,0.0,0.0,0.0,1.1952757008e-09,0.21267245295,0.029265395546,0.060679601516,0.047852849062
s4094,ok,,56.086671604,1432429382.7,1914698.6514,6533190.0206,445597244.2,1553090.9756,120653401.48,0.0,0.0,0.0,-1.2188182723e-08,2.223127232e-09,1.6945125387e-09,1.5258992304e-08,0.0,0.0,-5.940046007e-09,0.0,0.0,0.0,0.0,-8.3802711695e-09,0.24904219642,0.015690684946,0.011373398079,0.029216371985
s4083,ok,,52.370179361,1337511775.0,958061.3552,5293072.4981,421291454.75,852774.96866,99560039.156,0.0,0.0,0.0,-3.1460341458e-08,2.3874909911e-09,1.8136379931e-09,4.3003419781e-08,0.0,0.0,2.0421694859e-08,0.0,0.0,0.0,0.0,-6.9551155745e-09,0.21911276144,0.025529907278,-0.019565236652,0.041199914634
s4095,ok,,56.419272478,1440923865.5,2084462.2051,6629670.851,448275726.97,1612803.9748,122834170.01,0.0,0.0,0.0,-1.1842877128e-08,2.2162229868e-09,1.0083813191e-09,1.3657447134e-08,0.0,0.0,-3.2634903513e-08,0.0,0.0,0.0,0.0,-8.4879093882e-09,0.25226219669,0.01564991019,0.06802622294,0.028468432369
s4233,ok,,53.127083199,1356842772.3,3504602.5142,13839265.907,420043748.5,2903883.0037,102060456.07,0.0,0.0,0.0,-8.2630363713e-09,2.1706953376e-09,-3.507811255e-10,1.0912032791e-08,0.0,0.0,-1.4891509417e-08,0.0,0.0,0.0,0.0,-1.192398988e-09,0.21861932107,0.023238189203,0.052188821342,0.038242337555
s4096,ok,,57.202633554,1460930569.1,4093959.1836,11659783.727,452405020.11,3061073.3861,127491534.54,0.0,0.0,0.0,-5.576110884e-09,2.0752409038e-09,-9.659457404e-11,6.01549009e-09,0.0,0.0,-4.0268544954e-08,0.0,0.0,0.0,0.0,-3.6064680812e-09,0.25669443167,0.014236842502,0.16485777942,0.024627170898
s4310,ok,,52.61610641,1343792645.7,2229578.4923,9866056.1672,418278126.78,1898789.371,99680709.602,0.0,0.0,0.0,-1.6538036136e-08,2.3269458556e-09,9.2588922812e-11,2.2063204989e-08,0.0,0.0,-1.688596185e-08,0.0,0.0,0.0,0.0,-5.2394554416e-09,0.215527674,0.02926099646,0.037648577362,0.049191647317
s4110,ok,,51.942852418,1326598029.4,1285531.625,5929324.6471,416799713.45,1061837.4908,96811803.031,0.0,0.0,0.0,-2.1228314681e-08,2.1641199252e-09,-1.2069165103e-09,2.8082953689e-08,0.0,0.0,-2.2483802619e-08,0.0,0.0,0.0,0.0,2.1181889538e-09,0.21413367023,0.023022761704,0.028903639316,0.036101525089
s4320,ok,,51.05477062,1303916803.6,1534561.7577,8186160.3002,408958100.03,1361028.4011,91813135.641,0.0,0.0,0.0,-2.4608651045e-08,2.3443526485e-09,-9.8725872452e-11,3.4164554267e-08,0.0,0.0,-1.2388097514e-08,0.0,0.0,0.0,0.0,-3.8231452253e-09,0.20347988269,0.03243517532,0.019010300696,0.052427618447
s6061,ok,,51.630406796,1318618303.1,1506736.3839,6183647.4817,414200655.62,1178203.9557,95029478.482,0.0,0.0,0.0,-1.1191359966e-08,2.2887444276e-09,-2.0099263423e-10,1.365068348e-08,0.0,0.0,-3.4401395381e-08,0.0,0.0,0.0,0.0,-2.9730684854e-09,0.21377014118,0.012437047728,0.051833834077,0.020567981463
s5010,ok,,50.954821364,1301364142.7,1625874.1432,7498832.559,409946178.93,1317335.1043,91672822.351,0.0,0.0,0.0,-1.3006295516e-08,2.4899571148e-09,2.4245307868e-09,1.5824267313e-08,0.0,0.0,-1.6466174782e-09,0.0,0.0,0.0,0.0,-1.4985684133e-08,0.20463324195,0.013099131917,0.0026771927814,0.025728267059
s6062,ok,,51.090127517,1304819803.5,1135454.1118,4852224.0054,411378939.55,880645.88686,92431461.517,0.0,0.0,0.0,-1.3401142454e-08,2.3088456757e-09,-3.8401171683e-10,1.6415403235e-08,0.0,0.0,-4.254460463e-08,0.0,0.0,0.0,0.0,-2.5724468745e-09,0.21060273421,0.011324617118,0.048307446262,0.0186389371
s7055,ok,,53.222204233,1359272122.5,2133500.9961,8831468.6103,423346852.82,1778851.2532,103216253.14,0.0,0.0,0.0,-1.4988903421e-08,2.3150229139e-09,-5.1655429837e-11,1.9807428795e-08,0.0,0.0,-2.6065673587e-08,0.0,0.0,0.0,0.0,-5.6860760226e-09,0.22327470268,0.024407217776,0.055611140561,0.042259169064
s6063,ok,,50.351219577,1285948413.7,828978.37947,3775613.0525,407343209.84,638275.71372,88941134.891,0.0,0.0,0.0,-1.6496726258e-08,2.3256982624e-09,-6.0587905313e-10,2.0121066964e-08,0.0,0.0,-4.6366369383e-08,0.0,0.0,0.0,0.0,-1.256025394e-09,0.20567383855,0.010364579672,0.038436717753,0.016679929485
s8021,ok,,51.554777938,1316686774.7,999313.67694,4214843.1959,416344767.8,758302.83908,95293892.701,0.0,0.0,0.0,6.6171191048e-17,2.2565185139e-09,-9.0388357047e-16,-2.0562781494e-15,0.0,0.0,-1.3618757027e-08,0.0,0.0,0.0,0.0,3.1739306418e-16,0.21503243315,1.5762172343e-12,0.01360941016,-2.0548668783e-09
s7075,ok,,52.272785747,1335024384.2,1577914.5439,6635061.3192,418565222.32,1266948.9582,98444717.688,0.0,0.0,0.0,-1.7520129967e-08,2.1548946435e-09,-1.6932151561e-09,2.2155913999e-08,0.0,0.0,-3.6487242314e-08,0.0,0.0,0.0,0.0,2.1104137697e-09,0.21674810985,0.022776813543,0.057573750316,0.034960138933
s8023,ok,,49.687606375,1269000018.9,763244.55483,4410150.9187,407840765.63,603338.24055,87314304.252,0.0,0.0,0.0,5.2698411433e-16,2.2513119456e-09,-1.0655327288e-15,-3.905991418e-15,0.0,0.0,1.1347226377e-07,0.0,0.0,0.0,0.0,2.7050125819e-15,0.19657173618,2.8627828102e-12,-0.086607087451,-2.981226681e-09
s8035,ok,,54.539803981,1392923051.3,3827038.9008,13574177.659,431464886.49,3065398.1219,110489998.43,0.0,0.0,0.0,-2.6640982066e-14,2.0659812364e-09,1.6083541289e-14,-1.0135194616e-14,0.0,0.0,-3.636184801e-09,0.0,0.0,0.0,0.0,-6.7537248154e-14,0.22827026358,3.4406753881e-08,0.013915820684,-3.8787784063e-08
s8037,ok,,55.362951222,1413945876.5,5186646.2316,17612889.945,434787507.06,4245364.1788,114754384.41,0.0,0.0,0.0,-4.9578956705e-09,2.0998446752e-09,4.5725652988e-10,5.9034649746e-09,0.0,0.0,-1.0547232216e-08,0.0,0.0,0.0,0.0,-3.4254714063e-09,0.23263971168,0.017668820125,0.054704762227,0.030619184364
s8036,ok,,55.313969823,1412694912.7,5209792.0693,17403375.361,434858773.15,4219319.7497,114565321.15,0.0,0.0,0.0,-3.5743806156e-09,2.0650171545e-09,2.5261901087e-10,4.1041808647e-09,0.0,0.0,-1.1115578717e-08,0.0,0.0,0.0,0.0,-2.1387994831e-09,0.2328639058,0.012981123563,0.057909853844,0.02138192892
s8025,ok,,50.289214309,1284364825.9,984638.50333,4763245.4807,408492476.46,765438.87498,89099255.978,0.0,0.0,0.0,-4.7068513549e-09,2.292318669e-09,1.1693851707e-09,4.3928792105e-09,0.0,0.0,3.481979543e-08,0.0,0.0,0.0,0.0,-6.7653369488e-09,0.2020666398,0.002556483782,-0.034284911258,0.0043253980111
s8038,ok,,54.370840112,1388607787.0,3330029.139,11724259.943,431114017.8,2645427.4228,109701142.27,0.0,0.0,0.0,-2.9315437276e-09,2.104211295e-09,1.8345360178e-10,3.0305780543e-09,0.0,0.0,-1.0463916428e-08,0.0,0.0,0.0,0.0,-1.3327995965e-09,0.22969755912,0.0069454013393,0.034845146612,0.010091913229
s8052,ok,,52.946891067,1352240743.1,2793571.9978,10536560.11,421551363.57,2206420.7909,101717850.19,0.0,0.0,0.0,-5.7844089835e-09,2.1902816631e-09,2.0796851394e-10,6.6805036646e-09,0.0,0.0,-1.7645707044e-08,0.0,0.0,0.0,0.0,-2.7087432009e-09,0.2192660933,0.011452786702,0.049294553078,0.018662467968
s8064,ok,,53.501004341,1366392556.9,3204953.9131,11086949.798,424840508.01,2486955.8025,104670025.06,0.0,0.0,0.0,-3.2235159126e-09,2.1585145959e-09,-6.4322595712e-10,4.2574573021e-09,0.0,0.0,-3.6691336865e-08,0.0,0.0,0.0,0.0,7.060194316e-10,0.22652349311,0.0084145069877,0.11759404366,0.01364495444
s8055,ok,,53.409626783,1364058813.5,3011900.7118,10944041.591,424421237.5,2367760.3778,104213387.75,0.0,0.0,0.0,-6.8661353081e-09,2.1805480236e-09,-4.30793958e-11,8.1009349279e-09,0.0,0.0,-2.3565319659e-08,0.0,0.0,0.0,0.0,-2.5794561777e-09,0.22286341805,0.014896785818,0.070976403055,0.024399211676
s8065,ok,,53.111515369,1356445176.7,2489214.24,8840942.8883,423192452.24,1920233.9343,102738397.54,0.0,0.0,0.0,-4.1842334037e-09,2.1821050678e-09,-7.3361044954e-10,5.4646970347e-09,0.0,0.0,-4.2872003926e-08,0.0,0.0,0.0,0.0,7.7045065625e-10,0.22482146405,0.0083673367359,0.10671760267,0.013602801676
s8066,ok,,52.700192298,1345940163.0,1998740.2014,7286034.3762,421183459.73,1531699.3114,100665901.36,0.0,0.0,0.0,-4.1979631975e-09,2.2011596332e-09,-7.469746961e-10,5.3294147712e-09,0.0,0.0,-4.6989257173e-08,0.0,0.0,0.0,0.0,1.2517459118e-09,0.22239112584,0.0068564330718,0.093919317346,0.010652115553
s9026,ok,,52.367472108,1337442633.0,1631983.2227,6531803.0641,419848326.38,1265944.2224,99097984.953,0.0,0.0,0.0,-4.0528871376e-14,2.1919594527e-09,2.3426928619e-14,-1.6541649921e-14,0.0,0.0,-9.8848750071e-12,0.0,0.0,0.0,0.0,-1.074421028e-13,0.21721876486,2.1762126187e-08,1.6131950171e-05,-2.6995695148e-08
s9032,ok,,52.075473176,1329985106.3,1404961.916,5845855.6739,418421841.66,1091774.7057,97676709.606,0.0,0.0,0.0,-4.4962506754e-14,2.2047364294e-09,2.266871535e-14,-1.8869466907e-14,0.0,0.0,9.3938306568e-09,0.0,0.0,0.0,0.0,-1.2000405334e-13,0.21535139997,2.0874149219e-08,-0.013197974318,-2.651088238e-08
s9027,ok,,51.584642469,1317449501.9,1085090.023,4684709.1425,415995623.53,833451.92353,95316878.772,0.0,0.0,0.0,-5.0690044266e-14,2.2292819119e-09,2.5958004541e-14,-2.1970033016e-14,0.0,0.0,1.5616872538e-08,0.0,0.0,0.0,0.0,-1.3667672927e-13,0.21248819375,1.804244467e-08,-0.016945712581,-2.383946363e-08
s9033,ok,,50.802173308,1297465577.3,890524.74896,4166149.4559,411781458.12,685286.35818,91602659.035,0.0,0.0,0.0,-5.904499862e-14,2.2539293543e-09,2.8475722441e-14,-2.4999074551e-14,0.0,0.0,3.701980665e-08,0.0,0.0,0.0,0.0,-1.6331615832e-13,0.20646592213,1.7355409758e-08,-0.032967054023,-2.2262294589e-08
s9037,ok,,52.175954802,1332551363.6,1490641.197,6789232.0599,417255385.69,1248313.7229,97775113.993,0.0,0.0,0.0,-2.1218403255e-08,2.320696515e-09,-2.5128161634e-10,2.7751457117e-08,0.0,0.0,-2.3529661411e-08,0.0,0.0,0.0,0.0,-4.3560208195e-09,0.21561838507,0.025315518302,0.03507428265,0.041367465255
sa7026,ok,,52.355957305,1337148549.9,1542346.18,7023454.1906,418016608.37,1310286.872,98627953.117,0.0,0.0,0.0,-2.1255608059e-08,2.2135106834e-09,-2.0466346303e-09,2.9254453788e-08,0.0,0.0,-4.4505017372e-08,0.0,0.0,0.0,0.0,8.7596814727e-11,0.21855464307,0.027876029604,0.068642143534,0.045120495047
sa7036,ok,,52.034197365,1328930939.9,1548001.9918,6654404.6862,416435104.85,1253886.2575,97045448.027,0.0,0.0,0.0,-1.7078954099e-08,2.2671519919e-09,-2.7809122821e-10,2.1302723256e-08,0.0,0.0,-2.0488524082e-08,0.0,0.0,0.0,0.0,-2.3834016715e-09,0.21506152208,0.020772539292,0.031716276089,0.032976658031
sa7025,ok,,51.761725982,1321972138.4,1151147.8983,5617848.7691,414704193.54,983541.25082,95640863.254,0.0,0.0,0.0,-2.6933968503e-08,2.2528071611e-09,-1.7195586521e-09,3.6697815283e-08,0.0,0.0,-4.1334462357e-08,0.0,0.0,0.0,0.0,-3.9540942092e-10,0.21445858317,0.026407269846,0.047582079471,0.042244612936
sa7038,ok,,52.079392404,1330085201.7,1549652.0166,6875696.1621,416493525.57,1278898.7471,97232049.402,0.0,0.0,0.0,-1.9187735106e-08,2.2505228051e-09,-5.0416530636e-10,2.4655086464e-08,0.0,0.0,-2.0215228515e-08,0.0,0.0,0.0,0.0,-1.7114211526e-09,0.214738442,0.024069281822,0.031326569634,0.038206804458
sa7035,ok,,52.007359642,1328245516.0,1546780.5696,6555239.6114,416361888.3,1242036.1664,96926524.726,0.0,0.0,0.0,-1.5944445058e-08,2.2736391653e-09,-1.7258915442e-10,1.9570708354e-08,0.0,0.0,-2.0930357965e-08,0.0,0.0,0.0,0.0,-2.7028244145e-09,0.21518537731,0.019081416715,0.032374671016,0.030271591415
saratov,ok,,53.413773935,1364164730.0,1052533.1055,17107874.772,413378823.61,1911278.069,101528053.64,0.0,0.0,0.0,-2.8420778043e-08,1.9585014535e-09,-4.3931035196e-09,9.7194067464e-08,0.0,0.0,-3.9521778665e-08,0.0,0.0,0.0,0.0,2.9341059145e-09,0.21501807552,0.055527587803,0.041597980434,0.10229997367
sc1095,ok,,53.566513301,1368065627.5,1816665.1017,6735829.4655,428742886.84,1392816.4491,105875892.75,0.0,0.0,0.0,-4.7744498492e-09,2.16206179e-09,5.1905290474e-10,5.2087058236e-09,0.0,0.0,-9.0808190375e-09,0.0,0.0,0.0,0.0,-3.1058649999e-09,0.22671914266,0.0056692754855,0.016496807041,0.009462474095
sc1012r8,ok,,54.925640767,1402777156.3,3091961.0714,11103189.087,435955931.54,2454525.1069,113232363.28,0.0,0.0,0.0,-8.9516892695e-09,2.184164939e-09,1.6457476666e-09,9.4227036456e-09,0.0,0.0,-2.3612130915e-09,0.0,0.0,0.0,0.0,-8.1763499444e-09,0.22687388079,0.017426178618,0.0073007789603,0.02913463286
sc1094r8,ok,,53.814152912,1374390236.2,1827754.603,6887991.1259,430297137.5,1418683.7917,107252000.94,0.0,0.0,0.0,-1.2216480246e-08,2.2888544013e-09,2.0640325773e-09,1.2494538768e-08,0.0,0.0,-5.1159443742e-09,0.0,0.0,0.0,0.0,-1.1177622767e-08,0.22464446335,0.013772530768,0.0093506908788,0.022836950746
sc1095r8,ok,,53.822099319,1374593184.0,1828044.5865,6887038.7404,430361697.37,1418900.3008,107299753.11,0.0,0.0,0.0,-3.0522560641e-09,2.0873834512e-09,-3.5414253736e-10,5.4385275996e-09,0.0,0.0,-4.8967942252e-09,0.0,0.0,0.0,0.0,9.2751213945e-10,0.22440634963,0.0046261845274,0.0089515581745,0.0099418709369
sd2030,ok,,52.842379721,1349571568.4,1522256.9218,5739631.5568,422478202.46,1180085.8801,101517366.75,0.0,0.0,0.0,-1.43047252e-08,2.2108129766e-09,-1.5495083748e-09,1.7262932428e-08,0.0,0.0,-5.9721516995e-08,0.0,0.0,0.0,0.0,-2.5384429921e-10,0.22400087972,0.016813704481,0.090911492623,0.026278618379
sd6060,ok,,52.5003185,1340835472.5,2091502.1126,8013560.9267,419069917.5,1642167.8298,99405707.369,0.0,0.0,0.0,-8.5779341983e-09,2.2682095892e-09,7.8450261138e-11,1.0297761708e-08,0.0,0.0,-3.2955431781e-08,0.0,0.0,0.0,0.0,-4.1713431037e-09,0.21962121681,0.01258259263,0.06892635519,0.021537790366
sd2083,ok,,52.53955519,1341837560.6,1579810.2686,6517295.8575,419932928.4,1277098.7372,99763022.61,0.0,0.0,0.0,-1.6535319752e-08,2.2780029945e-09,-1.0349770543e-09,2.1481717161e-08,0.0,0.0,-4.6927611042e-08,0.0,0.0,0.0,0.0,-3.0334056042e-09,0.22086647524,0.020261916452,0.074136721802,0.033937037358
sd5060,ok,,51.111277084,1305359954.3,1572293.3425,7136685.1426,410506996.07,1266668.2371,92329970.408,0.0,0.0,0.0,-1.3049037725e-08,2.2375317701e-09,2.5656132513e-11,1.6969011502e-08,0.0,0.0,-1.4668302659e-09,0.0,0.0,0.0,0.0,-4.5479571287e-10,0.20589710716,0.016410194898,0.0023062874616,0.026680263813
sc20010,ok,,54.482075177,1391448682.6,2120744.2418,7145369.1957,434729495.22,1620171.3283,111049762.23,0.0,0.0,0.0,-4.3518029402e-16,2.1180586272e-09,7.4596331649e-16,-5.6974183318e-17,0.0,0.0,-3.8465199723e-08,0.0,0.0,0.0,0.0,-1.8500146946e-15,0.23520990694,6.2392568358e-14,0.081574850823,-1.208276712e-10
sd6080,ok,,51.660201886,1319379256.8,1519376.3177,7293609.1152,413424621.23,1298818.5101,94984936.752,0.0,0.0,0.0,-2.120911212e-08,2.323282869e-09,-5.8052921672e-10,2.8957388994e-08,0.0,0.0,-2.6505785849e-08,0.0,0.0,0.0,0.0,-3.7356640431e-09,0.21089713266,0.026524158233,0.040272263301,0.04399717106
sd7003,ok,,51.012776889,1302844301.9,1221268.6426,5511757.3071,411601480.04,956980.56118,92250591.684,0.0,0.0,0.0,-1.1981937295e-08,2.2686935625e-09,5.0332135437e-10,1.3810847727e-08,0.0,0.0,9.1738264332e-09,0.0,0.0,0.0,0.0,-2.4105482574e-09,0.20673734504,0.010989628578,-0.011203706555,0.016866755256
sd7032,ok,,51.985111435,1327677306.4,1815820.1649,8163391.6189,415242070.27,1514561.3789,96600939.461,0.0,0.0,0.0,-1.8480486104e-08,2.2320024536e-09,-4.4691642876e-10,2.3667020295e-08,0.0,0.0,-1.5395028974e-08,0.0,0.0,0.0,0.0,-1.4308394666e-09,0.21174373859,0.027531093243,0.027954604051,0.042975052695
sc20012,ok,,55.173788801,1409114750.0,3144638.946,10262529.808,438220689.36,2436273.5677,114822424.56,0.0,0.0,0.0,-1.7558000103e-16,2.0647527096e-09,-3.3427639672e-16,1.0370025498e-15,0.0,0.0,-2.4310780096e-08,0.0,0.0,0.0,0.0,-7.4061342874e-16,0.23707991224,-1.1123183e-14,0.076448625898,3.2609986053e-09
sd7034,ok,,51.867757741,1324680143.7,1994119.3375,9334583.8446,413770445.22,1700470.6554,95834334.33,0.0,0.0,0.0,-1.7127589685e-08,2.2779744877e-09,1.9212247927e-10,2.313507206e-08,0.0,0.0,-8.271233251e-09,0.0,0.0,0.0,0.0,-3.5555093217e-09,0.20837600772,0.027866151209,0.016493826171,0.046134094568
sd7037,ok,,52.105373414,1330748745.5,1565831.1667,6801584.1627,416928568.1,1276347.7774,97429370.876,0.0,0.0,0.0,-1.8021167441e-08,2.2433067548e-09,-4.3006719203e-10,2.2712040285e-08,0.0,0.0,-1.9358719437e-08,0.0,0.0,0.0,0.0,-1.6480069825e-09,0.21486980238,0.022549414503,0.030312486241,0.035563220537
sd7084,ok,,52.787191914,1348162095.7,1776485.984,7035908.5844,421673393.11,1409180.1777,101123743.2,0.0,0.0,0.0,-1.2958028408e-08,2.2706041721e-09,1.7215380253e-10,1.5666133678e-08,0.0,0.0,-2.2882502959e-08,0.0,0.0,0.0,0.0,-4.3331940949e-09,0.22160189666,0.016907679281,0.040650445787,0.027830666903
sd7090,ok,,53.245378537,1359863984.2,1884924.1221,7316183.3051,425086507.2,1491473.6653,103718480.32,0.0,0.0,0.0,-9.7616932851e-09,2.1968921362e-09,2.953143413e-10,1.1685996221e-08,0.0,0.0,-8.3287495837e-09,0.0,0.0,0.0,0.0,-2.6364580868e-09,0.22387350458,0.013679205922,0.015699060997,0.022027216167
sd7043,ok,,51.339874691,1311198238.5,1518728.8186,7101974.829,411693277.51,1258558.5553,93424458.711,0.0,0.0,0.0,-2.0647701731e-08,2.1629072438e-09,-1.0690491559e-09,2.6602470055e-08,0.0,0.0,-1.8037130059e-08,0.0,0.0,0.0,0.0,1.8975275668e-09,0.20667401164,0.026480063194,0.027393509227,0.040401937919
sd7062,ok,,53.506673311,1366537340.0,3568840.9566,14871792.274,422469575.22,3030747.2476,104142791.26,0.0,0.0,0.0,-1.0228727927e-08,2.1547552621e-09,5.9999030775e-10,1.3203451311e-08,0.0,0.0,7.2190460181e-10,0.0,0.0,0.0,0.0,-3.0389079299e-09,0.21457151072,0.029026986978,-0.0025763627097,0.047121017808
sd7080,ok,,52.142510365,1331697207.2,1556565.6645,6505510.6826,417456790.02,1241947.6814,97685930.357,0.0,0.0,0.0,-1.5498866866e-08,2.2466742884e-09,-2.7186042823e-10,1.8888654419e-08,0.0,0.0,-1.9590898389e-08,0.0,0.0,0.0,0.0,-1.8326082777e-09,0.21602139877,0.018757214706,0.030494519769,0.029401430916
sd8000,ok,,51.819021834,1323435449.7,1452569.1728,6027003.1401,415877418.55,1134932.287,96115705.952,0.0,0.0,0.0,-1.0995225452e-08,2.2006861732e-09,-5.6697080522e-10,1.3643223037e-08,0.0,0.0,-1.3858021309e-08,0.0,0.0,0.0,0.0,1.5407575575e-09,0.21336785396,0.012851983007,0.02012973455,0.019817725202
sd8020,ok,,53.420675489,1364340992.7,1959128.3741,7192220.3808,426429431.32,1516905.6187,104726520.13,0.0,0.0,0.0,-5.8244947868e-13,2.1654232819e-09,2.0207235364e-15,8.5121696441e-13,0.0,0.0,-1.2353315195e-08,0.0,0.0,0.0,0.0,6.6336316837e-14,0.22677724492,9.0634055842e-07,0.024201730313,1.6676433075e-06
sd8040,ok,,52.424259695,1338892963.4,1883516.7783,7786345.6612,418877880.26,1513256.5111,99084518.719,0.0,0.0,0.0,-1.3568855275e-08,2.2272306118e-09,9.3580535386e-11,1.6707184401e-08,0.0,0.0,-1.1578034736e-08,0.0,0.0,0.0,0.0,-2.6093550142e-09,0.2153717989,0.019683048109,0.021807422685,0.031468262138
sg6040,ok,,54.438278905,1390330144.7,5003654.9491,17879613.689,427926768.99,4098135.5944,109192427.27,0.0,0.0,0.0,-4.5052538111e-09,2.0397993238e-09,-5.8709334267e-10,5.6989910662e-09,0.0,0.0,-1.0984974224e-08,0.0,0.0,0.0,0.0,1.191698145e-09,0.22512762507,0.01956309073,0.054965020644,0.028515784853
sg6042,ok,,53.47813058,1365808370.9,2041212.5845,8192076.0864,425639069.43,1679455.0491,104777665.11,0.0,0.0,0.0,-1.6627916801e-08,2.1101080039e-09,-1.7979168903e-09,2.1482933976e-08,0.0,0.0,-3.5185702135e-08,0.0,0.0,0.0,0.0,1.168971683e-09,0.22451173978,0.028366719338,0.071821497994,0.043851235184
sg6051,ok,,55.532446123,1418274703.1,3004510.6853,10512386.835,439414911.73,2466976.9836,116652181.97,0.0,0.0,0.0,-9.1258875299e-09,2.1284451436e-09,-7.1956654774e-10,1.2672552394e-08,0.0,0.0,-3.09456458e-08,0.0,0.0,0.0,0.0,-2.0586713591e-09,0.24287467911,0.02128042887,0.092976523471,0.038074819078
sokolov,ok,,53.308619589,1361479133.4,735502.75898,7833970.0933,426136286.22,990356.3848,104475512.78,0.0,0.0,0.0,-4.5566699709e-08,2.2014320385e-09,-6.0026468701e-09,1.0265704407e-07,0.0,0.0,-7.9795487282e-08,0.0,0.0,0.0,0.0,-6.3830196816e-10,0.22698624926,0.044983801592,0.05868980105,0.075504539145
sm701,ok,,54.298406589,1386757866.1,5148322.2257,18426683.342,426361352.82,4214270.5719,108248901.12,0.0,0.0,0.0,-6.1298012944e-09,2.0300138595e-09,-6.3189542251e-10,7.1624883661e-09,0.0,0.0,-1.109430371e-08,0.0,0.0,0.0,0.0,9.8745525319e-10,0.22250408536,0.026759052687,0.057117050369,0.036874798047
sg6050,ok,,56.193278799,1435152084.4,5192541.1692,17696472.527,440820093.96,4316424.6982,119872328.69,0.0,0.0,0.0,-5.084034794e-09,2.0246942658e-09,-1.5922737263e-10,7.2173052023e-09,0.0,0.0,-9.8879201269e-09,0.0,0.0,0.0,0.0,-9.3868378349e-10,0.24023139978,0.020971851044,0.051343432336,0.037476154393
sp4621hp,ok,,55.420031167,1415403673.8,7525149.5618,28615019.959,428435061.23,6566401.8262,113340002.1,0.0,0.0,0.0,-3.9531299828e-09,1.9117306031e-09,-7.6001680345e-10,5.1661759294e-09,0.0,0.0,-5.4510889594e-09,0.0,0.0,0.0,0.0,2.5313160625e-09,0.2240592743,0.029690782295,0.041020259694,0.038876246531
sp4721bs,ok,,56.201914261,1435372630.4,7881103.3867,28396355.879,433218538.93,6880681.7576,117865307.86,0.0,0.0,0.0,-4.0204409554e-09,1.8939845116e-09,-7.4194258272e-10,5.2627726443e-09,0.0,0.0,-5.7979612528e-09,0.0,0.0,0.0,0.0,2.2503594961e-09,0.23051562695,0.031240637039,0.045694332066,0.041476455311
spicasm,ok,,54.211036404,1384526469.3,2644540.9275,11105408.307,428458671.36,2300126.4654,108396516.08,0.0,0.0,0.0,-1.5766274431e-08,2.3951797285e-09,8.6085000508e-10,2.10162081e-08,0.0,0.0,-1.2964200053e-08,0.0,0.0,0.0,0.0,-8.355870833e-09,0.22668471153,0.03191969588,0.034284357632,0.055578222461
sp4721la,ok,,56.036776636,1431155086.7,7850526.6811,28407047.882,432043527.71,6845440.2704,116854136.84,0.0,0.0,0.0,-3.7766863629e-09,1.9038319641e-09,-7.2176020064e-10,5.0216751756e-09,0.0,0.0,-5.8351547136e-09,0.0,0.0,0.0,0.0,2.2183626128e-09,0.22911789253,0.029339578065,0.045809037767,0.03942279495
stcyr171,ok,,54.139083075,1382688812.4,2458708.8651,8902712.9398,430854967.53,1923850.0387,108693533.18,0.0,0.0,0.0,-2.345392173e-12,2.1079779007e-09,1.4637251195e-12,-6.8212971963e-13,0.0,0.0,-4.8168520209e-10,0.0,0.0,0.0,0.0,-5.850776559e-12,0.229123563,1.9331641695e-06,0.0011843236766,-1.6771583888e-06
stcyr172,ok,,54.753190241,1398372844.3,3583128.0269,12743849.66,433437734.23,2854269.5648,111869434.74,0.0,0.0,0.0,4.2543477808e-17,2.0522850223e-09,9.9254938559e-18,-4.3737643698e-16,0.0,0.0,6.8701179717e-10,0.0,0.0,0.0,0.0,1.8543972611e-16,0.22958796537,8.9200516341e-14,-0.0024616512252,-1.5671757697e-09
stcyr234,ok,,55.89706742,1427586973.7,5344352.1398,20481558.537,435975467.57,4627605.8935,117352149.21,0.0,0.0,0.0,-1.7211167132e-08,2.9296132589e-09,2.4996801939e-09,1.943779816e-08,0.0,0.0,-2.5929508507e-09,0.0,0.0,0.0,0.0,-1.2258432238e-08,0.22806488308,0.066934039675,0.013857642427,0.10388243819
stcyr24,ok,,54.898261078,1402077890.8,3298158.2742,14092793.832,431358044.76,2939742.0207,111962811.48,0.0,0.0,0.0,-2.1297928527e-08,2.7839862631e-09,1.3601731742e-09,2.673988931e-08,0.0,0.0,-1.2260318064e-08,0.0,0.0,0.0,0.0,-1.2031641617e-08,0.2269596678,0.054653178963,0.040436469467,0.088192387177
ste87151,ok,,54.271468238,1386069872.3,4391501.9177,14456343.628,428494955.21,3421260.8867,108668019.67,0.0,0.0,0.0,-6.2513704091e-09,2.0930288154e-09,-1.4164362888e-09,6.7321089363e-09,0.0,0.0,-3.9016194568e-08,0.0,0.0,0.0,0.0,1.151921809e-09,0.23011888203,0.022294830881,0.17133969327,0.029564069304
stf86361,ok,,54.081123306,1381208544.9,4307647.5029,15139879.123,425287394.07,3503901.5885,107095495.11,0.0,0.0,0.0,-9.1273680662e-09,2.0653554664e-09,-2.3130344793e-09,1.0441835159e-08,0.0,0.0,-3.7711188406e-08,0.0,0.0,0.0,0.0,2.9693106332e-09,0.23133558877,0.03439210398,0.16244650657,0.04497974515
ste87391,ok,,54.462332508,1390944463.3,4878132.5129,16991752.328,428385473.38,3913205.6966,109440680.59,0.0,0.0,0.0,-8.2759569533e-09,1.9881371702e-09,-1.7181141613e-09,1.0041893666e-08,0.0,0.0,-2.1644908906e-08,0.0,0.0,0.0,0.0,2.948902727e-09,0.22800480902,0.035021457762,0.10558673387,0.048985687985
supermarine371i,ok,,53.663179528,1370534441.2,3498888.4103,12179405.767,425582735.89,2744275.8991,105487939.24,0.0,0.0,0.0,-2.4029613166e-09,2.1515206559e-09,-2.6261051714e-10,3.1135251501e-09,0.0,0.0,-3.1042138047e-08,0.0,0.0,0.0,0.0,-3.6902011879e-10,0.22670254035,0.0063648154497,0.10861297704,0.010893877063
supermarine371ii,ok,,51.77456986,1322300165.5,1262041.1608,4866697.1855,415520423.39,968497.08655,95846930.571,0.0,0.0,0.0,-6.8659038856e-09,2.3158015618e-09,-1.4375616294e-09,8.617643934e-09,0.0,0.0,-1.4605725114e-07,0.0,0.0,0.0,0.0,-8.1186370968e-10,0.221444896,0.0064754925699,0.18433026278,0.010875821354
tempest1,ok,,55.004182695,1404783083.2,4598452.1198,14776684.796,434443253.62,3594069.8379,113168041.72,0.0,0.0,0.0,-2.1352235761e-09,2.0831750312e-09,-6.1023043475e-11,2.6191929906e-09,0.0,0.0,-2.1804692771e-08,0.0,0.0,0.0,0.0,-8.9786803125e-10,0.23496653393,0.0069159799335,0.10026783569,0.01204423356
tempest2,ok,,54.369886112,1388583422.3,3070984.0866,10134042.321,431773235.5,2370860.197,109861492.01,0.0,0.0,0.0,-2.9346919226e-09,2.1394954831e-09,-9.7964086445e-11,3.5582626558e-09,0.0,0.0,-3.3260757007e-08,0.0,0.0,0.0,0.0,-1.2287767844e-09,0.2341068646,0.0062757850191,0.10214325548,0.010927367992
t16,ok,,56.809843065,1450898869.6,405269.97979,12262405.98,443217447.14,1226323.9559,123180993.74,0.0,0.0,0.0,-5.038194421e-08,3.3379611603e-09,-2.9847396921e-08,2.5471588264e-07,0.0,0.0,-3.0706326273e-07,0.0,0.0,0.0,0.0,-2.1363868133e-08,0.24829440535,0.055317892505,0.12444352228,0.10322870061
tsagi8,ok,,52.946743234,1352236967.5,1201464.3023,4508803.4366,423957431.69,924281.29284,102261577.39,0.0,0.0,0.0,-1.0379188442e-08,2.3680582202e-09,1.4291130615e-09,1.1691752981e-08,0.0,0.0,-6.681914534e-08,0.0,0.0,0.0,0.0,-1.2493886205e-08,0.22987196304,0.0069396932457,0.080280817837,0.014047223838
th25816,ok,,56.979772563,1455238795.7,14706317.765,45100610.819,433020398.72,12214284.252,121251104.36,0.0,0.0,0.0,-2.4116318818e-09,1.9110391708e-09,-7.1178825247e-10,3.0121424832e-09,0.0,0.0,-1.1915022141e-08,0.0,0.0,0.0,0.0,6.6585590361e-10,0.23407674633,0.03136239959,0.17522610177,0.04429752451
tempest3,ok,,53.788908856,1373745513.9,2064791.3636,7054067.2509,428852943.17,1580690.5319,106777952.72,0.0,0.0,0.0,-4.8650713209e-09,2.1920058107e-09,-2.1508018648e-10,5.8714878135e-09,0.0,0.0,-5.0947012122e-08,0.0,0.0,0.0,0.0,-1.9510218295e-09,0.23245356955,0.0069733615802,0.10519495063,0.012123397329
tsagi12,ok,,54.370002069,1388586383.8,2927930.698,10125285.319,431275858.2,2308345.8319,109731557.0,0.0,0.0,0.0,-6.1534692432e-09,2.2420071991e-09,1.0647368647e-09,7.0766139322e-09,0.0,0.0,-2.4431710738e-08,0.0,0.0,0.0,0.0,-7.4293787948e-09,0.2343651033,0.010188134767,0.071534355874,0.02071983517
ua2-180,ok,,55.795101128,1424982798.6,6108908.469,24458951.092,430404992.63,5593421.4463,115423929.64,0.0,0.0,0.0,-9.3479799724e-09,2.2719468162e-09,8.1444685753e-10,1.2901774189e-08,0.0,0.0,-5.7326995142e-09,0.0,0.0,0.0,0.0,-6.002740597e-09,0.22569825724,0.044762277373,0.035020536613,0.078815757608
ua2-180sm,ok,,55.834558823,1425990531.1,6120680.3481,24455370.399,430742574.49,5607393.7346,115679082.73,0.0,0.0,0.0,-9.3236600128e-09,2.2622823976e-09,8.2067114114e-10,1.288879579e-08,0.0,0.0,-5.6093171063e-09,0.0,0.0,0.0,0.0,-5.9760452493e-09,0.22524719673,0.044786309749,0.034332836978,0.0788881991
ua79sf18,ok,,54.919113548,1402610453.9,7240971.1968,25130280.891,426077172.22,6039787.6676,110693330.24,0.0,0.0,0.0,-4.4605046709e-09,2.0737878367e-09,-9.1960538597e-10,5.8862930765e-09,0.0,0.0,-1.9400274444e-08,0.0,0.0,0.0,0.0,3.9373495165e-10,0.23072727903,0.027489352425,0.14047682846,0.042622478623
ua79sff,ok,,57.891077741,1478513136.5,10514822.41,45485912.596,428442641.85,10770212.668,123844890.61,0.0,0.0,0.0,-3.1807224785e-09,1.6042199462e-09,-1.7187992417e-10,6.7550286727e-09,0.0,0.0,2.8233877063e-09,0.0,0.0,0.0,0.0,1.4134044182e-09,0.20462046108,0.0373814166,-0.029687420325,0.071027926865
ua79sfm,ok,,57.173101033,1460176321.4,13199319.501,38484314.375,438385345.08,10628367.922,123571346.33,0.0,0.0,0.0,-2.7535112093e-09,1.8673198322e-09,-2.0969155121e-09,3.2673528546e-09,0.0,0.0,-1.9667135931e-08,0.0,0.0,0.0,0.0,4.4063087312e-09,0.24612684195,0.040890290487,0.25959281082,0.043126834251
tsagi_r3a,ok,,54.013984169,1379493840.3,2498174.9721,10568644.347,429043390.76,2098626.5841,107759447.79,0.0,0.0,0.0,-1.3065491625e-08,2.405943079e-09,3.0354227735e-09,1.511197474e-08,0.0,0.0,1.8382677162e-08,0.0,0.0,0.0,0.0,-1.2671740697e-08,0.22163452555,0.021541153239,-0.045923144006,0.037752357074
ui1720,ok,,53.640438327,1369953640.7,2358927.9433,13466986.44,425441634.19,2241225.7212,105534237.77,0.0,0.0,0.0,-1.615777936e-08,2.2974046523e-09,3.5864309178e-09,2.2880725562e-08,0.0,0.0,4.5129308456e-08,0.0,0.0,0.0,0.0,-7.8056130847e-09,0.21254802232,0.032505052772,-0.10645678678,0.053973982893
uag8814320,ok,,55.206886414,1409960048.7,4452310.3676,17410300.138,430965309.64,3950088.451,113129554.17,0.0,0.0,0.0,-1.1515467376e-08,2.1904391151e-09,-1.706541686e-09,1.6499123527e-08,0.0,0.0,-3.0932448996e-08,0.0,0.0,0.0,0.0,-2.6610012594e-09,0.23408168317,0.043031564505,0.13772086336,0.073459218734
us1000root,ok,,55.942020103,1428735045.8,6397842.7406,22409881.919,436321887.34,5391161.7041,117623154.21,0.0,0.0,0.0,-3.1984885278e-14,1.9847198789e-09,1.8184653902e-14,-1.106624111e-14,0.0,0.0,-2.3997334055e-10,0.0,0.0,0.0,0.0,-7.8721789981e-14,0.23344901238,7.3359484348e-08,0.0015353116948,-7.0800070352e-08
usa25,ok,,54.380540036,1388855518.9,1643891.8095,7530324.8304,430638925.59,1462802.8106,109599665.33,0.0,0.0,0.0,-2.5352284503e-08,2.6860378032e-09,-4.4298598921e-11,3.456025132e-08,0.0,0.0,-4.7091119874e-08,0.0,0.0,0.0,0.0,-1.5289792897e-08,0.23209343487,0.031910589474,0.077412706261,0.056813314079
usa22,ok,,52.926223723,1351712908.0,1326625.3204,7140736.6375,422465650.47,1212417.0669,101880938.1,0.0,0.0,0.0,-2.7440161163e-08,2.6216952258e-09,2.4571747434e-09,3.9361970216e-08,0.0,0.0,8.2177416143e-09,0.0,0.0,0.0,0.0,-1.3248669942e-08,0.22212505123,0.029708703944,-0.010901864102,0.05221858635
ultimate,ok,,55.428411555,1415617705.2,3334639.9676,10838610.892,439237037.04,2630016.2391,116163917.39,0.0,0.0,0.0,2.4509927335e-10,2.082051736e-09,2.5918520229e-10,-1.6383627452e-10,0.0,0.0,-1.9147482743e-08,0.0,0.0,0.0,0.0,-1.0250898503e-09,0.24193424696,-0.001296880158,0.063849961233,-0.00054633498917
usa26,ok,,54.440804684,1390394652.0,2046467.063,8295148.6101,431501377.49,1721288.6722,110082098.66,0.0,0.0,0.0,-1.8727730172e-08,2.4448154044e-09,4.7606362111e-10,2.4343144116e-08,0.0,0.0,-2.8851449508e-08,0.0,0.0,0.0,0.0,-1.0163796242e-08,0.23297957985,0.02816865355,0.059043541138,0.049817442645
usa27m2,ok,,55.373249563,1414208891.7,3774674.0443,12809600.501,435111549.55,3430867.2936,114914332.33,0.0,0.0,0.0,-1.1104525643e-08,2.2514077626e-09,1.367860891e-09,1.5835791462e-08,0.0,0.0,-2.340797412e-09,0.0,0.0,0.0,0.0,-5.8427586054e-09,0.23303207639,0.033440712871,0.008835747234,0.059774951001
usa27,ok,,54.985610817,1404308765.5,2779923.4678,10903324.617,433815867.08,2367514.8229,112929932.09,0.0,0.0,0.0,-1.6137970222e-08,2.4068618248e-09,2.4141101208e-10,2.1074620283e-08,0.0,0.0,-2.5215472767e-08,0.0,0.0,0.0,0.0,-8.6105432647e-09,0.23453940051,0.033439860344,0.070097084498,0.058585831502
usa28,ok,,54.938265163,1403099577.9,2929477.2067,10190248.052,433389887.79,2803161.3833,112617112.23,0.0,0.0,0.0,-8.0950402609e-09,2.0662811489e-09,4.6471616571e-10,1.4206530139e-08,0.0,0.0,1.589119532e-08,0.0,0.0,0.0,0.0,7.8924977298e-10,0.2347143554,0.023211101513,-0.046552894477,0.04161770623
usa29,ok,,55.171002519,1409043589.5,3034103.4477,11660338.26,432305144.62,3111592.2787,113313433.45,0.0,0.0,0.0,-1.1424071578e-08,2.193948674e-09,1.4917957249e-09,2.108119249e-08,0.0,0.0,9.0112525727e-09,0.0,0.0,0.0,0.0,-3.6073975575e-09,0.23404119744,0.032924264881,-0.027341072499,0.063962518813
usa31,ok,,56.296479725,1437787791.5,3823550.4516,17386585.284,433403400.61,4411599.4835,118384174.02,0.0,0.0,0.0,-1.4594588909e-08,2.1861201336e-09,1.4798619737e-09,2.843305628e-08,0.0,0.0,4.5624344453e-09,0.0,0.0,0.0,0.0,-3.7854842604e-09,0.22987323096,0.060564138547,-0.017444698284,0.10871522518
usa33,ok,,55.756443122,1423995489.8,4629763.2594,16963461.314,436651959.59,3895877.9849,116919195.33,0.0,0.0,0.0,-8.9006631343e-09,2.2068949702e-09,1.2791801811e-09,1.1387521785e-08,0.0,0.0,-5.5358622654e-09,0.0,0.0,0.0,0.0,-7.4689042185e-09,0.22752116393,0.028080117494,0.025629731725,0.052721529977
usa32,ok,,56.298915934,1437850011.3,4430630.4453,17931488.01,434191144.61,4726101.4409,118609692.23,0.0,0.0,0.0,-1.4092654217e-08,2.3234019355e-09,1.1122995045e-09,2.441677813e-08,0.0,0.0,-3.6087108795e-09,0.0,0.0,0.0,0.0,-5.7410277396e-09,0.2300135623,0.060408783621,0.015988864291,0.10818172056
usa34,ok,,56.504769081,1443107411.8,6198165.8213,22151845.031,435514776.32,6265013.7471,119851857.97,0.0,0.0,0.0,-8.9787152999e-09,2.0687288473e-09,1.2631236828e-09,1.4701814361e-08,0.0,0.0,4.3019107576e-09,0.0,0.0,0.0,0.0,-3.0293923488e-09,0.2274229226,0.051955228054,-0.026663956224,0.091124283282
usa35,ok,,56.786894574,1450312775.1,6244678.833,22788097.182,438920084.67,5966008.876,121990592.23,0.0,0.0,0.0,-7.9977886707e-09,2.0225731293e-09,1.0895907179e-09,1.2278625291e-08,0.0,0.0,3.9063002138e-09,0.0,0.0,0.0,0.0,-3.1128309517e-09,0.22852632667,0.043486650587,-0.02439359026,0.076676071455
usa35a,ok,,56.78638935,1450299871.9,6234658.4526,22769346.871,438913040.27,5958995.654,121986286.6,0.0,0.0,0.0,-8.0137748053e-09,2.0227761176e-09,1.0923914904e-09,1.2308502779e-08,0.0,0.0,3.9455750418e-09,0.0,0.0,0.0,0.0,-3.1121000351e-09,0.22853265499,0.043531659457,-0.024599312785,0.076739310888
usa40b,ok,,53.779923385,1373516028.9,3155206.1672,14096443.197,425360314.14,2729999.3802,105962141.9,0.0,0.0,0.0,-1.1823124328e-08,2.1281435397e-09,1.0835630009e-09,1.5212888182e-08,0.0,0.0,1.2519153606e-08,0.0,0.0,0.0,0.0,-2.7602530281e-09,0.21604901583,0.030650873694,-0.039500510667,0.047999798614
usa40,ok,,53.896321553,1376488787.9,3201898.4704,13982921.088,426137722.95,2768463.6702,106601070.45,0.0,0.0,0.0,-1.1423976585e-08,2.087401911e-09,2.9761008699e-10,1.5437513771e-08,0.0,0.0,3.6273982732e-09,0.0,0.0,0.0,0.0,-8.1797923378e-10,0.21976032434,0.03112937072,-0.011614560983,0.04942935173
usa35b,ok,,54.522929153,1392492075.5,2606874.4272,10706931.167,431878434.88,2222928.1794,110523134.54,0.0,0.0,0.0,-1.0791190029e-08,2.4819682102e-09,3.0238868091e-09,1.6075310749e-08,0.0,0.0,-7.5033723145e-09,0.0,0.0,0.0,0.0,-1.6591086107e-08,0.22994674385,0.015529008803,0.019560349404,0.0419063165
usa41,ok,,51.556790292,1316738169.3,701022.03899,5248677.4084,415484075.1,722439.34265,95249888.196,0.0,0.0,0.0,-4.598034809e-08,2.4645643648e-09,-1.1185080106e-09,7.6429488116e-08,0.0,0.0,-3.4795058316e-08,0.0,0.0,0.0,0.0,-6.5452041716e-09,0.21403508688,0.032206670382,0.024392102727,0.053578755598
usa45,ok,,54.768628573,1398767132.6,4013726.7398,15335914.236,430697107.65,3370337.7425,111250828.74,0.0,0.0,0.0,-9.6276343023e-09,2.2993625406e-09,1.5235640851e-09,1.1466846619e-08,0.0,0.0,-1.8870857179e-09,0.0,0.0,0.0,0.0,-7.8695959185e-09,0.22721174698,0.026441193867,0.0075742464063,0.046024788897
usa45m,ok,,53.818968018,1374513212.0,2509735.5122,10001641.157,426989158.9,2070690.8724,106458645.88,0.0,0.0,0.0,-1.2407510358e-08,2.3696568071e-09,1.7324492887e-09,1.4805966006e-08,0.0,0.0,-3.4472017456e-09,0.0,0.0,0.0,0.0,-9.7543920422e-09,0.22548574209,0.021146484946,0.0086515646387,0.037159058678
usa5,ok,,53.388675034,1363523714.9,793404.13447,4761984.4424,425656665.31,780501.27913,104407437.51,0.0,0.0,0.0,-4.4952920754e-08,3.061222434e-09,-5.6811811341e-10,6.8294382328e-08,0.0,0.0,-7.7127605725e-08,0.0,0.0,0.0,0.0,-2.427729978e-08,0.230565644,0.03072806734,0.061193361264,0.0541850453
usa46,ok,,49.429480248,1262407589.1,688100.50681,3888256.5799,404904150.18,554677.77,85655756.787,0.0,0.0,0.0,-2.7066261064e-08,2.1855826812e-09,-1.8705255935e-09,3.5684866384e-08,0.0,0.0,-1.9073160845e-08,0.0,0.0,0.0,0.0,9.6713061672e-09,0.19963917511,0.016084475306,0.013124251644,0.024554774644
usa49,ok,,52.67707863,1345349849.9,972533.38779,3877311.2186,423478225.05,747394.31554,101132637.72,0.0,0.0,0.0,-1.830063392e-08,2.3400269652e-09,-1.0630607655e-10,2.0444572621e-08,0.0,0.0,-6.2909280896e-08,0.0,0.0,0.0,0.0,-6.6205665368e-09,0.22748922433,0.012552443179,0.061181376073,0.019883029473
usa48,ok,,54.989611652,1404410945.1,4437870.8072,15549917.639,432885546.04,3627239.0589,112708993.54,0.0,0.0,0.0,-5.90933664e-09,2.0786783276e-09,-2.4677761832e-10,7.4710659346e-09,0.0,0.0,-1.0370508146e-08,0.0,0.0,0.0,0.0,-4.5743103415e-10,0.23317998204,0.021047741586,0.046022975356,0.03315562541
usa50,ok,,53.003611094,1353689348.1,884818.03399,3541036.014,424666445.69,694470.29369,102658955.37,0.0,0.0,0.0,-2.1263723544e-08,2.346005391e-09,-8.3248230265e-10,2.5594529189e-08,0.0,0.0,-8.1599144985e-08,0.0,0.0,0.0,0.0,-5.7768759215e-09,0.23207700499,0.013836186073,0.072200395041,0.022646500998
usa51,ok,,53.319877546,1361766656.7,1645200.9157,6428190.9282,425564651.08,1308618.279,104121362.47,0.0,0.0,0.0,-1.5516056131e-08,2.3701154654e-09,1.0239968559e-09,1.7811421263e-08,0.0,0.0,-2.137809194e-08,0.0,0.0,0.0,0.0,-8.7467727806e-09,0.22825498343,0.01769429355,0.035171256437,0.029303366573
usa98,ok,,55.72431694,1423175001.0,3505892.3651,15289097.71,436254601.1,3578111.2995,116743366.87,0.0,0.0,0.0,-1.1642671006e-08,1.8473951153e-09,-2.1146806083e-11,2.0967468318e-08,0.0,0.0,8.8832910693e-09,0.0,0.0,0.0,0.0,3.134745428e-09,0.23088860572,0.04425427175,-0.031143862336,0.073509687089
v13006,ok,,51.818924556,1323432965.3,622837.86789,2599540.1729,419104773.15,463765.35117,96913000.141,0.0,0.0,0.0,-1.503693422e-08,2.3571083591e-09,1.7733332284e-09,1.4383109798e-08,0.0,0.0,-7.7718056591e-08,0.0,0.0,0.0,0.0,-1.4929667247e-08,0.21833347099,0.0054621613015,0.048405748663,0.0089583454403
v23010,ok,,53.15575407,1357575014.0,1953538.9835,7534103.233,424572519.9,1533031.6616,103249045.18,0.0,0.0,0.0,-8.4012180521e-09,2.2695135822e-09,1.7644087965e-09,8.0061151154e-09,0.0,0.0,-5.0580807492e-09,0.0,0.0,0.0,0.0,-9.566842077e-09,0.22155215178,0.0096320927441,0.0098811579252,0.015640257984
v13009,ok,,53.421428826,1364360232.6,1588889.7911,5968798.657,427581494.86,1224247.9712,105012017.0,0.0,0.0,0.0,-8.2431627793e-09,2.2342348681e-09,1.3963182809e-09,8.3940531527e-09,0.0,0.0,-1.2366752944e-08,0.0,0.0,0.0,0.0,-8.147268057e-09,0.22596384628,0.0078386385674,0.019649407502,0.013337225361
v43015,ok,,55.380597623,1414396558.0,4682031.9349,15898748.765,436050286.17,3756569.0495,115174938.62,0.0,0.0,0.0,-7.7067314616e-09,2.2408703185e-09,1.8143250197e-09,7.0754517418e-09,0.0,0.0,-6.6109900308e-09,0.0,0.0,0.0,0.0,-8.8965616254e-09,0.22812892947,0.021351356619,0.030952866446,0.033127491009
v43012,ok,,54.522035989,1392469264.5,2942477.5622,10491508.15,432172231.98,2339493.7524,110598448.44,0.0,0.0,0.0,-1.2190483934e-08,2.4542905666e-09,2.6025891169e-09,1.1361322037e-08,0.0,0.0,-1.078316076e-08,0.0,0.0,0.0,0.0,-1.3843856293e-08,0.22748296938,0.021174646294,0.031729208586,0.033430435171
usnps4,ok,,56.124887599,1433405402.7,3301017.1997,11740001.684,442467219.04,2763821.019,120035326.24,0.0,0.0,0.0,-1.4611660471e-08,2.2655455239e-09,-2.2060401149e-10,1.8190986751e-08,0.0,0.0,-2.6669621549e-08,0.0,0.0,0.0,0.0,-6.2481032799e-09,0.24157473041,0.03622340755,0.08803687944,0.060048760143
vr1,ok,,53.733629044,1372333691.4,2480998.8679,8705192.8132,427937324.66,1923960.4195,106336452.29,0.0,0.0,0.0,-5.8844606667e-09,2.1528319902e-09,-2.7393491193e-10,7.1107958509e-09,0.0,0.0,-3.2305226453e-08,0.0,0.0,0.0,0.0,-1.3436671993e-09,0.22730533745,0.010733921234,0.080149230258,0.017641876456
vr11x,ok,,54.834240753,1400442839.4,2826682.5494,9397717.5327,435633912.86,2181012.4684,112756892.78,0.0,0.0,0.0,-9.9235782034e-09,2.2427227996e-09,5.0354470906e-10,1.0435146038e-08,0.0,0.0,-3.8095608639e-08,0.0,0.0,0.0,0.0,-7.1001793721e-09,0.2354929827,0.018001105396,0.10768419215,0.029496845208
vr12,ok,,54.683597871,1396595485.2,2502117.0238,8582616.1569,435071146.72,1939578.9683,111981498.76,0.0,0.0,0.0,-1.0096835635e-08,2.2975136745e-09,1.650374097e-09,1.050484628e-08,0.0,0.0,-2.6318179819e-08,0.0,0.0,0.0,0.0,-1.0748947438e-08,0.23359271092,0.014720082101,0.065851165762,0.026284354711
vr13,ok,,54.268826461,1386002402.4,1961403.7843,6864533.6968,432932774.38,1508428.4459,109733105.57,0.0,0.0,0.0,-1.1635921274e-08,2.337077223e-09,1.8057908626e-09,1.1991137166e-08,0.0,0.0,-3.455685961e-08,0.0,0.0,0.0,0.0,-1.2358798726e-08,0.23256091619,0.013221130046,0.067779955211,0.023519461816
vr14,ok,,53.611683443,1369219253.4,1337875.1111,4852681.5379,429292611.69,1017050.0081,106178993.59,0.0,0.0,0.0,-1.4571356772e-08,2.3958082674e-09,2.0467639866e-09,1.4785043212e-08,0.0,0.0,-5.3715029428e-08,0.0,0.0,0.0,0.0,-1.5380620312e-08,0.23011945033,0.011222845647,0.071864000962,0.019780541329
vr5,ok,,52.434096676,1339144195.7,2652116.5854,10792281.372,416939919.59,2182806.9202,98663588.655,0.0,0.0,0.0,-1.2139581026e-08,2.3729901445e-09,2.430013392e-10,1.4627618061e-08,0.0,0.0,-2.8931924877e-08,0.0,0.0,0.0,0.0,-7.2733908475e-09,0.21505163462,0.023090067341,0.076730837815,0.038794148466
vr15,ok,,53.778479952,1373479164.2,1349073.7419,4753927.1876,430526375.49,1015194.1038,107144949.08,0.0,0.0,0.0,-1.0724570685e-08,2.3125510774e-09,1.9744153127e-09,1.0614933102e-08,0.0,0.0,-5.7205145845e-08,0.0,0.0,0.0,0.0,-1.3572340285e-08,0.23189795105,0.0076937760427,0.077173960158,0.01432032752
vr7,ok,,53.62853626,1369649667.1,2657085.8591,10368145.151,425736957.73,2187378.495,105385568.46,0.0,0.0,0.0,-1.1428293128e-08,2.3311542465e-09,1.0661367939e-09,1.3577679135e-08,0.0,0.0,-1.3905287647e-08,0.0,0.0,0.0,0.0,-7.926249185e-09,0.2247134406,0.021108468473,0.036947543172,0.036077059229
vr8b,ok,,51.559506711,1316807545.5,1066763.8665,4544549.0422,417053902.74,832562.27628,95492701.69,0.0,0.0,0.0,-1.1937978504e-08,2.3447732936e-09,6.9993825345e-10,1.3453059286e-08,0.0,0.0,-4.9011316768e-08,0.0,0.0,0.0,0.0,-8.2533333596e-09,0.21606472899,0.0084548430893,0.052283501776,0.014351237539
vr8,ok,,51.718279853,1320862543.0,1101847.1073,4585360.1799,416011531.82,860401.47653,95781866.887,0.0,0.0,0.0,-1.1665040466e-08,2.3427703035e-09,6.2166691061e-10,1.3170015668e-08,0.0,0.0,-4.9822471391e-08,0.0,0.0,0.0,0.0,-7.7336117468e-09,0.21695036542,0.0085934118768,0.054896745979,0.014511343666
vr9,ok,,50.228139524,1282805002.2,574659.2029,2621102.211,408377400.32,428773.84756,88819458.805,0.0,0.0,0.0,-5.8918990372e-09,2.3720925227e-09,7.5268712985e-11,6.4057304763e-09,0.0,0.0,-1.241921015e-07,0.0,0.0,0.0,0.0,-3.5301756414e-09,0.20989537444,0.0022085898021,0.071368134052,0.0036811119695
waspsm,ok,,54.110200766,1381951170.6,1574612.981,6728638.1994,431807007.2,1319471.6064,108830527.87,0.0,0.0,0.0,-1.7160117581e-08,2.2538265022e-09,7.8177483802e-10,2.3128240979e-08,0.0,0.0,-5.4693851911e-09,0.0,0.0,0.0,0.0,-5.4821051157e-09,0.2317632849,0.020966942933,0.0086121649199,0.036418028472
w1011,ok,,53.542020316,1367440087.2,2139288.7013,8405756.0072,427483142.64,1704514.5302,105476855.02,0.0,0.0,0.0,-5.1822534413e-12,2.1297015295e-09,-4.2055633634e-12,3.7035380033e-12,0.0,0.0,1.0176420383e-08,0.0,0.0,0.0,0.0,2.1218669468e-11,0.22463423893,1.6957691982e-05,-0.021770301145,7.9229370053e-06
w1015,ok,,55.131508069,1408034918.3,4372430.6527,15343936.388,435121343.1,3537641.4634,113871785.84,0.0,0.0,0.0,-1.194999454e-14,2.0214248019e-09,-1.3292994402e-14,4.1538828655e-15,0.0,0.0,-2.2990813659e-10,0.0,0.0,0.0,0.0,5.5309756212e-14,0.23018325213,8.7313852386e-08,0.0010052573837,1.8162564769e-08
wb140,ok,,55.375539257,1414267369.5,4174561.469,14986328.519,435889469.77,3455254.9036,115081256.48,0.0,0.0,0.0,-7.5093383529e-09,2.1067916623e-09,-3.1039577201e-10,1.0413716273e-08,0.0,0.0,-1.5021851476e-08,0.0,0.0,0.0,0.0,-1.5786109784e-09,0.23773109977,0.024650729217,0.062709642363,0.043472698704
wb13535sm,ok,,54.417475297,1389798829.5,3419636.3353,13702482.73,429016250.86,2914926.5015,109381043.63,0.0,0.0,0.0,-8.8437165593e-09,2.1216937293e-09,-7.6877833704e-13,1.2723463159e-08,0.0,0.0,-4.1067345363e-09,0.0,0.0,0.0,0.0,-8.5229785729e-10,0.22966836974,0.025208358829,0.014043538639,0.043509616927
ys900,ok,,53.784533348,1373633765.4,1820012.3419,5889437.2145,428862477.53,1349597.0571,106766414.93,0.0,0.0,0.0,-4.766635791e-15,2.2648874006e-09,4.4726265324e-15,-4.0965218939e-15,0.0,0.0,-1.5448024973e-07,0.0,0.0,0.0,0.0,-1.1514798865e-14,0.24181390797,2.6751676131e-09,0.28115596109,-7.4557204055e-09
ys920,ok,,53.607350058,1369108580.6,1746336.0798,6267193.343,427293113.2,1355832.859,105669372.81,0.0,0.0,0.0,-6.8449736628e-09,2.1098893503e-09,-3.7558280945e-09,1.1673097439e-08,0.0,0.0,-7.5347275553e-08,0.0,0.0,0.0,0.0,1.1035126354e-08,0.23372203681,0.012780438341,0.13158166581,0.02038515122
ys915,ok,,53.548663554,1367609752.6,1736490.5772,6121986.1138,426992065.0,1335867.4317,105360873.36,0.0,0.0,0.0,-5.1314119018e-09,2.1541109987e-09,-3.2416861635e-09,9.0884596385e-09,0.0,0.0,-7.9657223604e-08,0.0,0.0,0.0,0.0,9.8533109126e-09,0.23403560536,0.0099371746188,0.13832401819,0.015782024523
ys930,ok,,53.577408836,1368343894.7,1761025.8125,6884712.0663,426547838.61,1430345.3742,105375397.3,0.0,0.0,0.0,-1.1028550335e-08,2.0385846192e-09,-4.0310863146e-09,1.8154652696e-08,0.0,0.0,-6.3742170322e-08,0.0,0.0,0.0,0.0,1.0177117466e-08,0.23168750837,0.01915137795,0.11225160728,0.031970812014
zv15_35,ok,,54.177622686,1383673097.4,4173288.0515,17043580.922,427097897.85,3516497.5556,107956753.53,0.0,0.0,0.0,-2.0469972933e-10,1.994010539e-09,5.4085444263e-10,-1.0801194652e-09,0.0,0.0,1.3366876643e-08,0.0,0.0,0.0,0.0,-2.927648183e-09,0.21501580981,-0.0014939399064,-0.05578382658,-0.0045076496585
