airfoil_name,status,error,mu,ea,gj,ga22,ga33,ei22,ei33,cmp12r,cmp13r,cmp14r,cmp15r,cmp16r,cmp23r,cmp24r,cmp25r,cmp26r,cmp34r,cmp35r,cmp36r,cmp45r,cmp46r,cmp56r,tc2,tc3,sc2,sc3
2032c,ok,,3.2279897594,286386924.16,28075.88272,222668.3939,11760602.499,285441.56242,24509014.041,0.0,0.0,0.0,-1.862319191e-07,1.5659703199e-08,2.4182691126e-07,3.0833663408e-06,0.0,0.0,1.3506496256e-06,0.0,0.0,0.0,0.0,-1.0681368059e-07,0.24427947414,0.045753551401,-0.037920680485,0.086568231768
a18,ok,,3.1991745073,283830437.91,33143.79214,143613.75466,11778797.471,233871.08872,24103307.664,0.0,0.0,0.0,-1.7272618366e-07,1.3103912797e-08,7.1406246777e-08,1.8326333916e-06,0.0,0.0,-6.6286204095e-07,0.0,0.0,0.0,0.0,-6.9135576413e-08,0.24844906819,0.036388142957,0.021969761702,0.060740420199
a18sm,ok,,3.2014573827,284032974.38,33303.348106,142407.85466,11790806.562,233749.22963,24162046.409,0.0,0.0,0.0,-1.0890788867e-07,1.0289845811e-08,-3.2297737614e-08,1.3806414745e-06,0.0,0.0,-7.4883596644e-07,0.0,0.0,0.0,0.0,-1.6510695895e-09,0.24760812754,0.02536157794,0.024938744865,0.045979983635
a63a108c,ok,,3.2003823592,283937598.41,39046.900022,122369.61096,11835846.471,231445.32965,24233550.885,0.0,0.0,0.0,-2.1682583475e-08,1.0193117086e-08,9.8977283651e-09,1.6124950571e-07,0.0,0.0,1.9934458298e-07,0.0,0.0,0.0,0.0,-4.5525234365e-09,0.24646150313,0.0047586513157,-0.0077837880015,0.0062962933281
ag04,ok,,3.1772789706,281887868.11,21787.034713,84763.057673,11755850.154,141803.74736,23722072.435,0.0,0.0,0.0,-9.4819463118e-08,1.1048745551e-08,1.5639284765e-07,1.0257398905e-06,0.0,0.0,3.5542248101e-06,0.0,0.0,0.0,0.0,-4.8980042176e-08,0.2464636898,0.011734497956,-0.077436019318,0.022347830602
ag03,ok,,3.1767930111,281844753.79,23188.932793,84789.923881,11754936.445,146827.14376,23712650.067,0.0,0.0,0.0,-1.1034726144e-07,1.1650948954e-08,1.6997463593e-07,1.0798388984e-06,0.0,0.0,1.7307672975e-06,0.0,0.0,0.0,0.0,-7.7727869379e-08,0.24637625875,0.013391944479,-0.040134646542,0.025040311642
ag09,ok,,3.1766948645,281836046.28,12861.440393,53268.92086,11768617.83,85476.817915,23735781.157,0.0,0.0,0.0,-1.6641669443e-07,1.1979196155e-08,3.1779449726e-07,1.8176988659e-06,0.0,0.0,6.7000334155e-06,0.0,0.0,0.0,0.0,-1.0954609821e-07,0.24732384797,0.011909963179,-0.086172080406,0.023378225616
ag08,ok,,3.1775161857,281908913.81,18150.874427,71706.960838,11762975.463,118346.26746,23739390.104,0.0,0.0,0.0,-1.1542097078e-07,1.1176775326e-08,1.8223483815e-07,1.2605547677e-06,0.0,0.0,4.1772176684e-06,0.0,0.0,0.0,0.0,-5.6552553438e-08,0.24697950042,0.012007201287,-0.075820153353,0.022880171297
ag10,ok,,3.1806728487,282188972.64,11812.156817,48190.802646,11787602.336,76586.443938,23833473.578,0.0,0.0,0.0,-1.7271758774e-07,1.1874795825e-08,3.3501498778e-07,1.81391328e-06,0.0,0.0,7.9683087913e-06,0.0,0.0,0.0,0.0,-1.1287280751e-07,0.24741156353,0.011089901382,-0.094122913007,0.021426228116
ag11,ok,,3.1839936115,282483590.37,20603.327709,75618.85837,11784029.716,131301.17615,23878453.739,0.0,0.0,0.0,-1.4306572829e-07,1.2463935899e-08,2.3838058925e-07,1.3605473274e-06,0.0,0.0,1.8552973927e-06,0.0,0.0,0.0,0.0,-1.1340493578e-07,0.24668541631,0.015114873374,-0.038225300179,0.028031802449
ag12,ok,,3.1673089232,281003326.51,18175.024263,79191.977083,11719590.201,124701.65394,23500235.784,0.0,0.0,0.0,-1.1246973999e-07,1.0972862555e-08,1.9409379602e-07,1.2902375175e-06,0.0,0.0,5.8401181477e-06,0.0,0.0,0.0,0.0,-3.8395618401e-08,0.24520392451,0.012851423107,-0.10614428903,0.023450098185
ag13,ok,,3.1660506984,280891696.95,15935.974335,71678.88139,11718073.842,110849.33518,23478303.806,0.0,0.0,0.0,-1.3619087207e-07,1.1202130798e-08,2.38711427e-07,1.5780412996e-06,0.0,0.0,6.5956142166e-06,0.0,0.0,0.0,0.0,-4.9909586501e-08,0.24530878069,0.013739932976,-0.10510753888,0.02514762565
ag14,ok,,3.1646902606,280770999.04,13410.01254,63188.9467,11716757.02,95099.747611,23454908.901,0.0,0.0,0.0,-1.7107158124e-07,1.1635937537e-08,3.1509271397e-07,2.0053464938e-06,0.0,0.0,7.940958593e-06,0.0,0.0,0.0,0.0,-7.2124057691e-08,0.24538552344,0.014586458935,-0.10648835431,0.026891721629
ag16,ok,,3.1714055912,281366782.49,24555.082084,101498.63819,11722765.273,165541.77305,23568653.107,0.0,0.0,0.0,-8.2389463355e-08,1.0648723963e-08,1.140533601e-07,9.470960122e-07,0.0,0.0,3.6454352649e-06,0.0,0.0,0.0,0.0,-1.8640998712e-08,0.24498151679,0.012883041755,-0.089513962159,0.023256020321
ag17,ok,,3.1690290947,281155939.96,20339.833431,87332.471769,11720515.854,139228.62054,23528272.817,0.0,0.0,0.0,-1.0787484854e-07,1.0909750508e-08,1.636999593e-07,1.246790903e-06,0.0,0.0,4.4964996567e-06,0.0,0.0,0.0,0.0,-3.2600411735e-08,0.24516201792,0.013906786146,-0.091458054041,0.025359519291
ag18,ok,,3.1669291455,280969632.68,16515.741866,74752.618216,11718202.072,115690.72369,23491978.844,0.0,0.0,0.0,-1.4169724318e-07,1.1288681082e-08,2.3083698885e-07,1.6631755315e-06,0.0,0.0,5.637865466e-06,0.0,0.0,0.0,0.0,-5.1630398145e-08,0.24530080626,0.014928371382,-0.093113530712,0.027468577757
ag19,ok,,3.1656244527,280853880.47,13989.724884,66584.655162,11716758.799,100282.16692,23469231.942,0.0,0.0,0.0,-1.7378858377e-07,1.1687842073e-08,2.9464765992e-07,2.0773198998e-06,0.0,0.0,6.6745281751e-06,0.0,0.0,0.0,0.0,-7.0699057585e-08,0.24537354741,0.015689025019,-0.093374812898,0.029061133894
ag23,ok,,3.1818718183,282295345.1,43869.144122,160465.66114,11731104.18,283388.38425,23744718.15,0.0,0.0,0.0,-5.7800558549e-08,1.0499660992e-08,3.9671345979e-08,6.1545898804e-07,0.0,0.0,6.9376454019e-07,0.0,0.0,0.0,0.0,-1.2411849532e-08,0.24448092121,0.015520270401,-0.0304348566,0.026999659048
ag24,ok,,3.1792469637,282062468.26,38326.16724,144347.90988,11728829.219,250352.78499,23700111.963,0.0,0.0,0.0,-6.5867011883e-08,1.0556050075e-08,5.354837132e-08,7.1453087022e-07,0.0,0.0,1.0923611554e-06,0.0,0.0,0.0,0.0,-1.4244220988e-08,0.24460950353,0.015617893444,-0.041866016329,0.02738522963
ag25,ok,,3.1757681625,281753829.37,30373.529983,121017.18847,11725668.941,203137.84419,23640971.383,0.0,0.0,0.0,-8.8367740046e-08,1.0769340539e-08,8.8941761548e-08,9.8343322886e-07,0.0,0.0,1.7441019163e-06,0.0,0.0,0.0,0.0,-2.2983819122e-08,0.24483831265,0.016808080233,-0.052974531848,0.029870338663
ag26,ok,,3.1745133187,281642499.76,24153.071518,102793.71466,11728316.882,166411.23632,23626817.829,0.0,0.0,0.0,-1.1475528217e-07,1.107680444e-08,1.4078623001e-07,1.3219177712e-06,0.0,0.0,2.6401183924e-06,0.0,0.0,0.0,0.0,-3.671970686e-08,0.24513219247,0.017599332343,-0.063766968348,0.031928374468
ag27,ok,,3.1737112717,281571342.23,18635.792436,87052.377401,11731241.825,133972.31696,23620039.331,0.0,0.0,0.0,-1.5083557568e-07,1.1515104518e-08,2.1508266408e-07,1.8256420294e-06,0.0,0.0,3.941654061e-06,0.0,0.0,0.0,0.0,-5.5644474874e-08,0.24541241976,0.018379313631,-0.073455846935,0.034022285923
ag35,ok,,3.1967502649,283615359.37,45555.54879,157888.50717,11789901.067,287086.51032,24087546.593,0.0,0.0,0.0,-1.3786905026e-07,1.5336177875e-08,2.4500632335e-07,1.1232195129e-06,0.0,0.0,3.0066379881e-07,0.0,0.0,0.0,0.0,-1.2866914871e-07,0.2462277256,0.030527110867,-0.013696904356,0.051168881322
ag36,ok,,3.1930164054,283284091.74,40258.0379,139152.61364,11787022.089,252235.69582,24024303.527,0.0,0.0,0.0,-1.4660635776e-07,1.5269189313e-08,2.5491192928e-07,1.1870888837e-06,0.0,0.0,3.2017466543e-07,0.0,0.0,0.0,0.0,-1.3484326757e-07,0.24660706174,0.028625192532,-0.012889603815,0.04778986927
ag38,ok,,3.1905724621,283067265.33,32006.747132,106728.00189,11798872.979,194257.86975,24010069.297,0.0,0.0,0.0,-1.6388120288e-07,1.4660631109e-08,2.3485521074e-07,1.2705536046e-06,0.0,0.0,-2.0771896775e-07,0.0,0.0,0.0,0.0,-1.3643241807e-07,0.2474690648,0.025294448065,0.0066484084752,0.040666287941
ag37,ok,,3.1925601761,283243615.12,36773.867696,125514.26872,11794473.995,227353.22767,24031962.001,0.0,0.0,0.0,-1.5363749364e-07,1.5083166949e-08,2.5587778535e-07,1.2195594428e-06,0.0,0.0,2.7453535292e-07,0.0,0.0,0.0,0.0,-1.3731117167e-07,0.24685717069,0.027250396637,-0.010095726746,0.044847917598
ag44ct02r,ok,,3.1713939756,281365751.92,28603.511125,108445.89428,11722002.67,184640.64698,23566569.443,0.0,0.0,0.0,-8.3375273399e-08,1.121312885e-08,1.4431855597e-07,8.4604210699e-07,0.0,0.0,2.3321722956e-06,0.0,0.0,0.0,0.0,-5.5288752186e-08,0.24416875303,0.012903210725,-0.066708316203,0.02419977482
ag455ct02r,ok,,3.1696191631,281208290.77,21561.213331,85488.424776,11727484.889,141331.9681,23549263.85,0.0,0.0,0.0,-1.0209127472e-07,1.1470866035e-08,2.0829279419e-07,1.0449624755e-06,0.0,0.0,4.1840606898e-06,0.0,0.0,0.0,0.0,-7.4438809527e-08,0.24480705114,0.011854567936,-0.090213425122,0.022530658858
ag45ct02r,ok,,3.1684755984,281106833.82,24634.795222,96312.927024,11717406.896,160954.34078,23512752.703,0.0,0.0,0.0,-9.0749394423e-08,1.1344518861e-08,1.7831092313e-07,9.3240181273e-07,0.0,0.0,3.3378072631e-06,0.0,0.0,0.0,0.0,-6.5427229675e-08,0.24424080077,0.01203580285,-0.082226198418,0.022969527722
ag45c03,ok,,3.1721853561,281435963.15,23592.38725,97220.982594,11727609.354,158584.01453,23587176.424,0.0,0.0,0.0,-1.2430888682e-07,1.0020966217e-08,7.8854272965e-08,1.1491385846e-06,0.0,0.0,4.2949836742e-06,0.0,0.0,0.0,0.0,1.6874980509e-08,0.24421118135,0.020367083229,-0.10132891807,0.027110922492
ag46c03,ok,,3.1631146329,280631209.51,18696.612183,75291.471955,11709937.681,123036.34273,23416082.762,0.0,0.0,0.0,-1.4108245118e-07,9.7761386426e-09,4.7341077738e-08,1.2540178343e-06,0.0,0.0,5.0870538346e-06,0.0,0.0,0.0,0.0,3.7561519716e-08,0.24418131165,0.018487133084,-0.095110672697,0.023445885118
ag46ct02r,ok,,3.166088641,280895063.21,19278.019397,75858.160029,11720924.823,125297.25467,23483061.287,0.0,0.0,0.0,-1.0545071377e-07,1.1439600329e-08,2.1242919727e-07,1.0703306443e-06,0.0,0.0,4.6263642099e-06,0.0,0.0,0.0,0.0,-7.6514931736e-08,0.2448713936,0.010866079917,-0.089187138974,0.020633854922
ag47c03,ok,,3.1508999461,279547523.73,12875.25323,53180.573606,11679855.499,84597.974243,23174242.1,0.0,0.0,0.0,-1.7214889108e-07,9.3612126172e-09,2.371203352e-08,1.4771626663e-06,0.0,0.0,8.4912116674e-06,0.0,0.0,0.0,0.0,7.9011433632e-08,0.24359538957,0.016192415655,-0.10932650044,0.01901884339
ag47ct02r,ok,,3.1551113921,279921162.8,12969.655516,51801.939618,11695760.612,83691.55916,23268977.456,0.0,0.0,0.0,-1.2405926879e-07,1.1455967477e-08,2.6414647473e-07,1.2537267481e-06,0.0,0.0,7.8099220891e-06,0.0,0.0,0.0,0.0,-9.1321848613e-08,0.24449010681,0.0085146072373,-0.1012919991,0.016260404034
ag52,ok,,3.1774538767,281903385.77,41747.649941,142461.38968,11732579.617,258229.64442,23680531.682,0.0,0.0,0.0,-5.2271651667e-08,1.0593360521e-08,3.8681639902e-08,5.2273253552e-07,0.0,0.0,2.7019757689e-07,0.0,0.0,0.0,0.0,-1.9177182725e-08,0.24472035755,0.012286510799,-0.011280113855,0.021822854905
ag53,ok,,3.1767569262,281841552.39,38444.122334,133336.88815,11733430.208,239392.78857,23671417.502,0.0,0.0,0.0,-5.7748149523e-08,1.0667329946e-08,5.0898861152e-08,5.8000719586e-07,0.0,0.0,5.1807458087e-07,0.0,0.0,0.0,0.0,-2.3271835585e-08,0.24488730469,0.012460587237,-0.019916922565,0.022297867592
ag54,ok,,3.1754169898,281722673.37,32157.138287,116103.57338,11734790.384,203703.66741,23653291.759,0.0,0.0,0.0,-7.1063148611e-08,1.0850915731e-08,8.3472371713e-08,7.2450657144e-07,0.0,0.0,1.219802151e-06,0.0,0.0,0.0,0.0,-3.3429340188e-08,0.24520163414,0.012806678578,-0.039225346452,0.023298058007
ag55,ok,,3.1739899437,281596065.98,23329.21164,89999.525417,11740216.927,152005.8476,23641401.338,0.0,0.0,0.0,-1.030903655e-07,1.1313507165e-08,1.6164732803e-07,1.0732399412e-06,0.0,0.0,2.7416642936e-06,0.0,0.0,0.0,0.0,-5.8629151463e-08,0.24572551213,0.013481516808,-0.063960866551,0.02503784173
ah21-7,ok,,3.1800931323,282137540.25,56013.941648,177028.57318,11729174.308,334350.19902,23715754.177,0.0,0.0,0.0,-4.7319320287e-08,1.0158057156e-08,-4.8604323396e-08,4.6504393119e-07,0.0,0.0,-1.2852653275e-06,0.0,0.0,0.0,0.0,8.7921289798e-09,0.24420278944,0.016539239873,0.071992777057,0.026048943626
ah21-9,ok,,3.1613520752,280474835.57,34005.888388,108387.60767,11693363.625,201471.86487,23361387.359,0.0,0.0,0.0,-6.133903583e-08,1.0337530046e-08,-6.1725431507e-08,5.9812458785e-07,0.0,0.0,-2.0812819151e-06,0.0,0.0,0.0,0.0,1.143809122e-08,0.24479995134,0.012922289281,0.07077584051,0.020339757976
ah6407,ok,,3.2130555464,285061962.3,27009.834985,165089.79132,11781914.878,232462.3888,24325059.188,0.0,0.0,0.0,-1.755348162e-07,1.2268228075e-08,-7.4305674327e-10,2.5356402482e-06,0.0,0.0,-9.977412805e-07,0.0,0.0,0.0,0.0,-5.1147758582e-08,0.24761402152,0.037866534914,0.026948827344,0.068487224687
ah7476,ok,,3.2194013455,285624960.94,21965.640081,170127.20511,11785000.671,219156.38256,24431274.544,0.0,0.0,0.0,-2.047318143e-07,1.1347170004e-08,-2.4300439939e-07,3.4608276214e-06,0.0,0.0,-3.6318565487e-06,0.0,0.0,0.0,0.0,-2.6447290667e-08,0.2482251891,0.043431019955,0.079776053775,0.076019293914
ah63k127,ok,,3.2051486002,284360458.82,93168.243672,322940.23563,11687952.238,617035.34278,24010518.092,0.0,0.0,0.0,-4.3696358459e-08,1.0539427103e-08,-1.2025566609e-08,4.7521062925e-07,0.0,0.0,-7.8212966657e-07,0.0,0.0,0.0,0.0,-1.3035697052e-08,0.24460129821,0.02499641043,0.072869647358,0.044274539701
ah79100a,ok,,3.1837032061,282457825.63,51316.003794,211659.08679,11686015.245,358174.00269,23683650.446,0.0,0.0,0.0,-6.7262810594e-08,9.9993491814e-09,8.3208238675e-09,8.2108091154e-07,0.0,0.0,5.1211076016e-07,0.0,0.0,0.0,0.0,9.0584999175e-09,0.24198717219,0.024877188027,-0.026279477711,0.042134591171
ah79100b,ok,,3.2051949412,284364570.2,52932.338835,271949.30905,11670629.215,429822.47046,23982600.029,0.0,0.0,0.0,-1.0389343556e-07,9.8751983367e-09,-4.1967563721e-08,1.4329695264e-06,0.0,0.0,-4.554446196e-07,0.0,0.0,0.0,0.0,4.7236803568e-09,0.24189081328,0.045147044196,0.024107748925,0.075850428514
ah79100c,ok,,3.2190485072,285593657.17,64359.01024,295513.12912,11714602.246,487401.26487,24285726.593,0.0,0.0,0.0,-9.4612154604e-08,9.806299757e-09,-9.589870935e-08,1.2321012529e-06,0.0,0.0,-1.1152470402e-06,0.0,0.0,0.0,0.0,4.4472902919e-09,0.24313255569,0.046641325216,0.071776195681,0.079296817149
ah79k132,ok,,3.212625166,285023778.99,106527.55507,358556.58866,11703589.245,692829.38275,24157618.917,0.0,0.0,0.0,-3.8777086128e-08,1.0645987341e-08,7.0930454379e-09,4.0485471958e-07,0.0,0.0,-6.7139952061e-07,0.0,0.0,0.0,0.0,-2.0480070178e-08,0.24383648664,0.023410914942,0.071522549404,0.043128183435
ah79k135,ok,,3.2089975187,284701934.49,110387.80672,362428.28448,11700477.132,706617.19256,24096338.974,0.0,0.0,0.0,-3.1747890547e-08,1.0487608763e-08,6.5377982432e-09,3.2459196738e-07,0.0,0.0,-6.4070463764e-07,0.0,0.0,0.0,0.0,-1.6520363009e-08,0.2437471169,0.019590956396,0.070725979704,0.035830995358
ah79k143,ok,,3.2230744299,285950836.62,125088.01935,399976.4677,11725809.623,798389.7519,24362685.36,0.0,0.0,0.0,-2.5527461405e-08,1.033076354e-08,1.9265128754e-09,2.6259753088e-07,0.0,0.0,-6.8663315103e-07,0.0,0.0,0.0,0.0,-1.3658673658e-08,0.24487221752,0.017712723498,0.085889580881,0.032847805024
ah80129,ok,,3.2123409047,284998559.35,99121.014334,342202.2496,11702674.906,658018.11825,24151267.972,0.0,0.0,0.0,-4.4201442424e-08,1.0893808037e-08,6.1671716939e-10,4.8878254272e-07,0.0,0.0,-9.0136558575e-07,0.0,0.0,0.0,0.0,-2.4567222661e-08,0.24577137793,0.025119039163,0.089344271145,0.048448621423
ah81k144,ok,,3.2288695221,286464976.61,123095.77231,423048.91164,11709743.026,823301.29591,24417544.199,0.0,0.0,0.0,-3.5734456763e-08,1.0404712028e-08,-4.0160804283e-09,4.0385209904e-07,0.0,0.0,-5.6363840452e-07,0.0,0.0,0.0,0.0,-1.3464768668e-08,0.24435252015,0.026714837655,0.069381504706,0.049712486029
ah80140,ok,,3.240091101,287460553.96,98199.328444,375810.29309,11773804.77,685274.54617,24717605.185,0.0,0.0,0.0,-4.5529299741e-08,1.0936725283e-08,8.5573621596e-08,5.0575585658e-07,0.0,0.0,4.3959764548e-07,0.0,0.0,0.0,0.0,-3.8389723259e-08,0.24053128091,0.024890023686,-0.043168193572,0.049664885473
ah81131,ok,,3.1927661592,283261889.92,99963.094632,337855.52496,11643692.332,647283.46839,23735037.183,0.0,0.0,0.0,-3.3351838249e-08,1.1001680911e-08,3.7082287141e-08,3.4741036638e-07,0.0,0.0,-7.8676290059e-07,0.0,0.0,0.0,0.0,-3.5223832e-08,0.24293719479,0.016057759144,0.078647254285,0.034728215331
ah80136,ok,,3.2219444337,285850583.47,91260.158043,341230.04801,11724775.363,633365.62557,24335021.504,0.0,0.0,0.0,-3.8957202209e-08,1.1166744168e-08,8.4558577719e-08,4.2955285798e-07,0.0,0.0,1.5348056332e-07,0.0,0.0,0.0,0.0,-4.5959922643e-08,0.24390987734,0.017589390501,-0.014006660465,0.039201061707
ah81k144wfKlappe,ok,,3.3344019961,295827807.0,169352.62857,697062.63526,11872471.197,1252048.4308,26427753.419,0.0,0.0,0.0,-7.4349128602e-09,8.7162684081e-09,2.0121618674e-08,7.93179609e-08,0.0,0.0,8.5224255442e-07,0.0,0.0,0.0,0.0,-4.5565258739e-09,0.22922255932,0.0080014317092,-0.14432951677,0.013432705172
ah82150a,ok,,3.2115273523,284926381.06,132409.60637,435777.46619,11662906.327,854060.88657,24060879.458,0.0,0.0,0.0,-2.7953839592e-08,1.0168281462e-08,-1.5596958964e-08,2.9008973909e-07,0.0,0.0,-5.8889735341e-07,0.0,0.0,0.0,0.0,-4.255436288e-09,0.24220996728,0.022994307622,0.077975666757,0.038410668164
ah82150f,ok,,3.2140494697,285150143.07,146558.61326,466195.19173,11661486.149,925568.24165,24100342.184,0.0,0.0,0.0,-2.8068875706e-08,1.029131333e-08,-2.6476810554e-08,2.9235103405e-07,0.0,0.0,-9.1958897805e-07,0.0,0.0,0.0,0.0,-7.168337644e-09,0.24352458785,0.024365041935,0.13477368539,0.042846562136
ah83159,ok,,3.2239485772,286028390.88,148829.19212,492318.56058,11661312.815,973074.35325,24247070.835,0.0,0.0,0.0,-2.9180385883e-08,1.0352235878e-08,-1.547986428e-09,2.9669454239e-07,0.0,0.0,-5.5535067919e-07,0.0,0.0,0.0,0.0,-1.2689781055e-08,0.24223475551,0.025407582692,0.082652392929,0.044156809051
ah83150q,ok,,3.2075381856,284572462.6,130808.83007,448343.55044,11630386.702,857097.79456,23934178.778,0.0,0.0,0.0,-3.6810242083e-08,1.0752407753e-08,2.5386862247e-08,3.5812296273e-07,0.0,0.0,-4.0670019923e-07,0.0,0.0,0.0,0.0,-2.5097299156e-08,0.23827494242,0.026437176773,0.05319997725,0.046845645777
ah85l120,ok,,3.1965996554,283601997.31,93296.50662,281164.2316,11730055.573,565419.47297,23967495.019,0.0,0.0,0.0,2.1845036537e-14,1.0283163071e-08,1.2091307142e-13,-9.4792661844e-14,0.0,0.0,-1.1791875679e-06,0.0,0.0,0.0,0.0,4.6823538293e-14,0.24646165967,-5.8265513087e-09,0.11001408073,-8.8438242032e-09
ah88k130,ok,,3.1961171614,283559190.49,102678.15574,345143.57337,11651629.399,664785.65053,23805192.596,0.0,0.0,0.0,-4.2428428374e-08,1.0349480305e-08,-4.4373673771e-08,4.5128234348e-07,0.0,0.0,-1.114256519e-06,0.0,0.0,0.0,0.0,-4.1838120101e-09,0.24356021268,0.027528606114,0.11440980439,0.046336838746
ah88k136,ok,,3.2156160416,285289129.16,118030.00388,378604.97502,11706365.705,747112.02225,24209736.373,0.0,0.0,0.0,-3.0640597467e-08,1.0713473889e-08,1.6225138468e-08,3.1143140303e-07,0.0,0.0,-8.9865466445e-07,0.0,0.0,0.0,0.0,-2.6652021593e-08,0.24449345017,0.018030973827,0.10606821353,0.036758249709
ah93156,ok,,3.2308510102,286640774.04,154852.02077,500278.97872,11703190.907,991641.83958,24440486.005,0.0,0.0,0.0,-2.7335689504e-08,1.0314081179e-08,4.7004212328e-09,2.8137113998e-07,0.0,0.0,-5.4857582212e-07,0.0,0.0,0.0,0.0,-1.5609912094e-08,0.24167640696,0.023372036114,0.084948074601,0.043570889613
ah93157,ok,,3.2320703729,286748955.77,155314.43497,499744.32806,11712015.638,991390.28461,24477414.871,0.0,0.0,0.0,-2.7271967056e-08,1.0302623274e-08,6.5283596376e-09,2.7767019234e-07,0.0,0.0,-5.2862375032e-07,0.0,0.0,0.0,0.0,-1.6008350777e-08,0.24152104265,0.023210192287,0.082102899092,0.043126189031
ah93k130,ok,,3.2162681304,285346982.42,109547.39657,363512.14276,11714751.99,704979.93392,24236971.477,0.0,0.0,0.0,-3.7121369161e-08,1.0853964313e-08,1.3129169496e-08,3.9663354647e-07,0.0,0.0,-9.3249267316e-07,0.0,0.0,0.0,0.0,-2.9199839651e-08,0.24443156398,0.021147356961,0.10215214466,0.043450172407
ah93k131,ok,,3.2160823399,285330499.1,108678.48277,363324.40571,11712734.736,702187.42796,24229549.529,0.0,0.0,0.0,-3.7554540175e-08,1.0914419909e-08,2.0292281858e-08,4.0062053698e-07,0.0,0.0,-8.5609166615e-07,0.0,0.0,0.0,0.0,-3.1535134162e-08,0.24416877365,0.020974153364,0.093038743387,0.043538832125
ah93k132,ok,,3.211959536,284964724.36,112787.76433,374082.88017,11693542.214,723134.75048,24128867.356,0.0,0.0,0.0,-3.5927689484e-08,1.0841659479e-08,1.2024890089e-08,3.76869163e-07,0.0,0.0,-9.1984650374e-07,0.0,0.0,0.0,0.0,-2.7856618744e-08,0.2440246856,0.021073725167,0.10374743069,0.042506230341
ah93w145,ok,,3.2351903837,287025762.81,116727.7438,402053.57901,11769249.634,769976.27989,24637172.841,0.0,0.0,0.0,-3.5270814384e-08,1.0264841006e-08,2.0563011314e-08,3.806166783e-07,0.0,0.0,-1.1883512635e-07,0.0,0.0,0.0,0.0,-1.5072290289e-08,0.24277679793,0.024343576345,0.013871356184,0.044428526112
ah93w174,ok,,3.2474290139,288111572.85,158373.51101,561112.18384,11705921.787,1072472.9869,24696384.95,0.0,0.0,0.0,-2.5131882824e-08,9.8516128985e-09,1.6148742122e-08,2.7965929442e-07,0.0,0.0,5.0984446382e-08,0.0,0.0,0.0,0.0,-8.4587558473e-09,0.237647735,0.024799509549,-0.0080745857805,0.044290624344
ah93w215,ok,,3.2950735407,292338590.43,250045.10132,804174.55823,11775403.872,1639167.7692,25590415.034,0.0,0.0,0.0,-1.3149331266e-08,9.3097239336e-09,5.3987647422e-09,1.3740008826e-07,0.0,0.0,-5.7538474038e-08,0.0,0.0,0.0,0.0,-4.142017787e-09,0.23594333246,0.019953014464,0.014387213571,0.03435621899
ah93w257,ok,,3.3533448323,297508413.52,303309.69563,1052691.5612,11730607.321,2167067.9286,26404956.791,0.0,0.0,0.0,-6.750869489e-10,8.8722964261e-09,-1.6752297719e-08,2.320539503e-08,0.0,0.0,1.0316454955e-07,0.0,0.0,0.0,0.0,9.1939421095e-09,0.23452640027,0.0061382949162,-0.031290808124,0.0070384213034
ah93w300,ok,,3.442641284,305430785.65,476347.86135,1464141.9625,11893162.339,3263621.4327,28252110.299,0.0,0.0,0.0,-1.5584258948e-09,8.01226164e-09,-2.1053036676e-09,1.8664582946e-08,0.0,0.0,2.9199570762e-09,0.0,0.0,0.0,0.0,1.2574450534e-09,0.22653967589,0.0060159058035,-0.0013909153085,0.0088908341691
ah93w480b,ok,,3.9693482714,352160176.17,1784931.6713,3939143.8179,12516479.432,12330682.304,39774732.517,0.0,0.0,0.0,-2.0317635321e-09,6.7079192924e-09,-5.8801625123e-10,1.9438626114e-08,0.0,0.0,-1.3572476696e-07,0.0,0.0,0.0,0.0,-1.3223536407e-09,0.26538513514,0.020733781038,0.24225943512,0.034696619398
ah94145,ok,,3.249544479,288299256.69,121936.18679,449908.12358,11749913.9,851451.48504,24820289.878,0.0,0.0,0.0,-4.5457424078e-08,1.0459685138e-08,8.8895878484e-09,5.3589893069e-07,0.0,0.0,-3.4227201192e-07,0.0,0.0,0.0,0.0,-1.7767186886e-08,0.24248257908,0.035044846666,0.041735343977,0.065345472112
ah94156,ok,,3.2197724105,285657881.79,150492.68178,489135.99546,11668165.094,963333.67929,24199510.06,0.0,0.0,0.0,-2.8329679327e-08,1.0328362845e-08,-1.9986218643e-12,2.8436011051e-07,0.0,0.0,-5.7375673134e-07,0.0,0.0,0.0,0.0,-1.3568439149e-08,0.24093587288,0.024145974377,0.086346189187,0.04279411562
ah94w301,ok,,3.4222680159,303623271.38,453453.37867,1427249.5555,11811839.222,3137404.7013,27717431.543,0.0,0.0,0.0,2.1664235788e-09,8.3722568467e-09,-1.7316111132e-08,-5.2931491593e-09,0.0,0.0,4.4486871718e-10,0.0,0.0,0.0,0.0,8.2891627867e-09,0.23031869382,-0.00080779061868,-0.00020172722287,-0.0024001963701
ah95160,ok,,3.2616500387,289373260.72,147319.31813,525980.36289,11753135.612,1015510.4695,25015697.378,0.0,0.0,0.0,-3.8108146623e-08,1.024206214e-08,8.1038543762e-09,4.4296837186e-07,0.0,0.0,-2.9533739085e-07,0.0,0.0,0.0,0.0,-1.5180716149e-08,0.24145257366,0.034985615133,0.043508903037,0.065257798495
ames01,ok,,3.2135336261,285104377.47,73236.137419,224097.29501,11835284.438,435158.26729,24438787.291,0.0,0.0,0.0,-2.6534333394e-08,1.0368657376e-08,4.7024679785e-08,2.2367722495e-07,0.0,0.0,-4.3468043142e-07,0.0,0.0,0.0,0.0,-2.8863549615e-08,0.24521182276,0.008468082363,0.031834315809,0.016381255984
ames02,ok,,3.2003796058,283937354.13,39045.82433,122370.73578,11835827.69,231445.65869,24233520.959,0.0,0.0,0.0,-2.1684922113e-08,1.0193181395e-08,9.9043870415e-09,1.6128705814e-07,0.0,0.0,1.9999352626e-07,0.0,0.0,0.0,0.0,-4.5542096642e-09,0.2464624914,0.0047591021248,-0.0078089120932,0.0062975861386
ames03,ok,,3.2086313008,284669443.67,66656.175192,210703.29621,11808506.445,409472.50376,24308125.93,0.0,0.0,0.0,-2.5952914578e-08,1.0454612432e-08,5.0580937148e-08,2.4148164648e-07,0.0,0.0,-4.5562475124e-07,0.0,0.0,0.0,0.0,-3.0387466625e-08,0.24624224065,0.0075642454539,0.03037020324,0.016096242933
amsoil1,ok,,3.2245196871,286079059.69,89282.358453,277635.02496,11837167.156,545504.09906,24611648.773,0.0,0.0,0.0,-2.6632922925e-08,1.001956016e-08,8.554862125e-10,2.7973877899e-07,0.0,0.0,-5.6035119079e-07,0.0,0.0,0.0,0.0,-8.254969871e-09,0.24364107583,0.013431502193,0.050029475876,0.024975737939
amsoil2,ok,,3.2233726989,285977299.02,91545.649161,276816.2218,11843477.155,549880.35054,24606642.305,0.0,0.0,0.0,-1.1513503314e-08,9.896100846e-09,-7.2617754749e-09,1.2485341368e-07,0.0,0.0,-5.2651267904e-07,0.0,0.0,0.0,0.0,6.4357184381e-10,0.24361004193,0.0064172606119,0.048199944994,0.011429786805
apex16,ok,,3.1997003805,283877093.32,97295.830915,308258.64994,11707351.925,605723.22826,23969501.685,0.0,0.0,0.0,-3.2455733822e-08,1.0197764287e-08,-2.8924677487e-08,3.169097516e-07,0.0,0.0,-9.7625494263e-07,0.0,0.0,0.0,0.0,-3.929506573e-11,0.24441681146,0.019653374285,0.094985535828,0.030833997607
apex16_NASA_CR-201062,ok,,3.2159875608,285322090.31,101722.9966,315508.26459,11767350.073,630803.54642,24338829.724,0.0,0.0,0.0,-3.158205954e-08,1.0135300997e-08,-2.8566858707e-08,3.0533407312e-07,0.0,0.0,-9.8391684696e-07,0.0,0.0,0.0,0.0,-4.508151153e-10,0.24646275346,0.019851988773,0.10008697008,0.031059496881
aquilasm,ok,,3.1894694791,282969408.79,51996.370972,198320.63895,11714699.332,348527.37852,23827768.019,0.0,0.0,0.0,-9.0780348757e-08,1.2126722843e-08,9.6848888487e-08,9.3881202925e-07,0.0,0.0,-1.0358478883e-07,0.0,0.0,0.0,0.0,-6.2067109329e-08,0.24202323307,0.026416520445,0.0053860331071,0.048814818546
arad10,ok,,3.2454589508,287936789.04,72287.232415,245438.01761,11914940.727,449713.54364,25100182.043,0.0,0.0,0.0,-6.8781104454e-08,1.0995388109e-08,5.3242108914e-08,6.7262660801e-07,0.0,0.0,-3.1505777248e-07,0.0,0.0,0.0,0.0,-3.9441998436e-08,0.24527528097,0.026589720304,0.022774654424,0.048622315942
arad13,ok,,3.2714156179,290239661.91,112785.86241,359959.80333,11961757.906,691624.18693,25609571.715,0.0,0.0,0.0,-4.147078691e-08,1.0452783488e-08,5.973149957e-08,3.7614689735e-07,0.0,0.0,-2.4090980719e-08,0.0,0.0,0.0,0.0,-3.3308445029e-08,0.24307887296,0.023095013003,0.0027171220367,0.042424052211
arad20,ok,,3.3392578074,296258614.09,230417.29855,714732.30122,12005908.993,1461217.1718,26800811.664,0.0,0.0,0.0,-2.0359791971e-08,9.5429815462e-09,4.2374384261e-08,1.6442568408e-07,0.0,0.0,3.0242674216e-08,0.0,0.0,0.0,0.0,-2.1164997978e-08,0.23862523599,0.022392873669,-0.0069684352939,0.037886521938
arad6,ok,,3.2167896196,285393248.89,29029.732533,144920.63606,11826169.546,220800.12264,24470395.952,0.0,0.0,0.0,-1.6484841363e-07,1.1925328425e-08,-1.0358977779e-07,2.1008412403e-06,0.0,0.0,-2.8461282653e-06,0.0,0.0,0.0,0.0,-4.886099867e-08,0.24826337699,0.033724118333,0.082622342297,0.060986859299
as5045,ok,,3.2283718617,286420824.23,120385.75618,400489.27096,11751607.273,785571.63559,24492444.531,0.0,0.0,0.0,-1.1816203477e-08,9.9650254834e-09,3.7794550006e-09,1.0048592599e-07,0.0,0.0,-5.1800101593e-08,0.0,0.0,0.0,0.0,-2.1870198838e-09,0.24356986957,0.0088640334817,0.0062359944004,0.012097074186
as5046,ok,,3.2373630645,287218522.84,143169.72084,458830.5662,11764900.01,915264.59996,24660109.064,0.0,0.0,0.0,-1.0620742577e-08,9.8790225876e-09,3.742752543e-09,8.4210491789e-08,0.0,0.0,-1.6975677223e-07,0.0,0.0,0.0,0.0,-2.8962152433e-09,0.24292172825,0.0090769182307,0.024304029691,0.012056392602
as5048,ok,,3.254057474,288699649.15,191122.53647,582374.78354,11777471.368,1194311.0603,24947816.056,0.0,0.0,0.0,-9.0127772805e-09,9.7420863608e-09,1.2638496178e-09,6.9959321164e-08,0.0,0.0,-3.133052063e-07,0.0,0.0,0.0,0.0,-2.6981694674e-09,0.24231656195,0.0099833145858,0.059879685719,0.013370802911
as6091,ok,,2.6304106653,233369767.51,2872.0216432,164292.84173,10187202.346,79020.481952,15899508.001,0.0,0.0,0.0,-4.6398390591e-07,5.9198778274e-09,-1.1684670749e-06,2.2080890444e-05,0.0,0.0,-1.663866563e-05,0.0,0.0,0.0,0.0,1.3220151114e-07,0.17117879886,0.03845669123,0.047786607803,0.063416795254
as6092,ok,,2.5495376679,226194723.39,5429.6139123,165994.163,9901321.4927,92305.921594,14412027.927,0.0,0.0,0.0,-3.7380425173e-07,3.2829987646e-09,-2.4799022449e-07,1.1005853193e-05,0.0,0.0,-1.4582904371e-06,0.0,0.0,0.0,0.0,2.1883064458e-07,0.15611480952,0.03767324257,0.0079179540451,0.05975753361
as6093,ok,,2.5835889412,229215748.9,8518.5895012,182084.7832,10004294.881,112468.33723,14521454.276,0.0,0.0,0.0,-2.857623656e-07,3.7755016873e-09,1.4354289309e-08,6.565593e-06,0.0,0.0,3.0012182315e-06,0.0,0.0,0.0,0.0,2.2181685579e-07,0.15831510744,0.03611142861,-0.025566146118,0.055929591599
as6094,ok,,2.8267757722,250791259.89,2948.2759312,295799.39301,10060193.382,146294.07234,19862013.794,0.0,0.0,0.0,-3.5896745908e-07,9.7432842463e-09,-3.5825841397e-06,3.1251792123e-05,0.0,0.0,-3.7998763201e-05,0.0,0.0,0.0,0.0,8.4297016453e-09,0.20231354914,0.052764388448,0.11203083896,0.092138906526
as6095,ok,,2.5881305971,229618684.15,5463.4086061,270366.22466,9555258.5593,158505.9342,16439597.257,0.0,0.0,0.0,-3.2782581555e-07,6.0711620841e-09,-1.5297701376e-06,1.6712380007e-05,0.0,0.0,-1.5087282847e-05,0.0,0.0,0.0,0.0,7.6847273351e-08,0.16543851136,0.053985591189,0.082427990947,0.09130656076
as6096,ok,,2.5068121042,222404115.72,9142.2695047,260714.37628,9223057.7983,174744.53477,14511448.555,0.0,0.0,0.0,-2.9354664814e-07,3.2690514568e-09,-6.4933740861e-07,9.6965295155e-06,0.0,0.0,-5.0765022862e-06,0.0,0.0,0.0,0.0,1.3360100336e-07,0.14686166807,0.054754535528,0.046410752042,0.088648286092
as6097,ok,,3.4401796466,305212389.43,2759.8882947,518218.25055,11895952.169,223716.55996,24725269.753,0.0,0.0,0.0,-2.9510618525e-07,1.1429980604e-08,-5.3798359092e-06,4.094195717e-05,0.0,0.0,-4.7844656019e-05,0.0,0.0,0.0,0.0,-1.8749839588e-08,0.25199773905,0.064964251877,0.13204590611,0.11299522836
as6098,ok,,2.8189250944,250094748.55,5108.582086,415563.91242,10300911.024,222234.39486,19511776.02,0.0,0.0,0.0,-2.8477101278e-07,7.5818066472e-09,-2.5277039998e-06,2.1815831408e-05,0.0,0.0,-2.2038518379e-05,0.0,0.0,0.0,0.0,3.6832721263e-08,0.19340628826,0.064873437445,0.1125855802,0.11144796552
as6099,ok,,2.6326432311,233567840.53,9056.150777,346935.85109,9704852.2133,225869.65597,16423855.804,0.0,0.0,0.0,-2.6650326237e-07,3.5675727535e-09,-1.1437678584e-06,1.1695836755e-05,0.0,0.0,-9.4054012357e-06,0.0,0.0,0.0,0.0,1.0642003176e-07,0.16376941597,0.06416914981,0.085176731708,0.10591926112
atr72sm,ok,,3.2343540113,286951560.04,126607.4162,417711.88566,11789261.017,795723.94782,24673656.875,0.0,0.0,0.0,-2.7702067053e-08,1.0208034373e-08,4.9775256638e-08,2.4344376755e-07,0.0,0.0,9.9830391547e-08,0.0,0.0,0.0,0.0,-2.5967965903e-08,0.23763474033,0.017140438389,-0.012639267932,0.030821786399
august160,ok,,3.2661446081,289772018.46,131093.336,474911.41269,11808444.629,889598.7005,25203146.398,0.0,0.0,0.0,-4.5276700755e-08,1.1367095962e-08,1.0014125214e-07,4.3752260047e-07,0.0,0.0,2.9909920241e-07,0.0,0.0,0.0,0.0,-4.7471366612e-08,0.2377661155,0.030293230045,-0.039209912239,0.057356297272
b29root,ok,,3.2958831943,292410422.82,278895.50368,862206.44169,11774020.449,1784066.0163,25604037.749,0.0,0.0,0.0,-6.4720176968e-09,9.2713574667e-09,1.0003700944e-08,6.7799295743e-08,0.0,0.0,-1.260353107e-07,0.0,0.0,0.0,0.0,-6.5578871757e-09,0.23541049805,0.0087935678159,0.03515068146,0.018908918736
avistar,ok,,3.2380844419,287282523.36,130959.91227,404881.20959,11822668.559,805377.93932,24794748.637,0.0,0.0,0.0,-1.8956445515e-08,9.9239814288e-09,5.7242232876e-09,2.0281102788e-07,0.0,0.0,-3.9439515293e-07,0.0,0.0,0.0,0.0,-8.8867970198e-09,0.24268555279,0.013530863081,0.051649954627,0.026560114419
b29tip,ok,,3.173428982,281546297.51,47938.864548,165087.50384,11694504.267,301653.21552,23541743.953,0.0,0.0,0.0,-5.1680054962e-08,1.1235535413e-08,8.5217594436e-08,5.2248693473e-07,0.0,0.0,-3.6788996855e-07,0.0,0.0,0.0,0.0,-5.6302892988e-08,0.24376345929,0.011452736132,0.017636227371,0.025047430392
b540ols,ok,,3.2074919406,284568359.74,48216.45844,171644.00341,11830927.253,303275.66174,24334383.333,0.0,0.0,0.0,-1.2800530099e-15,1.0034868691e-08,4.0828997458e-13,6.8641469436e-13,0.0,0.0,1.9441915548e-06,0.0,0.0,0.0,0.0,1.0898812936e-13,0.24419234144,8.4596075523e-09,-0.093742031301,3.3096485583e-08
b707a,ok,,3.2069240682,284517978.16,72008.279212,248523.55198,11779547.248,451702.53504,24222859.401,0.0,0.0,0.0,1.1756840782e-08,9.9394082132e-09,-1.589593138e-08,-1.7217188435e-07,0.0,0.0,6.7923578668e-07,0.0,0.0,0.0,0.0,5.6444462748e-09,0.24003320376,-0.004698634687,-0.048910600178,-0.012397801121
b707c,ok,,3.1799815837,282127643.67,54385.037604,172327.16617,11716753.969,332019.22611,23686407.316,0.0,0.0,0.0,-4.7824643167e-08,1.0938940289e-08,5.0946217573e-08,3.8991574274e-07,0.0,0.0,-1.1978622317e-06,0.0,0.0,0.0,0.0,-4.1401567071e-08,0.24348301266,0.012534157753,0.065145782515,0.021205582331
b707b,ok,,3.1997910468,283885137.23,91857.994172,290457.15493,11737285.784,561830.62194,24029064.956,0.0,0.0,0.0,-5.972213304e-09,1.0124105152e-08,2.727000553e-08,1.2467111354e-08,0.0,0.0,-2.9202475086e-07,0.0,0.0,0.0,0.0,-1.4612752393e-08,0.24207781492,0.0013680340785,0.026824807863,0.0011452038421
b707d,ok,,3.1697295276,281218082.3,48301.484009,154927.28101,11690023.354,295671.29854,23479951.419,0.0,0.0,0.0,-5.7631019251e-08,1.1112298702e-08,3.5743235127e-08,4.9749147495e-07,0.0,0.0,-1.5810925657e-06,0.0,0.0,0.0,0.0,-4.0215506555e-08,0.24478886196,0.014131182664,0.076369117278,0.024029576522
b707e,ok,,3.1736483206,281565757.22,49291.19016,156670.72115,11704872.464,300744.84345,23567994.631,0.0,0.0,0.0,-4.9163641145e-08,1.0809463231e-08,1.6496093013e-08,4.4392350492e-07,0.0,0.0,-1.6001469016e-06,0.0,0.0,0.0,0.0,-2.8376129789e-08,0.24485035875,0.012697101526,0.078873145208,0.021881517897
b737a,ok,,3.2578905978,289039723.51,129064.00657,443564.46085,11859893.368,833323.31352,25184473.971,0.0,0.0,0.0,-1.6066978112e-08,9.6422350352e-09,4.6270620619e-08,1.0556308445e-07,0.0,0.0,5.2243498993e-07,0.0,0.0,0.0,0.0,-2.075794622e-08,0.23575997729,0.009313675531,-0.067427552974,0.013624394625
b737c,ok,,3.1870592093,282755569.9,59236.593539,184679.42284,11745056.81,358224.79422,23849585.768,0.0,0.0,0.0,-3.3180060483e-08,1.0695079877e-08,4.3978533285e-08,2.5852139471e-07,0.0,0.0,-9.5040343621e-07,0.0,0.0,0.0,0.0,-3.1643390767e-08,0.24606985835,0.009097795446,0.056298662048,0.015313926779
b737b,ok,,3.219328484,285618496.68,90780.796756,300327.59002,11810914.523,565382.47913,24478759.072,0.0,0.0,0.0,-2.2605659549e-08,1.0187986036e-08,5.396170863e-08,1.5938308979e-07,0.0,0.0,3.7458197578e-07,0.0,0.0,0.0,0.0,-2.6102655016e-08,0.24116718651,0.0092237592887,-0.034004850212,0.01446892388
b737d,ok,,3.1948973336,283450967.5,69269.42317,214790.76056,11755020.524,423420.19635,23988838.666,0.0,0.0,0.0,-3.0690667832e-08,1.0610048444e-08,3.2268736614e-08,2.490785861e-07,0.0,0.0,-1.0224677812e-06,0.0,0.0,0.0,0.0,-2.6380795007e-08,0.24626656135,0.010245512857,0.070825753417,0.017253529983
bambino6,ok,,3.2121727006,284983636.3,103131.20792,316099.15473,11769366.92,614950.27192,24288592.365,0.0,0.0,0.0,-8.3666487009e-08,1.0996240292e-08,-2.0181241496e-08,6.0525398893e-07,0.0,0.0,-8.5526323163e-07,0.0,0.0,0.0,0.0,-1.9072592514e-08,0.24321113135,0.048605040422,0.088204330169,0.062420574977
bacj,ok,,3.2021894703,284097925.12,64559.933984,204433.66701,11788537.491,394730.7228,24167138.962,0.0,0.0,0.0,-8.3281885371e-09,9.9969097481e-09,-8.2038008744e-08,1.1268539455e-07,0.0,0.0,-6.1300899786e-07,0.0,0.0,0.0,0.0,4.2807118147e-08,0.24492745168,0.0074281574869,0.039575820434,0.0072749616333
bacxxx,ok,,3.1992066126,283833286.29,83096.232571,250866.95385,11767853.928,492889.83038,24083599.632,0.0,0.0,0.0,-2.384068837e-08,1.0304518734e-08,9.8372857247e-09,1.7472537698e-07,0.0,0.0,-8.3504494636e-07,0.0,0.0,0.0,0.0,-1.074073669e-08,0.24512314898,0.010453450027,0.06938908907,0.014519020561
bacnlf,ok,,3.1846618587,282542877.2,63605.072524,191461.62775,11734433.23,380263.85828,23792274.626,0.0,0.0,0.0,-1.1091710378e-08,1.0279569374e-08,-6.8950604095e-08,1.32088104e-07,0.0,0.0,-1.749694865e-06,0.0,0.0,0.0,0.0,2.937245413e-08,0.2474908671,0.0069829574594,0.11128946878,0.0084014734347
be50,ok,,3.1962024838,283566760.29,27694.986695,136465.12552,11765557.58,209850.59586,24031842.354,0.0,0.0,0.0,-1.8801665419e-07,1.3953844995e-08,2.1587606932e-07,2.1786647402e-06,0.0,0.0,1.2665243788e-06,0.0,0.0,0.0,0.0,-9.3106805428e-08,0.24692482876,0.034644208803,-0.03507637582,0.060338090993
boe103,ok,,3.2288061286,286459352.35,103668.20119,339411.74446,11809380.059,648029.19718,24625941.499,0.0,0.0,0.0,-4.4020470812e-08,1.0432331281e-08,2.6793211621e-08,4.1962961575e-07,0.0,0.0,-2.4616847742e-07,0.0,0.0,0.0,0.0,-2.0472286169e-08,0.24247789176,0.025314260329,0.025519843245,0.043502247432
be50sm,ok,,3.1982163023,283745426.06,28362.357602,136121.96338,11776130.077,212141.10728,24083732.609,0.0,0.0,0.0,-1.3714754161e-07,1.127513416e-08,1.1069044957e-07,1.7350704357e-06,0.0,0.0,1.1712572642e-06,0.0,0.0,0.0,0.0,-3.6128517778e-08,0.24621570532,0.027209162157,-0.03321961737,0.049210688162
boe106,ok,,3.2195149698,285635041.68,106562.88957,349623.92915,11768707.051,668018.19246,24398491.209,0.0,0.0,0.0,-3.7900485772e-08,1.04387822e-08,2.3980301121e-08,3.7413463367e-07,0.0,0.0,-3.1025238781e-07,0.0,0.0,0.0,0.0,-2.0182810646e-08,0.24217547497,0.022057210029,0.033061390942,0.039868867653
bqm34,ok,,3.1804083173,282165503.44,59144.279068,191279.52309,11727166.696,358755.28788,23714668.697,0.0,0.0,0.0,-1.5277527047e-14,1.0232196849e-08,8.742497159e-14,1.0791415243e-13,0.0,0.0,1.3238333686e-08,0.0,0.0,0.0,0.0,-1.161220615e-14,0.24265315832,4.4700150281e-09,-0.0007829717019,6.3825047465e-09
bte-fk,ok,,3.2363295024,287126825.31,92729.176715,301291.203,11874238.266,570826.34221,24872793.568,0.0,0.0,0.0,-1.996848592e-08,9.772023726e-09,3.5683710381e-09,2.3770746237e-07,0.0,0.0,1.4045495882e-07,0.0,0.0,0.0,0.0,-3.3096199281e-10,0.24296368782,0.011352637049,-0.013024272697,0.022042417284
bw050209,ok,,3.1887473574,282905342.23,50351.969866,164862.42214,11755288.952,309945.42452,23892854.835,0.0,0.0,0.0,-4.6422168599e-08,1.1343027519e-08,1.1262583562e-07,4.0019777728e-07,0.0,0.0,-4.6408076275e-07,0.0,0.0,0.0,0.0,-6.9958036521e-08,0.24683808326,0.0090404141947,0.023367380581,0.020150746422
bw3,ok,,3.2258963284,286201195.17,17239.239238,157979.90968,11822743.168,181101.57658,24600784.338,0.0,0.0,0.0,-2.219323918e-07,1.2365259992e-08,-3.2043701812e-07,4.0666012791e-06,0.0,0.0,-5.3558885719e-06,0.0,0.0,0.0,0.0,-5.7751662326e-08,0.24705890449,0.037612482812,0.09233144442,0.070105112334
c141a,ok,,3.2203909131,285712755.28,118932.03464,345883.36506,11814868.196,696459.96733,24506045.826,0.0,0.0,0.0,-1.0272442474e-08,9.9259659455e-09,-1.5544081102e-08,1.0274889137e-07,0.0,0.0,-8.2193925621e-07,0.0,0.0,0.0,0.0,3.1415401339e-09,0.2437957674,0.0076877974701,0.097754908095,0.012220134708
c141b,ok,,3.2179048319,285492190.41,112654.25324,328279.56955,11813353.111,659373.93694,24464095.31,0.0,0.0,0.0,-1.13211935e-08,9.9557711312e-09,-1.5855969646e-08,1.1347232294e-07,0.0,0.0,-8.5625247262e-07,0.0,0.0,0.0,0.0,2.8276041381e-09,0.24407444652,0.0079199924522,0.09646048289,0.012783139805
c141c,ok,,3.2057978069,284418056.38,85250.893355,250938.43565,11800786.21,498644.77921,24250525.762,0.0,0.0,0.0,-1.840030467e-08,1.0113969996e-08,-1.8074162908e-08,1.8466808663e-07,0.0,0.0,-1.1142747706e-06,0.0,0.0,0.0,0.0,4.5126538323e-10,0.24536948554,0.0092304296553,0.094992919639,0.015743119359
c141d,ok,,3.2097694094,284770416.55,83033.466601,244736.23343,11818053.119,485033.75556,24346331.864,0.0,0.0,0.0,-2.3018936826e-08,1.0072367379e-08,-1.772100342e-08,2.2420325037e-07,0.0,0.0,-1.1013733634e-06,0.0,0.0,0.0,0.0,-1.3024751841e-09,0.24487105258,0.011010269938,0.091450848384,0.018616373102
c141e,ok,,3.2122203478,284987863.56,80231.54435,237869.26911,11828638.024,469187.23272,24405633.659,0.0,0.0,0.0,-2.8512264641e-08,1.0068316508e-08,-1.728141447e-08,2.733114884e-07,0.0,0.0,-1.0891409062e-06,0.0,0.0,0.0,0.0,-3.3394981281e-09,0.24463272118,0.012994320321,0.087383456918,0.021928202803
c5a,ok,,3.2152982755,285260936.99,114101.61042,333841.10955,11794162.935,675131.1462,24383509.404,0.0,0.0,0.0,-3.5685471944e-10,1.0055732779e-08,-2.4691418781e-08,9.9798619574e-09,0.0,0.0,-8.5723699791e-07,0.0,0.0,0.0,0.0,1.244949641e-08,0.2452493739,0.0023024225138,0.097812121975,0.0011387183211
c141f,ok,,3.2194967378,285633424.14,74619.122547,225927.79885,11853337.346,439920.81533,24568898.419,0.0,0.0,0.0,-4.0067040284e-08,1.0054356683e-08,-1.6583883538e-08,3.8410940385e-07,0.0,0.0,-1.0575532782e-06,0.0,0.0,0.0,0.0,-7.3499867039e-09,0.24383885751,0.016838072759,0.078913697669,0.028661906678
c5b,ok,,3.209025984,284704459.93,93187.528147,272710.83451,11802998.969,545334.15875,24304882.131,0.0,0.0,0.0,-1.1610940674e-08,1.0025583279e-08,-3.4642140494e-08,1.3199283443e-07,0.0,0.0,-1.0620258469e-06,0.0,0.0,0.0,0.0,1.1408523415e-08,0.24541668252,0.0078590032187,0.098967563504,0.012300085973
c5c,ok,,3.2077864071,284594484.78,87658.81797,257742.67505,11804307.933,512826.98075,24288469.826,0.0,0.0,0.0,-1.580231336e-08,1.0020513041e-08,-3.7714528212e-08,1.78055256e-07,0.0,0.0,-1.1356731289e-06,0.0,0.0,0.0,0.0,1.062083451e-08,0.24546605324,0.0094411065795,0.099551764083,0.015608113275
c5e,ok,,3.2113134487,284907403.56,71880.1376,224218.83483,11815560.053,437919.22682,24362228.044,0.0,0.0,0.0,-2.2864330236e-08,1.0074010646e-08,2.6110404649e-09,2.2501251872e-07,0.0,0.0,-4.7763263986e-07,0.0,0.0,0.0,0.0,-6.3256395449e-09,0.24388039842,0.0093372250117,0.034332299875,0.016173930807
cal1215j,ok,,3.1971058927,283646910.63,83917.273779,279112.91321,11733565.846,521792.52268,23984003.167,0.0,0.0,0.0,-3.1872654066e-08,1.0256812173e-08,1.451204511e-08,3.3453954208e-07,0.0,0.0,-1.293876561e-07,0.0,0.0,0.0,0.0,-1.0159533113e-08,0.241939956,0.015348789061,0.010857859361,0.028073646343
c5d,ok,,3.2083188469,284641722.79,85325.076379,252113.14876,11807736.328,500868.99928,24303105.485,0.0,0.0,0.0,-1.6814624878e-08,1.0018638355e-08,-3.2669198728e-08,1.8290512454e-07,0.0,0.0,-1.0594522631e-06,0.0,0.0,0.0,0.0,8.4817276292e-09,0.24521556874,0.0094638319538,0.090397845269,0.015606393721
cal2263m,ok,,3.2053357417,284377062.0,88213.071488,297206.90823,11743061.421,555375.10589,24130013.761,0.0,0.0,0.0,-4.6989199517e-08,1.0423607684e-08,8.4940539589e-09,4.839914807e-07,0.0,0.0,-4.3931601778e-07,0.0,0.0,0.0,0.0,-1.5402529757e-08,0.2418037979,0.024029997993,0.038753415282,0.042694375087
cal4014l,ok,,3.1381982209,278420627.96,50808.624775,200140.07314,11548963.766,335435.8512,22736947.006,0.0,0.0,0.0,-4.1033199077e-08,1.103825066e-08,1.1451630569e-07,4.5569266023e-07,0.0,0.0,1.3891575847e-06,0.0,0.0,0.0,0.0,-5.2496566228e-08,0.23446822789,0.0096382354124,-0.070581186475,0.023153117386
cap21c,ok,,3.2503760113,288373030.15,101313.57866,396946.12666,11828265.798,684778.49031,25004069.766,0.0,0.0,0.0,-6.7253684577e-09,9.3622382463e-09,1.9556863955e-08,6.7223602485e-08,0.0,0.0,1.2966582309e-06,0.0,0.0,0.0,0.0,-6.6049660932e-09,0.23332854994,0.0035501316001,-0.13136908567,0.006810663738
cast102,ok,,3.2125261016,285014990.0,97297.742052,285927.49431,11795417.262,578475.30175,24342008.775,0.0,0.0,0.0,-1.9201733908e-08,1.0124234226e-08,-1.7468184999e-08,1.6082331614e-07,0.0,0.0,-1.1861384195e-06,0.0,0.0,0.0,0.0,1.6135172589e-10,0.24648782316,0.011130735593,0.11540858997,0.015647745529
ch10sm,ok,,3.2902974655,291914857.52,92811.845414,544133.43116,11683842.056,860982.77466,25327083.796,0.0,0.0,0.0,-8.1140780699e-08,9.9793734052e-09,-7.8359307664e-08,1.3111458506e-06,0.0,0.0,-7.1598757522e-07,0.0,0.0,0.0,0.0,-5.9757393848e-09,0.2421682021,0.068616737338,0.06645212815,0.121689866
chen,ok,,3.2780082227,290824557.15,84738.982199,371829.9636,11797861.61,629164.40561,25355788.881,0.0,0.0,0.0,-8.0546574689e-08,1.4035505691e-08,1.7137246817e-07,8.8390201652e-07,0.0,0.0,3.9956116412e-07,0.0,0.0,0.0,0.0,-9.2068165903e-08,0.23634888387,0.037114446516,-0.033858406374,0.074900957243
clarkk,ok,,3.2145952506,285198564.69,86544.420195,293347.52254,11771374.147,548077.31304,24328861.548,0.0,0.0,0.0,-4.1972336974e-08,1.0293445662e-08,7.9176799709e-09,4.5540682813e-07,0.0,0.0,-3.0036644266e-07,0.0,0.0,0.0,0.0,-1.147944819e-08,0.24399304752,0.021469842381,0.025995039626,0.039412919893
clarkv,ok,,3.2150181447,285236083.81,92439.48373,298333.31468,11783748.27,570208.00295,24360559.675,0.0,0.0,0.0,-4.2840285564e-08,1.0179774861e-08,-1.9881274806e-08,4.4127102671e-07,0.0,0.0,-7.210996975e-07,0.0,0.0,0.0,0.0,-5.1991732319e-09,0.24488887449,0.023702086936,0.066658083755,0.040790865894
clarkw,ok,,3.2181200836,285511287.52,84307.631689,287716.11788,11789362.811,531315.65273,24419254.113,0.0,0.0,0.0,-4.894723726e-08,1.0380862818e-08,9.263517686e-09,5.2544628364e-07,0.0,0.0,-4.0076499627e-07,0.0,0.0,0.0,0.0,-1.591596383e-08,0.24336683959,0.023950176717,0.033787547699,0.044299131753
clarkx,ok,,3.2156074903,285288370.5,87371.681502,295190.83238,11779333.352,552287.31634,24359854.213,0.0,0.0,0.0,-4.1877012623e-08,1.0230498923e-08,3.997782796e-09,4.5452733108e-07,0.0,0.0,-3.0482359095e-07,0.0,0.0,0.0,0.0,-9.5085882761e-09,0.24384930845,0.021848191455,0.026632949703,0.039712817205
clarky,ok,,3.2210281829,285769293.79,88241.930873,299597.69382,11796848.676,560560.75307,24478954.509,0.0,0.0,0.0,-4.4139560518e-08,1.0279555388e-08,1.3761044919e-08,4.7387147834e-07,0.0,0.0,-2.5192775813e-07,0.0,0.0,0.0,0.0,-1.4126711712e-08,0.24306034513,0.022819604161,0.022230591818,0.041815334234
clarkys,ok,,3.204977498,284345278.65,87629.750141,288293.93109,11744740.614,541783.37244,24124167.515,0.0,0.0,0.0,-3.1001805575e-08,1.0881294796e-08,8.1204890506e-08,2.9185305597e-07,0.0,0.0,-2.2171811023e-07,0.0,0.0,0.0,0.0,-4.9776446725e-08,0.2421375221,0.010273935161,0.019429102601,0.025575010372
clarkyh,ok,,3.2100995212,284799704.03,88584.797961,291250.55464,11766879.617,548933.1051,24249432.098,0.0,0.0,0.0,-9.6564344842e-08,1.3428906153e-08,1.021980418e-07,7.2480972104e-07,0.0,0.0,-1.9768865489e-07,0.0,0.0,0.0,0.0,-6.3014385919e-08,0.24424558753,0.044613429677,0.017512209553,0.064207122699
clarkz,ok,,3.2267190788,286274189.5,88513.092926,306563.28873,11802390.711,569185.17197,24578867.602,0.0,0.0,0.0,-5.3288315448e-08,1.0547272784e-08,2.6748024542e-08,5.5530286531e-07,0.0,0.0,-2.4334203247e-07,0.0,0.0,0.0,0.0,-2.2384257593e-08,0.24250947853,0.027245685605,0.021538955933,0.04915157412
clarym15,ok,,3.2496859954,288311812.01,142893.42589,462801.66466,11819051.207,900400.54379,24972983.318,0.0,0.0,0.0,-2.9249405683e-08,9.9426579923e-09,1.3355320991e-08,2.9941792532e-07,0.0,0.0,-1.726538662e-07,0.0,0.0,0.0,0.0,-1.1283928348e-08,0.24084987883,0.023891691506,0.024671102434,0.042784853121
clarym18,ok,,3.2808944288,291080621.06,204297.47688,642708.43799,11840109.994,1291061.6531,25510985.864,0.0,0.0,0.0,-2.0404074579e-08,9.538515198e-09,8.934194505e-09,2.0690092319e-07,0.0,0.0,-1.4034246067e-07,0.0,0.0,0.0,0.0,-7.7878829591e-09,0.23807729111,0.023951688279,0.028671610615,0.042269336572
clarkysm,ok,,3.2137138744,285120369.09,88829.067898,300901.47451,11771372.496,561224.38288,24315133.861,0.0,0.0,0.0,-4.6941442018e-08,1.0397894381e-08,1.7093433968e-08,4.870613543e-07,0.0,0.0,-2.9612011189e-07,0.0,0.0,0.0,0.0,-1.7116130068e-08,0.24183815484,0.024023856441,0.026304073525,0.043265206112
coanda1,ok,,3.1719207371,281412486.18,25519.029754,95671.584813,11717487.279,160887.49863,23566749.165,0.0,0.0,0.0,-2.191878008e-07,1.4724123919e-08,5.4621627632e-08,1.8892766597e-06,0.0,0.0,-2.8503684671e-06,0.0,0.0,0.0,0.0,-1.2086070474e-07,0.24642369948,0.030484484045,0.07273863772,0.048212507291
coanda3,ok,,3.1749314264,281679594.23,38785.156953,133378.47948,11715722.81,237647.74146,23611254.827,0.0,0.0,0.0,-1.5292594868e-07,1.3559395121e-08,4.396228301e-08,1.2652617764e-06,0.0,0.0,-2.111984152e-06,0.0,0.0,0.0,0.0,-8.5972859169e-08,0.24624663519,0.031324592918,0.081913636817,0.049073376584
coanda2,ok,,3.1745036642,281641643.22,26038.947544,100799.08881,11722941.033,167139.64124,23617818.179,0.0,0.0,0.0,-2.178598337e-07,1.5250702505e-08,1.4897372444e-07,1.9313279032e-06,0.0,0.0,-1.2223598105e-06,0.0,0.0,0.0,0.0,-1.3226278481e-07,0.24626549574,0.030984239322,0.031828962985,0.050289745962
cootie,ok,,3.2172667974,285435584.05,47910.673498,210588.08356,11776727.668,349881.59695,24377549.587,0.0,0.0,0.0,-1.4104269147e-07,1.4187491045e-08,4.8238671122e-08,1.5546409558e-06,0.0,0.0,-1.0897056419e-06,0.0,0.0,0.0,0.0,-8.2554284263e-08,0.24625135157,0.042271273912,0.052208531219,0.074483895242
cr1,ok,,3.2337274756,286895973.76,99797.093365,364499.05468,11779099.134,660941.36651,24641965.252,0.0,0.0,0.0,-4.9718826661e-08,1.035649787e-08,1.9740997639e-08,5.7364737297e-07,0.0,0.0,-1.9331341288e-07,0.0,0.0,0.0,0.0,-1.8569672127e-08,0.24012787581,0.029918660118,0.019292116714,0.057248340439
cr001sm,ok,,3.1843438984,282514667.8,31529.689267,140374.12933,11724580.141,227384.68028,23770754.518,0.0,0.0,0.0,-1.2991510049e-07,1.0952937541e-08,1.8458985062e-08,1.5716234052e-06,0.0,0.0,-3.1745294026e-07,0.0,0.0,0.0,0.0,-2.2288350167e-08,0.24470185069,0.028301281377,0.010009192563,0.049552797611
curtisc72,ok,,3.2196918529,285650734.73,79901.459577,289094.15986,11783815.244,524614.16087,24431097.912,0.0,0.0,0.0,-1.0191572233e-07,1.4097713965e-08,1.3928913011e-07,9.0644159118e-07,0.0,0.0,2.550168558e-08,0.0,0.0,0.0,0.0,-7.6375659855e-08,0.24409138291,0.043758150786,-0.0020376218995,0.072426006157
dae21,ok,,3.2137959949,285127654.81,76897.124164,364999.70915,11636318.374,600288.29414,24042292.776,0.0,0.0,0.0,-7.8200079786e-08,1.1140972384e-08,3.072638163e-08,1.0401767249e-06,0.0,0.0,-1.3895114003e-07,0.0,0.0,0.0,0.0,-2.7443115807e-08,0.23680743754,0.043053465296,0.010684943067,0.07998659877
dae11,ok,,3.2204222953,285715539.51,88899.472033,403992.37297,11630527.361,684806.42675,24128986.464,0.0,0.0,0.0,-6.9000560902e-08,1.1177888896e-08,3.2555391043e-08,8.989522879e-07,0.0,0.0,-1.4107681518e-07,0.0,0.0,0.0,0.0,-2.7976317058e-08,0.23771218604,0.042713993605,0.012541654386,0.079916383777
dae31,ok,,3.2228321483,285929341.42,72282.053937,349140.48095,11679182.674,567742.76749,24270108.57,0.0,0.0,0.0,-8.4158975041e-08,1.0786541937e-08,2.4095783302e-09,1.1390265851e-06,0.0,0.0,-3.4711707519e-07,0.0,0.0,0.0,0.0,-2.0386355445e-08,0.23811376399,0.045030849473,0.025090335152,0.082331181061
davis,ok,,3.1987025607,283788566.86,79537.929953,277980.09212,11718401.292,508962.89533,23979342.174,0.0,0.0,0.0,-5.2138824756e-08,1.0520246044e-08,5.2327237829e-09,5.5847409683e-07,0.0,0.0,-4.1042872419e-07,0.0,0.0,0.0,0.0,-1.3702454079e-08,0.24353671598,0.024839526625,0.032644651116,0.044419873594
dae51,ok,,3.2058991744,284427049.7,51686.368542,203881.00721,11767743.265,358391.64928,24184542.283,0.0,0.0,0.0,-8.1215641215e-08,1.0796737147e-08,2.4575547344e-08,9.5837159689e-07,0.0,0.0,-2.454508397e-07,0.0,0.0,0.0,0.0,-2.2162869618e-08,0.24549610038,0.027158774534,0.01268646256,0.049534747557
davis_corrected,ok,,3.2354932506,287052633.13,138697.03297,464500.4513,11762397.064,890344.20773,24630840.138,0.0,0.0,0.0,-2.0232375458e-08,1.0030938855e-08,3.6882316402e-08,1.9748500811e-07,0.0,0.0,9.7913361394e-08,0.0,0.0,0.0,0.0,-1.9282200802e-08,0.23843947023,0.013924557458,-0.013580292714,0.027390584681
daytonwright6,ok,,3.2394344466,287402295.64,119606.89063,413119.40185,11776966.811,773279.97221,24727627.721,0.0,0.0,0.0,-7.7966605057e-08,1.3154127479e-08,7.7386337797e-08,6.8177484591e-07,0.0,0.0,-2.8875855088e-07,0.0,0.0,0.0,0.0,-5.5884718693e-08,0.24132750357,0.049957658512,0.034537512413,0.08154496943
daytonwrightt1,ok,,3.2456836393,287956723.39,120637.20355,405356.07626,11818749.164,767646.96008,24910092.759,0.0,0.0,0.0,-8.0598984212e-08,1.3349984763e-08,7.9741489739e-08,6.8161099164e-07,0.0,0.0,-3.3156822112e-07,0.0,0.0,0.0,0.0,-5.7729741519e-08,0.24289947623,0.051211207477,0.039999462981,0.082227643938
dbln526,ok,,3.3884515032,300623073.8,517586.43208,1362929.7671,12000464.846,3096031.5396,27619334.378,0.0,0.0,0.0,-9.6046016212e-09,9.0516428967e-09,-2.1649851782e-08,8.6599687081e-08,0.0,0.0,-4.830144353e-07,0.0,0.0,0.0,0.0,2.7357547097e-14,0.2500003743,0.02973617072,0.25000171821,0.044822823056
davissm,ok,,3.2218294382,285840381.08,25555.093976,167599.25775,11802453.026,232922.26261,24500108.554,0.0,0.0,0.0,-1.7770602493e-07,1.1859091365e-08,-2.9689735504e-07,2.8075731309e-06,0.0,0.0,-4.8529183181e-06,0.0,0.0,0.0,0.0,-4.0748123391e-08,0.24919989103,0.039030047052,0.12401678368,0.071747795206
defcnd2,ok,,3.2273199629,286327499.88,130415.02277,432745.51859,11736353.863,835135.33907,24454278.807,0.0,0.0,0.0,-3.4790894286e-08,1.0518445126e-08,2.9955619995e-08,3.3881554398e-07,0.0,0.0,-2.5798814184e-07,0.0,0.0,0.0,0.0,-2.2963562936e-08,0.24080689594,0.024446299525,0.033645529393,0.044186636883
defcnd1,ok,,3.2976256589,292565014.08,225955.45216,784886.80872,11749184.532,1541766.4757,25574193.803,0.0,0.0,0.0,-2.0846249319e-08,9.5447372238e-09,2.7036294169e-08,2.2904396384e-07,0.0,0.0,7.9801245714e-08,0.0,0.0,0.0,0.0,-1.2684050983e-08,0.23357384708,0.027583544905,-0.018031526558,0.051753732414
df101,ok,,3.1903201323,283044878.65,73949.232979,249867.3042,11722601.412,460450.73754,23858726.536,0.0,0.0,0.0,-3.6498279258e-08,1.0353953047e-08,2.1597787644e-08,3.7853173728e-07,0.0,0.0,-2.7939749555e-08,0.0,0.0,0.0,0.0,-1.2678195519e-08,0.24194007981,0.015393824697,0.0020661230492,0.02799213163
defcnd3,ok,,3.2072929425,284550704.66,77240.321888,256650.4508,11785000.996,477698.37646,24241804.702,0.0,0.0,0.0,-4.2332325831e-08,1.0540351797e-08,5.9152348263e-08,3.6807068746e-07,0.0,0.0,2.261700424e-07,0.0,0.0,0.0,0.0,-2.9489591224e-08,0.24100903176,0.016830365578,-0.017469446876,0.028429898377
df102,ok,,3.1944389728,283410301.77,75030.689499,252554.69676,11738598.176,465241.18939,23953549.108,0.0,0.0,0.0,-3.7445403616e-08,1.0347851208e-08,3.0341179188e-08,3.7340929111e-07,0.0,0.0,6.9111860589e-08,0.0,0.0,0.0,0.0,-1.575400886e-08,0.24128006201,0.015653560313,-0.0051855105525,0.028017156577
dfvlrr4,ok,,3.2307476426,286631603.27,108743.0453,342103.70459,11810025.211,681041.95407,24652122.042,0.0,0.0,0.0,-1.246981921e-08,9.7885025453e-09,-3.7146468348e-08,1.0621573492e-07,0.0,0.0,-3.7462019829e-07,0.0,0.0,0.0,0.0,1.8172407348e-08,0.24507387024,0.011527362465,0.040737341193,0.011550222474
dga1138,ok,,3.1905631909,283066442.79,37675.52634,124581.10279,11784781.326,226766.27386,23983070.357,0.0,0.0,0.0,-1.5300988063e-07,1.3477136377e-08,6.1442647102e-08,1.2268540647e-06,0.0,0.0,-2.0963713832e-06,0.0,0.0,0.0,0.0,-8.9528339749e-08,0.24858736099,0.029663006042,0.078981895267,0.046222372629
dga1182,ok,,3.1791838512,282056868.93,30166.971582,93201.551262,11736566.644,179329.30962,23711399.502,0.0,0.0,0.0,-3.896463643e-08,1.0599622268e-08,1.9667688423e-08,3.1298421208e-07,0.0,0.0,-1.8316940844e-06,0.0,0.0,0.0,0.0,-1.9263202341e-08,0.2481372625,0.0061303956167,0.055256663391,0.0094417858312
dh4009sm,ok,,3.1766140043,281828872.37,49267.719453,146806.69878,11729137.812,292412.30533,23659339.374,0.0,0.0,0.0,-3.0729929631e-09,1.0474174589e-08,3.4681267347e-09,-8.0060337199e-09,0.0,0.0,-2.4305772481e-06,0.0,0.0,0.0,0.0,-1.4242964862e-09,0.24778172743,0.00079538451173,0.11974899797,-0.00039443902325
doa5,ok,,3.2386389915,287331722.95,159082.81813,493293.10183,11756299.708,993284.23401,24668856.72,0.0,0.0,0.0,-1.636885682e-08,9.6836837392e-09,-2.1702778906e-08,1.4548131364e-07,0.0,0.0,-3.9507298e-07,0.0,0.0,0.0,0.0,6.9231598149e-09,0.24165043989,0.017921559735,0.062849323027,0.02314357736
dormoy,ok,,3.1727682747,281487679.63,48472.760219,171606.97169,11680172.158,309654.92077,23508315.148,0.0,0.0,0.0,-1.3152874048e-07,1.5202520979e-08,1.7657398855e-07,1.0932576399e-06,0.0,0.0,-5.4644698048e-07,0.0,0.0,0.0,0.0,-1.1633550221e-07,0.24552858491,0.031925673814,0.026487793457,0.052993215435
drgnfly,ok,,3.2782411296,290845220.63,200082.46612,718208.90625,11654581.394,1406161.7982,25062853.226,0.0,0.0,0.0,-3.2934229805e-08,1.0402365293e-08,1.5203730869e-08,3.7390965543e-07,0.0,0.0,-2.4934279709e-07,0.0,0.0,0.0,0.0,-1.8826512351e-08,0.23866762951,0.040022317747,0.049889121751,0.074812765964
ds19,ok,,3.1636441595,280678189.06,41102.149214,148037.70801,11674607.705,261029.21791,23359280.84,0.0,0.0,0.0,-5.845944998e-08,1.0537430733e-08,3.778088356e-08,5.9934285952e-07,0.0,0.0,6.5869562625e-07,0.0,0.0,0.0,0.0,-1.3223425807e-08,0.2414302969,0.014426453256,-0.027073805917,0.024634279643
dsma523b,ok,,3.242359564,287661811.76,76921.957197,249502.75114,11889482.482,481737.86928,24992823.411,0.0,0.0,0.0,-2.1576410588e-09,9.7989333984e-09,-7.2164916643e-08,1.6887083225e-08,0.0,0.0,-3.2602934461e-08,0.0,0.0,0.0,0.0,4.065972737e-08,0.24586342417,0.0058575179351,0.0025078815291,0.001298987493
ds21,ok,,3.1638561328,280696995.3,42513.004069,150753.19755,11676273.123,267804.99407,23365625.099,0.0,0.0,0.0,-5.0949267405e-08,1.0505754404e-08,3.4920817216e-08,5.1791804561e-07,0.0,0.0,6.2749488054e-07,0.0,0.0,0.0,0.0,-1.2921579776e-08,0.24135099656,0.012809437089,-0.026676692409,0.02201825198
du-80-141,ok,,3.228364556,286420176.07,102315.23296,368261.25996,11754965.663,687209.91774,24501620.845,0.0,0.0,0.0,-3.2807157486e-08,9.7562832199e-09,1.671367324e-09,3.3989579702e-07,0.0,0.0,2.7036997811e-07,0.0,0.0,0.0,0.0,4.7839689804e-09,0.24168475346,0.02334022415,-0.027662967295,0.034776517653
du-80-176-v1,ok,,3.2458487085,287971368.3,174319.57864,567756.94114,11700272.466,1140750.0125,24662113.207,0.0,0.0,0.0,-2.0530858951e-08,9.8570423477e-09,-4.7158120612e-09,1.9228055372e-07,0.0,0.0,-2.851823823e-07,0.0,0.0,0.0,0.0,-2.8606105273e-09,0.24144048871,0.022632951687,0.04971287272,0.033518265106
du8608418,ok,,3.1562911555,280025831.29,48257.270111,154959.32311,11647349.713,289533.76773,23196733.194,0.0,0.0,0.0,-2.9435556842e-08,1.0650364346e-08,2.1149718397e-08,2.8399621922e-07,0.0,0.0,-1.2938922024e-06,0.0,0.0,0.0,0.0,-2.1941008501e-08,0.24270590969,0.0069810441615,0.062439705507,0.013704882261
du84132v,ok,,3.2182108156,285519337.25,110944.18611,371241.19906,11741168.308,710193.73102,24323252.614,0.0,0.0,0.0,-3.2422557088e-08,9.9152558889e-09,-5.2867901081e-09,3.2260434751e-07,0.0,0.0,-1.6428957959e-07,0.0,0.0,0.0,0.0,-4.2187802261e-10,0.24093496833,0.022954111149,0.018226973695,0.035791076771
du861372,ok,,3.2009234484,283985603.78,108642.89607,344083.04984,11688170.656,677646.46633,23939926.201,0.0,0.0,0.0,-8.0216140848e-10,1.0123975787e-08,3.9486862192e-09,-3.3027118188e-09,0.0,0.0,-5.3249886073e-07,0.0,0.0,0.0,0.0,-2.0878248244e-09,0.2423395644,0.0002007185175,0.057852218383,-0.00035881617688
e1098,ok,,3.2401612313,287466775.9,188317.53701,636909.34982,11630369.375,1254648.8263,24428430.102,0.0,0.0,0.0,-2.037489985e-08,9.7637534768e-09,-1.0690015488e-08,2.1995951624e-07,0.0,0.0,-2.2127676049e-07,0.0,0.0,0.0,0.0,9.9385270897e-10,0.23913341196,0.025861570662,0.041670294533,0.04142223434
e1200,ok,,3.2376068698,287240153.21,171220.41455,559094.49743,11703212.341,1102079.2514,24545169.032,0.0,0.0,0.0,-2.434804714e-08,9.7908173637e-09,-4.5917159819e-09,2.4065467418e-07,0.0,0.0,-2.5673484677e-07,0.0,0.0,0.0,0.0,-3.0915581656e-09,0.23827814633,0.026021946343,0.043958246893,0.041204993077
e1210,ok,,3.2619730717,289401920.18,122551.55473,494253.38641,11773795.132,872237.1624,25070414.233,0.0,0.0,0.0,-4.4983138675e-08,1.0257310557e-08,7.8510496543e-08,5.1438192698e-07,0.0,0.0,6.1691527474e-07,0.0,0.0,0.0,0.0,-2.4241736641e-08,0.23319017849,0.034321170799,-0.075603926056,0.063038304876
e1211,ok,,3.2744695861,290510609.66,152919.41344,593936.87094,11768889.106,1076111.3167,25256082.613,0.0,0.0,0.0,-3.037583167e-08,9.5496309695e-09,4.5194001093e-08,3.4880459457e-07,0.0,0.0,5.059857765e-07,0.0,0.0,0.0,0.0,-1.0763766301e-08,0.23226627397,0.030001638428,-0.07737504815,0.053338994005
e1212,ok,,3.2625049806,289449111.08,148353.37433,558264.09324,11769477.451,1018160.6877,25069038.877,0.0,0.0,0.0,-2.3447985332e-08,9.5630099906e-09,4.0451664677e-08,2.6024347128e-07,0.0,0.0,5.4218687449e-07,0.0,0.0,0.0,0.0,-1.144870155e-08,0.23284953566,0.021162576494,-0.080435252348,0.038607997112
e1212mod,ok,,3.2715029927,290247413.8,148143.33813,554913.95437,11799964.768,1018181.4862,25272047.796,0.0,0.0,0.0,-1.6124176204e-08,9.3044388495e-09,2.6020347084e-08,2.0616811031e-07,0.0,0.0,5.5316826455e-07,0.0,0.0,0.0,0.0,-6.0317790515e-09,0.2326303981,0.014989239832,-0.081948193258,0.030542432077
e1213,ok,,3.252707385,288579869.39,143875.54405,529151.53694,11766081.444,968970.64512,24908869.369,0.0,0.0,0.0,-1.618592039e-08,9.5864442686e-09,3.6133567829e-08,1.7124157615e-07,0.0,0.0,5.636953425e-07,0.0,0.0,0.0,0.0,-1.292006503e-08,0.23370115306,0.012760019888,-0.081101974082,0.024637474933
e1214,ok,,3.274592772,290521538.71,189358.92464,667343.46643,11763015.843,1271726.1709,25244358.839,0.0,0.0,0.0,-1.3564189617e-08,9.429363887e-09,2.8470457797e-08,1.338876671e-07,0.0,0.0,3.0384080017e-07,0.0,0.0,0.0,0.0,-1.1478848473e-08,0.23298619592,0.013851922791,-0.057534967183,0.025352824665
e1230,ok,,3.2635038519,289537730.84,175764.88799,570751.44486,11802255.577,1123217.2036,25153602.308,0.0,0.0,0.0,-2.5426224172e-08,9.9230618308e-09,2.7953788274e-08,2.303762686e-07,0.0,0.0,-3.7548589802e-08,0.0,0.0,0.0,0.0,-1.5841811033e-08,0.23813778052,0.024329863801,0.0065997236807,0.040492059045
e1233,ok,,3.2729133064,290372536.69,204488.73925,670184.00526,11760884.565,1333437.087,25216826.221,0.0,0.0,0.0,-2.5705934734e-08,9.71081564e-09,1.4813081562e-08,2.3550214115e-07,0.0,0.0,-7.0198993933e-08,0.0,0.0,0.0,0.0,-9.8708678811e-09,0.23629913356,0.031172737765,0.014354903766,0.048157535936
e168,ok,,3.1913794862,283138864.43,78912.36095,279677.88361,11708689.298,504963.63495,23845296.271,0.0,0.0,0.0,7.4559204183e-15,1.0066956831e-08,1.1312405842e-13,-5.3962587103e-14,0.0,0.0,7.459691031e-07,0.0,0.0,0.0,0.0,1.883177897e-14,0.24004956817,-1.4822500598e-09,-0.058866183121,-4.2583151513e-09
e169,ok,,3.2064156086,284472867.69,102339.31279,364236.8802,11711058.218,665489.68991,24078965.557,0.0,0.0,0.0,1.3118864433e-14,9.9119346044e-09,5.7843039442e-13,-2.2750191522e-13,0.0,0.0,5.6864652322e-07,0.0,0.0,0.0,0.0,3.970998345e-14,0.23866913194,-2.4232590233e-09,-0.058194894405,-2.3282389661e-08
e171,ok,,3.1830037709,282395771.81,83442.72217,274769.27843,11682679.881,520335.84557,23665719.126,0.0,0.0,0.0,1.7730507966e-15,1.0234135942e-08,2.1435488394e-13,-7.8464980875e-15,0.0,0.0,-1.0224569898e-07,0.0,0.0,0.0,0.0,1.8975237445e-14,0.2421981867,1.4687609956e-09,0.0085316594534,-6.5473315992e-10
e180,ok,,3.1519488214,279640579.85,40449.770522,151447.689,11620793.678,264092.67956,23077614.666,0.0,0.0,0.0,-6.0664472943e-08,1.1190568096e-08,8.7683395713e-08,6.7129522472e-07,0.0,0.0,4.2825421528e-07,0.0,0.0,0.0,0.0,-4.7046244942e-08,0.24081699554,0.01303103107,-0.017322784733,0.027153737792
e174,ok,,3.1618021999,280514770.58,43427.367497,181666.58868,11620534.386,303669.9576,23225359.383,0.0,0.0,0.0,-9.1147837372e-08,1.1304160684e-08,6.1711218036e-08,1.0648696874e-06,0.0,0.0,1.7642801205e-07,0.0,0.0,0.0,0.0,-3.504868838e-08,0.23998195562,0.025127560325,-0.0076618041163,0.046244487249
e176,ok,,3.1563188314,280028286.69,42586.766089,171208.98244,11613798.063,290315.59731,23130060.97,0.0,0.0,0.0,-8.218336134e-08,1.1313752742e-08,7.0793431656e-08,9.3938129761e-07,0.0,0.0,2.6079696595e-07,0.0,0.0,0.0,0.0,-3.8757346698e-08,0.24026550015,0.02115839047,-0.011106499386,0.04000521159
e184,ok,,3.1477490474,279267976.32,38104.551703,136310.29056,11620824.524,241640.14761,23014772.247,0.0,0.0,0.0,-3.4502993658e-08,1.0959580279e-08,1.0155313091e-07,3.80972279e-07,0.0,0.0,5.6077062066e-07,0.0,0.0,0.0,0.0,-5.6423720325e-08,0.24135819516,0.0050475222932,-0.021367913109,0.014516777903
e178,ok,,3.1520827612,279652462.98,41272.950423,160303.76145,11610815.346,275203.59558,23060730.647,0.0,0.0,0.0,-7.2880108956e-08,1.1303188699e-08,8.1024523469e-08,8.1730016472e-07,0.0,0.0,3.5940976238e-07,0.0,0.0,0.0,0.0,-4.3466167042e-08,0.24051780234,0.017182271827,-0.014833901304,0.033732389179
e182,ok,,3.1505457435,279516098.92,39419.265825,143759.65907,11624205.883,253108.64689,23063122.373,0.0,0.0,0.0,-4.8196265585e-08,1.1077312466e-08,9.5166066976e-08,5.2953739011e-07,0.0,0.0,5.1036184754e-07,0.0,0.0,0.0,0.0,-5.1571354078e-08,0.24092407447,0.0090556324593,-0.020118089335,0.020873975145
e186,ok,,3.1734803734,281550856.96,57105.778785,198089.29005,11680895.635,360503.3638,23516196.177,0.0,0.0,0.0,-2.407860912e-08,1.0794479506e-08,9.7085277645e-08,2.370253608e-07,0.0,0.0,3.2645316218e-07,0.0,0.0,0.0,0.0,-5.4738238235e-08,0.24257092894,0.0038952311116,-0.018642362063,0.01353551782
e193,ok,,3.1805795064,282180691.32,60041.376766,224162.43065,11675099.3,397429.70803,23614866.944,0.0,0.0,0.0,-6.4256845645e-08,1.0852240856e-08,3.1957968296e-08,7.1227153665e-07,0.0,0.0,-1.7019228859e-07,0.0,0.0,0.0,0.0,-2.4097301191e-08,0.24171803807,0.023224816588,0.010218579322,0.042765763691
e195,ok,,3.1883749335,282872300.82,78670.840822,279490.46218,11679361.973,510806.45054,23741315.531,0.0,0.0,0.0,-4.4357938602e-08,1.0515660963e-08,2.0640571771e-08,4.8376221801e-07,0.0,0.0,-1.3854855635e-07,0.0,0.0,0.0,0.0,-1.5382520562e-08,0.24136502345,0.020763107926,0.010899731423,0.038057980449
e197,ok,,3.1979385458,283720783.53,100291.74894,345359.98982,11682249.759,645822.56298,23892003.411,0.0,0.0,0.0,-3.0487603791e-08,1.026846485e-08,1.2689898377e-08,3.3106772604e-07,0.0,0.0,-1.1536153645e-07,0.0,0.0,0.0,0.0,-9.5434754252e-09,0.24083514252,0.018205931925,0.011569810251,0.033203361262
e201,ok,,3.1885593011,282888657.89,78835.53289,279145.47079,11682167.37,510588.68671,23749955.881,0.0,0.0,0.0,-4.2737699195e-08,1.0362304432e-08,1.0920334528e-08,4.6714044151e-07,0.0,0.0,-1.1365341275e-07,0.0,0.0,0.0,0.0,-9.0114040312e-09,0.24142872564,0.020710991039,0.0089599273587,0.03682726564
e205,ok,,3.1814446223,282257444.31,62097.85788,222969.98065,11688584.347,400277.37749,23654095.658,0.0,0.0,0.0,-5.526995061e-08,1.0986605876e-08,5.9567265956e-08,5.7715212209e-07,0.0,0.0,6.6664934217e-08,0.0,0.0,0.0,0.0,-3.4494220166e-08,0.24177675648,0.018788681571,-0.0041397496106,0.035839910453
e203,ok,,3.1987695416,283794509.4,100930.12049,347484.37431,11686006.682,649228.23984,23912509.785,0.0,0.0,0.0,-2.7548804607e-08,1.0045753709e-08,-4.7211435442e-09,3.041357375e-07,0.0,0.0,-6.5417311435e-08,0.0,0.0,0.0,0.0,1.5314314223e-09,0.240873912,0.018124968874,0.0066025771255,0.030696456633
e207,ok,,3.1890834022,282935156.08,80242.738984,276851.55432,11694188.935,510430.30267,23781608.065,0.0,0.0,0.0,-3.6343808243e-08,1.048111914e-08,3.1346209626e-08,3.7350014449e-07,0.0,0.0,2.8480087685e-08,0.0,0.0,0.0,0.0,-1.7878634266e-08,0.24134909637,0.016349869862,-0.0022853202423,0.029970674605
e209,ok,,3.1990784476,283821915.5,101833.26302,343900.08814,11697810.25,646148.45269,23940896.2,0.0,0.0,0.0,-2.2712292171e-08,1.014203825e-08,1.0656368954e-08,2.3368939895e-07,0.0,0.0,1.2418845869e-08,0.0,0.0,0.0,0.0,-5.9395729555e-09,0.24071897061,0.013751878309,-0.0012646515977,0.023797354028
e210,ok,,3.2122020325,284986238.63,100893.32381,363436.02958,11708270.144,667812.20687,24163905.704,0.0,0.0,0.0,-4.3965862726e-08,1.0013803465e-08,1.3409437047e-09,4.7508057195e-07,0.0,0.0,-3.6719734941e-08,0.0,0.0,0.0,0.0,-1.8865997319e-09,0.24063371234,0.029057814199,0.0037047761077,0.047932457982
e211,ok,,3.1831815056,282411540.42,69501.745177,237419.41735,11694714.831,438551.2591,23694128.995,0.0,0.0,0.0,-4.1396525948e-08,1.0048082009e-08,-2.4777690482e-08,4.2783642196e-07,0.0,0.0,-2.3512876387e-07,0.0,0.0,0.0,0.0,1.0103048802e-08,0.24242166651,0.019228982025,0.01634185943,0.029735377976
e212,ok,,3.1820896151,282314668.01,62823.321893,227412.99417,11691712.631,405988.37737,23672069.742,0.0,0.0,0.0,-4.6684047368e-08,9.8266853121e-09,-2.7170441011e-08,5.1067129952e-07,0.0,0.0,1.8881976742e-07,0.0,0.0,0.0,0.0,1.9699252373e-08,0.24144112707,0.020885505791,-0.011862285029,0.032082067432
e214,ok,,3.1937586861,283349946.8,70878.558344,262019.28557,11697958.963,470790.40138,23862350.762,0.0,0.0,0.0,-6.1155582487e-08,1.0023399834e-08,-2.1606937876e-08,6.7268085218e-07,0.0,0.0,-2.9356736096e-07,0.0,0.0,0.0,0.0,4.4894105366e-09,0.24226516116,0.029303639479,0.020807631322,0.047678649028
e216,ok,,3.2013615533,284024472.41,61130.395391,256815.88599,11707570.673,434038.2787,23998596.346,0.0,0.0,0.0,-7.9467700526e-08,9.2637093366e-09,-4.6723531816e-08,9.5532591514e-07,0.0,0.0,-1.4530360656e-07,0.0,0.0,0.0,0.0,2.3968108483e-08,0.2421313605,0.037015015184,0.0088824669204,0.058399450919
e220,ok,,3.1846875199,282545153.86,78385.002499,264810.43274,11682058.222,494745.29089,23689691.511,0.0,0.0,0.0,-3.6249443372e-08,1.0842881945e-08,5.049476739e-08,3.7357095698e-07,0.0,0.0,-3.6498062173e-07,0.0,0.0,0.0,0.0,-3.4935032699e-08,0.24194375202,0.013756697976,0.028609006946,0.029282360396
e221,ok,,3.169552705,281202394.61,50484.061286,175033.30846,11683456.183,315285.75557,23464089.78,0.0,0.0,0.0,-4.3886252253e-08,1.0952308752e-08,8.6644463834e-08,4.2935420849e-07,0.0,0.0,3.5689746715e-07,0.0,0.0,0.0,0.0,-4.6882339938e-08,0.24170793714,0.010266218563,-0.018017633604,0.021675544175
e222,ok,,3.176078276,281781342.61,60561.871741,211581.74284,11684421.742,383163.7881,23566845.445,0.0,0.0,0.0,-4.6451996342e-08,1.0199324707e-08,-7.0286759064e-09,4.8709107926e-07,0.0,0.0,-2.2561471039e-08,0.0,0.0,0.0,0.0,3.6255960264e-09,0.24188622909,0.018134786109,0.0013663649154,0.029499147468
e224,ok,,3.1713301718,281360091.29,60480.359023,205616.92212,11677207.368,375961.90247,23480717.427,0.0,0.0,0.0,-3.3450983181e-08,1.0308169059e-08,2.9407717082e-09,3.4408722386e-07,0.0,0.0,4.1536514058e-08,0.0,0.0,0.0,0.0,-1.2319055478e-09,0.24167936986,0.012464364301,-0.0025121432828,0.020810518834
e226,ok,,3.1716686129,281390117.75,60925.463906,202875.76675,11684853.148,374045.68544,23500447.638,0.0,0.0,0.0,-1.9407366871e-08,1.0324435747e-08,1.1946513012e-08,1.9748392039e-07,0.0,0.0,8.8572705827e-08,0.0,0.0,0.0,0.0,-6.2138384988e-09,0.24156747725,0.006697813113,-0.0053963331919,0.012031799464
e228,ok,,3.168179563,281080569.6,59461.332023,196854.126,11676957.133,363073.79763,23432438.094,0.0,0.0,0.0,-5.6528259392e-09,1.0343978142e-08,2.1098879876e-08,5.7464404566e-08,0.0,0.0,1.2417063213e-07,0.0,0.0,0.0,0.0,-1.1770408792e-08,0.24181406181,0.0010190129577,-0.0073833511848,0.0034169100394
e266,ok,,3.2342463644,286942009.52,174049.2062,553575.7184,11686265.668,1112679.4431,24454856.814,0.0,0.0,0.0,-2.1097456403e-08,1.01690124e-08,7.2131504014e-09,1.9750529804e-07,0.0,0.0,-4.4141239666e-07,0.0,0.0,0.0,0.0,-1.2265284303e-08,0.24159206873,0.020181558213,0.076827477247,0.034375640345
e230,ok,,3.1707266883,281306550.29,58087.98835,192710.90662,11687677.37,355146.21235,23491677.331,0.0,0.0,0.0,1.0125130481e-08,1.0233225903e-08,2.9077369043e-08,-1.0120903656e-07,0.0,0.0,1.5229862035e-07,0.0,0.0,0.0,0.0,-1.707265625e-08,0.24182885871,-0.005062369022,-0.0088467204849,-0.0058790293365
e231,ok,,3.1901852363,283032910.7,101525.02669,317226.11787,11688131.809,617559.18993,23789405.487,0.0,0.0,0.0,-3.1140721828e-08,1.0576680515e-08,9.3156794692e-09,2.8813261391e-07,0.0,0.0,-9.4262993947e-07,0.0,0.0,0.0,0.0,-1.9898066452e-08,0.24247056869,0.016254224122,0.095700529764,0.029252671318
e297,ok,,3.1667912531,280957398.88,79935.174961,254192.57221,11638793.079,486698.99627,23337471.304,0.0,0.0,0.0,-2.0667105863e-14,1.03449469e-08,-1.0351311106e-14,1.1920985817e-13,0.0,0.0,-6.9501008462e-07,0.0,0.0,0.0,0.0,-4.610665578e-14,0.24142490143,4.64106966e-09,0.055555752713,9.5290608695e-09
e325,ok,,3.1990525542,283819618.25,100624.25751,318750.10988,11716697.118,613787.34883,23978392.353,0.0,0.0,0.0,-1.6209388754e-08,1.0552565293e-08,8.1177351171e-08,6.6192576733e-08,0.0,0.0,-4.7006527585e-07,0.0,0.0,0.0,0.0,-4.7014801702e-08,0.24160108451,0.002979762155,0.047299969362,0.0066605788863
e326,ok,,3.2015368327,284040023.18,103580.83569,328523.29117,11719255.057,633694.79945,24021595.826,0.0,0.0,0.0,-2.2190760552e-08,1.0679330137e-08,7.4779906585e-08,1.3134883687e-07,0.0,0.0,-4.2143811573e-07,0.0,0.0,0.0,0.0,-4.4875228022e-08,0.24116263487,0.0072101735912,0.043652912218,0.01360522229
e327,ok,,3.2047814364,284327884.09,106563.29037,339434.61262,11722616.206,655182.06372,24078095.316,0.0,0.0,0.0,-2.7718618368e-08,1.0783211913e-08,6.8743806227e-08,1.924550055e-07,0.0,0.0,-3.8277764158e-07,0.0,0.0,0.0,0.0,-4.2715208871e-08,0.24075164705,0.011432220669,0.040790044968,0.020508638635
e328,ok,,3.208869,284690532.32,109458.98732,351201.16268,11726953.192,677785.67754,24149589.948,0.0,0.0,0.0,-3.2806446122e-08,1.0863118827e-08,6.3004798665e-08,2.4999441443e-07,0.0,0.0,-3.5103230496e-07,0.0,0.0,0.0,0.0,-4.054841145e-08,0.24036198116,0.015642004794,0.038423640617,0.027364135439
e329,ok,,3.2165406136,285371157.11,111869.89049,362490.46219,11742238.07,699925.61375,24298267.728,0.0,0.0,0.0,-3.8092921078e-08,1.0951910979e-08,5.901155591e-08,3.0939669766e-07,0.0,0.0,-3.2180615428e-07,0.0,0.0,0.0,0.0,-3.9149095971e-08,0.24054399955,0.020086497025,0.036000419239,0.034612174686
e330,ok,,3.1898111876,282999725.13,74986.226946,243025.52307,11720407.099,456750.68142,23842977.547,0.0,0.0,0.0,-3.069244791e-08,1.1133016336e-08,1.1661039685e-07,1.9907960732e-07,0.0,0.0,-3.4807473243e-07,0.0,0.0,0.0,0.0,-6.9355337258e-08,0.24199038728,0.0063595146293,0.026100810881,0.014928228615
e331,ok,,3.1930095774,283283485.95,77914.847261,254135.06424,11723676.259,477685.5348,23898557.511,0.0,0.0,0.0,-3.8048077403e-08,1.1308633352e-08,1.0840146175e-07,2.8196145674e-07,0.0,0.0,-3.0216398945e-07,0.0,0.0,0.0,0.0,-6.5573428115e-08,0.24150691496,0.0106208238,0.023543061086,0.021968983835
e332,ok,,3.1968919709,283627931.51,81080.307489,267036.643,11726810.516,501528.38699,23964266.902,0.0,0.0,0.0,-4.4362690306e-08,1.1441913839e-08,9.978662827e-08,3.5582893828e-07,0.0,0.0,-2.7593903686e-07,0.0,0.0,0.0,0.0,-6.1549795061e-08,0.24111254699,0.014820691449,0.022373221957,0.028850719729
e333,ok,,3.2011070385,284001891.88,83748.265669,279919.25683,11729153.275,524201.10336,24033812.268,0.0,0.0,0.0,-5.0937386771e-08,1.1597019567e-08,9.3342521139e-08,4.3139592031e-07,0.0,0.0,-2.5901402361e-07,0.0,0.0,0.0,0.0,-5.886474673e-08,0.24067331752,0.019293785131,0.021691975261,0.036128660142
e334,ok,,3.2068744435,284513575.47,85655.49436,291892.10635,11735860.42,544221.14691,24135817.697,0.0,0.0,0.0,-5.6683416843e-08,1.1701001367e-08,8.6576867118e-08,5.0327415026e-07,0.0,0.0,-2.4282954198e-07,0.0,0.0,0.0,0.0,-5.5944332823e-08,0.24049183644,0.023548632282,0.020799684463,0.04310819614
e335,ok,,3.2031664561,284184603.2,98621.472887,314470.22797,11731517.218,601386.87746,24070620.363,0.0,0.0,0.0,-2.5445408878e-08,1.0893732906e-08,9.4024467378e-08,1.6016049294e-07,0.0,0.0,-3.8207350872e-07,0.0,0.0,0.0,0.0,-5.607150102e-08,0.24125927605,0.0071754900223,0.037680652181,0.015795263712
e336,ok,,3.2065508502,284484866.3,102000.10434,326815.90394,11734371.763,625503.2358,24128416.713,0.0,0.0,0.0,-3.0978722076e-08,1.1023851278e-08,8.7117775289e-08,2.2226805284e-07,0.0,0.0,-3.473688151e-07,0.0,0.0,0.0,0.0,-5.3245417119e-08,0.24079028628,0.01137069052,0.035431655384,0.022671364581
e337,ok,,3.2106146036,284845402.1,105537.27049,340971.76963,11737053.964,652432.25323,24196389.185,0.0,0.0,0.0,-3.615404139e-08,1.1139657908e-08,8.080495794e-08,2.8121222937e-07,0.0,0.0,-3.1917008941e-07,0.0,0.0,0.0,0.0,-5.0661533301e-08,0.24032164711,0.015662264593,0.033684340058,0.029678371116
e338,ok,,3.2145716853,285196473.97,108140.50264,353716.2907,11737952.028,675516.06961,24259247.947,0.0,0.0,0.0,-4.1267244443e-08,1.125603586e-08,7.5321039868e-08,3.4014657623e-07,0.0,0.0,-3.0002170267e-07,0.0,0.0,0.0,0.0,-4.8593496222e-08,0.2398977587,0.020024097758,0.03244449773,0.036783621725
e339,ok,,3.2200554932,285682996.86,111330.28455,369060.62258,11742149.987,703501.23803,24352349.381,0.0,0.0,0.0,-4.5245005317e-08,1.1298978498e-08,6.8606819872e-08,3.9081424053e-07,0.0,0.0,-2.8446074762e-07,0.0,0.0,0.0,0.0,-4.5720866245e-08,0.23942344912,0.024154698525,0.031669095977,0.043509460606
e340_fix,ok,,3.2098922665,284781316.42,116290.24781,370166.36402,11723776.452,712855.12911,24159414.141,0.0,0.0,0.0,-2.369854053e-08,1.0795935985e-08,8.5007719083e-08,1.5143819658e-07,0.0,0.0,-3.3364235567e-07,0.0,0.0,0.0,0.0,-5.0605407858e-08,0.23981916305,0.0082533943441,0.03879935222,0.017610785408
e341,ok,,3.2116194276,284934549.98,120118.62639,384280.19084,11719043.717,740485.67376,24176793.78,0.0,0.0,0.0,-2.8403794252e-08,1.0916323965e-08,7.9250913628e-08,2.0429567571e-07,0.0,0.0,-3.0502117863e-07,0.0,0.0,0.0,0.0,-4.8302861928e-08,0.23901088095,0.012500282224,0.036638724996,0.024539715943
e343,ok,,3.2263050886,286237460.33,127062.99357,413220.99603,11745314.013,796925.10018,24455609.547,0.0,0.0,0.0,-3.6823150664e-08,1.1080291311e-08,6.8882541912e-08,3.0224823707e-07,0.0,0.0,-2.6390511141e-07,0.0,0.0,0.0,0.0,-4.4034773208e-08,0.23902801796,0.020983969353,0.033532573475,0.038404565804
e342,ok,,3.2187550544,285567622.07,124039.83788,399545.31832,11731899.235,770641.09109,24312297.494,0.0,0.0,0.0,-3.2729984567e-08,1.1003533057e-08,7.3662326982e-08,2.5362640346e-07,0.0,0.0,-2.8234471219e-07,0.0,0.0,0.0,0.0,-4.5966857708e-08,0.23898572089,0.016779026633,0.035021992327,0.031459777968
e344,ok,,3.2317418293,286719807.42,130581.83762,429950.5388,11747785.1,828320.3179,24545013.372,0.0,0.0,0.0,-4.0207578457e-08,1.1115395931e-08,6.3058910878e-08,3.4507575876e-07,0.0,0.0,-2.4808542016e-07,0.0,0.0,0.0,0.0,-4.1483550996e-08,0.23858235683,0.025137422311,0.032395450052,0.045060626697
e360,ok,,3.1961116297,283558699.72,92480.409754,291240.12689,11730720.009,562778.78822,23961392.91,0.0,0.0,0.0,-2.1675977972e-08,1.0387929354e-08,4.1076109067e-08,1.6433967166e-07,0.0,0.0,-3.8255819302e-07,0.0,0.0,0.0,0.0,-2.5815853162e-08,0.24130947316,0.0086947681473,0.035379138445,0.015198200174
e376,ok,,3.0793311608,273197948.36,504.4650714,394253.94618,11328266.933,170223.58361,21837400.137,0.0,0.0,0.0,-3.7911653851e-07,2.5322846209e-08,-8.3964377557e-06,0.00020618078197,0.0,0.0,-8.1369203703e-05,0.0,0.0,0.0,0.0,-2.3489052518e-07,0.2210691148,0.055785400815,0.041047921155,0.1040110029
e361,ok,,3.1953498946,283491118.66,89361.080868,284646.78053,11728793.176,546742.33732,23945518.004,0.0,0.0,0.0,-2.3611485385e-08,1.0464956842e-08,4.9449399626e-08,1.8672135172e-07,0.0,0.0,-3.0806851458e-07,0.0,0.0,0.0,0.0,-3.0209542468e-08,0.2411803916,0.0089283551002,0.027529335445,0.016685621811
e374,ok,,3.1824582834,282347376.22,73260.027578,238349.07491,11697497.893,451910.28376,23687449.57,0.0,0.0,0.0,-3.5614574298e-08,1.0622687924e-08,2.0173408435e-08,3.5494397032e-07,0.0,0.0,-6.5966468882e-07,0.0,0.0,0.0,0.0,-2.1337812576e-08,0.24346570596,0.013748210223,0.048327053295,0.026003205054
e377,ok,,2.5047367113,222219987.06,2658.8685213,200395.2672,8090541.608,186070.93953,17857000.414,0.0,0.0,0.0,-3.2879460148e-07,1.8471271494e-08,-2.4665835967e-06,3.8632227367e-05,0.0,0.0,-2.050931874e-05,0.0,0.0,0.0,0.0,-1.4960044177e-07,0.16614819691,0.056598523034,0.05453158199,0.10271801325
e377m,ok,,3.1920457513,283197975.4,889.47217994,452948.1686,11536286.621,201614.33155,23433396.481,0.0,0.0,0.0,-3.2087052638e-07,2.36823828e-08,-3.5316860081e-06,0.00012036434065,0.0,0.0,-3.3589297055e-05,0.0,0.0,0.0,0.0,-2.1136345571e-07,0.23352265665,0.054841424672,0.029876745274,0.10706073246
e379,ok,,3.1512546654,279578994.39,856.28913901,301215.44531,11524455.897,138296.78687,22788578.537,0.0,0.0,0.0,-4.261267093e-07,2.8908321154e-08,-3.4104807031e-06,0.00010954213197,0.0,0.0,-3.7493622386e-05,0.0,0.0,0.0,0.0,-3.1616478745e-07,0.23290835852,0.048842267075,0.032105381631,0.093799737871
e385,ok,,3.158358703,280209263.89,38869.000513,208426.02034,11557875.969,313235.23866,23055178.756,0.0,0.0,0.0,-1.303220526e-07,1.0962074125e-08,-1.0799297198e-08,1.7588866181e-06,0.0,0.0,-4.6316552184e-07,0.0,0.0,0.0,0.0,-1.6228966864e-08,0.23745212938,0.039615412939,0.018002780906,0.068366164861
e387,ok,,3.164411341,280746253.32,44942.089541,185456.28014,11628728.186,312241.47202,23280332.552,0.0,0.0,0.0,-8.7770938072e-08,1.1276371087e-08,6.1253368487e-08,1.0180457147e-06,0.0,0.0,1.6734540199e-07,0.0,0.0,0.0,0.0,-3.4799926413e-08,0.24028339294,0.024797780328,-0.0075208520405,0.045753101664
e392,ok,,3.170468766,281283667.45,55926.316176,221797.79035,11631262.429,382688.83472,23376870.092,0.0,0.0,0.0,-7.2244912781e-08,1.0734702113e-08,2.855740335e-08,8.2383459523e-07,0.0,0.0,3.3562848157e-08,0.0,0.0,0.0,0.0,-1.7236857731e-08,0.23979231917,0.026066719843,-0.0018770464578,0.046074034049
e393,ok,,3.1803189032,282157570.63,71465.210243,274046.73359,11636394.736,484261.84147,23535725.424,0.0,0.0,0.0,-5.8548838082e-08,1.0285405677e-08,7.4585168603e-10,6.6170350101e-07,0.0,0.0,-8.0960669709e-08,0.0,0.0,0.0,0.0,-3.0183283184e-09,0.2400598022,0.028002143122,0.0057858712821,0.047288779818
e395,ok,,3.2061828199,284452214.7,85107.69436,341708.77522,11671653.753,598019.46496,23998738.412,0.0,0.0,0.0,-5.7563849241e-08,9.7416723997e-09,-2.4405696624e-08,7.0721050396e-07,0.0,0.0,-1.7531593295e-07,0.0,0.0,0.0,0.0,8.3092540189e-09,0.24064653294,0.035621000014,0.014920734838,0.060189055419
e397,ok,,3.215310993,285262065.29,104097.63121,401530.88261,11669939.784,721673.82476,24134238.903,0.0,0.0,0.0,-4.7422732869e-08,9.6991077623e-09,-2.5782360297e-08,5.7921174381e-07,0.0,0.0,-2.1843455328e-07,0.0,0.0,0.0,0.0,7.4354001026e-09,0.24021500907,0.035513776915,0.02273851957,0.060294570499
e396,ok,,3.2133864713,285091321.92,96411.286766,381702.54078,11670745.266,676445.74052,24106867.917,0.0,0.0,0.0,-5.3352212371e-08,9.799309668e-09,-1.9830053684e-08,6.5181156397e-07,0.0,0.0,-1.9252252488e-07,0.0,0.0,0.0,0.0,4.5503222316e-09,0.24018720463,0.036829543107,0.018561344355,0.062841991611
e399,ok,,3.2240582753,286038123.28,119192.98087,453564.15065,11672598.758,824565.76981,24272781.344,0.0,0.0,0.0,-4.1026788835e-08,9.684811926e-09,-1.1403751763e-08,4.917740122e-07,0.0,0.0,-5.0459375173e-08,0.0,0.0,0.0,0.0,4.8446042602e-09,0.23905149303,0.034784798095,0.0060144033397,0.058616010429
e398,ok,,3.220016353,285679524.35,109442.33461,425281.57708,11670735.893,763806.17316,24207280.193,0.0,0.0,0.0,-4.6384372237e-08,9.803094977e-09,-8.0840436595e-09,5.5890444743e-07,0.0,0.0,-6.4425919432e-08,0.0,0.0,0.0,0.0,2.3028193057e-09,0.2392804797,0.035849656631,0.0070509230318,0.061167807549
e403,ok,,3.1988639886,283802888.72,130767.80058,425260.6598,11636175.938,824202.09046,23816743.125,0.0,0.0,0.0,-1.9156828136e-08,9.7291404834e-09,-5.4613626337e-08,1.9823779834e-07,0.0,0.0,-5.2011228445e-07,0.0,0.0,0.0,0.0,2.2815896595e-08,0.24021133081,0.020313693922,0.068013939491,0.02592312088
e407,ok,,3.1979425864,283721142.01,121984.43174,399876.24821,11646286.932,771307.3412,23823062.459,0.0,0.0,0.0,-2.3441118718e-08,9.6957897797e-09,-5.8657336535e-08,2.4594762559e-07,0.0,0.0,-5.4298822141e-07,0.0,0.0,0.0,0.0,2.3560698532e-08,0.24105280433,0.02246851963,0.066236109632,0.030001781346
e417,ok,,3.2040321113,284261404.04,117939.76776,378790.93109,11682515.39,738805.43948,23986421.778,0.0,0.0,0.0,-1.8200996783e-08,9.7533977564e-09,-6.4654294379e-08,1.8956852508e-07,0.0,0.0,-5.9666952606e-07,0.0,0.0,0.0,0.0,2.8186231654e-08,0.24293572572,0.018514210866,0.070371065336,0.022357667823
e420,ok,,3.3108932487,293742113.32,108357.18159,616833.8875,11710605.719,975184.57949,25707021.076,0.0,0.0,0.0,-7.7232372752e-08,1.0557538028e-08,2.1298345372e-08,1.1710175607e-06,0.0,0.0,-4.4782134666e-08,0.0,0.0,0.0,0.0,-1.847867027e-08,0.2355338228,0.071095477713,0.004852465898,0.12688816247
e421,ok,,3.2809888364,291088996.89,109350.33969,538179.65749,11721004.316,887992.04838,25256762.052,0.0,0.0,0.0,-6.9630025667e-08,1.0702178714e-08,4.9440261823e-08,9.4948958807e-07,0.0,0.0,1.5265030981e-07,0.0,0.0,0.0,0.0,-2.2140840095e-08,0.23561783221,0.05722138735,-0.016692363231,0.10382700899
e422,ok,,3.2550819928,288790544.36,99725.306456,452229.00195,11728301.066,758778.72636,24865620.609,0.0,0.0,0.0,-6.8519023265e-08,1.1270168005e-08,8.2106599122e-08,8.6234787596e-07,0.0,0.0,3.4367189754e-07,0.0,0.0,0.0,0.0,-3.3871694944e-08,0.23625989981,0.045949962329,-0.034272785303,0.085997906202
e423,ok,,3.2872159534,291641466.08,90533.06523,525958.03706,11709942.841,812906.00479,25333594.564,0.0,0.0,0.0,-8.5899106627e-08,1.0464128159e-08,-1.4889460112e-08,1.3160206535e-06,0.0,0.0,-3.0741157395e-07,0.0,0.0,0.0,0.0,-1.5377875701e-08,0.23784783929,0.066865416253,0.027830912077,0.11914338366
e426,ok,,3.1883922467,282873836.85,61891.437784,228404.22596,11726579.871,397500.71217,23836327.815,0.0,0.0,0.0,-1.3749295701e-08,1.0007368856e-08,1.649357064e-08,1.4287268294e-07,0.0,0.0,1.4633189397e-06,0.0,0.0,0.0,0.0,-2.2617607191e-09,0.23824407994,0.0052511654529,-0.090566913111,0.0088425957674
e428,ok,,3.1937579592,283349882.3,63463.551392,235992.98514,11740380.599,410441.3712,23945355.214,0.0,0.0,0.0,-9.8391162605e-09,9.9691197925e-09,8.9297505701e-09,1.0783118135e-07,0.0,0.0,1.5082188099e-06,0.0,0.0,0.0,0.0,9.6252263635e-10,0.23880715307,0.0041327239672,-0.095716921953,0.006843349719
e431,ok,,3.2208061677,285749596.63,139088.90096,459515.67978,11687500.903,896030.14963,24255053.244,0.0,0.0,0.0,-3.5904859737e-08,1.0181226317e-08,-1.1072519331e-08,3.5594348435e-07,0.0,0.0,-5.1597754137e-07,0.0,0.0,0.0,0.0,-8.0927234121e-09,0.24061771096,0.030428701281,0.071766749149,0.049507788042
e432,ok,,3.2285420051,286435919.33,148235.14682,497928.64645,11686822.687,967496.64875,24371134.81,0.0,0.0,0.0,-3.4863057557e-08,1.0248689259e-08,6.1201647345e-09,3.4246350796e-07,0.0,0.0,-3.2693175021e-07,0.0,0.0,0.0,0.0,-1.2788619777e-08,0.23921966026,0.030774946137,0.048462775992,0.050765128381
e433,ok,,3.2135484103,285105689.12,127209.92605,414569.80556,11693647.927,808358.66621,24157434.134,0.0,0.0,0.0,-3.7581635824e-08,1.0128360119e-08,-2.4496532368e-08,3.7067299384e-07,0.0,0.0,-6.7684767404e-07,0.0,0.0,0.0,0.0,-4.155302468e-09,0.24162280406,0.029568181271,0.086101742565,0.047153284137
e435,ok,,3.2302260088,286585323.97,149238.72882,507484.86596,11679906.76,983878.25934,24382924.832,0.0,0.0,0.0,-3.3139011017e-08,9.8024584832e-09,-1.9875090084e-08,3.4594677985e-07,0.0,0.0,-3.4035324983e-07,0.0,0.0,0.0,0.0,1.3542246625e-09,0.24008877377,0.032924705795,0.050793886354,0.051628657664
e434,ok,,3.2074929169,284568446.37,111701.47609,376174.73076,11686920.115,718563.85251,24049547.252,0.0,0.0,0.0,-4.5323985717e-08,1.0660992587e-08,1.9241316129e-09,4.5209638084e-07,0.0,0.0,-6.512030011e-07,0.0,0.0,0.0,0.0,-1.96351066e-08,0.24096022707,0.029174438963,0.072740336455,0.050499833073
e471,ok,,3.1512253704,279576395.35,24092.891092,128635.7796,11599568.093,190263.91471,23030628.221,0.0,0.0,0.0,-1.7048247726e-07,9.8017016756e-09,-1.4523121991e-07,2.2981855289e-06,0.0,0.0,-2.0921553791e-06,0.0,0.0,0.0,0.0,2.0751053885e-08,0.24123759861,0.033389637014,0.050406071697,0.055369933658
e475,ok,,3.2303713865,286598221.87,135222.21643,433519.97892,11791441.725,825998.54155,24618275.804,0.0,0.0,0.0,5.8489344153e-15,9.6412165911e-09,-5.7706664738e-14,8.1824200486e-14,0.0,0.0,9.5978902389e-08,0.0,0.0,0.0,0.0,2.5796847915e-14,0.23735012913,2.2628293503e-10,-0.012978479912,1.1064449747e-08
e474,ok,,3.2208663388,285754935.0,110519.04755,370897.14295,11779961.878,685848.91736,24445717.246,0.0,0.0,0.0,4.014464981e-15,9.7117133986e-09,5.023679359e-14,2.4020083322e-13,0.0,0.0,4.08488282e-07,0.0,0.0,0.0,0.0,4.9879405909e-14,0.23740979972,5.3684102395e-09,-0.045145735863,2.6546767308e-08
e472,ok,,3.2147651897,285213641.67,80174.411867,275392.75519,11806661.821,495112.1006,24403331.885,0.0,0.0,0.0,4.0406010137e-14,9.7908644813e-09,-5.1662929881e-14,4.8614512798e-14,0.0,0.0,8.6858442099e-07,0.0,0.0,0.0,0.0,9.9735196093e-14,0.23892971538,-8.2071307337e-09,-0.06963824511,3.8976399718e-09
e473,ok,,3.2418161826,287613603.02,132987.32039,456943.50417,11797332.896,849363.12913,24805200.604,0.0,0.0,0.0,5.8645191809e-15,9.538904659e-09,-2.8223562986e-15,1.1156687085e-13,0.0,0.0,4.4878943314e-07,0.0,0.0,0.0,0.0,2.7186001924e-14,0.2366144436,4.8250751275e-10,-0.059683304132,1.4836979199e-08
e476,ok,,3.2243020765,286059753.3,161844.35066,517359.73635,11707803.186,1017758.6949,24349164.275,0.0,0.0,0.0,-1.774095281e-14,9.8164229627e-09,8.5576461925e-14,9.6096434562e-14,0.0,0.0,-1.4680072078e-07,0.0,0.0,0.0,0.0,-2.7136734203e-14,0.23902169532,1.1454553105e-08,0.023758867332,1.5552665053e-08
e477,ok,,3.212735334,285033553.08,133576.76334,434797.76682,11709739.936,839671.42168,24174653.09,0.0,0.0,0.0,1.5302970225e-14,9.9080426275e-09,8.967359668e-14,-8.0534367261e-14,0.0,0.0,-5.2583793431e-08,0.0,0.0,0.0,0.0,3.0790363997e-14,0.23952349332,-6.6568769773e-09,0.0070239729305,-1.0757520116e-08
e478,ok,,3.2283468276,286418603.21,125434.5327,438009.21571,11755461.498,812267.02502,24508029.677,0.0,0.0,0.0,-2.0300024679e-14,9.6602652513e-09,1.5561933709e-12,3.0995413197e-12,0.0,0.0,4.6890957729e-07,0.0,0.0,0.0,0.0,-6.1725146969e-13,0.23675406746,-1.0221305996e-07,-0.058817453707,3.8878951704e-07
e479,ok,,3.2355973701,287061870.61,137850.16889,482562.96576,11753072.473,899526.16834,24615181.563,0.0,0.0,0.0,-9.6948608145e-15,9.586588034e-09,1.0296815562e-13,1.1689900272e-13,0.0,0.0,4.2431336455e-07,0.0,0.0,0.0,0.0,-9.26022115e-15,0.23597560503,6.7551487518e-09,-0.058491668965,1.6114547268e-08
e485,ok,,3.1921125592,283203902.59,97955.936497,309614.57234,11709258.641,595978.84094,23859501.39,0.0,0.0,0.0,-1.5201826897e-08,1.0251261394e-08,2.4552622696e-08,1.1848843168e-07,0.0,0.0,-3.3898646102e-07,0.0,0.0,0.0,0.0,-1.5798738783e-08,0.2411525887,0.0067899608096,0.033205736249,0.011606645289
e49,ok,,3.2076602846,284583295.22,42164.704289,212782.9233,11708757.085,331104.39299,24100518.263,0.0,0.0,0.0,-1.9005385769e-07,1.3418528419e-08,-3.3271410278e-07,2.1833532974e-06,0.0,0.0,-4.4662761635e-06,0.0,0.0,0.0,0.0,-4.99990784e-08,0.24747552645,0.058847088211,0.18831921371,0.092060446144
e502,ok,,3.2072233734,284544532.5,146266.1054,454356.38133,11663977.49,910080.53928,23996554.735,0.0,0.0,0.0,-1.2726367322e-08,1.0229258245e-08,1.0081524451e-08,1.0983860752e-07,0.0,0.0,-6.3988572914e-07,0.0,0.0,0.0,0.0,-1.0991831218e-08,0.24238647686,0.0091582705151,0.0935935935,0.016065665345
e520,ok,,3.1973208971,283665985.8,127630.68198,421715.59829,11647447.457,810782.43917,23813629.354,0.0,0.0,0.0,7.8069145193e-13,1.0024525893e-08,-3.7788869316e-12,-8.179808921e-12,0.0,0.0,-1.493791739e-07,0.0,0.0,0.0,0.0,2.2769009516e-12,0.23872034403,-1.9227614205e-07,0.019065365839,-1.0439945911e-06
e521,ok,,3.1896171684,282982511.77,113865.49132,367529.36297,11659245.555,707930.35157,23722054.742,0.0,0.0,0.0,4.7030221262e-14,1.0103886096e-08,-1.9965947327e-12,-3.5485655354e-12,0.0,0.0,-2.9254634652e-07,0.0,0.0,0.0,0.0,1.0659881829e-12,0.23968493908,1.4758301305e-07,0.033310933482,-4.0405915817e-07
e540,ok,,3.2198518184,285664926.85,170113.33615,522803.08266,11668190.316,1061982.2403,24198678.211,0.0,0.0,0.0,-1.2227072798e-08,1.0067935083e-08,-5.6197910502e-09,1.0219086797e-07,0.0,0.0,-6.1818277671e-07,0.0,0.0,0.0,0.0,-2.8527205856e-09,0.24273200575,0.012249685771,0.1051611345,0.017384029474
e541,ok,,3.2164327487,285361587.34,171158.70196,520660.61474,11659993.591,1059619.2035,24131796.804,0.0,0.0,0.0,-1.2625271679e-08,1.0137831148e-08,-3.5395677271e-09,1.0524307644e-07,0.0,0.0,-7.3883415129e-07,0.0,0.0,0.0,0.0,-5.2919292127e-09,0.24292761694,0.012016175951,0.1264578943,0.018013268354
e542,ok,,3.2230503557,285948700.76,173208.98209,530626.57136,11681137.771,1076692.0838,24274965.234,0.0,0.0,0.0,-1.3531521131e-08,1.0137603987e-08,1.0372657505e-08,1.0230725436e-07,0.0,0.0,-5.7570875096e-07,0.0,0.0,0.0,0.0,-1.1123108004e-08,0.24211914771,0.011671375444,0.099717926735,0.017720535388
e543,ok,,3.2250365254,286124913.53,175021.40065,543012.69215,11675373.377,1099166.5206,24292425.781,0.0,0.0,0.0,-1.3302024439e-08,1.0063700324e-08,5.1090222114e-09,1.0558954752e-07,0.0,0.0,-4.9244167752e-07,0.0,0.0,0.0,0.0,-7.7009786335e-09,0.24171808876,0.012576022847,0.08618783214,0.018480430501
e544,ok,,3.2266530914,286268335.1,174966.30111,550426.97379,11671707.25,1109226.4591,24308474.703,0.0,0.0,0.0,-1.3423107692e-08,9.9959183599e-09,2.6448847498e-10,1.1346998974e-07,0.0,0.0,-4.1293913897e-07,0.0,0.0,0.0,0.0,-4.5597129213e-09,0.24132869412,0.01366905139,0.072250433727,0.019853424391
e545,ok,,3.2266272579,286266043.16,166828.53297,536880.44734,11673888.079,1069581.9583,24311559.392,0.0,0.0,0.0,-1.4081933139e-08,9.9325341079e-09,-2.8043134414e-09,1.2490500692e-07,0.0,0.0,-2.9268652001e-07,0.0,0.0,0.0,0.0,-1.7202963844e-09,0.2408446075,0.014618679803,0.048828462754,0.020837719066
e546,ok,,3.2175692237,285462415.28,151611.82376,480958.10621,11681730.883,957456.60643,24189974.268,0.0,0.0,0.0,-1.4369503395e-08,1.0079953619e-08,6.6045097577e-09,1.1317287225e-07,0.0,0.0,-3.8254832214e-07,0.0,0.0,0.0,0.0,-7.2011102012e-09,0.24142514815,0.012094208441,0.057998848797,0.017158345562
e547,ok,,3.2275870177,286351192.95,171917.1184,545805.37246,11678409.105,1093133.9084,24336709.901,0.0,0.0,0.0,-1.4709442778e-08,1.0033676505e-08,9.8158921513e-09,1.1952349173e-07,0.0,0.0,-3.3614306652e-07,0.0,0.0,0.0,0.0,-9.0153219203e-09,0.24063396997,0.013709348168,0.057788747368,0.020548134281
e548,ok,,3.2293787323,286510153.69,165341.32551,538595.77943,11678703.978,1065816.8561,24363200.833,0.0,0.0,0.0,-1.5536327758e-08,1.0067234851e-08,2.0435770071e-08,1.1967377177e-07,0.0,0.0,-2.0104637573e-07,0.0,0.0,0.0,0.0,-1.3421302849e-08,0.23980304862,0.013131391672,0.033241274253,0.019787020054
e549,ok,,3.2336831256,286892039.02,174447.90054,571147.01492,11675248.59,1131665.079,24422280.89,0.0,0.0,0.0,-1.5346161332e-08,9.8663364347e-09,5.0101194622e-10,1.4270852369e-07,0.0,0.0,-1.8708854802e-07,0.0,0.0,0.0,0.0,-2.6350424537e-09,0.2398385798,0.016651674968,0.032637204417,0.024895202347
e550,ok,,3.2353925244,287043696.72,168052.70692,566045.50572,11673629.158,1107524.7626,24443581.853,0.0,0.0,0.0,-1.6199618493e-08,9.8988080829e-09,1.1300405307e-08,1.4413272214e-07,0.0,0.0,-5.0167530732e-08,0.0,0.0,0.0,0.0,-6.8191535071e-09,0.2389573015,0.016137746171,0.008430789339,0.024221894112
e551,ok,,3.2380293025,287277631.4,169443.47379,574777.31719,11679676.684,1119148.1256,24498120.352,0.0,0.0,0.0,-1.758765631e-08,9.7247913309e-09,-4.9371466651e-09,1.8532364395e-07,0.0,0.0,-6.1071259854e-08,0.0,0.0,0.0,0.0,1.9498851722e-09,0.23917815662,0.020205230462,0.010348126418,0.031401882006
e552,ok,,3.2398578517,287439860.1,163370.49461,571698.02538,11677174.042,1098365.934,24519188.384,0.0,0.0,0.0,-1.8536217714e-08,9.7649433122e-09,7.0122724653e-09,1.8890703518e-07,0.0,0.0,8.5108696555e-08,0.0,0.0,0.0,0.0,-2.2690589027e-09,0.23829421431,0.019765788189,-0.013904249851,0.030861835772
e553,ok,,3.2397688478,287431963.69,164846.62118,567980.23235,11687320.15,1096124.4891,24540957.916,0.0,0.0,0.0,-1.8323792481e-08,9.6548427544e-09,-6.1248189323e-09,1.9542447389e-07,0.0,0.0,1.1786130694e-08,0.0,0.0,0.0,0.0,3.9348874645e-09,0.23887401723,0.021115862721,-0.0019429038218,0.032215064217
e554,ok,,3.2409294537,287534932.52,157200.58367,559724.7802,11686594.785,1063910.1637,24555902.14,0.0,0.0,0.0,-1.9240844283e-08,9.693584072e-09,5.8836283006e-09,1.9788724883e-07,0.0,0.0,1.7311087526e-07,0.0,0.0,0.0,0.0,-5.5998405204e-11,0.23800655212,0.020456350085,-0.027213130631,0.031107991017
e555,ok,,3.2225663687,285905761.48,128868.20375,448349.84998,11702105.336,849053.40031,24306284.889,0.0,0.0,0.0,-1.8150134024e-08,9.7120244758e-09,-1.5986297319e-08,1.8997343155e-07,0.0,0.0,1.0782810543e-07,0.0,0.0,0.0,0.0,1.0985989703e-08,0.24015697575,0.017652134868,-0.01389561426,0.024481534883
e556,ok,,3.2263781555,286243942.82,127917.73715,451577.97995,11708413.642,850331.98145,24377943.763,0.0,0.0,0.0,-2.2374920692e-08,9.6271133926e-09,-1.6272573564e-08,2.4015515441e-07,0.0,0.0,1.2497911647e-07,0.0,0.0,0.0,0.0,1.1898496309e-08,0.24018306364,0.021458480378,-0.015987045769,0.030720103916
e557,ok,,3.2308565694,286641267.25,127446.33344,457814.45214,11713632.367,856679.86181,24457862.481,0.0,0.0,0.0,-2.6665736573e-08,9.5344269934e-09,-1.6218158405e-08,2.9296495634e-07,0.0,0.0,1.3334496951e-07,0.0,0.0,0.0,0.0,1.2590369712e-08,0.24019802085,0.025437822379,-0.016994327447,0.037337309511
e559,ok,,3.2409508699,287536832.57,127718.74644,480727.01764,11732807.809,873936.3467,24656668.621,0.0,0.0,0.0,-3.2515121974e-08,9.527592695e-09,8.2781205137e-09,3.7647637314e-07,0.0,0.0,3.1891337461e-07,0.0,0.0,0.0,0.0,4.1653368758e-09,0.23783390135,0.029282321518,-0.040731216429,0.048083090442
e558,ok,,3.2383370636,287304935.94,127759.5271,468869.53685,11740846.151,861488.67777,24632105.643,0.0,0.0,0.0,-2.8608480937e-08,9.6165622628e-09,1.1326364468e-08,3.2277148051e-07,0.0,0.0,3.3464530698e-07,0.0,0.0,0.0,0.0,1.4940451535e-09,0.23778277584,0.02495197617,-0.042754126167,0.041237131711
e560,ok,,3.2472613531,288096697.99,127484.60232,494061.07552,11734255.301,889162.33041,24757790.425,0.0,0.0,0.0,-3.6195415789e-08,9.3904296823e-09,5.4351898466e-09,4.3220443247e-07,0.0,0.0,3.0660849403e-07,0.0,0.0,0.0,0.0,6.7907365833e-09,0.23788832174,0.033621257403,-0.039087861929,0.055099410193
e561,ok,,3.2556738729,288843055.89,140666.47523,542340.80794,11729341.88,986228.30401,24878167.338,0.0,0.0,0.0,-3.5726825923e-08,9.4691473151e-09,1.2588927775e-08,4.2121094603e-07,0.0,0.0,2.6075655893e-07,0.0,0.0,0.0,0.0,1.6788679468e-09,0.2370460167,0.035627396894,-0.036679706038,0.059250259105
e58,ok,,3.1746920345,281658355.4,20616.190169,167561.37849,11623024.39,209287.50836,23430127.188,0.0,0.0,0.0,-2.1019055485e-07,8.7588275386e-09,-4.3468741965e-07,3.6921070269e-06,0.0,0.0,-5.1418954781e-06,0.0,0.0,0.0,0.0,3.7133568422e-08,0.24348140569,0.045885292168,0.10600629501,0.076117180592
e562,ok,,3.2286970973,286449679.1,114880.77582,423853.7983,11731210.787,772687.56964,24463659.148,0.0,0.0,0.0,-3.3218986216e-08,9.5614385852e-09,-2.905286646e-09,3.7611554303e-07,0.0,0.0,2.7234659393e-07,0.0,0.0,0.0,0.0,8.6987765423e-09,0.23935909076,0.027278007269,-0.031287388004,0.043208445383
e580,ok,,3.223888335,286023046.19,136206.42121,477919.30044,11671562.869,906413.65741,24267715.417,0.0,0.0,0.0,-3.227782905e-08,9.6840072221e-09,-1.6828697933e-08,3.3754611711e-07,0.0,0.0,-1.3100451845e-07,0.0,0.0,0.0,0.0,6.2748145206e-09,0.23945596561,0.030620018444,0.017843656621,0.045975948607
e582,ok,,3.2169786343,285410018.26,134928.90019,443066.03901,11683620.337,864296.40147,24188708.197,0.0,0.0,0.0,-3.746457315e-08,1.0330396434e-08,-9.9969385067e-09,3.6595954132e-07,0.0,0.0,-6.0895553223e-07,0.0,0.0,0.0,0.0,-1.1253830497e-08,0.24103994914,0.030038933212,0.08216570023,0.049378518426
e583,ok,,3.2330729722,286837906.28,163182.85475,535062.50327,11684589.936,1055778.8289,24436290.374,0.0,0.0,0.0,-3.2114218293e-08,1.0304370211e-08,3.4458764436e-09,3.1236355592e-07,0.0,0.0,-4.3857577091e-07,0.0,0.0,0.0,0.0,-1.4236394152e-08,0.23994590604,0.030306166356,0.071568046323,0.050972376775
e584,ok,,3.2357154075,287072342.87,170116.35639,548577.84918,11691453.99,1089635.0176,24491851.88,0.0,0.0,0.0,-3.1240793065e-08,1.0351442498e-08,3.8735447597e-09,2.9754625139e-07,0.0,0.0,-4.9526764906e-07,0.0,0.0,0.0,0.0,-1.5888761038e-08,0.24019952529,0.029891879626,0.084253127894,0.050617484144
e585,ok,,3.2151539386,285248131.43,129709.6462,432787.66878,11679473.242,838082.49726,24151954.582,0.0,0.0,0.0,-3.8720746518e-08,1.0289499358e-08,-1.0170983275e-08,3.857153531e-07,0.0,0.0,-5.5021424543e-07,0.0,0.0,0.0,0.0,-9.7323739655e-09,0.24086655256,0.030488645572,0.071368095108,0.050031001984
e587,ok,,3.2318700745,286731185.32,159051.041,529823.7459,11677648.203,1039156.9319,24403951.744,0.0,0.0,0.0,-3.0407459477e-08,9.8184775988e-09,-2.0675313974e-08,3.0992685306e-07,0.0,0.0,-3.796906294e-07,0.0,0.0,0.0,0.0,1.0854007395e-09,0.24044630833,0.031869364443,0.060390189865,0.049294188613
e59,ok,,3.1690201783,281155148.9,20141.839642,126699.59468,11653207.673,174787.29061,23401362.349,0.0,0.0,0.0,-2.0455323752e-07,9.1969540431e-09,-2.8701677962e-07,3.0441680939e-06,0.0,0.0,-3.9553001345e-06,0.0,0.0,0.0,0.0,3.4605901584e-08,0.24416725017,0.037231566198,0.079667021043,0.061315145589
e591,ok,,3.2654973716,289714595.71,120818.9923,506610.17945,11757700.614,887819.08256,25093663.55,0.0,0.0,0.0,-5.3285676944e-08,9.4851131202e-09,2.9772453364e-08,6.3531812347e-07,0.0,0.0,3.4281404677e-07,0.0,0.0,0.0,0.0,-1.8444102031e-09,0.23582601726,0.04692200554,-0.041418447677,0.076758495467
e593,ok,,3.1853341064,282602518.95,56707.858354,266871.85528,11626292.041,424784.70492,23581648.442,0.0,0.0,0.0,-7.7594445268e-08,1.2446144625e-08,1.9340744484e-07,9.4418993866e-07,0.0,0.0,1.6303170827e-06,0.0,0.0,0.0,0.0,-7.3643518843e-08,0.23596669047,0.025604814959,-0.092451790199,0.053542989301
e598,ok,,3.187471363,282792136.13,62385.068161,269963.14979,11646035.801,447394.0125,23658065.977,0.0,0.0,0.0,-7.3899616256e-08,1.2118062141e-08,1.4940044763e-07,8.6167466239e-07,0.0,0.0,9.8420392002e-07,0.0,0.0,0.0,0.0,-6.3480032185e-08,0.23680064659,0.026358657351,-0.061399628635,0.053755632545
e604,ok,,3.2433615252,287750705.65,199545.40442,645720.43588,11661990.434,1294759.2106,24546958.117,0.0,0.0,0.0,-2.007806713e-08,9.7660960649e-09,-1.0313381115e-08,1.9699911825e-07,0.0,0.0,-3.0800191344e-07,0.0,0.0,0.0,0.0,-9.6606661009e-10,0.23911107984,0.025697218999,0.061460366378,0.039310268722
e603,ok,,3.2390500421,287368191.32,203242.67806,660904.62674,11633456.615,1319676.5292,24421160.425,0.0,0.0,0.0,-1.8902155745e-08,9.8751658659e-09,1.0356634894e-09,1.776145729e-07,0.0,0.0,-2.8909601397e-07,0.0,0.0,0.0,0.0,-6.4621104794e-09,0.23720788402,0.022923609732,0.058756648095,0.036098861458
e61,ok,,3.179963199,282126012.59,19872.647539,171746.62759,11638229.779,211412.91432,23538458.901,0.0,0.0,0.0,-2.1974821704e-07,9.531826327e-09,-3.9481254823e-07,3.9798480432e-06,0.0,0.0,-4.7306639287e-06,0.0,0.0,0.0,0.0,1.6957532296e-08,0.2429053419,0.047329050487,0.09401081688,0.079090117421
e62,ok,,3.1660143276,280888470.13,19921.497213,131633.93304,11637294.947,179076.02275,23324954.769,0.0,0.0,0.0,-2.0964269385e-07,1.0118738382e-08,-2.37641503e-07,3.2035639932e-06,0.0,0.0,-3.543571347e-06,0.0,0.0,0.0,0.0,7.8567788813e-09,0.24289855038,0.037883804105,0.070593246715,0.063819791164
e625,ok,,3.2224695625,285897172.84,109726.90045,348915.92867,11786625.275,672686.68223,24480110.235,0.0,0.0,0.0,-3.1052751935e-08,1.0837519179e-08,8.1156506008e-08,2.3956764055e-07,0.0,0.0,-2.2786609707e-07,0.0,0.0,0.0,0.0,-4.8289197993e-08,0.24032235182,0.01309648694,0.025003040548,0.026287014645
e63,ok,,3.16582206,280871412.17,9939.6090102,106447.30333,11652189.731,117832.08126,23351232.673,0.0,0.0,0.0,-3.1982511344e-07,8.8317560396e-09,-5.8020903245e-07,6.3935454565e-06,0.0,0.0,-8.4126742751e-06,0.0,0.0,0.0,0.0,4.2897638564e-08,0.24397729852,0.038919894686,0.083618693024,0.063549342026
e635,ok,,3.2008512171,283979195.43,78391.006792,264326.86379,11739973.649,489920.53505,24049362.91,0.0,0.0,0.0,-4.077870102e-08,1.1532929825e-08,1.3042997408e-07,3.1698154043e-07,0.0,0.0,6.6745478271e-08,0.0,0.0,0.0,0.0,-7.4164707544e-08,0.24135169317,0.011224001482,-0.0052322452405,0.024848502089
e636,ok,,3.2034027041,284205563.1,81363.381652,276813.59172,11738015.594,512827.10433,24085005.197,0.0,0.0,0.0,-4.4090363109e-08,1.1516246611e-08,1.156064069e-07,3.7198576764e-07,0.0,0.0,4.848589734e-08,0.0,0.0,0.0,0.0,-6.6087113153e-08,0.24105325081,0.014458122697,-0.00394497657,0.030266019981
e637,ok,,3.2075386491,284572503.72,83912.391544,289352.99542,11739721.146,535142.36761,24152159.648,0.0,0.0,0.0,-4.8240645191e-08,1.1520580757e-08,1.0413691295e-07,4.3269390375e-07,0.0,0.0,2.9213320922e-08,0.0,0.0,0.0,0.0,-6.0029242909e-08,0.24052453945,0.018108087783,-0.0024513596235,0.036308380271
e638,ok,,3.2134733397,285099028.87,87139.086767,305412.3187,11744721.371,563499.77474,24253798.935,0.0,0.0,0.0,-5.9876305957e-08,1.2099388002e-08,1.1240011845e-07,5.4112528541e-07,0.0,0.0,9.974230483e-09,0.0,0.0,0.0,0.0,-6.4772935988e-08,0.24004967502,0.025012746204,-0.00086914533549,0.047153163197
e639,ok,,3.2169667297,285408962.07,89596.693703,320576.18844,11739698.333,588487.77655,24298067.194,0.0,0.0,0.0,-6.2405933328e-08,1.2036332794e-08,9.9028932348e-08,5.9019336441e-07,0.0,0.0,-2.2461715734e-08,0.0,0.0,0.0,0.0,-5.8507112737e-08,0.23989506904,0.028500036709,0.0020124954646,0.052879374097
e64,ok,,3.169634457,281209647.65,43175.748288,163055.84768,11674859.05,283547.0173,23451095.386,0.0,0.0,0.0,-8.2294452847e-08,1.0233292564e-08,-2.2866908776e-08,9.0845292555e-07,0.0,0.0,-3.964531595e-07,0.0,0.0,0.0,0.0,4.4051319646e-09,0.24239209968,0.023637146742,0.017117161823,0.039223134845
e642,ok,,3.2100897403,284798836.27,140321.94992,448268.96343,11671442.75,880261.75769,24057128.263,0.0,0.0,0.0,-2.6457910403e-08,1.0422327228e-08,1.2726395578e-08,2.468260526e-07,0.0,0.0,-5.6583806947e-07,0.0,0.0,0.0,0.0,-1.7953654077e-08,0.24060703019,0.019492408404,0.079399501245,0.034635112991
e654,ok,,3.2387755293,287343836.57,169306.96943,581853.94749,11660190.897,1129256.2828,24473257.374,0.0,0.0,0.0,-3.1421352997e-08,9.9138634526e-09,-5.3174900197e-09,3.3214333768e-07,0.0,0.0,-2.6728679748e-07,0.0,0.0,0.0,0.0,-5.4835572491e-09,0.23785297347,0.034011260763,0.04525351765,0.056234181919
e655,ok,,3.2348486278,286995442.26,174995.15306,582088.52576,11665542.92,1142502.6137,24423913.791,0.0,0.0,0.0,-2.57370456e-08,9.9227593518e-09,-2.9627175805e-09,2.6461830716e-07,0.0,0.0,-2.8639234964e-07,0.0,0.0,0.0,0.0,-5.7546834006e-09,0.23820875009,0.027839743623,0.050117273059,0.046306921164
e656,ok,,3.2296681877,286535834.14,155727.76419,531481.65786,11662002.994,1027996.002,24337501.025,0.0,0.0,0.0,-3.435775862e-08,1.0167004457e-08,-3.057325819e-09,3.6021195973e-07,0.0,0.0,-3.7566448054e-07,0.0,0.0,0.0,0.0,-1.0137485232e-08,0.23869732161,0.03283582726,0.05850138964,0.056095003122
e657,ok,,3.224437176,286071739.31,148933.37772,501970.97798,11667318.756,972287.6019,24269706.264,0.0,0.0,0.0,-3.5024725004e-08,1.0119204215e-08,-1.315658364e-08,3.6691997818e-07,0.0,0.0,-4.8008496712e-07,0.0,0.0,0.0,0.0,-7.2953509808e-09,0.23954775649,0.032356646692,0.071500675747,0.054646631704
e662,ok,,3.2202526892,285700492.07,144562.9315,467647.6988,11684413.338,919736.29042,24242077.392,0.0,0.0,0.0,-3.2538774386e-08,9.9930158536e-09,-3.1069686445e-08,3.3132597023e-07,0.0,0.0,-6.7881675589e-07,0.0,0.0,0.0,0.0,-1.028003438e-09,0.24150542738,0.029698777779,0.098131740183,0.047897453538
e66,ok,,3.1886383904,282895674.69,62820.031112,233283.94201,11699584.009,414443.09098,23788061.025,0.0,0.0,0.0,-6.5004600538e-08,9.9143179885e-09,-3.9322558703e-08,7.3541356818e-07,0.0,0.0,-4.6335000166e-07,0.0,0.0,0.0,0.0,1.060809216e-08,0.24263614014,0.028007996326,0.02910766152,0.046198703233
e664ex,ok,,3.2446151983,287861931.41,94954.961161,397366.57452,11726422.128,704173.35484,24695609.586,0.0,0.0,0.0,-2.6890490847e-08,1.1508740493e-08,1.3715193853e-07,4.7244668602e-07,0.0,0.0,-1.2422085584e-07,0.0,0.0,0.0,0.0,-7.9219733609e-08,0.24625677277,0.0052150349916,0.011795386542,0.044861156721
e67,ok,,3.1962412188,283570196.85,82501.373155,287977.96824,11705562.938,530849.06541,23915617.131,0.0,0.0,0.0,-4.6270289037e-08,9.9367335193e-09,-3.1512153207e-08,5.1187351414e-07,0.0,0.0,-4.2355470825e-07,0.0,0.0,0.0,0.0,7.7780106384e-09,0.24220799447,0.025563050018,0.034943845037,0.042230267798
e668,ok,,3.2091957804,284719524.24,122411.93691,406770.84624,11679632.872,783633.66947,24062446.03,0.0,0.0,0.0,-3.6764226757e-08,1.0064270281e-08,-2.7242612617e-08,3.8339421648e-07,0.0,0.0,-6.319783598e-07,0.0,0.0,0.0,0.0,-1.336627027e-09,0.24124409386,0.028557032981,0.07736169511,0.04693202864
e664,ok,,3.2234737793,285986266.86,172409.07097,536600.04275,11672132.905,1079649.0663,24264869.748,0.0,0.0,0.0,-1.9334303953e-08,1.0040796304e-08,-8.6275346765e-09,1.8017745984e-07,0.0,0.0,-5.7921190979e-07,0.0,0.0,0.0,0.0,-5.2684929438e-09,0.24096181317,0.019504303126,0.099861387259,0.03106422846
e678,ok,,3.228340238,286418018.58,141010.23643,476135.44878,11691966.784,919172.75874,24383002.892,0.0,0.0,0.0,-3.9466816307e-08,9.6279082623e-09,-5.2600168141e-08,4.2598281514e-07,0.0,0.0,-6.3651809605e-07,0.0,0.0,0.0,0.0,7.7199331353e-09,0.24157360383,0.037993005272,0.089755567219,0.06006793748
e682,ok,,3.2099043036,284782384.35,151076.61821,473359.93061,11660327.515,939313.22609,24034532.634,0.0,0.0,0.0,-2.422834152e-08,1.0291659244e-08,-4.6495782691e-09,2.3007093076e-07,0.0,0.0,-7.286653733e-07,0.0,0.0,0.0,0.0,-1.1314245165e-08,0.24113749984,0.020197658213,0.1100843004,0.034758338167
e68,ok,,3.2050967946,284355862.64,104719.73195,350695.03819,11711001.247,664198.95806,24061776.077,0.0,0.0,0.0,-3.3826694044e-08,9.9382713371e-09,-2.3765489752e-08,3.6833040991e-07,0.0,0.0,-3.9534021791e-07,0.0,0.0,0.0,0.0,4.728091578e-09,0.24168609573,0.023226879953,0.041399921648,0.038571461794
e694,ok,,3.22659974,286263601.77,155353.89622,504815.05043,11678135.628,991879.68499,24330032.261,0.0,0.0,0.0,-3.4020935193e-08,9.5821925852e-09,-6.5532286896e-08,3.6351674815e-07,0.0,0.0,-7.9148823025e-07,0.0,0.0,0.0,0.0,1.1027577603e-08,0.24215971378,0.036397965081,0.12296078038,0.056473743167
e71,ok,,3.1371544283,278328022.79,15254.544231,101079.14181,11565969.204,133887.13763,22757651.908,0.0,0.0,0.0,-2.3743734933e-07,9.0567777492e-09,-2.0981949806e-07,3.5276352508e-06,0.0,0.0,-2.7832516774e-06,0.0,0.0,0.0,0.0,4.7120891761e-08,0.24019288752,0.033306489051,0.042457235818,0.053812467963
e715,ok,,3.2047421089,284324394.97,104929.56947,401239.00189,11644081.571,722012.52074,23914110.322,0.0,0.0,0.0,-2.7828006453e-08,1.0253202397e-08,4.0369547401e-08,3.2288871193e-07,0.0,0.0,4.5062468922e-07,0.0,0.0,0.0,0.0,-1.4841903618e-08,0.23803584433,0.017543444945,-0.047283854631,0.033880573529
e748,ok,,3.2662370399,289780219.0,178237.1765,668428.36326,11683908.559,1247880.003,24944936.062,0.0,0.0,0.0,-2.5233043713e-08,9.2514989782e-09,3.2957847045e-09,2.8443163241e-07,0.0,0.0,2.2156821823e-07,0.0,0.0,0.0,0.0,4.8481113285e-09,0.23457716309,0.032908237883,-0.039491693619,0.050696291067
e793,ok,,3.2346486982,286977704.53,123956.42101,459653.8226,11728382.873,840205.38097,24550363.316,0.0,0.0,0.0,-3.5466921343e-08,9.7816448098e-09,2.0803846994e-08,3.8942039507e-07,0.0,0.0,2.9497330223e-07,0.0,0.0,0.0,0.0,-3.7333555407e-09,0.23740920728,0.02905509244,-0.036563834839,0.048271158442
e817,ok,,3.1739268419,281590467.59,72415.856952,246220.21065,11649673.158,456479.41659,23464806.668,0.0,0.0,0.0,-2.4415839507e-08,9.8367742379e-09,-9.5504461213e-08,3.2529447992e-07,0.0,0.0,-6.9479690842e-07,0.0,0.0,0.0,0.0,4.591157133e-08,0.24272149665,0.016239487022,0.050314313531,0.023556478525
e818,ok,,3.1584701747,280219153.65,52385.076145,182738.27969,11625723.874,332255.66259,23185707.915,0.0,0.0,0.0,-3.413007414e-08,9.8126051854e-09,-1.2589235821e-07,4.5130584516e-07,0.0,0.0,-1.0180873396e-06,0.0,0.0,0.0,0.0,6.0037636132e-08,0.24320563948,0.016197880484,0.053332582805,0.023641691063
e836,ok,,3.1812289902,282238313.45,98170.018585,305018.19571,11664304.11,597578.24546,23604329.632,0.0,0.0,0.0,1.7999509976e-14,1.0296703831e-08,6.7380833587e-14,1.4389910471e-13,0.0,0.0,-8.0428921092e-07,0.0,0.0,0.0,0.0,6.1350543356e-14,0.24304679135,-1.845594874e-09,0.078957086784,1.4126577784e-08
e837,ok,,3.2063844871,284470106.58,143015.31065,463649.4495,11656216.045,906603.4511,23967749.277,0.0,0.0,0.0,-1.1927082643e-15,1.0029665351e-08,3.6384592171e-13,5.5569618751e-14,0.0,0.0,-2.5219896496e-07,0.0,0.0,0.0,0.0,3.5765942223e-14,0.24038850447,8.8760372868e-09,0.036068313319,7.9473062884e-09
e838,ok,,3.2223214721,285884034.28,183577.59521,587224.62954,11632626.207,1174691.5093,24161365.603,0.0,0.0,0.0,-1.2871190414e-13,9.9478100482e-09,-4.6102696634e-14,2.360123609e-12,0.0,0.0,-3.2635312462e-07,0.0,0.0,0.0,0.0,8.5784079628e-15,0.24035267553,1.5361881077e-07,0.059911121807,4.3326581654e-07
e850,ok,,3.1570278034,280091186.62,38927.167226,125954.33525,11662375.588,235988.88951,23234313.379,0.0,0.0,0.0,-3.12101214e-08,1.0156653031e-08,-1.2038887367e-07,3.7106308426e-07,0.0,0.0,-1.8452683328e-06,0.0,0.0,0.0,0.0,5.4045648338e-08,0.24519270589,0.010494196848,0.071831068969,0.014444434732
e851,ok,,3.164442517,280749019.25,48883.611996,162466.7897,11665525.929,303307.72096,23352164.619,0.0,0.0,0.0,-3.9371473439e-08,1.0037799431e-08,-9.4269990434e-08,4.5383358105e-07,0.0,0.0,-1.363897784e-06,0.0,0.0,0.0,0.0,3.7232917881e-08,0.2447569694,0.014707620669,0.066672250077,0.022185024687
e852,ok,,3.1718094304,281402611.06,58763.651856,201560.73832,11665130.879,373813.10286,23462540.642,0.0,0.0,0.0,-4.3420618458e-08,1.0020136723e-08,-6.5497268238e-08,4.9226715775e-07,0.0,0.0,-8.7459346727e-07,0.0,0.0,0.0,0.0,2.3549926586e-08,0.24404775224,0.018381062312,0.051394306027,0.028927415879
e853,ok,,3.1832350906,282416294.48,73604.509462,259312.27962,11668065.31,478863.95862,23640317.527,0.0,0.0,0.0,-3.9443467537e-08,1.0007634636e-08,-3.7137963922e-08,4.5044417427e-07,0.0,0.0,-3.8026838729e-07,0.0,0.0,0.0,0.0,1.4364854328e-08,0.24298642307,0.020560505735,0.02798946811,0.033154722487
e854,ok,,3.2022224695,284100852.81,95769.077511,334417.08731,11694447.513,624864.61639,23981328.015,0.0,0.0,0.0,-3.5467700615e-08,9.9729990596e-09,-1.6438803921e-08,3.8850279356e-07,0.0,0.0,-1.644391692e-07,0.0,0.0,0.0,0.0,5.9727051981e-09,0.24233675315,0.023067273825,0.015748187541,0.03720655415
e855,ok,,3.2272419923,286320582.33,129973.51366,450649.25318,11714443.768,855371.87679,24405426.773,0.0,0.0,0.0,-3.1535882611e-08,9.8330665536e-09,-5.6543428068e-09,3.3824312777e-07,0.0,0.0,-8.2531969065e-08,0.0,0.0,0.0,0.0,1.2291581525e-09,0.24078910756,0.0272281009,0.010726970008,0.043962647786
e856,ok,,3.2553159185,288811298.22,171014.37316,589929.19682,11728289.489,1138151.4807,24868955.865,0.0,0.0,0.0,-2.7743219632e-08,9.661078691e-09,2.3425928104e-09,2.9398114216e-07,0.0,0.0,-2.6817616063e-08,0.0,0.0,0.0,0.0,-1.9366164441e-09,0.23873896537,0.031049925026,0.0045861978007,0.050275000749
e858,ok,,3.3186306578,294428575.47,260205.64881,884383.69434,11767824.429,1768494.3141,25951099.555,0.0,0.0,0.0,-2.1848535897e-08,9.1772799981e-09,1.2550806771e-08,2.2335865683e-07,0.0,0.0,4.6115488159e-08,0.0,0.0,0.0,0.0,-5.0380515415e-09,0.23308843688,0.036565363454,-0.011999510516,0.058119184216
e857,ok,,3.2856634639,291503729.37,212568.58093,728107.29154,11749545.241,1429318.5755,25389052.226,0.0,0.0,0.0,-2.5112014889e-08,9.4323925612e-09,7.3208962845e-09,2.6252838069e-07,0.0,0.0,9.3710622754e-09,0.0,0.0,0.0,0.0,-3.5327625559e-09,0.23625366217,0.034701057491,-0.0019919934097,0.055805285336
e862,ok,,3.4445755296,305602391.72,519371.08755,1619443.3291,11778700.894,3614726.1485,28011919.471,0.0,0.0,0.0,-5.0706775325e-14,8.081792312e-09,-1.1421047554e-13,3.564096512e-13,0.0,0.0,-4.6465355626e-09,0.0,0.0,0.0,0.0,-7.8057259986e-14,0.22638651542,1.1941487934e-07,0.0024132762285,1.8510886815e-07
e863,ok,,3.4898410283,309618342.18,641620.47422,1941343.9172,11742949.404,4504370.3255,28679330.31,0.0,0.0,0.0,-6.0178477486e-14,7.827945057e-09,-1.777308771e-13,4.8335993095e-13,0.0,0.0,-3.5716266132e-08,0.0,0.0,0.0,0.0,-7.9897273193e-14,0.22450022194,1.9027145785e-07,0.022916287613,3.1013362811e-07
e864,ok,,3.5341613148,313550433.51,765365.82721,2257259.9135,11708412.472,5423273.5751,29339855.472,0.0,0.0,0.0,-6.9405544879e-12,7.5968314952e-09,3.9320735108e-11,1.2968094342e-11,0.0,0.0,-5.2893700318e-08,0.0,0.0,0.0,0.0,-1.6641892252e-11,0.22288991751,1.7523923068e-05,0.040483030698,9.9253362531e-06
e874,ok,,3.1639876414,280708662.73,35804.792534,119283.34632,11696664.774,216413.32539,23406339.294,0.0,0.0,0.0,-2.8050742063e-08,1.0549890884e-08,2.4600112044e-08,3.0709031464e-07,0.0,0.0,2.5044393006e-07,0.0,0.0,0.0,0.0,-1.3973495314e-08,0.24494655993,0.0053298727771,-0.008967092957,0.010995305005
e904,ok,,3.1620571006,280537385.35,57331.092899,172356.13018,11665725.511,335751.45984,23319537.953,0.0,0.0,0.0,-2.7380245929e-08,1.0536975409e-08,-4.1299805395e-08,2.7735732971e-07,0.0,0.0,-2.6502225252e-06,0.0,0.0,0.0,0.0,-7.7852630659e-10,0.24555048393,0.0091287734033,0.1519401538,0.015901198836
e908,ok,,3.1668438928,280962069.07,53682.006368,173866.89673,11666422.349,329265.53938,23392605.107,0.0,0.0,0.0,-4.8417668342e-08,9.93809134e-09,-1.420702876e-07,5.64161672e-07,0.0,0.0,-2.551138141e-06,0.0,0.0,0.0,0.0,3.6149225035e-08,0.24592560962,0.018872159243,0.13695021393,0.030285330469
ea61009,ok,,3.1526837417,279705781.9,47032.686179,159749.79675,11633720.865,290061.83709,23115486.357,0.0,0.0,0.0,-3.7575938332e-15,1.0392703542e-08,-1.0895069251e-14,-1.2459105251e-13,0.0,0.0,1.8774603845e-07,0.0,0.0,0.0,0.0,-7.8653275827e-17,0.24023239695,1.084453833e-09,-0.008830200508,-5.8598518735e-09
ea61012,ok,,3.1953824074,283494003.19,84880.410447,279684.77971,11723074.595,530152.8338,23934113.577,0.0,0.0,0.0,-7.5615853947e-15,1.0055991724e-08,1.3188009801e-15,6.0470200881e-14,0.0,0.0,3.1818791897e-08,0.0,0.0,0.0,0.0,-1.0052323257e-14,0.24068124805,2.7261411332e-09,-0.0027007921161,5.1327354706e-09
ebambino7,ok,,3.1805932566,282181911.23,25660.334158,80211.968119,11769985.235,151059.96812,23798753.878,0.0,0.0,0.0,-1.6682908036e-07,1.0364625601e-08,-9.2917188044e-08,1.1822474597e-06,0.0,0.0,-2.4729631638e-06,0.0,0.0,0.0,0.0,3.0743167299e-09,0.24850896331,0.025316610156,0.063457061143,0.030336864873
ea81006,ok,,3.1509590101,279552763.88,24769.155219,77013.743607,11672963.012,143360.54081,23165228.524,0.0,0.0,0.0,-1.2766381373e-14,1.0561816818e-08,7.4985000061e-14,-9.7528654317e-14,0.0,0.0,-1.688142912e-06,0.0,0.0,0.0,0.0,-1.7926814868e-14,0.24466690022,1.2014019243e-09,0.041813873819,-2.415702377e-09
ec863914,ok,,3.1997176297,283878623.68,125700.24371,428467.46236,11629851.094,801662.42176,23822500.16,0.0,0.0,0.0,-3.4546660057e-08,9.4185222851e-09,-4.975279008e-08,3.4346621056e-07,0.0,0.0,-3.3477505701e-07,0.0,0.0,0.0,0.0,2.0143621235e-08,0.23760210788,0.031540162814,0.042081306253,0.043173786373
eh0009,ok,,3.1581639172,280191982.51,47525.314331,157806.32694,11659947.136,288836.40514,23248651.403,0.0,0.0,0.0,-3.9912091275e-13,1.0410346038e-08,8.0125605249e-12,-4.0064763624e-12,0.0,0.0,1.7527559956e-07,0.0,0.0,0.0,0.0,-4.4934072011e-12,0.24202650602,-1.9883577047e-07,-0.0083300279637,-1.9040904848e-07
eh1090,ok,,3.1572680406,280112500.44,47423.969275,159131.83993,11653028.484,289918.53493,23221229.185,0.0,0.0,0.0,-2.4329192312e-08,1.0631107535e-08,5.5610079012e-08,2.0807980004e-07,0.0,0.0,1.7325942292e-07,0.0,0.0,0.0,0.0,-3.2087545091e-08,0.24159011114,0.0048064468255,-0.0082166495494,0.0098679700437
eh1590,ok,,3.1610849267,280451134.19,47412.380624,160942.77214,11662326.089,292183.58316,23295476.41,0.0,0.0,0.0,-3.6190584573e-08,1.0889114672e-08,8.2476975843e-08,3.1215980069e-07,0.0,0.0,1.7922709463e-07,0.0,0.0,0.0,0.0,-4.7712552018e-08,0.24186399133,0.0072039293681,-0.0084975832288,0.014800239286
eh1070,ok,,3.1404555741,278620900.11,28681.833688,97785.95978,11620731.087,174779.3271,22907258.288,0.0,0.0,0.0,-4.0564383324e-08,1.0951689878e-08,9.1565596583e-08,3.4717322852e-07,0.0,0.0,3.2543539927e-07,0.0,0.0,0.0,0.0,-5.364241448e-08,0.24213899504,0.0048200478513,-0.0093340839982,0.0099575648015
eh2010,ok,,3.1722311893,281440029.47,59493.484625,202846.41587,11677102.571,370366.93991,23491801.319,0.0,0.0,0.0,-3.8123225259e-08,1.0982563016e-08,8.6980213364e-08,3.3134508078e-07,0.0,0.0,1.2973443902e-07,0.0,0.0,0.0,0.0,-5.0166854804e-08,0.24126959618,0.0096401408196,-0.007718353853,0.019712873469
eh2070,ok,,3.1436987816,278908637.15,28649.233945,102550.63936,11622157.207,179708.25386,22954670.439,0.0,0.0,0.0,-7.8491838705e-08,1.2001316589e-08,1.7408222597e-07,6.9321492157e-07,0.0,0.0,3.5304910514e-07,0.0,0.0,0.0,0.0,-1.0367550436e-07,0.24182074612,0.0096035469435,-0.010114586407,0.019860076463
eh2012,ok,,3.1901654231,283031152.87,84037.3407,281605.57593,11703209.907,524319.83947,23816183.17,0.0,0.0,0.0,-2.6839035081e-08,1.0589757098e-08,6.172887558e-08,2.3246265123e-07,0.0,0.0,6.6742778839e-08,0.0,0.0,0.0,0.0,-3.5176028543e-08,0.24033069996,0.0096430570292,-0.0056088856446,0.019535543022
eh2510,ok,,3.1823078966,282334033.92,58270.849919,201592.97894,11706815.272,367589.70588,23700830.457,0.0,0.0,0.0,-4.7791269442e-08,1.1330348005e-08,1.0970379332e-07,4.2235594458e-07,0.0,0.0,1.6849752958e-07,0.0,0.0,0.0,0.0,-6.2834524085e-08,0.24223088599,0.011979188356,-0.0098184942577,0.024611039859
eh3012_fix,ok,,3.2003464741,283934414.69,83753.937382,287445.73761,11720894.207,532384.75487,24004565.733,0.0,0.0,0.0,-3.9606217231e-08,1.1131118139e-08,9.1202304922e-08,3.5104289249e-07,0.0,0.0,7.0279619743e-08,0.0,0.0,0.0,0.0,-5.2156677685e-08,0.24058747626,0.014416629686,-0.0058861948712,0.029401224436
eiffel371,ok,,3.2279766948,286385765.06,129320.02983,408475.25366,11760250.39,796745.16979,24513548.722,0.0,0.0,0.0,-8.4488784377e-08,1.1820695599e-08,2.9744544708e-08,5.9830918829e-07,0.0,0.0,-3.1974309838e-07,0.0,0.0,0.0,0.0,-2.9289040719e-08,0.2412725534,0.061720478388,0.04134918702,0.077373362077
eiffel10,ok,,3.2261257567,286221550.03,3676.4588531,131936.04457,11852585.71,97856.81584,24655196.383,0.0,0.0,0.0,-4.7701046836e-07,1.9577735679e-08,-2.1154950751e-06,1.9977281276e-05,0.0,0.0,-3.0637330166e-05,0.0,0.0,0.0,0.0,-2.0682301319e-07,0.24446727613,0.041748118259,0.11263688373,0.073445652608
eiffel385,ok,,3.2374398077,287225331.49,98123.451925,380633.17344,11775498.762,671363.29456,24689862.734,0.0,0.0,0.0,-9.9059389564e-08,1.4833165557e-08,1.6130848033e-07,9.3711297689e-07,0.0,0.0,3.1265140629e-07,0.0,0.0,0.0,0.0,-7.5815420393e-08,0.24076223181,0.05439537939,-0.030678435234,0.091952760135
eiffel428,ok,,3.1881178217,282849489.88,47659.904567,193533.78144,11700375.834,331306.21744,23778130.391,0.0,0.0,0.0,-1.2283382732e-07,1.3491705768e-08,9.7077762417e-08,1.284199004e-06,0.0,0.0,-5.3146702433e-07,0.0,0.0,0.0,0.0,-7.8972647233e-08,0.2441655571,0.034331082188,0.02532966766,0.061204801975
eiffel430,ok,,3.2184423341,285539877.55,64428.471412,243497.42738,11777454.541,423655.58148,24398351.317,0.0,0.0,0.0,-1.2341373108e-07,1.4630925973e-08,1.2870646673e-07,1.1381732051e-06,0.0,0.0,-3.1331130648e-07,0.0,0.0,0.0,0.0,-9.0115706601e-08,0.2414826492,0.043129657947,0.020186168552,0.073330759807
falcon,ok,,3.2290215288,286478462.63,117891.62353,360623.46463,11826385.418,710020.48705,24662151.971,0.0,0.0,0.0,-1.6423946358e-08,1.0074274497e-08,2.8023412432e-08,1.3504932875e-07,0.0,0.0,-2.6628185711e-07,0.0,0.0,0.0,0.0,-1.7520236134e-08,0.24337498557,0.0086351962182,0.031392400451,0.015921184622
esa40,ok,,3.2282425071,286409347.91,69043.789494,230038.77527,11863532.296,431265.74517,24720951.627,0.0,0.0,0.0,-2.7797272877e-08,1.0789310918e-08,1.3668141072e-07,1.6292696217e-07,0.0,0.0,4.5164947217e-07,0.0,0.0,0.0,0.0,-7.3944590856e-08,0.24453182769,0.0041942938174,-0.031183591082,0.011249094879
fg1,ok,,3.1906995546,283078540.97,48522.729661,161329.9553,11762473.252,295636.28887,23943631.123,0.0,0.0,0.0,-1.1919159869e-07,1.2677042844e-08,5.6287654866e-08,9.8886332473e-07,0.0,0.0,-1.4037311854e-06,0.0,0.0,0.0,0.0,-6.9539678615e-08,0.24473313892,0.030218964607,0.068112868824,0.047982347778
fauvel,ok,,3.230368203,286597939.43,104230.72016,367895.15009,11778254.211,677241.21758,24579696.572,0.0,0.0,0.0,-2.4153145987e-08,1.0476962518e-08,9.2072242027e-08,1.9593812322e-07,0.0,0.0,4.7635614103e-07,0.0,0.0,0.0,0.0,-4.8623839442e-08,0.23768324076,0.0085401148085,-0.049650943634,0.020422771691
fg3,ok,,3.2046300351,284314451.78,70406.903472,241153.30589,11752235.291,443894.93849,24138850.936,0.0,0.0,0.0,-9.516387043e-08,1.2403363427e-08,3.6830951672e-08,8.3534612589e-07,0.0,0.0,-9.762717948e-07,0.0,0.0,0.0,0.0,-5.3832199665e-08,0.24433642531,0.036425337547,0.068736274019,0.058814134051
fg2,ok,,3.1854753622,282615051.15,44171.634439,152004.31313,11742589.393,273730.2064,23823252.304,0.0,0.0,0.0,-1.2439278416e-07,1.2937325714e-08,8.50124462e-08,1.0549263086e-06,0.0,0.0,-1.0174731978e-06,0.0,0.0,0.0,0.0,-7.748408194e-08,0.2452150618,0.028862257051,0.044943454142,0.046597819263
fg4,ok,,3.2456044566,287949698.3,112459.54045,368069.30667,11840169.783,700118.32652,24954773.712,0.0,0.0,0.0,-7.7287100693e-08,1.2213153153e-08,4.9970889083e-08,6.4541717763e-07,0.0,0.0,-5.0304213877e-07,0.0,0.0,0.0,0.0,-4.7114046654e-08,0.24081653401,0.046218482807,0.056571887752,0.072583319194
fx049915,ok,,3.2369386841,287180871.84,107865.46353,416369.05529,11699123.123,759032.49216,24515640.404,0.0,0.0,0.0,-5.5799525776e-08,1.1890806677e-08,8.5982181089e-08,5.957425952e-07,0.0,0.0,6.3895432471e-08,0.0,0.0,0.0,0.0,-4.8676402312e-08,0.24055747328,0.033513061591,-0.0068921104408,0.064260051174
fx05188,ok,,3.2422015698,287647794.53,195159.23344,635084.77637,11656580.638,1272653.2852,24515404.262,0.0,0.0,0.0,-1.4728242998e-08,9.6978073745e-09,-1.6827289243e-08,1.5224402629e-07,0.0,0.0,-2.9817945541e-07,0.0,0.0,0.0,0.0,4.0939802915e-09,0.23962010785,0.01999299218,0.058192473945,0.029711827466
fx05191,ok,,3.2396242632,287419136.16,210997.72616,665461.04129,11648237.168,1347449.7201,24463131.237,0.0,0.0,0.0,-1.3917253986e-08,9.7235567979e-09,-2.0052178862e-08,1.4097698292e-07,0.0,0.0,-4.1025691995e-07,0.0,0.0,0.0,0.0,3.966483022e-09,0.23968108782,0.020034413929,0.086563277249,0.029745822837
fx057816,ok,,3.219666265,285648464.58,137283.2549,499204.25035,11592598.222,939879.2753,24032927.122,0.0,0.0,0.0,-3.822277867e-08,1.0918441841e-08,3.1776551906e-08,4.0234052557e-07,0.0,0.0,-2.7440698446e-07,0.0,0.0,0.0,0.0,-2.7436370609e-08,0.23853243691,0.029794424523,0.037671483995,0.05523461693
fx082512,ok,,3.2022468229,284103013.44,62087.375182,258403.01664,11699110.721,438014.71077,23984932.161,0.0,0.0,0.0,-3.5529161957e-08,9.0731642556e-09,-1.0076949448e-07,5.2546626733e-07,0.0,0.0,3.4154796416e-07,0.0,0.0,0.0,0.0,7.1696748284e-08,0.24416196256,0.023253397788,-0.021205816594,0.032624821286
fx05h126,ok,,3.2026801358,284141456.91,78931.109785,319993.43308,11648250.853,565820.44242,23885355.124,0.0,0.0,0.0,-5.6157217447e-08,1.1931923458e-08,1.0032676671e-07,6.5290931769e-07,0.0,0.0,1.0312508994e-07,0.0,0.0,0.0,0.0,-5.8271186279e-08,0.24045533358,0.023873454645,-0.0081397777954,0.051534857035
fx08s176,ok,,3.2444965909,287851408.57,166558.27371,586771.26895,11633358.298,1136865.9,24499193.524,0.0,0.0,0.0,-3.6451625087e-08,1.0868404542e-08,2.7176885235e-08,3.6837465562e-07,0.0,0.0,-3.0319999861e-07,0.0,0.0,0.0,0.0,-2.5970627204e-08,0.23965652511,0.034396195382,0.050500468359,0.061355846719
fx3,ok,,3.2413447614,287571778.57,236395.24768,742590.19939,11560551.79,1517063.7656,24309779.999,0.0,0.0,0.0,-1.3221847468e-08,9.6879761496e-09,-4.381282921e-08,1.4560259958e-07,0.0,0.0,-5.8457671294e-07,0.0,0.0,0.0,0.0,1.2329004392e-08,0.24143646615,0.024583362005,0.13819115685,0.03441976259
fx2,ok,,3.2620645746,289410038.31,246397.8005,763158.42936,11645612.797,1584678.4297,24803506.532,0.0,0.0,0.0,-1.2314664672e-08,9.6322482008e-09,-3.5030047679e-08,1.3886823245e-07,0.0,0.0,-4.9628635406e-07,0.0,0.0,0.0,0.0,9.4207184265e-09,0.24341659414,0.023154217346,0.12228386606,0.034216827034
fx38153_fix,ok,,3.2057018288,284409541.21,160869.95157,483201.94029,11663657.442,971185.13466,23981028.185,0.0,0.0,0.0,-1.7544136378e-08,9.9850730996e-09,-2.3628770788e-08,1.404672411e-07,0.0,0.0,-7.8479217909e-07,0.0,0.0,0.0,0.0,2.9711074928e-09,0.24066424575,0.017733193913,0.12624947984,0.022596958272
fx601001,ok,,3.159377104,280299616.33,48325.809766,208585.36853,11595484.183,341284.35554,23140354.888,0.0,0.0,0.0,-6.9662545367e-08,1.0049543585e-08,1.9021829369e-08,8.2431800771e-07,0.0,0.0,9.0866418297e-07,0.0,0.0,0.0,0.0,1.2514283225e-08,0.23943050565,0.024797786723,-0.043911932447,0.039835835227
fx60100,ok,,3.1484024841,279325949.16,49325.038052,207660.03967,11565579.904,341315.71911,22920728.95,0.0,0.0,0.0,-7.124746063e-08,1.0039095958e-08,1.6228021348e-08,8.0966316443e-07,0.0,0.0,8.0349906365e-07,0.0,0.0,0.0,0.0,1.1620458182e-08,0.23657677441,0.025256603045,-0.039632621889,0.039936666395
fx60100sm,ok,,3.1511538682,279570051.68,49240.053287,206783.59753,11576685.371,340389.72793,22982906.249,0.0,0.0,0.0,-7.1093985231e-08,1.0040128638e-08,1.653851195e-08,8.0864236173e-07,0.0,0.0,8.0381087821e-07,0.0,0.0,0.0,0.0,1.1270295957e-08,0.2370161852,0.025109300915,-0.039579690476,0.039817592982
fx60126,ok,,3.1777826642,281932555.77,77930.952113,310552.68166,11612809.569,532880.14956,23450929.68,0.0,0.0,0.0,-4.5586120733e-08,9.8883747197e-09,1.4144296124e-08,5.1184554725e-07,0.0,0.0,6.0129765177e-07,0.0,0.0,0.0,0.0,7.015245366e-09,0.23588462882,0.025174102791,-0.046859698506,0.039888610832
fx601261,ok,,3.2067881376,284505918.42,77402.87786,311719.83868,11707834.949,540542.2812,24077717.308,0.0,0.0,0.0,-5.0757607133e-08,9.8694966982e-09,2.4314929747e-08,5.8540125883e-07,0.0,0.0,6.304794286e-07,0.0,0.0,0.0,0.0,3.423834139e-09,0.23989594299,0.027880712365,-0.048800922206,0.045311742137
fx60160,ok,,3.2235638201,285994255.27,135033.68246,449146.46093,11702278.791,875191.17314,24323002.502,0.0,0.0,0.0,-2.4947598272e-08,9.8494979169e-09,-1.9510471039e-08,2.6837285709e-07,0.0,0.0,-3.238921102e-07,0.0,0.0,0.0,0.0,4.3565615453e-09,0.24187937327,0.022756504508,0.043736344362,0.036239375167
fx60157,ok,,3.2163814759,285357038.42,151396.6189,477683.41344,11688700.274,943747.64932,24191049.754,0.0,0.0,0.0,-2.1066139508e-08,9.7989131556e-09,-2.2084703731e-08,1.8312892342e-07,0.0,0.0,-4.2924922815e-07,0.0,0.0,0.0,0.0,5.5929313469e-09,0.23972901635,0.021147098206,0.064986881809,0.027725099829
fx60177,ok,,3.2336768768,286891484.64,194418.62733,603158.07514,11688266.869,1212810.3613,24457846.915,0.0,0.0,0.0,-1.6384468433e-08,9.6507680132e-09,-1.8440146834e-08,1.3336650606e-07,0.0,0.0,-3.6552097857e-07,0.0,0.0,0.0,0.0,4.8328866805e-09,0.23837729594,0.021269240687,0.071064086913,0.02592893304
fx61140,ok,,3.1918629687,283181758.95,100859.42121,356357.97959,11638108.931,662805.0509,23711833.795,0.0,0.0,0.0,-3.028432726e-08,1.0095801583e-08,-2.6932957267e-09,2.7188244975e-07,0.0,0.0,1.2121797344e-08,0.0,0.0,0.0,0.0,1.3402897107e-09,0.24002769677,0.020285850334,-0.0012225974642,0.027421906519
fx61147,ok,,3.2204252187,285715798.87,115325.39276,399162.76962,11713502.857,760483.76364,24298602.398,0.0,0.0,0.0,-3.4374236724e-08,1.0033636034e-08,3.2864324119e-09,3.2338596401e-07,0.0,0.0,-5.0757266263e-08,0.0,0.0,0.0,0.0,-2.9088482143e-09,0.24195442691,0.025605943177,0.0058536016671,0.037294613312
fx61163,ok,,3.2128032289,285039576.71,138360.93951,475687.23062,11640880.084,911988.45219,24033135.726,0.0,0.0,0.0,-2.3043717382e-08,1.0013761864e-08,1.8084244485e-09,2.0933325482e-07,0.0,0.0,-9.6866527513e-08,0.0,0.0,0.0,0.0,-2.7273343771e-09,0.23928305325,0.020420567337,0.013402543754,0.028963545808
fx61168,ok,,3.2328535526,286818439.4,147504.57289,501993.77045,11695393.654,975950.7589,24450400.319,0.0,0.0,0.0,-2.5141771793e-08,9.916386071e-09,9.073482849e-10,2.3441976728e-07,0.0,0.0,-1.0272905231e-07,0.0,0.0,0.0,0.0,-2.4865814996e-09,0.24096631549,0.023952505689,0.015153004985,0.03457798765
fx61184,ok,,3.2414267572,287579053.24,174254.68774,595112.63111,11663088.221,1164823.9425,24514582.624,0.0,0.0,0.0,-1.9858021629e-08,9.7268816273e-09,-6.5772388207e-09,1.9869194792e-07,0.0,0.0,-1.1744184912e-07,0.0,0.0,0.0,0.0,1.5811296368e-09,0.23934617251,0.023571995849,0.020464792745,0.034623003342
fx62k153,ok,,3.2124828357,285011151.46,132271.61874,447667.17355,11646908.999,866636.36026,24043969.235,0.0,0.0,0.0,-3.4147583334e-08,9.8232219146e-09,-3.7882950937e-08,3.5178239157e-07,0.0,0.0,-5.4114134524e-07,0.0,0.0,0.0,0.0,7.0453093749e-09,0.24119317322,0.031067397163,0.071577641701,0.046530826376
fx63100,ok,,3.1688702763,281141849.61,49974.804921,217201.11099,11620286.359,356911.50981,23332547.718,0.0,0.0,0.0,-8.7948326542e-08,1.0042829696e-08,1.69649617e-08,1.0127198399e-06,0.0,0.0,5.0014599088e-07,0.0,0.0,0.0,0.0,5.9287594632e-09,0.23866598062,0.0318949424,-0.024994698326,0.050610476437
fx63110,ok,,3.1811399339,282230412.39,61187.713778,256727.65648,11641485.566,431928.32632,23558368.883,0.0,0.0,0.0,-7.2657935155e-08,9.978956599e-09,1.7981457945e-08,8.2692013423e-07,0.0,0.0,4.8364068249e-07,0.0,0.0,0.0,0.0,4.578773736e-09,0.23847224142,0.031854774294,-0.029592867652,0.050597352491
fx63120,ok,,3.1973807679,283671297.53,71575.38406,308185.51685,11654336.423,518477.47415,23830075.637,0.0,0.0,0.0,-7.2557277391e-08,9.8391669678e-09,1.4050830913e-08,8.4724096916e-07,0.0,0.0,3.2993478605e-07,0.0,0.0,0.0,0.0,4.3360277615e-09,0.23835400522,0.038155362482,-0.023615209027,0.060641597759
fx63137,ok,,3.2299241286,286558541.2,93783.980914,399985.00685,11704543.984,688636.39342,24427843.557,0.0,0.0,0.0,-6.2133458315e-08,9.5829355558e-09,9.861018703e-09,7.3514756692e-07,0.0,0.0,2.3180248973e-07,0.0,0.0,0.0,0.0,4.3121313498e-09,0.23859537892,0.04349626205,-0.021739360272,0.068945065385
fx63137sm,ok,,3.2273995127,286334557.53,93572.906238,396625.4187,11697740.125,685436.66239,24375723.832,0.0,0.0,0.0,-6.228728549e-08,9.5586400938e-09,8.8665858999e-09,7.3417592544e-07,0.0,0.0,2.3749214145e-07,0.0,0.0,0.0,0.0,4.9978077191e-09,0.23819716062,0.043510501866,-0.022222829884,0.068698975033
fx63143,ok,,3.2009312141,283986292.76,117895.09485,388521.20422,11670480.409,743829.00352,23915294.571,0.0,0.0,0.0,-3.1271910919e-08,1.0559467474e-08,2.9476775562e-08,2.7877148485e-07,0.0,0.0,-3.2122846033e-07,0.0,0.0,0.0,0.0,-2.2921534223e-08,0.23970590652,0.019179796253,0.0378712598,0.032865790649
fx63145,ok,,3.2270305795,286301825.81,100873.05531,386658.70014,11726033.209,699218.13936,24423862.242,0.0,0.0,0.0,-4.683564351e-08,1.022749625e-08,4.1076025371e-08,4.799657914e-07,0.0,0.0,4.1845944048e-07,0.0,0.0,0.0,0.0,-1.1974267263e-08,0.24019942448,0.030739450369,-0.042211282284,0.048415615822
fx63147_fix,ok,,3.1817783358,282287051.34,128319.95487,420362.39654,11589231.765,804297.06215,23468431.887,0.0,0.0,0.0,-3.07579671e-08,1.0231367857e-08,-3.970848366e-09,2.6238432621e-07,0.0,0.0,-4.1069961936e-07,0.0,0.0,0.0,0.0,-6.3022333396e-09,0.23644885333,0.023540640928,0.052700956622,0.033669144899
fx63158,ok,,3.231417881,286691066.75,128889.82988,452776.37175,11704697.435,865141.44479,24447757.406,0.0,0.0,0.0,-3.5083725047e-08,1.001342713e-08,6.6328029024e-09,3.3349494642e-07,0.0,0.0,-5.9814263663e-08,0.0,0.0,0.0,0.0,-5.2016063154e-09,0.24094085752,0.029268735033,0.0077094502678,0.042984106909
fx6617a2,ok,,3.2444888526,287850722.03,163864.81755,573146.7337,11672915.846,1111765.4061,24580251.506,0.0,0.0,0.0,-2.5649549623e-08,1.0038080573e-08,1.3258319272e-08,2.7310803441e-07,0.0,0.0,-7.241664072e-08,0.0,0.0,0.0,0.0,-9.1378427646e-09,0.24030681473,0.026077791245,0.011866539619,0.04475279823
fx6617ai,ok,,3.2549429445,288778208.01,172327.57205,602083.18964,11688743.786,1175229.8496,24773144.086,0.0,0.0,0.0,-2.2388024835e-08,9.9060582226e-09,1.0107978168e-08,2.4673723727e-07,0.0,0.0,-5.5820348794e-08,0.0,0.0,0.0,0.0,-7.0633696448e-09,0.24078249263,0.024314078648,0.0096193851789,0.042519629034
fx66182_fix,ok,,3.2386120269,287329330.65,164039.2725,574906.70833,11651934.525,1110708.262,24447248.775,0.0,0.0,0.0,-2.5659319789e-08,1.0042818678e-08,1.2073390109e-08,2.7150515806e-07,0.0,0.0,-7.9598018425e-08,0.0,0.0,0.0,0.0,-8.7513498432e-09,0.23939750569,0.02617561878,0.013057201035,0.04453750861
fx66h60,ok,,3.1545027184,279867161.33,19657.082424,73405.086347,11676135.884,124411.84013,23214894.715,0.0,0.0,0.0,-8.0485767368e-08,1.2294282768e-08,3.021432908e-07,5.5555312119e-07,0.0,0.0,2.3869555463e-06,0.0,0.0,0.0,0.0,-1.7658109606e-07,0.24422394913,0.0046503380095,-0.046920581918,0.010920553494
fx66a175,ok,,3.2336441567,286888581.71,138600.81986,521852.53948,11644024.337,969330.61599,24354385.505,0.0,0.0,0.0,-3.2694653465e-08,1.0188668495e-08,2.5592799252e-08,3.6537091263e-07,0.0,0.0,1.2863910703e-07,0.0,0.0,0.0,0.0,-1.0985213192e-08,0.23963065601,0.029143710535,-0.0178294857,0.050640708043
fx66s161,ok,,3.2250172724,286123205.41,125570.69174,463693.33139,11670220.602,862644.06774,24277756.068,0.0,0.0,0.0,-3.340926948e-08,1.0188217148e-08,2.1942666971e-08,3.7323277458e-07,0.0,0.0,9.0760346826e-08,0.0,0.0,0.0,0.0,-1.0254592319e-08,0.24015191988,0.026698075407,-0.011396839533,0.046867097683
fx66196v,ok,,3.2530472818,288610025.0,187705.89206,654828.37203,11647108.021,1282305.1118,24658768.952,0.0,0.0,0.0,-2.2687708506e-08,9.8433139645e-09,1.1264677351e-09,2.5144545814e-07,0.0,0.0,-1.3177791476e-07,0.0,0.0,0.0,0.0,-4.0277159861e-09,0.2398277444,0.027854695459,0.024735491043,0.047197794023
fx66h80,ok,,3.1632757152,280645500.71,32068.952505,124778.62018,11669614.241,212756.66672,23334265.63,0.0,0.0,0.0,-7.94463058e-08,1.2493652195e-08,2.2979918002e-07,7.7746509233e-07,0.0,0.0,1.5382867908e-06,0.0,0.0,0.0,0.0,-1.2234899413e-07,0.24307469374,0.010582601444,-0.049331246034,0.02493249112
fx66s171,ok,,3.2336363572,286887889.74,141119.53658,515302.52842,11669515.044,968770.07629,24408020.272,0.0,0.0,0.0,-2.9570037716e-08,1.0072280742e-08,1.914151146e-08,3.2914811405e-07,0.0,0.0,7.578435044e-08,0.0,0.0,0.0,0.0,-8.9419360357e-09,0.23957296443,0.026573300456,-0.010694652414,0.046449229321
fx67k170,ok,,3.2359516123,287093298.94,164131.8963,565428.21385,11633110.062,1108849.9339,24370844.067,0.0,0.0,0.0,-3.3335151997e-08,1.0416115095e-08,-4.6747785638e-09,3.5976868944e-07,0.0,0.0,-5.0619611551e-07,0.0,0.0,0.0,0.0,-1.3733696011e-08,0.2414160152,0.033295342918,0.083082928337,0.059049517225
fx66s196,ok,,3.2540642544,288700250.71,193182.48924,663906.47628,11647720.567,1311836.1642,24674905.682,0.0,0.0,0.0,-2.1100135746e-08,9.8441946063e-09,-5.6471837943e-11,2.3123487144e-07,0.0,0.0,-1.6947662307e-07,0.0,0.0,0.0,0.0,-4.0730628117e-09,0.24011534932,0.026397734935,0.032739915913,0.044670528064
fx67k150,ok,,3.2137971471,285127757.03,126466.20816,447977.46889,11624124.097,857785.49126,24014929.76,0.0,0.0,0.0,-4.1094897897e-08,1.0679258313e-08,-7.7083330185e-09,4.4868645456e-07,0.0,0.0,-6.5486635167e-07,0.0,0.0,0.0,0.0,-1.6451909458e-08,0.242481446,0.031835234666,0.082818464346,0.05674367456
fx68h120,ok,,3.2001884278,283920392.83,87959.394518,296371.12934,11729900.812,548474.32606,24026646.483,0.0,0.0,0.0,-3.4016029958e-08,1.0546172406e-08,4.986840018e-08,3.3938931918e-07,0.0,0.0,1.1713778933e-08,0.0,0.0,0.0,0.0,-2.7876193369e-08,0.24083265239,0.014978322123,-0.0010303369024,0.029852479021
fx69274,ok,,3.3773909819,299641785.47,425056.67629,1284587.7325,11801662.981,2815627.2139,26969503.495,0.0,0.0,0.0,-8.3576116484e-09,8.7998330328e-09,4.654788454e-09,8.3735802394e-08,0.0,0.0,-1.1405047335e-07,0.0,0.0,0.0,0.0,-4.2643816822e-09,0.23458255304,0.020718643113,0.048477915132,0.035592461852
fx69h083,ok,,3.1848152773,282556488.48,45278.395878,150182.50729,11745540.19,282420.70465,23816360.623,0.0,0.0,0.0,-6.5611130047e-08,1.1419801794e-08,6.2005342043e-08,6.3704977808e-07,0.0,0.0,-1.2523588539e-06,0.0,0.0,0.0,0.0,-5.5526879379e-08,0.24740552471,0.014653790761,0.05670479997,0.028844592046
fx69h098,ok,,3.198417159,283763246.04,63814.716877,199150.21257,11788810.807,380015.51742,24112784.727,0.0,0.0,0.0,-3.7073227564e-08,1.0667170085e-08,5.2646632743e-08,3.108842033e-07,0.0,0.0,-4.5189894157e-07,0.0,0.0,0.0,0.0,-3.3898186936e-08,0.24565622892,0.010925740627,0.028837803013,0.019838987415
fx69pr281,ok,,3.4344423892,304703380.54,375911.61208,1321950.9871,11826371.115,2757714.233,27967025.114,0.0,0.0,0.0,-1.3980203398e-08,7.7970247309e-09,6.27684125e-09,1.678368932e-07,0.0,0.0,1.362899856e-07,0.0,0.0,0.0,0.0,1.417208886e-09,0.21958396002,0.039412264333,-0.051232988197,0.063091837089
fx71089a,ok,,3.1901107023,283026298.05,50078.622778,166135.52892,11777253.488,301400.74287,23962487.48,0.0,0.0,0.0,-2.373999462e-14,1.0039627394e-08,-1.3137315156e-13,2.5261797585e-13,0.0,0.0,9.0957217646e-07,0.0,0.0,0.0,0.0,-2.423724223e-14,0.24057444574,5.3978261424e-09,-0.045550121914,1.265076032e-08
fx71120,ok,,3.215620403,285289516.11,89602.374165,291822.25197,11809970.338,545245.21197,24422697.906,0.0,0.0,0.0,-1.3427286945e-14,9.751861182e-09,6.8251023304e-14,1.9128297168e-13,0.0,0.0,3.6366492165e-07,0.0,0.0,0.0,0.0,1.7416779676e-15,0.23816675967,7.5473369725e-09,-0.032585240381,1.71394084e-08
fx711520,ok,,3.2175622019,285461792.31,114205.41549,399862.98683,11713606.873,756695.85384,24249181.423,0.0,0.0,0.0,9.4135769262e-15,9.8409428014e-09,-2.238560198e-14,2.6098775717e-14,0.0,0.0,2.4982709481e-07,0.0,0.0,0.0,0.0,1.8132312486e-14,0.23863480737,-3.8489909914e-09,-0.028531607162,2.9806215244e-09
fx711525,ok,,3.2178147451,285484197.92,118906.67522,403922.09779,11722397.01,772983.34136,24272444.564,0.0,0.0,0.0,1.9892342534e-15,9.8432241985e-09,8.3128658338e-14,1.3109757244e-13,0.0,0.0,1.1887069668e-07,0.0,0.0,0.0,0.0,3.1386709687e-14,0.23891911369,4.2588681357e-09,-0.014134519324,1.5588376468e-08
fx711530,ok,,3.2180231,285502683.15,118500.8861,403112.96501,11724344.093,769853.32291,24279306.485,0.0,0.0,0.0,-1.0711773155e-14,9.8409324499e-09,5.8156458423e-14,2.0118530321e-16,0.0,0.0,1.4499510538e-07,0.0,0.0,0.0,0.0,-2.5991211602e-14,0.23893101505,3.4656229788e-09,-0.017182048468,2.38406367e-11
fx71l150,ok,,3.2180231,285502683.15,118500.8861,403112.96501,11724344.093,769853.32291,24279306.485,0.0,0.0,0.0,-1.0711773155e-14,9.8409324499e-09,5.8156458423e-14,2.0118530321e-16,0.0,0.0,1.4499510538e-07,0.0,0.0,0.0,0.0,-2.5991211602e-14,0.23893101505,3.4656229788e-09,-0.017182048468,2.38406367e-11
fx72150a,ok,,3.2480786838,288169211.49,107934.17399,536295.16517,11580502.502,899141.38679,24450508.542,0.0,0.0,0.0,-6.3898675265e-08,9.9327447645e-09,-1.9397679581e-08,9.1667074184e-07,0.0,0.0,-2.5564903831e-07,0.0,0.0,0.0,0.0,-3.8847104242e-09,0.23740042829,0.056625443842,0.027593267782,0.098940099345
fx73170,ok,,3.2499552886,288335703.68,157538.9794,540717.10421,11695645.883,1072983.0621,24712225.24,0.0,0.0,0.0,-2.8780544888e-08,9.8529102847e-09,-2.1262953362e-08,3.2795032864e-07,0.0,0.0,-4.0212799179e-07,0.0,0.0,0.0,0.0,4.2390113396e-10,0.24381078111,0.030991938473,0.063350833417,0.051664960069
fx73170a,ok,,3.2562691366,288895867.63,167195.89106,575129.27361,11693426.405,1141520.1601,24807971.171,0.0,0.0,0.0,-3.5470489403e-08,1.0308414231e-08,-1.1253626823e-08,3.918138252e-07,0.0,0.0,-5.1974596344e-07,0.0,0.0,0.0,0.0,-1.2340495037e-08,0.24328183509,0.037070898963,0.086899389483,0.065509661634
fx73cl2152,ok,,3.2825959889,291231583.3,101910.83919,480982.92412,11808986.859,802851.99734,25467806.102,0.0,0.0,0.0,-5.9680022821e-08,9.2947008258e-09,5.447473102e-08,7.766706219e-07,0.0,0.0,7.1335415049e-07,0.0,0.0,0.0,0.0,9.4950240903e-10,0.23787414587,0.0480955882,-0.072698520114,0.079151154849
fx73cl1152,ok,,3.2736865864,290441142.01,102144.03887,471696.63207,11784601.097,793791.89113,25271016.168,0.0,0.0,0.0,-5.4671843881e-08,1.0454856658e-08,1.0179202543e-07,7.1608389537e-07,0.0,0.0,8.628264736e-07,0.0,0.0,0.0,0.0,-2.5625263071e-08,0.2359883737,0.038614299617,-0.088132580855,0.073143701241
fx73cl3152,ok,,3.2963194625,292449128.49,101523.26385,550007.32739,11755703.586,878705.53809,25572253.09,0.0,0.0,0.0,-6.5184838722e-08,1.000763331e-08,7.0030338417e-08,9.7995737967e-07,0.0,0.0,5.0287993172e-07,0.0,0.0,0.0,0.0,-1.3094223312e-08,0.23670307849,0.054562262533,-0.051054011994,0.09948847162
fx73k170,ok,,3.251125889,288439559.23,157350.0137,546983.2474,11702255.9,1075449.1712,24745979.948,0.0,0.0,0.0,-3.0052501225e-08,9.8556949283e-09,-1.5639002664e-08,3.4476360099e-07,0.0,0.0,-3.1716106089e-07,0.0,0.0,0.0,0.0,-6.0126562962e-10,0.24340783711,0.032162556635,0.049905297275,0.054248557338
fx74080,ok,,3.1856463883,282630224.56,40606.506664,163853.81907,11699822.48,290655.60917,23740069.623,0.0,0.0,0.0,-1.0263722889e-07,1.0817965428e-08,-1.4388899807e-07,1.2637588713e-06,0.0,0.0,-3.1962241459e-06,0.0,0.0,0.0,0.0,-1.2575700619e-08,0.24790946868,0.028926319376,0.12978749708,0.051316833028
fx74130wp1,ok,,3.1988116449,283798244.79,105739.21487,349588.43801,11660893.007,678832.12535,23864647.111,0.0,0.0,0.0,-3.996437084e-08,1.0304960417e-08,-4.6782509147e-08,4.2244581129e-07,0.0,0.0,-1.1811839992e-06,0.0,0.0,0.0,0.0,-3.5129676364e-09,0.24364841647,0.02654822209,0.1248974687,0.044669088412
fx74130wp2,ok,,3.1962651161,283572317.02,101269.06542,344851.34338,11643584.061,662763.38946,23789072.33,0.0,0.0,0.0,-4.2546782904e-08,1.0553906026e-08,-2.9884898534e-08,4.5486508022e-07,0.0,0.0,-1.0838264948e-06,0.0,0.0,0.0,0.0,-1.1350645578e-08,0.24343883427,0.026368645374,0.10975809621,0.046063761567
fx74130wp2mod,ok,,3.1950376368,283463415.18,99460.583858,336747.33404,11650444.134,646904.4585,23785079.14,0.0,0.0,0.0,-4.3094391935e-08,1.0574456501e-08,-2.5853313177e-08,4.5340480536e-07,0.0,0.0,-1.0516947887e-06,0.0,0.0,0.0,0.0,-1.2269827362e-08,0.24336212548,0.02594797088,0.10460217773,0.045095906665
fx74cl5140,ok,,3.2798559227,290988484.9,89587.774018,521770.00479,11659555.969,825547.33361,25110060.501,0.0,0.0,0.0,-8.8661429825e-08,1.1309327916e-08,4.9275662897e-08,1.3116623624e-06,0.0,0.0,1.0896939081e-07,0.0,0.0,0.0,0.0,-2.561781041e-08,0.23676325856,0.068218532617,-0.009762325159,0.11750891131
fx74cl6140,ok,,3.2441409473,287819855.9,90520.510789,426367.61037,11680580.149,719652.79299,24593932.212,0.0,0.0,0.0,-7.3220472414e-08,1.1444521787e-08,8.8394417698e-08,9.2120930267e-07,0.0,0.0,4.3955430067e-07,0.0,0.0,0.0,0.0,-3.384142402e-08,0.23743739358,0.046939447373,-0.039788679816,0.083388336621
fx74modsm,ok,,3.2890489716,291804091.27,76070.891153,487977.51972,11719788.247,742388.35605,25383358.012,0.0,0.0,0.0,-9.6536838845e-08,1.1058529709e-08,4.2887893471e-08,1.5471337526e-06,0.0,0.0,1.0415377845e-07,0.0,0.0,0.0,0.0,-2.2126185725e-08,0.24037328038,0.067738233303,-0.0079230707435,0.11769184329
fx75141,ok,,3.2289528849,286472372.55,110446.13792,384720.82619,11750328.803,737121.62457,24502731.901,0.0,0.0,0.0,-3.1299762789e-08,9.7989327874e-09,-1.6060421019e-08,3.5646816674e-07,0.0,0.0,-1.6046798207e-07,0.0,0.0,0.0,0.0,5.4254311059e-09,0.24316377099,0.024044589673,0.017723068879,0.039370532307
fx75193,ok,,3.2645238805,289628227.67,203276.6679,669736.68945,11676369.219,1363239.0052,24898572.863,0.0,0.0,0.0,-1.8733264115e-08,9.6586353884e-09,-1.9894401021e-08,2.0814201065e-07,0.0,0.0,-3.335306053e-07,0.0,0.0,0.0,0.0,3.0248916254e-09,0.24240531122,0.026537988471,0.067798990086,0.042310414373
fx75vg166,ok,,3.2403572592,287484167.49,161665.21574,514666.58313,11707189.408,1047390.6826,24588129.478,0.0,0.0,0.0,-1.701383375e-08,1.006905004e-08,2.4999243656e-09,1.6560809417e-07,0.0,0.0,-4.8056494473e-07,0.0,0.0,0.0,0.0,-8.4618758701e-09,0.24385110482,0.015660190402,0.077690635466,0.026773068273
fx76100,ok,,3.1976210406,283692614.5,63720.343549,202301.2967,11789514.791,381830.15217,24101541.853,0.0,0.0,0.0,1.301726111e-14,1.0134697781e-08,1.1404031632e-14,4.5453511558e-14,0.0,0.0,7.8184909641e-08,0.0,0.0,0.0,0.0,4.6881470984e-14,0.24426184272,-5.9791036214e-10,-0.0049819693027,2.896313372e-09
fx76120,ok,,3.2142058643,285164018.38,91183.714181,288066.83201,11809655.807,550964.21598,24398620.538,0.0,0.0,0.0,9.0305237788e-16,9.9357938805e-09,1.5907132377e-13,2.1220888742e-13,0.0,0.0,3.032032371e-08,0.0,0.0,0.0,0.0,3.7852547476e-14,0.24241966463,4.5582093206e-09,-0.002764719731,1.9349994537e-08
fx76mp120,ok,,3.2523914789,288551842.23,89086.389952,409742.99872,11727461.238,701931.46086,24825301.278,0.0,0.0,0.0,-7.6004584562e-08,1.028785389e-08,-3.6786222508e-08,1.0206845216e-06,0.0,0.0,-5.6954649579e-07,0.0,0.0,0.0,0.0,-9.6509553123e-09,0.2426049949,0.051708969991,0.05073884122,0.090929099312
fx76mp140,ok,,3.2668078681,289830862.82,120251.47088,488589.40087,11751658.663,889376.38679,25099729.311,0.0,0.0,0.0,-5.6479652739e-08,1.0009946369e-08,-1.5452728489e-08,7.0870846959e-07,0.0,0.0,-3.3243329466e-07,0.0,0.0,0.0,0.0,-7.7275102111e-09,0.24149178547,0.048574356054,0.039975592653,0.085223235895
fx76mp160,ok,,3.2750014333,290557795.1,156741.40478,571472.76574,11769933.22,1090977.9846,25267309.82,0.0,0.0,0.0,-3.9189457957e-08,9.5826386009e-09,-7.0461990743e-09,4.5886528168e-07,0.0,0.0,-1.584860398e-07,0.0,0.0,0.0,0.0,-2.5012828369e-09,0.23942347896,0.042101814079,0.024841324517,0.071923188855
fx77080,ok,,3.1859125723,282653840.38,41140.537289,132259.93011,11778564.57,244828.16699,23899631.919,0.0,0.0,0.0,1.5960410385e-14,1.0269813329e-08,2.2101333431e-13,1.0892118174e-13,0.0,0.0,4.4841331391e-07,0.0,0.0,0.0,0.0,6.5203402831e-14,0.24544475843,1.0631191033e-11,-0.018447964662,4.4810759389e-09
fx77w121,ok,,3.2200048914,285678507.47,73279.321621,287897.69296,11748427.106,510454.02705,24355575.942,0.0,0.0,0.0,-6.5528491062e-08,1.2293225986e-08,1.339041986e-07,7.099716877e-07,0.0,0.0,4.1295296043e-07,0.0,0.0,0.0,0.0,-6.8699405993e-08,0.2430642397,0.024956920774,-0.030260912801,0.052026243645
fx77w153,ok,,3.2528976238,288596747.36,120953.93342,431742.36533,11799416.488,806793.70456,24975942.202,0.0,0.0,0.0,-4.0040297401e-08,1.1002804012e-08,8.673119197e-08,3.9755194493e-07,0.0,0.0,2.5158268634e-07,0.0,0.0,0.0,0.0,-4.3108141779e-08,0.23968053708,0.023998356405,-0.030429915493,0.048085471477
fx77w258,ok,,3.3747688909,299409153.82,342363.25867,1115431.9924,11795446.118,2367623.0671,26900206.667,0.0,0.0,0.0,-1.3314617536e-08,9.0470109117e-09,2.3688366574e-08,1.1759305284e-07,0.0,0.0,9.6376595254e-09,0.0,0.0,0.0,0.0,-1.1845772662e-08,0.23311111942,0.025007675297,-0.0032995805211,0.040259540767
fx77w270,ok,,3.4206555144,303480210.41,401914.84332,1200085.6295,11960159.249,2659774.1768,28031831.755,0.0,0.0,0.0,-1.1866846712e-08,8.891450766e-09,1.8988030127e-08,9.7324812285e-08,0.0,0.0,-8.9022931244e-08,0.0,0.0,0.0,0.0,-1.0841818821e-08,0.23942188824,0.024681672743,0.035779637463,0.039116286681
fx77w270s,ok,,3.3863682011,300438243.44,399802.01704,1216100.4583,11842068.453,2654356.6329,27199473.426,0.0,0.0,0.0,-1.1841762697e-08,8.9359132153e-09,1.7435726516e-08,9.6245173011e-08,0.0,0.0,-8.7358645e-08,0.0,0.0,0.0,0.0,-1.0282892147e-08,0.23406003227,0.025064429433,0.034926162477,0.0384790143
fx77w343,ok,,3.516120837,311949884.14,615041.05897,1819872.8711,11866822.425,4293516.8972,29412468.984,0.0,0.0,0.0,-8.0635888337e-09,8.1578822528e-09,1.4059273967e-08,6.634395959e-08,0.0,0.0,-6.0739483105e-08,0.0,0.0,0.0,0.0,-7.4724855715e-09,0.23204466679,0.027209250532,0.03735727601,0.040804259163
fx78k140,ok,,3.2233166803,285972329.05,116541.42938,407264.85917,11683840.147,788412.52472,24278872.629,0.0,0.0,0.0,-3.9503341671e-08,1.0907596551e-08,6.2665506006e-09,4.4704617044e-07,0.0,0.0,-7.7332810494e-07,0.0,0.0,0.0,0.0,-2.5645788801e-08,0.24531978109,0.026195769383,0.090124762725,0.0520993997
fx78k140a20,ok,,3.223149016,285957453.89,116449.3441,401509.04783,11688301.574,781325.87996,24284669.746,0.0,0.0,0.0,-3.9657164767e-08,1.0738636175e-08,-1.9900819145e-09,4.3455361554e-07,0.0,0.0,-7.5604357785e-07,0.0,0.0,0.0,0.0,-2.0420079315e-08,0.24535023719,0.027077794612,0.088040778754,0.050603483507
fx78k150,ok,,3.2297694702,286544819.92,131420.86869,451793.9662,11679509.645,885966.84466,24367505.369,0.0,0.0,0.0,-3.287204376e-08,1.045816916e-08,-9.095680601e-09,3.7965049768e-07,0.0,0.0,-6.7630391557e-07,0.0,0.0,0.0,0.0,-1.3948869105e-08,0.24490003084,0.02610114603,0.08888044808,0.049893998203
fx78k161,ok,,3.2372496764,287208463.05,149403.55993,490522.47318,11695661.234,981647.4982,24514512.851,0.0,0.0,0.0,-1.9790001254e-08,1.0314360333e-08,2.0022645984e-08,2.0853829936e-07,0.0,0.0,-4.4918018037e-07,0.0,0.0,0.0,0.0,-1.888092475e-08,0.24376917478,0.014914025807,0.067109117995,0.031156364305
fx79l100,ok,,3.1929652407,283279552.41,54806.6963,184165.14808,11766722.495,345097.80864,23981552.942,0.0,0.0,0.0,6.5190689351e-15,1.0224522326e-08,-1.4673163748e-15,1.8464461052e-13,0.0,0.0,4.9092696096e-07,0.0,0.0,0.0,0.0,2.3144418327e-14,0.24519992346,-2.9128302613e-10,-0.026906084855,1.0119761092e-08
fx79k144,ok,,3.2246930864,286094443.66,127645.53929,404651.52436,11735316.672,810944.47892,24407109.627,0.0,0.0,0.0,-2.437570232e-08,1.0214464977e-08,-6.9830422912e-09,2.5415036236e-07,0.0,0.0,-6.9428587293e-07,0.0,0.0,0.0,0.0,-8.7892977511e-09,0.24505194818,0.018021648063,0.088622494673,0.032441160065
fx78pk188,ok,,3.2399072874,287444246.03,205889.07263,644204.92968,11651596.069,1318526.9942,24470668.708,0.0,0.0,0.0,-1.2748025177e-08,9.9222638538e-09,-9.6055658646e-09,1.336567802e-07,0.0,0.0,-5.0084027452e-07,0.0,0.0,0.0,0.0,-2.2286236412e-09,0.24188554247,0.016097981468,0.10311753966,0.027518470526
fx79w151a,ok,,3.2373262239,287215254.34,134455.10142,455436.83215,11751264.209,878744.94348,24636851.353,0.0,0.0,0.0,-3.0234056955e-08,1.0308957296e-08,2.2547574047e-08,3.3428771443e-07,0.0,0.0,-2.0726521395e-07,0.0,0.0,0.0,0.0,-1.7875280975e-08,0.2422149381,0.022769185075,0.027867865361,0.044946688546
fx79l120,ok,,3.2079722882,284610976.14,78541.986547,262771.6883,11779392.583,498369.10785,24236807.625,0.0,0.0,0.0,1.9459403781e-14,1.0051362131e-08,7.2846952419e-14,-1.2324922813e-14,0.0,0.0,3.1827723806e-07,0.0,0.0,0.0,0.0,4.7035294562e-14,0.24361293035,-3.9874501571e-09,-0.02499812655,-9.6802392175e-10
fx79w470a,ok,,3.7841943685,335733340.68,1373990.2538,3309031.1993,12163246.737,9395007.9166,35046762.205,0.0,0.0,0.0,-3.08102776e-09,7.1693122717e-09,5.0939708533e-09,1.9005140667e-08,0.0,0.0,-1.2612086328e-07,0.0,0.0,0.0,0.0,-3.0442109523e-09,0.24789167938,0.021880973446,0.17328883696,0.026112878049
fx79w660a,ok,,4.2283504637,375138824.41,2855528.8665,6183814.13,11966639.532,22258195.669,43237602.885,0.0,0.0,0.0,-8.0641512198e-10,6.0229304405e-09,1.9629090033e-09,5.0001365138e-09,0.0,0.0,-8.4993368656e-08,0.0,0.0,0.0,0.0,-8.8826072381e-10,0.25951756106,0.01282875515,0.24270101766,0.014278034152
fx83w108,ok,,3.2142676648,285169501.31,69353.827677,262521.3076,11768070.953,470580.23475,24313223.517,0.0,0.0,0.0,-5.5905469065e-08,9.7794877327e-09,-3.103930583e-08,6.8973622557e-07,0.0,0.0,-2.9505433069e-07,0.0,0.0,0.0,0.0,1.0495270673e-08,0.24447807289,0.027516137877,0.020463147206,0.04783584733
fx80080,ok,,3.1764698227,281816080.6,41602.331789,136893.9012,11722201.797,259250.86252,23644898.56,0.0,0.0,0.0,-6.1011048579e-08,1.0400577086e-08,-5.0907798255e-08,6.3122002679e-07,0.0,0.0,-1.8083613363e-06,0.0,0.0,0.0,0.0,1.7717238555e-09,0.24658315411,0.015930431171,0.075232048306,0.026260224986
fx83w160,ok,,3.2513194251,288456729.73,153508.8178,504716.08245,11786180.994,989477.77809,24926642.99,0.0,0.0,0.0,-2.1500044429e-08,9.3766711209e-09,-3.5814605926e-08,2.5416043159e-07,0.0,0.0,-2.425704145e-07,0.0,0.0,0.0,0.0,1.4627390782e-08,0.24143461937,0.02477362024,0.037236697564,0.039015867385
fx84w097,ok,,3.151305646,279583517.39,55321.903684,203114.6306,11589286.083,358404.76602,23009349.251,0.0,0.0,0.0,-5.6254860161e-08,1.0913185811e-08,3.8912706227e-08,6.1236310709e-07,0.0,0.0,-1.7714234385e-07,0.0,0.0,0.0,0.0,-2.794794683e-08,0.23811424391,0.01777870866,0.0097998516846,0.03387709283
fx84w127,ok,,3.1856623589,282631641.48,96085.413424,341715.71657,11627466.449,628062.48203,23599430.028,0.0,0.0,0.0,-4.2280736898e-08,1.0465274535e-08,8.3369298616e-09,4.644670327e-07,0.0,0.0,-3.5016230452e-07,0.0,0.0,0.0,0.0,-1.4372128235e-08,0.23794709112,0.024409136041,0.033645489796,0.044628506859
fx83w227,ok,,3.307659461,293455212.01,309322.93022,949000.33091,11767075.013,1984947.7563,25779570.464,0.0,0.0,0.0,-1.2401792178e-08,9.2174669917e-09,-3.0220212614e-09,1.2937245488e-07,0.0,0.0,-1.9277403188e-07,0.0,0.0,0.0,0.0,-2.4789436367e-09,0.23604293564,0.023456058231,0.059629428412,0.040017866832
fx84w140,ok,,3.2014294342,284030494.79,117557.77116,414132.08572,11637299.847,773102.03184,23857946.399,0.0,0.0,0.0,-3.8570728006e-08,1.0297115487e-08,2.6077331825e-10,4.2564854089e-07,0.0,0.0,-3.7022791952e-07,0.0,0.0,0.0,0.0,-1.1119592579e-08,0.23773853431,0.027777491657,0.043523169039,0.050038293764
fx84w150,ok,,3.2105311274,284837996.09,132939.15036,461676.1371,11645101.791,871865.82968,24012196.166,0.0,0.0,0.0,-3.5306115486e-08,1.0232350276e-08,2.8766004897e-09,3.8234234345e-07,0.0,0.0,-3.2776283466e-07,0.0,0.0,0.0,0.0,-1.1280665843e-08,0.23733845396,0.028450774161,0.043572512758,0.050828266283
fx84w175,ok,,3.2396270313,287419381.74,182751.65773,617122.04005,11662130.249,1200528.3516,24493142.916,0.0,0.0,0.0,-2.5541575112e-08,9.8066983515e-09,-2.6670526068e-09,2.8139017687e-07,0.0,0.0,-2.4737269049e-07,0.0,0.0,0.0,0.0,-5.7694620399e-09,0.23585163403,0.029031246298,0.045207769264,0.05142452129
fx84w218,ok,,3.2875179111,291668255.74,276525.08062,895477.68651,11693639.389,1817995.714,25304161.227,0.0,0.0,0.0,-1.2374664193e-08,9.2230915807e-09,2.2034677971e-09,1.3539728365e-07,0.0,0.0,-9.8146614147e-08,0.0,0.0,0.0,0.0,-3.2111015403e-09,0.23154604334,0.021146150655,0.02714000039,0.037440744777
fxl142k,ok,,3.2187146738,285564039.5,102517.99914,355263.30707,11757755.187,667488.0173,24358127.873,0.0,0.0,0.0,-1.4980958807e-14,9.9176218774e-09,8.7393023582e-14,1.0047827154e-13,0.0,0.0,3.9419900714e-07,0.0,0.0,0.0,0.0,-1.2331824998e-14,0.24157470189,8.0111256759e-09,-0.040412493475,1.0300831355e-08
fxlv152,ok,,3.2214491018,285806637.67,122252.01602,413062.89325,11731594.481,794388.26555,24347009.706,0.0,0.0,0.0,5.102150913e-15,9.9178594101e-09,-8.7893309001e-15,1.1380829632e-13,0.0,0.0,9.2015349745e-08,0.0,0.0,0.0,0.0,2.0471717947e-14,0.24147021932,-1.2618118054e-10,-0.011249062011,1.3913293664e-08
fxm2,ok,,3.1864117361,282698126.14,34912.363755,168264.19867,11703502.912,255895.00385,23762873.958,0.0,0.0,0.0,-1.5333335694e-07,1.3269845451e-08,2.7411657709e-07,1.6920363766e-06,0.0,0.0,2.571151422e-06,0.0,0.0,0.0,0.0,-8.555505617e-08,0.23540616099,0.034099997089,-0.089764973713,0.059072989465
fxs02196,ok,,3.2392926879,287389718.82,188996.9927,662061.51449,11602575.317,1280637.0034,24357077.652,0.0,0.0,0.0,-2.2181412171e-08,9.7727340725e-09,3.6665967773e-09,2.3351990201e-07,0.0,0.0,-8.3553806356e-08,0.0,0.0,0.0,0.0,-3.9268816709e-09,0.23531189731,0.02722370158,0.01579141813,0.044134559217
fxs03182,ok,,3.2251853921,286138120.98,180638.08135,589731.33454,11622578.108,1172383.7644,24185185.83,0.0,0.0,0.0,-1.7725665707e-08,9.86579729e-09,-1.6957586017e-08,1.7985727843e-07,0.0,0.0,-3.7473400728e-07,0.0,0.0,0.0,0.0,2.6025278996e-09,0.2399118347,0.021513502918,0.06769123209,0.032489073692
fxs21158,ok,,3.2240963467,286041500.97,106678.06359,420067.13075,11675827.291,758691.31459,24272030.004,0.0,0.0,0.0,-3.5945138734e-08,1.0226137379e-08,3.6953221972e-08,4.0732387495e-07,0.0,0.0,4.164956414e-07,0.0,0.0,0.0,0.0,-1.1111269196e-08,0.24083603294,0.025242863072,-0.04443094852,0.043452522235
giiia,ok,,3.1939058421,283363002.47,82531.503545,248385.92647,11755705.615,484959.89765,23978756.782,0.0,0.0,0.0,-1.0159450336e-08,1.0305392174e-08,3.3566918775e-08,5.9213171101e-08,0.0,0.0,-7.9120159031e-07,0.0,0.0,0.0,0.0,-2.0330157367e-08,0.24468413704,0.0025147585035,0.065299056855,0.0048869520406
geminism,ok,,3.2323072251,286769969.27,145235.3371,451916.68028,11777751.517,896986.1584,24614906.859,0.0,0.0,0.0,-1.8125329357e-08,9.9891223307e-09,6.6487247331e-09,1.81698501e-07,0.0,0.0,-3.2640920918e-07,0.0,0.0,0.0,0.0,-8.3147092663e-09,0.24253962948,0.014450099775,0.047406151529,0.026389043043
giiib,ok,,3.1877243383,282814580.08,72473.046212,221092.94886,11742148.629,429222.67685,23856388.459,0.0,0.0,0.0,-1.3849405215e-08,1.0397257142e-08,3.3151254072e-08,1.0266508101e-07,0.0,0.0,-8.2761715253e-07,0.0,0.0,0.0,0.0,-2.1630639026e-08,0.24495170764,0.0036705809779,0.059979936141,0.0074404511603
giiic,ok,,3.1825629205,282356659.61,64357.921251,198828.83378,11729830.949,384170.15518,23752676.709,0.0,0.0,0.0,-1.7692098172e-08,1.0484210312e-08,3.4993559336e-08,1.4632168513e-07,0.0,0.0,-8.8908787288e-07,0.0,0.0,0.0,0.0,-2.4066069434e-08,0.24512115429,0.0045309105911,0.057219847308,0.0094169594887
giiid,ok,,3.1806070155,282183131.92,61255.853265,189864.96379,11725766.547,366300.65385,23714639.744,0.0,0.0,0.0,-1.9532837768e-08,1.0519806795e-08,3.5161373519e-08,1.6556985606e-07,0.0,0.0,-9.4820246635e-07,0.0,0.0,0.0,0.0,-2.4933071181e-08,0.24522175551,0.0049156973803,0.058082951144,0.010142122808
giiie,ok,,3.1730518566,281512838.99,49381.267347,153438.49562,11712717.531,295372.86865,23573733.15,0.0,0.0,0.0,-2.9595677381e-08,1.0671590131e-08,3.1331023451e-08,2.5837502885e-07,0.0,0.0,-1.470419723e-06,0.0,0.0,0.0,0.0,-2.8142300108e-08,0.24575216309,0.0066994209923,0.072611189453,0.012758886375
giiif,ok,,3.169144892,281166213.49,43186.22622,133874.38156,11706435.999,258060.94234,23502353.898,0.0,0.0,0.0,-3.7641699079e-08,1.0775597694e-08,2.7225619434e-08,3.2484650477e-07,0.0,0.0,-2.0316785415e-06,0.0,0.0,0.0,0.0,-3.1189515013e-08,0.24611480454,0.0077334311624,0.087740529101,0.014028894642
giiig,ok,,3.1697461553,281219557.51,43633.954302,135211.73367,11708498.371,260598.7592,23515477.243,0.0,0.0,0.0,-3.7518084117e-08,1.0765698103e-08,2.8401215622e-08,3.2133828567e-07,0.0,0.0,-1.9501221981e-06,0.0,0.0,0.0,0.0,-3.1102647636e-08,0.2459927528,0.007783835442,0.085091542878,0.014021260073
giiih,ok,,3.1712275972,281350990.88,44475.104734,137793.64651,11713594.959,265396.4824,23547947.459,0.0,0.0,0.0,-3.736102988e-08,1.0745950369e-08,3.0910315513e-08,3.1593190721e-07,0.0,0.0,-1.7829794742e-06,0.0,0.0,0.0,0.0,-3.1072919714e-08,0.24577247289,0.0078892305985,0.079298198854,0.014051104662
giiii,ok,,3.1753828754,281719646.74,46176.786152,143397.69835,11727885.802,275180.29881,23639180.892,0.0,0.0,0.0,-3.8045611551e-08,1.0708298462e-08,3.8502378632e-08,3.1423032378e-07,0.0,0.0,-1.3718773157e-06,0.0,0.0,0.0,0.0,-3.2270957087e-08,0.24512852727,0.0082932419083,0.063348885434,0.014510146464
giiij,ok,,3.17857352,282002720.41,46938.406063,146484.16451,11738831.51,279765.95025,23709159.393,0.0,0.0,0.0,-3.9484750004e-08,1.0697778531e-08,4.5778128782e-08,3.236007867e-07,0.0,0.0,-1.073987257e-06,0.0,0.0,0.0,0.0,-3.4425675741e-08,0.24459533991,0.0086915745513,0.050411249976,0.015189305128
giiik,ok,,3.1819197394,282299596.65,47180.951188,148442.74124,11749983.264,281805.93806,23782043.537,0.0,0.0,0.0,-4.2044365609e-08,1.0715615431e-08,5.6129029905e-08,3.4327332128e-07,0.0,0.0,-7.7806079162e-07,0.0,0.0,0.0,0.0,-3.8385099677e-08,0.2439929752,0.0092101342558,0.036709648231,0.016195961816
giiil,ok,,3.1838215863,282468328.32,47023.552216,148864.07895,11756073.149,281511.00993,23822893.145,0.0,0.0,0.0,-4.4174082358e-08,1.0748398066e-08,6.4172403599e-08,3.6001671677e-07,0.0,0.0,-6.1420152443e-07,0.0,0.0,0.0,0.0,-4.1842419635e-08,0.24362619119,0.0095671363059,0.028881937455,0.01692926488
giiim,ok,,3.1893498868,282958798.57,45614.479964,148712.96391,11771323.401,276938.86147,23937043.736,0.0,0.0,0.0,-5.2338814037e-08,1.0933372323e-08,9.5675446599e-08,4.3364593945e-07,0.0,0.0,-8.1531243979e-08,0.0,0.0,0.0,0.0,-5.5654440734e-08,0.24233988171,0.010762083832,0.0037190052949,0.019780534017
giiin,ok,,3.192085647,283201514.95,44109.191772,148139.28173,11775922.669,271875.20077,23987613.371,0.0,0.0,0.0,-5.8516265257e-08,1.1126293716e-08,1.2142081061e-07,4.9988052938e-07,0.0,0.0,2.9913105099e-07,0.0,0.0,0.0,0.0,-6.6822085995e-08,0.24130333573,0.011529149099,-0.013194428893,0.022049326133
glennmartin2,ok,,3.2488938227,288241530.53,123673.15961,434359.19837,11777805.199,807031.77411,24879620.942,0.0,0.0,0.0,-7.7522208857e-08,1.2807475708e-08,5.2244724502e-08,6.9966504904e-07,0.0,0.0,-4.1501746166e-07,0.0,0.0,0.0,0.0,-4.9683550622e-08,0.24078028876,0.052996721469,0.051326520776,0.086529787283
glennmartin3,ok,,3.2535124853,288651297.8,149437.58044,449585.12119,11859994.212,886785.99412,25124647.625,0.0,0.0,0.0,-6.9472570924e-08,1.1551810395e-08,9.7901798509e-10,5.148232534e-07,0.0,0.0,-7.5658626882e-07,0.0,0.0,0.0,0.0,-3.0784980529e-08,0.24235987281,0.055033503277,0.11306242141,0.076933941342
glennmartin4,ok,,3.2703722784,290147096.94,173274.50629,539940.47186,11834448.275,1069425.0298,25339984.553,0.0,0.0,0.0,-6.0707060335e-08,1.0813811808e-08,-2.1451844323e-08,4.9584937396e-07,0.0,0.0,-6.5364254971e-07,0.0,0.0,0.0,0.0,-1.8514352295e-08,0.24345140559,0.060126002396,0.11325959009,0.085918055465
gm15sm,ok,,3.1875116592,282795711.21,20348.503723,141781.53865,11712964.254,187333.33123,23794976.476,0.0,0.0,0.0,-1.6991833175e-07,1.050084875e-08,5.5174329985e-08,2.795793208e-06,0.0,0.0,8.5144120204e-07,0.0,0.0,0.0,0.0,-5.7532800038e-09,0.24550946895,0.031566798614,-0.017325554469,0.0568902085
goe06k,ok,,3.1695521881,281202348.75,40815.480187,136283.71237,11691346.032,252853.61047,23482015.199,0.0,0.0,0.0,-8.44795297e-08,1.0549881696e-08,-1.7941641802e-07,9.0426549284e-07,0.0,0.0,-4.8158673991e-06,0.0,0.0,0.0,0.0,1.3963094049e-09,0.24843283747,0.021448668962,0.19656194041,0.036908030306
goe05k,ok,,3.1380933847,278411326.91,9702.8719659,33019.224837,11636897.766,59415.00892,22904122.416,0.0,0.0,0.0,-1.7857672387e-07,1.079185027e-08,-3.7789118124e-07,1.8868221774e-06,0.0,0.0,-2.0328617418e-05,0.0,0.0,0.0,0.0,4.3119753515e-09,0.24822572194,0.010673732794,0.19724597205,0.01830759401
goe08k,ok,,3.2446844915,287868079.09,158751.82703,516854.51076,11731193.364,1014153.7602,24717593.532,0.0,0.0,0.0,-4.1524839533e-08,9.952972713e-09,-9.1509403311e-08,4.5253864706e-07,0.0,0.0,-1.2527751647e-06,0.0,0.0,0.0,0.0,9.8981809672e-10,0.24704359833,0.042360605883,0.19888034625,0.071841337024
goe09k,ok,,3.1269897926,277426217.34,4524.2454539,14973.379607,11608243.776,26547.60639,22684801.229,0.0,0.0,0.0,-2.2834929973e-07,1.0700349845e-08,-4.2459583559e-07,2.3646030975e-06,0.0,0.0,-3.4840203494e-05,0.0,0.0,0.0,0.0,3.1698380043e-08,0.24709423991,0.0062700655592,0.15762563227,0.010698044814
goe07k,ok,,3.2015649033,284042513.6,87816.997723,289764.66884,11715891.621,550914.26347,24019196.39,0.0,0.0,0.0,-5.6777688771e-08,1.0290076509e-08,-1.2222505644e-07,6.122671686e-07,0.0,0.0,-2.2499166977e-06,0.0,0.0,0.0,0.0,9.8466471606e-10,0.2478990843,0.031414124836,0.19758092952,0.053767464551
goe100,ok,,3.1908451184,283091455.37,34266.006447,126295.69411,11766912.765,219443.57943,23952698.137,0.0,0.0,0.0,-1.2594896941e-07,1.2322187046e-08,3.5488924886e-08,1.2479853114e-06,0.0,0.0,-1.8772208105e-06,0.0,0.0,0.0,0.0,-7.1462657095e-08,0.24776655382,0.023759110788,0.064324860396,0.042763472725
goe101,ok,,3.1636035744,280674588.35,25748.112158,119335.45193,11658287.52,187989.08898,23324238.582,0.0,0.0,0.0,-1.6133921243e-07,1.3278325816e-08,1.5796660856e-07,1.8748905219e-06,0.0,0.0,4.3447074967e-07,0.0,0.0,0.0,0.0,-9.4359393812e-08,0.24285642502,0.026030353799,-0.011186801592,0.048274891441
goe10k,ok,,3.1436440259,278903779.23,11519.7174,37606.063204,11657304.734,68018.259344,23025832.272,0.0,0.0,0.0,-1.4114010915e-07,1.0611749028e-08,-2.5448766336e-07,1.4673185464e-06,0.0,0.0,-1.3535901742e-05,0.0,0.0,0.0,0.0,1.5592491268e-08,0.24779080395,0.0098629161877,0.15592976282,0.016903094991
goe113,ok,,3.1820921973,282314897.1,27684.03721,102155.3016,11752696.672,179706.80069,23789183.47,0.0,0.0,0.0,-1.3532134831e-07,1.224342951e-08,8.6461986694e-08,1.3342731466e-06,0.0,0.0,-9.7310078955e-07,0.0,0.0,0.0,0.0,-7.4719178465e-08,0.24798252584,0.020992184541,0.026939358467,0.036938067439
goe114,ok,,3.1702924114,281268021.29,49083.764778,193695.13251,11636866.283,335221.8536,23384908.32,0.0,0.0,0.0,-6.0547181378e-08,1.0308339889e-08,-4.658381319e-08,8.061059456e-07,0.0,0.0,-7.674390494e-07,0.0,0.0,0.0,0.0,9.8294303099e-09,0.24572234281,0.021106635779,0.037668797782,0.03956671462
goe115,ok,,3.1793869426,282074887.17,51208.762194,209006.06231,11662844.647,355554.26718,23572188.638,0.0,0.0,0.0,-6.7169363868e-08,1.0528892147e-08,1.1837981097e-08,8.5235983727e-07,0.0,0.0,1.4659287944e-08,0.0,0.0,0.0,0.0,-7.5103404847e-09,0.24395921855,0.023231069638,-0.00075068399026,0.04364829221
goe116,ok,,3.1997516022,283881637.71,53615.936424,214402.51372,11727999.354,373037.81467,24009527.755,0.0,0.0,0.0,-7.0914970964e-08,1.0684866316e-08,-5.7541990549e-09,9.0516114311e-07,0.0,0.0,-5.7207813174e-07,0.0,0.0,0.0,0.0,-1.4658092532e-08,0.24722075596,0.025102919492,0.030672504741,0.048531062302
goe117,ok,,3.1824954298,282350671.85,47341.692937,204197.98173,11663437.75,340243.76914,23619973.098,0.0,0.0,0.0,-8.8506104392e-08,1.0952592294e-08,-9.3455040554e-09,1.1324862791e-06,0.0,0.0,-7.1388386982e-07,0.0,0.0,0.0,0.0,-2.0123567446e-08,0.24437406574,0.028441794167,0.033796470958,0.053613817682
goe118,ok,,3.2023380196,284111104.4,42107.343883,212867.33161,11699288.013,338940.72518,23991777.883,0.0,0.0,0.0,-1.1934471692e-07,1.2117625853e-08,-1.6630032419e-08,1.6326640324e-06,0.0,0.0,-1.1778597609e-06,0.0,0.0,0.0,0.0,-4.4681243218e-08,0.24729320719,0.036714247196,0.049596545997,0.06874714586
goe11k,ok,,3.1753237794,281714403.75,43924.079867,140974.19794,11719364.975,262512.62918,23624449.607,0.0,0.0,0.0,-6.9956126946e-08,1.0316446162e-08,-1.3043733857e-07,7.3979559642e-07,0.0,0.0,-3.5732255135e-06,0.0,0.0,0.0,0.0,8.4275085529e-09,0.24737541444,0.018911735828,0.15695064284,0.032494840862
goe121,ok,,3.200101073,283912642.73,25743.707071,139366.04428,11764268.455,204957.20553,24086555.525,0.0,0.0,0.0,-1.5970841747e-07,1.2203465356e-08,1.0114207884e-07,2.1742139612e-06,0.0,0.0,3.9590609197e-07,0.0,0.0,0.0,0.0,-6.0902162326e-08,0.24587587284,0.029668948532,-0.010192090459,0.055972327327
goe122,ok,,3.1958034394,283531357.11,31487.419676,135771.19272,11766953.812,223673.77924,24025455.077,0.0,0.0,0.0,-1.3997273641e-07,1.3250172006e-08,1.6788062832e-07,1.5772039091e-06,0.0,0.0,4.2332202962e-07,0.0,0.0,0.0,0.0,-9.5723696167e-08,0.24619119868,0.026049119958,-0.013329318405,0.0496620814
goe123,ok,,3.2063655657,284468427.88,23024.454261,146264.48817,11759491.31,205650.30178,24171790.074,0.0,0.0,0.0,-2.078383102e-07,1.4656798644e-08,-5.0411616387e-08,2.9914016909e-06,0.0,0.0,-2.6674413197e-06,0.0,0.0,0.0,0.0,-1.0496629199e-07,0.2456684585,0.037456537739,0.06141638066,0.068875391408
goe124,ok,,3.2188596795,285576904.39,37313.485258,190502.45119,11787844.543,296469.7288,24422519.695,0.0,0.0,0.0,-1.3865774986e-07,1.2970461148e-08,9.9056824026e-08,1.813655289e-06,0.0,0.0,-3.9246758184e-08,0.0,0.0,0.0,0.0,-7.1031894022e-08,0.24531612791,0.035957910333,0.0014644333329,0.067673799889
goe12k,ok,,3.2127593985,285035688.08,97215.492217,308214.18413,11763836.443,590496.76291,24288374.524,0.0,0.0,0.0,-4.612093712e-08,9.9719003886e-09,-8.8481222831e-08,4.9476206637e-07,0.0,0.0,-1.6343702279e-06,0.0,0.0,0.0,0.0,5.6468108632e-09,0.24593372123,0.028054630958,0.15888610617,0.048098537813
goe133,ok,,3.2024241949,284118749.86,38204.722123,156034.60493,11781266.559,264161.27486,24158383.516,0.0,0.0,0.0,-1.2838811897e-07,1.2522327554e-08,1.1307666796e-07,1.3787066322e-06,0.0,0.0,5.1446499381e-08,0.0,0.0,0.0,0.0,-6.9573631766e-08,0.24541168495,0.029414880375,-0.0019654992131,0.052673103772
goe134,ok,,3.2162853348,285348508.79,59137.690435,202128.95684,11823293.617,372555.4761,24457002.258,0.0,0.0,0.0,-8.7894692394e-08,1.1528219201e-08,3.6489631948e-08,8.1790079305e-07,0.0,0.0,-8.0084606059e-07,0.0,0.0,0.0,0.0,-4.3881555972e-08,0.24672614046,0.028719889336,0.047360186417,0.048368763906
goe137,ok,,3.20501449,284348560.58,45163.177436,184890.70811,11769375.534,314701.96697,24173574.482,0.0,0.0,0.0,-1.0663893244e-07,1.222071409e-08,9.4170489688e-08,1.1955626806e-06,0.0,0.0,-4.3895264551e-08,0.0,0.0,0.0,0.0,-6.1117526334e-08,0.2457258177,0.028844054551,0.0019824496215,0.05399540948
goe13k,ok,,3.2588200532,289122184.69,171564.29111,535190.3535,11801316.575,1061006.6817,25085924.155,0.0,0.0,0.0,-3.4105593122e-08,9.5576134807e-09,-6.942360286e-08,3.7052725506e-07,0.0,0.0,-9.5103232115e-07,0.0,0.0,0.0,0.0,4.8936327957e-09,0.2441970902,0.037455231092,0.163163186,0.063569245852
goe14,ok,,3.2591284887,289149549.06,61807.226864,294465.38789,11823179.034,480610.80475,25128502.62,0.0,0.0,0.0,-1.0856775894e-07,1.3402693904e-08,1.3042106688e-07,1.3362857917e-06,0.0,0.0,2.1772842664e-07,0.0,0.0,0.0,0.0,-7.4515476455e-08,0.23864575293,0.043689434826,-0.01345719026,0.082592119083
goe140,ok,,3.2219214522,285848544.55,45003.340151,200523.76552,11797675.543,330296.1129,24491338.788,0.0,0.0,0.0,-1.2312291352e-07,1.3207328113e-08,1.2941204046e-07,1.4215560224e-06,0.0,0.0,1.554314629e-07,0.0,0.0,0.0,0.0,-7.8534874878e-08,0.24502443768,0.034334578478,-0.0069949349952,0.063974769221
goe142,ok,,3.1938347577,283356695.87,24540.52068,109814.15672,11778925.896,176355.59418,24019079.024,0.0,0.0,0.0,-1.6784177197e-07,1.312442229e-08,1.5413690627e-07,1.9297810088e-06,0.0,0.0,2.1559504609e-07,0.0,0.0,0.0,0.0,-9.7216312096e-08,0.246026177,0.025389325418,-0.0052908146871,0.047357830754
goe143,ok,,3.2008178124,283976231.77,32793.5861,139773.07465,11786748.338,229547.85915,24143754.881,0.0,0.0,0.0,-1.2750690085e-07,1.2279372277e-08,1.5785496087e-07,1.4417610205e-06,0.0,0.0,1.0246230361e-06,0.0,0.0,0.0,0.0,-7.1904839284e-08,0.24557616868,0.025222493009,-0.033601063753,0.047280514161
goe144,ok,,3.1848851902,282562691.15,31844.750837,159543.32549,11698896.371,240773.8985,23727307.78,0.0,0.0,0.0,-1.4178672747e-07,1.220622248e-08,9.9696849971e-08,1.796475002e-06,0.0,0.0,3.8951969075e-07,0.0,0.0,0.0,0.0,-5.7167691861e-08,0.24325862339,0.030796108338,-0.012404157498,0.057208298822
goe147,ok,,3.1993006049,283841625.28,27245.263651,130290.25201,11783736.968,198709.14256,24110888.941,0.0,0.0,0.0,-1.4213794592e-07,1.306668381e-08,2.9753190766e-07,1.6937601837e-06,0.0,0.0,3.3704940648e-06,0.0,0.0,0.0,0.0,-1.0177307751e-07,0.24561288118,0.023286627768,-0.09182999943,0.046146942766
goe14k,ok,,3.2060394271,284439492.9,114040.15567,333503.66952,11759363.756,660656.37601,24175796.957,0.0,0.0,0.0,-2.5814510648e-08,1.0180465234e-08,-5.869808389e-08,2.7376601455e-07,0.0,0.0,-1.7149301283e-06,0.0,0.0,0.0,0.0,3.0317248109e-09,0.24736984558,0.017550057508,0.1955708988,0.031220318917
goe15,ok,,3.2488371237,288236500.2,56106.168081,295932.91367,11762490.284,460333.23831,24841264.695,0.0,0.0,0.0,-1.2543933233e-07,1.4472988261e-08,6.6888928172e-08,1.6212201425e-06,0.0,0.0,-5.8701880964e-07,0.0,0.0,0.0,0.0,-8.4243600115e-08,0.23813390659,0.04858359129,0.032935376,0.090960449814
goe155,ok,,3.2068604506,284512334.02,31692.675554,166463.2131,11758606.657,254704.20462,24179240.124,0.0,0.0,0.0,-1.5639299163e-07,1.3749665384e-08,5.7710105139e-08,2.0626790722e-06,0.0,0.0,-1.0466637563e-06,0.0,0.0,0.0,0.0,-8.9154646741e-08,0.24641339393,0.034256243484,0.033171574841,0.065371818608
goe15k,ok,,3.2367518482,287164295.79,177115.15102,512916.99506,11787454.492,1038754.1699,24710832.482,0.0,0.0,0.0,-2.0488901605e-08,9.919639081e-09,-4.7608338003e-08,2.18380798e-07,0.0,0.0,-1.1136040293e-06,0.0,0.0,0.0,0.0,2.573855683e-09,0.24647435006,0.021942070348,0.19723614583,0.038678548019
goe164,ok,,3.2236909168,286005531.28,39212.638883,243704.50596,11748962.444,340999.38242,24422972.367,0.0,0.0,0.0,-1.3974375236e-07,1.2075604892e-08,7.5549296779e-08,2.0479698405e-06,0.0,0.0,2.3836803515e-07,0.0,0.0,0.0,0.0,-4.3537352783e-08,0.24418673574,0.044037131487,-0.0093470396835,0.080306301798
goe165,ok,,3.2275848514,286351000.76,59612.125543,302800.57857,11732521.473,470266.48451,24445032.681,0.0,0.0,0.0,-8.1842489705e-08,1.0148199065e-08,7.2534458314e-08,1.0961689327e-06,0.0,0.0,9.7276812916e-07,0.0,0.0,0.0,0.0,-4.1305606467e-09,0.24418592723,0.038013603733,-0.05798877584,0.065344960031
goe167,ok,,3.2199230927,285671250.3,59303.610317,223795.70881,11799737.8,400238.59209,24462395.937,0.0,0.0,0.0,-8.5041680787e-08,1.1945827564e-08,6.7144755276e-08,9.0468423795e-07,0.0,0.0,-4.2982497205e-07,0.0,0.0,0.0,0.0,-5.459941471e-08,0.24662074915,0.028661532137,0.025490172647,0.053651041507
goe16k,ok,,3.2736361003,290436662.89,257162.96393,736707.27931,11812552.971,1530425.5123,25344902.108,0.0,0.0,0.0,-1.6852507382e-08,9.6296198768e-09,-3.9833240121e-08,1.8017427164e-07,0.0,0.0,-7.740084388e-07,0.0,0.0,0.0,0.0,2.174419211e-09,0.24548027797,0.026608726841,0.19904630423,0.046334149719
goe173,ok,,3.213746885,285123297.78,36062.228351,188583.07408,11764501.905,289096.21201,24298282.12,0.0,0.0,0.0,-1.5783211612e-07,1.4137239885e-08,1.1555708941e-07,2.001703868e-06,0.0,0.0,-1.4173446244e-07,0.0,0.0,0.0,0.0,-8.8646345375e-08,0.24500012345,0.039376159382,0.0051112605498,0.072185901977
goe176,ok,,3.2224529143,285895695.82,51915.792038,248030.89978,11770457.297,393352.45548,24446168.381,0.0,0.0,0.0,-1.0290900309e-07,1.1534926156e-08,1.0482808005e-07,1.2972755903e-06,0.0,0.0,7.1713347084e-07,0.0,0.0,0.0,0.0,-3.7982346764e-08,0.24433461026,0.036837399318,-0.037230552135,0.06734908976
goe174,ok,,3.2170201691,285413703.22,42931.962815,203811.57843,11778190.572,324181.12081,24376588.76,0.0,0.0,0.0,-1.3002194748e-07,1.3011049784e-08,1.1377980826e-07,1.5769163491e-06,0.0,0.0,1.5418172478e-07,0.0,0.0,0.0,0.0,-7.0227928764e-08,0.24483986668,0.036595731107,-0.0066193240749,0.067700114064
goe177,ok,,3.2007143077,283967048.84,31551.499817,162029.14049,11748277.98,246681.22631,24063436.944,0.0,0.0,0.0,-1.5266837739e-07,1.3300931396e-08,1.5374662978e-07,1.941597039e-06,0.0,0.0,6.6548436767e-07,0.0,0.0,0.0,0.0,-8.1587307696e-08,0.24599746481,0.032722861014,-0.020997029905,0.061260298619
goe180,ok,,3.2073338883,284554337.36,46042.326393,184864.64347,11782485.811,315300.92714,24236647.647,0.0,0.0,0.0,-1.0706091177e-07,1.1757015334e-08,7.5588581141e-08,1.1682109849e-06,0.0,0.0,-1.2239791278e-08,0.0,0.0,0.0,0.0,-4.83842635e-08,0.24529822797,0.030021313074,0.000563548465,0.053787151461
goe178,ok,,3.2041638874,284273095.21,38426.406703,175188.57113,11763902.381,282839.72038,24148753.64,0.0,0.0,0.0,-1.1582706571e-07,1.1901987645e-08,1.2684664248e-07,1.4069113547e-06,0.0,0.0,9.2886013277e-07,0.0,0.0,0.0,0.0,-5.2667197646e-08,0.24568727523,0.029107181955,-0.035692757232,0.054062547909
goe182,ok,,3.2199023556,285669410.51,40273.861744,218314.53886,11773711.243,324061.47334,24412198.845,0.0,0.0,0.0,-1.2302022981e-07,1.2541001308e-08,2.0511657384e-07,1.6536546206e-06,0.0,0.0,1.7534932617e-06,0.0,0.0,0.0,0.0,-6.4528007567e-08,0.24321776345,0.034795607006,-0.07061994519,0.066599057564
goe187,ok,,3.2080758638,284620165.36,41724.492999,168531.32921,11785581.369,289894.3818,24253084.578,0.0,0.0,0.0,-1.3422991938e-07,1.3812481044e-08,1.1005622333e-07,1.3975424941e-06,0.0,0.0,-7.2931392542e-07,0.0,0.0,0.0,0.0,-9.3635342293e-08,0.24637708591,0.03224881835,0.030430253775,0.058311752011
goe188,ok,,3.2056820361,284407785.2,49630.787729,180771.30218,11782509.59,327043.52584,24209917.252,0.0,0.0,0.0,-1.0879058608e-07,1.2724091596e-08,7.9796965603e-08,1.0433898289e-06,0.0,0.0,-8.0555969494e-07,0.0,0.0,0.0,0.0,-7.1250538002e-08,0.24650641603,0.029851597738,0.039980562222,0.051784259114
goe184,ok,,3.2125680727,285018713.67,39181.892347,193943.23871,11769992.385,301916.61818,24290125.208,0.0,0.0,0.0,-1.2758775475e-07,1.2622620877e-08,1.2686737696e-07,1.6347771326e-06,0.0,0.0,5.1430754315e-07,0.0,0.0,0.0,0.0,-6.6009652636e-08,0.24471799369,0.033657319768,-0.020151542789,0.06405366162
goe190,ok,,3.2300908585,286573333.46,68125.515958,342816.42866,11718715.444,532988.98064,24456200.873,0.0,0.0,0.0,-7.2161465292e-08,9.8345194881e-09,5.6248565499e-08,9.9455404631e-07,0.0,0.0,8.015184811e-07,0.0,0.0,0.0,0.0,2.3948570606e-10,0.24074024427,0.038491995334,-0.054603860075,0.067754507553
goe198,ok,,3.2391704492,287378873.82,43275.665246,231852.67926,11811833.391,354316.07264,24789817.866,0.0,0.0,0.0,-1.3419308147e-07,1.273783456e-08,-2.09522732e-08,1.8276439408e-06,0.0,0.0,-1.3222785582e-06,0.0,0.0,0.0,0.0,-5.9710427946e-08,0.2452459198,0.042377505304,0.057222484246,0.079092507371
goe199,ok,,3.2231450799,285957104.69,40432.754911,171809.83163,11829410.788,285368.71092,24573951.402,0.0,0.0,0.0,-1.4244070074e-07,1.4000069713e-08,4.8685879912e-08,1.5425762539e-06,0.0,0.0,-1.6281724378e-06,0.0,0.0,0.0,0.0,-9.6788514252e-08,0.24709069409,0.033849519201,0.065831497129,0.062370607603
goe195,ok,,3.2116762569,284939591.87,36831.352818,198474.65987,11763273.744,296530.13792,24264575.389,0.0,0.0,0.0,-1.1973668118e-07,1.0697453356e-08,6.3803195603e-08,1.6893006067e-06,0.0,0.0,6.4805018617e-07,0.0,0.0,0.0,0.0,-1.6566812476e-08,0.24529006991,0.034301370662,-0.023868565051,0.062219226662
goe207,ok,,3.248875861,288239936.97,45788.940612,239578.11904,11826855.611,370373.20355,24967401.146,0.0,0.0,0.0,-1.3302741144e-07,1.4726693744e-08,1.8852053724e-07,1.7019729453e-06,0.0,0.0,5.8447141511e-07,0.0,0.0,0.0,0.0,-1.0138198693e-07,0.24244638744,0.04022377857,-0.026762326916,0.077931538114
goe217,ok,,3.3274425794,295210368.27,152253.38027,664624.38566,11826945.157,1182761.5769,26207492.211,0.0,0.0,0.0,-3.9707630857e-08,9.3169955427e-09,5.4769107222e-08,5.0041417784e-07,0.0,0.0,5.4666626402e-07,0.0,0.0,0.0,0.0,-6.1854660664e-09,0.23654816845,0.045236625644,-0.083231786578,0.076189750113
goe210,ok,,3.1943721066,283404369.4,29048.392339,128143.17797,11762981.788,209476.58897,23998216.992,0.0,0.0,0.0,-1.626190635e-07,1.3102643671e-08,7.8370773981e-08,1.8417858838e-06,0.0,0.0,-9.3264545127e-07,0.0,0.0,0.0,0.0,-8.3175914027e-08,0.24634773727,0.029781793336,0.027091850982,0.053500918958
goe222,ok,,3.3008675887,292852637.78,179671.71506,685508.37573,11760069.959,1289853.1584,25652310.555,0.0,0.0,0.0,-3.7433813467e-08,9.3456184782e-09,-3.8158381888e-09,4.6030642071e-07,0.0,0.0,-5.4154609102e-08,0.0,0.0,0.0,0.0,3.0447375914e-10,0.24011378959,0.048378429421,0.0097300514956,0.082704044061
goe223,ok,,3.2821607603,291192969.86,172191.64454,643850.59313,11732708.905,1222000.1941,25295815.517,0.0,0.0,0.0,-3.3423686723e-08,9.6329136679e-09,1.0772899405e-08,3.922564809e-07,0.0,0.0,5.0859251256e-08,0.0,0.0,0.0,0.0,-3.3346942423e-09,0.24022282915,0.039865539958,-0.0087575381138,0.067543288527
goe225,ok,,3.2741661735,290483690.93,83123.939056,434364.5257,11780596.954,691003.24939,25273218.669,0.0,0.0,0.0,-7.4553888509e-08,9.8421450841e-09,1.4168894032e-08,1.0978684598e-06,0.0,0.0,6.6638440571e-08,0.0,0.0,0.0,0.0,-4.3862562655e-09,0.24302943043,0.050780856716,-0.0055392496728,0.091259150942
goe227,ok,,3.2785704024,290874433.68,101602.17659,503470.09937,11741831.427,836531.22738,25260708.558,0.0,0.0,0.0,-6.1927956676e-08,9.5340605225e-09,1.1143899339e-08,9.0092984617e-07,0.0,0.0,1.3032084877e-07,0.0,0.0,0.0,0.0,8.2939626368e-10,0.24192237107,0.051972545064,-0.013240881891,0.091536433329
goe226,ok,,3.2814566726,291130503.28,92496.106809,494567.30846,11748286.918,790576.95089,25320234.96,0.0,0.0,0.0,-6.9911836634e-08,1.0027865401e-08,3.9208023707e-08,1.0488004569e-06,0.0,0.0,2.4850491716e-07,0.0,0.0,0.0,0.0,-9.3879641035e-09,0.24075532621,0.053486864192,-0.022985737361,0.097009959082
goe228,ok,,3.2957252972,292396414.2,159876.91873,637042.48857,11760672.493,1176606.3569,25571897.891,0.0,0.0,0.0,-4.3407060738e-08,9.7270576003e-09,1.7945229019e-08,5.3088942443e-07,0.0,0.0,5.9697783091e-08,0.0,0.0,0.0,0.0,-6.844387133e-09,0.23978340966,0.049145353169,-0.0095442976158,0.084876965366
goe229,ok,,3.2886946138,291772652.68,183852.66519,682936.53519,11719550.311,1305849.0448,25372095.302,0.0,0.0,0.0,-3.2518301189e-08,9.6007719776e-09,8.7615470322e-09,3.7900538414e-07,0.0,0.0,2.1364103685e-08,0.0,0.0,0.0,0.0,-3.3299605196e-09,0.23999914451,0.041421199825,-0.003927847402,0.069681149996
goe233,ok,,3.2614810274,289358266.06,46644.314766,408304.88965,11710537.872,516365.84849,24918796.278,0.0,0.0,0.0,-9.8323376827e-08,9.5923843199e-09,5.4421796582e-08,2.0077990349e-06,0.0,0.0,5.903287222e-07,0.0,0.0,0.0,0.0,3.7630657597e-09,0.24379058445,0.051244745512,-0.027535478734,0.093652410171
goe234,ok,,3.2971734986,292524898.48,70825.225368,532636.93695,11712932.459,729965.79418,25478102.074,0.0,0.0,0.0,-7.652707129e-08,9.24365948e-09,3.6326459648e-08,1.4563288636e-06,0.0,0.0,3.823347448e-07,0.0,0.0,0.0,0.0,5.4828132264e-09,0.24331049251,0.056836874999,-0.027078944467,0.10314481998
goe235,ok,,3.2032380885,284190958.42,28137.456358,119777.16183,11806792.039,196427.34744,24219159.4,0.0,0.0,0.0,-1.3534021043e-07,1.2299552459e-08,1.6229386624e-07,1.5538599211e-06,0.0,0.0,8.8583869743e-07,0.0,0.0,0.0,0.0,-8.203111688e-08,0.24499070813,0.022642873846,-0.024925247689,0.043721665718
goe238,ok,,3.2090636487,284707801.53,53528.14461,243179.40275,11715164.767,399080.49497,24121406.179,0.0,0.0,0.0,-9.9534923366e-08,1.2938774051e-08,1.3580379459e-07,1.2012276485e-06,0.0,0.0,3.8282656706e-07,0.0,0.0,0.0,0.0,-7.4717889148e-08,0.24022720691,0.032588733549,-0.020491995842,0.064299487278
goe239,ok,,3.2384126328,287311640.43,67082.014827,308901.94182,11783236.347,506173.90783,24719730.569,0.0,0.0,0.0,-8.3487335044e-08,1.0775133965e-08,4.7570883103e-08,1.0810216608e-06,0.0,0.0,1.9760773608e-07,0.0,0.0,0.0,0.0,-2.1493547273e-08,0.24387333189,0.039610684386,-0.013255925082,0.072517111076
goe241,ok,,3.3313563012,295557593.26,161385.48178,713844.81235,11774339.048,1281655.0982,26165172.311,0.0,0.0,0.0,-4.8696426456e-08,9.6729817984e-09,3.9954253659e-08,6.3056239333e-07,0.0,0.0,2.1756975699e-07,0.0,0.0,0.0,0.0,-9.3958027327e-09,0.23771309017,0.059558522903,-0.035112600053,0.10176361564
goe240,ok,,3.2055367064,284394891.57,33223.2878,160945.0001,11768355.753,252564.61167,24179581.077,0.0,0.0,0.0,-1.5369821794e-07,1.3273509377e-08,6.2877379638e-08,1.8870886188e-06,0.0,0.0,-8.5134709925e-07,0.0,0.0,0.0,0.0,-8.0019479064e-08,0.24570743148,0.033866946481,0.028284549696,0.062695288287
goe242,ok,,3.2855126491,291490349.09,108647.07806,539081.51134,11722558.693,907800.17576,25322883.823,0.0,0.0,0.0,-5.915304225e-08,9.8434435309e-09,4.1356782788e-08,8.2650359e-07,0.0,0.0,3.4819444647e-07,0.0,0.0,0.0,0.0,-5.030198069e-09,0.24241883633,0.052593294701,-0.037830309205,0.089797200059
goe243,ok,,3.3419105522,296493965.34,155405.21234,737871.56638,11766734.919,1291743.8395,26315216.958,0.0,0.0,0.0,-4.545996576e-08,9.0589894919e-09,3.7371919199e-08,6.3448836992e-07,0.0,0.0,3.3890481947e-07,0.0,0.0,0.0,0.0,-9.9541436724e-10,0.23685064682,0.058418184896,-0.052667575433,0.098602799855
goe244,ok,,3.3502207594,297231246.08,139774.64717,724042.97283,11778530.193,1222317.5862,26482949.911,0.0,0.0,0.0,-5.9288620941e-08,9.6056595844e-09,4.6889982153e-08,8.6232922753e-07,0.0,0.0,2.5135278761e-07,0.0,0.0,0.0,0.0,-9.1894183617e-09,0.23671615494,0.069819872879,-0.035132747204,0.12053176352
goe255,ok,,3.2790156573,290913936.64,197685.24205,656762.35262,11783842.061,1297407.7815,25357800.922,0.0,0.0,0.0,-2.7063057474e-08,9.7706604159e-09,7.2361982676e-09,2.8847479114e-07,0.0,0.0,-1.3858854943e-07,0.0,0.0,0.0,0.0,-7.7812177026e-09,0.24080777186,0.032684278709,0.027396910939,0.057027208911
goe257,ok,,3.2154604728,285275327.12,50772.255851,182840.32938,11820454.718,329285.46876,24436257.04,0.0,0.0,0.0,-9.4992951757e-08,1.2056423634e-08,4.656036787e-08,9.5720962738e-07,0.0,0.0,-1.1173438342e-06,0.0,0.0,0.0,0.0,-6.0095757424e-08,0.24856201054,0.02637156176,0.056730067023,0.048599692104
goe256,ok,,3.2657161615,289734006.72,169104.44706,546160.7538,11813165.827,1077421.7372,25213332.588,0.0,0.0,0.0,-3.1748245298e-08,1.0029399303e-08,5.1280412018e-09,3.3244122689e-07,0.0,0.0,-3.6803162652e-07,0.0,0.0,0.0,0.0,-1.404362444e-08,0.24070211287,0.030571521946,0.062235784704,0.056217289854
goe264,ok,,3.2139531954,285141601.62,27706.843304,164307.60234,11776589.141,235984.78999,24320968.319,0.0,0.0,0.0,-1.7624892374e-07,1.4040379403e-08,5.663850522e-08,2.4644861376e-06,0.0,0.0,-9.2869585354e-07,0.0,0.0,0.0,0.0,-9.363024013e-08,0.24659465569,0.036161315177,0.025731230491,0.068283131238
goe265,ok,,3.2374306701,287224520.8,29261.915704,242115.67945,11775687.387,303643.59452,24682077.157,0.0,0.0,0.0,-1.7733563849e-07,1.5617065364e-08,2.3802112349e-07,3.0546377877e-06,0.0,0.0,1.3049976701e-06,0.0,0.0,0.0,0.0,-1.0732903214e-07,0.24240083949,0.045996557427,-0.038186731818,0.089384553451
goe269,ok,,3.2137490586,285123490.62,27548.542384,151623.11896,11799716.069,222812.75454,24366456.933,0.0,0.0,0.0,-1.6901227786e-07,1.3537609154e-08,1.3487788913e-07,2.2653904263e-06,0.0,0.0,1.9677583004e-07,0.0,0.0,0.0,0.0,-9.1530947554e-08,0.24573677493,0.032660186271,-0.0054208872941,0.062408204176
goe275,ok,,3.1952531097,283482531.92,37483.537113,160609.66095,11744393.083,263256.62383,23977677.199,0.0,0.0,0.0,-1.4442960634e-07,1.3079177797e-08,1.1752519886e-07,1.5526570382e-06,0.0,0.0,-5.7875120016e-08,0.0,0.0,0.0,0.0,-7.813159969e-08,0.24224304177,0.033053580836,0.002169364209,0.058199077714
goe274,ok,,3.223791966,286014496.35,50342.982702,195230.06206,11829446.086,339052.3193,24588725.569,0.0,0.0,0.0,-1.1435151371e-07,1.2233535055e-08,4.1994723509e-08,1.1849900643e-06,0.0,0.0,-8.7112799936e-07,0.0,0.0,0.0,0.0,-5.7334903422e-08,0.24603246907,0.034001423587,0.043855181803,0.059655934308
goe276,ok,,3.2064416506,284475178.13,35192.306686,137295.73187,11811076.721,234306.89114,24280256.221,0.0,0.0,0.0,-1.369523075e-07,1.2528495333e-08,6.4890163027e-08,1.4073820134e-06,0.0,0.0,-1.0457732016e-06,0.0,0.0,0.0,0.0,-7.262744577e-08,0.24752017347,0.027884947203,0.036803171234,0.049529019441
goe277,ok,,3.2063005197,284462657.01,43526.391866,174971.23174,11781698.115,298942.87506,24218962.836,0.0,0.0,0.0,-1.1401951466e-07,1.2402594162e-08,9.6352715165e-08,1.2309416016e-06,0.0,0.0,-1.6699636542e-07,0.0,0.0,0.0,0.0,-6.617326469e-08,0.24563213692,0.02923780944,0.0072687492413,0.053578446516
goe278,ok,,3.2005352705,283951164.68,36618.381843,145908.98528,11777719.678,250422.10992,24122856.612,0.0,0.0,0.0,-1.3578944312e-07,1.2868809662e-08,6.9520273735e-08,1.4273701832e-06,0.0,0.0,-1.0998150064e-06,0.0,0.0,0.0,0.0,-7.8616703436e-08,0.24582232369,0.029176517828,0.040273445863,0.0522679864
goe280,ok,,3.2130691553,285063169.67,42827.755178,163086.54548,11813915.868,285445.49404,24389043.212,0.0,0.0,0.0,-1.2831431961e-07,1.3181438267e-08,7.964881225e-08,1.2735920946e-06,0.0,0.0,-1.0714536153e-06,0.0,0.0,0.0,0.0,-8.3314371841e-08,0.2468745873,0.030773264762,0.04588795312,0.054545090422
goe279,ok,,3.2085674404,284663777.98,38716.515278,155449.30221,11798222.557,266142.85652,24288330.684,0.0,0.0,0.0,-1.4321808811e-07,1.3220182811e-08,5.6859624423e-08,1.4863001663e-06,0.0,0.0,-1.3018850424e-06,0.0,0.0,0.0,0.0,-8.1140262051e-08,0.24582622636,0.032823361834,0.050404452134,0.057544363098
goe281,ok,,3.2072460313,284546542.7,41950.747283,168796.76258,11786440.085,288511.46227,24243493.214,0.0,0.0,0.0,-1.2317414351e-07,1.261997641e-08,5.9189017713e-08,1.3276829857e-06,0.0,0.0,-9.2201497108e-07,0.0,0.0,0.0,0.0,-6.8754994172e-08,0.24659492242,0.030657760221,0.038679217043,0.055697293406
goe282,ok,,3.2233301453,285973523.67,57065.799788,227963.32369,11808657.176,389768.80489,24538738.26,0.0,0.0,0.0,-9.6618607988e-08,1.1590457357e-08,4.1092164662e-08,1.0703632184e-06,0.0,0.0,-4.2226441442e-07,0.0,0.0,0.0,0.0,-4.1910301276e-08,0.24560865046,0.033655949812,0.024096856531,0.061081133122
goe284,ok,,3.2925304049,292112963.68,181688.47678,622284.0296,11838277.009,1211103.5391,25686537.905,0.0,0.0,0.0,-3.0016518594e-08,9.8394625443e-09,2.8298423749e-08,3.2836932129e-07,0.0,0.0,-1.4430034926e-09,0.0,0.0,0.0,0.0,-1.5703707704e-08,0.23798184917,0.031839070278,0.00026217710656,0.059660921805
goe286,ok,,3.2146780798,285205913.29,53230.305828,201534.32835,11805111.589,353809.03988,24394669.075,0.0,0.0,0.0,-8.9629732415e-08,1.1973063376e-08,1.0500107246e-07,9.375037524e-07,0.0,0.0,1.1245034217e-07,0.0,0.0,0.0,0.0,-6.0608602114e-08,0.24505580814,0.026469220933,-0.005985766104,0.049903611456
goe285,ok,,3.2289588856,286472904.94,87757.17586,299283.93101,11821204.337,556770.22822,24651505.686,0.0,0.0,0.0,-5.0896304979e-08,1.0580646339e-08,4.0032667976e-08,5.1322170337e-07,0.0,0.0,-9.2122603679e-08,0.0,0.0,0.0,0.0,-2.5742638196e-08,0.24279117214,0.024862912586,0.0080844195317,0.045038887278
goe287,ok,,3.2124455632,285007844.64,47023.741811,200391.08333,11771846.984,339197.48871,24290115.311,0.0,0.0,0.0,-1.0795359964e-07,1.2883169587e-08,1.1361810207e-07,1.2466159721e-06,0.0,0.0,-6.9013099841e-08,0.0,0.0,0.0,0.0,-7.5264498277e-08,0.24578302299,0.030362948119,0.0032452541885,0.058620547609
goe289,ok,,3.2669406012,289842638.89,157327.2588,580748.28699,11734394.076,1087114.0713,25066788.81,0.0,0.0,0.0,-3.9945512717e-08,1.0073690796e-08,1.5967308586e-08,4.613266016e-07,0.0,0.0,-8.8360104556e-08,0.0,0.0,0.0,0.0,-1.2944447656e-08,0.23837233194,0.040079230009,0.013901453037,0.072579249643
goe288,ok,,3.2892064838,291818065.73,157370.52389,589806.26127,11813936.515,1098680.6183,25580633.304,0.0,0.0,0.0,-3.5361630214e-08,9.6766883634e-09,2.638775167e-08,4.215131135e-07,0.0,0.0,1.6571625769e-07,0.0,0.0,0.0,0.0,-8.6812137132e-09,0.23888457623,0.036576162073,-0.02607885429,0.0663337395
goe298,ok,,3.2631041617,289502270.37,96342.815316,368204.42366,11871568.852,657165.74874,25290292.602,0.0,0.0,0.0,-4.6564200313e-08,1.0045339382e-08,5.4818555238e-08,5.5943018958e-07,0.0,0.0,4.5419233513e-07,0.0,0.0,0.0,0.0,-1.8731539698e-08,0.23951383537,0.02765635104,-0.043758168262,0.053897079437
goe290,ok,,3.2755787488,290609014.46,172559.10557,570688.97559,11836243.538,1116353.2572,25413099.844,0.0,0.0,0.0,-2.5245180339e-08,9.7999151638e-09,2.4268194261e-08,2.6073537292e-07,0.0,0.0,2.3829044923e-09,0.0,0.0,0.0,0.0,-1.3198352993e-08,0.23953692368,0.024658796939,-0.00041119186785,0.044992262742
goe29b,ok,,3.2501709419,288354836.42,51249.433701,273391.01465,11815765.561,419870.19232,24969885.665,0.0,0.0,0.0,-1.1566305021e-07,1.3109843321e-08,1.7253810746e-07,1.5617457141e-06,0.0,0.0,9.0225482738e-07,0.0,0.0,0.0,0.0,-7.1366039628e-08,0.24051187679,0.041394493237,-0.046240048958,0.080038583433
goe300,ok,,3.2309380146,286648493.06,49002.8128,242447.52099,11773123.289,384866.34515,24582843.268,0.0,0.0,0.0,-1.3142042742e-07,1.3938984581e-08,8.0601300746e-08,1.6284448939e-06,0.0,0.0,-4.53484487e-07,0.0,0.0,0.0,0.0,-7.9737657692e-08,0.24318726553,0.043157617271,0.022222015424,0.07979838029
goe301,ok,,3.2408925236,287531656.09,62097.291391,276605.75471,11806245.595,461341.67948,24807647.82,0.0,0.0,0.0,-1.0802424415e-07,1.2499604815e-08,6.0509708261e-08,1.2712216755e-06,0.0,0.0,-3.0092983988e-07,0.0,0.0,0.0,0.0,-5.4155926935e-08,0.24293459365,0.043794387897,0.018686927955,0.078939422807
goe303,ok,,3.2336274511,286887099.59,64256.175588,265174.51293,11808086.978,454109.48638,24697357.4,0.0,0.0,0.0,-9.725158784e-08,1.1954828351e-08,3.6854025669e-08,1.1040549166e-06,0.0,0.0,-5.3958361032e-07,0.0,0.0,0.0,0.0,-4.6789138806e-08,0.24408361426,0.038994670792,0.034671579209,0.070942346578
goe304,ok,,3.2374339779,287224814.26,53750.73668,255069.31944,11804926.092,411674.87828,24749816.846,0.0,0.0,0.0,-1.1321993079e-07,1.2181131255e-08,4.0541058528e-08,1.4282154297e-06,0.0,0.0,-4.6366244766e-07,0.0,0.0,0.0,0.0,-5.0857402454e-08,0.24267803035,0.041547449095,0.024922198133,0.076767631481
goe308,ok,,3.1979325816,283720254.39,47703.438867,195485.49874,11727458.663,327434.0156,23981849.28,0.0,0.0,0.0,-1.1365390339e-07,1.2979033821e-08,5.5271889223e-08,1.2269447725e-06,0.0,0.0,-1.041029333e-06,0.0,0.0,0.0,0.0,-7.5642196519e-08,0.24355957103,0.03120112976,0.049660679145,0.058529484946
goe309,ok,,3.2080195635,284615170.4,52885.955745,197015.88972,11773206.512,349263.59554,24224887.374,0.0,0.0,0.0,-9.785622281e-08,1.2966639134e-08,7.7974226264e-08,9.8072869138e-07,0.0,0.0,-1.0816683495e-06,0.0,0.0,0.0,0.0,-8.1983419547e-08,0.24597576002,0.027157000362,0.057205064459,0.05186677417
goe310,ok,,3.1933637474,283314907.88,48522.02428,197955.77779,11712229.498,331776.25723,23880899.325,0.0,0.0,0.0,-9.8957741378e-08,1.205535255e-08,2.0148911286e-08,1.1315168856e-06,0.0,0.0,-1.1784640599e-06,0.0,0.0,0.0,0.0,-5.5563150215e-08,0.24422892415,0.028339352366,0.057181461727,0.054903489794
goe311,ok,,3.2221268541,285866767.79,49912.672316,235943.3747,11759967.026,377103.25248,24414442.747,0.0,0.0,0.0,-1.133696915e-07,1.3169189995e-08,5.8769530623e-08,1.4125922757e-06,0.0,0.0,-6.7150189083e-07,0.0,0.0,0.0,0.0,-7.3035603831e-08,0.24503828346,0.036031026107,0.033516453837,0.070506255373
goe314,ok,,3.1977452814,283703637.13,41266.708696,175649.82457,11739621.348,288847.97888,24003024.801,0.0,0.0,0.0,-1.2294627663e-07,1.3093935656e-08,1.3725275157e-07,1.348444558e-06,0.0,0.0,1.5702012999e-07,0.0,0.0,0.0,0.0,-8.5078579578e-08,0.24157963165,0.029594119611,-0.0064797039637,0.055645868769
goe318,ok,,3.2111515552,284893040.39,46186.047113,194310.07814,11779354.123,329233.68685,24282804.468,0.0,0.0,0.0,-9.8552099085e-08,1.2830630158e-08,1.7539601754e-07,1.1208733442e-06,0.0,0.0,8.4833489636e-07,0.0,0.0,0.0,0.0,-8.4230659103e-08,0.24495557949,0.025673699342,-0.039181235491,0.051768709082
goe316,ok,,3.2120686541,284974405.31,48275.100212,187415.69723,11794978.812,327904.92948,24331710.153,0.0,0.0,0.0,-1.0094657374e-07,1.2762545526e-08,1.4446625423e-07,1.047310602e-06,0.0,0.0,2.4123679684e-07,0.0,0.0,0.0,0.0,-8.1183632943e-08,0.24492594995,0.026599946135,-0.011645730542,0.050559024264
goe315,ok,,3.1856832723,282633496.91,38277.008984,155604.83097,11718365.535,262687.10357,23775348.709,0.0,0.0,0.0,-1.206603002e-07,1.3065267723e-08,1.5704830347e-07,1.2697719202e-06,0.0,0.0,3.1170182037e-07,0.0,0.0,0.0,0.0,-9.0678488289e-08,0.24211936961,0.025943497908,-0.011931013379,0.048603071199
goe319,ok,,3.2394771689,287406085.96,68519.356767,279460.56996,11816207.895,482465.59655,24804803.04,0.0,0.0,0.0,-9.1911737568e-08,1.2563514731e-08,1.1227806496e-07,1.0098199397e-06,0.0,0.0,1.1871546726e-07,0.0,0.0,0.0,0.0,-6.4379555005e-08,0.24051425762,0.036910010037,-0.0081343074553,0.069192212719
goe321,ok,,3.2371339195,287198193.11,76170.338887,289946.36687,11814971.35,520134.65074,24762779.695,0.0,0.0,0.0,-7.5648945053e-08,1.2070373509e-08,1.0011378052e-07,8.0056772146e-07,0.0,0.0,6.3860488553e-08,0.0,0.0,0.0,0.0,-5.7593476227e-08,0.24250516387,0.032112528138,-0.0048642750545,0.060979514645
goe320,ok,,3.2717972765,290273522.63,101056.67887,387943.62659,11857481.282,702829.27399,25401375.0,0.0,0.0,0.0,-6.8549462498e-08,1.1587318592e-08,7.1714530551e-08,7.4911637225e-07,0.0,0.0,-5.47981431e-08,0.0,0.0,0.0,0.0,-4.4559832528e-08,0.23950420679,0.040718903913,0.0055377183501,0.075703212669
goe322,ok,,3.2574225429,288998197.72,103377.1248,393104.91138,11808990.326,716987.56791,25069440.293,0.0,0.0,0.0,-6.4104986115e-08,1.1733998353e-08,7.224147787e-08,6.9354436732e-07,0.0,0.0,-6.408770889e-08,0.0,0.0,0.0,0.0,-4.5172252884e-08,0.24179686853,0.038172441648,0.0066252030802,0.071696622616
goe323,ok,,3.2310847339,286661509.98,67522.90981,281227.70505,11784939.461,482925.48475,24603878.007,0.0,0.0,0.0,-8.0306600994e-08,1.2459394869e-08,1.5059924585e-07,9.0289201867e-07,0.0,0.0,6.9060275678e-07,0.0,0.0,0.0,0.0,-6.8535510862e-08,0.24081059794,0.030846371133,-0.046631507661,0.060965896345
goe324,ok,,3.257221121,288980327.59,91292.553278,371561.71537,11807574.702,659645.28602,25058471.598,0.0,0.0,0.0,-6.761318347e-08,1.2150678384e-08,1.2435079162e-07,7.659042918e-07,0.0,0.0,4.1821205979e-07,0.0,0.0,0.0,0.0,-5.7747795595e-08,0.23948253861,0.035531128553,-0.03817964675,0.069921358365
goe325,ok,,3.2067712419,284504419.43,41625.500481,173831.85027,11777193.518,291745.40271,24217440.249,0.0,0.0,0.0,-1.2399775364e-07,1.2580983698e-08,9.8946309266e-08,1.3576436412e-06,0.0,0.0,-9.8072200878e-08,0.0,0.0,0.0,0.0,-6.7375899453e-08,0.24553302372,0.03136169817,0.0040823044448,0.056512596039
goe328,ok,,3.2094176648,284739209.8,42669.462079,173727.46369,11789332.711,296800.20895,24280188.218,0.0,0.0,0.0,-1.0996829648e-07,1.1894190457e-08,5.9559416164e-08,1.2388726653e-06,0.0,0.0,-4.5263794249e-07,0.0,0.0,0.0,0.0,-5.4186150821e-08,0.24577655376,0.028693436824,0.019313817523,0.052862030211
goe326,ok,,3.2079773915,284611428.9,41674.294083,177503.18437,11778142.436,296447.76255,24236497.403,0.0,0.0,0.0,-1.2202955771e-07,1.2801978403e-08,9.965306049e-08,1.3863214209e-06,0.0,0.0,-2.5969827482e-07,0.0,0.0,0.0,0.0,-7.3800106991e-08,0.24541936208,0.030821077086,0.010822742278,0.05777396659
goe329,ok,,3.2304292869,286603358.79,65421.251136,261500.51628,11794995.26,459140.88742,24619873.695,0.0,0.0,0.0,-9.1381614483e-08,1.2074856487e-08,4.0880912413e-08,1.0181248054e-06,0.0,0.0,-6.209378786e-07,0.0,0.0,0.0,0.0,-5.0598554615e-08,0.24485071324,0.036288665886,0.040622532896,0.066606998582
goe330,ok,,3.2235042652,285988971.57,65850.489398,273729.4661,11759491.713,469232.08956,24443370.708,0.0,0.0,0.0,-9.3579738365e-08,1.1889992105e-08,2.5488305212e-08,1.0757717021e-06,0.0,0.0,-6.2873379672e-07,0.0,0.0,0.0,0.0,-4.3568420514e-08,0.24374457727,0.038944177224,0.041402428215,0.070840093061
goe331,ok,,3.2516658266,288487462.44,76539.268911,319453.55954,11809610.902,557367.09891,24984742.278,0.0,0.0,0.0,-9.6417879306e-08,1.2594179035e-08,3.5565353888e-08,1.0880630718e-06,0.0,0.0,-6.3752184191e-07,0.0,0.0,0.0,0.0,-5.3964659466e-08,0.24191339396,0.046506927559,0.048795455695,0.083279552046
goe332,ok,,3.2461016666,287993810.73,88810.445403,353244.18398,11789741.976,626918.09792,24854667.754,0.0,0.0,0.0,-7.423385643e-08,1.1178366461e-08,1.4824769444e-08,8.5532161052e-07,0.0,0.0,-4.5382405e-07,0.0,0.0,0.0,0.0,-3.0036367805e-08,0.24299041128,0.041978230965,0.040304316016,0.075961493193
goe335,ok,,3.1787555068,282018866.25,28420.465739,142842.0972,11685399.896,217443.32677,23606077.457,0.0,0.0,0.0,-1.6788080313e-07,1.3609055605e-08,1.0609904423e-07,2.0612581607e-06,0.0,0.0,-3.2997449003e-07,0.0,0.0,0.0,0.0,-9.0244449735e-08,0.24336521466,0.031741332662,0.0093780286886,0.058581916936
goe336,ok,,3.2196424412,285646350.93,56457.251723,227034.78004,11782810.877,389451.84726,24423609.602,0.0,0.0,0.0,-1.0081531134e-07,1.2966147887e-08,6.6503058021e-08,1.0970995164e-06,0.0,0.0,-8.3688761104e-07,0.0,0.0,0.0,0.0,-7.5007624652e-08,0.24447768651,0.032148964688,0.04724837452,0.061939223562
goe342,ok,,3.2130144424,285058315.55,18999.443513,159248.40708,11766251.996,200200.40595,24291352.397,0.0,0.0,0.0,-2.3280310301e-07,1.3899564515e-08,-1.403517749e-07,4.0313135934e-06,0.0,0.0,-3.0433149174e-06,0.0,0.0,0.0,0.0,-8.0887766433e-08,0.24597252954,0.042635331238,0.057821289866,0.076592714901
goe344,ok,,3.2001851098,283920098.46,39104.242694,130694.05692,11817598.875,232193.10138,24195248.987,0.0,0.0,0.0,-8.5131172654e-08,1.1291423726e-08,4.7232271397e-08,8.0513995317e-07,0.0,0.0,-1.3224140664e-06,0.0,0.0,0.0,0.0,-5.4485506822e-08,0.24709617526,0.016643508123,0.051712000594,0.031484388131
goe346,ok,,3.1933112714,283310252.22,24211.087503,100777.73661,11780193.306,168226.46215,24014131.706,0.0,0.0,0.0,-1.757312149e-07,1.330555432e-08,3.5476095079e-08,1.8975970508e-06,0.0,0.0,-2.6788352001e-06,0.0,0.0,0.0,0.0,-1.0214692421e-07,0.24691002908,0.0253273179,0.064857513437,0.045942888243
goe358,ok,,3.2266952451,286272074.98,49255.432398,273161.78592,11751434.162,406772.15528,24470776.48,0.0,0.0,0.0,-8.9900502226e-08,9.8528899598e-09,6.1534337909e-08,1.3304845494e-06,0.0,0.0,1.0001176523e-06,0.0,0.0,0.0,0.0,4.1935986322e-09,0.24485988985,0.036986822086,-0.049261227411,0.065533591781
goe359,ok,,3.2124963225,285012348.0,37042.922074,193897.71493,11756916.261,296641.61539,24263244.55,0.0,0.0,0.0,-1.4959739589e-07,1.3595868179e-08,9.9172413267e-08,1.9267114219e-06,0.0,0.0,-1.6037884021e-07,0.0,0.0,0.0,0.0,-7.8797532217e-08,0.24485399389,0.038674846773,0.0059409008801,0.07137102106
goe360,ok,,3.2253113931,286149299.77,56165.25236,244466.30808,11771420.464,414396.70188,24491361.702,0.0,0.0,0.0,-1.08336647e-07,1.31760401e-08,8.7408432152e-08,1.2531167279e-06,0.0,0.0,-3.5776068036e-07,0.0,0.0,0.0,0.0,-7.162970568e-08,0.24365111774,0.037695841184,0.020093718897,0.070381617261
goe361,ok,,3.1839065452,282475865.86,22938.960633,158977.14161,11672915.967,211235.69772,23660354.718,0.0,0.0,0.0,-1.9926256235e-07,1.4221455436e-08,1.9311979527e-07,3.0049765781e-06,0.0,0.0,1.1462285088e-06,0.0,0.0,0.0,0.0,-9.4809182698e-08,0.24192830186,0.037261333717,-0.026293290638,0.068931039427
goe363,ok,,3.2342406429,286941501.91,74678.111639,303904.03916,11787804.313,523468.46392,24668794.082,0.0,0.0,0.0,-8.4528513254e-08,1.1766768716e-08,7.8084069007e-08,9.3775539123e-07,0.0,0.0,8.7026556752e-08,0.0,0.0,0.0,0.0,-4.4138012807e-08,0.24193495914,0.038679245907,-0.0064989789207,0.070029801796
goe362,ok,,3.1757657807,281753618.06,22627.205797,148308.12062,11661550.925,200159.03303,23515619.87,0.0,0.0,0.0,-1.9888260988e-07,1.3742740958e-08,1.6809621711e-07,2.8895152661e-06,0.0,0.0,9.2053160933e-07,0.0,0.0,0.0,0.0,-8.6850785237e-08,0.24176836218,0.035616116136,-0.020829058167,0.06538165658
goe364,ok,,3.2327591482,286810063.85,71928.477274,303697.09574,11765852.482,517789.41447,24599437.114,0.0,0.0,0.0,-9.8520856183e-08,1.2915105288e-08,9.09119521e-08,1.0926296032e-06,0.0,0.0,-1.0927030821e-07,0.0,0.0,0.0,0.0,-6.192285495e-08,0.23966380301,0.04337431428,0.0078596468811,0.078591183583
goe365,ok,,3.2220823347,285862818.03,88178.949748,315974.02763,11758638.512,581030.90379,24420164.969,0.0,0.0,0.0,-7.0965648886e-08,1.1614055022e-08,4.5116684313e-08,7.0629128151e-07,0.0,0.0,-4.4761971984e-07,0.0,0.0,0.0,0.0,-4.1794202854e-08,0.24136218909,0.035393455897,0.039470636782,0.06228002342
goe366,ok,,3.2735875543,290432355.89,110887.81357,435026.05951,11814399.003,791944.86312,25340882.779,0.0,0.0,0.0,-6.9613948327e-08,1.1319889063e-08,1.8100483576e-08,7.8753976755e-07,0.0,0.0,-4.3899839768e-07,0.0,0.0,0.0,0.0,-3.3067990158e-08,0.24045501494,0.048867987619,0.048679572478,0.087328562921
goe367,ok,,3.2664380936,289798056.47,174838.61888,559466.9686,11809601.394,1112689.0112,25216085.779,0.0,0.0,0.0,-2.9708433386e-08,1.0022996084e-08,5.8840010708e-09,3.0815627673e-07,0.0,0.0,-3.7196592309e-07,0.0,0.0,0.0,0.0,-1.4126626733e-08,0.24090014539,0.029277217806,0.065034008263,0.053877617822
goe368,ok,,3.1695814137,281204941.65,27349.821138,134844.33351,11669770.078,200137.36531,23436696.457,0.0,0.0,0.0,-1.4182223819e-07,1.2950863603e-08,2.7090072403e-07,1.6953321968e-06,0.0,0.0,3.1502147611e-06,0.0,0.0,0.0,0.0,-9.2549430508e-08,0.24185414596,0.023912439279,-0.086157810264,0.046367032352
goe369,ok,,3.1828751535,282384360.9,20898.409565,123575.7428,11704073.336,176268.75879,23700963.42,0.0,0.0,0.0,-2.4585470447e-07,1.7773013481e-08,2.1816580279e-07,3.1525952211e-06,0.0,0.0,-1.9939553636e-07,0.0,0.0,0.0,0.0,-1.7416389329e-07,0.24195050526,0.035942868539,0.0041670495844,0.065884226124
goe370,ok,,3.1749099318,281677687.23,15862.242095,138784.21491,11648710.504,168439.47066,23471920.871,0.0,0.0,0.0,-2.3830364766e-07,1.4341603984e-08,-2.5281379128e-07,4.2774388729e-06,0.0,0.0,-5.2459759006e-06,0.0,0.0,0.0,0.0,-9.7223473993e-08,0.24493428188,0.036138394599,0.083212939763,0.06784977095
goe371,ok,,3.1785368122,281999463.69,29141.340302,141491.48868,11690737.4,219466.21773,23615483.897,0.0,0.0,0.0,-1.5921985446e-07,1.2787149516e-08,7.0800982508e-08,1.9485448122e-06,0.0,0.0,-5.5858689368e-07,0.0,0.0,0.0,0.0,-7.087254616e-08,0.24341659697,0.031164858287,0.016277970757,0.056783207466
goe372,ok,,3.1685158655,281110406.31,23976.055069,125984.80197,11662066.013,188065.99529,23407032.575,0.0,0.0,0.0,-1.5835676753e-07,1.1800957229e-08,-5.3492523984e-09,2.1666167156e-06,0.0,0.0,-1.2453154712e-06,0.0,0.0,0.0,0.0,-4.5232184934e-08,0.24467401434,0.027702191342,0.029857752316,0.051946921685
goe373,ok,,3.1835178801,282441383.54,24879.886097,140595.26028,11695416.196,203748.4085,23697689.432,0.0,0.0,0.0,-1.9178361249e-07,1.4436968039e-08,1.6860454811e-07,2.5107195737e-06,0.0,0.0,4.0474885918e-07,0.0,0.0,0.0,0.0,-1.0806158128e-07,0.2418902209,0.033766336909,-0.010070105514,0.062466417016
goe374,ok,,3.176974685,281860871.93,25492.69323,117469.06717,11701864.81,185742.24597,23611615.071,0.0,0.0,0.0,-1.944372248e-07,1.5324304817e-08,1.9197872401e-07,2.1276331986e-06,0.0,0.0,-2.5826450789e-07,0.0,0.0,0.0,0.0,-1.3891041259e-07,0.24313439635,0.02986201783,0.0065838578719,0.05423910044
goe375,ok,,3.1827238089,282370933.61,26069.514675,117491.75593,11722974.751,186791.45829,23741290.145,0.0,0.0,0.0,-1.9728212554e-07,1.588068994e-08,2.6358356098e-07,2.0832342575e-06,0.0,0.0,5.9755708065e-07,0.0,0.0,0.0,0.0,-1.5380091462e-07,0.24215663755,0.029918680976,-0.015578023083,0.054308906046
goe376,ok,,3.1897154071,282991227.5,27928.360906,138009.87078,11726456.726,211988.21484,23853579.123,0.0,0.0,0.0,-1.8215634917e-07,1.4610668748e-08,1.3311731656e-07,2.1536013707e-06,0.0,0.0,-4.8365312928e-07,0.0,0.0,0.0,0.0,-1.1401198178e-07,0.2432940954,0.032754092849,0.013507639148,0.060146556328
goe377,ok,,3.1733921569,281543030.4,29705.743258,120570.97247,11699451.317,201373.58279,23553948.615,0.0,0.0,0.0,-1.474691475e-07,1.2904148029e-08,4.0978304886e-08,1.5675397116e-06,0.0,0.0,-1.9283479572e-06,0.0,0.0,0.0,0.0,-8.4174680198e-08,0.24497809853,0.025551282279,0.057283009329,0.04656493222
goe379,ok,,3.183128755,282406860.39,27797.985282,146327.26673,11688779.832,220257.77375,23677208.711,0.0,0.0,0.0,-1.8180192611e-07,1.5053923789e-08,5.9456654891e-08,2.2723574582e-06,0.0,0.0,-1.6453582422e-06,0.0,0.0,0.0,0.0,-1.1799639047e-07,0.24431776532,0.03371656497,0.0457376442,0.063166959179
goe380,ok,,3.1894130335,282964400.94,29228.781032,152065.97565,11704317.77,229902.63368,23804752.643,0.0,0.0,0.0,-1.8962456596e-07,1.5783593863e-08,8.5382281214e-08,2.2854441608e-06,0.0,0.0,-1.3888548965e-06,0.0,0.0,0.0,0.0,-1.2721278583e-07,0.24338180066,0.036508668203,0.040594535655,0.066800746938
goe381,ok,,3.2071053857,284534064.63,26943.823456,153849.93357,11756246.496,226840.48317,24177579.163,0.0,0.0,0.0,-1.9841522826e-07,1.5993678617e-08,9.8434816236e-08,2.594247723e-06,0.0,0.0,-1.1157492247e-06,0.0,0.0,0.0,0.0,-1.2967455346e-07,0.24523863683,0.037827874678,0.030062550132,0.069898952649
goe382,ok,,3.3090689176,293580258.85,235068.27687,781636.28221,11793077.375,1574197.911,25856453.197,0.0,0.0,0.0,-2.9366206743e-08,9.9434242759e-09,2.3501712129e-08,3.0055658359e-07,0.0,0.0,-1.2435856664e-07,0.0,0.0,0.0,0.0,-1.6918492373e-08,0.23668470058,0.039954786907,0.029232753974,0.070651318206
goe383,ok,,3.3115428772,293799748.3,241367.64567,777310.45631,11836394.623,1583073.7965,25987432.684,0.0,0.0,0.0,-2.3974903195e-08,9.6133147099e-09,2.1370844613e-08,2.4054122185e-07,0.0,0.0,-9.853471482e-08,0.0,0.0,0.0,0.0,-1.4025697729e-08,0.23586020122,0.032734263068,0.023783092133,0.058058868405
goe384,ok,,3.3157231921,294170625.41,225999.73514,774485.09279,11793311.0,1543354.8947,25962944.936,0.0,0.0,0.0,-3.3299590563e-08,1.0048282582e-08,2.0339848734e-08,3.5776150858e-07,0.0,0.0,-1.5635373785e-07,0.0,0.0,0.0,0.0,-1.7548493697e-08,0.23726414784,0.045002255245,0.035335903343,0.080854006184
goe385,ok,,3.2119229988,284961482.78,60454.648472,218622.4845,11786736.59,396790.10748,24315677.906,0.0,0.0,0.0,-8.2251641359e-08,1.1899819715e-08,7.6112970826e-08,8.2626200179e-07,0.0,0.0,-3.5767537544e-07,0.0,0.0,0.0,0.0,-5.5130811441e-08,0.24546053472,0.027280377554,0.021623139089,0.049951378864
goe386,ok,,3.3242121361,294923763.66,241704.76972,800547.09763,11853413.093,1608708.8215,26230203.225,0.0,0.0,0.0,-2.4645167433e-08,9.3798983188e-09,1.9947976095e-08,2.6194751996e-07,0.0,0.0,-2.2814565168e-08,0.0,0.0,0.0,0.0,-1.1254323816e-08,0.23424679855,0.035418249215,0.0055143892202,0.063313964989
goe387,ok,,3.2542467873,288716445.01,131338.76227,474205.38701,11776460.658,883275.48346,24955695.761,0.0,0.0,0.0,-4.6450390833e-08,1.0512659457e-08,3.6361499046e-08,5.0359319071e-07,0.0,0.0,-6.9601426551e-08,0.0,0.0,0.0,0.0,-2.3380231151e-08,0.23829579616,0.03612337904,0.0091413652156,0.066141306357
goe389,ok,,3.2105646243,284840967.93,63553.948514,236114.0341,11773209.782,421464.11776,24268553.373,0.0,0.0,0.0,-7.0534752963e-08,1.0999314308e-08,4.6432776897e-08,7.6864305683e-07,0.0,0.0,-8.3207256984e-08,0.0,0.0,0.0,0.0,-3.04306662e-08,0.24493847845,0.026590877211,0.0052881497264,0.04885030126
goe388,ok,,3.2395404281,287411698.31,61870.727738,262713.71918,11775283.698,453812.20827,24725424.043,0.0,0.0,0.0,-8.6934293037e-08,1.1229915138e-08,3.7800879062e-08,1.0636248864e-06,0.0,0.0,-3.1513126446e-07,0.0,0.0,0.0,0.0,-3.6539541408e-08,0.24194362471,0.035449845122,0.019497400666,0.065807245763
goe390,ok,,3.332771161,295683119.48,241116.68297,832745.79463,11820250.435,1659255.5727,26295979.065,0.0,0.0,0.0,-3.0830045853e-08,9.5660832587e-09,1.8736696175e-08,3.4044705409e-07,0.0,0.0,-6.417681583e-08,0.0,0.0,0.0,0.0,-1.2667182223e-08,0.23439135776,0.046250284665,0.015474100957,0.08208746441
goe391,ok,,3.1603925569,280389707.21,19426.553545,76860.127563,11683308.371,129622.82556,23326936.366,0.0,0.0,0.0,-1.8972763545e-07,1.2535232725e-08,-1.1573611725e-07,1.9738233879e-06,0.0,0.0,-6.3557079918e-06,0.0,0.0,0.0,0.0,-8.0743973911e-08,0.24605515157,0.022020180397,0.12346950162,0.038344585734
goe392,ok,,3.1873795045,282783986.46,56852.560269,232319.87029,11661488.377,401552.21504,23692463.966,0.0,0.0,0.0,-8.5195809946e-08,1.101746108e-08,-2.0615965189e-08,1.0117066565e-06,0.0,0.0,-8.8550748084e-07,0.0,0.0,0.0,0.0,-1.9179490734e-08,0.24546944629,0.032322017138,0.050343367423,0.057518113662
goe393,ok,,3.192241016,283215299.26,19837.038866,114200.46863,11758397.717,160684.3995,23942420.358,0.0,0.0,0.0,-1.8683299677e-07,1.4561911234e-08,3.5320677284e-07,2.5306689132e-06,0.0,0.0,3.4507532936e-06,0.0,0.0,0.0,0.0,-1.4397463999e-07,0.24497350021,0.024366950239,-0.068452727202,0.050200977588
goe394,ok,,3.2074272843,284562623.45,19898.551235,177673.36432,11733963.122,213929.99326,24135763.022,0.0,0.0,0.0,-1.9649951017e-07,1.3738151793e-08,7.5157859451e-08,3.675811397e-06,0.0,0.0,-2.2155639125e-07,0.0,0.0,0.0,0.0,-8.5016780927e-08,0.24521218238,0.037589857927,0.0044086512029,0.073143321415
goe395,ok,,3.2183166078,285528723.13,19916.965206,230391.00786,11712898.373,254342.91692,24262437.145,0.0,0.0,0.0,-1.9067468055e-07,1.2987789856e-08,-1.2356288873e-07,4.2969278988e-06,0.0,0.0,-2.1316300523e-06,0.0,0.0,0.0,0.0,-5.9395456773e-08,0.24515510998,0.044803577469,0.042455601583,0.085581763453
goe397,ok,,3.1607076775,280417664.67,17058.952745,91159.026587,11660471.945,135229.67248,23282787.079,0.0,0.0,0.0,-2.1169880666e-07,1.3537896978e-08,1.1558185797e-08,2.7825575615e-06,0.0,0.0,-2.753306845e-06,0.0,0.0,0.0,0.0,-1.0601801703e-07,0.24446968189,0.025128248021,0.046968531361,0.047467517951
goe396,ok,,3.1746063719,281650755.43,16201.316992,137714.35133,11648778.092,169498.06988,23468078.836,0.0,0.0,0.0,-2.3985102242e-07,1.4570792048e-08,-2.3369916555e-07,4.202968367e-06,0.0,0.0,-5.056979736e-06,0.0,0.0,0.0,0.0,-1.0150347145e-07,0.24500428646,0.036449945133,0.081929731723,0.068093622819
goe398,ok,,3.2399229324,287445634.05,116756.0792,408069.278,11785261.911,761736.61047,24750777.786,0.0,0.0,0.0,-4.9873335809e-08,1.0682905043e-08,4.0455862181e-08,5.0734468324e-07,0.0,0.0,-1.0709990408e-07,0.0,0.0,0.0,0.0,-2.6203965947e-08,0.23966212758,0.033220226791,0.012504564883,0.05923557602
goe399,ok,,3.1742410819,281618346.94,29417.155782,134539.31689,11684048.929,214505.21893,23535783.177,0.0,0.0,0.0,-1.4667392572e-07,1.2620871408e-08,5.941078151e-08,1.7554417222e-06,0.0,0.0,-8.7382605403e-07,0.0,0.0,0.0,0.0,-7.1446375573e-08,0.2440663114,0.027728429079,0.025705477158,0.051640102609
goe400,ok,,3.1903306321,283045810.2,20214.558414,138202.9062,11722992.317,181524.91324,23848690.305,0.0,0.0,0.0,-1.9302189221e-07,1.4055011617e-08,2.5320625067e-07,2.9570899591e-06,0.0,0.0,2.1212607388e-06,0.0,0.0,0.0,0.0,-1.0920815491e-07,0.24380462159,0.030217070109,-0.042880349115,0.059776267712
goe401,ok,,3.1936981581,283344576.76,32722.826083,156337.68366,11729769.43,243071.59813,23919153.65,0.0,0.0,0.0,-1.4895317027e-07,1.3569452187e-08,1.4383271871e-07,1.7747836333e-06,0.0,0.0,1.7932353443e-07,0.0,0.0,0.0,0.0,-9.4521859495e-08,0.24253845618,0.030650178032,-0.0058679728298,0.058075936167
goe403,ok,,3.1670696835,280982101.2,25776.503912,131992.92903,11653054.442,199390.72388,23366814.97,0.0,0.0,0.0,-1.5574845573e-07,1.2403587876e-08,6.8138242085e-08,2.0368129991e-06,0.0,0.0,-3.1623856952e-07,0.0,0.0,0.0,0.0,-6.3025252404e-08,0.24405178924,0.027992343076,0.0081515247244,0.052501918239
goe402,ok,,3.1883097617,282866518.78,27320.640909,157932.09691,11692414.36,228396.9082,23761977.316,0.0,0.0,0.0,-1.9306069426e-07,1.562577832e-08,1.706214332e-07,2.5290239421e-06,0.0,0.0,1.1136178424e-07,0.0,0.0,0.0,0.0,-1.2308494188e-07,0.24203794835,0.037320045765,-0.0030424753184,0.069094554973
goe404,ok,,3.2581901323,289066298.17,104913.58883,386126.97643,11845559.372,704921.97734,25160207.266,0.0,0.0,0.0,-5.2895002745e-08,1.0681014939e-08,6.7983012278e-08,5.7019820345e-07,0.0,0.0,2.3336805671e-07,0.0,0.0,0.0,0.0,-3.1711581644e-08,0.23884825759,0.031964032251,-0.024483480347,0.059821539868
goe405,ok,,3.2249417703,286116506.87,81786.416291,345061.08583,11704027.125,592813.0949,24353339.64,0.0,0.0,0.0,-7.9574564232e-08,1.1326035334e-08,-3.7802860826e-09,9.5666297387e-07,0.0,0.0,-6.3768738641e-07,0.0,0.0,0.0,0.0,-2.9178013878e-08,0.24222199762,0.042996292631,0.052154166049,0.078242036231
goe406,ok,,3.2351626865,287023305.52,94817.658118,342407.88711,11781170.665,625991.59797,24668590.108,0.0,0.0,0.0,-6.7904840848e-08,1.1574595398e-08,2.7593182966e-08,7.0290424493e-07,0.0,0.0,-6.5980093007e-07,0.0,0.0,0.0,0.0,-4.1766840072e-08,0.24153145322,0.036218274754,0.062560779013,0.066647734385
goe407,ok,,3.2115163965,284925409.07,63954.066901,236606.95121,11767159.183,419602.28085,24272098.959,0.0,0.0,0.0,-8.68100447e-08,1.1913353345e-08,3.3268877381e-08,8.9747017106e-07,0.0,0.0,-9.1997457584e-07,0.0,0.0,0.0,0.0,-5.2159927822e-08,0.24290501786,0.03112454933,0.058836115571,0.057396867362
goe408,ok,,3.1945388618,283419163.91,43662.289221,160822.33595,11757439.285,280817.97073,23990881.12,0.0,0.0,0.0,-1.1393837131e-07,1.2258366988e-08,1.3493437596e-08,1.1313324754e-06,0.0,0.0,-1.8075655045e-06,0.0,0.0,0.0,0.0,-6.3435898548e-08,0.24530048018,0.027635050469,0.078922447845,0.049396565748
goe409,ok,,3.2027723262,284149636.04,104418.50762,319721.0709,11751107.38,624196.79596,24106416.7,0.0,0.0,0.0,2.5051799997e-15,1.0049214902e-08,-4.2023732002e-15,4.0674661559e-14,0.0,0.0,-4.4148193686e-07,0.0,0.0,0.0,0.0,5.9850419599e-15,0.24225056193,-6.5871501716e-10,0.046098884986,4.2471874578e-09
goe410,ok,,3.2357968525,287079568.66,131030.56693,460429.25647,11762014.206,858111.8947,24635279.347,0.0,0.0,0.0,4.4846932475e-15,9.5799869111e-09,1.2260197258e-15,-1.3655408772e-14,0.0,0.0,4.594008653e-07,0.0,0.0,0.0,0.0,1.4562801624e-15,0.23600565369,-3.5534438409e-09,-0.060195555827,-1.7892759531e-09
goe411,ok,,3.1969760041,283635386.93,111009.92042,337872.76417,11718418.859,662295.87612,23953753.045,0.0,0.0,0.0,-2.3712023092e-15,1.0212012732e-08,-1.2586243607e-14,3.451898517e-14,0.0,0.0,-5.8741914629e-07,0.0,0.0,0.0,0.0,-1.6933790757e-15,0.24461603108,1.2960962341e-09,0.065209352681,3.8319497965e-09
goe412,ok,,3.2423635733,287662167.47,113640.48936,398351.7542,11790296.796,747797.72037,24797746.703,0.0,0.0,0.0,-4.8662328996e-08,1.0377419148e-08,-4.7859890032e-10,5.3903007201e-07,0.0,0.0,-4.5548456854e-07,0.0,0.0,0.0,0.0,-1.5568650136e-08,0.24325181053,0.033562283383,0.051761489267,0.061255641166
goe413,ok,,3.2749626478,290554354.05,139742.33739,528824.02723,11809591.089,978685.31797,25345873.295,0.0,0.0,0.0,-3.2067006694e-08,9.522018893e-09,2.4450732067e-08,3.9490220089e-07,0.0,0.0,3.0304558601e-07,0.0,0.0,0.0,0.0,-4.63352132e-09,0.23765302244,0.030306457661,-0.042348298525,0.055184556593
goe414,ok,,3.2366669511,287156763.72,113691.66279,406378.00968,11755463.536,757332.7862,24638371.236,0.0,0.0,0.0,-4.9644965616e-08,1.0542388411e-08,3.3282932688e-09,5.5261408449e-07,0.0,0.0,-4.2107343035e-07,0.0,0.0,0.0,0.0,-1.7164445942e-08,0.2438017446,0.034434537387,0.047872538453,0.062827614146
goe415,ok,,3.1913388067,283135255.34,37176.885158,153247.25571,11746684.813,255438.84645,23919947.225,0.0,0.0,0.0,-1.1579588486e-07,1.2562189196e-08,1.7986470329e-07,1.2309310266e-06,0.0,0.0,1.2464656171e-06,0.0,0.0,0.0,0.0,-7.7781006194e-08,0.24533514097,0.024714242612,-0.046339709101,0.045762181413
goe416a,ok,,3.1986531886,283784186.57,68281.559105,235586.24304,11746333.451,438235.08303,24027751.408,0.0,0.0,0.0,-2.0334474745e-08,1.0240576331e-08,7.4359513652e-09,1.9708593264e-07,0.0,0.0,3.8529769862e-07,0.0,0.0,0.0,0.0,2.0405920269e-10,0.24610171311,0.0089332881685,-0.026308727581,0.013457334758
goe417,ok,,3.1911658587,283119911.42,22610.220343,160770.44397,11691358.556,210749.03865,23807783.972,0.0,0.0,0.0,-2.2180682129e-07,1.5357820423e-08,2.5557827065e-08,3.3068626262e-06,0.0,0.0,-1.4354133732e-06,0.0,0.0,0.0,0.0,-1.1068610943e-07,0.24225130655,0.041117166456,0.03245501265,0.07476889262
goe417a,ok,,3.1994616929,283855916.99,9613.0026964,143494.01941,11725750.818,137099.29953,23994575.309,0.0,0.0,0.0,-3.1234968901e-07,1.6390950577e-08,-8.801991453e-07,7.3325778572e-06,0.0,0.0,-1.4187201695e-05,0.0,0.0,0.0,0.0,-1.458210307e-07,0.24330202553,0.037974109755,0.13638160815,0.070488090712
goe419,ok,,3.1630727445,280627493.18,19999.653795,98149.588402,11662868.994,152253.14296,23324626.062,0.0,0.0,0.0,-2.2079219321e-07,1.4432414301e-08,-6.9278947361e-08,2.5989606372e-06,0.0,0.0,-4.4967398209e-06,0.0,0.0,0.0,0.0,-1.147840395e-07,0.24652638638,0.029316968907,0.089933239622,0.051978312969
goe418,ok,,3.2433830062,287752611.45,93264.524611,368518.38138,11793579.409,643754.66605,24821087.377,0.0,0.0,0.0,-5.6058337964e-08,1.0436803265e-08,6.4885389663e-08,6.5231349093e-07,0.0,0.0,4.1682422594e-07,0.0,0.0,0.0,0.0,-2.451124748e-08,0.23703089433,0.032355924439,-0.038874913278,0.060837707628
goe420,ok,,3.2754175885,290594716.4,195553.52596,666098.44518,11762172.02,1298589.6319,25257496.293,0.0,0.0,0.0,-2.2125535463e-08,9.3944461219e-09,1.8304818981e-09,2.5557296322e-07,0.0,0.0,-2.4311451291e-08,0.0,0.0,0.0,0.0,-1.6563353005e-09,0.23607703137,0.028224350556,0.0047541900212,0.049978194098
goe422,ok,,3.2948183609,292315950.9,180753.27194,628172.79479,11821268.882,1221587.4999,25691061.428,0.0,0.0,0.0,-3.9439861415e-08,9.9658071404e-09,1.1363494118e-08,4.2959539701e-07,0.0,0.0,-1.9394050584e-07,0.0,0.0,0.0,0.0,-1.43205084e-08,0.23822429054,0.044025955282,0.035055380992,0.077650773622
goe423,ok,,3.2684546064,289976961.28,177407.68541,583431.90559,11787291.03,1152196.3896,25198879.972,0.0,0.0,0.0,-3.0249980253e-08,9.9141496414e-09,5.1853825787e-10,3.2895230937e-07,0.0,0.0,-3.2171022324e-07,0.0,0.0,0.0,0.0,-1.0633295993e-08,0.24044715609,0.031913065368,0.057073866078,0.058358667817
goe421,ok,,3.3205158746,294595831.71,220654.79232,794883.14421,11771577.618,1546053.523,25995271.808,0.0,0.0,0.0,-3.6759202116e-08,9.5553695446e-09,-8.633873467e-09,4.3083073928e-07,0.0,0.0,-2.2323999403e-07,0.0,0.0,0.0,0.0,-6.5943499781e-09,0.23862477583,0.054404875597,0.049258974519,0.095064867299
goe424,ok,,3.2874063285,291658356.14,233962.05589,742334.07594,11777821.604,1512081.4547,25479104.842,0.0,0.0,0.0,-2.4751307795e-08,9.9396614872e-09,1.8086593508e-08,2.331356031e-07,0.0,0.0,-1.981215969e-07,0.0,0.0,0.0,0.0,-1.4875366443e-08,0.23893252434,0.032068998171,0.046352936127,0.054544885002
goe425,ok,,3.2513456632,288459057.57,138279.91217,487187.34306,11764853.54,926080.9628,24880560.774,0.0,0.0,0.0,-3.614065837e-08,1.0296390819e-08,3.2150508822e-08,3.9112391937e-07,0.0,0.0,-2.1099916237e-08,0.0,0.0,0.0,0.0,-1.8730386594e-08,0.24050250287,0.029306615893,0.002917694564,0.054084581218
goe427,ok,,3.1726847874,281480272.64,15381.626182,120364.05485,11662597.262,151555.37474,23468164.526,0.0,0.0,0.0,-2.8043737169e-07,1.5959451481e-08,-2.2116571443e-07,4.3809671034e-06,0.0,0.0,-5.4989341272e-06,0.0,0.0,0.0,0.0,-1.2984243371e-07,0.24488308778,0.037697602043,0.084582549146,0.067386398302
goe426,ok,,3.217461015,285452815.02,97237.480803,369615.09636,11701107.945,667069.08301,24229181.844,0.0,0.0,0.0,-4.9548624568e-08,1.0487139531e-08,3.3059252069e-08,5.627250878e-07,0.0,0.0,6.7705254924e-08,0.0,0.0,0.0,0.0,-1.7724510431e-08,0.23986393177,0.030220675785,-0.0065834884259,0.054717969922
goe428,ok,,3.1859479936,282656982.96,36477.018263,179938.13933,11681937.784,279863.96871,23710243.597,0.0,0.0,0.0,-1.4067030741e-07,1.2854402714e-08,7.4584687131e-08,1.7530455804e-06,0.0,0.0,-3.0705664203e-07,0.0,0.0,0.0,0.0,-6.575607341e-08,0.24329732037,0.034903175068,0.011200510739,0.063945875651
goe430,ok,,3.2452759242,287920550.94,93600.931214,380408.34177,11786770.121,668291.92162,24833422.953,0.0,0.0,0.0,-4.579582951e-08,9.4953674727e-09,4.9833190946e-09,5.9704645022e-07,0.0,0.0,3.3114045878e-07,0.0,0.0,0.0,0.0,8.4859668652e-09,0.24224424238,0.031979831976,-0.030995055304,0.055884103718
goe429,ok,,3.2121032352,284977473.34,67377.585868,241671.99287,11800386.754,438282.59667,24343993.869,0.0,0.0,0.0,-1.9664518589e-09,1.0015884346e-08,5.5260480527e-09,1.3349996364e-08,0.0,0.0,1.1711944505e-06,0.0,0.0,0.0,0.0,-2.1188834901e-09,0.24378195636,0.00063546925461,-0.078912254654,0.00089949052635
goe431,ok,,3.233513466,286876986.85,68195.190986,371942.00311,11684053.854,566004.59205,24443956.491,0.0,0.0,0.0,-8.4436721618e-08,9.6934658817e-09,-4.7053774173e-09,1.2445963923e-06,0.0,0.0,-1.1971897197e-08,0.0,0.0,0.0,0.0,3.8482936186e-09,0.24144114221,0.048317702317,0.00081642581582,0.084875488676
goe432,ok,,3.1860122688,282662685.45,34929.000399,152256.53243,11722988.081,244253.52764,23793581.478,0.0,0.0,0.0,-1.3796159383e-07,1.2502169976e-08,1.1896466005e-07,1.5302933446e-06,0.0,0.0,3.0887242832e-07,0.0,0.0,0.0,0.0,-6.7796791475e-08,0.24303039009,0.02968134455,-0.010788605172,0.053451616845
goe433,ok,,3.283470643,291309182.52,151943.13235,581779.0205,11800835.779,1076873.7776,25460974.84,0.0,0.0,0.0,-2.9506415887e-08,9.2963017328e-09,1.6279322609e-08,3.6821037703e-07,0.0,0.0,3.1322219463e-07,0.0,0.0,0.0,0.0,1.016055428e-09,0.23751461218,0.032034605391,-0.047591961376,0.055947038052
goe434,ok,,3.3533830671,297511805.7,261121.67897,927508.92075,11829335.243,1849683.2049,26640356.362,0.0,0.0,0.0,-1.8484893656e-08,8.631082887e-09,7.8591874437e-09,2.2170586127e-07,0.0,0.0,1.5166219834e-07,0.0,0.0,0.0,0.0,9.2682488653e-10,0.2307786107,0.034586937829,-0.039602287868,0.057892206732
goe435,ok,,3.3845246534,300274684.08,333251.12496,1154247.0451,11786805.482,2383220.8557,27050443.814,0.0,0.0,0.0,-1.3057939833e-08,8.4188270365e-09,3.9509765699e-09,1.5682162151e-07,0.0,0.0,1.0433590716e-07,0.0,0.0,0.0,0.0,1.1128812305e-09,0.22866808395,0.031726682324,-0.034770058436,0.052260981785
goe436,ok,,3.2073550481,284556214.66,75036.74131,267323.16822,11752577.732,483564.05765,24179894.508,0.0,0.0,0.0,-5.918578945e-08,1.0824567033e-08,4.6035850316e-08,6.121237031e-07,0.0,0.0,-6.3533174574e-08,0.0,0.0,0.0,0.0,-2.9204862753e-08,0.24147292628,0.025215070606,0.0047673223851,0.045931767959
goe437,ok,,3.1761960569,281791792.12,29606.886114,149153.12013,11671238.132,227990.58867,23541380.716,0.0,0.0,0.0,-1.5799037595e-07,1.2914559886e-08,6.5395383473e-08,1.9878715263e-06,0.0,0.0,-5.730869665e-07,0.0,0.0,0.0,0.0,-7.0741425769e-08,0.24396022361,0.032094068132,0.016967320551,0.058854685888
goe438,ok,,3.2078904379,284603714.39,75169.571394,267988.64388,11754307.619,484750.83226,24191468.194,0.0,0.0,0.0,-5.9257662083e-08,1.0833574316e-08,4.7836273563e-08,6.1259225072e-07,0.0,0.0,-4.485607766e-08,0.0,0.0,0.0,0.0,-2.9740049467e-08,0.24135797031,0.025251017058,0.0033718121321,0.046048296926
goe439,ok,,3.1839935947,282483588.88,36209.678073,179789.51136,11674071.662,278831.90833,23665017.869,0.0,0.0,0.0,-1.400858224e-07,1.2806479711e-08,7.175147491e-08,1.7602331378e-06,0.0,0.0,-3.2394568847e-07,0.0,0.0,0.0,0.0,-6.4785903e-08,0.24307964067,0.034680770779,0.011729969093,0.063737475253
goe441,ok,,3.3005261291,292822343.52,126034.39677,576986.76234,11775552.125,998133.88263,25681903.411,0.0,0.0,0.0,-5.5768414501e-08,9.8872798853e-09,3.8137920301e-08,7.5298476507e-07,0.0,0.0,2.1740792485e-07,0.0,0.0,0.0,0.0,-1.0658720521e-08,0.2386569131,0.053131571367,-0.027400876661,0.094901980642
goe440,ok,,3.3025896756,293005421.16,106514.54151,581044.59213,11651407.474,960426.31549,25459652.761,0.0,0.0,0.0,-7.6607289302e-08,1.1495687818e-08,3.5542994645e-08,1.1204224966e-06,0.0,0.0,-6.2108055178e-08,0.0,0.0,0.0,0.0,-2.7230901392e-08,0.24145881461,0.06730859687,0.0066154110215,0.11934128852
goe444,ok,,3.1452541389,279046628.29,20782.962527,63691.334542,11655804.732,120622.29349,23046767.321,0.0,0.0,0.0,-1.2738078785e-14,1.0711920632e-08,-1.5896999845e-14,9.0780388725e-14,0.0,0.0,-3.7387659072e-06,0.0,0.0,0.0,0.0,-1.8321824736e-14,0.24687514236,9.9089714708e-10,0.077702631749,1.8866854171e-09
goe443,ok,,3.1364919036,278269243.67,15318.860405,47727.238243,11629962.304,89595.482927,22866591.724,0.0,0.0,0.0,-3.5394072039e-15,1.0755239556e-08,-2.3305452985e-14,5.5604478328e-13,0.0,0.0,-4.7068464459e-06,0.0,0.0,0.0,0.0,-1.1220818054e-15,0.24593567181,2.9239013338e-10,0.072103523655,8.5179724143e-09
goe442,ok,,3.1860112345,282662593.68,34809.933736,151909.14529,11723174.489,243703.54902,23793853.23,0.0,0.0,0.0,-1.3823805837e-07,1.2518510793e-08,1.2025575542e-07,1.5355656954e-06,0.0,0.0,3.1695812012e-07,0.0,0.0,0.0,0.0,-6.8334394603e-08,0.24300370697,0.029650593975,-0.011033291158,0.053452940103
goe445,ok,,3.1488699176,279367419.81,25686.222758,79908.591653,11661950.568,150284.45628,23112637.027,0.0,0.0,0.0,4.1530831094e-15,1.0662458846e-08,4.3561958331e-14,-8.5098702052e-14,0.0,0.0,-2.156261977e-06,0.0,0.0,0.0,0.0,-5.3977572408e-15,0.24643754114,-8.2405372688e-10,0.055386225466,-2.1858642174e-09
goe447,ok,,3.2721199278,290302148.22,107504.87154,467370.03539,11760444.961,813560.00084,25201302.27,0.0,0.0,0.0,-6.8679096945e-08,1.0812656983e-08,-2.4473078641e-08,8.8681668253e-07,0.0,0.0,-6.190457916e-07,0.0,0.0,0.0,0.0,-2.1527263785e-08,0.24209384368,0.051650978999,0.066550438305,0.095337113538
goe446,ok,,3.2552491183,288805371.71,109192.62587,417945.7517,11786022.759,760902.45556,24991047.035,0.0,0.0,0.0,-5.8833457498e-08,1.0407195917e-08,-1.4251258377e-08,6.9837723544e-07,0.0,0.0,-5.2745222278e-07,0.0,0.0,0.0,0.0,-1.551530142e-08,0.24269139599,0.041907422295,0.057593893225,0.076257644184
goe448,ok,,3.3066599947,293366539.45,109724.05532,586109.04622,11706759.446,960392.87227,25633513.48,0.0,0.0,0.0,-7.6919946488e-08,1.1153714091e-08,-4.9257780395e-08,1.1440019732e-06,0.0,0.0,-6.7749533372e-07,0.0,0.0,0.0,0.0,-2.3544437728e-08,0.24117237423,0.068456384443,0.074337535476,0.12552453579
goe449,ok,,3.2677554344,289914930.81,185135.43453,610600.16106,11771421.115,1202037.1031,25159163.89,0.0,0.0,0.0,-3.2919339982e-08,9.9405542645e-09,1.6518440032e-09,3.4324132506e-07,0.0,0.0,-3.0326902969e-07,0.0,0.0,0.0,0.0,-1.1261945735e-08,0.2388360077,0.036344074894,0.05614584359,0.063546131862
goe451,ok,,3.3676799437,298780223.14,12677.103025,155305.11068,11976214.369,167266.5726,27143958.071,0.0,0.0,0.0,-2.0916734651e-07,8.2757776638e-09,-4.1612404765e-07,5.2509263912e-06,0.0,0.0,-6.4620599028e-06,0.0,0.0,0.0,0.0,-1.1219266255e-08,0.21398187941,0.03458526755,0.081920199139,0.066566534836
goe450,ok,,3.2118338785,284953576.04,51178.43227,215279.395,11763013.221,365919.34188,24267582.423,0.0,0.0,0.0,-1.0339936521e-07,1.1475492311e-08,-1.0473970755e-08,1.2304655818e-06,0.0,0.0,-1.0634644539e-06,0.0,0.0,0.0,0.0,-3.5693513677e-08,0.24566099834,0.034633261914,0.054426443526,0.062973299438
goe456,ok,,3.177941004,281946603.65,32926.772766,169773.15232,11656941.839,259244.10916,23541011.753,0.0,0.0,0.0,-1.4171856281e-07,1.1838023914e-08,-3.2571765645e-08,1.8962930529e-06,0.0,0.0,-1.4019214682e-06,0.0,0.0,0.0,0.0,-3.9241092877e-08,0.24471067546,0.034253840235,0.046160749619,0.062438810451
goe458,ok,,3.1777986604,281933974.94,32923.298046,169722.90199,11656459.27,259178.41819,23537927.118,0.0,0.0,0.0,-1.4178886546e-07,1.1844094822e-08,-3.2498335616e-08,1.896408211e-06,0.0,0.0,-1.4033011537e-06,0.0,0.0,0.0,0.0,-3.9333908854e-08,0.2447328533,0.034257285032,0.046201302132,0.062436012747
goe457,ok,,3.1870488893,282754654.31,36351.29641,155333.00241,11726361.239,251771.1848,23816363.455,0.0,0.0,0.0,-1.2957173666e-07,1.2064570196e-08,1.0029115387e-07,1.4320936537e-06,0.0,0.0,2.7020934e-07,0.0,0.0,0.0,0.0,-5.6819966593e-08,0.24312860575,0.029150352355,-0.0098224598108,0.052058460892
goe459,ok,,3.2067781105,284505028.81,104562.13918,320748.71968,11768567.521,623821.34363,24202563.155,0.0,0.0,0.0,4.3379060167e-15,1.0023569884e-08,3.1522793782e-14,-2.6523469835e-14,0.0,0.0,-3.2957001601e-07,0.0,0.0,0.0,0.0,5.4326816461e-15,0.24259608316,-1.8839147116e-09,0.034460545884,-2.7733507444e-09
goe460,ok,,3.281722837,291154117.35,258072.42582,779524.87012,11799174.133,1605485.9121,25438908.523,0.0,0.0,0.0,1.0555589497e-15,9.3028144816e-09,-2.4237155202e-15,-2.2150962262e-15,0.0,0.0,-1.64305777e-07,0.0,0.0,0.0,0.0,3.808057193e-15,0.2366534466,-2.4783739942e-10,0.042402790447,-5.7165525652e-10
goe462,ok,,3.3113398245,293781733.48,17089.106604,857672.83479,11453831.884,584566.8104,25157253.034,0.0,0.0,0.0,-1.5663093847e-07,1.5910352902e-08,2.1459551628e-07,9.2717849859e-06,0.0,0.0,1.0780607287e-06,0.0,0.0,0.0,0.0,-7.3634109458e-08,0.22988907306,0.081821396783,-0.018423094719,0.15844652204
goe464,ok,,3.2636269337,289548650.64,16508.467735,410317.63323,11684487.293,338830.16409,24906152.397,0.0,0.0,0.0,-2.1528272591e-07,1.7939576276e-08,5.8725430567e-08,7.3685796864e-06,0.0,0.0,-1.9872404367e-07,0.0,0.0,0.0,0.0,-1.15536627e-07,0.23620806254,0.063796648885,0.0032806294632,0.12164396001
goe474,ok,,3.1718193598,281403492.0,35119.78403,128091.79449,11705603.454,222820.48262,23543375.538,0.0,0.0,0.0,-9.3982726747e-08,1.1069238099e-08,1.714563403e-08,1.0065378827e-06,0.0,0.0,-1.0146263807e-06,0.0,0.0,0.0,0.0,-3.2784323074e-08,0.24442958868,0.019156745909,0.035633459361,0.035349393058
goe476,ok,,3.2552216658,288802936.13,131868.28751,469924.8114,11789678.767,875438.71266,24997984.524,0.0,0.0,0.0,-4.1085065851e-08,1.0096503979e-08,1.8526498157e-08,4.6775663091e-07,0.0,0.0,-1.3537008902e-07,0.0,0.0,0.0,0.0,-1.571886773e-08,0.23820965894,0.032695893968,0.017851021819,0.061682265891
goe477,ok,,3.1995335799,283862294.8,65646.964726,260066.53224,11694601.693,451974.62167,23945179.146,0.0,0.0,0.0,-8.0940291591e-08,1.1351451779e-08,1.8483822572e-08,9.1821113046e-07,0.0,0.0,-5.7980358665e-07,0.0,0.0,0.0,0.0,-3.2742003296e-08,0.2430703419,0.032993234064,0.038062345601,0.060277773692
goe478,ok,,3.2382579082,287297913.28,113221.30796,392038.41483,11792951.593,732823.16168,24740563.255,0.0,0.0,0.0,-4.2044292211e-08,1.0086567392e-08,1.5589480544e-08,4.5739835931e-07,0.0,0.0,-1.4926472604e-07,0.0,0.0,0.0,0.0,-1.3532312856e-08,0.23920662357,0.028441751468,0.016899947514,0.051787240498
goe480,ok,,3.2235072574,285989237.03,82196.986388,334270.82618,11726592.373,578845.08624,24376009.409,0.0,0.0,0.0,-6.747336012e-08,1.0839008764e-08,3.3557669262e-08,8.0631765487e-07,0.0,0.0,-8.7545245226e-08,0.0,0.0,0.0,0.0,-2.4696987146e-08,0.24064382448,0.03562390297,0.0071959553302,0.066276881302
goe481a,ok,,3.2832428161,291288969.74,160367.61381,543460.78546,11858925.605,1036499.3593,25592215.145,0.0,0.0,0.0,-3.6864007496e-08,9.4014564616e-09,-1.0037338658e-08,4.0759737739e-07,0.0,0.0,-2.3542659265e-07,0.0,0.0,0.0,0.0,-3.3479178081e-09,0.23732726096,0.037386436549,0.037754800891,0.065365418807
goe481,ok,,3.3243580151,294936706.03,64997.843454,484883.57039,11745729.246,646142.21149,26004781.668,0.0,0.0,0.0,-8.7823047904e-08,9.4548060695e-09,1.5568679474e-09,1.6460503156e-06,0.0,0.0,-7.6836159498e-08,0.0,0.0,0.0,0.0,-8.5733514389e-09,0.23321097549,0.055456027089,0.0049941846667,0.10698972073
goe479,ok,,3.2129145317,285049451.48,82751.968699,294790.04604,11757381.313,536461.80874,24274615.536,0.0,0.0,0.0,-5.5640650584e-08,1.0623861809e-08,3.4502348937e-08,5.8668182289e-07,0.0,0.0,-9.6465212987e-08,0.0,0.0,0.0,0.0,-2.2957964606e-08,0.2412153842,0.026882428693,0.0079826862856,0.048549075844
goe482,ok,,3.2893608469,291831760.81,131730.33763,635866.43568,11667441.795,1078267.7655,25276272.602,0.0,0.0,0.0,-5.8820421483e-08,1.02783184e-08,4.3036103109e-08,8.0461257928e-07,0.0,0.0,1.756314515e-07,0.0,0.0,0.0,0.0,-1.5288714146e-08,0.23521406327,0.0595634972,-0.023135990405,0.10599188673
goe484,ok,,3.1800075158,282129944.36,24914.138127,144876.42162,11681319.676,207816.66454,23620536.835,0.0,0.0,0.0,-1.6357161454e-07,1.0713988876e-08,-1.1288839812e-07,2.4076388378e-06,0.0,0.0,-2.1253389726e-06,0.0,0.0,0.0,0.0,-1.1772204028e-08,0.24361637652,0.033397111246,0.052950988728,0.059984246565
goe483,ok,,3.1692677802,281177116.11,16927.766994,146583.30455,11623623.426,175694.52487,23336916.405,0.0,0.0,0.0,-2.4025249336e-07,1.5412669794e-08,3.2481802355e-08,4.1276960394e-06,0.0,0.0,-1.3353669069e-06,0.0,0.0,0.0,0.0,-1.1912718671e-07,0.24217605995,0.037158712776,0.022604779852,0.069872676776
goe488,ok,,3.1741752872,281612509.64,34172.082993,125944.15694,11711723.851,217195.17686,23591254.099,0.0,0.0,0.0,-1.0440187369e-07,1.138609729e-08,2.6364350143e-08,1.0909561399e-06,0.0,0.0,-1.2255340855e-06,0.0,0.0,0.0,0.0,-4.5739842549e-08,0.24411723432,0.020252424864,0.04187905248,0.037280243754
goe490,ok,,3.1922360064,283214854.81,52009.239925,194132.4814,11734137.176,337247.74666,23910674.358,0.0,0.0,0.0,-8.4128633426e-08,1.1359871542e-08,4.9323781399e-08,8.9159205003e-07,0.0,0.0,-3.5594696716e-07,0.0,0.0,0.0,0.0,-4.1172833669e-08,0.24363748104,0.024994066025,0.018512531215,0.046371024845
goe491,ok,,3.1631237085,280632014.7,17846.139998,70227.707951,11702260.345,115386.88724,23398823.664,0.0,0.0,0.0,-1.9196487089e-07,1.3911832441e-08,1.5771857183e-07,1.875435139e-06,0.0,0.0,-2.2535359811e-06,0.0,0.0,0.0,0.0,-1.5408263427e-07,0.24555769441,0.017790083353,0.040216918609,0.033469278047
goe492,ok,,3.157400335,280124237.58,24859.144783,107795.01491,11646819.677,176161.51882,23211520.097,0.0,0.0,0.0,-1.2706584606e-07,1.0566996841e-08,-1.0030952074e-07,1.6280703175e-06,0.0,0.0,-2.423658864e-06,0.0,0.0,0.0,0.0,3.197041696e-10,0.24544216723,0.022397935701,0.060250086604,0.040472435739
goe493,ok,,3.2256795582,286181963.34,135114.66312,444266.16633,11733909.625,858219.58942,24423534.987,0.0,0.0,0.0,-2.5898699804e-08,9.8564039121e-09,-1.5171783141e-08,2.8783936278e-07,0.0,0.0,-3.0541912184e-07,0.0,0.0,0.0,0.0,1.9712007916e-09,0.24179759058,0.022635893232,0.041266601758,0.038891318535
goe494,ok,,3.1554828663,279954119.95,13438.901037,120871.13576,11602573.147,143710.92292,23097750.81,0.0,0.0,0.0,-2.3244515612e-07,1.0340556228e-08,-3.0325509616e-07,4.4618261427e-06,0.0,0.0,-4.9442143121e-06,0.0,0.0,0.0,0.0,5.9083407666e-09,0.24340216489,0.033611603398,0.066444806847,0.059962039978
goe495,ok,,3.1728822286,281497789.61,26607.957562,155179.37751,11651358.199,222250.31,23453625.818,0.0,0.0,0.0,-1.5239295224e-07,1.0605085212e-08,-3.1374436327e-08,2.2325113351e-06,0.0,0.0,-6.8809474435e-07,0.0,0.0,0.0,0.0,-6.8434336175e-09,0.24329097097,0.033499424437,0.018308795757,0.059402566863
goe496,ok,,3.1986458963,283783539.6,53777.610516,247626.30046,11694534.723,398631.28168,23929404.869,0.0,0.0,0.0,-8.3343212194e-08,1.0096173179e-08,1.8085816198e-08,1.0940047273e-06,0.0,0.0,3.0715540444e-07,0.0,0.0,0.0,0.0,-1.182516379e-11,0.24158601448,0.033222072689,-0.016518083708,0.058832960128
goe497,ok,,3.2241346883,286044902.64,87159.512771,362596.99161,11720004.647,621362.40238,24371296.349,0.0,0.0,0.0,-5.6339353822e-08,9.8200237174e-09,1.2879618864e-08,7.0765470792e-07,0.0,0.0,2.1774502602e-07,0.0,0.0,0.0,0.0,6.7823110361e-10,0.23990531083,0.035108265287,-0.018978550376,0.061678839553
goe498,ok,,3.2645921989,289634288.87,137298.76205,519637.23876,11780144.479,950463.87396,25124000.061,0.0,0.0,0.0,-4.0861476074e-08,9.5996197478e-09,1.9917863986e-08,4.7310156408e-07,0.0,0.0,1.7388736331e-07,0.0,0.0,0.0,0.0,-4.4430403164e-09,0.23684108138,0.037837890283,-0.023874519719,0.064956259073
goe499,ok,,3.1745552469,281646219.63,25015.69056,186003.59047,11612720.628,242799.81015,23404320.637,0.0,0.0,0.0,-1.5613294697e-07,9.6387113209e-09,-1.635057797e-07,2.7751877611e-06,0.0,0.0,-2.0022266653e-06,0.0,0.0,0.0,0.0,1.9672886505e-08,0.24303677372,0.039070833593,0.05008708269,0.069423238278
goe500,ok,,3.2037720574,284238332.08,54314.861752,276090.54948,11670947.307,429971.19475,23960863.709,0.0,0.0,0.0,-9.3053027553e-08,1.0121540491e-08,-1.2722012948e-08,1.3100197913e-06,0.0,0.0,-2.0098112625e-07,0.0,0.0,0.0,0.0,-8.5809382024e-10,0.24169818374,0.039920951061,0.010916262087,0.071153543857
goe502,ok,,3.2705913405,290166532.12,138074.58547,542465.73991,11765767.306,980274.79631,25188532.494,0.0,0.0,0.0,-4.0364544706e-08,9.3464860677e-09,3.9673008884e-09,5.1034066644e-07,0.0,0.0,9.4294721254e-08,0.0,0.0,0.0,0.0,1.6973694314e-09,0.2371153046,0.039962994381,-0.013019704549,0.070465075967
goe501,ok,,3.2337469739,286897703.65,88285.325707,392512.22517,11709974.367,658668.83228,24499881.379,0.0,0.0,0.0,-6.5070551043e-08,9.8818578144e-09,8.5502337373e-09,8.4786731469e-07,0.0,0.0,5.5609556612e-08,0.0,0.0,0.0,0.0,-2.3700524518e-09,0.23961503229,0.042485992111,-0.004909507818,0.074854242034
goe505,ok,,3.2523966937,288552304.89,139773.17006,483862.59029,11766487.618,910487.41626,24911702.697,0.0,0.0,0.0,-4.682182973e-08,1.0553730623e-08,4.6269108945e-09,4.9421372775e-07,0.0,0.0,-4.6835431468e-07,0.0,0.0,0.0,0.0,-2.1048500571e-08,0.24045756573,0.038036968714,0.065463367274,0.069077819415
goe506,ok,,3.2537892584,288675853.09,173370.53643,565185.40822,11759333.256,1105258.4723,24918349.02,0.0,0.0,0.0,-3.2713929403e-08,1.0061097429e-08,4.7605226344e-09,3.2756409297e-07,0.0,0.0,-2.9852205901e-07,0.0,0.0,0.0,0.0,-1.1347916679e-08,0.2404403988,0.033147109911,0.051754929506,0.056789962513
goe503,ok,,3.267392859,289882763.16,160533.11878,569484.14939,11747582.443,1078349.0871,25103598.254,0.0,0.0,0.0,-4.6685441824e-08,1.0761567857e-08,1.4806847542e-08,4.963042305e-07,0.0,0.0,-3.4757536918e-07,0.0,0.0,0.0,0.0,-2.4058114793e-08,0.2395594117,0.044159380662,0.055797358025,0.079673265985
goe504,ok,,3.2652997567,289697063.33,190806.64831,644438.7697,11728813.458,1258251.6755,25031759.273,0.0,0.0,0.0,-3.199082178e-08,1.0115989015e-08,1.3349416024e-08,3.3308731279e-07,0.0,0.0,-1.9328814512e-07,0.0,0.0,0.0,0.0,-1.3828931382e-08,0.23920634228,0.036101761608,0.036880663128,0.063555273747
goe508,ok,,3.2702320152,290134652.8,166479.59435,580778.38732,11773288.712,1113870.0138,25200348.246,0.0,0.0,0.0,-3.6886710307e-08,1.0113180409e-08,2.2297307022e-08,4.0058583888e-07,0.0,0.0,-1.2694798975e-07,0.0,0.0,0.0,0.0,-1.7113548344e-08,0.23703925714,0.036582407809,0.021134249837,0.066689367959
goe507,ok,,3.1785188554,281997870.57,49099.401129,175711.80103,11702249.565,312289.50604,23639033.461,0.0,0.0,0.0,-6.5235922051e-08,1.0735296792e-08,1.5448610282e-08,7.2256953898e-07,0.0,0.0,-5.0658052003e-07,0.0,0.0,0.0,0.0,-2.0617354048e-08,0.24383234819,0.018803348954,0.024872800157,0.035477731638
goe509,ok,,3.2211219593,285777613.63,86753.655121,307818.37237,11762854.417,559180.29067,24412838.991,0.0,0.0,0.0,-7.0094797818e-08,1.180456045e-08,4.2390919589e-08,6.9453387261e-07,0.0,0.0,-6.4894842277e-07,0.0,0.0,0.0,0.0,-4.7845233682e-08,0.24218957926,0.032740064502,0.05629864766,0.060253352054
goe510,ok,,3.2558810264,288861434.54,134493.23431,467839.58033,11783825.168,875905.22923,25000645.45,0.0,0.0,0.0,-4.6795734967e-08,1.0483877901e-08,7.6945547404e-09,4.9846103096e-07,0.0,0.0,-4.4118525605e-07,0.0,0.0,0.0,0.0,-2.1870053477e-08,0.23959283617,0.03641281852,0.059336432017,0.067039636233
goe511,ok,,3.3049368807,293213664.96,192679.53391,659972.14864,11820424.026,1279766.5508,25856140.282,0.0,0.0,0.0,-4.7342038224e-08,1.0994202075e-08,2.6632474864e-08,4.686232206e-07,0.0,0.0,-3.219758866e-07,0.0,0.0,0.0,0.0,-3.0305856006e-08,0.2363416825,0.051502022959,0.062038163759,0.090294103722
goe512,ok,,3.2499608327,288336195.55,135450.35997,451006.73729,11798034.738,856584.57277,24937694.692,0.0,0.0,0.0,-4.9829380245e-08,1.1033090863e-08,3.1644218278e-08,4.7296567843e-07,0.0,0.0,-4.2099709196e-07,0.0,0.0,0.0,0.0,-3.2617540714e-08,0.24019856006,0.036001134443,0.057024207654,0.064063371398
goe513,ok,,3.2764610361,290687290.92,192650.00283,610508.14549,11822999.308,1205768.0177,25409109.834,0.0,0.0,0.0,-3.2880199267e-08,1.0277584058e-08,2.4923429053e-08,3.0840783736e-07,0.0,0.0,-2.9797094431e-07,0.0,0.0,0.0,0.0,-2.2758077857e-08,0.2380119178,0.033140836867,0.057404103265,0.059414770741
goe514,ok,,3.2802484117,291023306.49,190024.32783,627347.81072,11792853.649,1222638.7981,25405209.188,0.0,0.0,0.0,-3.9042843377e-08,1.0444595635e-08,1.5700650756e-08,3.8545131576e-07,0.0,0.0,-3.3818696693e-07,0.0,0.0,0.0,0.0,-2.1926542084e-08,0.23855576692,0.041371295458,0.064263751074,0.073245127191
goe515,ok,,3.1813775138,282251490.45,48787.441923,171868.50326,11720282.642,306689.43413,23717113.517,0.0,0.0,0.0,-6.2062921106e-08,1.0629035094e-08,8.5765118083e-09,6.9518439806e-07,0.0,0.0,-6.0079330598e-07,0.0,0.0,0.0,0.0,-1.8004376886e-08,0.24395448325,0.01768753233,0.029311168523,0.033916268446
goe517,ok,,3.1767976289,281845163.53,33356.371348,149543.75077,11677837.725,241001.77995,23562680.957,0.0,0.0,0.0,-1.4478499355e-07,1.3192366559e-08,4.4468653387e-08,1.6708177876e-06,0.0,0.0,-1.3530655904e-06,0.0,0.0,0.0,0.0,-8.0728085045e-08,0.24435533927,0.030150893578,0.045133358292,0.055732418576
goe518,ok,,3.3049561076,293215370.76,211318.25358,696650.91863,11827978.156,1386306.8036,25873879.896,0.0,0.0,0.0,-4.2077137291e-08,1.0684500998e-08,2.7540685364e-08,4.0007038565e-07,0.0,0.0,-2.7198394222e-07,0.0,0.0,0.0,0.0,-2.6488013119e-08,0.23607745621,0.049733900937,0.057475171672,0.084542175203
goe522,ok,,3.3226806975,294787894.58,263563.36432,885793.35643,11788040.316,1779202.1091,26064767.89,0.0,0.0,0.0,-2.1269344673e-08,9.0488293555e-09,5.3626401856e-09,2.344384782e-07,0.0,0.0,-1.2018388715e-08,0.0,0.0,0.0,0.0,-3.0277252737e-09,0.23286187884,0.036589190662,0.0031676069633,0.061789394039
goe523,ok,,3.3097369999,293639531.04,130974.25132,662781.0059,11694021.36,1109292.0604,25657312.431,0.0,0.0,0.0,-6.3330643041e-08,9.4345527965e-09,1.2004750283e-08,8.8878244338e-07,0.0,0.0,5.3461198482e-08,0.0,0.0,0.0,0.0,-2.9108825698e-09,0.23681581697,0.069488254027,-0.007002040446,0.11640761511
goe525,ok,,3.3097369999,293639531.04,130974.25132,662781.0059,11694021.36,1109292.0604,25657312.431,0.0,0.0,0.0,-6.3330643041e-08,9.4345527965e-09,1.2004750283e-08,8.8878244338e-07,0.0,0.0,5.3461198482e-08,0.0,0.0,0.0,0.0,-2.9108825698e-09,0.23681581697,0.069488254027,-0.007002040446,0.11640761511
goe527,ok,,3.2683454077,289967273.18,157922.80212,561994.70139,11774186.786,1065414.0298,25171992.0,0.0,0.0,0.0,-4.1674710494e-08,1.0388148635e-08,3.7195631531e-08,4.402027686e-07,0.0,0.0,-2.8095119692e-08,0.0,0.0,0.0,0.0,-2.1806481734e-08,0.23697075552,0.038917243542,0.0044368600276,0.069518054718
goe526,ok,,3.225941262,286205181.68,99241.673707,343364.48028,11779773.438,635611.63679,24521997.11,0.0,0.0,0.0,-4.7431130726e-08,1.0475128546e-08,2.7772667023e-08,5.0261771122e-07,0.0,0.0,-2.1902898074e-07,0.0,0.0,0.0,0.0,-2.2429696887e-08,0.24023555192,0.026728420452,0.021736802639,0.049880622897
goe528,ok,,3.2342768644,286944715.47,89146.64333,362557.44985,11744077.677,633771.57511,24577632.279,0.0,0.0,0.0,-7.3892113299e-08,1.1484205875e-08,5.7685006277e-08,8.3987418353e-07,0.0,0.0,-3.4744484739e-08,0.0,0.0,0.0,0.0,-3.668532352e-08,0.23987350737,0.041276550772,0.0030973541887,0.074871964281
goe530,ok,,3.2448979124,287887013.77,110452.95555,388321.75702,11805594.204,718493.81001,24870598.239,0.0,0.0,0.0,-5.398788586e-08,1.1123891823e-08,5.6335777245e-08,5.5259678221e-07,0.0,0.0,-1.9231131235e-07,0.0,0.0,0.0,0.0,-3.9067397094e-08,0.23874371855,0.032114579163,0.021241352834,0.06103594782
goe531,ok,,3.3926578325,300996258.91,129516.13334,985185.36815,11511105.791,1457352.0832,26552808.499,0.0,0.0,0.0,-6.1325858146e-08,9.2770770955e-09,-1.3759607387e-07,1.3090137103e-06,0.0,0.0,-8.446521632e-07,0.0,0.0,0.0,0.0,-3.9507697112e-09,0.23694818439,0.088012186666,0.10939608219,0.16953839424
goe529,ok,,3.2056474619,284404717.79,56233.486506,253623.82103,11701896.434,416396.37079,24049835.225,0.0,0.0,0.0,-1.0225522416e-07,1.2278737815e-08,6.5376214073e-08,1.2353394206e-06,0.0,0.0,-1.914042018e-07,0.0,0.0,0.0,0.0,-5.2214127182e-08,0.24169167047,0.037341870268,0.010763325599,0.069467442639
goe532,ok,,3.2255494624,286170421.25,80240.109157,324733.79283,11758432.673,561547.84808,24470750.117,0.0,0.0,0.0,-6.760299495e-08,1.096638407e-08,9.2832492566e-08,7.4685778174e-07,0.0,0.0,6.5953103065e-07,0.0,0.0,0.0,0.0,-3.218746113e-08,0.23836481456,0.033665180629,-0.052920841892,0.059927949931
goe533,ok,,3.2260050465,286210840.63,95238.628235,373370.37605,11727731.743,663118.51939,24414665.855,0.0,0.0,0.0,-5.5185429912e-08,1.0618775764e-08,6.1264412915e-08,6.0882149565e-07,0.0,0.0,3.9330774748e-07,0.0,0.0,0.0,0.0,-2.2859148525e-08,0.23876929033,0.032982930265,-0.037458090344,0.057983324086
goe534,ok,,3.2519624397,288513777.92,86124.950157,394743.05559,11787269.36,643786.08472,24940073.842,0.0,0.0,0.0,-6.2381704586e-08,1.0607909847e-08,1.2740354677e-07,7.6721493372e-07,0.0,0.0,1.2281962254e-06,0.0,0.0,0.0,0.0,-2.9096563048e-08,0.23532346061,0.035765289987,-0.1057783387,0.066076347927
goe535,ok,,3.2741614141,290483268.68,122259.86844,516164.1164,11782770.415,899696.66933,25278136.537,0.0,0.0,0.0,-4.7563896025e-08,9.7810689575e-09,5.9787385084e-08,5.766549987e-07,0.0,0.0,5.665913527e-07,0.0,0.0,0.0,0.0,-1.1217097349e-08,0.23508721996,0.040424851719,-0.069271384239,0.070501764274
goe546,ok,,3.1933759027,283315986.3,63950.131856,230757.46263,11722848.166,415571.23784,23904906.065,0.0,0.0,0.0,-6.134232172e-08,1.0439095081e-08,5.6667987428e-09,6.6844109558e-07,0.0,0.0,-2.931539345e-07,0.0,0.0,0.0,0.0,-1.0426528443e-08,0.24318703495,0.024438850533,0.018747232766,0.042746896201
goe54,ok,,3.2042151566,284277643.81,17194.566777,88567.560006,11826225.867,128967.40107,24266155.101,0.0,0.0,0.0,-2.0764309731e-07,1.6004256222e-08,6.925228431e-07,2.3252823949e-06,0.0,0.0,9.8144393447e-06,0.0,0.0,0.0,0.0,-2.2120000956e-07,0.24430179711,0.019826083526,-0.16875503269,0.039982223414
goe547,ok,,3.1989708246,283812367.2,70677.602974,254592.10207,11725199.087,460361.35022,23995520.433,0.0,0.0,0.0,-5.7455196525e-08,1.0174865314e-08,-3.0785665173e-08,6.6367057197e-07,0.0,0.0,-6.6996218929e-07,0.0,0.0,0.0,0.0,-3.5420126784e-10,0.24392637563,0.026410377791,0.047351321622,0.046906645191
goe548,ok,,3.1946969548,283433189.9,91955.967854,288854.45497,11722327.445,558057.56398,23925065.217,0.0,0.0,0.0,-2.7793520882e-08,1.0220600727e-08,-2.2933832426e-08,2.9310202468e-07,0.0,0.0,-8.0359473667e-07,0.0,0.0,0.0,0.0,7.8687817849e-10,0.24482049091,0.015617894028,0.073895331773,0.026952480359
goe549,ok,,3.2265798182,286261834.31,104812.06848,387732.03549,11730001.098,709916.71444,24427778.684,0.0,0.0,0.0,-4.8796761154e-08,1.0576338248e-08,3.6782752312e-08,5.3884589732e-07,0.0,0.0,4.4024653837e-09,0.0,0.0,0.0,0.0,-2.141430036e-08,0.24017376716,0.030997806146,-0.00046143150329,0.056477553092
goe55,ok,,3.1981250571,283737330.8,16683.048857,73980.197398,11830597.747,111871.96751,24186419.957,0.0,0.0,0.0,-1.3860947701e-07,1.1960573195e-08,3.8021945607e-07,1.4568968096e-06,0.0,0.0,9.13413422e-06,0.0,0.0,0.0,0.0,-1.1328869002e-07,0.24674816371,0.012381269281,-0.15238520746,0.024305480655
goe550,ok,,3.223108944,285953898.7,92020.205849,355662.72611,11741739.975,625772.76433,24399541.063,0.0,0.0,0.0,-4.3220002803e-08,9.799843147e-09,1.0071890764e-08,5.3820140059e-07,0.0,0.0,2.7163502111e-07,0.0,0.0,0.0,0.0,1.7975033057e-09,0.24029755081,0.02731622966,-0.024995910559,0.049525403671
goe553,ok,,3.2271027335,286308227.31,94788.822513,372247.25432,11733213.89,660171.34666,24442760.283,0.0,0.0,0.0,-5.5637583491e-08,1.0634311743e-08,6.518811805e-08,6.1113521082e-07,0.0,0.0,4.3766976267e-07,0.0,0.0,0.0,0.0,-2.3659900182e-08,0.23862509751,0.033011392207,-0.041486201453,0.05792878703
goe561,ok,,3.4079032862,302348834.01,365399.38493,1219711.1336,11766931.337,2586391.0662,27396418.788,0.0,0.0,0.0,-3.0357256538e-08,1.001301842e-08,2.3634081534e-08,3.1114091582e-07,0.0,0.0,-1.5393999762e-07,0.0,0.0,0.0,0.0,-2.0367774261e-08,0.22966525864,0.066622044741,0.056249580446,0.11369069927
goe559,ok,,3.1740066651,281597549.5,64101.497469,231021.43475,11618875.723,426740.58241,23404774.473,0.0,0.0,0.0,-5.8458295287e-08,1.13889129e-08,1.3113317572e-08,6.1146730913e-07,0.0,0.0,-1.1383126848e-06,0.0,0.0,0.0,0.0,-3.4107052843e-08,0.24658339728,0.021362149768,0.072967547683,0.039195970169
goe562,ok,,3.2456197466,287951054.84,120666.75803,434888.69538,11749502.119,808414.41804,24765317.803,0.0,0.0,0.0,-5.8669073873e-08,1.1547872436e-08,3.6280744774e-08,5.9884380228e-07,0.0,0.0,-4.0311249292e-07,0.0,0.0,0.0,0.0,-3.7737601922e-08,0.24138500199,0.040103465795,0.04864227764,0.072260540185
goe564,ok,,3.1801074143,282138807.35,46760.826921,159088.56685,11727672.262,287846.68445,23713100.181,0.0,0.0,0.0,-6.7922692412e-08,1.0623325757e-08,1.5353342232e-09,6.9561003358e-07,0.0,0.0,-8.0149498858e-07,0.0,0.0,0.0,0.0,-1.6401628218e-08,0.24430214075,0.018398348841,0.037478568439,0.032527300385
goe563,ok,,3.1793060171,282067707.48,51450.974661,172569.35154,11721458.894,315763.00019,23688466.469,0.0,0.0,0.0,-5.1198962428e-08,1.047578958e-08,7.6556536621e-09,5.3225673249e-07,0.0,0.0,-4.5603183036e-07,0.0,0.0,0.0,0.0,-1.1680299526e-08,0.24367882033,0.015268210693,0.023463282148,0.027385127656
goe565,ok,,3.1762262515,281794470.99,43860.862219,159426.95553,11707040.617,280062.5321,23613397.294,0.0,0.0,0.0,-7.1402614051e-08,1.0552157913e-08,1.5373231159e-08,7.7787302989e-07,0.0,0.0,-1.3419328644e-07,0.0,0.0,0.0,0.0,-1.1733576983e-08,0.24362895841,0.019196808965,0.0058858332473,0.034118181788
goe566,ok,,3.1789881545,282039506.74,49766.631144,169359.72052,11716692.607,308910.68248,23674007.869,0.0,0.0,0.0,-6.4723027267e-08,1.0954646214e-08,4.1872662351e-08,6.3546331897e-07,0.0,0.0,-4.8774861802e-07,0.0,0.0,0.0,0.0,-3.3328190203e-08,0.24353731086,0.017488190609,0.024273605564,0.031624868601
goe567,ok,,3.2361563882,287111466.64,111025.84235,444232.7419,11709981.222,787281.6,24533833.211,0.0,0.0,0.0,-4.372670531e-08,9.7317139124e-09,9.9697349688e-09,5.4865727175e-07,0.0,0.0,1.7613469444e-07,0.0,0.0,0.0,0.0,5.853042902e-10,0.23925053158,0.034535484573,-0.019555502818,0.060915135759
goe57,ok,,3.204930607,284341118.49,26443.758991,148398.52887,11765729.427,216804.88528,24165632.072,0.0,0.0,0.0,-1.7893710892e-07,1.3376237881e-08,7.4674698949e-08,2.4078374541e-06,0.0,0.0,-5.6054960504e-07,0.0,0.0,0.0,0.0,-8.2826324344e-08,0.2454910028,0.034397316006,0.014823038658,0.063672273324
goe570,ok,,3.4952685077,310099867.6,658459.74769,1999612.6894,11669825.625,4658437.5665,28609728.703,0.0,0.0,0.0,-1.6089794405e-08,8.5269639418e-09,3.3530299711e-09,1.6191402868e-07,0.0,0.0,-1.2787046562e-07,0.0,0.0,0.0,0.0,-7.5621298199e-09,0.22737567144,0.067042936916,0.084197554529,0.10661387047
goe571,ok,,3.3982897966,301495926.19,354996.37759,1199848.8645,11746721.184,2521022.9924,27192833.257,0.0,0.0,0.0,-2.9773110658e-08,9.8925498398e-09,2.3050340556e-08,3.0960249657e-07,0.0,0.0,-1.3051135648e-07,0.0,0.0,0.0,0.0,-1.8746641152e-08,0.2300794161,0.064343813383,0.046331058786,0.10990776478
goe572,ok,,3.3029906349,293040994.23,195150.33156,712838.2957,11726464.506,1369584.2934,25618169.887,0.0,0.0,0.0,-4.623914458e-08,1.1392229217e-08,4.3392946306e-08,4.8380257704e-07,0.0,0.0,-1.8092152273e-07,0.0,0.0,0.0,0.0,-3.3435748517e-08,0.23695521947,0.052594291645,0.035306895147,0.094414233317
goe573,ok,,3.245016171,287897505.67,118727.76766,435288.79606,11737784.36,805284.97732,24730720.96,0.0,0.0,0.0,-6.0216944262e-08,1.1742656377e-08,3.896997491e-08,6.2423168033e-07,0.0,0.0,-4.2157554918e-07,0.0,0.0,0.0,0.0,-4.0833827959e-08,0.241109959,0.040608853723,0.050052723854,0.074113633908
goe574,ok,,3.2024608069,284121998.08,67734.933407,248834.93663,11722505.453,446142.06656,24043175.951,0.0,0.0,0.0,-8.2205085853e-08,1.1664463491e-08,-2.7264035922e-09,8.5209261105e-07,0.0,0.0,-1.1774427662e-06,0.0,0.0,0.0,0.0,-3.9809106315e-08,0.24525742892,0.032329642305,0.07975400736,0.057716436266
goe575,ok,,3.2462196211,288004275.64,141207.73217,418641.68073,11866520.261,821880.31291,25021327.856,0.0,0.0,0.0,-3.3862990846e-08,1.0131886462e-08,-2.4476961459e-09,2.9741418962e-07,0.0,0.0,-7.5620542148e-07,0.0,0.0,0.0,0.0,-1.5784985183e-08,0.24247683129,0.024689881631,0.10678205262,0.041997183231
goe584,ok,,3.2223647135,285887870.65,96535.291453,360069.95515,11727353.419,651013.90987,24359504.824,0.0,0.0,0.0,-5.5231077788e-08,1.0818802982e-08,3.7949948139e-08,6.1157632033e-07,0.0,0.0,-9.9170911508e-08,0.0,0.0,0.0,0.0,-2.6007324588e-08,0.24068386679,0.03189054576,0.0095734928461,0.059038698329
goe585,ok,,3.183852294,282471052.7,42595.49324,160963.4535,11727773.206,276039.04278,23770237.578,0.0,0.0,0.0,-9.2057856362e-08,1.1285412619e-08,7.0453626231e-08,9.7037632839e-07,0.0,0.0,9.6750327712e-08,0.0,0.0,0.0,0.0,-4.1481852957e-08,0.24316469621,0.022630180664,-0.0041211279301,0.041333658337
goe587,ok,,3.1568984772,280079712.8,23569.549311,87407.502944,11665871.404,152943.58262,23233936.669,0.0,0.0,0.0,-1.3966150157e-07,1.2950488134e-08,3.6367907018e-08,1.3684122065e-06,0.0,0.0,-4.2948562901e-06,0.0,0.0,0.0,0.0,-1.102121381e-07,0.24610815399,0.01721679817,0.10122782711,0.032252858979
goe590,ok,,3.16197121,280529765.15,21550.595002,99061.019089,11658400.812,158599.8412,23288504.947,0.0,0.0,0.0,-1.782478933e-07,1.4798949974e-08,6.7883130393e-08,2.0289324323e-06,0.0,0.0,-3.4138475157e-06,0.0,0.0,0.0,0.0,-1.5045484895e-07,0.24539304943,0.022427355513,0.073570445209,0.043724701134
goe593,ok,,3.2154192617,285271670.87,92766.218512,314869.0859,11762733.408,587544.90861,24325203.018,0.0,0.0,0.0,-5.3192551004e-08,1.0669552097e-08,2.1193344029e-08,5.2901339096e-07,0.0,0.0,-3.8826674253e-07,0.0,0.0,0.0,0.0,-2.2795718225e-08,0.24216117905,0.028014775604,0.036018037478,0.049074571821
goe592,ok,,3.2698987965,290105089.68,130950.3124,513692.36902,11758052.302,934810.18154,25164151.315,0.0,0.0,0.0,-5.8598612099e-08,1.0640328489e-08,7.1111878057e-09,6.8425262246e-07,0.0,0.0,-3.3249161628e-07,0.0,0.0,0.0,0.0,-2.1409758417e-08,0.23813097769,0.050033435264,0.043539881023,0.089603094672
goe591,ok,,3.2115714832,284930296.36,77565.254489,295006.96693,11728266.878,523853.27757,24196033.426,0.0,0.0,0.0,-7.2322952182e-08,1.1282535725e-08,3.6910617367e-08,7.8493255682e-07,0.0,0.0,-3.1212392115e-07,0.0,0.0,0.0,0.0,-3.3767503759e-08,0.24195040386,0.033617457709,0.024209971376,0.060883493526
goe595,ok,,3.1836422914,282452421.29,59526.18542,200706.71297,11714101.18,370530.84558,23740466.205,0.0,0.0,0.0,-6.3114394093e-08,1.0846849438e-08,7.2571218165e-09,6.2527833376e-07,0.0,0.0,-8.8717646933e-07,0.0,0.0,0.0,0.0,-2.299856409e-08,0.2447216802,0.021301962171,0.052810231014,0.037220434035
goe596,ok,,3.1946567157,283429619.9,57422.54158,216881.37252,11724830.244,381304.57752,23927967.424,0.0,0.0,0.0,-7.862127551e-08,1.1331547617e-08,5.7577848932e-08,8.451566476e-07,0.0,0.0,-1.5830625947e-07,0.0,0.0,0.0,0.0,-4.0135318409e-08,0.24228615927,0.02627701341,0.0090903477668,0.048531042738
goe598,ok,,3.1707308017,281306915.23,26684.523157,85815.793008,11736415.378,160797.18894,23584801.384,0.0,0.0,0.0,-3.8336260665e-08,1.0559204435e-08,-6.281519448e-09,4.2145308166e-07,0.0,0.0,-9.6289108164e-07,0.0,0.0,0.0,0.0,-2.8232817054e-09,0.24862622411,0.0060514939257,0.025694289366,0.011246274517
goe599,ok,,3.1951198968,283470713.28,64861.780038,200939.13986,11775202.752,387167.11213,24034305.097,0.0,0.0,0.0,-2.5622013996e-08,1.0241200224e-08,-2.0204171088e-08,2.7256651873e-07,0.0,0.0,-8.0191273249e-07,0.0,0.0,0.0,0.0,3.5122872386e-09,0.24697706883,0.010255870259,0.052013487265,0.017679149583
goe600,ok,,3.220283654,285703239.26,106342.55122,334244.65841,11795834.751,651880.73075,24463645.901,0.0,0.0,0.0,-2.0218190276e-08,1.0082942263e-08,3.0816469214e-09,2.0929822334e-07,0.0,0.0,-3.1415272184e-07,0.0,0.0,0.0,0.0,-5.2403132072e-09,0.24497295263,0.012343154525,0.033407801914,0.022257307036
goe601,ok,,3.2379418875,287269875.95,162056.65667,508053.48998,11766589.742,1004773.2858,24681579.678,0.0,0.0,0.0,-1.6551546355e-08,9.7538451825e-09,-5.7552585912e-09,1.7421525556e-07,0.0,0.0,-2.6123496324e-07,0.0,0.0,0.0,0.0,-6.8025559146e-10,0.24046096645,0.016466203928,0.042334864749,0.028232741857
goe602,ok,,3.1867613467,282729143.56,61010.688839,216803.01354,11707710.422,391924.69173,23775286.442,0.0,0.0,0.0,-6.5727123651e-08,1.0696513085e-08,5.236559375e-09,6.9269032143e-07,0.0,0.0,-5.4635919757e-07,0.0,0.0,0.0,0.0,-1.6696788666e-08,0.24407558517,0.024163932567,0.033333750997,0.042261513663
goe602m,ok,,3.1857416792,282638678.76,53476.636269,206415.92109,11699136.667,358205.72996,23742578.782,0.0,0.0,0.0,-7.6163995004e-08,1.0591996974e-08,1.0754452452e-08,8.6256788085e-07,0.0,0.0,-1.8857201389e-07,0.0,0.0,0.0,0.0,-1.172341751e-08,0.24388292865,0.026258688769,0.010084196997,0.046127228821
goe604,ok,,3.274703942,290531401.7,174434.68232,613065.20339,11773275.853,1170642.835,25270310.922,0.0,0.0,0.0,-3.5618812538e-08,1.0339814281e-08,4.8888882315e-08,3.61740076e-07,0.0,0.0,8.6473356869e-08,0.0,0.0,0.0,0.0,-2.4026068872e-08,0.23575727357,0.035095148105,-0.015083952535,0.06310001524
goe610b,ok,,3.1928893355,283272818.11,40259.949198,186086.18683,11702915.68,299585.574,23856171.997,0.0,0.0,0.0,-1.2903685021e-07,1.2770780946e-08,1.6229748318e-08,1.5717932289e-06,0.0,0.0,-1.2877962104e-06,0.0,0.0,0.0,0.0,-6.5943926749e-08,0.2437265486,0.033855941076,0.051846610008,0.063280315545
goe610bm,ok,,3.2155136761,285280047.31,35126.378376,180335.07737,11783392.519,278411.78202,24363561.645,0.0,0.0,0.0,-1.5200392763e-07,1.2488817003e-08,2.5438228006e-08,1.9596395808e-06,0.0,0.0,-7.6675681497e-07,0.0,0.0,0.0,0.0,-5.5266105101e-08,0.24721660265,0.038525056598,0.026933390005,0.068835041395
goe611,ok,,3.2470984559,288082245.77,108408.34769,377623.55225,11807040.92,714813.96704,24906801.567,0.0,0.0,0.0,-6.4494915165e-08,1.1582948634e-08,2.554986439e-08,6.3823731291e-07,0.0,0.0,-6.2980434328e-07,0.0,0.0,0.0,0.0,-3.8405741115e-08,0.24417077814,0.039429274511,0.068276048224,0.069190252528
goe612,ok,,3.2517890845,288498397.86,134351.10592,483767.70574,11772410.53,897734.86235,24910391.916,0.0,0.0,0.0,-3.9953460341e-08,9.9977284699e-09,2.1795000145e-08,4.48745692e-07,0.0,0.0,-8.9457604428e-10,0.0,0.0,0.0,0.0,-1.2244154875e-08,0.23807625195,0.033254847689,0.00012018728088,0.060289479995
goe613,ok,,3.2021770004,284096818.8,69481.693846,246141.83023,11740328.014,447171.25629,24077051.762,0.0,0.0,0.0,-7.1973593669e-08,1.1232653788e-08,3.3169221836e-08,7.210739011e-07,0.0,0.0,-5.4142630165e-07,0.0,0.0,0.0,0.0,-3.5376103324e-08,0.24296696912,0.02834821508,0.037619216531,0.050101436037
goe614,ok,,3.291350139,292008250.61,195698.02836,698575.33385,11761497.624,1340335.124,25509004.693,0.0,0.0,0.0,-3.3605373102e-08,9.6848804438e-09,1.4574906371e-08,3.7735187101e-07,0.0,0.0,-3.3775722721e-08,0.0,0.0,0.0,0.0,-9.2995795475e-09,0.23632603307,0.042103668943,0.006609842343,0.073847017155
goe615,ok,,3.2452255308,287916080.05,112366.13908,416486.36715,11777462.881,759453.72655,24818119.013,0.0,0.0,0.0,-5.585597466e-08,1.0745846316e-08,4.504381872e-08,6.0013387419e-07,0.0,0.0,-9.7924463854e-09,0.0,0.0,0.0,0.0,-2.6379082816e-08,0.23880971961,0.037651382575,0.0011003393924,0.067434726372
goe617,ok,,3.2205335689,285725411.69,124111.93185,384002.84153,11777633.714,751361.91048,24433896.896,0.0,0.0,0.0,-2.2498001511e-08,1.0160904523e-08,2.0297637533e-08,2.0614276626e-07,0.0,0.0,-3.7108514049e-07,0.0,0.0,0.0,0.0,-1.6140546085e-08,0.24156622,0.013976694416,0.046056093668,0.025584776958
goe619,ok,,3.2369933314,287185720.15,110185.34378,406248.46932,11768342.737,735581.54866,24670700.115,0.0,0.0,0.0,-4.3016732286e-08,9.9951608924e-09,2.4086629375e-08,4.9121833873e-07,0.0,0.0,1.4686803063e-07,0.0,0.0,0.0,0.0,-9.453195638e-09,0.23919580255,0.02998053777,-0.016182704445,0.054125061524
goe620,ok,,3.2814245608,291127654.3,179771.10345,636792.35481,11775616.722,1217285.0778,25381858.153,0.0,0.0,0.0,-3.4425000953e-08,9.6445065261e-09,7.3635640151e-09,3.9179572433e-07,0.0,0.0,-8.7480850536e-08,0.0,0.0,0.0,0.0,-7.2830895348e-09,0.23702878862,0.039806925104,0.015726529032,0.070433549689
goe621,ok,,3.2517974675,288499141.6,134552.38843,484116.74029,11772500.443,898367.07682,24910709.658,0.0,0.0,0.0,-3.9928860104e-08,1.000403995e-08,2.1815664319e-08,4.4846939033e-07,0.0,0.0,-6.0149602406e-09,0.0,0.0,0.0,0.0,-1.241968644e-08,0.23807773139,0.033218726583,0.0008093272667,0.060342627608
goe622,ok,,3.1859987456,282661485.67,40685.518344,139487.95133,11758678.051,253830.10833,23861819.892,0.0,0.0,0.0,-7.1150489743e-08,1.0817549575e-08,3.2492234012e-08,7.2549078978e-07,0.0,0.0,-3.6020079584e-07,0.0,0.0,0.0,0.0,-2.5640158659e-08,0.24706580004,0.016452876369,0.014654956086,0.029516968836
goe624,ok,,3.2715380949,290250528.06,154294.11766,526295.56302,11825538.349,1015741.4893,25328455.964,0.0,0.0,0.0,-3.925164554e-08,1.0228198373e-08,2.5793392679e-08,4.0760369278e-07,0.0,0.0,-1.2512602658e-07,0.0,0.0,0.0,0.0,-1.8606940834e-08,0.24017811742,0.035343353809,0.019306209866,0.062890852131
goe623,ok,,3.2234246027,285981903.91,90085.63987,308464.56084,11793707.914,576630.64038,24509440.903,0.0,0.0,0.0,-5.0496307265e-08,1.059854255e-08,2.9813307753e-08,5.1599424368e-07,0.0,0.0,-1.9311194956e-07,0.0,0.0,0.0,0.0,-2.2168111375e-08,0.24390040465,0.026004337152,0.017396613543,0.046483671611
goe625,ok,,3.3231710641,294831399.86,241917.83481,798264.9615,11844326.051,1606672.4863,26195184.685,0.0,0.0,0.0,-2.9033058827e-08,9.5603760901e-09,1.2492589008e-08,3.0292391511e-07,0.0,0.0,-1.2029080861e-07,0.0,0.0,0.0,0.0,-1.1263497811e-08,0.23658535334,0.042379981857,0.029100491966,0.073282697656
goe626,ok,,3.2624489302,289444138.3,129314.83222,519491.44361,11758673.091,917570.77854,25044548.823,0.0,0.0,0.0,-3.5090709832e-08,9.2991239308e-09,1.8744336813e-08,4.4245068443e-07,0.0,0.0,4.3392961374e-07,0.0,0.0,0.0,0.0,4.2934031935e-09,0.23635076722,0.033129847825,-0.056113535198,0.057215436024
goe627,ok,,3.2538902903,288684816.63,162329.74848,509252.4886,11816300.172,1004823.5415,25037472.24,0.0,0.0,0.0,-3.3975174308e-08,1.0331011024e-08,3.2263801287e-08,2.9300501515e-07,0.0,0.0,-2.4291110061e-07,0.0,0.0,0.0,0.0,-2.2994553694e-08,0.23886372991,0.028635932579,0.039431697865,0.047563430412
goe628,ok,,3.2703362885,290143903.93,145861.49056,554631.67443,11774034.111,1013142.2681,25202279.836,0.0,0.0,0.0,-4.1068611188e-08,1.002287897e-08,4.4495455938e-08,4.6616768159e-07,0.0,0.0,2.4336672084e-07,0.0,0.0,0.0,0.0,-1.5807866819e-08,0.23595534912,0.037839490309,-0.035497832655,0.067995912889
goe629,ok,,3.2258435327,286196511.14,117003.74161,384655.64295,11780874.551,729787.51372,24523309.694,0.0,0.0,0.0,-2.5290589258e-08,9.838567252e-09,1.3845958155e-10,2.8087412853e-07,0.0,0.0,-1.0423086197e-07,0.0,0.0,0.0,0.0,-2.1136295034e-09,0.24031696742,0.018086111584,0.012195400842,0.032863323959
goe63,ok,,3.2487588744,288229557.93,43941.276943,240641.64316,11836479.045,363625.55215,24988654.604,0.0,0.0,0.0,-1.3832732026e-07,1.3786576658e-08,1.1165886955e-07,1.8602140092e-06,0.0,0.0,-8.0212944921e-09,0.0,0.0,0.0,0.0,-8.0688330479e-08,0.2427885694,0.043213632883,0.00035246592271,0.081740178952
goe630,ok,,3.2532493774,288627954.9,91919.18578,420531.63211,11725356.699,708157.21366,24834989.881,0.0,0.0,0.0,-7.9794753262e-08,1.1698288326e-08,4.1594955572e-08,1.007017558e-06,0.0,0.0,-1.667766704e-07,0.0,0.0,0.0,0.0,-3.6444461174e-08,0.23918296811,0.050368857,0.015329975751,0.092564233998
goe632,ok,,3.2320015565,286742850.38,128867.90739,413727.97994,11774708.889,801439.56478,24604664.835,0.0,0.0,0.0,-3.6193891723e-08,1.0679109847e-08,3.3564148858e-08,3.4619042324e-07,0.0,0.0,-4.6230831226e-07,0.0,0.0,0.0,0.0,-3.0018964009e-08,0.2411736956,0.023218867411,0.059576704769,0.044612835401
goe645,ok,,3.250238448,288360825.55,124877.64808,471457.61307,11766122.84,852520.87813,24871222.807,0.0,0.0,0.0,-4.1958038949e-08,1.0229861359e-08,5.275865099e-08,4.6612077961e-07,0.0,0.0,3.4348437341e-07,0.0,0.0,0.0,0.0,-1.9076728229e-08,0.23738791812,0.031918135443,-0.042893520704,0.058208066679
goe633,ok,,3.2349229822,287002038.97,110247.86599,396978.02204,11769119.823,724970.92729,24636818.722,0.0,0.0,0.0,-3.8869795595e-08,1.0608876784e-08,6.5770754196e-08,4.2476797632e-07,0.0,0.0,2.2870141231e-07,0.0,0.0,0.0,0.0,-3.2614905659e-08,0.23857534738,0.02255138944,-0.025213842657,0.046829762932
goe646,ok,,3.2796216588,290967701.04,187466.04374,646722.47598,11789160.686,1247611.268,25380507.485,0.0,0.0,0.0,-2.4196076695e-08,9.2743513349e-09,1.0741259875e-09,2.749401453e-07,0.0,0.0,4.7237891826e-08,0.0,0.0,0.0,0.0,1.0563407796e-09,0.23619664899,0.030498637828,-0.0088555006955,0.051541941305
goe647,ok,,3.264920507,289663416.34,145823.93203,532152.45623,11780519.598,988220.79812,25132928.629,0.0,0.0,0.0,-4.2145155401e-08,1.0347132158e-08,4.9983589055e-08,4.47590563e-07,0.0,0.0,1.6259736213e-07,0.0,0.0,0.0,0.0,-2.2205503409e-08,0.23667960939,0.036473327523,-0.023710586685,0.065269415837
goe648,ok,,3.2508583722,288415825.16,137444.23976,464065.58512,11812655.904,882422.39398,24979101.497,0.0,0.0,0.0,-3.6646027178e-08,1.0121494711e-08,3.8694885708e-08,3.5177553611e-07,0.0,0.0,8.7309971014e-08,0.0,0.0,0.0,0.0,-1.8692294423e-08,0.23765570356,0.028425282397,-0.012000252589,0.048349521126
goe652,ok,,3.3041048609,293139848.25,103746.67282,708219.69675,11615099.902,1018076.2256,25391028.411,0.0,0.0,0.0,-5.2563421605e-08,7.8590073217e-09,4.202736547e-08,9.7146965712e-07,0.0,0.0,6.8608450097e-07,0.0,0.0,0.0,0.0,2.1471619107e-08,0.22862376515,0.058540384097,-0.071178984246,0.10078674467
goe650,ok,,3.2350293777,287011478.42,101525.22635,384932.24663,11771606.501,684852.05333,24645199.278,0.0,0.0,0.0,-4.12775307e-08,9.6145634319e-09,6.8339531662e-09,4.9921694196e-07,0.0,0.0,2.4126059977e-07,0.0,0.0,0.0,0.0,3.8996322963e-09,0.23966794839,0.02890928803,-0.024494037,0.050683113028
goe654,ok,,3.2424083937,287666143.92,115101.78571,430685.57223,11753546.307,784534.76927,24724038.462,0.0,0.0,0.0,-5.1676778215e-08,1.0859966441e-08,6.1802022591e-08,5.500019706e-07,0.0,0.0,1.7097223835e-07,0.0,0.0,0.0,0.0,-2.9762812247e-08,0.23851766972,0.034992566359,-0.019679209941,0.063306208961
goe655,ok,,3.2336113852,286885674.23,112257.90563,399966.46441,11766959.009,736637.78128,24616237.928,0.0,0.0,0.0,-4.6681498042e-08,1.053218073e-08,4.685166558e-08,4.7932117229e-07,0.0,0.0,1.0891392023e-07,0.0,0.0,0.0,0.0,-2.3382639006e-08,0.23939024236,0.030273231047,-0.012226448579,0.053807590925
goe670,ok,,3.1925071108,283238907.17,59187.069551,204745.30726,11739284.809,371015.19224,23925746.49,0.0,0.0,0.0,-6.4810063338e-08,1.0667879589e-08,-3.3689756555e-09,6.8768367825e-07,0.0,0.0,-9.0701695921e-07,0.0,0.0,0.0,0.0,-2.0401652293e-08,0.24348491492,0.022203794428,0.053683675849,0.040701981694
goe673,ok,,3.1985630004,283776185.08,72209.816941,237547.48414,11749130.023,451263.154,24035835.288,0.0,0.0,0.0,-4.3110180311e-08,1.0413436504e-08,-1.540625187e-08,4.5960193868e-07,0.0,0.0,-7.8863817763e-07,0.0,0.0,0.0,0.0,-5.9055121754e-09,0.24753245092,0.018794512826,0.056947418439,0.033187771858
goe675,ok,,3.2742864538,290494362.19,141834.1551,508365.85674,11824399.319,956963.46004,25371732.176,0.0,0.0,0.0,-4.4099890361e-08,9.9828408074e-09,6.5666149363e-09,5.031185835e-07,0.0,0.0,-2.1349397007e-07,0.0,0.0,0.0,0.0,-1.2227785322e-08,0.24015317032,0.039397427649,0.030280736864,0.071359399206
goe676,ok,,3.2129107191,285049113.23,92257.342249,286737.58785,11794334.198,558278.21637,24346949.005,0.0,0.0,0.0,-2.7191449794e-08,1.0326614249e-08,2.0573338169e-08,2.5409912454e-07,0.0,0.0,-4.8401517602e-07,0.0,0.0,0.0,0.0,-1.79580536e-08,0.24475845391,0.01272785562,0.044653953748,0.023442509898
goe679,ok,,3.2895250511,291846328.99,205562.94457,668929.26456,11837525.843,1319670.4766,25645143.619,0.0,0.0,0.0,-2.5557817088e-08,9.4438874426e-09,1.0548598121e-08,2.6143249572e-07,0.0,0.0,-6.6899615374e-08,0.0,0.0,0.0,0.0,-7.5380705679e-09,0.2356444751,0.031387034676,0.013752081927,0.053740833627
goe681,ok,,3.2700883822,290121909.7,170393.69067,577684.19835,11803649.653,1112100.5854,25263265.267,0.0,0.0,0.0,-2.8903495856e-08,9.7579827968e-09,2.3758928714e-08,3.0580105696e-07,0.0,0.0,1.7136183838e-08,0.0,0.0,0.0,0.0,-1.2631777765e-08,0.23620994616,0.028831315696,-0.0029198976082,0.052106570706
goe677,ok,,3.2168145218,285395458.21,94815.375182,293928.32137,11802746.908,572269.34403,24422922.074,0.0,0.0,0.0,-2.7807884449e-08,1.0430753849e-08,3.2228770034e-08,2.5465784552e-07,0.0,0.0,-5.3013984411e-07,0.0,0.0,0.0,0.0,-2.552500589e-08,0.24477335376,0.012340848698,0.050265408218,0.024145479166
goe682,ok,,3.204926147,284340722.8,69181.49275,264289.0019,11731767.827,463961.43117,24100310.121,0.0,0.0,0.0,-6.7440406007e-08,1.0763821266e-08,3.6378012394e-08,7.5701879973e-07,0.0,0.0,-3.4278108773e-08,0.0,0.0,0.0,0.0,-2.3527159443e-08,0.24163825334,0.028655579754,0.0023714107336,0.052371690605
goe683,ok,,3.2860304285,291536286.43,240319.58697,744039.87302,11809488.776,1510436.3502,25527056.123,0.0,0.0,0.0,-1.3747018321e-08,9.5756315095e-09,2.3349135156e-08,1.3318204627e-07,0.0,0.0,-1.4163401822e-07,0.0,0.0,0.0,0.0,-1.4700557144e-08,0.23651757969,0.015520437126,0.03403742876,0.032006254353
goe685,ok,,3.2225212558,285901759.07,90186.768991,354811.80165,11736562.855,617932.61373,24379936.687,0.0,0.0,0.0,-4.3943886927e-08,9.9153261598e-09,2.4765379859e-08,5.4997646294e-07,0.0,0.0,3.9489468727e-07,0.0,0.0,0.0,0.0,-3.3372334118e-09,0.23952464867,0.026660533007,-0.035614275937,0.049600600213
goe692,ok,,3.2734497221,290420127.44,170640.80634,559278.95015,11831271.851,1097592.5714,25372577.703,0.0,0.0,0.0,-3.2829104775e-08,9.7320983686e-09,-5.6736995156e-09,3.516957377e-07,0.0,0.0,-2.944974792e-07,0.0,0.0,0.0,0.0,-6.658146654e-09,0.2408274295,0.034274944334,0.050253287316,0.060013644268
goe693,ok,,3.2272768609,286323675.88,96534.608578,319667.37142,11810128.85,605691.75682,24602397.389,0.0,0.0,0.0,-4.3185029909e-08,1.0193345465e-08,-2.8099794316e-09,4.5698733992e-07,0.0,0.0,-4.4490372496e-07,0.0,0.0,0.0,0.0,-9.8834158681e-09,0.24441134202,0.024694603479,0.042948606944,0.044115093984
goe701,ok,,3.2316458174,286711289.25,103845.17959,372338.88334,11769923.264,679753.09085,24591837.024,0.0,0.0,0.0,-5.0645369419e-08,1.0369222296e-08,1.3882623877e-08,5.6022326889e-07,0.0,0.0,-2.5705455616e-07,0.0,0.0,0.0,0.0,-1.7025849053e-08,0.24054888894,0.031646744234,0.026693876549,0.058176485969
goe702,ok,,3.2665063654,289804113.53,141726.52647,552197.71891,11749764.92,1000282.0148,25088386.605,0.0,0.0,0.0,-3.6625450737e-08,1.0236287299e-08,6.3002587767e-08,4.3614649894e-07,0.0,0.0,3.6536465094e-07,0.0,0.0,0.0,0.0,-2.4050422343e-08,0.23455150687,0.031011831122,-0.051781862873,0.061813528328
goe704,ok,,3.2286728702,286447529.68,115277.32007,354673.08323,11821922.441,692776.95483,24648824.237,0.0,0.0,0.0,-2.2179354122e-08,1.024721674e-08,3.0100251353e-08,2.1232938808e-07,0.0,0.0,-3.9329688253e-07,0.0,0.0,0.0,0.0,-2.1867313595e-08,0.24424021062,0.01166806461,0.045338210609,0.024476762829
goe703,ok,,3.280960495,291086482.45,247410.7244,737496.286,11818084.877,1522203.7646,25466400.978,0.0,0.0,0.0,-1.0415006572e-08,9.5032633367e-09,1.5597316132e-08,9.3825835148e-08,0.0,0.0,-2.5824410133e-07,0.0,0.0,0.0,0.0,-1.1309819793e-08,0.23737139265,0.011770923623,0.063892360183,0.023213517842
goe711,ok,,3.2801068422,291010746.46,150080.6368,497346.04703,11860586.528,969473.33137,25542718.28,0.0,0.0,0.0,-5.3379444653e-08,1.0689178528e-08,-2.7401424218e-09,5.1063452127e-07,0.0,0.0,-5.5631468348e-07,0.0,0.0,0.0,0.0,-2.1858959265e-08,0.24400923879,0.04660074682,0.083492061959,0.076636354125
goe723,ok,,3.2133767546,285090459.85,71716.017757,290515.68811,11734670.191,500852.93622,24232932.714,0.0,0.0,0.0,-6.0476357944e-08,1.0278746105e-08,2.772117548e-08,7.4936518888e-07,0.0,0.0,2.1454984638e-07,0.0,0.0,0.0,0.0,-1.0004165457e-08,0.24173462203,0.029079267668,-0.015386660593,0.053741487193
goe735,ok,,3.2933177887,292182820.29,218388.95831,744713.30401,11766240.235,1463548.1473,25547108.448,0.0,0.0,0.0,-2.1904108028e-08,9.9190628472e-09,4.7880983754e-08,2.1918069563e-07,0.0,0.0,8.2700637036e-08,0.0,0.0,0.0,0.0,-2.3911050029e-08,0.23349101203,0.023917818911,-0.018060905974,0.047866643801
goe738,ok,,3.234181261,286936233.55,129685.18904,446302.97169,11759801.296,842132.74927,24605333.635,0.0,0.0,0.0,-1.7852003287e-08,9.9888682534e-09,4.4461164468e-08,1.8385650469e-07,0.0,0.0,2.6234016422e-07,0.0,0.0,0.0,0.0,-2.1850083859e-08,0.23761066089,0.010665301404,-0.034021633789,0.023843465568
goe741,ok,,3.2527871605,288586947.07,127546.86654,479171.44877,11748316.912,876525.09219,24867713.517,0.0,0.0,0.0,-3.8031420867e-08,1.0976876183e-08,9.0572301469e-08,4.1853257582e-07,0.0,0.0,3.0580651754e-07,0.0,0.0,0.0,0.0,-4.4116823597e-08,0.23597418173,0.024248134667,-0.039004663079,0.053382518589
goe744,ok,,3.2678800517,289925986.85,105833.78137,480018.3234,11718511.798,813687.72446,25036052.955,0.0,0.0,0.0,-6.0709178391e-08,1.2701826604e-08,1.5206145953e-07,7.5976977692e-07,0.0,0.0,5.8916125049e-07,0.0,0.0,0.0,0.0,-6.7286771748e-08,0.23379899523,0.036711831061,-0.062353162978,0.080409308464
goe746,ok,,3.1937996815,283353583.91,47681.421306,224293.62822,11669695.882,358986.69887,23791097.144,0.0,0.0,0.0,-1.0110466408e-07,1.4486358433e-08,2.3680101548e-07,1.2140400093e-06,0.0,0.0,1.054945371e-06,0.0,0.0,0.0,0.0,-1.1997996077e-07,0.24039285973,0.025990266195,-0.050301294691,0.057887153167
goe758,ok,,3.2242202146,286052490.52,104761.07106,388549.23895,11719551.916,709459.04322,24370824.757,0.0,0.0,0.0,-4.8929213471e-08,1.0625797096e-08,3.7348731228e-08,5.3925970446e-07,0.0,0.0,6.9821978817e-09,0.0,0.0,0.0,0.0,-2.1678155306e-08,0.24055680666,0.031021125779,-0.00073146252848,0.056493424222
goe766,ok,,3.2084151888,284650270.23,82932.24458,277547.05983,11779025.045,512867.07531,24247861.944,0.0,0.0,0.0,-2.0654311473e-08,1.0209323461e-08,5.6157362641e-08,1.5908855289e-07,0.0,0.0,4.624005429e-07,0.0,0.0,0.0,0.0,-2.8732572363e-08,0.24011921423,0.0070560875815,-0.038347914918,0.013193570778
goe765,ok,,3.2313353439,286683744.07,132229.04175,414265.38397,11798352.98,809415.68228,24642267.72,0.0,0.0,0.0,-1.6781046333e-08,1.0175798316e-08,5.5498692633e-08,1.37054246e-07,0.0,0.0,-1.6903701128e-07,0.0,0.0,0.0,0.0,-3.1899987372e-08,0.23990445999,0.0073935251702,0.022351602021,0.018122551616
goe767,ok,,3.2126409543,285025179.72,73134.647918,268059.90631,11787010.657,470040.33775,24329390.447,0.0,0.0,0.0,-2.2718931935e-08,1.0116274044e-08,7.0292192644e-08,1.8954719371e-07,0.0,0.0,1.3140278783e-06,0.0,0.0,0.0,0.0,-3.1577617537e-08,0.23786332686,0.0071498741605,-0.09610096623,0.013862467276
goe769,ok,,3.250789689,288409731.59,96226.082338,388750.29222,11802559.132,673496.25455,24955591.447,0.0,0.0,0.0,-5.4524186095e-08,1.0887208911e-08,1.1591912685e-07,6.0537033878e-07,0.0,0.0,8.7313015941e-07,0.0,0.0,0.0,0.0,-4.0269837572e-08,0.23458729193,0.030382442465,-0.084017894611,0.058252416065
goe770,ok,,3.3018936514,292943669.96,237564.25484,772790.28714,11803226.678,1565630.0365,25757989.187,0.0,0.0,0.0,-2.0397403669e-08,9.7021617103e-09,3.1831102513e-08,1.869707355e-07,0.0,0.0,-3.1105410421e-09,0.0,0.0,0.0,0.0,-1.663410906e-08,0.23604475548,0.025806156713,0.00073895336481,0.044417563457
goe775,ok,,3.3082125132,293504278.74,271259.1509,811286.8776,11882586.36,1688691.8101,26037437.264,0.0,0.0,0.0,-3.3321161815e-10,9.057656003e-09,-2.7003363547e-09,2.334407346e-09,0.0,0.0,-1.1285790635e-07,0.0,0.0,0.0,0.0,1.2670293645e-09,0.2358555587,0.0010673387241,0.030613739849,0.00063322935452
goe776,ok,,3.3584638581,297962572.97,378657.42639,1116358.5602,11890576.5,2408776.646,26870357.193,0.0,0.0,0.0,-2.7778172477e-10,8.6329464828e-09,-2.3112450704e-09,2.0434804657e-09,0.0,0.0,-9.9267427269e-08,0.0,0.0,0.0,0.0,1.0397401536e-09,0.23198745113,0.001250135734,0.037588348534,0.00077377905404
goe777,ok,,3.3275328393,295218376.11,261167.00459,864601.86533,11806395.702,1763199.0054,26174318.803,0.0,0.0,0.0,-2.6785658624e-08,9.9815735123e-09,4.1362167087e-08,2.5328661902e-07,0.0,0.0,-1.0115407521e-08,0.0,0.0,0.0,0.0,-2.1703369493e-08,0.2340208654,0.038333377375,0.0026418106825,0.066150107592
goe780,ok,,3.1805550454,282178521.14,89104.778238,265151.97489,11675906.945,532983.03319,23615794.273,0.0,0.0,0.0,-1.0915078867e-08,1.0558306994e-08,-4.3796050229e-09,1.2237981406e-07,0.0,0.0,-2.1808634441e-06,0.0,0.0,0.0,0.0,-1.0348464127e-08,0.24791330989,0.0044503106629,0.19432535355,0.010904626193
goe79,ok,,3.228971956,286474064.53,23376.117918,157968.25846,11830672.813,213201.98708,24662010.706,0.0,0.0,0.0,-2.1667569304e-07,1.6386831823e-08,2.1574835756e-07,3.1482391292e-06,0.0,0.0,5.7896856681e-07,0.0,0.0,0.0,0.0,-1.4037872122e-07,0.2438362644,0.038933117745,-0.013534037488,0.073593609117
goe797,ok,,3.2760999805,290655258.1,169030.71227,550595.2859,11844652.122,1084344.1579,25441397.135,0.0,0.0,0.0,-3.2458374652e-08,9.6755232279e-09,-9.8197373692e-09,3.4926518315e-07,0.0,0.0,-3.2184560874e-07,0.0,0.0,0.0,0.0,-5.2623234991e-09,0.24143837943,0.033819510793,0.054401792486,0.059036542679
goe796,ok,,3.2283790792,286421464.57,96593.016479,319394.58117,11815522.295,606698.22921,24630301.433,0.0,0.0,0.0,-4.2926646362e-08,1.0174509244e-08,-1.4457157903e-09,4.5603152742e-07,0.0,0.0,-4.4601331064e-07,0.0,0.0,0.0,0.0,-1.0574540299e-08,0.24380751205,0.024480392949,0.043081771064,0.044049460843
goe795,ok,,3.1798393678,282115026.29,43525.18186,146941.72646,11735140.996,268284.65136,23722229.116,0.0,0.0,0.0,-6.5004705317e-08,1.067818222e-08,5.9880794544e-09,6.8255674581e-07,0.0,0.0,-9.0844757197e-07,0.0,0.0,0.0,0.0,-1.9665540663e-08,0.24516732055,0.01614672567,0.03954034578,0.029708406491
goe795sm,ok,,3.1802921644,282155198.36,43759.169284,146964.0598,11737452.478,268833.00488,23733575.515,0.0,0.0,0.0,-6.4923452385e-08,1.0688901063e-08,5.6797866191e-09,6.7668414203e-07,0.0,0.0,-9.7522344731e-07,0.0,0.0,0.0,0.0,-2.0501277603e-08,0.24518568821,0.016102740223,0.042674967921,0.029611135923
goe798,ok,,3.3284063805,295295876.6,262244.62357,840792.63593,11853583.751,1719078.6355,26299235.545,0.0,0.0,0.0,-2.5158785389e-08,9.2366885403e-09,-6.5227688444e-09,2.7393167166e-07,0.0,0.0,-2.2048144271e-07,0.0,0.0,0.0,0.0,-4.9682840728e-09,0.23724776112,0.041226845882,0.057820072949,0.071837108118
goe802a,ok,,3.2625109259,289449638.55,60750.479742,260972.31102,11786374.67,449871.28215,25110215.195,0.0,0.0,0.0,-1.0441282643e-07,1.1917188367e-08,3.9667463961e-08,1.2363095596e-06,0.0,0.0,-5.6390235757e-07,0.0,0.0,0.0,0.0,-4.9951592376e-08,0.24017204263,0.041596637063,0.03425733875,0.075106398856
goe802,ok,,3.2379141516,287267415.22,62581.866448,270027.98596,11809210.272,455973.71187,24766733.019,0.0,0.0,0.0,-1.0279479804e-07,1.2113014722e-08,5.0727550699e-08,1.1971668543e-06,0.0,0.0,-3.5121657211e-07,0.0,0.0,0.0,0.0,-4.8823802521e-08,0.24317067541,0.041479123925,0.02197978861,0.074920936191
goe801,ok,,3.2379141516,287267415.22,62581.866448,270027.98596,11809210.272,455973.71187,24766733.019,0.0,0.0,0.0,-1.0279479804e-07,1.2113014722e-08,5.0727550699e-08,1.1971668543e-06,0.0,0.0,-3.5121657211e-07,0.0,0.0,0.0,0.0,-4.8823802521e-08,0.24317067541,0.041479123925,0.02197978861,0.074920936191
goe802b,ok,,3.2601082616,289236474.42,60523.28924,259916.52594,11787657.175,447848.50566,25075161.669,0.0,0.0,0.0,-1.0534082975e-07,1.2010170623e-08,4.0003938904e-08,1.2409778332e-06,0.0,0.0,-5.8399292036e-07,0.0,0.0,0.0,0.0,-5.1161123434e-08,0.24047412794,0.041689182028,0.035345172433,0.075108060339
goe803h,ok,,3.2302098153,286583887.29,18362.20359,196657.98979,11796082.646,222452.0677,24616857.096,0.0,0.0,0.0,-2.1971478169e-07,1.3311255843e-08,1.3214782044e-07,4.4718766186e-06,0.0,0.0,7.6605780292e-07,0.0,0.0,0.0,0.0,-6.9604171295e-08,0.24385608053,0.045111155785,-0.014066509339,0.0821135089
goe804,ok,,3.1768561444,281850355.01,25695.375239,164051.59886,11635812.684,230019.74297,23487610.172,0.0,0.0,0.0,-1.8782220336e-07,9.6318565948e-09,-3.9127612723e-07,2.8675260095e-06,0.0,0.0,-4.9706048669e-06,0.0,0.0,0.0,0.0,1.8064121113e-08,0.24455556984,0.044219739902,0.12772155722,0.073682156822
goe92,ok,,3.2140144253,285147033.93,45957.527316,202251.20568,11765482.092,336566.48283,24306297.273,0.0,0.0,0.0,-1.3033181715e-07,1.4085734663e-08,1.3518111784e-07,1.4534342076e-06,0.0,0.0,-1.1699253953e-07,0.0,0.0,0.0,0.0,-9.1523614154e-08,0.24445950149,0.036370073735,0.0053766878312,0.066796242298
goe81,ok,,3.2252756385,286146127.62,37644.824432,203217.35416,11784817.454,310306.60958,24517399.762,0.0,0.0,0.0,-1.5460377345e-07,1.3969296285e-08,5.3043161552e-08,2.0396479699e-06,0.0,0.0,-8.3774819558e-07,0.0,0.0,0.0,0.0,-8.3427439361e-08,0.24412984719,0.041682831443,0.031536883741,0.076782189729
griffith30SymSuction,ok,,3.4082501889,302379611.18,542882.75275,1615199.6714,11498186.147,3722679.113,26782260.533,0.0,0.0,0.0,-3.5881672784e-14,8.9982503345e-09,5.7695809773e-13,-1.3435943683e-12,0.0,0.0,-2.3869849653e-07,0.0,0.0,0.0,0.0,-2.6241364863e-13,0.2409934848,-1.0184619751e-07,0.12958529687,-7.2941420925e-07
gs1,ok,,3.231182898,286670219.09,107635.37213,399124.8308,11751002.061,722453.46149,24543228.504,0.0,0.0,0.0,-3.8013294148e-08,9.8251262341e-09,1.3661347156e-08,4.559225112e-07,0.0,0.0,1.7305323849e-07,0.0,0.0,0.0,0.0,-3.3513384013e-09,0.23887997034,0.026884625475,-0.018626649723,0.049073389156
gu255118,ok,,3.2867857294,291603296.65,229519.02078,793859.78867,11647335.907,1588388.0589,25183952.617,0.0,0.0,0.0,-3.1517637852e-08,1.0162697288e-08,-1.0223212129e-08,3.5527546133e-07,0.0,0.0,-4.0912719435e-07,0.0,0.0,0.0,0.0,-1.2364344934e-08,0.24024294494,0.045362700304,0.093902473022,0.081542475993
hobie,ok,,3.1745517792,281645911.97,39208.262229,174794.61127,11664457.411,281356.73837,23504422.222,0.0,0.0,0.0,-9.841185036e-08,1.088391356e-08,5.2835386336e-08,1.2266925289e-06,0.0,0.0,5.0304931852e-07,0.0,0.0,0.0,0.0,-1.9591497163e-08,0.24306188774,0.026349841908,-0.019723689595,0.048096482347
hh02,ok,,3.2046117931,284312833.33,46549.796595,182526.17463,11778151.575,322609.3044,24182152.886,0.0,0.0,0.0,-4.9561878585e-08,1.1047623525e-08,1.2912398563e-07,6.1369094513e-07,0.0,0.0,1.2737409844e-06,0.0,0.0,0.0,0.0,-5.4578461277e-08,0.24596851009,0.011661893384,-0.059292383736,0.028567188668
hobiesm,ok,,3.1758977919,281765330.08,39541.048762,175700.43343,11671577.699,284341.43676,23537967.045,0.0,0.0,0.0,-9.7458626819e-08,1.0869729538e-08,5.1107171327e-08,1.2191288994e-06,0.0,0.0,4.6354328015e-07,0.0,0.0,0.0,0.0,-1.9394925236e-08,0.24319267334,0.026371183517,-0.018328987444,0.048205635257
hor04,ok,,3.1795082528,282085649.8,9852.7632365,35979.32311,11788147.821,62098.010875,23818518.621,0.0,0.0,0.0,-1.83418423e-07,1.1096175249e-08,7.3253977119e-08,1.9092802506e-06,0.0,0.0,-7.0794370008e-07,0.0,0.0,0.0,0.0,-5.1826737312e-08,0.25023158457,0.010584699506,0.0069752016617,0.018811686261
hor07,ok,,3.2109672751,284876691.07,27314.922664,148163.506,11800707.515,219346.8558,24323667.884,0.0,0.0,0.0,-1.4070255609e-07,1.1912638564e-08,1.2056287224e-07,1.9962671008e-06,0.0,0.0,8.5035649208e-07,0.0,0.0,0.0,0.0,-5.6027569758e-08,0.24765538235,0.02782335066,-0.023227421818,0.054527881474
hor12,ok,,3.2382866083,287300459.54,69857.871364,289627.39048,11834825.232,494629.38716,24820299.617,0.0,0.0,0.0,-5.1678967207e-08,9.9311196e-09,5.3040156557e-08,6.5890513829e-07,0.0,0.0,1.0022532647e-06,0.0,0.0,0.0,0.0,-4.4570056981e-09,0.24366437252,0.025024885786,-0.070015279638,0.046029710392
hor20,ok,,3.3248950274,294984349.71,206431.14906,728914.71222,11894006.018,1413556.4435,26320410.801,0.0,0.0,0.0,-1.3012020026e-08,8.8507514564e-09,5.7185855167e-09,1.7452339558e-07,0.0,0.0,2.7884808984e-07,0.0,0.0,0.0,0.0,2.3572906942e-09,0.23409388587,0.019173488816,-0.057562931598,0.036027065087
hq010,ok,,3.1671730144,280991268.7,58119.837354,192371.60849,11671950.635,358101.62203,23406238.726,0.0,0.0,0.0,1.5176797527e-14,1.0340824562e-08,8.8487405204e-14,7.6010906946e-14,0.0,0.0,-6.4915737078e-08,0.0,0.0,0.0,0.0,4.7311161119e-14,0.24203980832,-1.334148115e-09,0.0037728920807,4.4177415488e-09
hq07,ok,,3.1378179003,278386885.96,28456.13716,95524.588732,11613293.277,173218.26263,22854480.992,0.0,0.0,0.0,3.4774218027e-14,1.0601314016e-08,6.8860931051e-14,2.9856425284e-14,0.0,0.0,-1.2782200108e-07,0.0,0.0,0.0,0.0,7.917724189e-14,0.24228752967,-2.7005696619e-09,0.0036373203949,8.4959853298e-10
hq09,ok,,3.1491326667,279390730.88,38267.146482,127730.19348,11638546.083,234059.00787,23071279.655,0.0,0.0,0.0,3.5458899157e-15,1.0505995212e-08,6.8778853777e-14,2.3507185953e-13,0.0,0.0,-8.3211752785e-08,0.0,0.0,0.0,0.0,5.2809468684e-14,0.24238675358,2.166081711e-09,0.0031842763329,8.9955292826e-09
hq1010,ok,,3.1690897206,281161318.68,57814.592624,192915.16162,11676235.535,358181.88697,23443725.227,0.0,0.0,0.0,-2.1843631835e-08,1.0375590184e-08,6.925142732e-09,2.1415974489e-07,0.0,0.0,-8.0018141238e-08,0.0,0.0,0.0,0.0,-4.2797061318e-09,0.242456906,0.0074523456565,0.0046262162382,0.012381558407
hq1012,ok,,3.1873897435,282784894.86,83043.668933,274365.48755,11700964.911,517873.78806,23769151.209,0.0,0.0,0.0,-1.507948901e-08,1.0185582043e-08,4.7213607699e-09,1.4855739015e-07,0.0,0.0,-6.3643015569e-08,0.0,0.0,0.0,0.0,-2.9250650748e-09,0.24155912192,0.0074433722882,0.0052851495149,0.012336750725
hq108,ok,,3.1501795266,279483608.19,37046.105047,125446.47093,11640994.996,228419.86275,23091774.897,0.0,0.0,0.0,-3.422956788e-08,1.0564928809e-08,1.0250160542e-08,3.3430292842e-07,0.0,0.0,-1.2544887913e-07,0.0,0.0,0.0,0.0,-6.5124330515e-09,0.24278660608,0.0074575680202,0.0046473923542,0.012384621403
hq109,ok,,3.1593923427,280300968.3,46852.539251,157412.80473,11658738.939,289465.37767,23263931.877,0.0,0.0,0.0,-2.7072507504e-08,1.0471935485e-08,8.5071605672e-09,2.6484649216e-07,0.0,0.0,-9.9810060061e-08,0.0,0.0,0.0,0.0,-5.347409443e-09,0.24264292157,0.0074609871843,0.0046763547567,0.01240873067
hq1510,ok,,3.1703317616,281271512.44,57832.282078,195211.8791,11676833.1,360814.43578,23463679.448,0.0,0.0,0.0,-3.2534061394e-08,1.0402966295e-08,9.9168169522e-09,3.2059030058e-07,0.0,0.0,-1.0176516602e-07,0.0,0.0,0.0,0.0,-6.3945491519e-09,0.24232926745,0.011179706302,0.005885311787,0.018540468695
hq1511,ok,,3.1788455001,282026850.45,70206.170573,235282.30311,11687131.703,439071.1059,23612635.154,0.0,0.0,0.0,-2.6685081409e-08,1.0290013289e-08,7.6124949924e-09,2.6325634568e-07,0.0,0.0,-9.6834165981e-08,0.0,0.0,0.0,0.0,-5.0384738996e-09,0.24157916894,0.011182270862,0.0067983559742,0.018482219909
hq1512,ok,,3.189113466,282937823.35,83001.370577,276194.26726,11703459.36,520248.08284,23800446.539,0.0,0.0,0.0,-2.2592869055e-08,1.0201384922e-08,7.2238277838e-09,2.2256195599e-07,0.0,0.0,-7.540526399e-08,0.0,0.0,0.0,0.0,-4.5518872697e-09,0.24152274312,0.011182008347,0.0062587402599,0.018472947385
hq158,ok,,3.1555355382,279958793.0,36912.408697,126835.90698,11656087.362,230218.51777,23200906.435,0.0,0.0,0.0,-5.0851847294e-08,1.0610096331e-08,1.5852226815e-08,5.0323772359e-07,0.0,0.0,-1.6727197748e-07,0.0,0.0,0.0,0.0,-1.0387840211e-08,0.24334094883,0.011125157823,0.0061744115964,0.018575716525
hq1585,ok,,3.1570100599,280089612.41,42546.034129,148237.36256,11650319.915,267314.11611,23212015.643,0.0,0.0,0.0,-4.1574053224e-08,1.0488318284e-08,1.1197388104e-08,4.2624951361e-07,0.0,0.0,1.4261397013e-07,0.0,0.0,0.0,0.0,-4.6564601577e-09,0.24225343288,0.010811806298,-0.0060676588404,0.018135226353
hq159,ok,,3.1620401321,280535879.9,46836.247347,159450.3124,11664439.513,291965.32296,23314800.631,0.0,0.0,0.0,-4.0205285582e-08,1.0505999131e-08,1.2249924486e-08,3.9647483892e-07,0.0,0.0,-1.2593668762e-07,0.0,0.0,0.0,0.0,-7.9694374115e-09,0.24276284117,0.011173750026,0.0058984018513,0.018569393623
hq159b,ok,,3.1590181916,280267773.65,46746.323304,159493.33985,11652825.552,291291.96395,23247092.298,0.0,0.0,0.0,-4.019577572e-08,1.0513505034e-08,1.0843661249e-08,3.9561523412e-07,0.0,0.0,-1.6000707513e-07,0.0,0.0,0.0,0.0,-7.5705533761e-09,0.24234656373,0.011174328818,0.0074797424649,0.018493557638
hq2010,ok,,3.1719633092,281416263.18,57875.689709,198621.28651,11676629.721,364939.26735,23488265.938,0.0,0.0,0.0,-4.2816503216e-08,1.0446881321e-08,1.2073134235e-08,4.2714421963e-07,0.0,0.0,-1.3918931176e-07,0.0,0.0,0.0,0.0,-8.4535510161e-09,0.24227418202,0.014878143375,0.0080556774182,0.024721266316
hq17,ok,,3.2233731295,285977337.21,142046.5289,470569.9458,11672954.521,924831.36093,24265140.808,0.0,0.0,0.0,-3.5736269737e-08,1.0227318851e-08,-2.8334367403e-08,3.7465982473e-07,0.0,0.0,-7.5609510151e-07,0.0,0.0,0.0,0.0,-6.5662238998e-09,0.24289194567,0.031576235881,0.10740068468,0.053219127619
hq2012,ok,,3.1913397191,283135336.29,83055.231978,279521.86491,11705369.117,524694.57003,23838238.555,0.0,0.0,0.0,-2.9750979292e-08,1.0226003295e-08,8.9897204919e-09,2.9680936259e-07,0.0,0.0,-8.9809599223e-08,0.0,0.0,0.0,0.0,-5.9518889947e-09,0.24155266332,0.014855974865,0.0074591570973,0.024651570463
hq208,ok,,3.1535286231,279780739.69,37016.611287,130782.35536,11643509.523,234278.95735,23147065.177,0.0,0.0,0.0,-6.669793478e-08,1.0685563561e-08,1.6388798857e-08,6.6785552463e-07,0.0,0.0,-2.7018638028e-07,0.0,0.0,0.0,0.0,-1.2921569643e-08,0.24266348889,0.014891456984,0.010001384214,0.024721748351
hq2195,ok,,3.1704502895,281282028.22,53026.277172,182937.33183,11678405.277,334492.87741,23468841.593,0.0,0.0,0.0,-4.8232880396e-08,1.0400501804e-08,6.7291169804e-09,4.7815129477e-07,0.0,0.0,-1.5706784008e-07,0.0,0.0,0.0,0.0,-5.6130199094e-09,0.24196156593,0.015679324506,0.0083287228226,0.025354583086
hq2511,ok,,3.1812987302,282244500.78,70044.039103,242033.03683,11682842.829,446516.16057,23642088.009,0.0,0.0,0.0,-4.3581294193e-08,1.0371083933e-08,9.3688028111e-09,4.395426406e-07,0.0,0.0,-1.7041266103e-07,0.0,0.0,0.0,0.0,-7.9415279039e-09,0.2415372844,0.018603494413,0.011936391093,0.030787341905
hq2510,ok,,3.1735987404,281561358.46,57678.131534,201999.59958,11675255.247,368387.65788,23510733.679,0.0,0.0,0.0,-5.2839823044e-08,1.0506100974e-08,1.1868607954e-08,5.3513908032e-07,0.0,0.0,-2.0297371817e-07,0.0,0.0,0.0,0.0,-9.9795956098e-09,0.24243559747,0.018574513202,0.011707144814,0.030865822264
hq2090sm,ok,,3.1626826365,280592882.83,46537.196999,161604.38977,11660903.555,293593.78433,23317809.567,0.0,0.0,0.0,-5.2858693314e-08,1.0561008239e-08,1.3149096127e-08,5.2708457473e-07,0.0,0.0,-2.0266091959e-07,0.0,0.0,0.0,0.0,-9.9919303654e-09,0.2426416657,0.014807306877,0.0094312711391,0.02452903869
hq209,ok,,3.1630882345,280628867.44,46845.88795,162814.24816,11662412.76,295661.4567,23326978.699,0.0,0.0,0.0,-5.2837340844e-08,1.0560103172e-08,1.4218917495e-08,5.2778292312e-07,0.0,0.0,-1.8042285453e-07,0.0,0.0,0.0,0.0,-1.0308995465e-08,0.24257624934,0.014882739436,0.0084520688272,0.024724459679
hq2512,ok,,3.1916365184,283161668.29,82854.71156,283050.00027,11699079.452,528109.04869,23830931.617,0.0,0.0,0.0,-3.6841169782e-08,1.027170364e-08,9.0388998302e-09,3.7158080026e-07,0.0,0.0,-1.2805879365e-07,0.0,0.0,0.0,0.0,-6.9733073061e-09,0.24154764014,0.018566873193,0.01061027441,0.030787220027
hq258,ok,,3.154858928,279898764.21,36906.853967,134673.85712,11640781.88,238227.85127,23162194.313,0.0,0.0,0.0,-8.1830454251e-08,1.0774813017e-08,1.3765460386e-08,8.3794801822e-07,0.0,0.0,-4.1944090715e-07,0.0,0.0,0.0,0.0,-1.5198137239e-08,0.24270258302,0.018615806132,0.015480244308,0.03092602514
hq2590sm,ok,,3.1674073402,281012058.07,47983.219581,170017.2151,11669197.716,306727.58408,23405421.022,0.0,0.0,0.0,-6.3364590122e-08,1.0480922421e-08,6.2403180322e-09,6.3663868305e-07,0.0,0.0,-2.4482727014e-07,0.0,0.0,0.0,0.0,-7.2859517836e-09,0.24199478117,0.018894952751,0.011747600663,0.030547973722
hq259,ok,,3.1639215339,280702797.68,46716.299093,166580.33763,11657932.563,299477.36051,23331242.02,0.0,0.0,0.0,-6.5050358193e-08,1.063471744e-08,1.3022680846e-08,6.6139131775e-07,0.0,0.0,-2.8279608115e-07,0.0,0.0,0.0,0.0,-1.2162365156e-08,0.24258981206,0.018597761781,0.013211186309,0.030897754618
hq259b,ok,,3.1674075137,281012073.46,47983.185152,170017.166,11669198.466,306727.49452,23405423.094,0.0,0.0,0.0,-6.3364627753e-08,1.0480922791e-08,6.2403701366e-09,6.3663940995e-07,0.0,0.0,-2.4482748691e-07,0.0,0.0,0.0,0.0,-7.2859744267e-09,0.24199479995,0.018894957054,0.011747602634,0.030547986683
hq300gd2,ok,,3.2531413716,288618372.64,156727.93776,516511.06232,11759397.517,1032729.0351,24898375.861,0.0,0.0,0.0,-2.78104065e-08,1.015951812e-08,1.3333688581e-08,2.766102903e-07,0.0,0.0,-2.7667022762e-07,0.0,0.0,0.0,0.0,-1.3592185761e-08,0.24318376428,0.025312237283,0.043361954214,0.043352560361
hq3010,ok,,3.1764845534,281817387.5,57652.196326,206968.97094,11676722.239,374253.70547,23557415.378,0.0,0.0,0.0,-6.234246158e-08,1.0560986921e-08,1.194634315e-08,6.4134687278e-07,0.0,0.0,-2.6156240737e-07,0.0,0.0,0.0,0.0,-1.1955869226e-08,0.24221307974,0.022248560608,0.015079647261,0.036975055823
hq3013,ok,,3.2042016512,284276445.61,96993.637665,332540.9285,11712665.718,624346.12758,24049744.824,0.0,0.0,0.0,-3.7348651963e-08,1.0176938481e-08,8.0517781015e-09,3.7983903932e-07,0.0,0.0,-1.3195025392e-07,0.0,0.0,0.0,0.0,-6.8352749128e-09,0.24091495009,0.022290779814,0.012798335119,0.036841970151
hq3011,ok,,3.185363845,282605157.35,70295.411905,246037.53909,11690770.019,452140.69526,23719628.195,0.0,0.0,0.0,-5.1540413941e-08,1.0453160589e-08,1.1214505261e-08,5.244800917e-07,0.0,0.0,-2.3966760266e-07,0.0,0.0,0.0,0.0,-1.1031441858e-08,0.241841156,0.022097832475,0.016847532849,0.036868544082
hq3012,ok,,3.1948195875,283444069.87,82858.175444,287508.30142,11702157.753,533886.8688,23885678.195,0.0,0.0,0.0,-4.3638415217e-08,1.0298001042e-08,9.3236453597e-09,4.4438404081e-07,0.0,0.0,-1.6038747102e-07,0.0,0.0,0.0,0.0,-8.1852612113e-09,0.24141493462,0.022243427257,0.013289413213,0.036820850818
hq3014,ok,,3.2138236072,285130104.57,112540.26689,381454.04666,11721469.467,724366.81724,24214888.244,0.0,0.0,0.0,-3.2131454764e-08,1.0066530611e-08,7.0594692254e-09,3.2579819145e-07,0.0,0.0,-1.2049725902e-07,0.0,0.0,0.0,0.0,-6.0179470873e-09,0.24036342048,0.022227602532,0.01356079369,0.036665415419
hq3015,ok,,3.2235435266,285992454.84,128937.41526,433030.97164,11728626.887,830840.48926,24378881.537,0.0,0.0,0.0,-2.8006910405e-08,9.9547045871e-09,6.0485022368e-09,2.8370600592e-07,0.0,0.0,-1.0868857001e-07,0.0,0.0,0.0,0.0,-5.1939945568e-09,0.23973344138,0.022235162703,0.014014023286,0.036580319099
hq308,ok,,3.1583694968,280210221.52,36889.768002,139534.73979,11645057.889,243572.46213,23223307.666,0.0,0.0,0.0,-9.5894128522e-08,1.0863363775e-08,1.0778604964e-08,1.0033322465e-06,0.0,0.0,-5.5076254128e-07,0.0,0.0,0.0,0.0,-1.7921778069e-08,0.24255705781,0.022298775825,0.020317502372,0.037012693803
hq309,ok,,3.1676520453,281033768.27,46695.419781,171331.58907,11662912.338,304950.85026,23397327.812,0.0,0.0,0.0,-7.6593291389e-08,1.0700701467e-08,1.2002011742e-08,7.9232763654e-07,0.0,0.0,-3.6691679806e-07,0.0,0.0,0.0,0.0,-1.4416431714e-08,0.24248439744,0.022291590962,0.01713333391,0.036998071592
hq3510,ok,,3.1793287775,282069726.78,57670.583972,213009.45601,11676313.015,380923.85388,23600417.217,0.0,0.0,0.0,-7.1605995658e-08,1.0636870865e-08,1.0481561282e-08,7.491370772e-07,0.0,0.0,-3.2351337955e-07,0.0,0.0,0.0,0.0,-1.3745212148e-08,0.24217931872,0.026009134917,0.018657205521,0.043203172717
hq3512,ok,,3.1977390499,283703084.27,82790.365069,293474.70927,11701527.04,540765.39783,23929590.158,0.0,0.0,0.0,-5.0415432866e-08,1.0354780898e-08,9.7882739092e-09,5.2054852879e-07,0.0,0.0,-1.863042385e-07,0.0,0.0,0.0,0.0,-9.7002840109e-09,0.24145031359,0.02599710707,0.01542419592,0.043096402735
hq3513,ok,,3.2074200004,284561977.22,97696.990937,340773.16943,11711711.102,636457.93341,24097874.453,0.0,0.0,0.0,-4.2822287267e-08,1.022166862e-08,8.802953292e-09,4.4035182963e-07,0.0,0.0,-1.513264253e-07,0.0,0.0,0.0,0.0,-8.2158376949e-09,0.24091759131,0.025995548016,0.014784136401,0.043021048709
hq3514,ok,,3.2160935251,285331491.46,111821.09764,385148.10897,11717114.447,727761.69428,24241135.045,0.0,0.0,0.0,-3.7156550703e-08,1.0105119093e-08,6.9893588025e-09,3.8098988653e-07,0.0,0.0,-1.431453281e-07,0.0,0.0,0.0,0.0,-6.9194210183e-09,0.24041742141,0.025831122115,0.01600666771,0.042602707301
hq3518,ok,,3.2565987253,288925108.71,183196.27071,607709.00778,11738870.841,1197228.052,24912281.571,0.0,0.0,0.0,-2.2568002404e-08,9.6529202829e-09,3.9001373471e-09,2.3034207222e-07,0.0,0.0,-9.8630294968e-08,0.0,0.0,0.0,0.0,-4.0700360831e-09,0.23773070385,0.025861285627,0.018068702217,0.042197808618
hq358,ok,,3.1617201747,280507493.32,36878.666835,145876.98113,11645971.222,250338.04607,23276053.205,0.0,0.0,0.0,-1.0907042228e-07,1.0987859187e-08,5.4492171534e-09,1.1731698462e-06,0.0,0.0,-6.8996537593e-07,0.0,0.0,0.0,0.0,-2.0726336947e-08,0.2425746093,0.026046564892,0.025445003226,0.0432649399
hq359,ok,,3.1705506634,281290933.38,46672.902425,177600.13451,11662186.184,311699.65925,23440262.914,0.0,0.0,0.0,-8.7589723837e-08,1.0799465407e-08,9.4430578141e-09,9.266110712e-07,0.0,0.0,-4.5614208315e-07,0.0,0.0,0.0,0.0,-1.6713151967e-08,0.24243961834,0.026039418036,0.021289474939,0.043247628112
hs1404,ok,,3.1760306695,281777118.97,11545.101947,61237.171855,11744619.477,90578.909851,23681314.116,0.0,0.0,0.0,-2.3751190107e-07,1.2144414948e-08,-9.4372825779e-08,3.2653615812e-06,0.0,0.0,-5.3091249582e-06,0.0,0.0,0.0,0.0,-7.5829465361e-08,0.24894927809,0.019804586388,0.061294388893,0.03769893235
hs1430,ok,,3.497983638,310340753.69,659957.62751,1732990.0402,12147678.401,4131638.0337,29828229.917,0.0,0.0,0.0,-5.1961429009e-09,7.8816095407e-09,-3.7126359994e-09,5.0695911549e-08,0.0,0.0,-1.7816588586e-07,0.0,0.0,0.0,0.0,-9.4094895828e-10,0.23448778163,0.020557333416,0.11758193533,0.03345715351
hs1606,ok,,3.1978981215,283717197.09,26381.904741,130374.67325,11769556.623,201475.2403,24065696.478,0.0,0.0,0.0,-1.4928563788e-07,1.1689172326e-08,-5.7479762342e-08,2.006452251e-06,0.0,0.0,-2.3609640427e-06,0.0,0.0,0.0,0.0,-4.6169926624e-08,0.24786422576,0.027774126449,0.062286728471,0.052934032154
hs1620,ok,,3.3534301729,297515984.92,305249.02648,860283.93316,12049860.091,1840461.2089,27141218.763,0.0,0.0,0.0,-1.6233304201e-08,8.9958487177e-09,-9.6542513811e-09,1.5841223568e-07,0.0,0.0,-3.4046686489e-07,0.0,0.0,0.0,0.0,-3.2637620522e-09,0.24150228897,0.028427204463,0.10392717906,0.048355180725
hs1712,ok,,3.2633644451,289525362.68,111957.59475,359999.40143,11920532.54,691494.72625,25398764.829,0.0,0.0,0.0,-5.0760061082e-08,1.0124063428e-08,-3.0333750907e-08,5.1580605265e-07,0.0,0.0,-8.9147645148e-07,0.0,0.0,0.0,0.0,-1.1474294178e-08,0.24689267736,0.033143510935,0.099807559287,0.057748405013
hs1708,ok,,3.2195370916,285637004.32,46561.292561,202983.50065,11802179.672,335555.61194,24465764.408,0.0,0.0,0.0,-1.0281390684e-07,1.1178147945e-08,-2.9728146106e-08,1.3019737855e-06,0.0,0.0,-1.3162113886e-06,0.0,0.0,0.0,0.0,-3.1814864537e-08,0.24659656011,0.03187088655,0.061284503539,0.060621582335
hsnlf213,ok,,3.2132907343,285082828.14,106367.19438,333098.63307,11746386.097,664675.10348,24252441.63,0.0,0.0,0.0,-1.677432175e-08,1.0268190993e-08,2.070081967e-08,1.4399940258e-07,0.0,0.0,-6.867371833e-07,0.0,0.0,0.0,0.0,-1.6509997226e-08,0.24453352897,0.0084670643924,0.073046307462,0.015316812445
ht05,ok,,3.177284479,281888356.82,13389.860542,45581.873417,11778290.565,76972.691274,23765272.843,0.0,0.0,0.0,-1.206393017e-10,1.0434503274e-08,2.8271393245e-10,7.3953589809e-10,0.0,0.0,4.2510754206e-06,0.0,0.0,0.0,0.0,-1.422928684e-10,0.24797878585,6.5699031499e-06,-0.056921307036,9.9022825413e-06
ht08,ok,,3.1759688952,281771638.35,14416.283976,49102.889806,11777032.349,85957.527958,23743367.737,0.0,0.0,0.0,-1.0750556175e-10,1.0442074454e-08,2.762140867e-10,6.9771580795e-10,0.0,0.0,5.099367459e-06,0.0,0.0,0.0,0.0,-1.2822661955e-10,0.24792998554,6.5082173107e-06,-0.073513929385,1.0058469222e-05
ht12,ok,,3.1745922365,281649501.33,11612.902317,45220.169086,11770811.677,73454.825382,23710163.517,0.0,0.0,0.0,-1.4569656466e-10,1.0440656353e-08,4.4193986888e-10,1.0866400474e-09,0.0,0.0,1.2257639377e-05,0.0,0.0,0.0,0.0,-1.7684246675e-10,0.24754962443,7.4864628017e-06,-0.14234676872,1.2619044724e-05
ht13,ok,,3.1836954519,282457137.69,20538.658304,77915.14179,11789113.806,130234.81186,23885193.717,0.0,0.0,0.0,-1.0798255642e-10,1.0308066649e-08,3.1892331173e-10,7.9013117788e-10,0.0,0.0,6.2835546941e-06,0.0,0.0,0.0,0.0,-1.2966937531e-10,0.24621012513,9.9052226333e-06,-0.1290557828,1.6228234278e-05
ht14,ok,,3.1910306537,283107916.04,27885.976714,104580.30256,11803075.227,177293.25013,24025373.036,0.0,0.0,0.0,-9.2426317597e-11,1.020424809e-08,2.7224597089e-10,6.7419750208e-10,0.0,0.0,4.4100884658e-06,0.0,0.0,0.0,0.0,-1.1122958093e-10,0.24516082303,1.1551928569e-05,-0.12297962426,1.8800655843e-05
ht21,ok,,3.1904294072,283054573.52,17229.011251,54250.430704,11829968.027,97066.394807,24068594.96,0.0,0.0,0.0,-7.9348667696e-13,1.0377042213e-08,-9.0415794998e-13,1.286625285e-12,0.0,0.0,1.2724460029e-06,0.0,0.0,0.0,0.0,8.5899818624e-13,0.2497608259,9.7845913029e-08,-0.021922986501,2.2167281511e-08
ht23,ok,,3.1827569907,282373877.5,20992.642664,79080.278042,11783021.613,133875.23332,23857876.955,0.0,0.0,0.0,-6.2150418832e-08,1.0903442109e-08,1.7413735451e-07,5.7203562886e-07,0.0,0.0,5.383130559e-06,0.0,0.0,0.0,0.0,-6.8940849822e-08,0.24642544455,0.006046543009,-0.11300613624,0.012008539548
ht22,ok,,3.1752136464,281704632.76,12769.607008,49911.612134,11769856.434,81465.392703,23716501.549,0.0,0.0,0.0,-1.036586683e-07,1.1307230067e-08,2.8825197053e-07,9.7988847045e-07,0.0,0.0,9.9352770377e-06,0.0,0.0,0.0,0.0,-1.0702329073e-07,0.24671326146,0.0062940567194,-0.12686958329,0.012512790679
ht33,ok,,3.1715659515,281381009.64,18876.636936,67557.208091,11751389.246,116250.74527,23626608.689,0.0,0.0,0.0,-4.4719737564e-11,1.0421699264e-08,1.3144058637e-10,3.0966995617e-10,0.0,0.0,4.6303961366e-06,0.0,0.0,0.0,0.0,-6.0434452113e-11,0.24622940294,3.4688058143e-06,-0.087406306738,5.8455273326e-06
ht34,ok,,3.1644274982,280747686.79,27367.888345,94894.799393,11713847.292,167212.49176,23446127.583,0.0,0.0,0.0,-9.2356950287e-12,1.0401759786e-08,3.6794097806e-11,6.3129416706e-11,0.0,0.0,2.1409387351e-06,0.0,0.0,0.0,0.0,-1.8472496889e-11,0.24388098635,7.9101612703e-07,-0.058592972255,1.7277188277e-06
ht35,ok,,3.1600259104,280357178.36,32125.854606,110219.43568,11690507.381,195935.08562,23335021.544,0.0,0.0,0.0,1.4672112834e-12,1.0393095327e-08,9.8359161344e-12,-6.456231238e-12,0.0,0.0,1.481698731e-06,0.0,0.0,0.0,0.0,-5.470614908e-12,0.24252310341,-5.4743514225e-07,-0.047600838,-2.0741194605e-07
isa960,ok,,3.2168702063,285400398.54,60078.409226,228010.17232,11793559.153,401060.58003,24406940.749,0.0,0.0,0.0,-1.1924726969e-07,1.3882446455e-08,1.101009253e-07,1.1438575651e-06,0.0,0.0,-3.6451071904e-07,0.0,0.0,0.0,0.0,-7.9483283975e-08,0.24569906837,0.040034485124,0.021899224146,0.068721142892
isa571,ok,,3.1955336773,283507423.84,36510.006534,135603.30662,11780827.912,236124.4993,24052642.076,0.0,0.0,0.0,-1.5443441257e-07,1.382802647e-08,1.301491734e-07,1.4120502079e-06,0.0,0.0,-6.3658536832e-07,0.0,0.0,0.0,0.0,-9.7499500696e-08,0.24690586709,0.030797970432,0.023241735957,0.051553962316
isa961,ok,,3.2159424056,285318084.14,58285.871712,222084.79941,11795410.107,388219.38828,24397027.005,0.0,0.0,0.0,-1.2198555872e-07,1.3956738341e-08,1.1364561816e-07,1.1692368284e-06,0.0,0.0,-3.6106994863e-07,0.0,0.0,0.0,0.0,-8.188618965e-08,0.24554371768,0.039592072644,0.021045276705,0.068149987779
isa962,ok,,3.2280748668,286394474.87,60382.739128,234867.40668,11828704.121,407331.56114,24652332.968,0.0,0.0,0.0,-1.2185935743e-07,1.4102758019e-08,1.3700594316e-07,1.1908504401e-06,0.0,0.0,-6.294410142e-08,0.0,0.0,0.0,0.0,-8.4369588829e-08,0.2440071753,0.041301173951,0.0038007372557,0.071906811467
ist-mt1-12,ok,,3.1736948811,281569888.05,77923.999889,344825.01149,11528312.976,571488.03029,23225201.544,0.0,0.0,0.0,-6.1147707151e-08,8.8251138622e-09,-1.0205409749e-07,8.3893400696e-07,0.0,0.0,-6.2424772193e-07,0.0,0.0,0.0,0.0,3.9445304539e-08,0.23687236803,0.040305892649,0.048643879414,0.065373093465
ist-mt1-15,ok,,3.2722715702,290315601.92,109218.67811,550781.64472,11662143.672,915837.28043,24988063.799,0.0,0.0,0.0,-5.5700618598e-08,8.9737434745e-09,-4.1555761885e-08,8.6428793198e-07,0.0,0.0,-2.127598238e-07,0.0,0.0,0.0,0.0,1.4260084797e-08,0.24237421982,0.054187686038,0.023237346711,0.094396385441
ist-mt1-24,ok,,3.3262375128,295103454.87,231646.00683,945581.59711,11649125.58,1755689.4802,25799103.667,0.0,0.0,0.0,-1.3333157356e-08,8.4937016122e-09,-1.3601871031e-08,1.9108348217e-07,0.0,0.0,3.1615649935e-07,0.0,0.0,0.0,0.0,1.6034095018e-08,0.22862682568,0.02987035636,-0.073236390607,0.044263725615
ist-mt1-18,ok,,3.3043069331,293157776.07,149986.18445,694948.16376,11705423.785,1205371.3156,25583297.44,0.0,0.0,0.0,-4.4152371399e-08,8.9557435446e-09,1.1901753751e-08,6.2069584197e-07,0.0,0.0,2.1710898266e-07,0.0,0.0,0.0,0.0,4.9671898664e-09,0.23587187437,0.054634295045,-0.032563347918,0.093095801039
ist-mt1-21,ok,,3.2988362157,292672414.57,175315.15205,746164.43216,11667955.965,1343308.8626,25406699.924,0.0,0.0,0.0,-2.4084698877e-08,8.8210573626e-09,-1.967248861e-09,3.3009487219e-07,0.0,0.0,3.6853600305e-07,0.0,0.0,0.0,0.0,1.4016614451e-08,0.23555152227,0.036802085613,-0.064609945412,0.05787063271
j5012,ok,,3.2004213734,283941059.75,93613.912547,285846.65844,11763266.903,556712.53963,24093544.817,0.0,0.0,0.0,9.7827459012e-14,1.00779675e-08,3.9940032489e-14,-4.9020352139e-13,0.0,0.0,-4.5630288354e-07,0.0,0.0,0.0,0.0,4.3408802711e-13,0.24281396161,4.2171946554e-09,0.042716298234,-4.5889869582e-08
jn153,ok,,3.2882909252,291736837.47,136374.59353,630588.55731,11665521.134,1098470.1338,25242498.574,0.0,0.0,0.0,-5.5280390787e-08,1.0914103838e-08,8.0514392814e-08,7.0847337722e-07,0.0,0.0,3.7749344469e-07,0.0,0.0,0.0,0.0,-2.7830872638e-08,0.23257000491,0.053666364458,-0.05148051508,0.096617768845
joukowsk,ok,,3.1587902973,280247554.89,70313.789864,262962.46544,11601437.463,454329.61008,23145462.102,0.0,0.0,0.0,-3.0443037478e-14,1.0073162245e-08,2.4832989372e-13,2.9636864444e-13,0.0,0.0,1.1091031419e-06,0.0,0.0,0.0,0.0,-4.6424971089e-14,0.23314799499,8.9135601113e-09,-0.077985245254,2.0838802587e-08
jx-gs-04,ok,,3.153521923,279780145.26,24554.48986,92438.855708,11668163.009,155782.4814,23193332.443,0.0,0.0,0.0,-7.5217171813e-08,1.1245088031e-08,1.6298301003e-07,7.2401579607e-07,0.0,0.0,3.1719529305e-06,0.0,0.0,0.0,0.0,-6.7498020521e-08,0.24243820899,0.0091692984661,-0.077885686067,0.017777838523
jx-gs-06,ok,,3.1564644031,280041201.79,27252.299194,98772.903851,11676430.126,170730.54783,23253935.688,0.0,0.0,0.0,-6.9943291751e-08,1.1104377924e-08,1.2589762216e-07,6.6201155852e-07,0.0,0.0,2.0449596629e-06,0.0,0.0,0.0,0.0,-5.4412995514e-08,0.24308831845,0.009684017652,-0.055729852572,0.018041337063
jx-gs-10,ok,,3.1591050282,280275477.78,30747.738285,108722.44455,11681525.327,191415.53281,23303679.373,0.0,0.0,0.0,-6.1362804432e-08,1.0933292554e-08,9.1041026771e-08,5.9178784488e-07,0.0,0.0,1.2107968008e-06,0.0,0.0,0.0,0.0,-4.1352058746e-08,0.24345095316,0.0098193961724,-0.037229263147,0.018196137774
jx-gs-15,ok,,3.1624730918,280574292.05,34463.187953,116919.10964,11691563.833,210825.96255,23374329.245,0.0,0.0,0.0,-5.5421914954e-08,1.0774780311e-08,5.3991164787e-08,5.2967745525e-07,0.0,0.0,2.6237675978e-07,0.0,0.0,0.0,0.0,-2.8400668052e-08,0.24408751617,0.010223250466,-0.009042339587,0.018254373695
k1,ok,,3.1960095248,283549640.98,78432.188496,269152.56057,11728907.641,495470.98756,23953294.332,0.0,0.0,0.0,-1.1303857636e-08,9.8723933503e-09,-5.3548498787e-08,1.3921432821e-07,0.0,0.0,1.1256564215e-08,0.0,0.0,0.0,0.0,3.1968898765e-08,0.24070456411,0.0094158253171,-0.00088287696636,0.010918884432
k2,ok,,3.1983549588,283757727.65,71863.621596,224851.79859,11769117.498,431318.01155,24072047.779,0.0,0.0,0.0,-1.4659558307e-09,1.00396152e-08,-1.2319087495e-07,-2.3671091703e-08,0.0,0.0,-7.8517080009e-07,0.0,0.0,0.0,0.0,6.6090076967e-08,0.2424798949,0.0075506391155,0.056425217265,-0.0017010903769
k3,ok,,3.2904190873,291925647.79,184064.26305,573698.60108,11907218.154,1162907.2345,25796775.678,0.0,0.0,0.0,3.8490251683e-09,9.3678854442e-09,-2.8407571357e-08,1.2902879226e-08,0.0,0.0,-9.7677904227e-08,0.0,0.0,0.0,0.0,1.5750456228e-08,0.23975763442,-8.4611517802e-05,0.017979011458,0.002374958956
k3311,ok,,3.1916958193,283166929.47,69121.174903,246425.66662,11708802.894,448868.05468,23851081.297,0.0,0.0,0.0,-5.4830127113e-08,1.067154126e-08,2.7628524881e-08,5.788183542e-07,0.0,0.0,-1.4585812022e-07,0.0,0.0,0.0,0.0,-1.9478936328e-08,0.24307362093,0.022487937313,0.010081884639,0.040008604698
kc135a,ok,,3.2213164279,285794866.9,133906.1542,426409.52752,11739829.322,838728.66583,24364461.368,0.0,0.0,0.0,-1.6207544115e-08,1.0090673585e-08,2.4648697863e-08,1.3178659798e-07,0.0,0.0,-2.1289825026e-07,0.0,0.0,0.0,0.0,-1.4909668433e-08,0.24087586181,0.010583253431,0.028508385929,0.017647036511
k3311sm,ok,,3.1957398809,283525718.2,69553.842741,246718.17796,11724901.248,451596.22694,23944248.701,0.0,0.0,0.0,-5.3840438565e-08,1.0600254969e-08,2.6003162328e-08,5.715237961e-07,0.0,0.0,-1.4775370983e-07,0.0,0.0,0.0,0.0,-1.8523043813e-08,0.24301322274,0.022282937961,0.010276838298,0.039751676237
kc135b,ok,,3.1984275954,283764171.96,97171.632966,305479.37202,11721256.461,598647.20061,23976252.485,0.0,0.0,0.0,-2.2422542049e-08,1.0400599514e-08,2.7449064742e-08,1.8041418261e-07,0.0,0.0,-5.634496981e-07,0.0,0.0,0.0,0.0,-1.9710300728e-08,0.24298826595,0.010557555786,0.054751327258,0.017531140734
kc135c,ok,,3.1799051184,282120859.69,66791.599874,209334.52916,11702870.403,406970.63286,23658614.39,0.0,0.0,0.0,-3.4766577386e-08,1.0739048903e-08,3.2890530339e-08,2.8127890764e-07,0.0,0.0,-1.1229337319e-06,0.0,0.0,0.0,0.0,-2.8830060631e-08,0.2443847,0.011283193934,0.075002540505,0.018787068252
kc135d,ok,,3.1701281816,281253450.83,48716.347652,156222.47682,11691288.774,298294.03313,23488523.1,0.0,0.0,0.0,-5.7387033091e-08,1.1109501393e-08,3.603251319e-08,4.9464211709e-07,0.0,0.0,-1.5651636167e-06,0.0,0.0,0.0,0.0,-4.0145991208e-08,0.24476591267,0.01418912327,0.076249054881,0.024097157339
kc135winglet,ok,,3.1961124277,283558770.52,38417.289655,133021.62576,11788718.586,247912.78672,24074629.099,0.0,0.0,0.0,-7.6817938999e-08,1.0495944995e-08,-3.9597175745e-09,7.7451297354e-07,0.0,0.0,-9.0383867581e-07,0.0,0.0,0.0,0.0,-1.0320447524e-08,0.24795258404,0.018409866831,0.03472303221,0.029754689246
l1003,ok,,3.2609767859,289313529.8,119041.03822,627357.18264,11510407.441,1010076.5005,24479221.429,0.0,0.0,0.0,-3.8500597601e-08,1.0562302432e-08,1.0815216634e-07,5.7852708583e-07,0.0,0.0,8.5822462799e-07,0.0,0.0,0.0,0.0,-3.6074935731e-08,0.22385639818,0.030774251034,-0.10216395074,0.068868464932
kenmar,ok,,3.4249673019,303862751.76,361527.83547,1318283.9621,11695207.012,2750304.5473,27488344.426,0.0,0.0,0.0,-1.8918730129e-08,8.155192915e-09,3.1631590125e-09,2.2328457869e-07,0.0,0.0,6.9634520919e-08,0.0,0.0,0.0,0.0,5.8183701933e-10,0.22500430424,0.052392476995,-0.025174817622,0.080723590427
l188root,ok,,3.2326103951,286796866.49,126073.24976,384645.3283,11819230.078,769633.2754,24702694.467,0.0,0.0,0.0,-1.8181444561e-08,9.8454685942e-09,-1.0377360386e-08,1.9018907511e-07,0.0,0.0,-4.8629726102e-07,0.0,0.0,0.0,0.0,-4.9044144848e-10,0.24304003792,0.013901308866,0.061309076045,0.023977754767
l188tip,ok,,3.2182681813,285524426.73,95646.031642,298057.30553,11803636.084,584860.47364,24448661.726,0.0,0.0,0.0,-3.1952842726e-08,1.0024634026e-08,-2.2436907375e-08,3.3580873451e-07,0.0,0.0,-7.8309916854e-07,0.0,0.0,0.0,0.0,-1.1290092647e-09,0.24457293752,0.018526468343,0.074900327853,0.032118772847
l7769,ok,,3.1940186077,283373007.02,53369.446498,256776.32764,11659809.757,403645.9123,23776741.817,0.0,0.0,0.0,-7.4429073709e-08,1.2190131559e-08,2.0369157047e-07,9.2790385369e-07,0.0,0.0,2.0252267758e-06,0.0,0.0,0.0,0.0,-7.3766311195e-08,0.2368868858,0.023010344866,-0.10808523206,0.049521715075
la203a,ok,,3.2446382059,287863972.64,136430.74081,516378.83485,11693528.556,954693.30143,24632021.825,0.0,0.0,0.0,-3.9826956656e-08,9.4988733195e-09,-7.3362249475e-09,4.7273584733e-07,0.0,0.0,-7.3990321348e-08,0.0,0.0,0.0,0.0,6.9782226928e-10,0.23462990751,0.038178858274,0.010094554354,0.06449570186
la5055,ok,,3.2568124242,288944068.06,122585.52069,522716.25805,11666387.234,925447.83332,24749504.452,0.0,0.0,0.0,-4.3022536387e-08,1.0658911206e-08,6.9426472834e-08,5.5534192268e-07,0.0,0.0,3.2837035893e-07,0.0,0.0,0.0,0.0,-2.988050831e-08,0.23414865442,0.033366763015,-0.040253451428,0.068076878753
la2573a,ok,,3.2223951696,285890572.72,92438.262543,352845.774,11736031.214,625446.88643,24367246.837,0.0,0.0,0.0,-3.2285706712e-08,1.0702398595e-08,1.0388132265e-07,3.3487352014e-07,0.0,0.0,7.261923516e-07,0.0,0.0,0.0,0.0,-5.0984422334e-08,0.23542876155,0.012698898285,-0.067127959254,0.030955126373
lds2,ok,,3.201230667,284012860.19,86347.716734,279629.69425,11749872.698,533781.06649,24077624.689,0.0,0.0,0.0,-3.1329862803e-08,1.0282623719e-08,1.8439838744e-08,3.0398500161e-07,0.0,0.0,-2.906137229e-07,0.0,0.0,0.0,0.0,-1.3896088079e-08,0.24197186574,0.0149293089,0.025093831424,0.02624841081
legionair140_sm,ok,,3.1984337985,283764722.3,44210.319744,157702.03022,11784331.146,284727.03669,24100441.103,0.0,0.0,0.0,-9.1079551239e-08,1.1944701286e-08,9.9126498434e-08,8.9187810533e-07,0.0,0.0,-2.543781463e-07,0.0,0.0,0.0,0.0,-6.4881641796e-08,0.24722259899,0.021373113641,0.011246139184,0.039430216209
lnv109a,ok,,3.2327130491,286805973.94,65572.551607,386415.85377,11665808.848,566411.27823,24377690.483,0.0,0.0,0.0,-7.0478092099e-08,1.1736413615e-08,2.1209422086e-07,1.069720043e-06,0.0,0.0,1.9836686115e-06,0.0,0.0,0.0,0.0,-5.6997917942e-08,0.23033365839,0.032518170749,-0.1300742124,0.070144272722
lg10sc,ok,,3.2043928807,284293411.47,68912.880502,209164.76052,11811972.137,405449.19829,24250977.465,0.0,0.0,0.0,-2.8415708823e-08,1.0480210809e-08,5.2863335546e-08,1.9918710652e-07,0.0,0.0,-5.2544056479e-07,0.0,0.0,0.0,0.0,-3.2225353927e-08,0.24510750485,0.0083200592247,0.036209622852,0.013726557269
lrn1015,ok,,3.2408243103,287525604.21,138428.13334,468073.35419,11739009.26,913098.47539,24664995.367,0.0,0.0,0.0,-4.2896303142e-08,1.0650327206e-08,2.1319492513e-08,4.2088130885e-07,0.0,0.0,-3.7853103801e-07,0.0,0.0,0.0,0.0,-2.3195007408e-08,0.24015933576,0.034098026985,0.052399345003,0.058261813942
lrn1007,ok,,3.1783482227,281982732.05,30603.095948,172256.56922,11626664.987,264883.27782,23488624.056,0.0,0.0,0.0,-1.7441828867e-07,1.3772047855e-08,-1.8721412703e-07,2.3690164723e-06,0.0,0.0,-4.1024330289e-06,0.0,0.0,0.0,0.0,-7.430523295e-08,0.24272466904,0.041439371934,0.1255471516,0.072499238404
ls013,ok,,3.2225976777,285908539.21,103874.55339,319729.88889,11811483.047,636650.26898,24528990.347,0.0,0.0,0.0,-2.5785937431e-15,9.9824371364e-09,4.182085225e-14,2.1516266682e-16,0.0,0.0,-3.9245547685e-07,0.0,0.0,0.0,0.0,-7.8498683585e-15,0.24485910416,4.1794944766e-10,0.040766137382,2.2349925922e-11
ls413,ok,,3.2302447949,286586990.68,104507.34428,329846.2814,11820611.228,652615.12471,24667261.606,0.0,0.0,0.0,-2.5211857379e-08,9.95641984e-09,-5.7702586074e-09,2.4690183021e-07,0.0,0.0,-4.2098882185e-07,0.0,0.0,0.0,0.0,-1.8080291229e-09,0.24486344366,0.016164736642,0.043996423744,0.025803054574
ls413mod,ok,,3.2312634794,286677368.26,101090.66686,328316.22166,11823735.881,640256.45725,24689723.08,0.0,0.0,0.0,-2.6248837179e-08,1.0131687355e-08,2.5782732167e-08,2.4944815811e-07,0.0,0.0,-9.4060254722e-08,0.0,0.0,0.0,0.0,-1.4470727576e-08,0.24412209487,0.014545483899,0.0095086138752,0.025216880651
ls417,ok,,3.2706865943,290174983.02,178564.20424,550835.61173,11846524.022,1127492.1014,25355430.712,0.0,0.0,0.0,-1.4679095898e-08,9.5502235962e-09,-4.6517877983e-09,1.4384500618e-07,0.0,0.0,-2.6625979072e-07,0.0,0.0,0.0,0.0,-6.1874292505e-10,0.24189025592,0.016381823668,0.047544467651,0.025685569063
ls417mod,ok,,3.278584878,290875717.94,173422.0433,550078.72462,11873785.93,1106284.8369,25539643.814,0.0,0.0,0.0,-1.7442843507e-08,9.4988584893e-09,1.0860456701e-08,1.4130753655e-07,0.0,0.0,-9.0658275656e-09,0.0,0.0,0.0,0.0,-5.5714779629e-09,0.23984202459,0.017819160646,0.0015722143406,0.024505841722
ls421,ok,,3.3129491429,293924512.05,267858.56956,809625.70524,11856656.703,1711577.4244,26050633.508,0.0,0.0,0.0,-9.5482559137e-09,9.1863324259e-09,-3.4107522437e-09,9.440207607e-08,0.0,0.0,-1.9787472715e-07,0.0,0.0,0.0,0.0,-4.6927961283e-10,0.23910982552,0.016150535398,0.053002441368,0.02528640506
ls421mod,ok,,3.3193424141,294491722.42,252148.67975,793536.1237,11872764.123,1648392.2075,26187293.535,0.0,0.0,0.0,-1.0449468219e-08,9.2083483764e-09,1.6813873866e-08,9.2741588699e-08,0.0,0.0,-2.9080152113e-08,0.0,0.0,0.0,0.0,-8.5558644145e-09,0.23723121732,0.013881997807,0.0073325219622,0.023384669148
lwk79100,ok,,3.1737614985,281575798.34,50818.520559,184836.9822,11693608.163,327166.10103,23546479.634,0.0,0.0,0.0,-2.0537278807e-14,1.0242880307e-08,3.5066635339e-15,2.0101476773e-13,0.0,0.0,1.349253674e-06,0.0,0.0,0.0,0.0,-1.8752761325e-14,0.24118377253,5.2393743979e-09,-0.068567075572,1.0215273106e-08
lwk80080,ok,,3.1770807259,281870279.86,41565.07119,127650.16453,11740367.172,249223.06265,23688704.467,0.0,0.0,0.0,-4.4244236787e-15,1.0441906162e-08,8.0198323564e-14,1.3645361948e-13,0.0,0.0,-1.602547774e-06,0.0,0.0,0.0,0.0,4.7183432377e-14,0.24735522914,4.0113679123e-09,0.06661001231,5.6717044079e-09
lwk80100,ok,,3.1893459577,282958449.99,64373.130513,197918.77471,11750306.906,389275.82056,23895281.368,0.0,0.0,0.0,2.1006643924e-12,1.0301416005e-08,-1.1800912573e-11,8.2908460452e-12,0.0,0.0,-1.0021593572e-06,0.0,0.0,0.0,0.0,5.0373433294e-12,0.24615523383,-3.3504812892e-07,0.064512135094,5.3370771453e-07
lwk80120k25,ok,,3.2036356997,284226234.44,92074.800721,282493.75057,11759303.097,561122.55686,24132239.96,0.0,0.0,0.0,4.970233237e-15,1.0146486212e-08,4.7243855499e-14,7.8734553667e-14,0.0,0.0,-7.0149562212e-07,0.0,0.0,0.0,0.0,3.1289847239e-14,0.24485744,1.5101596056e-09,0.064590069614,7.2494683387e-09
lwk80150k25,ok,,3.2307134437,286628569.15,140141.84542,430000.70808,11774127.225,871346.04221,24580004.44,0.0,0.0,0.0,2.4511293291e-14,9.8806632735e-09,1.6219317145e-13,9.9109622692e-14,0.0,0.0,-4.3485829917e-07,0.0,0.0,0.0,0.0,7.5458523671e-14,0.24286674713,-5.3892117531e-09,0.060941844544,1.3889405423e-08
m10,ok,,3.1778216876,281936017.91,25985.167696,86097.956419,11758453.038,158146.12322,23733482.164,0.0,0.0,0.0,-8.7481790653e-08,1.1408554676e-08,7.7159404316e-08,8.4540445034e-07,0.0,0.0,-1.6605092614e-06,0.0,0.0,0.0,0.0,-6.7591037624e-08,0.24854002941,0.011179482998,0.043148611619,0.021967976413
m1,ok,,3.1744022258,281632643.61,25616.371244,77437.776184,11760320.405,147538.40464,23687270.03,0.0,0.0,0.0,-2.4422161429e-14,1.0505340167e-08,-7.3521676196e-14,3.1019772927e-13,0.0,0.0,-1.6460511386e-06,0.0,0.0,0.0,0.0,-4.1809416336e-15,0.24884282929,3.4497081706e-09,0.042165857052,7.9461401922e-09
m11,ok,,3.173702366,281570552.12,43994.541682,142630.90586,11718536.385,264736.59252,23595442.997,0.0,0.0,0.0,-5.1942863917e-08,1.1008196152e-08,5.9996199374e-08,4.9088782186e-07,0.0,0.0,-8.8288515511e-07,0.0,0.0,0.0,0.0,-4.5943292934e-08,0.24479740215,0.010775350007,0.038842127757,0.02159638474
m13,ok,,3.18864273,282896059.7,26255.968629,110734.97322,11755996.657,184514.56792,23888750.139,0.0,0.0,0.0,-1.5461859683e-07,1.3334498728e-08,6.9007331356e-08,1.7153699949e-06,0.0,0.0,-1.9162769448e-06,0.0,0.0,0.0,0.0,-1.0352213656e-07,0.24787375767,0.02380341789,0.050313707347,0.045038700774
m12,ok,,3.2162174132,285342482.79,94536.904275,290598.06134,11808857.189,567540.96931,24427404.321,0.0,0.0,0.0,-2.6737920266e-08,1.0270287064e-08,1.7399142236e-08,2.4629029732e-07,0.0,0.0,-5.1669558805e-07,0.0,0.0,0.0,0.0,-1.6503635835e-08,0.24473630924,0.012883702414,0.048846801346,0.023283522262
m14,ok,,3.1994396177,283853958.47,44349.593528,165444.13783,11769251.08,293333.6109,24084538.824,0.0,0.0,0.0,-9.8548542222e-08,1.2043489101e-08,4.7700957573e-08,1.035157118e-06,0.0,0.0,-1.1330155356e-06,0.0,0.0,0.0,0.0,-6.2128131221e-08,0.2467090901,0.024419720067,0.050248778462,0.045908797422
m15,ok,,3.2265616748,286260224.64,95986.273698,316740.15359,11800154.74,604054.93955,24568944.065,0.0,0.0,0.0,-4.5924284221e-08,1.0898371105e-08,3.6816845611e-08,4.5710829667e-07,0.0,0.0,-5.3694039733e-07,0.0,0.0,0.0,0.0,-3.4355076202e-08,0.24422808349,0.022682502421,0.051538907937,0.043876122074
m16,ok,,3.1921024566,283203006.29,25756.7213,114546.93385,11758438.115,186927.84391,23938442.623,0.0,0.0,0.0,-1.557418066e-07,1.4805070821e-08,1.4653958063e-07,1.7645717073e-06,0.0,0.0,-1.7300481564e-06,0.0,0.0,0.0,0.0,-1.5220138532e-07,0.24805069122,0.022073292544,0.0445603682,0.045449581679
m17,ok,,3.2008655502,283980467.06,44051.272973,167919.96702,11764797.978,295489.28089,24092565.395,0.0,0.0,0.0,-9.8530730114e-08,1.305961976e-08,1.0807112905e-07,1.0282282301e-06,0.0,0.0,-1.0512562247e-06,0.0,0.0,0.0,0.0,-9.6681644974e-08,0.24656224026,0.022089155688,0.046309174917,0.045294762441
m18,ok,,3.2285131308,286433357.61,95157.627606,319139.65873,11794590.897,604988.95555,24585838.435,0.0,0.0,0.0,-4.8462754194e-08,1.116806222e-08,4.9633255807e-08,4.7708519519e-07,0.0,0.0,-5.1533726935e-07,0.0,0.0,0.0,0.0,-4.2226900236e-08,0.24395337032,0.023102669777,0.049038271968,0.04539829534
m19,ok,,3.2068294722,284509585.62,25487.436694,163205.62487,11734725.192,231503.55145,24108714.716,0.0,0.0,0.0,-1.8512050105e-07,1.7400796305e-08,9.5310784894e-08,2.6643561164e-06,0.0,0.0,-1.7184276579e-06,0.0,0.0,0.0,0.0,-1.670011229e-07,0.24633045442,0.03338304321,0.043798316145,0.067907607846
m2,ok,,3.1847371834,282549560.0,42107.926618,126129.18452,11776105.996,244901.03743,23876114.324,0.0,0.0,0.0,-1.8840906321e-15,1.037746617e-08,1.9271522427e-14,-7.3519100879e-15,0.0,0.0,-1.3622672428e-06,0.0,0.0,0.0,0.0,-2.489964153e-15,0.24777356867,3.1032471561e-10,0.057362249092,-3.0957369049e-10
m20,ok,,3.2196519102,285647191.02,44473.219317,214631.91773,11752369.519,345600.21188,24352147.126,0.0,0.0,0.0,-1.2613129323e-07,1.466696264e-08,8.0292303374e-08,1.5421278185e-06,0.0,0.0,-1.0525991767e-06,0.0,0.0,0.0,0.0,-1.0497320075e-07,0.24526185295,0.034739649407,0.046812474038,0.068583388688
m21,ok,,3.246729257,288049490.48,95065.451726,360489.51024,11778288.806,655132.43838,24834175.119,0.0,0.0,0.0,-6.5035162385e-08,1.2249864729e-08,6.0961451127e-08,7.0635394249e-07,0.0,0.0,-5.2263657143e-07,0.0,0.0,0.0,0.0,-5.7649975357e-08,0.24276941836,0.033486775062,0.049684681752,0.067149856621
m22,ok,,3.2143817982,285179627.22,26523.783256,174946.73878,11742425.228,245422.97681,24230236.131,0.0,0.0,0.0,-1.797863192e-07,1.8594850711e-08,1.3052588442e-07,2.6022079319e-06,0.0,0.0,-1.565514144e-06,0.0,0.0,0.0,0.0,-1.9015493162e-07,0.24626421276,0.032703054178,0.04152335784,0.069020399174
m23,ok,,3.2249638403,286118464.92,44588.361399,223492.47296,11750301.557,355178.4757,24423131.278,0.0,0.0,0.0,-1.261145857e-07,1.6036934651e-08,1.2160778552e-07,1.5582841385e-06,0.0,0.0,-1.0123963011e-06,0.0,0.0,0.0,0.0,-1.3302669479e-07,0.24525298476,0.033280986463,0.045141092152,0.069481336331
m24,ok,,3.2492116895,288269731.64,93671.653829,363495.32057,11767794.222,655978.80169,24847419.602,0.0,0.0,0.0,-6.7535316496e-08,1.2961727871e-08,8.4080260255e-08,7.2854397429e-07,0.0,0.0,-5.0322932753e-07,0.0,0.0,0.0,0.0,-7.1442184352e-08,0.24269487036,0.033002569917,0.047138323365,0.068243918959
m25,ok,,3.2378008784,287257365.64,26395.372152,253238.34515,11714986.582,311128.39794,24529660.448,0.0,0.0,0.0,-1.8525352416e-07,2.0433164882e-08,5.4752501256e-08,3.4652059404e-06,0.0,0.0,-1.5415382771e-06,0.0,0.0,0.0,0.0,-1.8064688299e-07,0.24420544795,0.044053627472,0.04068947651,0.09146540038
m26,ok,,3.2473654417,288105932.72,43948.902434,294515.70341,11713652.799,422421.43015,24689574.652,0.0,0.0,0.0,-1.3663808811e-07,1.7553216808e-08,7.7227398015e-08,2.0813184738e-06,0.0,0.0,-1.0177751139e-06,0.0,0.0,0.0,0.0,-1.322896461e-07,0.24348016516,0.044253761002,0.044730099178,0.091471662538
m27,ok,,3.2730829445,290387586.96,94021.738684,425498.31056,11738499.942,730562.00796,25157787.83,0.0,0.0,0.0,-8.0309681837e-08,1.4146175821e-08,7.0023847965e-08,9.7172094617e-07,0.0,0.0,-5.5759145683e-07,0.0,0.0,0.0,0.0,-7.6869145662e-08,0.24126492223,0.04526985661,0.052425718246,0.091362892875
m3,ok,,3.2133651124,285089426.96,94060.935183,282524.31391,11813778.736,555755.3018,24393383.809,0.0,0.0,0.0,-1.6720162913e-15,1.0038932622e-08,4.2263163283e-15,-8.1152781066e-15,0.0,0.0,-4.777892288e-07,0.0,0.0,0.0,0.0,-1.4060973931e-15,0.24488353649,7.3786863866e-10,0.044941301682,-7.6333064798e-10
m4,ok,,3.1813682516,282250668.71,26833.599738,90758.573275,11765138.874,165231.33622,23796309.951,0.0,0.0,0.0,-9.3770395215e-08,1.2216539487e-08,1.5095022806e-07,8.7025267755e-07,0.0,0.0,-1.6983533248e-06,0.0,0.0,0.0,0.0,-1.1390092316e-07,0.248610084,0.010818825615,0.04557293333,0.02335201202
m5,ok,,3.1943292878,283400570.53,46165.222637,147632.84794,11788741.218,277880.00255,24044471.396,0.0,0.0,0.0,-5.0524574561e-08,1.119245237e-08,8.6517830239e-08,4.6524565795e-07,0.0,0.0,-1.0250353336e-06,0.0,0.0,0.0,0.0,-6.2981733195e-08,0.24777188184,0.0097064317328,0.047320984385,0.02147816938
m6,ok,,3.2200477227,285682307.46,96280.418413,297572.77632,11813265.429,580785.32153,24494017.99,0.0,0.0,0.0,-2.6304482889e-08,1.0470885902e-08,4.3294843705e-08,2.4029860345e-07,0.0,0.0,-5.222274133e-07,0.0,0.0,0.0,0.0,-3.08168454e-08,0.24485817836,0.010898370011,0.05028027386,0.023136050084
m685,ok,,3.1935649646,283332759.84,69954.617384,218839.20978,11758246.197,418371.49907,23975852.854,0.0,0.0,0.0,-3.1110219158e-08,1.0638193075e-08,5.0190703029e-08,2.8501845921e-07,0.0,0.0,-7.1842405995e-07,0.0,0.0,0.0,0.0,-3.6686340336e-08,0.24355021458,0.0092797193366,0.050257080234,0.019938357261
m665,ok,,3.1721937382,281436706.81,40876.596061,129097.84188,11723764.172,242414.51152,23581725.244,0.0,0.0,0.0,-4.12372896e-08,1.0874916447e-08,6.6725181928e-08,3.7578496982e-07,0.0,0.0,-1.1638387556e-06,0.0,0.0,0.0,0.0,-4.9004998271e-08,0.24486052014,0.0070887022187,0.047573766693,0.015360810417
m8,ok,,3.2470650558,288079282.51,44734.960719,365542.40208,11673774.717,457148.29433,24619273.494,0.0,0.0,0.0,-1.2587989249e-07,1.5341046602e-08,3.2909551407e-07,2.2113120938e-06,0.0,0.0,2.1761144556e-06,0.0,0.0,0.0,0.0,-1.004353898e-07,0.23458202523,0.046876119958,-0.097348394693,0.098922959655
m7,ok,,3.2003726965,283936741.14,25972.046357,123500.46351,11770143.068,196465.81456,24078034.164,0.0,0.0,0.0,-1.8559521945e-07,1.7929936204e-08,2.2428839446e-07,2.0319840442e-06,0.0,0.0,-1.5265066335e-06,0.0,0.0,0.0,0.0,-2.097074275e-07,0.24686271665,0.026337440769,0.03964650105,0.052774783794
m9,ok,,3.2229478733,285939608.53,36516.338477,295534.18831,11667862.942,363879.21769,24234285.892,0.0,0.0,0.0,-1.3997872755e-07,1.5450853732e-08,3.6948754561e-07,2.3954350017e-06,0.0,0.0,2.8046954022e-06,0.0,0.0,0.0,0.0,-1.1136110033e-07,0.23635301201,0.041427034216,-0.10241720663,0.087472515321
ma409,ok,,3.176348036,281805275.69,27357.11245,117000.46281,11713040.053,189511.67863,23625848.468,0.0,0.0,0.0,-1.8768445065e-07,1.3559140967e-08,1.0960926651e-07,1.9315542081e-06,0.0,0.0,-5.8533682711e-07,0.0,0.0,0.0,0.0,-8.7196919617e-08,0.24698350683,0.031495706185,0.016013125401,0.052841745676
ma409sm,ok,,3.1792719414,282064684.28,27109.299684,115193.4239,11730745.311,187671.96507,23705081.475,0.0,0.0,0.0,-1.1829084472e-07,1.0295633445e-08,-2.6524868146e-08,1.4597282334e-06,0.0,0.0,-4.9997233944e-07,0.0,0.0,0.0,0.0,3.8085937837e-09,0.24606297588,0.022375764319,0.013553899983,0.039572210136
marsden,ok,,3.4262428618,303975919.3,361712.60288,1317861.5362,11700318.735,2751479.3065,27520923.636,0.0,0.0,0.0,-2.6627169051e-08,8.894964003e-09,2.3713028882e-08,2.8575758048e-07,0.0,0.0,6.3009367131e-08,0.0,0.0,0.0,0.0,-8.9673455636e-09,0.22655109656,0.067720144659,-0.022791282191,0.10336211823
marske2,ok,,3.2165549391,285372428.05,92241.848466,297377.64813,11793008.274,563622.04405,24402795.529,0.0,0.0,0.0,-3.2687078693e-08,1.0863983273e-08,1.0180772893e-07,2.0577281358e-07,0.0,0.0,5.209378613e-08,0.0,0.0,0.0,0.0,-5.5673641388e-08,0.23981451226,0.010909051288,-0.0048052271262,0.018980864688
marske1,ok,,3.2303730061,286598365.56,101343.17583,366520.08911,11768382.736,667687.36973,24559702.382,0.0,0.0,0.0,-3.0942581262e-08,1.0819530461e-08,1.0814283381e-07,2.634085291e-07,0.0,0.0,5.78338944e-07,0.0,0.0,0.0,0.0,-5.5028297143e-08,0.23743367222,0.011952864642,-0.05861070529,0.026694656879
marske5,ok,,3.2284463151,286427429.73,95555.489884,311442.49456,11818681.722,587334.03079,24640099.902,0.0,0.0,0.0,-3.9836950719e-08,1.1288981022e-08,1.2649097406e-07,2.5652185544e-07,0.0,0.0,1.4776478588e-07,0.0,0.0,0.0,0.0,-6.8147608951e-08,0.23841594457,0.013877714813,-0.014119736502,0.024512071563
marske3,ok,,3.2156545602,285292546.53,92870.946454,299695.20826,11787101.742,567734.0898,24376447.725,0.0,0.0,0.0,-3.4138913418e-08,1.0982201422e-08,1.0434530669e-07,2.1806575647e-07,0.0,0.0,1.5390489276e-08,0.0,0.0,0.0,0.0,-5.773917298e-08,0.24013274707,0.011522845754,-0.0014293293055,0.020251973193
marske4,ok,,3.204189172,284275338.45,66613.476501,219675.88472,11783510.681,405446.58125,24191718.793,0.0,0.0,0.0,-4.8128872826e-08,1.1562912758e-08,1.5126967841e-07,3.0946928648e-07,0.0,0.0,2.7414079525e-07,0.0,0.0,0.0,0.0,-8.2577842852e-08,0.24042496133,0.011477141928,-0.018261471423,0.020614825043
marske7,ok,,3.2140493702,285150134.24,87747.607866,289882.38396,11752843.352,563428.98749,24274067.241,0.0,0.0,0.0,-3.6249280363e-08,1.1023077338e-08,5.0838748555e-08,3.7451259648e-07,0.0,0.0,-8.3149544393e-07,0.0,0.0,0.0,0.0,-4.2916903749e-08,0.24613769606,0.014480804842,0.072961736157,0.032862584457
mb253515sm,ok,,3.2141839661,285162075.57,133451.1687,426923.0629,11707602.05,836440.34842,24193208.756,0.0,0.0,0.0,-2.2190615092e-08,1.0287645239e-08,1.3871175684e-08,2.1493766851e-07,0.0,0.0,-3.8930452205e-07,0.0,0.0,0.0,0.0,-1.3697834896e-08,0.24270624501,0.015782484302,0.051953143448,0.02868368306
mh102,ok,,3.2459455952,287979964.08,151864.06218,530278.14086,11750489.135,1000199.0239,24771190.937,0.0,0.0,0.0,-2.2357787326e-08,9.7598256233e-09,2.5753446037e-08,2.3589719576e-07,0.0,0.0,2.2751152044e-07,0.0,0.0,0.0,0.0,-9.8658781104e-09,0.23627287237,0.020032766738,-0.034550823687,0.035824306406
mh104,ok,,3.2176716322,285471500.96,121148.49366,417160.11455,11718565.414,782605.50158,24266821.905,0.0,0.0,0.0,-1.9073540699e-08,1.0204068967e-08,4.6557412579e-08,1.8083296857e-07,0.0,0.0,2.3328161506e-07,0.0,0.0,0.0,0.0,-2.3598733285e-08,0.23898479585,0.010517075658,-0.028261716262,0.021907641746
mh106,ok,,3.1968934901,283628066.29,88631.873981,305050.62416,11714064.906,562393.02457,23939830.126,0.0,0.0,0.0,-1.2658233579e-08,1.0218292263e-08,4.3095937536e-08,1.0612501708e-07,0.0,0.0,4.089323208e-07,0.0,0.0,0.0,0.0,-2.2748601065e-08,0.24070623377,0.0040400671566,-0.036244437924,0.0094060591403
mh108,ok,,3.1929448256,283277741.18,75357.378852,264405.61967,11723361.453,477437.4042,23898441.686,0.0,0.0,0.0,-1.5844504504e-08,1.0284621896e-08,5.7953464955e-08,1.3190420955e-07,0.0,0.0,7.3034221319e-07,0.0,0.0,0.0,0.0,-3.0083971021e-08,0.24029592625,0.004114203778,-0.055036674851,0.009939955491
mh112,ok,,3.2786429717,290880872.01,149944.02533,595071.74906,11739710.252,1087885.243,25262673.484,0.0,0.0,0.0,-4.8257217081e-08,9.5963622953e-09,2.6858643252e-09,5.8241251983e-07,0.0,0.0,-7.231609203e-08,0.0,0.0,0.0,0.0,-5.1294035249e-09,0.23561901838,0.051185178138,0.010843365935,0.087329277626
mh110,ok,,3.176033529,281777372.67,52587.414725,187265.38248,11699756.215,331502.51847,23594077.73,0.0,0.0,0.0,-1.9172141644e-08,1.0599427077e-08,9.6948320912e-08,1.2714370831e-07,0.0,0.0,1.0893234944e-06,0.0,0.0,0.0,0.0,-5.4119174335e-08,0.24188660689,0.0020166706451,-0.057284706372,0.0066861589186
mh113,ok,,3.2545480552,288743173.47,122105.87221,493977.45385,11725553.34,882321.41152,24856772.774,0.0,0.0,0.0,-5.6189287841e-08,9.8582092528e-09,2.6886654382e-09,6.726257144e-07,0.0,0.0,-9.5276389984e-08,0.0,0.0,0.0,0.0,-6.171800368e-09,0.23743007238,0.048285568127,0.0116338067,0.082131549526
mh114,ok,,3.2337718997,286899915.05,97685.731156,405308.53392,11708995.598,708467.64344,24500368.642,0.0,0.0,0.0,-6.7079069861e-08,1.0066368735e-08,-6.0767243223e-09,8.0431942369e-07,0.0,0.0,-2.1032250983e-07,0.0,0.0,0.0,0.0,-6.2807175425e-09,0.23931182797,0.046459435554,0.020545508151,0.078570530986
mh115,ok,,3.2053158487,284375297.07,70185.462714,296270.09764,11690405.15,503779.98951,24024870.665,0.0,0.0,0.0,-8.0030648892e-08,1.0355555489e-08,4.6527047535e-09,9.5050735155e-07,0.0,0.0,-1.3961478847e-07,0.0,0.0,0.0,0.0,-8.7553671405e-09,0.24030521832,0.039258686456,0.0097989285302,0.066711798281
mh116,ok,,3.1810719334,282224379.38,58281.415075,224711.98452,11671171.523,392542.13691,23616601.205,0.0,0.0,0.0,-7.2979748061e-08,1.0453681367e-08,-6.4679309634e-09,8.324628469e-07,0.0,0.0,-3.795995704e-07,0.0,0.0,0.0,0.0,-7.3481023478e-09,0.24190690626,0.027950096824,0.022123600125,0.048517112715
mh117,ok,,3.1732275043,281528422.44,55267.420845,202293.9317,11674087.263,357513.70939,23502925.697,0.0,0.0,0.0,-5.402773997e-08,1.0471458078e-08,2.8164203714e-08,5.9129241717e-07,0.0,0.0,3.0221094611e-07,0.0,0.0,0.0,0.0,-1.1157111603e-08,0.241040881,0.018354485503,-0.016702419542,0.032679206862
mh120,ok,,3.1594202059,280303440.32,38205.471092,134939.56339,11656165.972,243718.50623,23258378.432,0.0,0.0,0.0,-6.0974270667e-08,9.796257714e-09,-1.190040429e-07,7.0622111848e-07,0.0,0.0,-1.4202858529e-06,0.0,0.0,0.0,0.0,4.8333768757e-08,0.24451883361,0.017743438001,0.054262690096,0.026981510527
mh121,ok,,3.1649832716,280796994.94,46135.496964,161202.40195,11659658.77,294549.43847,23349303.123,0.0,0.0,0.0,-5.8313849001e-08,9.8498303462e-09,-1.0964958511e-07,6.7342847528e-07,0.0,0.0,-1.5450578726e-06,0.0,0.0,0.0,0.0,3.6747637127e-08,0.244697202,0.019827265886,0.071282012789,0.031068957377
mh122,ok,,3.1736400638,281565024.67,52879.922148,187486.5601,11672968.736,341399.95025,23506261.229,0.0,0.0,0.0,-6.2275624729e-08,9.8082227308e-09,-9.5635339096e-08,7.0738446314e-07,0.0,0.0,-1.3280787962e-06,0.0,0.0,0.0,0.0,2.7789111863e-08,0.24442158842,0.023581926041,0.070228703349,0.037406435339
mh126,ok,,3.3666066069,298684996.81,364194.34532,1223740.256,11670893.511,2565406.835,26506223.409,0.0,0.0,0.0,-2.1699422941e-08,9.0336651331e-09,-2.4841170871e-10,2.4623586017e-07,0.0,0.0,-1.43087688e-07,0.0,0.0,0.0,0.0,-6.3714720469e-09,0.22997610375,0.051924156694,0.052111726855,0.08967770789
mh18,ok,,3.1815751663,282269026.16,75523.480791,259841.20551,11667623.799,481915.64959,23615210.955,0.0,0.0,0.0,-4.3239315134e-08,1.101950138e-08,4.704172525e-08,4.5565388836e-07,0.0,0.0,-4.9580552412e-07,0.0,0.0,0.0,0.0,-3.661825796e-08,0.24212573686,0.016570200565,0.037444958977,0.034412567685
mh200,ok,,3.1895613036,282977555.45,103583.50722,332381.6558,11672597.376,642343.14988,23747926.731,0.0,0.0,0.0,-2.4901962153e-08,1.0189709407e-08,-1.2120975386e-08,2.3888140036e-07,0.0,0.0,-5.7583569587e-07,0.0,0.0,0.0,0.0,-1.1376892474e-09,0.24155217417,0.015819090327,0.059647080961,0.024744173258
mh201,ok,,3.1988057786,283797724.33,104813.74983,341447.00657,11698998.77,655262.04786,23941664.468,0.0,0.0,0.0,-3.1015445354e-08,1.0047470802e-08,-1.3201011705e-08,2.9140079333e-07,0.0,0.0,-3.9257850016e-07,0.0,0.0,0.0,0.0,6.6063978041e-10,0.24087457736,0.020427520894,0.041147624704,0.030542809852
mh20,ok,,3.16169463,280505226.99,47249.958997,167155.40444,11651775.656,300461.20439,23283958.795,0.0,0.0,0.0,-5.0319862162e-08,1.1163130223e-08,8.4103274974e-08,5.2944291581e-07,0.0,0.0,7.4054902969e-09,0.0,0.0,0.0,0.0,-4.9843780144e-08,0.24231608441,0.011492823053,-0.00034990911288,0.025016156063
mh22,ok,,3.148730814,279355078.56,28772.989357,106996.32536,11638117.341,184664.04501,23063293.043,0.0,0.0,0.0,-7.2818594007e-08,1.133443352e-08,1.2319338069e-07,7.6913572209e-07,0.0,0.0,1.1923615479e-06,0.0,0.0,0.0,0.0,-6.0580842114e-08,0.24258834725,0.010734469656,-0.034307806126,0.022130333945
mh23,ok,,3.1597730072,280334740.82,45387.807753,139019.48498,11677656.455,263686.88751,23308265.433,0.0,0.0,0.0,-3.9032637012e-08,1.0721214157e-08,1.0887000841e-08,3.4785028328e-07,0.0,0.0,-2.0262825717e-06,0.0,0.0,0.0,0.0,-2.3296738422e-08,0.24429452905,0.0087920180095,0.091968523816,0.015788161784
mh24,ok,,3.1672499059,280998090.51,58514.664638,175830.79813,11689486.673,339119.05725,23444515.59,0.0,0.0,0.0,-3.1158682844e-08,1.0610267626e-08,1.8371701228e-09,2.6785063553e-07,0.0,0.0,-1.9281435731e-06,0.0,0.0,0.0,0.0,-1.7354404096e-08,0.24444469567,0.0091282158039,0.11282467455,0.015673190111
mh25,ok,,3.1755732164,281736533.77,72922.126541,216337.77894,11702420.951,422365.64393,23596445.131,0.0,0.0,0.0,-2.7737835227e-08,1.0525500882e-08,-6.4819546231e-09,2.3944557721e-07,0.0,0.0,-1.8036825693e-06,0.0,0.0,0.0,0.0,-1.335587447e-08,0.24466420025,0.01033567749,0.13152836856,0.017460880681
mh26,ok,,3.1838646165,282472145.95,89279.377313,261382.21743,11714602.981,516176.40758,23747149.632,0.0,0.0,0.0,-2.3421841861e-08,1.043400842e-08,-1.0914164955e-08,2.0303460621e-07,0.0,0.0,-1.6612357229e-06,0.0,0.0,0.0,0.0,-1.0050415616e-08,0.2448856847,0.010819684985,0.14831409091,0.018126803216
mh27,ok,,3.1924085177,283230160.0,107278.43287,310262.12445,11726827.254,619055.55062,23902392.364,0.0,0.0,0.0,-1.9392944646e-08,1.0352757193e-08,-1.1602259947e-08,1.6669915984e-07,0.0,0.0,-1.5255906604e-06,0.0,0.0,0.0,0.0,-8.1235402499e-09,0.24511814412,0.01077290953,0.16366297525,0.017883224628
mh30,ok,,3.1539399352,279817231.26,37233.64782,128865.81949,11651819.441,230361.91247,23169992.286,0.0,0.0,0.0,-5.7699169059e-08,1.0698894093e-08,2.9522002105e-08,5.8307992322e-07,0.0,0.0,-4.8406857445e-08,0.0,0.0,0.0,0.0,-1.7693220211e-08,0.24244018174,0.012303749013,0.0018023638822,0.021710192512
mh32,ok,,3.1608878663,280433651.0,45136.961322,160294.9116,11655287.678,285413.26253,23281190.779,0.0,0.0,0.0,-6.4143020596e-08,1.0786918109e-08,3.4108155877e-08,6.5768502458e-07,0.0,0.0,-9.7077512527e-08,0.0,0.0,0.0,0.0,-2.1735737123e-08,0.24185841555,0.016807514449,0.0043817839281,0.029685903516
mh33,ok,,3.1505834879,279519447.6,33702.957259,110125.72293,11655744.32,200246.62608,23127248.83,0.0,0.0,0.0,-4.2956110715e-08,1.0639652426e-08,2.1554591421e-08,3.9998030873e-07,0.0,0.0,-4.4579037145e-07,0.0,0.0,0.0,0.0,-1.5813876608e-08,0.24291744523,0.0078326547649,0.015024453835,0.013480519249
mh38,ok,,3.1675575704,281025386.47,52588.204103,214734.69603,11621715.8,364745.31796,23314765.17,0.0,0.0,0.0,-7.4593709251e-08,1.0777557866e-08,2.3964684988e-08,8.9365571785e-07,0.0,0.0,-4.7818988876e-08,0.0,0.0,0.0,0.0,-1.6997220209e-08,0.24048438045,0.025717789881,0.002514714747,0.046995749288
mh42,ok,,3.1586582783,280235842.18,44900.542208,160817.682,11648418.885,285240.23698,23232952.722,0.0,0.0,0.0,-5.0123703531e-08,1.0871596441e-08,6.7365655014e-08,5.1666570783e-07,0.0,0.0,4.9786096449e-07,0.0,0.0,0.0,0.0,-3.3587395044e-08,0.24139914046,0.011985692168,-0.02235422725,0.023198570422
mh43,ok,,3.1475050092,279246325.28,40035.206551,146080.63174,11615156.156,255695.23946,23002050.053,0.0,0.0,0.0,-5.1679908831e-08,1.0905583585e-08,6.9952946261e-08,5.4470616561e-07,0.0,0.0,6.6161400295e-07,0.0,0.0,0.0,0.0,-3.3972433449e-08,0.24050550696,0.011125983085,-0.026487853265,0.02180742385
mh44,ok,,3.1763603383,281806367.15,53180.389489,183321.37491,11705790.214,332724.78804,23611663.075,0.0,0.0,0.0,-3.655308884e-08,1.0688616517e-08,6.6900036242e-08,3.6827681127e-07,0.0,0.0,4.4861950105e-07,0.0,0.0,0.0,0.0,-3.3425679391e-08,0.24274556513,0.009463598713,-0.023857759798,0.019585104263
mh46,ok,,3.1491257214,279390114.7,61993.576465,251111.44237,11548523.481,421949.71272,22894069.836,0.0,0.0,0.0,-3.1625666148e-08,1.0874853871e-08,1.0045135242e-07,3.7230605172e-07,0.0,0.0,1.1429107914e-06,0.0,0.0,0.0,0.0,-4.7555413601e-08,0.23433890697,0.0086457458596,-0.07085312754,0.023080583686
mh45,ok,,3.1582775533,280202064.3,50865.913294,189945.10746,11630280.184,329613.26435,23192021.961,0.0,0.0,0.0,-4.0713290252e-08,1.0864867049e-08,9.2633203922e-08,4.2883212441e-07,0.0,0.0,1.0785396591e-06,0.0,0.0,0.0,0.0,-4.1948497813e-08,0.23887378577,0.010118747686,-0.054860904784,0.021812937658
mh49,ok,,3.1704283691,281280083.44,53452.19007,205740.96924,11654574.695,357653.05071,23417167.083,0.0,0.0,0.0,-1.2015887991e-08,1.0495413008e-08,8.6254422877e-08,1.5163091283e-07,0.0,0.0,1.3154894296e-06,0.0,0.0,0.0,0.0,-4.7027928807e-08,0.24096952196,0.00024455849574,-0.070315791024,0.0081050043729
mh60,ok,,3.1607705882,280423246.1,54254.112306,200348.86034,11632955.279,350797.34305,23234735.395,0.0,0.0,0.0,-4.0742414227e-08,1.0873595962e-08,8.6651497112e-08,4.2930211729e-07,0.0,0.0,8.3097151938e-07,0.0,0.0,0.0,0.0,-4.0448220752e-08,0.2391614838,0.010901066498,-0.045083622135,0.023291405285
mh61,ok,,3.1583391293,280207527.31,56702.194942,203262.06037,11621609.584,363586.52252,23175886.956,0.0,0.0,0.0,-3.1048408113e-08,1.0756154405e-08,6.4793680294e-08,3.3970124803e-07,0.0,0.0,3.7125682607e-07,0.0,0.0,0.0,0.0,-3.3965084908e-08,0.24035858784,0.0083218246807,-0.021051076925,0.019261806388
mh62,ok,,3.1524134493,279681801.59,46037.912486,170830.93527,11620176.61,296418.26751,23085217.225,0.0,0.0,0.0,-4.3311142277e-08,1.0876090126e-08,8.6314831239e-08,4.5871435846e-07,0.0,0.0,1.0318704833e-06,0.0,0.0,0.0,0.0,-3.9094095894e-08,0.23945631096,0.010064714459,-0.047505163006,0.021118251491
mh64,ok,,3.1432761874,278871144.64,39148.984089,146376.01577,11601312.271,251297.1825,22913130.782,0.0,0.0,0.0,-4.5889962015e-08,1.087592207e-08,8.5418567708e-08,4.892513969e-07,0.0,0.0,1.2899866342e-06,0.0,0.0,0.0,0.0,-3.7134985312e-08,0.23936713106,0.0092990827772,-0.050501666217,0.019153695153
mh70,ok,,3.1859369553,282656003.64,68912.343985,252681.65382,11688844.66,449955.65961,23724322.928,0.0,0.0,0.0,-5.3661909227e-08,1.0881334395e-08,7.0735058299e-08,5.5366744074e-07,0.0,0.0,3.9399642796e-07,0.0,0.0,0.0,0.0,-3.3051869595e-08,0.23916080465,0.020593353792,-0.027151217372,0.03815452113
mh78,ok,,3.2204931629,285721826.88,105265.917,388348.92981,11731551.975,693017.27844,24338788.562,0.0,0.0,0.0,-2.5757927427e-08,1.0482603968e-08,1.0217883935e-07,2.1062525344e-07,0.0,0.0,7.35061742e-07,0.0,0.0,0.0,0.0,-5.1363711664e-08,0.23248499556,0.0095876880459,-0.077376948321,0.022171660447
mh80,ok,,3.1891109053,282937596.16,80610.174045,306608.9796,11662398.038,533381.18317,23719421.663,0.0,0.0,0.0,-4.1398567182e-08,1.1229481015e-08,1.2712448649e-07,3.8476915509e-07,0.0,0.0,9.2226693904e-07,0.0,0.0,0.0,0.0,-6.0591642031e-08,0.23433678259,0.014523352433,-0.074344098472,0.031016308559
mh81,ok,,3.1917565801,283172320.16,82669.027725,323180.16592,11653871.466,557169.66621,23742887.674,0.0,0.0,0.0,-4.7640175701e-08,1.141487077e-08,1.3229030142e-07,4.6867724002e-07,0.0,0.0,9.4933962556e-07,0.0,0.0,0.0,0.0,-5.9325649585e-08,0.23333001445,0.01885218198,-0.078480983827,0.03874509175
mh82,ok,,3.1951333579,283471907.54,85206.984661,343049.66733,11644589.247,585840.29275,23775930.906,0.0,0.0,0.0,-5.2494292831e-08,1.1540602733e-08,1.3483292995e-07,5.4111166397e-07,0.0,0.0,9.4870902099e-07,0.0,0.0,0.0,0.0,-5.7205069807e-08,0.23224460027,0.022996562295,-0.080836634999,0.046106493252
mh83,ok,,3.1671881242,280992609.24,76075.746016,364451.89329,11501613.75,569976.26577,23077184.746,0.0,0.0,0.0,-6.9663324369e-08,1.1716643345e-08,1.5308878487e-07,8.3038469108e-07,0.0,0.0,1.3127834162e-06,0.0,0.0,0.0,0.0,-4.8398747085e-08,0.22582760438,0.033502892355,-0.099870977747,0.063172134855
mh84,ok,,3.1766271566,281830039.24,80969.976957,383550.71289,11533864.147,601576.49327,23282516.22,0.0,0.0,0.0,-6.1730871659e-08,1.1003445995e-08,1.3687764563e-07,7.3569027027e-07,0.0,0.0,1.3883823249e-06,0.0,0.0,0.0,0.0,-3.6913504936e-08,0.22414215977,0.032174769265,-0.11241728485,0.059568824231
mh91,ok,,3.2105810699,284842426.98,125462.60795,422538.53794,11701477.521,795993.84214,24126507.709,0.0,0.0,0.0,-1.4704089606e-08,1.0116462238e-08,5.1984625044e-08,1.0422169206e-07,0.0,0.0,1.4330070357e-07,0.0,0.0,0.0,0.0,-2.8133664014e-08,0.23600371887,0.0064225774083,-0.017978879991,0.01307592529
mh93,ok,,3.2206386579,285734735.17,143500.1219,478447.34122,11706125.139,912390.00382,24290418.43,0.0,0.0,0.0,-1.1989606921e-08,1.0000921858e-08,4.8929514706e-08,7.7631633064e-08,0.0,0.0,6.9967787966e-08,0.0,0.0,0.0,0.0,-2.676410178e-08,0.23566427334,0.0051876573793,-0.010040386102,0.011140148808
mh92,ok,,3.2156563897,285292708.85,134322.79832,450176.23621,11704093.011,853324.63939,24209661.624,0.0,0.0,0.0,-1.3350134792e-08,1.0059546902e-08,5.0509609149e-08,9.0984603322e-08,0.0,0.0,1.064150888e-07,0.0,0.0,0.0,0.0,-2.7489124901e-08,0.23581784183,0.0058637313401,-0.014293972511,0.012221306522
mh94,ok,,3.2344648972,286961397.73,157876.37163,492670.10225,11771784.007,972837.53913,24638480.826,0.0,0.0,0.0,-1.1388399178e-08,9.6514009104e-09,-1.0522643616e-09,8.7184106356e-08,0.0,0.0,-1.6399511305e-07,0.0,0.0,0.0,0.0,-1.7604535505e-10,0.23774779369,0.011038345041,0.025890953414,0.013764310375
mh95,ok,,3.2348632024,286996735.32,164358.32849,498496.46969,11778262.154,997864.335,24659519.531,0.0,0.0,0.0,-1.2842475926e-08,9.7533239153e-09,4.8762059195e-09,9.6206230029e-08,0.0,0.0,-3.2438117287e-07,0.0,0.0,0.0,0.0,-5.1259206008e-09,0.23888586626,0.01159346998,0.053314747366,0.015812295158
mi-strut1,ok,,3.4718027396,308017987.03,636380.44625,1824391.1344,11871822.891,4249868.1366,28708027.161,0.0,0.0,0.0,6.8053344084e-15,7.8053041613e-09,7.323953371e-15,-3.1421950059e-14,0.0,0.0,-7.6672539869e-08,0.0,0.0,0.0,0.0,1.4307673467e-14,0.22407488386,-1.5296737965e-08,0.048792905137,-1.9996314601e-08
miley,ok,,3.2166069323,285377040.89,77445.030164,334408.86203,11668486.839,578311.51419,24135485.257,0.0,0.0,0.0,-6.5994895913e-08,1.2488051927e-08,1.3179824576e-07,7.7616155807e-07,0.0,0.0,4.6867322145e-07,0.0,0.0,0.0,0.0,-6.5334529631e-08,0.24078107231,0.029110648643,-0.036296411772,0.060109855277
mi-vawt1,ok,,3.3350735293,295887385.36,262176.60315,801489.22929,11956154.39,1678200.7787,26621212.005,0.0,0.0,0.0,-2.0669096826e-09,8.9356841663e-09,2.8022556354e-09,1.7722214329e-08,0.0,0.0,-2.045614163e-08,0.0,0.0,0.0,0.0,-1.4204122483e-09,0.23774613809,0.002901982786,0.0053631217262,0.004646349953
mrc-16,ok,,3.2255848626,286173561.96,122621.48421,390196.36956,11775835.601,762983.66394,24507266.181,0.0,0.0,0.0,-3.1107605167e-08,1.0262975086e-08,1.0715921064e-08,3.0618530176e-07,0.0,0.0,-4.4793112597e-07,0.0,0.0,0.0,0.0,-1.495766125e-08,0.24278322304,0.020966661809,0.054925979488,0.037544896144
mrc-20,ok,,3.2339045672,286911685.3,152507.3188,464323.14462,11770338.519,936759.43277,24626398.419,0.0,0.0,0.0,-2.6495555849e-08,1.0107153721e-08,-3.9843304814e-09,2.4051703801e-07,0.0,0.0,-6.3850790833e-07,0.0,0.0,0.0,0.0,-9.8287352076e-09,0.24287327696,0.022585779176,0.097377129131,0.036680608592
ms313,ok,,3.2317287436,286718646.45,108541.75213,339452.1648,11828160.91,672656.79978,24706008.27,0.0,0.0,0.0,-1.986274785e-08,9.944335314e-09,4.82435873e-09,1.7865456997e-07,0.0,0.0,-2.9407655601e-07,0.0,0.0,0.0,0.0,-4.7587266605e-09,0.24411142343,0.012579546719,0.031919584651,0.019391480052
mue139,ok,,3.2548265961,288767885.58,99627.248917,390620.07165,11826628.106,686854.77163,25067589.457,0.0,0.0,0.0,-5.2188099578e-08,1.0759057034e-08,1.0325823138e-07,5.7580151765e-07,0.0,0.0,7.3060056477e-07,0.0,0.0,0.0,0.0,-3.7574535537e-08,0.23575567139,0.029781613869,-0.072787724326,0.057365521125
ms317,ok,,3.2710236052,290204882.59,176970.56465,548331.27044,11855947.759,1116378.4903,25380366.617,0.0,0.0,0.0,-1.1872893979e-08,9.5227148778e-09,1.7882201227e-09,1.0388019599e-07,0.0,0.0,-1.5566809268e-07,0.0,0.0,0.0,0.0,-2.0190076389e-09,0.24100950066,0.012711481208,0.02754867026,0.01838373694
n0009sm,ok,,3.1790182675,282042178.36,51669.731184,162620.37717,11740712.1,305549.71128,23720608.63,0.0,0.0,0.0,3.3763910432e-15,1.0292571898e-08,4.1646541454e-14,-5.0675961112e-14,0.0,0.0,-2.0359408449e-07,0.0,0.0,0.0,0.0,1.6536891172e-14,0.24414606978,2.0197628599e-10,0.010519651616,-2.6184132882e-09
n0011sc,ok,,3.2095523725,284751161.06,94951.504309,11823074.311,268488.57708,535410.90602,24355389.927,0.0,0.0,0.0,2.6535583845e-15,9.9898748449e-09,-7.5405206603e-15,6.1762611295e-14,0.0,0.0,-1.2536003485e-06,0.0,0.0,0.0,0.0,1.6336819827e-14,0.24330729717,7.0744329803e-10,0.11903123889,5.8644528526e-09
n10,ok,,3.2201526357,285691615.34,80651.447035,275111.28227,11803798.502,511138.21976,24479447.041,0.0,0.0,0.0,-9.76582148e-08,1.3863986003e-08,1.2202053433e-07,8.2222678736e-07,0.0,0.0,-2.6471188236e-07,0.0,0.0,0.0,0.0,-7.664051828e-08,0.24520006663,0.040374785486,0.02134939636,0.066313780192
n0012,ok,,3.2163702677,285356044.03,90992.085153,281351.21433,11823676.098,546071.84477,24459349.758,0.0,0.0,0.0,-1.340406916e-13,9.9555448308e-09,7.9284445101e-13,-3.6612989875e-13,0.0,0.0,-1.2666672488e-07,0.0,0.0,0.0,0.0,-2.4751070875e-13,0.24350615304,4.028388986e-08,0.011525669417,-3.3314922924e-08
n11,ok,,3.2216984439,285828759.28,76909.022222,277254.59553,11792404.808,503509.64884,24480932.668,0.0,0.0,0.0,-9.9121917152e-08,1.3457393598e-08,1.0256954765e-07,9.1096596451e-07,0.0,0.0,-2.8009224848e-07,0.0,0.0,0.0,0.0,-6.9041546541e-08,0.24468654542,0.041453995131,0.021541620963,0.070061501607
n11h9,ok,,3.1899355344,283010757.17,44783.913631,184848.63669,11693008.908,319980.81102,23781277.574,0.0,0.0,0.0,-1.0690604614e-07,1.4657449745e-08,1.7745683083e-07,1.1436248829e-06,0.0,0.0,-6.0329474465e-07,0.0,0.0,0.0,0.0,-1.2898154283e-07,0.24304257591,0.024219012282,0.027017899739,0.051215997981
n12,ok,,3.1873945245,282785319.03,71031.173369,217939.4276,11745187.455,418314.22713,23858075.152,0.0,0.0,0.0,-1.6829420279e-09,1.024443045e-08,4.013343079e-09,1.0410266496e-08,0.0,0.0,-5.4801633584e-07,0.0,0.0,0.0,0.0,-2.5516957559e-09,0.2443692497,0.00044315677089,0.03892624336,0.00073945344429
n13,ok,,3.1974639146,283678674.3,92838.068366,280296.79954,11755939.101,546613.89945,24034243.524,0.0,0.0,0.0,1.0947107149e-10,1.0145931295e-08,-2.2436635476e-09,-3.7592260562e-09,0.0,0.0,-5.9184089189e-07,0.0,0.0,0.0,0.0,1.4219125494e-09,0.24384758783,0.00012968907835,0.054945365183,-0.00034899928561
n14,ok,,3.1986369889,283782749.34,91329.96791,275201.65163,11763446.168,536485.48015,24067464.162,0.0,0.0,0.0,-4.0911444584e-10,1.0112043743e-08,-2.9253651852e-10,5.630467227e-09,0.0,0.0,-5.9720978826e-07,0.0,0.0,0.0,0.0,-9.8703600165e-11,0.2433707283,0.00020659673857,0.054543150797,0.00051423039116
n1h15,ok,,3.2331934858,286848598.23,124300.33319,471575.55026,11619895.126,886486.15065,24296169.411,0.0,0.0,0.0,-4.3293509468e-08,1.1206921045e-08,7.8966684198e-09,5.2519078352e-07,0.0,0.0,-7.446226393e-07,0.0,0.0,0.0,0.0,-3.2080633711e-08,0.24214242582,0.031519279593,0.092556842165,0.065281389379
n22,ok,,3.2347341338,286985284.36,94917.760714,329198.50979,11820893.56,612305.33252,24740934.49,0.0,0.0,0.0,-8.9834143241e-08,1.3760255684e-08,1.2074239787e-07,7.7914823674e-07,0.0,0.0,-1.0383269159e-07,0.0,0.0,0.0,0.0,-7.0392128724e-08,0.24399530609,0.044574442654,0.0098555665747,0.073955005896
n24,ok,,3.2979550482,292594237.48,175433.68585,598500.63246,11873654.165,1163785.7282,25849908.046,0.0,0.0,0.0,-6.4953511971e-08,1.3241107491e-08,9.1445742196e-08,5.7322017871e-07,0.0,0.0,-6.1907902365e-08,0.0,0.0,0.0,0.0,-5.1342468079e-08,0.24067120078,0.061442085286,0.010860731495,0.10056212875
n2414,ok,,3.2374868033,287229500.93,123336.53438,386382.51143,11839760.226,755462.66951,24822034.101,0.0,0.0,0.0,-1.9197873007e-08,9.8193007395e-09,6.3745743409e-09,1.9484660315e-07,0.0,0.0,-1.4146302459e-07,0.0,0.0,0.0,0.0,-5.2610031516e-09,0.24183708124,0.013542317612,0.017447559196,0.024031704768
n2h15,ok,,3.2417167878,287604784.73,129283.35981,453311.64843,11693779.56,875178.70747,24577594.142,0.0,0.0,0.0,-3.4243442002e-08,1.1001030202e-08,2.298278689e-08,4.0594126052e-07,0.0,0.0,-7.8003579387e-07,0.0,0.0,0.0,0.0,-3.5424597905e-08,0.24401643285,0.022426300218,0.1008456482,0.052481450046
n2415,ok,,3.2472859247,288098877.98,141352.3818,439826.91815,11849499.029,867638.7686,24996095.784,0.0,0.0,0.0,-1.6772986107e-08,9.7075458466e-09,5.5110543878e-09,1.6950592785e-07,0.0,0.0,-1.3474082945e-07,0.0,0.0,0.0,0.0,-4.6357425364e-09,0.24096035581,0.013583941992,0.01904593717,0.023960066632
n5h10,ok,,3.1741087126,281606603.14,59473.011866,196863.82017,11671623.145,371982.75649,23507085.75,0.0,0.0,0.0,-4.3467925185e-08,1.1286993519e-08,6.4356640892e-08,4.1333385014e-07,0.0,0.0,-1.2587211731e-06,0.0,0.0,0.0,0.0,-5.4402655067e-08,0.2445357736,0.011225357973,0.074859939263,0.024582208974
n5h15,ok,,3.2204521712,285718190.1,140321.77673,455936.80791,11682115.13,897138.64632,24232724.351,0.0,0.0,0.0,-2.182091695e-08,1.0549694058e-08,3.3907543352e-08,2.1999788185e-07,0.0,0.0,-5.1797893606e-07,0.0,0.0,0.0,0.0,-2.764938796e-08,0.24236779946,0.01357305196,0.072683724617,0.030870493658
n5h20,ok,,3.2759052507,290637981.68,234225.71027,749612.41952,11677786.169,1533137.6644,25081441.641,0.0,0.0,0.0,-2.0916399995e-08,1.0355058033e-08,3.0255625509e-08,1.9950726654e-07,0.0,0.0,-3.7477303527e-07,0.0,0.0,0.0,0.0,-2.5143872507e-08,0.2390846762,0.022887528269,0.087781480378,0.04672973121
n63012a,ok,,3.1952129746,283478971.13,84976.744775,266057.76246,11740136.469,517608.86137,23965032.397,0.0,0.0,0.0,-3.5853172001e-15,1.0193222172e-08,-5.63007102e-14,6.7409320588e-14,0.0,0.0,-4.7509262903e-07,0.0,0.0,0.0,0.0,-3.0916807268e-15,0.24428089958,1.4648737881e-09,0.040371825082,5.728224631e-09
n63015a,ok,,3.2207452241,285744189.71,131116.00751,408076.87606,11759647.394,808981.21787,24396532.87,0.0,0.0,0.0,-7.1884935573e-17,9.9440368997e-09,6.3479370474e-14,-2.3862667518e-14,0.0,0.0,-3.0545881693e-07,0.0,0.0,0.0,0.0,-7.1949201993e-15,0.24260002308,-1.3539132887e-09,0.040050540536,-3.1287776937e-09
n63010a,ok,,3.1793353797,282070312.52,59382.201272,186694.67959,11721500.043,358902.93729,23686265.83,0.0,0.0,0.0,-5.7067918745e-16,1.0351151697e-08,-1.134697874e-14,2.7582328302e-14,0.0,0.0,-6.9140502363e-07,0.0,0.0,0.0,0.0,1.9314698738e-15,0.24518013074,3.7477980678e-10,0.041057152274,1.6378993708e-09
n63210,ok,,3.1527105999,279708164.76,54929.152338,187594.7134,11614751.103,343662.63488,23078443.687,0.0,0.0,0.0,-2.3215542089e-08,1.0405407447e-08,-6.0934305448e-09,2.3537351012e-07,0.0,0.0,-2.3046346285e-07,0.0,0.0,0.0,0.0,1.7418043023e-09,0.2404612358,0.0081222557447,0.012659162659,0.012928867393
n63212,ok,,3.1732976853,281534648.89,78150.870534,265269.69656,11645897.405,494462.07378,23446861.985,0.0,0.0,0.0,-1.6208435893e-08,1.0239792433e-08,-2.529149266e-09,1.6556829131e-07,0.0,0.0,-1.1337186675e-07,0.0,0.0,0.0,0.0,6.1859052707e-10,0.24020721872,0.0080879296725,0.0088601100808,0.012939306099
n63215,ok,,3.2016188943,284047303.68,119909.3047,404366.98302,11667887.183,770452.28455,23918323.075,0.0,0.0,0.0,-1.0512244765e-08,9.9871463798e-09,-8.1276234605e-10,1.0739638567e-07,0.0,0.0,-4.8523163713e-08,0.0,0.0,0.0,0.0,1.5273158407e-10,0.23890537728,0.0081272956795,0.0058183788225,0.012877825932
n63215b,ok,,3.2057340934,284412403.72,130038.74067,441222.51737,11674549.235,828938.36237,23998558.351,0.0,0.0,0.0,-1.4634168958e-08,9.8308119007e-09,2.1588824522e-08,1.0811950099e-07,0.0,0.0,1.5343777244e-07,0.0,0.0,0.0,0.0,-1.014932454e-08,0.23295332058,0.010171695233,-0.019952854698,0.01405972375
n63415,ok,,3.2050322431,284350135.63,119947.41366,410107.47682,11669897.399,778114.4306,23974502.683,0.0,0.0,0.0,-2.0802622019e-08,9.9602747804e-09,-2.0638179564e-09,2.1477938143e-07,0.0,0.0,-6.5882514431e-08,0.0,0.0,0.0,0.0,2.9772245141e-10,0.23890815864,0.016242167263,0.0079024372116,0.025762231311
n63412,ok,,3.1794527336,282080724.15,78094.516905,270847.48409,11657083.327,502135.15964,23561907.191,0.0,0.0,0.0,-3.1917643924e-08,1.020192388e-08,-5.0862461837e-09,3.3196466334e-07,0.0,0.0,-1.4339941056e-07,0.0,0.0,0.0,0.0,8.5138474599e-10,0.24069824377,0.016129875197,0.011198707692,0.025924620013
n64012,ok,,3.1745375467,281644649.26,78819.437204,259997.37981,11655386.644,492922.68864,23483615.579,0.0,0.0,0.0,-4.7745803899e-15,1.0271289886e-08,1.0369518671e-13,-9.6099780335e-14,0.0,0.0,-3.2748614902e-07,0.0,0.0,0.0,0.0,-2.1027841647e-14,0.24120702317,-1.4663597102e-10,0.025812273958,-7.5745306014e-09
n64012a,ok,,3.1940630845,283376953.0,85066.512965,263452.22238,11736598.62,516362.18199,23940248.566,0.0,0.0,0.0,-4.7045414329e-15,1.0217745485e-08,-4.1697998377e-14,1.5708228563e-14,0.0,0.0,-6.5962112246e-07,0.0,0.0,0.0,0.0,-8.3407288023e-15,0.24461536668,1.3757287862e-09,0.056111668765,1.3362442287e-09
n64008a,ok,,3.1639431209,280704712.88,38155.575361,119173.6282,11697173.315,228235.00132,23405871.526,0.0,0.0,0.0,4.5331194094e-15,1.0511808449e-08,3.0091385479e-13,2.7031616223e-13,0.0,0.0,-1.5157811506e-06,0.0,0.0,0.0,0.0,8.5614701458e-14,0.24603803807,3.7730335489e-09,0.057835501922,1.0314068699e-08
n64015,ok,,3.2018631101,284068970.48,121181.94331,398235.65887,11674986.723,770063.52161,23935446.645,0.0,0.0,0.0,-2.8411195545e-15,1.002259603e-08,2.0005865149e-14,8.8655085532e-14,0.0,0.0,-1.9332115463e-07,0.0,0.0,0.0,0.0,-1.8648344302e-15,0.23989531252,1.8433430325e-09,0.023427033202,1.0743395549e-08
n64015a,ok,,3.2190015641,285589492.38,131432.14316,404639.86258,11754437.282,807826.1584,24358564.477,0.0,0.0,0.0,4.9599843233e-15,9.9782300875e-09,1.1538504989e-14,1.346858978e-14,0.0,0.0,-4.2541799689e-07,0.0,0.0,0.0,0.0,5.7701944747e-15,0.24305536096,-2.8738477161e-09,0.055913599068,1.7702056201e-09
n64108,ok,,3.1389751897,278489560.56,35653.491255,118900.63683,11602355.939,218953.43588,22850362.643,0.0,0.0,0.0,-1.8144468095e-08,1.0581625468e-08,-7.8717012361e-09,1.8240566508e-07,0.0,0.0,-9.1538179091e-07,0.0,0.0,0.0,0.0,1.0550874419e-09,0.24188974687,0.0040286740134,0.032636556678,0.0065033987847
n64110,ok,,3.1571237148,280099695.87,55272.444158,183375.40678,11633734.747,342679.28071,23180467.214,0.0,0.0,0.0,-1.1642081201e-08,1.0427634042e-08,-4.3119936844e-09,1.1756449914e-07,0.0,0.0,-5.2135930924e-07,0.0,0.0,0.0,0.0,5.1266377696e-10,0.24176483182,0.0040319732035,0.028816803306,0.0064980772137
n6409,ok,,3.2068179507,284508563.43,51124.587502,244414.1411,11709053.378,392200.97954,24083634.992,0.0,0.0,0.0,-1.088977328e-07,1.1205018681e-08,-2.2689524025e-08,1.4166666808e-06,0.0,0.0,-8.4287837303e-07,0.0,0.0,0.0,0.0,-2.6284002772e-08,0.24279251117,0.040211288139,0.043091809135,0.072426499684
n64212,ok,,3.1757214617,281749686.08,78825.493296,262019.23069,11656048.129,495422.04177,23502921.121,0.0,0.0,0.0,-1.6182173369e-08,1.0258871399e-08,-5.3021450358e-09,1.6444848487e-07,0.0,0.0,-3.4033233304e-07,0.0,0.0,0.0,0.0,5.1238300291e-10,0.24120997417,0.0080782360496,0.026826864036,0.012962732942
n64212mb,ok,,3.1929648848,283279520.83,86469.653917,289410.9873,11711065.045,540882.65579,23875262.531,0.0,0.0,0.0,-2.2167960575e-08,1.017304726e-08,3.0671901833e-08,1.6689522714e-07,0.0,0.0,1.4497614732e-07,0.0,0.0,0.0,0.0,-1.5172916145e-08,0.23852387336,0.010033446969,-0.012536037285,0.014431372531
n64212ma,ok,,3.2037381544,284235324.22,84980.893914,282931.18888,11743396.271,534368.19976,24103676.538,0.0,0.0,0.0,-3.8740260879e-08,1.0387528617e-08,4.5432948439e-08,3.3649434111e-07,0.0,0.0,-5.8350846853e-08,0.0,0.0,0.0,0.0,-2.6028194381e-08,0.23734043896,0.017403924713,0.0049587071262,0.028595589904
n64215,ok,,3.2030480531,284174098.5,121186.16807,400116.14903,11675753.193,772628.22719,23955129.399,0.0,0.0,0.0,-1.0478854484e-08,1.0013479034e-08,-2.7318625659e-09,1.0650884538e-07,0.0,0.0,-1.9860476377e-07,0.0,0.0,0.0,0.0,1.3195581493e-10,0.23989977584,0.0081207173007,0.024068150282,0.012907398837
n66021,ok,,3.2637858495,289562749.63,265480.12423,797133.47612,11675638.826,1676004.0281,24892182.579,0.0,0.0,0.0,-6.0606437228e-15,9.666538217e-09,-1.9914942844e-14,1.0003339358e-13,0.0,0.0,-4.4000538924e-07,0.0,0.0,0.0,0.0,-1.1143051283e-15,0.2406212342,9.7082839154e-09,0.1168126854,2.6556877756e-08
n6h10,ok,,3.1863069097,282688825.95,57446.082984,226260.0647,11641975.795,401166.32076,23622644.441,0.0,0.0,0.0,-8.1381597649e-08,1.3667715639e-08,1.0453415985e-07,8.4538876416e-07,0.0,0.0,-1.3061160051e-06,0.0,0.0,0.0,0.0,-1.025954124e-07,0.24318643358,0.022677679268,0.075031248417,0.048564273099
n642415,ok,,3.2064303241,284474173.24,121205.08615,405873.94681,11677468.196,780312.35726,24010453.102,0.0,0.0,0.0,-2.0737764099e-08,9.9869589944e-09,-5.8848985126e-09,2.130316611e-07,0.0,0.0,-2.1440860326e-07,0.0,0.0,0.0,0.0,2.68259477e-10,0.23989562805,0.01623215076,0.025987413231,0.025820520837
n6h20,ok,,3.2926969403,292127738.68,237345.21661,796698.02412,11637691.289,1612821.9532,25252322.927,0.0,0.0,0.0,-2.7110815436e-08,1.0941174232e-08,3.7945183028e-08,2.6833722255e-07,0.0,0.0,-3.7620211353e-07,0.0,0.0,0.0,0.0,-3.3008982949e-08,0.23900378431,0.031095378681,0.089289772125,0.063688556211
n6h15,ok,,3.229150324,286489889.33,138298.10535,468595.32897,11667802.895,910926.28397,24332642.923,0.0,0.0,0.0,-3.5915518163e-08,1.1418777353e-08,5.3627533801e-08,3.4388132395e-07,0.0,0.0,-5.7219461659e-07,0.0,0.0,0.0,0.0,-4.4790336086e-08,0.24171112046,0.022894073273,0.079133431366,0.047558135568
n9,ok,,3.1952284074,283480340.33,45712.563297,157605.33621,11781796.469,286318.45699,24048792.059,0.0,0.0,0.0,-1.3239703145e-07,1.4321803044e-08,1.8041359649e-07,1.1013001219e-06,0.0,0.0,-1.9619714998e-07,0.0,0.0,0.0,0.0,-1.0673665176e-07,0.24679136252,0.030394360051,0.0089686746369,0.05034325153
n8h12,ok,,3.1969502878,283633105.38,74466.500034,278446.37851,11690398.945,501116.77427,23887836.44,0.0,0.0,0.0,-5.1304440062e-08,1.1718344923e-08,1.1814832038e-07,5.3470050805e-07,0.0,0.0,2.7838443791e-07,0.0,0.0,0.0,0.0,-6.3834297427e-08,0.24042952369,0.018037423417,-0.020730314755,0.039817275401
naca0006,ok,,3.1665496755,280935966.14,22445.287386,71543.423339,11731820.483,132247.70811,23512869.578,0.0,0.0,0.0,3.1834639316e-14,1.0546904701e-08,1.0295369928e-13,9.2524087855e-14,0.0,0.0,-1.498761807e-07,0.0,0.0,0.0,0.0,9.6795152313e-14,0.24798799468,-1.0355793791e-09,0.0033640139482,2.076729742e-09
naca0008,ok,,3.1814113944,282254496.33,40084.35976,126478.71105,11762772.439,237796.43592,23799659.259,0.0,0.0,0.0,-1.6657430229e-14,1.0379738142e-08,3.7483581309e-15,1.9008158958e-13,0.0,0.0,-1.1535689808e-07,0.0,0.0,0.0,0.0,-2.7147574983e-14,0.24703423098,2.3663242047e-09,0.0046240074034,7.6192988203e-09
naca000834,ok,,3.1711315509,281342469.66,42434.216227,125229.54116,11723937.047,246864.82891,23567595.276,0.0,0.0,0.0,-2.2329511963e-15,1.0566239313e-08,5.3511548867e-14,-2.6493254783e-13,0.0,0.0,-2.7694841341e-06,0.0,0.0,0.0,0.0,-3.4033978791e-15,0.24902085172,3.4201496631e-10,0.11752088858,-1.124220502e-08
naca0010,ok,,3.196449688,283588692.22,62757.677515,196427.01663,11786877.803,374438.27039,24078072.442,0.0,0.0,0.0,1.8744673768e-14,1.0199855464e-08,1.6341681629e-13,1.6836997067e-13,0.0,0.0,-1.2359601148e-07,0.0,0.0,0.0,0.0,3.4746225639e-14,0.24559285877,-3.82348237e-09,0.0077565986306,1.0566508323e-08
naca001034,ok,,3.1825467571,282355225.6,66482.298842,195178.50692,11735301.678,388467.27407,23763848.601,0.0,0.0,0.0,-5.0727101886e-16,1.0450881051e-08,1.1244537564e-13,5.02113223e-14,0.0,0.0,-1.7887342017e-06,0.0,0.0,0.0,0.0,-2.3281805485e-15,0.24835315504,-2.7557855159e-11,0.11891916175,3.3381641344e-09
naca001034a08cli0.2,ok,,3.1850346107,282575947.72,66490.696065,198386.45456,11738492.247,392683.62019,23808080.091,0.0,0.0,0.0,-2.4234257694e-08,1.0441975679e-08,-2.5099895243e-08,2.40204559e-07,0.0,0.0,-1.8141844969e-06,0.0,0.0,0.0,0.0,-1.7651497539e-09,0.24820334693,0.0093443596018,0.12062638999,0.015971368326
naca001035,ok,,3.1819299785,282300505.06,71107.721898,201621.87742,11734545.126,406983.91128,23753811.2,0.0,0.0,0.0,-3.368164799e-15,1.0498276904e-08,1.1707902292e-13,2.0272450411e-13,0.0,0.0,-2.9947076127e-06,0.0,0.0,0.0,0.0,-3.3750887707e-15,0.24937408749,1.0282469343e-09,0.21294683609,1.441527766e-08
naca001064,ok,,3.1941293441,283382831.54,70049.760306,204551.12841,11780435.628,404941.22198,24030157.85,0.0,0.0,0.0,-4.656114202e-15,1.0257516869e-08,1.206279509e-13,3.4963625832e-14,0.0,0.0,-1.3090308924e-06,0.0,0.0,0.0,0.0,-1.1985638103e-14,0.24648974951,6.8911976649e-10,0.091697300243,2.4491936089e-09
naca001065,ok,,3.1945466368,283419853.71,76365.028989,213982.88666,11783565.784,429789.53651,24043933.943,0.0,0.0,0.0,6.3240096225e-15,1.028699706e-08,1.6930765025e-13,-2.0128505187e-15,0.0,0.0,-2.288169214e-06,0.0,0.0,0.0,0.0,5.0018060623e-16,0.24733987779,-2.6648219196e-09,0.17473610836,-1.5371138821e-10
naca001066,ok,,3.2003102469,283931200.61,86056.17004,237349.57272,11801762.076,473883.17317,24170872.982,0.0,0.0,0.0,5.6461839174e-15,1.0258308858e-08,1.8592822799e-13,1.5015255582e-13,0.0,0.0,-2.6533343585e-06,0.0,0.0,0.0,0.0,9.542634041e-15,0.24795228043,-1.5543681059e-09,0.22833579273,1.2921553875e-08
naca001234,ok,,3.1956660569,283519168.55,95792.938661,279974.55006,11745652.151,562408.1884,23985270.735,0.0,0.0,0.0,-1.3407805601e-15,1.0322389041e-08,1.2832939723e-13,2.3749805872e-13,0.0,0.0,-1.2597407647e-06,0.0,0.0,0.0,0.0,-2.6308867506e-16,0.24758529577,7.17432447e-10,0.1206742698,2.2750636972e-08
naca001264,ok,,3.2103435582,284821354.98,100814.66154,292541.80717,11802302.038,586224.37382,24324415.615,0.0,0.0,0.0,-6.8781631985e-16,1.0081488209e-08,1.762474458e-13,2.206419824e-13,0.0,0.0,-9.3783717785e-07,0.0,0.0,0.0,0.0,2.457372089e-15,0.24522630921,7.5648070244e-10,0.094547737666,2.2243946777e-08
naca001264a08cli0.2,ok,,3.1991456076,283827873.93,85765.207797,248034.86495,11773055.649,497302.34338,24093586.035,0.0,0.0,0.0,-3.1771970078e-08,1.0639105887e-08,9.9563094202e-09,2.4664625187e-07,0.0,0.0,-1.7693919669e-06,0.0,0.0,0.0,0.0,-2.4001204119e-08,0.24716001394,0.012852078905,0.15175226972,0.021153667044
naca0015,ok,,3.2417684279,287609366.22,140505.11662,431297.22989,11840359.803,852982.81656,24891492.768,0.0,0.0,0.0,-2.0761227737e-15,9.6983772878e-09,-4.212653336e-14,-6.0384080208e-14,0.0,0.0,-1.2114002553e-07,0.0,0.0,0.0,0.0,-1.1237698512e-14,0.24140708812,-5.4312597664e-10,0.017020793414,-8.4842722313e-09
naca0021,ok,,3.3083012337,293512150.01,271326.07079,813282.48239,11881092.397,1691790.0528,26035654.859,0.0,0.0,0.0,-2.029649905e-15,9.0577746474e-09,-5.2656618333e-14,-6.9201868361e-14,0.0,0.0,-1.0683095713e-07,0.0,0.0,0.0,0.0,-2.0124404879e-14,0.23582509451,-4.5952228472e-09,0.028986023836,-1.8776271034e-08
naca0018,ok,,3.2735460297,290428671.83,201009.53839,609755.44838,11864540.647,1235802.0413,25444180.213,0.0,0.0,0.0,3.8910932419e-15,9.3797340848e-09,-2.7642984786e-15,-4.2092255911e-14,0.0,0.0,-1.1426813566e-07,0.0,0.0,0.0,0.0,2.7276002866e-15,0.2386596444,-4.0041532466e-09,0.022968985203,-8.4609449305e-09
naca0024,ok,,3.3456943796,296829666.12,350974.19982,1039624.8749,11889035.874,2222285.788,26658625.075,0.0,0.0,0.0,1.8389126342e-14,8.7380233404e-09,-2.4062268656e-14,-2.2892174035e-14,0.0,0.0,-9.9749058014e-08,0.0,0.0,0.0,0.0,4.118209937e-14,0.23294368813,-1.9547261858e-08,0.035009345819,-8.034562464e-09
naca1412,ok,,3.2141580709,285159778.16,90325.665652,282542.39789,11809264.479,544710.24739,24396754.287,0.0,0.0,0.0,-1.3232958379e-08,1.0026757554e-08,5.1104297398e-09,1.3335904954e-07,0.0,0.0,-1.340878232e-07,0.0,0.0,0.0,0.0,-3.6979627559e-09,0.24396902016,0.0067167246686,0.012111571886,0.01204574492
naca1408,ok,,3.18226951,282330628.26,40096.41601,128643.22525,11762239.03,240255.33701,23811613.156,0.0,0.0,0.0,-2.9795255718e-08,1.0432687695e-08,1.2412363362e-08,3.0330963881e-07,0.0,0.0,-1.568880332e-07,0.0,0.0,0.0,0.0,-8.2742495751e-09,0.24700774712,0.0066674610635,0.0062906478463,0.012161629458
naca1410,ok,,3.1973511268,283668667.78,62955.253615,199088.35649,11786060.245,378183.38759,24090184.542,0.0,0.0,0.0,-1.8813103329e-08,1.0230173917e-08,7.4708171621e-09,1.8998841518e-07,0.0,0.0,-1.4041916384e-07,0.0,0.0,0.0,0.0,-5.125895188e-09,0.24556727401,0.0066387893575,0.0088401240722,0.011960768862
naca16006,ok,,3.1623137506,280560155.31,25989.274815,74070.029552,11716435.092,146401.19459,23419420.779,0.0,0.0,0.0,4.2850470367e-15,1.0656773668e-08,1.2145279352e-13,-3.1154680783e-13,0.0,0.0,-7.6667662151e-06,0.0,0.0,0.0,0.0,7.4803485966e-15,0.24957546669,-3.5401793242e-10,0.19925369411,-8.0968756066e-09
naca16012,ok,,3.1998716985,283892292.65,104887.19646,294430.51605,11765872.368,599268.28518,24091488.338,0.0,0.0,0.0,3.9321268935e-15,1.0302325228e-08,2.2632980873e-13,2.2821155039e-13,0.0,0.0,-1.917905285e-06,0.0,0.0,0.0,0.0,2.3339043824e-15,0.24819834807,-2.0092600745e-09,0.20116370843,2.3936469721e-08
naca16009,ok,,3.1816059068,282271753.45,59576.70285,167813.19077,11751816.164,337965.54987,23782354.479,0.0,0.0,0.0,2.2284907983e-14,1.0456676304e-08,1.098459064e-13,-1.2266132197e-13,0.0,0.0,-3.3891163689e-06,0.0,0.0,0.0,0.0,8.7056009987e-14,0.24868438252,-2.1475611758e-10,0.20191237883,-7.3077571301e-09
naca16015,ok,,3.2243938385,286067894.42,163316.61677,455018.99868,11787878.537,942037.98681,24516133.918,0.0,0.0,0.0,-1.8763960923e-15,1.008838571e-08,1.0833207142e-15,1.8144430699e-14,0.0,0.0,-1.2414331059e-06,0.0,0.0,0.0,0.0,-4.1650149962e-15,0.24732821508,7.9721883326e-10,0.2027466548,2.9632870349e-09
naca16018,ok,,3.252642066,288574074.3,233810.75891,646366.04517,11807157.003,1363529.9566,24998607.001,0.0,0.0,0.0,-7.0324506956e-15,9.857885377e-09,3.8347868951e-14,3.7171757687e-14,0.0,0.0,-8.7483012698e-07,0.0,0.0,0.0,0.0,2.1581937592e-16,0.2464334024,9.6614766728e-09,0.20454469591,8.6911568748e-09
naca16021,ok,,3.2843334694,291385732.39,315799.50867,865748.86842,11822573.274,1864808.6095,25533128.155,0.0,0.0,0.0,-9.9069254821e-15,9.6165554409e-09,3.2807252318e-15,1.8636615825e-13,0.0,0.0,-6.5315831887e-07,0.0,0.0,0.0,0.0,1.5414513092e-14,0.24554074248,2.5532617236e-08,0.20626707618,5.8854341208e-08
naca23012,ok,,3.2207279932,285742660.99,90836.781843,282142.43969,11832400.861,547495.5152,24544831.435,0.0,0.0,0.0,-2.6003903199e-08,1.0328692112e-08,5.4168688542e-08,1.8631476935e-07,0.0,0.0,-1.2749383238e-07,0.0,0.0,0.0,0.0,-3.0055350688e-08,0.24294307561,0.010242188221,0.011581129438,0.016924234058
naca23015,ok,,3.2458589634,287972278.13,140608.61909,432095.32683,11849293.806,855770.6982,24974097.255,0.0,0.0,0.0,-1.694567675e-08,9.9377689778e-09,3.6108488169e-08,1.1890656621e-07,0.0,0.0,-1.2214383153e-07,0.0,0.0,0.0,0.0,-1.9827548593e-08,0.24093195753,0.010416626292,0.017174475482,0.016719288075
naca23018,ok,,3.2774147739,290771906.43,201028.12174,609641.54063,11873913.5,1237893.7287,25525385.913,0.0,0.0,0.0,-1.1969328795e-08,9.5448646815e-09,2.6263472074e-08,8.1774101436e-08,0.0,0.0,-1.1388802882e-07,0.0,0.0,0.0,0.0,-1.4169504318e-08,0.23819859388,0.010642114842,0.022894696522,0.016438894018
naca23021,ok,,3.3125592887,293889924.22,271393.71082,812082.81931,11892889.622,1693785.125,26129190.81,0.0,0.0,0.0,-9.0268644466e-09,9.1748187344e-09,2.0660172312e-08,5.965447943e-08,0.0,0.0,-1.0688592938e-07,0.0,0.0,0.0,0.0,-1.0902696468e-08,0.23528746305,0.010948550378,0.029008169009,0.016189850539
naca23024,ok,,3.3422962829,296528187.34,351855.01919,1041478.9904,11877996.354,2222501.3971,26579815.587,0.0,0.0,0.0,-7.0565095951e-09,8.8295078589e-09,1.6561327288e-08,4.5049422357e-08,0.0,0.0,-1.0542679562e-07,0.0,0.0,0.0,0.0,-8.6261858124e-09,0.23099665856,0.011259019364,0.037094947196,0.015850865368
naca2408,ok,,3.1847331035,282549198.03,40102.03103,135176.56857,11760028.759,247576.06005,23845003.914,0.0,0.0,0.0,-5.7762857256e-08,1.0585056046e-08,2.0282820155e-08,6.0601989354e-07,0.0,0.0,-2.7968312087e-07,0.0,0.0,0.0,0.0,-1.5989676422e-08,0.24694422208,0.013323343117,0.011215861192,0.024302628575
naca2410,ok,,3.199808109,283886650.99,62798.555944,204855.78496,11784547.009,384401.13979,24125195.027,0.0,0.0,0.0,-3.7321593375e-08,1.0324929472e-08,1.3628798689e-08,3.853732163e-07,0.0,0.0,-1.878287126e-07,0.0,0.0,0.0,0.0,-1.0371225866e-08,0.24549731634,0.013367952082,0.011795371916,0.024200881484
naca2411,ok,,3.1998398989,283889471.39,75961.437573,251906.90673,11758433.585,469861.31277,24074829.339,0.0,0.0,0.0,-3.8209902592e-08,1.0237251324e-08,1.0781410671e-08,3.9738736665e-07,0.0,0.0,-1.9393628128e-07,0.0,0.0,0.0,0.0,-9.604102448e-09,0.24230383655,0.016860285801,0.014731678723,0.030186115644
naca2412,ok,,3.2166625348,285381973.94,90257.355725,288419.83579,11807633.495,551843.16534,24432436.35,0.0,0.0,0.0,-2.6124015445e-08,1.0086776282e-08,9.1155986896e-09,2.67487093e-07,0.0,0.0,-1.532315076e-07,0.0,0.0,0.0,0.0,-7.1175833487e-09,0.24393362605,0.013458451817,0.01383027069,0.024142677704
naca2415,ok,,3.2450322947,287898936.16,140487.47376,438859.4518,11838342.209,863009.56849,24938416.926,0.0,0.0,0.0,-1.6844793156e-08,9.7457119324e-09,5.6785692726e-09,1.7030298819e-07,0.0,0.0,-1.3096413463e-07,0.0,0.0,0.0,0.0,-4.6896355524e-09,0.2413383457,0.013560703123,0.018398820427,0.023925436585
naca2418,ok,,3.2767823794,290715800.45,201135.00963,617113.77717,11862907.386,1246820.4287,25492128.387,0.0,0.0,0.0,-1.179485938e-08,9.4094515442e-09,3.8934325334e-09,1.177331051e-07,0.0,0.0,-1.1798382308e-07,0.0,0.0,0.0,0.0,-3.4115174488e-09,0.23858344312,0.013691505568,0.023730677391,0.023680249228
naca2421,ok,,3.3115652536,293801733.53,271445.38807,820271.10357,11879978.244,1703134.638,26085642.962,0.0,0.0,0.0,-8.754329509e-09,9.0755480168e-09,2.8363645799e-09,8.6328551911e-08,0.0,0.0,-1.0705744418e-07,0.0,0.0,0.0,0.0,-2.6138671896e-09,0.23571986963,0.013860725595,0.029060249482,0.023433487275
naca2424,ok,,3.3407448537,296390544.68,351845.2931,1050553.8499,11859278.099,2232892.7269,26514758.08,0.0,0.0,0.0,-6.815364634e-09,8.765436131e-09,2.1292496784e-09,6.562157478e-08,0.0,0.0,-1.058376392e-07,0.0,0.0,0.0,0.0,-2.1469990912e-09,0.23154126937,0.01410831903,0.037238475184,0.023088642212
naca4412,ok,,3.2265027854,286254999.97,90597.829865,313856.65654,11800263.345,583456.1429,24570768.228,0.0,0.0,0.0,-4.9238734753e-08,1.0307117703e-08,1.2057300943e-08,5.3106910908e-07,0.0,0.0,-2.4072168462e-07,0.0,0.0,0.0,0.0,-1.3539023472e-08,0.24368062044,0.026805418612,0.021808862228,0.048113708791
naca4415,ok,,3.2473917328,288108265.26,142073.92242,467267.70418,11806988.177,900693.53538,24912199.011,0.0,0.0,0.0,-3.2254733016e-08,9.8616595153e-09,6.1964525454e-09,3.378700522e-07,0.0,0.0,-1.8784464636e-07,0.0,0.0,0.0,0.0,-8.343866275e-09,0.23962243791,0.027252400082,0.026687825715,0.048002523586
naca4421,ok,,3.3202368232,294571074.3,271953.69796,839547.72624,11875250.518,1735480.2798,26214938.118,0.0,0.0,0.0,-1.7164384768e-08,9.1429039034e-09,4.9892018813e-09,1.7238829022e-07,0.0,0.0,-1.1779909768e-07,0.0,0.0,0.0,0.0,-5.1638470977e-09,0.23562758333,0.027679195473,0.032035900231,0.046881633009
naca4418,ok,,3.2860090681,291534391.34,201360.64957,638620.58798,11857016.923,1278504.327,25626461.356,0.0,0.0,0.0,-2.2954660499e-08,9.4989837248e-09,6.6502555224e-09,2.3524514796e-07,0.0,0.0,-1.326544677e-07,0.0,0.0,0.0,0.0,-6.6554488621e-09,0.23840138435,0.027321152771,0.026711389784,0.047369115802
naca4424,ok,,3.3499074853,297203452.43,352607.08868,1067726.0275,11860204.453,2266127.5715,26664517.553,0.0,0.0,0.0,-1.3385499084e-08,8.8020888802e-09,3.7929907359e-09,1.3095892558e-07,0.0,0.0,-1.0888460419e-07,0.0,0.0,0.0,0.0,-4.1516619678e-09,0.23132279372,0.028159642751,0.038393483285,0.046177045486
naca63206,ok,,3.1164318497,276489517.71,19870.79803,70200.729187,11515957.904,123359.31469,22314406.958,0.0,0.0,0.0,-6.3884998461e-08,1.0716260766e-08,-2.2063947625e-08,6.39633433e-07,0.0,0.0,-1.0375055641e-06,0.0,0.0,0.0,0.0,4.9908127063e-09,0.24000457499,0.0080285746825,0.02061606352,0.01271002676
naca63209,ok,,3.1445071932,278980359.35,44682.336324,153363.69084,11603226.964,278939.83729,22934294.81,0.0,0.0,0.0,-2.8515660123e-08,1.0487393207e-08,-7.1214887111e-09,2.899493057e-07,0.0,0.0,-3.1754633757e-07,0.0,0.0,0.0,0.0,1.6906249994e-09,0.24082932218,0.0080677263441,0.014188712254,0.012955612394
naca632615,ok,,3.2106775803,284850989.38,119964.36409,419783.47337,11672840.69,790852.02305,24067029.079,0.0,0.0,0.0,-3.0666672707e-08,9.9152280384e-09,-4.2269881222e-09,3.2224287645e-07,0.0,0.0,-9.3583189458e-08,0.0,0.0,0.0,0.0,4.770635737e-10,0.23890850499,0.024342940733,0.011226647813,0.038657661756
naca632a015,ok,,3.2209773306,285764782.18,131669.40533,410863.82357,11754541.236,813864.3607,24390629.647,0.0,0.0,0.0,-1.6010709016e-08,1.012294115e-08,2.9705017732e-08,1.1506503216e-07,0.0,0.0,-3.0626256647e-07,0.0,0.0,0.0,0.0,-1.7980887225e-08,0.24113545179,0.0095038744979,0.040325410001,0.015150544358
naca633018,ok,,3.2248470064,286108099.43,170449.02958,572095.73876,11654897.457,1108663.5656,24246384.081,0.0,0.0,0.0,5.6057023345e-15,9.7458345517e-09,-8.9594747067e-15,1.0019330952e-14,0.0,0.0,-2.887799303e-08,0.0,0.0,0.0,0.0,9.3092729706e-15,0.23630124773,-3.7760077882e-09,0.0049222258882,1.7077852378e-09
naca633218,ok,,3.2326070011,286796565.37,169842.0428,571307.34082,11672105.828,1111945.2283,24399147.616,0.0,0.0,0.0,-7.5866736976e-09,9.7198302688e-09,5.8967840924e-10,7.6780267454e-08,0.0,0.0,-1.8779612165e-08,0.0,0.0,0.0,0.0,-4.2785229377e-10,0.2370674523,0.0083231831493,0.0031895676931,0.013040517471
naca633418,ok,,3.2296122314,286530869.7,169985.6394,576675.21673,11659875.33,1115896.3692,24329724.246,0.0,0.0,0.0,-1.4726155188e-08,9.7026787711e-09,-1.0099898021e-09,1.503238874e-07,0.0,0.0,-3.8175295674e-08,0.0,0.0,0.0,0.0,1.2300967862e-10,0.23611267442,0.016465273688,0.0064892520445,0.025552902117
naca633618,ok,,3.2406327329,287508607.48,169271.35021,582129.37148,11682249.176,1126492.5205,24544680.275,0.0,0.0,0.0,-2.1802825434e-08,9.6672905878e-09,-1.1191896623e-09,2.2725169042e-07,0.0,0.0,-4.5785552908e-08,0.0,0.0,0.0,0.0,-1.7519090073e-10,0.2371749357,0.024513914009,0.007750182361,0.038467200476
naca634221,ok,,3.2633108263,289520605.63,225731.55331,754913.99567,11670276.963,1501807.6512,24868886.468,0.0,0.0,0.0,-5.5448531165e-09,9.4561445427e-09,2.8298753992e-10,5.6463140067e-08,0.0,0.0,-1.6858843695e-08,0.0,0.0,0.0,0.0,-1.9619640681e-10,0.23512313287,0.0082580247397,0.0038055729742,0.012745512312
naca634421,ok,,3.266647835,289816664.7,225749.5098,759512.33263,11673137.398,1509417.1303,24926835.054,0.0,0.0,0.0,-1.1021846541e-08,9.4391103468e-09,4.322298533e-10,1.1289103216e-07,0.0,0.0,-2.1070209772e-08,0.0,0.0,0.0,0.0,-3.8071174269e-10,0.23512918399,0.016501452126,0.0047565895274,0.02548509517
naca63a210,ok,,3.1853661455,282605361.45,59218.331069,189670.95202,11709805.331,362993.5088,23709815.44,0.0,0.0,0.0,-2.6266815291e-08,1.0353101626e-08,-8.6838475546e-09,2.682398053e-07,0.0,0.0,-7.280609958e-07,0.0,0.0,0.0,0.0,-1.3051769554e-09,0.24517501724,0.0094185288394,0.043114557088,0.015884713596
naca641112,ok,,3.1748313819,281670718.3,78822.633908,260508.68448,11655543.785,493560.74222,23488370.76,0.0,0.0,0.0,-8.1253521619e-09,1.0268246222e-08,-2.5908019336e-09,8.2280404852e-08,0.0,0.0,-3.307211521e-07,0.0,0.0,0.0,0.0,2.5600703922e-10,0.2412084854,0.0040408328137,0.026068312298,0.0064855582295
naca6412,ok,,3.2447980657,287878155.39,91250.149219,358127.21181,11797045.106,638600.10451,24849107.204,0.0,0.0,0.0,-6.733520027e-08,1.0532173694e-08,3.2757746595e-09,7.9194091009e-07,0.0,0.0,-3.6529387119e-07,0.0,0.0,0.0,0.0,-1.7766394442e-08,0.24269681501,0.040252038522,0.033333120255,0.072264726218
naca64206,ok,,3.1180421787,276632385.94,20173.774133,69604.689394,11551101.68,124321.53825,22445001.802,0.0,0.0,0.0,-6.365496199e-08,1.0698294609e-08,-3.6125530515e-08,6.4342862826e-07,0.0,0.0,-2.0823721056e-06,0.0,0.0,0.0,0.0,5.0859368846e-09,0.2410265227,0.0080660850554,0.042009304518,0.012980383817
naca64208,ok,,3.1398852018,278570296.74,35653.506951,120493.9536,11602887.802,220726.94848,22865050.793,0.0,0.0,0.0,-3.5983228755e-08,1.0562263624e-08,-1.6299791753e-08,3.6460327675e-07,0.0,0.0,-9.6138087602e-07,0.0,0.0,0.0,0.0,2.0998874975e-09,0.24188799181,0.0080545855367,0.034276599746,0.012999385462
naca64209,ok,,3.149328839,279408135.27,44960.72454,151066.94409,11620769.159,279219.52633,23039497.301,0.0,0.0,0.0,-2.8461618353e-08,1.0484631647e-08,-1.2028945216e-08,2.8916392619e-07,0.0,0.0,-7.0766692438e-07,0.0,0.0,0.0,0.0,1.5509379478e-09,0.2418445669,0.0080517724356,0.031817217653,0.013001019632
naca642215,ok,,3.2030480531,284174098.5,121186.16807,400116.14903,11675753.193,772628.22719,23955129.399,0.0,0.0,0.0,-1.0478854484e-08,1.0013479034e-08,-2.7318625659e-09,1.0650884538e-07,0.0,0.0,-1.9860476377e-07,0.0,0.0,0.0,0.0,1.3195581493e-10,0.23989977584,0.0081207173007,0.024068150282,0.012907398837
naca64210,ok,,3.1580200016,280179214.34,55277.053186,184942.33054,11634221.603,344515.46786,23195028.607,0.0,0.0,0.0,-2.315092255e-08,1.0415016884e-08,-8.8682707622e-09,2.3496766874e-07,0.0,0.0,-5.4103786434e-07,0.0,0.0,0.0,0.0,1.0239362778e-09,0.24176601236,0.0080611377664,0.029906978803,0.012988320322
naca642415,ok,,3.2064307718,284474212.96,121208.90138,405882.77377,11677468.441,780333.9868,24010456.334,0.0,0.0,0.0,-2.0737642528e-08,9.9869564586e-09,-5.8874930248e-09,2.1303607092e-07,0.0,0.0,-2.1449747551e-07,0.0,0.0,0.0,0.0,2.6851500261e-10,0.239895701,0.016232553685,0.025999003355,0.025821868109
naca643418,ok,,3.2350707819,287015151.76,171260.7594,567477.34261,11684115.589,1115812.5641,24461672.445,0.0,0.0,0.0,-1.4683533148e-08,9.7424137672e-09,-3.0113927488e-09,1.5031414965e-07,0.0,0.0,-1.4229858678e-07,0.0,0.0,0.0,0.0,-2.3958354552e-10,0.23821969584,0.016320388645,0.024370164033,0.025742915418
naca643218,ok,,3.2317271143,286718501.9,171045.60849,562080.58286,11681593.527,1107707.0454,24404820.721,0.0,0.0,0.0,-7.3989925109e-09,9.7616599265e-09,-1.4912860729e-09,7.5067613684e-08,0.0,0.0,-1.3246502972e-07,0.0,0.0,0.0,0.0,-6.116723277e-11,0.23821932464,0.0081797755331,0.022657561613,0.012839985661
naca643618,ok,,3.2408121292,287524523.51,171112.66009,576271.87796,11687532.307,1128760.8437,24557598.122,0.0,0.0,0.0,-2.1740436071e-08,9.7050286026e-09,-5.319219163e-09,2.2525826515e-07,0.0,0.0,-1.5220856236e-07,0.0,0.0,0.0,0.0,-1.517736118e-10,0.2382407204,0.024498939242,0.026044811993,0.038544540956
naca644221,ok,,3.262633443,289460508.25,228413.85827,747415.47853,11675916.886,1504305.4905,24869208.849,0.0,0.0,0.0,-5.5269089792e-09,9.5004061583e-09,-7.9688022997e-10,5.5886758437e-08,0.0,0.0,-9.6426513491e-08,0.0,0.0,0.0,0.0,-1.70930559e-10,0.23623222555,0.0082534172914,0.022025151986,0.012765310121
naca644421,ok,,3.2660120352,289760256.61,228447.33909,752126.9808,11678651.965,1512248.4232,24927709.772,0.0,0.0,0.0,-1.0987248258e-08,9.4826073953e-09,-1.7139815459e-09,1.1178431248e-07,0.0,0.0,-1.0033311204e-07,0.0,0.0,0.0,0.0,-3.3397319417e-10,0.23624129413,0.016496139564,0.022920832468,0.025536828737
naca64a010,ok,,3.1750046917,281686094.32,59555.645654,185106.27887,11706648.63,358336.0854,23591568.67,0.0,0.0,0.0,-5.9138316571e-14,1.0359610132e-08,3.1546211509e-13,-2.1027649325e-13,0.0,0.0,-9.6241413777e-07,0.0,0.0,0.0,0.0,-1.4104850351e-13,0.24439945384,8.8387678163e-09,0.057317195362,-1.2523152321e-08
naca64a210,ok,,3.1802194642,282148748.41,59421.841342,188289.24267,11718801.397,362167.05118,23694447.398,0.0,0.0,0.0,-2.6241462015e-08,1.0370414626e-08,-1.3058765428e-08,2.7007168923e-07,0.0,0.0,-9.9286632802e-07,0.0,0.0,0.0,0.0,-1.2699173163e-09,0.24543522203,0.0093909138242,0.058997945417,0.016048157068
naca64a410,ok,,3.1852664672,282596518.0,59518.713288,199301.39015,11718006.689,375222.14425,23770250.557,0.0,0.0,0.0,-5.0605039953e-08,1.0368547671e-08,-2.9643323953e-08,5.391199916e-07,0.0,0.0,-1.0911092542e-06,0.0,0.0,0.0,0.0,-2.4199182481e-09,0.24537053309,0.018765349181,0.064941418864,0.032087728208
naca651212,ok,,3.1785166998,281997679.33,82669.026002,264638.29058,11665620.347,512297.97839,23564137.9,0.0,0.0,0.0,-1.5662388328e-08,1.0296556744e-08,-1.1026400481e-08,1.5728619998e-07,0.0,0.0,-7.9251355822e-07,0.0,0.0,0.0,0.0,4.0031889817e-10,0.24270516253,0.0080735848208,0.065516323952,0.013002696956
naca651212a06,ok,,3.1791356728,282052594.55,82686.722362,267094.6182,11663688.046,515309.77896,23569625.165,0.0,0.0,0.0,-2.07762752e-08,1.0365554212e-08,-1.993235032e-09,2.1537295122e-07,0.0,0.0,-8.0030853433e-07,0.0,0.0,0.0,0.0,-6.5988696743e-09,0.24264417027,0.0098812322962,0.066174889583,0.017808483422
naca651412,ok,,3.1819588862,282303069.75,82673.187484,270692.95266,11667050.222,519851.0637,23619487.35,0.0,0.0,0.0,-3.0843611896e-08,1.0262282219e-08,-2.2831651704e-08,3.1458935556e-07,0.0,0.0,-8.2220253671e-07,0.0,0.0,0.0,0.0,8.08782571e-10,0.24269610083,0.01613612809,0.067974104468,0.026008104773
naca65206,ok,,3.1271780096,277442915.94,21105.726589,70057.814348,11582399.442,128704.23045,22638474.262,0.0,0.0,0.0,-6.1574174208e-08,1.0691657945e-08,-5.5537564171e-08,6.1815380414e-07,0.0,0.0,-3.7061356597e-06,0.0,0.0,0.0,0.0,3.9030751195e-09,0.24274299946,0.0080467988209,0.078220685935,0.01304658518
naca65209,ok,,3.1540993683,279831376.15,47139.653048,152513.20872,11637233.076,288944.64508,23142625.042,0.0,0.0,0.0,-2.7572555899e-08,1.0505269917e-08,-2.1501163596e-08,2.7672496998e-07,0.0,0.0,-1.4877445522e-06,0.0,0.0,0.0,0.0,1.1255945328e-09,0.24332702918,0.0080460815878,0.070131762015,0.013044719075
naca65210,ok,,3.1621971166,280549807.56,57955.322342,186697.48856,11648544.735,356450.6806,23285560.731,0.0,0.0,0.0,-2.2399077609e-08,1.0438269724e-08,-1.6798847455e-08,2.2489429176e-07,0.0,0.0,-1.1763982972e-06,0.0,0.0,0.0,0.0,7.9186534097e-10,0.24320816418,0.008052815275,0.068178542516,0.013033821172
naca652215,ok,,3.2038245748,284242991.43,127133.18849,404490.33657,11678714.914,798164.07801,23973383.279,0.0,0.0,0.0,-1.0151052223e-08,1.0076216129e-08,-6.5307411366e-09,1.0180255994e-07,0.0,0.0,-4.9332797037e-07,0.0,0.0,0.0,0.0,1.0445364728e-10,0.24158127831,0.0081223462059,0.062718357844,0.012942484041
naca652415,ok,,3.2072763823,284549235.44,127133.18626,410130.13622,11680564.225,805878.50199,24030134.837,0.0,0.0,0.0,-2.0092031917e-08,1.0049960733e-08,-1.3374917111e-08,2.0360115273e-07,0.0,0.0,-5.0531053108e-07,0.0,0.0,0.0,0.0,2.0854298014e-10,0.24158304637,0.016232337578,0.064241737864,0.025884463272
naca652415a05,ok,,3.209906169,284782549.84,127268.7124,419422.33024,11674137.641,818371.75336,24056554.535,0.0,0.0,0.0,-2.6982672594e-08,1.0299768256e-08,4.5583249885e-09,2.7854749144e-07,0.0,0.0,-5.1141551553e-07,0.0,0.0,0.0,0.0,-1.2259595863e-08,0.24123865301,0.019663581367,0.065087194162,0.035450380578
naca653218,ok,,3.2309521017,286649742.87,179779.10526,569816.46261,11678859.48,1145847.3174,24388077.715,0.0,0.0,0.0,-7.1557014583e-09,9.844532884e-09,-4.2066368901e-09,7.1565810905e-08,0.0,0.0,-3.3893797882e-07,0.0,0.0,0.0,0.0,-4.6748789146e-11,0.24007988414,0.0081864809913,0.06093396657,0.012866037452
naca653618,ok,,3.2401625274,287466890.9,179822.30834,583821.5538,11684808.354,1167235.4668,24542798.443,0.0,0.0,0.0,-2.1031226775e-08,9.7860159011e-09,-1.3280089331e-08,2.1477720464e-07,0.0,0.0,-3.5406614147e-07,0.0,0.0,0.0,0.0,-1.1450521824e-10,0.24010722349,0.024516302839,0.063668990863,0.038621732717
naca65410,ok,,3.1657239739,280862709.98,57954.339267,192965.4776,11650118.4,363874.71574,23341971.051,0.0,0.0,0.0,-4.3855390473e-08,1.0394067542e-08,-3.5059287288e-08,4.4991931871e-07,0.0,0.0,-1.2348569646e-06,0.0,0.0,0.0,0.0,1.5631792326e-09,0.24320020958,0.016096205652,0.071565319475,0.026074776839
naca654221,ok,,3.2599408135,289221618.43,239868.57128,757702.59314,11666844.318,1554143.0187,24809716.82,0.0,0.0,0.0,-5.3505156847e-09,9.6114901483e-09,-2.8582291039e-09,5.3298727606e-08,0.0,0.0,-2.5007945535e-07,0.0,0.0,0.0,0.0,-1.3564707476e-10,0.2384303529,0.0082652023058,0.059986201662,0.012784689642
naca654421,ok,,3.2633966359,289528218.65,239891.58144,762372.99769,11669654.161,1562273.0636,24869281.625,0.0,0.0,0.0,-1.0636595826e-08,9.5923697446e-09,-5.812488579e-09,1.0661952317e-07,0.0,0.0,-2.5301553011e-07,0.0,0.0,0.0,0.0,-2.6419356577e-10,0.23844612076,0.016518853303,0.060696295646,0.025577126025
naca654421a05,ok,,3.26586458,289747174.4,240151.72489,770700.43482,11664561.004,1575623.6147,24896167.434,0.0,0.0,0.0,-1.441011716e-08,9.7177575984e-09,4.1747416535e-09,1.4595855923e-07,0.0,0.0,-2.5555369076e-07,0.0,0.0,0.0,0.0,-6.7102511559e-09,0.23811297115,0.020189802583,0.061371659639,0.035052199762
naca66-018,ok,,3.2332350271,286852283.77,198553.75882,598413.60721,11685865.543,1231885.5089,24440853.074,0.0,0.0,0.0,-9.0697186638e-13,9.8814665719e-09,3.373840023e-11,4.7543873513e-11,0.0,0.0,-5.9608604225e-07,0.0,0.0,0.0,0.0,-1.8059219324e-11,0.24151147202,-4.2555937964e-06,0.11835512427,9.4400147949e-06
naca661212,ok,,3.1842848586,282509429.79,91069.870132,278046.58648,11684067.485,551577.05681,23689232.975,0.0,0.0,0.0,-1.4548405252e-08,1.0304188822e-08,-1.8043396118e-08,1.4303357306e-07,0.0,0.0,-1.3360473486e-06,0.0,0.0,0.0,0.0,3.3867248494e-10,0.24416270112,0.0080701774013,0.12167365852,0.013026048923
naca66206,ok,,3.13739522,278349385.81,23140.724146,73141.616402,11617784.932,138291.24317,22857151.403,0.0,0.0,0.0,-5.73848158e-08,1.067810834e-08,-7.9946746379e-08,5.6649287828e-07,0.0,0.0,-5.7127537141e-06,0.0,0.0,0.0,0.0,2.6727243575e-09,0.24455591144,0.0080262099991,0.13219725781,0.013109055427
naca66209,ok,,3.1612431261,280465169.61,51787.498111,159757.84099,11661577.783,310569.87128,23297506.023,0.0,0.0,0.0,-2.5668844807e-08,1.0500940859e-08,-3.3270146944e-08,2.5264612645e-07,0.0,0.0,-2.4229687344e-06,0.0,0.0,0.0,0.0,8.1874473559e-10,0.24479777989,0.0080342169086,0.12547948876,0.013083910796
naca66210,ok,,3.1687711748,281133057.33,63691.962021,195644.38513,11670680.574,383120.8574,23428438.498,0.0,0.0,0.0,-2.0858141547e-08,1.0437719313e-08,-2.6511796366e-08,2.0516870289e-07,0.0,0.0,-1.9434520677e-06,0.0,0.0,0.0,0.0,5.8506415905e-10,0.24464898883,0.008046027624,0.12378227528,0.013067597232
naca662215,ok,,3.2090184272,284703789.48,140203.89281,425168.1951,11694030.606,859575.06731,24085847.351,0.0,0.0,0.0,-9.4181109451e-09,1.0094272233e-08,-1.1277828787e-08,9.2344661398e-08,0.0,0.0,-8.5248411491e-07,0.0,0.0,0.0,0.0,1.3706619109e-10,0.24315582298,0.0081242217648,0.11952159147,0.012947081009
naca662415,ok,,3.212551465,285017240.24,140209.50001,430708.82034,11696064.295,867481.69831,24144240.114,0.0,0.0,0.0,-1.8653544329e-08,1.0067027064e-08,-2.2747351885e-08,1.8474585516e-07,0.0,0.0,-8.5954872224e-07,0.0,0.0,0.0,0.0,2.7330460581e-10,0.24316748258,0.016239261047,0.12051689658,0.02590312398
naca663218,ok,,3.2356334199,287065068.94,198417.90541,599262.69703,11690564.851,1234644.8836,24487465.432,0.0,0.0,0.0,-6.6329814375e-09,9.8808198377e-09,-7.6417292378e-09,6.4804816833e-08,0.0,0.0,-5.9297897983e-07,0.0,0.0,0.0,0.0,2.5464894983e-11,0.24196134062,0.0081969838924,0.11765764713,0.012858436016
naca664221,ok,,3.2649462221,289665697.77,265498.67541,798678.96696,11676575.888,1678806.3492,24912169.537,0.0,0.0,0.0,-4.9433558857e-09,9.6592406807e-09,-5.5056305006e-09,4.8058397789e-08,0.0,0.0,-4.4061248282e-07,0.0,0.0,0.0,0.0,-3.8771595459e-11,0.24062462453,0.008283275028,0.11698203056,0.012759440955
naca663418,ok,,3.2391195611,287374359.04,198425.23353,604309.33436,11692896.364,1242726.4001,24546238.237,0.0,0.0,0.0,-1.3170122897e-08,9.8569622638e-09,-1.5384830033e-08,1.2964026846e-07,0.0,0.0,-5.9634760443e-07,0.0,0.0,0.0,0.0,5.4674356002e-11,0.24197330798,0.016383300438,0.11833041267,0.025723900544
naca671215,ok,,3.2177094172,285474853.23,154302.8528,449405.14739,11731704.843,920388.5531,24298816.848,0.0,0.0,0.0,-8.7836468976e-09,1.0043277865e-08,-1.3874448959e-08,8.3751339813e-08,0.0,0.0,-1.0489561781e-06,0.0,0.0,0.0,0.0,1.715168679e-10,0.24407345595,0.0081228982329,0.16185693075,0.012923070659
naca747a315,ok,,3.2122286761,284988602.44,130546.9354,419980.486,11693960.478,824057.12445,24132172.254,0.0,0.0,0.0,-2.2285734162e-08,1.0425195976e-08,3.2436668839e-08,2.0148149254e-07,0.0,0.0,-4.4588878204e-07,0.0,0.0,0.0,0.0,-2.4266257518e-08,0.24072408991,0.013556625737,0.058209414025,0.026302791391
naca747a415,ok,,3.2143167676,285173857.71,130585.83579,424057.45463,11694401.506,829757.16153,24165196.567,0.0,0.0,0.0,-2.6979930781e-08,1.0495993677e-08,2.886935697e-08,2.5091727309e-07,0.0,0.0,-4.4739477814e-07,0.0,0.0,0.0,0.0,-2.3974715287e-08,0.24056389253,0.017608426338,0.058423421033,0.032766241821
nacacyh,ok,,3.2169795165,285410096.52,87696.2497,287384.83023,11795195.645,544959.71513,24411343.92,0.0,0.0,0.0,-9.5669292275e-08,1.3121910869e-08,9.5414503429e-08,7.3065147943e-07,0.0,0.0,-2.0737062178e-07,0.0,0.0,0.0,0.0,-5.9647838272e-08,0.2440626483,0.044250366965,0.018185625828,0.064075394583
nacam12,ok,,3.2171491956,285425150.43,93798.957984,287752.28895,11806078.531,563419.64961,24435927.989,0.0,0.0,0.0,-2.6483710171e-08,1.0328140964e-08,2.5551786182e-08,2.4318332141e-07,0.0,0.0,-5.5892231778e-07,0.0,0.0,0.0,0.0,-2.1045991084e-08,0.24466760574,0.012021972045,0.052426331001,0.022810342147
nacam18,ok,,3.2283846155,286421955.75,95024.129619,318430.47676,11794936.445,603813.67305,24584775.321,0.0,0.0,0.0,-8.6188042545e-08,1.1857963765e-08,2.7852056133e-08,7.182566193e-07,0.0,0.0,-5.2073208472e-07,0.0,0.0,0.0,0.0,-3.7104803097e-08,0.2439023155,0.046601029901,0.049482113115,0.068251710092
nacam2,ok,,3.1854636999,282614016.47,43792.192441,132308.56077,11778201.176,254523.66271,23891679.446,0.0,0.0,0.0,5.703268284e-15,1.0366108762e-08,4.4690323373e-14,-2.1994130718e-14,0.0,0.0,-9.6820920399e-07,0.0,0.0,0.0,0.0,1.2706899147e-14,0.24766374764,-6.5062102751e-10,0.042400003784,-9.6317120497e-10
nacam3,ok,,3.2133651124,285089426.96,94060.935183,282524.31391,11813778.736,555755.3018,24393383.809,0.0,0.0,0.0,-1.6720162913e-15,1.0038932622e-08,4.2263163283e-15,-8.1152781066e-15,0.0,0.0,-4.777892288e-07,0.0,0.0,0.0,0.0,-1.4060973931e-15,0.24488353649,7.3786863866e-10,0.044941301682,-7.6333064798e-10
nacam6,ok,,3.2081857561,284629914.99,96646.02349,300871.45736,11768112.276,581758.73514,24221346.317,0.0,0.0,0.0,-2.6305819154e-08,1.0498035203e-08,4.1159148995e-08,2.382117883e-07,0.0,0.0,-5.4356357253e-07,0.0,0.0,0.0,0.0,-3.0288046509e-08,0.2429686157,0.01102596021,0.052533257799,0.023022222088
nasasc2-0714,ok,,3.2510693187,288434540.31,116239.02794,376344.11032,11850808.758,743089.33535,25052111.008,0.0,0.0,0.0,-1.6673026477e-09,9.7081600258e-09,-2.3093417585e-08,3.2347185527e-08,0.0,0.0,-9.4367151853e-08,0.0,0.0,0.0,0.0,1.3552580674e-08,0.24360513028,0.0036926340422,0.010969146001,0.0037600054022
ncambre,ok,,3.2117215881,284943613.64,83772.1934,258359.41625,11811539.478,502330.93125,24362933.228,0.0,0.0,0.0,-2.0973646654e-08,1.0268676715e-08,3.9913669957e-08,1.5371298967e-07,0.0,0.0,-2.9149119177e-07,0.0,0.0,0.0,0.0,-2.3459141961e-08,0.24411809499,0.0076600484455,0.024418856491,0.012876874298
nl722343,ok,,3.1745960225,281649837.23,48757.367147,155158.82295,11714432.745,293646.98018,23601723.276,0.0,0.0,0.0,-3.7053422143e-08,1.0388082825e-08,3.8237356755e-09,2.8865627172e-07,0.0,0.0,-7.2325933494e-07,0.0,0.0,0.0,0.0,-6.741065738e-09,0.24344456751,0.010398769815,0.035264220936,0.01407411982
nl722362,ok,,3.1785489293,282000538.72,55271.086099,165060.83422,11737559.822,318183.62794,23708972.7,0.0,0.0,0.0,-3.52700143e-08,1.0644555313e-08,3.3326265668e-08,2.769902946e-07,0.0,0.0,-1.6502966778e-06,0.0,0.0,0.0,0.0,-3.079853566e-08,0.24415233161,0.0088306080471,0.091213689767,0.015309554421
nlf0115,ok,,3.2135994057,285110213.43,135605.75945,420143.729,11715322.326,836309.27553,24198032.242,0.0,0.0,0.0,-1.890582074e-08,1.0083685433e-08,3.4170030679e-09,1.5641028201e-07,0.0,0.0,-5.2680635128e-07,0.0,0.0,0.0,0.0,-7.545381513e-09,0.24110843421,0.014290242739,0.071437975347,0.021210135077
nlf0215f,ok,,3.221756852,285833941.24,126047.74847,429548.3197,11690299.573,829300.19679,24272125.776,0.0,0.0,0.0,-3.5999929727e-08,9.938311027e-09,-1.4904998935e-08,3.6044663795e-07,0.0,0.0,-3.3729301315e-07,0.0,0.0,0.0,0.0,-6.4405690031e-10,0.24075715576,0.029726165215,0.042515024883,0.045433487159
nlf1015,ok,,3.221133249,285778615.25,135201.46267,455960.37803,11678122.36,882260.56296,24241064.668,0.0,0.0,0.0,-3.5818938511e-08,9.6554337868e-09,-5.3270698652e-08,3.9377481167e-07,0.0,0.0,-6.2788720075e-07,0.0,0.0,0.0,0.0,1.0791775212e-08,0.24230309177,0.033911833411,0.084891267931,0.053238930498
nlf414f,ok,,3.2047871718,284328392.94,123248.06038,396295.66853,11661024.777,779667.65525,23953982.517,0.0,0.0,0.0,-2.2860325032e-08,1.0113274269e-08,-1.9640437545e-08,2.3507935821e-07,0.0,0.0,-8.3444540056e-07,0.0,0.0,0.0,0.0,-2.1001615734e-09,0.24135587489,0.017428301437,0.10284377711,0.028973074934
nlf415,ok,,3.2062105724,284454676.89,130515.67675,405040.66075,11665788.055,812835.64458,23982853.889,0.0,0.0,0.0,-1.3814662352e-08,9.9530658984e-09,-6.0536297089e-08,1.5701246348e-07,0.0,0.0,-1.0391224516e-06,0.0,0.0,0.0,0.0,2.1503326901e-08,0.24441836374,0.015506062996,0.13562176999,0.020492587929
nlf416,ok,,3.2232259074,285964275.69,133793.83128,464977.13598,11692498.865,881641.23283,24298799.892,0.0,0.0,0.0,-2.2276556463e-08,9.787176304e-09,3.2015432397e-09,2.0304880507e-07,0.0,0.0,1.2310603177e-07,0.0,0.0,0.0,0.0,-8.8630876753e-11,0.23777433999,0.019621350989,-0.016470827644,0.027166677567
nlr1t,ok,,3.19239956,283229365.27,57019.670636,167343.59731,11788475.332,327541.43738,24019925.968,0.0,0.0,0.0,-3.456623936e-08,1.0604812453e-08,3.1886402195e-08,2.7010974443e-07,0.0,0.0,-1.6852268794e-06,0.0,0.0,0.0,0.0,-2.9893997452e-08,0.24657235726,0.0089084228218,0.096091081612,0.015401568663
nlr7301,ok,,3.2709031368,290194194.64,165547.16683,529810.24044,11853665.939,1055351.3031,25374104.429,0.0,0.0,0.0,-5.874006578e-09,9.2573992699e-09,-1.7249799643e-08,4.8298300838e-08,0.0,0.0,-2.2227399586e-08,0.0,0.0,0.0,0.0,9.6294990703e-09,0.23638759819,0.0086023575811,0.0036796830274,0.0079956468663
npl9510,ok,,3.2201008578,285687021.6,69765.177408,235449.31157,11824408.26,443993.77739,24509373.876,0.0,0.0,0.0,1.1874701858e-08,1.0312341789e-08,-1.0773553703e-07,-8.2109185745e-08,0.0,0.0,1.8788053008e-07,0.0,0.0,0.0,0.0,6.1617739456e-08,0.24459394703,0.0014203648055,-0.013107518513,-0.0057283619103
nn7mk20,ok,,3.2311768104,286669679.0,149026.63291,511825.29435,11674806.7,993764.22825,24381880.267,0.0,0.0,0.0,-2.3093520598e-08,9.8622116809e-09,-6.2650306262e-09,2.4609345353e-07,0.0,0.0,-1.5322107574e-07,0.0,0.0,0.0,0.0,6.5773306582e-10,0.24082719333,0.023106937228,0.022834021008,0.036674478761
npl9615,ok,,3.2027579164,284148357.6,82013.251655,249973.30967,11786130.638,486888.0403,24173788.815,0.0,0.0,0.0,-1.6121783263e-08,1.0195393405e-08,2.5276423784e-08,1.2412499719e-07,0.0,0.0,-5.0972224911e-07,0.0,0.0,0.0,0.0,-1.6561483339e-08,0.24330235273,0.0058880042289,0.04180397909,0.010179894631
npl9626,ok,,3.2149983451,285234327.19,89364.028311,275597.66611,11818112.89,537362.13508,24426055.591,0.0,0.0,0.0,-1.0322369831e-08,1.0030885974e-08,1.5178697832e-08,8.7664968502e-08,0.0,0.0,-2.3375531471e-07,0.0,0.0,0.0,0.0,-9.2342723656e-09,0.2437576794,0.0043373981379,0.020889316562,0.0078340947271
npl9627,ok,,3.2187452068,285566748.39,91931.306011,286040.91631,11827178.71,554210.71988,24503010.648,0.0,0.0,0.0,-1.2980562671e-08,1.0000549526e-08,1.80996519e-08,1.1419466097e-07,0.0,0.0,-1.0056321746e-07,0.0,0.0,0.0,0.0,-1.0313587735e-08,0.24321736422,0.0058039546544,0.0092449079179,0.010498064323
npl9660,ok,,3.2106234106,284846183.45,80253.147791,247493.7944,11809474.732,484823.51359,24341420.314,0.0,0.0,0.0,-1.6194666626e-08,1.0176226885e-08,2.6908451356e-08,1.2794634053e-07,0.0,0.0,-3.8655239695e-07,0.0,0.0,0.0,0.0,-1.6684227243e-08,0.24449862174,0.0058742210769,0.031022046641,0.010268096576
nplx,ok,,3.1885692302,282889538.8,66575.655934,213757.84077,11735634.425,408357.51886,23853216.949,0.0,0.0,0.0,9.0298810863e-09,1.0304947402e-08,-7.5338875129e-08,-4.115602453e-08,0.0,0.0,-3.4597093518e-07,0.0,0.0,0.0,0.0,4.1842876025e-08,0.24205274172,0.00044863309354,0.023033241943,-0.0027399893287
oa206,ok,,3.1785057478,281996707.66,24081.888395,76320.807438,11771131.477,144181.43518,23770131.631,0.0,0.0,0.0,-4.303779255e-08,1.0800483588e-08,1.0154052811e-07,3.2619617432e-07,0.0,0.0,-5.8071641803e-07,0.0,0.0,0.0,0.0,-5.9624341096e-08,0.24791525814,0.0040742948431,0.013984747968,0.0078554198649
oa209,ok,,3.203951229,284254228.18,54691.766048,171183.09884,11817965.216,329851.26073,24254794.627,0.0,0.0,0.0,-3.5838653621e-08,1.0640056711e-08,7.3444365781e-08,2.6677829279e-07,0.0,0.0,-3.5989440051e-07,0.0,0.0,0.0,0.0,-4.2654872098e-08,0.24579031693,0.0083648925607,0.019683260355,0.014590575976
oa212,ok,,3.2338184966,286904049.13,96829.75479,309264.14674,11846466.12,601736.1696,24776706.638,0.0,0.0,0.0,-2.7410932313e-08,1.0308563174e-08,4.4182013592e-08,2.7835981436e-07,0.0,0.0,-2.6587704208e-07,0.0,0.0,0.0,0.0,-2.8501039828e-08,0.24368768858,0.012318594148,0.025744808789,0.026953512568
oa213,ok,,3.234712747,286983386.94,97333.153899,328682.87393,11816092.026,630119.69292,24729309.997,0.0,0.0,0.0,-4.242964441e-08,1.1116905298e-08,8.7211794327e-08,3.9882561928e-07,0.0,0.0,-1.0348619362e-08,0.0,0.0,0.0,0.0,-4.8161479495e-08,0.24281104988,0.019385384959,0.001007263761,0.03881895538
oaf095,ok,,3.2158154882,285306824.05,44827.627944,205029.52304,11797184.091,333806.03194,24393829.868,0.0,0.0,0.0,-6.7369006741e-08,9.8047416655e-09,3.261277334e-08,9.698522778e-07,0.0,0.0,1.1220674349e-06,0.0,0.0,0.0,0.0,1.166706456e-08,0.24557175697,0.023444929532,-0.050299621498,0.04347617707
oaf102,ok,,3.2201058145,285687461.36,53792.680981,220083.07617,11809864.57,378786.83299,24484708.039,0.0,0.0,0.0,-5.4611927636e-08,9.7632783246e-09,-5.0002924992e-09,7.4970945563e-07,0.0,0.0,4.9419614152e-07,0.0,0.0,0.0,0.0,1.5807699741e-08,0.24704887403,0.022166352894,-0.026584135383,0.040328881575
oaf117,ok,,3.2314667484,286695402.27,63055.770828,241706.31769,11863114.637,422853.98011,24770375.394,0.0,0.0,0.0,-3.3532852603e-08,9.9578009771e-09,5.0508606398e-08,3.9428897875e-07,0.0,0.0,1.5549750993e-06,0.0,0.0,0.0,0.0,-7.103547508e-09,0.24416121419,0.013446221112,-0.098050153504,0.024862195484
oaf128,ok,,3.2425639833,287679947.82,80159.50763,291038.16716,11884317.87,526575.12526,24987643.417,0.0,0.0,0.0,-1.3431178693e-08,9.7472117872e-09,2.111919333e-08,1.5321740638e-07,0.0,0.0,1.1756955299e-06,0.0,0.0,0.0,0.0,-3.8261269971e-09,0.24288266744,0.0065832056731,-0.094243174799,0.012281831855
oaf139,ok,,3.2486665835,288221369.89,89162.518041,330014.25319,11879231.693,594481.09287,25073204.172,0.0,0.0,0.0,1.4569503438e-08,9.6527275869e-09,-1.8402034814e-08,-1.745198395e-07,0.0,0.0,1.1068305946e-06,0.0,0.0,0.0,0.0,6.9706101232e-10,0.2418733888,-0.0085610660171,-0.098687802862,-0.015560628338
p51droot,ok,,3.2237003625,286006369.3,150820.36632,487838.70064,11706900.942,956613.46812,24335139.678,0.0,0.0,0.0,-9.4462626459e-09,9.8206308785e-09,-3.0147946133e-09,9.7148409173e-08,0.0,0.0,-1.7668753028e-07,0.0,0.0,0.0,0.0,3.8176952143e-10,0.23907034308,0.0091237332288,0.02664807804,0.014651958658
p51dtip,ok,,3.1671972918,280993422.59,73292.482409,239193.04749,11620115.364,460727.28452,23303108.506,0.0,0.0,0.0,-1.9265960916e-08,1.0468389629e-08,-1.1726836906e-08,2.0562540141e-07,0.0,0.0,-1.2334971633e-06,0.0,0.0,0.0,0.0,-3.8185160171e-09,0.24315540195,0.0084485985684,0.090406069142,0.015070796116
p51hroot,ok,,3.2011144447,284002548.96,150506.89008,460089.5734,11648018.595,922553.37793,23874478.998,0.0,0.0,0.0,-1.0549354505e-08,1.0115185631e-08,-6.8234593489e-09,1.04478334e-07,0.0,0.0,-8.2128852491e-07,0.0,0.0,0.0,0.0,-3.155002313e-09,0.24075957939,0.0090316534198,0.12360958174,0.015724709131
p51htip,ok,,3.1710216534,281332719.57,91771.316536,283176.28701,11634212.907,554923.6399,23392095.406,0.0,0.0,0.0,-1.7354464505e-08,1.0385325016e-08,-1.2068018866e-08,1.7260621442e-07,0.0,0.0,-1.376529764e-06,0.0,0.0,0.0,0.0,-5.1730866709e-09,0.24176709434,0.0089364449628,0.12632594869,0.01584029954
pfcm,ok,,3.1801021985,282138344.61,40003.60317,126915.25847,11747985.571,244023.76372,23749312.62,0.0,0.0,0.0,-3.8900746879e-08,1.0470020125e-08,-1.7759789838e-08,4.0399679115e-07,0.0,0.0,-1.4444190786e-06,0.0,0.0,0.0,0.0,-2.5870596832e-09,0.24807244061,0.0093361012902,0.057781967632,0.016161327315
pmc19sm,ok,,3.1920438726,283197808.72,45462.359311,156807.69901,11755343.469,293562.79546,23942069.661,0.0,0.0,0.0,-4.3374960781e-08,1.1209989612e-08,1.2761432937e-07,2.9456427199e-07,0.0,0.0,1.042311079e-07,0.0,0.0,0.0,0.0,-7.2556610525e-08,0.24614734087,0.0074937993658,-0.0047385920788,0.013391586774
prandtl-d-centerline,ok,,3.1961820365,283564946.2,83074.205145,303251.71802,11682121.717,549378.14423,23864296.662,0.0,0.0,0.0,-5.1611174151e-08,1.031327194e-08,6.2659834649e-09,5.556692219e-07,0.0,0.0,-1.0015200777e-07,0.0,0.0,0.0,0.0,-8.4838954171e-09,0.24037288494,0.027234310681,0.0083200484393,0.046161778933
prandtl-d-wingtip,ok,,3.178875519,282029513.72,55291.980119,180743.24388,11726906.605,334645.02713,23691636.929,0.0,0.0,0.0,1.3384447986e-11,1.0276964616e-08,-4.0886811731e-10,-8.1086249894e-10,0.0,0.0,2.6336693874e-07,0.0,0.0,0.0,0.0,1.8523198113e-10,0.24347809382,1.0613428273e-05,-0.014562079541,-4.4834193171e-05
psu-90-125wl,ok,,3.1938909871,283361684.53,94492.333016,313878.87733,11697302.692,593124.17018,23862463.287,0.0,0.0,0.0,-3.0455795489e-08,1.0173800419e-08,-1.3535589314e-09,3.1064478201e-07,0.0,0.0,-2.7005152293e-07,0.0,0.0,0.0,0.0,-3.5945497698e-09,0.24122136527,0.017549862821,0.025517798436,0.029353550191
psu94097,ok,,3.2073247192,284553523.88,56281.188064,213360.15192,11770302.951,383340.90343,24211517.492,0.0,0.0,0.0,-7.9119965801e-08,1.0746314705e-08,1.5684457104e-08,8.8259081211e-07,0.0,0.0,-3.4463976683e-07,0.0,0.0,0.0,0.0,-1.9274467992e-08,0.24601626792,0.028513762522,0.019396735531,0.04967325948
pt40,ok,,3.2506448856,288396884.65,89225.91023,300901.56537,11906411.443,561814.10111,25166330.104,0.0,0.0,0.0,-3.5202859662e-08,9.6409212386e-09,1.9621268204e-08,3.932836022e-07,0.0,0.0,2.2330101382e-07,0.0,0.0,0.0,0.0,-7.3997999748e-09,0.23893924316,0.018784450057,-0.019924236213,0.035091087385
r1046,ok,,3.2637929568,289563380.2,180855.32,655432.51121,11659278.517,1259964.8355,24853216.884,0.0,0.0,0.0,-3.7732162009e-08,1.039626049e-08,9.6335730385e-09,4.2425775458e-07,0.0,0.0,-2.7602344294e-07,0.0,0.0,0.0,0.0,-1.732109083e-08,0.23778504917,0.042373055316,0.0499203081,0.076729271966
r1080,ok,,3.2437788063,287787726.8,190817.70898,605481.1033,11698853.306,1220568.4144,24627946.913,0.0,0.0,0.0,-1.9916012675e-08,1.0016439163e-08,7.422689065e-09,1.9107251631e-07,0.0,0.0,-3.6910533609e-07,0.0,0.0,0.0,0.0,-1.1299404715e-08,0.23987025662,0.021004842805,0.070431834605,0.036460019811
r1082,ok,,3.2445206716,287853545.01,190041.68532,602552.2626,11705664.39,1214116.8689,24654089.856,0.0,0.0,0.0,-2.0098069649e-08,9.9831324567e-09,4.7603037611e-09,1.9384104012e-07,0.0,0.0,-3.6016336913e-07,0.0,0.0,0.0,0.0,-9.9138833543e-09,0.24012339589,0.021514411987,0.068446053661,0.036837877948
r1082t,ok,,3.2239104459,286025007.88,150803.53304,481204.29961,11703262.489,954836.5795,24331061.636,0.0,0.0,0.0,-2.2609470225e-08,1.0156444776e-08,5.4726089118e-09,2.1795736772e-07,0.0,0.0,-4.4074739259e-07,0.0,0.0,0.0,0.0,-1.1169203651e-08,0.24122100662,0.019018035745,0.06646626398,0.032868741103
r1145ms,ok,,3.3007228806,292839799.29,229410.44043,716696.01075,11854106.685,1472094.563,25855562.284,0.0,0.0,0.0,-2.2740755132e-08,9.4181722038e-09,1.6238539724e-09,2.3387433752e-07,0.0,0.0,-2.33999944e-07,0.0,0.0,0.0,0.0,-6.9881800279e-09,0.23743615571,0.031037457429,0.053682030213,0.053653214774
r1145msf,ok,,3.4903351128,309662177.31,413344.89585,1430971.1515,11901314.98,3085989.1542,29075906.235,0.0,0.0,0.0,-2.0994707698e-08,8.7982506907e-09,5.4565878728e-08,2.1368832078e-07,0.0,0.0,1.5109806874e-07,0.0,0.0,0.0,0.0,-1.9784283345e-08,0.21747541304,0.051728412344,-0.062455615486,0.088326976697
r140,ok,,3.1834932943,282439202.28,85553.442415,262718.26781,11694296.63,517208.45713,23696509.726,0.0,0.0,0.0,-6.2030381451e-09,1.0372965735e-08,3.242061745e-09,5.9459718741e-08,0.0,0.0,-9.7129869966e-07,0.0,0.0,0.0,0.0,-4.4983813509e-09,0.24545973529,0.0026371915468,0.08309794737,0.0050869836234
r140sm,ok,,3.1837301262,282460213.98,85653.066404,262926.31372,11696705.559,517880.11997,23704850.15,0.0,0.0,0.0,-6.0541908943e-09,1.036295239e-08,3.4149061383e-09,5.776232357e-08,0.0,0.0,-9.7630111742e-07,0.0,0.0,0.0,0.0,-4.5139077114e-09,0.24531537447,0.0025618947287,0.083623184441,0.0049475201364
r1145msm,ok,,3.4805233798,308791681.35,502196.03749,1402138.6651,11793394.45,3328338.4167,28672650.979,0.0,0.0,0.0,-1.1974931447e-08,7.7467942196e-09,-7.4002885171e-08,9.4510121466e-08,0.0,0.0,-3.4386809109e-07,0.0,0.0,0.0,0.0,2.3784562145e-08,0.24771438016,0.059894556467,0.17268919277,0.047462608503
rae100,ok,,3.1822105476,282325397.13,56529.729436,191647.60274,11731863.583,348802.45342,23751640.751,0.0,0.0,0.0,-1.8726189892e-15,1.0174684922e-08,1.8478991773e-14,4.036943487e-14,0.0,0.0,7.420303121e-07,0.0,0.0,0.0,0.0,2.6585676008e-15,0.24166546102,8.7727408099e-10,-0.041946772776,2.2820732307e-09
rae101,ok,,3.1755753865,281736726.3,56014.167455,184657.29951,11708726.282,343703.98251,23604719.487,0.0,0.0,0.0,-4.8443322402e-15,1.0296608387e-08,2.5155559439e-14,-1.1186265058e-13,0.0,0.0,1.444785911e-07,0.0,0.0,0.0,0.0,-3.0557726361e-14,0.24304855264,-8.876770316e-10,-0.0080928479955,-6.2658932415e-09
rae102,ok,,3.1748014012,281668058.41,57930.581582,186027.51724,11705194.189,352635.11428,23585844.829,0.0,0.0,0.0,7.6225155152e-16,1.0330677591e-08,5.869311237e-14,5.5713837081e-14,0.0,0.0,-3.3649722851e-07,0.0,0.0,0.0,0.0,1.4329237176e-14,0.24365775864,9.6240408819e-10,0.019493480148,3.2275349842e-09
rae103,ok,,3.1752586615,281708626.5,61112.037508,190601.10856,11705521.644,367881.54164,23593491.583,0.0,0.0,0.0,-1.2333505932e-14,1.0352606532e-08,3.9844303683e-15,1.3829406804e-13,0.0,0.0,-8.5499038191e-07,0.0,0.0,0.0,0.0,-5.0667837502e-15,0.24425413507,4.0819852773e-09,0.052250204289,8.4514322731e-09
rae104,ok,,3.1765793609,281825798.81,65048.352376,196726.78575,11709650.675,385992.5536,23622246.065,0.0,0.0,0.0,4.1292284283e-15,1.036684231e-08,1.4785630347e-15,-5.7021977612e-14,0.0,0.0,-1.3748219124e-06,0.0,0.0,0.0,0.0,-2.8119821956e-15,0.24488809997,-1.8596539948e-09,0.089429900214,-3.7091856929e-09
rae2822,ok,,3.1836274983,282451108.84,82838.389645,268073.19371,11682587.012,515269.46555,23673650.846,0.0,0.0,0.0,-3.6963250045e-09,1.0199984952e-08,-4.9497853125e-08,5.4607468756e-08,0.0,0.0,-5.1962574394e-07,0.0,0.0,0.0,0.0,2.6466219737e-08,0.2426183001,0.005214237641,0.043044959846,0.0045235947744
rae5212,ok,,3.1991615412,283829287.56,85385.188193,274928.56116,11743250.917,526954.42972,24031631.675,0.0,0.0,0.0,-2.2009091826e-08,9.9622884619e-09,-1.7344699721e-08,2.0657972987e-07,0.0,0.0,-2.8257771529e-07,0.0,0.0,0.0,0.0,7.7202707351e-09,0.24155774154,0.01258071398,0.024127951399,0.017638849112
rae5213,ok,,3.1786526467,282009740.52,56573.867058,194072.0067,11707984.714,355097.84832,23649098.683,0.0,0.0,0.0,-2.8357354366e-08,1.0081020534e-08,-3.2057441859e-10,2.5765540928e-07,0.0,0.0,3.8241994886e-07,0.0,0.0,0.0,0.0,4.6470544985e-09,0.2395130297,0.010464899044,-0.021634975347,0.014576562871
rae5214,ok,,3.1779970339,281951574.62,54600.515189,186327.9663,11710793.809,340687.74318,23644835.018,0.0,0.0,0.0,-2.7314995561e-08,1.0063225971e-08,-4.8029016428e-09,2.407480062e-07,0.0,0.0,3.8756583388e-07,0.0,0.0,0.0,0.0,7.2738608802e-09,0.2395423472,0.0098995594187,-0.021161294199,0.013144965169
rae5215,ok,,3.2095349531,284749615.61,56628.719833,184483.88791,11827958.805,350369.93741,24358042.94,0.0,0.0,0.0,-2.7013684909e-08,9.909258311e-09,-1.9900135783e-08,2.383907022e-07,0.0,0.0,1.6661768499e-07,0.0,0.0,0.0,0.0,1.3880247649e-08,0.24456434953,0.010654409364,-0.0094353462026,0.013499760286
rae69ck,ok,,3.1836274983,282451108.84,82838.389645,268073.19371,11682587.012,515269.46555,23673650.846,0.0,0.0,0.0,-3.6963250045e-09,1.0199984952e-08,-4.9497853125e-08,5.4607468756e-08,0.0,0.0,-5.1962574394e-07,0.0,0.0,0.0,0.0,2.6466219737e-08,0.2426183001,0.005214237641,0.043044959846,0.0045235947744
raf15,ok,,3.1788144502,282024095.71,30275.93813,102696.55815,11752023.551,178746.78577,23738235.393,0.0,0.0,0.0,-1.0906113581e-07,1.1940575907e-08,9.098412376e-08,9.6166636776e-07,0.0,0.0,-1.4230158311e-06,0.0,0.0,0.0,0.0,-8.2005723298e-08,0.24543777802,0.015900079883,0.04308313926,0.029115351452
raf19,ok,,3.2851179692,291455333.14,48480.827745,452884.03085,11706988.496,550026.93266,25296233.181,0.0,0.0,0.0,-1.3362924635e-07,1.4283057814e-08,9.5904777764e-08,2.54653271e-06,0.0,0.0,1.8228938359e-07,0.0,0.0,0.0,0.0,-6.6240593973e-08,0.23765777467,0.064929062799,-0.0088375402054,0.12345801366
raf25,ok,,3.1530164141,279735296.56,25579.182229,84636.881466,11672254.737,154118.36416,23194394.224,0.0,0.0,0.0,-4.3469362099e-08,1.0576679486e-08,-1.1209081686e-08,4.7808563208e-07,0.0,0.0,-6.7902699278e-07,0.0,0.0,0.0,0.0,1.588902218e-09,0.24556655694,0.0067595614814,0.017368955187,0.012229039504
raf26,ok,,3.1610118627,280444651.95,27210.204081,94860.089879,11689629.147,169148.01695,23348251.032,0.0,0.0,0.0,-8.3109350285e-08,1.0514314611e-08,-4.1069438811e-08,9.1013894144e-07,0.0,0.0,-1.4859815868e-06,0.0,0.0,0.0,0.0,2.7039002952e-09,0.24637829188,0.014170468198,0.040433862236,0.024765066338
raf27,ok,,3.177079781,281870196.04,58958.934949,186208.0805,11718256.869,351878.54851,23647398.341,0.0,0.0,0.0,-7.6830671001e-16,1.0336671626e-08,-1.2517194543e-14,-1.8976157459e-14,0.0,0.0,-3.4533044304e-07,0.0,0.0,0.0,0.0,3.0782436247e-15,0.24443539146,5.3511521924e-10,0.020360315127,-1.1188140332e-09
raf30,ok,,3.201103366,284001566.06,95829.311614,304178.26253,11745331.382,584340.74129,24067393.572,0.0,0.0,0.0,1.588447604e-16,1.006983471e-08,3.0428802085e-15,8.5648846822e-14,0.0,0.0,-1.4289855937e-07,0.0,0.0,0.0,0.0,5.4216882288e-15,0.24235467516,6.7498760919e-10,0.013693870575,8.2076700315e-09
raf28,ok,,3.1800411476,282132928.18,58706.091972,193923.24062,11714156.691,360499.96415,23684005.073,0.0,0.0,0.0,-3.7320325257e-08,1.0481023945e-08,1.1832031788e-08,3.9167804919e-07,0.0,0.0,-3.8401196893e-07,0.0,0.0,0.0,0.0,-1.2153306651e-08,0.24435520694,0.012383631997,0.022543841966,0.022993887579
raf31,ok,,3.2047944075,284329034.88,96913.127783,315758.92388,11742046.859,601494.61067,24117612.21,0.0,0.0,0.0,-2.2209909354e-08,1.0034228615e-08,-8.1103005266e-09,2.4708709387e-07,0.0,0.0,-2.1781161574e-07,0.0,0.0,0.0,0.0,1.6404612014e-09,0.24252993405,0.013598465574,0.021108804948,0.023945983101
raf30md,ok,,3.1561814383,280016097.19,34544.057426,112102.95293,11673480.199,207040.7719,23244260.64,0.0,0.0,0.0,-7.3513102216e-15,1.0524975215e-08,7.4603864589e-15,-7.9058676338e-15,0.0,0.0,-2.506145601e-07,0.0,0.0,0.0,0.0,-1.2418640061e-14,0.24464526713,8.9299763754e-10,0.0086572437557,-2.7310074554e-10
raf32,ok,,3.2164836532,285366103.58,95854.929457,358380.0485,11705385.62,649176.83564,24224793.343,0.0,0.0,0.0,-5.1197587693e-08,9.9913220019e-09,-2.5969793961e-08,6.1027693884e-07,0.0,0.0,-4.1878199205e-07,0.0,0.0,0.0,0.0,1.1270656492e-09,0.24294502571,0.033414060702,0.040142318305,0.058498052922
raf32md,ok,,3.1905961328,283069365.4,62128.281452,233727.49119,11699777.318,414712.68322,23816722.498,0.0,0.0,0.0,-6.4127138675e-08,1.020563349e-08,-2.8025629069e-08,7.5478061023e-07,0.0,0.0,-5.6415620374e-07,0.0,0.0,0.0,0.0,1.1853955503e-09,0.2438154986,0.026714203668,0.035050055408,0.046893222187
raf34,ok,,3.2046234528,284313867.81,95845.453709,312036.1001,11741440.703,594096.27147,24112773.575,0.0,0.0,0.0,-2.3899860172e-08,1.0416285509e-08,4.3137610755e-08,2.2877438313e-07,0.0,0.0,-1.4173340165e-07,0.0,0.0,0.0,0.0,-2.6262082015e-08,0.24211140791,0.01042394825,0.013584502187,0.021926984548
raf33,ok,,3.2234574295,285984816.31,96783.978338,352266.07838,11728850.373,646330.01221,24372640.577,0.0,0.0,0.0,-5.1140838702e-08,1.1727852898e-08,8.5482258661e-08,5.367389517e-07,0.0,0.0,-1.5564296505e-07,0.0,0.0,0.0,0.0,-5.5355391596e-08,0.24086753073,0.024468353914,0.015063745358,0.051947731075
raf38,ok,,3.2015976406,284045418.05,94711.414893,313987.23087,11721107.399,593514.06222,24027095.853,0.0,0.0,0.0,-3.0978350324e-08,1.0392549154e-08,2.1796798249e-08,3.1724924997e-07,0.0,0.0,-2.1594459019e-07,0.0,0.0,0.0,0.0,-1.6052860757e-08,0.24258795135,0.016076302349,0.020452417676,0.030047125339
raf48,ok,,3.2303282948,286594398.78,133122.68024,437033.85098,11761389.31,841678.9639,24550924.646,0.0,0.0,0.0,-2.6146341595e-08,1.0155305998e-08,2.6777976708e-08,2.631537683e-07,0.0,0.0,-1.0430041119e-07,0.0,0.0,0.0,0.0,-1.6827507755e-08,0.24017865231,0.018608955479,0.013884750288,0.035031734952
raf6,ok,,3.2180711238,285506943.81,72392.940204,244294.28874,11797539.811,456179.97286,24438423.187,0.0,0.0,0.0,-8.4265667469e-08,1.1765201088e-08,1.6896214426e-08,7.7120027102e-07,0.0,0.0,-1.1410653036e-06,0.0,0.0,0.0,0.0,-4.4649950755e-08,0.24545627459,0.033454904666,0.082605072292,0.055829455105
raf69,ok,,3.280429051,291039332.78,245100.39766,773126.35781,11759974.716,1568396.5834,25333914.193,0.0,0.0,0.0,-7.525326682e-09,9.3432931689e-09,8.2195147178e-10,8.1661349838e-08,0.0,0.0,-8.4694178731e-08,0.0,0.0,0.0,0.0,-1.3063147775e-09,0.23631052902,0.011318589653,0.020758576886,0.020015229318
raf6prop_sm,ok,,3.2598275709,289211571.56,106740.97422,346307.70852,11900253.097,668054.284,25301209.238,0.0,0.0,0.0,-7.6906504376e-08,1.186027846e-08,2.1494114276e-08,6.6296780364e-07,0.0,0.0,-7.8888258128e-07,0.0,0.0,0.0,0.0,-4.1567699273e-08,0.24580689448,0.044587134533,0.084206095272,0.070765829237
raf89,ok,,3.3361423099,295982207.47,354884.22027,1098164.4496,11764592.635,2321305.544,26228665.233,0.0,0.0,0.0,-4.7351524738e-09,8.8455609944e-09,-7.4088979044e-10,5.3272170906e-08,0.0,0.0,-7.5713319596e-08,0.0,0.0,0.0,0.0,-3.2470653278e-10,0.23191350109,0.010816939236,0.026869462389,0.018905452834
rc0864c,ok,,3.1885913088,282891497.61,45097.778409,133425.49152,11787678.981,261449.61794,23957896.08,0.0,0.0,0.0,-2.8637763365e-08,1.0426007135e-08,1.2056037342e-08,2.5406635297e-07,0.0,0.0,-2.0228207366e-06,0.0,0.0,0.0,0.0,-1.9283248263e-08,0.24631973317,0.0062456477489,0.09122472134,0.011457828087
rc08b3,ok,,3.1849689443,282570121.8,46432.937886,137745.13513,11773037.129,268552.08289,23874071.037,0.0,0.0,0.0,-3.1100277302e-08,1.0603622908e-08,2.9941964984e-08,2.7196578698e-07,0.0,0.0,-2.0036246564e-06,0.0,0.0,0.0,0.0,-3.0217026795e-08,0.24710959206,0.0063472108427,0.093034179217,0.012628170494
rc08n1,ok,,3.1784554614,281992246.26,37607.465214,122157.23372,11739854.32,232166.539,23706790.633,0.0,0.0,0.0,-5.3657932863e-08,1.1287379795e-08,1.0336867223e-07,4.677758813e-07,0.0,0.0,-1.1739360203e-06,0.0,0.0,0.0,0.0,-6.8928034326e-08,0.24716186908,0.0085044987874,0.044148758048,0.017591865184
rc1064c,ok,,3.1981859437,283742732.65,70287.852322,206648.06398,11788733.103,409148.03954,24108526.159,0.0,0.0,0.0,-1.8581758462e-08,1.0311824424e-08,9.7437558881e-09,1.6388253525e-07,0.0,0.0,-1.3069782399e-06,0.0,0.0,0.0,0.0,-1.3308802501e-08,0.2461560243,0.0062624928209,0.091864693513,0.011518951436
rc10b3,ok,,3.2011185238,284002910.85,72268.427614,214750.70422,11796252.71,422375.09835,24168690.006,0.0,0.0,0.0,-3.1190426394e-08,1.057385332e-08,3.0904814691e-08,2.6928260971e-07,0.0,0.0,-1.3296700767e-06,0.0,0.0,0.0,0.0,-3.0650757384e-08,0.24575338821,0.0099942125207,0.09609316569,0.019460630787
rc1264c,ok,,3.2124356566,285006965.73,101556.55879,295599.85799,11808206.854,592335.55279,24368474.468,0.0,0.0,0.0,-1.2875969052e-08,1.0121229779e-08,6.2047938623e-09,1.1126171857e-07,0.0,0.0,-9.3965500362e-07,0.0,0.0,0.0,0.0,-8.8868742834e-09,0.24498024774,0.0063374953734,0.095428128619,0.011299357264
rc10n1,ok,,3.1913019994,283131989.81,58706.942803,186931.86379,11755363.279,361802.50947,23933509.165,0.0,0.0,0.0,-3.2769925274e-08,1.0794323951e-08,6.3709212477e-08,2.8791572527e-07,0.0,0.0,-7.6508145544e-07,0.0,0.0,0.0,0.0,-4.1873445318e-08,0.24640376136,0.0081251384735,0.044915593244,0.016902652015
rc12b3,ok,,3.2177499344,285478447.92,104526.8021,312098.18695,11807576.692,618742.03703,24449696.737,0.0,0.0,0.0,-2.6483715405e-08,1.0464718029e-08,2.6970616909e-08,2.4163207459e-07,0.0,0.0,-9.5216581011e-07,0.0,0.0,0.0,0.0,-2.7427614706e-08,0.24479476368,0.012235886098,0.099526847202,0.025257028043
rc12n1,ok,,3.2045457997,284306978.43,84651.778299,265978.74528,11764633.952,522365.19649,24155048.917,0.0,0.0,0.0,-2.0607770365e-08,1.0443807817e-08,3.9896429046e-08,1.8486935535e-07,0.0,0.0,-5.583065216e-07,0.0,0.0,0.0,0.0,-2.6258489404e-08,0.24539433395,0.0074002488461,0.047261639889,0.015649519684
rc410,ok,,3.212018397,284969946.5,65288.64884,214793.06121,11816381.079,403984.65558,24375356.168,0.0,0.0,0.0,-4.1560764435e-08,1.0757208721e-08,8.276529581e-08,3.9062783654e-07,0.0,0.0,5.799150434e-08,0.0,0.0,0.0,0.0,-4.5967775507e-08,0.24330603776,0.012275957151,-0.0037861869626,0.025503563647
rc510,ok,,3.2038022919,284241014.49,62098.872408,202759.55546,11791278.246,384935.53864,24197289.655,0.0,0.0,0.0,-4.5748345637e-08,1.1012664347e-08,8.397446308e-08,4.1846874857e-07,0.0,0.0,-2.8583777717e-07,0.0,0.0,0.0,0.0,-5.1120323132e-08,0.24458843054,0.012802185288,0.017750203654,0.025986437424
rcsc2,ok,,3.2077624788,284592361.87,74580.445909,216256.26461,11830172.23,427461.80638,24339861.284,0.0,0.0,0.0,-9.0727891129e-09,1.0029032097e-08,-1.5642645245e-08,8.6375165802e-08,0.0,0.0,-1.0775890002e-06,0.0,0.0,0.0,0.0,4.6412745247e-09,0.24454239244,0.0043634524868,0.080367068138,0.0064418983809
rg12,ok,,3.1676212827,281031039.03,53900.038913,174752.27944,11683918.308,326231.09838,23437767.263,0.0,0.0,0.0,-3.276902872e-08,1.044261465e-08,4.994885671e-09,2.9876503005e-07,0.0,0.0,-4.4328339732e-07,0.0,0.0,0.0,0.0,-7.3774196322e-09,0.24290167578,0.010105733515,0.023892992365,0.016103446745
rg12a,ok,,3.1669534736,280971791.07,50791.620615,166361.08912,11683247.135,308890.03002,23426324.094,0.0,0.0,0.0,-4.6350708215e-08,1.0581692435e-08,1.5790453072e-08,4.1158304769e-07,0.0,0.0,-4.7124695059e-07,0.0,0.0,0.0,0.0,-1.4964022218e-08,0.24286584066,0.013194973796,0.02393539633,0.02090497001
rg12a189,ok,,3.1669549034,280971917.92,50791.914981,166359.0224,11683257.033,308886.72,23426345.277,0.0,0.0,0.0,-4.6350405804e-08,1.0581611922e-08,1.5778764427e-08,4.1155934587e-07,0.0,0.0,-4.7141618457e-07,0.0,0.0,0.0,0.0,-1.4958871773e-08,0.24286599195,0.01319512447,0.023944130767,0.020903887305
rg14,ok,,3.1635706967,280671671.44,45408.459392,149013.51303,11681377.486,274478.18112,23371669.898,0.0,0.0,0.0,-4.4188049917e-08,1.0612045005e-08,2.1242689364e-08,4.1274190757e-07,0.0,0.0,-4.2474415092e-07,0.0,0.0,0.0,0.0,-1.7356744314e-08,0.24309545355,0.010970789214,0.019286977529,0.018741974149
rg1410,ok,,3.1788497003,282027223.1,63474.236203,204883.27309,11712970.984,383289.9657,23664800.421,0.0,0.0,0.0,-3.2000185289e-08,1.0400706685e-08,1.7885498605e-08,2.9393379662e-07,0.0,0.0,-2.7929316921e-07,0.0,0.0,0.0,0.0,-1.3297369189e-08,0.24226449355,0.011030880078,0.017727920592,0.018657223235
rg149,ok,,3.1695822974,281205020.05,51426.131717,167468.42911,11696116.139,310152.01874,23491104.771,0.0,0.0,0.0,-3.9571299186e-08,1.053449061e-08,2.20718607e-08,3.6341205357e-07,0.0,0.0,-3.3335527682e-07,0.0,0.0,0.0,0.0,-1.6475424409e-08,0.24271025949,0.011033188485,0.017143172374,0.018688876134
rg1495,ok,,3.1742068732,281615311.94,57302.480335,185756.56934,11704764.193,345734.224,23578138.943,0.0,0.0,0.0,-3.5487498623e-08,1.0466396601e-08,1.9803326092e-08,3.2587349789e-07,0.0,0.0,-3.0507674969e-07,0.0,0.0,0.0,0.0,-1.4763253596e-08,0.24250082699,0.011031770976,0.01748165445,0.018673359705
rg15,ok,,3.1649818801,280796871.5,48202.012823,162492.94459,11675665.829,297313.174,23381785.622,0.0,0.0,0.0,-4.5677793377e-08,1.0454101237e-08,6.0052035854e-09,4.4004110162e-07,0.0,0.0,-1.5286518023e-07,0.0,0.0,0.0,0.0,-5.6427433017e-09,0.24264306662,0.013173574252,0.0073684093774,0.021210866823
rg14a147,ok,,3.1498341739,279452968.53,30916.564488,102357.14534,11653435.799,186061.06478,23111046.637,0.0,0.0,0.0,-5.8987169966e-08,1.0827788116e-08,3.5973924688e-08,5.3604960445e-07,0.0,0.0,-5.7625201131e-07,0.0,0.0,0.0,0.0,-2.7015791347e-08,0.24338262098,0.0097520801648,0.017815732469,0.016572812165
rg15a111,ok,,3.1839246698,282477473.87,73147.32026,241671.58842,11707075.027,451502.39499,23730168.297,0.0,0.0,0.0,-3.1252498743e-08,1.0265872139e-08,7.2108280652e-09,2.9532925991e-07,0.0,0.0,-1.0773792761e-07,0.0,0.0,0.0,0.0,-5.430412078e-09,0.2417910268,0.013517826979,0.007880740695,0.021602543956
rg15a213,ok,,3.2060715065,284442338.98,101897.91101,335977.88141,11734734.3,637183.59034,24123904.938,0.0,0.0,0.0,-3.0993903619e-08,1.0084483709e-08,7.1654992565e-09,2.9385958772e-07,0.0,0.0,-1.0704470638e-07,0.0,0.0,0.0,0.0,-5.7235296091e-09,0.24054700842,0.018871804296,0.010907631965,0.02994367812
rg8,ok,,3.1832072197,282413821.77,68243.001405,231483.34045,11702575.679,427704.34929,23710010.986,0.0,0.0,0.0,-3.6426625135e-08,1.0074660513e-08,-1.8286133395e-08,3.6869106155e-07,0.0,0.0,-7.0004589589e-08,0.0,0.0,0.0,0.0,9.5247869811e-09,0.2423847101,0.016567531098,0.0047773233056,0.025160584631
rhodesg30,ok,,3.1905997829,283069689.23,58980.104194,211380.05368,11725968.521,378172.92825,23869521.335,0.0,0.0,0.0,-1.1232006768e-07,1.4238913893e-08,1.623681348e-07,9.7803925146e-07,0.0,0.0,-5.6582607573e-08,0.0,0.0,0.0,0.0,-9.4946095413e-08,0.24316518385,0.033789632817,0.0033372480902,0.057684856957
rhodesg32,ok,,3.2173334358,285441496.21,87904.376422,312105.88211,11760275.652,570370.69811,24349341.988,0.0,0.0,0.0,-9.058604345e-08,1.386455301e-08,1.3029891774e-07,7.9858774916e-07,0.0,0.0,-6.8169188103e-08,0.0,0.0,0.0,0.0,-7.5864057246e-08,0.2415017176,0.041297025234,0.0059923699714,0.070199358108
rhodesg34,ok,,3.2455469194,287944593.61,121499.51987,428339.85,11785562.0,799841.51607,24839506.302,0.0,0.0,0.0,-7.5982495118e-08,1.3544227518e-08,1.1011501316e-07,6.7901803712e-07,0.0,0.0,-6.5178872755e-08,0.0,0.0,0.0,0.0,-6.3500177713e-08,0.23967314341,0.04873118714,0.0079192017455,0.082500365494
rhodesg36,ok,,3.272070758,290297785.88,161177.72781,564624.02216,11788220.6,1075454.1297,25264067.129,0.0,0.0,0.0,-6.5118250864e-08,1.3233175097e-08,9.2757043701e-08,5.8847811634e-07,0.0,0.0,-8.2485736623e-08,0.0,0.0,0.0,0.0,-5.4107162773e-08,0.23740604407,0.056417356298,0.013294863606,0.094849565657
s1010,ok,,3.1444787931,278977839.69,24356.390824,79929.216995,11649987.961,142065.62345,23025030.56,0.0,0.0,0.0,-7.7059749092e-14,1.0509495771e-08,2.7781229317e-13,5.7909791004e-13,0.0,0.0,6.4124730034e-07,0.0,0.0,0.0,0.0,-6.8582035273e-14,0.2419814613,8.5898797204e-09,-0.015618469862,1.4104735022e-08
s1012,ok,,3.1904017442,283052119.25,99141.922142,304885.40213,11709810.163,592269.66142,23835721.352,0.0,0.0,0.0,-1.2131523818e-14,1.007541469e-08,-4.4752264204e-14,1.582049527e-13,0.0,0.0,-6.1240462829e-07,0.0,0.0,0.0,0.0,-1.3014122688e-14,0.24015477705,5.3340516935e-09,0.060714971977,1.5684743103e-08
s1020,ok,,3.2311363289,286666087.48,131837.44945,462299.55937,11709960.948,875006.36407,24459832.471,0.0,0.0,0.0,-4.0018113567e-08,9.7653824029e-09,-2.5629389756e-08,4.4498442903e-07,0.0,0.0,-3.5208659122e-07,0.0,0.0,0.0,0.0,2.8671231235e-09,0.24131371512,0.035621732585,0.046418198174,0.05866561217
s1016,ok,,3.2385535513,287324142.7,203795.81839,615400.38084,11718400.004,1249611.4855,24595952.637,0.0,0.0,0.0,3.8970316519e-15,9.6806249441e-09,6.6838176751e-14,5.5594653794e-14,0.0,0.0,-4.014924384e-07,0.0,0.0,0.0,0.0,2.2284723737e-14,0.23810419262,1.7607706883e-09,0.081822480064,1.1329957968e-08
s1014,ok,,3.2242252579,286052937.96,177271.78697,539648.97092,11696978.285,1088498.4882,24327879.757,0.0,0.0,0.0,1.0371833324e-14,9.8297384978e-09,1.2502074723e-14,1.0405268664e-13,0.0,0.0,-4.9110479834e-07,0.0,0.0,0.0,0.0,3.8638945718e-14,0.23913669622,-1.2320099381e-09,0.087059025193,1.84456057e-08
s102b,ok,,3.229400182,286512056.7,123664.40387,399969.13459,11758869.652,794148.81703,24524787.362,0.0,0.0,0.0,-2.0068842679e-08,9.9357250844e-09,-5.2579414522e-09,1.8000094614e-07,0.0,0.0,-2.7224506989e-07,0.0,0.0,0.0,0.0,2.1331921529e-10,0.24375491729,0.015978941985,0.033667024274,0.0222597097
s102s,ok,,3.2017793582,284061540.02,125176.97197,408938.40393,11658525.825,793848.95404,23901676.184,0.0,0.0,0.0,-2.0030804787e-08,1.0004611031e-08,-7.8843316854e-09,1.7633764619e-07,0.0,0.0,-3.4169752083e-07,0.0,0.0,0.0,0.0,7.7853613225e-10,0.23942277766,0.016049412646,0.042772660988,0.022073412595
s1046,ok,,3.2291989432,286494202.82,153757.1336,519230.88979,11712414.833,992210.58429,24433224.326,0.0,0.0,0.0,3.9007185504e-15,9.7009860497e-09,7.7530475849e-14,3.3629940498e-14,0.0,0.0,1.5479411053e-07,0.0,0.0,0.0,0.0,1.9012845678e-14,0.23702636834,6.0110817243e-10,-0.023800698733,5.1708432541e-09
s1048,ok,,3.1987157567,283789737.6,104747.38999,355261.45366,11696087.529,664712.84599,23932533.614,0.0,0.0,0.0,-1.7101327636e-14,1.0019926337e-08,-1.6060296538e-14,9.0829570222e-14,0.0,0.0,2.2584957407e-07,0.0,0.0,0.0,0.0,-2.8834794727e-14,0.23980222386,6.7712168784e-09,-0.023657153414,9.5141604145e-09
s1091,ok,,3.1924186663,283231060.38,11855.652111,152978.29608,11707552.08,153484.73327,23855757.606,0.0,0.0,0.0,-2.8529181627e-07,1.4277284234e-08,-1.0164021315e-07,6.1820217241e-06,0.0,0.0,-2.5211564546e-06,0.0,0.0,0.0,0.0,-9.3526093504e-08,0.24282794174,0.040310547074,0.029889953844,0.073291898905
s1210,ok,,3.2333211229,286859922.19,57320.585644,354485.8076,11700670.138,512855.07158,24473212.608,0.0,0.0,0.0,-9.6619022689e-08,8.9073969904e-09,6.7384116992e-08,1.4352155303e-06,0.0,0.0,1.0934902324e-06,0.0,0.0,0.0,0.0,1.6864954507e-08,0.23842785212,0.051617728926,-0.062679500515,0.082267394724
s1221-4deg-flap,ok,,3.2140538696,285150533.43,52362.37173,302966.69433,11690501.715,440291.11644,24157776.726,0.0,0.0,0.0,-8.9741440365e-08,9.4280821947e-09,1.1973531472e-07,1.213137545e-06,0.0,0.0,2.0764558032e-06,0.0,0.0,0.0,0.0,9.8266642965e-09,0.23713701502,0.040539127288,-0.10872815065,0.063522759093
s1221,ok,,3.2049125255,284339514.3,52013.070151,285637.70993,11683292.451,422675.10536,24001807.898,0.0,0.0,0.0,-9.2578248486e-08,8.8387651145e-09,1.0693882141e-07,1.1324890445e-06,0.0,0.0,2.4540555716e-06,0.0,0.0,0.0,0.0,2.5354170562e-08,0.23593425799,0.041663799741,-0.1276429646,0.058904232119
s1223,ok,,3.2808783531,291079194.83,55502.87824,413343.26542,11788387.518,560749.24862,25402140.885,0.0,0.0,0.0,-1.1072598227e-07,8.8646373054e-09,8.8604254569e-08,1.8534574085e-06,0.0,0.0,9.6960908716e-07,0.0,0.0,0.0,0.0,8.5594740071e-09,0.23867551912,0.063236576414,-0.053816095105,0.10287222087
s1223rtl,ok,,3.2884606748,291751897.64,67991.567755,440615.3153,11797397.582,632717.57498,25543014.357,0.0,0.0,0.0,-9.891754549e-08,9.3365072248e-09,9.400628539e-08,1.4956285554e-06,0.0,0.0,9.1268717883e-07,0.0,0.0,0.0,0.0,-1.656035225e-11,0.23845606373,0.062584370964,-0.062055032159,0.10169013026
s2027,ok,,3.1993032618,283841860.99,114753.99506,399833.49811,11655035.647,745200.53601,23860457.86,0.0,0.0,0.0,-2.866716593e-08,1.0256791011e-08,2.4002472149e-08,2.9279829646e-07,0.0,0.0,2.27244522e-08,0.0,0.0,0.0,0.0,-1.3209615619e-08,0.23797396493,0.019022119169,-0.0026077216754,0.033599774264
s2046,ok,,3.1571365689,280100836.28,44205.42726,171412.60796,11630141.041,292260.00046,23175765.04,0.0,0.0,0.0,-6.1675357676e-08,1.0142047841e-08,1.1380692768e-08,6.7762834529e-07,0.0,0.0,8.6083058189e-07,0.0,0.0,0.0,0.0,9.3774505955e-09,0.23896534779,0.018680303435,-0.038053383671,0.029954850527
s2048,ok,,3.1587584612,280244730.4,46223.715103,155537.79848,11655358.668,284448.26887,23249175.598,0.0,0.0,0.0,-5.0352775726e-08,1.0390125744e-08,-1.6090096904e-08,4.9843969116e-07,0.0,0.0,-5.7960530961e-07,0.0,0.0,0.0,0.0,1.9908760894e-09,0.242224726,0.01445993675,0.026791510703,0.02303973428
s2050,ok,,3.1578279306,280162173.82,46852.698027,160590.40495,11652292.813,289840.70248,23228929.746,0.0,0.0,0.0,-3.273906342e-08,1.0291479316e-08,-9.0238093106e-09,3.1283973669e-07,0.0,0.0,3.643630602e-07,0.0,0.0,0.0,0.0,7.7966893123e-09,0.24077737519,0.010033273233,-0.017071392432,0.014657385714
s2055,ok,,3.1562873911,280025497.31,43130.950288,139097.19304,11660233.365,257660.6719,23221839.596,0.0,0.0,0.0,-4.9977588915e-08,1.0657587326e-08,4.4512572691e-09,4.6592719237e-07,0.0,0.0,-1.1711986239e-06,0.0,0.0,0.0,0.0,-1.615245473e-08,0.24265432099,0.011867575555,0.050514909625,0.020095882572
s2060,ok,,3.1550395541,279914789.34,39067.638753,136247.61284,11652148.881,242529.94727,23187179.885,0.0,0.0,0.0,-5.2622875582e-08,1.0399520769e-08,-2.1180546628e-09,5.5676118502e-07,0.0,0.0,5.5005768567e-08,0.0,0.0,0.0,0.0,1.5647531618e-09,0.24159857991,0.012854311652,-0.0021489454957,0.021751344848
s3,ok,,3.1846613338,282542830.62,68134.530796,232632.39013,11706155.997,427787.85234,23739192.952,0.0,0.0,0.0,-3.3246739615e-08,1.0719037242e-08,7.3357350466e-08,2.6123218569e-07,0.0,0.0,3.815242771e-07,0.0,0.0,0.0,0.0,-3.7591847183e-08,0.24170205526,0.010338382874,-0.025994977607,0.017798932401
s2062,ok,,3.1537564114,279800949.05,39268.237375,135248.77635,11649053.531,242068.36836,23162068.736,0.0,0.0,0.0,-5.0459338127e-08,1.0450385169e-08,-1.1221234338e-09,5.2646297727e-07,0.0,0.0,-8.6062225194e-08,0.0,0.0,0.0,0.0,-7.8995308136e-10,0.24182904058,0.012168366908,0.003379511888,0.020673273161
s2091,ok,,3.1687820077,281134018.43,56035.602891,230726.89439,11622255.177,386037.06246,23335660.79,0.0,0.0,0.0,-7.5950064502e-08,1.1046801348e-08,7.5679015156e-08,8.6479914684e-07,0.0,0.0,5.6050024663e-07,0.0,0.0,0.0,0.0,-3.1107718857e-08,0.23646298695,0.026483803102,-0.03140796924,0.048459541572
s3002,ok,,3.1661068637,280896679.92,57882.065155,212494.40796,11639475.661,375462.88286,23329530.647,0.0,0.0,0.0,-6.3178765449e-08,1.0592320291e-08,3.6750487138e-08,6.3184865927e-07,0.0,0.0,2.1975579695e-07,0.0,0.0,0.0,0.0,-1.7253876521e-08,0.23755491512,0.022183301718,-0.012719919357,0.036572705264
s3010,ok,,3.1616076693,280497511.85,57516.696624,220242.76006,11619461.754,378230.80358,23222565.154,0.0,0.0,0.0,-5.7709463266e-08,1.0840391758e-08,7.4419956072e-08,6.0941487651e-07,0.0,0.0,7.6731976425e-07,0.0,0.0,0.0,0.0,-2.9486792368e-08,0.23676329457,0.019189346577,-0.044133698093,0.03505153057
s3014,ok,,3.1701859823,281258578.91,53398.492686,190914.09114,11671046.196,340452.35351,23451467.853,0.0,0.0,0.0,-5.8134317959e-08,1.0954699723e-08,6.0905961578e-08,6.0168071639e-07,0.0,0.0,1.0487208944e-07,0.0,0.0,0.0,0.0,-3.3904292889e-08,0.24113235131,0.017010923928,-0.0056000115009,0.032128843333
s3016,ok,,3.1681381191,281076892.69,53412.664281,187624.791,11670387.984,336467.66506,23419262.583,0.0,0.0,0.0,-4.8237213676e-08,1.076597582e-08,5.6082781647e-08,4.9295069849e-07,0.0,0.0,2.4172815968e-07,0.0,0.0,0.0,0.0,-2.8987860137e-08,0.24108856903,0.013880150495,-0.01291134504,0.026329810166
s3021,ok,,3.1729251855,281501600.74,52785.209094,191129.13081,11677083.662,339139.28934,23503887.234,0.0,0.0,0.0,-6.5831938334e-08,1.1074186958e-08,6.0746474879e-08,6.8073127982e-07,0.0,0.0,5.0662272577e-08,0.0,0.0,0.0,0.0,-3.5596390155e-08,0.24156865554,0.019412818497,-0.0026742186511,0.035932542942
s3024,ok,,3.1742696235,281620879.14,60100.040429,220508.53064,11658665.244,391532.31956,23489814.482,0.0,0.0,0.0,-6.7114509737e-08,1.0929055947e-08,2.6809524719e-08,7.2129232658e-07,0.0,0.0,-4.0364040546e-07,0.0,0.0,0.0,0.0,-2.6330516337e-08,0.24044114081,0.023801305069,0.024258804687,0.043349697989
s3025,ok,,3.1775518632,281912079.12,52236.703817,196959.09306,11681913.01,344401.26366,23583661.407,0.0,0.0,0.0,-7.832188273e-08,1.1110758521e-08,4.9616971224e-08,8.3625249712e-07,0.0,0.0,-7.6932834241e-08,0.0,0.0,0.0,0.0,-3.2515602752e-08,0.24131423615,0.024274908196,0.004018717676,0.043683074009
s4022,ok,,3.1981780566,283742032.91,72373.177716,269998.97965,11701825.204,487113.25186,23937028.571,0.0,0.0,0.0,-6.2247737677e-08,9.8258377339e-09,-3.8909005235e-08,6.9436800331e-07,0.0,0.0,-4.0912100917e-07,0.0,0.0,0.0,0.0,1.0903575271e-08,0.24310852428,0.031613824759,0.029609387504,0.050253618904
s4053,ok,,3.1743567382,281628607.95,48950.612251,174179.52247,11691526.659,312909.24013,23553708.708,0.0,0.0,0.0,-7.0929250006e-08,1.0878316731e-08,2.4328929878e-08,7.4171589924e-07,0.0,0.0,-5.0679790383e-07,0.0,0.0,0.0,0.0,-2.5350192303e-08,0.24295627525,0.020268505953,0.02480806768,0.036307447384
s4061,ok,,3.1598237927,280339246.5,52453.281383,216032.45274,11597168.366,361365.46425,23152613.265,0.0,0.0,0.0,-7.7753572113e-08,1.0936340045e-08,4.715304899e-08,9.0769499868e-07,0.0,0.0,1.9526367802e-07,0.0,0.0,0.0,0.0,-2.4301547673e-08,0.23737613925,0.026014918349,-0.010242220647,0.047611581176
s4062,ok,,3.1663858534,280921431.86,55627.262152,222863.587,11615126.334,379852.46201,23286277.823,0.0,0.0,0.0,-7.6412745956e-08,1.0665713317e-08,3.748909902e-09,8.9521785261e-07,0.0,0.0,-3.8997011579e-07,0.0,0.0,0.0,0.0,-1.4309714961e-08,0.23868540322,0.027729008846,0.021692969862,0.04979851817
s4083,ok,,3.1841697148,282499214.24,32347.779562,139578.61983,11731767.829,226349.51738,23780995.641,0.0,0.0,0.0,-1.1836653653e-07,1.1477322944e-08,1.4417556452e-07,1.3303544173e-06,0.0,0.0,1.7711870685e-06,0.0,0.0,0.0,0.0,-4.5351842994e-08,0.2440174076,0.024289864471,-0.057293968855,0.04303401143
s4094,ok,,3.2347413824,286985927.46,65172.68674,204782.7185,11912503.504,386775.01507,24924015.583,0.0,0.0,0.0,-4.8360741382e-08,1.0647807904e-08,4.5033828237e-08,4.4468431835e-07,0.0,0.0,-4.6844895977e-07,0.0,0.0,0.0,0.0,-3.3092591087e-08,0.24991429746,0.015508557726,0.030530077309,0.028981271778
s4095,ok,,3.2540526291,288699219.31,70256.543303,209063.15224,11980209.595,402460.72099,25369669.892,0.0,0.0,0.0,-4.6882232427e-08,1.0611850543e-08,2.6523130235e-08,4.02501792e-07,0.0,0.0,-1.1956941191e-06,0.0,0.0,0.0,0.0,-3.3422652537e-08,0.25317083501,0.015465622938,0.084005335657,0.028278384579
s4110,ok,,3.1678551196,281051785.0,41953.724601,161500.82328,11671880.992,276220.47812,23418363.475,0.0,0.0,0.0,-8.1995990214e-08,1.0547149075e-08,2.93922214e-08,9.0279194931e-07,0.0,0.0,2.8341295752e-07,0.0,0.0,0.0,0.0,-1.1634111218e-08,0.24082363531,0.021875294267,-0.011890229168,0.037875484813
s4096,ok,,3.2980964197,292606779.95,128756.11872,351585.10739,12079699.31,722297.71764,26291569.863,0.0,0.0,0.0,-2.3378970272e-08,1.0050892191e-08,-3.2011872721e-09,1.9110716344e-07,0.0,0.0,-1.3198664267e-06,0.0,0.0,0.0,0.0,-1.508388901e-08,0.25752461273,0.014082550189,0.16994087833,0.024606216625
s4158,ok,,3.1808073755,282200907.84,73576.043225,266286.55925,11648071.918,483306.24767,23567033.357,0.0,0.0,0.0,-5.5622581155e-08,1.0784256952e-08,4.4982963842e-09,6.2101258065e-07,0.0,0.0,-7.1425157515e-07,0.0,0.0,0.0,0.0,-2.1291636411e-08,0.24063622332,0.024409141727,0.052551804767,0.045691648477
s4180,ok,,3.1461204185,279123484.48,49557.788039,224096.31702,11535437.254,354497.41672,22830798.009,0.0,0.0,0.0,-9.2762424052e-08,1.1462269028e-08,1.165205384e-07,1.0811058899e-06,0.0,0.0,1.0902438859e-06,0.0,0.0,0.0,0.0,-4.0053366749e-08,0.23156832589,0.029602107227,-0.054030075411,0.053577216542
s4233,ok,,3.1933018606,283309417.29,104241.55809,366371.56607,11645679.289,679921.81566,23750493.36,0.0,0.0,0.0,-3.5359179932e-08,1.0332997964e-08,1.3196519343e-08,3.7909035139e-07,0.0,0.0,-1.5995120046e-07,0.0,0.0,0.0,0.0,-1.1174161205e-08,0.2390188031,0.022226839973,0.016673562354,0.039516968884
s4310,ok,,3.1827553866,282373735.19,68854.34322,263967.20313,11654315.161,462529.76548,23608968.92,0.0,0.0,0.0,-6.7874753847e-08,1.1132522017e-08,5.2314792514e-08,7.3743843377e-07,0.0,0.0,-1.8893562245e-08,0.0,0.0,0.0,0.0,-3.240389245e-08,0.23874994477,0.027822142118,0.0013009038195,0.050775839022
s4320,ok,,3.163097719,280629708.91,47907.169883,213440.401,11599798.27,344789.36083,23206551.444,0.0,0.0,0.0,-9.7457461814e-08,1.1530018951e-08,9.045845298e-08,1.1481185196e-06,0.0,0.0,5.7551691134e-07,0.0,0.0,0.0,0.0,-3.9131410912e-08,0.23700810983,0.030410180541,-0.027571386442,0.055003108962
s5010,ok,,3.1606804178,280415246.19,50082.671895,190197.18654,11632529.176,328752.69764,23230661.041,0.0,0.0,0.0,-5.1681068528e-08,1.1365506302e-08,1.3283935654e-07,5.2658286897e-07,0.0,0.0,1.1081745455e-06,0.0,0.0,0.0,0.0,-6.3979246819e-08,0.23865735459,0.011975903694,-0.055500342162,0.026372677052
s5020,ok,,3.1485254051,279336854.7,36365.727233,146081.23852,11607616.973,243883.9774,22999523.902,0.0,0.0,0.0,-8.2831128516e-08,1.2429937515e-08,2.1160186554e-07,8.5927189428e-07,0.0,0.0,1.6828731024e-06,0.0,0.0,0.0,0.0,-1.0188296184e-07,0.23836751427,0.014287240365,-0.061198904209,0.031248047326
s6063,ok,,3.1299342668,277687450.79,28266.380137,101243.14297,11579473.881,175588.67156,22674526.894,0.0,0.0,0.0,-6.012848284e-08,1.078548372e-08,4.3001608625e-08,6.2061001348e-07,0.0,0.0,5.5759547277e-07,0.0,0.0,0.0,0.0,-2.059568332e-08,0.2396220149,0.0096914466135,-0.015761205596,0.017542398558
s7012,ok,,3.1515102476,279601669.62,41732.17786,153205.36357,11624506.679,267846.76439,23080472.862,0.0,0.0,0.0,-5.7854843894e-08,1.0679931195e-08,4.5331042917e-08,5.8074010453e-07,0.0,0.0,7.5031259712e-07,0.0,0.0,0.0,0.0,-1.7119508836e-08,0.24036964828,0.014394346757,-0.031312178754,0.024235549333
s6062,ok,,3.1410960689,278677724.75,37403.866171,130729.24418,11604417.081,232069.27514,22887174.52,0.0,0.0,0.0,-5.0909999452e-08,1.0743608666e-08,3.5047462494e-08,5.191793418e-07,0.0,0.0,2.9759347096e-08,0.0,0.0,0.0,0.0,-2.089080552e-08,0.24023605282,0.010650207772,-0.0011131146361,0.019419314619
s6061,ok,,3.1507407684,279533401.51,48191.869821,166276.59608,11620276.977,299838.67058,23061258.121,0.0,0.0,0.0,-4.398324066e-08,1.0687694406e-08,3.0812441925e-08,4.4292687532e-07,0.0,0.0,-1.2371730865e-07,0.0,0.0,0.0,0.0,-1.990918289e-08,0.24040781994,0.011753175968,0.0059621684328,0.021345474316
s7055,ok,,3.1883249549,282867866.72,66969.691365,240460.82801,11698423.381,435366.78211,23779768.211,0.0,0.0,0.0,-6.1084506831e-08,1.1003758111e-08,3.7592814267e-08,6.4683561079e-07,0.0,0.0,-3.4100721201e-07,0.0,0.0,0.0,0.0,-3.0922165032e-08,0.24206322718,0.023339702729,0.022837147742,0.043318381219
s8021,ok,,3.1674344345,281014461.87,33413.29427,113218.90656,11715540.799,203432.72449,23494981.11,0.0,0.0,0.0,1.3709394049e-14,1.0415432585e-08,1.1672689735e-13,3.7797766695e-14,0.0,0.0,1.1428224565e-06,0.0,0.0,0.0,0.0,3.7103183376e-14,0.24471039184,-9.4186493351e-10,-0.038185463036,1.2629479013e-09
s7075,ok,,3.1731670244,281523056.66,50504.639756,181555.64228,11683920.634,323340.68684,23522730.331,0.0,0.0,0.0,-6.9001839169e-08,1.0439684084e-08,1.3799555356e-09,7.2623886598e-07,0.0,0.0,-3.2595467781e-07,0.0,0.0,0.0,0.0,-7.8249254935e-09,0.24146161747,0.021700316831,0.016462223579,0.036678432303
s8023,ok,,3.1748559183,281672895.16,24902.805615,104765.58277,11739870.303,164799.14159,23654738.727,0.0,0.0,0.0,-5.7877767441e-15,1.0259092838e-08,-4.9174102993e-14,1.2230507753e-13,0.0,0.0,6.447935098e-06,0.0,0.0,0.0,0.0,-1.7005811913e-15,0.24267616066,8.8580959664e-10,-0.16057167436,3.0457395713e-09
s8025,ok,,3.1545096625,279867777.4,31924.219633,120660.91383,11660210.842,203535.95874,23193766.106,0.0,0.0,0.0,-1.747252244e-08,1.0465499521e-08,5.2958200956e-08,1.4027960525e-07,0.0,0.0,3.0570765398e-06,0.0,0.0,0.0,0.0,-2.4548986153e-08,0.24070334344,0.0023536472187,-0.09759478289,0.004478316928
s8035,ok,,3.2130913562,285065139.33,115908.13909,372948.59563,11757353.203,713870.03343,24277120.595,0.0,0.0,0.0,-1.5716397676e-13,9.8678494256e-09,9.4336625081e-13,-3.6024119812e-13,0.0,0.0,4.4990800516e-08,0.0,0.0,0.0,0.0,-3.4627290566e-13,0.23956297052,5.2976160163e-08,-0.005214799964,-4.1754886898e-08
s8036,ok,,3.2324150046,286779531.46,156023.75753,482623.69827,11766741.663,961599.97948,24593469.672,0.0,0.0,0.0,-1.5599697678e-08,9.920865541e-09,1.2589613287e-08,1.3873161515e-07,0.0,0.0,-2.8752224546e-07,0.0,0.0,0.0,0.0,-9.9019545507e-09,0.24031246847,0.012713680783,0.04486030111,0.021645427884
s8037,ok,,3.2351854998,287025329.51,155387.83146,487954.78441,11764770.726,967121.83043,24632624.06,0.0,0.0,0.0,-2.1628229611e-08,1.007554053e-08,2.107231397e-08,1.9875503081e-07,0.0,0.0,-2.7047358332e-07,0.0,0.0,0.0,0.0,-1.5621963084e-08,0.24007889991,0.017294048909,0.04202830358,0.03088411323
s8038,ok,,3.2068410233,284510610.43,101852.43746,323236.4934,11757985.855,623407.51587,24180536.186,0.0,0.0,0.0,-1.2409954542e-08,1.003558927e-08,1.0864560266e-08,1.0230962548e-07,0.0,0.0,-1.2326379686e-07,0.0,0.0,0.0,0.0,-6.4558012302e-09,0.24145419699,0.0067648160513,0.012554718161,0.010420484731
s8055,ok,,3.1896958958,282989496.45,91614.94491,295867.36661,11699899.443,563740.92044,23804699.325,0.0,0.0,0.0,-2.880239747e-08,1.0328537401e-08,1.6305804323e-08,2.7435198617e-07,0.0,0.0,-3.9550559453e-07,0.0,0.0,0.0,0.0,-1.4282632118e-08,0.2403308906,0.014302966642,0.036234223255,0.025134742099
s8052,ok,,3.1859444083,282656664.86,84571.546553,280042.25614,11691889.593,527201.52334,23730231.73,0.0,0.0,0.0,-2.4178029204e-08,1.0303969981e-08,2.3825170627e-08,2.2850973547e-07,0.0,0.0,-1.020898211e-07,0.0,0.0,0.0,0.0,-1.4301221393e-08,0.24017551699,0.010936496185,0.0086338940578,0.019325421731
s8064,ok,,3.1832821981,282420473.85,97519.800772,301805.72681,11677300.166,589646.72027,23662508.428,0.0,0.0,0.0,-1.366814409e-08,1.0232775914e-08,-1.1943426011e-08,1.4448194151e-07,0.0,0.0,-8.5790579014e-07,0.0,0.0,0.0,0.0,2.1491876906e-10,0.24217412841,0.0080900662623,0.083662801735,0.014089850151
s8065,ok,,3.1741352028,281608953.35,77199.265726,241844.94782,11674604.745,465819.00044,23518335.768,0.0,0.0,0.0,-1.73419281e-08,1.0312206013e-08,-1.1181480872e-08,1.8244434937e-07,0.0,0.0,-9.0599724746e-07,0.0,0.0,0.0,0.0,-5.4277398045e-10,0.24242278836,0.0080169073078,0.069942322254,0.014084569808
s8066,ok,,3.1674460167,281015489.44,62986.913988,199255.58387,11672195.276,379639.12112,23412076.996,0.0,0.0,0.0,-1.7059153e-08,1.035176346e-08,-1.0583156254e-08,1.7646895104e-07,0.0,0.0,-8.4387469099e-07,0.0,0.0,0.0,0.0,9.172636923e-10,0.24249533261,0.006560766612,0.053153062578,0.011115234641
s9000,ok,,3.1626074858,280586215.47,47893.910849,169390.7273,11659390.492,301681.59367,23315206.236,0.0,0.0,0.0,-6.0959183988e-08,1.0589269644e-08,3.1112464402e-08,5.9752582128e-07,0.0,0.0,2.4704878203e-07,0.0,0.0,0.0,0.0,-1.4472557316e-08,0.24068079858,0.017339761225,-0.011832132342,0.028617848415
s9026,ok,,3.1670594521,280981193.47,52098.736506,177158.13514,11684578.281,319125.81357,23430573.05,0.0,0.0,0.0,-3.1108573695e-13,1.0255346826e-08,1.7024481529e-12,-8.3136554919e-13,0.0,0.0,7.5097841542e-07,0.0,0.0,0.0,0.0,-7.3575988853e-13,0.24028865297,4.285571966e-08,-0.039125026587,-4.3313094687e-08
s9027,ok,,3.1563335831,280029595.46,35998.577279,126251.87322,11669408.068,220584.23097,23239543.679,0.0,0.0,0.0,-3.936249531e-13,1.0351155573e-08,2.1556016833e-12,-1.0913565777e-12,0.0,0.0,1.7539543235e-06,0.0,0.0,0.0,0.0,-9.570849384e-13,0.24055613206,3.604176534e-08,-0.063139860259,-3.92872841e-08
s9032,ok,,3.1638600225,280697340.4,45383.529472,157706.86234,11681276.122,279556.94307,23375655.023,0.0,0.0,0.0,-3.500962146e-13,1.0284480525e-08,1.8095911721e-12,-1.0251010315e-12,0.0,0.0,1.2108148039e-06,0.0,0.0,0.0,0.0,-8.5456988751e-13,0.24040646883,4.0438494851e-08,-0.054951049339,-4.6522702875e-08
s9033,ok,,3.1501432168,279480386.79,29850.859097,109354.1571,11653361.23,185600.75477,23115648.074,0.0,0.0,0.0,-4.9805657594e-13,1.0389349512e-08,2.4033661133e-12,-1.0544660131e-12,0.0,0.0,2.9397268273e-06,0.0,0.0,0.0,0.0,-1.2026370416e-12,0.24015654704,3.8834251266e-08,-0.087753371304,-3.147671638e-08
s9037,ok,,3.1656515811,280856287.3,48082.773086,184663.81763,11646589.666,317827.56692,23336503.043,0.0,0.0,0.0,-8.3385779057e-08,1.1136200884e-08,5.3444393507e-08,8.9333168043e-07,0.0,0.0,3.2252666176e-08,0.0,0.0,0.0,0.0,-3.2182084448e-08,0.23994873345,0.02405056995,-0.0015507976292,0.042953864481
s9104,ok,,3.4582877187,306818935.75,42294.959658,924359.97003,11895320.682,923706.301,28539839.796,0.0,0.0,0.0,-1.0704390369e-07,7.0508843362e-09,-2.0861257643e-07,4.1517390637e-06,0.0,0.0,-1.1140785683e-06,0.0,0.0,0.0,0.0,1.4984600715e-08,0.24347686435,0.10226743395,0.047119908101,0.17559763621
s9104BTE,ok,,3.4725038802,308080192.16,42681.873076,923848.66489,11943448.209,927561.08014,28890997.359,0.0,0.0,0.0,-1.0671311164e-07,7.1739723433e-09,-2.0774173395e-07,4.1184950011e-06,0.0,0.0,-1.1149871493e-06,0.0,0.0,0.0,0.0,1.3434602862e-08,0.24564910028,0.10206044148,0.047589739986,0.1757850809
sa7024,ok,,3.1547658697,279890508.08,27607.308151,117388.00368,11641802.11,190056.21689,23163376.883,0.0,0.0,0.0,-1.274188155e-07,1.1110150517e-08,6.9763487611e-08,1.4424866919e-06,0.0,0.0,7.058194525e-07,0.0,0.0,0.0,0.0,-2.7865403821e-08,0.24171046628,0.022937289715,-0.019485775124,0.039823174607
sa7026,ok,,3.1694020306,281189026.8,49729.941041,192880.09248,11647557.206,333828.77703,23395153.102,0.0,0.0,0.0,-8.3650597309e-08,1.0817295086e-08,-3.0352213702e-09,9.427289029e-07,0.0,0.0,-6.788364825e-07,0.0,0.0,0.0,0.0,-1.7468536028e-08,0.24165119012,0.026516702501,0.033758498251,0.046881852759
sa7025,ok,,3.1534101117,279770225.37,38357.224052,155255.86359,11613521.154,259065.89071,23089796.132,0.0,0.0,0.0,-1.0249548217e-07,1.1050306112e-08,2.3148540671e-08,1.1492130212e-06,0.0,0.0,-3.4274222929e-07,0.0,0.0,0.0,0.0,-2.4374515589e-08,0.24019488131,0.025037357156,0.013146640481,0.044080621339
sa7035,ok,,3.1568881202,280078793.94,49655.310071,178585.45346,11630398.777,315368.88126,23173677.212,0.0,0.0,0.0,-6.2870822412e-08,1.0782907346e-08,4.0783549451e-08,6.3636901124e-07,0.0,0.0,1.0803870898e-07,0.0,0.0,0.0,0.0,-2.2314516562e-08,0.23961408074,0.018142174678,-0.0053646955942,0.031599100572
sa7036,ok,,3.1585981263,280230505.5,49703.416221,181509.78736,11632445.368,318432.50872,23203494.585,0.0,0.0,0.0,-6.7356023855e-08,1.0802197368e-08,4.0687711518e-08,6.926681298e-07,0.0,0.0,1.0788408511e-07,0.0,0.0,0.0,0.0,-2.2264538981e-08,0.23955541294,0.019750965585,-0.005362207586,0.034427972359
sa7038,ok,,3.1615765289,280494749.08,49764.067309,187877.31036,11633908.878,324938.64697,23251326.615,0.0,0.0,0.0,-7.5676331549e-08,1.0831556092e-08,3.9340393252e-08,8.0176282393e-07,0.0,0.0,8.9837439771e-08,0.0,0.0,0.0,0.0,-2.1892331476e-08,0.2393180955,0.022888910878,-0.0044706763997,0.039898979136
saratov,ok,,3.242893326,287709167.07,35719.194612,436559.43839,11537200.892,472554.87102,24263581.004,0.0,0.0,0.0,-1.1516740782e-07,1.0786281361e-08,-5.8404992717e-08,2.9268729286e-06,0.0,0.0,-6.9462425561e-07,0.0,0.0,0.0,0.0,-1.661528429e-08,0.23975695739,0.052543739558,0.024811418969,0.10454554374
sc1012r8,ok,,3.2470425971,288077289.99,94831.877821,304470.39238,11901954.178,583914.80603,25100645.612,0.0,0.0,0.0,-3.7366630112e-08,1.0334536762e-08,7.0043526743e-08,3.1398790561e-07,0.0,0.0,1.8178243308e-07,0.0,0.0,0.0,0.0,-3.528999206e-08,0.23996348133,0.016881499607,-0.017238769484,0.029776062702
sc1094r8,ok,,3.2176540392,285469940.11,58379.97757,189995.50701,11857338.232,355433.46012,24547052.561,0.0,0.0,0.0,-4.8401033302e-08,1.0695827439e-08,9.2666831068e-08,4.0308257921e-07,0.0,0.0,4.1794031597e-07,0.0,0.0,0.0,0.0,-4.6390097964e-08,0.24288844653,0.013202101052,-0.024399346272,0.023531951933
sc1095r8,ok,,3.2181205171,285511325.98,58389.103405,189969.15095,11859089.416,355486.9363,24557838.135,0.0,0.0,0.0,-1.1850134886e-08,9.8733559049e-09,-3.0326502481e-09,1.7210820019e-07,0.0,0.0,4.2496273324e-07,0.0,0.0,0.0,0.0,1.8650283314e-09,0.24266110812,0.0043734527625,-0.024813192974,0.010049243498
sc1095,ok,,3.2034524914,284209980.23,57997.577548,185749.56532,11816747.23,349166.64682,24245407.676,0.0,0.0,0.0,-1.8960921148e-08,1.0193898837e-08,2.7804656383e-08,1.6834613559e-07,0.0,0.0,3.0574924646e-07,0.0,0.0,0.0,0.0,-1.386212715e-08,0.24492424779,0.0054351699575,-0.017732715632,0.0097636680537
sc20010,ok,,3.2056959061,284409015.75,68008.343338,203073.83927,11820284.743,400472.22527,24285480.232,0.0,0.0,0.0,2.389269483e-14,1.0118012368e-08,1.0171941769e-13,-8.508160543e-14,0.0,0.0,-7.9107571945e-07,0.0,0.0,0.0,0.0,4.9367768909e-14,0.24572078935,-4.7103573912e-09,0.053799749135,-5.7862590339e-09
sc20012,ok,,3.2234932764,285987996.64,97828.927826,290011.54452,11846010.137,579826.58698,24613685.015,0.0,0.0,0.0,9.4701476807e-15,9.926562684e-09,1.3751024665e-13,-4.6123644947e-14,0.0,0.0,-5.8105902578e-07,0.0,0.0,0.0,0.0,2.6457232003e-14,0.24432928718,-1.7428839487e-09,0.056844381496,-4.5122267326e-09
sc20402,ok,,3.1550705619,279917540.34,2267.0351695,7572.206644,11715546.179,13780.857706,23304975.072,0.0,0.0,0.0,-1.5658355972e-08,1.0729169072e-08,-2.3410177443e-08,4.3157695234e-07,0.0,0.0,-1.138055125e-05,0.0,0.0,0.0,0.0,2.6325907513e-08,0.2501753746,0.00030654763708,0.025800109931,0.0009784001293
sc20403,ok,,3.1600247328,280357073.89,5271.4413571,17257.584906,11728959.925,31947.617889,23406198.531,0.0,0.0,0.0,-8.2018489665e-09,1.064761273e-08,-1.9016078577e-07,1.0380648225e-07,0.0,0.0,-2.1417823353e-06,0.0,0.0,0.0,0.0,1.1287959595e-07,0.24990919547,0.0011632757733,0.01129027998,0.00054720978365
sc20404,ok,,3.164967815,280795623.64,9687.0206098,31599.399898,11740311.211,58855.471806,23502879.756,0.0,0.0,0.0,-6.4621011669e-09,1.0590092223e-08,-1.1837633469e-07,1.003178828e-07,0.0,0.0,-1.2434963568e-06,0.0,0.0,0.0,0.0,7.0689923895e-08,0.24952523155,0.0014185015658,0.012045774836,0.00097178139821
sc20406,ok,,3.1765774019,281825625.01,22198.252304,71232.366885,11765576.081,134412.7604,23729356.124,0.0,0.0,0.0,-2.8685871361e-09,1.0465984542e-08,-3.3223445146e-08,5.498024645e-08,0.0,0.0,-3.6426678925e-07,0.0,0.0,0.0,0.0,2.0413271739e-08,0.24853596403,0.0010675168208,0.0080860860938,0.0012204653825
sc20410,ok,,3.2080941477,284621787.5,61322.53156,196966.2614,11811199.482,380955.08538,24302648.404,0.0,0.0,0.0,-1.3966596316e-09,1.0102520204e-08,-5.9801133561e-08,-5.0281704691e-09,0.0,0.0,-2.0278912307e-07,0.0,0.0,0.0,0.0,3.2686374723e-08,0.24590196943,0.0035946122374,0.0124355424,-0.00030834014228
sc20412,ok,,3.2272830119,286324221.59,87879.984825,282130.82221,11833756.411,551645.55004,24645617.835,0.0,0.0,0.0,-1.2747007789e-09,9.8944472825e-09,-4.7405506563e-08,-5.0878074232e-11,0.0,0.0,-9.0387224377e-08,0.0,0.0,0.0,0.0,2.5761077724e-08,0.24425083052,0.0041750902853,0.0079432279066,-4.4711643914e-06
sc20503,ok,,3.1603452676,280385511.7,5331.4122352,17698.507011,11729503.582,32619.844481,23411591.048,0.0,0.0,0.0,-8.1621565707e-09,1.0677890345e-08,1.9143964508e-08,2.6974369731e-07,0.0,0.0,-3.4965456366e-06,0.0,0.0,0.0,0.0,-8.548197175e-10,0.24998107347,0.00025927778435,0.018641526188,0.0014381148482
sc20414,ok,,3.2479460847,288157447.32,118440.08353,379545.95444,11852482.453,751393.04827,25006984.645,0.0,0.0,0.0,-1.1512720234e-09,9.6811119266e-09,-3.9122882485e-08,2.8297904989e-09,0.0,0.0,-4.5075077791e-08,0.0,0.0,0.0,0.0,2.1073111636e-08,0.24248868555,0.0047058863568,0.0053386959787,0.00033516062307
sc20606,ok,,3.178855196,282027710.67,21895.829896,71796.713613,11770186.78,134463.10261,23772204.416,0.0,0.0,0.0,-4.3840282917e-09,1.0471683035e-08,6.6006115911e-09,1.3331962593e-07,0.0,0.0,-5.8637691489e-07,0.0,0.0,0.0,0.0,8.2338982251e-10,0.24894652517,0.00061705230515,0.012839209183,0.0029191438511
sc20610,ok,,3.210538686,284838666.69,61223.323697,198129.02337,11814293.202,382399.53334,24346454.927,0.0,0.0,0.0,-2.0183928783e-09,1.0101936025e-08,-3.30777718e-08,3.5341819186e-08,0.0,0.0,-2.5915875587e-07,0.0,0.0,0.0,0.0,1.9442855114e-08,0.24629787506,0.0026031883078,0.015866560399,0.0021637436361
sc20518,ok,,3.2928540667,292141678.92,189658.0741,604416.28365,11882186.114,1229244.8151,25780886.543,0.0,0.0,0.0,-1.0928651361e-09,9.2493992547e-09,-2.1247655249e-08,1.2574374114e-08,0.0,0.0,-9.6848699268e-10,0.0,0.0,0.0,0.0,1.1435945871e-08,0.2388042924,0.0047013843659,0.00018368137782,0.0023848315775
sc20612,ok,,3.2300677836,286571286.25,87707.081855,282919.75715,11838521.087,552508.75878,24698607.312,0.0,0.0,0.0,-1.7847717719e-09,9.8937523667e-09,-2.6187811823e-08,3.1292565804e-08,0.0,0.0,-1.1906052341e-07,0.0,0.0,0.0,0.0,1.529543359e-08,0.24471657788,0.0030543909709,0.010442451072,0.0027445796305
sc20614,ok,,3.2508451284,288414650.17,118002.91414,379258.78653,11858353.926,750297.17582,25064497.225,0.0,0.0,0.0,-1.48139927e-09,9.6824814142e-09,-2.2060723634e-08,2.6869958062e-08,0.0,0.0,-6.4195008074e-08,0.0,0.0,0.0,0.0,1.2754222713e-08,0.24301893562,0.0034373735324,0.0075751980262,0.0031707333543
sc20706,ok,,3.1800855434,282136866.97,21673.101623,72082.321366,11772167.232,134289.79403,23794391.959,0.0,0.0,0.0,-5.042232844e-09,1.0477002239e-08,2.337758043e-08,1.6600249554e-07,0.0,0.0,-7.4170447233e-07,0.0,0.0,0.0,0.0,-7.747540945e-09,0.24916880062,0.00041788173843,0.016075036403,0.0035977889556
sc20710,ok,,3.2123680519,285000967.85,61029.364735,198860.7284,11817096.415,382924.49606,24380301.614,0.0,0.0,0.0,-2.2854958584e-09,1.0103477233e-08,-1.9034652847e-08,5.4906669703e-08,0.0,0.0,-2.8176924014e-07,0.0,0.0,0.0,0.0,1.2372954165e-08,0.24658420575,0.0020435120485,0.017196197728,0.0033509191717
sc20712,ok,,3.2318494196,286729352.82,87172.831264,282799.13819,11841414.246,551286.61618,24732123.821,0.0,0.0,0.0,-1.9328686819e-09,9.8970471702e-09,-1.5398386499e-08,4.5627220364e-08,0.0,0.0,-1.2739543395e-07,0.0,0.0,0.0,0.0,9.9625532236e-09,0.24502999389,0.0024113982201,0.011105420667,0.0039774539818
sc21006,ok,,3.1868565232,282737587.61,21423.3773,81284.760728,11783277.261,142585.91798,23918652.336,0.0,0.0,0.0,-4.4979218578e-09,1.0592362244e-08,3.6145763995e-07,4.7389406535e-07,0.0,0.0,-1.2899508772e-06,0.0,0.0,0.0,0.0,-2.0561756229e-07,0.24998158785,-0.0066934550301,0.027635104342,0.010152411362
sc20714,ok,,3.2537762368,288674697.81,117389.74764,378176.10638,11860879.535,748507.31858,25115505.437,0.0,0.0,0.0,-1.6830693958e-09,9.6856926848e-09,-2.3539513334e-08,3.1584822118e-08,0.0,0.0,-1.0735830741e-07,0.0,0.0,0.0,0.0,1.3712265741e-08,0.24366851061,0.0037611463018,0.012602764613,0.0037077342977
sc21010,ok,,3.2193347252,285619050.4,59854.877791,205015.65246,11836957.289,384826.29601,24528221.684,0.0,0.0,0.0,-2.4424589913e-09,1.0154550275e-08,1.3072463207e-07,1.8976956277e-07,0.0,0.0,-1.6689888468e-07,0.0,0.0,0.0,0.0,-6.7383706551e-08,0.24734928514,-0.0054778420685,0.0099897123463,0.011358633988
sc2110,ok,,3.2098805574,284780277.59,66813.506524,208465.92294,11817620.333,405090.7233,24346953.786,0.0,0.0,0.0,-3.9856483417e-08,1.0672436116e-08,6.294663762e-08,3.0960877275e-07,0.0,0.0,-4.5510656002e-07,0.0,0.0,0.0,0.0,-3.8346693736e-08,0.24470369435,0.012347322047,0.030407265117,0.020686047758
sd2030,ok,,3.1653564172,280830100.39,50060.651889,163572.24091,11678110.897,302659.90946,23393278.877,0.0,0.0,0.0,-5.5807228682e-08,1.0537875456e-08,-1.4174771996e-08,5.4242959787e-07,0.0,0.0,-1.1681184957e-06,0.0,0.0,0.0,0.0,-1.00512594e-08,0.24254162638,0.016152923129,0.058476773381,0.027154379273
sd6060,ok,,3.1649039614,280789958.55,65374.006942,217044.13249,11646460.985,403611.2668,23323905.174,0.0,0.0,0.0,-3.4787983491e-08,1.0632397601e-08,2.6778599427e-08,3.3791002475e-07,0.0,0.0,-4.5982169672e-07,0.0,0.0,0.0,0.0,-2.1229752839e-08,0.24101804005,0.01197653763,0.030060386793,0.022090532303
sd2083,ok,,3.1690781958,281160296.2,51054.691354,179737.92793,11670408.001,324148.41778,23433798.65,0.0,0.0,0.0,-6.518176154e-08,1.084724272e-08,1.5436501279e-08,6.8687000603e-07,0.0,0.0,-7.2069816603e-07,0.0,0.0,0.0,0.0,-2.3615993475e-08,0.24248418566,0.019273472697,0.036795022426,0.035067936158
sd5060,ok,,3.1507575266,279534888.29,49326.913263,187760.9554,11603883.498,319884.22658,23030489.446,0.0,0.0,0.0,-5.1952416576e-08,1.0563188452e-08,5.138055535e-08,5.7019605792e-07,0.0,0.0,9.2284852775e-07,0.0,0.0,0.0,0.0,-1.5758712721e-08,0.2372376705,0.015423249582,-0.045521269283,0.028126011492
sd6080,ok,,3.1634040382,280656885.52,48276.250308,194183.49956,11624753.911,329276.707,23259090.582,0.0,0.0,0.0,-8.3824845202e-08,1.1196798328e-08,5.5234522348e-08,9.4801339934e-07,0.0,0.0,7.02892731e-08,0.0,0.0,0.0,0.0,-3.2941753433e-08,0.23924807142,0.02500944176,-0.0033933025421,0.045766532162
sd7003,ok,,3.1542784225,279847261.82,39326.150761,144638.10277,11646291.705,248761.17427,23164065.799,0.0,0.0,0.0,-4.6157152737e-08,1.0543978434e-08,5.7980387919e-08,4.5223413796e-07,0.0,0.0,1.6219071689e-06,0.0,0.0,0.0,0.0,-1.8384526612e-08,0.23934647148,0.01038771042,-0.063783365844,0.017784627889
sd7032,ok,,3.169611876,281207644.26,56836.682282,219417.14809,11639467.297,378434.64191,23382823.347,0.0,0.0,0.0,-7.4196360868e-08,1.0801612894e-08,4.3781592187e-08,7.9294879338e-07,0.0,0.0,1.9176779275e-07,0.0,0.0,0.0,0.0,-2.1566021789e-08,0.23839584766,0.02613461565,-0.010899445108,0.045068578635
sd7034,ok,,3.173295276,281534435.13,61409.508731,246258.03454,11631136.96,418764.9608,23420834.655,0.0,0.0,0.0,-6.9691069933e-08,1.0956885285e-08,6.6489051796e-08,7.833232258e-07,0.0,0.0,4.1938072863e-07,0.0,0.0,0.0,0.0,-2.9186604186e-08,0.23663079566,0.026295999539,-0.025753964516,0.048103494473
sd7037,ok,,3.1653664167,280830987.54,50189.192778,185727.76991,11652561.046,324160.85303,23344074.909,0.0,0.0,0.0,-7.1123894409e-08,1.0753651861e-08,3.9470511705e-08,7.4129201362e-07,0.0,0.0,1.369942643e-07,0.0,0.0,0.0,0.0,-2.0840202807e-08,0.23980600467,0.021436546273,-0.0068756315405,0.037204847776
sd7043,ok,,3.1595610632,280315937.17,48068.666492,190786.76326,11621358.115,321823.73304,23196566.163,0.0,0.0,0.0,-8.1255414416e-08,1.0616578029e-08,3.8322253406e-08,8.8979553149e-07,0.0,0.0,3.37850879e-07,0.0,0.0,0.0,0.0,-1.4649491887e-08,0.23737639236,0.025031361151,-0.016240041226,0.042771284649
sd7062,ok,,3.2190606724,285594736.46,105683.94432,391754.26884,11718442.975,707888.06197,24290752.037,0.0,0.0,0.0,-4.3800882954e-08,1.0304845182e-08,4.9590413864e-08,4.6257808086e-07,0.0,0.0,3.3752400805e-07,0.0,0.0,0.0,0.0,-1.9362236491e-08,0.23568109234,0.027781184095,-0.035670868472,0.048887076139
sd7080,ok,,3.1628191508,280604994.37,50034.613354,178251.34264,11654271.84,315713.87453,23308977.89,0.0,0.0,0.0,-6.1089130662e-08,1.0674166357e-08,3.607480005e-08,6.1509963717e-07,0.0,0.0,1.3517789256e-07,0.0,0.0,0.0,0.0,-1.8973744262e-08,0.24026515423,0.017848081218,-0.0067635735882,0.03077627252
sd7090,ok,,3.1826261077,282362265.57,60188.425829,202864.31047,11723197.112,370817.337,23741992.983,0.0,0.0,0.0,-3.9186641485e-08,1.0400836077e-08,3.1160119105e-08,3.7790911739e-07,0.0,0.0,2.2246920755e-07,0.0,0.0,0.0,0.0,-1.5312516123e-08,0.24164571775,0.01315941729,-0.013390071398,0.022745754882
sd7084,ok,,3.1728939239,281498827.21,56831.485649,194290.65742,11685626.058,352977.13405,23521671.872,0.0,0.0,0.0,-5.1665149292e-08,1.0730064498e-08,3.8612762214e-08,5.0749403573e-07,0.0,0.0,-1.4166532864e-07,0.0,0.0,0.0,0.0,-2.467544151e-08,0.24178494496,0.016131944245,0.0080510510918,0.028841640009
sd8000,ok,,3.1582086311,280195949.53,46809.647787,164217.51436,11652014.739,290811.23259,23234870.991,0.0,0.0,0.0,-4.3164368741e-08,1.0381277269e-08,1.8072127646e-08,4.4709020453e-07,0.0,0.0,4.5945486023e-07,0.0,0.0,0.0,0.0,-4.9380112345e-09,0.2397669141,0.012208396499,-0.021506920181,0.020928135003
sd8020,ok,,3.1794448606,282080025.66,62706.648094,201767.02989,11721506.185,376277.26732,23690232.072,0.0,0.0,0.0,-2.3671159897e-12,1.0237939517e-08,2.0976682585e-12,2.8007584332e-11,0.0,0.0,2.5685933899e-08,0.0,0.0,0.0,0.0,-6.319682184e-13,0.24253916308,8.3301726923e-07,-0.0016106788179,1.7562617346e-06
sd8040,ok,,3.1738914544,281587328.02,59282.016268,211456.67593,11676868.293,376319.82926,23519735.963,0.0,0.0,0.0,-5.4630221575e-08,1.0576818851e-08,4.2588906756e-08,5.5378787132e-07,0.0,0.0,2.5631550335e-07,0.0,0.0,0.0,0.0,-2.0238943659e-08,0.23896320506,0.018739521205,-0.015194899839,0.032829661597
sg6040,ok,,3.225539556,286169542.35,147126.70476,479544.11751,11718357.117,936086.065,24388614.183,0.0,0.0,0.0,-1.9796907795e-08,9.7676763463e-09,-9.5045857079e-09,2.0123460825e-07,0.0,0.0,-1.932108345e-07,0.0,0.0,0.0,0.0,2.0645263352e-09,0.23915224854,0.018993862785,0.028426473405,0.029606984796
sg6041,ok,,3.1815258005,282264646.43,65958.836347,209962.62367,11716676.235,398740.1956,23712939.378,0.0,0.0,0.0,-4.0633931571e-08,1.0415418091e-08,3.3142441233e-09,3.7177255086e-07,0.0,0.0,-7.5532550023e-07,0.0,0.0,0.0,0.0,-1.1868584269e-08,0.24241456914,0.015055502295,0.049820391059,0.024521684841
sg6042,ok,,3.192768143,283262065.92,64771.819528,228586.3773,11724505.078,416438.49769,23900444.122,0.0,0.0,0.0,-6.7168919562e-08,1.0294057029e-08,-1.8372461783e-08,7.0095858123e-07,0.0,0.0,-6.5007165854e-07,0.0,0.0,0.0,0.0,-6.3159919069e-09,0.24180833064,0.027335906785,0.042106324147,0.04540236272
sg6043,ok,,3.2088375123,284687738.72,63364.501289,261608.05765,11727739.079,448492.5804,24154071.998,0.0,0.0,0.0,-8.7466441661e-08,1.0007002615e-08,-4.3873553007e-08,1.0370358237e-06,0.0,0.0,-6.7598789596e-07,0.0,0.0,0.0,0.0,-3.5691334492e-10,0.24137167382,0.039189414057,0.042833635905,0.065711257786
sg6050,ok,,3.2566554388,288930140.32,156843.06589,495263.2335,11833788.462,983076.97589,25108733.289,0.0,0.0,0.0,-2.2187976074e-08,9.8103556394e-09,-1.5288352038e-09,2.4027072976e-07,0.0,0.0,-2.8279956271e-07,0.0,0.0,0.0,0.0,-4.8326774952e-09,0.24367303679,0.020655308877,0.044355150448,0.037684797899
sg6051,ok,,3.2241128334,286042963.67,94867.445247,301089.97555,11815764.946,586299.93494,24562421.265,0.0,0.0,0.0,-3.8121884852e-08,1.0280423296e-08,-1.4442206456e-08,4.0408843144e-07,0.0,0.0,-8.6558167468e-07,0.0,0.0,0.0,0.0,-9.9902852993e-09,0.24701863366,0.020904730235,0.08211552213,0.038334837144
sm701,ok,,3.2233867996,285978550.03,151320.44274,496912.84443,11695205.706,962774.92868,24311848.776,0.0,0.0,0.0,-2.6919704724e-08,9.7561241103e-09,-8.4023287956e-09,2.5454192974e-07,0.0,0.0,-2.1637275549e-07,0.0,0.0,0.0,0.0,2.8526165869e-10,0.23736914023,0.025982810555,0.032741621159,0.038517397504
sokolov,ok,,3.2176376215,285468483.53,26151.483438,198747.39367,11754993.587,260098.40888,24338862.779,0.0,0.0,0.0,-1.729041162e-07,1.1531058992e-08,-4.986296893e-08,2.9653638178e-06,0.0,0.0,-1.0916663548e-06,0.0,0.0,0.0,0.0,-3.0205284633e-08,0.24757357093,0.04302974651,0.028548694598,0.077548662769
sp4621hp,ok,,3.298215385,292617334.54,210146.14648,727664.11558,11743943.791,1459756.8448,25562423.507,0.0,0.0,0.0,-1.7947222257e-08,9.2094458745e-09,-1.3557738036e-08,1.9619114803e-07,0.0,0.0,-7.4471094898e-09,0.0,0.0,0.0,0.0,7.4178975041e-09,0.24035423707,0.028804797191,0.0015649813617,0.041228813733
sp4721bs,ok,,3.3012664954,292888028.75,225378.2868,751205.24372,11755908.991,1526657.6036,25639475.603,0.0,0.0,0.0,-1.8221645288e-08,9.1843512144e-09,-1.7110923158e-08,1.9278098895e-07,0.0,0.0,-1.0009577766e-07,0.0,0.0,0.0,0.0,7.2623983698e-09,0.24063103005,0.030490122527,0.022559414886,0.043448649017
spicasm,ok,,3.2162562315,285345926.75,82206.104487,304079.73048,11744373.433,549958.02772,24298410.716,0.0,0.0,0.0,-6.5531892543e-08,1.1351559983e-08,5.9018811649e-08,6.8830246585e-07,0.0,0.0,-1.3466641921e-07,0.0,0.0,0.0,0.0,-3.9674114874e-08,0.24094744163,0.03079754344,0.011070401728,0.056582664426
sp4721la,ok,,3.3002710565,292799713.5,223895.95224,749049.88896,11751850.335,1519784.0796,25615042.938,0.0,0.0,0.0,-1.7130052351e-08,9.212435881e-09,-1.5723243778e-08,1.8584444468e-07,0.0,0.0,-9.401622309e-08,0.0,0.0,0.0,0.0,6.8036723247e-09,0.24048722326,0.028523888344,0.021049851795,0.041609818911
ssca07,ok,,3.1796999142,282102653.99,32433.674283,101113.83582,11763407.923,194287.10486,23774254.435,0.0,0.0,0.0,-4.0555576765e-08,1.0693875165e-08,5.3458876057e-08,3.2175889091e-07,0.0,0.0,-1.2054169236e-06,0.0,0.0,0.0,0.0,-3.5140175527e-08,0.24764424019,0.0061889791625,0.039096099876,0.010435823065
ssca09,ok,,3.194366055,283403832.51,53843.322914,166652.83265,11786121.261,323995.96467,24044066.448,0.0,0.0,0.0,-3.1210014249e-08,1.0522272103e-08,4.0729427784e-08,2.4805875597e-07,0.0,0.0,-7.7896346066e-07,0.0,0.0,0.0,0.0,-2.6893684681e-08,0.24644003129,0.0079651899972,0.04194198115,0.013356307699
stcyr171,ok,,3.2009491876,283987887.37,77397.617102,249387.71174,11775865.022,466693.30783,24127155.905,0.0,0.0,0.0,-9.5948798152e-12,1.001848833e-08,4.8192257129e-11,-1.6249079152e-11,0.0,0.0,2.2273165478e-07,0.0,0.0,0.0,0.0,-2.2791272847e-11,0.24171762738,1.9068283129e-06,-0.017238899333,-1.2576400065e-06
stcyr172,ok,,3.2210692238,285772934.94,109453.32366,352622.10886,11796140.999,669162.93096,24479722.16,0.0,0.0,0.0,-5.987445595e-15,9.8050966393e-09,1.8258042923e-14,-2.3852353323e-14,0.0,0.0,1.5944482288e-07,0.0,0.0,0.0,0.0,-1.6308676787e-14,0.24002604148,1.3871335783e-09,-0.017451765804,-2.6107193483e-09
stcyr234,ok,,3.2831164451,291277758.12,158587.11076,558459.72953,11843013.598,1053894.0793,25550962.885,0.0,0.0,0.0,-7.5482104439e-08,1.3934466056e-08,1.081720164e-07,6.6831767736e-07,0.0,0.0,-3.2024028201e-09,0.0,0.0,0.0,0.0,-5.7382829788e-08,0.23804007517,0.065405064307,0.00050785981072,0.10598656952
stcyr24,ok,,3.2464064372,288020849.94,100955.79112,386679.89085,11787222.753,693221.5388,24857772.637,0.0,0.0,0.0,-9.0082548938e-08,1.3252972258e-08,8.1437769352e-08,8.9305435997e-07,0.0,0.0,-2.1196754091e-07,0.0,0.0,0.0,0.0,-5.7336003424e-08,0.23990057021,0.052998214905,0.021399350786,0.090159009428
ste87391,ok,,3.2239394634,286027582.3,144674.98707,466034.09297,11712404.534,904828.74935,24361111.25,0.0,0.0,0.0,-3.5995210922e-08,9.6918773174e-09,-4.0906650409e-08,3.520039202e-07,0.0,0.0,-5.7342808211e-07,0.0,0.0,0.0,0.0,6.7176517985e-09,0.241425823,0.034038272312,0.082960700362,0.050926162601
ste87151,ok,,3.2076076188,284578622.71,131564.21994,396206.67103,11705811.456,794317.73705,24092237.381,0.0,0.0,0.0,-2.7032308057e-08,1.0047617549e-08,-3.4659538929e-08,2.3309909583e-07,0.0,0.0,-1.0787455615e-06,0.0,0.0,0.0,0.0,1.2130074273e-09,0.24269686087,0.021706104258,0.14192431832,0.030667500712
strand,ok,,3.0871931878,273895466.6,85767.80459,429294.89089,11144348.262,650129.66701,21235510.213,0.0,0.0,0.0,-4.1901509845e-08,1.0864682532e-08,9.7802461053e-08,5.0597366048e-07,0.0,0.0,1.3107764213e-06,0.0,0.0,0.0,0.0,-3.1027169424e-08,0.21267142938,0.022961115964,-0.11242241597,0.043396250039
stf86361,ok,,3.2048575005,284334632.49,128520.252,413284.0263,11641253.124,815017.67574,23917888.753,0.0,0.0,0.0,-3.9555682301e-08,1.0044477795e-08,-5.864924302e-08,3.6544158834e-07,0.0,0.0,-1.0642358472e-06,0.0,0.0,0.0,0.0,5.9651652849e-09,0.24483643592,0.03342972331,0.13677585927,0.046966645025
supermarine371i,ok,,3.1966234215,283604105.84,105191.1914,327025.99336,11706413.446,644500.07844,23920525.867,0.0,0.0,0.0,-1.0232298198e-08,1.0174280587e-08,-1.8713720816e-09,1.058457756e-07,0.0,0.0,-6.7861558038e-07,0.0,0.0,0.0,0.0,-3.0368608488e-09,0.24289412174,0.0061193348489,0.071384381404,0.01113404324
supermarine371ii,ok,,3.1514214451,279593791.07,41402.350219,130402.48089,11634246.015,252084.8084,23096472.567,0.0,0.0,0.0,-2.6334252524e-08,1.0673871756e-08,-1.9284870118e-08,2.6893692111e-07,0.0,0.0,-3.1286981999e-06,0.0,0.0,0.0,0.0,-8.465437538e-09,0.24522968684,0.006115170995,0.1295354586,0.011134620595
t16,ok,,3.2762062059,290664682.4,17988.865015,317031.11058,11842141.554,292881.56389,25430278.281,0.0,0.0,0.0,-2.0806008389e-07,1.5198899153e-08,-6.4527253094e-07,5.7514352387e-06,0.0,0.0,-6.9344397287e-06,0.0,0.0,0.0,0.0,-8.8485894699e-08,0.24912780646,0.054517662608,0.12474270024,0.10346179215
tempest1,ok,,3.2173534013,285443267.54,139014.63687,413282.44929,11765042.511,829324.11712,24359294.407,0.0,0.0,0.0,-9.2050671391e-09,1.0002274294e-08,8.0126626347e-10,8.7439378463e-08,0.0,0.0,-6.0672229571e-07,0.0,0.0,0.0,0.0,-4.3500738547e-09,0.24283612832,0.0067580144798,0.084343279617,0.012155353445
tempest2,ok,,3.1956464298,283517427.23,95518.402454,286466.08712,11744087.257,565240.97485,23982391.884,0.0,0.0,0.0,-1.2247438045e-08,1.0222590495e-08,1.5158007117e-09,1.1578225843e-07,0.0,0.0,-8.5613824352e-07,0.0,0.0,0.0,0.0,-5.940837724e-09,0.24417301725,0.0061028901094,0.0817769573,0.011059336357
th25816,ok,,3.3234163755,294853163.86,415523.89085,1207813.3944,11680683.991,2638801.4129,25850312.828,0.0,0.0,0.0,-1.1179533327e-08,9.252245203e-09,-2.1756601048e-08,1.0854343637e-07,0.0,0.0,-3.8355029424e-07,0.0,0.0,0.0,0.0,2.0924458023e-09,0.24076100869,0.030830988889,0.1593743106,0.045102391007
tempest3,ok,,3.1799619125,282125898.45,66384.869167,201275.0808,11723681.441,391461.84165,23702100.266,0.0,0.0,0.0,-1.9548793577e-08,1.0411259008e-08,2.3475834207e-09,1.8534840761e-07,0.0,0.0,-1.2098637599e-06,0.0,0.0,0.0,0.0,-9.4739390859e-09,0.24504684361,0.0067438993423,0.080316647409,0.01230432979
trainer60,ok,,3.2891873926,291816371.97,181711.48114,587885.14253,11894152.448,1168064.6914,25748116.499,0.0,0.0,0.0,-1.3060379641e-09,9.3135248288e-09,5.0728688496e-09,9.8943342838e-09,0.0,0.0,1.5241270771e-07,0.0,0.0,0.0,0.0,-2.3908679579e-09,0.23970985056,0.00085610889631,-0.027695138863,0.0017979141376
tsagi12,ok,,3.1969740929,283635217.36,91456.704179,285597.45809,11734927.224,551136.28685,23983544.937,0.0,0.0,0.0,-2.5396621628e-08,1.0605183919e-08,4.238069588e-08,2.255717002e-07,0.0,0.0,-6.0419018007e-07,0.0,0.0,0.0,0.0,-3.0634437339e-08,0.24399176301,0.0098803874228,0.055257242566,0.020630044256
tsagi8,ok,,3.1640658564,280715601.96,40797.468454,129385.86156,11691752.131,242868.34386,23397351.924,0.0,0.0,0.0,-3.8758703651e-08,1.0952086351e-08,6.4268363517e-08,3.4438968701e-07,0.0,0.0,-1.2515117165e-06,0.0,0.0,0.0,0.0,-4.7101081907e-08,0.24584213283,0.0066018581642,0.051058509774,0.014050227392
tsagi_r3a,ok,,3.2258039108,286192995.89,76843.863362,281733.77658,11813581.603,503190.66902,24585201.107,0.0,0.0,0.0,-5.4108346836e-08,1.1218646133e-08,1.2826780704e-07,5.0055388619e-07,0.0,0.0,9.7407706187e-07,0.0,0.0,0.0,0.0,-5.4120879959e-08,0.23937642346,0.020723550714,-0.074851844646,0.038464494436
ua2-180,ok,,3.2816773169,291150078.81,178746.28701,654040.06953,11714879.659,1253854.3831,25250765.511,0.0,0.0,0.0,-4.1464122907e-08,1.0862141339e-08,4.3701487381e-08,4.4602774424e-07,0.0,0.0,-9.4842606511e-08,0.0,0.0,0.0,0.0,-2.8661127758e-08,0.23627817875,0.043558149287,0.016952763765,0.079725803188
ua2-180sm,ok,,3.2841629796,291370606.56,179164.94795,654657.06793,11724812.002,1256729.4567,25310506.775,0.0,0.0,0.0,-4.1378349607e-08,1.0825067023e-08,4.3989418378e-08,4.4537153622e-07,0.0,0.0,-9.033809161e-08,0.0,0.0,0.0,0.0,-2.8596755661e-08,0.23597651322,0.043580088348,0.016185419481,0.079794968104
ua79sf18,ok,,3.2418189812,287613851.31,208149.55928,663420.24066,11627239.756,1348195.7573,24452374.898,0.0,0.0,0.0,-2.0023931899e-08,9.9476403717e-09,-2.1604083041e-08,2.0942548307e-07,0.0,0.0,-5.4026430807e-07,0.0,0.0,0.0,0.0,-8.3424840856e-10,0.2426924014,0.026723252344,0.11245577762,0.043591822002
ua79sfm,ok,,3.3045648637,293180659.64,379780.19242,1058673.8639,11734014.811,2308734.7595,25669783.332,0.0,0.0,0.0,-1.2645026324e-08,9.0909231756e-09,-7.4015718557e-08,1.1229838919e-07,0.0,0.0,-6.6227289017e-07,0.0,0.0,0.0,0.0,2.0414188744e-08,0.24808936291,0.040987011636,0.25151812567,0.042648703854
ua79sff,ok,,3.4233575342,303719933.33,294892.62968,1181111.5696,11724601.016,2344517.1041,27537767.359,0.0,0.0,0.0,-1.4549186211e-08,7.8073640389e-09,3.2512124607e-09,2.4497330222e-07,0.0,0.0,1.7136958397e-07,0.0,0.0,0.0,0.0,3.9457794775e-09,0.21868367235,0.036137227864,-0.050535627262,0.072240821291
uag8814320,ok,,3.2402534896,287474961.05,133898.46165,475735.47662,11701854.192,908559.51958,24583793.008,0.0,0.0,0.0,-4.9883203479e-08,1.0600510589e-08,-3.6302431181e-08,5.5508435355e-07,0.0,0.0,-8.6669527784e-07,0.0,0.0,0.0,0.0,-1.5372910454e-08,0.24341971856,0.041930462099,0.11604916442,0.074324941026
ui1720,ok,,3.2548239502,288767650.85,70155.53193,334712.22237,11827850.118,532931.97237,25068138.384,0.0,0.0,0.0,-6.7805790333e-08,1.0946394881e-08,1.7753859334e-07,8.029891892e-07,0.0,0.0,2.094327156e-06,0.0,0.0,0.0,0.0,-4.0592594513e-08,0.23750329848,0.031012779198,-0.14692863567,0.056334133703
ultimate,ok,,3.2165664587,285373450.08,104520.98624,312755.6074,11809189.36,621558.62404,24432618.212,0.0,0.0,0.0,1.046805266e-09,1.0061565427e-08,8.6805992143e-09,-5.6756473076e-09,0.0,0.0,-5.4788791137e-07,0.0,0.0,0.0,0.0,-4.2164032895e-09,0.24589568278,-0.001295089069,0.057265784845,-0.00059322425413
us1000root,ok,,3.2566338384,288928223.94,188952.05372,613122.2933,11764141.092,1208217.4535,24967451.215,0.0,0.0,0.0,-3.7339699887e-13,9.5771262983e-09,1.9071842734e-12,-9.3177641249e-13,0.0,0.0,3.877525885e-08,0.0,0.0,0.0,0.0,-8.6188849386e-13,0.23911643362,2.0214117874e-07,-0.0073266647934,-1.7606106675e-07
usa22,ok,,3.2007191571,283967479.08,43421.988547,189895.75442,11747184.736,308717.57113,24063464.095,0.0,0.0,0.0,-1.0717988598e-07,1.2307039473e-08,1.4849725577e-07,1.2371109635e-06,0.0,0.0,9.5161527398e-07,0.0,0.0,0.0,0.0,-6.4902588897e-08,0.24435280993,0.028203796683,-0.041321027528,0.05371781809
usa25,ok,,3.2057109843,284410353.49,54848.234966,214817.40129,11741496.528,366145.67054,24128383.566,0.0,0.0,0.0,-1.0018977357e-07,1.2463495513e-08,3.33722849e-08,1.0443187913e-06,0.0,0.0,-1.1653039558e-06,0.0,0.0,0.0,0.0,-6.5068954168e-08,0.24295629253,0.030913515046,0.063914865177,0.057279042444
usa26,ok,,3.2042319065,284279129.85,66543.252137,237496.55084,11749562.143,423952.3458,24125381.502,0.0,0.0,0.0,-7.533743556e-08,1.151149233e-08,3.8110912886e-08,7.5623574337e-07,0.0,0.0,-7.0327479526e-07,0.0,0.0,0.0,0.0,-4.4743391649e-08,0.24314026937,0.027337355115,0.046798192023,0.050322385746
usa27,ok,,3.2218343333,285840815.37,88002.146101,310221.17629,11765553.519,566430.51567,24430508.163,0.0,0.0,0.0,-6.685225473e-08,1.1395529958e-08,2.4767017571e-08,6.7147193544e-07,0.0,0.0,-6.8499480056e-07,0.0,0.0,0.0,0.0,-3.8455298122e-08,0.24268776379,0.032596711553,0.060281012517,0.059090971366
usa27m2,ok,,3.242712781,287693149.14,126457.63135,420243.91261,11792262.363,797196.32087,24811710.889,0.0,0.0,0.0,-4.7434642965e-08,1.074774489e-08,1.8794541629e-08,4.6436650491e-07,0.0,0.0,-4.9442320898e-07,0.0,0.0,0.0,0.0,-2.7019678888e-08,0.24119088221,0.032635126164,0.062523587894,0.058722688291
usa28,ok,,3.2188237164,285573713.74,104471.18912,355116.70819,11753559.497,660113.2749,24357636.813,0.0,0.0,0.0,-3.4244510034e-08,9.9725348483e-09,-1.4530490317e-08,4.0387083303e-07,0.0,0.0,-3.3318141692e-07,0.0,0.0,0.0,0.0,7.9090794878e-11,0.24295092949,0.022617939926,0.034807858818,0.042192866176
usa29,ok,,3.2310759325,286660729.12,108221.51767,403218.82097,11720853.334,726252.82645,24479489.164,0.0,0.0,0.0,-4.8587242122e-08,1.0538580654e-08,5.9163096474e-10,5.8275602085e-07,0.0,0.0,-4.6507646363e-07,0.0,0.0,0.0,0.0,-1.8316317254e-08,0.24211040981,0.032071851891,0.050331280729,0.063066741011
usa31,ok,,3.2964120528,292457343.09,133589.31139,585874.21545,11742131.381,1011785.1965,25547495.648,0.0,0.0,0.0,-6.3316049128e-08,1.0662114498e-08,-7.2131172706e-09,8.0888191248e-07,0.0,0.0,-3.8610159643e-07,0.0,0.0,0.0,0.0,-2.0794683462e-08,0.23823151249,0.059077152317,0.051579046391,0.10805797768
usa32,ok,,3.2991301633,292698493.57,150689.93651,599860.12961,11770402.062,1079046.0504,25651781.752,0.0,0.0,0.0,-6.1363105745e-08,1.1203647257e-08,-8.3285500114e-09,7.067833107e-07,0.0,0.0,-5.365411506e-07,0.0,0.0,0.0,0.0,-2.8524703793e-08,0.23865986365,0.058926129917,0.080851351918,0.10650513221
usa33,ok,,3.2655237476,289716935.78,139715.14258,468196.32701,11836419.586,894678.44995,25257778.103,0.0,0.0,0.0,-3.8407873197e-08,1.0494113993e-08,5.3179233641e-08,3.7823945121e-07,0.0,0.0,-9.7153633782e-08,0.0,0.0,0.0,0.0,-3.3079838597e-08,0.23610625128,0.027399843318,0.013573833796,0.052845778857
usa34,ok,,3.3098758786,293651852.34,205473.00559,724936.3273,11802804.711,1402270.9759,25891476.482,0.0,0.0,0.0,-3.9972027441e-08,1.002897335e-08,1.2298683097e-08,4.3867990751e-07,0.0,0.0,-1.95787612e-07,0.0,0.0,0.0,0.0,-1.6106096886e-08,0.23615069286,0.050745506468,0.040229069094,0.090136879085
usa35,ok,,3.3155883086,294158658.56,195857.82659,685085.7563,11856961.824,1335537.7608,26098811.128,0.0,0.0,0.0,-3.5547064459e-08,9.7779347694e-09,2.6239031053e-08,3.9042797409e-07,0.0,0.0,-3.2447011473e-08,0.0,0.0,0.0,0.0,-1.56038141e-08,0.23574207218,0.042581203058,0.0063550011465,0.076468374445
usa35a,ok,,3.3155597815,294156127.63,195565.36643,684521.99564,11856765.074,1334059.9194,26097988.891,0.0,0.0,0.0,-3.5615803745e-08,9.7791434404e-09,2.6309178957e-08,3.9136309225e-07,0.0,0.0,-3.1453922456e-08,0.0,0.0,0.0,0.0,-1.5605890961e-08,0.23574788274,0.042625015457,0.0061512978709,0.076537066544
usa35b,ok,,3.2297407607,286542272.81,81020.573617,292802.42565,11813796.895,533664.74432,24647627.474,0.0,0.0,0.0,-4.4656047802e-08,1.1667201266e-08,1.3385008084e-07,5.3804839922e-07,0.0,0.0,4.6587638698e-08,0.0,0.0,0.0,0.0,-7.4229473948e-08,0.24350543329,0.014208045306,-0.0037745572108,0.043592989939
usa40,ok,,3.2403733423,287485594.37,95015.488382,365381.67194,11794569.718,653475.34678,24775299.141,0.0,0.0,0.0,-4.848184727e-08,1.0081879893e-08,4.5184675682e-08,5.4450365016e-07,0.0,0.0,4.8666310836e-07,0.0,0.0,0.0,0.0,-1.1933689539e-08,0.24039895525,0.02980883354,-0.046240532918,0.051736280246
usa40b,ok,,3.2359448486,287092698.86,93576.65548,366415.19358,11779132.729,643509.72414,24676813.478,0.0,0.0,0.0,-5.017256449e-08,1.022707261e-08,7.161286982e-08,5.3792698878e-07,0.0,0.0,7.8541143626e-07,0.0,0.0,0.0,0.0,-1.9168438153e-08,0.23706008346,0.029366967589,-0.073496175381,0.050337408502
usa41,ok,,3.1754493468,281725544.07,24670.476326,136639.0554,11677931.486,198456.09321,23543406.182,0.0,0.0,0.0,-1.6724526983e-07,1.2366877604e-08,1.1213563511e-07,2.2664774191e-06,0.0,0.0,5.6454541558e-07,0.0,0.0,0.0,0.0,-6.0735503875e-08,0.24365548525,0.030258416741,-0.01392760431,0.05591507751
usa45,ok,,3.2334323492,286869790.17,120775.82675,416138.3089,11758402.86,780252.79283,24595463.057,0.0,0.0,0.0,-4.1283175347e-08,1.0870916434e-08,6.6244523739e-08,3.8632989502e-07,0.0,0.0,8.8771768395e-08,0.0,0.0,0.0,0.0,-3.5276277704e-08,0.239218149,0.025647056308,-0.01072148372,0.04665931247
usa48,ok,,3.2249495332,286117195.6,133929.01285,430900.40087,11749046.849,836419.24342,24444047.766,0.0,0.0,0.0,-2.5570552333e-08,9.9864135391e-09,-4.074493669e-10,2.531579089e-07,0.0,0.0,-2.4668835269e-07,0.0,0.0,0.0,0.0,-4.1785182961e-09,0.24192074433,0.020542450521,0.033038727557,0.033905188834
usa45m,ok,,3.2041796174,284274490.77,78069.684057,273214.63995,11739474.518,498499.65127,24104082.403,0.0,0.0,0.0,-5.1093899857e-08,1.1100426578e-08,8.008682036e-08,4.8422499859e-07,0.0,0.0,1.9681936216e-07,0.0,0.0,0.0,0.0,-4.277084615e-08,0.24118268745,0.020337419456,-0.01536562542,0.037803292652
usa46,ok,,3.1507755664,279536488.78,23130.503251,96553.802847,11644583.931,156633.75873,23108197.779,0.0,0.0,0.0,-9.6706199042e-08,1.0584398093e-08,7.0984830056e-08,1.1409462485e-06,0.0,0.0,2.5358506392e-06,0.0,0.0,0.0,0.0,-4.0214753993e-09,0.24317862816,0.014994283511,-0.058655501453,0.02639066091
usa49,ok,,3.1783370407,281981739.99,33463.112937,108829.93034,11752196.407,202296.6674,23731718.495,0.0,0.0,0.0,-6.7115112105e-08,1.0861317387e-08,3.9675834632e-08,6.0991875118e-07,0.0,0.0,-6.3287040794e-07,0.0,0.0,0.0,0.0,-3.0694985159e-08,0.24785748887,0.012038562308,0.021177813936,0.020409780053
usa5,ok,,3.1810910372,282226074.28,28929.648091,134208.4948,11704251.043,210279.28691,23678989.285,0.0,0.0,0.0,-1.6485493315e-07,1.3867517445e-08,6.1346373534e-08,1.9031712202e-06,0.0,0.0,-1.5508281544e-06,0.0,0.0,0.0,0.0,-1.0144178602e-07,0.24494990671,0.029454053677,0.044864912756,0.055058073657
usa50,ok,,3.1622318001,280552884.67,31549.384275,104081.25049,11693170.247,190337.61177,23373722.229,0.0,0.0,0.0,-7.6836651097e-08,1.0962574634e-08,1.093333258e-08,7.3610415249e-07,0.0,0.0,-1.6000984677e-06,0.0,0.0,0.0,0.0,-2.8348051789e-08,0.24653819864,0.013295048647,0.050482121436,0.023223632773
usa51,ok,,3.1802262041,282149346.37,53664.365119,180863.51527,11716842.449,330580.09975,23693445.819,0.0,0.0,0.0,-6.0946570606e-08,1.108718133e-08,6.0792304e-08,5.6006283107e-07,0.0,0.0,-2.0916365748e-07,0.0,0.0,0.0,0.0,-3.9017460827e-08,0.24402347422,0.017003081261,0.011224634884,0.030055416256
usa98,ok,,3.282566888,291229001.47,115264.07327,471034.47673,11834230.502,831846.56156,25520085.175,0.0,0.0,0.0,-4.994878015e-08,9.1507849262e-09,-1.4903853788e-08,6.5344680292e-07,0.0,0.0,-2.4459986301e-08,0.0,0.0,0.0,0.0,7.6634129957e-09,0.24164491895,0.043091965372,0.0028193576532,0.075318940168
usnps4,ok,,3.2482478985,288184224.2,104410.78474,341780.52222,11863822.278,653304.41256,25044439.697,0.0,0.0,0.0,-6.1291827949e-08,1.0846771858e-08,-2.8067198286e-10,5.7890419186e-07,0.0,0.0,-8.1895007872e-07,0.0,0.0,0.0,0.0,-2.7175667866e-08,0.24431066444,0.03571629739,0.08550722038,0.06044384096
v13006,ok,,3.1735424959,281556368.46,22731.917968,73217.685325,11756138.2,134650.64975,23665442.079,0.0,0.0,0.0,-5.1177083161e-08,1.0794678386e-08,9.391928019e-08,4.0977960742e-07,0.0,0.0,1.7934259675e-07,0.0,0.0,0.0,0.0,-5.3327521062e-08,0.24675097815,0.0051194765272,-0.0040768011975,0.0093150764209
v13009,ok,,3.196335413,283578553.75,51699.691875,166848.8205,11796153.268,311197.28773,24093996.63,0.0,0.0,0.0,-3.2102575976e-08,1.0464717355e-08,6.1010745974e-08,2.6432008941e-07,0.0,0.0,2.5182234682e-07,0.0,0.0,0.0,0.0,-3.275668791e-08,0.2442256306,0.0075014389719,-0.013019137738,0.013665267179
v23010,ok,,3.1911408713,283117694.53,61690.245691,205688.77652,11748914.539,379497.71512,23922334.954,0.0,0.0,0.0,-3.3555110157e-08,1.0576403597e-08,7.4179670331e-08,2.6123016776e-07,0.0,0.0,3.882781404e-07,0.0,0.0,0.0,0.0,-3.8646377632e-08,0.24118414591,0.0091988408097,-0.023952973878,0.016115353231
v43015,ok,,3.2496526415,288308852.86,140605.62011,438581.03114,11839948.89,864307.7113,25016646.098,0.0,0.0,0.0,-3.3264614787e-08,1.061112943e-08,6.9721293837e-08,2.3929552313e-07,0.0,0.0,-1.1493228502e-07,0.0,0.0,0.0,0.0,-3.8515312501e-08,0.23744766737,0.020870432333,0.016160125205,0.033646295418
v43012,ok,,3.2210792924,285773828.23,91157.009681,291701.83861,11804215.194,558575.84291,24496345.225,0.0,0.0,0.0,-5.0590895537e-08,1.1431539919e-08,1.0214172578e-07,3.7410468763e-07,0.0,0.0,-1.2717658127e-07,0.0,0.0,0.0,0.0,-5.7763107835e-08,0.23974644505,0.020545326101,0.01159303685,0.034102264632
vr1,ok,,3.1936202096,283337661.18,77568.574784,241886.94005,11748743.793,467116.94773,23959253.472,0.0,0.0,0.0,-2.423986023e-08,1.0215104734e-08,4.8158712326e-09,2.3313995073e-07,0.0,0.0,-6.3553424733e-07,0.0,0.0,0.0,0.0,-8.5140472809e-09,0.24243258484,0.010358848718,0.049297485792,0.018084333703
vr11x,ok,,3.2171072288,285421427.14,88654.003463,266430.95255,11821804.37,525386.3134,24469655.547,0.0,0.0,0.0,-4.0935492093e-08,1.0668903067e-08,3.1256906769e-08,3.3900425979e-07,0.0,0.0,-9.6474890282e-07,0.0,0.0,0.0,0.0,-3.0971392085e-08,0.24469448328,0.017530036674,0.085528852571,0.030054084821
vr12,ok,,3.2158287306,285307998.91,79105.295321,242862.26642,11830926.645,471638.99496,24466404.653,0.0,0.0,0.0,-4.1154621673e-08,1.0844142649e-08,6.8932055003e-08,3.3706974097e-07,0.0,0.0,-5.5102438084e-07,0.0,0.0,0.0,0.0,-4.4641557046e-08,0.24399710481,0.014279296198,0.043588946375,0.026664001403
vr13,ok,,3.20519688,284364742.21,63319.710784,195274.9793,11815160.952,376050.1602,24269424.458,0.0,0.0,0.0,-4.6251563593e-08,1.0971468483e-08,7.7781867809e-08,3.7811122535e-07,0.0,0.0,-6.5521416616e-07,0.0,0.0,0.0,0.0,-5.0332488648e-08,0.24492815427,0.012761665922,0.041487971503,0.023941893433
vr14,ok,,3.1920168008,283195406.92,44850.088647,139165.09346,11793375.242,265120.84722,24022340.003,0.0,0.0,0.0,-5.5380638331e-08,1.1137219717e-08,9.3692765139e-08,4.5171206359e-07,0.0,0.0,-8.6565597818e-07,0.0,0.0,0.0,0.0,-6.0560224231e-08,0.24611215568,0.010733838302,0.03882474736,0.020259326095
vr7,ok,,3.2002140599,283922666.91,81725.351705,280292.39813,11727025.847,523301.74959,24015468.34,0.0,0.0,0.0,-4.7523103787e-08,1.0972814363e-08,6.1609843978e-08,4.515839241e-07,0.0,0.0,-7.0129437602e-08,0.0,0.0,0.0,0.0,-3.6363087059e-08,0.24170224646,0.020277112131,0.0057313529529,0.036905855022
vr15,ok,,3.1908982032,283096165.05,45416.385427,138001.13387,11793797.838,264890.7364,24005866.661,0.0,0.0,0.0,-4.0625110452e-08,1.0824063015e-08,8.1368000741e-08,3.2129538672e-07,0.0,0.0,-1.0281793484e-06,0.0,0.0,0.0,0.0,-5.2161080967e-08,0.24631595202,0.0073592919894,0.046696189573,0.014592075119
vr5,ok,,3.1972574359,283660355.53,79811.486532,281664.46757,11701185.831,522393.79794,23917109.525,0.0,0.0,0.0,-5.0637139184e-08,1.1109952563e-08,5.0566798685e-08,5.0174862814e-07,0.0,0.0,-3.5885127155e-07,0.0,0.0,0.0,0.0,-3.7252293027e-08,0.24204670199,0.021750634203,0.028640453427,0.040045303877
vr7b,ok,,3.2197934195,285659745.71,79183.009034,276192.51129,11791218.59,520747.86244,24443563.177,0.0,0.0,0.0,-4.7789076941e-08,1.0944914346e-08,7.0559166955e-08,4.694699514e-07,0.0,0.0,1.1063710659e-07,0.0,0.0,0.0,0.0,-3.7339485411e-08,0.24471555473,0.020135480284,-0.0087605790103,0.037174043403
vr8,ok,,3.1555760511,279962387.29,36671.425251,124143.39417,11657555.275,226777.93347,23203608.225,0.0,0.0,0.0,-4.4000974855e-08,1.0824186034e-08,5.5369089978e-08,4.0778151181e-07,0.0,0.0,-1.772535913e-07,0.0,0.0,0.0,0.0,-3.389642007e-08,0.24329694067,0.0081087201713,0.0065001418239,0.014953929229
vr8b,ok,,3.1853174621,282601042.26,34838.194068,118197.28216,11766047.752,220124.57818,23863167.073,0.0,0.0,0.0,-4.4916549769e-08,1.075602468e-08,6.8666203799e-08,4.2758129229e-07,0.0,0.0,3.3515108435e-07,0.0,0.0,0.0,0.0,-3.6490730498e-08,0.24804644652,0.0078953160296,-0.011676058519,0.014896160041
vr9,ok,,3.1401754095,278596043.94,20628.701614,68649.01308,11632492.284,125008.65488,22925989.927,0.0,0.0,0.0,-2.0010521745e-08,1.0686311215e-08,2.3978437315e-08,1.8552605081e-07,0.0,0.0,-3.9579711421e-07,0.0,0.0,0.0,0.0,-1.4964993805e-08,0.24413517226,0.0020447788143,0.0081647805688,0.0038271615438
w1011,ok,,3.2067835065,284505507.55,66719.491977,226758.82378,11802448.697,416714.57166,24267411.052,0.0,0.0,0.0,-2.1277298851e-11,1.0038450229e-08,-1.5347993886e-10,1.0066003309e-10,0.0,0.0,8.1929046135e-07,0.0,0.0,0.0,0.0,8.6659003806e-11,0.24360721637,1.7663721265e-05,-0.054662643363,6.7159862701e-06
w1015,ok,,3.2404219012,287489902.51,131317.73912,420528.13476,11832108.665,815607.08356,24852164.548,0.0,0.0,0.0,-3.0367729181e-14,9.6783279137e-09,-3.1884011014e-13,1.5998110787e-13,0.0,0.0,1.2138018853e-07,0.0,0.0,0.0,0.0,3.2009509146e-13,0.24052739786,8.7563061513e-08,-0.015939371933,2.1008357388e-08
waspsm,ok,,3.200375798,283937016.3,51684.558484,186899.48815,11780418.314,332602.63238,24125562.389,0.0,0.0,0.0,-6.7745381273e-08,1.0765381778e-08,5.7636937037e-08,7.2116906857e-07,0.0,0.0,3.0437487354e-07,0.0,0.0,0.0,0.0,-2.7802603748e-08,0.24458475557,0.020272321192,-0.015731480953,0.037273304902
wb13535sm,ok,,3.2159122523,285315408.95,104047.9491,373204.56784,11720902.248,682924.27549,24247364.816,0.0,0.0,0.0,-3.7681642445e-08,1.0181042889e-08,1.635800909e-08,4.2770839525e-07,0.0,0.0,4.0266872136e-08,0.0,0.0,0.0,0.0,-8.0712627443e-09,0.24181948005,0.024401547476,-0.0041896854624,0.044502181339
wb140,ok,,3.2350400466,287012424.92,126658.10246,414002.59147,11782934.835,799985.45411,24665203.699,0.0,0.0,0.0,-3.2245525209e-08,1.0135578685e-08,-5.7609196712e-10,3.4701699437e-07,0.0,0.0,-3.8138507465e-07,0.0,0.0,0.0,0.0,-8.687993622e-09,0.24445578746,0.024098120935,0.048305509863,0.04395251403
whitcomb,ok,,3.1775035332,281907791.29,74738.692756,258480.98726,11657458.178,469086.22694,23532710.523,0.0,0.0,0.0,-1.5857113425e-09,1.0031303594e-08,-9.1925770805e-08,-1.9093842752e-08,0.0,0.0,-4.4686781333e-08,0.0,0.0,0.0,0.0,5.3517369521e-08,0.2368486578,0.0066940532451,0.0033398316203,-0.001427048847
ys900,ok,,3.1623695781,280565108.32,59976.482514,172321.25814,11673850.903,340880.61544,23341335.215,0.0,0.0,0.0,-1.5703789686e-13,1.0606711408e-08,1.3620865606e-12,-1.2519986973e-12,0.0,0.0,-4.4113322792e-06,0.0,0.0,0.0,0.0,-3.8752067384e-13,0.24757480651,2.0826967384e-08,0.26457619331,-7.5090477974e-08
ys915,ok,,3.1656415756,280855399.61,56963.370821,176374.83211,11673156.219,337858.02482,23386708.841,0.0,0.0,0.0,-2.0661949485e-08,1.0272967513e-08,-8.9173251142e-08,2.8562590059e-07,0.0,0.0,-2.0542152422e-06,0.0,0.0,0.0,0.0,3.1876631913e-08,0.2454267393,0.0096251293229,0.11701502459,0.016270214091
ys920,ok,,3.1682930182,281090635.33,57294.323636,180994.36872,11677701.915,342889.84419,23435746.744,0.0,0.0,0.0,-2.7456611065e-08,1.0134405946e-08,-1.0209459554e-07,3.662930695e-07,0.0,0.0,-1.9341141737e-06,0.0,0.0,0.0,0.0,3.5317251624e-08,0.24526434655,0.012386570145,0.11081376342,0.02098651367
ys930,ok,,3.1735420706,281556330.72,57452.751176,196068.65879,11675823.476,359928.72403,23511439.943,0.0,0.0,0.0,-4.4154070274e-08,9.9309957065e-09,-1.019145958e-07,5.6953079739e-07,0.0,0.0,-1.5492864295e-06,0.0,0.0,0.0,0.0,2.995019581e-08,0.24465537971,0.018531874728,0.089010767737,0.03272111119
zv15_35,ok,,3.2447468319,287873609.93,122250.15703,444796.61569,11800518.799,808584.65218,24856227.197,0.0,0.0,0.0,-8.5374319374e-10,9.4347576822e-09,1.6816686605e-08,-3.7458678763e-08,0.0,0.0,7.0402782654e-07,0.0,0.0,0.0,0.0,-1.1008752794e-08,0.23430437459,-0.0013954530489,-0.086067512348,-0.0045793293609
