airfoil_name,status,error,mu,ea,gj,ga22,ga33,ei22,ei33,cmp12r,cmp13r,cmp14r,cmp15r,cmp16r,cmp23r,cmp24r,cmp25r,cmp26r,cmp34r,cmp35r,cmp36r,cmp45r,cmp46r,cmp56r,tc2,tc3,sc2,sc3
2032c,ok,,3.2279897594,33333599.301,40656.148278,317719.69721,15016482.839,33226.437934,2852713.941,-6.4432034756e-08,2.7360567849e-09,-6.0518013904e-07,-1.5998788446e-06,1.3453565351e-07,8.6047212654e-08,2.0149708405e-06,7.6022756972e-07,-2.8460552987e-08,-4.0308831536e-08,-8.8799410495e-07,-1.5502742227e-07,1.1374411e-05,-3.469814277e-07,-9.1760775025e-07,0.24427947414,0.045753551401,0.0016388018318,0.081920953268
a18,ok,,3.1991745073,33036040.716,45385.101062,225565.69969,15066099.449,27224.085426,2805492.2099,-5.0687831541e-08,4.1514431971e-08,-5.6010988764e-07,-1.4838196783e-06,1.1257927118e-07,-3.9105771609e-09,1.263181017e-06,6.7411154159e-07,-1.3137730063e-08,-1.2553837724e-06,-1.9346038635e-06,-1.1398305705e-07,1.3882385354e-05,-2.2119489188e-07,-5.9391172706e-07,0.24844906819,0.036388142957,0.056975719384,0.057329598114
a18sm,ok,,3.2014573827,33059614.66,45547.694558,223923.52737,15082297.689,27208.911507,2812326.0256,-3.5479138716e-08,1.2837416457e-08,-3.5229700747e-07,-9.3561711668e-07,8.8404948993e-08,-5.7858433615e-08,9.4702361371e-07,4.9642953733e-07,-9.3553639168e-11,-1.306716874e-06,-1.9498278935e-06,-1.4410637516e-07,1.3892145477e-05,1.2003970266e-10,-1.41824419e-08,0.24760812754,0.02536157794,0.059517941052,0.043134742297
a63a108c,ok,,3.2003823592,33048513.509,51435.065738,199828.37473,15134388.589,26941.71249,2820650.5485,-2.326356982e-08,5.9132920736e-09,-6.9586563873e-08,-1.8626556338e-07,8.7573883029e-08,-8.5098836462e-10,1.1593369738e-07,7.7944769388e-08,-3.1993242282e-11,-8.5130381603e-07,-1.7995080089e-06,-8.3562090981e-09,1.4036526063e-05,-1.1326842727e-08,-3.9105957753e-08,0.24646150312,0.0047586513159,0.04378686774,0.0059630573461
ag04,ok,,3.1772789706,32809938.063,29607.903938,138352.31108,15031184.328,16506.657519,2761111.7188,-2.8444776406e-08,2.1811369881e-09,-3.0681251394e-07,-8.14564248e-07,9.4924616999e-08,6.3543919814e-08,6.9996686283e-07,3.9092445237e-07,-3.2910748952e-09,8.1923647069e-07,-2.0167130763e-06,-8.4089122416e-08,2.2900253669e-05,-1.5454420122e-07,-4.2076742044e-07,0.2464636898,0.011734497955,-0.024255874727,0.020724551634
ag03,ok,,3.1767930111,32804919.837,31311.96053,139449.5246,15042608.057,17091.336031,2760014.9443,-3.0198115511e-08,1.456227556e-08,-3.5803932704e-07,-9.4796297919e-07,1.0009800791e-07,7.1502716516e-08,7.4118265151e-07,4.2537741614e-07,-5.851028214e-09,-3.0433661129e-07,-2.3509055979e-06,-6.7318609308e-08,2.2125961469e-05,-2.5055043823e-07,-6.6773493969e-07,0.24637625868,0.013391944478,0.0095293759606,0.02320788193
ag09,ok,,3.1766948645,32803906.334,17641.945714,86713.201168,15074891.042,9950.4927646,2762707.4983,-3.2970562774e-08,3.476254343e-09,-5.4047276109e-07,-1.4295521961e-06,1.0291703666e-07,1.439786653e-07,1.2328641135e-06,6.7164840881e-07,-7.7193083805e-09,1.9165243211e-06,-3.0326945873e-06,-1.3111911052e-07,3.8014056191e-05,-3.5470397318e-07,-9.410155182e-07,0.24732384797,0.011909963179,-0.033811218032,0.021750121763
ag08,ok,,3.1775161857,32812387.652,24718.952735,116931.10152,15052096.311,13776.243024,2763127.1067,-2.9774688277e-08,2.3387110273e-09,-3.739808464e-07,-9.9153506085e-07,9.6024453094e-08,7.3524838495e-08,8.60670932e-07,4.7935421173e-07,-3.9295497168e-09,9.5457440458e-07,-2.4141832433e-06,-1.0534219015e-07,2.7445238744e-05,-1.7993534005e-07,-4.8581681414e-07,0.24697950035,0.012007201285,-0.023596079589,0.021274884089
ag11,ok,,3.1839936115,32879276.309,27851.476095,123706.35016,15086854.596,15284.327165,2779314.0954,-3.3420680867e-08,2.262572997e-08,-4.6466659157e-07,-1.229015668e-06,1.0708172553e-07,1.0565420276e-07,9.3380035426e-07,5.3379704819e-07,-9.4969340857e-09,-4.2609372576e-07,-2.6353781641e-06,-6.9104072205e-08,2.4743464963e-05,-3.6756227086e-07,-9.7420820017e-07,0.24668541631,0.015114873374,0.011867339217,0.026007718244
ag10,ok,,3.1806728487,32844984.696,16088.206638,77857.602916,15102087.149,8915.7876674,2774078.811,-3.2499866069e-08,2.5157848934e-09,-5.6111092848e-07,-1.4836397779e-06,1.0201988783e-07,1.5473085166e-07,1.2399463271e-06,6.9124092294e-07,-7.2760895068e-09,2.4826724128e-06,-3.1400996965e-06,-1.3006832231e-07,4.2429936291e-05,-3.6605855474e-07,-9.6957132847e-07,0.24741156353,0.011089901382,-0.039941746792,0.019948512731
ag12,ok,,3.1673089232,32706983.103,25022.378907,128357.35956,14976235.15,14516.012742,2735292.8172,-2.986075558e-08,-3.9333806628e-09,-3.6362747277e-07,-9.6618451574e-07,9.4272687031e-08,7.9356575708e-08,8.7569469584e-07,4.7368360911e-07,-2.7067825471e-09,2.1102236257e-06,-1.8714566079e-06,-1.1002294056e-07,2.6031606672e-05,-1.1861262428e-07,-3.2983798869e-07,0.24520392447,0.012851423104,-0.052802815141,0.021911964486
ag13,ok,,3.1660506984,32693990.135,22040.011275,116031.38743,14983352.459,12903.677575,2732739.8375,-3.1899687081e-08,-3.9523718785e-09,-4.4086547631e-07,-1.1699496691e-06,9.6242179187e-08,9.9724564126e-08,1.0682223649e-06,5.70650612e-07,-3.8153281676e-09,2.4043242605e-06,-2.094337652e-06,-1.2974222513e-07,2.9289790912e-05,-1.5664222149e-07,-4.2874490994e-07,0.24530878069,0.013739932976,-0.05299133381,0.023543632965
ag14,ok,,3.1646902606,32679941.674,18659.343506,101982.59619,14994145.468,11070.509621,2730016.712,-3.4945270124e-08,-4.5776647783e-09,-5.5457208595e-07,-1.4695663609e-06,9.9968611191e-08,1.3688251133e-07,1.3517004796e-06,7.0962137229e-07,-5.9278085806e-09,2.9729062921e-06,-2.3419599548e-06,-1.5499217676e-07,3.4150248037e-05,-2.3000906715e-07,-6.1956640116e-07,0.24538552343,0.014586458935,-0.055472479713,0.025221843566
ag16,ok,,3.1714055912,32749287.042,33548.89163,164328.03908,14965369.678,19269.573,2743256.21,-2.7954843416e-08,-2.5011707385e-09,-2.6558841578e-07,-7.0779374266e-07,9.14881752e-08,3.8602450973e-08,6.4593285263e-07,3.555347925e-07,-1.2431478682e-09,1.0912568024e-06,-1.6096184734e-06,-8.9923644609e-08,1.960243641e-05,-5.3266912257e-08,-1.6013868883e-07,0.24498151679,0.012883041754,-0.036610456204,0.021670331273
ag17,ok,,3.1690290947,32724746.325,27951.397586,141379.85799,14975523.843,16206.867566,2738556.1511,-3.0085322786e-08,-2.0654000336e-09,-3.4861504116e-07,-9.2672143008e-07,9.3730554795e-08,6.1711973786e-08,8.4746457595e-07,4.5884266917e-07,-2.4856728e-09,1.4226383677e-06,-1.8698144293e-06,-1.1019669184e-07,2.3313558318e-05,-9.9519377254e-08,-2.8005718405e-07,0.24516201792,0.013906786146,-0.039764730637,0.023687819302
ag18,ok,,3.1669291455,32703061.354,22866.779584,120756.46576,14985392.802,13467.186995,2734331.7356,-3.3075854828e-08,-1.8863234121e-09,-4.587485193e-07,-1.2172580347e-06,9.6985706162e-08,9.3000273562e-08,1.1247821021e-06,5.9592774932e-07,-4.3325601979e-09,1.873132229e-06,-2.1870631133e-06,-1.3713609595e-07,2.8063698261e-05,-1.622628553e-07,-4.4352965467e-07,0.24530080626,0.014928371382,-0.042832501813,0.02572014441
ag23,ok,,3.1818718183,32857365.768,58943.486468,259865.76124,14966189.635,32986.231229,2763749.1272,-2.7021298319e-08,4.6018248596e-09,-1.859197195e-07,-4.9657070744e-07,9.0207614449e-08,2.3867334972e-09,4.2455396153e-07,2.4478184112e-07,-9.2114597804e-10,-3.1139262179e-07,-1.2974135013e-06,-5.8852298674e-08,1.1452044415e-05,-3.3462298493e-08,-1.0663025113e-07,0.24448092121,0.015520270402,0.018354566789,0.025024690687
ag19,ok,,3.1656244527,32689588.539,19501.685227,107211.87179,14994171.367,11673.711092,2731684.1111,-3.6064154074e-08,-1.8856455497e-09,-5.6328086079e-07,-1.4929169301e-06,1.0041455112e-07,1.2281501109e-07,1.3979154094e-06,7.2568272732e-07,-6.3062280696e-09,2.2747918612e-06,-2.4667894805e-06,-1.6234522737e-07,3.2382551904e-05,-2.2508617715e-07,-6.0732993203e-07,0.24537354741,0.015689025019,-0.044362274834,0.027261706289
ag24,ok,,3.1792469637,32830260.399,51719.91166,233769.41359,14967001.907,29141.077664,2758557.2062,-2.7657029435e-08,3.9458955758e-09,-2.1207192909e-07,-5.6586713935e-07,9.0692052106e-08,8.1245358865e-09,4.9174561611e-07,2.8003043776e-07,-1.0960870194e-09,-1.4363214528e-07,-1.391009737e-06,-6.7946113778e-08,1.296284803e-05,-3.9326149117e-08,-1.2237134661e-07,0.24460950353,0.015617893444,0.0074286418656,0.025433039824
ag25,ok,,3.1757681625,32794336.813,41329.064661,195758.11689,14974341.132,23645.53097,2751673.6129,-2.9831653511e-08,4.2694866312e-09,-2.8524719387e-07,-7.5916331858e-07,9.2524403722e-08,2.2991436098e-08,6.7368740155e-07,3.7408331554e-07,-2.0397172013e-09,1.022119973e-07,-1.611899725e-06,-8.8817151559e-08,1.5977823152e-05,-6.8170133212e-08,-1.9745095166e-07,0.24483831266,0.016808080233,-0.0042243262456,0.02784287018
ag26,ok,,3.1745133187,32781378.761,33171.194879,165725.5889,14988415.575,19370.760159,2750026.1737,-3.2453345168e-08,3.6828478337e-09,-3.7110301854e-07,-9.8584435031e-07,9.5165726053e-08,4.6541488381e-08,8.993409789e-07,4.8409433461e-07,-3.5705704881e-09,4.6401464227e-07,-1.8380549466e-06,-1.1296411491e-07,1.9506919718e-05,-1.1338476263e-07,-3.1545044927e-07,0.24513219247,0.017599332343,-0.015391920125,0.029832214874
ag27,ok,,3.1737112717,32773096.482,25900.982502,139362.66074,15004118.35,15595.07339,2749237.3188,-3.6186821271e-08,1.737575662e-09,-4.8847647763e-07,-1.2957795544e-06,9.893089305e-08,8.0731104488e-08,1.2308614105e-06,6.3599841043e-07,-5.8227561421e-09,1.0112870507e-06,-2.1107253417e-06,-1.4747900515e-07,2.4233940298e-05,-1.7551388982e-07,-4.7802024944e-07,0.24541241976,0.018379313631,-0.026193328205,0.031880519856
ag35,ok,,3.1967502649,33011006.954,60867.820731,255441.63338,15063151.39,33416.89212,2803651.5877,-4.1764916729e-08,3.8632159101e-08,-4.4807581805e-07,-1.1844405377e-06,1.3175829393e-07,1.1323753442e-07,7.7994287875e-07,4.6105393451e-07,-1.9379954566e-08,-5.9334253097e-07,-1.3700571949e-06,-1.2969411271e-08,1.1304971963e-05,-4.1818071192e-07,-1.1054015194e-06,0.2462277256,0.030527110866,0.036115466808,0.047473423324
ag36,ok,,3.1930164054,32972449.529,53833.810962,226425.42346,15066154.239,29360.430911,2796290.3381,-4.1683009058e-08,4.115724084e-08,-4.7646517353e-07,-1.2594957427e-06,1.3118257205e-07,1.1759809921e-07,8.2541442491e-07,4.9096326146e-07,-1.899337856e-08,-6.6495735344e-07,-1.5626764534e-06,-1.4488265676e-08,1.2869636998e-05,-4.3822482564e-07,-1.1584369537e-06,0.24660706174,0.028625192532,0.035797188463,0.044435204116
ag37,ok,,3.1925601761,32967738.311,49053.559495,204475.95608,15082846.792,26464.088996,2797181.2478,-4.1457287541e-08,4.382180553e-08,-4.9931673155e-07,-1.319900507e-06,1.2958449287e-07,1.1748736261e-07,8.5200680475e-07,5.1428913783e-07,-1.8205819394e-08,-7.7401903488e-07,-1.7437742079e-06,-1.4961017906e-08,1.4280882753e-05,-4.4623784626e-07,-1.179639116e-06,0.24685717069,0.027250396637,0.037968388778,0.041793966487
ag38,ok,,3.1905724621,32947212.327,42569.99006,174808.25682,15098167.528,22612.012744,2794632.9815,-4.1000434964e-08,5.0764299793e-08,-5.3259941022e-07,-1.4078888153e-06,1.2595410037e-07,1.030192493e-07,8.9400172483e-07,5.5073257465e-07,-1.6596802636e-08,-1.2075077113e-06,-2.1844879678e-06,-1.8119985651e-08,1.6718373642e-05,-4.4335794627e-07,-1.1720768189e-06,0.2474690648,0.025294448064,0.051403591266,0.038057644539
ag44ct02r,ok,,3.1713939756,32749167.109,38672.799382,176839.18159,14976376.524,21492.56282,2743013.5299,-2.8280493053e-08,6.0441678441e-09,-2.6975794572e-07,-7.1626857308e-07,9.63369164e-08,6.2072342216e-08,5.7789289019e-07,3.2721142499e-07,-3.9608597353e-09,3.4390623989e-07,-1.6088895142e-06,-5.7438766348e-08,1.7586728911e-05,-1.7542243455e-07,-4.7497736262e-07,0.24416875275,0.012903210724,-0.013299817021,0.022348735806
ag455ct02r,ok,,3.1696191631,32730839.616,29352.805736,139701.32221,14992830.665,16451.663517,2740998.986,-2.9013327463e-08,4.9941574899e-09,-3.3086269353e-07,-8.7703853026e-07,9.8550943523e-08,9.6488839884e-08,7.1054560704e-07,3.9606702796e-07,-4.9408224437e-09,1.1957928487e-06,-1.8117742984e-06,-6.5183644309e-08,2.2981646484e-05,-2.3865817432e-07,-6.3948000584e-07,0.24480705123,0.011854567937,-0.035099875188,0.02085650717
ag45c03,ok,,3.1721853561,32757339.227,32258.021651,158047.91759,14981278.31,18459.699237,2745411.8275,-3.2589390254e-08,8.1282774653e-09,-4.023861238e-07,-1.0679147011e-06,8.6095169357e-08,1.5848515093e-08,8.0811601134e-07,4.8776938457e-07,1.7304128184e-09,1.4036123024e-06,-1.4678293179e-06,-8.5365112239e-08,2.0479738352e-05,6.0301955085e-08,1.4497399358e-07,0.24421118135,0.02036708323,-0.045277756041,0.02606822379
ag45ct02r,ok,,3.1684755984,32719030.684,33462.293003,157338.82974,14972106.579,18735.592648,2736749.341,-2.8456984602e-08,4.8063628361e-09,-2.9379221276e-07,-7.796118407e-07,9.7465613014e-08,8.0945188642e-08,6.3403170996e-07,3.5414234273e-07,-4.4246911371e-09,8.3165195765e-07,-1.677264235e-06,-6.0332642915e-08,2.0176147067e-05,-2.0863051606e-07,-5.620702051e-07,0.24424080079,0.01203580285,-0.027828981483,0.021216154851
ag46c03,ok,,3.1631146329,32663671.07,25517.6087,123564.06998,14971298.324,14322.154286,2725497.6672,-3.2641694024e-08,1.2305392445e-08,-4.5708225314e-07,-1.2119861367e-06,8.3992069371e-08,-5.2958448001e-09,8.9018158866e-07,5.5503534587e-07,3.1390394491e-09,1.5829694051e-06,-2.0040501162e-06,-9.7929074853e-08,2.6401872979e-05,1.2700679709e-07,3.2268183517e-07,0.24418131165,0.018487133084,-0.040393593864,0.022715305452
ag46ct02r,ok,,3.166088641,32694381.946,26227.208776,124470.53462,14989115.711,14585.317426,2733293.5678,-2.8721327386e-08,5.4863305585e-09,-3.4186956999e-07,-9.0588830364e-07,9.8282271763e-08,9.8453193657e-08,7.289840198e-07,4.0910318121e-07,-4.658061932e-09,1.3191203818e-06,-2.0637336593e-06,-6.7210369951e-08,2.5925344758e-05,-2.4569101824e-07,-6.5730784328e-07,0.2448713936,0.010866079917,-0.034596845654,0.019119216082
ag47c03,ok,,3.1508999461,32537537.003,17626.34187,87837.193409,14938739.677,9848.1656805,2697348.893,-3.2905917014e-08,1.2593029009e-08,-5.5807451175e-07,-1.478796254e-06,8.0428111973e-08,-2.294243917e-08,1.0570491445e-06,6.7758311836e-07,5.3508718026e-09,3.0912080168e-06,-2.6252598902e-06,-1.1947208202e-07,3.8400744947e-05,2.6160721742e-07,6.7873316757e-07,0.24359538957,0.016192415654,-0.054486689296,0.018631909595
ag47ct02r,ok,,3.1551113921,32581026.191,17674.966249,85547.708454,14963943.838,9742.6688441,2708375.4809,-2.8383218684e-08,4.5966721628e-09,-4.0237426511e-07,-1.0656935375e-06,9.8422527673e-08,1.2486378027e-07,8.5418581472e-07,4.8130250792e-07,-4.371575688e-09,2.6344081826e-06,-2.8591164112e-06,-7.8892016136e-08,3.8817260449e-05,-2.9392002491e-07,-7.8446769108e-07,0.24449010681,0.0085146072371,-0.046563075714,0.015097705446
ag52,ok,,3.1774538767,32811744.227,55683.080029,233470.52376,14988042.74,30057.956783,2756280.4476,-2.5986531991e-08,6.6930432714e-09,-1.6855968914e-07,-4.490684599e-07,9.1012528882e-08,5.3020760253e-09,3.6224232219e-07,2.1532328457e-07,-1.2168701365e-09,-6.6020395395e-07,-1.5423257163e-06,-4.6754342212e-08,1.2575408033e-05,-5.7419835992e-08,-1.6475097115e-07,0.24472035742,0.0122865108,0.036762189604,0.020170768216
ag53,ok,,3.1767569262,32804547.209,51409.53336,218579.78911,14990338.47,27865.458351,2755219.4678,-2.637055866e-08,6.8662746718e-09,-1.8635536818e-07,-4.9611534079e-07,9.1648001389e-08,1.1256597749e-08,4.0110154429e-07,2.3657361252e-07,-1.5278991413e-09,-5.5949785742e-07,-1.6024439088e-06,-5.0207669529e-08,1.3564757603e-05,-7.0769380011e-08,-1.9992752404e-07,0.2448873047,0.012460587238,0.028763523766,0.020620443222
ag54,ok,,3.1754169898,32790710.454,43263.350269,190288.39426,14994766.451,23711.43067,2753109.3154,-2.7324997532e-08,6.7874004591e-09,-2.2963293839e-07,-6.1049925444e-07,9.3225161796e-08,2.7417858687e-08,4.9859242813e-07,2.885676262e-07,-2.3254080589e-09,-2.5003706589e-07,-1.7189390625e-06,-5.8920837843e-08,1.5941158355e-05,-1.0391303943e-07,-2.8718744308e-07,0.24520163416,0.012806678578,0.010817441162,0.02157077886
ag55,ok,,3.1739899437,32775974.168,31701.791839,147390.05231,15011096.353,17694.111826,2751725.146,-2.9716238436e-08,7.2378610964e-09,-3.3386281076e-07,-8.8562368035e-07,9.7199087413e-08,6.609723203e-08,7.3335235499e-07,4.1214994193e-07,-4.4212721538e-09,3.9761120748e-07,-2.0120455262e-06,-7.8263960105e-08,2.1365109066e-05,-1.8650376756e-07,-5.0366568943e-07,0.24572551213,0.013481516808,-0.012604987733,0.023248583703
ah21-7,ok,,3.1800931323,32838998.296,73683.414419,288661.69468,14996913.077,38918.46914,2760381.4063,-2.6256589059e-08,1.2254572825e-08,-1.5243444844e-07,-4.0652225743e-07,8.7272777618e-08,-4.8135675266e-08,3.3132538573e-07,2.0800012723e-07,8.4233556704e-10,-1.4628807265e-06,-1.6137017527e-06,-5.556005579e-08,9.7143682726e-06,3.3717135988e-08,7.553357212e-08,0.24420278944,0.016539239873,0.10779004682,0.024413185704
ah21-9,ok,,3.1613520752,32645470.147,45066.661377,181157.03924,14963596.747,23452.059112,2719134.9787,-2.6443312015e-08,1.6523201912e-08,-1.9827580595e-07,-5.2695080002e-07,8.8814736794e-08,-5.8791321338e-08,4.2505293829e-07,2.6922322471e-07,8.1986236835e-10,-2.314630125e-06,-2.675109551e-06,-7.0936090952e-08,1.6125114477e-05,4.1248325451e-08,9.8263814995e-08,0.24479995134,0.01292228928,0.10431265206,0.019155716837
ah63k127,ok,,3.2051486002,33097731.747,124303.88142,519909.16825,14852387.833,71821.180358,2794688.9235,-2.7892916602e-08,1.0711923442e-08,-1.4093462346e-07,-3.7540710338e-07,9.0549192345e-08,-2.3135700509e-08,3.2494125591e-07,1.8415305396e-07,-1.8048118068e-09,-8.6279955522e-07,-8.7852834498e-07,-4.3214639452e-08,5.2632041741e-06,-3.8321185584e-08,-1.1199230165e-07,0.24460129821,0.02499641043,0.1072493336,0.040391459343
ah7476,ok,,3.2194013455,33244911.675,31766.569939,245070.77838,15035914.701,25511.750667,2843666.8454,-6.2539765094e-08,4.9274573204e-08,-6.6115120234e-07,-1.7587285362e-06,9.7487305724e-08,-1.9757008722e-07,2.2884381164e-06,8.82064601e-07,-6.1574831742e-09,-2.9870374539e-06,-2.4333754415e-06,-2.2089258058e-07,1.4786043498e-05,-7.6455786755e-08,-2.2718673924e-07,0.2482251891,0.043431019955,0.094887934188,0.072695829476
ah6407,ok,,3.2130555464,33179382.247,38186.855996,245527.63457,15024277.754,27060.481659,2831303.9224,-5.3548310804e-08,2.4875167861e-08,-5.6669060904e-07,-1.5079256193e-06,1.0539970128e-07,-4.509061256e-08,1.6987946658e-06,7.4230773399e-07,-1.0843093803e-08,-1.3596646351e-06,-1.8439179031e-06,-1.7559360871e-07,1.3938026554e-05,-1.5712292734e-07,-4.3937617856e-07,0.24761402152,0.037866534914,0.051921317626,0.064871627271
ah79100a,ok,,3.1837032061,32876277.46,69346.900254,330337.80108,14857748.479,41691.190594,2756643.3346,-3.0146439213e-08,2.4855986029e-09,-2.1498593606e-07,-5.7786256986e-07,8.5909276696e-08,-2.3577896371e-08,5.6645432013e-07,3.0526445118e-07,1.5467695258e-09,-2.2909917094e-07,-1.0577188736e-06,-9.0266332079e-08,9.0424650989e-06,4.118056494e-08,7.7823801283e-08,0.24198717219,0.024877188026,0.015887317355,0.039281851236
ah79100b,ok,,3.2051949412,33098210.285,73030.011331,406278.31086,14849870.627,50030.754657,2791439.2625,-4.3089563739e-08,1.6095632794e-08,-3.3432981996e-07,-8.9256543858e-07,8.4842616205e-08,-6.0641580812e-08,9.7753770669e-07,4.579866881e-07,1.5784937057e-09,-7.173914599e-07,-1.0566438313e-06,-1.236418154e-07,7.5414642221e-06,2.5404017937e-08,4.0582798049e-08,0.24189081328,0.045147044196,0.052391106445,0.071389589797
ah79100c,ok,,3.2190485072,33241268.116,87420.74861,438899.08261,14962418.76,56732.652095,2826721.3891,-4.2014973864e-08,2.1705148785e-08,-3.0603522878e-07,-8.1283147183e-07,8.4250713308e-08,-9.312547341e-08,8.521184869e-07,4.2054642721e-07,1.4092352095e-09,-1.1430688458e-06,-1.0810172281e-06,-1.1449970028e-07,6.6636331027e-06,1.9600213075e-08,3.8207444619e-08,0.2431325557,0.046641325216,0.099927934212,0.07449283603
ah79k132,ok,,3.212625166,33174937.956,140986.67324,570558.00501,14880531.534,80643.038145,2811809.9567,-2.7169370148e-08,9.877996183e-09,-1.2552664177e-07,-3.3314573206e-07,9.1464697469e-08,-8.6246891376e-09,2.7632583187e-07,1.5758067977e-07,-2.7779852701e-09,-7.8621536476e-07,-7.6947098166e-07,-3.2051119403e-08,4.6885604562e-06,-6.4646402766e-08,-1.7594958868e-07,0.24383648664,0.023410914941,0.11084588873,0.038958259767
ah79k135,ok,,3.2089975187,33137477.322,145698.254,580785.28214,14867842.449,82247.941098,2804677.8542,-2.5795841518e-08,7.7823164767e-09,-1.0229351965e-07,-2.7275551142e-07,9.0104002198e-08,-7.2369718277e-09,2.213001276e-07,1.2885578623e-07,-1.8366700289e-09,-7.5180527364e-07,-7.5690620285e-07,-2.6559683481e-08,4.5959542219e-06,-5.0274977809e-08,-1.4193018449e-07,0.2437471169,0.019590956395,0.10953671572,0.032243042201
ah79k143,ok,,3.2230744299,33282841.512,164435.0263,638718.47824,14889567.125,92929.749992,2835678.8331,-2.4930666554e-08,6.8273893656e-09,-8.2376960784e-08,-2.1931453082e-07,8.8756512063e-08,-7.569211581e-09,1.786002075e-07,1.0424991442e-07,-1.4547964017e-09,-7.5084618162e-07,-7.0978649224e-07,-2.1871115469e-08,4.0688375408e-06,-4.2090387273e-08,-1.1734527555e-07,0.24487221752,0.017712723498,0.12346541162,0.029368129817
ah80129,ok,,3.2123409047,33172002.553,132301.57483,549128.99727,14886116.197,76591.197974,2811070.8419,-2.8337026914e-08,1.1359473524e-08,-1.431428941e-07,-3.7974765226e-07,9.3593799852e-08,-1.4303996179e-08,3.3082702158e-07,1.8327397843e-07,-3.7777162145e-09,-9.2907807879e-07,-8.5761311946e-07,-4.0127225693e-08,4.9361622301e-06,-7.7922994499e-08,-2.1106323978e-07,0.24577137793,0.025119039163,0.12291849297,0.043768935952
ah80136,ok,,3.2219444337,33271172.689,122584.70208,541436.57363,14811860.137,73721.830192,2832458.6342,-2.6601750003e-08,4.4748987978e-09,-1.2515721756e-07,-3.3469204194e-07,9.5938601259e-08,3.8424252083e-08,2.8004018242e-07,1.4774665992e-07,-5.2472786529e-09,-2.9536571465e-07,-6.1620629841e-07,-2.2586375528e-08,5.1176426927e-06,-1.4407371355e-07,-3.9485263204e-07,0.24390987734,0.017589390501,0.036207318136,0.034328642333
ah80140,ok,,3.240091101,33458562.917,130882.50776,574090.83827,14901889.058,79763.708281,2876988.8345,-2.8394710587e-08,3.0702945264e-09,-1.4670427141e-07,-3.9115579606e-07,9.396242795e-08,3.591405793e-08,3.3766768024e-07,1.7949762441e-07,-5.5200095564e-09,-1.313863397e-07,-4.7049381475e-07,-3.2789794496e-08,4.7324939101e-06,-1.2020218653e-07,-3.2981616722e-07,0.24053128091,0.024890023687,0.017196173624,0.044194792778
ah81131,ok,,3.1927661592,32969865.379,132709.727,547048.69955,14781436.238,75341.793491,2762624.4126,-2.5943530379e-08,7.9259780005e-09,-1.07614809e-07,-2.8653505601e-07,9.452055459e-08,1.1120710122e-08,2.3114116619e-07,1.2869511535e-07,-3.8490964567e-09,-8.5110268315e-07,-8.4262339865e-07,-2.1077683097e-08,5.0147765374e-06,-1.1150509593e-07,-3.0261671966e-07,0.24293719478,0.016057759144,0.11294960473,0.030674681064
ah81k144wfKlappe,ok,,3.3344019961,34432457.452,215434.45314,921375.31059,14796213.814,145733.21019,3076039.6433,-2.1794224485e-08,-4.7295410713e-09,-2.0234894292e-08,-6.3875873921e-08,7.4885687346e-08,3.3312326034e-09,4.5072732987e-08,3.1005949628e-08,1.029577222e-09,2.208820139e-07,-7.7900675173e-08,-1.0769212684e-08,2.571269518e-06,1.4786640739e-09,-3.914577258e-08,0.22922255932,0.0080014317091,-0.047585595873,0.0097102195825
ah81k144,ok,,3.2288695221,33342684.105,162951.16755,664674.26928,14849886.373,95829.3129,2842064.0226,-2.7271724921e-08,7.5097282334e-09,-1.1503763049e-07,-3.0700633532e-07,8.939181875e-08,-1.6872952671e-08,2.7419289356e-07,1.5282114361e-07,-2.0852488451e-09,-6.5881276741e-07,-6.5289859404e-07,-3.778082566e-08,3.9438019148e-06,-3.9613270926e-08,-1.1567949003e-07,0.24435252016,0.026714837655,0.10735430965,0.044680052139
ah82150a,ok,,3.2115273523,33163601.462,173816.1796,689632.39845,14798096.908,99409.53738,2800550.6762,-2.562968428e-08,7.0729895873e-09,-8.9808241695e-08,-2.4016076596e-07,8.7360577209e-08,-2.0344030611e-08,2.0074233807e-07,1.1835129859e-07,-4.3674969577e-10,-6.6554602017e-07,-6.3825418964e-07,-2.8540794015e-08,3.8031498975e-06,-9.7330553668e-09,-3.6559457803e-08,0.24220996728,0.022994307622,0.11568266657,0.034892266287
ah82150f,ok,,3.2140494697,33189645.923,191275.80367,736285.75443,14827914.02,107732.59167,2805143.8067,-2.5956630457e-08,9.4015297595e-09,-9.0755200811e-08,-2.4114943295e-07,8.8417600232e-08,-2.601940383e-08,2.019460507e-07,1.1954774344e-07,-1.0305479338e-09,-8.5047622679e-07,-6.8649508188e-07,-2.8790868539e-08,3.510557625e-06,-2.1436509164e-08,-6.1585437383e-08,0.24352458785,0.024365041935,0.16267552378,0.038627393146
ah83150q,ok,,3.2075381856,33122407.617,171689.30456,698748.43704,14745437.283,99762.925378,2785803.1499,-2.7419791656e-08,9.6072502983e-09,-1.1912991795e-07,-3.1624927538e-07,9.2378975694e-08,4.1067845463e-09,2.4471291978e-07,1.4065754981e-07,-3.618299565e-09,-5.713538199e-07,-5.6956025106e-07,-2.1525606351e-08,3.7885360271e-06,-7.9621135087e-08,-2.1561854328e-07,0.23827494254,0.026437176779,0.098095339997,0.042014591013
ah83159,ok,,3.2239485772,33291868.33,194990.45225,771160.03835,14773441.146,113262.06615,2822222.3846,-2.6140993238e-08,8.1803227005e-09,-9.4061718175e-08,-2.5069884421e-07,8.8940976032e-08,-1.1228401014e-08,2.0320531985e-07,1.1781077369e-07,-1.7681993776e-09,-6.1915712992e-07,-5.683335009e-07,-2.3747448621e-08,3.3376569984e-06,-3.8227057753e-08,-1.0902179792e-07,0.24223475551,0.025407582692,0.12072972878,0.039623097217
ah85l120,ok,,3.1965996554,33009451.697,122815.29441,466483.56019,14942530.68,65813.226193,2789680.9336,2.2917306057e-08,-1.0624148758e-09,1.0729385407e-09,6.4149795158e-14,8.8347615923e-08,1.6910359845e-09,1.0493599685e-09,2.5362345207e-10,3.9108514997e-11,-1.1593259698e-06,1.0813231036e-06,-1.326238088e-09,-5.7449841053e-06,4.3535048326e-09,-9.890921506e-14,0.24646165967,-5.8262556662e-09,0.1423829603,0.00012887745347
ah88k130,ok,,3.1961171614,33004469.257,136033.19469,554222.63281,14829830.338,77379.012145,2770790.2074,-2.8074778904e-08,1.3503842849e-08,-1.3690324229e-07,-3.6451479374e-07,8.891732126e-08,-4.2236931384e-08,3.1272912216e-07,1.8217002995e-07,-5.9873786219e-10,-1.0389749677e-06,-9.1417386975e-07,-4.5263567352e-08,4.8865005371e-06,-9.7909823395e-09,-3.5943514709e-08,0.24356021268,0.027528606114,0.14133508406,0.042541541561
ah88k136,ok,,3.2156160416,33205823.012,155039.26783,603900.55835,14889684.339,86961.422189,2817877.0749,-2.5738567143e-08,9.3340409453e-09,-9.9754689109e-08,-2.6324240823e-07,9.2044463397e-08,8.3656493519e-10,2.1035827684e-07,1.2039278732e-07,-3.2071155627e-09,-9.0562042357e-07,-7.9115810402e-07,-2.063604635e-08,4.3486731319e-06,-8.7298361821e-08,-2.2897446482e-07,0.24449345017,0.018030973827,0.14040672741,0.032613793224
ah93156,ok,,3.2308510102,33363145.797,201579.88204,775086.84281,14863689.643,115422.95818,2844733.6727,-2.5795408525e-08,7.3417003334e-09,-8.862303577e-08,-2.3485106667e-07,8.8613214956e-08,-6.5082737522e-09,1.9241249009e-07,1.1124617797e-07,-2.1488873175e-09,-6.2934099901e-07,-5.5429316147e-07,-2.2621039149e-08,3.2761912759e-06,-4.9867403734e-08,-1.341102896e-07,0.24167640696,0.023372036114,0.12686248434,0.038786487055
ah93157,ok,,3.2320703729,33375737.457,202000.86935,773454.1566,14878574.861,115393.61431,2849031.4284,-2.5747565821e-08,7.3113914202e-09,-8.8435161149e-08,-2.3430369483e-07,8.8514787061e-08,-5.0958553617e-09,1.9010602429e-07,1.1025703812e-07,-2.1568837392e-09,-6.1915390151e-07,-5.4781596289e-07,-2.1820007362e-08,3.2770097057e-06,-5.1238333541e-08,-1.3753334263e-07,0.24152104265,0.023210192287,0.12506962636,0.038401582174
ah93k130,ok,,3.2162681304,33212556.76,144567.48515,577464.21524,14910974.443,82057.108762,2821046.2145,-2.6960729279e-08,1.0299461735e-08,-1.2071650972e-07,-3.1892177452e-07,9.3251504141e-08,-4.1155307454e-09,2.6831941952e-07,1.5023151613e-07,-4.1093853048e-09,-9.4615294326e-07,-8.2595028842e-07,-2.9511660903e-08,4.6082558507e-06,-9.5176244418e-08,-2.5086445894e-07,0.24443156398,0.021147356961,0.13678295157,0.038790263697
ah93k131,ok,,3.2160823399,33210638.207,143523.44284,576669.04753,14903257.378,81732.04335,2820182.0184,-2.7016532896e-08,9.9232315384e-09,-1.2207071275e-07,-3.2264339714e-07,9.377090842e-08,3.0877596797e-10,2.7034275711e-07,1.5067509934e-07,-4.4052489901e-09,-9.0008519699e-07,-8.0552622452e-07,-2.8601173806e-08,4.6261319028e-06,-1.0255821155e-07,-2.7092782725e-07,0.24416877366,0.020974153364,0.12918332632,0.038800523247
ah93w145,ok,,3.2351903837,33407956.019,153588.97963,622434.05422,14918282.638,89622.50833,2867627.1202,-2.6652056065e-08,4.1669021747e-09,-1.1283896292e-07,-3.0302286541e-07,8.8190124704e-08,-1.5187130889e-09,2.599145137e-07,1.4723738592e-07,-1.851212208e-09,-4.1314531918e-07,-5.6022593018e-07,-3.439556229e-08,4.2127514594e-06,-4.2366182506e-08,-1.2949000006e-07,0.24277679793,0.024343576345,0.063454568012,0.03992000495
ah93k132,ok,,3.211959536,33168064.376,148657.81167,594703.99214,14880099.01,84170.289868,2808463.4354,-2.6790378045e-08,1.0346143512e-08,-1.1680096019e-07,-3.0866639387e-07,9.3145795937e-08,-4.3656932526e-09,2.5525064629e-07,1.4422257151e-07,-3.8570394694e-09,-9.2353950084e-07,-8.0734434607e-07,-2.7418440676e-08,4.4925449156e-06,-9.0672397712e-08,-2.3932438671e-07,0.24402468559,0.021073725167,0.13729136119,0.037945002506
ah93w174,ok,,3.2474290139,33534337.336,205777.98239,837984.70891,14724427.318,124831.51172,2874519.3498,-2.532637604e-08,2.8875733749e-10,-7.880186434e-08,-2.1591695577e-07,8.4639915238e-08,-3.5789258546e-09,1.8874968772e-07,1.0741934993e-07,-7.4280784612e-10,-2.2952924673e-07,-3.5989732697e-07,-2.8615907497e-08,3.0178481252e-06,-1.6666310535e-08,-7.2671393268e-08,0.237647735,0.024799509549,0.04723206529,0.038840529915
ah93w215,ok,,3.2950735407,34026335.044,314766.05574,1151612.2331,14713868.92,190791.31544,2978578.295,-2.3185348101e-08,-1.5415424305e-09,-3.9051659322e-08,-1.129712523e-07,7.998434715e-08,-7.212317126e-09,9.0917945028e-08,5.639337154e-08,1.3839179541e-10,-2.3481898507e-07,-2.5341927022e-07,-1.734087791e-08,1.9684706434e-06,9.5473731252e-10,-3.5585220482e-08,0.23594333247,0.019953014464,0.073913045744,0.028617882953
ah93w257,ok,,3.3533448323,34628069.26,364907.67722,1368786.9496,14124384.744,252236.19859,3073385.5254,-2.0901569538e-08,-9.1922816287e-09,5.4483233992e-09,-5.7998000849e-09,7.6226237472e-08,-2.8336345011e-08,5.7663294551e-09,1.3344408608e-08,1.1224825568e-09,-7.9519708838e-08,-1.5420667786e-07,-1.8791645629e-08,1.4544145328e-06,6.1297784413e-08,7.8989718712e-08,0.23452640027,0.0061382949166,0.029017352245,0.0021041778875
ah93w300,ok,,3.442641284,35550182.514,554740.73508,1805193.4886,14345773.829,379868.28684,3288382.0887,-2.0400341129e-08,-7.3708165632e-09,1.5782362783e-09,-1.3389025041e-08,6.8837284528e-08,-1.4148725879e-08,2.925585094e-09,1.0325853892e-08,1.2055133982e-09,-1.2978358183e-07,-1.037635899e-07,-1.1903544089e-08,9.6547373309e-07,3.2605481932e-08,1.0803819172e-08,0.22653967589,0.0060159058037,0.071996239584,0.0016229412256
ah93w480b,ok,,3.9693482714,40989183.555,1896435.9122,3947809.7133,15893750.157,1435218.1544,4629542.9415,-1.8746526954e-08,4.7088323371e-10,-6.0328200415e-09,-1.7455881164e-08,5.7631106494e-08,9.9763723396e-11,1.495302885e-08,7.752247042e-09,-5.0695851859e-10,-1.278741272e-07,-6.7922107239e-08,-1.7194523644e-09,2.6326874554e-07,-2.1638872752e-09,-1.1360919216e-08,0.26538513514,0.020733781039,0.24250508707,0.028357460907
ah94145,ok,,3.249544479,33556182.531,161429.5883,681289.9616,14901071.022,99105.719764,2888941.2461,-3.0180558902e-08,7.6515882614e-09,-1.4649414983e-07,-3.9054030276e-07,8.9864089507e-08,-1.3455358168e-08,3.6594811583e-07,1.9365517429e-07,-3.5506043801e-09,-5.2612799385e-07,-5.6652262076e-07,-4.7156835356e-08,3.8119490731e-06,-5.3220231786e-08,-1.5264348063e-07,0.24248257908,0.035044846666,0.084932625438,0.059074853676
ah94156,ok,,3.2197724105,33248743.45,196238.66425,762993.314,14814712.666,112127.92259,2816685.5556,-2.5956951832e-08,8.0569883852e-09,-9.1693465716e-08,-2.4339102971e-07,8.873592588e-08,-9.6237513692e-09,1.9549289009e-07,1.1446907305e-07,-1.8256589173e-09,-6.437755826e-07,-5.7138500801e-07,-2.2773622833e-08,3.3724260377e-06,-4.2596201603e-08,-1.1657149083e-07,0.24093587288,0.024145974377,0.12633366041,0.038363263622
ah94w301,ok,,3.4222680159,35339799.456,528082.91456,1768093.0033,14169910.137,365177.49798,3226148.8826,-2.0280642378e-08,-9.8529289443e-09,1.444914207e-08,1.8612861434e-08,7.1930182105e-08,-2.6904757675e-08,-1.5243712816e-08,1.6541878987e-09,1.0951145346e-09,-1.2790666648e-07,-1.1127158827e-07,-1.6102635686e-08,1.0004664859e-06,5.9226519586e-08,7.1216540966e-08,0.23031869382,-0.00080779061897,0.067545325227,-0.0080499442924
ah95160,ok,,3.2616500387,33681189.704,193145.12718,787251.21562,14881952.748,118201.20131,2911685.5204,-2.8858065991e-08,6.1374911586e-09,-1.2254585436e-07,-3.2740119143e-07,8.799442823e-08,-1.202390462e-08,3.0275232247e-07,1.6264416361e-07,-2.9846086324e-09,-4.6068928584e-07,-4.7572111732e-07,-4.0095159762e-08,3.195615348e-06,-4.4502676064e-08,-1.3042290488e-07,0.24145257366,0.034985615132,0.088979890705,0.058475135829
ames01,ok,,3.2135336261,33184319.101,95607.321679,358173.52985,15133333.928,50652.423083,2844538.1414,-2.3911262646e-08,7.8462855953e-09,-8.6489276496e-08,-2.2795787616e-07,8.9081936934e-08,2.1985410492e-08,1.5447871764e-07,9.2640281199e-08,-1.340616345e-09,-8.6041412608e-07,-1.0841783848e-06,-6.149250877e-09,7.4677694676e-06,-9.482246539e-08,-2.4796736603e-07,0.24521182276,0.0084680823631,0.082261890129,0.01476929645
amsoil1,ok,,3.2245196871,33297765.852,116741.47181,440378.15949,15105946.088,63496.394425,2864658.8356,-2.4407315716e-08,4.8777260541e-09,-8.5910295699e-08,-2.2880608429e-07,8.6082762564e-08,-1.1163078537e-08,1.9479820769e-07,1.1520749819e-07,-5.8744516913e-10,-8.4179160893e-07,-9.2722679906e-07,-2.9293658023e-08,5.9559854621e-06,-2.4267106328e-08,-7.0918831958e-08,0.24364107585,0.013431502193,0.098271991384,0.022741029472
ames02,ok,,3.2003796058,33048485.078,51433.740395,199829.07147,15134301.692,26941.763474,2820647.1411,-2.3263637547e-08,5.9094353993e-09,-6.9591211577e-08,-1.8628552444e-07,8.7574432192e-08,-8.4991653509e-10,1.1595479185e-07,7.7957978436e-08,-3.1981711139e-11,-8.5078210433e-07,-1.7993504108e-06,-8.3646350809e-09,1.403645825e-05,-1.1321289921e-08,-3.9120256456e-08,0.2464624914,0.0047591021249,0.043758905886,0.0059639886615
ames03,ok,,3.2086313008,33133695.598,87967.999051,340853.84423,15075292.776,47663.220966,2829330.9916,-2.3895047669e-08,6.2578548518e-09,-8.3774849097e-08,-2.2295964257e-07,8.9820335343e-08,2.1690838773e-08,1.6292937233e-07,9.3496369077e-08,-1.4512833199e-09,-8.7857962916e-07,-1.1932862592e-06,-9.7184284847e-09,7.9329553145e-06,-9.6522951952e-08,-2.6105473032e-07,0.24624224066,0.0075642454551,0.077286891984,0.014332570871
apex16,ok,,3.1997003805,33041471.106,127931.33751,499641.67491,14892505.634,70505.818945,2789919.5721,-2.5509725187e-08,9.4805867372e-09,-1.0367695928e-07,-2.7883069905e-07,8.7613748351e-08,-3.1290712344e-08,2.2310279237e-07,1.3631332967e-07,1.5368925608e-10,-9.8454134667e-07,-9.4685253822e-07,-3.2633737449e-08,5.3585663619e-06,6.6973751275e-09,-3.3729327662e-10,0.24441681146,0.019653374285,0.12595369131,0.02854183863
amsoil2,ok,,3.2233726989,33285921.565,119201.02265,440247.55435,15110289.722,64005.574187,2864075.7287,-2.3039334045e-08,1.0573454554e-09,-3.6414117185e-08,-9.8913884252e-08,8.5022125875e-08,-1.1351054339e-08,8.7117702128e-08,5.3447544202e-08,9.0586621335e-11,-8.2164739002e-07,-9.1995120205e-07,-1.7031555448e-08,5.9076134579e-06,6.1433345296e-09,5.5296060549e-09,0.24361004193,0.0064172606116,0.09794120915,0.010384519185
aquilasm,ok,,3.1894694791,32935822.453,70038.481551,314198.15304,14963194.547,40568.785634,2773419.2073,-3.451536399e-08,1.588544013e-08,-2.9464616841e-07,-7.7989526116e-07,1.0418544511e-07,3.2051225671e-08,6.4180794421e-07,3.5239224937e-07,-9.2416433299e-09,-7.4968239549e-07,-1.1385306835e-06,-5.773810369e-08,9.3180631531e-06,-2.003748236e-07,-5.3321656856e-07,0.24202323307,0.026416520446,0.052506616626,0.04495125386
apex16_NASA_CR-201062,ok,,3.2159875608,33209659.478,133273.98836,508791.19643,14958465.85,73423.436595,2832901.4247,-2.5328658305e-08,9.3066044805e-09,-1.0048900765e-07,-2.7133131695e-07,8.7077286444e-08,-3.1004132224e-08,2.1554447195e-07,1.3198128505e-07,1.298258547e-10,-9.7145143691e-07,-9.2833199372e-07,-3.1489112071e-08,5.1428837572e-06,6.5221333821e-09,-3.8732355492e-09,0.24646275346,0.019851988773,0.12946920749,0.028726471445
arad10,ok,,3.2454589508,33513993.625,94184.294429,370265.09423,15240796.002,52347.372026,2921523.06,-3.1254520309e-08,1.2950582659e-08,-2.2310907409e-07,-5.9089363931e-07,9.4465744012e-08,1.1302135098e-08,4.7542431254e-07,2.7276338307e-07,-5.8254865831e-09,-7.6264227676e-07,-9.5470970529e-07,-4.964811314e-08,7.2223649028e-06,-1.2666751943e-07,-3.388390661e-07,0.24527528096,0.026589720304,0.071828924738,0.04477750343
arad13,ok,,3.2714156179,33782033.23,144622.86322,531353.55529,15262698.351,80504.500646,2980812.8557,-2.6962158362e-08,7.468448903e-09,-1.3404466409e-07,-3.5628035673e-07,8.9804421369e-08,2.5122537013e-08,2.6448785358e-07,1.5538147584e-07,-4.0444287901e-09,-4.257400999e-07,-5.680296565e-07,-2.1333837765e-08,4.6932108945e-06,-1.0554145291e-07,-2.8615560882e-07,0.24307887312,0.023095013001,0.061571752234,0.038250990671
arad20,ok,,3.3392578074,34482600.63,287693.90382,996305.21562,15143433.325,170079.64713,3119462.5937,-2.3875213922e-08,2.9569367513e-09,-6.4208846585e-08,-1.7491825663e-07,8.1988257885e-08,2.1595226337e-08,1.1145739621e-07,6.9494424326e-08,-1.749611563e-09,-2.1809343127e-07,-2.4660037303e-07,-5.2849650219e-09,2.2139154557e-06,-6.1321751711e-08,-1.8183528013e-07,0.23862523599,0.022392873669,0.062744150638,0.032065613424
arad6,ok,,3.2167896196,33217941.88,40208.494913,219840.60098,15155476.764,25702.29095,2848217.509,-4.8636389567e-08,4.0058598913e-08,-5.3551385373e-07,-1.4161592727e-06,1.0245469198e-07,-1.1109739407e-07,1.4313189785e-06,6.9714994467e-07,-9.4672667831e-09,-2.7163542174e-06,-2.3813895995e-06,-1.6160435225e-07,1.4716016074e-05,-1.5801439081e-07,-4.1974720841e-07,0.24826337699,0.033724118333,0.10922051473,0.057551181864
as5045,ok,,3.2283718617,33337545.052,158067.4122,630968.2287,14822032.003,91437.729876,2850782.3578,-2.2990019285e-08,9.5857885913e-10,-3.5634498806e-08,-1.015166894e-07,8.5614323082e-08,-5.890759935e-09,6.78700224e-08,4.4459958523e-08,9.2331480262e-11,-3.6825560747e-07,-5.5926331539e-07,-8.8235990518e-09,4.1227742584e-06,3.7357258506e-09,-1.8788569365e-08,0.24356986957,0.0088640334817,0.058209210901,0.010728038807
as5046,ok,,3.2373630645,33430392.049,186215.29095,716434.75284,14842513.941,106533.27812,2870297.5973,-2.2890010771e-08,1.2487813113e-09,-3.1946902115e-08,-9.1246314859e-08,8.4875428983e-08,-4.8397671522e-09,5.7304010777e-08,3.8474139827e-08,9.5312840448e-11,-4.081808182e-07,-5.0386275691e-07,-6.5260389223e-09,3.5396448745e-06,7.4989162526e-10,-2.4881597889e-08,0.24292172825,0.0090769182308,0.076009509819,0.010670883039
as5048,ok,,3.254057474,33602785.644,245079.26465,895426.62582,14855823.841,139012.67325,2903784.968,-2.2755798706e-08,1.3471424804e-09,-2.7027495813e-08,-7.7432074967e-08,8.3698949105e-08,-5.345578436e-09,4.8196374329e-08,3.2609826923e-08,1.256548171e-10,-4.4224735724e-07,-4.2664546385e-07,-5.5816525084e-09,2.7140703687e-06,2.8030479466e-10,-2.3180416661e-08,0.24231656195,0.0099833145852,0.1083856571,0.011811931979
as6091,ok,,2.6304106653,27162742.65,4761.019672,192560.67724,12925576.102,9199.6983875,1850618.4388,-1.047554842e-07,5.6363961964e-08,-1.5072035087e-06,-3.9853700966e-06,5.086939164e-08,-8.5399848868e-07,1.3182662869e-05,2.1878180982e-06,4.2251993976e-08,-1.1837104697e-05,-4.501830479e-06,-6.8075010716e-07,4.1111660502e-05,4.312153485e-07,1.1355585085e-06,0.17117879885,0.03845669123,0.05635668832,0.062762917248
as6092,ok,,2.5495376679,26327613.579,8597.2546272,203321.61878,12489374.494,10745.989488,1677485.5627,-8.8116223445e-08,3.4272609345e-08,-1.2146333955e-06,-3.210905291e-06,2.8218292086e-08,-3.2954029497e-07,6.8777771927e-06,1.8419360593e-06,6.4128977558e-08,-2.9487421316e-06,-3.5128584571e-06,-6.2725533141e-07,3.5192897418e-05,7.1227813993e-07,1.8797068412e-06,0.15611480952,0.03767324257,0.025351086935,0.059130001795
as6093,ok,,2.5835889412,26679241.554,13061.888248,233898.84763,12549724.125,13092.768869,1690222.1771,-7.0400703191e-08,4.31221773e-09,-9.2787240408e-07,-2.4547299964e-06,3.2446478482e-08,-1.3973990117e-07,4.2310640882e-06,1.4289645174e-06,6.0302727736e-08,1.3560574556e-07,-2.3389685139e-06,-5.0105795169e-07,2.8884457921e-05,7.2757829654e-07,1.9054340704e-06,0.15831510744,0.03611142861,-0.0017712670943,0.05526568629
as6094,ok,,2.8267757722,29190492.513,4894.4435728,345047.98282,12861162.697,17030.591127,2311828.8796,-1.0885191086e-07,6.3834218534e-08,-1.1668407785e-06,-3.0835549165e-06,8.3709040868e-08,-2.2261476853e-06,1.8682202118e-05,1.6092005335e-06,9.7529439916e-09,-2.3709558672e-05,-2.9004555215e-06,-4.4227525024e-07,2.2212503871e-05,2.5645362408e-08,7.2425822932e-08,0.20231354914,0.052764388448,0.11604509706,0.091438984082
as6095,ok,,2.5881305971,26726140.63,8882.6778083,326288.3514,12188372.563,18451.363175,1913480.7769,-1.0566094261e-07,6.4442681516e-08,-1.0649466147e-06,-2.8161773639e-06,5.2163689107e-08,-1.0576216341e-06,1.0180367471e-05,1.5637465023e-06,4.2691689664e-08,-1.0342605149e-05,-2.7306721215e-06,-4.9872314475e-07,2.0501821679e-05,2.5300245301e-07,6.601628101e-07,0.16543851136,0.053985591189,0.091870029242,0.090428924216
as6096,ok,,2.5068121042,25886411.189,14395.434797,321025.07209,11768074.488,20341.436978,1689056.7299,-9.902687738e-08,5.4788902996e-08,-9.5258923059e-07,-2.5217318068e-06,2.8091565944e-08,-5.5517458846e-07,6.0976572422e-06,1.4533184816e-06,6.6360818332e-08,-4.4078685562e-06,-2.3673375424e-06,-5.0066054361e-07,1.8588991248e-05,4.442435566e-07,1.1477165752e-06,0.14686166798,0.054754535518,0.063453184396,0.087778427248
as6097,ok,,3.4401796466,35524762.595,4543.7196072,556567.52422,15079749.096,26044.565674,2877884.8564,-1.0660661718e-07,6.0602010445e-08,-9.5948089367e-07,-2.5348874101e-06,9.8197233935e-08,-3.3200752689e-06,2.4751076727e-05,1.2658063782e-06,-1.2216874994e-08,-2.9705154282e-05,-2.1173161537e-06,-3.0610571156e-07,1.4528598069e-05,-6.2069562835e-08,-1.6104150533e-07,0.25199773905,0.064964251877,0.13497189195,0.11246195263
as6098,ok,,2.8189250944,29109423.064,8373.2041519,480285.41905,13027340.483,25869.314931,2271064.3462,-1.0633263894e-07,6.0969004447e-08,-9.2453047759e-07,-2.4463679756e-06,6.5140124372e-08,-1.6280132458e-06,1.3206019281e-05,1.3082806524e-06,2.3372669999e-08,-1.4183602025e-05,-2.0945557154e-06,-3.8363999302e-07,1.4621854564e-05,1.2429528391e-07,3.1642720911e-07,0.19340628828,0.064873437447,0.11876219536,0.11057669547
as6099,ok,,2.6326432311,27185797.078,14537.967994,415527.5249,12304190.128,26292.12446,1911649.7063,-1.0177342894e-07,6.4303459637e-08,-8.6280604201e-07,-2.289467513e-06,3.0654581487e-08,-8.321386099e-07,7.2101249679e-06,1.3019941989e-06,5.816250901e-08,-6.7089510342e-06,-2.1553857144e-06,-4.3914193121e-07,1.4365600035e-05,3.6039878758e-07,9.1423832216e-07,0.16376941597,0.06416914981,0.097534515411,0.10482056602
atr72sm,ok,,3.2343540113,33399319.25,163894.47019,629601.06989,14990396.171,92619.767025,2871874.8466,-2.4833727439e-08,4.5667930831e-09,-8.8727961004e-08,-2.3799637204e-07,8.7701987108e-08,2.2227442561e-08,1.6507316494e-07,9.9450366796e-08,-2.0746072454e-09,-3.2062042134e-07,-4.6447056342e-07,-1.0720921821e-08,4.0765144738e-06,-7.9343264135e-08,-2.2309716226e-07,0.23763474094,0.017140438404,0.052547914089,0.027054578911
august160,ok,,3.2661446081,33727602.547,171417.32489,701203.22505,14953329.653,103545.93353,2933502.8078,-2.9206818034e-08,6.0098332362e-09,-1.4651974334e-07,-3.8898737685e-07,9.765989762e-08,4.9526978799e-08,2.9323822493e-07,1.6349210083e-07,-7.6786216819e-09,-1.7648345147e-07,-3.4381524434e-07,-1.697063672e-08,3.6435461975e-06,-1.5201897093e-07,-4.0784146724e-07,0.2377661155,0.030293230045,0.030252321139,0.050266112074
avistar,ok,,3.2380844419,33437841.3,169690.46716,630866.75614,15031947.209,93743.291112,2885968.9282,-2.3849103656e-08,1.8684979635e-09,-6.0109112362e-08,-1.6286046412e-07,8.5261659467e-08,-5.0095553949e-09,1.3841367441e-07,8.2284986001e-08,-5.4542645818e-10,-5.8457399393e-07,-6.1034468167e-07,-2.2174299289e-08,4.0298713785e-06,-2.2998791885e-08,-7.6348059867e-08,0.24268555279,0.013530863082,0.099196634118,0.023487481072
b29tip,ok,,3.173428982,32770181.437,64156.767605,272029.67972,14933693.642,35114.024596,2740131.5311,-2.636916398e-08,9.2414786232e-09,-1.6791959936e-07,-4.4396420263e-07,9.652881903e-08,3.8377126005e-08,3.5244442694e-07,1.9747843743e-07,-4.1871401308e-09,-9.6976382666e-07,-1.4376984259e-06,-2.9551996679e-08,1.0770180593e-05,-1.828475977e-07,-4.8366999723e-07,0.24376345929,0.011452736131,0.062216912459,0.022611695193
b29root,ok,,3.2958831943,34034695.873,351808.85502,1249342.7477,14855942.605,207657.93205,2980169.0846,-2.2449560803e-08,2.5934291198e-10,-2.0395299274e-08,-5.5603346025e-08,7.9654586368e-08,3.2201856267e-09,4.3171956423e-08,2.6626687742e-08,3.7078189315e-11,-2.9101236599e-07,-2.4948823335e-07,-6.2311614297e-09,1.8205634707e-06,-1.8631501002e-08,-5.6340597334e-08,0.23541049805,0.0087935678159,0.10238072728,0.015188276558
b540ols,ok,,3.2074919406,33121930.079,63898.177683,269050.80332,15076412.24,35302.282553,2832388.9766,2.2759760171e-08,-2.2410681915e-09,2.022335364e-09,-7.7270500052e-13,8.6214267694e-08,2.2660978675e-09,4.5810752698e-09,1.3635014508e-09,-1.5567619563e-10,4.0499109426e-07,8.5024311481e-07,-3.3825064427e-09,-1.0695136741e-05,8.2813608239e-09,-2.1829896431e-12,0.24419234144,8.4596853641e-09,-0.025878192901,0.00029272236157
b707a,ok,,3.2069240682,33116065.988,94595.236276,387324.83823,14963514.372,52577.635868,2819402.7843,2.3088431392e-08,-4.8369830616e-09,-3.586154367e-08,1.0100382456e-07,8.5394251295e-08,-8.4795880295e-10,-1.1284347645e-07,6.3260555915e-08,4.819109856e-12,-1.432480247e-07,7.0921853353e-07,-2.7394946393e-08,-7.1760851195e-06,-8.9310194421e-09,4.8488145325e-08,0.24003320376,-0.0046986346869,0.013550580742,-0.010674455317
b707b,ok,,3.1997910468,33042407.365,119486.02795,460089.70383,14862615.39,65397.967254,2796852.5435,-2.2765411839e-08,7.5804319964e-09,-2.2652204634e-08,-5.130783628e-08,8.6980904183e-08,2.2004129764e-08,1.2984553141e-08,5.5737254321e-09,8.4425724941e-11,-6.4998652505e-07,-8.1960621026e-07,1.7075931995e-08,5.7590058336e-06,-6.1028675429e-08,-1.2554094532e-07,0.24207781492,0.0013680340785,0.077664308098,0.0015514726795
b707d,ok,,3.1697295276,32731979.294,64327.615209,259537.42303,14938174.317,34417.075895,2732936.9047,-2.6803882823e-08,2.1225881803e-08,-1.881718531e-07,-4.9509843704e-07,9.5470571375e-08,6.8642610297e-09,3.4689236462e-07,2.0945499939e-07,-3.0151453742e-09,-1.7545435213e-06,-1.8281487459e-06,-2.1278660365e-08,1.0989751768e-05,-1.3429395104e-07,-3.4548489904e-07,0.24478886196,0.014131182664,0.1128656005,0.02231475855
b707c,ok,,3.1799815837,32837846.399,71899.169262,284570.21878,14935568.663,38648.467323,2756971.7501,-2.5702842932e-08,1.9481078694e-08,-1.5742780358e-07,-4.1084999302e-07,9.3981024378e-08,2.1202918518e-08,2.7431510295e-07,1.6411141544e-07,-2.6966939666e-09,-1.4944122983e-06,-1.562994259e-06,-6.682318783e-09,9.7738481403e-06,-1.4342211703e-07,-3.5567270114e-07,0.24348301266,0.012534157753,0.10744700278,0.019723028018
b737a,ok,,3.2578905978,33642368.114,167293.38936,651388.30303,15087367.108,96996.670476,2931334.1891,2.2946265596e-08,-6.8672401193e-09,5.3963713931e-08,-1.3803572861e-07,8.2840941805e-08,2.7084262464e-08,7.690028481e-08,-4.3669924893e-08,3.8118966469e-10,-8.163364648e-08,3.3532252712e-07,-1.0292975472e-08,-3.8960504281e-06,7.4979496514e-08,-1.7833766501e-07,0.23575997729,0.0093136755312,0.013656769406,0.012864909289
b707e,ok,,3.1736483206,32772446.423,65597.371609,262811.96757,14955419.486,35007.496524,2743182.6735,-2.593023505e-08,1.6181627019e-08,-1.5965550211e-07,-4.2235802228e-07,9.2868985492e-08,-3.7248552985e-09,3.0877357899e-07,1.8708397771e-07,-1.9183990237e-09,-1.7326372346e-06,-1.8095113291e-06,-2.7423311629e-08,1.08050271e-05,-9.1741650404e-08,-2.4377393509e-07,0.24485035875,0.012697101526,0.11365644854,0.020254735204
b737b,ok,,3.219328484,33244159.277,119069.04001,468927.28622,15061440.431,65809.801016,2849191.7584,-2.3594156263e-08,6.8978839436e-09,-7.3279189422e-08,-1.9420859329e-07,8.7529704004e-08,2.7144099464e-08,1.0993543494e-07,6.8099161696e-08,-8.6547809591e-10,-2.6370265302e-07,-6.2632872721e-07,5.1804636894e-09,5.7464182908e-06,-8.4072840244e-08,-2.2425112202e-07,0.24116718651,0.0092237592888,0.031398821745,0.013089906701
b737c,ok,,3.1870592093,32910932.98,78385.186702,307097.336,14991877.636,41697.793647,2775960.8917,-2.4326160799e-08,1.3603763217e-08,-1.091151639e-07,-2.8504953146e-07,9.1886299766e-08,2.0580273375e-08,1.8108984701e-07,1.1019254567e-07,-1.4358049211e-09,-1.2510821808e-06,-1.4251420088e-06,-1.0769787431e-09,9.0680834313e-06,-1.0816276294e-07,-2.7184922901e-07,0.24606985835,0.0090977954461,0.098066310319,0.014194761468
b737d,ok,,3.1948973336,32991872.796,91522.257231,354994.20746,14977353.727,49286.088377,2792168.2074,-2.4311804462e-08,1.3620121498e-08,-1.0157322118e-07,-2.6366558994e-07,9.1155805656e-08,1.4321920268e-08,1.7531737923e-07,1.0468564842e-07,-1.4050999274e-09,-1.2260613056e-06,-1.2745710255e-06,-3.1116340245e-09,7.6665804362e-06,-9.3496951471e-08,-2.2663898585e-07,0.24626656135,0.010245512857,0.11221189819,0.016045442279
bacj,ok,,3.2021894703,33067174.509,85230.894549,332861.94957,15043717.422,45946.732252,2812919.6201,-2.303201945e-08,9.7798208266e-10,-2.7111956716e-08,-7.154850581e-08,8.5888294765e-08,-5.7422653933e-08,8.9784725011e-08,6.1873143434e-08,1.253551768e-09,-1.0042895001e-06,-1.2734701548e-06,-3.4759749085e-08,8.2307643319e-06,1.3892871841e-07,3.67755638e-07,0.24492745168,0.0074281574871,0.085596492481,0.0076524324295
bacnlf,ok,,3.1846618587,32886176.915,83990.069137,322810.01943,14934969.598,44262.367431,2769286.904,-2.3236499263e-08,5.2201290783e-09,-3.7530553081e-08,-9.5291312244e-08,8.8316768975e-08,-4.5757739139e-08,1.0020384025e-07,6.5932020727e-08,8.3036946126e-10,-1.6826394872e-06,-1.6044074161e-06,-2.8401888039e-08,8.5323599137e-06,8.9096432139e-08,2.5233876534e-07,0.2474908671,0.0069829574591,0.14132500686,0.0084161274707
bacxxx,ok,,3.1992066126,33036372.249,108683.55028,409075.12245,15024661.833,57371.78301,2803196.6037,-2.3858670495e-08,1.0946871024e-08,-7.8326140271e-08,-2.0481912377e-07,8.8531001816e-08,-1.2169538118e-10,1.2682387611e-07,8.1939846843e-08,-4.4488988199e-10,-1.0293275748e-06,-1.0749789136e-06,-3.6127920659e-09,6.5922035825e-06,-3.8408732894e-08,-9.2275714075e-08,0.24512314898,0.010453450027,0.11187097523,0.013783669116
bambino6,ok,,3.2121727006,33170265.604,133706.18818,498012.59984,15037071.844,71580.587132,2827062.2907,-3.800423343e-08,3.7710319713e-08,-2.7190955506e-07,-7.1878087951e-07,9.4473415657e-08,-3.5487742492e-08,4.4589523013e-07,2.9417343817e-07,-3.6904207675e-09,-9.8058428737e-07,-8.872414428e-07,-2.2261007758e-08,5.2841043607e-06,-6.1985028984e-08,-1.6385467003e-07,0.24321113135,0.048605040422,0.13111018725,0.059618951547
be50,ok,,3.1962024838,33005350.333,38431.435005,211135.2054,14993840.787,24428.101796,2797173.2905,-5.2557611641e-08,2.4206213021e-08,-6.0709557963e-07,-1.6151626822e-06,1.1988030965e-07,8.2337993613e-08,1.4790212657e-06,7.3429338276e-07,-1.7168612407e-08,-8.435387903e-08,-1.6456570566e-06,-1.2716998274e-07,1.5432932704e-05,-2.9334367455e-07,-7.9982969296e-07,0.24692482876,0.034644208803,0.0032418406194,0.056840909643
be50sm,ok,,3.1982163023,33026145.882,39366.786552,211463.4626,15051131.834,24693.725894,2803210.2432,-4.01595039e-08,8.7302609291e-09,-4.4359390778e-07,-1.1782187955e-06,9.6869400232e-08,2.2167150249e-08,1.1739905864e-06,5.8551449575e-07,-5.4591662295e-09,-2.1301982544e-07,-1.6432515088e-06,-1.4189009864e-07,1.5297902049e-05,-1.1108475082e-07,-3.103729684e-07,0.24621570532,0.027209162157,0.0083859059993,0.04621623683
boe103,ok,,3.2288061286,33342029.478,135287.28433,522808.47496,15067553.627,75430.205259,2866325.0765,-2.7712017046e-08,9.4309443545e-09,-1.4227645255e-07,-3.7818417542e-07,8.9628765205e-08,-1.099469293e-10,2.9386862455e-07,1.7356698974e-07,-2.6106287331e-09,-5.8178893866e-07,-6.9214164107e-07,-3.1287311033e-08,5.0115261364e-06,-6.356610559e-08,-1.7587745028e-07,0.24247789176,0.025314260329,0.078708645564,0.039756688165
boe106,ok,,3.2195149698,33246085.009,139343.01407,544294.7694,14994300.475,77756.669698,2839851.0158,-2.666778366e-08,7.3645032068e-09,-1.2218433846e-07,-3.2560771061e-07,8.9684235743e-08,5.408122779e-10,2.5902397991e-07,1.5191001751e-07,-2.3516466599e-09,-5.971641149e-07,-6.888899575e-07,-2.9722613091e-08,4.8604770432e-06,-6.1838530402e-08,-1.7339101076e-07,0.24217547497,0.022057210029,0.083210647666,0.036093182078
bqm34,ok,,3.1804083173,32842253.032,77942.96305,311107.55996,14936675.957,41758.563307,2760252.9343,2.2973969307e-08,-2.1509050636e-09,2.0511114421e-09,-4.7787755434e-13,8.7909754684e-08,2.7123588976e-09,3.4448513268e-09,9.6314790613e-10,-7.577444836e-11,-6.5661233663e-07,1.1634545674e-06,-3.0126895438e-09,-9.0419201339e-06,8.4526863219e-09,-1.5282299689e-12,0.24265315832,4.4701592326e-09,0.051178311092,0.00026850191968
bte-fk,ok,,3.2363295024,33419719.044,120466.61819,460928.96558,15130743.019,66442.590398,2895051.2836,-2.3641729105e-08,-1.6826253945e-09,-6.2944840644e-08,-1.7155452158e-07,8.3956199807e-08,-1.0585742848e-08,1.6523964452e-07,9.6259423793e-08,2.1005501868e-10,-3.767809225e-07,-6.8040838447e-07,-3.331159445e-08,5.6838608325e-06,6.5111310834e-09,-2.8427048735e-09,0.24296368782,0.011352637049,0.045389523533,0.019905861166
bw050209,ok,,3.1887473574,32928365.518,67074.902902,272785.42255,15015589.353,36079.014317,2780998.3351,-2.534472802e-08,1.2825823801e-08,-1.5125483803e-07,-3.9879853185e-07,9.7452331321e-08,6.030406762e-08,2.6896271069e-07,1.5341084743e-07,-3.9833573906e-09,-1.0098878274e-06,-1.4500461037e-06,-2.1518587971e-09,1.0482174258e-05,-2.2886112362e-07,-6.0098220074e-07,0.24683808326,0.0090404141947,0.067738127962,0.018040647704
bw3,ok,,3.2258963284,33311981.64,25246.921049,224026.97351,15129504.976,21081.211975,2863392.7844,-6.2276203064e-08,3.9500976469e-08,-7.216094301e-07,-1.906545422e-06,1.0623384751e-07,-2.5562692642e-07,2.6612778767e-06,9.6751055218e-07,-1.2852260684e-08,-4.384044683e-06,-2.6597437848e-06,-2.4583840301e-07,1.7944851055e-05,-1.8885790923e-07,-4.9612159715e-07,0.24705890449,0.037612482812,0.11068362999,0.067189072442
c141a,ok,,3.2203909131,33255130.372,153180.23175,547840.8851,15063148.352,81065.902687,2852366.5181,-2.3030014379e-08,1.3818294033e-09,-3.1643417918e-08,-8.8253315297e-08,8.5278724758e-08,-1.6803089062e-08,7.2652692469e-08,4.7181035769e-08,2.1093815546e-10,-8.9804748949e-07,-8.2795308867e-07,-1.5536899322e-08,4.6605104481e-06,1.7168643088e-08,2.6990374834e-08,0.2437957674,0.0076877974701,0.13756312256,0.01112895627
c141b,ok,,3.2179048319,33229458.039,145332.91074,521956.51256,15065263.241,76749.280184,2847483.6862,-2.3099718841e-08,1.6963952617e-09,-3.5109583019e-08,-9.7263322433e-08,8.5534795818e-08,-1.7206475485e-08,8.0187811472e-08,5.176382243e-08,2.0010818597e-10,-9.3568277204e-07,-8.7279722686e-07,-1.6653254895e-08,4.9230448881e-06,1.5900457487e-08,2.4293246823e-08,0.24407444651,0.0079199924515,0.13598550079,0.011653928047
c141c,ok,,3.2057978069,33104435.732,110878.74986,406626.48744,15069333.381,58041.311999,2822625.2111,-2.3575310226e-08,4.0444800359e-09,-5.8515582602e-08,-1.5808062382e-07,8.6893958092e-08,-1.9995838184e-08,1.3025318157e-07,8.2116306496e-08,8.1738984637e-11,-1.1921778454e-06,-1.1590203669e-06,-2.3598450571e-08,6.5130444433e-06,6.5314396285e-09,3.877548748e-09,0.24536948554,0.0092304296552,0.13218718911,0.014442309938
c141d,ok,,3.2097694094,33145448.194,107849.24351,394217.88447,15097007.075,56457.004971,2833776.336,-2.3914431601e-08,5.6877658519e-09,-7.3590417545e-08,-1.977601649e-07,8.6536523785e-08,-2.1218694213e-08,1.5882582425e-07,9.9972419712e-08,-1.1879129266e-11,-1.2052737273e-06,-1.1775091157e-06,-2.6379740391e-08,6.696088136e-06,5.5261886445e-10,-1.1188764429e-08,0.24487105258,0.011010269938,0.12998785972,0.017129244996
c141e,ok,,3.2122203478,33170757.629,104154.91962,380995.29585,15116219.453,54612.572076,2840678.6611,-2.4415483996e-08,7.4837374274e-09,-9.1516434317e-08,-2.4495425268e-07,8.6501717256e-08,-2.2748453698e-08,1.941840428e-07,1.2164211959e-07,-1.6186294858e-10,-1.2195424362e-06,-1.2017932652e-06,-3.0122887174e-08,6.9225982461e-06,-6.3849809207e-09,-2.8689621949e-08,0.24463272118,0.012994320321,0.12702134442,0.02022522337
c141f,ok,,3.2194967378,33245896.738,96861.714807,356835.46225,15159904.075,51206.229751,2859681.7469,-2.5728674784e-08,1.0640100943e-08,-1.2922393691e-07,-3.4422200018e-07,8.6381741258e-08,-2.6368766994e-08,2.7359546331e-07,1.6867422292e-07,-5.8015681946e-10,-1.2513978317e-06,-1.2420058269e-06,-3.9446176442e-08,7.3838863322e-06,-2.0068670111e-08,-6.314375975e-08,0.24383885751,0.016838072759,0.12121253989,0.026500925739
c5a,ok,,3.2152982755,33202541.624,148125.6892,538765.58092,15045242.985,78583.498383,2838103.5356,2.2772071404e-08,4.1641285495e-10,5.274137648e-10,-3.0659432134e-09,8.639362556e-08,-1.7518545463e-08,9.5881000744e-09,-8.4924481622e-09,-1.1990679977e-10,-9.2062162819e-07,8.5893940604e-07,7.9649821078e-09,-4.8133973281e-06,-4.3038073614e-08,1.0695638456e-07,0.2452493739,0.0023024225139,0.13636771317,0.0014202439316
c5b,ok,,3.209025984,33137771.267,121142.58198,441827.14383,15081083.564,63476.119746,2828952.4563,-2.3180653058e-08,2.5584809547e-09,-3.7488878674e-08,-9.9751815043e-08,8.6134602786e-08,-2.7657028904e-08,9.5379803738e-08,6.0653202232e-08,5.1381857554e-10,-1.1302184627e-06,-1.0707208641e-06,-2.3162868358e-08,5.9594570526e-06,3.8084263009e-08,9.8011567757e-08,0.24541668252,0.0078590032187,0.13691758277,0.011554555694
c5c,ok,,3.2077864071,33124970.866,114038.95702,417417.45206,15088998.115,59692.6131,2827042.5939,-2.344878822e-08,3.419067674e-09,-5.1028680597e-08,-1.3575992714e-07,8.6091037065e-08,-3.1342770987e-08,1.2753504279e-07,8.0086305584e-08,5.9365829808e-10,-1.2020942008e-06,-1.1417565995e-06,-2.9055484153e-08,6.3371713234e-06,3.5855178998e-08,9.1244137446e-08,0.24546605324,0.0094411065797,0.1370855689,0.014543963264
c5d,ok,,3.2083188469,33130469.067,111116.24015,408223.45033,15091638.264,58300.7044,2828745.9103,-2.3493267573e-08,3.9075218924e-09,-5.4461064674e-08,-1.4445674584e-07,8.6074928835e-08,-2.8044764806e-08,1.3099203308e-07,8.1978732393e-08,4.8102758475e-10,-1.1710322676e-06,-1.1395337759e-06,-2.7515667381e-08,6.4885691206e-06,2.8324723188e-08,7.2867236e-08,0.24521556874,0.0094638319538,0.13012070267,0.014555342205
c5e,ok,,3.2113134487,33161392.603,94446.724119,360895.56243,15081028.727,50973.558729,2835627.0773,-2.3761173563e-08,6.1254467399e-09,-7.5110006446e-08,-1.964300573e-07,8.6550626607e-08,-5.5160982437e-09,1.5952760426e-07,9.4598612375e-08,-2.8974927964e-10,-9.1553081412e-07,-1.103438917e-06,-1.9486557883e-08,7.4194909799e-06,-2.3915614919e-08,-5.434498114e-08,0.24388039842,0.0093372250117,0.086468886224,0.015066859629
cal1215j,ok,,3.1971058927,33014679.319,110261.43318,441351.59905,14945811.094,60735.480378,2791603.01,-2.5152926415e-08,2.9931846355e-09,-1.0169265275e-07,-2.7382494452e-07,8.8121132626e-08,-5.3261417733e-09,2.3105479264e-07,1.3642077655e-07,-7.2239513532e-10,-5.4726420744e-07,-8.2073451539e-07,-3.4724539271e-08,6.2180321246e-06,-2.5846864719e-08,-8.7281324647e-08,0.241939956,0.015348789061,0.060342135841,0.02547643258
cal2263m,ok,,3.2053357417,33099664.25,115980.91707,465546.6943,14978984.032,64644.237328,2808597.3481,-2.8026372273e-08,8.5672512405e-09,-1.5137745342e-07,-4.0369596222e-07,8.9554121648e-08,-1.2710022873e-08,3.3716854211e-07,1.9643296272e-07,-1.9201211591e-09,-7.1870699398e-07,-8.4454364048e-07,-4.5050459553e-08,5.845764074e-06,-4.5093396166e-08,-1.3232615429e-07,0.2418037979,0.024029997993,0.083356296266,0.039105116721
cap21c,ok,,3.2503760113,33564769.288,131785.48164,561893.69002,14981331.41,79707.866342,2910337.8513,-2.2438315737e-08,-3.0338924194e-09,-1.9130231597e-08,-5.7776678553e-08,8.0435303391e-08,6.656322181e-09,3.8448806973e-08,2.6986079189e-08,4.8277054266e-10,3.2281897311e-07,-2.1284400631e-07,-7.8525512903e-09,4.7260477504e-06,-1.0080807272e-08,-5.6736851618e-08,0.23332854994,0.0035501316004,-0.042542853855,0.0050669945456
cal4014l,ok,,3.1381982209,32406373.57,68257.266141,319085.78789,14691769.917,39044.54374,2646453.0518,-2.565804324e-08,3.8151314121e-10,-1.3183888954e-07,-3.5251992867e-07,9.4834582645e-08,5.4868238172e-08,3.0025686104e-07,1.6015232192e-07,-3.3549155676e-09,1.9753452029e-07,-8.2372614503e-07,-2.8306118312e-08,9.6716424328e-06,-1.6471879063e-07,-4.5100073983e-07,0.23446822789,0.0096382354122,-0.013483166324,0.020494712475
cast102,ok,,3.2125261016,33173914.973,126820.77811,466061.17253,15030959.717,67333.471953,2833274.2051,-2.3635862178e-08,9.751116632e-09,-6.350788784e-08,-1.6496603353e-07,8.6982125671e-08,-1.6299021184e-08,1.1768255287e-07,7.5041290735e-08,-3.4205916566e-11,-1.1824279965e-06,-1.0604714029e-06,-1.1532629904e-08,5.6147937962e-06,-4.1020390038e-09,1.3857845768e-09,0.24648782316,0.011130735593,0.14995643858,0.014924592925
ch10sm,ok,,3.2902974655,33977015.255,125769.1041,737307.76784,14764153.967,100215.60582,2947928.5315,-4.7265680009e-08,1.5338710666e-08,-2.6053603351e-07,-6.9710503342e-07,8.5737528519e-08,-7.6169145249e-08,9.0536188723e-07,3.5899806196e-07,-1.7685889782e-09,-6.8603178667e-07,-5.9534390862e-07,-9.8452999151e-08,3.7626268636e-06,-9.7323028998e-09,-5.1338930821e-08,0.2421682021,0.068616737337,0.086281603195,0.11386655345
chen,ok,,3.2780082227,33850111.291,111606.81439,519321.3429,15010255.176,73233.040488,2951269.5136,-3.8105384356e-08,7.6992027904e-09,-2.6472127911e-07,-6.9199631749e-07,1.2058464006e-07,8.6072907137e-08,5.9883405053e-07,2.9830125169e-07,-2.0164110817e-08,-3.7912608388e-07,-3.6974783176e-07,-3.3576784583e-08,5.1545064101e-06,-3.106197305e-07,-7.9097939252e-07,0.23634888387,0.037114446515,0.042313054473,0.066833960727
clarkk,ok,,3.2145952506,33195281.889,113888.24108,457792.1147,15014182.912,63796.516065,2831746.9052,-2.6972400632e-08,5.430978849e-09,-1.3498616341e-07,-3.6058500326e-07,8.8435656917e-08,-1.2827468303e-08,3.1610854475e-07,1.8171833249e-07,-1.2188539306e-09,-6.5156479046e-07,-8.2573004702e-07,-4.6726669599e-08,5.9234376596e-06,-3.2012758519e-08,-9.8618995377e-08,0.24399304752,0.021469842381,0.074205567935,0.036001046152
clarkv,ok,,3.2150181447,33199648.874,120923.58926,468342.83653,15042018.987,66372.435445,2835435.7766,-2.7277991885e-08,9.3441183583e-09,-1.3778205605e-07,-3.680422659e-07,8.7459150262e-08,-2.9582577047e-08,3.104391029e-07,1.8493192279e-07,-5.1053081001e-10,-8.8201541134e-07,-9.2004891637e-07,-4.714523474e-08,5.6941987307e-06,-1.1505882879e-08,-4.4665538549e-08,0.24488887449,0.023702086936,0.10665646932,0.037539410569
clarkw,ok,,3.2181200836,33231680.818,110773.61372,445561.48514,15054077.556,61845.567594,2842268.314,-2.828275887e-08,7.5084181817e-09,-1.5814684598e-07,-4.2050503227e-07,8.9186534331e-08,-1.3907338733e-08,3.666917963e-07,2.0977697564e-07,-2.0544300465e-09,-7.3950555752e-07,-8.6269079548e-07,-5.1624438103e-08,6.1129090471e-06,-4.8246482811e-08,-1.3673008936e-07,0.24336683959,0.023950176718,0.08191770297,0.040619775397
clarkx,ok,,3.2156074903,33205734.708,114945.03836,460808.89685,15023821.559,64286.857905,2835354.1254,-2.6994729752e-08,5.4118148872e-09,-1.3465917004e-07,-3.5976429354e-07,8.7894855399e-08,-1.5225003579e-08,3.1599494228e-07,1.8240877679e-07,-9.9910132122e-10,-6.4849151563e-07,-8.2226063332e-07,-4.7744472553e-08,5.8783994161e-06,-2.5535336475e-08,-8.1686404576e-08,0.24384930845,0.021848191455,0.074540882138,0.036322050761
clarky,ok,,3.2210281829,33261711.092,116099.24019,465433.52555,15047295.575,65249.391029,2849215.3701,-2.7442554845e-08,5.892718262e-09,-1.421246532e-07,-3.7920419518e-07,8.8316260577e-08,-9.4295790054e-09,3.2889570636e-07,1.886242832e-07,-1.6783101982e-09,-6.1546179479e-07,-7.9009912526e-07,-4.6494882168e-08,5.7916573507e-06,-4.0982929635e-08,-1.213593356e-07,0.24306034513,0.022819604161,0.071454646739,0.038184541609
clarkyh,ok,,3.2100995212,33148857.069,116317.09261,459864.54338,15006700.533,63896.274478,2822503.1288,-4.0211150903e-08,3.3352937371e-08,-3.1382695308e-07,-8.2958450518e-07,1.1537239082e-07,3.6535581209e-08,5.1640882795e-07,3.2244888754e-07,-1.2292963631e-08,-5.9984169183e-07,-7.947795662e-07,-8.6180960514e-09,5.9131941173e-06,-2.0479011995e-07,-5.4135638586e-07,0.24424558753,0.044613429677,0.06977184162,0.060067173466
clarkys,ok,,3.204977498,33095964.873,114838.56178,453740.90793,14971871.978,63064.433069,2807923.3546,-2.4843435926e-08,6.4021148186e-09,-1.0075223158e-07,-2.6633330907e-07,9.3485643874e-08,4.3777796987e-08,1.9356143401e-07,1.0837787464e-07,-3.594615048e-09,-6.2931471146e-07,-8.0279585618e-07,-7.6223246115e-09,5.994077904e-06,-1.6176536175e-07,-4.2762014832e-07,0.2421375221,0.010273935161,0.072269596374,0.022228316699
clarkysm,ok,,3.2137138744,33186180.423,116699.43181,467623.87263,15015261.142,65325.178918,2830144.8764,-2.8016003895e-08,7.5159552678e-09,-1.5128668983e-07,-4.0328499925e-07,8.9333165493e-08,-7.7899667975e-09,3.3906757116e-07,1.9605498839e-07,-2.1604212569e-09,-6.4017965478e-07,-7.9658846759e-07,-4.4763823851e-08,5.7848940263e-06,-5.0906881231e-08,-1.4704772132e-07,0.24183815484,0.024023856441,0.074708601969,0.039568992899
clarkz,ok,,3.2267190788,33320477.711,116423.98297,470275.14101,15060361.347,66253.930638,2860846.5704,-2.9463676062e-08,8.867840522e-09,-1.7217139417e-07,-4.5779772051e-07,9.0616157342e-08,-4.1179785161e-09,3.8641123121e-07,2.1929946984e-07,-3.2650696633e-09,-6.2629951163e-07,-7.6789318562e-07,-4.7121882867e-08,5.7046762074e-06,-6.9042991003e-08,-1.9230108059e-07,0.24250947853,0.027245685604,0.072916283677,0.044987534603
clarym15,ok,,3.2496859954,33557643.89,184409.8746,693708.67893,15033523.645,104805.58304,2906721.09,-2.5722311442e-08,3.829520711e-09,-9.34193679e-08,-2.5128580814e-07,8.5421845283e-08,-5.4071110007e-09,2.08223994e-07,1.2181900873e-07,-1.2129415673e-09,-4.3607688181e-07,-4.9130615684e-07,-2.8397215333e-08,3.6032681611e-06,-3.0438863488e-08,-9.6940929077e-08,0.24084987883,0.023891691506,0.080416883091,0.038398560622
coanda1,ok,,3.1719207371,32754606.658,34318.496214,154829.96956,15015591.899,18729.467781,2743041.0537,-5.1903967318e-08,7.3309153689e-08,-7.1229442959e-07,-1.8828358231e-06,1.264953311e-07,-1.6459370292e-08,1.327192244e-06,7.9729398933e-07,-1.8265536235e-08,-3.0290448653e-06,-3.0917061514e-06,-8.4974304143e-08,2.0190949183e-05,-3.9275346325e-07,-1.0381883407e-06,0.24642369948,0.030484484045,0.10395226474,0.045547242001
clarym18,ok,,3.2808944288,33879915.487,259387.75087,931429.14865,15016236.321,150275.73736,2969339.0994,-2.4471409445e-08,1.951744397e-09,-6.4391930589e-08,-1.7529705693e-07,8.1949803809e-08,-5.777673596e-09,1.4339918017e-07,8.5032803205e-08,-5.9692666542e-10,-3.4508770128e-07,-3.4101095404e-07,-2.0639472463e-08,2.5112761222e-06,-1.7820379715e-08,-6.6907254559e-08,0.23807729111,0.023951688279,0.089511522689,0.037195990822
coanda2,ok,,3.1745036642,32781279.066,35130.258749,161827.88424,15021906.003,19457.204761,2748985.1888,-5.2698151945e-08,5.9933056198e-08,-7.0797672002e-07,-1.8714393137e-06,1.3101908502e-07,3.9091596726e-08,1.3487040887e-06,7.92267071e-07,-2.0592997004e-08,-1.9717897923e-06,-2.6040891152e-06,-8.4269048369e-08,1.9433422965e-05,-4.2980804815e-07,-1.1361449707e-06,0.24626549574,0.030984239322,0.069269485602,0.047380323613
coanda3,ok,,3.1749314264,32785696.321,51643.572898,217190.78765,15004060.803,27664.713706,2748223.2496,-4.3564190408e-08,5.7347023311e-08,-4.9697281441e-07,-1.3136783993e-06,1.1649152903e-07,-1.0877870045e-08,8.9430976254e-07,5.5007614838e-07,-1.3228096955e-08,-2.2140237373e-06,-2.2480702216e-06,-5.3088935502e-08,1.3668929901e-05,-2.7939122741e-07,-7.385357619e-07,0.24624663519,0.031324592918,0.11434009628,0.046185351415
cootie,ok,,3.2172667974,33222869.421,65446.695282,323243.71963,15059950.659,40727.233513,2837413.1141,-5.0528068066e-08,3.4908209762e-08,-4.5873177871e-07,-1.2116752395e-06,1.2188852751e-07,-1.0049173388e-08,1.0637184277e-06,5.4448282273e-07,-1.9250903508e-08,-1.369898429e-06,-1.3209630442e-06,-8.5736232192e-08,9.2826347255e-06,-2.6941165267e-07,-7.0920534828e-07,0.24625135157,0.042271273912,0.08965532505,0.069616855806
cr1,ok,,3.2337274756,33392849.406,131208.83425,545387.6647,15019748.22,76932.640385,2868187.5782,-2.9844308719e-08,5.2021666861e-09,-1.6058461145e-07,-4.2714245435e-07,8.8977354396e-08,-9.5956944333e-09,3.978712904e-07,2.1563958816e-07,-3.1028511281e-09,-5.4619101956e-07,-6.3676155534e-07,-5.5050872779e-08,4.9127948197e-06,-5.663804317e-08,-1.5953344474e-07,0.24012787582,0.029918660118,0.071665086954,0.052204228194
cr001sm,ok,,3.1843438984,32882893.522,43466.235396,221508.24983,14996280.202,26468.011596,2766781.6701,-3.9574551667e-08,1.8760123498e-08,-4.2053600471e-07,-1.1160902639e-06,9.4101532466e-08,-3.08900814e-08,1.0714128739e-06,5.5667866882e-07,-3.3890440911e-09,-1.0766996487e-06,-1.8711676643e-06,-1.3611615757e-07,1.4279245267e-05,-6.708190622e-08,-1.9147543267e-07,0.24470185069,0.028301281377,0.046800080381,0.046570284185
curtisc72,ok,,3.2196918529,33247911.579,105575.68669,444089.61293,14981209.105,61065.467592,2843646.0708,-4.2513941316e-08,2.5966713905e-08,-3.2923930718e-07,-8.7555839146e-07,1.2111799545e-07,5.6361749051e-08,6.3444127485e-07,3.5921328116e-07,-1.6619776312e-08,-4.3041679253e-07,-7.8032604365e-07,-2.9967603706e-08,6.1708404694e-06,-2.4259250269e-07,-6.5614090358e-07,0.2440913829,0.043758150786,0.045441548435,0.066981573258
dae21,ok,,3.2137959949,33187028.434,104428.91648,538469.67999,14771651.969,69871.904343,2798387.3097,-3.8760207094e-08,8.473531084e-09,-2.52119392e-07,-6.7183754171e-07,9.5717108999e-08,-1.1384841682e-08,7.0684124787e-07,3.3456075132e-07,-6.696057734e-09,-4.8361707358e-07,-6.7564975002e-07,-8.243262676e-08,5.4020830848e-06,-8.2518503556e-08,-2.3576971576e-07,0.23680743754,0.043053465296,0.050503606985,0.07381466564
dae11,ok,,3.2204222953,33255454.439,120123.53907,599338.16012,14728221.873,79709.359285,2808478.1698,-3.6853077347e-08,7.6408157033e-09,-2.220729724e-07,-5.9280378372e-07,9.603432043e-08,-6.3854480637e-09,6.094348484e-07,2.9297346726e-07,-6.8130244645e-09,-4.3447593656e-07,-6.0097138202e-07,-7.0893323508e-08,4.7330515753e-06,-8.3737556786e-08,-2.4035178098e-07,0.23771218604,0.042713993605,0.052190787138,0.07320747082
dae31,ok,,3.2228321483,33280339.609,98167.002351,509020.83592,14847222.575,66084.083193,2824904.1932,-4.0342187763e-08,1.0728221751e-08,-2.7106942579e-07,-7.2302783076e-07,9.2672048053e-08,-3.0855922286e-08,7.7888165543e-07,3.6520269857e-07,-5.0436653755e-09,-6.2266618378e-07,-7.6476975888e-07,-9.4123107379e-08,5.7105596615e-06,-5.845135967e-08,-1.7514247072e-07,0.23811376399,0.045030849473,0.061125272727,0.0764604773
dae51,ok,,3.2058991744,33105482.497,70150.839566,322152.69946,15018775.007,41716.560449,2814943.918,-3.3123768211e-08,1.1235518426e-08,-2.6234083679e-07,-6.9773212704e-07,9.2759672024e-08,-1.4354650093e-08,6.5513055463e-07,3.4854307243e-07,-3.3522812672e-09,-7.6561457602e-07,-1.2263709669e-06,-8.6190343099e-08,9.0576687743e-06,-6.65821279e-08,-1.9040143427e-07,0.24549610038,0.027158774534,0.053708505292,0.045957958433
davis,ok,,3.1987025607,33031167.194,105213.13991,437181.58808,14937478.306,59243.413461,2791063.8153,-2.8820060928e-08,7.9862584597e-09,-1.675913082e-07,-4.4792635836e-07,9.0384148179e-08,-1.6179113038e-08,3.8760965034e-07,2.2241009132e-07,-1.716279808e-09,-7.0633066897e-07,-9.0358946508e-07,-5.4812689265e-08,6.3754338656e-06,-3.7893871187e-08,-1.1771558553e-07,0.24353671598,0.024839526624,0.074315267497,0.040781628371
davis_corrected,ok,,3.2354932506,33411083.552,179982.28924,702619.32036,14922317.098,103632.49361,2866889.6704,2.3958321065e-08,-5.7155232534e-09,6.800127685e-08,-1.7382355996e-07,8.6180611121e-08,1.952039829e-08,1.3764491182e-07,-7.5401932008e-08,1.372702897e-09,-3.0670739868e-07,4.1607587586e-07,7.4002868161e-09,-3.6437067545e-06,7.240526394e-08,-1.6565997784e-07,0.23843947023,0.013924557458,0.05520189974,0.024773646332
daytonwright6,ok,,3.2394344466,33451782.024,155691.97998,617635.26912,14996766.699,90009.669823,2878162.7943,-3.9869382104e-08,2.2323805967e-08,-2.5303592919e-07,-6.6981583749e-07,1.1301151571e-07,2.5702263159e-08,4.7989016199e-07,2.7800352591e-07,-1.394484146e-08,-5.5096220166e-07,-5.7106575425e-07,-2.4963208402e-08,4.1930951473e-06,-1.8049626779e-07,-4.8010466321e-07,0.24132750357,0.049957658512,0.085780396072,0.074715049495
daytonwrightt1,ok,,3.2456836393,33516313.853,156727.93051,608049.40464,15068094.523,89353.200036,2899399.0885,-4.0625981817e-08,2.5941772117e-08,-2.6207173068e-07,-6.9243779992e-07,1.1469472176e-07,2.536354625e-08,4.8280220461e-07,2.8314164202e-07,-1.4628200915e-08,-5.8246924016e-07,-6.0515997504e-07,-2.1065928369e-08,4.2256099338e-06,-1.880331088e-07,-4.9596351189e-07,0.24289947623,0.051211207477,0.091289198594,0.075668590372
davissm,ok,,3.2218294382,33269985.196,36601.302633,249830.84887,15107947.76,27112.771473,2851674.6468,-5.5235426073e-08,4.8133153859e-08,-5.7710162633e-07,-1.5266484532e-06,1.0188600346e-07,-2.2553906741e-07,1.8629083383e-06,7.731096834e-07,-9.3187302429e-09,-3.8118062766e-06,-2.4906957656e-06,-1.959685896e-07,1.3949760898e-05,-1.3098642197e-07,-3.5005899539e-07,0.24919989103,0.039030047052,0.13951707511,0.068184871866
dbln526,ok,,3.3884515032,34990595.719,616983.12136,1797734.3149,15253505.169,360363.52724,3214736.4621,-2.2822928027e-08,5.9630890347e-09,-3.1623789588e-08,-8.2517102299e-08,7.7766983252e-08,-1.5700205587e-08,6.4563455728e-08,4.0170400084e-08,-3.4963438025e-11,-4.0699194841e-07,-2.622061368e-07,-8.5463537676e-09,1.0496295007e-06,-1.647307784e-09,1.8511551061e-13,0.2500003743,0.029736170719,0.2511071627,0.039834562441
defcnd1,ok,,3.2976256589,34052689.301,286869.77786,1109686.6406,14680713.597,179454.69139,2976690.9625,-2.4821827986e-08,-1.1762416355e-09,-6.4409438983e-08,-1.7909821008e-07,8.2003394088e-08,4.2432147713e-09,1.5219355105e-07,8.6804167853e-08,-1.3512073615e-09,-1.6354011639e-07,-2.2537024109e-07,-2.239375818e-08,2.0931054316e-06,-2.8574137951e-08,-1.0897289321e-07,0.23357384711,0.027583544906,0.046914716859,0.043659730182
defcnd2,ok,,3.2273199629,33326682.696,170261.81357,667368.65189,14913372.611,97206.809521,2846340.0678,-2.6704529673e-08,6.9856168321e-09,-1.1203563914e-07,-2.9889960709e-07,9.0368884233e-08,6.8991730556e-09,2.3190566052e-07,1.3528731257e-07,-2.9294234439e-09,-4.9606276631e-07,-5.4160656789e-07,-2.3249850774e-08,3.8863421419e-06,-7.0716226836e-08,-1.9728623722e-07,0.24080689594,0.024446299525,0.084460546234,0.039484678336
defcnd3,ok,,3.2072929425,33119875.14,101275.67234,403142.22907,15006078.631,55603.244215,2821609.27,-2.5989934323e-08,7.5137744533e-09,-1.3580872836e-07,-3.6368479968e-07,9.0557019509e-08,2.2248063477e-08,2.553507719e-07,1.5495023875e-07,-2.3420949243e-09,-3.8474999403e-07,-7.8456370095e-07,-1.9138264181e-08,6.7899748223e-06,-8.9336775748e-08,-2.5334872462e-07,0.24100903176,0.016830365577,0.038965814328,0.025860821107
df101,ok,,3.1903201323,32944606.662,97508.688665,396955.59661,14943930.903,53595.731231,2777021.9796,-2.5541630214e-08,3.7037968475e-09,-1.1688910266e-07,-3.1356294593e-07,8.895567482e-08,-2.2244756824e-09,2.6180345045e-07,1.5418253432e-07,-9.4825855495e-10,-5.345683063e-07,-8.9740997478e-07,-3.7288913893e-08,7.0481653021e-06,-3.4681651637e-08,-1.0891882851e-07,0.24194007981,0.015393824696,0.05212505455,0.025528111142
df102,ok,,3.1944389728,32987139.567,98634.710494,397770.42606,14966048.396,54153.275723,2788058.5287,-2.5602962371e-08,4.3348282655e-09,-1.1996459074e-07,-3.2170028867e-07,8.8903248686e-08,2.7038314791e-09,2.5903618028e-07,1.5345239584e-07,-1.209025145e-09,-4.8584344304e-07,-8.6251271801e-07,-3.3483423548e-08,6.974951836e-06,-4.4685671027e-08,-1.3534420717e-07,0.24128006201,0.015653560313,0.04792102735,0.02554995865
dfvlrr4,ok,,3.2307476426,33362078.379,142255.84865,540819.02064,15031201.701,79271.4263,2869366.6303,2.3130963506e-08,-4.5986903036e-09,4.0217907877e-08,-1.0713179405e-07,8.4097817791e-08,-2.9730669759e-08,8.3183279621e-08,-5.5436650022e-08,-7.5176935535e-10,-6.1732503308e-07,7.4145994825e-07,1.5217969256e-08,-4.7716900226e-06,-6.0337287576e-08,1.5612296344e-07,0.24507387024,0.011527362466,0.087818096473,0.011833308036
dga1138,ok,,3.1905631909,32947116.588,49906.366961,203023.61273,15093508.322,26398.061694,2791500.4434,-4.2313909436e-08,5.9184511828e-08,-4.9765231848e-07,-1.3143912046e-06,1.1578396547e-07,-4.4828370178e-10,8.7238835154e-07,5.4370904013e-07,-1.2969920991e-08,-2.253318422e-06,-2.3733530732e-06,-4.6042703775e-08,1.4326988733e-05,-2.9233491531e-07,-7.6905655044e-07,0.24858736099,0.029663006042,0.11245493605,0.043537733205
dga1182,ok,,3.1791838512,32829608.673,40054.28196,158158.43888,14992662.472,20875.832503,2759877.165,-2.4017518319e-08,1.3799307107e-08,-1.2627900397e-07,-3.3471782898e-07,9.1066186169e-08,1.1467855256e-09,2.2121090721e-07,1.4095419988e-07,-4.4140725774e-10,-2.3319232426e-06,-2.8824146758e-06,-1.4671800086e-08,1.8120597018e-05,-6.1226497334e-08,-1.6547867376e-07,0.2481372625,0.0061303956167,0.093403511067,0.00886044405
dh4009sm,ok,,3.1766140043,32803071.336,65387.977343,251903.2781,14982352.545,34036.806785,2753814.0344,2.3059280651e-08,-4.1763460553e-09,1.0519459585e-08,-2.6400261402e-08,8.9988665382e-08,3.0738611544e-09,-2.6312844139e-09,-1.9139990807e-09,-1.244753197e-11,-2.2306325931e-06,2.1159165894e-06,-8.6048397148e-09,-1.1113150307e-05,6.7810969702e-09,-1.2236176252e-08,0.24778172743,0.00079538451136,0.14585655346,-0.00017205436564
doa5,ok,,3.2386389915,33443567.815,204648.52503,755831.5571,14908715.992,115615.02261,2871316.5902,-2.3629560029e-08,4.0741565917e-09,-5.1213435033e-08,-1.4062977537e-07,8.3197180001e-08,-2.326592911e-08,1.0632985453e-07,6.7894994804e-08,6.9695738922e-10,-5.2684144069e-07,-5.279978326e-07,-1.6680294747e-08,3.2672543112e-06,3.0378005009e-08,5.9479452027e-08,0.24165043989,0.017921559734,0.10781732376,0.021760247895
dormoy,ok,,3.1727682747,32763358.693,65126.722552,281861.08688,14919956.35,36045.733692,2736240.6095,-4.1878698538e-08,4.1786576708e-08,-4.2744612284e-07,-1.1299097848e-06,1.3060734244e-07,7.5087815293e-08,7.5728296516e-07,4.4567037274e-07,-1.8566995909e-08,-1.0123899122e-06,-1.4489595294e-06,-1.8214905735e-08,1.0481226827e-05,-3.7806552755e-07,-9.9938241314e-07,0.24552858491,0.031925673814,0.065933636925,0.049319357565
ds19,ok,,3.1636441595,32669139.187,55075.721363,240673.75733,14906129.548,30383.838631,2718888.5833,-2.6878881719e-08,5.9603993388e-09,-1.8843469987e-07,-5.0222793282e-07,9.0532028138e-08,2.1576621556e-09,4.1553234435e-07,2.4407193367e-07,-9.066068195e-10,-4.0564929175e-07,-1.4096511592e-06,-5.5627404251e-08,1.2438422018e-05,-3.7246303242e-08,-1.1360153164e-07,0.2414302969,0.014426453256,0.022341427364,0.022885743615
drgnfly,ok,,3.2782411296,33852516.387,259474.62603,1053677.0375,14656456.928,163670.61318,2917173.2139,-2.8797618636e-08,5.5374114236e-09,-1.0608297771e-07,-2.8295148758e-07,8.9371696219e-08,-3.7201022158e-09,2.5207752883e-07,1.3627092252e-07,-4.2034581132e-09,-3.8005919966e-07,-3.3346983705e-07,-3.0186106284e-08,2.307048105e-06,-5.7609678489e-08,-1.6174602049e-07,0.23866762951,0.040022317747,0.098615718702,0.065407722524
ds21,ok,,3.1638561328,32671328.114,56836.006266,245356.48324,14904524.523,31172.407014,2719624.2573,-2.6042852518e-08,5.0550802458e-09,-1.6400020558e-07,-4.3770949992e-07,9.0259997017e-08,2.7767388755e-09,3.5888428008e-07,2.1223403882e-07,-7.7939718742e-10,-4.1260491125e-07,-1.3793902716e-06,-4.8226117992e-08,1.2123040392e-05,-3.6092174819e-08,-1.1100919889e-07,0.24135099656,0.012809437089,0.023450815321,0.020397549192
dsma523b,ok,,3.242359564,33481988.033,100469.90943,386731.84317,15148479.081,56074.518215,2909025.0218,2.2635022028e-08,-1.0964601004e-09,7.0523083739e-09,-1.8537287133e-08,8.4187321112e-08,-4.9249148396e-08,2.6019127736e-08,-2.4743642486e-08,-4.3076173115e-10,-5.3292687372e-07,9.2492854894e-07,1.7691204595e-08,-6.7434572063e-06,-1.3197413672e-07,3.4930516725e-07,0.24586342417,0.0058575179351,0.053543114736,0.0026141394071
du-80-141,ok,,3.228364556,33337469.612,134503.65319,562788.20206,14854758.645,79989.14214,2851850.2295,-2.5622999644e-08,2.1091879392e-09,-1.0329392307e-07,-2.8185567521e-07,8.3820944007e-08,-1.5451521222e-08,2.3921338912e-07,1.3895235013e-07,9.1010176693e-10,-1.7731930752e-07,-5.4806344131e-07,-3.5655200028e-08,4.7110117468e-06,2.7565442342e-08,4.1100998787e-08,0.24168475344,0.023340224148,0.023850094642,0.032175074728
du-80-176-v1,ok,,3.2458487085,33518018.428,226375.55299,873256.57822,14783056.261,132778.40087,2870530.0937,-2.4449384894e-08,5.8024987973e-09,-6.5946822516e-08,-1.7638841975e-07,8.4686610234e-08,-1.0307366702e-08,1.3587416888e-07,8.1021323561e-08,-2.0818553761e-10,-4.2942548224e-07,-4.4082659594e-07,-1.5073695086e-08,2.847959625e-06,-6.1675236199e-09,-2.4576433502e-08,0.24144048871,0.022632951687,0.09721143101,0.030758590118
du861372,ok,,3.2009234484,33054101.027,142754.69731,557216.35897,14845504.015,78877.342671,2786478.5365,2.2862557743e-08,6.3867303353e-11,1.7229249088e-09,-6.8911610712e-09,8.6979758018e-08,1.3420352174e-09,-3.5428441364e-09,-8.4249610575e-11,-7.3222990132e-11,-7.1861053948e-07,7.6347380799e-07,-1.6383392682e-09,-4.7940151723e-06,3.1388902298e-09,-1.7935472671e-08,0.2423395644,0.00020071851749,0.10258503005,-0.00050575764231
du8608418,ok,,3.1562911555,32593208.932,63955.579315,258728.50411,14881005.689,33701.765425,2699969.0126,-2.4248024971e-08,6.9807318182e-09,-9.498964651e-08,-2.5288214179e-07,9.1502310184e-08,2.9140779003e-09,1.9482359822e-07,1.163120279e-07,-9.3963931393e-10,-1.5497555976e-06,-1.8042422185e-06,-2.1317820198e-08,1.1221032731e-05,-6.8622645138e-08,-1.8849484501e-07,0.24270590969,0.0069810441619,0.099115517044,0.012460056089
du84132v,ok,,3.2182108156,33232617.756,145270.9768,575139.6723,14940702.209,82664.011562,2831087.0183,-2.5827142896e-08,5.9310622096e-09,-1.0400312644e-07,-2.7855284388e-07,8.5186807598e-08,-1.7373145106e-08,2.2788288761e-07,1.3563955224e-07,1.401164179e-10,-4.7244304791e-07,-6.3001612819e-07,-3.1633820601e-08,4.5725357681e-06,3.9652516961e-09,-3.6244286404e-09,0.24093496832,0.022954111149,0.068632263052,0.033104769679
e1200,ok,,3.2376068698,33432909.686,220407.40082,841113.19592,14799136.72,128278.0607,2856920.9063,-2.5223877635e-08,4.0770419906e-09,-7.6681461276e-08,-2.0918201377e-07,8.4117552733e-08,-1.6006943541e-08,1.682012952e-07,1.0070002292e-07,-1.2994294585e-10,-4.1189961956e-07,-4.3810719265e-07,-2.40171565e-08,2.9408327594e-06,-6.51629205e-10,-2.6560123872e-08,0.23827814633,0.026021946343,0.090785724544,0.03707281029
e1098,ok,,3.2401612313,33459287.112,240621.68103,946869.40463,14502220.246,146036.22045,2843332.8335,-2.4543369049e-08,7.5921084538e-12,-6.1111764005e-08,-1.7504771482e-07,8.3885044489e-08,-2.2266801629e-08,1.5099860362e-07,8.9231798523e-08,6.3599919219e-10,-3.2667256957e-07,-3.8293632515e-07,-2.8118176113e-08,2.5652124911e-06,2.1865033618e-08,8.5396140063e-09,0.23913341196,0.025861570662,0.078604502835,0.036333537836
e1210,ok,,3.2619730717,33684525.481,160280.36074,700585.92687,14890707.493,101525.44263,2918054.6536,-2.9684971804e-08,-1.3362913274e-09,-1.4382598842e-07,-3.8646411741e-07,8.8125295078e-08,2.7613611172e-08,3.5283931185e-07,1.8398708386e-07,-4.0914390446e-09,3.3991306782e-08,-2.7480830356e-07,-4.015739635e-08,3.7121423709e-06,-7.0418557885e-08,-2.0826737294e-07,0.23319017849,0.0343211708,-0.0054481389131,0.056553212187
e1211,ok,,3.2744695861,33813569.819,197041.85953,828605.39815,14801490.07,125255.55578,2939665.9808,-2.6342397477e-08,-3.2002355e-09,-9.5160437752e-08,-2.6096851895e-07,8.2045389112e-08,9.7415858325e-09,2.3960555472e-07,1.2836779865e-07,-9.7651875391e-10,2.9856653636e-08,-2.2428271055e-07,-3.3204511894e-08,3.0014042195e-06,-2.2015222053e-08,-9.2474359189e-08,0.23226627397,0.030001638428,-0.0058830105518,0.047212324057
e1212,ok,,3.2625049806,33690018.2,191276.22583,792656.68453,14798883.526,118510.14723,2917895.1557,-2.4570558969e-08,-3.1551202099e-09,-7.2695940161e-08,-2.0144928583e-07,8.2160341854e-08,1.021753604e-08,1.7509763398e-07,9.8003880294e-08,-6.6036967353e-10,3.1974620942e-08,-2.3599041395e-07,-2.5305206574e-08,3.1716994065e-06,-2.3940820182e-08,-9.8358485708e-08,0.23284953565,0.021162576494,-0.0061159848162,0.033492014579
e1213,ok,,3.252707385,33588844.046,185678.8587,761823.44242,14800605.726,112784.65035,2899251.9317,-2.33340319e-08,-2.7199691505e-09,-4.9326184364e-08,-1.390583302e-07,8.2361702702e-08,1.1630928787e-08,1.1059110818e-07,6.5295033283e-08,-3.568514389e-10,2.1238040693e-08,-2.5085355225e-07,-1.5967000503e-08,3.3335896632e-06,-2.9052120188e-08,-1.1099920952e-07,0.23370115307,0.012760019889,-0.0039434551571,0.02053443075
e1212mod,ok,,3.2715029927,33782935.511,191382.19774,790813.81931,14838429.224,118512.61984,2941523.844,-2.3384196452e-08,-4.9634329909e-09,-4.9041981921e-08,-1.3852788805e-07,7.9938877299e-08,3.3781704669e-09,1.3507013323e-07,7.5508807767e-08,1.0885858239e-10,3.3337748526e-08,-2.3212222155e-07,-2.6464296174e-08,3.1731850069e-06,-6.3549339763e-09,-5.1819765941e-08,0.23263039811,0.014989239832,-0.0063802515807,0.025850018946
e1214,ok,,3.274592772,33814841.89,241097.74081,949320.04099,14707746.724,148024.00446,2938302.0552,-2.3000933647e-08,-2.4051125371e-09,-4.0341150377e-08,-1.1653439839e-07,8.1012123095e-08,7.8910775163e-09,8.4542462074e-08,5.2869245688e-08,-1.6336542784e-10,-7.6836956276e-08,-2.194284652e-07,-1.2526720256e-08,2.5344717641e-06,-2.2464177241e-08,-9.8617461581e-08,0.23298619591,0.013851922791,0.018525216569,0.020382996608
e1230,ok,,3.2635038519,33700332.97,225407.36705,845846.51122,14934325.421,130737.67209,2927736.339,-2.511118062e-08,3.9023863187e-09,-8.0803109678e-08,-2.1844623869e-07,8.5253767202e-08,7.7110979984e-09,1.5842371366e-07,9.5664745473e-08,-1.5362110073e-09,-3.0183960453e-07,-3.5491458238e-07,-1.4860205941e-08,2.8856947843e-06,-4.4489154889e-08,-1.3610240589e-07,0.23813778052,0.024329863801,0.068036870527,0.035709872173
e1233,ok,,3.2729133064,33797499.011,260827.5576,975540.26779,14860586.534,155206.07736,2935095.3716,-2.5660631545e-08,4.4563196616e-09,-8.1747590843e-08,-2.2084983195e-07,8.3430281063e-08,-1.1322698709e-09,1.6466419296e-07,9.8590441932e-08,-9.8988634072e-10,-2.8401184379e-07,-3.0880961148e-07,-1.6841605117e-08,2.4317193558e-06,-2.5155576977e-08,-8.4804257678e-08,0.23629913356,0.031172737766,0.074078115545,0.042948959273
e168,ok,,3.1913794862,32955546.002,103926.20537,437048.37945,14830518.112,58777.178748,2775460.1498,2.2810165682e-08,-3.2145089403e-09,2.9592393909e-09,-4.9062356992e-13,8.6490007139e-08,4.2074821023e-09,6.3505333455e-09,1.7887768237e-09,-2.1999570606e-10,-4.6656519632e-08,6.0837262108e-07,-4.7458242948e-09,-6.4097083864e-06,1.2327657596e-08,-2.1489080945e-12,0.24004956817,-1.4824127723e-09,0.0048488350409,0.00065998683264
e169,ok,,3.2064156086,33110815.417,133795.78292,557353.7785,14766244.418,77461.164394,2802656.5385,2.2646910963e-08,-3.7800988995e-09,3.4603595874e-09,-2.2530846788e-13,8.5158180697e-08,5.2041253736e-09,7.5590898991e-09,2.0997346386e-09,-2.9454890377e-10,-6.3243318147e-08,4.5546953383e-07,-5.5585608974e-09,-4.8554021617e-06,1.4498613048e-08,-1.0750443114e-12,0.23866913193,-2.4223209705e-09,0.0084616892656,0.0010113743512
e171,ok,,3.1830037709,32869054.793,109893.89591,444246.8873,14809959.998,60566.075385,2754557.6815,2.2914302345e-08,-2.792599224e-09,2.6761132657e-09,-3.8046757611e-13,8.7926344154e-08,4.1010707528e-09,4.4305764745e-09,1.2129581731e-09,-1.1778603628e-10,-5.3574756524e-07,8.2421048872e-07,-3.8877815655e-09,-6.2257065697e-06,1.1049232636e-08,-1.4707865146e-12,0.2421981867,1.4684698768e-09,0.058875387171,0.00048689330992
e174,ok,,3.1618021999,32650118.326,59339.38849,291156.58327,14825301.845,35347.378639,2703302.2791,-3.3982973656e-08,9.6296048041e-09,-2.9485516233e-07,-7.8305228146e-07,9.7118939435e-08,7.7109507499e-09,7.2298205776e-07,3.833672922e-07,-4.9620090873e-09,-5.7308282212e-07,-1.2588628817e-06,-8.8497511038e-08,1.0691587587e-05,-1.0918175152e-07,-3.0110220033e-07,0.23998195562,0.025127560325,0.034006384219,0.042901313196
e176,ok,,3.1563188314,32593494.725,57979.151347,277150.793,14816844.037,33792.895764,2692209.8058,-3.1610940135e-08,8.2691470502e-09,-2.6584623025e-07,-7.0603839828e-07,9.7201339664e-08,1.6005913024e-08,6.3730989957e-07,3.4370883171e-07,-4.7342796267e-09,-5.5335398229e-07,-1.3083856016e-06,-7.7850182407e-08,1.1184213432e-05,-1.2155834011e-07,-3.3296165979e-07,0.24026550015,0.021158390471,0.032082994287,0.036950687122
e178,ok,,3.1520827612,32549751.257,56017.049985,261948.52228,14812351.585,32034.027737,2684140.5425,-2.9489043633e-08,6.9613049999e-09,-2.3569516441e-07,-6.2611065142e-07,9.7110579578e-08,2.5287075446e-08,5.5321615461e-07,3.0182065213e-07,-4.447362508e-09,-5.2711227206e-07,-1.3698069448e-06,-6.6113893171e-08,1.1798679179e-05,-1.3706699145e-07,-3.734139739e-07,0.24051780234,0.017182271827,0.029527274491,0.030989536985
e180,ok,,3.1519488214,32548368.137,54719.199844,249553.93412,14823947.564,30740.86142,2686105.7623,-2.7390617434e-08,5.3931372351e-09,-1.9606273747e-07,-5.2116334475e-07,9.614300826e-08,3.3174652407e-08,4.5229082493e-07,2.4818854939e-07,-3.8261018058e-09,-5.1393201314e-07,-1.4268516003e-06,-5.2116024285e-08,1.2295177811e-05,-1.4884287281e-07,-4.0416666514e-07,0.24081699554,0.01303103107,0.028121948533,0.024748992037
e182,ok,,3.1505457435,32533879.358,53167.512929,238178.2787,14826981.024,29462.248258,2684418.5017,-2.5750324524e-08,3.8687733107e-09,-1.5560332605e-07,-4.1405063931e-07,9.5170089761e-08,4.171507898e-08,3.5359214997e-07,1.9275814551e-07,-3.1495007298e-09,-4.9603605179e-07,-1.4850239023e-06,-3.7146719359e-08,1.2828783653e-05,-1.6366391087e-07,-4.4304276182e-07,0.24092407444,0.0090556324572,0.026373003197,0.018799615205
e184,ok,,3.1477490474,32504999.478,51287.62969,226866.2517,14821325.466,28127.423389,2678791.036,-2.4483361424e-08,2.2951646922e-09,-1.1113986702e-07,-2.9641081219e-07,9.4158655311e-08,5.002821006e-08,2.4935962571e-07,1.3178416905e-07,-2.2842540756e-09,-5.0311610803e-07,-1.5648391999e-06,-2.0638328707e-08,1.3437369519e-05,-1.794612559e-07,-4.8472575654e-07,0.24135819516,0.0050475222934,0.02580363264,0.012789064143
e193,ok,,3.1805795064,32844020.802,80633.084762,358676.42553,14882531.197,46260.473394,2748638.5484,-3.0068120566e-08,8.163730616e-09,-2.0736714368e-07,-5.5203856079e-07,9.3236535796e-08,-2.8941524718e-09,4.8811036071e-07,2.7127943469e-07,-3.0983231218e-09,-6.5895659565e-07,-1.0537319534e-06,-6.3905055589e-08,8.1681047425e-06,-7.3078572032e-08,-2.070217535e-07,0.2417180381,0.023224816588,0.053133703032,0.039357844088
e186,ok,,3.1734803734,32770712.128,76235.263737,324368.50563,14876972.914,41962.535761,2737154.1231,-2.3846819114e-08,3.2434104505e-09,-7.7533736845e-08,-2.0686026919e-07,9.2740279119e-08,5.3256801615e-08,1.506679836e-07,7.9201655396e-08,-1.8819945616e-09,-4.2358623616e-07,-1.0554578139e-06,-1.6660944042e-09,9.0061489977e-06,-1.7501151216e-07,-4.7025665452e-07,0.24257092894,0.0038952311117,0.032292208429,0.011486213466
e195,ok,,3.1883749335,32924519.708,104542.53745,444673.06727,14849773.895,59456.8112,2763356.0643,-2.7262990341e-08,4.7560484605e-09,-1.4211813006e-07,-3.8108840708e-07,9.0344955395e-08,-4.8534887704e-09,3.3165089429e-07,1.8874833682e-07,-1.6513242018e-09,-5.3199994325e-07,-8.3052795679e-07,-4.6625766422e-08,6.3502126995e-06,-4.2541285706e-08,-1.321532191e-07,0.24136502346,0.020763107927,0.05561662399,0.034671626037
e201,ok,,3.1885593011,32926423.567,104593.17704,443246.5993,14847434.387,59431.474548,2764361.6808,-2.6956802944e-08,4.067872082e-09,-1.3649048996e-07,-3.671684624e-07,8.9027435211e-08,-1.101948128e-08,3.2173804492e-07,1.8473520793e-07,-8.2598981911e-10,-5.0922993863e-07,-8.2886546529e-07,-4.8240237251e-08,6.3504987463e-06,-2.0566597144e-08,-7.7417351544e-08,0.24142872564,0.02071099104,0.053261977123,0.033651604291
e197,ok,,3.1979385458,33023277.646,132043.79375,544080.33874,14806979.401,75171.971157,2780895.1875,-2.5422807739e-08,2.0728076027e-09,-9.6485572456e-08,-2.6192684959e-07,8.822123425e-08,-6.5842704692e-09,2.260157145e-07,1.3113916857e-07,-7.572704262e-10,-4.4062113761e-07,-6.6090717036e-07,-3.4650643044e-08,5.0174559478e-06,-2.1334557074e-08,-8.1989183347e-08,0.24083514257,0.018205931927,0.058181286617,0.029843972391
e203,ok,,3.1987695416,33031858.867,132310.43219,542859.48055,14785816.153,75568.682757,2783283.2659,-2.4931806778e-08,4.279392516e-10,-8.6016861531e-08,-2.3667784275e-07,8.6307824555e-08,-1.831436883e-08,2.0986488847e-07,1.2400694369e-07,4.8040408306e-10,-3.947716635e-07,-6.4874348591e-07,-3.7986752432e-08,4.9836513224e-06,1.7900085289e-08,1.3158484768e-08,0.240873912,0.018124968874,0.052232409412,0.027767314094
e205,ok,,3.1814446223,32852954.359,82913.714707,357922.00074,14897687.214,46591.92848,2753204.2034,-2.810199583e-08,6.8429394076e-09,-1.7841973179e-07,-4.7483082947e-07,9.439086562e-08,1.8174103018e-08,3.9417542859e-07,2.2326449785e-07,-3.6802632562e-09,-5.2814489295e-07,-9.7960448069e-07,-4.4838745089e-08,8.1103142056e-06,-1.0769282011e-07,-2.9634198893e-07,0.24177675649,0.018788681571,0.043790454979,0.032682549031
e209,ok,,3.1990784476,33035048.762,133397.71921,540620.27677,14808997.488,75210.126854,2786586.8382,-2.418400063e-08,5.9901773226e-10,-7.0807370581e-08,-1.9512647598e-07,8.7135044036e-08,-5.4447223989e-09,1.592908617e-07,9.6128820929e-08,-1.6666745949e-10,-3.6909214975e-07,-6.2563841654e-07,-2.5318472128e-08,5.0105834614e-06,-7.9031434636e-09,-5.1026907382e-08,0.24071897061,0.013751878309,0.049236050954,0.021249037642
e207,ok,,3.1890834022,32931835.658,106122.49134,441270.17308,14862010.297,59413.174352,2768046.348,-2.5727027874e-08,3.59739791e-09,-1.1601513864e-07,-3.1223638739e-07,9.004816884e-08,5.0395419683e-09,2.5536645937e-07,1.4900763645e-07,-1.4650218238e-09,-4.4089989742e-07,-7.8595625691e-07,-3.2988885685e-08,6.353299932e-06,-5.0298558125e-08,-1.535970506e-07,0.24134909637,0.016349869861,0.046789395544,0.027100124872
e210,ok,,3.2122020325,33170568.498,132400.24447,555338.51067,14825707.018,77731.680871,2812543.469,-2.8168925333e-08,3.8403159688e-09,-1.3927586248e-07,-3.7772135406e-07,8.6033322569e-08,-1.8090643877e-08,3.3167720976e-07,1.8906444514e-07,1.4859869697e-10,-3.5314645827e-07,-6.1685030477e-07,-4.9784479323e-08,4.8453079748e-06,6.3091592771e-09,-1.6206960832e-08,0.24063371234,0.029057814199,0.046756677409,0.043914143657
e212,ok,,3.1820896151,32859614.83,83368.377324,358186.40037,14883741.484,47257.026708,2755297.515,-2.6827677104e-08,2.9260758508e-09,-1.4864106411e-07,-4.0106551764e-07,8.4425848007e-08,-3.8304800862e-08,3.60117072e-07,2.1367436642e-07,2.4173309989e-09,-4.0018201055e-07,-9.8094361851e-07,-6.5026346264e-08,7.9835212371e-06,7.496160734e-08,1.6923910326e-07,0.24144112707,0.02088550579,0.033362524854,0.030022375939
e211,ok,,3.1831815056,32870890.157,91747.676679,379036.59619,14869100.591,51047.037423,2757864.6202,-2.6151331389e-08,5.0673810286e-09,-1.3139277209e-07,-3.556421431e-07,8.6327896814e-08,-3.302942999e-08,3.0131492898e-07,1.8292003317e-07,1.2543682648e-09,-6.2529451807e-07,-1.0115597665e-06,-5.1522368231e-08,7.3881231841e-06,4.4027895646e-08,8.6798190197e-08,0.24242166651,0.019228982025,0.057369319274,0.027644944682
e214,ok,,3.1937586861,32980114.635,94251.241971,409102.36807,14881893.735,54799.570262,2777445.0366,-3.0449731359e-08,8.953297506e-09,-1.9562223864e-07,-5.2539557315e-07,8.6115817127e-08,-3.6681141905e-08,4.7049962351e-07,2.6706728662e-07,1.0192650526e-09,-6.1667007806e-07,-9.5693361378e-07,-7.1439390171e-08,6.8834516261e-06,2.5129268161e-08,3.8569846075e-08,0.24226516116,0.029303639479,0.058121920743,0.044345173863
e216,ok,,3.2013615533,33058625.085,82095.143593,388693.3101,14911969.699,50521.791701,2793302.8702,-3.4843663146e-08,1.0174613137e-08,-2.5474538866e-07,-6.8271589952e-07,7.9589262266e-08,-5.9551937456e-08,6.6911718717e-07,3.5849157836e-07,5.0694659075e-09,-5.2753970966e-07,-1.0063295613e-06,-1.0373642977e-07,7.4661535152e-06,8.9267235e-08,2.0591212926e-07,0.2421313605,0.037015015183,0.043308448216,0.054931271561
e220,ok,,3.1846875199,32886441.904,103943.23386,428495.88056,14870439.86,57587.621089,2757348.2365,-2.569635066e-08,5.8192433071e-09,-1.1685097149e-07,-3.1142458045e-07,9.3156106876e-08,1.8631228889e-08,2.5132706743e-07,1.42558064e-07,-3.0495811382e-09,-7.0497926592e-07,-9.1865659623e-07,-2.5704081367e-08,6.5618075762e-06,-1.0986920008e-07,-3.0013003092e-07,0.24194375202,0.013756697976,0.073277824703,0.026123748145
e221,ok,,3.169552705,32730153.348,67294.989802,285664.7154,14902925.95,36699.640858,2731089.5824,-2.5508986022e-08,5.8356420745e-09,-1.4160008354e-07,-3.7702487811e-07,9.409610627e-08,3.9599394186e-08,2.897048527e-07,1.6543912263e-07,-2.9132560213e-09,-4.7910763619e-07,-1.1912273934e-06,-2.383412911e-08,1.0297696689e-05,-1.4845056007e-07,-4.027614078e-07,0.24170793714,0.010266218563,0.032241543491,0.019495685108
e222,ok,,3.176078276,32797539.178,80432.041393,339307.20735,14895968.253,44600.228622,2743049.7187,-2.6581674378e-08,5.1892018701e-09,-1.4877259628e-07,-3.9907198129e-07,8.7627243651e-08,-2.3384525759e-08,3.4091118903e-07,2.0333355438e-07,5.5364921369e-10,-5.8091955815e-07,-1.0881105007e-06,-5.4554923907e-08,8.4681449929e-06,1.9825030567e-08,3.1149729766e-08,0.24188622908,0.018134786109,0.046724545947,0.027420182867
e224,ok,,3.1713301718,32748508.229,80145.536399,332746.78812,14883003.172,43761.675689,2733023.9908,-2.4853747696e-08,3.0293189663e-09,-1.0667278417e-07,-2.8738101635e-07,8.8562384947e-08,-1.267337854e-08,2.3936476674e-07,1.4500859185e-07,8.1549957075e-11,-5.6450689016e-07,-1.0898193395e-06,-3.8331207189e-08,8.6307614793e-06,3.7412010675e-09,-1.0581518429e-08,0.24167936986,0.012464364301,0.045242707513,0.019184017625
e228,ok,,3.168179563,32715973.699,78594.927104,321109.7606,14876052.886,42261.544551,2727404.6053,-2.3118126818e-08,-1.079387855e-09,-1.6574077699e-08,-4.8563532442e-08,8.8870050244e-08,8.9013773945e-09,3.4384826544e-08,2.0665111875e-08,-1.6923852121e-11,-5.596859458e-07,-1.1063199477e-06,-4.0887895397e-09,8.9367022465e-06,-3.0881009323e-08,-1.0111867824e-07,0.24181406181,0.0010190129576,0.043988476112,0.0027024729357
e226,ok,,3.1716686129,32752003.117,80563.689628,329863.69022,14888890.992,43538.638217,2735320.712,-2.3643930983e-08,8.6751638196e-10,-6.1164175817e-08,-1.6673055089e-07,8.8702130701e-08,-2.0344895978e-09,1.3483116292e-07,8.2379125476e-08,-1.0921322507e-10,-5.5292076528e-07,-1.0811781932e-06,-2.1211333141e-08,8.674871823e-06,-1.2673500756e-08,-5.3381865752e-08,0.24156747724,0.0066978131136,0.044545336923,0.010862495961
e230,ok,,3.1707266883,32742276.4,76705.709518,312982.48526,14893688.267,41339.004395,2734300.2787,2.3192355904e-08,-8.2927116635e-10,-3.0648531346e-08,8.6985516237e-08,8.7918546239e-08,2.5195043407e-08,-7.2476437491e-08,5.1381030574e-08,-5.1406991424e-10,-5.4213518529e-07,1.1263505971e-06,-2.072953021e-08,-9.1346272615e-06,6.4484953592e-08,-1.4667306701e-07,0.24182885871,-0.005062369022,0.041584864042,-0.0055593565611
e231,ok,,3.1901852363,32943213.668,132975.58811,512470.33566,14909508.538,71882.361281,2768953.9625,-2.5366259004e-08,1.006244445e-08,-1.009815768e-07,-2.6753749024e-07,9.0869208199e-08,-3.9704089205e-09,1.9952266173e-07,1.2050575466e-07,-1.8247776288e-09,-9.9218995971e-07,-9.1946148733e-07,-1.9522515511e-08,5.2612947523e-06,-6.3773978109e-08,-1.7094850936e-07,0.24247056869,0.016254224122,0.13193704341,0.026531643284
e326,ok,,3.2015368327,33060435.096,135254.9504,521069.07171,14940553.759,73760.296704,2795979.1763,-2.361565744e-08,1.0737519733e-08,-7.2996274575e-08,-1.9064620847e-07,9.1751049759e-08,4.7983311811e-08,8.6887663017e-08,5.3421100443e-08,-1.4681339534e-09,-6.9110403219e-07,-7.5212704879e-07,1.9574550328e-08,5.1264453655e-06,-1.4941665227e-07,-3.8553256701e-07,0.24116263488,0.0072101735907,0.093475241597,0.011751986552
e266,ok,,3.2342463644,33398207.673,225930.64941,862853.45159,14789844.613,129511.66937,2846408.9696,-2.4590674556e-08,6.3464138621e-09,-6.8201713909e-08,-1.8125539211e-07,8.7366781552e-08,-1.6137737735e-09,1.3534955551e-07,8.1149952031e-08,-1.2483796997e-09,-5.3354550839e-07,-4.8171668336e-07,-1.2947536715e-08,2.919703113e-06,-3.840173901e-08,-1.0537472531e-07,0.24159206873,0.020181558213,0.1205442832,0.030579612974
e325,ok,,3.1990525542,33034781.376,131413.75346,506417.75341,14942136.815,71443.222476,2790950.4126,-2.3079394422e-08,1.0027634212e-08,-5.3764419056e-08,-1.3925854818e-07,9.0662004284e-08,5.5050198204e-08,4.1017504218e-08,2.5116578851e-08,-4.7466766699e-10,-7.2509048057e-07,-7.934589233e-07,2.8646982798e-08,5.2926449036e-06,-1.5725755595e-07,-4.0391419673e-07,0.24160108451,0.0029797621548,0.095286861651,0.0053902641869
e297,ok,,3.1667912531,32701637.418,105511.4017,419377.25777,14843935.222,56650.836297,2716351.3539,2.3125454592e-08,-3.1102779291e-10,3.0679187951e-10,-1.8937574312e-13,8.8878377638e-08,4.6556031396e-10,4.1738022362e-10,1.0772686746e-10,-3.6434953647e-11,-9.1958311809e-07,1.0451455038e-06,-4.1441301516e-10,-6.6773544261e-06,1.2706265255e-09,-4.4508288175e-13,0.24142490143,4.6409301119e-09,0.097026503769,4.4038372435e-05
e327,ok,,3.2047814364,33093940.257,139086.88834,535771.32451,14944865.289,76261.220043,2802554.9457,-2.432892546e-08,1.1600505486e-08,-9.1075125166e-08,-2.3813826158e-07,9.2643564408e-08,4.1720791941e-08,1.3039294164e-07,7.9567824135e-08,-2.3599649789e-09,-6.6407025773e-07,-7.1373069373e-07,1.1507126535e-08,4.9584132159e-06,-1.4284201806e-07,-3.669771522e-07,0.24075164705,0.01143222067,0.092363465786,0.018135948514
e329,ok,,3.2165406136,33215370.539,146094.71303,565888.21473,14965592.626,81469.328662,2828182.3365,-2.6292057352e-08,1.2764572104e-08,-1.2463987538e-07,-3.2726648818e-07,9.4092845875e-08,3.0119235796e-08,2.1310139481e-07,1.27972728e-07,-3.9536894003e-09,-6.1637221292e-07,-6.4749623155e-07,-3.3321664267e-09,4.6414843556e-06,-1.3057367343e-07,-3.3633920742e-07,0.24054399954,0.020086497025,0.090048721564,0.03113298712
e328,ok,,3.208869,33136150.183,142867.5529,551569.73335,14948257.527,78892.227139,2810877.0334,-2.5202794309e-08,1.2127206693e-08,-1.0753693868e-07,-2.8184914911e-07,9.3330029435e-08,3.5423723071e-08,1.7114541299e-07,1.0379376039e-07,-3.1442838081e-09,-6.3952467571e-07,-6.7828630802e-07,3.743530762e-09,4.7931082759e-06,-1.3547531891e-07,-3.4836128989e-07,0.24036198116,0.015642004794,0.091367325435,0.024451126343
e330,ok,,3.1898111876,32939351.082,98483.392581,389287.49516,14961007.737,53165.046807,2775188.7802,-2.4050271848e-08,1.2740419077e-08,-1.0061061339e-07,-2.6368357188e-07,9.5648713192e-08,7.2188450178e-08,1.2995676341e-07,7.5920218983e-08,-2.5048975975e-09,-7.6867886983e-07,-9.7497422942e-07,2.4690145907e-08,7.1115846484e-06,-2.2887019357e-07,-5.9584077676e-07,0.24199038728,0.0063595146291,0.075702102906,0.01279858295
e332,ok,,3.1968919709,33012470.266,106556.68665,423769.71047,14965206.701,58376.927472,2789306.6799,-2.623778136e-08,1.3676082316e-08,-1.4489709454e-07,-3.8112844933e-07,9.8302495001e-08,5.4961831912e-08,2.4098484391e-07,1.426328757e-07,-5.0230560009e-09,-7.0028647501e-07,-8.5480089809e-07,2.2655052737e-09,6.4765708084e-06,-2.0285065076e-07,-5.2878425545e-07,0.24111254706,0.014820691453,0.074620206484,0.025678546501
e331,ok,,3.1930095774,32972379.019,102353.15731,405459.97264,14963295.683,55601.732908,2781658.2169,-2.5060583803e-08,1.3320765081e-08,-1.2445977044e-07,-3.2687781101e-07,9.7157464598e-08,6.3573325446e-08,1.8865576392e-07,1.1156253656e-07,-3.8772540719e-09,-7.2919703506e-07,-9.1180220087e-07,1.2898091399e-08,6.7999071543e-06,-2.16305006e-07,-5.6335110445e-07,0.24150691496,0.010620823799,0.074635618841,0.019309513082
e334,ok,,3.2068744435,33115553.541,112834.02955,456945.63473,14971970.088,63345.940087,2809273.0896,-2.9295223058e-08,1.4465137852e-08,-1.8473045764e-07,-4.869812889e-07,1.0052847825e-07,4.0386181574e-08,3.4488691494e-07,2.0090094219e-07,-7.1537909943e-09,-6.5758659637e-07,-7.6595587415e-07,-1.6168078431e-08,5.9681407803e-06,-1.8374388774e-07,-4.8063029461e-07,0.24049183644,0.023548632283,0.074198145447,0.038914980352
e333,ok,,3.2011070385,33055996.857,110159.19703,441365.8454,14966018.826,61015.782638,2797400.5755,-2.7718929455e-08,1.4234391024e-08,-1.6618213593e-07,-4.3761454345e-07,9.9635089407e-08,4.7684018092e-08,2.9435994934e-07,1.7333451501e-07,-6.1949783048e-09,-6.7783456528e-07,-8.0616977909e-07,-7.1506485629e-09,6.1962904183e-06,-1.9375741556e-07,-5.05718272e-07,0.24067331752,0.01929378513,0.074669711429,0.032426455657
e335,ok,,3.2031664561,33077263.282,128620.85852,495982.52905,14963764.862,69999.892661,2801685.4727,-2.3830457633e-08,1.1270961889e-08,-8.3674871669e-08,-2.1860725847e-07,9.3593007581e-08,6.0026270245e-08,1.0440240465e-07,6.2491510651e-08,-2.1507551811e-09,-6.8718297074e-07,-7.6750426686e-07,2.1182914057e-08,5.4008695493e-06,-1.8619381954e-07,-4.8172153519e-07,0.24125927605,0.0071754900221,0.088386063655,0.013428326917
e336,ok,,3.2065508502,33112211.979,133016.68015,513424.28725,14965050.373,72807.183357,2808413.3632,-2.4634444332e-08,1.1823914047e-08,-1.0160674419e-07,-2.6614473034e-07,9.4710833728e-08,5.2870608952e-08,1.4850354281e-07,8.9255816745e-08,-3.2370099222e-09,-6.5976080328e-07,-7.2433401185e-07,1.2350782893e-08,5.1926590377e-06,-1.7676221896e-07,-4.5744116475e-07,0.24079028628,0.011370690521,0.087759191748,0.019753448256
e337,ok,,3.2106146036,33154176.031,137648.99123,532929.99831,14965319.194,75941.043317,2816323.1511,-2.5617465394e-08,1.2275237349e-08,-1.1835618415e-07,-3.1060970081e-07,9.5705883681e-08,4.6137533571e-08,1.9032440079e-07,1.1412033989e-07,-4.2341852964e-09,-6.3457403802e-07,-6.8288527163e-07,4.2367185779e-09,4.9783206866e-06,-1.6804315719e-07,-4.3524632182e-07,0.24032164711,0.015662264593,0.087348476194,0.026197961775
e338,ok,,3.2145716853,33195038.538,141134.81663,549747.37633,14963661.532,78628.076169,2823640.2572,-2.6795987763e-08,1.272447442e-08,-1.3489038136e-07,-3.5453814681e-07,9.6705670784e-08,3.9930157691e-08,2.3202746242e-07,1.3818551988e-07,-5.1818883301e-09,-6.1657319739e-07,-6.4988763047e-07,-3.2939715431e-09,4.8081030875e-06,-1.609537972e-07,-4.1747865619e-07,0.23989775879,0.020024097762,0.087019945155,0.032747153363
e339,ok,,3.2200554932,33251666.684,145351.9629,569515.25844,14965673.753,81885.422541,2834476.8248,-2.7973323726e-08,1.2811371857e-08,-1.4769252962e-07,-3.8871255956e-07,9.7074610991e-08,3.3221078792e-08,2.679896929e-07,1.5811096105e-07,-5.8702465375e-09,-5.9800506532e-07,-6.1643846838e-07,-1.0417371981e-08,4.6167707668e-06,-1.5109557421e-07,-3.9279983758e-07,0.23942344912,0.024154698524,0.086921210067,0.038952827898
e340_fix,ok,,3.2098922665,33146716.869,150972.46155,576022.46636,14942510.645,82974.267533,2812020.6988,-2.3829212309e-08,1.0433452507e-08,-7.8054836693e-08,-2.0360017487e-07,9.2752810466e-08,5.5141336527e-08,9.8543988938e-08,5.9622755134e-08,-2.1815792054e-09,-6.0665935892e-07,-6.4419920133e-07,1.8431544305e-08,4.5559092008e-06,-1.6868177234e-07,-4.3476264784e-07,0.23981916305,0.0082533943442,0.091588856736,0.014877428581
e341,ok,,3.2116194276,33164552.27,155917.55694,595648.03187,14933390.366,86190.452556,2814044.1533,-2.4589651321e-08,1.0895964122e-08,-9.3296130291e-08,-2.4402415481e-07,9.3787057857e-08,4.8949317856e-08,1.3609303671e-07,8.2297372099e-08,-3.1717832041e-09,-5.8436191349e-07,-6.0878088554e-07,1.09986235e-08,4.3859153185e-06,-1.6095899447e-07,-4.1498059947e-07,0.23901088097,0.012500282226,0.091112281921,0.0212192938
e342,ok,,3.2187550544,33238237.799,161001.76731,616122.29846,14946120.835,89700.206177,2829815.1461,-2.5451219434e-08,1.1286674388e-08,-1.072906547e-07,-2.8119246784e-07,9.4536333732e-08,4.2954320605e-08,1.7121771965e-07,1.0307348564e-07,-4.0511602248e-09,-5.645446137e-07,-5.7632418524e-07,4.217302887e-09,4.2142900502e-06,-1.5305922705e-07,-3.9491263414e-07,0.23898572088,0.016779026634,0.09089268053,0.027566355458
e343,ok,,3.2263050886,33316202.671,164970.55009,633592.62737,14959641.97,92759.73802,2846496.2268,-2.6442695927e-08,1.1524038838e-08,-1.2050225781e-07,-3.163575451e-07,9.5195738318e-08,3.7456935999e-08,2.056775416e-07,1.2278466276e-07,-4.8707134508e-09,-5.4822333021e-07,-5.4928596046e-07,-2.2822951172e-09,4.0752281684e-06,-1.4637528734e-07,-3.7831289999e-07,0.23902801796,0.020983969353,0.090440704358,0.03393073718
e344,ok,,3.2317418293,33372344.842,169619.26304,655497.08065,14952519.621,96413.923597,2856902.4035,-2.7484536693e-08,1.138509963e-08,-1.3113738987e-07,-3.4543478521e-07,9.5497364076e-08,3.1296328921e-08,2.3591268326e-07,1.3971336277e-07,-5.4664861443e-09,-5.2778518432e-07,-5.2246544614e-07,-8.5753137115e-09,3.9202353471e-06,-1.3661017966e-07,-3.563960006e-07,0.23858235588,0.025137422295,0.089522534008,0.040015335476
e360,ok,,3.1961116297,33004412.135,121174.20771,467993.89593,14960973.437,65505.985276,2788971.4667,-2.378128127e-08,7.7901889698e-09,-7.0659206592e-08,-1.8622375941e-07,8.924760859e-08,2.1218644278e-08,1.1282171524e-07,6.9076990426e-08,-1.069817392e-09,-7.0654621904e-07,-8.3536280921e-07,1.5825849778e-09,5.7741016886e-06,-8.476555384e-08,-2.2179002349e-07,0.24130947316,0.0086947681472,0.085615178303,0.013671081957
e361,ok,,3.1953498946,32996546.133,117282.43069,457218.14374,14955830.339,63639.474194,2787123.9441,-2.3943038493e-08,7.6852325365e-09,-7.6877235076e-08,-2.0285172691e-07,8.9909346114e-08,2.5604593041e-08,1.2690761364e-07,7.6308663472e-08,-1.382716513e-09,-6.712376324e-07,-8.3476815107e-07,5.6922905638e-10,5.9430055489e-06,-9.8747543324e-08,-2.5953619126e-07,0.2411803916,0.0089283551001,0.078724381102,0.014884033401
e374,ok,,3.1824582834,32863421.856,96965.248767,390093.86614,14915765.871,52601.684623,2757086.6232,-2.5394963985e-08,7.2514974912e-09,-1.1484351344e-07,-3.0597065069e-07,9.1264457457e-08,5.9740302901e-10,2.4341404818e-07,1.4397314942e-07,-1.6491950829e-09,-9.220055792e-07,-1.0852754719e-06,-2.9126551879e-08,7.1869889474e-06,-6.5862575724e-08,-1.8331526583e-07,0.24346570597,0.013748210223,0.089402500351,0.023602703735
e376,ok,,3.0793311608,31798487.195,831.83656209,448002.91757,14241642.414,19816.285481,2541752.5151,-1.2838290653e-07,-1.2441261735e-08,-1.2318343991e-06,-3.2566401893e-06,2.1753839094e-07,-5.1465841669e-06,0.00012490666819,1.5723387455e-06,-7.7014073131e-08,-5.0186695626e-05,-1.0839594572e-06,-3.4180828835e-07,1.89971538e-05,-7.7835640802e-07,-2.0177147519e-06,0.2210691148,0.055785400815,0.041747128352,0.10390193345
e377,ok,,2.5047367113,25864979.791,4265.6888084,283475.93766,10352968.418,21659.974539,2078456.8026,-1.1736598245e-07,1.6764495963e-08,-1.0700201636e-06,-2.8245209608e-06,1.5868561224e-07,-1.6009063062e-06,2.396632426e-05,1.4738395507e-06,-2.8779714429e-08,-1.3732200727e-05,-1.442663261e-06,-4.0381123887e-07,1.7438433198e-05,-4.9973820676e-07,-1.2851296674e-06,0.16614819689,0.056598523033,0.058577294957,0.10223288117
e377m,ok,,3.1920457513,32962426.14,1495.7204092,518034.20182,14490851.538,23468.803207,2727516.3476,-1.1330532939e-07,-2.4856191256e-08,-1.0449153277e-06,-2.7565137222e-06,2.0345626966e-07,-2.1326633639e-06,7.1471474941e-05,1.3448221059e-06,-7.1751323229e-08,-2.0580440022e-05,-7.7534744912e-07,-2.9990558266e-07,1.606265965e-05,-7.023566392e-07,-1.8157645475e-06,0.23352265665,0.054841424672,0.030782584172,0.10690134375
e379,ok,,3.1512546654,32541199.985,1465.4251024,356370.86939,14572227.843,16099.152769,2652464.5293,-1.3037376618e-07,-2.2498526396e-08,-1.3864121785e-06,-3.6605600947e-06,2.4834271488e-07,-2.1047778591e-06,6.3784391701e-05,1.7442301166e-06,-9.4669163342e-08,-2.3567616184e-05,-1.2009791315e-06,-3.5844785833e-07,2.342195314e-05,-1.0408853086e-06,-2.7159445418e-06,0.23290835853,0.048842267075,0.034536576361,0.093471248742
e385,ok,,3.158358703,32614559.309,54354.909318,319961.8589,14755639.476,36461.234193,2683495.7743,-4.6199577882e-08,1.8400402132e-08,-4.2201171296e-07,-1.1195847774e-06,9.4179901216e-08,-4.8830590049e-08,1.18559593e-06,5.6119426608e-07,-3.3064582055e-09,-9.3611058072e-07,-1.3193171492e-06,-1.3916691692e-07,1.0366717609e-05,-4.7714518637e-08,-1.3941971237e-07,0.23745212938,0.039615412938,0.050882205727,0.064442959261
e387,ok,,3.164411341,32677061.43,61290.432631,297240.29905,14834106.876,36345.083108,2709701.0617,-3.3450597531e-08,9.3146995067e-09,-2.838863063e-07,-7.5404171159e-07,9.6880180725e-08,8.4567016902e-09,6.9173928695e-07,3.6862080831e-07,-4.8678377792e-09,-5.6444181981e-07,-1.2274140541e-06,-8.472099604e-08,1.0397920659e-05,-1.0837600389e-07,-2.9896490224e-07,0.24028339294,0.024797780328,0.034594883331,0.042397000165
e393,ok,,3.1803189032,32841329.704,95566.922372,430265.27618,14779898.08,56367.37529,2739427.1406,-3.0125989164e-08,6.3736090345e-09,-1.8724208842e-07,-5.0300277209e-07,8.8366753855e-08,-2.2180455415e-08,4.5738930489e-07,2.5427227211e-07,-1.4073285551e-10,-4.7522075808e-07,-8.6384395461e-07,-6.7023219338e-08,6.6916207205e-06,5.733269311e-10,-2.5929343917e-08,0.2400598022,0.028002143122,0.045415385296,0.043711288194
e392,ok,,3.170468766,32739612.985,75599.239929,353020.7471,14813187.602,44544.754903,2720937.4503,-3.1657998369e-08,8.0198899888e-09,-2.3274216728e-07,-6.2066376666e-07,9.2226748613e-08,-7.9432741144e-09,5.6432418754e-07,3.07816353e-07,-2.3150371386e-09,-5.2471595727e-07,-1.0428091208e-06,-7.5064905792e-08,8.4785939076e-06,-4.8929987773e-08,-1.4808314565e-07,0.23979231917,0.026066719843,0.039668127549,0.042662479652
e395,ok,,3.2061828199,33108411.542,113338.208,516323.62609,14815853.657,69608.291642,2793319.3456,-3.1595956143e-08,5.3256775796e-09,-1.8360354005e-07,-4.94542925e-07,8.3695400874e-08,-4.0092687891e-08,4.9171922694e-07,2.6195901133e-07,2.0736933147e-09,-4.5086528841e-07,-7.3481046742e-07,-7.8348364616e-08,5.4160932489e-06,3.8741957078e-08,7.1387392541e-08,0.24064653294,0.035621000014,0.051100263836,0.055730576019
e396,ok,,3.2133864713,33182799.518,127829.388,572888.95376,14800610.449,78736.653779,2805904.7138,-3.1264165036e-08,5.0579997365e-09,-1.699791484e-07,-4.583615963e-07,8.4190555007e-08,-3.5936114034e-08,4.5311322915e-07,2.4114926422e-07,1.3784991428e-09,-4.3155903495e-07,-6.5512408125e-07,-7.1163853268e-08,4.7876856762e-06,2.6434079178e-08,3.9093901746e-08,0.24018720463,0.036829543107,0.055165927322,0.057921186776
e397,ok,,3.215310993,33202672.95,137380.24335,602316.29075,14789466.889,84000.921286,2809090.6321,-2.9955242214e-08,4.0856714947e-09,-1.5057260343e-07,-4.0742098432e-07,8.3329709702e-08,-3.8558252232e-08,4.0340753877e-07,2.1759187097e-07,1.9227487141e-09,-4.2937595447e-07,-6.2731016776e-07,-6.7013794147e-08,4.4864522678e-06,3.6460092794e-08,6.3879806822e-08,0.24021500908,0.035513776916,0.058987773116,0.055420225847
e398,ok,,3.220016353,33251262.505,144244.9429,634574.50495,14767988.912,88905.015978,2817592.7401,-2.9895886007e-08,2.9791391827e-09,-1.4716458797e-07,-3.9850010127e-07,8.4223052351e-08,-2.6958498811e-08,3.8836902427e-07,2.0834033873e-07,9.5592862153e-10,-3.2681523386e-07,-5.4996370928e-07,-6.1170673939e-08,4.2375326267e-06,1.9849097872e-08,1.9784683989e-08,0.2392804797,0.035849656631,0.047141444747,0.056020267731
e399,ok,,3.2240582753,33293001.119,156220.42927,673668.57267,14752558.958,95977.081242,2825216.3832,-2.8733340024e-08,1.8892997708e-09,-1.2951518923e-07,-3.5247238404e-07,8.3206849211e-08,-2.8108757394e-08,3.4258384132e-07,1.8609593604e-07,1.4643828831e-09,-2.9938222651e-07,-5.0852709179e-07,-5.6575789459e-08,3.9231942681e-06,2.9082986221e-08,4.1621997566e-08,0.23905149303,0.034784798095,0.046769619942,0.053518594754
e403,ok,,3.1988639886,33032834.166,168979.82872,657411.48415,14729193.135,95934.541756,2772136.1905,-2.4090285007e-08,2.439996312e-09,-5.8510148666e-08,-1.6458203853e-07,8.3587749625e-08,-4.8383912304e-08,1.4387255453e-07,9.2466831789e-08,2.3285081818e-09,-5.9650401136e-07,-6.4250173659e-07,-3.3955075581e-08,3.9269786017e-06,8.8510781818e-08,1.9601793055e-07,0.24021133081,0.020313693922,0.10079714567,0.024311559623
e407,ok,,3.1979425864,33023319.375,159386.95137,629248.92395,14811600.698,89777.906229,2772872.1734,-2.4796245589e-08,5.922971113e-09,-7.5149992971e-08,-2.0138963801e-07,8.3301239881e-08,-4.8822639913e-08,1.7970666642e-07,1.1163069081e-07,2.5320222641e-09,-6.5265808433e-07,-6.8718403308e-07,-3.6478973865e-08,4.212499207e-06,8.0889447459e-08,2.0241508979e-07,0.24105280433,0.02246851963,0.10402518235,0.028642897702
e417,ok,,3.2040321113,33086202.407,152833.04396,591391.82869,14805721.028,85994.881884,2791885.6499,-2.3828781376e-08,2.4245701996e-09,-5.5498208081e-08,-1.563697797e-07,8.3796173781e-08,-5.4147668303e-08,1.3892907974e-07,9.1200524913e-08,2.468686674e-09,-6.6798154083e-07,-7.2903637467e-07,-3.5700513395e-08,4.3823330801e-06,1.0553091998e-07,2.4215533538e-07,0.24293572571,0.018514210866,0.10208965219,0.021232954151
e420,ok,,3.3108932487,34189696.096,143324.97308,810052.82514,14647524.949,113508.43667,2992152.3492,-4.6921221841e-08,4.4377435949e-09,-2.4568271518e-07,-6.6352583362e-07,9.0704515473e-08,-1.1763633633e-08,8.2462115231e-07,3.2949949467e-07,-6.378150668e-09,-2.3356212394e-07,-3.7443946779e-07,-8.3810907989e-08,3.3045984997e-06,-4.5601544669e-08,-1.5875425601e-07,0.23553382282,0.071095477714,0.033475285126,0.11818880446
e421,ok,,3.2809888364,33880890.38,145011.69326,738981.93937,14763291.197,103359.78821,2939746.223,-4.0737898877e-08,2.2840990027e-09,-2.227785709e-07,-5.9821004474e-07,9.1947115135e-08,3.4913482345e-09,6.6018605882e-07,2.9617987887e-07,-6.5021502072e-09,-1.8237770674e-07,-3.7343179929e-07,-7.3395975912e-08,3.6409292598e-06,-6.1283763057e-08,-1.9021608841e-07,0.23561783221,0.057221387349,0.026446900067,0.095734698257
e422,ok,,3.2550819928,33613365.261,132463.38715,644545.73487,14783004.316,88320.04178,2894219.6224,-3.7532761247e-08,1.0504841415e-09,-2.1913947811e-07,-5.8866287627e-07,9.6826836159e-08,2.5567536234e-08,5.9333235643e-07,2.8487177033e-07,-8.4827951332e-09,-1.0898445791e-07,-3.9910967328e-07,-6.5726167803e-08,4.2585699914e-06,-9.9290431594e-08,-2.9099758697e-07,0.23625989981,0.045949962329,0.014436450442,0.078594813639
e426,ok,,3.1883922467,32924698.493,82042.38122,353709.81794,14946078.549,46269.731374,2774418.4901,-2.3220387539e-08,-1.5229828936e-09,-4.3056099087e-08,-1.1811950915e-07,8.5977984934e-08,2.3300998422e-09,9.683874765e-08,5.8769627794e-08,1.6680878724e-10,2.6059270127e-07,-6.347133547e-07,-1.5711651102e-08,8.1659866376e-06,-7.3517953426e-10,-1.9430945202e-08,0.23824407994,0.005251165453,-0.021379645741,0.0079448814515
e423,ok,,3.2872159534,33945194.246,121560.79053,706597.86999,14736862.897,94620.182447,2948688.8044,-4.8194437523e-08,9.1291584436e-09,-2.7471307111e-07,-7.3798070983e-07,8.9901986177e-08,-3.7625582458e-08,9.1793570824e-07,3.7110252683e-07,-5.013059674e-09,-4.4164993749e-07,-5.1083767817e-07,-9.6383032147e-08,3.9747790703e-06,-3.7577865328e-08,-1.3211388326e-07,0.23784783929,0.066865416253,0.05368731554,0.11158499035
e428,ok,,3.1937579592,32980107.128,84151.272104,364193.84272,14952778.051,47775.719941,2787108.1757,-2.302430561e-08,-2.3415846591e-09,-3.0080032626e-08,-8.4528082527e-08,8.5649394956e-08,-1.8674884485e-09,7.2117046626e-08,4.4712973556e-08,2.645662356e-10,3.0532914933e-07,-5.9473388932e-07,-1.4631250965e-08,7.9054691819e-06,1.0850132752e-08,8.2681912882e-09,0.23880715307,0.0041327239671,-0.025693836327,0.006068741214
e431,ok,,3.2208061677,33259418.469,181596.65851,711801.96729,14860657.6,104295.12712,2823153.3274,-2.7490681494e-08,1.0503748453e-08,-1.1646507208e-07,-3.0846913887e-07,8.7471699489e-08,-1.9799624576e-08,2.4959003031e-07,1.4638991516e-07,-1.2032332444e-09,-6.3052047287e-07,-5.868468586e-07,-2.9923380309e-08,3.6266510233e-06,-2.539626619e-08,-6.9526619045e-08,0.24061771096,0.03042870128,0.114500411,0.045324715502
e433,ok,,3.2135484103,33184471.769,166259.44851,647988.62118,14892148.222,94090.704941,2811790.9587,-2.7535350023e-08,1.2003880932e-08,-1.2192185111e-07,-3.2287395775e-07,8.7017531727e-08,-2.8729630305e-08,2.6160936985e-07,1.5545645958e-07,-5.8221498727e-10,-7.5047383006e-07,-6.8503763499e-07,-3.3532641222e-08,4.0202651055e-06,-1.2622664985e-08,-3.5699206536e-08,0.24162280406,0.029568181271,0.12477336511,0.043495029556
e432,ok,,3.2285420051,33339302.026,193283.69958,762962.75713,14836213.658,112613.12428,2836663.7431,-2.741488806e-08,8.9849599704e-09,-1.1304554888e-07,-2.995199964e-07,8.8051315223e-08,-8.3490763702e-09,2.3855520638e-07,1.3860360556e-07,-1.9117282643e-09,-5.0382584622e-07,-4.9628157825e-07,-2.5556489954e-08,3.3582402131e-06,-4.0531314173e-08,-1.0987094163e-07,0.23921966025,0.030774946136,0.097381323502,0.046108832844
e435,ok,,3.2302260088,33356691.766,194667.59537,774358.62158,14820789.9,114520.12315,2838036.5799,-2.7226910111e-08,7.9567992883e-09,-1.0700428226e-07,-2.8470776613e-07,8.4217618494e-08,-2.693995965e-08,2.444124489e-07,1.4113176405e-07,3.983315149e-10,-4.9073837293e-07,-5.0507118061e-07,-3.4125871795e-08,3.3026058151e-06,7.2183407142e-09,1.1633988024e-08,0.24008877377,0.032924705794,0.095530859012,0.047579183705
e471,ok,,3.1512253704,32540897.473,33948.815435,200835.45963,14855633.997,22147.548143,2680636.6227,-4.7616066846e-08,3.6544311131e-08,-5.5249596224e-07,-1.4645712245e-06,8.4211578599e-08,-1.4220256183e-07,1.5500117202e-06,7.5869137656e-07,3.9373687557e-09,-2.276501819e-06,-2.6098067492e-06,-2.061594817e-07,1.7071815163e-05,7.2649327167e-08,1.7826732828e-07,0.24123759861,0.033389637014,0.07728454009,0.05262106181
e473,ok,,3.2418161826,33476376.845,170957.25142,670127.62816,14904475.265,98862.953571,2887185.4512,-2.237279974e-08,-3.5071227334e-09,3.147055803e-09,3.8021384106e-13,8.1953323609e-08,-3.9129295843e-09,-6.8041817653e-09,1.9834884819e-09,4.6627214014e-10,-9.8416197847e-08,-3.3292301161e-07,-5.1293957354e-09,3.8066586077e-06,1.3300361484e-08,1.6275262868e-12,0.2366144436,4.8268707496e-10,0.016824962679,-0.0011632242128
e434,ok,,3.2074929169,33121940.162,146921.40191,589983.36985,14885087.61,83638.868117,2799233.4205,-2.8883763178e-08,1.265994507e-08,-1.4702519228e-07,-3.8939033316e-07,9.1593510184e-08,-1.3811822087e-08,3.1359361493e-07,1.8167432119e-07,-3.0817792204e-09,-7.7377266155e-07,-7.2626178541e-07,-3.4646697513e-08,4.5213401196e-06,-6.2739113103e-08,-1.6868989366e-07,0.24096022708,0.029174438964,0.1136837642,0.046073613536
e472,ok,,3.2147651897,33197036.753,104274.22206,415950.88349,15032673.108,57630.264686,2840411.0157,2.2666296708e-08,-2.4589928842e-09,2.2185756373e-09,1.2869250189e-15,8.4118007592e-08,2.1877406071e-09,4.7247456128e-09,1.4274168191e-09,-2.8569669099e-10,-3.3412447197e-08,5.5767752284e-07,-3.6445345965e-09,-6.5482226844e-06,9.2856988975e-09,-5.9062506648e-13,0.23892971538,-8.20682655e-09,0.0034840569385,0.00049266917319
e476,ok,,3.2243020765,33295518.714,209627.95742,799288.85642,14850803.307,118463.56798,2834107.7982,2.2659928964e-08,-1.1358356568e-09,1.0786351276e-09,-2.3030234745e-13,8.4337545475e-08,1.6825649781e-09,1.7263838772e-09,4.6049832243e-10,-2.0771563436e-10,-3.9077403909e-07,4.3706982845e-07,-1.5389199304e-09,-3.1914759965e-06,4.5125551167e-09,-5.5898141848e-13,0.23902169532,1.1454676102e-08,0.081917163628,0.0003618983259
e475,ok,,3.2303713865,33358192.999,173187.33944,647176.6626,14982429.816,96143.381355,2865428.5198,2.2535082559e-08,-2.5918994247e-09,2.3890391227e-09,-1.7426806843e-13,8.2832332923e-08,2.6748626494e-09,4.272686849e-09,1.2485035977e-09,-3.3201487903e-10,-3.2179616287e-07,4.444641429e-07,-3.6368354607e-09,-3.923201829e-06,1.006546003e-08,-7.2430006346e-13,0.23735012912,2.2645177909e-10,0.055731021291,0.00073997526765
e474,ok,,3.2208663388,33260039.821,142721.77134,555911.05113,14962761.199,79830.82729,2845343.7821,2.2595565045e-08,-2.7471931629e-09,2.5017126163e-09,-2.4032596697e-13,8.3438001838e-08,2.8289803289e-09,5.0482897289e-09,1.4794177036e-09,-3.3578443481e-10,-1.8681190409e-07,4.5811563862e-07,-3.9801152226e-09,-4.7237710041e-06,1.0537421974e-08,-7.2905190362e-13,0.23740979972,5.3679765493e-09,0.026662125859,0.00072050085234
e477,ok,,3.212735334,33176075.597,174061.77507,678219.98717,14868883.221,97735.059269,2813794.8822,2.2737058557e-08,-1.3630298175e-09,1.2881586967e-09,1.286575845e-14,8.5124717098e-08,1.9651423387e-09,2.1984120665e-09,5.9524116156e-10,-2.0483842051e-10,-3.7839978494e-07,4.9824812726e-07,-1.8830445412e-09,-3.8674819496e-06,5.3781130896e-09,-2.3065838414e-13,0.23952349332,-6.6571121815e-09,0.06586493825,0.00038265950663
e478,ok,,3.2283468276,33337286.539,162590.60064,653694.99543,14847480.099,94545.482854,2852598.0258,2.2501057825e-08,-3.3243160325e-09,3.0086090888e-09,-4.6592077915e-13,8.2995944511e-08,4.2941486503e-09,6.6409231356e-09,1.8516854813e-09,-3.7451098851e-10,-8.8618875261e-08,3.6230489506e-07,-4.8590535871e-09,-3.9827623605e-06,1.270945929e-08,-6.5342854804e-12,0.23675406746,-1.0221292167e-07,0.014408596157,0.0010797516814
e479,ok,,3.2355973701,33412158.735,177696.33267,711579.09049,14784705.456,104701.78625,2865069.3554,2.2395185376e-08,-3.97177481e-09,3.5848082932e-09,-3.3934605467e-13,8.2362964296e-08,5.2561966865e-09,7.984844932e-09,2.210642621e-09,-4.1429841564e-10,-8.7847833588e-08,3.2453466723e-07,-5.7942304348e-09,-3.5890465709e-06,1.5191333255e-08,-1.1646334708e-12,0.23597560503,6.7554604717e-09,0.015610237862,0.0014188776614
e49,ok,,3.2076602846,33123668.472,58203.797838,317141.35926,14994172.015,38542.935031,2805172.6443,-7.0082142013e-08,9.9498993952e-08,-6.1869535373e-07,-1.6326668413e-06,1.1528254216e-07,-2.5158208286e-07,1.5062406259e-06,7.3910924073e-07,-1.5187857099e-08,-3.4548031366e-06,-2.1848927754e-06,-1.2040054235e-07,9.8123662748e-06,-1.6674848858e-07,-4.2952986074e-07,0.24747552645,0.058847088212,0.20108266333,0.087668924884
e485,ok,,3.1921125592,32963116.026,128244.24006,496665.14058,14931815.225,69370.444936,2777112.7158,-2.3400630322e-08,4.8744882905e-09,-4.9199072245e-08,-1.3060258346e-07,8.8073443609e-08,1.1647752879e-08,8.1278109823e-08,5.0423004688e-08,-4.4371798927e-10,-6.5081785555e-07,-7.8222741458e-07,-1.2237048198e-09,5.4522932773e-06,-5.0500036614e-08,-1.3573044646e-07,0.2411525887,0.0067899608094,0.083463641304,0.010423449428
e502,ok,,3.2072233734,33119156.741,190756.55402,728379.66579,14799855.108,105930.56553,2793066.5833,-2.3384021946e-08,5.6632688842e-09,-4.2314930898e-08,-1.0933589957e-07,8.7884364978e-08,4.9679489372e-09,7.606403566e-08,4.5305804898e-08,-5.5820488762e-10,-6.9896964817e-07,-6.2461715514e-07,-2.9907604936e-09,3.5702550268e-06,-3.9678655671e-08,-9.4433827209e-08,0.24238647686,0.0091582705152,0.13333304145,0.014509713327
e521,ok,,3.1896171684,32937347.557,149236.92733,587154.62219,14834422.498,82401.166211,2761115.5611,2.2946954905e-08,-5.6917040825e-10,5.5005112167e-10,3.5859956911e-13,8.6807282699e-08,8.5955824164e-10,8.4704864009e-10,2.1927921834e-10,-8.1251438939e-11,-5.6066349002e-07,6.6276390614e-07,-7.6914203355e-10,-4.5901948301e-06,2.2920659217e-09,8.9685556104e-12,0.23968493908,1.4758280712e-07,0.083671696515,0.00012641093634
e520,ok,,3.1973208971,33016899.545,167290.17173,666795.07441,14783912.776,94372.433908,2771773.6258,2.2881969142e-08,-6.5561853649e-10,6.25656324e-10,6.6828163169e-12,8.6125483641e-08,1.041657588e-09,1.0463123145e-09,2.7110103576e-10,-1.1762774073e-10,-4.3649603344e-07,5.4764062545e-07,-8.9657403542e-10,-4.0077460832e-06,2.6241035856e-09,1.9459571549e-11,0.23872034403,-1.9227635055e-07,0.073021496396,0.00017503776679
e540,ok,,3.2198518184,33249563.451,220576.78792,828809.09601,14773093.971,123611.03897,2816592.6773,-2.3344508199e-08,6.6878460864e-09,-4.1033003231e-08,-1.0504678833e-07,8.6498384588e-08,-4.251419889e-09,7.4592669972e-08,4.5296409217e-08,-2.241607118e-10,-6.5155683692e-07,-5.5507826824e-07,-4.2634782175e-09,3.0581390267e-06,-1.4714833731e-08,-2.4508924026e-08,0.24273200575,0.012249685771,0.14371831423,0.016453411545
e541,ok,,3.2164327487,33214256.679,221574.31271,826440.58575,14777487.472,123335.82282,2808807.3164,-2.3415648088e-08,7.1257536842e-09,-4.2382182687e-08,-1.0846797515e-07,8.7098912449e-08,-2.7494583414e-09,7.579696693e-08,4.6129774793e-08,-4.2546625285e-10,-7.235964684e-07,-5.8902424022e-07,-3.7473045481e-09,3.0650490744e-06,-2.28546008e-08,-4.5464951355e-08,0.24292761694,0.012016175951,0.16033039017,0.016794660853
e542,ok,,3.2230503557,33282592.912,224035.47043,834670.43414,14811173.423,125323.06198,2825471.3303,-2.3384645242e-08,7.4042672356e-09,-4.5302539266e-08,-1.1625377013e-07,8.7096942461e-08,6.9318995459e-09,7.2963702684e-08,4.4401527175e-08,-6.3803412711e-10,-6.2831125725e-07,-5.3516352755e-07,9.0089048741e-10,3.0169658268e-06,-4.1675342509e-08,-9.5562211271e-08,0.24211914771,0.011671375444,0.1407640081,0.016346457455
e543,ok,,3.2250365254,33303102.946,226696.4441,852870.20031,14784226.258,127938.7685,2827503.1812,-2.3386389715e-08,6.8905609553e-09,-4.448102004e-08,-1.1428234802e-07,8.6462027247e-08,2.8056359942e-09,7.5975201711e-08,4.5917863729e-08,-4.5098159875e-10,-5.7391047036e-07,-5.0469984527e-07,-1.4367091977e-09,2.9552810949e-06,-3.0263922362e-08,-6.6161885061e-08,0.24171808876,0.012576022847,0.13010346286,0.017223308068
e544,ok,,3.2266530914,33319796.298,227139.51023,864403.78649,14771424.223,129109.60152,2829370.6026,-2.3434824418e-08,5.4734912844e-09,-4.3949356029e-08,-1.1532265709e-07,8.5879700262e-08,-2.7486625424e-09,8.0970270768e-08,4.9405353325e-08,-2.2643083061e-10,-5.1930579237e-07,-4.800672076e-07,-5.45595963e-09,2.9298994821e-06,-1.6162228289e-08,-3.9173988114e-08,0.24132869412,0.013669051391,0.11795486334,0.018391547645
e545,ok,,3.2266272579,33319529.53,217166.08708,840556.04609,14769792.689,124495.24242,2829729.943,-2.3493695567e-08,4.5658436553e-09,-4.5631320501e-08,-1.2098281017e-07,8.5335135223e-08,-6.4561592678e-09,8.9215447574e-08,5.4278783516e-08,2.3978201576e-11,-4.5282706964e-07,-4.6126871752e-07,-8.646932817e-09,3.038523249e-06,-5.0327970859e-09,-1.4779753728e-08,0.2408446075,0.014618679802,0.098338682839,0.019374569657
e546,ok,,3.2175692237,33225992.404,197579.90888,759726.60733,14808279.659,111444.46524,2815578.2103,-2.3436831775e-08,6.6672613031e-09,-4.7685298855e-08,-1.2345322603e-07,8.6601672982e-08,2.7901549093e-09,8.1632422481e-08,4.9566339017e-08,-3.2309587935e-10,-5.3788372845e-07,-5.3100545232e-07,-1.8813746086e-09,3.3933644392e-06,-2.752506137e-08,-6.1867245994e-08,0.24142514816,0.012094208441,0.10627501806,0.016128926596
e547,ok,,3.2275870177,33329440.419,223107.31786,851730.46628,14783872.503,127236.32059,2832656.6184,-2.3506059623e-08,6.5431669799e-09,-4.8841656399e-08,-1.2637422691e-07,8.6204105503e-08,4.6522543319e-09,8.5125541624e-08,5.1026140048e-08,-4.9498652814e-10,-4.8476015558e-07,-4.617546609e-07,-2.1846385253e-09,2.972192614e-06,-3.3639610543e-08,-7.7453969907e-08,0.24063396997,0.013709348168,0.10815353811,0.018992131273
e548,ok,,3.2293787323,33347942.428,215108.57188,835808.91527,14777797.262,124056.89754,2835740.2128,-2.3495027328e-08,6.647709026e-09,-5.1479436679e-08,-1.3347803506e-07,8.649239732e-08,1.2085592585e-08,8.4033335157e-08,5.0403648204e-08,-6.5526908981e-10,-4.1196140536e-07,-4.3326584686e-07,1.0754508935e-09,3.0485575773e-06,-4.7737646163e-08,-1.1530687247e-07,0.23980304862,0.013131391672,0.088616429578,0.018076290716
e549,ok,,3.2336831256,33392391.433,226693.47572,883190.95657,14752782.418,131721.39213,2842617.1459,-2.3652136038e-08,3.589016875e-09,-4.9138644486e-08,-1.3184426928e-07,8.4766398158e-08,-6.4358399562e-09,1.0021837362e-07,6.0450160023e-08,2.2220551133e-11,-3.7741916431e-07,-4.0915369975e-07,-1.1310813406e-08,2.8709365056e-06,-5.5568329012e-09,-2.2638449592e-08,0.23983857974,0.016651674966,0.085558462161,0.022718851446
e550,ok,,3.2353925244,33410043.41,218989.45019,871527.42121,14731094.875,128911.72515,2845096.7562,-2.3662971733e-08,3.5822753843e-09,-5.1860147e-08,-1.391764372e-07,8.5045357787e-08,9.5216807808e-10,9.9790882105e-08,6.0189864939e-08,-2.2394973905e-10,-3.0285693896e-07,-3.7903270129e-07,-8.3288136737e-09,2.9329225614e-06,-1.8954797108e-08,-5.8585552137e-08,0.2389573015,0.016137746171,0.066322474549,0.021853150406
e551,ok,,3.2380293025,33437271.906,219162.30547,868684.74451,14700720.999,130264.47899,2851444.2619,-2.3929663085e-08,2.7453877282e-10,-5.4110526134e-08,-1.511016665e-07,8.3550326765e-08,-1.5858296317e-08,1.2810639135e-07,7.6576174019e-08,6.4182617182e-10,-2.8255310138e-07,-3.7945001496e-07,-2.2464257375e-08,2.8929699192e-06,1.8156331075e-08,1.6752560315e-08,0.23917815662,0.020205230463,0.061924989117,0.028076092074
e552,ok,,3.2398578517,33456154.286,211922.86959,861487.65919,14662766.786,127845.55124,2853896.4789,-2.3973418181e-08,1.0664043753e-10,-5.7115793318e-08,-1.5925102937e-07,8.3895278318e-08,-7.9321994181e-09,1.2887648905e-07,7.6798835463e-08,2.7213168559e-10,-2.0070769984e-07,-3.4642657322e-07,-1.9681449589e-08,2.9460711803e-06,4.6817150776e-09,-1.9493805824e-08,0.23829421431,0.019765788189,0.042534551699,0.027311875384
e553,ok,,3.2397688478,33455235.193,213024.48535,850973.1392,14703761.181,127584.60737,2856429.946,-2.3986413595e-08,-3.6095572366e-10,-5.6134019336e-08,-1.5742607772e-07,8.2949380444e-08,-1.7714408311e-08,1.357039522e-07,8.075820197e-08,9.2398094515e-10,-2.3901708131e-07,-3.6801165557e-07,-2.4622395213e-08,2.9515107122e-06,2.591188334e-08,3.3806447814e-08,0.23887401724,0.021115862721,0.050916490736,0.028908264576
e554,ok,,3.2409294537,33467220.104,203803.5915,836455.8018,14670508.812,123835.18792,2858169.5881,-2.4008466433e-08,-5.7143066649e-10,-5.9033097381e-08,-1.6530449028e-07,8.3282205604e-08,-9.6547887391e-09,1.3579503859e-07,8.0692279943e-08,5.5774673398e-10,-1.5037751631e-07,-3.3558140869e-07,-2.1657287103e-08,3.0391704389e-06,1.3181305539e-08,-4.80518664e-10,0.23800655212,0.020456350086,0.030647477904,0.027675516571
e555,ok,,3.2225663687,33277595.055,167795.93703,682708.575,14767034.17,98826.974252,2829115.3912,-2.3739243738e-08,-6.5017248698e-10,-5.5445538785e-08,-1.5593338856e-07,8.3440676125e-08,-2.4138928108e-08,1.34062618e-07,8.2115669089e-08,1.3557694245e-09,-2.3138471435e-07,-4.5784795593e-07,-2.6667960983e-08,3.8110092437e-06,4.9246582763e-08,9.4384406482e-08,0.24015697575,0.017652134868,0.03882541496,0.022495162609
e556,ok,,3.2263781555,33316957.192,165339.10005,675051.98729,14702051.763,98976.06668,2837456.7445,-2.4231145508e-08,-1.5558532902e-09,-6.7635154758e-08,-1.9222918536e-07,8.2711148668e-08,-2.7518263922e-08,1.6891110623e-07,1.0147034984e-07,1.7973169835e-09,-1.9345525553e-07,-4.5395814907e-07,-3.3832587214e-08,3.7895826731e-06,5.6971255492e-08,1.022243418e-07,0.24018306364,0.021458480378,0.03198571785,0.027927610293
e557,ok,,3.2308565694,33363203.205,164710.08273,678497.07725,14710648.638,99715.063853,2846759.3157,-2.499434518e-08,-1.2125894263e-09,-8.1409985084e-08,-2.2909258827e-07,8.191483657e-08,-2.896594601e-08,2.0677673666e-07,1.2082871697e-07,2.1978287894e-09,-1.7467209133e-07,-4.5056114973e-07,-3.9415652666e-08,3.7609275772e-06,5.93669448e-08,1.0816809664e-07,0.24019802084,0.025437822377,0.028770254614,0.0340582134
e558,ok,,3.2383370636,33440449.979,165680.49043,688654.09385,14786317.05,100274.68925,2867039.2238,-2.5438452461e-08,-2.2673496721e-09,-8.869239018e-08,-2.4578343578e-07,8.2620469007e-08,-1.0795575263e-08,2.2405411384e-07,1.2690352153e-07,8.3033361746e-10,-8.0263890689e-08,-3.7908363284e-07,-3.8207938148e-08,3.7473127471e-06,2.0230515769e-08,1.283680993e-08,0.23778277584,0.02495197617,0.013298160773,0.037121395464
e559,ok,,3.2409508699,33467441.254,165549.31813,698064.02569,14775083.777,101723.59186,2869898.5906,-2.6385739953e-08,-2.3089796218e-09,-1.0114437802e-07,-2.7934663035e-07,8.1856114381e-08,-1.4591913975e-08,2.6327403682e-07,1.4582130225e-07,1.3607572434e-09,-7.5853518712e-08,-3.7749304932e-07,-4.4672790408e-08,3.6930188997e-06,2.9414599014e-08,3.5785772694e-08,0.2378339014,0.029282321518,0.012557498301,0.043584837278
e560,ok,,3.2472613531,33532605.998,165179.72306,708037.9221,14771963.126,103495.73407,2881668.2143,-2.7414235271e-08,-2.4214087852e-09,-1.128214006e-07,-3.1096535365e-07,8.0677698878e-08,-1.8040447553e-08,3.0392950688e-07,1.6397483046e-07,2.0136481325e-09,-6.6364698334e-08,-3.7487836543e-07,-5.1149260288e-08,3.628351774e-06,3.8540556591e-08,5.8341733075e-08,0.23788832173,0.033621257404,0.010962102492,0.050202991777
e561,ok,,3.2556738729,33619477.267,181707.04588,772647.97207,14741766.261,114793.84601,2895679.7198,-2.7699615306e-08,-1.8994396076e-09,-1.1137280985e-07,-3.06939668e-07,8.135394915e-08,-1.261717636e-08,2.9508693462e-07,1.5834555678e-07,1.1395687943e-09,-7.7384161135e-08,-3.3788047172e-07,-4.6969216738e-08,3.2703852456e-06,2.1694113883e-08,1.4424463679e-08,0.2370460167,0.035627396894,0.014061247318,0.053619375168
e562,ok,,3.2286970973,33340903.574,149251.03655,625886.30603,14791356.316,89938.564808,2847432.5444,-2.6160763977e-08,-1.5539999601e-09,-1.0326872734e-07,-2.853934487e-07,8.2146927684e-08,-2.1495367806e-08,2.6432721587e-07,1.5005409049e-07,1.8740009124e-09,-1.2202589737e-07,-4.5677826224e-07,-4.6780896947e-08,4.1769049692e-06,4.4572849685e-08,7.4734594728e-08,0.23935909076,0.027278007269,0.018212491668,0.039451110956
e58,ok,,3.1746920345,32783224.256,30030.486298,242827.05537,14841893.322,24362.858011,2727138.735,-6.4018325411e-08,6.4212115024e-08,-6.7860717304e-07,-1.8056275159e-06,7.5252808635e-08,-3.1630373952e-07,2.4302303032e-06,9.4476126556e-07,9.596087065e-09,-3.8607871148e-06,-2.8516863266e-06,-2.6613148415e-07,1.5486714457e-05,1.3144841387e-07,3.1899524601e-07,0.2434814057,0.045885292168,0.11594131455,0.072980997821
e580,ok,,3.223888335,33291246.242,176010.55294,715736.82522,14677237.162,105503.8411,2824627.328,-2.6439026685e-08,2.7636461321e-09,-1.0012900342e-07,-2.7730783149e-07,8.3199915858e-08,-2.7735590488e-08,2.3825036004e-07,1.3898508719e-07,1.5157523314e-09,-3.1956904957e-07,-4.8712417439e-07,-3.8853347081e-08,3.5597021677e-06,3.7038720623e-08,5.3909661617e-08,0.23945596561,0.030620018444,0.056247525117,0.041934577609
e583,ok,,3.2330729722,33386090.725,212002.82466,820599.41138,14827703.673,122888.73766,2844247.887,-2.7035407353e-08,9.496289906e-09,-1.0436484548e-07,-2.7590409393e-07,8.8529685714e-08,-8.3252243215e-09,2.1685387158e-07,1.2679130964e-07,-2.2168910962e-09,-5.5396042189e-07,-4.9103689245e-07,-2.2425131401e-08,3.0775675936e-06,-4.6241964285e-08,-1.2230948825e-07,0.23994590605,0.030306166356,0.11744117419,0.045973633315
e582,ok,,3.2169786343,33219893.726,176277.60565,689911.64781,14863434.31,100601.46954,2815431.4839,-2.7717825798e-08,1.1750100934e-08,-1.2166948897e-07,-3.2186902097e-07,8.8753272801e-08,-1.8589186129e-08,2.5618491896e-07,1.5071711246e-07,-1.7268412438e-09,-6.970437388e-07,-6.2626009179e-07,-2.9046407843e-08,3.7597964656e-06,-3.6214802086e-08,-9.6684952844e-08,0.24103994914,0.030038933212,0.12287320131,0.045159664118
e584,ok,,3.2357154075,33413377.64,220263.45214,840125.35507,14841195.805,126829.73627,2850715.6712,-2.6880297716e-08,9.9798264217e-09,-1.0165913354e-07,-2.6839960748e-07,8.8934060879e-08,-6.8359558653e-09,2.0665875364e-07,1.2177252404e-07,-2.4897635097e-09,-5.8369223257e-07,-4.9260810846e-07,-2.0112360213e-08,2.9818872174e-06,-5.2143815642e-08,-1.365051e-07,0.24019952528,0.029891879625,0.12856606613,0.045519370491
e587,ok,,3.2318700745,33373669.09,206889.78893,810460.57399,14812289.728,120954.09893,2840483.8689,-2.6681855706e-08,8.2282389931e-09,-9.8395441201e-08,-2.6124075315e-07,8.4355248055e-08,-2.5661802436e-08,2.1965653948e-07,1.2828411611e-07,3.0718040844e-10,-5.0562114491e-07,-4.9304814274e-07,-2.9887295123e-08,3.1273150738e-06,5.282271243e-09,9.3244340164e-09,0.24044630833,0.031869364444,0.10460785195,0.045444695091
e585,ok,,3.2151539386,33201051.14,169917.85207,673904.2736,14856095.458,97550.194083,2811152.8469,-2.7947529876e-08,1.1242117887e-08,-1.2559536254e-07,-3.32661313e-07,8.8401931697e-08,-1.993702971e-08,2.6974116097e-07,1.5755957984e-07,-1.4827487833e-09,-6.6582250463e-07,-6.2668436194e-07,-3.1962321731e-08,3.8773046598e-06,-3.0645994271e-08,-8.3613513138e-08,0.24086655256,0.030488645572,0.11313512985,0.045833838688
e59,ok,,3.1690201783,32724654.251,28764.489975,191521.62518,14903887.093,20346.997762,2723790.2316,-5.5376457465e-08,5.4758925981e-08,-6.6102695062e-07,-1.7571781382e-06,7.9016729685e-08,-2.313675828e-07,2.034745806e-06,9.1524616198e-07,7.2167854002e-09,-3.3694004976e-06,-3.1810986061e-06,-2.5418659105e-07,1.8554241867e-05,1.2195138241e-07,2.972771965e-07,0.24416725017,0.037231566198,0.096919086835,0.058528425338
e591,ok,,3.2654973716,33720918.906,157441.39585,706654.45594,14839306.038,103339.45035,2920761.5779,-3.2898048174e-08,7.1974171566e-10,-1.6879587002e-07,-4.5779249368e-07,8.1491107726e-08,-6.2637201246e-09,4.4891518134e-07,2.2765620869e-07,3.680268588e-10,-4.5859969329e-08,-3.6316109353e-07,-5.8856067835e-08,3.6382671142e-06,8.1370142598e-09,-1.5845198126e-08,0.23582601726,0.04692200554,0.0072202575847,0.070677832767
e598,ok,,3.187471363,32915189.055,84514.299861,414701.78197,14810338.11,52076.10181,2753666.6824,-3.3121098814e-08,2.4465289506e-09,-2.3944694782e-07,-6.3488256315e-07,1.0411126871e-07,6.6480367126e-08,5.7709054499e-07,2.9415112627e-07,-1.0076331534e-08,4.9176068313e-08,-5.994754493e-07,-5.4696629528e-08,7.2536132228e-06,-2.0376398047e-07,-5.4536397303e-07,0.23680064658,0.026358657351,-0.0041560809834,0.048772403367
e593,ok,,3.1853341064,32893118.832,77514.365751,408399.11491,14754016.121,49444.570912,2744772.0924,-3.3575216904e-08,-1.2945006184e-09,-2.5138633517e-07,-6.6662315802e-07,1.0692979682e-07,9.2395804499e-08,6.2551823295e-07,3.0751015827e-07,-1.1463128087e-08,4.2688740586e-07,-4.8329696092e-07,-5.611590299e-08,7.6375678243e-06,-2.365919706e-07,-6.3267775972e-07,0.23596669047,0.025604814958,-0.033089906512,0.048486649093
e603,ok,,3.2390500421,33447812.498,261874.99517,1005463.0168,14679764.141,153604.8527,2842486.505,-2.4455307226e-08,5.1528995895e-09,-6.0887064299e-08,-1.6239539992e-07,8.4842246494e-08,-6.0047329471e-09,1.2347830402e-07,7.4118495063e-08,-5.914809485e-10,-4.1137413396e-07,-3.7818703539e-07,-1.3231163638e-08,2.4618442932e-06,-1.8771325897e-08,-5.5518129663e-08,0.23720788402,0.022923609732,0.10772859934,0.03233588027
e604,ok,,3.2433615252,33492334.712,257371.00851,982003.23114,14740336.428,150705.07742,2857130.4332,-2.4713366065e-08,5.8143689789e-09,-6.5111070338e-08,-1.7249763973e-07,8.3905150204e-08,-1.4769534415e-08,1.3969166284e-07,8.2690911658e-08,1.5383857811e-12,-4.2745507215e-07,-3.9376928807e-07,-1.7579385505e-08,2.5100765045e-06,-2.5472876411e-09,-8.3000274708e-09,0.23911107984,0.025697218999,0.11001454301,0.035952584145
e61,ok,,3.179963199,32837656.55,29285.58749,249695.33392,14894449.084,24609.675358,2739746.9439,-6.7822783971e-08,6.1578872022e-08,-7.1258295582e-07,-1.8877784392e-06,8.1893098894e-08,-3.0269136513e-07,2.5952495245e-06,9.7007386046e-07,4.5888547075e-09,-3.7621084989e-06,-2.6398003442e-06,-2.5746547998e-07,1.5363916409e-05,6.0009464709e-08,1.4567549737e-07,0.2429053419,0.047329050487,0.11017555759,0.076003407008
e62,ok,,3.1660143276,32693614.554,28780.281409,200549.2966,14912811.194,20845.342594,2714894.3707,-5.7647681985e-08,5.0373544418e-08,-6.8031307548e-07,-1.8009769311e-06,8.6935156354e-08,-2.0659863113e-07,2.1176632186e-06,9.224558065e-07,1.780097712e-09,-3.22888367e-06,-2.8969403979e-06,-2.4210139107e-07,1.8143519491e-05,2.8952262852e-08,6.7494946758e-08,0.24289855039,0.037883804106,0.09292818066,0.06094694336
e625,ok,,3.2224695625,33276595.393,142434.32444,538597.14369,15042626.803,78299.200105,2849347.6331,-2.481179228e-08,1.0697591158e-08,-1.0195730197e-07,-2.6678117145e-07,9.3110038178e-08,4.7645011417e-08,1.6123635306e-07,9.5740633916e-08,-3.467106098e-09,-5.848646972e-07,-6.4929424625e-07,6.2175494692e-09,4.8286317242e-06,-1.6111356004e-07,-4.1486267315e-07,0.24032235182,0.01309648694,0.083304808037,0.022965591023
e63,ok,,3.16582206,32691629.117,15117.750157,154729.56111,14938647.0,13717.091041,2717954.2379,-7.5852946386e-08,8.920954874e-08,-1.0377614064e-06,-2.7473506464e-06,7.5879917999e-08,-4.3672841562e-07,4.0654655021e-06,1.4115627899e-06,9.0737804315e-09,-6.5516364444e-06,-4.6552722471e-06,-3.7374313238e-07,2.7567412745e-05,1.4410928657e-07,3.6849775724e-07,0.24397729852,0.038919894686,0.099046002888,0.061460691734
e635,ok,,3.2008512171,33053355.136,103245.91996,417859.68846,14962160.314,57026.046268,2799211.4237,-2.5408333904e-08,1.1984049597e-08,-1.3292210224e-07,-3.5033585911e-07,9.9084341271e-08,7.5877583537e-08,2.087934256e-07,1.2091323717e-07,-4.8206341931e-09,-4.9312696786e-07,-7.8774469858e-07,1.2009530306e-08,6.6269600789e-06,-2.4255513497e-07,-6.3715776642e-07,0.24135169317,0.011224001483,0.050913347454,0.021557069308
e636,ok,,3.2034027041,33079702.88,107224.46036,436229.25178,14950144.088,59692.384021,2803360.6429,-2.6273207922e-08,1.074774595e-08,-1.4329271047e-07,-3.7878651012e-07,9.8940951019e-08,6.381512913e-08,2.4779070913e-07,1.4351245579e-07,-5.5070043501e-09,-4.861337697e-07,-7.4700811629e-07,-2.1785855759e-10,6.3299563573e-06,-2.1478003164e-07,-5.6776085083e-07,0.24105325079,0.014458122698,0.052125431117,0.026569225068
e637,ok,,3.2075386491,33122412.412,110694.11213,453398.86499,14952780.686,62289.531355,2811175.7319,-2.7364696061e-08,1.0269771365e-08,-1.5673302035e-07,-4.1444474406e-07,9.8978316311e-08,5.4108367732e-08,2.909505442e-07,1.6738756047e-07,-6.204502274e-09,-4.8519089549e-07,-7.1028321297e-07,-1.0652111135e-08,6.0664959938e-06,-1.9490892052e-07,-5.157207936e-07,0.24052453945,0.018108087782,0.053707775391,0.032206512164
e638,ok,,3.2134733397,33183696.558,115038.50624,474719.68134,14958957.479,65590.148284,2823006.01,-3.020759183e-08,1.3049055813e-08,-1.9472842879e-07,-5.1441034239e-07,1.0395099693e-07,5.5076097564e-08,3.6754317391e-07,2.1055818158e-07,-8.922955164e-09,-4.8227733094e-07,-6.7054841243e-07,-1.5826932492e-08,5.7603405588e-06,-2.1098338217e-07,-5.564767264e-07,0.24004967502,0.025012746203,0.055480463745,0.042281617706
e639,ok,,3.2169667297,33219770.794,118418.24216,494320.6594,14952279.792,68498.506647,2828158.2761,-3.1454751878e-08,1.2493314614e-08,-2.0287046515e-07,-5.3614443092e-07,1.0340932327e-07,4.4710767547e-08,4.0239519482e-07,2.2737328346e-07,-9.1717371465e-09,-4.8990699201e-07,-6.4355551687e-07,-2.4499436509e-08,5.5161926795e-06,-1.9032809412e-07,-5.0264700339e-07,0.23989506904,0.028500036709,0.058013924818,0.047650931626
e64,ok,,3.169634457,32730997.555,58174.879284,262131.33156,14916945.757,33005.34944,2729577.2181,-3.1450683656e-08,1.2722259589e-08,-2.6557009367e-07,-7.0698672917e-07,8.791912824e-08,-4.3142056283e-08,6.3191051177e-07,3.6135657623e-07,7.389274349e-10,-9.5837605087e-07,-1.5668221554e-06,-9.5773292546e-08,1.1449530608e-05,2.0892353646e-08,3.7844554591e-08,0.24239209968,0.023637146742,0.055753411067,0.03676131774
e642,ok,,3.2100897403,33148756.067,182860.1602,706632.31102,14824948.072,102459.73009,2800116.1721,-2.5252943551e-08,7.8603661309e-09,-8.5647549201e-08,-2.2730752918e-07,8.9543068386e-08,3.1909659502e-10,1.6938748223e-07,1.0128935487e-07,-1.8974148522e-09,-6.6343741293e-07,-6.0792428769e-07,-1.5640307082e-08,3.6903558795e-06,-5.6995945764e-08,-1.5424437941e-07,0.24060703019,0.019492408404,0.12131627161,0.030974222137
e654,ok,,3.2387755293,33444977.763,219871.50665,874210.96806,14763417.562,131441.28917,2848551.1539,-2.7281599547e-08,6.4708187792e-09,-1.0112547334e-07,-2.6995138539e-07,8.5174684986e-08,-1.7561648412e-08,2.3122784328e-07,1.3185949559e-07,-7.8071062895e-10,-4.2152975524e-07,-4.2477534081e-07,-3.07327314e-08,2.8761114893e-06,-1.3896380796e-08,-4.7111013281e-08,0.23785297347,0.034011260763,0.092682382379,0.05084041428
e655,ok,,3.2348486278,33404426.902,226764.44999,883593.42563,14772086.025,132982.88673,2842807.3562,-2.5789024609e-08,5.5221429798e-09,-8.28215536e-08,-2.2111591408e-07,8.525112744e-08,-1.3459346273e-08,1.8370996502e-07,1.0723326994e-07,-6.8064991978e-10,-4.3518176211e-07,-4.2735372644e-07,-2.4410624693e-08,2.8431749751e-06,-1.5399481388e-08,-4.944020882e-08,0.23820875009,0.027839743623,0.098683752931,0.041658889176
e656,ok,,3.2296681877,33350931.466,202904.67542,808065.18809,14787756.092,119654.93225,2832749.2314,-2.7757986892e-08,7.8262567248e-09,-1.1081072835e-07,-2.9517898017e-07,8.7349515763e-08,-1.6085165108e-08,2.4941043839e-07,1.4258346857e-07,-1.6685650949e-09,-5.0781813051e-07,-4.863983313e-07,-3.1771168093e-08,3.1593574546e-06,-2.9621667518e-08,-8.7093946175e-08,0.23869732163,0.032835827261,0.10303867294,0.050606544048
e657,ok,,3.224437176,33296913.81,194138.38371,767631.11523,14818102.966,113170.98603,2824858.5782,-2.7758015344e-08,8.7385366743e-09,-1.1298754328e-07,-3.0090834652e-07,8.6938850329e-08,-2.2730379357e-08,2.5534209778e-07,1.4722524455e-07,-1.1669868035e-09,-5.8011674643e-07,-5.4078099359e-07,-3.4236083797e-08,3.3408603321e-06,-2.0407228808e-08,-6.2676230288e-08,0.23954775648,0.032356646692,0.11262292751,0.049571702156
e66,ok,,3.1886383904,32927240.277,83845.794109,366279.25582,14926634.391,48240.842724,2768797.364,-3.0671594749e-08,9.8726168505e-09,-2.0893333791e-07,-5.5846246694e-07,8.5178726991e-08,-4.9797555848e-08,5.1442988341e-07,2.9234705601e-07,1.8600149265e-09,-7.9355727231e-07,-1.1245354015e-06,-8.3405319162e-08,7.8294384997e-06,4.2671082722e-08,9.1136085131e-08,0.24263614014,0.028007996326,0.066536439668,0.043132782088
e662,ok,,3.2202526892,33253703.014,187958.55409,723558.00354,14860561.378,107054.18577,2821642.3106,-2.687885459e-08,9.7974124579e-09,-1.0477857379e-07,-2.7955087428e-07,8.5854768806e-08,-3.2336443662e-08,2.331814341e-07,1.3863214651e-07,-8.2097038977e-11,-7.0691166018e-07,-6.2708067029e-07,-3.3851674045e-08,3.5320797727e-06,4.9638005803e-10,-8.8318856396e-09,0.24150542738,0.029698777779,0.13287009352,0.043828445195
e664,ok,,3.2234737793,33286965.364,223028.04187,837783.47351,14808711.125,125667.21124,2824296.1662,-2.4359672975e-08,6.8325988327e-09,-6.2669981057e-08,-1.6610749593e-07,8.6265236348e-08,-1.1410175432e-08,1.2656325055e-07,7.7089642881e-08,-5.3115320051e-10,-6.2309621043e-07,-5.3436477391e-07,-1.4419164257e-08,3.0100070457e-06,-1.6441987955e-08,-4.5263470944e-08,0.24096181317,0.019504303126,0.13896792771,0.028227153943
e664ex,ok,,3.2446151983,33505280.676,125626.15462,585522.2773,14800105.62,81964.036884,2874430.6211,-2.5662355579e-08,-4.1459345568e-09,-8.5700345517e-08,-2.3102269239e-07,9.887672756e-08,7.7141316625e-08,3.0658265451e-07,1.1263254682e-07,-1.0215453246e-08,-3.2030605223e-07,-6.6298374727e-07,-2.6926807869e-08,4.5851448375e-06,-2.5091149391e-07,-6.8059563719e-07,0.24625677277,0.0052150349915,0.040238817642,0.038514799958
e668,ok,,3.2091957804,33139524.656,160316.78906,634338.12873,14870419.932,91212.642093,2800734.6215,-2.7359847176e-08,9.6307214087e-09,-1.1851560946e-07,-3.1585191537e-07,8.6466937788e-08,-3.2213335382e-08,2.6873953334e-07,1.580427463e-07,-1.0834265303e-10,-7.1733672513e-07,-6.9363992858e-07,-3.9525044938e-08,4.1455787532e-06,-5.3962056955e-10,-1.1483423258e-08,0.24124409386,0.028557032981,0.11500112045,0.043083459077
e67,ok,,3.1962412188,33005750.327,108953.27335,451378.3108,14912810.451,61789.940064,2783644.2986,-2.7896047454e-08,6.583226324e-09,-1.4801092326e-07,-3.9751660043e-07,8.5371256645e-08,-3.9636378807e-08,3.5902771969e-07,2.0906509953e-07,1.3362963965e-09,-6.8165825563e-07,-8.9316063543e-07,-6.1048997261e-08,6.1112971051e-06,3.390668563e-08,6.6823213891e-08,0.24220799447,0.025563050018,0.074268898255,0.039117245282
e678,ok,,3.228340238,33337218.493,183084.5758,719400.23943,14869700.517,106988.59804,2838044.8709,-2.8876986245e-08,1.014118073e-08,-1.2623963358e-07,-3.3907180393e-07,8.2718010202e-08,-4.9413874976e-08,3.0187290983e-07,1.7518681868e-07,1.8004688439e-09,-6.5106411341e-07,-6.1271909489e-07,-4.8944861979e-08,3.5311261509e-06,3.2778667721e-08,6.6324589905e-08,0.24157360383,0.037993005272,0.11919979702,0.055268273642
e68,ok,,3.2050967946,33097196.781,137143.64128,547179.12961,14898082.823,77310.953951,2800655.788,-2.6151610446e-08,4.4565261451e-09,-1.0759195767e-07,-2.9061399621e-07,8.5384463406e-08,-3.1100198766e-08,2.5808696e-07,1.5278578832e-07,8.5663103324e-10,-6.0289093622e-07,-7.2637108938e-07,-4.5190365362e-08,4.8836298672e-06,2.4161617397e-08,4.0620808366e-08,0.24168609573,0.023226879953,0.082682658291,0.035394985462
e682,ok,,3.2099043036,33146841.169,196209.36103,746005.04787,14821745.224,109333.26989,2797487.3926,-2.5074596336e-08,8.2271853807e-09,-7.8489484664e-08,-2.0815241926e-07,8.8420430387e-08,-1.0416745893e-08,1.5952164372e-07,9.6263242068e-08,-1.2708858903e-09,-7.4200372501e-07,-6.2795740905e-07,-1.7772708227e-08,3.4591732491e-06,-3.5756718464e-08,-9.7203252944e-08,0.24113749983,0.020197658213,0.14558807677,0.031299639785
e694,ok,,3.22659974,33319245.366,200732.90496,766152.20276,14865553.543,115451.58538,2831880.425,-2.7749778255e-08,1.0831748778e-08,-1.0897214641e-07,-2.9228433718e-07,8.232525723e-08,-5.5628262267e-08,2.5886615519e-07,1.5392170627e-07,2.2038093796e-09,-7.3356107208e-07,-6.2611476488e-07,-4.4948166452e-08,3.2742155983e-06,4.2131857762e-08,9.4740716044e-08,0.24215971379,0.036397965081,0.14724984496,0.051962955328
e71,ok,,3.1371544283,32395594.922,22060.738954,155381.47452,14825427.54,15585.665877,2648864.4659,-5.6522407058e-08,4.9418529958e-08,-7.699971328e-07,-2.039682152e-06,7.78126625e-08,-2.0036447826e-07,2.3367086324e-06,1.0578723967e-06,8.5310938846e-09,-3.0543648927e-06,-3.5855871609e-06,-2.8782321645e-07,2.4260919284e-05,1.5840981048e-07,4.0478808966e-07,0.24019288752,0.033306489051,0.067381546569,0.051549519151
e715,ok,,3.2047421089,33093534.164,138661.02207,616152.72579,14625465.291,84040.393074,2783469.2022,-2.510380737e-08,-1.9120602179e-09,-8.6635224315e-08,-2.3907698693e-07,8.8090030329e-08,8.7947581607e-09,2.1454018888e-07,1.1813419054e-07,-1.2002497205e-09,-5.0284282879e-08,-4.4924380824e-07,-3.149523351e-08,4.4731814202e-06,-3.4281444349e-08,-1.2750833233e-07,0.23803584409,0.017543444944,0.0069724700583,0.029748361866
e748,ok,,3.2662370399,33728557.035,225159.21146,930002.10847,14495613.237,145248.75333,2903451.0971,-2.5297220667e-08,-3.7195160984e-09,-7.5467722093e-08,-2.167851532e-07,7.9484039175e-08,-1.7029227258e-08,1.994471741e-07,1.1102063523e-07,1.8756290588e-09,-4.5258516843e-08,-2.5983177154e-07,-3.5550107366e-08,2.5667739248e-06,3.8368120263e-08,4.1652821597e-08,0.23457716309,0.032908237884,0.010190371964,0.044907368447
e793,ok,,3.2346486982,33402362.344,161244.27053,676332.73359,14792179.356,97797.553805,2857525.565,-2.6922698879e-08,-3.1909977151e-10,-1.112707938e-07,-3.047056933e-07,8.4038712079e-08,-5.7726830018e-09,2.707102411e-07,1.5153352375e-07,1.5598652162e-11,-1.1092211493e-07,-4.0018011273e-07,-4.0258785939e-08,3.8452060535e-06,1.9039847742e-09,-3.2073120847e-08,0.23740920728,0.02905509244,0.017885555508,0.043650475352
e817,ok,,3.1739268419,32775322.553,95436.48686,392284.70247,14826685.53,53133.565715,2731172.4386,-2.4325644249e-08,-6.0636482254e-10,-7.5903099327e-08,-2.0976074579e-07,8.4512586885e-08,-7.7827305988e-08,2.3188885877e-07,1.4401795601e-07,4.0750260717e-09,-8.7897525332e-07,-1.1175006968e-06,-6.8109223639e-08,7.0978135791e-06,1.6216838119e-07,3.9443341164e-07,0.24272149664,0.016239487022,0.083886310214,0.022130658023
e818,ok,,3.1584701747,32615710.413,69767.843827,297063.82028,14819660.35,38674.695428,2698687.464,-2.5040169522e-08,1.3671756166e-09,-1.0773179782e-07,-2.9321288393e-07,8.4305065531e-08,-9.8130321114e-08,3.2007084585e-07,1.9770808683e-07,5.2253856902e-09,-1.2041427973e-06,-1.5595835846e-06,-8.9968009302e-08,9.7575988484e-06,2.0690565505e-07,5.1578452344e-07,0.24320563947,0.016197880484,0.084010446626,0.022330652787
e837,ok,,3.2063844871,33110494.042,186019.19538,729718.88761,14702537.196,105525.64576,2789712.8959,2.2732331282e-08,-2.8739123685e-09,2.7728792947e-09,-2.412520355e-13,8.616962155e-08,4.6610599388e-09,4.2084181494e-09,1.0996294867e-09,-1.432261883e-10,-4.6418582863e-07,5.1805874084e-07,-3.8718620225e-09,-3.5718217752e-06,1.1534859328e-08,-6.5369702614e-13,0.24038850447,8.8758449026e-09,0.086347474347,0.00078284655795
e836,ok,,3.1812289902,32850727.65,128942.86631,500998.52638,14838925.015,69556.707628,2747412.6853,2.3000982999e-08,-1.4725287696e-09,1.4649777263e-09,-1.1658463102e-14,8.8463881908e-08,2.2889855339e-09,1.7346174092e-09,4.4755007375e-10,-2.950853181e-11,-9.0942507557e-07,9.1708829762e-07,-1.9120267287e-09,-5.4333794327e-06,6.027595512e-09,-1.571443623e-13,0.24304679135,-1.8456851455e-09,0.11726387594,0.00022366654069
e838,ok,,3.2223214721,33275066.15,237159.90174,915301.0165,14615763.365,136729.30122,2812247.7097,-2.2621897925e-08,-2.8410748053e-09,2.7662380308e-09,-9.2129684212e-13,8.5466395686e-08,-4.9211965298e-09,-3.7651734635e-09,9.6163981889e-10,1.3006284143e-10,-4.5164081747e-07,-4.3244327678e-07,-3.7274647176e-09,2.7565502255e-06,1.1510841291e-08,8.4136357729e-13,0.24035267552,1.5361821786e-07,0.10711109189,-0.00089294816864
e850,ok,,3.1570278034,32600815.87,51827.334385,211757.66993,14898466.715,27469.512453,2704343.9419,-2.4298933131e-08,4.7276853626e-09,-9.9435058347e-08,-2.6812432379e-07,8.7260884896e-08,-8.9547926913e-08,2.6639744901e-07,1.7379781293e-07,2.8372860432e-09,-1.9710169019e-06,-2.3109131585e-06,-7.4354278001e-08,1.3757952207e-05,1.8329909192e-07,4.6430245612e-07,0.24519270589,0.010494196849,0.10215255206,0.013806669669
e851,ok,,3.164442517,32677383.367,65163.397453,269605.57182,14889897.753,35305.26403,2718062.0419,-2.5328915377e-08,6.7217737353e-09,-1.2581252696e-07,-3.3824062893e-07,8.6239724371e-08,-7.6147131178e-08,3.2111334305e-07,1.9958944921e-07,2.9368526747e-09,-1.5005739552e-06,-1.7773217119e-06,-7.3769739425e-08,1.0702258018e-05,1.2907589256e-07,3.198678787e-07,0.2447569694,0.014707620669,0.097782497051,0.0209248364
e852,ok,,3.1718094304,32753457.257,78267.622366,328939.54051,14849624.536,43511.785769,2730909.442,-2.6235837136e-08,6.4593722615e-09,-1.381214683e-07,-3.7302978616e-07,8.6087902749e-08,-5.996000117e-08,3.4509595244e-07,2.0743091005e-07,2.4761558045e-09,-1.0684364715e-06,-1.3701999218e-06,-6.9302749698e-08,8.6725586247e-06,8.7234452983e-08,2.0231960671e-07,0.24404775224,0.018381062312,0.083623982274,0.027009839685
e853,ok,,3.1832350906,32871443.5,97725.470581,414824.81309,14809914.45,55739.034399,2751600.9769,-2.625682283e-08,3.6771850341e-09,-1.2476160447e-07,-3.3886564037e-07,8.5980433339e-08,-4.1776852537e-08,3.1390041411e-07,1.840400968e-07,1.8534696968e-09,-6.5535054374e-07,-9.7957527365e-07,-5.9272148876e-08,6.7634673904e-06,5.8845697907e-08,1.2341186069e-07,0.24298642306,0.020560505734,0.064044440283,0.030676065685
e854,ok,,3.2022224695,33067515.273,125990.52599,523205.88449,14804655.884,72732.755752,2791292.7203,-2.6165074493e-08,2.7617486897e-09,-1.1163465131e-07,-3.0471130438e-07,8.5682804284e-08,-2.7508766798e-08,2.7089299666e-07,1.5848615252e-07,1.0927704748e-09,-4.4390718518e-07,-7.0688396842e-07,-4.6847178268e-08,5.179018468e-06,3.231530401e-08,5.1313983729e-08,0.24233675316,0.023067273825,0.055928099751,0.034129951136
e855,ok,,3.2272419923,33325877.538,168877.86737,683293.36206,14774301.244,99562.695604,2840655.9706,-2.6146355129e-08,1.8524603333e-09,-9.8539557087e-08,-2.7093380071e-07,8.4480550223e-08,-1.9973317571e-08,2.3601468268e-07,1.3715377019e-07,6.7625215267e-10,-3.2033868281e-07,-4.9759782879e-07,-3.861150674e-08,3.7786564325e-06,1.8049327815e-08,1.0560368269e-08,0.24078910756,0.0272281009,0.054098113588,0.039857656278
e856,ok,,3.2553159185,33615780.877,219101.37289,863646.83088,14725967.305,132476.4833,2894606.9456,-2.5940968705e-08,7.2235458307e-10,-8.5909531018e-08,-2.3835142865e-07,8.3002922298e-08,-1.4155523619e-08,2.0496042416e-07,1.1827731808e-07,3.5768958371e-10,-2.3720068152e-07,-3.5627859466e-07,-3.2365687118e-08,2.8354641888e-06,8.9278239568e-09,-1.6637276232e-08,0.23873896537,0.031049925026,0.051970994972,0.044907110322
e857,ok,,3.2856634639,33929162.58,268516.62066,1029805.4958,14691029.291,166367.03234,2955143.995,-2.5717017658e-08,-1.5213753862e-10,-7.7079439221e-08,-2.1574609821e-07,8.1038140642e-08,-1.054279031e-08,1.8322603833e-07,1.0525771379e-07,2.3104038515e-10,-1.8501481401e-07,-2.6874116433e-07,-2.8176533628e-08,2.2540320568e-06,4.8162502061e-09,-3.0350428131e-08,0.23625366213,0.034701057492,0.04967955263,0.04919923663
e858,ok,,3.3186306578,34269595.885,322675.50637,1203051.9179,14597991.752,205844.76491,3020561.5592,-2.5053260332e-08,-1.6160016086e-09,-6.5673267231e-08,-1.8770930823e-07,7.8846389095e-08,-6.7311199879e-09,1.5522918503e-07,8.9624877851e-08,1.9787568683e-10,-1.377704656e-07,-1.998855679e-07,-2.3950386012e-08,1.8139119081e-06,2.8018591399e-09,-4.3283214765e-08,0.23308843688,0.036565363453,0.044455154752,0.050088655884
e862,ok,,3.4445755296,35570156.358,608351.3159,2031595.9799,14151121.284,420735.61633,3260427.8673,2.0407603431e-08,-6.9990364185e-09,6.055192819e-09,-6.041536998e-13,6.9434603259e-08,1.0320865926e-08,1.2134197432e-08,3.2045574244e-09,-1.2770307274e-09,-1.3995572276e-07,9.322950095e-08,-9.2593656135e-09,-8.7489095366e-07,2.6746682914e-08,-1.4149680367e-12,0.22638651542,1.1941487253e-07,0.085142248112,0.0073818549754
e863,ok,,3.4898410283,36037587.209,737286.04874,2372711.3715,13996618.925,524284.78196,3338109.6722,2.0036059049e-08,-7.218720226e-09,6.2226340919e-09,-6.5725066242e-13,6.7253698646e-08,1.0787963907e-08,1.1741741911e-08,3.0617841457e-09,-1.4254567089e-09,-1.4107826927e-07,7.9769275004e-08,-9.2842114943e-09,-6.9961432604e-07,2.771712616e-08,-1.3110658937e-12,0.22450022194,1.9027137699e-07,0.10401503972,0.0086570224988
e864,ok,,3.5341613148,36495257.393,864911.56901,2694291.4783,13866305.056,631239.40613,3414989.9087,1.9697569001e-08,-7.3450651651e-09,6.322123813e-09,-5.9759692097e-11,6.5268110365e-08,1.1093241117e-08,1.1295445968e-08,2.8939255269e-09,-1.5545079865e-09,-1.3856709864e-07,6.9686497051e-08,-9.2159474212e-09,-5.7944851982e-07,2.8318775793e-08,-1.4356215475e-10,0.22288991751,1.7523922716e-05,0.1198482867,0.0097695618948
e874,ok,,3.1639876414,32672686.127,47699.026737,199128.45851,14941361.029,25190.833514,2724365.0353,-2.3894817575e-08,7.0484429833e-10,-8.9894463427e-08,-2.4098205757e-07,9.0639159387e-08,5.0958408896e-09,2.0949193037e-07,1.2346557627e-07,-3.8996283902e-10,-7.6942063287e-07,-1.828320388e-06,-3.356421981e-08,1.5006406473e-05,-4.0466892473e-08,-1.2004316536e-07,0.24494655993,0.0053298727773,0.03670061534,0.0099925611878
e904,ok,,3.1620571006,32652750.54,75626.619824,291910.34392,14916348.556,39081.181972,2714262.5216,-2.4291984092e-08,9.7539492095e-09,-8.8687235817e-08,-2.3522718861e-07,9.0528232462e-08,-3.3553350663e-08,1.9462471914e-07,1.2175549782e-07,-4.6902046956e-11,-2.2799384461e-06,-1.9797406745e-06,-3.3065269846e-08,9.6793615372e-06,-1.3298187755e-09,-6.6883176688e-09,0.24555048393,0.0091287734032,0.17242403808,0.014718809643
ea61009,ok,,3.1526837417,32555957.238,62598.685203,263002.89202,14850262.35,33764.935891,2690517.3024,2.3212166646e-08,-1.0572208742e-09,1.0137199694e-09,-3.2573841796e-13,8.9288553075e-08,1.4683147683e-09,1.869700749e-09,4.8697821414e-10,-6.7133190578e-11,-6.7063000334e-07,1.3974019154e-06,-1.5000448477e-09,-1.1199100554e-05,4.2196966245e-09,-1.2222190429e-12,0.24023239695,1.0845907775e-09,0.041980556467,0.00011704080861
ea61012,ok,,3.1953824074,32996881.874,111784.2313,445993.45916,14927565.165,61710.375976,2785801.5115,2.2891157101e-08,-1.1712748877e-09,1.1111810993e-09,-3.5265342652e-13,8.6395691529e-08,1.6652150594e-09,1.9956052554e-09,5.1879209152e-10,-9.8959742997e-11,-4.8594597002e-07,7.8586203748e-07,-1.6293930767e-09,-6.1266493358e-06,4.6167469222e-09,-1.2816670528e-12,0.24068124804,2.726376794e-09,0.054321096714,0.00022307719946
e908,ok,,3.1668438928,32702180.998,71422.011981,289461.92267,14918465.522,38326.166382,2722766.6036,-2.6821565762e-08,1.4808717145e-08,-1.561842486e-07,-4.1596330027e-07,8.5383159806e-08,-1.0480861295e-07,3.9752543549e-07,2.4447048639e-07,3.7162017269e-09,-2.1863230021e-06,-1.9762085272e-06,-8.8279120237e-08,9.8674317781e-06,1.2213244184e-07,3.1056217665e-07,0.24592560962,0.018872159243,0.15615158765,0.028392066416
ebambino7,ok,,3.1805932566,32844162.794,33991.695305,134184.7465,15069711.229,17586.294165,2770046.9897,-3.8107176435e-08,7.2836862502e-08,-5.4214651458e-07,-1.4330091003e-06,8.9048141383e-08,-9.1322719725e-08,8.6924914013e-07,5.9902317015e-07,3.73784908e-10,-2.9446495419e-06,-3.4351543535e-06,-5.6859447865e-08,2.1512607198e-05,9.9786151539e-09,2.637890519e-08,0.24850896331,0.025316610156,0.10009363001,0.029547251916
ea81006,ok,,3.1509590101,32538146.923,32773.67749,130641.51922,14938059.32,16689.844187,2696307.0366,2.3241504936e-08,-6.2722358842e-10,6.1890678987e-10,-5.8808609198e-13,9.0741483402e-08,6.8945507106e-10,8.3649829327e-10,2.3543206259e-10,-2.5319156551e-11,-2.4814302078e-06,3.433468008e-06,-8.5328374646e-10,-2.2664589052e-05,2.5294782824e-09,-2.1093422974e-12,0.24466690021,1.2016662876e-09,0.081325593346,2.7415125284e-05
ec863914,ok,,3.1997176297,33041649.229,162962.60801,649098.82048,14808546.572,93312.966256,2772811.645,-2.6916632179e-08,7.5776231627e-09,-1.1043533302e-07,-2.9679483102e-07,8.0919099096e-08,-4.8338482053e-08,2.503271577e-07,1.5281778822e-07,3.2249590227e-09,-5.1139206104e-07,-5.9915504771e-07,-4.2379891408e-08,4.0504396887e-06,7.2878958837e-08,1.7305406009e-07,0.23760210788,0.031540162814,0.083337783986,0.040793966476
eh0009,ok,,3.1581639172,32612547.867,63038.78417,260384.22582,14871887.945,33620.476914,2706011.692,-2.3149476279e-08,-1.7901153353e-09,1.7117548998e-09,-3.0025055722e-12,8.9440303136e-08,-2.2517483344e-09,-2.9690157685e-09,8.360810708e-10,7.9453787152e-11,-6.5346386801e-07,-1.3884560349e-06,-2.5462362805e-09,1.1237659873e-05,7.0633604828e-09,-3.6841566247e-11,0.24202650602,-1.9883587055e-07,0.041193567738,-0.00018716314423
eh1070,ok,,3.1404555741,32429683.962,38417.247656,164880.23872,14852834.852,20345.00045,2666275.8414,-2.4343454674e-08,9.0786194834e-09,-1.31259927e-07,-3.4847825833e-07,9.4090919044e-08,4.6616505968e-08,2.3491207295e-07,1.3731325415e-07,-1.4670014747e-09,-9.2615453437e-07,-2.2628754729e-06,-6.0475725101e-09,1.8588036132e-05,-1.7206936596e-07,-4.6082479138e-07,0.24213899504,0.0048200478512,0.035580308115,0.009024675284
eh1090,ok,,3.1572680406,32603296.664,63067.010794,262989.97233,14871757.96,33746.46499,2702820.0655,-2.3791517592e-08,4.845915001e-09,-7.8080640381e-08,-2.0901332086e-07,9.133684832e-08,2.7806244421e-08,1.3927182639e-07,8.2668796718e-08,-8.1998913707e-10,-6.4559061408e-07,-1.3725527724e-06,-4.5854983215e-09,1.1201879121e-05,-1.0033276581e-07,-2.756637921e-07,0.24159011114,0.0048064468255,0.040715470227,0.0087834577784
eh1590,ok,,3.1610849267,32642711.458,63160.370573,265321.65955,14887973.514,34010.090693,2711461.856,-2.452716644e-08,7.9852462413e-09,-1.1707140897e-07,-3.1091564747e-07,9.3553391808e-08,4.2404260322e-08,2.1015164559e-07,1.2277241412e-07,-1.9365843453e-09,-6.4200834735e-07,-1.3483272071e-06,-5.6977351851e-09,1.1117384353e-05,-1.529064212e-07,-4.0989951513e-07,0.24186399133,0.007203929368,0.04054948513,0.013273255812
eh2010,ok,,3.1722311893,32757812.52,79028.863794,329452.36464,14896752.828,43110.217503,2734312.83,-2.5002545288e-08,8.5182560913e-09,-1.2356415224e-07,-3.2752218995e-07,9.4356220836e-08,4.5285450618e-08,2.2267316905e-07,1.2950090497e-07,-2.7338441525e-09,-5.5547329116e-07,-1.0543530159e-06,-5.9342247381e-09,8.7701442432e-06,-1.617225184e-07,-4.30988833e-07,0.24126959618,0.0096401408194,0.043898423068,0.017597607547
eh2012,ok,,3.1901654231,32943009.068,110720.25375,448464.51073,14902972.445,61029.410457,2772068.7459,-2.4282140807e-08,5.5956092171e-09,-8.6518701961e-08,-2.3058081134e-07,9.0981580974e-08,3.193325593e-08,1.5485125204e-07,9.1429069769e-08,-1.8283544127e-09,-4.4956695124e-07,-7.5040560211e-07,-4.9087910628e-09,6.1928460247e-06,-1.1151606764e-07,-3.0220470009e-07,0.24033069996,0.0096430570297,0.049776166918,0.017145169919
eh2070,ok,,3.1436987816,32463174.706,38589.472768,171241.25896,14858107.997,20918.701356,2671794.3934,-2.7284961079e-08,1.7583132182e-08,-2.5538648496e-07,-6.7430570427e-07,1.0310796011e-07,9.0389691857e-08,4.6914231978e-07,2.6713319066e-07,-5.8516928901e-09,-9.0276623886e-07,-2.1079244464e-06,-1.1738058191e-08,1.8080422652e-05,-3.3806155384e-07,-8.9064863894e-07,0.24182074612,0.0096035469431,0.03483727319,0.018103954774
eh3012_fix,ok,,3.2003464741,33048142.945,110543.23486,451915.00467,14947651.265,61968.939108,2793997.0001,-2.5861691112e-08,9.712436336e-09,-1.2960253772e-07,-3.4026261484e-07,9.5632345761e-08,4.9430682129e-08,2.3607605339e-07,1.3484048489e-07,-4.2919916498e-09,-4.7142556014e-07,-7.2044399679e-07,-5.2361688732e-09,6.1020682466e-06,-1.7304009394e-07,-4.4808387724e-07,0.24058747626,0.014416629687,0.052112906413,0.026096610614
eh2510,ok,,3.1823078966,32861868.898,77582.545335,325325.61102,14947588.039,42788.05278,2758645.191,-2.601775218e-08,1.1346765881e-08,-1.5595497484e-07,-4.10571064e-07,9.7343715368e-08,5.8256468046e-08,2.8474347421e-07,1.6244660412e-07,-4.347467602e-09,-5.599306253e-07,-1.0438323785e-06,-6.4887077943e-09,8.8385990587e-06,-2.0672727899e-07,-5.3980369827e-07,0.24223088598,0.011979188356,0.043440843122,0.022091123496
eiffel10,ok,,3.2261257567,33314350.815,6060.7858721,173364.98138,15098393.275,11392.280415,2869728.5567,-1.1489534231e-07,1.1147221373e-07,-1.5459382647e-06,-4.0973951723e-06,1.6818397985e-07,-1.30349936e-06,1.1913090554e-05,1.9250779779e-06,-4.841671407e-08,-1.9417549801e-05,-4.9128337173e-06,-3.7918694851e-07,3.3133931924e-05,-6.6536085699e-07,-1.7765391701e-06,0.24446727613,0.041748118259,0.11768561151,0.072202690925
eiffel371,ok,,3.2279766948,33333464.391,167399.32435,629535.61788,14972158.748,92739.845352,2853243.6665,-4.1925627753e-08,3.3605883216e-08,-2.7434878523e-07,-7.2585830144e-07,1.0155641293e-07,-4.9793278666e-09,4.4024382291e-07,2.8434015082e-07,-6.9619506836e-09,-5.6310133288e-07,-5.8574500712e-07,-9.990238215e-09,4.0760964936e-06,-9.4375258881e-08,-2.5162556805e-07,0.2412725534,0.061720478388,0.094262782667,0.073696518507
eiffel385,ok,,3.2374398077,33431184.534,128171.74275,555014.93094,14851507.267,78146.267386,2873764.5287,-4.6739707886e-08,1.822270191e-08,-3.1778492262e-07,-8.5102936492e-07,1.2743658564e-07,7.1723651311e-08,6.6124755077e-07,3.5309621418e-07,-2.0592072449e-08,-1.4711847374e-07,-5.2032197739e-07,-3.5305167158e-08,4.7989170072e-06,-2.356931606e-07,-6.5133493571e-07,0.24076223178,0.05439537939,0.01885643117,0.084753250971
eiffel428,ok,,3.1881178217,32921864.663,64829.798511,307456.41285,14934331.217,38565.756436,2767646.8114,-4.2754270084e-08,2.7674021537e-08,-3.984860511e-07,-1.0552250857e-06,1.1591067845e-07,2.4475959764e-08,8.7770761324e-07,4.6975979014e-07,-1.4944892261e-08,-9.8972057158e-07,-1.322942699e-06,-7.1260167728e-08,9.7974070348e-06,-2.5446039857e-07,-6.7842293573e-07,0.2441655571,0.034331082188,0.064163385237,0.056901607717
eiffel430,ok,,3.2184423341,33235008.514,85300.017432,368850.23605,15030910.137,49314.669404,2839835.7371,-4.6958770702e-08,3.1451158371e-08,-4.0108324692e-07,-1.0602288239e-06,1.2569782355e-07,4.2467043953e-08,7.9616303434e-07,4.4770612644e-07,-2.0230935229e-08,-8.2965436862e-07,-9.9020933362e-07,-4.6612653986e-08,7.6597382895e-06,-2.9286308881e-07,-7.7416473169e-07,0.2414826492,0.043129657947,0.070769532106,0.067912720708
falcon,ok,,3.2290215288,33344253.792,152466.14837,563460.26605,15051928.47,82644.162329,2870535.4425,-2.3318275776e-08,3.4369421407e-09,-5.2067164966e-08,-1.4110267335e-07,8.6552885173e-08,1.2796889887e-08,9.1037782788e-08,5.7179629397e-08,-6.2559788252e-10,-5.5062932568e-07,-6.440066335e-07,-5.1110889396e-09,4.5709730189e-06,-5.1755179434e-08,-1.5052023879e-07,0.24337498557,0.0086351962184,0.083952332469,0.013880180098
esa40,ok,,3.2282425071,33336209.282,89918.472291,350809.79556,15108050.809,50198.699495,2877378.8521,2.3155292305e-08,-1.5285669392e-08,9.3581581912e-08,-2.3881096376e-07,9.2695888036e-08,9.1160931624e-08,1.0887322645e-07,-5.5603239497e-08,1.4642827281e-09,-3.2042925764e-07,8.502893403e-07,-3.797536743e-08,-7.5105434474e-06,2.5387352044e-07,-6.3526985999e-07,0.24453182769,0.0041942938173,0.028812509324,0.0097897141956
fg1,ok,,3.1906995546,32948524.739,64062.369808,258276.68336,15060546.998,34414.750295,2786911.3482,-3.8504354759e-08,4.2084644346e-08,-3.8734382768e-07,-1.0238968575e-06,1.0891067273e-07,2.0041221912e-09,7.0074322944e-07,4.3006269564e-07,-1.040490895e-08,-1.6768529858e-06,-1.7385319135e-06,-4.2706067319e-08,1.09877966e-05,-2.2597671645e-07,-5.9734855899e-07,0.24473313892,0.030218964607,0.10742317609,0.044891271905
fauvel,ok,,3.230368203,33358160.125,136633.86487,557032.10912,14974824.888,78830.285967,2860943.2945,-2.3821654891e-08,6.1773656001e-09,-7.8987782023e-08,-2.0750184766e-07,9.0012097732e-08,5.6323935627e-08,1.2441634676e-07,7.0856919145e-08,-2.2680469301e-09,-1.5478178197e-07,-4.5804649416e-07,8.131059911e-09,4.7952536172e-06,-1.600271247e-07,-4.1772964926e-07,0.23768324076,0.0085401148089,0.021148433082,0.01699948631
fg2,ok,,3.1854753622,32894577.499,58719.519289,244900.35096,15029508.383,31864.413886,2772898.2521,-3.8706367305e-08,3.7633510301e-08,-4.0425322076e-07,-1.0685957817e-06,1.1114851232e-07,2.1223901203e-08,7.4161442864e-07,4.4948156049e-07,-1.114856291e-08,-1.4568179713e-06,-1.6880407955e-06,-4.5215153849e-08,1.1866902197e-05,-2.5181014047e-07,-6.6563936963e-07,0.2452150618,0.028862257051,0.085543650964,0.043547242748
fg3,ok,,3.2046300351,33092376.822,92972.242606,378221.28794,15033591.172,51671.006966,2809633.2992,-3.8021522995e-08,3.0829750711e-08,-3.0926927621e-07,-8.1753495534e-07,1.0656184203e-07,-2.3232534918e-09,5.8790602295e-07,3.5022278181e-07,-9.8327085984e-09,-1.1744472221e-06,-1.1210372048e-06,-4.0945864316e-08,7.3169771212e-06,-1.7494695968e-07,-4.6246879747e-07,0.24433642531,0.036425337548,0.10919099206,0.054658941396
fg4,ok,,3.2456044566,33515496.179,145152.28624,548548.96963,15128842.477,81494.134625,2904601.5358,-3.7917678885e-08,2.5098615979e-08,-2.5117654677e-07,-6.6397477032e-07,1.0492751764e-07,8.3087210531e-09,4.6169583045e-07,2.7709870826e-07,-1.0535679228e-08,-7.4107789484e-07,-6.7808018792e-07,-2.5916730581e-08,4.6367636066e-06,-1.531139375e-07,-4.0475463792e-07,0.24081653401,0.046218482807,0.10756915072,0.067016205336
fx049915,ok,,3.2369386841,33426009.715,143401.04562,633566.13487,14797656.655,88349.997286,2853486.8771,-3.2012394559e-08,7.7291107301e-09,-1.8066923966e-07,-4.7938396355e-07,1.0215872864e-07,3.6343913642e-08,3.9979058857e-07,2.1333683721e-07,-9.2791729338e-09,-3.3351968677e-07,-4.7646671718e-07,-3.2663505133e-08,4.2724135165e-06,-1.5583628235e-07,-4.1818484403e-07,0.24055747328,0.033513061591,0.047827071818,0.05733038843
fx05188,ok,,3.2422015698,33480356.518,250143.87869,960112.99595,14617663.162,148132.68557,2853458.6738,-2.3597335131e-08,5.0892961552e-10,-4.4148392886e-08,-1.2653454269e-07,8.3318410464e-08,-2.2460998969e-08,1.0511307872e-07,6.5226648435e-08,7.0712433936e-10,-3.941529677e-07,-4.0116702131e-07,-2.1077269542e-08,2.5398929597e-06,2.7675754162e-08,3.517391146e-08,0.23962010785,0.01999299218,0.098594952136,0.026293393212
fx05191,ok,,3.2396242632,33453742.153,269357.57741,1007260.4926,14652984.58,156838.36788,2847374.2176,-2.3594981527e-08,1.3801461067e-09,-4.1995232285e-08,-1.1956754159e-07,8.3539650734e-08,-2.3217073034e-08,9.8130941661e-08,6.1572727987e-08,6.2456427532e-10,-4.5613197127e-07,-4.1121891999e-07,-1.9576588559e-08,2.4020232983e-06,2.5566876452e-08,3.4077935438e-08,0.2396810878,0.020034413927,0.12286260276,0.026432312714
fx057816,ok,,3.219666265,33247647.348,180869.79069,769463.3629,14626569.257,109400.60289,2797303.9299,-2.8326506081e-08,7.819557088e-09,-1.2372186345e-07,-3.283779132e-07,9.3804987685e-08,7.0675299526e-09,2.7047812476e-07,1.5010097746e-07,-4.6165647695e-09,-4.708938592e-07,-4.8412187148e-07,-2.6376252961e-08,3.4538871156e-06,-8.7263957728e-08,-2.3570839558e-07,0.2385324369,0.029794424523,0.085170473752,0.048921321812
fx05h126,ok,,3.2026801358,33072241.331,106771.23327,503499.94248,14740334.904,65860.675441,2780123.0918,-3.0275146675e-08,6.5047333758e-09,-1.816494426e-07,-4.824555823e-07,1.0251212104e-07,4.2913478338e-08,4.3059948253e-07,2.1938273126e-07,-9.0115271109e-09,-3.6799387421e-07,-6.7272704636e-07,-3.7728037087e-08,5.7321842228e-06,-1.8632318061e-07,-5.0061458254e-07,0.24045533357,0.023873454645,0.039291159786,0.045975637796
fx082512,ok,,3.2022468229,33067766.757,82820.854789,390327.72878,14838820.66,50986.603604,2791718.2974,-2.5366087036e-08,-5.6367077055e-09,-1.1093497199e-07,-3.052239233e-07,7.795249434e-08,-9.207547453e-08,3.7578330394e-07,2.0996446361e-07,9.0928432671e-09,-2.2158701047e-07,-9.1884525824e-07,-9.9019249172e-08,7.3840567844e-06,2.4888986425e-07,6.159281699e-07,0.24416196256,0.023253397788,0.018352025618,0.031122694448
fx08s176,ok,,3.2444965909,33504055.884,217599.41185,891033.06111,14662886.832,132327.34062,2851570.892,-2.8539290331e-08,8.4233450929e-09,-1.1774631205e-07,-3.1316706859e-07,9.3375362322e-08,6.2835282143e-09,2.4859803571e-07,1.400484684e-07,-4.7794860858e-09,-4.4929890276e-07,-4.1324925364e-07,-2.2300896935e-08,2.853896533e-06,-8.1713315683e-08,-2.2312044014e-07,0.23965652512,0.034396195382,0.097767176987,0.054094786358
fx3,ok,,3.2413447614,33471508.748,300719.44907,1115676.4017,14562970.839,176580.68855,2829525.2687,-2.380389971e-08,3.2661411746e-09,-4.0676546682e-08,-1.1359328987e-07,8.3233983347e-08,-3.8289880952e-08,1.0445514472e-07,6.4390569793e-08,1.3560076678e-09,-5.3301240555e-07,-4.297017526e-07,-2.3713424183e-08,2.1390911951e-06,4.9327703956e-08,1.0592270287e-07,0.24143646615,0.024583362005,0.16028719695,0.031411693574
fx2,ok,,3.2620645746,33685470.38,311321.78193,1128268.2484,14626905.471,184450.5514,2886991.6696,-2.3405288531e-08,7.1276342065e-10,-3.6126725906e-08,-1.0579941463e-07,8.2755200779e-08,-3.5192058041e-08,9.7636844614e-08,6.0241872828e-08,1.2239227808e-09,-4.7035275471e-07,-3.9664608375e-07,-2.4114571925e-08,2.0401402315e-06,4.5646536428e-08,8.0937160638e-08,0.24341659414,0.023154217346,0.14643105773,0.030396476447
fx38153_fix,ok,,3.2057018288,33103444.622,206953.13618,759105.43561,14838900.521,113042.08541,2791256.1413,-2.3989467942e-08,7.6618989156e-09,-5.5949756143e-08,-1.5072802528e-07,8.5786590172e-08,-2.1363829067e-08,1.0310022219e-07,6.7957449062e-08,2.4228235576e-10,-7.5793765495e-07,-6.3628939323e-07,-1.200690497e-08,3.344996364e-06,1.3993408156e-08,2.552563581e-08,0.24066424575,0.017733193913,0.15685757472,0.021336914324
fx60100,ok,,3.1484024841,32511747.145,66457.312822,324059.30373,14684872.299,39728.995974,2667844.1511,-3.0585427324e-08,3.4435095041e-09,-2.2738869009e-07,-6.120937655e-07,8.625077851e-08,-1.9401900427e-08,5.6298910918e-07,3.1159630014e-07,1.8974747504e-09,-5.5105794036e-08,-1.0127874875e-06,-8.4195878409e-08,9.4820724846e-06,5.1130339009e-08,9.9833300139e-08,0.23657677441,0.025256603045,0.0036621829926,0.037414743345
fx601001,ok,,3.159377104,32625075.752,65573.466942,326957.30733,14734983.459,39727.102366,2693413.2464,-3.029670619e-08,2.394617186e-09,-2.2284187988e-07,-5.9845053362e-07,8.6340408095e-08,-1.7350501892e-08,5.6954228696e-07,3.090342043e-07,1.9803536777e-09,-3.579301679e-11,-1.0072687557e-06,-8.6182832964e-08,9.4918515674e-06,5.2353524735e-08,1.075099717e-07,0.23943050565,0.024797786723,2.3470722032e-06,0.037346862326
fx60100sm,ok,,3.1511538682,32540159.112,66377.012251,322986.76442,14706736.26,39621.49335,2675082.8684,-3.0532038533e-08,3.4559128588e-09,-2.2710584344e-07,-6.1077070182e-07,8.6259591309e-08,-1.9220417097e-08,5.6205692144e-07,3.1119608229e-07,1.834651517e-09,-6.3967921878e-08,-1.0158142832e-06,-8.4079778103e-08,9.5110646268e-06,4.9407344492e-08,9.682512798e-08,0.2370161852,0.025109300914,0.0042459995342,0.03730765916
fx60126,ok,,3.1777826642,32815139.425,103022.31796,470277.40664,14669366.314,62026.148087,2729556.4844,-2.7599414064e-08,-5.0567260833e-10,-1.4337890498e-07,-3.9164001112e-07,8.4955789359e-08,-1.4852658646e-08,3.5733190226e-07,1.9991613687e-07,1.4004022982e-09,-1.5736875081e-08,-6.166988761e-07,-5.6530515241e-08,6.0596792633e-06,3.8866811997e-08,6.0270696771e-08,0.23588462872,0.025174102792,0.0016212493483,0.036813160852
fx601261,ok,,3.2067881376,33114662.309,102803.7779,470657.31283,14794712.355,62917.967384,2802510.6591,-2.8639214052e-08,1.9840751432e-11,-1.6030480683e-07,-4.3606970669e-07,8.4793594901e-08,-9.6504549265e-09,4.0713860617e-07,2.2138254486e-07,9.7843173887e-10,9.0792736735e-09,-6.1836891928e-07,-6.1070621183e-08,5.975547089e-06,2.6251810211e-08,2.9415794089e-08,0.23989594299,0.027880712365,-0.0009333836342,0.041855386842
fx60157,ok,,3.2163814759,33213727.21,195198.45798,737307.34379,14822397.331,109848.57459,2815701.3315,-2.4350883434e-08,5.5439324882e-09,-6.6122285629e-08,-1.8098660959e-07,8.4187210218e-08,-2.4600267546e-08,1.3257973026e-07,8.5097976998e-08,7.2456978976e-10,-5.4334922217e-07,-5.5104057514e-07,-1.897422506e-08,3.4367785423e-06,2.7345908257e-08,4.8050781018e-08,0.2397290164,0.021147098208,0.10606093031,0.025879358906
fx60160,ok,,3.2235638201,33287895.164,176897.1537,701139.14928,14851813.622,101870.52776,2831065.3369,-2.5083896383e-08,5.169297583e-09,-8.0655731435e-08,-2.1433027729e-07,8.4621671435e-08,-2.3629500597e-08,1.8952441122e-07,1.1069593258e-07,6.6564030353e-10,-5.1483455278e-07,-5.5942042576e-07,-3.0038650746e-08,3.7132455591e-06,1.589535238e-08,3.7427300379e-08,0.24187937327,0.022756504508,0.091072767013,0.033526328901
fx60177,ok,,3.2336768768,33392326.904,247622.70843,908987.53468,14779963.927,141165.88301,2846754.6896,-2.3782539713e-08,4.1321805409e-09,-5.0537033853e-08,-1.4076524361e-07,8.2914425255e-08,-2.1460419666e-08,9.7660343735e-08,6.4081431148e-08,6.8307282084e-10,-4.5848420823e-07,-4.3225413839e-07,-1.354359267e-08,2.6721255358e-06,2.6416305054e-08,4.1521281123e-08,0.2383772959,0.021269240686,0.11353110141,0.024182918822
fx61140,ok,,3.1918629687,32960538.648,132895.2247,562259.12673,14698195.724,77148.451422,2759923.5312,-2.5153091125e-08,4.8656788191e-09,-9.5114660445e-08,-2.6018133654e-07,8.6737885148e-08,-1.4238554438e-08,1.9090306336e-07,1.185276553e-07,4.7435631285e-10,-3.3790298002e-07,-6.1749393665e-07,-2.3410438502e-08,4.8843653716e-06,1.6534943839e-08,1.1515788098e-08,0.24002769679,0.020285850334,0.044905692456,0.0253701055
fx61147,ok,,3.2204252187,33255484.628,151144.30152,619096.12421,14795011.548,88517.775684,2828220.0077,-2.6137194278e-08,5.7188412486e-09,-1.0845707055e-07,-2.9531956121e-07,8.6203771544e-08,-1.2243897439e-08,2.2688104362e-07,1.3590417109e-07,2.6945394415e-11,-3.4015329921e-07,-5.5991590973e-07,-2.7444612902e-08,4.256573443e-06,2.2173893451e-09,-2.4989968322e-08,0.24195442691,0.025605943177,0.051412232818,0.034291776865
fx61168,ok,,3.2328535526,33383824.904,191591.02906,769515.34439,14695968.363,113596.83715,2845888.089,-2.4892174373e-08,3.4608292354e-09,-7.8106199389e-08,-2.1600173307e-07,8.5196442477e-08,-1.2223680801e-08,1.6326646497e-07,9.912499746e-08,1.3518280932e-10,-3.1952993915e-07,-4.4986817872e-07,-2.1017063351e-08,3.3128146274e-06,5.1625963508e-09,-2.1362462492e-08,0.24096631549,0.023952505689,0.061219069859,0.031280390035
fx61163,ok,,3.2128032289,33176776.708,180323.78956,737194.54522,14629310.03,106151.9439,2797321.0277,-2.4496948914e-08,3.0842345024e-09,-7.1373858232e-08,-1.9797647194e-07,8.6033041665e-08,-1.0661118774e-08,1.450079315e-07,8.9646750553e-08,1.2377281853e-10,-3.3324566634e-07,-4.7366264507e-07,-1.8271058885e-08,3.5459023538e-06,4.3274252884e-09,-2.3430821002e-08,0.23928305324,0.020420567337,0.06009212141,0.026148379724
fx61184,ok,,3.2414267572,33472355.473,223051.21227,886512.51212,14527665.926,135580.64411,2853358.4613,-2.4154918368e-08,7.555704646e-11,-5.9250562902e-08,-1.7060750006e-07,8.3568331742e-08,-1.9503209959e-08,1.3723472858e-07,8.3004198605e-08,6.8340303492e-10,-2.8220225957e-07,-3.839116652e-07,-2.375173222e-08,2.7611733492e-06,2.4382273447e-08,1.3584823561e-08,0.23934617251,0.023571995849,0.062945556102,0.030610372575
fx63100,ok,,3.1688702763,32723106.298,67804.607964,336601.15769,14792682.864,41545.890545,2715783.0031,-3.4763704908e-08,9.2171186046e-09,-2.827366734e-07,-7.5554482294e-07,8.6282760663e-08,-2.2525253382e-08,7.0199358523e-07,3.7682128166e-07,1.3216732154e-09,-2.5015793388e-07,-1.0449500307e-06,-9.4075589149e-08,9.0832972346e-06,2.922313713e-08,5.0931394128e-08,0.23866598062,0.0318949424,0.016961860636,0.04759839984
fx63110,ok,,3.1811399339,32849808.017,82313.340452,393960.13456,14797352.182,50277.472806,2742067.3704,-3.2614388062e-08,6.3650963683e-09,-2.3288654813e-07,-6.241965154e-07,8.5733920779e-08,-1.8232705517e-08,5.7549206733e-07,3.1151801922e-07,1.1320717457e-09,-1.8066857612e-07,-8.4467676172e-07,-7.8623714669e-08,7.5023921741e-06,2.5581431181e-08,3.9335499184e-08,0.23847224141,0.031854774294,0.014871434015,0.047370674466
fx63120,ok,,3.1973807679,33017517.797,95808.239143,461654.91161,14773625.04,60351.15729,2773691.8442,-3.4340802859e-08,6.5339606059e-09,-2.316235566e-07,-6.2334058617e-07,8.4532960392e-08,-2.0274179804e-08,5.9117159496e-07,3.1075238509e-07,1.3565050241e-09,-1.7630295756e-07,-7.2337878004e-07,-7.9121492917e-08,6.2403135175e-06,2.7177507024e-08,3.7250040439e-08,0.23835400523,0.038155362483,0.01689127592,0.056639109545
fx62k153,ok,,3.2124828357,33173468.191,172687.04067,693340.45698,14739090.529,100873.40093,2798582.5236,-2.6982343898e-08,8.1469813549e-09,-1.0805669706e-07,-2.9337298793e-07,8.4396051689e-08,-3.9395165051e-08,2.4829963831e-07,1.4717328457e-07,1.3369104304e-09,-5.948122731e-07,-6.2484823895e-07,-3.9114140969e-08,3.7397127617e-06,3.3692680769e-08,6.0528814249e-08,0.24119317322,0.031067397163,0.1027163712,0.04287812974
fx63137,ok,,3.2299241286,33353574.421,123810.78626,580857.41923,14756845.723,80155.473006,2843263.1938,-3.3699775588e-08,4.4225455254e-09,-1.9650601734e-07,-5.3380446863e-07,8.233163207e-08,-2.0283749857e-08,5.1641109526e-07,2.6633989367e-07,1.645658563e-09,-1.3152156786e-07,-5.4942814065e-07,-6.9826808554e-08,4.6846946872e-06,3.04309766e-08,3.7047208308e-08,0.23859537893,0.043496262051,0.016283788728,0.063937263739
fx63137sm,ok,,3.2273995127,33327504.164,123836.23298,578034.50004,14787501.808,79783.245862,2837198.2688,-3.3782796206e-08,4.995236944e-09,-1.9789403534e-07,-5.3512469374e-07,8.2122879633e-08,-2.1181448499e-08,5.1562397795e-07,2.6726776544e-07,1.7390744143e-09,-1.4626253893e-07,-5.5088284284e-07,-6.9368220363e-08,4.7154587768e-06,3.0554278941e-08,4.2937557343e-08,0.23819716059,0.043510501865,0.018112601848,0.063852931064
fx63143,ok,,3.2009312141,33054181.219,154366.79196,614378.89415,14815753.072,86579.453054,2783605.9203,-2.5599914357e-08,7.5987937282e-09,-1.0055085375e-07,-2.6866577451e-07,9.0721326359e-08,9.4139581809e-09,1.908640935e-07,1.1534345777e-07,-2.1260544029e-09,-5.52757887e-07,-6.1708179323e-07,-1.4791205716e-08,4.3637414828e-06,-7.0316086267e-08,-1.9692460361e-07,0.23970590652,0.019179796252,0.085327461747,0.029463077815
fx63145,ok,,3.2270305795,33323694.4,133045.24288,585430.8866,14775838.292,81387.554819,2842801.2443,-2.8618074573e-08,3.5640556515e-09,-1.4818988795e-07,-4.0237460425e-07,8.7869116487e-08,5.9283508755e-09,3.3268579874e-07,1.8569740148e-07,-1.3211052573e-09,-6.568902382e-08,-4.8189283314e-07,-3.7503837632e-08,4.6211568131e-06,-2.5554047275e-08,-1.0287115165e-07,0.24019942448,0.030739450369,0.0087396121287,0.044262262896
fx63147_fix,ok,,3.1817783358,32856400.428,167098.94021,661179.11276,14710492.759,93617.245977,2731593.0111,-2.5855915593e-08,8.7293336361e-09,-9.8395558224e-08,-2.6425183479e-07,8.7902572702e-08,-1.2009261643e-08,1.8583618512e-07,1.1697249754e-07,-4.169144628e-10,-5.7275032928e-07,-6.0063574276e-07,-1.8575445985e-08,4.0358450461e-06,-1.4333667138e-08,-5.4143980668e-08,0.23644885333,0.023540640928,0.095705973026,0.031053029585
fx63158,ok,,3.231417881,33368999.546,168881.79864,696517.98606,14775074.535,100699.76244,2845582.1267,-2.6723400539e-08,6.6454313947e-09,-1.1147495918e-07,-3.0141449923e-07,8.6030093225e-08,-9.8690244438e-09,2.3402287262e-07,1.3729773808e-07,-3.6318122409e-10,-3.2278299612e-07,-4.9360873686e-07,-2.5821031973e-08,3.746206018e-06,-7.587952808e-09,-4.4687873817e-08,0.24094085753,0.029268735033,0.054512172954,0.039522203649
fx6617a2,ok,,3.2444888526,33503975.975,213581.15257,872078.22695,14662505.483,129404.93477,2861002.3654,-2.549378598e-08,2.2573323211e-09,-8.0725158634e-08,-2.2036457013e-07,8.6241943639e-08,-4.3967027322e-09,1.8516455894e-07,1.0591438413e-07,-8.8302445428e-10,-2.8500090596e-07,-3.8258227609e-07,-2.518748164e-08,2.912808567e-06,-1.9831085101e-08,-7.8505952689e-08,0.24030681473,0.026077791246,0.060870821977,0.039547659913
fx6617ai,ok,,3.2549429445,33611929.389,225205.23944,916423.17456,14719383.857,136792.23525,2883455.7366,-2.4935084464e-08,2.2881962343e-09,-7.1526464284e-08,-1.9234325219e-07,8.5107639009e-08,-4.1815782545e-09,1.6710549787e-07,9.4686725548e-08,-5.7921255468e-10,-2.8582824892e-07,-3.5753320808e-07,-2.3158979543e-08,2.7625081236e-06,-1.8101916192e-08,-6.0683520079e-08,0.24078249263,0.024314078648,0.064370019237,0.03763303366
fx66182_fix,ok,,3.2386120269,33443289.366,213744.11031,875321.53788,14636519.341,129281.84987,2845521.5399,-2.552704499e-08,2.3279051958e-09,-8.075562614e-08,-2.2044858967e-07,8.6282656764e-08,-5.0995217071e-09,1.8419677183e-07,1.0587093537e-07,-8.1608033995e-10,-2.8980035916e-07,-3.8241388037e-07,-2.5113653766e-08,2.915699924e-06,-1.852724591e-08,-7.5185537351e-08,0.23939750569,0.02617561878,0.061943119935,0.039370975116
fx66196v,ok,,3.2530472818,33592353.967,241937.27243,977334.06568,14540685.55,149254.75968,2870141.0854,-2.5117663137e-08,4.6032864114e-10,-6.9590061142e-08,-1.9491873858e-07,8.4568642301e-08,-1.3743659383e-08,1.703171461e-07,9.7664291036e-08,-9.7507790248e-11,-2.768276624e-07,-3.5073798808e-07,-2.8072349921e-08,2.5162953097e-06,2.0872413981e-09,-3.4603236316e-08,0.23982774441,0.027854695459,0.066974929575,0.041206065776
fx66a175,ok,,3.2336441567,33391989.02,180074.04677,781112.87246,14472868.241,112826.51956,2834712.8197,-2.6661567561e-08,-7.23337617e-10,-1.005076869e-07,-2.8089042743e-07,8.7535665841e-08,-4.6408680235e-10,2.4828204863e-07,1.3638280994e-07,-1.0747032419e-09,-1.3623814976e-07,-3.8004506626e-07,-3.5872038774e-08,3.3137228697e-06,-1.6414873013e-08,-9.437620838e-08,0.23963065601,0.029143710534,0.024532954951,0.044709153237
fx66h60,ok,,3.1545027184,32574740.765,26430.664368,119631.33578,14907900.665,14482.447508,2702082.6172,2.5144388574e-08,-2.935669021e-08,2.6397720186e-07,-6.9141434629e-07,1.056243742e-07,1.8302403802e-07,3.7283180565e-07,-2.0143548456e-07,4.3423144567e-09,-1.4477594211e-07,2.6192568386e-06,-6.2533529743e-08,-2.6069234755e-05,5.8448996984e-07,-1.5169215201e-06,0.24422394913,0.0046503380098,0.0038265243344,0.0098541923206
fx66h80,ok,,3.1632757152,32665334.474,43641.148986,205234.37755,14894741.115,24765.31707,2715976.8214,-2.8097613294e-08,1.1627309433e-08,-2.5839516491e-07,-6.8251459367e-07,1.0733764858e-07,1.2353757544e-07,5.142590399e-07,2.7383866832e-07,-8.3885370949e-09,-2.1936599965e-08,-1.442569554e-06,-1.543586003e-08,1.5266971294e-05,-3.9835859084e-07,-1.0510826699e-06,0.24307469374,0.010582601444,0.00095733842729,0.022442855378
fx66s161,ok,,3.2250172724,33302904.133,164767.42,706600.88446,14646980.463,100408.75994,2825794.0327,-2.660243301e-08,7.3214591463e-10,-1.044453639e-07,-2.8702946961e-07,8.753178318e-08,-2.8200374418e-09,2.5349012737e-07,1.4099976582e-07,-1.0374509125e-09,-2.0935321666e-07,-4.4663313138e-07,-3.6550999563e-08,3.7423139718e-06,-1.8874649334e-08,-8.8099057748e-08,0.24015191988,0.026698075407,0.034494589378,0.041766914282
fx66s171,ok,,3.2336363572,33391908.479,183980.12005,777124.52416,14608413.46,112761.25689,2840955.9641,-2.6018091558e-08,-2.6074628894e-12,-9.1725100633e-08,-2.540458959e-07,8.653573775e-08,-3.9585774732e-09,2.2308264863e-07,1.2502417161e-07,-7.8310385923e-10,-1.9638746984e-07,-3.9763994714e-07,-3.3296279844e-08,3.329157657e-06,-1.3600841609e-08,-7.6821965208e-08,0.23957296444,0.026573300456,0.036131390278,0.041042772477
fx66s196,ok,,3.2540642544,33602855.66,250605.85351,1003937.9886,14626056.712,152691.95771,2872019.7015,-2.4915770554e-08,2.3092605201e-09,-6.652891522e-08,-1.8127944061e-07,8.4576204057e-08,-1.1908545483e-08,1.5732048039e-07,9.0250652395e-08,-2.4699733654e-10,-3.2037354504e-07,-3.5448978927e-07,-2.3720285574e-08,2.4721066941e-06,-5.2928643614e-09,-3.4993040193e-08,0.24011534932,0.026397734935,0.080287485699,0.039425433264
fx67k150,ok,,3.2137971471,33187040.332,167729.7412,703631.115,14735299.137,99843.088433,2795202.2927,-2.8918350958e-08,1.0953101623e-08,-1.3283871891e-07,-3.5305992967e-07,9.1750547562e-08,-1.9369052118e-08,3.0541076903e-07,1.6989895208e-07,-2.958124388e-09,-6.9874190403e-07,-6.4060926046e-07,-3.7057793395e-08,3.7862211836e-06,-5.0739878149e-08,-1.4134332179e-07,0.242481446,0.031835234666,0.11719979873,0.051226469248
fx67k170,ok,,3.2359516123,33415816.79,215044.93063,868729.80517,14708856.554,129065.5984,2836628.8421,-2.7838977614e-08,8.7970936209e-09,-1.0758640295e-07,-2.8639442846e-07,8.948978461e-08,-1.5936365129e-08,2.4501162266e-07,1.3758546472e-07,-2.5785309233e-09,-5.6042278554e-07,-4.9633355794e-07,-2.9997425174e-08,2.9286180334e-06,-4.1741477872e-08,-1.1799081136e-07,0.2414160152,0.033295342919,0.12051607904,0.052688507399
fx68h120,ok,,3.2001884278,33046510.89,115340.23295,461867.71603,14954050.928,63840.943101,2796565.5281,-2.5452110561e-08,4.2263240488e-09,-1.0923220354e-07,-2.9224034653e-07,9.0607122072e-08,1.7730539707e-08,2.3104674963e-07,1.3379931247e-07,-2.364277171e-09,-4.6752888514e-07,-7.3270328372e-07,-2.4563682676e-08,5.9169228236e-06,-8.5564093198e-08,-2.3949041761e-07,0.24083265239,0.014978322124,0.053924890521,0.026648985924
fx69h083,ok,,3.1848152773,32887761.181,60651.591758,249917.93345,15018301.481,32873.861633,2772090.2546,-2.7891857225e-08,1.7303234008e-08,-2.1336690936e-07,-5.6366711641e-07,9.8112482913e-08,1.990669461e-08,4.3546498888e-07,2.5051973469e-07,-4.9176803649e-09,-1.5584881087e-06,-1.8022972843e-06,-3.7145279114e-08,1.1505314559e-05,-1.809597309e-07,-4.7703041709e-07,0.24740552471,0.014653790761,0.094524784527,0.02641164473
fx69274,ok,,3.3773909819,34876380.057,516292.63235,1731706.0124,14586897.308,327724.33424,3139095.5316,-2.2167398298e-08,-2.2324524985e-09,-2.3211102734e-08,-7.1803902078e-08,7.5603649824e-08,-6.1263368062e-09,5.2951230188e-08,3.5084738103e-08,2.8902086764e-10,-2.07949919e-07,-1.628754659e-07,-1.1873349013e-08,1.1424837381e-06,1.9592679965e-09,-3.6636794171e-08,0.23458255306,0.020718643114,0.10736301108,0.02733833002
fx69h098,ok,,3.198417159,33028220.013,83797.128429,323181.047,15063119.148,44234.191073,2806595.2275,-2.481675941e-08,9.8339231121e-09,-1.1981314914e-07,-3.1849438421e-07,9.164636821e-08,2.2227683697e-08,2.149646649e-07,1.3195166544e-07,-1.9240635478e-09,-9.1030738047e-07,-1.2122372811e-06,-1.2135433232e-08,8.5470925435e-06,-1.0758869422e-07,-2.9121344731e-07,0.24565622892,0.010925740627,0.076281144472,0.018013421632
fx71089a,ok,,3.1901107023,32942443.998,65715.967769,262304.78213,15043881.011,35082.976483,2789097.9649,2.2917451503e-08,-1.5373128e-09,1.422853284e-09,-5.0842427767e-13,8.625528711e-08,1.4705442014e-09,2.7974412343e-09,8.0943857175e-10,-1.115324088e-10,-2.7601900589e-07,1.1166486261e-06,-2.2307081784e-09,-1.0772773298e-05,5.9141574198e-09,-1.4738166809e-12,0.24057444574,5.3979245274e-09,0.018138856095,0.00018383655799
fx69pr281,ok,,3.4344423892,35465517.228,449533.56643,1604698.1588,14554767.255,320983.68716,3255199.79,-2.2926500026e-08,-5.7028226191e-09,-3.9692529241e-08,-1.2011007567e-07,6.6988066847e-08,-1.4502784903e-08,1.1645733065e-07,6.3001726407e-08,2.2221992469e-09,-5.0505569792e-08,-8.9594883786e-08,-2.3308119895e-08,1.1572450935e-06,2.6946960398e-08,1.2176312832e-08,0.21958396002,0.039412264334,0.022703948913,0.052351479184
fx71120,ok,,3.215620403,33205868.05,116174.54522,445859.89033,15050738.324,63465.386632,2842664.1962,2.2696139882e-08,-2.0197558689e-09,1.8569001364e-09,-4.027980451e-13,8.3782938551e-08,2.0659027536e-09,3.5745893095e-09,1.0222872651e-09,-2.043195478e-10,-3.096139672e-07,6.3671617344e-07,-2.8782401338e-09,-5.9503835934e-06,7.7964500042e-09,-1.1919171488e-12,0.23816675967,7.5474941729e-09,0.035969261832,0.00041527628737
fx711520,ok,,3.2175622019,33225919.895,150352.16993,622227.41263,14779143.765,88076.820794,2822467.9928,2.2666377257e-08,-2.6737398444e-09,2.4883142378e-09,-1.2067292465e-13,8.4548277596e-08,4.4672448079e-09,5.1581237944e-09,1.2961082028e-09,-1.4585486609e-10,-2.1915253156e-07,4.8949365697e-07,-3.7832798389e-09,-4.2819754368e-06,1.0427358658e-08,-6.887993077e-13,0.23863480736,-3.8488307189e-09,0.032950058666,0.00077553510528
fx711525,ok,,3.2178147451,33228527.762,155986.46795,630243.7387,14815153.737,89972.584602,2825175.6759,2.2677483368e-08,-2.4190943293e-09,2.2646842359e-09,-1.7515843649e-13,8.4567878637e-08,3.906845945e-09,4.3720692076e-09,1.117369471e-09,-1.414601809e-10,-2.9413696283e-07,5.0754142705e-07,-3.3811249002e-09,-4.1939375944e-06,9.4787994286e-09,-5.3502994522e-13,0.23891911369,4.2583624973e-09,0.045881385925,0.00068198363332
fx711530,ok,,3.2180231,33230679.324,155318.68197,627960.66332,14808016.331,89608.270544,2825973.9526,2.2662124625e-08,-2.6217374101e-09,2.4493387164e-09,-2.804012723e-13,8.4548201453e-08,4.1887249459e-09,4.7563229763e-09,1.2297159004e-09,-1.5884461315e-10,-2.7909902985e-07,5.0071438192e-07,-3.6780596433e-09,-4.2091882119e-06,1.0251177023e-08,-1.0116926089e-12,0.23893101505,3.4657369944e-09,0.043349293456,0.0007387458157
fx71l150,ok,,3.2180231,33230679.324,155318.68197,627960.66332,14808016.331,89608.270544,2825973.9526,2.2662124625e-08,-2.6217374101e-09,2.4493387164e-09,-2.804012723e-13,8.4548201453e-08,4.1887249459e-09,4.7563229763e-09,1.2297159004e-09,-1.5884461315e-10,-2.7909902985e-07,5.0071438192e-07,-3.6780596433e-09,-4.2091882119e-06,1.0251177023e-08,-1.0116926089e-12,0.23893101505,3.4657369944e-09,0.043349293456,0.0007387458157
fx72150a,ok,,3.2480786838,33541046.104,143689.58758,755061.87437,14511746.128,104656.9433,2845900.5726,-3.8460828064e-08,6.4931357764e-09,-2.0190535924e-07,-5.4897377589e-07,8.5336917433e-08,-3.3470076302e-08,6.334015142e-07,2.8214581352e-07,-4.6272399399e-10,-3.3325177206e-07,-5.0152862988e-07,-8.02336392e-08,3.5838002918e-06,4.3341241141e-09,-3.3373739459e-08,0.23740042829,0.056625443842,0.047884809688,0.09101320235
fx73170,ok,,3.2499552886,33560424.726,205670.08827,824398.63426,14729606.001,124890.85059,2876363.0339,-2.6338253201e-08,4.7663127047e-09,-9.0548011543e-08,-2.4726414402e-07,8.4651108626e-08,-2.858756218e-08,2.2603187357e-07,1.272498442e-07,2.8919444306e-10,-4.6804552713e-07,-5.0301991624e-07,-3.669948425e-08,3.0185619702e-06,1.2317237569e-08,3.6421498611e-09,0.24381078111,0.030991938473,0.096262964879,0.046487995389
fx73cl2152,ok,,3.2825959889,33897486.521,134518.3915,662359.22781,14899172.408,93449.507938,2964307.9701,-3.4362104754e-08,-2.9839859529e-09,-1.8961303263e-07,-5.1272836053e-07,7.9855260346e-08,6.0711301927e-09,5.4584283245e-07,2.5879395472e-07,1.1585175515e-09,1.6141153474e-07,-3.2975072664e-07,-6.917437442e-08,4.0251745686e-06,1.6731981678e-08,8.1580156692e-09,0.23787414587,0.0480955882,-0.021712820023,0.073425899834
fx73cl1152,ok,,3.2736865864,33805484.228,136259.64395,666321.01162,14890399.614,92394.679575,2941402.5091,-3.251810294e-08,-4.1017970753e-09,-1.7549513286e-07,-4.6970279384e-07,8.9822497223e-08,3.6826730866e-08,4.8700196491e-07,2.3179487306e-07,-5.1827726177e-09,1.6419208699e-07,-2.703755062e-07,-5.6294450135e-08,4.0814272269e-06,-7.5824409166e-08,-2.2015347692e-07,0.23598837373,0.038614299617,-0.022372755312,0.066358714339
fx73170a,ok,,3.2562691366,33625624.213,218785.23217,874180.93471,14784520.966,132868.14551,2887507.0573,-2.8599291387e-08,9.1619164173e-09,-1.1415594071e-07,-3.0474017298e-07,8.8564499982e-08,-2.0871476658e-08,2.678980524e-07,1.4838306796e-07,-2.509364741e-09,-5.6122653201e-07,-4.9104534739e-07,-3.4225120275e-08,2.8437860363e-06,-3.5901718204e-08,-1.060212984e-07,0.24328183509,0.037070898963,0.1227880771,0.058612137591
fx73cl3152,ok,,3.2963194625,34039200.965,135692.26468,739843.42045,14805665.195,102278.4654,2976464.8393,-3.8508199579e-08,-2.2995626055e-09,-2.080099662e-07,-5.6002270248e-07,8.5980256557e-08,1.3345492933e-08,6.7839558393e-07,2.8560638019e-07,-3.3421125156e-09,3.3026361147e-08,-3.3154518188e-07,-7.7589017156e-08,3.6789159365e-06,-3.0755785215e-08,-1.1249580023e-07,0.23670307849,0.054562262533,-0.0044814217382,0.092053033133
fx74080,ok,,3.1856463883,32896343.587,56101.703554,269046.29953,14961696.952,33832.329399,2763209.9358,-3.6522892602e-08,3.3988762866e-08,-3.3323423916e-07,-8.817625131e-07,9.2942178039e-08,-1.1691973587e-07,8.5554274628e-07,4.4978049854e-07,-2.0777268547e-09,-2.6725662946e-06,-2.1810184053e-06,-1.165307287e-07,1.1180631742e-05,-3.9610082857e-08,-1.0803783784e-07,0.24790946868,0.028926319376,0.14993552199,0.04799740553
fx73k170,ok,,3.251125889,33572512.845,204589.48883,823009.57189,14709773.089,125178.00443,2880291.9534,-2.6610149784e-08,3.4679220377e-09,-9.3667986645e-08,-2.5819166486e-07,8.4675013542e-08,-2.6272779514e-08,2.3753815341e-07,1.325873753e-07,2.4284514026e-10,-4.033798733e-07,-4.7754971822e-07,-3.8916827685e-08,3.0043343788e-06,1.2156913235e-08,-5.165026763e-09,0.24340783711,0.032162556635,0.082527282084,0.048597809385
fx74130wp1,ok,,3.1988116449,33032293.643,139771.73053,561640.69488,14845955.016,79013.957225,2777710.5248,-2.7597610303e-08,1.3704099458e-08,-1.2930252753e-07,-3.4334555368e-07,8.8534842081e-08,-4.2764332337e-08,2.9351864818e-07,1.7201169668e-07,-5.3609632124e-10,-1.0858872628e-06,-9.2264298874e-07,-4.2705990836e-08,4.7867490557e-06,-9.1231888591e-09,-3.0180526487e-08,0.24364841648,0.02654822209,0.15177634188,0.041025609399
fx74130wp2,ok,,3.1962651161,33005997.1,134622.76578,555830.59294,14806975.232,77143.665695,2768914.2908,-2.8062064789e-08,1.3361853583e-08,-1.3772537912e-07,-3.6553146238e-07,9.0673591903e-08,-3.2789769199e-08,3.1252446853e-07,1.7926694354e-07,-1.7086502018e-09,-1.031673913e-06,-9.0377534701e-07,-4.1538214102e-08,4.9022693518e-06,-3.4748675469e-08,-9.7515956924e-08,0.24343883428,0.026368645375,0.13888679555,0.042072908326
fx74130wp2mod,ok,,3.1950376368,32993321.626,132127.73409,543174.62392,14824458.666,75297.731387,2768449.232,-2.8031237828e-08,1.3355900816e-08,-1.3950404168e-07,-3.702361514e-07,9.0850156902e-08,-3.0048319332e-08,3.1216913501e-07,1.8001447535e-07,-1.7765143639e-09,-1.0211794903e-06,-9.0841043382e-07,-4.0507138604e-08,5.0223887448e-06,-3.7734897184e-08,-1.0541295847e-07,0.24336212548,0.02594797088,0.13492613216,0.041246200461
fx74cl5140,ok,,3.2798559227,33869191.429,121731.97735,714355.36568,14743199.419,96091.108876,2922668.4201,-4.9521581458e-08,7.9202077375e-09,-2.8650108038e-07,-7.6171662692e-07,9.7163524843e-08,-3.9074589136e-09,8.9972617631e-07,3.6769805428e-07,-8.9416321365e-09,-2.703226395e-07,-4.1063992418e-07,-8.1188352587e-08,3.9287793048e-06,-7.8075970604e-08,-2.2008972073e-07,0.23676325856,0.068218532617,0.032906909428,0.10952544651
fx74cl6140,ok,,3.2441409473,33500383.358,122325.42872,622327.60642,14781286.135,83765.30558,2862594.1176,-3.8525588198e-08,4.5574640936e-09,-2.3649998114e-07,-6.2905874403e-07,9.8325039697e-08,2.716177802e-08,6.2551029679e-07,2.9742936768e-07,-8.4022760357e-09,-1.0478431109e-07,-4.2232368335e-07,-6.0923551958e-08,4.5066165514e-06,-1.0513041077e-07,-2.9074080299e-07,0.23743739358,0.046939447373,0.012817785778,0.076515815226
fx74modsm,ok,,3.2890489716,33964122.773,104233.87242,661113.51209,14804548.067,86411.903478,2954478.5211,-5.1558219619e-08,8.0097015951e-09,-3.1050616216e-07,-8.2937425275e-07,9.5008794687e-08,-6.3095448302e-09,1.0596271829e-06,4.0629270897e-07,-7.5505519465e-09,-2.4130699587e-07,-4.8089133989e-07,-9.5774694136e-08,4.361141772e-06,-6.277787321e-08,-1.9009129234e-07,0.24037328038,0.067738233304,0.025152362622,0.1104490446
fx75141,ok,,3.2289528849,33343544.947,145308.8866,593475.251,14872536.488,85798.586964,2851979.5475,-2.5776801742e-08,2.625185405e-09,-9.8561649528e-08,-2.689055896e-07,8.418736737e-08,-2.7324112094e-08,2.4729780928e-07,1.4169820849e-07,9.6154005617e-10,-4.1755143432e-07,-6.2760659153e-07,-4.3133111751e-08,4.3937422643e-06,2.9132959771e-08,4.661211343e-08,0.24316377098,0.024044589673,0.06067393402,0.035934569326
fx75193,ok,,3.2645238805,33710866.221,261901.79465,1007829.0523,14658618.674,158675.05961,2898053.242,-2.4439771138e-08,2.3472279993e-09,-5.7982716433e-08,-1.6094472242e-07,8.2981999512e-08,-2.494697179e-08,1.4379010108e-07,8.3942565751e-08,6.1329180036e-10,-3.9759524871e-07,-3.9770964466e-07,-2.5958613518e-08,2.3761360683e-06,2.093664994e-08,2.5988093284e-08,0.24240531122,0.026537988471,0.10413090918,0.037658885525
fx75vg166,ok,,3.2403572592,33461311.38,211026.90434,810050.95678,14786385.766,121912.04897,2861919.4723,-2.3840578559e-08,4.635347793e-09,-5.4362976039e-08,-1.4617187784e-07,8.6508031616e-08,-4.9965755043e-09,1.1254530492e-07,6.7084031798e-08,-7.7427954695e-10,-5.598543094e-07,-5.3422743248e-07,-1.2719995226e-08,3.1007325274e-06,-2.3805158808e-08,-7.2698448395e-08,0.24385110482,0.015660190403,0.11814432179,0.023750087294
fx76100,ok,,3.1976210406,33019998.956,83577.536328,325359.63286,15035725.686,44444.53102,2805283.1307,2.28534135e-08,-1.914952189e-09,1.811427418e-09,-2.1920819695e-13,8.7072081976e-08,2.0917735251e-09,3.005072253e-09,8.7404138072e-10,-9.8686316005e-11,-6.000232679e-07,1.0741433294e-06,-2.6841521127e-09,-8.4987648594e-06,7.4159453589e-09,-9.5254825767e-13,0.24426184272,-5.9835653215e-10,0.050148466471,0.0002511565354
fx76120,ok,,3.2142058643,33191260.922,118598.5921,451763.46758,15032249.012,64130.719666,2839861.1126,2.2707371897e-08,-2.2776839033e-09,2.1391162743e-09,-2.583941402e-13,8.536321144e-08,2.5554115335e-09,3.5809250121e-09,1.031525532e-09,-1.5070154837e-10,-4.7700760335e-07,7.3863985524e-07,-3.1696233563e-09,-5.8858181303e-06,8.8239103897e-09,-7.7277007831e-13,0.24241966462,4.5570953987e-09,0.056572430176,0.00042469266483
fx76mp120,ok,,3.2523914789,33585581.867,120324.66257,593849.93762,14926890.748,81702.783019,2889524.2537,-4.0270967873e-08,1.4866019754e-08,-2.4579021705e-07,-6.5297665718e-07,8.8387829477e-08,-5.3189428796e-08,7.0272996169e-07,3.3128061533e-07,-2.5825020951e-09,-7.1328671325e-07,-7.0280723504e-07,-8.5483456553e-08,4.6263872867e-06,-2.7058369895e-08,-8.29141104e-08,0.24260499489,0.051708969991,0.085825983088,0.08455574552
fx76mp140,ok,,3.2668078681,33734451.652,159203.63706,705607.235,14929232.711,103520.24492,2921465.8395,-3.479911766e-08,9.6994300113e-09,-1.8196286353e-07,-4.8523515915e-07,8.6000226588e-08,-3.4572990283e-08,4.9206163282e-07,2.4604711823e-07,-1.8304947914e-09,-5.0398928745e-07,-5.3843207455e-07,-6.4079791372e-08,3.6495028911e-06,-1.9423479236e-08,-6.6389296352e-08,0.24149178547,0.048574356054,0.080236927601,0.078338001601
fx76mp160,ok,,3.2750014333,33819061.9,203576.94474,821827.67833,14933252.01,126985.73358,2940972.3027,-2.9620462046e-08,5.2838498756e-09,-1.2551903491e-07,-3.3669002465e-07,8.2329040946e-08,-2.5015231628e-08,3.2157906126e-07,1.7166679562e-07,-2.2617082734e-10,-3.59119103e-07,-4.1631247165e-07,-4.6144831789e-08,2.9742657486e-06,-1.2406942811e-09,-2.1489178109e-08,0.23942347896,0.04210181408,0.073108369788,0.065466082784
fx77080,ok,,3.1859125723,32899092.316,54301.590661,216116.12024,15046962.857,28498.235832,2781781.7693,2.2958303108e-08,-1.5547008081e-09,1.4697890141e-09,-3.0299684523e-13,8.8232930831e-08,1.5712640676e-09,2.5349971524e-09,7.4410695609e-10,-6.4320121377e-11,-6.5485058568e-07,1.6065768809e-06,-2.2122145838e-09,-1.3261774857e-05,5.9882677237e-09,-1.2328920996e-12,0.24544475844,1.1112649647e-11,0.035559428447,0.0001376543777
fx77w121,ok,,3.2200048914,33251144.148,98689.316206,448942.07471,14928474.805,59415.656466,2834851.0428,-3.150897319e-08,7.1115424373e-09,-2.1266899627e-07,-5.6297003079e-07,1.0561634011e-07,6.3563399027e-08,4.730312796e-07,2.4872256196e-07,-1.0488406424e-08,-2.5111382866e-07,-6.4273782629e-07,-3.604878597e-08,6.3570967447e-06,-2.2222699853e-07,-5.9020956495e-07,0.2430642397,0.024956920774,0.024782252041,0.046683133528
fx77w258,ok,,3.3747688909,34849303.228,423890.08816,1533422.8765,14532425.438,275579.43388,3131030.458,-2.2949142415e-08,1.304358217e-11,-4.0233494114e-08,-1.1439157431e-07,7.7727236667e-08,8.4448677585e-09,7.4735241011e-08,4.7932095207e-08,-6.1049233472e-10,-1.5778659726e-07,-1.5604246132e-07,-7.6982065913e-09,1.36139365e-06,-2.6546154343e-08,-1.0177172273e-07,0.23311111941,0.025007675297,0.066884174622,0.031679527901
fx77w153,ok,,3.2528976238,33590808.536,158516.04746,647812.46153,14960405.727,93908.151703,2907058.6012,-2.7470951021e-08,4.7450129779e-09,-1.294295138e-07,-3.4399802443e-07,9.453007362e-08,4.2505353331e-08,2.6520347294e-07,1.4832673028e-07,-5.8102029182e-09,-2.2463845988e-07,-4.0422804096e-07,-1.8895358551e-08,4.0198776891e-06,-1.3751244351e-07,-3.703534111e-07,0.23968053708,0.023998356404,0.035608800767,0.042039006301
fx77w270,ok,,3.4206555144,35323148.078,487831.94816,1610649.1752,14811529.674,309584.13104,3262744.6878,-2.2497451963e-08,8.9650801002e-10,-3.607784828e-08,-1.0195322846e-07,7.6390760001e-08,8.6537357001e-09,6.4163777302e-08,4.1741476468e-08,-5.0349936915e-10,-1.9704108821e-07,-1.6214275551e-07,-5.6633496209e-09,1.2138332258e-06,-2.5554947714e-08,-9.3146441867e-08,0.23942188824,0.024681672743,0.096122937927,0.031301140482
fx77w270s,ok,,3.3863682011,34969082.654,489157.41798,1662698.3188,14640328.932,308953.27092,3165862.7191,-2.2671905427e-08,6.8393180943e-10,-3.5750039125e-08,-1.0173782614e-07,7.6772769172e-08,6.298925526e-09,6.1955298544e-08,4.1724619943e-08,-3.2794723102e-10,-2.074432157e-07,-1.5985236812e-07,-5.9744814778e-09,1.2155759481e-06,-2.2568233901e-08,-8.8344577103e-08,0.23406003227,0.025064429432,0.10147238777,0.030305893866
fx77w343,ok,,3.516120837,36308963.724,719911.6603,2290129.9621,14341821.816,499742.0165,3423442.161,-2.1376431893e-08,-1.5861682925e-09,-2.2544129884e-08,-6.9277966685e-08,7.0088340396e-08,3.8856034019e-09,4.0056432261e-08,2.8967174981e-08,3.1129872531e-10,-1.4529876228e-07,-9.5863307259e-08,-6.4229037424e-09,7.4650069054e-07,-9.6205855758e-09,-6.419922712e-08,0.23204466679,0.027209250532,0.1046022732,0.028837092655
fx78k140,ok,,3.2233166803,33285343.092,155203.7758,645494.13952,14824825.956,91768.393735,2825923.2774,-2.8060544273e-08,1.0038136334e-08,-1.280555576e-07,-3.393859854e-07,9.3712274061e-08,-9.7711149305e-09,2.9994135006e-07,1.6324436463e-07,-4.3033119087e-09,-8.0272951503e-07,-7.2066663679e-07,-3.5185694009e-08,4.1195455891e-06,-8.2100559899e-08,-2.2033041815e-07,0.24531978109,0.026195769383,0.12458665168,0.046552030047
fx78k140a20,ok,,3.223149016,33283611.72,154780.19408,637912.1921,14827904.949,90943.549242,2826597.9511,-2.7973081616e-08,1.0746353978e-08,-1.2856037937e-07,-3.4070748952e-07,9.2260684642e-08,-1.4287128281e-08,2.9423618958e-07,1.6354239698e-07,-3.3217293259e-09,-7.9549829863e-07,-7.2151298811e-07,-3.4978900365e-08,4.1577336499e-06,-6.5123725704e-08,-1.7543466769e-07,0.24535023719,0.027077794612,0.12312738105,0.045541934529
fx78k150,ok,,3.2297694702,33351977.355,174159.7467,713471.31892,14791266.05,103123.14613,2836239.5783,-2.692438363e-08,7.6131557891e-09,-1.0617084035e-07,-2.824150096e-07,8.985111085e-08,-1.7873313252e-08,2.556871688e-07,1.4165596271e-07,-2.2335120452e-09,-7.1062618354e-07,-6.4107766145e-07,-3.5482551173e-08,3.6662260061e-06,-4.2785376348e-08,-1.1983893161e-07,0.24490003083,0.02610114603,0.12376247612,0.044530412554
fx78k161,ok,,3.2372496764,33429221.154,196114.86157,772193.5181,14781499.003,114260.047,2853351.4371,-2.4256578263e-08,4.5706392428e-09,-6.4038346281e-08,-1.7002255536e-07,8.8615557134e-08,6.1423188947e-09,1.3711105586e-07,7.7885070123e-08,-1.9038236596e-09,-5.6100748284e-07,-5.4529405908e-07,-1.3845161442e-08,3.3089529892e-06,-6.0255920469e-08,-1.6221181928e-07,0.24376917478,0.014914025807,0.11002190484,0.026889515739
fx78pk188,ok,,3.2399072874,33456664.778,265584.00722,998737.33312,14690774.465,153470.62356,2848247.3694,-2.3522229698e-08,2.4431849099e-09,-3.9878478942e-08,-1.0952324423e-07,8.5246950497e-08,-1.3593046436e-08,9.0694552127e-08,5.518463647e-08,-1.8798050647e-10,-5.241383914e-07,-4.4739790447e-07,-1.5305280473e-08,2.4618272687e-06,-1.0253989417e-09,-1.9146592592e-08,0.24188554249,0.016097981467,0.13920277433,0.024087022587
fx79k144,ok,,3.2246930864,33299556.449,167563.92898,645915.95202,14902566.562,94391.072069,2840849.667,-2.478479871e-08,6.2667566778e-09,-7.8385166875e-08,-2.0941941448e-07,8.7757350889e-08,-1.3602783895e-08,1.7386929505e-07,1.0250415738e-07,-9.1613626836e-10,-7.5137790187e-07,-7.0650959357e-07,-2.4117456198e-08,4.0055698184e-06,-2.529340148e-08,-7.5510936557e-08,0.24505194818,0.018021648063,0.12590383339,0.029134222208
fx79l100,ok,,3.1929652407,32971921.18,72870.009223,299941.01874,14943285.619,40169.125123,2791317.3267,-2.2854341044e-08,-2.7972014057e-09,2.635820582e-09,6.6850882758e-13,8.7843800887e-08,-3.925386996e-09,-4.97254906e-09,1.3571990914e-09,7.7620527836e-11,-3.7708850801e-07,-1.1163526517e-06,-3.990620866e-09,9.3879731809e-06,1.0749668341e-08,2.6968024821e-12,0.24519992346,-2.9134929111e-10,0.027478443057,-0.00036234969586
fx79l120,ok,,3.2079722882,33126890.355,103482.23365,417850.50519,14904271.391,58009.097192,2821027.7048,-2.2705568927e-08,-3.3243450433e-09,3.1143030899e-09,6.2063000361e-13,8.6356092828e-08,-4.7520620056e-09,-5.9024566722e-09,1.6011079513e-09,1.1798976682e-10,-3.1723342318e-07,-7.6822995766e-07,-4.713331324e-09,6.4915777681e-06,1.2783710591e-08,2.265451372e-12,0.24361293034,-3.9873571783e-09,0.032828023218,-0.00061079940045
fx79w151a,ok,,3.2373262239,33430011.617,176027.5594,699913.43408,14900104.055,102282.59161,2867589.8696,-2.6060098937e-08,3.2743499604e-09,-9.6668397208e-08,-2.5975092625e-07,8.8569138138e-08,1.1489099828e-09,2.2600700807e-07,1.272267422e-07,-2.2898422304e-09,-4.4144790609e-07,-5.1318770629e-07,-3.0555769285e-08,3.6912586682e-06,-5.2108451842e-08,-1.5357160704e-07,0.2422149381,0.022769185075,0.07770699751,0.039783462038
fx79w470a,ok,,3.7841943685,39077205.374,1472568.549,3534108.5995,14774338.489,1093523.7719,4079236.313,1.893166414e-08,-7.9670328962e-09,1.5295537996e-08,-2.6470705478e-08,6.1595162248e-08,1.3018347018e-08,1.8052468374e-08,-7.7581506468e-09,-1.486268258e-10,-1.437351921e-07,6.7099305208e-08,-7.5373295911e-09,-3.3788124557e-07,3.1878308506e-08,-2.6154577363e-08,0.24789167935,0.021880973446,0.21165992328,0.02658349716
fx79w660a,ok,,4.2283504637,43663750.684,2839976.1292,5736523.459,14345624.649,2590718.3327,5032598.1251,1.6996388124e-08,-5.4808951721e-09,6.7908237463e-09,-6.9283494403e-09,5.1746053023e-08,8.2712924364e-09,4.5147607888e-09,-1.8715443803e-09,2.1279081816e-10,-8.7466564027e-08,3.5723187373e-08,-4.9192398344e-09,-1.4307030349e-07,1.9094699541e-08,-7.6315895355e-09,0.25951756106,0.01282875515,0.24840295394,0.012821812869
fx80080,ok,,3.1764698227,32801582.456,55756.490261,229190.23811,14985452.371,30176.967183,2752132.5736,-2.7240718991e-08,1.6917744995e-08,-1.9741090914e-07,-5.241469867e-07,8.9356386811e-08,-5.1562660854e-08,4.4098088075e-07,2.6543521554e-07,1.8560984883e-10,-1.9352175555e-06,-2.1497330509e-06,-6.80150894e-08,1.2532603337e-05,9.0795567313e-09,1.5220985215e-08,0.24658315412,0.015930431171,0.10790093879,0.024587546183
fx83w108,ok,,3.2142676648,33191899.098,92692.193372,406901.57416,14982418.002,54774.620984,2829921.677,-2.9471594249e-08,5.2356839048e-09,-1.7893279955e-07,-4.8029552958e-07,8.4020370616e-08,-4.5185747168e-08,4.7907002207e-07,2.6173949468e-07,1.9012974982e-09,-6.4081466493e-07,-9.8556012208e-07,-8.2798262701e-08,6.8907585928e-06,4.3661437055e-08,9.0167303278e-08,0.24447807289,0.027516137877,0.059398516837,0.044406051124
fx83w160,ok,,3.2513194251,33574511.381,195534.01698,738282.89846,14832906.916,115171.45249,2901319.8711,-2.4347989505e-08,-1.3630814619e-09,-6.4622772117e-08,-1.8471418099e-07,8.0559552228e-08,-4.1083090239e-08,1.7991013396e-07,1.0661908904e-07,2.4075747664e-09,-3.8621086414e-07,-4.8821955827e-07,-4.1993645444e-08,3.2550272991e-06,6.6336957343e-08,1.2566953454e-07,0.24143461938,0.02477362024,0.075517361667,0.035178551188
fx83w227,ok,,3.307659461,34156302.623,385034.81884,1341701.0808,14762750.546,231038.0561,3000594.5849,-2.3253773177e-08,-4.5126080157e-10,-3.7145275304e-08,-1.0654905586e-07,7.9191736953e-08,-1.1873649882e-08,8.7522283307e-08,5.4125813415e-08,2.4200978842e-10,-2.9240090571e-07,-2.450276976e-07,-1.6979928586e-08,1.6284630758e-06,4.4570256849e-09,-2.1297256965e-08,0.23604293566,0.023456058234,0.11258452976,0.033699126498
fx84w097,ok,,3.151305646,32541726.43,74168.648516,329033.53036,14781349.589,41717.868288,2678158.4021,-2.810741454e-08,7.1351813119e-09,-1.8177059828e-07,-4.832938429e-07,9.3760206552e-08,4.4996433457e-09,4.1822762486e-07,2.3550662257e-07,-2.8579160622e-09,-7.2510606492e-07,-1.1573090231e-06,-5.3728473809e-08,9.0610292615e-06,-8.6837302943e-08,-2.4010307735e-07,0.23811424395,0.017778708659,0.053780136866,0.031019377708
fx84w127,ok,,3.1856623589,32896508.507,127075.38304,535741.95476,14787430.963,73104.536068,2746840.2408,-2.7826712455e-08,6.2244169991e-09,-1.3594091711e-07,-3.6324598333e-07,8.9912125607e-08,-1.1634591746e-08,3.1892688102e-07,1.8038189257e-07,-1.8660294127e-09,-6.0766784087e-07,-7.259013576e-07,-4.4436778147e-08,5.1682251254e-06,-4.1139426795e-08,-1.2347427248e-07,0.23794709112,0.024409136041,0.077219623641,0.040527755568
fx84w140,ok,,3.2014294342,33059326.052,154489.52755,638981.67126,14778956.04,89986.380865,2776930.1787,-2.7832650386e-08,5.9971039727e-09,-1.2372524548e-07,-3.3137336876e-07,8.8467405217e-08,-1.5996426524e-08,2.9288688331e-07,1.6551211309e-07,-1.5703427214e-09,-5.5962264649e-07,-6.1050986405e-07,-4.1783659581e-08,4.197671214e-06,-2.996766334e-08,-9.5531163512e-08,0.23773853431,0.027777491656,0.086455838265,0.045247956229
fx84w150,ok,,3.2105311274,33153314.019,173746.4897,705941.33867,14771042.211,101481.9077,2794883.8911,-2.7435140503e-08,5.5605439441e-09,-1.1299438889e-07,-3.0332674657e-07,8.791098416e-08,-1.3524413556e-08,2.6323355466e-07,1.4975671896e-07,-1.6067997733e-09,-5.0481929791e-07,-5.4105057186e-07,-3.6759598343e-08,3.7211036026e-06,-3.0025099259e-08,-9.6915283006e-08,0.23733845396,0.02845077416,0.087710580946,0.045735906094
fx84w175,ok,,3.2396270313,33453770.736,235221.34839,915332.18602,14738124.883,139736.45676,2850863.5442,-2.5940136787e-08,2.7542084015e-09,-8.0717211217e-08,-2.1943712453e-07,8.4254035254e-08,-1.5351009827e-08,1.934022701e-07,1.1114577468e-07,-6.2751657817e-10,-3.906929372e-07,-3.9363903911e-07,-3.0426569788e-08,2.699829413e-06,-9.9121576526e-09,-4.9567042515e-08,0.23585163402,0.029031246298,0.091899319494,0.045492342754
fx84w218,ok,,3.2875179111,33948312.389,346424.16948,1264647.8543,14640803.984,211605.91067,2945260.1367,-2.328888933e-08,-1.4700130734e-09,-3.684000068e-08,-1.0631584282e-07,7.9240044925e-08,-9.974652948e-09,8.9797043699e-08,5.4729259016e-08,1.3098603072e-10,-2.4732436153e-07,-2.3725167306e-07,-1.7888495455e-08,1.7766021355e-06,3.1453602612e-09,-2.7587403313e-08,0.23154604334,0.021146150655,0.085679136537,0.031107866286
fxl142k,ok,,3.2187146738,33237820.811,134150.82279,549318.72421,14793059.153,77693.514345,2835148.4711,2.2562330703e-08,-4.0164429492e-09,3.7142538005e-09,-4.4900675386e-13,8.5207072698e-08,5.9749553413e-09,7.6724379134e-09,2.060248167e-09,-1.9934641974e-10,-1.6591363341e-07,5.2021186423e-07,-5.7725884916e-09,-4.8365958433e-06,1.5375016709e-08,-1.4318005877e-12,0.24157470188,8.0117516043e-09,0.022257450434,0.0010292638589
fxlv152,ok,,3.2214491018,33266057.68,158999.70305,638317.3888,14705219.393,92463.9512,2833854.1959,2.2517236753e-08,-4.3654358346e-09,4.0990098115e-09,-2.5455467372e-13,8.5209118969e-08,6.9323244183e-09,7.691928672e-09,2.0078277153e-09,-1.6945457049e-10,-2.9403480555e-07,4.9985847938e-07,-6.1051954408e-09,-4.0580140343e-06,1.6975220988e-08,-1.0598374063e-12,0.24147021932,-1.2616680543e-10,0.046751446768,0.0012230143747
fxm2,ok,,3.1864117361,32904246.895,47620.450596,249188.57393,14979959.369,29787.192064,2765866.1461,-4.6860059285e-08,4.3961983944e-09,-4.9830668479e-07,-1.3172512259e-06,1.1400504453e-07,1.1576926291e-07,1.1597218984e-06,5.9460515318e-07,-1.5255622054e-08,5.8203627706e-07,-7.9381229508e-07,-9.6283420717e-08,1.2693962663e-05,-2.7799864989e-07,-7.3498051867e-07,0.23540616099,0.034099997089,-0.027716829776,0.055226479368
fxs02196,ok,,3.2392926879,33450318.162,240918.66624,972204.05803,14401653.843,149061.00774,2835027.0036,-2.488492778e-08,-4.6282670424e-10,-6.6611737233e-08,-1.9056823812e-07,8.396219862e-08,-1.3738473657e-08,1.591109977e-07,9.2897653458e-08,5.868779406e-11,-2.4206057243e-07,-3.3280521912e-07,-2.6284089003e-08,2.5080664013e-06,7.0846993133e-09,-3.3736015597e-08,0.23531189732,0.02722370158,0.058316910261,0.038332809351
fxs03182,ok,,3.2251853921,33304640.194,232250.48138,901673.56207,14576327.854,136460.50904,2815018.8795,-2.4080779786e-08,1.6307977107e-09,-5.3681220656e-08,-1.5228780543e-07,8.4761825032e-08,-2.34739713e-08,1.2454237592e-07,7.6548180016e-08,5.8871630515e-10,-4.4566590089e-07,-4.4830802863e-07,-2.2865169644e-08,2.7558277314e-06,2.3368114248e-08,2.2359643324e-08,0.23991183492,0.021513502928,0.10350612002,0.02892502676
fxs21158,ok,,3.2240963467,33293394.259,140344.87877,637352.05231,14540292.125,88309.507999,2825127.4619,-2.6489548416e-08,-1.4562588738e-09,-1.1088875575e-07,-3.0881413284e-07,8.7857550521e-08,4.7500890616e-09,2.7581714379e-07,1.494384491e-07,-9.3589194984e-10,-7.0762154464e-09,-4.3840022414e-07,-3.8545393795e-08,4.2344890152e-06,-1.6601043125e-08,-9.5458070944e-08,0.24083603294,0.025242863072,0.000993110599,0.038709523609
geminism,ok,,3.2323072251,33378183.293,187900.0815,702234.40807,14949671.801,104405.92712,2865036.5242,-2.3830679715e-08,2.110622932e-09,-5.7069200303e-08,-1.5572056548e-07,8.5821320729e-08,-4.2112305526e-09,1.23937845e-07,7.544522635e-08,-4.421545095e-10,-5.0932845333e-07,-5.3912338127e-07,-1.8374304855e-08,3.6163156607e-06,-1.9844502102e-08,-7.1433669465e-08,0.24253962948,0.014450099775,0.095702857889,0.023287931175
giiia,ok,,3.1939058421,32981634.231,107735.65297,404256.66475,15021905.864,56449.203048,2790994.6908,-2.3046799282e-08,5.0469037622e-09,-3.3301834343e-08,-8.7280501192e-08,8.8538458266e-08,2.0479724853e-08,3.973041889e-08,2.4574212367e-08,-1.921784455e-10,-1.0095178638e-06,-1.080067086e-06,8.72734478e-09,6.7011346894e-06,-6.722993614e-08,-1.7465729312e-07,0.24468413704,0.0025147585036,0.10876106623,0.0042803826217
giiib,ok,,3.1877243383,32917801.377,95107.840465,363337.42126,15002389.138,49961.696,2776751.897,-2.3237212349e-08,5.3759568773e-09,-4.5212762753e-08,-1.1898030657e-07,8.932768175e-08,1.8404546943e-08,6.9653091537e-08,4.1911660595e-08,-4.1027915802e-10,-1.0793828033e-06,-1.2064777098e-06,3.3016856239e-09,7.5712905993e-06,-7.1123110628e-08,-1.8582787026e-07,0.24495170775,0.0036705809746,0.10265776745,0.0066245551179
giiic,ok,,3.1825629205,32864502.383,84848.964221,329191.04999,14986164.699,44717.828261,2764680.4872,-2.3441158012e-08,6.0778764133e-09,-5.7830537224e-08,-1.5199185996e-07,9.0074700752e-08,1.8114267145e-08,9.9617487896e-08,5.8789525916e-08,-6.337151121e-10,-1.1688652242e-06,-1.3432419071e-06,-9.5796381419e-10,8.4592205204e-06,-7.9562963127e-08,-2.0674846489e-07,0.24512115429,0.0045309105908,0.09917700359,0.0084524406663
giiid,ok,,3.1806070155,32844304.874,80871.526115,315233.12372,14981372.343,42637.849885,2760252.6502,-2.3537723243e-08,6.5880601368e-09,-6.3902552267e-08,-1.678058637e-07,9.038055151e-08,1.7687051429e-08,1.13050605e-07,6.6559800074e-08,-7.2428583726e-10,-1.2291946782e-06,-1.414188484e-06,-2.6562071666e-09,8.8718541697e-06,-8.2746336796e-08,-2.1419840417e-07,0.24522175551,0.0049156973804,0.099406849517,0.0091425749545
giiie,ok,,3.1730518566,32766287.081,65446.923129,257866.78364,14968585.645,34382.215683,2743852.0371,-2.4068546334e-08,1.0343779653e-08,-9.6873971799e-08,-2.542522274e-07,9.16845308e-08,1.2818017715e-08,1.7877160597e-07,1.0671487917e-07,-1.0941639862e-09,-1.6759638822e-06,-1.8342994498e-06,-9.8385008474e-09,1.1001540311e-05,-9.4282066106e-08,-2.4176599885e-07,0.24575216309,0.0066994209922,0.10968667936,0.011700051554
giiif,ok,,3.169144892,32725942.098,57342.558742,226643.70478,14963378.546,30039.158357,2735543.4371,-2.4502655653e-08,1.4203993576e-08,-1.2315587217e-07,-3.2337305766e-07,9.2578085798e-08,8.4441306521e-09,2.2610818767e-07,1.3661658731e-07,-1.3614773268e-09,-2.1170852233e-06,-2.1915654313e-06,-1.3457202215e-08,1.2591439374e-05,-1.0475128724e-07,-2.6794373821e-07,0.24611480454,0.0077334311629,0.12139908378,0.012965622033
giiig,ok,,3.1697461553,32732150.999,57917.960662,228676.32807,14967103.726,30334.622469,2737071.0352,-2.4496508953e-08,1.4072431068e-08,-1.2264000722e-07,-3.223105518e-07,9.2493025531e-08,8.9664104749e-09,2.2370517217e-07,1.3557310483e-07,-1.352474578e-09,-2.0601428564e-06,-2.1540457498e-06,-1.292961471e-08,1.246946145e-05,-1.0398587346e-07,-2.6719707912e-07,0.2459927528,0.0077838354422,0.11931927292,0.012956547362
giiih,ok,,3.1712275972,32747448.999,58992.422512,232475.37261,14975085.235,30893.044625,2740850.5041,-2.4488056208e-08,1.3754153487e-08,-1.2188812633e-07,-3.2096162952e-07,9.2323350552e-08,1.0090416329e-08,2.1995539952e-07,1.3399203026e-07,-1.3438861935e-09,-1.9454791076e-06,-2.0801704399e-06,-1.2100692872e-08,1.2244856233e-05,-1.0288227792e-07,-2.6694123382e-07,0.24577247289,0.0078892305985,0.1147685255,0.012975701862
giiii,ok,,3.1753828754,32790358.175,61114.970992,239875.27897,14994791.571,32031.796992,2751469.2732,-2.4533565435e-08,1.3401931526e-08,-1.2384521875e-07,-3.2684359107e-07,9.1999847429e-08,1.4006937135e-08,2.1898985946e-07,1.3432855756e-07,-1.4168853231e-09,-1.6797020089e-06,-1.9095902193e-06,-1.0480035592e-08,1.180959295e-05,-1.0568091712e-07,-2.772329502e-07,0.24512852727,0.0082932419084,0.10265493955,0.013383558908
giiij,ok,,3.17857352,32823306.133,62033.242132,243246.86697,15009656.227,32565.644877,2759614.4072,-2.4634414479e-08,1.3275877369e-08,-1.2842586023e-07,-3.3920618426e-07,9.1909421758e-08,1.7937704239e-08,2.2547694575e-07,1.3836929205e-07,-1.5634570705e-09,-1.4972608686e-06,-1.7992016676e-06,-9.9403150481e-09,1.161574092e-05,-1.1229478903e-07,-2.9574258959e-07,0.24459533991,0.0086915745516,0.092879945994,0.013987065971
giiik,ok,,3.1819197394,32857860.622,62290.675907,244557.5365,15024590.267,32803.282597,2768098.352,-2.4819233157e-08,1.3400225367e-08,-1.3669813544e-07,-3.6119311525e-07,9.2062554014e-08,2.3647467246e-08,2.3887200197e-07,1.4613321153e-07,-1.8366927125e-09,-1.3248878534e-06,-1.7005888473e-06,-9.4317518613e-09,1.1531232992e-05,-1.2497872698e-07,-3.2975411819e-07,0.2439929752,0.0092101342555,0.082528159891,0.014879498458
giiil,ok,,3.1838215863,32877499.904,62063.81313,244118.67117,15032712.833,32769.222639,2772853.7198,-2.4977263226e-08,1.3681017834e-08,-1.4362550784e-07,-3.7948628085e-07,9.2344120463e-08,2.8125381696e-08,2.5020358404e-07,1.5254325589e-07,-2.078737838e-09,-1.2349878393e-06,-1.6525054235e-06,-8.9142427078e-09,1.1543048548e-05,-1.3623982235e-07,-3.5945372632e-07,0.24362619119,0.009567136306,0.076648054474,0.015528588484
giiim,ok,,3.1893498868,32934587.493,60249.158509,240289.73009,15052239.275,32237.05067,2786140.1654,-2.5662061614e-08,1.4302713469e-08,-1.7022719182e-07,-4.4962560773e-07,9.3933021751e-08,4.5619464243e-08,2.9928469235e-07,1.787209644e-07,-3.1659431768e-09,-9.5387338307e-07,-1.512141033e-06,-8.4901719292e-09,1.1732806247e-05,-1.8138882918e-07,-4.7810449479e-07,0.24233988171,0.010762083832,0.057470068654,0.018031650869
glennmartin2,ok,,3.2488938227,33549463.576,160593.54026,637624.58059,15014299.055,93937.689335,2895853.1214,-4.0721829668e-08,2.2422903105e-08,-2.5177347498e-07,-6.6600359397e-07,1.1003381173e-07,1.011894099e-08,4.9460016258e-07,2.8282621942e-07,-1.3217752408e-08,-6.3379423011e-07,-5.6586693488e-07,-3.1048904957e-08,4.0196486559e-06,-1.6091547592e-07,-4.2683619059e-07,0.24078028876,0.052996721469,0.10178325921,0.079429591122
giiin,ok,,3.192085647,32962838.121,58360.114678,236837.6147,15056852.852,31647.664098,2792026.0679,-2.6269928554e-08,1.4096124304e-08,-1.9032979959e-07,-5.0269313404e-07,9.5590250489e-08,5.9794090543e-08,3.4277448636e-07,2.0021200616e-07,-4.1855563972e-09,-7.5579231894e-07,-1.4205633917e-06,-9.8785338286e-09,1.1950481264e-05,-2.1777949791e-07,-5.7404008009e-07,0.24130333573,0.011529149099,0.044108126406,0.020004358333
glennmartin3,ok,,3.2535124853,33597157.856,189679.13973,665071.54084,15177462.366,103221.12043,2924373.6731,-3.7679043135e-08,3.1386920447e-08,-2.2581833959e-07,-5.968473971e-07,9.9246188981e-08,-1.829110801e-08,3.7961302143e-07,2.4284837892e-07,-7.4092098575e-09,-8.0964248086e-07,-6.4490278794e-07,-1.7027736098e-08,3.6621107076e-06,-1.0017977682e-07,-2.6447589585e-07,0.24235987281,0.055033503277,0.15357228926,0.072004671336
glennmartin4,ok,,3.2703722784,33771259.273,219633.59332,779886.10929,15128113.844,124478.99205,2949436.6254,-3.7006455536e-08,2.5074950169e-08,-1.9700745318e-07,-5.2154627503e-07,9.2905964935e-08,-2.95952195e-08,3.6416630232e-07,2.2349351522e-07,-4.7932775212e-09,-6.849201891e-07,-5.2725478762e-07,-2.6483795081e-08,3.0371546437e-06,-5.9130838725e-08,-1.5905749665e-07,0.24345140559,0.060126002395,0.15043148227,0.079983153547
gm15sm,ok,,3.1875116592,32915605.17,29483.837158,214291.94617,14963597.656,21806.276641,2769601.2265,-4.7350470192e-08,8.282515183e-09,-5.4967226059e-07,-1.4597333362e-06,9.0217609174e-08,-2.3923827084e-08,1.8349896093e-06,7.664487731e-07,-8.2773624695e-10,-4.5613372794e-07,-1.9863307888e-06,-2.1672874735e-07,1.7323846323e-05,-1.146144178e-08,-4.9421874791e-08,0.24550946895,0.031566798614,0.013448572557,0.054102534827
goe05k,ok,,3.1380933847,32405290.987,13151.513336,57303.318767,14919084.416,6919.6412872,2665918.4638,-3.1746253079e-08,7.9434106936e-08,-5.8002563112e-07,-1.5333213388e-06,9.2717303227e-08,-2.7430200959e-07,1.3096791456e-06,7.9303472305e-07,2.6173580154e-10,-1.565263553e-05,-1.2402407712e-05,-2.1288867005e-07,5.4682003275e-05,1.4645784468e-08,3.7085016936e-08,0.24822572194,0.010673732794,0.20585584491,0.017224262749
goe06k,ok,,3.1695521881,32730148.01,54705.794739,228004.52297,14972294.877,29435.089436,2733182.7436,-3.1135534281e-08,3.7111102794e-08,-2.7422800702e-07,-7.2569181688e-07,9.0638427813e-08,-1.3281683867e-07,6.3032081738e-07,3.7599242642e-07,1.7398409786e-10,-3.779735952e-06,-2.9180154224e-06,-1.0174705278e-07,1.2851780294e-05,5.7382675347e-09,1.2015179694e-08,0.24843283747,0.021448668962,0.20677345916,0.034482201255
goe08k,ok,,3.2446844915,33505996.226,205095.3878,776933.0519,14965617.207,118045.97072,2876993.9605,-3.033764468e-08,1.8058140338e-08,-1.3438874278e-07,-3.5674753997e-07,8.5510684674e-08,-7.0835919976e-08,3.2022247275e-07,1.8477669221e-07,2.6801540818e-10,-1.0283194091e-06,-7.2913978747e-07,-5.0384420188e-08,3.204210763e-06,5.4385805711e-09,8.5024162368e-09,0.24704359833,0.042360605883,0.210903568,0.065676152231
goe09k,ok,,3.1269897926,32290630.557,6077.6539401,26054.122278,14881751.7,3094.4411724,2640391.7991,-2.966797302e-08,8.5926681067e-08,-7.4139606386e-07,-1.9589666938e-06,9.1932232655e-08,-3.1828432837e-07,1.6562066366e-06,1.0390457141e-06,1.1182667765e-09,-2.8391086615e-05,-2.5437119663e-05,-2.9722911036e-07,0.00012233323768,1.037715672e-07,2.7223234519e-07,0.24709423992,0.0062700655592,0.17255119943,0.01006585079
goe07k,ok,,3.2015649033,33060724.964,115846.89306,462222.70905,14979903.197,64127.451317,2795705.1434,-3.0771982782e-08,2.4861873027e-08,-1.8408975114e-07,-4.8777372799e-07,8.8406917584e-08,-9.2403502574e-08,4.2965893827e-07,2.5262508435e-07,1.8622981799e-10,-1.8030302199e-06,-1.3413129016e-06,-6.852920829e-08,5.898690337e-06,4.8908751661e-09,8.456201323e-09,0.2478990843,0.031414124836,0.20887544907,0.049774653076
goe100,ok,,3.1908451184,32950027.892,46035.412624,202052.81735,15081950.553,25545.094929,2787963.0748,-3.7050137446e-08,3.3506458307e-08,-4.1007205923e-07,-1.0819556747e-06,1.0586349088e-07,-1.2365079005e-08,8.6526553821e-07,4.9346990338e-07,-9.5661345902e-09,-2.2010249966e-06,-2.2591194001e-06,-8.3382107505e-08,1.4807185684e-05,-2.3516690691e-07,-6.1389048505e-07,0.24776655382,0.023759110788,0.10132509391,0.039832856081
goe101,ok,,3.1636035744,32668720.087,35735.545468,190877.95462,14904720.255,21883.698198,2714813.8932,-4.3349793101e-08,1.8706836647e-08,-5.2312276591e-07,-1.3859613142e-06,1.1407683453e-07,5.2543256708e-08,1.2625822689e-06,6.4519187216e-07,-1.4013855793e-08,-7.7093304729e-07,-1.8786889943e-06,-1.2204874691e-07,1.7269092583e-05,-3.0306867973e-07,-8.1057230655e-07,0.24285642503,0.026030353799,0.027549712964,0.045119066078
goe10k,ok,,3.1436440259,32462609.275,15434.761152,64713.034822,14942526.76,7921.1799932,2680084.9155,-2.9402054576e-08,5.2816852058e-08,-4.5828632501e-07,-1.211935968e-06,9.1170388258e-08,-1.9427624778e-07,1.028828028e-06,6.400673143e-07,8.7073100999e-10,-1.1166160095e-05,-9.9381247154e-06,-1.81691063e-07,4.7766348284e-05,5.1774175984e-08,1.3396306356e-07,0.24779080395,0.0098629161877,0.17234701405,0.015879714879
goe114,ok,,3.1702924114,32737791.872,66369.60492,312760.03693,14752936.114,39021.490989,2721878.4916,-2.8820027442e-08,2.2905758464e-09,-1.9216211852e-07,-5.2014085138e-07,8.8563699031e-08,-5.1698509562e-08,5.5025603992e-07,2.9502858947e-07,1.5838501142e-09,-9.6246856759e-07,-1.4208206305e-06,-1.0285483033e-07,9.6442293917e-06,4.6373962058e-08,8.4448635025e-08,0.24572234281,0.021106635779,0.063878658579,0.036520275974
goe113,ok,,3.1820921973,32859641.495,37539.315535,167913.26219,15045541.332,20920.749418,2768933.6295,-3.6156148034e-08,3.0364643189e-08,-4.3927798473e-07,-1.1623905319e-06,1.0518561572e-07,1.7333575954e-08,9.1876254245e-07,5.2480563191e-07,-8.5358486091e-09,-1.7278276194e-06,-2.4686679477e-06,-8.5508384303e-08,1.8075888939e-05,-2.412492097e-07,-6.4181251778e-07,0.24798252584,0.020992184541,0.064861466193,0.034489716983
goe115,ok,,3.1793869426,32831705.88,69434.052986,332852.73924,14814347.729,41387.928827,2743675.9528,-3.0285433707e-08,2.2922537894e-09,-2.1481612374e-07,-5.7703484537e-07,9.0458269687e-08,-1.8149968285e-08,5.8045343e-07,3.068656763e-07,-7.7105414521e-10,-5.1405544783e-07,-1.1452037025e-06,-9.203822041e-08,9.108414038e-06,-1.319041351e-08,-6.4512010258e-08,0.24395921855,0.023231069639,0.035692953203,0.040303234215
goe116,ok,,3.1997516022,33042000.044,72970.597319,342629.62954,14959420.192,43422.968144,2794579.5993,-3.1486716941e-08,7.2566685217e-09,-2.2913032051e-07,-6.0921460039e-07,9.1798221685e-08,-2.9252351478e-08,6.1489272174e-07,3.2208392315e-07,-2.0957946143e-09,-9.1938848932e-07,-1.2358086301e-06,-9.2943993428e-08,8.7048016839e-06,-4.2934844254e-08,-1.2591910802e-07,0.24722075596,0.025102919492,0.067088327233,0.044869089192
goe117,ok,,3.1824954298,32863805.445,64856.995831,324547.32495,14855790.854,39605.687156,2749237.4033,-3.4956066761e-08,9.945174247e-09,-2.8525953886e-07,-7.603359268e-07,9.409830611e-08,-3.3397459329e-08,7.6737381382e-07,3.9327934416e-07,-3.2071450229e-09,-1.0029956003e-06,-1.32184485e-06,-1.080070935e-07,9.5333070154e-06,-5.7760560693e-08,-1.7287470037e-07,0.24437406575,0.028441794168,0.065051281468,0.049769560244
goe11k,ok,,3.1753237794,32789747.924,58133.795769,232616.36259,15010936.862,30559.078294,2749758.9694,-2.8876531973e-08,2.5648582344e-08,-2.2681094323e-07,-6.0094694279e-07,8.8633571787e-08,-1.0303138829e-07,5.2194060704e-07,3.1913048987e-07,9.2654807547e-10,-3.0351314226e-06,-2.5820510031e-06,-9.2305733475e-08,1.2378536721e-05,2.9464016039e-08,7.2392734416e-08,0.24737541444,0.018911735828,0.17644371025,0.030342388653
goe118,ok,,3.2023380196,33068708.494,59095.236011,332750.51009,14931262.809,39453.777897,2792512.0859,-4.387792355e-08,1.972923826e-08,-3.8689466826e-07,-1.025268825e-06,1.0410678406e-07,-4.3422425523e-08,1.0879311326e-06,5.0754991407e-07,-9.5867314017e-09,-1.3257717978e-06,-1.3636719122e-06,-1.2064043351e-07,9.580609295e-06,-1.4213819584e-07,-3.8384318893e-07,0.24729320719,0.036714247196,0.078346797286,0.064291547047
goe121,ok,,3.200101073,33045608.828,36194.734188,213298.40532,15064424.809,23858.777105,2803542.793,-4.569374241e-08,1.1011510813e-08,-5.1889824654e-07,-1.371963173e-06,1.0484347545e-07,8.2758424181e-09,1.454805273e-06,6.8051726345e-07,-1.0611956225e-08,-8.4070381361e-07,-1.7127439859e-06,-1.6158756909e-07,1.5853051367e-05,-1.9747721033e-07,-5.2317120766e-07,0.24587587284,0.029668948532,0.030429051065,0.052656290152
goe122,ok,,3.1958034394,33001229.631,43302.956342,215147.12247,15054714.182,26037.548264,2796432.4524,-4.0891759032e-08,1.7707368486e-08,-4.5459245308e-07,-1.2024236184e-06,1.1383491306e-07,6.1902457548e-08,1.0655715799e-06,5.5243701829e-07,-1.4527461862e-08,-7.191052082e-07,-1.6099739406e-06,-9.7827048573e-08,1.4520061132e-05,-3.1015584334e-07,-8.2229722489e-07,0.24619119868,0.026049119958,0.031139381436,0.046142399603
goe123,ok,,3.2063655657,33110298.652,33004.14994,220879.88295,15047465.075,23939.34801,2813463.3892,-6.0063006388e-08,3.8583642309e-08,-6.749269831e-07,-1.7854271989e-06,1.2591858362e-07,-8.5494427829e-08,1.9762309398e-06,8.4456547022e-07,-2.2713439711e-08,-2.6792289633e-06,-2.1485999269e-06,-1.696061735e-07,1.5791081628e-05,-3.396762396e-07,-9.0170176588e-07,0.2456684585,0.037456537739,0.088425674428,0.065223822253
goe12k,ok,,3.2127593985,33176324.097,126428.70549,481015.90777,15049568.707,68734.694026,2827035.1237,-2.8474228304e-08,1.6519889918e-08,-1.4912583972e-07,-3.9622286856e-07,8.5673305668e-08,-7.3022176094e-08,3.5199029423e-07,2.1075801987e-07,9.636487841e-10,-1.4336833706e-06,-1.1472762198e-06,-6.1625660475e-08,5.5026866117e-06,2.1347224852e-08,4.8511886571e-08,0.24593372123,0.028054630958,0.18125873263,0.044501677246
goe124,ok,,3.2188596795,33239318.201,51919.607707,288948.14703,15061306.188,34510.260275,2842647.1586,-4.6914224874e-08,1.5531738054e-08,-4.4996575905e-07,-1.1911751685e-06,1.1143295822e-07,1.6221805682e-08,1.2193878686e-06,5.7019477136e-07,-1.4889451162e-08,-8.0897193707e-07,-1.2612304727e-06,-1.202094077e-07,1.0952633605e-05,-2.2881472344e-07,-6.1021152826e-07,0.24531612791,0.035957910333,0.042001505618,0.063310139778
goe133,ok,,3.2024241949,33069598.376,51992.305881,244901.73037,15076433.929,30750.189415,2811904.3681,-4.0533597575e-08,2.116420514e-08,-4.1684731732e-07,-1.1029241022e-06,1.0758279095e-07,2.9920394084e-08,9.4397510148e-07,5.0607918288e-07,-1.1289055752e-08,-8.4487063772e-07,-1.4708836549e-06,-8.9220186137e-08,1.2295482905e-05,-2.2483509107e-07,-5.9767042189e-07,0.24541168495,0.029414880374,0.043926772626,0.04907944222
goe134,ok,,3.2162853348,33212734.419,78195.032178,318249.31464,15121804.95,43367.71368,2846664.664,-3.4085437037e-08,2.3124954547e-08,-2.8529531211e-07,-7.5506473294e-07,9.9042258203e-08,-1.3711698448e-09,5.7482245964e-07,3.3760631728e-07,-6.5299536251e-09,-1.1350999843e-06,-1.2615864603e-06,-5.2303292861e-08,8.7190791852e-06,-1.4138884002e-07,-3.7694926374e-07,0.24672614046,0.028719889336,0.088759179801,0.044948260728
goe137,ok,,3.20501449,33096346.868,61431.173079,289906.61934,15045472.84,36632.822484,2813672.7035,-3.7734038344e-08,1.5272413402e-08,-3.4612298295e-07,-9.1610230776e-07,1.0499200913e-07,2.451034532e-08,8.145516546e-07,4.2932863899e-07,-1.0143051747e-08,-7.6497354037e-07,-1.2465440301e-06,-8.3193622546e-08,1.0320230195e-05,-1.9715348055e-07,-5.250353137e-07,0.2457258177,0.028844054551,0.046993221959,0.050038863675
goe13k,ok,,3.2588200532,33651966.067,218462.94207,785867.80917,15075137.095,123499.02012,2919864.0287,-2.8035555958e-08,1.1997914513e-08,-1.0986432577e-07,-2.9300856467e-07,8.2114004133e-08,-5.9355111806e-08,2.6629373446e-07,1.561772443e-07,1.1709316782e-09,-8.5590651809e-07,-6.4018956493e-07,-4.6309448185e-08,3.0621302593e-06,1.9772843028e-08,4.2041974e-08,0.2441970902,0.037455231092,0.18698385608,0.058175312685
goe14,ok,,3.2591284887,33655151.103,83473.513238,420569.01245,15108573.465,55943.454637,2924818.5235,-4.5720186439e-08,1.0650982072e-08,-3.5380944651e-07,-9.3270581514e-07,1.1514684909e-07,3.6564269432e-08,9.1322114051e-07,4.3010231664e-07,-1.867328653e-08,-5.7195007878e-07,-6.4781169996e-07,-7.6281052348e-08,6.7572902956e-06,-2.4549882759e-07,-6.4015925487e-07,0.23864575293,0.043689434826,0.047742682473,0.076229776962
goe140,ok,,3.2219214522,33270935.372,61398.258064,304355.65957,15088206.198,38447.67147,2850657.3872,-4.3232088143e-08,1.4937937118e-08,-4.0023628383e-07,-1.0577225752e-06,1.1346796417e-07,4.1985409923e-08,9.6714668758e-07,4.8715909168e-07,-1.537149786e-08,-6.6703542825e-07,-1.0537638789e-06,-8.6908991369e-08,9.8332491481e-06,-2.5554928256e-07,-6.7467180226e-07,0.24502443768,0.034334578478,0.040954813361,0.059381121909
goe142,ok,,3.1938347577,32980900.183,33916.68559,173506.92549,15087240.227,20529.789398,2795689.1065,-4.3513512917e-08,2.1603511077e-08,-5.4509244838e-07,-1.4417967736e-06,1.1275416283e-07,4.5583539411e-08,1.3052399643e-06,6.7260693404e-07,-1.4217100957e-08,-1.0781739281e-06,-2.0930472485e-06,-1.2749713771e-07,1.8418335236e-05,-3.1485812757e-07,-8.3510019971e-07,0.246026177,0.025389325418,0.036568086129,0.044269413488
goe143,ok,,3.2008178124,33053010.185,44799.343204,218197.31713,15083902.384,26721.143198,2810201.3761,-3.8415772893e-08,1.1516165253e-08,-4.1382222424e-07,-1.0953444856e-06,1.0549538056e-07,5.5572160595e-08,9.8158946481e-07,5.146034995e-07,-1.0378909894e-08,-3.5782812305e-07,-1.4493702574e-06,-1.0076344141e-07,1.4149376061e-05,-2.318616085e-07,-6.1768607517e-07,0.24557616868,0.025222493009,0.016030464893,0.043974563319
goe14k,ok,,3.2060394271,33106930.805,147065.81817,532263.93346,15037917.405,76900.770137,2813932.3743,-2.4891425361e-08,9.8604402196e-09,-8.3423198806e-08,-2.2177236175e-07,8.7465068655e-08,-4.6094303115e-08,1.944939234e-07,1.2093752499e-07,3.2662909015e-10,-1.4322869313e-06,-1.1088021312e-06,-3.7511292768e-08,4.9188670584e-06,1.1736276674e-08,2.6048545166e-08,0.24736984558,0.017550057508,0.21064044941,0.028603407974
goe144,ok,,3.1848851902,32888483.132,44172.411221,245420.87537,14956975.144,28027.685581,2761728.892,-4.3792237817e-08,1.0579178876e-08,-4.5959462143e-07,-1.2180281428e-06,1.0486744885e-07,1.6891264196e-08,1.213859627e-06,5.9561988601e-07,-1.0085796933e-08,-6.2772884998e-07,-1.4372436432e-06,-1.3600401494e-07,1.3485491713e-05,-1.8208586808e-07,-4.9109836739e-07,0.24325862339,0.030796108338,0.027728296897,0.053619106608
goe147,ok,,3.1993006049,33037342.853,37634.96592,201234.38727,15080313.679,23131.338194,2806374.5963,-3.9653641386e-08,-1.4963021908e-09,-4.621229227e-07,-1.221031021e-06,1.1225901278e-07,1.3614721688e-07,1.1393862453e-06,5.7138179658e-07,-1.4039194244e-08,9.5489469506e-07,-1.0833026464e-06,-1.0923828158e-07,1.6349507098e-05,-3.3140784935e-07,-8.7427398007e-07,0.24561288118,0.023286627768,-0.035937429306,0.042880762511
goe15,ok,,3.2488371237,33548878.078,76514.391146,421562.07031,15013872.408,53583.612719,2891387.7198,-5.2330404481e-08,1.7877850286e-08,-4.0843742978e-07,-1.0776394102e-06,1.2434117276e-07,-4.4443582485e-09,1.105022731e-06,4.9723359401e-07,-2.3623566264e-08,-1.0695349501e-06,-7.9494649482e-07,-8.8783568609e-08,7.0528705714e-06,-2.7624645922e-07,-7.237246767e-07,0.23813390659,0.04858359129,0.081834815517,0.084550141469
goe155,ok,,3.2068604506,33115409.045,44492.761661,255698.35605,15046247.265,29649.426534,2814332.5669,-4.9206462282e-08,2.4200630563e-08,-5.0822534379e-07,-1.3434948149e-06,1.1812579948e-07,-1.0180849959e-08,1.3763762454e-06,6.3865585831e-07,-1.8190395063e-08,-1.5295532075e-06,-1.6447479711e-06,-1.3041159295e-07,1.2752271124e-05,-2.8967759435e-07,-7.6587140598e-07,0.24641339393,0.034256243484,0.068054046311,0.061238780245
goe15k,ok,,3.2367518482,33424080.368,225127.15984,784511.36702,15056337.993,120909.09366,2876206.915,-2.464948639e-08,7.6895399142e-09,-6.6013587475e-08,-1.7602400105e-07,8.522423112e-08,-3.843789008e-08,1.5577014834e-07,9.6011659073e-08,3.6072364374e-10,-9.493301888e-07,-7.0544380033e-07,-2.9996215974e-08,3.1283564246e-06,1.066654305e-08,2.2113499224e-08,0.24647435006,0.021942070348,0.21372000915,0.035068091082
goe164,ok,,3.2236909168,33289207.619,55129.353865,353917.90338,14988115.852,39693.788681,2842701.5536,-5.1464381847e-08,1.0349386004e-08,-4.529399977e-07,-1.200502676e-06,1.0374547682e-07,-1.6546447951e-09,1.3759461476e-06,5.9300464749e-07,-1.0775625303e-08,-5.168307811e-07,-1.0252812179e-06,-1.4005177279e-07,9.521034116e-06,-1.3784928297e-07,-3.7401498093e-07,0.24418673574,0.044037131487,0.028492547019,0.075855022071
goe16k,ok,,3.2736361003,33804962.89,321507.20132,1075912.1318,15065969.737,178136.6501,2950008.7049,-2.437638323e-08,6.1994005544e-09,-5.4100949333e-08,-1.4478470477e-07,8.2732544096e-08,-3.3111515542e-08,1.2905881079e-07,7.8826312413e-08,3.9222996454e-10,-6.7321551813e-07,-4.7873676673e-07,-2.4724123471e-08,2.123234736e-06,9.7589256269e-09,1.8682116242e-08,0.24548027797,0.026608726841,0.21644363712,0.041493337062
goe167,ok,,3.2199230927,33250299.459,79538.107062,350485.47955,15063308.5,46589.389403,2847291.4711,-3.4614349589e-08,1.5427721267e-08,-2.760666965e-07,-7.3057243811e-07,1.0263069524e-07,1.7504064082e-08,6.2106914807e-07,3.3658187238e-07,-8.9797855072e-09,-8.5714566774e-07,-1.065026244e-06,-6.050707615e-08,8.1142797125e-06,-1.7638016225e-07,-4.6904746258e-07,0.24662074915,0.028661532137,0.068175743888,0.049398664392
goe173,ok,,3.213746885,33186521.304,50320.751223,284732.89363,15048025.135,33651.972911,2828185.8957,-5.2490038175e-08,2.0583018101e-08,-5.1286294491e-07,-1.3558975728e-06,1.2145660415e-07,2.3436149429e-08,1.344237147e-06,6.3074020992e-07,-1.9823450094e-08,-9.119428849e-07,-1.2569810439e-06,-1.1785919434e-07,1.1233625172e-05,-2.8786079243e-07,-7.6153526889e-07,0.24500012345,0.039376159382,0.04588965104,0.067643023059
goe165,ok,,3.2275848514,33329418.048,79784.608208,437866.6917,14649393.707,54739.869423,2845268.9483,-3.5897030396e-08,-2.9249228755e-09,-2.5683232741e-07,-7.0310212493e-07,8.7187647503e-08,1.8676913426e-08,7.64230439e-07,3.5499257411e-07,-6.8642568683e-11,3.2689670373e-07,-6.5246305321e-07,-9.8148320883e-08,6.8129281356e-06,8.8114126125e-09,-3.5480767878e-08,0.24418592723,0.038013603733,-0.026081325432,0.060973826156
goe174,ok,,3.2170201691,33220322.633,59068.920986,308863.46165,15056863.039,37735.772757,2837300.2383,-4.5589148612e-08,1.4649544377e-08,-4.2226985608e-07,-1.1169938794e-06,1.11781967e-07,2.8881390876e-08,1.0690276576e-06,5.2541504456e-07,-1.4653318968e-08,-6.4512045782e-07,-1.0944461576e-06,-1.0312811013e-07,1.0018052654e-05,-2.2729915551e-07,-6.0331164462e-07,0.24483986668,0.036595731107,0.038106569349,0.063146310237
goe177,ok,,3.2007143077,33051941.351,44141.364149,249875.89983,15030992.969,28714.990647,2800850.9712,-4.7057861112e-08,1.2157899782e-08,-4.9620083735e-07,-1.3115240918e-06,1.142720285e-07,4.7306789554e-08,1.299677433e-06,6.2257692591e-07,-1.5428445305e-08,-4.9879865753e-07,-1.3207253364e-06,-1.2635439467e-07,1.3169391231e-05,-2.6529004476e-07,-7.0088733544e-07,0.24599746481,0.032722861014,0.022017653179,0.057369534848
goe176,ok,,3.2224529143,33276423.477,70976.793122,371354.72844,14979939.248,45787.338469,2845401.1231,-4.0467272243e-08,4.8202304202e-09,-3.3192260638e-07,-8.8407580443e-07,9.9100870416e-08,2.935912237e-08,8.8484479351e-07,4.3127196103e-07,-7.6861348275e-09,-1.0304986398e-07,-8.2311231533e-07,-9.9338224555e-08,8.2413392185e-06,-1.1596025072e-07,-3.2629811178e-07,0.24433461025,0.036837399318,0.0073141488771,0.062803445853
goe178,ok,,3.2041638874,33087563.183,52940.313707,272475.579,15027752.366,32923.685728,2810782.3658,-3.8959865373e-08,6.8486610981e-09,-3.753366397e-07,-9.9504160951e-07,1.0225410045e-07,4.0420670416e-08,9.513776756e-07,4.7985681639e-07,-8.687272277e-09,-2.0282918578e-07,-1.1370395809e-06,-1.0450594426e-07,1.1479701091e-05,-1.6767205873e-07,-4.5244448502e-07,0.24568727523,0.029107181955,0.010737840724,0.0503662326
goe180,ok,,3.2073338883,33120297.964,62292.941011,288026.96822,15070125.933,36702.619969,2821014.4762,-3.7810368005e-08,1.5886488209e-08,-3.4740021079e-07,-9.1972611413e-07,1.0100853004e-07,1.1990190542e-08,8.0347073234e-07,4.3318283325e-07,-8.0098468292e-09,-7.547461901e-07,-1.2398975618e-06,-8.577251295e-08,1.0301666626e-05,-1.5544609572e-07,-4.1564913035e-07,0.24529822797,0.030021313074,0.047015359898,0.050050554934
goe182,ok,,3.2199023556,33250085.319,55892.157779,323548.54584,14991363.748,37721.880728,2841445.9341,-4.3660530239e-08,-2.5870564368e-09,-3.974314082e-07,-1.0568415383e-06,1.0774361142e-07,8.3771948124e-08,1.1108166143e-06,5.110071895e-07,-1.2957321841e-08,3.942093765e-07,-7.5027268028e-07,-1.1355926464e-07,1.0003119506e-05,-2.0297363288e-07,-5.5434050257e-07,0.24321776345,0.034795607006,-0.022033212669,0.062085937468
goe187,ok,,3.2080758638,33127959.92,56720.9387,264950.50667,15077251.282,33745.490252,2822927.2073,-4.3443525882e-08,2.9377424609e-08,-4.362588815e-07,-1.1531150848e-06,1.1866598508e-07,3.154068249e-08,9.5528585879e-07,5.1033443551e-07,-1.6837415539e-08,-1.2492567344e-06,-1.4762256335e-06,-7.4062295423e-08,1.1202257908e-05,-3.0440858907e-07,-8.0437685775e-07,0.24637708591,0.03224881835,0.070859014651,0.054184710638
goe188,ok,,3.2056820361,33103240.234,66708.975784,288925.77824,15064100.477,38070.2641,2817905.4123,-3.7820123936e-08,2.8260090516e-08,-3.5349986165e-07,-9.3456285088e-07,1.0931523482e-07,2.022355501e-08,7.2035588443e-07,4.0739791897e-07,-1.1375352137e-08,-1.2103374332e-06,-1.3925222753e-06,-5.3886685167e-08,9.9311774978e-06,-2.3138686124e-07,-6.1205779452e-07,0.24650641603,0.029851597737,0.080740370523,0.04805420325
goe184,ok,,3.2125680727,33174348.385,54286.370433,294809.37566,15047284.581,35144.190521,2827236.5493,-4.3765370766e-08,9.7529328076e-09,-4.1454184767e-07,-1.0960796088e-06,1.0844501611e-07,3.3917498146e-08,1.1010665685e-06,5.280007514e-07,-1.3030511894e-08,-4.8376790221e-07,-1.1163513209e-06,-1.1344121257e-07,1.075939529e-05,-2.1416259214e-07,-5.6707170997e-07,0.24471799369,0.033657319768,0.026262003543,0.059772907608
goe190,ok,,3.2300908585,33355296.147,89968.265997,482460.56858,14568984.752,62040.460774,2846568.4583,-3.445203595e-08,-5.3636004977e-09,-2.2463241269e-07,-6.1993728579e-07,8.4492778019e-08,8.6362202385e-09,6.9974520333e-07,3.2154891288e-07,9.1321717667e-10,2.511472555e-07,-5.7511564716e-07,-9.6904433222e-08,5.9935932481e-06,2.5226154549e-08,2.0621706389e-09,0.24074024428,0.038491995334,-0.022595283087,0.062954862583
goe195,ok,,3.2116762569,33165139.116,51299.197179,297936.66738,14984112.093,34517.446432,2824263.8935,-4.1623485679e-08,5.4436396652e-09,-3.8593159786e-07,-1.0286248506e-06,9.1906267934e-08,-3.9957013519e-09,1.141443931e-06,5.2855105193e-07,-2.9866627827e-09,-2.6988735464e-07,-1.2228955012e-06,-1.4259999046e-07,1.0931293343e-05,-4.4735822845e-08,-1.4231733483e-07,0.24529006991,0.034301370662,0.013845004622,0.058555157284
goe198,ok,,3.2391704492,33449055.873,59914.253793,339838.99027,15101816.985,41243.512192,2885398.635,-4.9924972438e-08,2.4167223004e-08,-4.3618050552e-07,-1.1528294685e-06,1.0943476299e-07,-5.7285053066e-08,1.2394022012e-06,5.5870346982e-07,-1.4802609194e-08,-1.5418209376e-06,-1.2783911759e-06,-1.2250543401e-07,9.1684851014e-06,-1.9426614534e-07,-5.1295931562e-07,0.2452459198,0.042377505304,0.092377050958,0.074257858033
goe199,ok,,3.2231450799,33283571.074,54774.515448,261915.1002,15150881.284,33218.20639,2860272.3663,-4.6067244384e-08,3.3638597315e-08,-4.634727579e-07,-1.2236677647e-06,1.2027788452e-07,-5.9585365513e-09,1.0610428056e-06,5.5192518879e-07,-1.8843567656e-08,-1.8487905705e-06,-1.6305320095e-06,-8.8436026966e-08,1.1382761366e-05,-3.1636868717e-07,-8.3147550497e-07,0.24709069409,0.033849519201,0.10126660766,0.058118105546
goe207,ok,,3.248875861,33549278.095,62826.996831,345628.02647,15118228.256,43112.100132,2906067.2156,-4.950841546e-08,7.2004450151e-09,-4.3354066311e-07,-1.1428282253e-06,1.2652094357e-07,7.106986352e-08,1.1493479156e-06,5.2594803042e-07,-2.3970549523e-08,-4.5282455375e-07,-7.196577646e-07,-9.2392761887e-08,8.7681552932e-06,-3.3348538205e-07,-8.7095978823e-07,0.24244638744,0.04022377857,0.028449606803,0.072210077849
goe210,ok,,3.1943721066,32986449.077,40084.590717,202319.8363,15062545.502,24384.920503,2793261.3083,-4.5617703316e-08,3.2545896527e-08,-5.279506806e-07,-1.396963633e-06,1.1256771204e-07,6.681471738e-10,1.2502680097e-06,6.4693600506e-07,-1.3869878335e-08,-1.6134606642e-06,-2.0856598739e-06,-1.1896692412e-07,1.5504844316e-05,-2.6867959976e-07,-7.1450901037e-07,0.24634773727,0.029781793336,0.064674910361,0.050116481455
goe217,ok,,3.3274425794,34360591.547,191488.95464,869341.79699,14505200.264,137670.40304,3050407.902,-2.9179248896e-08,-5.801018344e-09,-1.2009555006e-07,-3.4113789605e-07,8.0046534852e-08,1.3393463443e-08,3.5872148007e-07,1.6715950034e-07,-2.8396313425e-10,1.9975747637e-07,-2.176491472e-07,-4.7059031184e-08,2.6851253134e-06,5.7935707871e-09,-5.3138810068e-08,0.23654816845,0.045236625645,-0.038251350332,0.068691201226
goe222,ok,,3.3008675887,34086166.856,227969.11105,933695.53338,14713448.911,150135.12502,2985787.9428,-2.9757350714e-08,5.0494932384e-10,-1.1583952871e-07,-3.2160417965e-07,8.0292561155e-08,-2.2178983712e-08,3.2760313868e-07,1.6636495626e-07,1.0133897103e-09,-1.9259519416e-07,-3.289344266e-07,-5.0522083808e-08,2.4921767368e-06,1.9690946007e-08,2.6168962775e-09,0.24011378959,0.048378429421,0.043905755204,0.074683396301
goe223,ok,,3.2821607603,33892992.166,219593.51892,903469.64379,14618627.278,142237.4658,2944295.1685,-2.7783669707e-08,-5.7450123446e-10,-1.0250296055e-07,-2.8715143054e-07,8.27607616e-08,-1.229650804e-08,2.747203148e-07,1.4440029167e-07,1.1786261474e-10,-1.4209805447e-07,-3.2431805072e-07,-4.1893906128e-08,2.6260717662e-06,9.103249544e-09,-2.8647497106e-08,0.24022282914,0.039865539957,0.031203811813,0.060326800647
goe225,ok,,3.2741661735,33810436.652,110999.47375,598225.94366,14812956.648,80432.294347,2941663.8768,-3.9228564496e-08,2.9682344532e-09,-2.3613373447e-07,-6.4050076414e-07,8.4558331082e-08,-1.818132713e-08,7.6636854925e-07,3.3285730473e-07,-5.626749219e-10,-2.0419041001e-07,-5.7822881844e-07,-9.6713722209e-08,4.6619728604e-06,2.4904035758e-09,-3.7681138826e-08,0.24302943043,0.050780856716,0.022665028057,0.085066505667
goe226,ok,,3.2814566726,33885721.456,123685.73319,674938.83434,14759396.701,92022.181449,2947136.8074,-3.9202182116e-08,8.8026704322e-10,-2.2166378947e-07,-6.0062294994e-07,8.6153797842e-08,-3.3117847929e-09,7.2792021536e-07,3.0887739062e-07,-2.1413711686e-09,-8.7410515272e-08,-4.590306551e-07,-8.7204954281e-08,4.0773558955e-06,-1.4864919003e-08,-8.065108752e-08,0.24075532621,0.053486864193,0.01081143367,0.090033345541
goe227,ok,,3.2785704024,33855916.599,134225.92265,691929.59277,14702616.454,97370.844772,2940207.47,-3.6305942813e-08,5.841696307e-10,-1.9449748917e-07,-5.3203410257e-07,8.1911490474e-08,-1.7190406621e-08,6.2996098646e-07,2.7860789643e-07,1.1427880069e-09,-1.0916353958e-07,-4.660898713e-07,-8.4103176226e-08,3.8430248289e-06,2.1636246017e-08,7.1280282194e-09,0.24192237107,0.051972545064,0.01465257682,0.084557094639
goe228,ok,,3.2957252972,34033065.359,206074.08192,881110.82564,14769339.197,136953.78888,2976428.3859,-3.1512537105e-08,1.5901488692e-09,-1.3649617872e-07,-3.7292127365e-07,8.3569591978e-08,-9.1919270542e-09,3.7311376806e-07,1.8668276688e-07,-1.0655198719e-09,-1.5837940621e-07,-3.2925392251e-07,-5.0182892154e-08,2.7410731972e-06,-7.4449202641e-09,-5.8800656911e-08,0.23978340966,0.049145353169,0.032637890729,0.076889077204
goe229,ok,,3.2886946138,33960463.524,233191.78184,950151.93475,14576436.997,151997.0281,2953173.3405,-2.7730573241e-08,-6.5406773816e-10,-9.9312169016e-08,-2.7937347186e-07,8.2484636029e-08,-1.2694935796e-08,2.6595599202e-07,1.3988391114e-07,2.209366308e-10,-1.4852700926e-07,-3.0550050492e-07,-4.0568245686e-08,2.4548015872e-06,9.8694437551e-09,-2.8607110968e-08,0.23999914451,0.041421199825,0.03463527794,0.06201875167
goe233,ok,,3.2614810274,33679444.422,64974.45914,548873.31593,14547716.566,60105.784434,2900413.157,-4.4730887161e-08,-1.868852859e-09,-3.0960366782e-07,-8.446898239e-07,8.2412419532e-08,2.5698329264e-09,1.3686746555e-06,4.5039933885e-07,1.9988155291e-09,1.4010828227e-07,-7.0769152876e-07,-1.4078220991e-07,6.2044525298e-06,3.4217576988e-08,3.2334411651e-08,0.24379058445,0.051244745512,-0.0091034598614,0.088928895479
goe234,ok,,3.2971734986,34048020.106,94113.953396,691264.43568,14335988.295,84967.745684,2965512.1802,-4.0817890873e-08,-4.0360956467e-09,-2.3629980424e-07,-6.574499323e-07,7.9416436681e-08,1.820014656e-09,1.0329790365e-06,3.4943675824e-07,3.0263509467e-09,1.494112583e-07,-4.9790598408e-07,-1.1312577952e-07,4.3503546677e-06,4.5048448667e-08,4.7108461636e-08,0.24331049251,0.056836874999,-0.0140616842,0.097217740904
goe235,ok,,3.2032380885,33078002.988,38429.448159,186768.2329,15123482.099,22866.34032,2818978.0759,-3.8019622716e-08,1.2863233462e-08,-4.4004107515e-07,-1.1626048399e-06,1.0566852716e-07,5.3617352694e-08,1.0573565262e-06,5.5016290438e-07,-1.0982982364e-08,-6.7635631759e-07,-1.7536817249e-06,-1.1009915025e-07,1.6541272937e-05,-2.6735348157e-07,-7.0466686008e-07,0.24499070813,0.022642873846,0.025992000044,0.04063362781
goe238,ok,,3.2090636487,33138160.208,73049.428892,370925.26768,14915654.968,46453.900377,2807600.4381,-3.9309355824e-08,7.9332525919e-09,-3.2292333458e-07,-8.5509220822e-07,1.1116101114e-07,5.1031862009e-08,8.0876490377e-07,3.984508873e-07,-1.4551607863e-08,-4.0424064417e-07,-8.0893553684e-07,-7.5516587417e-08,8.1324378446e-06,-2.4101135464e-07,-6.4188633735e-07,0.24022720691,0.032588733549,0.029529548191,0.059079814328
goe239,ok,,3.2384126328,33441230.339,90822.38876,455348.71457,14985614.929,58919.251348,2877241.7366,-3.7993209414e-08,5.4799504894e-09,-2.6893612716e-07,-7.1723696976e-07,9.2573630573e-08,-2.4181357599e-09,7.4268175951e-07,3.6071316165e-07,-4.5808721595e-09,-3.2755358718e-07,-7.353599328e-07,-9.1767157512e-08,6.405792912e-06,-6.2320409399e-08,-1.8464739486e-07,0.24387333189,0.039610684385,0.029749199235,0.067452131487
goe240,ok,,3.2055367064,33101739.497,46088.331846,247397.13975,15068454.446,29400.055128,2814370.5349,-4.7816958508e-08,2.561529543e-08,-4.9960117981e-07,-1.3203610354e-06,1.1403604473e-07,-8.5463385865e-09,1.273841546e-06,6.2341893657e-07,-1.5661516557e-08,-1.4535894572e-06,-1.6528315895e-06,-1.2379811756e-07,1.2862694654e-05,-2.6039500704e-07,-6.8741063887e-07,0.24570743147,0.033866946481,0.066993513271,0.058709231891
goe241,ok,,3.3313563012,34401006.307,204393.38339,931510.86267,14557932.858,149181.20714,3045482.056,-3.4246013181e-08,-9.293214124e-10,-1.5018060886e-07,-4.1836334175e-07,8.3104886335e-08,6.2838187918e-09,4.5249326032e-07,2.0437991433e-07,-1.8066912821e-09,1.3103150397e-08,-2.6616656591e-07,-5.4194598518e-08,2.4898112557e-06,-7.9555070807e-09,-8.0719694663e-08,0.23771309017,0.059558522903,-0.0026781972427,0.092486628438
goe242,ok,,3.2855126491,33927605.199,141501.85836,736895.75141,14485889.242,105666.50966,2947445.5377,-3.5344506441e-08,-5.7537681674e-10,-1.828045013e-07,-5.0819375596e-07,8.4569376623e-08,6.2634374308e-09,5.8349278471e-07,2.5375542474e-07,-3.9910173792e-10,1.0032328589e-07,-3.9574519922e-07,-7.0944348963e-08,3.5130927401e-06,8.0877398669e-09,-4.3212148047e-08,0.24241883633,0.052593294701,-0.01419593139,0.082565313375
goe243,ok,,3.3419105522,34509994.006,196393.09574,941777.43432,14510249.23,150355.40496,3062946.4957,-3.2773131338e-08,-3.512513937e-09,-1.3910372984e-07,-3.9055837515e-07,7.7829923642e-08,2.4794615481e-09,4.5774736047e-07,1.9699187724e-07,9.8075683067e-10,1.0331305044e-07,-2.4812584635e-07,-5.7883809214e-08,2.4665066904e-06,2.1047500274e-08,-8.5499610269e-09,0.23685064682,0.058418184896,-0.020289969806,0.089898421191
goe255,ok,,3.2790156573,33860514.49,251784.42119,948687.8091,14844787.383,151014.69991,2951510.8687,-2.618734536e-08,1.9210994028e-09,-8.4579263396e-08,-2.3250570554e-07,8.3944184898e-08,-1.0304708534e-08,2.0053546361e-07,1.1441499426e-07,-8.4415356062e-10,-3.0204606164e-07,-3.4283939297e-07,-2.9833631493e-08,2.4912394866e-06,-1.3101311718e-08,-6.6849369386e-08,0.24080777186,0.032684278708,0.076050492804,0.050491705633
goe244,ok,,3.3502207594,34595808.751,178780.34071,910838.44131,14611582.233,142274.62253,3082469.3636,-3.9621269635e-08,-2.5203797632e-10,-1.8457101552e-07,-5.093631681e-07,8.2526451623e-08,9.0602275643e-09,6.2143082643e-07,2.5135639805e-07,-2.2032517643e-09,3.6953273548e-08,-2.7605801581e-07,-6.6779537601e-08,2.6147288257e-06,-8.4953276589e-09,-7.8946498494e-08,0.23671615494,0.069819872878,-0.0066065188353,0.11109961488
goe256,ok,,3.2657161615,33723178.223,217158.83243,806500.34681,15026075.374,125409.37516,2934694.6823,-2.7013291577e-08,6.0253646284e-09,-1.0211308434e-07,-2.727563804e-07,8.6167089368e-08,-1.0264401781e-08,2.3137903542e-07,1.3266942817e-07,-2.2181233414e-09,-5.1946114337e-07,-4.6055857944e-07,-3.055378912e-08,3.0128286211e-06,-4.1571417511e-08,-1.2065070527e-07,0.24070211287,0.030571521946,0.11280557539,0.05024600118
goe257,ok,,3.2154604728,33204216.548,67712.030843,288596.22658,15121489.212,38331.112892,2844249.6817,-3.4849592831e-08,2.2606178386e-08,-3.0877838293e-07,-8.1604011769e-07,1.0358029644e-07,5.0319398049e-09,6.6433114754e-07,3.7208797786e-07,-9.0602594705e-09,-1.3691431792e-06,-1.452275234e-06,-6.329794827e-08,9.8657091413e-06,-1.9554164803e-07,-5.1624813909e-07,0.24856201057,0.026371561756,0.09270746518,0.044983211153
goe264,ok,,3.2139531954,33188651.754,39188.729478,246712.64498,15076886.993,27470.011844,2830826.7791,-5.3907264963e-08,2.1103959553e-08,-5.7391163465e-07,-1.5140889219e-06,1.2062408256e-07,-1.8769166126e-08,1.6418240974e-06,7.2420282227e-07,-2.0008826131e-08,-1.589615523e-06,-1.5890652517e-06,-1.5026982797e-07,1.3767534039e-05,-3.0843935706e-07,-8.0433937152e-07,0.24659465569,0.036161315177,0.062295012706,0.064341000406
goe265,ok,,3.2374306701,33431090.173,42314.697679,341978.47922,15021467.93,35345.3723,2872858.2869,-6.3432265393e-08,-2.0283775756e-10,-5.7706506577e-07,-1.5234461538e-06,1.3416900918e-07,7.8954792742e-08,1.9987055699e-06,7.3155137353e-07,-2.9521069049e-08,-9.7911669488e-08,-8.0169353935e-07,-1.5446369914e-07,1.0695738535e-05,-3.5106278592e-07,-9.2203091375e-07,0.24240083949,0.045996557427,0.0041431026936,0.08457462194
goe269,ok,,3.2137490586,33186543.749,38618.412989,228791.29603,15099695.316,25936.919283,2836121.3868,-4.9902909069e-08,1.4021836626e-08,-5.4889989123e-07,-1.4519085869e-06,1.1630448204e-07,3.0142540953e-08,1.5173943615e-06,6.968858568e-07,-1.7685672163e-08,-8.8825245111e-07,-1.5480870577e-06,-1.4795801206e-07,1.4576698134e-05,-2.9634235662e-07,-7.862936948e-07,0.24573677493,0.032660186271,0.034302899996,0.058599362121
goe274,ok,,3.223791966,33290251.096,67326.951409,297639.54514,15147879.116,39467.051093,2861992.6759,-4.0643689127e-08,2.5936755244e-08,-3.7135566604e-07,-9.8236727929e-07,1.0510246672e-07,-7.5131268281e-09,8.2533447359e-07,4.5023105214e-07,-1.0606506765e-08,-1.2622693276e-06,-1.3379383105e-06,-7.8862802364e-08,9.5801014532e-06,-1.854169033e-07,-4.925502568e-07,0.24603246907,0.034001423587,0.084984745683,0.055567253999
goe275,ok,,3.1952531097,32995546.692,50955.6428,247245.2649,15026743.765,30644.760827,2790870.8942,-4.4985618267e-08,2.3890548956e-08,-4.6846817777e-07,-1.2407337531e-06,1.1236637103e-07,2.9004750329e-08,1.0665048268e-06,5.6483198507e-07,-1.3998081559e-08,-9.1693377705e-07,-1.4421650138e-06,-9.6349950522e-08,1.2332238742e-05,-2.5116728718e-07,-6.7118834062e-07,0.24224304177,0.033053580836,0.046722950015,0.054344438998
goe276,ok,,3.2064416506,33111084.338,47429.613376,215025.20491,15130930.379,27275.10753,2826088.4736,-4.0631741776e-08,2.9656526419e-08,-4.4484468221e-07,-1.1764879338e-06,1.076357575e-07,2.7920822018e-09,9.7517081749e-07,5.3849024475e-07,-1.1179577195e-08,-1.5845480058e-06,-1.8990401562e-06,-9.3627279819e-08,1.3864454642e-05,-2.3527414231e-07,-6.2390115684e-07,0.24752017347,0.027884947203,0.075154499291,0.046251974849
goe277,ok,,3.2063005197,33109626.959,58982.3373,273500.11942,15071382.289,34798.745428,2818955.6835,-3.8738603138e-08,1.8484918625e-08,-3.7016457336e-07,-9.7949666614e-07,1.0655426048e-07,2.4959398022e-08,8.4303247663e-07,4.5191081133e-07,-1.0896395511e-08,-8.8672249777e-07,-1.3259251071e-06,-8.1733804956e-08,1.0864383779e-05,-2.1379039157e-07,-5.6846171386e-07,0.24563213692,0.02923780944,0.052300965455,0.049724025891
goe278,ok,,3.2005352705,33050092.537,49748.9977,230338.84181,15083954.548,29151.129431,2807769.7526,-4.1491399201e-08,3.0919519818e-08,-4.4126047445e-07,-1.166494787e-06,1.105590803e-07,3.3894782733e-09,9.7907674085e-07,5.2989929911e-07,-1.2771358506e-08,-1.6142758844e-06,-1.8069000195e-06,-8.862388101e-08,1.2971992483e-05,-2.5539952419e-07,-6.7534961789e-07,0.24582232369,0.029176517828,0.080308607261,0.048708086529
goe279,ok,,3.2085674404,33133036.149,52483.115042,242290.60339,15117842.55,30980.788963,2827029.3489,-4.456857854e-08,3.6580917776e-08,-4.6580473096e-07,-1.2303244859e-06,1.1357774054e-07,-6.6516852067e-09,1.0238295842e-06,5.5296811687e-07,-1.4584593924e-08,-1.7213071288e-06,-1.7607829337e-06,-8.7150452429e-08,1.2206883234e-05,-2.6495865255e-07,-6.9703536415e-07,0.24582622636,0.032823361834,0.090339560062,0.053733765853
goe280,ok,,3.2130691553,33179522.778,57498.044027,253996.86523,15130837.713,33227.772324,2838752.3064,-4.1279466685e-08,3.1857977618e-08,-4.1713092865e-07,-1.102290855e-06,1.132447483e-07,1.4984393333e-08,8.8226842739e-07,4.8763985316e-07,-1.4061038451e-08,-1.4949216873e-06,-1.5983743184e-06,-7.0498547429e-08,1.137925149e-05,-2.712073789e-07,-7.1570874822e-07,0.2468745873,0.030773264762,0.085955072995,0.050728708881
goe281,ok,,3.2072460313,33119390.715,56862.854799,263839.59377,15086304.458,33584.055147,2821809.3026,-4.0736905082e-08,2.5822427748e-08,-4.0004994993e-07,-1.0581538687e-06,1.0842207764e-07,1.0577092386e-09,9.1157079722e-07,4.8798503245e-07,-1.1895510614e-08,-1.3680751302e-06,-1.5538714175e-06,-8.7921094384e-08,1.1258274019e-05,-2.2261806536e-07,-5.90648814e-07,0.24659492242,0.030657760221,0.077792657484,0.051834517881
goe282,ok,,3.2233301453,33285482.139,76506.251589,346537.41141,15103486.299,45370.163956,2856175.0899,-3.7994707749e-08,1.6206456898e-08,-3.1351159789e-07,-8.3003610774e-07,9.9577921334e-08,-6.26221723e-09,7.4189377473e-07,3.9605509874e-07,-7.8881580997e-09,-8.8702425432e-07,-1.0921395675e-06,-8.2533569087e-08,8.3334209143e-06,-1.3453272827e-07,-3.6004154099e-07,0.24560865046,0.033655949812,0.067862900767,0.056759511782
goe284,ok,,3.2925304049,34000073.539,232837.03422,890188.75535,14979345.328,140968.51278,2989771.0626,-2.6783441578e-08,1.9759315523e-09,-9.5793205875e-08,-2.578808136e-07,8.4535336769e-08,2.9932502015e-09,2.2619212567e-07,1.2512175031e-07,-2.4246111733e-09,-2.7177899312e-07,-3.1694825828e-07,-2.9326170219e-08,2.6763874048e-06,-4.4455151677e-08,-1.3491423572e-07,0.23798184917,0.031839070278,0.063280214721,0.052665903704
goe285,ok,,3.2289588856,33343606.912,115123.01949,459223.28786,15085173.229,64808.408474,2869299.8615,-2.86102496e-08,7.7960633168e-09,-1.6447230936e-07,-4.3725053862e-07,9.090290995e-08,6.3135444464e-09,3.5711157036e-07,2.0533780398e-07,-3.3883066961e-09,-5.4542769053e-07,-7.3601284209e-07,-4.0859826751e-08,5.8318645185e-06,-8.0213672767e-08,-2.211531945e-07,0.24279117214,0.024862912586,0.062791282649,0.041111762277
goe286,ok,,3.2146780798,33196137.219,71313.426004,313488.63116,15091119.38,41185.531163,2839409.2066,-3.4367125126e-08,1.3107039902e-08,-2.9103266964e-07,-7.6997332894e-07,1.0286428346e-07,3.6704555999e-08,6.4396936375e-07,3.5242346839e-07,-9.175837241e-09,-6.2850131043e-07,-1.0687918217e-06,-6.138064103e-08,9.1795519086e-06,-1.9610668469e-07,-5.2066028385e-07,0.24505580814,0.026469220933,0.044820581695,0.045923661571
goe287,ok,,3.2124455632,33173083.3,64255.824876,312155.09305,15036394.785,39484.107811,2827237.9742,-3.9154190197e-08,1.4919511314e-08,-3.5073953789e-07,-9.2739868258e-07,1.1068292435e-07,3.7311205883e-08,8.4247416352e-07,4.2905116185e-07,-1.3510079759e-08,-7.503868453e-07,-1.1267885434e-06,-7.8301123062e-08,9.5740396889e-06,-2.4429460916e-07,-6.4656899679e-07,0.24578302299,0.030362948119,0.048216725721,0.054133872313
goe289,ok,,3.2669406012,33735822.31,203349.61758,832897.00399,14804805.406,126537.39953,2917637.5403,-2.9749667857e-08,2.5697325832e-09,-1.2656023861e-07,-3.4318126953e-07,8.6547565806e-08,-7.795259702e-09,3.1982020644e-07,1.7073573334e-07,-2.3586349539e-09,-3.0260972166e-07,-3.744966143e-07,-4.4171807887e-08,2.9744824711e-06,-3.0814278783e-08,-1.1120683194e-07,0.23837233194,0.040079230009,0.061535571175,0.065035316673
goe288,ok,,3.2892064838,33965749.312,202168.79582,828325.84173,14846154.934,127883.68029,2977445.6653,-2.8035207122e-08,-1.4337428725e-09,-1.1071991059e-07,-3.0380010562e-07,8.3136813403e-08,-2.3173974519e-09,2.9359147896e-07,1.5433210418e-07,-1.0629743905e-09,-1.3623714938e-07,-3.1324796456e-07,-4.3608662898e-08,2.9363641449e-06,-1.3893654309e-08,-7.458043279e-08,0.23888457623,0.036576162073,0.027542900435,0.059355035764
goe290,ok,,3.2755787488,33825023.506,221064.83333,834325.94496,14962803.436,129940.01942,2957944.4827,-2.5193760784e-08,1.3458636719e-09,-7.9684754247e-08,-2.1688857038e-07,8.4195604575e-08,2.9595300804e-09,1.7874637617e-07,1.0359227797e-07,-1.3544931928e-09,-2.7307757331e-07,-3.4861612136e-07,-2.3905181752e-08,2.9009135063e-06,-3.4031150737e-08,-1.1338986245e-07,0.23953692368,0.024658796939,0.060367848231,0.039514537858
goe298,ok,,3.2631041617,33696205.599,126511.28083,533690.13149,15121650.27,76494.337358,2943653.6095,-2.8709719818e-08,-3.0687596287e-10,-1.5008148055e-07,-4.0003382988e-07,8.6303784768e-08,1.0001940379e-08,3.8816374972e-07,2.0288344876e-07,-2.7570267279e-09,-1.7747027152e-07,-4.7481669188e-07,-5.2796088982e-08,4.9393654456e-06,-5.6266711463e-08,-1.6091927114e-07,0.23951383537,0.02765635104,0.022451991358,0.049107093148
goe29b,ok,,3.2501709419,33562651.654,70411.616253,390995.63479,15085030.466,48873.553582,2906357.0704,-4.6287625628e-08,2.5580353681e-09,-3.7604177546e-07,-9.9365413295e-07,1.1263075507e-07,5.9100592358e-08,1.0554841371e-06,4.7318990253e-07,-1.7290579867e-08,-1.6049881893e-07,-6.243217725e-07,-9.7134473814e-08,7.7340550209e-06,-2.323980335e-07,-6.1309694933e-07,0.24051187679,0.041394493237,0.011300981247,0.074318344021
goe300,ok,,3.2309380146,33364044.242,67341.589238,358736.1253,15056497.389,44799.303268,2861308.2461,-4.9995257019e-08,2.1042370236e-08,-4.2827261648e-07,-1.1290190172e-06,1.1975388031e-07,3.7951976479e-09,1.1042096045e-06,5.2207340007e-07,-1.9730123416e-08,-1.038999833e-06,-1.000296938e-06,-9.3787652992e-08,8.4401790544e-06,-2.6323170753e-07,-6.850150893e-07,0.24318726553,0.043157617271,0.069967899971,0.074359229615
goe301,ok,,3.2408925236,33466838.749,83975.407967,407873.9456,15084251.236,53700.851827,2887473.9642,-4.4825449004e-08,1.7481661828e-08,-3.508552791e-07,-9.2803087879e-07,1.0738843645e-07,2.4425847238e-10,8.7398857138e-07,4.3411244837e-07,-1.3204465595e-08,-7.7982536558e-07,-8.636454444e-07,-8.3247003569e-08,7.039041299e-06,-1.7529316592e-07,-4.6524831081e-07,0.24293459365,0.043794387897,0.065486153218,0.073393546841
goe303,ok,,3.2336274511,33391816.51,86337.184786,398081.48893,15089000.756,52858.888618,2874636.4958,-4.0558858132e-08,1.8090991807e-08,-3.1564939936e-07,-8.3548514121e-07,1.0270834064e-07,-9.9402273767e-09,7.6227295518e-07,3.9474783953e-07,-1.0283119455e-08,-9.0825222454e-07,-9.6490620327e-07,-7.9087823669e-08,7.1515430771e-06,-1.5067513452e-07,-4.0196030406e-07,0.24408361426,0.038994670792,0.078415940142,0.065812500989
goe304,ok,,3.2374339779,33431124.33,73336.114991,375977.51369,15083785.614,47919.805772,2880742.7507,-4.5018635996e-08,1.7100958488e-08,-3.6763571962e-07,-9.726616929e-07,1.0465232131e-07,-1.7041987782e-08,9.7642805781e-07,4.6812971823e-07,-1.2112074915e-08,-9.4757240434e-07,-1.0027591834e-06,-1.0048109831e-07,7.8893572222e-06,-1.6422191977e-07,-4.3690789454e-07,0.24267803035,0.041547449096,0.069491278807,0.071607440328
goe308,ok,,3.1979325816,33023216.062,64448.131974,303177.44794,14995999.918,38114.699869,2791356.6085,-4.023526998e-08,2.2762927016e-08,-3.692783467e-07,-9.7637146454e-07,1.1150670783e-07,3.1058004385e-09,8.4121648187e-07,4.4831884042e-07,-1.370229636e-08,-1.3788319047e-06,-1.3478560108e-06,-7.9028316579e-08,9.9185992191e-06,-2.455532551e-07,-6.4981824108e-07,0.24355957102,0.03120112976,0.088863140566,0.054214830842
goe309,ok,,3.2080195635,33127378.539,70768.084764,308499.30487,15062339.823,40655.30397,2819643.7735,-3.6094600858e-08,2.4801897781e-08,-3.1956236736e-07,-8.4066772333e-07,1.1140069992e-07,2.2792446109e-08,6.7376803056e-07,3.7006027867e-07,-1.3126316833e-08,-1.4323346821e-06,-1.3338620078e-06,-5.0487909206e-08,9.3000914332e-06,-2.7238367284e-07,-7.0430576793e-07,0.24597576002,0.027157000362,0.10136358219,0.047681273098
goe310,ok,,3.1933637474,32976036.33,65524.678398,310709.22657,14902862.057,38620.248735,2779608.0418,-3.6794543123e-08,1.7003219509e-08,-3.1909043266e-07,-8.5011716482e-07,1.0357141277e-07,-1.4290296025e-08,7.7605025719e-07,4.0901427508e-07,-9.386010129e-09,-1.3442838318e-06,-1.417394938e-06,-8.9911497221e-08,9.7688776604e-06,-1.7298019299e-07,-4.7731833573e-07,0.24422892415,0.028339352366,0.088083765757,0.050850443523
goe311,ok,,3.2221268541,33273056.439,68354.660578,356211.20917,15019984.504,43895.973165,2841708.9023,-4.32859925e-08,1.7319564534e-08,-3.6991836548e-07,-9.7394013317e-07,1.1314054326e-07,-1.5192660693e-09,9.5778792821e-07,4.6192849725e-07,-1.6016755427e-08,-1.1498521143e-06,-1.0796381233e-06,-9.2000234082e-08,8.6136539549e-06,-2.4306232523e-07,-6.2743438003e-07,0.24503828346,0.036031026108,0.078597750986,0.065469268739
goe314,ok,,3.1977452814,33021281.919,55946.071796,269867.22472,15016443.601,33623.476279,2793821.4178,-4.0686315805e-08,1.5285780191e-08,-3.9943883889e-07,-1.0561881112e-06,1.1249334027e-07,4.7110396497e-08,9.2064857065e-07,4.8290843111e-07,-1.442122635e-08,-7.6506665657e-07,-1.1998752787e-06,-8.3456907649e-08,1.1243398096e-05,-2.7610097074e-07,-7.308730973e-07,0.24157963164,0.029594119611,0.042802474097,0.051506671033
goe315,ok,,3.1856832723,32896724.467,51966.464795,245530.87329,14987230.782,30578.775154,2767322.0273,-3.8268651223e-08,1.7803886071e-08,-3.9234578066e-07,-1.0365314153e-06,1.12246799e-07,6.0871546676e-08,8.6470199172e-07,4.6378230339e-07,-1.3376981285e-08,-7.1882378372e-07,-1.3480443989e-06,-7.1424215086e-08,1.2365718753e-05,-2.9545666744e-07,-7.7896802731e-07,0.24211936962,0.025943497908,0.03735473085,0.04493550561
goe316,ok,,3.2120686541,33169191.175,65099.175605,293264.40311,15073735.236,38170.146825,2832080.3142,-3.6072264146e-08,1.5506951448e-08,-3.2811921626e-07,-8.6719027239e-07,1.0964621413e-07,5.9423814798e-08,7.1372049222e-07,3.848129623e-07,-1.2359541665e-08,-6.0962066306e-07,-1.1036239796e-06,-5.6684143344e-08,9.9041393677e-06,-2.6403752872e-07,-6.9740644641e-07,0.24492594995,0.026599946135,0.039685802597,0.046462615656
goe319,ok,,3.2394771689,33452223.191,91595.986798,414091.63337,15101688.734,56159.331369,2887142.282,-3.913387295e-08,1.3019778038e-08,-2.9930912672e-07,-7.8961458577e-07,1.0793768533e-07,3.5846040582e-08,6.9346571342e-07,3.5931836066e-07,-1.3546219534e-08,-5.5874732121e-07,-7.3416979993e-07,-6.0001029915e-08,6.7319483253e-06,-2.1135065736e-07,-5.5308385171e-07,0.24051425763,0.036910010037,0.051179012256,0.063518676331
goe321,ok,,3.2371339195,33428025.799,101388.55008,438191.10585,15080958.136,60544.618731,2882253.8134,-3.4608242555e-08,1.1858743195e-08,-2.4627131818e-07,-6.4989447862e-07,1.0370089239e-07,3.6542021241e-08,5.4827182346e-07,2.9288301979e-07,-1.0605654935e-08,-5.2383331472e-07,-7.1342671987e-07,-4.6606569172e-08,6.2441417531e-06,-1.8868109738e-07,-4.9477993031e-07,0.24250516387,0.032112528138,0.053110700262,0.055588485229
goe318,ok,,3.2111515552,33159720.822,63010.631966,303399.60744,15035377.919,38324.838108,2826388.2621,-3.5894106531e-08,8.816101249e-09,-3.2029081364e-07,-8.4661922642e-07,1.1023099396e-07,7.7051942205e-08,7.5302623486e-07,3.8505705799e-07,-1.3033544773e-08,-2.1919365047e-07,-9.6087008736e-07,-6.4754120774e-08,9.8632604099e-06,-2.7378201174e-07,-7.2357911809e-07,0.24495557949,0.025673699342,0.013811530439,0.047448658945
goe320,ok,,3.2717972765,33785974.41,132712.23079,557980.52488,15129269.661,81809.324192,2956581.6107,-3.5857772499e-08,1.035359764e-08,-2.2276344566e-07,-5.8891174608e-07,9.9550927127e-08,1.7932179248e-08,5.1958133262e-07,2.708932649e-07,-1.0165101332e-08,-5.0273336397e-07,-5.3760897772e-07,-4.8124297814e-08,4.6193714955e-06,-1.447477773e-07,-3.8281144316e-07,0.23950420679,0.040718903913,0.066718866224,0.068954797729
goe323,ok,,3.2310847339,33365559.328,90883.193201,423169.6889,15017187.386,56213.690415,2863759.6213,-3.5282289443e-08,6.6139355027e-09,-2.6116749739e-07,-6.899030581e-07,1.0704249844e-07,6.4869455444e-08,6.0953744563e-07,3.1190961042e-07,-1.2401346225e-08,-1.7230589434e-07,-6.0712345656e-07,-5.0736046573e-08,6.7229537328e-06,-2.2336546609e-07,-5.8877286517e-07,0.24081059794,0.030846371133,0.015659709885,0.055396709434
goe322,ok,,3.2574225429,33637534.779,136456.28227,579688.37809,15039686.685,83457.371765,2917947.3867,-3.4452938939e-08,1.0033750273e-08,-2.0831836234e-07,-5.5072897934e-07,1.0081116212e-07,2.2771622057e-08,4.7628083906e-07,2.5145254023e-07,-9.7720521811e-09,-4.6765334246e-07,-5.3634530198e-07,-4.3129351066e-08,4.5278112913e-06,-1.4673783921e-07,-3.8807343625e-07,0.24179686852,0.038172441648,0.063814236503,0.064991512614
goe324,ok,,3.257221121,33635454.81,121766.93956,547572.58736,15003162.414,76783.062032,2916671.6901,-3.469341352e-08,6.0712217687e-09,-2.1952415584e-07,-5.8086513185e-07,1.0439061797e-07,5.2197925015e-08,5.1726115145e-07,2.6275901859e-07,-1.1961950343e-08,-2.1281585147e-07,-4.6560043411e-07,-4.3229792887e-08,4.9183558293e-06,-1.8694232517e-07,-4.9610653113e-07,0.23948253861,0.035531128553,0.025913934924,0.062985307368
goe325,ok,,3.2067712419,33114487.837,56647.931599,269985.78133,15072599.198,33961.053874,2818778.7252,-4.1141694744e-08,1.9315758147e-08,-4.0279946481e-07,-1.0652114957e-06,1.0808660176e-07,2.3657221583e-08,9.2869380228e-07,4.9156095574e-07,-1.1725114673e-08,-8.7352424511e-07,-1.3136436194e-06,-8.8749026115e-08,1.1133837628e-05,-2.1839591603e-07,-5.7879017042e-07,0.24553302372,0.03136169817,0.049483341687,0.052608582988
goe326,ok,,3.2079773915,33126943.053,56885.225521,275775.49716,15065660.939,34507.87445,2820995.6313,-4.1095250352e-08,1.887704219e-08,-3.9640700071e-07,-1.0483207824e-06,1.0998549083e-07,2.355105746e-08,9.4311709009e-07,4.876294785e-07,-1.315291869e-08,-9.6413058058e-07,-1.3417682791e-06,-9.1206939911e-08,1.0956379396e-05,-2.3926224181e-07,-6.3398864235e-07,0.24541936208,0.030821077086,0.054844785508,0.053649428362
goe328,ok,,3.2094176648,33141815.93,57954.848182,271872.56298,15081064.447,34549.34954,2826082.3412,-3.7867717841e-08,1.7331964926e-08,-3.5718018513e-07,-9.4469324966e-07,1.0218669231e-07,2.2312970335e-09,8.4792885917e-07,4.4833886155e-07,-8.8522325699e-09,-1.0842950478e-06,-1.3887342132e-06,-9.1145003524e-08,1.0945706453e-05,-1.7540423575e-07,-4.6548344328e-07,0.24577655375,0.028693436824,0.062840154881,0.049141588303
goe329,ok,,3.2304292869,33358790.903,87892.316414,397628.27651,15070955.579,53444.714132,2865618.6099,-3.8521204771e-08,1.7938993723e-08,-2.9691217602e-07,-7.8505443692e-07,1.0373956017e-07,-3.2570456434e-09,6.9996474778e-07,3.6626931598e-07,-1.0415943214e-08,-9.5897621596e-07,-9.6338469761e-07,-6.9348811997e-08,7.0740822435e-06,-1.641946168e-07,-4.3468770324e-07,0.24485071324,0.036288665886,0.084286641007,0.06152152309
goe330,ok,,3.2235042652,33287280.175,88741.617454,413702.88719,15015341.933,54619.452985,2845075.6883,-3.9910121382e-08,1.771124216e-08,-3.032220791e-07,-8.0393617441e-07,1.0215121213e-07,-1.4687770371e-08,7.3937975512e-07,3.816328947e-07,-9.5378745694e-09,-9.2400471514e-07,-9.5803924784e-07,-7.8402175937e-08,6.9183918473e-06,-1.3863283143e-07,-3.7428871053e-07,0.24374457727,0.038944177224,0.081997672957,0.065613755382
goe332,ok,,3.2461016666,33520630.582,118200.1246,524032.50319,15038036.273,72973.203873,2892947.4962,-3.7167574362e-08,1.3617301022e-08,-2.4078294666e-07,-6.3774782253e-07,9.6037896753e-08,-1.8100124218e-08,5.9266505353e-07,3.0729753851e-07,-6.994362435e-09,-7.2759553085e-07,-7.1609185661e-07,-6.6507876616e-08,5.1805044956e-06,-9.5948364059e-08,-2.5804199673e-07,0.24299041128,0.041978230965,0.086001882404,0.070053083174
goe331,ok,,3.2516658266,33578088.471,102432.44056,468339.10923,15088817.29,64877.569103,2908086.5034,-4.358555796e-08,2.1519655792e-08,-3.1360531557e-07,-8.2833098846e-07,1.0820112755e-07,-1.1612141047e-08,7.5156532731e-07,3.8009085625e-07,-1.3962853191e-08,-9.3944646873e-07,-8.0546278542e-07,-6.6477679821e-08,5.826506337e-06,-1.7623004141e-07,-4.6361023888e-07,0.24191339396,0.046506927559,0.096229794566,0.076984670716
goe336,ok,,3.2196424412,33247401.332,75872.932338,347672.6573,15066124.073,45333.050238,2842774.3515,-3.8978099563e-08,2.0688266815e-08,-3.2891436978e-07,-8.6609373966e-07,1.1139643452e-07,1.0821897851e-08,7.5190948173e-07,3.9555769603e-07,-1.4397217044e-08,-1.233136318e-06,-1.1254787609e-06,-6.6633621779e-08,8.3410226431e-06,-2.4852626933e-07,-6.4437977077e-07,0.24447768651,0.032148964688,0.093561668422,0.057049577232
goe335,ok,,3.1787555068,32825185.406,39634.637712,222535.59144,14935235.897,25311.804766,2747617.2494,-4.85561658e-08,2.1073187292e-08,-5.44166251e-07,-1.4421934523e-06,1.1691863672e-07,2.0495432046e-08,1.3858669667e-06,6.7841657616e-07,-1.6365889742e-08,-1.119267922e-06,-1.7129816449e-06,-1.3422403924e-07,1.4926307478e-05,-2.8921701098e-07,-7.752463045e-07,0.24336521465,0.031741332662,0.044361778593,0.054928335142
goe342,ok,,3.2130144424,33178957.789,27928.061277,231882.29794,15031818.607,23305.340966,2827381.1449,-6.8850333941e-08,4.3105039968e-08,-7.5426528164e-07,-1.9998515505e-06,1.1941286276e-07,-1.4560948591e-07,2.6217949978e-06,9.6812182139e-07,-1.9466369212e-08,-2.833092211e-06,-2.2649848439e-06,-2.1383430511e-07,1.6206073256e-05,-2.574026475e-07,-6.9484266098e-07,0.24597252954,0.042635331238,0.079122772873,0.073221651356
goe344,ok,,3.2001851098,33046476.628,51357.808884,207320.55002,15139111.861,27029.017337,2816193.9616,-2.9814570449e-08,1.9393113681e-08,-2.769128653e-07,-7.3131940848e-07,9.7008817858e-08,5.9563499385e-09,5.6663142792e-07,3.3748830083e-07,-5.2786711247e-09,-1.8090845944e-06,-2.0547236249e-06,-6.0562995072e-08,1.3994940025e-05,-1.7801962043e-07,-4.6805450342e-07,0.24709617526,0.016643508123,0.092910620853,0.029100948583
goe358,ok,,3.2266952451,33320231.594,67427.889525,395822.80983,14812782.74,47349.614218,2848266.1135,-3.7236679043e-08,-3.2256514483e-09,-2.8549091205e-07,-7.7231810702e-07,8.4650673737e-08,3.8380909762e-09,9.1227961437e-07,4.0808559352e-07,1.5070563336e-09,2.1690033899e-07,-8.0432288526e-07,-1.2257891493e-07,7.9229442733e-06,3.0848736321e-08,3.603134554e-08,0.24485988985,0.036986822086,-0.014625132096,0.061513089054
goe346,ok,,3.1933112714,32975494.441,33181.894697,160520.0258,15104241.21,19583.343897,2795113.1912,-4.4057632059e-08,4.4514706583e-08,-5.7179673159e-07,-1.5095780898e-06,1.1431030928e-07,-2.7437784649e-08,1.2958593602e-06,6.9025021031e-07,-1.4727501971e-08,-3.0174937892e-06,-2.8951395028e-06,-1.1842402599e-07,1.9315033749e-05,-3.345296742e-07,-8.7745982171e-07,0.24691002908,0.0253273179,0.10012616116,0.042999068834
goe359,ok,,3.2124963225,33173607.462,51681.817421,293159.4981,15037005.864,34530.301891,2824108.7832,-5.0520620022e-08,1.8439971165e-08,-4.8628128825e-07,-1.2851539494e-06,1.1680565749e-07,1.3433381861e-08,1.2937574889e-06,6.0605905855e-07,-1.7460937503e-08,-9.1901279237e-07,-1.2335460497e-06,-1.1976171096e-07,1.0950122347e-05,-2.5642622096e-07,-6.7692380168e-07,0.24485399389,0.038674846773,0.047496251343,0.06686373833
goe360,ok,,3.2253113931,33305941.348,76422.975588,370263.59925,15046473.313,48236.463223,2850659.9388,-4.2587104606e-08,1.8415380071e-08,-3.5274655602e-07,-9.3071302125e-07,1.1319966349e-07,1.8609257414e-08,8.5085328632e-07,4.2673228038e-07,-1.554973502e-08,-8.9843023088e-07,-9.5672707794e-07,-7.3974280808e-08,7.8383436085e-06,-2.350639748e-07,-6.1536286858e-07,0.24365111774,0.037695841184,0.068660711602,0.06502473993
goe362,ok,,3.1757657807,32794312.218,32392.49632,223998.24967,14875759.375,23300.241861,2737089.704,-5.6546268337e-08,1.3371294785e-08,-6.4320082607e-07,-1.7084832299e-06,1.1806610776e-07,4.8410388633e-08,1.9093678834e-06,8.2162429337e-07,-1.7551108248e-08,-3.4920288911e-07,-1.6194183901e-06,-1.7839754913e-07,1.6195475967e-05,-2.7456393619e-07,-7.4607136485e-07,0.24176836218,0.035616116136,0.0113115533,0.061849192138
goe361,ok,,3.1839065452,32878377.227,33011.555308,237355.1472,14903515.276,24589.32279,2753935.5742,-5.8469724872e-08,8.4336128102e-09,-6.4537628339e-07,-1.7117712458e-06,1.2217895422e-07,6.1576725289e-08,1.9756238023e-06,8.2106106384e-07,-2.017622715e-08,-2.3182199027e-07,-1.3899783981e-06,-1.7565683249e-07,1.5356231705e-05,-3.0249709803e-07,-8.1445064985e-07,0.24192830186,0.037261333717,0.0076528044534,0.065218414419
goe363,ok,,3.2342406429,33398148.591,99763.679853,450290.22805,15053583.863,60932.325368,2871313.2304,-3.8022787454e-08,1.1464015003e-08,-2.7408404221e-07,-7.2618230054e-07,1.0109274107e-07,1.7525023267e-08,6.4729904643e-07,3.3870487005e-07,-9.3906229779e-09,-4.7073650978e-07,-7.0962016588e-07,-6.4613996239e-08,6.2020741126e-06,-1.4132927541e-07,-3.7918646449e-07,0.24193495914,0.038679245908,0.046962406457,0.064576934838
goe365,ok,,3.2220823347,33272596.713,116437.35322,482300.67726,15008760.455,67632.118118,2842374.5405,-3.4382071781e-08,1.6774603162e-08,-2.3022418903e-07,-6.0966876239e-07,9.9780911399e-08,4.7013576511e-09,4.9032930372e-07,2.7453282224e-07,-7.9898201282e-09,-7.5076345638e-07,-7.8281595946e-07,-4.4303409326e-08,5.5882842612e-06,-1.3438516037e-07,-3.59053286e-07,0.2413621891,0.035393455897,0.087416909758,0.057092646333
goe364,ok,,3.2327591482,33382850.045,96384.77581,448600.53355,15004095.78,60270.931406,2863239.1432,-4.2919258174e-08,1.5601539711e-08,-3.1942753078e-07,-8.4639488823e-07,1.1095816418e-07,2.3883098971e-08,7.5181732236e-07,3.8491218482e-07,-1.487129302e-08,-5.9726010004e-07,-7.3036337122e-07,-6.5475972067e-08,6.26566948e-06,-1.9885528385e-07,-5.3197776774e-07,0.23966380301,0.04337431428,0.057566780842,0.072463744066
goe366,ok,,3.2735875543,33804461.582,145911.50736,624634.08609,15064416.769,92181.311448,2949539.3247,-3.824780924e-08,1.4603563398e-08,-2.2607623877e-07,-5.9806432882e-07,9.7253790366e-08,-1.5705552298e-08,5.4901537785e-07,2.8110847229e-07,-8.8597326398e-09,-6.8032555562e-07,-5.7165948663e-07,-5.5027064831e-08,4.1003766113e-06,-1.068768946e-07,-2.840900723e-07,0.24045501494,0.048867987619,0.099267327319,0.080107661348
goe367,ok,,3.2664380936,33730633.202,224514.28881,830579.48665,15012245.738,129514.66925,2935016.3163,-2.6549129598e-08,5.9757235995e-09,-9.5675009535e-08,-2.5523115757e-07,8.611201013e-08,-8.4144349452e-09,2.1380065987e-07,1.232918148e-07,-2.1484625361e-09,-5.1497852105e-07,-4.511786968e-07,-2.7614670347e-08,2.9179106121e-06,-4.2535071914e-08,-1.2136275632e-07,0.24090014539,0.029277217805,0.11562003641,0.048001303097
goe368,ok,,3.1695814137,32730449.807,37810.74378,209583.89716,14900219.559,23297.689163,2727903.3775,-3.9945637165e-08,-2.9491689362e-09,-4.5930694926e-07,-1.2183128462e-06,1.1126390854e-07,1.2332763559e-07,1.1409299905e-06,5.7444891318e-07,-1.2843048916e-08,9.4930199113e-07,-1.0719737164e-06,-1.1512257713e-07,1.6214244549e-05,-2.9598339434e-07,-7.9503037503e-07,0.24185414596,0.023912439279,-0.035893814356,0.043139411542
goe369,ok,,3.1828751535,32867726.635,29708.502546,189745.84022,14962282.11,20519.237231,2758661.0875,-6.5639976853e-08,3.2804036669e-08,-7.9803434813e-07,-2.1119908359e-06,1.5268772717e-07,7.246184811e-08,2.0909238916e-06,9.4784877961e-07,-3.5361979918e-08,-1.2860582567e-06,-1.9305052221e-06,-1.4977626099e-07,1.8408887758e-05,-5.6361161718e-07,-1.4961273613e-06,0.24195050526,0.035942868539,0.038206864993,0.062118217757
goe370,ok,,3.1749099318,32785474.358,23614.13671,209508.20921,14856966.959,19608.101742,2732003.6204,-6.4540745817e-08,4.122679975e-08,-7.7148666839e-07,-2.0470963244e-06,1.232102458e-07,-1.966351442e-07,2.7456534235e-06,1.0070076438e-06,-2.0809267321e-08,-4.0796271455e-06,-2.7659199592e-06,-2.3549107495e-07,1.9253409626e-05,-3.0905985648e-07,-8.351647082e-07,0.24493428188,0.036138394599,0.096336873139,0.064836235301
goe372,ok,,3.1685158655,32719446.501,33785.620818,198899.93405,14902450.78,21892.478097,2724450.5312,-4.396798251e-08,1.8961690704e-08,-5.1228807807e-07,-1.3603517245e-06,1.0138585678e-07,-4.6859754271e-08,1.4457789974e-06,6.8888361964e-07,-7.3026045051e-09,-1.7091998014e-06,-2.2827552077e-06,-1.7656480231e-07,1.7253436699e-05,-1.403094375e-07,-3.8855445146e-07,0.24467401434,0.027702191342,0.057746376393,0.048846540992
goe371,ok,,3.1785368122,32822927.072,40497.029335,220925.29554,14942226.162,25547.390906,2748713.0776,-4.640484244e-08,2.384667839e-08,-5.1557434822e-07,-1.3677845247e-06,1.0985779839e-07,-1.8873690526e-09,1.3152795339e-06,6.5222601662e-07,-1.2505022551e-08,-1.2521430425e-06,-1.8593193885e-06,-1.3662847732e-07,1.4786026719e-05,-2.2500487447e-07,-6.0882576234e-07,0.24341659697,0.031164858287,0.050708073523,0.053264913867
goe373,ok,,3.1835178801,32874363.704,35060.062226,214312.34186,14951626.807,23717.852723,2758280.338,-5.4119612952e-08,1.7212998353e-08,-6.2189777571e-07,-1.6475159889e-06,1.2403023778e-07,4.9029530977e-08,1.6754834522e-06,7.7222309046e-07,-2.082760649e-08,-7.8491872647e-07,-1.6034704187e-06,-1.5029490702e-07,1.5928779452e-05,-3.474354684e-07,-9.2829263691e-07,0.2418902209,0.033766336909,0.027519299392,0.058742554091
goe374,ok,,3.176974685,32806795.88,35248.563988,184687.93504,14982706.821,21621.993525,2748261.9428,-5.0812298046e-08,3.2260509225e-08,-6.3162271439e-07,-1.6702969638e-06,1.3165264726e-07,6.7302724983e-08,1.4387886541e-06,7.4105274094e-07,-2.3123804833e-08,-1.3145167457e-06,-1.9749699955e-06,-1.0940693724e-07,1.748206014e-05,-4.5066894862e-07,-1.1932894798e-06,0.24313439635,0.02986201783,0.046334827624,0.050715233939
goe375,ok,,3.1827238089,32866163.785,35808.438342,182677.7558,15013292.85,21744.506588,2763356.8018,-5.1242050526e-08,2.92787069e-08,-6.4113424363e-07,-1.6947055471e-06,1.364310383e-07,1.0842020903e-07,1.4138170855e-06,7.3829296751e-07,-2.5330253778e-08,-8.5503190584e-07,-1.7644709275e-06,-9.7140454389e-08,1.7383325927e-05,-4.9987504842e-07,-1.3211780371e-06,0.24215663755,0.029918680976,0.03061735728,0.050626581931
goe376,ok,,3.1897154071,32938362.011,38772.053288,212652.24332,15005403.299,24676.916889,2776424.9347,-5.1604982814e-08,2.650271799e-08,-5.9127465855e-07,-1.5648201129e-06,1.2552260989e-07,3.2431031544e-08,1.4532808619e-06,7.1693143054e-07,-2.1191432255e-08,-1.3275042148e-06,-1.7519258339e-06,-1.2563064242e-07,1.53148418e-05,-3.6848780941e-07,-9.7941466177e-07,0.2432940954,0.032754092849,0.051470064155,0.056346683018
goe377,ok,,3.1733921569,32769801.167,40540.734752,193998.86004,14976318.826,23441.939128,2741551.7706,-4.0994724831e-08,3.4120174597e-08,-4.7849965776e-07,-1.2668028561e-06,1.1086221852e-07,-1.2916442644e-08,1.0720156026e-06,5.8370315732e-07,-1.2230540408e-08,-2.2053398897e-06,-2.3582959435e-06,-1.0518395133e-07,1.6126690547e-05,-2.7121622614e-07,-7.2307367723e-07,0.24497809853,0.025551282279,0.089406099506,0.043460300194
goe379,ok,,3.183128755,32870345.432,39064.143834,227660.28289,14946344.902,25639.570136,2755897.395,-5.2990986579e-08,3.1518990878e-08,-5.9010807429e-07,-1.561773667e-06,1.2933032332e-07,-6.8049165085e-09,1.5174056729e-06,7.207854055e-07,-2.3224649265e-08,-1.9283492238e-06,-1.8907856255e-06,-1.3065323401e-07,1.4738075775e-05,-3.8143269998e-07,-1.0136396203e-06,0.24431776532,0.03371656497,0.075329311442,0.059276153462
goe380,ok,,3.1894130335,32935239.572,40855.666561,233436.89468,14978290.817,26762.277358,2770742.9476,-5.6310363323e-08,3.4334602795e-08,-6.1611122072e-07,-1.628976057e-06,1.3559853283e-07,5.2295945386e-09,1.5341128463e-06,7.3700589495e-07,-2.6428435458e-08,-1.8125032681e-06,-1.7478252482e-06,-1.2087407635e-07,1.4122287853e-05,-4.1303539925e-07,-1.0928154792e-06,0.24338180066,0.036508668203,0.074051029161,0.062677202917
goe381,ok,,3.2071053857,33117938.349,38095.285786,232404.9275,15061905.524,26405.626008,2814137.0331,-5.9214274187e-08,3.1706700195e-08,-6.4582055249e-07,-1.704506203e-06,1.3740378395e-07,3.5227119962e-09,1.7247727353e-06,7.7873799663e-07,-2.8207599855e-08,-1.7716653149e-06,-1.6862289058e-06,-1.3289564474e-07,1.4319893717e-05,-4.2460441372e-07,-1.1139755098e-06,0.24523863683,0.037827874679,0.067492096487,0.065705710265
goe382,ok,,3.3090689176,34170857.277,298438.9059,1102751.7014,14903856.407,183230.81123,3009549.0959,-2.7556590433e-08,4.7197766488e-09,-9.4129666929e-08,-2.5229486029e-07,8.5428499329e-08,1.8693862057e-09,2.0717592049e-07,1.1663214892e-07,-3.2633742017e-09,-3.0336046148e-07,-2.7267896914e-07,-2.2500713968e-08,2.0593555314e-06,-5.0060504441e-08,-1.4535181027e-07,0.23668470058,0.039954786906,0.090534564218,0.061829355041
goe383,ok,,3.3115428772,34196404.439,305266.17623,1102378.8593,14945328.938,184264.12115,3024794.6483,-2.5703837859e-08,3.1120448688e-09,-7.6238752677e-08,-2.0597609171e-07,8.2592392698e-08,1.6881478251e-09,1.6525505985e-07,9.5453300337e-08,-2.0503195661e-09,-2.8519617669e-07,-2.6767559502e-07,-1.9212956847e-08,2.0469602246e-06,-3.914614736e-08,-1.2049852369e-07,0.23586020122,0.032734263068,0.087060746332,0.050446780222
goe384,ok,,3.3157231921,34239572.154,287343.45199,1080795.1794,14906972.485,179640.84335,3021943.6485,-2.9100119773e-08,5.107178315e-09,-1.0681468535e-07,-2.8608783789e-07,8.6329382503e-08,-1.7952600673e-09,2.4784312679e-07,1.3511228968e-07,-3.9693243674e-09,-3.2362496992e-07,-2.8252221884e-07,-2.8295420825e-08,2.1001391185e-06,-5.1856501717e-08,-1.5076440378e-07,0.23726414784,0.045002255245,0.092991516008,0.071216099606
goe385,ok,,3.2119229988,33167687.077,80787.993952,344476.55853,15057675.272,46187.382027,2830212.9037,-3.353998176e-08,1.6939148259e-08,-2.6696831734e-07,-7.0661161169e-07,1.0223550671e-07,2.2485580331e-08,5.6853059512e-07,3.1773404813e-07,-8.4036227457e-09,-8.4008626318e-07,-1.0847451239e-06,-5.0757937558e-08,8.1846301932e-06,-1.7798590546e-07,-4.7361339608e-07,0.24546053472,0.027280377554,0.067868883949,0.04593044628
goe386,ok,,3.3242121361,34327232.61,304202.25301,1104243.597,14962124.788,187247.60441,3053050.3376,-2.5962967578e-08,1.2769855534e-09,-7.785068805e-08,-2.1173498113e-07,8.0587066087e-08,-1.3946060643e-09,1.8160521635e-07,1.0206214743e-07,-1.5324701275e-09,-2.3853740487e-07,-2.3827112273e-07,-2.4209738481e-08,2.0124545528e-06,-2.8060452513e-08,-9.6689087846e-08,0.23424679855,0.035418249215,0.072563615989,0.055244715972
goe387,ok,,3.2542467873,33604740.572,170953.67818,694201.50597,14942345.218,102811.52494,2904706.3146,-3.0415348062e-08,5.4662662705e-09,-1.4904663613e-07,-3.990645273e-07,9.0318833094e-08,3.3258482547e-09,3.4876399994e-07,1.9009006863e-07,-4.4643193016e-09,-3.7056360877e-07,-4.5348221746e-07,-4.1039454306e-08,3.6693239841e-06,-6.9234352036e-08,-2.0086207859e-07,0.23829579616,0.03612337904,0.063349211918,0.059622488606
goe388,ok,,3.2395404281,33452876.434,83490.308054,391696.18111,15037804.783,52824.373886,2877903.9346,-3.7241794827e-08,1.1533975751e-08,-2.8153280592e-07,-7.4684847497e-07,9.6480604094e-08,-9.5312111048e-09,7.2722060256e-07,3.6397599541e-07,-7.1513929898e-09,-8.1406890036e-07,-9.0384519536e-07,-8.2432503343e-08,7.154220268e-06,-1.1538557995e-07,-3.1390664779e-07,0.24194362471,0.035449845122,0.067966863268,0.060715872131
goe389,ok,,3.2105646243,33153659.922,85000.192245,369204.7455,15026257.174,49060.150163,2824729.7577,-3.1673072691e-08,9.5003789731e-09,-2.2799969926e-07,-6.0594656815e-07,9.4499436462e-08,4.0308770158e-09,5.2936339597e-07,2.9208794123e-07,-4.4807784095e-09,-6.1535616724e-07,-9.7431551499e-07,-6.4079132358e-08,7.7027501739e-06,-9.4623006349e-08,-2.614194837e-07,0.24493847845,0.026590877211,0.052305392515,0.044995990424
goe390,ok,,3.332771161,34415616.754,303909.58455,1131547.0319,14908452.932,193131.72134,3060708.7358,-2.8455217044e-08,2.5499839528e-09,-9.782514285e-08,-2.6487042203e-07,8.2186536626e-08,-4.6335704877e-09,2.3802476209e-07,1.2807589222e-07,-2.5620990069e-09,-2.4996498485e-07,-2.4107087555e-07,-3.0248551639e-08,1.9503282924e-06,-3.2517854797e-08,-1.0882676139e-07,0.23439135776,0.046250284665,0.075966754697,0.072338006559
goe391,ok,,3.1603925569,32635561.751,26621.854808,126750.77236,14980815.307,15090.784983,2715129.33,-4.2291335426e-08,6.6269941143e-08,-6.1635192793e-07,-1.629666805e-06,1.0769157826e-07,-1.172244299e-07,1.3540693364e-06,7.5748347507e-07,-9.8739321095e-09,-5.4399687252e-06,-4.5903630073e-06,-1.410968101e-07,2.5065003561e-05,-2.6179507889e-07,-6.9353137532e-07,0.24605515157,0.022020180397,0.14482205756,0.036047837275
goe392,ok,,3.1873795045,32914240.486,77266.170078,369185.40941,14830516.738,46741.939966,2757674.9021,-3.5509897593e-08,1.4802760864e-08,-2.7375087728e-07,-7.3190179575e-07,9.4655525704e-08,-3.6024324057e-08,6.9096304986e-07,3.6474798868e-07,-3.2152475401e-09,-9.9083048283e-07,-1.1979313374e-06,-9.0986899395e-08,8.0692730731e-06,-5.2697779434e-08,-1.6476288253e-07,0.24546944629,0.032322017138,0.076557676605,0.053388068528
goe394,ok,,3.2074272843,33121262.411,29423.011315,259738.16026,14969975.507,24903.142333,2809271.1311,-5.9309550004e-08,1.0658114976e-08,-6.3719076188e-07,-1.688022607e-06,1.1802681648e-07,-1.508866351e-08,2.3670220462e-06,8.4372068202e-07,-1.9411498932e-08,-1.0946535126e-06,-1.6465271701e-06,-2.0649872527e-07,1.517343585e-05,-2.7251282271e-07,-7.3032332081e-07,0.24521218238,0.037589857927,0.032208002686,0.069644916449
goe396,ok,,3.1746063719,32782339.669,24065.719454,208524.89867,14861377.929,19731.193221,2731555.6507,-6.5072032406e-08,4.3680884559e-08,-7.7670432366e-07,-2.060404254e-06,1.2517947034e-07,-1.8601334507e-07,2.7023353217e-06,1.0060694601e-06,-2.1811437347e-08,-3.9768570633e-06,-2.7670223562e-06,-2.2932397783e-07,1.9135399303e-05,-3.2334156309e-07,-8.7194086414e-07,0.24500428646,0.036449945133,0.095705926394,0.065033643723
goe393,ok,,3.192241016,32964442.526,28078.349234,176382.35318,15049316.374,18705.253204,2786765.4885,-4.6907899725e-08,-4.5307616334e-09,-6.0806225082e-07,-1.6049545221e-06,1.2510282035e-07,1.5740526451e-07,1.6707729764e-06,7.6346139629e-07,-2.1877030991e-08,7.5357718219e-07,-1.355595853e-06,-1.5536369058e-07,2.0219552929e-05,-4.7096282095e-07,-1.2367757267e-06,0.24497350021,0.024366950239,-0.021159203296,0.04691254712
goe395,ok,,3.2183166078,33233710.211,29930.955065,324781.61717,14878549.544,29607.104565,2824015.7006,-6.3904543332e-08,2.1625025883e-08,-6.1672335041e-07,-1.6380083491e-06,1.1158117335e-07,-1.2979337692e-07,2.7442475233e-06,8.3193310114e-07,-1.5888024828e-08,-2.0456376966e-06,-1.6857417649e-06,-2.1519247292e-07,1.2748097851e-05,-1.858536041e-07,-5.1023316911e-07,0.24515510998,0.044803577469,0.061227889976,0.082137949306
goe399,ok,,3.1742410819,32778567.528,40736.511321,213896.24601,14944086.271,24970.129554,2739436.7506,-4.2603232108e-08,2.2642962532e-08,-4.7558896797e-07,-1.2599959876e-06,1.0842922961e-07,-4.6988268521e-09,1.1851704117e-06,6.0314575956e-07,-1.1489204791e-08,-1.4744614807e-06,-1.9583186025e-06,-1.2753595729e-07,1.5137268616e-05,-2.2885702e-07,-6.1374835004e-07,0.2440663114,0.027728429079,0.060064416801,0.048279707891
goe398,ok,,3.2399229324,33456826.336,152301.50457,609965.78653,14994660.97,88665.090561,2880855.1425,-3.0293023688e-08,7.9911380161e-09,-1.6059707098e-07,-4.2846961436e-07,9.1781448221e-08,5.8039875772e-09,3.5297947704e-07,1.9876932226e-07,-4.5659876661e-09,-4.3322572945e-07,-5.4264182703e-07,-3.8168386578e-08,4.258127494e-06,-7.9867061676e-08,-2.2512035049e-07,0.23966212758,0.033220226791,0.065980930414,0.053759305437
goe397,ok,,3.1607076775,32638815.821,24240.057846,146296.95579,14927748.157,15742.83345,2709988.9156,-4.9047249324e-08,3.5255624681e-08,-6.8684844188e-07,-1.8184711636e-06,1.1630512293e-07,-4.4846251347e-08,1.8442080232e-06,8.75837836e-07,-1.5808025238e-08,-3.0197958893e-06,-3.261046331e-06,-1.889405384e-07,2.4013053365e-05,-3.4132036544e-07,-9.1066756987e-07,0.24446968189,0.025128248021,0.073200027039,0.044703709162
goe400,ok,,3.1903306321,32944715.088,29124.75785,208988.78152,14997196.016,21131.106495,2775856.1877,-5.2418299832e-08,-1.8748836873e-09,-6.2741271137e-07,-1.6581347641e-06,1.2074871276e-07,9.1613315352e-08,1.9353371395e-06,8.1216034513e-07,-2.0150335189e-08,1.0666577723e-07,-1.4263379369e-06,-1.8470468282e-07,1.7897077757e-05,-3.5526585758e-07,-9.3813136372e-07,0.24380462159,0.030217070109,-0.0031066149329,0.056366225546
goe401,ok,,3.1936981581,32979489.597,45105.599494,240190.06992,15004725.019,28294.86378,2784057.3275,-4.53443856e-08,1.4836825434e-08,-4.8383344137e-07,-1.2796044127e-06,1.1657848157e-07,4.4139446915e-08,1.2002823322e-06,5.9757649772e-07,-1.6857539916e-08,-8.4003689913e-07,-1.3880676627e-06,-1.1371967154e-07,1.3361164045e-05,-3.063901118e-07,-8.1199759603e-07,0.24253845618,0.030650178033,0.037890367932,0.054139454155
goe403,ok,,3.1670696835,32704512.609,36208.816724,209021.0865,14893041.778,23210.787389,2719769.7414,-4.4045986085e-08,1.5350922217e-08,-5.0439574415e-07,-1.3379447215e-06,1.0656272058e-07,-5.9143070182e-10,1.3603790049e-06,6.5807687474e-07,-1.0269380327e-08,-1.1123125292e-06,-1.9173886215e-06,-1.5365644666e-07,1.6278420214e-05,-1.9964869316e-07,-5.4140593886e-07,0.24405178924,0.027992343076,0.040275520509,0.049257714064
goe402,ok,,3.1883097617,32923846.717,38596.592834,240304.17283,14938290.519,26586.725364,2765763.0047,-5.7849555914e-08,1.9340167784e-08,-6.2653173765e-07,-1.6585123218e-06,1.342434762e-07,5.3340599819e-08,1.6828711538e-06,7.643006878e-07,-2.623425107e-08,-8.6326318282e-07,-1.421399175e-06,-1.3774192101e-07,1.4209564576e-05,-3.9758285015e-07,-1.0573695936e-06,0.24203794835,0.037320045765,0.033319017576,0.064953092715
goe405,ok,,3.2249417703,33302124.465,109814.59827,515300.90264,14910082.171,69003.827032,2834597.6522,-3.8749089463e-08,1.4710682374e-08,-2.5734528158e-07,-6.8362561146e-07,9.7306409017e-08,-2.9234429978e-08,6.584949641e-07,3.3378585647e-07,-6.9786486387e-09,-8.1528172608e-07,-7.8909877374e-07,-7.6432685216e-08,5.474951592e-06,-9.0589050546e-08,-2.5066520527e-07,0.24222199762,0.04299629263,0.089529835229,0.072312359948
goe406,ok,,3.2351626865,33407670.006,124593.65353,514272.58937,15040043.452,72865.917106,2871291.1263,-3.4458185221e-08,1.570607628e-08,-2.204776136e-07,-5.8336988295e-07,9.9441672669e-08,-4.5348313838e-09,4.8875259978e-07,2.6900023531e-07,-8.5682535889e-09,-8.6897971425e-07,-7.6057911428e-07,-4.8517180765e-08,5.1871713381e-06,-1.350019488e-07,-3.588147289e-07,0.24153145322,0.036218274754,0.10826935744,0.06089547208
goe404,ok,,3.2581901323,33645461.235,137456.35289,565069.05486,15095577.866,82053.297006,2928512.9885,-3.0615707361e-08,4.9362717141e-09,-1.7117055228e-07,-4.544206305e-07,9.1764708754e-08,1.9977974934e-08,3.9449162497e-07,2.131901294e-07,-5.5248580044e-09,-2.9928708554e-07,-4.8253563847e-07,-4.2014975162e-08,4.6049517431e-06,-1.0038895194e-07,-2.724278771e-07,0.23884825759,0.031964032251,0.041138911246,0.054225380014
goe407,ok,,3.2115163965,33163488.328,84988.10728,364882.9712,15045508.45,48842.881876,2825140.3943,-3.5789248265e-08,1.9785012642e-08,-2.8193641554e-07,-7.4577163938e-07,1.0235181843e-07,-5.9868619042e-09,6.2241281053e-07,3.4456970127e-07,-9.2706769582e-09,-1.1905423595e-06,-1.1278632476e-06,-6.2624982933e-08,7.7404876026e-06,-1.6886117738e-07,-4.4809375059e-07,0.24290501786,0.03112454933,0.10118194177,0.052897686714
goe408,ok,,3.1945388618,32988171.062,58342.278488,254266.4793,15054075.885,32688.880629,2792407.6821,-3.7709980469e-08,3.0611879967e-08,-3.7011790464e-07,-9.7880075414e-07,1.0531547096e-07,-2.1747782559e-08,7.874608345e-07,4.4769601384e-07,-9.7993814704e-09,-1.9345155281e-06,-1.7995511271e-06,-7.7566118082e-08,1.1568116751e-05,-2.0559443817e-07,-5.4494896517e-07,0.24530048018,0.027635050469,0.11286404368,0.045942259305
goe409,ok,,3.2027723262,33073193.328,135828.61655,509654.83493,14998884.087,72655.751145,2805854.5198,2.2849094213e-08,2.1844248043e-14,-4.7336912301e-14,1.0376576661e-13,8.6337534687e-08,-5.5559020984e-14,1.2725767327e-14,1.9056594647e-14,-1.0821004842e-10,-7.1053607794e-07,7.8421965737e-07,5.669234149e-14,-5.2066193941e-06,-1.812466636e-13,3.9091584714e-13,0.24225056193,-6.5871033376e-10,0.096511132475,1.7285233705e-09
goe410,ok,,3.2357968525,33414218.675,170474.1538,685985.34785,14903330.171,99881.857607,2867409.8253,2.2513409413e-08,-2.0662072436e-09,1.8653473233e-09,-1.5511876506e-13,8.2306216435e-08,2.816916072e-09,4.2707365443e-09,1.1443823016e-09,-3.7196554967e-10,-9.2445730402e-08,3.4474154835e-07,-3.0090240861e-09,-3.780589282e-06,7.90388166e-09,-8.0801088796e-13,0.23600565369,-3.5534341962e-09,0.015759607662,0.00072805019847
goe411,ok,,3.1969760041,33013338.034,144726.63407,546158.324,14951953.232,77090.430695,2788085.4039,2.2879655968e-08,-1.6936282134e-10,1.6597094356e-10,5.6930958691e-14,8.773620447e-08,2.1666786139e-10,1.9893311941e-10,5.8017515535e-11,-1.5060607472e-10,-7.5029994944e-07,7.8082420944e-07,-2.2393473213e-10,-4.9070239182e-06,6.7846976183e-10,3.0146156157e-13,0.24461603108,1.2959959099e-09,0.10858838623,2.8790920777e-05
goe412,ok,,3.2423635733,33482029.435,148916.44961,600517.89382,15018737.034,87043.72178,2886325.0735,-3.0230107891e-08,8.7882119782e-09,-1.5688241632e-07,-4.1806039663e-07,8.9156869521e-08,-2.0011844164e-08,3.7521075626e-07,2.0755136427e-07,-2.8030002108e-09,-6.4391717771e-07,-6.5242064003e-07,-5.0663957408e-08,4.3410202601e-06,-4.5992932787e-08,-1.3374901485e-07,0.24325181053,0.033562283383,0.095889859946,0.055875053677
goe413,ok,,3.2749626478,33818661.385,181585.83132,755874.39037,14896465.122,113916.60456,2950120.1025,-2.6680773833e-08,-2.3084534347e-09,-1.0072958651e-07,-2.7549511776e-07,8.1808074002e-08,-5.2394754129e-09,2.7221864341e-07,1.4405685457e-07,-2.0620783962e-10,-1.0059273902e-07,-3.3504428703e-07,-4.3323531946e-08,3.3036331871e-06,-2.5590551808e-09,-3.9806222503e-08,0.23765302244,0.030306457661,0.018266216139,0.049431048664
goe414,ok,,3.2366669511,33423203.684,149620.05719,615901.98196,14965573.276,88153.352659,2867774.4924,-3.0638804341e-08,8.6543008449e-09,-1.6007541378e-07,-4.2650360315e-07,9.0574198027e-08,-1.6621249228e-08,3.825161424e-07,2.104323347e-07,-3.158934284e-09,-6.0840736667e-07,-6.3031971497e-07,-5.0352346567e-08,4.2861220116e-06,-5.1208760415e-08,-1.4745942761e-07,0.2438017446,0.034434537387,0.091029944997,0.057232087103
goe415,ok,,3.1913388067,32955125.928,50636.835654,242994.3871,14999013.112,29734.857134,2784152.1819,-3.6688549071e-08,1.1178006218e-08,-3.7485699813e-07,-9.9474795126e-07,1.0792513661e-07,7.6058482713e-08,8.3704912431e-07,4.5003551089e-07,-1.0679650291e-08,-5.1878044974e-08,-1.2273409944e-06,-7.5165703751e-08,1.2703257412e-05,-2.482547434e-07,-6.6817092747e-07,0.24533514097,0.024714242612,0.0026269400374,0.042385518942
goe416a,ok,,3.1986531886,33030657.357,90243.106873,376639.95324,14838326.58,51011.549077,2796701.1918,-2.3447816285e-08,-3.6104890864e-10,-6.1907742284e-08,-1.746902905e-07,8.7981480214e-08,-9.0206264495e-09,1.3490691228e-07,8.4327773826e-08,2.609490569e-10,-2.5785530238e-07,-8.661969466e-07,-2.2415309079e-08,7.3686177241e-06,1.5921235198e-08,1.7576641762e-09,0.24610171311,0.0089332881684,0.023269663611,0.012174418903
goe417,ok,,3.1911658587,32953339.993,32537.361269,236769.47211,14935457.477,24532.749499,2771095.4346,-6.6126493031e-08,3.0673331462e-08,-7.1888479212e-07,-1.90543323e-06,1.3194081146e-07,-3.9564411067e-08,2.1815067771e-06,8.9800819416e-07,-2.5823644998e-08,-1.8256592147e-06,-1.8188043598e-06,-1.7910237909e-07,1.5392581212e-05,-3.5494325896e-07,-9.5084119776e-07,0.24225130655,0.041117166456,0.059402133422,0.070980474116
goe417a,ok,,3.1994616929,33039006.316,14806.845719,198185.48546,14979179.035,15960.701331,2792838.2368,-8.008996898e-08,6.9884406188e-08,-1.013706867e-06,-2.6830179903e-06,1.4081099026e-07,-5.856064197e-07,4.6074479683e-06,1.2960661685e-06,-3.2792994895e-08,-9.8399554777e-06,-3.6612449099e-06,-2.8232388438e-07,2.3678097111e-05,-4.7082307831e-07,-1.2525547343e-06,0.24330202553,0.037974109755,0.14569870264,0.068221771223
goe418,ok,,3.2433830062,33492556.534,122740.76474,535322.687,14984643.739,74932.926409,2889039.6597,-3.1210952939e-08,1.0843476048e-09,-1.7995912654e-07,-4.8160030906e-07,8.9666884629e-08,1.4340553849e-08,4.5216415211e-07,2.3668721255e-07,-4.2207049486e-09,-1.7667692141e-07,-4.8877359024e-07,-5.6721858829e-08,5.0344157944e-06,-7.199884024e-08,-2.1057262038e-07,0.23703089433,0.032355924439,0.021685460446,0.055498973819
goe419,ok,,3.1630727445,32663238.512,28210.799929,159070.12422,14943543.491,17724.115074,2714858.8049,-5.3381932361e-08,6.0060679449e-08,-7.1728293628e-07,-1.8966407416e-06,1.2399039308e-07,-8.8940160656e-08,1.7393731185e-06,8.7195887009e-07,-1.8888905329e-08,-3.9352258432e-06,-3.3529465166e-06,-1.5463523604e-07,2.1335941069e-05,-3.7228394376e-07,-9.8600818099e-07,0.24652638638,0.029316968907,0.11101586894,0.049069107047
goe421,ok,,3.3205158746,34289063.437,279241.81893,1077689.4224,14859334.953,179955.36851,3025706.7834,-3.0945716995e-08,4.6709236794e-09,-1.1647611764e-07,-3.1580974269e-07,8.2094572371e-08,-2.3714955344e-08,3.0610205781e-07,1.5894980374e-07,-1.2993753318e-09,-3.2470706e-07,-3.0580241968e-07,-4.2470948053e-08,2.0928542799e-06,-1.0957122503e-08,-5.665332148e-08,0.23862477583,0.054404875597,0.090671790053,0.085476495399
goe420,ok,,3.2754175885,33823359.342,249437.79819,952151.27425,14843498.702,151151.55891,2939833.8135,-2.5022805197e-08,-6.2705444879e-10,-6.8862610537e-08,-1.9008703699e-07,8.0712069375e-08,-1.4527381056e-08,1.7677328396e-07,9.998658577e-08,3.2264497349e-10,-2.5076558819e-07,-3.095258906e-07,-3.1121865804e-08,2.4920287166e-06,6.2406819494e-09,-1.4228994558e-08,0.23607703082,0.028224350538,0.062550416182,0.04409393873
goe422,ok,,3.2948183609,34023699.949,231794.17324,889541.10737,14999587.678,142190.12154,2990300.8692,-3.0159599531e-08,6.210739277e-09,-1.2658199951e-07,-3.3883628502e-07,8.5620598139e-08,-1.1118369041e-08,3.0144928009e-07,1.63777177e-07,-3.0880400723e-09,-3.8180410831e-07,-3.6515672006e-07,-3.7192098602e-08,2.6547689591e-06,-4.0731614789e-08,-1.2302867233e-07,0.23822429054,0.044025955282,0.088499967626,0.069874186653
goe423,ok,,3.2684546064,33751456.573,228261.13489,862505.49151,14951333.931,134113.14495,2933013.737,-2.6925893076e-08,4.8407969026e-09,-9.6932477822e-08,-2.5988411748e-07,8.5176915864e-08,-1.3484085191e-08,2.2794569331e-07,1.2948571785e-07,-1.6477988048e-09,-4.661076645e-07,-4.2524979228e-07,-3.2550613371e-08,2.8165476492e-06,-2.9311257821e-08,-9.135175528e-08,0.24044715609,0.031913065368,0.10639426448,0.052031142648
goe424,ok,,3.2874063285,33947160.14,297036.94047,1080607.3998,14860530.992,176001.05521,2965629.0096,-2.5809508882e-08,4.738372255e-09,-7.8619505352e-08,-2.126461282e-07,8.5396142817e-08,1.1090003309e-09,1.6018742595e-07,9.5270314977e-08,-2.0888919374e-09,-3.3972724305e-07,-3.0856639063e-07,-1.6649298518e-08,2.1426278753e-06,-4.1465999505e-08,-1.2779782976e-07,0.23893252434,0.032068998171,0.10091154087,0.047581582906
goe425,ok,,3.2513456632,33574782.327,180202.09297,729803.62687,14851654.812,107794.20276,2895962.6517,-2.750026913e-08,2.9793882206e-09,-1.1476182783e-07,-3.1049076084e-07,8.8460803012e-08,4.0308990646e-09,2.6705778883e-07,1.4865282714e-07,-2.776917244e-09,-3.0655799e-07,-4.3473657521e-07,-3.3888110365e-08,3.4949484793e-06,-5.1295579159e-08,-1.6091361814e-07,0.24050250288,0.029306615893,0.055242391414,0.048124372491
goe426,ok,,3.217461015,33224874.995,129011.04461,562572.93515,14857142.227,77646.274246,2820144.5841,-2.9712798734e-08,4.4032477028e-09,-1.5912732292e-07,-4.2567795335e-07,9.0099630076e-08,1.7255653632e-10,3.859252182e-07,2.0890539727e-07,-2.7393417508e-09,-3.4078967884e-07,-5.7838531164e-07,-4.9773225547e-08,4.8623517506e-06,-5.0794494262e-08,-1.5227092934e-07,0.23986393177,0.030220675785,0.043965632459,0.049788615541
goe428,ok,,3.1859479936,32899458.093,50643.920688,278478.026,14909434.92,32577.647364,2759742.7832,-4.6241181178e-08,1.8227020763e-08,-4.5523701542e-07,-1.208450933e-06,1.1043579513e-07,6.744086553e-09,1.1818340309e-06,5.7588010876e-07,-1.2994843771e-08,-9.042104536e-07,-1.3880727284e-06,-1.2062523003e-07,1.1591740554e-05,-2.0817518856e-07,-5.6488114887e-07,0.24329732037,0.034903175067,0.045792762497,0.059852708928
goe427,ok,,3.1726847874,32762496.567,22645.744962,182592.25952,14905211.689,17642.830616,2731566.4569,-7.2508873189e-08,6.3429364428e-08,-9.0892917674e-07,-2.4090080409e-06,1.3710731591e-07,-1.8513966261e-07,2.8436768035e-06,1.1315679539e-06,-2.7659556735e-08,-4.4013019516e-06,-3.1501371822e-06,-2.2261764958e-07,2.1405396127e-05,-4.1651333645e-07,-1.1153556368e-06,0.24488308778,0.037697602043,0.099670761494,0.064397179644
goe430,ok,,3.2452759242,33512103.613,123465.67334,553084.10142,14906663.739,77788.762136,2890474.8932,-2.8797017707e-08,-2.0781356181e-09,-1.4437132375e-07,-3.9343676294e-07,8.1579202484e-08,-2.2523381405e-08,4.1637629982e-07,2.1502520326e-07,2.1030387897e-09,-1.2345013116e-07,-5.5023755472e-07,-7.0646888207e-08,4.8346555306e-06,4.2271996561e-08,7.2905165595e-08,0.24224424238,0.031979831976,0.015241853567,0.051408180219
goe429,ok,,3.2121032352,33169548.275,89568.557488,378296.47345,15003312.69,51016.302857,2833506.7156,2.2722811302e-08,-2.903644316e-09,8.4583366705e-09,-1.6894567231e-08,8.6051193266e-08,5.5838782945e-09,1.4259579717e-08,-4.2573920841e-09,-1.7303090979e-10,1.2916116417e-07,6.6616043077e-07,-4.1985088489e-09,-7.4005215559e-06,1.5405294177e-08,-1.8206345436e-08,0.24378195636,0.0006354692546,-0.011568779158,0.0012772099857
goe431,ok,,3.233513466,33390639.452,91919.778414,520118.43415,14712929.547,65883.204916,2845143.1518,-4.0403051806e-08,4.7663356483e-09,-2.6759529802e-07,-7.2539787186e-07,8.3281077552e-08,-3.2398586903e-08,8.6463226181e-07,3.8054205282e-07,1.7893175961e-09,-2.7964753571e-07,-7.2662953944e-07,-1.1293582436e-07,5.6904188744e-06,3.0453249058e-08,3.3063037997e-08,0.24144114221,0.048317702317,0.025705139517,0.079476805915
goe432,ok,,3.1860122688,32900121.826,47591.825091,236247.42533,14978503.552,28432.748508,2769442.2516,-4.2129830942e-08,1.7107116755e-08,-4.4642556827e-07,-1.1851674115e-06,1.074097535e-07,3.2429996762e-08,1.0486067727e-06,5.5420370983e-07,-1.1118539158e-08,-6.6193170273e-07,-1.4888888293e-06,-1.0775983535e-07,1.3282772989e-05,-2.1468511227e-07,-5.8240744092e-07,0.24303039009,0.02968134455,0.031502537819,0.049905110114
goe433,ok,,3.283470643,33906518.57,194734.20013,808840.4468,14768802.32,125345.83472,2963518.7994,-2.6155079521e-08,-4.1823097267e-09,-9.0426111913e-08,-2.5349566532e-07,7.9868817045e-08,-1.1222692539e-08,2.5637011508e-07,1.3474936562e-07,9.8278438641e-10,-3.6962837048e-08,-3.0019276124e-07,-4.4320028033e-08,2.9858183297e-06,2.1991910118e-08,8.7311639649e-09,0.23751461222,0.032034605394,0.0071979285072,0.049924029299
goe434,ok,,3.3533830671,34628464.088,322465.50041,1208977.3958,14679136.247,215296.47654,3100791.8448,-2.4109357598e-08,-4.5389464124e-09,-5.4429715649e-08,-1.5880974154e-07,7.4153670372e-08,-1.4437451782e-08,1.5459202686e-07,8.3535722875e-08,1.3414361652e-09,-7.1653504548e-08,-1.7038219069e-07,-2.9104195345e-08,1.7319682622e-06,2.3718675418e-08,7.9630521687e-09,0.2307786107,0.034586937829,0.0231057832,0.049850595301
goe435,ok,,3.3845246534,34950045.393,403676.93278,1465082.2977,14491980.208,277396.68996,3148521.7603,-2.2774626371e-08,-5.4322913776e-09,-3.6338459764e-08,-1.1218555594e-07,7.2330114183e-08,-1.560136252e-08,1.0662719721e-07,5.9912249436e-08,1.5901383854e-09,-7.680874617e-08,-1.3075580884e-07,-2.3572895143e-08,1.338597806e-06,2.681094567e-08,9.5620170287e-09,0.22866808394,0.031726682325,0.031005919065,0.043042939923
goe436,ok,,3.2073550481,33120516.47,99189.934233,413371.15613,15003107.514,56287.920837,2814407.9087,-2.9860436337e-08,8.6043182173e-09,-1.9140926438e-07,-5.0845887365e-07,9.2998379636e-08,7.1769526632e-09,4.2421384743e-07,2.4036203514e-07,-3.9929922342e-09,-5.7501518073e-07,-8.3260587929e-07,-4.8945400959e-08,6.7149314094e-06,-9.1487667419e-08,-2.5089409609e-07,0.24147292628,0.025215070606,0.05703571796,0.042077743628
goe437,ok,,3.1761960569,32798755.434,41386.772104,233464.36458,14917287.969,26539.610336,2740087.9468,-4.7081462117e-08,2.1391886018e-08,-5.1183380411e-07,-1.3572260441e-06,1.1095234457e-07,-2.4057867207e-09,1.3345846511e-06,6.5030132055e-07,-1.2935434502e-08,-1.1975268494e-06,-1.7419092029e-06,-1.38445358e-07,1.4235843139e-05,-2.2523214493e-07,-6.0769910601e-07,0.24396022361,0.032094068132,0.049561770805,0.055234150809
goe439,ok,,3.1839935947,32879276.136,50327.360656,278503.4414,14898733.91,32457.56753,2754479.9473,-4.6054492709e-08,1.7915603632e-08,-4.5334226777e-07,-1.2034268009e-06,1.1002387975e-07,4.9170393751e-09,1.185314218e-06,5.7547217572e-07,-1.2765525087e-08,-9.1631416324e-07,-1.3976760513e-06,-1.221120305e-07,1.1634886893e-05,-2.0501685074e-07,-5.5654209483e-07,0.24307964067,0.034680770778,0.046115673367,0.059653736142
goe438,ok,,3.2078904379,33126045.133,99356.078481,414109.32215,15004102.321,56425.121864,2815754.1274,-2.9883279779e-08,8.5540238588e-09,-1.9164354814e-07,-5.0908466084e-07,9.3075882381e-08,8.1344535025e-09,4.2449982517e-07,2.4027622065e-07,-4.0785591457e-09,-5.6400130965e-07,-8.2616267921e-07,-4.8625702172e-08,6.6984621867e-06,-9.3224869098e-08,-2.5549541701e-07,0.24135797031,0.025251017058,0.056036958384,0.042176637945
goe440,ok,,3.3025896756,34103949.86,143049.55177,777494.34692,14732682.92,111791.5169,2963363.9419,-4.5695873332e-08,7.0634422938e-09,-2.4602737113e-07,-6.5815011398e-07,9.8764198922e-08,-2.6627873606e-09,7.6963515227e-07,3.1677963426e-07,-9.2626340555e-09,-3.1009197633e-07,-3.8008495985e-07,-7.0747156777e-08,3.3686430706e-06,-7.9884152208e-08,-2.3394471664e-07,0.24145881461,0.067308596871,0.044358518224,0.11009596356
goe441,ok,,3.3005261291,34082640.798,164788.83417,782271.31246,14800844.119,116180.55347,2989231.7611,-3.5473435287e-08,-5.4175094005e-11,-1.7650195352e-07,-4.7911887833e-07,8.4946051571e-08,-2.9222332142e-10,5.2730093358e-07,2.4206357066e-07,-2.3224500749e-09,-9.4246266368e-08,-3.4026986089e-07,-6.5556351665e-08,3.2312836331e-06,-2.0191229726e-08,-9.1569795788e-08,0.2386569131,0.053131571367,0.015530732359,0.0868933061
goe442,ok,,3.1860112345,32900111.145,47444.807155,235784.04722,14978250.402,28368.73268,2769474.1178,-4.2164831096e-08,1.7128209918e-08,-4.473214218e-07,-1.187541952e-06,1.0755008321e-07,3.3052403187e-08,1.0518427483e-06,5.5523931478e-07,-1.1207570564e-08,-6.5923884582e-07,-1.4921953842e-06,-1.0789874562e-07,1.3312678439e-05,-2.1642714573e-07,-5.8702472614e-07,0.24300370697,0.029650593975,0.031277459909,0.049904476349
goe443,ok,,3.1364919036,32388753.41,20468.140822,83441.871194,14885876.673,10430.869328,2661545.7575,2.3353995415e-08,1.1853983429e-13,-7.6186760422e-14,2.1427706167e-13,9.2403322813e-08,-1.9481699205e-13,6.985469853e-13,-3.643141592e-13,-1.9167909178e-11,-4.9686852213e-06,5.9990893946e-06,4.1797872967e-13,-3.627063787e-05,-3.5265873289e-13,9.85354605e-13,0.24593567181,2.9265665901e-10,0.10169974881,1.4297958066e-08
goe444,ok,,3.1452541389,32479235.989,27665.966873,110720.55176,14918912.773,14042.3271,2682516.8849,2.3288432933e-08,-2.6149127254e-15,5.158472221e-14,-1.194831e-13,9.2031160642e-08,-2.7948327041e-15,9.0760323688e-14,-4.6822178919e-14,-2.1071102252e-11,-3.8769752889e-06,4.5344789309e-06,1.0454557561e-14,-2.6941804506e-05,1.009953649e-13,-1.980683792e-13,0.24687514236,9.9117682553e-10,0.10726026991,2.5109721085e-09
goe445,ok,,3.1488699176,32516574.062,34191.88669,137745.71947,14923080.791,17494.713204,2690183.0009,2.3259088394e-08,1.7451754751e-10,-1.7357929358e-10,1.8189164805e-13,9.1606236844e-08,-2.1709450805e-10,-2.1507153641e-10,-6.2677864117e-11,-3.0460157877e-11,-2.6182719965e-06,3.4016537515e-06,2.3603731444e-10,-2.1624540773e-05,-7.042819117e-10,5.4690974009e-13,0.24643754114,-8.2422066385e-10,0.08952365943,-7.3537016034e-06
goe446,ok,,3.2552491183,33615091.07,143994.72698,614591.38641,15013790.799,88568.246708,2908821.3647,-3.3982638648e-08,1.0835355341e-08,-1.9012880518e-07,-5.054463132e-07,8.9412805666e-08,-3.2927081862e-08,4.864159384e-07,2.5380183635e-07,-3.5009374591e-09,-6.9309119658e-07,-6.4305506786e-07,-6.3667467246e-08,4.2672555589e-06,-4.6557581449e-08,-1.3329283836e-07,0.24269139599,0.041907422295,0.099801477626,0.070041330251
goe447,ok,,3.2721199278,33789306.246,142971.7196,666935.01928,14953126.26,94696.895207,2933292.5419,-3.9133332147e-08,1.315369436e-08,-2.2247074595e-07,-5.90035648e-07,9.2896258886e-08,-4.3231367536e-08,6.1521882786e-07,2.9491358036e-07,-6.2562662427e-09,-7.451470861e-07,-6.0272317195e-07,-7.2436175319e-08,3.9913667688e-06,-6.7381906796e-08,-1.8494405954e-07,0.24209384368,0.051650978999,0.10653496026,0.08795889375
goe448,ok,,3.3066599947,34145981.711,146920.5832,790414.32379,14812178.058,111787.82301,2983600.1772,-4.6823842603e-08,1.5145214611e-08,-2.4889740761e-07,-6.6083520548e-07,9.5826239438e-08,-6.1826642156e-08,7.9433707309e-07,3.287843855e-07,-8.9903031516e-09,-7.3496084143e-07,-5.1155832082e-07,-7.9880139692e-08,3.378845706e-06,-7.2951336296e-08,-2.0227377512e-07,0.24117237423,0.068456384443,0.10798087545,0.11670446603
goe449,ok,,3.2677554344,33744236.625,237370.74116,890686.51167,14956879.52,139913.34308,2928387.5935,-2.7858846225e-08,6.6491452828e-09,-1.0593508798e-07,-2.8281958267e-07,8.5403883199e-08,-1.3955067376e-08,2.4024666767e-07,1.3689003599e-07,-1.9848972747e-09,-4.5179123676e-07,-4.0547071691e-07,-3.0952661671e-08,2.700791964e-06,-3.2563358609e-08,-9.6753677359e-08,0.2388360077,0.036344074894,0.10724202072,0.057027529564
goe450,ok,,3.2118338785,33166766.783,69614.022965,333304.87397,15015847.289,42593.831296,2824613.1701,-3.9542700547e-08,2.0795319081e-08,-3.34359728e-07,-8.8829256748e-07,9.8590415767e-08,-3.8694501247e-08,8.4274921389e-07,4.3417111441e-07,-6.968874678e-09,-1.2562731116e-06,-1.333611762e-06,-9.9797342851e-08,8.8690140613e-06,-1.1070882751e-07,-3.0663519246e-07,0.24566099834,0.034633261914,0.087454225242,0.05866716313
goe451,ok,,3.3676799437,34776099.735,19502.991611,222177.7851,15392563.117,19472.466067,3159406.0213,-5.5187159584e-08,3.4692998701e-08,-6.7828710906e-07,-1.7967260063e-06,7.1100358809e-08,-3.0351023226e-07,3.2652052253e-06,9.6412431859e-07,-4.8229191756e-10,-4.9673897391e-06,-2.7948430084e-06,-2.857304653e-07,1.941487691e-05,-3.1864365016e-08,-9.6367842809e-08,0.21398187941,0.03458526755,0.096878960411,0.063681270117
goe456,ok,,3.177941004,32816774.503,46115.198512,264711.43497,14875286.674,30177.595458,2740045.8607,-4.5647160289e-08,2.376645105e-08,-4.5790066071e-07,-1.2174476567e-06,1.0170443815e-07,-5.7451885092e-08,1.2727257326e-06,6.063079098e-07,-7.5863689156e-09,-1.5468438545e-06,-1.7892343105e-06,-1.4838929654e-07,1.2510397207e-05,-1.2002546854e-07,-3.3709702194e-07,0.24471067546,0.034253840235,0.071333011419,0.058691999811
goe457,ok,,3.1870488893,32910826.412,49405.441898,241077.61931,14989249.733,29307.580333,2772094.2468,-4.0488540206e-08,1.6058164584e-08,-4.193809939e-07,-1.1131043387e-06,1.0365069238e-07,2.2139568984e-08,9.8387731994e-07,5.2514818111e-07,-9.0789230999e-09,-6.7691477766e-07,-1.4615783842e-06,-1.0574961803e-07,1.2890022593e-05,-1.7946178448e-07,-4.8811557986e-07,0.24312860575,0.029150352355,0.033443273717,0.048608893765
goe458,ok,,3.1777986604,32815304.602,46111.907105,264695.19288,14874633.164,30169.946601,2739686.8292,-4.5660192976e-08,2.3821921714e-08,-4.5812776217e-07,-1.218051673e-06,1.0175659222e-07,-5.7361621037e-08,1.2727698491e-06,6.0646364177e-07,-7.6043870414e-09,-1.5468642463e-06,-1.790261734e-06,-1.4831797005e-07,1.2513547841e-05,-1.2032543485e-07,-3.3789435662e-07,0.24473285329,0.034257285032,0.07132886043,0.058689845046
goe459,ok,,3.2067781105,33114558.766,135856.85474,508674.12752,15023410.876,72611.916075,2817044.2727,2.2811926313e-08,-1.6981155599e-10,1.6290560016e-10,1.0093943495e-13,8.6117241929e-08,2.0038289263e-10,2.3101583921e-10,6.6227188335e-11,-1.4229015581e-10,-6.4427776504e-07,7.5016748215e-07,-2.2910009165e-10,-5.2097310704e-06,6.7155003758e-10,3.0912131613e-13,0.24259608316,-1.8841205238e-09,0.087529550735,3.1385085309e-05
goe460,ok,,3.281722837,33888469.983,325510.28099,1136903.1823,14964050.197,186872.74682,2960951.0095,2.2227816653e-08,-6.4704302086e-10,6.0467176587e-10,-1.202115667e-14,7.9924809913e-08,8.5433182373e-10,8.9194043387e-10,2.4315696706e-10,-3.9173186905e-10,-3.3404630232e-07,2.8635955503e-07,-8.4774023463e-10,-2.0238948273e-06,2.5550959491e-09,-5.6406704396e-14,0.2366534466,-2.4810801895e-10,0.10873550573,0.00029033578125
goe462,ok,,3.3113398245,34194307.63,25789.107573,984344.834,14070166.564,68043.692849,2928166.4711,-8.4882159932e-08,-1.6338138866e-08,-5.0675655383e-07,-1.3456233012e-06,1.3669001526e-07,6.6266760239e-08,6.0485667871e-06,6.6944847185e-07,-3.4787174136e-08,1.7186223039e-07,-2.6746859004e-07,-1.6265828279e-07,5.5363427693e-06,-2.3387477548e-07,-6.32589786e-07,0.22988907306,0.081821396783,-0.0044321735472,0.15598713954
goe464,ok,,3.2636269337,33701603.965,25224.172338,515245.67969,14712629.374,39441.226071,2898940.6687,-8.9881973807e-08,-3.7413055717e-09,-6.9777994795e-07,-1.8494400856e-06,1.5412044357e-07,-3.6272660013e-08,4.696521717e-06,8.9696160594e-07,-4.3259458112e-08,-8.4853317225e-07,-6.8828846147e-07,-1.9917022401e-07,9.5625510939e-06,-3.7137273137e-07,-9.9253699124e-07,0.23620806254,0.063796648885,0.021403546972,0.11846587318
goe474,ok,,3.1718193598,32753559.793,47143.59217,207387.29696,14978580.768,25938.404735,2740321.9,-3.1591113773e-08,1.6828505945e-08,-3.0444503695e-07,-8.0734470425e-07,9.5100049912e-08,-2.0524055387e-08,6.9661873844e-07,3.9782131168e-07,-3.5942191585e-09,-1.586712583e-06,-2.0992434467e-06,-9.3361524495e-08,1.4576811247e-05,-1.0310031533e-07,-2.8162268787e-07,0.24442958867,0.019156745909,0.074803330904,0.032841109703
goe476,ok,,3.2552216658,33614807.584,171154.52341,686906.22425,14975382.25,101900.27165,2909631.43,-2.8904156721e-08,3.6400554001e-09,-1.3175385073e-07,-3.5296660879e-07,8.6743428633e-08,-8.0454586821e-09,3.2540184512e-07,1.7697775885e-07,-2.6784990448e-09,-4.2282345549e-07,-4.7453532165e-07,-4.5219262965e-08,3.7046666522e-06,-4.4609705308e-08,-1.3504023192e-07,0.23820965894,0.032695893968,0.072368147008,0.055693997716
goe478,ok,,3.2382579082,33439632.586,147530.71635,586053.97892,15023487.409,85300.184718,2879667.8661,-2.817051511e-08,5.0332081657e-09,-1.3527988511e-07,-3.6120616882e-07,8.6658105922e-08,-9.7041223014e-09,3.1931080572e-07,1.7933867124e-07,-1.9308896778e-09,-4.860037391e-07,-5.7805704854e-07,-4.4054981468e-08,4.4294108666e-06,-3.8877193065e-08,-1.1625372814e-07,0.23920662357,0.028441751468,0.071700479775,0.047108151905
goe477,ok,,3.1995335799,33039748.653,88334.347342,402184.78811,14935179.894,52611.250697,2787090.4713,-3.5471433934e-08,1.5008947877e-08,-2.621889297e-07,-6.9534379115e-07,9.7524644642e-08,-1.6257214182e-08,6.3041871776e-07,3.364122683e-07,-6.0843481946e-09,-8.9070181623e-07,-1.0165889281e-06,-7.4214497583e-08,7.1847845642e-06,-1.0342541458e-07,-2.81277162e-07,0.2430703419,0.032993234064,0.078679563613,0.055687625985
goe480,ok,,3.2235072574,33287311.074,109703.64557,499472.50787,14936726.591,67378.062595,2837235.974,-3.4126585034e-08,6.9733948765e-09,-2.1789533668e-07,-5.796625185e-07,9.3122277529e-08,-6.5664037996e-09,5.555669776e-07,2.8751747998e-07,-4.8629036957e-09,-5.0757270626e-07,-6.8863359655e-07,-6.9613277526e-08,5.6069739436e-06,-7.5435307741e-08,-2.1216657609e-07,0.24064382448,0.03562390297,0.055682576269,0.060947722801
goe481,ok,,3.3243580151,34328739.021,88179.729767,627753.49502,14820334.444,75211.20717,3026813.3784,-4.4664136913e-08,-1.2431331816e-09,-2.844931842e-07,-7.5449044922e-07,8.1230351623e-08,-5.4243329447e-08,1.1597906722e-06,4.0153153928e-07,-1.5699109418e-09,-5.667315079e-07,-4.8040278107e-07,-1.1702246838e-07,5.027124992e-06,-2.4479141474e-08,-7.3651635022e-08,0.23321097549,0.055456027089,0.049974231217,0.10227002806
goe479,ok,,3.2129145317,33177926.069,109231.01846,453817.41252,14993298.096,62444.27849,2825432.6305,-2.9760485577e-08,7.7833843979e-09,-1.7952983511e-07,-4.7801060846e-07,9.1274162417e-08,-2.1323747169e-10,4.0725822825e-07,2.2976135703e-07,-3.2933272272e-09,-5.3942545806e-07,-7.6945767709e-07,-5.0225772735e-08,6.0509923333e-06,-6.9914550662e-08,-1.9722922038e-07,0.2412153842,0.026882428693,0.058921992167,0.044485231047
goe481a,ok,,3.2832428161,33904165.936,203971.46557,763147.34781,15098955.31,120646.82238,2978795.047,-2.8363701878e-08,3.8803625151e-09,-1.1768221747e-07,-3.167050264e-07,8.0772165004e-08,-2.5763825152e-08,2.9219123583e-07,1.6235653152e-07,-9.2712811545e-11,-4.4598929254e-07,-4.2434612922e-07,-4.4670957779e-08,3.128777824e-06,-2.9847556428e-09,-2.8760310792e-08,0.23732726096,0.037386436548,0.090969089629,0.0595986746
goe482,ok,,3.2893608469,33967343.331,171502.82557,850450.62275,14560560.896,125507.66624,2942019.143,-3.7936555791e-08,3.3519284679e-10,-1.849558773e-07,-5.0534043713e-07,8.8305510328e-08,4.7942459855e-09,5.6419987777e-07,2.5027068966e-07,-4.0714452288e-09,-7.2769971056e-08,-3.136856888e-07,-6.5309244524e-08,2.9793271604e-06,-3.1871956145e-08,-1.3134693061e-07,0.23521406327,0.0595634972,0.012480255652,0.096761873221
goe483,ok,,3.1692677802,32727211.093,25045.606976,218949.07925,14841806.777,20452.492637,2716289.7118,-6.6473532986e-08,2.0635645008e-08,-7.7926143161e-07,-2.0638550251e-06,1.3241129364e-07,-3.5961182516e-08,2.6598908131e-06,9.9727010681e-07,-2.6040291788e-08,-1.8148488739e-06,-1.9915144064e-06,-2.1797576319e-07,1.847300941e-05,-3.8330865928e-07,-1.0233330687e-06,0.24217605995,0.037158712776,0.045453991617,0.066618579904
goe484,ok,,3.1800075158,32838114.184,35249.067879,220759.16791,14920547.378,24191.566781,2749301.0367,-4.7839465851e-08,2.787152264e-08,-5.2839538904e-07,-1.4051530127e-06,9.2048187832e-08,-1.1828773697e-07,1.6106285663e-06,7.2909434821e-07,-2.0315029967e-09,-2.1867573236e-06,-2.3410298974e-06,-2.0066940855e-07,1.5605348495e-05,-2.9644268882e-08,-1.0111939996e-07,0.24361637652,0.033397111246,0.077081157332,0.056773155661
goe488,ok,,3.1741752872,32777888.103,45847.078519,202268.23828,15001833.002,25284.176665,2745895.6869,-3.3104171133e-08,2.0820871359e-08,-3.3906345144e-07,-8.9682874087e-07,9.7821828526e-08,-1.6083909675e-08,7.5581440262e-07,4.3090840405e-07,-5.3096416279e-09,-1.7875188908e-06,-2.1412293052e-06,-9.1829928941e-08,1.4959477114e-05,-1.4787061344e-07,-3.9291151191e-07,0.24411723432,0.020252424864,0.081952518938,0.034651882263
goe490,ok,,3.1922360064,32964390.795,69501.30188,304945.58627,15004167.0,39257.428658,2783073.8511,-3.2991056562e-08,1.3114562606e-08,-2.7269569545e-07,-7.2271996858e-07,9.7596772101e-08,3.1940845223e-09,6.1658062347e-07,3.4496738706e-07,-5.8356263777e-09,-9.1501857176e-07,-1.245542869e-06,-7.2262099664e-08,9.6304398868e-06,-1.3130920956e-07,-3.5369560859e-07,0.24363748104,0.024994066025,0.063594981982,0.042853156045
goe492,ok,,3.157400335,32604662.791,34469.472808,176585.88315,14908023.132,20507.675355,2701696.091,-3.6160781622e-08,2.2776941948e-08,-4.1158745802e-07,-1.0914974712e-06,9.0785802345e-08,-9.9792529248e-08,1.1022939181e-06,5.8071763842e-07,1.5432391286e-10,-2.5330149445e-06,-2.903632929e-06,-1.691008621e-07,1.8437484796e-05,5.5986339791e-09,2.7535475956e-09,0.24544216723,0.022397935702,0.08731168975,0.037995490235
goe491,ok,,3.1631237085,32663764.788,24248.01827,114730.69198,14992960.278,13433.114904,2723494.5177,-3.9988343147e-08,4.1548548506e-08,-6.2386682233e-07,-1.6489250352e-06,1.1951693598e-07,5.3181564961e-08,1.2860615024e-06,7.2674876461e-07,-1.5871582219e-08,-3.0652738595e-06,-3.7537189399e-06,-1.0284114567e-07,2.8154839396e-05,-5.0085941298e-07,-1.3235199337e-06,0.24555769441,0.017790083353,0.074326816546,0.031184442807
goe494,ok,,3.1554828663,32584862.192,20000.252898,180836.38541,14784267.954,16729.807768,2688452.2872,-5.8212004592e-08,4.3836412092e-08,-7.4958032017e-07,-1.9967277956e-06,8.8840530507e-08,-2.3928701564e-07,2.8710674929e-06,1.054277115e-06,1.4568138103e-09,-3.995554503e-06,-3.5703849815e-06,-3.0466590653e-07,2.2528447401e-05,3.1375724045e-08,5.0762081211e-08,0.24340216489,0.033611603397,0.079912100529,0.057422075946
goe493,ok,,3.2256795582,33309743.177,175731.29097,682449.90776,14917301.827,99895.618264,2842768.2288,-2.5230766717e-08,2.9119103995e-09,-8.2446961849e-08,-2.2250007888e-07,8.468094227e-08,-2.3796148716e-08,2.0118796125e-07,1.1806705823e-07,5.2012430987e-10,-5.0090427301e-07,-5.5970222757e-07,-3.5617960519e-08,3.7823489302e-06,1.3109662091e-08,1.693443517e-08,0.24179759058,0.022635893232,0.088024554547,0.035355020157
goe495,ok,,3.1728822286,32764535.43,37588.972278,237078.10837,14842569.165,25871.51383,2729873.3503,-4.5972147446e-08,1.8693370622e-08,-4.908100374e-07,-1.3091362356e-06,9.1112816275e-08,-6.4746064275e-08,1.4945416667e-06,6.7799417792e-07,-1.0079905567e-09,-1.173354065e-06,-1.9732296011e-06,-1.8715428703e-07,1.4572239899e-05,-1.0885681536e-08,-5.8781702172e-08,0.24329097097,0.033499424437,0.04410517342,0.056178285278
goe497,ok,,3.2241346883,33293790.192,115229.23979,529807.3948,14819976.337,72326.333122,2836685.6177,-3.1339088928e-08,5.7417630109e-10,-1.7840806256e-07,-4.84016183e-07,8.4368355983e-08,-1.8499243347e-08,4.9326828901e-07,2.5406809955e-07,6.8088679345e-10,-2.00341968e-07,-6.0534892746e-07,-7.565199867e-08,5.198106619e-06,1.7041905409e-08,5.8290846355e-09,0.23990531083,0.035108265287,0.023085252671,0.056838929956
goe496,ok,,3.1986458963,33030582.053,72911.494258,371896.68357,14847067.645,46401.722515,2785252.4423,-3.5180488693e-08,3.2314610231e-09,-2.665359234e-07,-7.1598991331e-07,8.6740803025e-08,-2.1553106172e-08,7.5259532896e-07,3.7563043262e-07,4.1761761695e-10,-2.9175997253e-07,-9.5569588182e-07,-1.0908128809e-07,8.1160672019e-06,1.2818006657e-08,-9.7465851214e-11,0.24158601448,0.033222072689,0.021272655562,0.054872850006
goe498,ok,,3.2645921989,33711571.706,177212.10252,735160.57871,14861143.828,110632.12345,2924295.8135,-2.9076677014e-08,2.9390920449e-10,-1.2859933825e-07,-3.5104910378e-07,8.2474726469e-08,-1.002608662e-08,3.3316624598e-07,1.7723073652e-07,-2.641496615e-10,-1.5758347188e-07,-3.768719658e-07,-4.8626934892e-08,3.3972946403e-06,-2.2325684638e-10,-3.8169220233e-08,0.23684108138,0.037837890283,0.027925698374,0.05904109094
goe499,ok,,3.1745552469,32781811.731,36169.966061,275714.99208,14784307.246,28263.600704,2724135.818,-5.0115321348e-08,2.3518510636e-08,-5.027340968e-07,-1.3412667212e-06,8.2811224994e-08,-1.4498185116e-07,1.8263345903e-06,7.2431956902e-07,4.8356591258e-09,-1.8659425978e-06,-2.031616157e-06,-2.2155806319e-07,1.3339027232e-05,7.5843734035e-08,1.6900418945e-07,0.24303677372,0.039070833593,0.067491080433,0.066058460146
goe501,ok,,3.2337469739,33393050.754,116984.18758,562424.28533,14779934.167,76668.654322,2851652.1398,-3.4798136568e-08,2.911410697e-09,-2.0616907268e-07,-5.590277033e-07,8.4899540786e-08,-2.1742653793e-08,5.9148675393e-07,2.8983811888e-07,5.0350968602e-11,-2.5872595726e-07,-6.0363846678e-07,-8.3661156585e-08,4.8983298927e-06,8.1018811561e-09,-2.035908639e-08,0.23961503229,0.042485992111,0.030266845915,0.069194597372
goe500,ok,,3.2037720574,33083516.978,74275.704876,408044.63532,14798506.674,50049.380026,2788913.3588,-3.943511648e-08,7.9352412216e-09,-2.9760814928e-07,-7.9941214359e-07,8.6958756783e-08,-4.0581696431e-08,8.9631758529e-07,4.1947958428e-07,2.6669230809e-10,-5.3628045725e-07,-9.9382722188e-07,-1.2185673721e-07,7.5203282794e-06,1.0800693238e-08,-7.3685861706e-09,0.24169818374,0.039920951062,0.039832608973,0.066574620441
goe502,ok,,3.2705913405,33773521.405,177928.02344,755891.41412,14801269.275,114101.9974,2931807.8156,-2.9302286616e-08,-1.4382888916e-09,-1.2612203432e-07,-3.4677996391e-07,8.0299965482e-08,-2.0660334197e-08,3.5976745528e-07,1.844525148e-07,1.1808518569e-09,-1.7774530809e-07,-3.8292491712e-07,-5.8326159233e-08,3.2879541979e-06,2.2244286871e-08,1.4584656165e-08,0.23711530456,0.039962994378,0.031625871344,0.064012712215
goe503,ok,,3.267392859,33740492.516,207005.89402,821933.77223,14871430.422,125517.39999,2921922.2663,-3.2066218702e-08,8.6417960319e-09,-1.4964120562e-07,-4.0108494514e-07,9.2457245666e-08,-7.0628791524e-09,3.4663185528e-07,1.8869891423e-07,-5.6039483912e-09,-4.8289660334e-07,-4.3467483187e-07,-3.9054698571e-08,3.003238742e-06,-7.1047272441e-08,-2.0668669106e-07,0.2395594117,0.044159380662,0.099962443096,0.0717548371
goe504,ok,,3.2652997567,33718878.248,244854.24642,938944.37508,14843636.226,146456.38237,2913559.4071,-2.7682422727e-08,4.7633224195e-09,-1.0200835584e-07,-2.7484277906e-07,8.6911095112e-08,-5.5177723647e-09,2.3044835653e-07,1.3092226372e-07,-2.3094980672e-09,-3.5899325785e-07,-3.5761526205e-07,-2.8911505763e-08,2.5757615957e-06,-3.7703117145e-08,-1.1880784367e-07,0.23920634228,0.036101761607,0.08790102362,0.056426258676
goe506,ok,,3.2537892584,33600015.934,222345.27801,832790.17828,14941644.853,128649.08661,2900359.7838,-2.7322145444e-08,6.2045472014e-09,-1.0444127657e-07,-2.810538113e-07,8.6439475699e-08,-1.1369685693e-08,2.2947220655e-07,1.3382857707e-07,-1.6676686045e-09,-4.4760777771e-07,-4.3625367055e-07,-2.9384948997e-08,2.9339261247e-06,-2.9903896681e-08,-9.7491943544e-08,0.2404403988,0.033147109911,0.099523475776,0.051022061561
goe507,ok,,3.1785188554,32822741.642,65621.354243,282475.43772,14960740.455,36352.182816,2751455.6225,-2.8904650962e-08,8.8953617759e-09,-2.1104571424e-07,-5.6041692948e-07,9.2231300976e-08,-1.432957189e-08,4.9892494016e-07,2.8323105248e-07,-2.2006391223e-09,-1.0360623445e-06,-1.4402556431e-06,-7.2174517137e-08,1.0400974799e-05,-6.3455713537e-08,-1.7710381847e-07,0.24383234819,0.018803348954,0.067987814125,0.032740130239
goe505,ok,,3.2523966937,33585635.717,180358.93333,705847.01641,14944695.223,105979.24176,2899586.9275,-3.0824685003e-08,8.9454287495e-09,-1.4992770243e-07,-4.022545544e-07,9.0671665793e-08,-1.4008687935e-08,3.4681135198e-07,1.9260491233e-07,-4.2005528068e-09,-5.9700069038e-07,-5.3922427635e-07,-4.2673804672e-08,3.5581666415e-06,-6.0658641241e-08,-1.8082945502e-07,0.24045756573,0.038036968714,0.10767440771,0.062550525508
goe508,ok,,3.2702320152,33769810.855,214620.42109,838098.90185,14934094.928,129651.71921,2933182.3669,-2.8732760309e-08,4.7993637451e-09,-1.1843372749e-07,-3.1690259207e-07,8.6886877255e-08,-3.2504074471e-09,2.7767141462e-07,1.5270934913e-07,-3.2132358601e-09,-3.6519728994e-07,-3.7835557162e-07,-3.4272856495e-08,2.9119084652e-06,-5.0241064108e-08,-1.4702559675e-07,0.23703925713,0.036582407809,0.078378796149,0.059593955931
goe509,ok,,3.2211219593,33262679.468,113974.6251,469903.6348,14978093.307,65089.311351,2841522.7197,-3.3755178874e-08,1.5823488599e-08,-2.2631861682e-07,-6.0218138672e-07,1.0141735473e-07,6.4109703002e-09,4.8332444672e-07,2.7181733927e-07,-8.773230304e-09,-8.5674474765e-07,-8.4413522366e-07,-4.5492394769e-08,5.7986523822e-06,-1.5058601579e-07,-4.1103326257e-07,0.24218957926,0.032740064502,0.097647161422,0.055086722617
goe510,ok,,3.2558810264,33621616.423,173565.40735,681182.51229,14976858.945,101954.15862,2909939.333,-3.0529740668e-08,8.200926734e-09,-1.5031810537e-07,-4.0202949931e-07,9.0071520835e-08,-1.2296529732e-08,3.5005005047e-07,1.9347535887e-07,-4.2043652866e-09,-6.1092962106e-07,-5.3814403626e-07,-4.315299256e-08,3.701569912e-06,-6.4832956479e-08,-1.8788724436e-07,0.23959283617,0.036412818519,0.10603624854,0.060756579603
goe511,ok,,3.3049368807,34128188.101,244393.66989,915915.19553,14985169.467,148961.41924,3009513.5881,-3.3445801551e-08,1.0817973499e-08,-1.5253598451e-07,-4.0672737896e-07,9.4455816168e-08,1.4050171584e-09,3.3180786439e-07,1.8203840733e-07,-8.1046804845e-09,-4.6525164831e-07,-3.60271447e-07,-2.9499946812e-08,2.5305778529e-06,-9.3957636258e-08,-2.6036354028e-07,0.2363416825,0.051502022959,0.11370455775,0.081091741677
goe512,ok,,3.2499608327,33560481.977,174653.57441,666113.75908,15045547.194,99705.34331,2902611.6919,-3.094021471e-08,1.2392337265e-08,-1.6152011449e-07,-4.2809198597e-07,9.478997378e-08,3.9662572714e-09,3.3211451379e-07,1.9140039618e-07,-6.277751666e-09,-6.1930577892e-07,-5.5076205211e-07,-2.9877235219e-08,3.7895521777e-06,-1.0446331172e-07,-2.8022167701e-07,0.24019856006,0.036001134443,0.10816396794,0.058004986947
goe513,ok,,3.2764610361,33834134.377,244103.28312,878631.08103,15022823.396,140348.04819,2957481.2484,-2.7447010827e-08,7.1042720767e-09,-1.0553165169e-07,-2.8248224055e-07,8.8299282769e-08,4.4018582762e-09,2.1589449044e-07,1.2650786669e-07,-3.8205050854e-09,-4.5879982648e-07,-3.9030202844e-07,-2.0974232831e-08,2.6885604513e-06,-6.903229272e-08,-1.9551894062e-07,0.23801191788,0.03314083687,0.11199454394,0.052700553924
goe514,ok,,3.2802484117,33873244.438,240922.1564,892526.36131,14915900.872,142311.93833,2957027.8925,-2.9740178024e-08,7.7718814174e-09,-1.2435164427e-07,-3.3542683907e-07,8.9734102805e-08,-3.8817282567e-09,2.7221288338e-07,1.5398396342e-07,-4.5440215394e-09,-4.5621578976e-07,-3.9458120149e-07,-2.962988829e-08,2.6455509418e-06,-6.2466629113e-08,-1.8837508412e-07,0.23855576692,0.041371295459,0.10991249185,0.065582114864
goe515,ok,,3.1813775138,32852261.368,65002.539627,276100.10805,14981618.377,35700.160262,2760542.9668,-2.8315506923e-08,7.6992632145e-09,-2.005478681e-07,-5.3316242186e-07,9.1318604327e-08,-1.7965892053e-08,4.8091754242e-07,2.7422750535e-07,-1.830895527e-09,-1.105318268e-06,-1.491070995e-06,-7.3669281427e-08,1.0589586037e-05,-5.4289728644e-08,-1.5466354099e-07,0.24395448325,0.01768753233,0.071848494517,0.031260861608
goe517,ok,,3.1767976289,32804967.523,46025.300927,236650.0946,14952701.091,28054.557334,2742568.418,-4.4035699701e-08,2.8661446447e-08,-4.7082511082e-07,-1.2437692336e-06,1.1333868047e-07,-1.2763414043e-08,1.1307928285e-06,5.8158570202e-07,-1.4072408319e-08,-1.7471045951e-06,-1.8423810196e-06,-1.1074374938e-07,1.3480827892e-05,-2.6341189797e-07,-6.9348531599e-07,0.24435533927,0.030150893578,0.080411014738,0.052045080217
goe518,ok,,3.3049561076,34128386.646,267769.22619,974255.83171,15048587.66,161361.32665,3011577.2292,-3.1675809886e-08,1.0895321594e-08,-1.3639570164e-07,-3.6149793762e-07,9.179528818e-08,2.8110328463e-09,2.8195109242e-07,1.594881835e-07,-6.679619327e-09,-4.3067080603e-07,-3.3313726107e-07,-2.3090719504e-08,2.3400257162e-06,-8.479036838e-08,-2.2756606895e-07,0.23607745621,0.049733900937,0.11532038847,0.075497825841
goe522,ok,,3.3226806975,34311418.323,329332.29669,1203603.0707,14819465.662,207092.5742,3033796.6748,-2.5238669309e-08,-4.7572680751e-10,-6.5761642923e-08,-1.8273205604e-07,7.7742706323e-08,-1.2230659679e-08,1.6398059037e-07,9.2083022862e-08,2.7993449986e-10,-1.9737330002e-07,-2.1601866362e-07,-2.6319915334e-08,1.8160535822e-06,2.9471885025e-09,-2.6011979352e-08,0.23286187884,0.036589190662,0.065001402199,0.054004104437
goe523,ok,,3.3097369999,34177756.179,169868.92508,862424.75502,14658138.998,129118.87433,2986369.5941,-4.0830612494e-08,4.1942696693e-09,-1.9985486707e-07,-5.4408883146e-07,8.1056557282e-08,-1.5539895076e-08,6.3478220314e-07,2.7188964227e-07,-5.1808327373e-12,-1.2366522064e-07,-3.4853581643e-07,-7.2029295557e-08,2.9020477661e-06,7.6150542542e-09,-2.5006731311e-08,0.23681581697,0.069488254026,0.0210068781,0.10782977051
goe525,ok,,3.3097369999,34177756.179,169868.92508,862424.75502,14658138.998,129118.87433,2986369.5941,-4.0830612494e-08,4.1942696693e-09,-1.9985486707e-07,-5.4408883146e-07,8.1056557282e-08,-1.5539895076e-08,6.3478220314e-07,2.7188964227e-07,-5.1808327373e-12,-1.2366522064e-07,-3.4853581643e-07,-7.2029295557e-08,2.9020477661e-06,7.6150542542e-09,-2.5006731311e-08,0.23681581697,0.069488254026,0.0210068781,0.10782977051
goe526,ok,,3.225941262,33312445.643,129806.9562,520863.49134,15015701.044,73985.67409,2854229.0155,-2.8759043371e-08,6.7587062546e-09,-1.5292348391e-07,-4.0748088107e-07,8.9996293532e-08,-2.2308296231e-09,3.4940310356e-07,1.971567537e-07,-3.2926524759e-09,-5.7166516591e-07,-6.7878254001e-07,-4.4228492465e-08,5.1067151924e-06,-6.8387268203e-08,-1.9269199369e-07,0.24023555192,0.026728420452,0.074206115154,0.045354953361
goe527,ok,,3.2683454077,33750328.941,204088.93783,810976.39941,14919314.549,124012.07628,2929884.3504,-2.9934174045e-08,5.2120369783e-09,-1.3370658421e-07,-3.5803602427e-07,8.9249095586e-08,5.3120827115e-09,3.051613026e-07,1.6752778366e-07,-4.3161097902e-09,-3.0656955665e-07,-3.6688251928e-07,-3.3818321232e-08,3.0420106912e-06,-6.4648961646e-08,-1.8734306114e-07,0.23697075552,0.038917243542,0.062567455186,0.062280046114
goe528,ok,,3.2342768644,33398522.629,118605.06609,536927.93796,14917072.522,73770.809429,2860702.0047,-3.6967318786e-08,9.3140337858e-09,-2.3797969875e-07,-6.3481286852e-07,9.8665358325e-08,9.8339410942e-09,5.7917396719e-07,2.995015016e-07,-8.257460275e-09,-4.1916817375e-07,-6.1056278432e-07,-6.1515153041e-08,5.1127527474e-06,-1.1232128416e-07,-3.1516334747e-07,0.23987350738,0.041276550772,0.049715468952,0.068692966658
goe531,ok,,3.3926578325,35034032.071,165721.71153,1178561.1952,13847576.545,169631.5891,3090600.2448,-4.5893691959e-08,7.4054034933e-09,-1.8860068715e-07,-5.268666437e-07,7.9703367696e-08,-9.9082693801e-08,9.6434800885e-07,2.8028138617e-07,-4.5442652719e-10,-5.8739919177e-07,-3.8224107189e-07,-9.1673994601e-08,2.1780451341e-06,1.3056980226e-08,-3.3938633114e-08,0.23694818439,0.088012186666,0.097344799414,0.15981340254
goe530,ok,,3.2448979124,33508200.102,143909.00867,575761.21263,15042855.892,83632.484162,2894802.3084,-3.1098443342e-08,9.0621679523e-09,-1.7471956354e-07,-4.63813511e-07,9.5569771262e-08,1.5627254979e-08,3.8284213729e-07,2.1236093833e-07,-7.1395067884e-09,-5.3872767875e-07,-5.7568932017e-07,-3.763647933e-08,4.516297573e-06,-1.2431978443e-07,-3.3562701934e-07,0.23874371855,0.032114579163,0.077527766192,0.055094432454
goe529,ok,,3.2056474619,33102883.206,76615.462179,385667.25855,14905520.349,48469.34333,2799269.4023,-4.1166754978e-08,1.2745954764e-08,-3.3064281977e-07,-8.7846540192e-07,1.0549091551e-07,8.2187113445e-09,8.4043532074e-07,4.1885494114e-07,-1.1114802482e-08,-6.7026160277e-07,-9.3453343657e-07,-8.8200152069e-08,7.7897448622e-06,-1.6450371516e-07,-4.4856209964e-07,0.24169167046,0.037341870267,0.051352402477,0.06439034053
goe532,ok,,3.2255494624,33308399.752,106659.13621,482431.45244,14924693.895,65363.986896,2848260.43,-3.3170099436e-08,3.5903983298e-09,-2.1700584114e-07,-5.8078246842e-07,9.4216754387e-08,3.0729678309e-08,5.1513646411e-07,2.7225117266e-07,-5.6073525907e-09,-3.5400143645e-08,-5.4051940096e-07,-5.5238125894e-08,5.7673298742e-06,-9.5851559389e-08,-2.7652156726e-07,0.23836481456,0.033665180629,0.0037757487427,0.05494401029
goe533,ok,,3.2260050465,33313104.309,126369.84431,559052.96775,14891556.891,77186.686689,2841734.5324,-3.1002596676e-08,4.2195383341e-09,-1.7753070435e-07,-4.7410301537e-07,9.1230457907e-08,1.5260680328e-08,4.1933787089e-07,2.2468494434e-07,-3.7957187143e-09,-1.5441007126e-07,-5.015799406e-07,-4.7149294305e-08,4.8909560896e-06,-6.7900862327e-08,-1.9638306232e-07,0.23876929033,0.032982930265,0.019512776665,0.052991661457
goe534,ok,,3.2519624397,33581151.424,113405.53433,550624.51621,14786056.684,74936.314645,2902887.2038,-3.2807981537e-08,-6.3506949091e-09,-1.96838998e-07,-5.3592693692e-07,9.1136921608e-08,5.1787281927e-08,5.3105619922e-07,2.5811864663e-07,-5.1998502002e-09,4.0512685919e-07,-3.0430766587e-07,-6.1271486136e-08,4.9950402034e-06,-7.7297591134e-08,-2.4996698103e-07,0.23532346061,0.035765289987,-0.045943627939,0.060224712034
goe535,ok,,3.2741614141,33810387.504,158450.70293,711881.75966,14771096.301,104723.28201,2942237.4943,-3.0725550838e-08,-3.1120018141e-09,-1.4911492771e-07,-4.0862947174e-07,8.403348466e-08,1.3305898666e-08,4.0435460289e-07,2.0158450285e-07,-1.6631311609e-09,8.8509039967e-08,-3.0028614462e-07,-5.2464032104e-08,3.5763163454e-06,-1.9324188469e-08,-9.6365691041e-08,0.23508721997,0.040424851719,-0.014024319598,0.064070271059
goe54,ok,,3.2042151566,33088092.611,23893.249505,135052.4982,15124814.197,15014.435133,2824448.4882,-4.4080942372e-08,-1.1821950619e-08,-6.74801235e-07,-1.7835578412e-06,1.3748801958e-07,3.6466084782e-07,1.5464186658e-06,7.6589721427e-07,-2.4687449165e-08,4.3205138732e-06,-5.2500400623e-07,-9.1070550234e-08,2.5177215185e-05,-7.189290698e-07,-1.8999897842e-06,0.24430179711,0.019826083526,-0.10323111596,0.036948967021
goe547,ok,,3.1989708246,33033937.401,93931.158637,399437.61647,14953739.326,53587.518398,2792950.5818,-2.9697795176e-08,8.6500866125e-09,-1.8464460427e-07,-4.9358757554e-07,8.7416894747e-08,-4.2333748785e-08,4.6185017661e-07,2.6007787015e-07,1.6208919891e-10,-8.9906352101e-07,-1.0713310706e-06,-7.5424943598e-08,7.0488575686e-06,6.2247763627e-09,-3.0414632058e-09,0.24392637563,0.026410377791,0.084450078217,0.043382122206
goe546,ok,,3.1933759027,32976161.85,85192.138218,364654.21115,14950801.422,48373.318603,2782400.9411,-2.9663529339e-08,8.9165662319e-09,-1.9745616703e-07,-5.2698596424e-07,8.968689491e-08,-2.0286126883e-08,4.64368215e-07,2.6381076966e-07,-1.2384297376e-09,-7.215937762e-07,-1.071004876e-06,-6.6346833797e-08,7.8091679999e-06,-2.7176932017e-08,-8.9569659628e-08,0.24318703494,0.024438850534,0.06147411672,0.039560521157
goe548,ok,,3.1946969548,32989803.598,120595.73327,466490.20847,14962416.083,64957.621876,2784745.9637,-2.4833149382e-08,5.8031016098e-09,-8.9504428976e-08,-2.387768215e-07,8.7809993276e-08,-2.5856186821e-08,2.0545140796e-07,1.2500151383e-07,1.8642089166e-10,-9.3179525212e-07,-9.6318492254e-07,-3.5493705607e-08,5.822089249e-06,5.8179115708e-09,6.7607841944e-09,0.24482049091,0.015617894028,0.11237053169,0.024776563194
goe549,ok,,3.2265798182,33319039.646,138532.91443,589191.75997,14896436.055,82633.286261,2843259.6449,-2.979406649e-08,5.2809871057e-09,-1.5690187416e-07,-4.1922036473e-07,9.0865910976e-08,3.5013404976e-09,3.6988933521e-07,2.0224526887e-07,-3.500933025e-09,-3.651659419e-07,-5.542223936e-07,-4.5338798339e-08,4.5692504213e-06,-6.3558712265e-08,-1.8396987756e-07,0.24017376716,0.030997806146,0.050587502183,0.051241847624
goe55,ok,,3.1981250571,33025203.634,22685.57626,114751.2186,15141610.416,13024.554249,2815167.3602,-3.1509176694e-08,-7.946656363e-09,-4.4983921622e-07,-1.1905555123e-06,1.0275474428e-07,1.9359706337e-07,9.9274382799e-07,5.3671489039e-07,-7.9335642245e-09,3.8989920086e-06,-1.1145200232e-06,-8.6847065114e-08,2.9034712389e-05,-3.66173435e-07,-9.7305325923e-07,0.24674816356,0.012381269285,-0.088450880547,0.022520965817
goe550,ok,,3.223108944,33283197.919,121140.09679,528589.14747,14882732.977,72839.87302,2839974.093,-2.793536186e-08,-1.8330857667e-09,-1.3686349952e-07,-3.7130576991e-07,8.4194984689e-08,-1.7078113948e-08,3.744223204e-07,2.0100048052e-07,7.758109188e-10,-2.0713441429e-07,-5.7491436506e-07,-6.41298155e-08,5.1712237407e-06,1.8289141074e-08,1.5444511963e-08,0.24029755081,0.02731622966,0.025092282996,0.045357556133
goe553,ok,,3.2271027335,33324439.493,125757.91006,556620.25409,14897787.006,76843.617103,2845004.059,-3.1061906228e-08,4.0850419579e-09,-1.7899367842e-07,-4.7798749106e-07,9.1363914354e-08,1.7489100794e-08,4.210447345e-07,2.2560130078e-07,-3.9256449772e-09,-1.3009828878e-07,-4.9295564927e-07,-4.6602909867e-08,4.9126066564e-06,-7.0494233474e-08,-2.0326183853e-07,0.23862509751,0.033011392207,0.016360888899,0.052949705854
goe559,ok,,3.1740066651,32776146.84,86820.815274,384278.86878,14809145.131,49672.989549,2724188.0523,-2.9054394733e-08,1.4604040361e-08,-1.897981865e-07,-5.0221401783e-07,9.7846951401e-08,-5.2804843285e-09,4.1344662289e-07,2.3296711477e-07,-4.036677962e-09,-1.1984435581e-06,-1.1872784579e-06,-4.3163080938e-08,7.6134431443e-06,-1.101399125e-07,-2.9300911477e-07,0.24658339728,0.021362149768,0.10404984677,0.035895772871
goe561,ok,,3.4079032862,35191463.129,448717.7509,1569366.6353,14807153.585,301044.8739,3188792.2446,-3.0801702517e-08,6.5053934e-09,-9.8364125503e-08,-2.6081043663e-07,8.6026290963e-08,3.7199986153e-09,2.1767709038e-07,1.1687956687e-07,-6.6071619873e-09,-2.77911828e-07,-1.643749483e-07,-1.8514291006e-08,1.2520696388e-06,-6.5089017351e-08,-1.7498592362e-07,0.22966525864,0.066622044741,0.12470397041,0.097675574415
goe562,ok,,3.2456197466,33515654.071,157931.31846,647548.83821,14949990.459,94099.230238,2882550.6031,-3.3737165224e-08,1.2485498802e-08,-1.9014565794e-07,-5.0402982867e-07,9.9212148034e-08,5.5698871964e-09,4.143125259e-07,2.2879405896e-07,-8.2460024628e-09,-6.1053001331e-07,-5.5153366071e-07,-3.8644089764e-08,4.0142382666e-06,-1.2080614238e-07,-3.2420219106e-07,0.24138500199,0.040103465795,0.096421809961,0.065432923469
goe563,ok,,3.1793060171,32830870.211,68174.474052,279087.05753,14983363.988,36756.166264,2757208.8884,-2.6619737362e-08,7.9009209132e-09,-1.6527326025e-07,-4.3983687003e-07,9.0002214983e-08,-1.4850477404e-08,3.7116728947e-07,2.2024714958e-07,-9.1734399369e-10,-1.0062473921e-06,-1.4407859849e-06,-5.4966108414e-08,1.0286074944e-05,-3.3746473142e-08,-1.0034019207e-07,0.24367882033,0.015268210693,0.068600386722,0.025304134745
goe564,ok,,3.1801074143,32839145.779,62059.297245,256680.46883,15005084.823,33507.460398,2760075.6134,-2.872562009e-08,1.3136464651e-08,-2.1988590502e-07,-5.8349116699e-07,9.1269619652e-08,-2.2851919139e-08,4.8662772071e-07,2.8810342746e-07,-1.6075958672e-09,-1.281548304e-06,-1.6484523609e-06,-6.8204793124e-08,1.128576795e-05,-5.012812952e-08,-1.4089681171e-07,0.24430214075,0.018398348842,0.079531987132,0.030199774367
goe565,ok,,3.1762262515,32799067.237,58702.419673,255828.00701,14960518.847,32601.156013,2748471.2611,-2.9278812516e-08,8.7407854569e-09,-2.3043522184e-07,-6.1338774761e-07,9.0658171611e-08,-1.7343767205e-08,5.4004355847e-07,3.1009877184e-07,-1.1450211538e-09,-8.5070632291e-07,-1.5156531166e-06,-7.9651101224e-08,1.1592375917e-05,-3.2420595594e-08,-1.0079217141e-07,0.24362895841,0.019196808965,0.049938519586,0.031701863611
goe566,ok,,3.1789881545,32827587.825,66179.303382,274137.64406,14987193.596,35958.969771,2755526.2469,-2.835791127e-08,1.3614101745e-08,-2.101596784e-07,-5.5600999648e-07,9.4115687238e-08,4.5726571924e-09,4.4113316985e-07,2.5872032826e-07,-3.2323177736e-09,-1.0639868242e-06,-1.4611943967e-06,-4.8551724254e-08,1.0518627219e-05,-1.0761357496e-07,-2.8630054504e-07,0.24353731086,0.017488190609,0.070413906832,0.029193885879
goe567,ok,,3.2361563882,33417931.389,145681.44957,647500.01389,14768678.437,91638.539851,2855604.5352,-2.9194512507e-08,-7.3217675919e-10,-1.377346996e-07,-3.7566267836e-07,8.3609628679e-08,-1.689136033e-08,3.8133699427e-07,1.9875156999e-07,7.0928207887e-10,-1.7458591153e-07,-4.7402353772e-07,-6.1011351238e-08,4.1029271943e-06,1.6559542042e-08,5.0307794296e-09,0.23925053167,0.034535484577,0.025433928667,0.0555537261
goe571,ok,,3.3982897966,35092190.134,437136.43625,1549875.4404,14767933.041,293436.31666,3165096.1757,-3.032074692e-08,5.4262796904e-09,-9.601439397e-08,-2.5579182633e-07,8.4991315975e-08,2.9469288728e-09,2.1598676122e-07,1.1595932535e-07,-5.6751906183e-09,-2.6113588128e-07,-1.6318906007e-07,-1.9943829843e-08,1.2842828537e-06,-5.8148346889e-08,-1.6105822657e-07,0.2300794161,0.064343813384,0.11415200852,0.094415683077
goe570,ok,,3.4952685077,36093633.675,773955.58217,2432898.5598,14517929.997,542217.74802,3330011.8695,-2.5574143428e-08,2.9967146796e-09,-5.0993194191e-08,-1.3823459442e-07,7.3259182729e-08,-6.4969990108e-09,1.1293714582e-07,6.4016892161e-08,-1.5060346915e-09,-1.8963553243e-07,-1.0292168304e-07,-1.3023234902e-08,6.9481680975e-07,-1.9398006042e-08,-6.4969238962e-08,0.22737567144,0.067042936916,0.1467694789,0.087408334443
goe57,ok,,3.204930607,33095480.656,37266.81019,224220.97611,15068093.299,25237.745065,2812747.1158,-5.2264046399e-08,2.2072860319e-08,-5.8112883054e-07,-1.5371579163e-06,1.149181527e-07,-9.4262692298e-09,1.6090813375e-06,7.375624048e-07,-1.6435475385e-08,-1.3868096668e-06,-1.7635041646e-06,-1.5640935392e-07,1.4981931337e-05,-2.6799598849e-07,-7.1151321049e-07,0.2454910028,0.034397316006,0.051681972622,0.059965328783
goe572,ok,,3.3029906349,34108090.337,250209.45655,994292.21252,14820850.196,159415.96005,2981816.8685,-3.3759495715e-08,8.1715702121e-09,-1.4940419662e-07,-3.9725198431e-07,9.7875287818e-08,1.3420776195e-08,3.3342928382e-07,1.7830326417e-07,-9.3103498478e-09,-3.6961505592e-07,-2.9504808384e-07,-2.8896767998e-08,2.3646473957e-06,-1.0566233531e-07,-2.8725258525e-07,0.23695521947,0.052594291646,0.092481182274,0.083427159903
goe573,ok,,3.245016171,33509421.291,155827.58024,648778.18747,14921992.879,93734.642289,2878523.0116,-3.4317714321e-08,1.2665238223e-08,-1.9512680695e-07,-5.1732978123e-07,1.00885695e-07,6.8536415161e-09,4.3014124808e-07,2.3460975384e-07,-9.188054521e-09,-6.2427470264e-07,-5.5434705579e-07,-3.9478838385e-08,4.0288993712e-06,-1.307197009e-07,-3.5080454656e-07,0.24110995899,0.040608853724,0.09727921632,0.067027869852
goe574,ok,,3.2024608069,33069976.448,90435.092729,391564.20854,14971574.337,51932.315843,2798496.8622,-3.5294783374e-08,2.0760576838e-08,-2.6655383647e-07,-7.0620886568e-07,1.0021359312e-07,-2.2893137313e-08,5.8965161189e-07,3.3023534209e-07,-7.1085508374e-09,-1.2466250389e-06,-1.1358174299e-06,-6.3674871648e-08,7.2792249707e-06,-1.2729113667e-07,-3.4198684203e-07,0.24525742892,0.032329642305,0.11273865099,0.053325198199
goe575,ok,,3.2462196211,33521848.63,178921.98603,624292.64835,15180885.878,95666.452909,2912347.8465,-2.6305858646e-08,1.0879034526e-08,-1.0949363432e-07,-2.9091980168e-07,8.7047485382e-08,-1.2000611023e-08,2.143102078e-07,1.3282578344e-07,-1.8984363907e-09,-8.2420480674e-07,-6.848264389e-07,-2.3329235914e-08,3.9521920238e-06,-4.913657526e-08,-1.3560783375e-07,0.24247683129,0.024689881631,0.14746836092,0.038344808007
goe584,ok,,3.2223647135,33275512.678,127707.33051,545122.76713,14933463.952,75777.635402,2835313.9395,-3.1117561714e-08,7.344792383e-09,-1.7846335726e-07,-4.7449508328e-07,9.2948861798e-08,1.6176278802e-09,4.2129476549e-07,2.2860781274e-07,-4.5682279733e-09,-4.799317861e-07,-6.2831745881e-07,-5.0138418333e-08,4.9864754638e-06,-8.0777883341e-08,-2.2342710234e-07,0.24068386679,0.031890545759,0.061290807232,0.05380242986
goe585,ok,,3.183852294,32877817.005,57064.721698,254120.85253,14984815.564,32132.741877,2766726.9437,-3.27986687e-08,1.1779454796e-08,-2.975356592e-07,-7.9082873159e-07,9.6957056022e-08,1.3095271189e-08,6.7105189956e-07,3.7726193834e-07,-5.210249248e-09,-7.3473844753e-07,-1.4161819447e-06,-7.9713908937e-08,1.1757554154e-05,-1.2937768111e-07,-3.5634477476e-07,0.24316469621,0.022630180664,0.041927645029,0.038293389893
goe587,ok,,3.1568984772,32599480.394,32103.533499,146897.72046,14933240.99,17804.673235,2704303.7311,-3.505523596e-08,4.2696894537e-08,-4.5424167801e-07,-1.1997006093e-06,1.1126011843e-07,-6.5218663518e-09,9.3512921275e-07,5.289384525e-07,-1.1141179074e-08,-3.914466727e-06,-3.5345759106e-06,-7.4672327124e-08,2.124431794e-05,-3.5952707098e-07,-9.4671903703e-07,0.24610815399,0.01721679817,0.1256682137,0.030020952008
goe590,ok,,3.16197121,32651863.597,30146.174947,162816.17494,14912281.579,18463.048057,2710655.3835,-4.3620647009e-08,3.8824086332e-08,-5.7968247283e-07,-1.5311672576e-06,1.2713840929e-07,5.8665195039e-09,1.3547382672e-06,6.8716410671e-07,-2.0538175232e-08,-3.2817818609e-06,-2.8970409557e-06,-1.0745503022e-07,2.0481951787e-05,-4.9034175479e-07,-1.2924093951e-06,0.24539304942,0.022427355513,0.098933170115,0.040840176809
goe591,ok,,3.2115714832,33164057.178,103310.66502,451990.54164,14952328.424,60977.145884,2816287.812,-3.4216541374e-08,1.2125474015e-08,-2.3372536771e-07,-6.2132368817e-07,9.6932666802e-08,-1.7209418099e-09,5.4183255295e-07,2.9463216417e-07,-6.2457253202e-09,-6.6611627952e-07,-8.210418022e-07,-6.0899996536e-08,6.1949989397e-06,-1.052498878e-07,-2.900910662e-07,0.24195040385,0.033617457708,0.068816915818,0.055977081375
goe592,ok,,3.2698987965,33766369.896,171157.10699,731068.57989,14925718.309,108810.1104,2928969.8445,-3.596097837e-08,1.0311575326e-08,-1.8858566717e-07,-5.0343233751e-07,9.1415618603e-08,-1.9756686188e-08,4.784925818e-07,2.4413926359e-07,-5.7339425249e-09,-5.0982950454e-07,-4.9174735305e-07,-5.5549179222e-08,3.4679401756e-06,-6.3295867829e-08,-1.8393368197e-07,0.23813097769,0.050033435264,0.087260943058,0.081897406019
goe593,ok,,3.2154192617,33203790.979,121741.63065,486851.27922,15016040.576,68390.511253,2831321.447,-2.9600006748e-08,1.1244413749e-08,-1.7214269268e-07,-4.5697811891e-07,9.1666691749e-08,-5.9773251331e-09,3.6965920146e-07,2.1438288403e-07,-3.3586553284e-09,-6.9046097924e-07,-7.8272579178e-07,-4.2235558824e-08,5.5277475785e-06,-7.137430017e-08,-1.9583594507e-07,0.24216117905,0.028014775604,0.084057845512,0.04500291397
goe595,ok,,3.1836422914,32875648.428,79091.09091,325182.43104,14978657.274,43131.319617,2763261.8813,-2.9138223229e-08,1.5334777331e-08,-2.0463671957e-07,-5.4220012584e-07,9.3189887311e-08,-1.5744802787e-08,4.3552841889e-07,2.574347416e-07,-2.6296628447e-09,-1.1666006844e-06,-1.3403934757e-06,-5.2790821409e-08,8.7684611531e-06,-7.2945281185e-08,-1.9757298916e-07,0.2447216802,0.021301962171,0.092267720785,0.034446417772
goe596,ok,,3.1946567157,32989388.072,76946.457142,340646.00315,14966989.29,44385.305617,2785086.5893,-3.2775034567e-08,1.1590660653e-08,-2.544190576e-07,-6.7541588498e-07,9.7353398941e-08,9.2269628101e-09,5.8109329563e-07,3.2015997056e-07,-5.9314733889e-09,-7.1945881372e-07,-1.0707366778e-06,-6.5732055075e-08,8.5143556561e-06,-1.2665692474e-07,-3.4478342729e-07,0.24228615927,0.02627701341,0.055359806775,0.044713070368
goe598,ok,,3.1707308017,32742318.877,35699.5497,145842.534,15008892.288,18718.828142,2745142.3561,-2.4172827037e-08,4.3097836509e-09,-1.2351976753e-07,-3.2931348223e-07,9.0719038026e-08,-1.7972956911e-08,2.9155401649e-07,1.7544684145e-07,-5.8887199448e-11,-1.8307923121e-06,-2.9574474184e-06,-5.1914711616e-08,2.0201472992e-05,-5.1107900372e-09,-2.4252259032e-08,0.24862622411,0.0060514939257,0.065358461137,0.010408347102
goe599,ok,,3.1951198968,32994171.078,85229.571331,328523.56107,15034258.362,45067.247694,2797462.3193,-2.4043156483e-08,3.4825918988e-09,-8.1753756619e-08,-2.2011550137e-07,8.7986952839e-08,-2.4256472302e-08,1.9135671969e-07,1.1821683658e-07,3.1573412694e-10,-1.084714466e-06,-1.3140781668e-06,-3.6458928257e-08,8.3867174212e-06,1.7245848647e-08,3.0173742972e-08,0.24697706883,0.010255870259,0.092449748958,0.016309251191
goe600,ok,,3.220283654,33254022.769,138538.49984,527012.11522,15004395.521,75878.479423,2847435.2347,-2.3837400411e-08,1.8382113647e-09,-6.3719492604e-08,-1.7369637256e-07,8.6627217331e-08,-8.7279418406e-09,1.4439391131e-07,8.7427085209e-08,-1.8295654969e-10,-5.8735183798e-07,-7.2513452668e-07,-2.3705236396e-08,4.9762706691e-06,-9.3749728447e-09,-4.5018409358e-08,0.24497295263,0.012343154525,0.081370842513,0.020004115859
goe601,ok,,3.2379418875,33436369.221,208647.93531,773310.55091,14966503.775,116953.27718,2872801.6038,-2.3773979358e-08,2.0144817408e-09,-5.2659374735e-08,-1.4219811053e-07,8.3799824803e-08,-1.3423445913e-08,1.2192904985e-07,7.3412020505e-08,1.998528137e-10,-4.6083227439e-07,-4.7306029452e-07,-2.0751217831e-08,3.2325119165e-06,2.3614048163e-09,-5.8436471694e-09,0.24046096645,0.016466203928,0.096151702573,0.025440244504
goe602,ok,,3.1867613467,32907857.124,81375.351543,346446.22273,14951345.083,45621.277659,2767314.2948,-3.0166856163e-08,1.2135404324e-08,-2.1225733853e-07,-5.6464988057e-07,9.1898371495e-08,-1.9278943802e-08,4.8077657219e-07,2.7645651952e-07,-2.0911797996e-09,-9.0483164693e-07,-1.1838781721e-06,-6.4191378779e-08,8.2847702171e-06,-4.9430219141e-08,-1.4343626189e-07,0.24407558517,0.024163932567,0.073630993356,0.039123362576
goe602m,ok,,3.1857416792,32897327.602,71954.293349,326155.47141,14924769.298,41696.347368,2763507.3268,-3.1980808181e-08,9.6021688382e-09,-2.4532938279e-07,-6.5431033074e-07,9.1000493153e-08,-2.0573560298e-08,5.9572728498e-07,3.2931203181e-07,-1.5119856478e-09,-6.978171186e-07,-1.1923833778e-06,-8.3973205591e-08,9.0574989355e-06,-3.0716939737e-08,-1.0071093163e-07,0.24388292865,0.026258688769,0.050210937656,0.04286513582
goe610b,ok,,3.1928893355,32971137.351,55511.114795,289022.62693,14968992.766,34873.239037,2776728.7976,-4.4044886412e-08,2.4818643505e-08,-4.1934802529e-07,-1.1085157288e-06,1.0971755182e-07,-2.9072015402e-08,1.0634326876e-06,5.290056171e-07,-1.3083452755e-08,-1.575017808e-06,-1.5223836349e-06,-1.0964344282e-07,1.0843491113e-05,-2.1430340444e-07,-5.6649926142e-07,0.2437265486,0.033855941076,0.087430994342,0.059032333998
goe604,ok,,3.274703942,33815989.879,224247.87471,879485.40232,14883209.82,136259.16249,2941325.1838,-2.8194221181e-08,3.5143618254e-09,-1.139172059e-07,-3.0601149322e-07,8.8833983967e-08,1.5721995544e-08,2.4807273206e-07,1.3883644961e-07,-4.1458137072e-09,-2.2352507828e-07,-2.996919854e-07,-2.4917123944e-08,2.7664712053e-06,-7.1376331158e-08,-2.0641388629e-07,0.23575727357,0.035095148105,0.050125023749,0.055629782938
goe611,ok,,3.2470984559,33530923.853,142188.48476,570164.16387,15061179.071,83204.642806,2899018.396,-3.4374009993e-08,1.7921692388e-08,-2.0942340675e-07,-5.5407768999e-07,9.95136106e-08,-3.5185882444e-09,4.4471381935e-07,2.4867644533e-07,-8.2159005816e-09,-7.8505239451e-07,-7.0027015209e-07,-3.9248734184e-08,4.54235055e-06,-1.2418283722e-07,-3.2994356946e-07,0.24417077814,0.039429274511,0.11162541043,0.063233184125
goe610bm,ok,,3.2155136761,33204765.942,48876.586252,274777.36345,15033216.715,32408.595694,2835785.3337,-4.9856013007e-08,2.3354985068e-08,-4.9153121664e-07,-1.3058148676e-06,1.0729509337e-07,-2.4619931509e-08,1.3260564256e-06,6.2772229397e-07,-1.178493511e-08,-1.1648523016e-06,-1.5078369106e-06,-1.3617499371e-07,1.1648592396e-05,-1.7300025501e-07,-4.7476595807e-07,0.24721660265,0.038525056598,0.056934003989,0.064813111259
goe614,ok,,3.291350139,33987885.61,249086.86857,973269.27352,14817222.905,156011.25142,2969110.0785,-2.8512600071e-08,1.5367006607e-09,-1.0580441268e-07,-2.8871272158e-07,8.3207190553e-08,-8.2943593967e-09,2.6411475601e-07,1.4279726431e-07,-1.428698338e-09,-2.3848831197e-07,-2.9342786102e-07,-3.6990234744e-08,2.4109641496e-06,-1.8169713424e-08,-7.9894430932e-08,0.23632603306,0.042103668942,0.05940430682,0.065787517517
goe613,ok,,3.2021770004,33067045.741,92124.73736,384319.91534,15006370.838,52052.237262,2802439.3024,-3.2306202532e-08,1.5735697779e-08,-2.3331177184e-07,-6.1831117905e-07,9.6504066562e-08,-2.6337816391e-09,5.0111832434e-07,2.8620700437e-07,-5.4160694704e-09,-8.9919675246e-07,-1.0208876774e-06,-5.2887934093e-08,7.2631571672e-06,-1.1283109963e-07,-3.0390629653e-07,0.24296696912,0.02834821508,0.082838264655,0.046165394016
goe612,ok,,3.2517890845,33579361.284,173851.98324,700614.2712,14903977.528,104495.29974,2899435.4268,-2.8573395385e-08,2.1348169663e-09,-1.2659967515e-07,-3.4324569581e-07,8.5894894494e-08,-6.2611374137e-09,3.1263166665e-07,1.709179373e-07,-1.8532192207e-09,-3.0195182322e-07,-4.3925577212e-07,-4.4314435889e-08,3.6031142923e-06,-2.8472634722e-08,-1.0518926831e-07,0.23807625195,0.033254847689,0.052494923309,0.054351635271
goe615,ok,,3.2452255308,33511583.229,147035.6418,611304.93782,14965045.424,88400.408781,2888696.2232,-3.2313729763e-08,6.929620469e-09,-1.7948752457e-07,-4.798619237e-07,9.23219849e-08,5.7621511828e-09,4.1741348761e-07,2.2642760151e-07,-5.2021090787e-09,-3.6924140107e-07,-5.1262244116e-07,-4.6935149296e-08,4.2674373161e-06,-7.8776565695e-08,-2.2662262998e-07,0.23880971961,0.037651382576,0.054291646384,0.061374660045
goe619,ok,,3.2369933314,33426574.027,143579.36892,596037.28456,14908126.412,85621.578285,2871537.2979,-2.8428343837e-08,7.8361537631e-10,-1.3631752236e-07,-3.6955962492e-07,8.5872858909e-08,-6.1559424839e-09,3.4236407448e-07,1.8728675216e-07,-1.134467371e-09,-2.5447765058e-07,-5.0054475083e-07,-5.0963999901e-08,4.3973366738e-06,-1.8741984913e-08,-8.1211358561e-08,0.23919580255,0.02998053777,0.036537740476,0.049156417756
goe617,ok,,3.2205335689,33256603.497,160667.75085,597955.1481,15021019.108,87457.236179,2843971.2615,-2.4227285483e-08,5.4320216133e-09,-7.2783738127e-08,-1.9328418898e-07,8.7297003025e-08,4.9187948304e-09,1.4266379605e-07,8.6378949177e-08,-1.1259015362e-09,-6.1408567722e-07,-6.3987740164e-07,-1.3593994661e-08,4.3240517252e-06,-5.1115543051e-08,-1.3866461445e-07,0.24156622,0.013976694416,0.098663764585,0.022921471239
goe620,ok,,3.2814245608,33885389.851,229677.18019,896244.52287,14871137.261,141688.34238,2954308.7405,-2.8409264512e-08,2.0285451022e-09,-1.0855835506e-07,-2.9575449397e-07,8.2860342261e-08,-1.4123290437e-08,2.7488572838e-07,1.4906385151e-07,-1.0182714439e-09,-2.8744779698e-07,-3.4323709623e-07,-4.0502359909e-08,2.6563843744e-06,-1.1879828082e-08,-6.256883663e-08,0.23702878866,0.039806925105,0.066020199462,0.063134978968
goe621,ok,,3.2517974675,33579447.85,174080.24996,701117.95752,14903836.212,104568.88038,2899472.4253,-2.8572855954e-08,2.1401441763e-09,-1.2651831498e-07,-3.4303443527e-07,8.5949126325e-08,-6.2021488599e-09,3.1244336144e-07,1.7082759517e-07,-1.889722136e-09,-3.0498890989e-07,-4.3983128686e-07,-4.4305481195e-08,3.6005142884e-06,-2.9040159425e-08,-1.0669753199e-07,0.2380777314,0.033218726583,0.053092545669,0.054390218459
goe622,ok,,3.1859987456,32899982.179,54421.506957,228372.3563,15037207.425,29547.716013,2777385.6707,-2.8407933805e-08,1.2239879801e-08,-2.3031701221e-07,-6.1121901734e-07,9.2938160481e-08,-3.3714920191e-09,5.0293213975e-07,2.9482340794e-07,-2.2994562391e-09,-1.0729296968e-06,-1.7459486212e-06,-6.4493913626e-08,1.2797007026e-05,-8.0016892991e-08,-2.2026072741e-07,0.24706580004,0.016452876368,0.058390450958,0.027370324943
goe623,ok,,3.2234246027,33286457.545,118618.11021,478061.58068,15036585.454,67119.75638,2852764.5013,-2.8800295285e-08,8.4538607203e-09,-1.6290450085e-07,-4.3381678364e-07,9.1056722529e-08,-2.7386865047e-10,3.5821918862e-07,2.0555053448e-07,-3.0272000875e-09,-5.6888307009e-07,-7.5342556665e-07,-4.2640933286e-08,5.6298612702e-06,-6.766569448e-08,-1.9044531331e-07,0.24390040465,0.026004337152,0.067479834706,0.042491283197
goe627,ok,,3.2538902903,33601059.232,207929.35675,756974.93401,15066122.071,116958.94858,2914223.698,-2.6824770828e-08,9.3179261895e-09,-1.1007738934e-07,-2.9188901359e-07,8.8758387527e-08,8.8940008552e-09,2.0558757501e-07,1.2442021459e-07,-3.127585887e-09,-4.7184948917e-07,-4.5288399417e-07,-1.4341569871e-08,3.2316784745e-06,-7.3411155541e-08,-1.9755113268e-07,0.23886372991,0.028635932579,0.098111360767,0.042747692229
goe625,ok,,3.3231710641,34316482.057,304598.15713,1102570.1818,14984240.371,187010.80652,3048974.1756,-2.7527666015e-08,3.6250178619e-09,-9.2508418382e-08,-2.4943259807e-07,8.2137626634e-08,-6.5256559098e-09,2.1280367047e-07,1.1928271819e-07,-1.9409664757e-09,-2.9518833079e-07,-2.6356162024e-07,-2.6772495908e-08,2.0170491425e-06,-2.9697156738e-08,-9.6767903498e-08,0.23658535334,0.042379981857,0.089913821564,0.064819605857
goe624,ok,,3.2715380949,33783297.991,199389.49605,770626.36324,15013534.711,118230.00493,2948092.7954,-2.8793495011e-08,5.8965391095e-09,-1.261363338e-07,-3.3721971052e-07,8.7875041549e-08,-4.2154355281e-10,2.8348396706e-07,1.591229093e-07,-3.3015866871e-09,-3.7974102566e-07,-4.1630589121e-07,-3.2983984211e-08,3.1934582876e-06,-5.5245697705e-08,-1.5985525422e-07,0.24017811742,0.035343353809,0.075716371737,0.056523725332
goe626,ok,,3.2624489302,33689439.398,165538.42629,716299.1642,14684574.023,106803.70724,2915048.7225,-2.7071802472e-08,-5.6830968416e-09,-1.0742553771e-07,-3.0147035687e-07,7.989309573e-08,-1.178145002e-08,3.1252348617e-07,1.6112311508e-07,1.7355608042e-09,3.1921709765e-08,-3.2426087995e-07,-5.36928539e-08,3.4948366788e-06,3.5362143079e-08,3.6887739161e-08,0.23635076722,0.033129847825,-0.0052842695991,0.05173464608
goe628,ok,,3.2703362885,33770887.626,187433.97346,778534.49037,14775365.11,117927.90296,2933409.3348,-2.9352024866e-08,-6.9145017601e-10,-1.2864196014e-07,-3.5282804642e-07,8.6110905154e-08,7.6086429675e-09,3.2503375518e-07,1.7150322395e-07,-2.6235758668e-09,-1.0272389644e-07,-3.1945889048e-07,-4.2857450774e-08,3.1780053886e-06,-3.5548488566e-08,-1.358058716e-07,0.23595534911,0.037839490309,0.019253948079,0.060922368243
goe629,ok,,3.2258435327,33311436.449,151699.68869,584497.64447,15000884.58,84946.643338,2854380.3459,-2.4736454959e-08,9.6712524301e-10,-8.0312862008e-08,-2.1727441163e-07,8.452767355e-08,-1.4397573377e-08,1.9611346158e-07,1.1481862863e-07,7.3339672191e-11,-4.4703203816e-07,-5.8085861522e-07,-3.4502345578e-08,4.4461732649e-06,4.2079332566e-10,-1.8157271459e-08,0.24031696742,0.018086111584,0.067814621025,0.029750351071
goe630,ok,,3.2532493774,33594440.892,122869.24097,600905.4796,14850952.64,82428.791275,2890656.7661,-4.1499182228e-08,9.0364448322e-09,-2.5655542768e-07,-6.8552693889e-07,1.0050457134e-07,-1.4821654364e-09,6.9396683044e-07,3.295484421e-07,-1.0121958933e-08,-4.5800855038e-07,-5.5301475731e-07,-7.2986044257e-08,4.5706158941e-06,-1.1011958545e-07,-3.1309568464e-07,0.23918296811,0.050368857,0.056275162944,0.085267177716
goe63,ok,,3.2487588744,33548070.043,60674.467911,346742.48246,15126311.386,42327.136072,2908541.7873,-5.176867318e-08,1.3542094054e-08,-4.4996285223e-07,-1.1883464068e-06,1.1844413503e-07,1.8612266124e-08,1.2597434767e-06,5.6177815086e-07,-2.0354048397e-08,-7.8453040981e-07,-9.3648987646e-07,-1.1179867368e-07,8.931867505e-06,-2.6353962657e-07,-6.9317561238e-07,0.2427885694,0.043213632883,0.047600965176,0.076434265155
goe632,ok,,3.2320015565,33375026.83,166961.30877,634133.99334,14988209.246,93287.030933,2863850.9789,-2.6858221264e-08,8.4251943297e-09,-1.169837682e-07,-3.1094500758e-07,9.1748730517e-08,9.8759497524e-09,2.3803592134e-07,1.3918938519e-07,-3.9873124687e-09,-6.5097634757e-07,-6.1105097212e-07,-2.2202710458e-08,4.0502910377e-06,-9.5120645575e-08,-2.5789277217e-07,0.2411736956,0.02321886741,0.10868786297,0.03974278896
goe633,ok,,3.2349229822,33405194.717,144194.88197,593696.68561,14928229.398,84386.453627,2867593.0963,-2.7212945423e-08,1.7217887209e-09,-1.2460685723e-07,-3.3393253573e-07,9.1145265265e-08,2.5086988018e-08,2.8766835574e-07,1.5764022491e-07,-4.3334734611e-09,-2.5375374498e-07,-4.7188970588e-07,-3.3029507524e-08,4.4706723987e-06,-9.9704278574e-08,-2.801928669e-07,0.23857534738,0.02255138944,0.036589991306,0.041480304601
goe645,ok,,3.250238448,33563348.751,162261.12192,681500.67221,14841761.086,99232.116538,2894875.4672,-2.8671046004e-08,-1.5662858834e-10,-1.3266308362e-07,-3.604685315e-07,8.7889222575e-08,1.3140380724e-08,3.2189648585e-07,1.7378964038e-07,-2.8691932283e-09,-9.9617623057e-08,-3.6683426112e-07,-4.112209032e-08,3.788712589e-06,-4.9431504902e-08,-1.6388950324e-07,0.23738791812,0.031918135443,0.016164067281,0.052231284938
goe646,ok,,3.2796216588,33866772.32,237993.95933,909957.499,14856241.538,145218.79994,2954153.7391,-2.5304265658e-08,-1.2822141614e-09,-7.4742623234e-08,-2.0787440752e-07,7.9680246088e-08,-1.7205355386e-08,1.9324664793e-07,1.0876326848e-07,8.8970627751e-10,-2.0327645778e-07,-3.0386979676e-07,-3.4018100005e-08,2.5887794193e-06,1.7831001063e-08,9.0760451713e-09,0.236196649,0.030498637828,0.048378569026,0.045991534867
goe650,ok,,3.2350293777,33406293.424,132212.712,559492.72807,14888979.697,79716.620145,2868567.7417,-2.7706190048e-08,-1.680663879e-09,-1.2965830394e-07,-3.5461793137e-07,8.2603142311e-08,-1.9608159578e-08,3.5107316732e-07,1.900110146e-07,1.1831415267e-09,-1.9141422408e-07,-5.3233959911e-07,-6.0346894138e-08,4.7153216008e-06,2.7781296091e-08,3.3505133837e-08,0.23966794816,0.028909288025,0.025307393681,0.046416335563
goe647,ok,,3.264920507,33714961.955,188411.35057,762384.27706,14893852.659,115027.12491,2925337.4701,-2.9490149891e-08,2.5666886014e-09,-1.3415090982e-07,-3.6207697523e-07,8.8896678023e-08,1.2894853238e-08,3.0998387199e-07,1.6942575333e-07,-3.931563213e-09,-1.9421291575e-07,-3.4412998982e-07,-3.5271837276e-08,3.2730171149e-06,-6.2418070708e-08,-1.907701872e-07,0.23667960939,0.036473327523,0.036591917755,0.058404479976
goe648,ok,,3.2508583722,33569750.356,177589.99349,684403.58878,15025713.659,102712.86831,2907432.8137,-2.7159430278e-08,5.1177484479e-09,-1.1768744496e-07,-3.1483146864e-07,8.6958214697e-08,8.358629473e-09,2.4573913538e-07,1.4281098306e-07,-2.4448746511e-09,-2.919005205e-07,-4.2175256244e-07,-2.512119457e-08,3.6765742782e-06,-5.5457465085e-08,-1.605871291e-07,0.23765570351,0.028425282398,0.051838611537,0.043640811453
goe652,ok,,3.3041048609,34119596.311,131584.38462,852758.3298,14094022.193,118502.29069,2955375.9853,-3.3846165852e-08,-1.242581023e-08,-1.5741481112e-07,-4.5158180979e-07,6.7520595869e-08,-3.3843386391e-11,7.0853547558e-07,2.4911599899e-07,9.0673309054e-09,3.8101618317e-07,-2.4898421239e-07,-9.1693960317e-08,3.0890854824e-06,1.0244534076e-07,1.8447017329e-07,0.22862376513,0.058540384095,-0.050135779993,0.093232204536
goe654,ok,,3.2424083937,33482492.266,150932.75769,634883.21505,14910930.138,91318.699695,2877742.7463,-3.1060411312e-08,4.9247502491e-09,-1.6597503678e-07,-4.4396342882e-07,9.3302568509e-08,1.8667335721e-08,3.7848654481e-07,2.0578763851e-07,-5.4163255323e-09,-2.5286049264e-07,-4.4432664848e-07,-3.9808269316e-08,4.1302177086e-06,-8.9922560031e-08,-2.5569441423e-07,0.23851766976,0.034992566359,0.038164931466,0.057126017959
goe655,ok,,3.2336113852,33391650.607,146604.25499,596456.61396,14954254.696,85743.378548,2865194.1228,-2.9138786109e-08,5.0559718762e-09,-1.4966771878e-07,-4.0104904938e-07,9.0486616124e-08,1.0435382293e-08,3.322388112e-07,1.8713948412e-07,-3.5451744528e-09,-3.0506718976e-07,-5.0327680194e-07,-3.7467646634e-08,4.4002090701e-06,-6.8754569041e-08,-2.0088205262e-07,0.23939024237,0.030273231047,0.044724148076,0.048707623393
goe670,ok,,3.1925071108,32967190.335,78381.447839,324139.21934,15013785.386,43187.765698,2784827.2185,-2.9693084374e-08,1.2804704734e-08,-2.0982863145e-07,-5.5676546246e-07,9.1652212841e-08,-2.5177899434e-08,4.794583959e-07,2.7629633505e-07,-2.5245651891e-09,-1.213727195e-06,-1.3276876847e-06,-6.6458429689e-08,8.7554147884e-06,-6.3351774238e-08,-1.7525956243e-07,0.24348491492,0.022203794427,0.095133694825,0.037580643249
goe673,ok,,3.1985630004,33029726.035,95732.722345,386088.38205,14983957.484,52528.260911,2797642.3353,-2.6538661022e-08,7.9852994613e-09,-1.3841489246e-07,-3.7035337649e-07,8.9466539469e-08,-2.534954297e-08,3.1891914488e-07,1.8838305217e-07,-4.7037583913e-10,-9.6594901727e-07,-1.1384037913e-06,-4.9962931093e-08,7.1933141556e-06,-1.3008626909e-08,-5.0732133588e-08,0.24753245092,0.018794512826,0.09247292907,0.030530997948
goe675,ok,,3.2742864538,33811678.718,183791.1867,731720.97113,15032771.358,111389.20753,2953132.5457,-3.0389013375e-08,5.6731982227e-09,-1.4153540101e-07,-3.788688844e-07,8.5766931758e-08,-1.6837389366e-08,3.528747472e-07,1.8958057988e-07,-2.3814294979e-09,-4.3898748694e-07,-4.6502864703e-07,-4.8041132207e-08,3.3894801277e-06,-3.3306255773e-08,-1.0504800496e-07,0.24015317032,0.039397427649,0.080682031169,0.064855268543
goe676,ok,,3.2129107191,33177886.698,120565.20569,457511.46646,15046490.767,64983.302482,2833851.197,-2.4437608492e-08,6.0958411425e-09,-8.7629076807e-08,-2.336039593e-07,8.8720659819e-08,4.0307741858e-09,1.7546058693e-07,1.06122322e-07,-1.1809290354e-09,-7.6947605689e-07,-8.7304275195e-07,-1.8491468201e-08,5.8182208156e-06,-5.5465305012e-08,-1.5427712995e-07,0.24475845391,0.01272785562,0.092772039071,0.021154441754
goe677,ok,,3.2168145218,33218199.03,123642.95115,466937.01321,15059307.565,66612.217199,2842694.9516,-2.4497477827e-08,6.9177783452e-09,-9.0134531928e-08,-2.3889835324e-07,8.961525728e-08,1.3027272058e-08,1.7477446098e-07,1.0449254349e-07,-1.7692076424e-09,-7.9647770664e-07,-8.5821784189e-07,-1.435567108e-08,5.6771092857e-06,-8.2011317367e-08,-2.1928365634e-07,0.24477335376,0.012340848698,0.098478854178,0.021609630142
goe679,ok,,3.2895250511,33969038.974,259778.27749,943169.55362,15008182.913,153605.21997,2984953.5059,-2.5723063781e-08,1.952846809e-09,-8.0787850946e-08,-2.1957515858e-07,8.1136845261e-08,-7.479484701e-09,1.8399037902e-07,1.0665654531e-07,-6.5669060845e-10,-2.9461589658e-07,-3.0457225627e-07,-2.5866641285e-08,2.4551336382e-06,-1.5822506856e-08,-6.4761751766e-08,0.2356444751,0.031387034677,0.076534810135,0.047796703735
goe681,ok,,3.2700883822,33768327.639,218379.85595,832115.73948,14967216.184,129445.73346,2940506.7468,-2.6201848961e-08,1.8729270348e-09,-9.1959535084e-08,-2.4831691387e-07,8.3835259592e-08,-1.2762771837e-11,2.1182004387e-07,1.2019691408e-07,-1.5619774751e-09,-2.789959167e-07,-3.4090018529e-07,-2.823499384e-08,2.9146004538e-06,-3.3562385491e-08,-1.0852178182e-07,0.23620994616,0.028831315696,0.060927088101,0.046257230668
goe685,ok,,3.2225212558,33277129.2,118490.85981,523750.50091,14819299.034,71927.517262,2837692.5624,-2.7971762431e-08,-3.2685748012e-09,-1.3822218582e-07,-3.7752338918e-07,8.5187075344e-08,-7.837627279e-09,3.8116304904e-07,2.0189660566e-07,-5.8418600723e-12,-1.1884400049e-07,-5.4636309565e-07,-6.3667541024e-08,5.2239827494e-06,4.3919434213e-09,-2.8667955784e-08,0.23952464867,0.026660533008,0.0140819278,0.045164337407
goe682,ok,,3.204926147,33095434.601,92227.594265,406363.82339,14955490.933,54005.946695,2805145.8087,-3.188639724e-08,7.4367457819e-09,-2.1737826743e-07,-5.7937483419e-07,9.247643545e-08,-3.1627796357e-09,5.2288765603e-07,2.8502145134e-07,-3.6505520608e-09,-5.3881205093e-07,-8.6572041917e-07,-6.7635233228e-08,6.9932912466e-06,-7.0276341352e-08,-2.0211555665e-07,0.24163825334,0.028655579754,0.049693339218,0.048224670586
goe683,ok,,3.2860304285,33932952.01,303498.38371,1076247.4816,14963735.233,175809.286,2971208.4427,-2.3353239074e-08,1.9333808827e-09,-4.4046286693e-08,-1.1810492633e-07,8.2268699777e-08,9.9951440821e-09,8.8175972893e-08,5.2949550642e-08,-1.0154869851e-09,-3.3003837282e-07,-2.8896835484e-07,-8.902915108e-09,2.1491812307e-06,-4.5197716579e-08,-1.2629611273e-07,0.23651757969,0.015520437126,0.10016611271,0.026761265255
goe692,ok,,3.2734497221,33803038.269,218752.80503,816091.79849,15039103.66,127757.00013,2953228.1199,-2.7414296961e-08,5.1810918466e-09,-1.0507297038e-07,-2.8204294924e-07,8.361297581e-08,-1.9580594805e-08,2.4776142104e-07,1.4136652309e-07,-8.8349293438e-10,-4.597837321e-07,-4.3713675353e-07,-3.629082523e-08,2.9564918156e-06,-1.5527209615e-08,-5.7201150058e-08,0.2408274295,0.034274944334,0.1005789811,0.054198505831
goe693,ok,,3.2272768609,33326237.607,126299.11352,494766.90697,15066221.256,70502.713721,2863584.2951,-2.7566770436e-08,7.2664994424e-09,-1.3912302134e-07,-3.710039676e-07,8.7575658509e-08,-1.9271756409e-08,3.200283298e-07,1.8592661248e-07,-1.1753396968e-09,-7.0659354349e-07,-7.8913572252e-07,-4.6798757785e-08,5.3611943082e-06,-2.7537403418e-08,-8.4907088463e-08,0.24441134202,0.024694603479,0.08924213816,0.040419294355
goe701,ok,,3.2316458174,33371353.316,135758.19559,555499.4206,14980903.199,79123.544539,2862358.1,-3.0151184254e-08,6.2656630484e-09,-1.62535182e-07,-4.350950152e-07,8.9086345047e-08,-1.2681872216e-08,3.9111321958e-07,2.1603129556e-07,-2.8124940021e-09,-5.4947570431e-07,-6.4320315947e-07,-5.349092994e-08,4.7704231042e-06,-4.808511973e-08,-1.4626509125e-07,0.24054888894,0.031646744234,0.074595830137,0.053096824961
goe702,ok,,3.2665063654,33731338.206,183927.28642,784786.42634,14758274.855,116431.13961,2920154.0731,-2.8030344094e-08,-2.0022305458e-09,-1.154970994e-07,-3.1465537168e-07,8.7944262125e-08,2.0531466033e-08,2.9528972495e-07,1.535089383e-07,-3.9834889361e-09,-6.3308105e-08,-2.8889533004e-07,-3.8007661735e-08,3.2263916993e-06,-6.5831105076e-08,-2.0661819902e-07,0.23455150687,0.031011831122,0.011644087961,0.054311837816
goe703,ok,,3.280960495,33880597.714,311902.33351,1078729.1832,15014358.521,177179.10719,2964149.6472,-2.290217128e-08,3.0452033599e-09,-3.4155746177e-08,-8.9478566627e-08,8.1646956261e-08,8.0713488743e-09,6.329637182e-08,3.834378754e-08,-5.1301474864e-10,-4.0040854726e-07,-3.2418625632e-07,-4.1876996003e-09,2.1346426695e-06,-3.803756741e-08,-9.7165661126e-08,0.23737139265,0.011770923623,0.12488836025,0.019742286074
goe704,ok,,3.2286728702,33340653.394,149102.56357,551636.41872,15078799.743,80638.772083,2868988.9144,-2.4049663081e-08,4.2390183668e-09,-7.1494532324e-08,-1.9054477189e-07,8.8038460381e-08,1.1801199396e-08,1.4497223285e-07,8.5708551112e-08,-1.4788825874e-09,-6.4581118153e-07,-6.9443930532e-07,-1.421172557e-08,4.6881760492e-06,-6.8754408735e-08,-1.8786211295e-07,0.24424021062,0.01166806461,0.096292102749,0.021615731565
goe711,ok,,3.2801068422,33871782.531,192735.95116,721323.4214,15133586.268,112845.56838,2973033.4202,-3.3264761401e-08,1.5760408059e-08,-1.7301548317e-07,-4.5859033108e-07,9.1835237307e-08,-1.7665221182e-08,3.6391526499e-07,2.0847871688e-07,-4.9809618313e-09,-6.5876230919e-07,-5.301051613e-07,-3.5459800819e-08,3.3495416585e-06,-6.9359424512e-08,-1.8779137221e-07,0.24400923879,0.04660074682,0.12696718025,0.070139554738
goe723,ok,,3.2133767546,33182699.176,95771.978588,440917.12594,14875133.302,58299.894451,2820581.6893,-3.0886009175e-08,1.3390636324e-09,-1.928195428e-07,-5.1954949881e-07,8.8309172096e-08,-8.732956543e-09,5.1623007058e-07,2.6994906375e-07,-1.3464918949e-09,-2.9505606543e-07,-7.5644474045e-07,-7.7120166321e-08,6.4603483849e-06,-2.0507375889e-08,-8.5939816037e-08,0.24173462208,0.029079267668,0.028258103181,0.049440375266
goe735,ok,,3.2933177887,34008204.4,278451.51139,1058377.9176,14838829.958,170351.47316,2973542.4178,-2.4892035164e-08,2.1509267327e-09,-7.0274782507e-08,-1.8818530765e-07,8.5219183324e-08,2.1732777045e-08,1.4391572918e-07,8.2422119089e-08,-2.9238967866e-09,-2.0598002565e-07,-2.3407228224e-07,-1.2146075367e-08,2.2147678506e-06,-7.4102921446e-08,-2.0542623001e-07,0.23349101203,0.023917818911,0.057355449459,0.040073552305
goe738,ok,,3.234181261,33397535.388,169147.07442,674063.14785,14924768.273,98022.430996,2863926.2329,-2.3669961644e-08,1.2416931789e-09,-5.7239425012e-08,-1.5336981775e-07,8.5818909416e-08,2.0516561307e-08,1.2006375619e-07,6.8025520635e-08,-1.2522450976e-09,-2.0730822556e-07,-4.0659724879e-07,-1.0784676401e-08,3.8551476474e-06,-6.7855176747e-08,-1.87715792e-07,0.23761066089,0.010665301404,0.035065579857,0.020308433104
goe741,ok,,3.2527871605,33589667.843,166987.99548,702718.82128,14872763.486,102026.0453,2894467.4695,-2.7659993788e-08,2.5670980329e-09,-1.2310677198e-07,-3.2673406232e-07,9.4306834071e-08,4.3086642663e-08,2.7718603487e-07,1.4697562662e-07,-6.672664647e-09,-1.8069405986e-07,-3.5066297581e-07,-2.386578112e-08,3.6997447674e-06,-1.415191373e-07,-3.7901136942e-07,0.23597418173,0.024248134666,0.030173738852,0.046286740339
goe744,ok,,3.2678800517,33745523.477,140564.11889,679630.0655,14753258.773,94712.041392,2914059.6312,-3.4850876732e-08,-5.4283644418e-11,-1.9616283841e-07,-5.2156184974e-07,1.0912600376e-07,7.2571526158e-08,5.0523521976e-07,2.3905240516e-07,-1.5666631713e-08,-2.7115757096e-08,-2.8750554948e-07,-4.2884515304e-08,3.9746953126e-06,-2.1490466858e-07,-5.7806665814e-07,0.23379899523,0.036711831061,0.0038115025043,0.071017943498
goe758,ok,,3.2242202146,33294673.373,138456.74163,590181.69427,14884094.536,82580.12912,2836630.6748,-2.9831130642e-08,5.358198708e-09,-1.5732489985e-07,-4.2035765793e-07,9.1290811402e-08,3.8054294457e-09,3.7017889423e-07,2.0243221247e-07,-3.5367106232e-09,-3.6424572415e-07,-5.5504646941e-07,-4.5102566423e-08,4.5721401027e-06,-6.4400450149e-08,-1.862362749e-07,0.24055680666,0.031021125779,0.050432276119,0.051253763516
goe746,ok,,3.1937996815,32980537.972,65518.470745,346479.47456,14823621.487,41787.180016,2769154.9489,-3.7860073878e-08,5.0169499926e-09,-3.2813826237e-07,-8.6857043693e-07,1.2445571365e-07,1.1785443477e-07,8.008387101e-07,3.864846888e-07,-2.028586567e-08,-1.2314911124e-08,-7.4054957679e-07,-5.8335762472e-08,9.0319560971e-06,-3.8851120307e-07,-1.0307157516e-06,0.24039285973,0.025990266195,0.00080685414418,0.052469727599
goe765,ok,,3.2313353439,33368147.233,170937.37465,638008.55467,15015459.819,94212.921236,2868217.2861,-2.3404962028e-08,4.3017837932e-09,-5.4205837596e-08,-1.4417151857e-07,8.7425212449e-08,3.1903335143e-08,8.8412273296e-08,5.2052967747e-08,-1.4511605012e-09,-4.7393307024e-07,-5.424806825e-07,2.1539882237e-09,4.0112240362e-06,-1.0232720026e-07,-2.7406280649e-07,0.23990445999,0.0073935251702,0.081012874785,0.015112961884
goe766,ok,,3.2084151888,33131463.935,108529.14307,431145.01437,15010851.749,59697.43365,2822316.9099,-2.3480744255e-08,4.2054662454e-09,-6.606501532e-08,-1.7744273167e-07,8.7712983598e-08,2.9878868662e-08,1.0533491907e-07,6.5047795694e-08,-8.2313916236e-10,-2.5043045678e-07,-6.6163744221e-07,1.0181422214e-09,6.3295498555e-06,-8.9135545665e-08,-2.4684178455e-07,0.24011921423,0.0070560875815,0.027179002873,0.011431908502
goe767,ok,,3.2126409543,33175100.991,96205.73818,405224.93311,15000618.485,54712.584742,2831805.7802,-2.3520152532e-08,1.9940491192e-09,-7.2246506247e-08,-1.9517939764e-07,8.6913539931e-08,3.7235763631e-08,1.2340333994e-07,7.4298644039e-08,-8.7436471798e-10,2.1762600197e-07,-4.9369634355e-07,-2.0510394521e-09,6.900721346e-06,-9.6304114292e-08,-2.7128245323e-07,0.23786332686,0.0071498741607,-0.020936870167,0.011872109413
goe769,ok,,3.250789689,33569041.098,126707.74067,557205.57088,14995794.654,78394.308186,2904693.3184,-3.0642063388e-08,-3.6193063064e-10,-1.7570487509e-07,-4.6842377886e-07,9.3536472101e-08,4.8955149651e-08,4.1317643206e-07,2.1639246841e-07,-6.5940667502e-09,8.0142375555e-08,-3.3081924591e-07,-4.0682812855e-08,4.81325411e-06,-1.2560978401e-07,-3.4595948001e-07,0.23458729196,0.030382442466,-0.010154659339,0.052352652205
goe770,ok,,3.3018936514,34096762.416,300890.4955,1110714.6067,14790308.084,182233.20457,2998087.0144,-2.4459335775e-08,1.9030968506e-09,-6.366762052e-08,-1.7524101268e-07,8.3355762893e-08,1.0217890358e-08,1.2471151314e-07,7.5365487328e-08,-1.6592968668e-09,-2.2324066614e-07,-2.4691763309e-07,-1.1696983201e-08,2.0640366538e-06,-4.4071164167e-08,-1.429082034e-07,0.23604475548,0.025806156713,0.06717099465,0.037524508984
goe776,ok,,3.3584638581,34680930.505,463018.93934,1515911.6915,14921150.569,280371.12639,3127561.0042,-2.1523925453e-08,-3.2048932432e-09,2.1043788219e-09,-2.3863256892e-09,7.4169730208e-08,-5.9775746404e-09,-2.5649238545e-09,2.6075822433e-09,7.2845009904e-10,-2.4621506509e-07,-1.7757523546e-07,-4.7117899112e-09,1.3418441863e-06,1.6302029139e-08,8.9336903677e-09,0.23198745113,0.001250135734,0.11400223829,-0.0011876083226
goe775,ok,,3.3082125132,34162013.68,338429.36912,1152244.0126,15001959.601,196557.35652,3030614.3482,-2.1938745813e-08,-2.7342432371e-09,1.5664160821e-09,-2.8624547063e-09,7.7818594901e-08,-5.5035260353e-09,-1.7029967183e-09,2.7506518866e-09,5.1245395902e-10,-3.0090256502e-07,-2.5616297687e-07,-4.3167789076e-09,1.917144453e-06,1.5317250175e-08,1.0886675456e-08,0.2358555587,0.0010673387241,0.10183426525,-0.000576344105
goe777,ok,,3.3275328393,34361523.609,330029.90928,1214365.6021,14827788.126,205229.09389,3046545.4907,-2.6694487638e-08,4.1352047385e-09,-8.5640635324e-08,-2.3012524999e-07,8.5756268565e-08,1.5304456184e-08,1.7158811625e-07,9.9175578444e-08,-3.8196284786e-09,-2.1973370267e-07,-2.1420012749e-07,-1.3534022869e-08,1.8358723201e-06,-6.5231144402e-08,-1.8646061321e-07,0.2340208654,0.038333377375,0.072518693957,0.056629210439
goe780,ok,,3.1805550454,32843768.209,117342.21035,447787.75355,14872393.39,62039.206716,2748750.2375,-2.3328813903e-08,4.4024382443e-09,-3.6816854858e-08,-9.3771999388e-08,9.0711306467e-08,-3.0378022789e-09,8.2515075016e-08,4.739488771e-08,-4.0818574508e-10,-1.775240641e-06,-1.3715950766e-06,-1.057716957e-08,6.0939165299e-06,-3.9114612881e-08,-8.8903616722e-08,0.2479133099,0.0044503106629,0.20831066072,0.0096825012898
goe79,ok,,3.228971956,33343741.882,33300.643669,229631.75117,15145201.323,24818.390686,2870521.5204,-6.423120991e-08,1.3551210994e-08,-7.0483328754e-07,-1.8613468747e-06,1.4078012579e-07,6.380423063e-08,2.0857546294e-06,8.6729933839e-07,-3.1894098677e-08,-8.2255397821e-07,-1.3574311774e-06,-1.6242944884e-07,1.5234325579e-05,-4.5814963691e-07,-1.205912087e-06,0.2438362644,0.038933117745,0.027391576927,0.069456971696
goe795,ok,,3.1798393678,32836377.818,57980.005257,240427.53962,15010029.996,31228.471888,2761133.262,-2.7968211769e-08,1.1572361802e-08,-2.1044943252e-07,-5.5845675497e-07,9.1741229893e-08,-1.8351074235e-08,4.7414425904e-07,2.7845545276e-07,-1.7839815837e-09,-1.374837814e-06,-1.7805273758e-06,-6.7994871429e-08,1.2109325702e-05,-6.0870561335e-08,-1.6894541337e-07,0.24516732053,0.01614672567,0.079713103681,0.027490886632
goe795sm,ok,,3.1802921644,32841053.588,58247.900915,240619.81638,15013460.507,31292.445759,2762455.1557,-2.7947889397e-08,1.198086025e-08,-2.1019688265e-07,-5.5775613781e-07,9.1833261096e-08,-1.8257689047e-08,4.7033065789e-07,2.7703087399e-07,-1.857124537e-09,-1.4135723109e-06,-1.7924941423e-06,-6.6823408336e-08,1.2084566695e-05,-6.3634401358e-08,-1.7612450705e-07,0.24518568821,0.016102740223,0.0823376199,0.027395773558
goe797,ok,,3.2760999805,33830405.968,216537.8064,804598.8649,15055456.539,126215.23975,2961238.3933,-2.7245733862e-08,5.114304882e-09,-1.0385981538e-07,-2.7885711934e-07,8.3126906249e-08,-2.1729695588e-08,2.465281844e-07,1.4099621438e-07,-5.787409403e-10,-4.7754035508e-07,-4.4802251251e-07,-3.7133179315e-08,2.9928229308e-06,-1.0951067399e-08,-4.5208820756e-08,0.24143837943,0.033819510793,0.10340554096,0.053382672264
goe796,ok,,3.2283790792,33337619.584,126443.40022,494735.82269,15072630.76,70619.694604,2866832.1317,-2.7520655577e-08,7.1773506616e-09,-1.3830490528e-07,-3.6878516166e-07,8.741383595e-08,-1.8447637333e-08,3.1886084975e-07,1.84864899e-07,-1.2892474001e-09,-7.0829247407e-07,-7.8834339299e-07,-4.6554949133e-08,5.3523063252e-06,-2.9852826088e-08,-9.0845094791e-08,0.24380751205,0.024480392949,0.089558908775,0.04031785004
goe798,ok,,3.3284063805,34370544.157,328511.78498,1159942.7433,15008798.583,200094.54411,3061085.2227,-2.6593253407e-08,3.2842877139e-09,-7.9907565053e-08,-2.1614731693e-07,7.9356712758e-08,-1.8544158629e-08,1.9382705165e-07,1.0903273811e-07,-5.1684893244e-10,-3.4137851472e-07,-2.7791033524e-07,-2.9123488745e-08,1.8863558727e-06,-9.0161536005e-09,-4.2683509069e-08,0.23724776127,0.041226845892,0.11214686522,0.063674470716
goe801,ok,,3.2379141516,33436082.809,84482.812118,401236.45685,15093470.088,53076.023735,2882711.8381,-4.2643902224e-08,1.7547608835e-08,-3.3399807296e-07,-8.8310468601e-07,1.040672598e-07,-5.6486163397e-09,8.2395830478e-07,4.1616179494e-07,-1.1329006677e-08,-8.251563391e-07,-9.0575912951e-07,-8.2152967444e-08,7.1235660036e-06,-1.5840230674e-07,-4.1943992354e-07,0.24317067541,0.041479123925,0.069711527964,0.069610314656
goe802,ok,,3.2379141516,33436082.809,84482.812118,401236.45685,15093470.088,53076.023735,2882711.8381,-4.2643902224e-08,1.7547608835e-08,-3.3399807296e-07,-8.8310468601e-07,1.040672598e-07,-5.6486163397e-09,8.2395830478e-07,4.1616179494e-07,-1.1329006677e-08,-8.251563391e-07,-9.0575912951e-07,-8.2152967444e-08,7.1235660036e-06,-1.5840230674e-07,-4.1943992354e-07,0.24317067541,0.041479123925,0.069711527964,0.069610314656
goe802a,ok,,3.2625109259,33690079.593,81061.073893,383034.16959,15003968.438,52365.895433,2922691.0017,-4.2552795822e-08,1.8870779324e-08,-3.379249191e-07,-8.9700143332e-07,1.0238468258e-07,-1.9743347878e-08,8.6517672094e-07,4.2004351101e-07,-1.0973130133e-08,-1.015470296e-06,-9.4498518333e-07,-8.2104262327e-08,7.2116189135e-06,-1.5799434482e-07,-4.2912628253e-07,0.24017204263,0.041596637063,0.0823151127,0.070132154107
goe802b,ok,,3.2601082616,33665268.657,80814.691134,382148.35351,15002617.797,52130.404849,2918610.7854,-4.2794390419e-08,1.9389532903e-08,-3.409291657e-07,-9.0497432606e-07,1.0318349004e-07,-1.8960767381e-08,8.6782487652e-07,4.2252733705e-07,-1.1302963989e-08,-1.023627028e-06,-9.5294100088e-07,-8.1584572198e-08,7.2439336577e-06,-1.6191137555e-07,-4.3951704308e-07,0.24047412794,0.041689182028,0.082724102107,0.070132999355
goe803h,ok,,3.2302098153,33356524.545,27249.046928,273379.91315,15008152.078,25895.203981,2865267.5897,-6.8859634736e-08,8.16051066e-09,-7.0986451087e-07,-1.8874515604e-06,1.1435931275e-07,1.3571971389e-08,2.8914138091e-06,9.2927898538e-07,-1.7644237083e-08,-4.2624527135e-07,-1.3984937401e-06,-2.1939569683e-07,1.4561826888e-05,-2.1719232711e-07,-5.9792255529e-07,0.24385608053,0.045111155785,0.011614777402,0.078788270573
goe804,ok,,3.1768561444,32805571.779,36793.707031,246750.11927,14903411.724,26776.014018,2733829.7599,-5.8739915068e-08,6.4511065642e-08,-6.0880031345e-07,-1.6134895023e-06,8.2752545578e-08,-2.8869997391e-07,1.9103148452e-06,8.3223668574e-07,4.5287363743e-09,-3.8311838977e-06,-2.7137484087e-06,-2.2341549236e-07,1.4120446734e-05,6.3798049774e-08,1.5517970318e-07,0.24455556984,0.044219739902,0.14096345792,0.070287564752
goe81,ok,,3.2252756385,33305572.13,52505.692986,302151.39653,15079895.448,36120.827589,2853690.6291,-5.3580401673e-08,2.5367088716e-08,-5.0319668873e-07,-1.3281682605e-06,1.2001386854e-07,-1.9415205845e-08,1.3718648632e-06,6.2331432106e-07,-2.0018173839e-08,-1.384349326e-06,-1.301957631e-06,-1.200997787e-07,1.0469302819e-05,-2.7365152096e-07,-7.1670387497e-07,0.24412984719,0.041682831443,0.072686220694,0.072030715324
goe92,ok,,3.2140144253,33189284.04,62837.441028,309525.11325,15043425.302,39177.433741,2829120.2226,-4.5610342179e-08,2.1021207549e-08,-4.2346358557e-07,-1.1196560545e-06,1.2101417711e-07,4.5481543755e-08,9.8535066157e-07,5.0161491338e-07,-1.8699711339e-08,-8.1543428132e-07,-1.1045146499e-06,-7.8140090897e-08,9.6460254694e-06,-2.9713276648e-07,-7.8625594871e-07,0.24445950149,0.036370073735,0.051239803565,0.061916914089
gs1,ok,,3.231182898,33366573.013,140941.96926,592418.74081,14900531.876,84092.504548,2856696.8343,-2.7259337035e-08,-5.8779727957e-10,-1.2056010349e-07,-3.26578372e-07,8.441220188e-08,-1.2213131627e-08,3.1624863072e-07,1.7262447738e-07,-7.6343662343e-11,-2.494938338e-07,-5.0878858127e-07,-5.2058563029e-08,4.4829484583e-06,-1.5787492688e-10,-2.8789809074e-08,0.23887997034,0.026884625475,0.035164152254,0.044572704788
gu255118,ok,,3.2867857294,33940751.57,294976.18271,1152812.6439,14666922.186,184881.84767,2931271.7684,-2.9049266814e-08,7.4722643838e-09,-1.0133079418e-07,-2.707795034e-07,8.7312477264e-08,-1.9511726076e-08,2.4294252276e-07,1.3303860035e-07,-3.0591881916e-09,-4.479504799e-07,-3.4826007688e-07,-3.1706523485e-08,2.0429511916e-06,-3.6034404869e-08,-1.062260816e-07,0.24024294494,0.045362700303,0.13213472261,0.071662257983
hh02,ok,,3.2046117931,33092188.439,63404.92809,291844.23342,15015123.041,37552.38798,2814668.3866,-2.633995327e-08,1.6847068919e-09,-1.6048284273e-07,-4.2578035077e-07,9.4914769964e-08,5.8382490949e-08,4.0488289907e-07,2.0193096026e-07,-4.576733599e-09,7.8198427938e-08,-1.0494726291e-06,-4.1439740201e-08,1.0066603481e-05,-1.7517358633e-07,-4.6887293868e-07,0.24596851019,0.011661893384,-0.0049581657001,0.025671571101
griffith30SymSuction,ok,,3.4082501889,35195045.394,656383.17954,2173739.735,14173449.187,433299.79155,3117302.6519,2.1685437543e-08,1.4657135603e-09,-1.4423244855e-09,-2.4506603511e-13,7.7308337275e-08,-2.6987357932e-09,-1.0398729798e-09,-2.4034574953e-10,8.9385370171e-10,-2.4929416405e-07,1.7506269392e-07,1.6825873917e-09,-8.7196732022e-07,-5.9845421975e-09,-1.9922281684e-12,0.2409934848,-1.0184623802e-07,0.16363249604,-0.00068255513281
hobie,ok,,3.1745517792,32781775.921,53743.851213,274644.04655,14874529.368,32751.239676,2735785.6307,-3.5058271823e-08,5.5148440188e-09,-3.1721787567e-07,-8.4542756397e-07,9.3508284601e-08,-1.7120872117e-09,8.345628014e-07,4.3069998696e-07,-2.7564559975e-09,-3.8130196204e-07,-1.3070037032e-06,-1.1346478793e-07,1.15270339e-05,-5.5468814493e-08,-1.6830048634e-07,0.24306188775,0.026349841908,0.020492635915,0.044852619026
hobiesm,ok,,3.1758977919,32795675.422,54336.257801,277429.59328,14899486.215,33098.192011,2739688.9252,-3.4989057695e-08,6.3727332943e-09,-3.1491587185e-07,-8.3725105852e-07,9.3386556567e-08,-3.4164388269e-09,8.2801735257e-07,4.2707363983e-07,-2.7923527587e-09,-4.2351294971e-07,-1.3134515484e-06,-1.1214367483e-07,1.1415902304e-05,-5.7012478994e-08,-1.6661510462e-07,0.24319267334,0.026371183517,0.023012108817,0.044991364333
hor07,ok,,3.2109672751,33157817.866,38080.627786,227236.84053,14956995.983,25532.305236,2831135.3621,-4.1999584772e-08,1.4708830489e-09,-4.5160861816e-07,-1.2087681581e-06,1.0234623762e-07,3.7735295329e-08,1.342896871e-06,6.1020030768e-07,-9.3122438848e-09,-1.6788332238e-07,-1.5413839856e-06,-1.5855528309e-07,1.473173306e-05,-1.6846976244e-07,-4.8132618868e-07,0.24765538235,0.02782335066,0.0063931023112,0.0511383559
hor04,ok,,3.1795082528,32832958.581,13347.985835,60036.250571,15105079.227,7229.421221,2772338.7601,-3.194956981e-08,2.9817159423e-08,-5.9541974172e-07,-1.5754946977e-06,9.5331539385e-08,-6.5947055568e-09,1.3234591454e-06,7.6902429702e-07,-3.078108502e-09,-3.2427123562e-06,-6.9554224775e-06,-1.7351066497e-07,5.2325927817e-05,-1.6610820596e-07,-4.4516974568e-07,0.25023158457,0.010584699506,0.043283678598,0.017665513926
hor12,ok,,3.2382866083,33439928.955,92955.594982,430287.52995,14971232.099,57573.618403,2888940.4068,-2.843295331e-08,-4.9665202816e-09,-1.6368496107e-07,-4.4398677493e-07,8.5323057299e-08,8.0138261311e-09,4.5492211023e-07,2.3477917997e-07,-2.3006696548e-10,1.9878879329e-07,-5.8777393065e-07,-7.1085304184e-08,6.533402277e-06,-7.6874317508e-10,-3.8290488377e-08,0.24366437252,0.025024885786,-0.018478530556,0.042287555427
hor20,ok,,3.3248950274,34334284.439,258693.30208,988145.22249,14803853.991,164531.70974,3063545.2785,-2.2731790025e-08,-6.5762948007e-09,-3.7062014395e-08,-1.117912447e-07,7.6041115005e-08,-1.232204354e-08,1.1713357248e-07,6.6144585297e-08,1.1946814516e-09,-4.2270356229e-08,-1.9849088549e-07,-2.9080413529e-08,2.2699367491e-06,2.7598296428e-08,2.0252931113e-08,0.23409388587,0.019173488817,0.010935058033,0.030301670648
hq010,ok,,3.1671730144,32705579.647,77024.678687,315817.55961,14858478.283,41682.677713,2724354.4341,2.3075334467e-08,-2.0954298142e-09,2.0140103053e-09,-2.7349845755e-13,8.8842995353e-08,2.9553453923e-09,3.4397070565e-09,9.2131844604e-10,-6.4326358451e-11,-6.8574840852e-07,1.1894037472e-06,-2.9338048075e-09,-9.0593319851e-06,8.3210378273e-09,-1.2622048018e-12,0.24203980833,-1.3340687205e-09,0.052819550826,0.00026494233081
hq07,ok,,3.1378179003,32402446.217,38088.105393,161937.13715,14828571.813,20163.223634,2660132.9237,2.3317934874e-08,-1.499292816e-09,1.4560177569e-09,-2.903934257e-13,9.1080986034e-08,2.0765763147e-09,2.4774164221e-09,6.672731036e-10,-4.1661419756e-11,-1.2290070173e-06,2.459511043e-06,-2.1209327232e-09,-1.874570272e-05,6.0096712258e-09,-1.7513279271e-12,0.24228752967,-2.7004906126e-09,0.046810548804,9.4360097787e-05
hq09,ok,,3.1491326667,32519287.321,51057.788243,214109.68195,14846212.985,27244.813504,2685367.17,2.3226109992e-08,-1.7177440682e-09,1.6615061901e-09,-4.6229433837e-13,9.026205291e-08,2.3942445123e-09,2.8328262858e-09,7.6132986817e-10,-4.6728243598e-11,-9.5311150923e-07,1.8205528621e-06,-2.4208950708e-09,-1.3868939393e-05,6.8546492638e-09,-1.579197318e-12,0.24238675358,2.1664483723e-09,0.04866376561,0.00014463784463
hq1010,ok,,3.1690897206,32725372.374,76872.894148,317138.694,14894548.657,41692.628278,2728718.6749,-2.3801484751e-08,3.0942825416e-09,-6.9824645886e-08,-1.8765873414e-07,8.9141628497e-08,-5.0551692194e-09,1.482797541e-07,9.067344972e-08,-8.3336008355e-11,-6.8473902279e-07,-1.1969578616e-06,-2.0845503681e-08,9.0679206766e-06,-9.2691383472e-09,-3.6766274117e-08,0.242456906,0.0074523456562,0.052637870418,0.011398693841
hq1012,ok,,3.1873897435,32914346.217,109589.70528,441436.80109,14899774.397,60279.682167,2766595.6721,-2.3435199467e-08,1.5739308117e-09,-4.7680031134e-08,-1.2955044375e-07,8.7509209944e-08,-4.7802973229e-09,1.022257238e-07,6.2871492892e-08,4.2073017764e-12,-5.2192946491e-07,-8.2474819648e-07,-1.5189695357e-08,6.2704651361e-06,-4.1671980572e-09,-2.5128909681e-08,0.24155912192,0.0074433722882,0.057198096238,0.011202886944
hq108,ok,,3.1501795266,32530097.644,49602.279501,210381.12091,14871340.022,26589.390614,2687754.9395,-2.4352522174e-08,5.7420961533e-09,-1.1025786458e-07,-2.9405362823e-07,9.0768253559e-08,-6.06912771e-09,2.3234777584e-07,1.417099573e-07,-1.9450073273e-10,-9.8098505575e-07,-1.8791364868e-06,-3.1446060789e-08,1.4221595644e-05,-1.7296455507e-08,-5.5944969254e-08,0.24278660608,0.0074575680203,0.048659094922,0.011524979318
hq109,ok,,3.1593923427,32625233.112,62515.02393,261427.42798,14883412.983,33694.563111,2707792.5395,-2.4049092982e-08,4.2231431192e-09,-8.6899838615e-08,-2.3257581604e-07,8.996933299e-08,-5.3540599743e-09,1.8375456188e-07,1.121718692e-07,-1.386184451e-10,-8.1024311528e-07,-1.4828296825e-06,-2.5267390822e-08,1.1221446443e-05,-1.3092368235e-08,-4.5937260159e-08,0.24264292157,0.007460987184,0.050652367741,0.011487420833
hq1510,ok,,3.1703317616,32738198.22,76962.23038,319679.6045,14895399.3,41999.133947,2731041.6934,-2.4668959011e-08,5.2361220652e-09,-1.0449248679e-07,-2.7949969964e-07,8.9376783815e-08,-6.9377004217e-09,2.2279804984e-07,1.3462130058e-07,-2.8281938237e-10,-6.8965270918e-07,-1.1932307594e-06,-3.0124776834e-08,9.0009708635e-06,-1.5946386341e-08,-5.4934208252e-08,0.24232926745,0.011179706303,0.053077210686,0.01714703484
hq1511,ok,,3.1788455001,32826114.712,92840.027455,380119.58067,14863778.553,51107.027689,2748377.5702,-2.4278044261e-08,3.0758011295e-09,-8.4391655543e-08,-2.292566898e-07,8.840642297e-08,-7.8917965384e-09,1.8177370787e-07,1.1088077051e-07,-1.5934771196e-10,-5.8474515865e-07,-9.799619597e-07,-2.6485338962e-08,7.3855341552e-06,-7.4700651614e-09,-4.328493997e-08,0.24157916897,0.011182270861,0.054287756583,0.016875876029
hq1512,ok,,3.189113466,32932146.111,109579.43339,443017.81091,14902395.419,60556.095789,2770238.5811,-2.4033506913e-08,3.0907291985e-09,-7.2019954353e-08,-1.9409902833e-07,8.7644953177e-08,-6.1101539745e-09,1.5422819445e-07,9.3526872532e-08,-1.3796624278e-10,-5.227603895e-07,-8.2422519747e-07,-2.1504402466e-08,6.2411854479e-06,-9.2370869716e-09,-3.9104871062e-08,0.24152274312,0.011182008347,0.057283787281,0.016900238161
hq158,ok,,3.1555355382,32585406.104,49527.6023,211716.75738,14891926.664,26798.739505,2700457.2355,-2.5679992999e-08,9.0916473151e-09,-1.6419779461e-07,-4.3684932e-07,9.1156211018e-08,-8.0587874849e-09,3.4973906212e-07,2.1020877334e-07,-5.4767426523e-10,-9.9897089368e-07,-1.8835118677e-06,-4.6002436591e-08,1.4109440016e-05,-2.9703375678e-08,-8.92343168e-08,0.24334094883,0.011125157822,0.049476633131,0.017321737178
hq1585,ok,,3.1570100599,32600632.644,56984.188326,244804.09364,14870257.788,31116.838555,2701752.2522,-2.5143117936e-08,5.280206953e-09,-1.3363761509e-07,-3.5714733941e-07,9.0109946486e-08,-9.3964593411e-09,2.9559393459e-07,1.7682860854e-07,-1.7719629751e-10,-7.0178005724e-07,-1.5417753861e-06,-4.3184460782e-08,1.2147116558e-05,-9.516248178e-09,-3.9997387661e-08,0.24225343288,0.010811806298,0.039990366945,0.016844180437
hq159b,ok,,3.1590181916,32621369.469,62337.969486,263245.80045,14850473.603,33907.106767,2705833.6806,-2.5095602911e-08,6.1107497187e-09,-1.2848157868e-07,-3.4531651514e-07,9.0326390551e-08,-9.0638584244e-09,2.7442138158e-07,1.6639021111e-07,-3.3649001556e-10,-8.1654072886e-07,-1.4866937607e-06,-3.790315656e-08,1.1137503783e-05,-1.6618552961e-08,-6.5034993888e-08,0.24234656373,0.011174328817,0.050901491039,0.017106871711
hq17,ok,,3.2233731295,33285926.012,185954.22745,732042.80256,14837882.087,107646.73249,2824324.8718,-2.7765451556e-08,1.1810091123e-08,-1.1604324956e-07,-3.0702306097e-07,8.7867822788e-08,-3.0424685604e-08,2.6087192414e-07,1.505621173e-07,-1.1621007709e-09,-7.6265232082e-07,-6.4167367677e-07,-3.4516434431e-08,3.5139468902e-06,-2.0939490909e-08,-5.6413007515e-08,0.24289194566,0.031576235881,0.14181842313,0.048510237116
hq159,ok,,3.1620401321,32652575.315,62583.151027,263730.10954,14891461.048,33985.593335,2713713.5056,-2.5110370104e-08,6.8637501293e-09,-1.2950276955e-07,-3.4539745891e-07,9.0261949339e-08,-7.4728270286e-09,2.7566365766e-07,1.662225967e-07,-3.90988753e-10,-8.1654077557e-07,-1.4782546739e-06,-3.6714133341e-08,1.1124498279e-05,-2.1421757005e-08,-6.8462877851e-08,0.24276284118,0.011173750026,0.051101694678,0.01725190032
hq2010,ok,,3.1719633092,32755046.276,77139.241592,323734.80958,14895027.475,42479.382804,2733903.913,-2.5853864178e-08,7.3141303519e-09,-1.3781397447e-07,-3.6783516065e-07,8.9754028771e-08,-9.1072951764e-09,2.9704446199e-07,1.7715950534e-07,-5.6144058417e-10,-7.0045858516e-07,-1.189004678e-06,-3.9340717292e-08,8.898301759e-06,-2.2386888615e-08,-7.2622999747e-08,0.24227418202,0.014878143375,0.054032844027,0.022913784517
hq2012,ok,,3.1913397191,32955135.351,109731.22266,446348.56923,14903959.059,61073.726167,2774637.7875,-2.4847808325e-08,4.4258427965e-09,-9.5186596634e-08,-2.5559543677e-07,8.7856437069e-08,-7.7059015005e-09,2.0617518416e-07,1.2334861985e-07,-3.2661515412e-10,-5.2341778625e-07,-8.2154399835e-07,-2.8159064936e-08,6.1875092591e-06,-1.3517195575e-08,-5.1132886537e-08,0.24155266332,0.014855974865,0.057435273649,0.022623855041
hq208,ok,,3.1535286231,32564681.843,49795.291528,217099.23105,14876808.435,27271.45762,2694190.8929,-2.7550704577e-08,1.258030599e-08,-2.1560001284e-07,-5.72976487e-07,9.180450195e-08,-1.2440302719e-08,4.6401973069e-07,2.7536668371e-07,-9.4083382888e-10,-1.039506934e-06,-1.8659763098e-06,-5.9756960024e-08,1.3863808016e-05,-3.7697109599e-08,-1.1100158576e-07,0.24266348889,0.014891456984,0.051762550825,0.023105997764
hq209,ok,,3.1630882345,32663398.469,62718.5367,267857.67094,14889637.143,34415.945131,2715131.2516,-2.6575301603e-08,9.4977118957e-09,-1.7047272726e-07,-4.5391613668e-07,9.0726720327e-08,-1.0308807857e-08,3.6701248627e-07,2.1841162566e-07,-7.2285342385e-10,-8.3574057063e-07,-1.4713712933e-06,-4.7931846946e-08,1.0984561492e-05,-2.8825413731e-08,-8.8561329555e-08,0.24257624934,0.014882739435,0.052416425651,0.02301848609
hq2090sm,ok,,3.1626826365,32659210.09,62283.735823,265961.87813,14881863.151,34175.486673,2714065.2364,-2.6547443333e-08,9.420326276e-09,-1.7027421906e-07,-4.5409585052e-07,9.0734402448e-08,-1.1081597766e-08,3.6643519537e-07,2.184957758e-07,-6.8144342013e-10,-8.4773745045e-07,-1.488788653e-06,-4.8213858585e-08,1.1059109675e-05,-2.6865082293e-08,-8.5833909263e-08,0.2426416657,0.014807306877,0.052800255411,0.022822952905
hq2195,ok,,3.1704502895,32739422.189,70575.904067,297111.72626,14878584.693,38935.642043,2731643.1793,-2.6283735252e-08,7.9404064323e-09,-1.5442880444e-07,-4.1436387015e-07,8.9355535586e-08,-1.4849611184e-08,3.3362992137e-07,2.0029597471e-07,-3.1720562913e-10,-7.4179596295e-07,-1.3029950731e-06,-4.5860234706e-08,9.6972029709e-06,-9.8495488082e-09,-4.8217631524e-08,0.24196156593,0.015679324507,0.052352920718,0.023546233325
hq2510,ok,,3.1735987404,32771934.435,77039.182535,327613.51368,14894855.372,42880.712178,2736519.0336,-2.7346002809e-08,9.4839866637e-09,-1.7031102729e-07,-4.5394599074e-07,9.0262782545e-08,-1.2345007462e-08,3.720922101e-07,2.1896025701e-07,-8.6541999856e-10,-7.2684421374e-07,-1.1924426453e-06,-4.8643985806e-08,8.8143255472e-06,-2.7179263755e-08,-8.5733494372e-08,0.24243559747,0.018574513203,0.055995484057,0.028665679694
hq2511,ok,,3.1812987302,32851447.816,92886.647065,387723.29161,14863746.333,51973.625581,2751805.5671,-2.6494729018e-08,6.7436970292e-09,-1.3922549491e-07,-3.7441561296e-07,8.9102913657e-08,-1.2022431324e-08,3.0544386213e-07,1.8084280504e-07,-6.0743040393e-10,-6.0494996087e-07,-9.8096708873e-07,-4.1611682238e-08,7.262310954e-06,-1.7062101437e-08,-6.8226090282e-08,0.2415372844,0.018603494413,0.056191773507,0.028371656219
hq2512,ok,,3.1916365184,32958200.226,109594.89153,450137.98315,14897526.345,61471.235057,2773787.5306,-2.5901182423e-08,5.9196519105e-09,-1.1817900838e-07,-3.1650809878e-07,8.824904598e-08,-1.0035539426e-08,2.5853606117e-07,1.5293444278e-07,-5.296682996e-10,-5.3784261574e-07,-8.2430214031e-07,-3.4752231963e-08,6.1471517471e-06,-1.6748751493e-08,-5.9908012366e-08,0.24154764014,0.018566873193,0.058944803134,0.028334231582
hq258,ok,,3.154858928,32578419.139,49837.273987,222150.13671,14875962.329,27731.16756,2695952.0662,-2.9856357084e-08,1.6121868757e-08,-2.6470410338e-07,-7.0297335436e-07,9.2571177022e-08,-1.8349719308e-08,5.8088192253e-07,3.3853856465e-07,-1.4128788009e-09,-1.1092665077e-06,-1.8676412291e-06,-7.3822510914e-08,1.3633265483e-05,-4.4951627818e-08,-1.305582006e-07,0.24270258302,0.018615806132,0.055282818868,0.028949571527
hq259,ok,,3.1639215339,32672003.473,62721.8315,272587.1249,14885582.333,34860.202648,2715627.8978,-2.8417170903e-08,1.2250494777e-08,-2.1007437421e-07,-5.5883487947e-07,9.1367693901e-08,-1.4663255935e-08,4.5938644275e-07,2.6932170764e-07,-1.0973189866e-09,-8.8140206816e-07,-1.4747267437e-06,-5.9238961054e-08,1.0843740978e-05,-3.4647220478e-08,-1.0448309205e-07,0.24258981206,0.018597761782,0.055283152003,0.028813559055
hq2590sm,ok,,3.1674073402,32707999.396,64184.045756,276236.36041,14883164.638,35704.036107,2724261.8064,-2.8203444664e-08,1.1727286946e-08,-2.038447647e-07,-5.4435392789e-07,9.0046387458e-08,-1.9280143631e-08,4.442408501e-07,2.6278435325e-07,-5.7694796303e-10,-8.4012675945e-07,-1.4399679751e-06,-5.8930752077e-08,1.0579406771e-05,-1.6311812905e-08,-6.2588337642e-08,0.24199478118,0.018894952751,0.053922734369,0.02851317505
hq259b,ok,,3.1674075137,32708001.187,64184.004062,276236.23586,14883165.561,35704.020132,2724262.0379,-2.8203449549e-08,1.1727282711e-08,-2.0384492044e-07,-5.4435431981e-07,9.0046389822e-08,-1.9280144082e-08,4.4424133136e-07,2.6278457515e-07,-5.7695140138e-10,-8.4012746251e-07,-1.4399683358e-06,-5.8930813561e-08,1.0579412047e-05,-1.6311855094e-08,-6.2588475927e-08,0.24199479996,0.018894957054,0.053922744467,0.028513187417
hq300gd2,ok,,3.2531413716,33593325.578,202267.81614,778154.46064,14781191.102,120206.00737,2898032.1826,2.5537891542e-08,-1.1449466574e-08,9.3864633397e-08,-2.3892859541e-07,8.728524669e-08,3.4922540671e-09,1.9916766596e-07,-1.0710651588e-07,2.0171580023e-09,-5.1758945849e-07,4.6577548712e-07,1.3241504376e-08,-3.1261657881e-06,6.0589502088e-08,-1.1677621521e-07,0.24318376428,0.025312237284,0.10469168943,0.040285208839
hq3010,ok,,3.1764845534,32801734.572,77170.956554,333250.75482,14895958.259,43563.524478,2741952.5955,-2.9097882437e-08,1.1726215252e-08,-2.0107247871e-07,-5.355831654e-07,9.0734296406e-08,-1.5366836679e-08,4.4566621987e-07,2.5800917913e-07,-1.2854918996e-09,-7.4941921956e-07,-1.1882727281e-06,-5.6930443032e-08,8.6750337943e-06,-3.32990422e-08,-1.0271206992e-07,0.24221307974,0.022248560608,0.057833398033,0.034392488491
hq3011,ok,,3.185363845,32893425.925,93472.454051,392807.73126,14901336.001,52628.998362,2760832.6109,-2.7963214693e-08,9.4293581887e-09,-1.6590506975e-07,-4.4278818708e-07,8.9807945943e-08,-1.2917192611e-08,3.6495647715e-07,2.1291981104e-07,-1.152277916e-09,-6.5720125799e-07,-9.8548562855e-07,-4.7009345915e-08,7.1796962017e-06,-2.9975649974e-08,-9.4770600172e-08,0.241841156,0.022097832474,0.06143021439,0.034113377541
hq3012,ok,,3.1948195875,32991069.955,109693.53988,454432.97382,14899579.828,62143.795924,2780159.8828,-2.7123487178e-08,7.4263374124e-09,-1.4013431809e-07,-3.7490414158e-07,8.8474954987e-08,-1.2256385431e-08,3.0958236945e-07,1.8088587856e-07,-7.9506951054e-10,-5.479860844e-07,-8.2348786965e-07,-4.074761523e-08,6.0795778927e-06,-2.0312204335e-08,-7.0320139307e-08,0.24141493462,0.022243427258,0.060110533403,0.03395918599
hq3014,ok,,3.2138236072,33187313.57,147455.61768,590740.53381,14890764.787,84314.460582,2818477.6241,-2.5846544244e-08,4.774190821e-09,-1.0253255747e-07,-2.7604924574e-07,8.6486324072e-08,-1.077449082e-08,2.2694353444e-07,1.3340923188e-07,-4.866255716e-10,-4.3334193738e-07,-6.0333927786e-07,-3.0873987578e-08,4.4791305236e-06,-1.2365544212e-08,-5.1700894234e-08,0.24036342048,0.022227602532,0.063898703044,0.033464099051
hq3015,ok,,3.2235435266,33287685.605,168112.67645,663663.94264,14882721.239,96707.303305,2837565.1039,-2.5366991369e-08,3.840668982e-09,-8.9062580699e-08,-2.4061531341e-07,8.5525596484e-08,-1.0370123255e-08,1.9749397608e-07,1.1639416644e-07,-3.6228316322e-10,-3.9347811715e-07,-5.2474356854e-07,-2.7329460129e-08,3.9044975595e-06,-9.3664120245e-09,-4.4622377571e-08,0.23973344138,0.022235162703,0.066148659398,0.033201240901
hq3013,ok,,3.2042016512,33087953.148,127710.63441,520086.652,14893757.895,72672.686595,2799256.1463,-2.6437112791e-08,5.8235117649e-09,-1.1947586998e-07,-3.2086982871e-07,8.7434870877e-08,-1.1591112209e-08,2.6464157687e-07,1.5513067526e-07,-6.0433869449e-10,-4.7933749473e-07,-7.0044956337e-07,-3.5651610052e-08,5.1969330953e-06,-1.5076601206e-08,-5.8722480367e-08,0.24091495009,0.022290779814,0.061216495547,0.033797543673
hq308,ok,,3.1583694968,32614670.771,50002.123379,228164.77028,14882737.909,28353.22241,2703064.8796,-3.2510486261e-08,1.9794695926e-08,-3.1029907372e-07,-8.2379200523e-07,9.3331905703e-08,-2.4256662619e-08,6.9398549523e-07,3.9623709275e-07,-2.0232426716e-09,-1.1702237839e-06,-1.8568587167e-06,-8.5923158548e-08,1.3332986011e-05,-5.3553616311e-08,-1.5395802215e-07,0.24255705781,0.022298775826,0.058513674025,0.034700748355
hq3510,ok,,3.1793287775,32831105.244,77377.804775,340102.40443,14898519.594,44339.885817,2746957.5482,-3.1151403969e-08,1.3974431247e-08,-2.3112753205e-07,-6.1516657088e-07,9.138618808e-08,-1.8814775841e-08,5.2012898213e-07,2.9609507782e-07,-1.7550118596e-09,-7.7346368556e-07,-1.1779204157e-06,-6.4960255855e-08,8.5226873633e-06,-3.9061166104e-08,-1.1808356381e-07,0.24217931872,0.026009134918,0.059848922062,0.040246438837
hq309,ok,,3.1676520453,32710526.325,62864.313604,278131.88027,14892314.355,35497.226578,2723319.5009,-3.0558166125e-08,1.5100718256e-08,-2.4747140277e-07,-6.5799983883e-07,9.1934523489e-08,-1.8775076861e-08,5.497157382e-07,3.1665878705e-07,-1.5920791115e-09,-9.1748622962e-07,-1.46808206e-06,-6.9177979955e-08,1.0647964815e-05,-4.1698874654e-08,-1.2384687835e-07,0.24248439745,0.022291590962,0.057677142066,0.034557502559
hq3512,ok,,3.1977390499,33021217.569,109770.40813,460488.38141,14901674.372,62944.469928,2785271.2398,-2.8592250746e-08,8.9472016465e-09,-1.6212707439e-07,-4.3312635351e-07,8.896273808e-08,-1.3980253354e-08,3.6266354599e-07,2.087494503e-07,-1.1524496498e-09,-5.5417887262e-07,-8.1762917265e-07,-4.6618191763e-08,6.0019347853e-06,-2.5239698661e-08,-8.3335749042e-08,0.2414503136,0.025997107071,0.060832441026,0.039809725458
hq3513,ok,,3.2074200004,33121187.195,128804.55295,529468.36587,14898217.111,74082.466981,2804858.2516,-2.7649314369e-08,7.1886261549e-09,-1.3736968824e-07,-3.6789499556e-07,8.7819143252e-08,-1.2716299894e-08,3.0701757274e-07,1.7745171772e-07,-9.2063964387e-10,-4.8350931713e-07,-6.911460775e-07,-4.0078477832e-08,5.0987126496e-06,-2.0031159715e-08,-7.0583101277e-08,0.24091759131,0.025995548016,0.062278201438,0.039545261203
hq3514,ok,,3.2160935251,33210753.712,146373.05584,591800.23765,14859406.755,84710.6064,2821536.2762,-2.6865107987e-08,5.3473770444e-09,-1.1808549246e-07,-3.1921738285e-07,8.6817713015e-08,-1.2787986697e-08,2.6543875639e-07,1.5420933076e-07,-6.6536850331e-10,-4.2848649976e-07,-6.0653122834e-07,-3.6120725602e-08,4.4524123725e-06,-1.2788943143e-08,-5.9445000475e-08,0.2404174214,0.025831122114,0.062718878358,0.038853081912
hq3518,ok,,3.2565987253,33629027.687,234693.39393,894613.22045,14801384.314,139353.78994,2899653.5564,-2.4877197114e-08,1.7769766571e-09,-7.0297324951e-08,-1.9388793235e-07,8.293271488e-08,-1.1462213754e-08,1.596672497e-07,9.4127222325e-08,-1.3931568804e-10,-3.02431773e-07,-3.6435247745e-07,-2.3827912507e-08,2.7028076988e-06,-1.6793920542e-09,-3.4966011103e-08,0.23773070385,0.025861285627,0.070978739237,0.037472848732
hq358,ok,,3.1617201747,32649271.299,50226.681946,236155.24158,14886599.814,29140.69785,2709204.2099,-3.5557203132e-08,2.3332549354e-08,-3.5302538338e-07,-9.3698712503e-07,9.4401361795e-08,-3.0886218125e-08,8.0869742263e-07,4.5035034039e-07,-2.7558495866e-09,-1.2297295306e-06,-1.8326410737e-06,-9.7309364823e-08,1.2971564573e-05,-6.2499059612e-08,-1.7805056297e-07,0.2425746093,0.026046564892,0.061765234014,0.040618188237
hq359,ok,,3.1705506634,32740458.692,63055.823963,285670.9112,14893944.743,36282.746762,2728316.9635,-3.3043799387e-08,1.7879090764e-08,-2.8313656353e-07,-7.5246980916e-07,9.2782986153e-08,-2.3307256713e-08,6.4148662855e-07,3.6186921829e-07,-2.183920739e-09,-9.5343119852e-07,-1.452898956e-06,-7.8721883741e-08,1.0416685371e-05,-4.9051960615e-08,-1.4357842391e-07,0.24243961834,0.026039418036,0.060119389815,0.040449467925
hs1404,ok,,3.1760306695,32797047.574,16474.103984,98456.492372,15071431.903,10546.059386,2756375.4712,-4.5753805046e-08,4.5933348424e-08,-7.7145815819e-07,-2.0399625158e-06,1.0433412196e-07,-1.2229294314e-07,2.1591579646e-06,1.0310990049e-06,-9.1018030589e-09,-5.266231428e-06,-5.5900505632e-06,-2.5959249529e-07,3.5867870249e-05,-2.4547097987e-07,-6.5128945642e-07,0.2489492781,0.019804586389,0.086756444149,0.035570192827
hs1430,ok,,3.497983638,36121671.269,769806.96908,2131885.5404,15372941.076,480899.78095,3471832.4608,-2.1170436692e-08,-1.9294309134e-10,-1.5322950745e-08,-4.4642507601e-08,6.7714803658e-08,-7.1956802055e-09,3.5986723362e-08,2.2364743064e-08,8.3784564992e-10,-2.2745102661e-07,-1.3195599046e-07,-7.0416426344e-09,7.8500597521e-07,3.4742911414e-09,-8.0840542268e-09,0.23448778163,0.020557333416,0.17509338541,0.027702830438
hs1606,ok,,3.1978981215,33022860.211,36895.3477,203741.07494,15079071.681,23453.092087,2801112.4219,-4.2905097146e-08,2.8458452763e-08,-4.8476389741e-07,-1.2824470166e-06,1.0042593147e-07,-8.1122109089e-08,1.3477942175e-06,6.5076442751e-07,-7.7524175486e-09,-2.4689603242e-06,-2.5137267125e-06,-1.6597977243e-07,1.6126435968e-05,-1.4873556493e-07,-3.9662358286e-07,0.24786422576,0.027774126449,0.091093149617,0.049727336281
hs1708,ok,,3.2195370916,33246313.447,63441.719307,310416.83645,15100158.648,39059.301784,2847677.8177,-3.8532780303e-08,1.9486180821e-08,-3.3361245084e-07,-8.832663558e-07,9.6036155228e-08,-5.3697622814e-08,8.9145281605e-07,4.4807272249e-07,-6.0754751426e-09,-1.4926845225e-06,-1.5065828754e-06,-1.1444906079e-07,9.6817102056e-06,-1.0157385502e-07,-2.7331748574e-07,0.24659656011,0.03187088655,0.094698472491,0.056555299331
hs1620,ok,,3.3534301729,34628950.523,374114.38104,1174975.2641,15357448.66,214221.06856,3159082.2309,-2.3804322444e-08,3.469569366e-09,-5.1563007328e-08,-1.3946690458e-07,7.728771294e-08,-1.427312898e-08,1.1517359566e-07,6.9055940722e-08,-4.4255224458e-11,-4.0067151971e-07,-3.009891971e-07,-1.7492184225e-08,1.763998562e-06,-5.8693420256e-09,-2.8039984872e-08,0.24150228897,0.028427204463,0.1498969776,0.043088098454
hs1712,ok,,3.2633644451,33698893.396,143944.93515,534306.58858,15244255.967,80489.160422,2956275.203,-3.0039530396e-08,1.4153861936e-08,-1.6418463316e-07,-4.3608716066e-07,8.6980462336e-08,-3.5966049446e-08,3.7036895727e-07,2.145553818e-07,-1.9584239064e-09,-9.203272756e-07,-8.1748110476e-07,-5.0367210525e-08,4.6975408209e-06,-3.439404397e-08,-9.8576155472e-08,0.24689267736,0.033143510936,0.13247645001,0.053312735537
hsnlf213,ok,,3.2132907343,33181810.897,140081.51694,541132.23136,14935836.142,77366.504019,2822847.4347,-2.3494354043e-08,6.3882738376e-09,-5.4784540138e-08,-1.4411227589e-07,8.8218922876e-08,8.5394901137e-09,9.8678327713e-08,5.8149359792e-08,-8.2739171848e-10,-8.2148881114e-07,-8.2984253569e-07,-3.3640012039e-09,4.8892520174e-06,-5.474475645e-08,-1.4184095476e-07,0.24453352897,0.0084670643927,0.11507539882,0.013823009836
ht05,ok,,3.177284479,32809994.946,17665.449471,74539.176718,15064359.732,8960.6254047,2766139.2682,2.3039387994e-08,-1.2400932034e-09,1.5087360372e-09,-1.0373315563e-09,8.9647987092e-08,5.698755944e-10,2.469270512e-09,3.3239160225e-10,-2.8061771048e-11,2.2637365859e-07,4.0913616581e-06,-1.8372847337e-09,-4.2200123091e-05,4.9660907929e-09,-1.2264543913e-09,0.24797878585,6.5699026393e-06,-0.0039989924275,4.3620773462e-05
ht08,ok,,3.1759688952,32796409.665,19237.45794,81442.459257,15071594.847,10006.446868,2763592.6634,2.3052224173e-08,-1.0039085382e-09,1.2497625951e-09,-9.2424480655e-10,8.9712936745e-08,9.0644416943e-10,2.2797159056e-09,2.4725462272e-10,-3.2464300854e-11,9.2383245598e-07,3.5627696296e-06,-1.4932758656e-09,-3.779656659e-05,4.0486198526e-09,-1.1045150207e-09,0.24792998554,6.5082171934e-06,-0.017772188016,4.3855938849e-05
ht12,ok,,3.1745922365,32782193.7,15742.222265,73959.356266,15056009.885,8551.2438454,2759728.1004,2.3053941837e-08,-1.3287822539e-09,1.6421684993e-09,-1.2526963154e-09,8.9700746056e-08,1.3294844108e-09,3.6816182012e-09,4.559858719e-10,-4.365977347e-11,5.0447861945e-06,2.5220046272e-06,-2.0906861606e-09,-4.4218773806e-05,5.2964175358e-09,-1.5237915167e-09,0.24754962443,7.4864626113e-06,-0.079416145552,5.7956852016e-05
ht13,ok,,3.1836954519,32876197.385,27689.041646,125680.22079,15066502.309,15160.073078,2780100.4911,2.2973957584e-08,-1.6013414263e-09,1.769099148e-09,-9.2838667207e-10,8.8561607646e-08,1.6284960049e-09,4.0563469778e-09,7.2550345259e-10,-7.2484484314e-11,2.3037306499e-06,1.5932122016e-06,-2.4899116122e-09,-2.4932739133e-05,6.1822591251e-09,-1.1169769018e-09,0.24621012513,9.9052225934e-06,-0.063788093905,0.0001123163604
ht14,ok,,3.1910306537,32951943.809,37442.727875,166728.76895,15074250.431,20637.413237,2796416.5414,2.2909968081e-08,-1.7719821771e-09,1.8721234984e-09,-7.9460615557e-10,8.7669652721e-08,1.8337771117e-09,4.3454821062e-09,8.6915082957e-10,-9.6901258621e-11,1.4855337081e-06,1.2162573648e-06,-2.737482883e-09,-1.8310747802e-05,6.7735091271e-09,-9.5794072382e-10,0.24516082303,1.1551928669e-05,-0.05562243438,0.00016270670399
ht21,ok,,3.1904294072,32945735.082,22515.680119,88735.892525,15145411.937,11299.509383,2801446.3938,2.2950247597e-08,-8.2657792803e-10,7.8089872833e-10,-7.4181737258e-12,8.9154240627e-08,3.7609876942e-10,1.1867332828e-09,4.1177495137e-10,-2.9862294878e-11,-1.0959740562e-06,3.9113446958e-06,-1.1906236083e-09,-3.3473407844e-05,3.1134728657e-09,4.9693580244e-12,0.24976082589,9.7846120588e-08,0.024676601267,2.6720106981e-05
ht22,ok,,3.1752136464,32788610.643,17333.621615,81573.802289,15059276.076,9483.5574173,2760465.4789,-2.6350469629e-08,5.8219319513e-09,-3.3615776763e-07,-8.904443088e-07,9.7144660092e-08,1.4754543025e-07,6.6485095923e-07,3.7492075768e-07,-3.7319859257e-09,3.8033949956e-06,-2.5106329206e-06,-3.8738279798e-08,3.9878101625e-05,-3.4518912206e-07,-9.1934235965e-07,0.24671326147,0.0062940567194,-0.065926609707,0.011524274958
ht23,ok,,3.1827569907,32866506.436,28383.978439,128810.92858,15063370.344,15583.775724,2776920.705,-2.4889825973e-08,5.5101163995e-09,-2.010918186e-07,-5.3391336948e-07,9.3676270685e-08,8.9334103764e-08,3.8638782026e-07,2.1911115611e-07,-2.2411399666e-09,1.8110851113e-06,-1.7354684198e-06,-1.8008728874e-08,2.4262308119e-05,-2.2071068648e-07,-5.9224472434e-07,0.24642544455,0.0060465430088,-0.051405800752,0.010967223559
ht33,ok,,3.1715659515,32750942.991,25349.199903,111526.57546,15024575.833,13532.38716,2750002.4925,2.3072810831e-08,-1.3674475797e-09,1.3926118062e-09,-3.8491233488e-10,8.9537886277e-08,1.4227149426e-09,2.9698539292e-09,6.833385365e-10,-4.8567539125e-11,1.159661601e-06,2.395838176e-06,-2.0717353231e-09,-2.7937981193e-05,5.2621676632e-09,-5.2219065774e-10,0.24622940294,3.4688060722e-06,-0.029396493742,7.5283420935e-05
isa571,ok,,3.1955336773,32998443.952,49064.424838,215798.23944,15088036.637,27487.370074,2799598.0292,-4.4232934593e-08,4.0326716931e-08,-5.0186457691e-07,-1.3266348257e-06,1.1879851688e-07,3.9434741542e-08,9.8282532905e-07,5.676579732e-07,-1.5483986891e-08,-1.3344466612e-06,-1.8367563963e-06,-6.5780340232e-08,1.3755290295e-05,-3.1683958768e-07,-8.3754224902e-07,0.24690586709,0.030797970432,0.065473857908,0.048221759486
ht34,ok,,3.1644274982,32677228.276,36554.233793,156491.70492,14966809.902,19464.039623,2728995.7491,2.3118410308e-08,-1.469295136e-09,1.3981525671e-09,-7.9882950155e-11,8.9366569047e-08,1.6222164111e-09,2.8420202904e-09,7.8633553223e-10,-6.217372107e-11,7.9186947e-08,1.9296500387e-06,-2.1816133482e-09,-1.9420562667e-05,5.6699400893e-09,-1.6091076703e-10,0.24388098636,7.9101610955e-07,-0.002894618174,0.00010388787414
ht35,ok,,3.1600259104,32631775.604,42817.242448,181472.14762,14933703.433,22807.18638,2716064.5045,2.3149678736e-08,-1.4511634974e-09,1.3574439147e-09,1.2134964698e-11,8.9292100011e-08,1.6478279274e-09,2.6899814591e-09,7.8192964435e-10,-6.6992425123e-11,-1.7134219022e-07,1.73023107e-06,-2.136906524e-09,-1.6573724148e-05,5.6345846344e-09,-4.8934653565e-11,0.24252310341,-5.4743516426e-07,0.0073364001004,0.00011517758831
isa960,ok,,3.2168702063,33218774.064,80363.063936,352710.63008,15070178.499,46684.877757,2840835.9044,-4.4578831313e-08,2.9926265372e-08,-3.8740063772e-07,-1.0244290424e-06,1.1926785783e-07,3.3699358067e-08,7.9436994146e-07,4.4146495039e-07,-1.6809381769e-08,-8.3268321857e-07,-1.0809641076e-06,-5.4054857932e-08,8.0940079025e-06,-2.5788131516e-07,-6.8282218373e-07,0.2456990683,0.040034485114,0.066916974732,0.063838002395
isa961,ok,,3.2159424056,33209193.186,77986.905685,342865.92799,15088010.985,45189.87615,2839680.6213,-4.4896795332e-08,3.0430656167e-08,-3.9687433296e-07,-1.0479583953e-06,1.1990622647e-07,3.459531505e-08,8.1195628767e-07,4.5190082495e-07,-1.7205134961e-08,-8.6877109138e-07,-1.1040548893e-06,-5.5016339244e-08,8.3649484066e-06,-2.6752339099e-07,-7.0346741682e-07,0.24554371768,0.039592072644,0.067752769165,0.063321958427
isa962,ok,,3.2280748668,33334478.156,80588.59698,355425.49252,15124303.915,47414.334977,2869396.5771,-4.5917568414e-08,2.6744784098e-08,-3.9634490816e-07,-1.0468799016e-06,1.2116076017e-07,4.6609566127e-08,8.2731938142e-07,4.5246158082e-07,-1.8585201645e-08,-6.9208402053e-07,-9.7518368e-07,-5.610604334e-08,7.9707265334e-06,-2.7517446976e-07,-7.2480606638e-07,0.2440071753,0.041301173951,0.055774080207,0.066672508203
ist-mt1-12,ok,,3.1736948811,32772927.224,103853.34908,511565.58437,14576358.475,66519.498999,2703280.0914,-3.2832638279e-08,6.3007238468e-09,-1.9286864135e-07,-5.2533748545e-07,7.5821157009e-08,-9.0530170198e-08,5.8498305161e-07,3.0227179715e-07,9.3493716066e-09,-6.5179652249e-07,-8.7827252725e-07,-1.0939402398e-07,5.6472794807e-06,1.4670347356e-07,3.3888565783e-07,0.23687236804,0.04030589265,0.067691251779,0.060752449064
ist-mt1-15,ok,,3.2722715702,33790872.167,142867.82382,754576.75368,14475389.989,106599.97692,2908466.3701,-3.4924263021e-08,1.394815371e-09,-1.7215815388e-07,-4.7854326233e-07,7.7097941442e-08,-4.6630970644e-08,6.0796970994e-07,2.6324263601e-07,5.445531063e-09,-2.3016714647e-07,-5.1181236881e-07,-9.1077409971e-08,3.4919429143e-06,7.0395904689e-08,1.2251341134e-07,0.24237421984,0.054187686039,0.03288347933,0.086859309405
ist-mt1-21,ok,,3.2988362157,34065190.032,218612.92667,990323.65665,14206245.054,156355.13429,2957192.0934,-2.4846861514e-08,-8.7631973032e-09,-6.9072068608e-08,-2.0692109319e-07,7.5786101086e-08,-2.4557074172e-08,2.3280283107e-07,1.166924536e-07,4.2614634663e-09,1.1652791403e-07,-2.1191619526e-07,-4.7616551805e-08,2.3583648974e-06,7.5230582835e-08,1.2042266554e-07,0.23555152225,0.03680208561,-0.025474508325,0.050893708238
ist-mt1-18,ok,,3.3043069331,34121682.993,192263.42376,923594.99896,14513287.089,140299.98237,2977747.0469,-3.2104130681e-08,-3.6374309963e-09,-1.3602068821e-07,-3.79330023e-07,7.6943240219e-08,-1.5442361006e-08,4.3945656139e-07,2.0036427813e-07,2.8014868121e-09,5.037080363e-09,-2.8344324494e-07,-6.4338723471e-08,2.6559845822e-06,3.8525818824e-08,4.2675240415e-08,0.23587187437,0.054634295046,-0.00096844631634,0.084491423087
joukowsk,ok,,3.1587902973,32619016.135,92704.799958,406674.99683,14697228.002,52883.143586,2694001.8206,2.3047373736e-08,-3.236163863e-09,2.9623491363e-09,-7.317629067e-13,8.65433695e-08,4.362191064e-09,7.1005736645e-09,1.9243208594e-09,-2.2048707107e-10,1.2570133747e-07,5.8169309227e-07,-4.8840376007e-09,-7.124083918e-06,1.2705602158e-08,-2.415669222e-12,0.233147995,8.9136902924e-09,-0.011653117345,0.00065825726116
j5012,ok,,3.2004213734,33048916.387,121686.85214,457351.4818,14976161.625,64800.238398,2804354.3336,2.2824333931e-08,-2.1052300643e-09,2.0336190246e-09,5.4683908641e-13,8.65846226e-08,2.5636729761e-09,2.7623523789e-09,7.8533782289e-10,-9.7335310863e-11,-7.5411847509e-07,8.6848523721e-07,-2.818299436e-09,-5.8265619512e-06,8.3751133878e-09,2.520126436e-12,0.24281396161,4.2173807785e-09,0.091766303374,0.00033614196549
jn153,ok,,3.2882909252,33956294.864,179748.03888,876620.51123,14604726.2,127857.38605,2938082.4509,-3.6149076104e-08,2.0987992653e-10,-1.767905949e-07,-4.749341027e-07,9.3768128788e-08,2.6747174137e-08,4.8362474611e-07,2.2628763313e-07,-7.6433954081e-09,-2.3314460033e-08,-2.4700353549e-07,-4.9492766153e-08,2.9425338499e-06,-8.1160513037e-08,-2.3910446515e-07,0.2325700049,0.053666364458,0.0041907284685,0.08693059967
ist-mt1-24,ok,,3.3262375128,34348147.514,281159.21084,1195691.9269,14083845.954,204353.65957,3002864.9578,-2.2353061222e-08,-1.0293909021e-08,-3.4183338103e-08,-1.1455076034e-07,7.2973627838e-08,-3.3776594595e-08,1.316450791e-07,7.1404532786e-08,4.2626570406e-09,8.1623136518e-08,-1.4093904219e-07,-3.7218392913e-08,1.7939286748e-06,8.4862966643e-08,1.3775611277e-07,0.22862682568,0.029870356362,-0.02294909665,0.03701322655
jx-gs-04,ok,,3.153521923,32564612.655,33146.56881,151973.30305,14911169.2,18133.582827,2699569.1077,-2.6641597731e-08,6.3872480199e-09,-2.4345458746e-07,-6.4617675359e-07,9.6611523082e-08,7.7762110909e-08,4.9281290932e-07,2.8162878051e-07,-3.4404966292e-09,7.0172052335e-07,-1.7695528467e-06,-3.8162015698e-08,2.0847964564e-05,-2.1569775716e-07,-5.7985975408e-07,0.24243820899,0.0091692984656,-0.023259627613,0.016335057009
jx-gs-06,ok,,3.1564644031,32594997.959,36658.36491,163128.60324,14920025.311,19873.429762,2706623.0299,-2.6453742649e-08,8.0531609598e-09,-2.2616047301e-07,-6.0087462794e-07,9.5402758146e-08,5.5974262194e-08,4.5345008274e-07,2.6423872412e-07,-2.8545682609e-09,1.0466732781e-07,-1.8573483902e-06,-3.8066967013e-08,1.9020909205e-05,-1.7261895908e-07,-4.6745284879e-07,0.24308831846,0.009684017652,-0.0038369330971,0.016622738602
jx-gs-10,ok,,3.1591050282,32622266.182,41262.886993,179995.0904,14923753.76,22281.042856,2712412.244,-2.6055869308e-08,7.5024539643e-09,-1.9817707244e-07,-5.2716464052e-07,9.3933039859e-08,3.6236575582e-08,4.0628088324e-07,2.382208379e-07,-2.206987222e-09,-2.9751164808e-07,-1.8328807026e-06,-4.0033699209e-08,1.6964588551e-05,-1.2977996658e-07,-3.5525091098e-07,0.24345095315,0.0098193961723,0.012276189514,0.016764322173
jx-gs-15,ok,,3.1624730918,32657046.243,46019.233245,194034.03118,14941146.26,24540.347143,2720636.9128,-2.5776321111e-08,8.6685342387e-09,-1.788911642e-07,-4.7612871956e-07,9.2571237563e-08,1.4839668184e-08,3.666606628e-07,2.1988849589e-07,-1.5311147711e-09,-8.0602247762e-07,-1.899999975e-06,-4.0987970089e-08,1.5403997124e-05,-8.7723632124e-08,-2.4398753173e-07,0.24408751617,0.010223250466,0.037092536398,0.016873442563
k1,ok,,3.1960095248,33003357.755,103527.76323,426674.58686,14946765.917,57671.556814,2788026.7754,2.3194581367e-08,7.370043676e-10,3.5446076454e-08,-9.7114603252e-08,8.481857758e-08,-4.4031248266e-08,1.0464506712e-07,-6.7783640837e-08,-1.4524397114e-09,-4.9706676615e-07,8.4413996331e-07,3.2335553277e-08,-6.5567368766e-06,-1.0922523527e-07,2.7465171367e-07,0.24070456411,0.0094158253167,0.051460210474,0.010833669732
k2,ok,,3.1983549588,33027577.708,94100.420827,363208.1378,15030568.605,50204.867389,2801850.59,2.3007162365e-08,-3.2510699268e-09,3.5047018858e-09,-1.2594653683e-08,8.6255172135e-08,-7.764575304e-08,2.5097687316e-09,-2.3547103736e-08,-2.4973585496e-10,-1.0645671435e-06,1.1909752155e-06,2.0042532129e-08,-7.5314310644e-06,-2.2006944582e-07,5.6778875607e-07,0.2424798949,0.0075506391158,0.1001762162,0.00023617029382
k3,ok,,3.2904190873,33978271.172,234480.47835,838059.35968,15130074.943,135357.14409,3002595.6812,2.2166333682e-08,4.5194046482e-09,-1.3240944742e-08,3.3068225233e-08,8.0484091839e-08,-2.4335388456e-08,1.0833530002e-08,-3.2328173758e-09,-3.8734513829e-10,-3.3740855382e-07,3.8101576883e-07,1.6473104161e-08,-2.7941735389e-06,-5.4240297742e-08,1.3531726205e-07,0.23975763442,-8.461151781e-05,0.079115719099,0.0025402512971
k3311,ok,,3.1916958193,32958812.592,92111.968306,392581.63198,14915383.762,52248.296921,2776134.2232,-2.8599680228e-08,7.8754916881e-09,-1.7641091612e-07,-4.7104781786e-07,9.1683957558e-08,-2.9807098947e-09,3.9902672325e-07,2.2750831814e-07,-2.275198681e-09,-5.9534667969e-07,-9.4937138948e-07,-5.1091767676e-08,7.2291646517e-06,-5.6945359049e-08,-1.6734098938e-07,0.24307362094,0.022487937313,0.054838554491,0.036755136885
kc135a,ok,,3.2213164279,33264687.668,174416.35868,670929.8268,14880937.658,97625.467999,2835887.282,-2.3454714385e-08,3.8149311004e-09,-5.1279063231e-08,-1.3924347712e-07,8.6693739475e-08,8.5192308137e-09,8.9087761198e-08,5.5471395151e-08,-5.9493946815e-10,-4.6750398853e-07,-5.4432979651e-07,-4.1913276594e-09,3.8689876588e-06,-4.2895896637e-08,-1.2809233292e-07,0.24087586134,0.010583253428,0.081540343348,0.015538362911
k3311sm,ok,,3.1957398809,33000573.299,92630.249735,392838.34327,14928167.576,52564.938141,2786975.2812,-2.8416252503e-08,7.3152835283e-09,-1.7294650123e-07,-4.6255395389e-07,9.1071739025e-08,-3.7527772714e-09,3.9392471605e-07,2.245133488e-07,-2.1356417965e-09,-5.8732505626e-07,-9.4425040106e-07,-5.1560302836e-08,7.1832875418e-06,-5.300843488e-08,-1.591338055e-07,0.24301322272,0.022282937961,0.054404066638,0.036489344824
kc135b,ok,,3.1984275954,33028327.784,127776.3134,496734.52815,14919755.236,69681.300174,2790701.609,-2.3946870415e-08,7.6502690401e-09,-7.2440673598e-08,-1.9263649553e-07,8.9356426927e-08,1.0015845024e-08,1.2456583907e-07,7.6500258567e-08,-9.657067569e-10,-7.7707583577e-07,-8.4536610625e-07,-4.0582571832e-09,5.4268569734e-06,-6.2333579341e-08,-1.6933367254e-07,0.24298826595,0.010557555786,0.099291885525,0.015916563691
kc135c,ok,,3.1799051184,32837056.786,88456.87676,348570.68806,14934274.353,47371.392027,2753731.1185,-2.4793530083e-08,1.3416760624e-08,-1.1312137636e-07,-2.9868162555e-07,9.2264093793e-08,1.0964814613e-08,1.9578043562e-07,1.1998600424e-07,-1.6370334957e-09,-1.2754174798e-06,-1.3299740957e-06,-6.8626377322e-09,7.9848923335e-06,-9.4221477991e-08,-2.4767987382e-07,0.2443847,0.011283193934,0.11281944683,0.017318125866
kc135d,ok,,3.1701281816,32736095.965,64905.89573,262024.41042,14939868.01,34722.190515,2733933.6161,-2.6802009644e-08,2.0528367072e-08,-1.8668157716e-07,-4.9300425576e-07,9.5446542944e-08,6.335547712e-09,3.4416555254e-07,2.0848909434e-07,-2.9953465821e-09,-1.7208761742e-06,-1.8147132785e-06,-2.1801817722e-08,1.0893969272e-05,-1.3116901737e-07,-3.4488665714e-07,0.24476591267,0.01418912327,0.11169500953,0.022338373467
kc135winglet,ok,,3.1961124277,33004420.375,51665.146,217686.98907,15069572.645,28858.362101,2802152.7315,-2.896818427e-08,2.0454446239e-08,-2.4859669934e-07,-6.5991751638e-07,9.0175476772e-08,-2.9177468587e-08,5.4152303418e-07,3.1579097691e-07,-9.7003921483e-10,-1.4065961545e-06,-2.0507456021e-06,-6.7181834236e-08,1.3102880842e-05,-2.9741202187e-08,-8.8658108719e-08,0.24795258404,0.018409866831,0.072671995686,0.027977866623
kenmar,ok,,3.4249673019,35367673.435,439203.43343,1667577.4615,14337301.928,320121.50738,3199485.0142,-2.5028882188e-08,-3.2696639519e-09,-5.6587242833e-08,-1.625390415e-07,7.006524328e-08,-1.3955059078e-08,1.5458717841e-07,8.2803869063e-08,1.9455054864e-09,-7.8191637365e-08,-1.1399807326e-07,-2.6215891766e-08,1.1674623809e-06,2.0350735574e-08,4.9991855112e-09,0.22500430424,0.052392476995,0.034342035596,0.067895219522
l1003,ok,,3.2609767859,33674237.408,158025.59847,863742.00787,14354637.353,117570.2588,2849245.8431,-2.9093255556e-08,-6.1885949395e-09,-1.2377148628e-07,-3.3076804498e-07,9.0745325873e-08,4.606748577e-08,3.7624179495e-07,1.6724848297e-07,-6.6768716527e-09,1.8641981649e-07,-1.4212499464e-07,-4.3472730911e-08,3.2065862414e-06,-1.1208612543e-07,-3.0992663791e-07,0.22385639818,0.030774251034,-0.029459103067,0.059455834816
l188tip,ok,,3.2182681813,33233210.138,124928.43397,472634.56883,15050926.525,68076.256698,2845686.3307,-2.536908439e-08,6.5499351512e-09,-1.021798979e-07,-2.7451478731e-07,8.6126436243e-08,-2.8745219866e-08,2.3566647847e-07,1.4185276684e-07,-6.6846763821e-12,-9.1258990389e-07,-9.3565257832e-07,-3.9669778299e-08,5.5504312737e-06,2.6576586832e-09,-9.6986691593e-09,0.24457293751,0.018526468343,0.11400842755,0.029441444095
l188root,ok,,3.2326103951,33381313.957,163175.1754,600548.70417,15028553.08,89582.837764,2875254.4305,-2.372460236e-08,2.1767018701e-09,-5.7036157481e-08,-1.5620212045e-07,8.4587147349e-08,-1.7271784346e-08,1.3248647071e-07,8.1153084749e-08,1.0628041879e-10,-6.5395832578e-07,-6.7723533546e-07,-2.4115227292e-08,4.2148980584e-06,6.4040570551e-09,-4.2128183352e-09,0.24304003792,0.013901308866,0.10670976452,0.021618503096
l7769,ok,,3.1940186077,32982798.696,73015.474627,389300.31302,14800945.436,46985.796496,2767485.6805,-3.224779766e-08,-3.2759419394e-09,-2.4125826483e-07,-6.3940315785e-07,1.0472915563e-07,9.8602532889e-08,6.1269102445e-07,2.9677550274e-07,-1.0483725885e-08,6.1303195294e-07,-4.4405568416e-07,-5.5510084218e-08,8.0394198754e-06,-2.3753295079e-07,-6.3370087899e-07,0.2368868858,0.023010344867,-0.044760819005,0.04473592595
la203a,ok,,3.2446382059,33505518.262,178058.10031,753429.47767,14788833.213,111122.80988,2867028.2336,-2.9121314188e-08,3.0260850009e-09,-1.2668647061e-07,-3.4216658227e-07,8.1609380051e-08,-2.5733161141e-08,3.2956142076e-07,1.7708322668e-07,6.5239245606e-10,-3.2509678926e-07,-4.3434402918e-07,-5.0393458087e-08,3.3943798632e-06,1.2390053512e-08,5.9958641368e-09,0.23462990751,0.038178858273,0.057886116712,0.058681080515
la2573a,ok,,3.2223951696,33275827.181,122267.8672,533677.39162,14876056.075,72800.267474,2836209.8099,-2.5188330578e-08,2.3021211753e-09,-1.0448093959e-07,-2.7737466345e-07,9.1949178567e-08,5.6713463145e-08,2.1579866921e-07,1.1644654587e-07,-4.1430753598e-09,-1.9970140343e-08,-4.2570157158e-07,-1.1963642711e-08,5.188378404e-06,-1.6393175458e-07,-4.380183936e-07,0.23542876155,0.012698898284,0.0024417064674,0.02638524303
la5055,ok,,3.2568124242,33631234.434,162052.48607,757776.87157,14608138.518,107719.88003,2880705.3929,-2.9875542256e-08,-9.8643676014e-10,-1.368832069e-07,-3.6961627199e-07,9.1575308628e-08,2.2222521054e-08,3.7031032424e-07,1.8188464182e-07,-5.8605597443e-09,-9.5849240864e-08,-3.3595466918e-07,-4.4996880451e-08,3.4922619852e-06,-8.6943608178e-08,-2.5670705355e-07,0.23414865442,0.033366763015,0.01553260777,0.060009708661
lds2,ok,,3.201230667,33057273.498,113484.44368,446432.39342,14977117.269,62130.883279,2802499.7433,-2.5009479665e-08,5.9357360265e-09,-1.0076749989e-07,-2.6916182805e-07,8.8342882778e-08,-1.7252128493e-09,2.1093511138e-07,1.2616323939e-07,-1.0333128735e-09,-6.5536488293e-07,-8.5536137215e-07,-2.5392553813e-08,6.0841628052e-06,-4.10591287e-08,-1.1938287391e-07,0.24197186573,0.014929308901,0.074373719145,0.023937853767
lg10sc,ok,,3.2043928807,33089927.867,90026.128393,337993.1313,15094820.144,47194.153893,2822677.2383,-2.3889239255e-08,1.0299118873e-08,-9.1821219443e-08,-2.4412130733e-07,9.0040349533e-08,2.6134150604e-08,1.3824214854e-07,8.832047803e-08,-1.1966774763e-09,-9.4324976634e-07,-1.1764551463e-06,3.5024144693e-09,8.0118149514e-06,-1.026588092e-07,-2.7684849199e-07,0.24510750484,0.0083200592249,0.084917124571,0.012445405414
legionair140_sm,ok,,3.1984337985,33028391.841,59354.983941,255610.61972,15061471.006,33142.079609,2805152.412,-3.2281086928e-08,1.7928432402e-08,-2.9569416436e-07,-7.8247320681e-07,1.0262205895e-07,3.6902818776e-08,6.1364956415e-07,3.485974644e-07,-7.7859378379e-09,-9.061225834e-07,-1.459089869e-06,-5.2892493825e-08,1.1408540326e-05,-2.0976292505e-07,-5.5740227933e-07,0.24722259899,0.021373113641,0.053782891386,0.036423160026
lnv109a,ok,,3.2327130491,33382374.006,89992.840766,547075.4275,14725004.83,65928.904005,2837424.9313,-3.5077996275e-08,-1.152344995e-08,-2.2775207886e-07,-6.0549378449e-07,1.0083251932e-07,9.7149664517e-08,7.0671249808e-07,3.005414446e-07,-1.1516208078e-08,7.1224210192e-07,-1.8293851554e-07,-7.2781540727e-08,5.7232421731e-06,-1.8079299793e-07,-4.8968003505e-07,0.23033365838,0.032518170749,-0.064096690065,0.063599065307
lrn1007,ok,,3.1783482227,32820979.617,43602.815014,267886.01529,14865920.767,30832.844584,2733944.2491,-5.6208278264e-08,6.071240179e-08,-5.6624651066e-07,-1.4984171253e-06,1.183202482e-07,-1.5785698336e-07,1.5707274736e-06,6.9932739516e-07,-1.72184064e-08,-3.3029515419e-06,-2.251466953e-06,-1.3305746133e-07,1.2260677055e-05,-2.3966148251e-07,-6.3834873164e-07,0.24272466904,0.041439371934,0.14401798508,0.068488139468
lrn1015,ok,,3.2408243103,33466134.348,181016.83362,715799.98286,14887884.041,106281.33078,2870866.3077,-2.9256939538e-08,1.1392130825e-08,-1.3836019672e-07,-3.6853630062e-07,9.1501921562e-08,-3.1416140794e-09,2.9086666116e-07,1.6582792918e-07,-4.1854067802e-09,-5.3714806826e-07,-5.4660515144e-07,-2.7465691537e-08,3.5540230772e-06,-7.1515112545e-08,-1.9927526105e-07,0.24015933577,0.034098026985,0.0972328425,0.052651762007
ls013,ok,,3.2225976777,33277918.365,135818.8362,510796.07224,15048843.038,74104.039209,2855035.2769,2.2721250437e-08,-3.8973428704e-10,3.7578575506e-10,-4.8737111056e-14,8.5763950497e-08,5.5441845076e-10,5.4030430718e-10,1.4096912855e-10,-4.8179121849e-11,-6.6808096423e-07,7.8089455732e-07,-5.1665247903e-10,-5.1045053555e-06,1.5346932339e-09,-1.7601677095e-13,0.24485910416,4.1778391563e-10,0.09073797905,7.3383502196e-05
ls413,ok,,3.2302447949,33356885.76,136520.75004,518317.99376,15055053.601,75962.990046,2871130.1895,-2.4388075662e-08,5.7316809794e-09,-8.0720531215e-08,-2.1660066841e-07,8.5540383652e-08,-1.5714979563e-08,1.7456773646e-07,1.0521566185e-07,-8.6669250272e-11,-6.5306251426e-07,-7.760750811e-07,-2.4492792229e-08,4.9765034922e-06,-1.1298659605e-09,-1.5532914239e-08,0.24486344366,0.016164736642,0.08915658427,0.023832118315
ls413mod,ok,,3.2312634794,33367405.139,132426.09594,512886.7913,15047863.953,74524.566715,2873744.8203,-2.4386418139e-08,5.0525413597e-09,-8.4067864116e-08,-2.2550915219e-07,8.7046114535e-08,5.0178458104e-09,1.7271730072e-07,1.0145069997e-07,-1.0316301833e-09,-4.6449088565e-07,-6.9514656695e-07,-1.7380519338e-08,5.0706450086e-06,-4.2244758096e-08,-1.243202482e-07,0.24412209475,0.014545483899,0.061510714587,0.022872277835
ls417,ok,,3.2706865943,33774505.033,228821.10955,827809.58209,15018852.521,131235.62272,2951228.4306,-2.3359599626e-08,2.4220908388e-09,-4.6077238779e-08,-1.2611333735e-07,8.2050587047e-08,-1.2363511951e-08,1.0150736178e-07,6.1524804644e-08,8.2571245541e-11,-4.2690494309e-07,-4.4503524741e-07,-1.5446645885e-08,2.8787199342e-06,4.470802524e-09,-5.3157683295e-09,0.24189025592,0.016381823668,0.097684862748,0.02322702715
ls417mod,ok,,3.278584878,33856066.079,222411.34731,814824.39253,15064368.315,128766.92292,2972669.2285,-2.3481809078e-08,4.0097132193e-09,-5.5483498971e-08,-1.4985799906e-07,8.1609290716e-08,-2.0088047242e-10,1.007437736e-07,6.2921795995e-08,-1.2582745145e-10,-2.9367835154e-07,-3.7246772652e-07,-7.4376878633e-09,2.9348800598e-06,-1.328541033e-08,-4.7866656984e-08,0.23984202459,0.017819160646,0.06531739784,0.02240655842
ls421,ok,,3.3129491429,34210926.138,336518.07218,1165030.5347,14954877.627,199219.5453,3032145.2426,-2.2674594089e-08,6.0154230952e-10,-2.9074137265e-08,-8.2033034681e-08,7.8924247794e-08,-1.0438704538e-08,6.588384644e-08,4.0365529089e-08,1.9777021627e-10,-3.195640417e-07,-2.9132013571e-07,-1.1291003846e-08,1.8949132025e-06,6.3975852038e-09,-4.0318717068e-09,0.23910982553,0.016150535398,0.10753907525,0.022171104992
ls421mod,ok,,3.3193424141,34276945.784,317709.51347,1129980.969,14943053.608,191865.29818,3048051.7037,-2.2616349494e-08,7.9089586202e-10,-3.2107139765e-08,-8.9775517339e-08,7.9113376795e-08,4.5771919978e-09,6.1775744014e-08,3.7904845617e-08,-2.4373774964e-10,-2.3184192744e-07,-2.5126918773e-07,-5.7972179055e-09,1.9660005888e-06,-2.0297176542e-08,-7.3506541163e-08,0.23723121732,0.013881997807,0.073658385969,0.019626741575
lwk79100,ok,,3.1737614985,32773615.145,67722.434817,296137.16584,14828331.156,38081.987657,2740677.62,2.2963976068e-08,-3.205204358e-09,2.9633108215e-09,-7.9426302986e-13,8.8001511297e-08,4.4293648562e-09,6.6332842259e-09,1.8165719893e-09,-1.1997135556e-10,1.3107718089e-07,9.228898231e-07,-4.7763786589e-09,-9.8943859135e-06,1.2286311798e-08,-2.7226815552e-12,0.24118377254,5.2399452047e-09,-0.008876865839,0.00044922215861
lwk80080,ok,,3.1770807259,32807890.903,55306.173364,216862.30416,14999516.686,29009.86986,2757231.8223,2.305403417e-08,-8.6624544211e-10,8.6193581715e-10,-2.4246874069e-13,8.9711437081e-08,1.2433861213e-09,1.0738411451e-09,2.7521959139e-10,4.751683821e-12,-1.8717174689e-06,2.1946839249e-06,-1.1363899146e-09,-1.3036224952e-05,3.4843958716e-09,-4.2120338415e-13,0.24735522914,4.0115393742e-09,0.10351753083,5.9390044537e-05
lwk80100,ok,,3.1893459577,32934546.92,85153.592596,329684.91163,14988815.844,45311.234175,2781276.0876,-2.2960202881e-08,-1.1105714103e-09,1.1024937788e-09,1.8316184397e-11,8.8504422496e-08,-1.629034725e-09,-1.3918694621e-09,3.5572253035e-10,-3.6161392752e-12,-1.2304698711e-06,-1.3889921286e-06,-1.4577265161e-09,8.3443303899e-06,4.4674979619e-09,4.4369638796e-11,0.24615523383,-3.3504783057e-07,0.10477893011,-0.00011852268512
lwk80120k25,ok,,3.2036356997,33082108.89,120933.60259,460759.57278,14972177.699,65313.047199,2808855.9388,2.2850588322e-08,-1.3435723685e-09,1.3205381836e-09,-8.9332386836e-14,8.7173370702e-08,2.002075063e-09,1.6971741245e-09,4.2848840659e-10,-8.8996306473e-13,-8.9300064282e-07,9.5724948229e-07,-1.7485341942e-09,-5.7873292412e-06,5.3930542056e-09,-2.7039682172e-13,0.24485744001,1.5102801771e-09,0.10799378485,0.0002052453811
lwk80150k25,ok,,3.2307134437,33361725.227,182206.84891,678680.32046,14934499.728,101421.31491,2860973.2664,2.2646211172e-08,-1.7153679389e-09,1.6675745265e-09,1.0099598252e-13,8.4889554888e-08,2.6692277028e-09,2.222512543e-09,5.4804434765e-10,-2.7451989375e-12,-6.0093947953e-07,6.0734868775e-07,-2.2152417681e-09,-3.7248393422e-06,6.8662944939e-09,1.9707205782e-13,0.24286674713,-5.3888930561e-09,0.10949528895,0.00040495700712
m1,ok,,3.1744022258,32780231.569,33836.636169,131298.54889,15049568.054,17175.509048,2757068.1795,2.3068833365e-08,-6.9646770168e-10,6.8403040131e-10,-8.4238778056e-13,9.0256320516e-08,7.1806882686e-10,8.7501141285e-10,2.6088342836e-10,-2.531706555e-11,-2.4052295202e-06,3.3856430432e-06,-9.4407033799e-10,-2.2022434104e-05,2.7485398383e-09,-2.5780867875e-12,0.24884282929,3.4496901753e-09,0.081384876179,2.9607442821e-05
m10,ok,,3.1778216876,32815542.39,34776.701097,144339.76564,15053677.092,18410.78119,2762448.8385,-2.7995179603e-08,2.0266004036e-08,-2.8446610451e-07,-7.51454486e-07,9.8014548854e-08,2.4634828788e-08,5.8274773432e-07,3.4070431782e-07,-4.5531032973e-09,-2.3211160004e-06,-3.0527037693e-06,-5.6216974095e-08,2.0547367755e-05,-2.2031523929e-07,-5.8058871041e-07,0.24854002941,0.011179482998,0.080720757355,0.020266043771
m11,ok,,3.173702366,32773004.518,58311.045585,235472.38032,14989119.296,30817.141708,2746381.2733,-2.5960027023e-08,1.1968335333e-08,-1.6886366232e-07,-4.4621623271e-07,9.4575827169e-08,2.2559711549e-08,3.3788736123e-07,1.9894144629e-07,-2.9883938602e-09,-1.3981502731e-06,-1.7904441135e-06,-3.0070266402e-08,1.2274248104e-05,-1.4952913136e-07,-3.9466973209e-07,0.24479740215,0.010775350007,0.081527604309,0.019702565324
m12,ok,,3.2162174132,33212033.032,123182.32182,462144.08045,15072933.604,66061.488618,2843215.9044,-2.4383127459e-08,6.4169225641e-09,-8.6351789712e-08,-2.2970750246e-07,8.8236721937e-08,2.3180758564e-09,1.7121796582e-07,1.0434217278e-07,-1.0707380454e-09,-7.8748955091e-07,-8.6806666675e-07,-1.7988866695e-08,5.7242984423e-06,-5.1490651686e-08,-1.4178158957e-07,0.24473630924,0.012883702414,0.097004791288,0.021091026567
m14,ok,,3.1994396177,33038778.358,59796.855793,265147.5634,15056693.288,34145.881257,2803310.1162,-3.4643568224e-08,2.1767037808e-08,-3.208512998e-07,-8.4658788444e-07,1.0346921341e-07,2.0513923427e-09,7.1021191226e-07,3.9150208116e-07,-8.8646215782e-09,-1.5114919417e-06,-1.5900318527e-06,-7.0638629287e-08,1.1077091222e-05,-2.0409395126e-07,-5.3370478257e-07,0.2467090901,0.024419720067,0.09038246567,0.0424684393
m13,ok,,3.18864273,32927285.09,36167.146368,179071.80388,15054169.187,21479.426011,2780519.8332,-4.1107688657e-08,3.1714910393e-08,-5.03316626e-07,-1.3282164983e-06,1.1455910993e-07,3.7946483006e-09,1.1616296653e-06,6.1046191349e-07,-1.4546071863e-08,-2.3383255138e-06,-2.4264314081e-06,-1.071198463e-07,1.7609331451e-05,-3.3950488143e-07,-8.8927503231e-07,0.24787375767,0.02380341789,0.084570561112,0.042012830129
m15,ok,,3.2265616748,33318852.291,125845.30551,493590.59574,15059262.531,70312.548968,2859692.9111,-2.7915885111e-08,1.0588049246e-08,-1.4944325119e-07,-3.9453431007e-07,9.3632351932e-08,9.1250214771e-09,3.1501563791e-07,1.8049318647e-07,-4.5675965017e-09,-7.9521170599e-07,-7.9556544216e-07,-3.1045436527e-08,5.3783646079e-06,-1.1238872517e-07,-2.9513983341e-07,0.24422808349,0.022682502421,0.10007366008,0.039643239193
m16,ok,,3.1921024566,32963011.703,35635.745998,183745.66952,15045079.305,21760.090123,2786302.9923,-4.1354055088e-08,2.8621717951e-08,-5.0770007929e-07,-1.3378818614e-06,1.271922453e-07,5.5894787122e-08,1.1824176852e-06,5.9557818742e-07,-2.126842306e-08,-2.2206999404e-06,-2.2408091146e-06,-8.7852289295e-08,1.7377029797e-05,-5.0042923252e-07,-1.3074611888e-06,0.24805069122,0.022073292544,0.079136299012,0.042136336291
m18,ok,,3.2285131308,33339003.858,124840.58666,494665.62156,15049496.387,70420.988783,2861659.101,-2.8391932353e-08,1.1788854429e-08,-1.5836284876e-07,-4.1634431751e-07,9.5949349476e-08,1.8278598817e-08,3.2775120188e-07,1.8567774358e-07,-5.8064188238e-09,-8.0008053697e-07,-7.7401711371e-07,-2.7310018605e-08,5.3700852341e-06,-1.405987664e-07,-3.6276957186e-07,0.24395337032,0.023102669776,0.099882523609,0.04091665232
m17,ok,,3.2008655502,33053503.145,59478.726313,268033.93436,15040308.904,34396.464931,2804242.8265,-3.4433647453e-08,2.1535150507e-08,-3.2156652101e-07,-8.4644471071e-07,1.1219882058e-07,4.2557233363e-08,6.9749869806e-07,3.7384636738e-07,-1.3393822114e-08,-1.4812475743e-06,-1.5200132544e-06,-5.2266330445e-08,1.099341981e-05,-3.1931555776e-07,-8.3055364797e-07,0.24656224026,0.022089155688,0.088102719071,0.041486334166
m19,ok,,3.2068294722,33115089.148,36468.731967,248254.82529,14989375.004,26948.605661,2806122.8269,-5.5781510282e-08,2.3094473691e-08,-6.0403624782e-07,-1.5902853508e-06,1.4949121445e-07,1.1635818359e-08,1.7436658788e-06,7.274824078e-07,-3.5319207922e-08,-2.1486560425e-06,-1.5570292875e-06,-1.2342762163e-07,1.4021653769e-05,-5.5190404495e-07,-1.434620511e-06,0.24633045442,0.03338304321,0.078358761301,0.063589283572
m20,ok,,3.2196519102,33247499.114,61256.906536,326729.30308,15005986.606,40229.006406,2834457.4391,-4.532366323e-08,2.2056164558e-08,-4.1196232731e-07,-1.0835693943e-06,1.2600732518e-07,1.4359697895e-08,1.0359466414e-06,4.9285528992e-07,-2.2357860158e-08,-1.4652510953e-06,-1.1686407709e-06,-8.0880034804e-08,9.3952615399e-06,-3.4890968282e-07,-9.0179767841e-07,0.24526185295,0.034739649407,0.089756749399,0.063458886589
m2,ok,,3.1847371834,32886954.75,55408.249087,211006.35975,15056031.151,28507.659622,2779047.1091,2.2988639534e-08,-8.9115126544e-10,8.7751373076e-10,-4.6337228408e-13,8.9157743262e-08,1.0288498734e-09,1.0749195911e-09,3.0641955086e-10,-3.4048714926e-11,-1.7604756124e-06,2.1385076223e-06,-1.1833340412e-09,-1.3265895255e-05,3.5415787654e-09,-1.8262145095e-12,0.24777356867,3.1029441252e-10,0.097544871244,5.9559412449e-05
m21,ok,,3.246729257,33527111.348,125652.44945,538615.98173,15013692.54,76256.751662,2890561.7756,-3.3887425937e-08,1.3921702269e-08,-2.1296878757e-07,-5.5872539773e-07,1.0524336194e-07,1.88946345e-08,4.8253189514e-07,2.5266388219e-07,-1.1882706288e-08,-8.2373617489e-07,-6.7251328533e-07,-3.9689724681e-08,4.9568908783e-06,-1.9351077263e-07,-4.9527570923e-07,0.24276941836,0.033486775062,0.10350446808,0.060631314563
m23,ok,,3.2249638403,33302352.37,61356.977912,335683.95537,14985202.373,41343.90005,2842719.6777,-4.5611136421e-08,2.1496869805e-08,-4.1273278531e-07,-1.0834267186e-06,1.3777642547e-07,4.3962161673e-08,1.0412611309e-06,4.8033007329e-07,-2.8468368057e-08,-1.458169195e-06,-1.088714199e-06,-6.7586521864e-08,9.1342692338e-06,-4.4335971975e-07,-1.1427998905e-06,0.24525298476,0.033280986463,0.089468855089,0.063888636212
m22,ok,,3.2143817982,33193077.689,37787.508429,262153.37405,14976069.021,28568.938821,2820267.9504,-5.5431667878e-08,2.0983028963e-08,-5.8731526261e-07,-1.5444604251e-06,1.5974855673e-07,3.8453180952e-08,1.7045759154e-06,6.9458854471e-07,-4.0657094626e-08,-2.0517524408e-06,-1.3879480936e-06,-1.072607044e-07,1.3215337213e-05,-6.299468852e-07,-1.633521845e-06,0.24626421276,0.032703054178,0.077530612651,0.064411676771
m24,ok,,3.2492116895,33552746.004,123833.7631,538940.71363,14988126.57,76355.397287,2892103.2423,-3.4518579737e-08,1.5052382582e-08,-2.2183081546e-07,-5.8020341032e-07,1.1135897966e-07,3.5471970084e-08,4.9467140346e-07,2.5469112908e-07,-1.4900013721e-08,-8.2983811059e-07,-6.5160232324e-07,-3.2855239334e-08,4.947592388e-06,-2.412393458e-07,-6.1376472603e-07,0.24269487036,0.033002569917,0.102761976,0.061257021391
m25,ok,,3.2378008784,33434913.101,38410.182885,359108.07487,14881604.556,36216.733914,2855119.3271,-6.7374886198e-08,1.3142327798e-08,-6.0568082675e-07,-1.5914614935e-06,1.7554242862e-07,-2.4084811573e-08,2.2436317364e-06,7.3246832646e-07,-5.1640800615e-08,-2.0025608556e-06,-9.4577717964e-07,-1.2678330067e-07,1.0414163533e-05,-6.0153918464e-07,-1.5518787515e-06,0.24420544795,0.044053627472,0.076918728702,0.086178305323
m26,ok,,3.2473654417,33533680.862,61607.085207,421622.81176,14884865.001,49170.763503,2873732.1789,-5.5323057803e-08,1.665225472e-08,-4.4753739403e-07,-1.1738430718e-06,1.5080299501e-07,3.882013727e-09,1.3767603024e-06,5.3574515822e-07,-3.7645797171e-08,-1.4639520545e-06,-8.106196411e-07,-8.8198474242e-08,7.6735395297e-06,-4.4338071452e-07,-1.1364797568e-06,0.24348016516,0.044253761002,0.090189818963,0.084818189258
m27,ok,,3.2730829445,33799250.767,125046.86954,604368.88259,14915793.878,85036.48227,2928228.8904,-4.1544208857e-08,1.603352714e-08,-2.6408310696e-07,-6.8995227847e-07,1.2153471247e-07,1.8299822848e-08,6.6067365095e-07,3.0934006416e-07,-2.1749067571e-08,-8.89577196e-07,-5.5085949814e-07,-4.5251447929e-08,4.4386033052e-06,-2.6173789045e-07,-6.6039075055e-07,0.24126492223,0.04526985661,0.11123884357,0.082615171839
m3,ok,,3.2133651124,33182578.958,122136.475,450885.6928,15073352.891,64689.22667,2839254.6871,2.2755444707e-08,-1.3188834449e-09,1.271988878e-09,-9.1953404335e-14,8.6249232097e-08,1.5129007048e-09,1.6846252398e-09,4.8585560777e-10,-1.1080173494e-10,-7.7558343597e-07,8.8425593295e-07,-1.7574452839e-09,-5.8434249395e-06,5.1942428837e-09,-3.2892030648e-13,0.24488353649,7.3786061593e-10,0.094727026935,0.00020575418848
m4,ok,,3.1813682516,32852165.723,35943.487307,151142.48799,15057283.0,19235.581163,2769761.8795,-2.8642113538e-08,2.3829291877e-08,-3.0554042159e-07,-8.0547220453e-07,1.0495481825e-07,7.2651252709e-08,5.9380055311e-07,3.3696926741e-07,-7.9363549205e-09,-2.303473431e-06,-2.876727804e-06,-3.1410897348e-08,1.9664084653e-05,-3.7326771847e-07,-9.7837815673e-07,0.248610084,0.010818825615,0.082794868026,0.021343262643
m5,ok,,3.1943292878,32986006.912,61018.239322,241971.54778,15076063.451,32347.220716,2798646.1317,-2.5697291576e-08,1.2845250887e-08,-1.6469737221e-07,-4.3403026207e-07,9.6158524015e-08,4.2900649428e-08,3.1787436682e-07,1.8275344084e-07,-3.9953816526e-09,-1.4492008279e-06,-1.7505568088e-06,-1.8048599989e-08,1.1693320145e-05,-2.0662941298e-07,-5.410348993e-07,0.24777188184,0.0097064317328,0.088427682942,0.019396134189
m6,ok,,3.2200477227,33251586.442,125401.60777,471299.19242,15077001.867,67603.387344,2850970.3422,-2.4298505985e-08,6.7688572375e-09,-8.5623321225e-08,-2.2598275231e-07,8.9960014502e-08,2.1103866126e-08,1.6350450475e-07,9.5970567466e-08,-2.0427273479e-09,-7.8792312862e-07,-8.4516787831e-07,-1.0344921714e-08,5.594305767e-06,-1.0068892607e-07,-2.64746115e-07,0.24485817836,0.010898370012,0.098806827124,0.020503727772
m665,ok,,3.1721937382,32757425.786,54084.459749,215072.84195,14996145.46,28218.812919,2744784.4914,-2.4706900923e-08,1.0487289246e-08,-1.3426284262e-07,-3.542478017e-07,9.3430903337e-08,3.1446036964e-08,2.5695789076e-07,1.5050883443e-07,-2.2247701564e-09,-1.631589146e-06,-2.0171538183e-06,-1.624061741e-08,1.3404983868e-05,-1.602500223e-07,-4.2096941597e-07,0.24486052009,0.0070887022197,0.088243617493,0.0138974287
m7,ok,,3.2003726965,33048413.729,36132.02527,195704.13139,15037742.271,22870.494361,2802552.2496,-4.8834069371e-08,3.7276490365e-08,-6.0492733139e-07,-1.5943248896e-06,1.5403499864e-07,1.0237896625e-07,1.3558422394e-06,6.6967495101e-07,-3.3705991141e-08,-2.0626131472e-06,-1.9888538802e-06,-6.4725585215e-08,1.6526826507e-05,-6.8723628847e-07,-1.801441612e-06,0.24686271665,0.026337440769,0.074526390357,0.048989326056
m685,ok,,3.1935649646,32978114.191,91775.3255,354676.60301,15024485.116,48699.257193,2790658.4874,-2.4519409002e-08,8.0022350151e-09,-1.0142389256e-07,-2.6726426645e-07,9.1397351116e-08,2.4045558299e-08,1.9440303712e-07,1.1396513115e-07,-2.1415876671e-09,-1.0417440766e-06,-1.1683164174e-06,-1.2538746262e-08,7.7669172149e-06,-1.2050525513e-07,-3.151645958e-07,0.24355021443,0.0092797193383,0.095606401715,0.01784140201
m8,ok,,3.2470650558,33530578.948,62800.381486,500371.29526,14594413.673,53213.180631,2865550.5113,-5.3939064009e-08,-1.7501837367e-08,-4.04213463e-07,-1.0814166209e-06,1.3179779158e-07,1.6166214908e-07,1.4743378606e-06,5.2440273932e-07,-2.9230752791e-08,8.6165217848e-07,-2.6402751043e-07,-1.2017441221e-07,7.0494151478e-06,-3.1444963808e-07,-8.6281577866e-07,0.23458202523,0.046876119958,-0.054112085517,0.092588980088
m9,ok,,3.2229478733,33281534.634,51804.353752,415307.31073,14662785.32,42356.922588,2820739.9196,-5.3645507282e-08,-1.8829144474e-08,-4.5068744625e-07,-1.2025233302e-06,1.3274059597e-07,1.8204147337e-07,1.5830038827e-06,5.829747649e-07,-2.8814266694e-08,1.1485066994e-06,-3.3571551535e-07,-1.3226885879e-07,8.87393095e-06,-3.5145228076e-07,-9.566628387e-07,0.23635301201,0.041427034217,-0.059497647343,0.082006493129
ma409,ok,,3.176348036,32800324.834,37502.939349,186854.43396,14970878.319,22061.293805,2749919.7706,-4.9310746159e-08,4.4663757997e-08,-6.0774069418e-07,-1.6122520438e-06,1.1648888648e-07,1.750436828e-08,1.3278771007e-06,7.2165066179e-07,-1.430767267e-08,-1.334972933e-06,-2.3396862941e-06,-1.138839277e-07,1.7119147539e-05,-2.7759364968e-07,-7.4903656065e-07,0.24698350683,0.031495706185,0.050065408937,0.049799294369
marsden,ok,,3.4262428618,35380845.41,439465.80078,1667315.3832,14344070.632,320258.2061,3203276.9038,-2.8647161476e-08,3.4774724234e-11,-8.2154299285e-08,-2.2876564937e-07,7.6420935684e-08,-5.0307431296e-10,2.020722054e-07,1.0499635426e-07,-1.4454303291e-09,-8.2683577688e-08,-1.1712295057e-07,-2.2841289557e-08,1.1670772914e-06,-1.3770210476e-08,-7.7042021406e-08,0.22655109656,0.067720144659,0.03633660468,0.088803823562
ma409sm,ok,,3.1792719414,32830518.329,37221.331717,184488.08316,15015663.225,21845.717815,2759138.0162,-3.4889889503e-08,1.3342546756e-08,-3.8292593553e-07,-1.0162111585e-06,8.8454742666e-08,-5.7239356148e-08,9.9928021629e-07,5.3696223943e-07,6.2339992715e-10,-1.3462698966e-06,-2.3283139575e-06,-1.5400690753e-07,1.7305794022e-05,1.7493216006e-08,3.2721258971e-08,0.24606297588,0.02237576432,0.050109958402,0.037194540409
marske1,ok,,3.2303730061,33358209.722,133161.72292,552529.68819,14955259.94,77718.182104,2858615.8878,-2.4675306799e-08,6.7515799712e-09,-1.0101353617e-07,-2.6583093425e-07,9.2955134946e-08,6.3500857532e-08,1.6985514714e-07,9.5793609769e-08,-3.5899783766e-09,-1.0311396971e-07,-4.3628356071e-07,5.221128621e-09,4.8626370263e-06,-1.8064452943e-07,-4.7275150172e-07,0.23743367222,0.011952864642,0.013730833863,0.022618204039
marske3,ok,,3.2156545602,33206220.772,120906.65738,463406.31054,15057446.468,66083.96108,2837284.4544,-2.4507476248e-08,1.4059736298e-08,-1.1219318532e-07,-2.9329006921e-07,9.4352757601e-08,6.3217288074e-08,1.473562534e-07,9.0777093512e-08,-2.8874682933e-09,-5.0419110435e-07,-7.0076411056e-07,2.1415615193e-08,5.7211285059e-06,-1.9268302463e-07,-4.9603965639e-07,0.24013274707,0.011522845755,0.060960061109,0.017816352043
marske2,ok,,3.2165549391,33215518.469,120066.63422,459513.82517,15065759.499,65605.261407,2840350.6687,-2.4317052591e-08,1.342190595e-08,-1.0727400193e-07,-2.8081766649e-07,9.3337174858e-08,6.1375734071e-08,1.3876769895e-07,8.5964670026e-08,-2.5557487695e-09,-4.8761390138e-07,-6.972111976e-07,2.1309378313e-08,5.7631930259e-06,-1.8515574051e-07,-4.7829574315e-07,0.23981451226,0.010909051288,0.05854615994,0.016661370552
marske4,ok,,3.204189172,33087824.282,87159.593685,342068.51273,15070594.381,47194.334379,2815782.5305,-2.5336146454e-08,1.8337401239e-08,-1.5763429106e-07,-4.13474354e-07,9.9341590187e-08,8.9718350384e-08,2.0922920543e-07,1.2824079851e-07,-4.2138170911e-09,-5.0900341202e-07,-9.1232374662e-07,2.9392994595e-08,8.0110203497e-06,-2.7322734348e-07,-7.094228054e-07,0.24042496133,0.011477141928,0.044364530576,0.018236332532
marske5,ok,,3.2284463151,33338313.89,123947.79617,471699.18037,15106526.33,68365.14678,2867972.774,-2.5128577874e-08,1.5513304831e-08,-1.3089296337e-07,-3.4224376548e-07,9.6988289096e-08,7.7155686658e-08,1.7244506353e-07,1.0635704474e-07,-4.1070114608e-09,-4.3430769107e-07,-6.2772411662e-07,2.4535754072e-08,5.5286972389e-06,-2.2719654884e-07,-5.8546195618e-07,0.23841594457,0.013877714813,0.053831481169,0.021374185585
marske7,ok,,3.2140493702,33189644.896,116532.89448,469805.02694,14948823.316,65581.749564,2825364.8437,-2.586561611e-08,9.0867489349e-09,-1.1787484254e-07,-3.1142597532e-07,9.470429193e-08,2.0782196144e-08,2.4969399644e-07,1.3756114461e-07,-4.382168788e-09,-9.5229838862e-07,-9.5919605639e-07,-1.9682691584e-08,5.7650400272e-06,-1.3972838595e-07,-3.6870753145e-07,0.24613769606,0.014480804842,0.11097408764,0.029097564141
mb253515sm,ok,,3.2141839661,33191034.789,174431.20766,675201.48328,14889665.446,97358.978192,2815953.9475,-2.4433404722e-08,5.3122689164e-09,-7.1862883726e-08,-1.9064613707e-07,8.8386029733e-08,1.3763577863e-09,1.4702428159e-07,8.751375822e-08,-1.0662750639e-09,-5.7065143213e-07,-5.8823096015e-07,-1.564953783e-08,3.8845212423e-06,-4.3490797604e-08,-1.1768169234e-07,0.24270624502,0.015782484301,0.099539418459,0.025645622994
mh102,ok,,3.2459455952,33519018.922,196086.22341,780706.47511,14828225.148,116419.52602,2883228.0958,-2.449259785e-08,-6.9204983299e-10,-6.9735569454e-08,-1.9208297076e-07,8.3851269973e-08,2.6647830274e-09,1.6002089508e-07,9.2849433298e-08,-5.991614176e-10,-1.5472132665e-07,-3.3284890721e-07,-2.3111870465e-08,3.234817537e-06,-2.0879351181e-08,-8.4760010096e-08,0.23627287236,0.020032766737,0.030338720625,0.031377892982
mh104,ok,,3.2176716322,33227049.917,158521.87058,643815.77164,14825947.178,91092.789279,2824522.3577,-2.3752455055e-08,1.3038358984e-09,-6.008666339e-08,-1.6386615152e-07,8.7667942245e-08,2.1130598521e-08,1.1709455959e-07,6.9169608597e-08,-1.2115043737e-09,-2.1317374861e-07,-4.4847445122e-07,-9.0818344515e-09,4.1409812899e-06,-6.9191221194e-08,-2.0274228094e-07,0.23898479585,0.010517075658,0.033792701388,0.01856204862
mh106,ok,,3.1968934901,33012485.959,116837.42194,482267.71517,14866914.328,65461.271254,2786462.1658,-2.3133423224e-08,1.0593727758e-09,-3.9331452248e-08,-1.087492725e-07,8.7790175644e-08,2.1929918736e-08,6.5735731789e-08,4.019517865e-08,-3.5518270875e-10,-2.0593231007e-07,-6.1248862071e-07,-8.6253995297e-10,5.7660033082e-06,-6.66223362e-08,-1.954362025e-07,0.24070623376,0.0040400671563,0.024060600202,0.0076803934315
mh108,ok,,3.1929448256,32971710.365,99558.282037,416448.14055,14905724.36,55572.97498,2781644.9059,-2.3261705333e-08,1.8585775812e-09,-4.9945007915e-08,-1.3612221292e-07,8.8360001497e-08,3.1432947701e-08,8.2501640589e-08,4.9122226396e-08,-5.6979013509e-10,-8.3353560628e-08,-6.5340390984e-07,8.2407706658e-10,6.794559367e-06,-9.1515517712e-08,-2.5845359129e-07,0.24029592625,0.004114203778,0.0082985372978,0.0082137216022
mh110,ok,,3.176033529,32797077.102,70121.73373,301849.19254,14919657.073,38587.106045,2746219.1186,-2.3287526166e-08,5.9350324372e-09,-6.1668596225e-08,-1.6470714536e-07,9.1064525778e-08,5.8241998513e-08,7.7069718732e-08,4.3243600503e-08,-5.6337893877e-10,-2.8111865482e-08,-9.4201303841e-07,1.8424340726e-08,9.7957440478e-06,-1.7327874119e-07,-4.649343845e-07,0.24188660689,0.0020166706451,0.001971252746,0.0054042622956
mh112,ok,,3.2786429717,33856665.98,194077.99812,827497.30195,14832739.778,126626.09886,2940433.4955,-3.3101280379e-08,4.3080567108e-09,-1.5325985069e-07,-4.1459294763e-07,8.2446856353e-08,-2.1035236595e-08,4.1052981354e-07,2.0847844014e-07,-7.6795906277e-10,-2.7244869789e-07,-3.7889236728e-07,-5.5215567075e-08,2.9728874939e-06,-4.6349176304e-09,-4.406744434e-08,0.23561901838,0.051185178137,0.052876297877,0.079674804379
mh113,ok,,3.2545480552,33607851.593,159986.50444,704174.26223,14858611.333,102699.60698,2893189.1738,-3.4358504582e-08,6.2383232662e-09,-1.7943501812e-07,-4.827378958e-07,8.469649269e-08,-2.2602374628e-08,4.7191402769e-07,2.4160223936e-07,-1.0721785089e-09,-3.3102080173e-07,-4.7246940789e-07,-6.2162849554e-08,3.6697358455e-06,-9.4332530613e-09,-5.3022879845e-08,0.23743007238,0.048285568128,0.052958860965,0.075499875686
mh114,ok,,3.2337718997,33393308.149,129533.88171,591534.76924,14866468.962,82464.129569,2851706.6032,-3.6234923996e-08,9.4119740029e-09,-2.1489630861e-07,-5.7629089777e-07,8.6484831388e-08,-2.9611765781e-08,5.6160508544e-07,2.8793324288e-07,-1.1154969473e-09,-4.4267071966e-07,-6.1575230957e-07,-7.3030741841e-08,4.5725105331e-06,-1.0279684812e-08,-5.3957856764e-08,0.23931182797,0.046459435553,0.057340856634,0.072746886703
mh115,ok,,3.2053158487,33099458.792,94364.189393,447012.34025,14881700.749,58639.304062,2796360.9196,-3.6635573824e-08,1.0734711671e-08,-2.5741374607e-07,-6.8755630474e-07,8.896935976e-08,-2.6396687148e-08,6.5840700657e-07,3.4282514741e-07,-1.5242515652e-09,-5.1202877092e-07,-8.3340639935e-07,-8.5403431301e-08,6.4360529174e-06,-1.9736409271e-08,-7.5217655352e-08,0.24030521879,0.039258686478,0.048317179914,0.062130043466
mh116,ok,,3.1810719334,32849105.815,78402.846929,355040.95969,14887929.043,45691.612377,2748840.205,-3.2112945985e-08,1.076282174e-08,-2.3522788759e-07,-6.2697756897e-07,8.9812474985e-08,-3.0718821836e-08,5.7525110393e-07,3.1773610793e-07,-9.4512304888e-10,-7.7468485002e-07,-1.1395645982e-06,-8.2498544756e-08,8.2681256643e-06,-1.7084980359e-08,-6.3127507149e-08,0.24190690625,0.027950096825,0.060737497714,0.045101324247
mh117,ok,,3.1732275043,32768100.894,73887.223144,323407.4938,14884251.541,41614.474209,2735609.3019,-2.7577312488e-08,4.1737586096e-09,-1.736949442e-07,-4.6415676456e-07,8.996517628e-08,-4.3398745663e-09,4.0819788019e-07,2.3314900187e-07,-9.8675147477e-10,-4.2642578124e-07,-1.0701715347e-06,-5.94456935e-08,9.0775647369e-06,-2.9376402151e-08,-9.5849956737e-08,0.24104088101,0.018354485503,0.031507416853,0.030160607861
mh120,ok,,3.1594202059,32625520.841,51260.375353,222276.31934,14867525.511,28369.470045,2707145.9659,-2.7328688324e-08,1.0539189815e-08,-1.9508507419e-07,-5.2382215818e-07,8.4164739959e-08,-9.8112230335e-08,4.9694896903e-07,3.0066731876e-07,4.6017984914e-09,-1.637820691e-06,-2.1504052673e-06,-1.0557094132e-07,1.3304737769e-05,1.6762191692e-07,4.1522941905e-07,0.24451883361,0.017743438001,0.083955303382,0.025473790684
mh121,ok,,3.1649832716,32682967.422,61781.951528,264573.91733,14873065.449,34285.837331,2717728.6773,-2.7716186733e-08,1.1808939734e-08,-1.86680813e-07,-5.0097388803e-07,8.4624890515e-08,-9.0937660933e-08,4.7248887257e-07,2.8286040094e-07,4.0013161559e-09,-1.5921035351e-06,-1.8674895098e-06,-9.6169011667e-08,1.1011762513e-05,1.293530527e-07,3.1569901446e-07,0.24469720214,0.019827265892,0.098363263435,0.029191284622
mh122,ok,,3.1736400638,32772361.16,70688.471586,303245.86349,14885877.697,39739.143952,2735998.175,-2.9018568613e-08,1.3551920792e-08,-1.9949038814e-07,-5.3501137526e-07,8.4267369507e-08,-8.3439497649e-08,4.9612022453e-07,2.9210056421e-07,3.6501778253e-09,-1.3791782009e-06,-1.6066283903e-06,-9.2599970354e-08,9.4994013681e-06,1.0033398644e-07,2.3873705012e-07,0.24442158842,0.023581926041,0.097491999065,0.035069980395
mh126,ok,,3.3666066069,34765016.002,449270.52748,1612482.9929,14602113.087,298600.75867,3085174.3582,-2.6771381002e-08,1.9343468546e-09,-6.7821735625e-08,-1.8642891394e-07,7.7612532833e-08,-1.4677343571e-08,1.7029327731e-07,9.2686860548e-08,-1.1861883102e-09,-2.2630061331e-07,-1.824193173e-07,-2.4864472789e-08,1.2603218221e-06,-1.0351457416e-08,-5.4739560317e-08,0.22997610375,0.051924156693,0.10167019591,0.076507750522
mh18,ok,,3.1815751663,32854302.413,100502.69243,420240.45413,14868403.071,56094.293445,2748678.8652,-2.6819895938e-08,7.6592086201e-09,-1.3986499226e-07,-3.7147586487e-07,9.4673508353e-08,1.4299818739e-08,3.0801700507e-07,1.7304555143e-07,-3.8345914873e-09,-7.9435178028e-07,-9.7181172979e-07,-3.317647508e-08,6.7385490116e-06,-1.164927115e-07,-3.1459175108e-07,0.24212573686,0.016570200565,0.079834492651,0.030956538323
mh20,ok,,3.16169463,32649007.514,63437.655869,275562.79078,14868896.076,34973.949732,2710123.0659,-2.6341247229e-08,6.5887089801e-09,-1.6280776171e-07,-4.3229694791e-07,9.5907335291e-08,3.5223009565e-08,3.5630598851e-07,1.9813364323e-07,-3.6973763448e-09,-7.0730633322e-07,-1.3568475217e-06,-3.5318983289e-08,1.0809073381e-05,-1.592176354e-07,-4.282038224e-07,0.24231608441,0.011492823054,0.044869855761,0.022603216683
mh200,ok,,3.1895613036,32936770.673,136036.88146,534837.31329,14866710.97,74767.173752,2764126.4367,-2.4602443926e-08,6.4597543255e-09,-8.0109494317e-08,-2.1393878423e-07,8.7544636659e-08,-1.7505801544e-08,1.6811361142e-07,1.0352962046e-07,-5.4366200588e-12,-7.4496633479e-07,-8.0093373864e-07,-2.341892647e-08,5.0580327351e-06,-3.9750256463e-10,-9.7738047365e-09,0.24155217417,0.015819090327,0.10134289698,0.022869651428
mh201,ok,,3.1988057786,33032233.064,137255.09121,539836.9017,14896100.421,76270.81234,2786675.9667,-2.5434888234e-08,7.3672502718e-09,-9.9399424137e-08,-2.6646148845e-07,8.6322613414e-08,-2.0913467041e-08,2.0672954107e-07,1.274946345e-07,2.2634704034e-10,-6.2528796151e-07,-7.3716798705e-07,-2.8093128266e-08,4.9558876514e-06,7.626684649e-09,5.6762725975e-09,0.24087457738,0.020427520893,0.085823956189,0.028374682015
mh22,ok,,3.148730814,32515137.62,38974.69787,177967.73854,14870553.047,21495.629128,2684438.3324,-2.7338759867e-08,6.7206055589e-09,-2.3583241383e-07,-6.2556652361e-07,9.7378867795e-08,5.2884682967e-08,5.203691674e-07,2.8978185656e-07,-3.9792226326e-09,-3.2205173597e-07,-1.8904232702e-06,-5.3934705538e-08,1.7589203316e-05,-1.9383307187e-07,-5.2043040685e-07,0.24258834725,0.010734469656,0.012551869108,0.02028123108
mh23,ok,,3.1597730072,32629164.016,59784.021545,233326.74665,14940678.057,30693.685072,2712952.4821,-2.4795261204e-08,1.2312221494e-08,-1.2640704956e-07,-3.3532547199e-07,9.2110885478e-08,-5.0619537381e-09,2.4342048086e-07,1.5168409773e-07,-1.1333466563e-09,-2.065936774e-06,-2.1356201368e-06,-2.5271624068e-08,1.2322671987e-05,-7.3951289823e-08,-2.0013765007e-07,0.24429452905,0.0087920180095,0.12351000861,0.014552655273
mh24,ok,,3.1672499059,32706373.662,76773.370921,293579.91887,14952816.385,39473.732098,2728811.5528,-2.4425347725e-08,1.1490965866e-08,-1.0101115321e-07,-2.6768387581e-07,9.1157733605e-08,-7.6947141102e-09,1.8844796916e-07,1.1909097593e-07,-8.4683219911e-10,-1.8536116419e-06,-1.7613126962e-06,-1.8077007098e-08,9.5825445445e-06,-5.5389292029e-08,-1.4908955007e-07,0.24444469567,0.0091282158036,0.14230801413,0.014467785835
mh26,ok,,3.1838646165,32877944.252,116154.57456,429274.62077,14978700.016,60082.329856,2764036.8518,-2.4144738656e-08,9.7941023094e-09,-7.5980552106e-08,-2.0122030969e-07,8.9643453063e-08,-1.3518228137e-08,1.4364780622e-07,9.1532430219e-08,-5.8568484487e-10,-1.491645076e-06,-1.2658847758e-06,-1.5550446255e-08,6.2958845049e-06,-3.2100958027e-08,-8.6343477165e-08,0.24488568471,0.010819684985,0.17326139919,0.016685349818
mh25,ok,,3.1755732164,32792323.717,95300.64167,358344.03278,14966600.509,49163.234333,2746495.4712,-2.4360501148e-08,1.0996349104e-08,-8.9975868965e-08,-2.3829785479e-07,9.0429492519e-08,-1.1869979151e-08,1.6902120844e-07,1.0728454527e-07,-7.3852818727e-10,-1.6656904122e-06,-1.4846685878e-06,-1.730609287e-08,7.6941191126e-06,-4.2719512037e-08,-1.147402075e-07,0.24466420025,0.01033567749,0.15874136511,0.016107829621
mh27,ok,,3.1924085177,32966172.222,138903.01459,504882.59393,14990439.812,72056.845615,2782106.0209,-2.3881793449e-08,8.6549524271e-09,-6.2987247398e-08,-1.6660870125e-07,8.894541213e-08,-1.2602726527e-08,1.1824123045e-07,7.56403458e-08,-4.7884774821e-10,-1.3419600205e-06,-1.0937671235e-06,-1.2652049588e-08,5.2497415628e-06,-2.6241453753e-08,-6.9790335342e-08,0.24511814409,0.010772909528,0.18640229231,0.016424063358
mh30,ok,,3.1539399352,32568929.227,49794.993944,213087.93183,14891005.061,26814.670953,2696857.7553,-2.6449873106e-08,8.3622730415e-09,-1.8626202494e-07,-4.9568655176e-07,9.191912607e-08,-1.9548815184e-09,4.0425413428e-07,2.4054205105e-07,-1.1286684961e-09,-9.1800450906e-07,-1.8117019087e-06,-5.426905025e-08,1.4098266349e-05,-5.2798567367e-08,-1.5199757732e-07,0.24244018174,0.012303749013,0.045712028969,0.020129832168
mh32,ok,,3.1608878663,32640676.527,60432.528798,261643.51311,14886962.049,33222.373054,2709800.6664,-2.8092313763e-08,9.6823043788e-09,-2.0711051312e-07,-5.5105193354e-07,9.2675330669e-08,-1.1668581461e-09,4.5488829858e-07,2.6546975542e-07,-1.9274547963e-09,-7.9781924044e-07,-1.4639153675e-06,-5.8349122256e-08,1.1377119467e-05,-6.5697169439e-08,-1.8672964664e-07,0.24185841555,0.016807514449,0.048214234223,0.027490050204
mh33,ok,,3.1505834879,32534269.116,44726.442127,184000.0932,14905025.76,23309.428383,2691882.4755,-2.4750178253e-08,8.0293086102e-09,-1.3859746004e-07,-3.6902676826e-07,9.141022464e-08,-8.1995541404e-10,2.7959166958e-07,1.7338844086e-07,-6.0397169546e-10,-1.2922614886e-06,-2.1857956776e-06,-3.4783311741e-08,1.6222095825e-05,-4.7486848504e-08,-1.3585150909e-07,0.24291744528,0.0078326547661,0.057798258684,0.012505140628
mh38,ok,,3.1675575704,32709550.737,71403.631203,341469.00463,14808250.244,42456.177478,2713708.2639,-3.2034294118e-08,7.1734544787e-09,-2.4041060261e-07,-6.4084173813e-07,9.2594934214e-08,-1.2294269699e-08,6.0919842102e-07,3.2533940461e-07,-2.3524161044e-09,-5.9412278636e-07,-1.1172646101e-06,-8.4917429942e-08,8.8964935398e-06,-4.8287755907e-08,-1.4602330644e-07,0.24048438045,0.025717789881,0.042422524327,0.043498979385
mh42,ok,,3.1586582783,32617652.852,60227.135942,263605.80574,14863221.418,33202.121284,2704185.4994,-2.6146821578e-08,5.3688200365e-09,-1.6168325859e-07,-4.306134276e-07,9.3402836338e-08,2.3953588695e-08,3.5186749098e-07,2.0120422382e-07,-2.288360926e-09,-4.3725455179e-07,-1.3058487866e-06,-3.9513440341e-08,1.1383469026e-05,-1.0457577798e-07,-2.8854790766e-07,0.24139914044,0.011985692166,0.026334589332,0.021191971213
mh43,ok,,3.1475050092,32502479.436,53881.952491,240723.24663,14821986.731,29763.280595,2677309.9445,-2.6125578173e-08,4.7067352264e-09,-1.6672121755e-07,-4.4397938561e-07,9.3694801679e-08,2.4816054758e-08,3.7008824796e-07,2.1003796977e-07,-2.1785216234e-09,-3.977460379e-07,-1.4269984302e-06,-4.3308049263e-08,1.2699194747e-05,-1.0573642098e-07,-2.9185261166e-07,0.24050550695,0.011125983085,0.021431333118,0.019941077394
mh44,ok,,3.1763603383,32800451.875,70825.775949,297893.73607,14927820.814,38729.252172,2748265.7926,-2.4848835991e-08,3.7024122785e-09,-1.1740030704e-07,-3.1402881185e-07,9.1830802329e-08,2.7301025763e-08,2.488237384e-07,1.4246926514e-07,-1.8598326314e-09,-3.9584666323e-07,-1.1260823896e-06,-2.5064236235e-08,9.7554793085e-06,-1.033113235e-07,-2.8715966663e-07,0.24274556513,0.009463598713,0.02803614708,0.017623134347
mh45,ok,,3.1582775533,32613721.322,68184.859612,305780.84402,14808570.291,38367.258311,2699422.6421,-2.5392173854e-08,2.0697211178e-09,-1.3070477088e-07,-3.4976685011e-07,9.3344884222e-08,4.1257329178e-08,2.8646243707e-07,1.5832193898e-07,-2.5674596529e-09,-2.6731441271e-09,-9.5325631534e-07,-2.7611291181e-08,9.8434806621e-06,-1.3019877253e-07,-3.6037474569e-07,0.23887378578,0.010118747686,0.00018226795703,0.019532401056
mh46,ok,,3.1491257214,32519215.601,83401.458515,397831.04016,14628400.157,49114.773267,2664742.9434,-2.5002143861e-08,-8.9224143119e-10,-1.0086935566e-07,-2.7169813966e-07,9.343070805e-08,4.7950867783e-08,2.3935542812e-07,1.2397382772e-07,-2.965156905e-09,1.7044480028e-07,-6.5851528552e-07,-2.3100397355e-08,7.6815332681e-06,-1.4703820053e-07,-4.0854890919e-07,0.23433890697,0.0086457458593,-0.014215344939,0.019962591809
mh49,ok,,3.1704283691,32739195.83,72151.005957,332147.89607,14795070.388,41630.813244,2725627.861,-2.3284157373e-08,-1.0726224139e-09,-3.7547396206e-08,-1.032282447e-07,9.0170972257e-08,4.6904590352e-08,8.6458093425e-08,3.8734872469e-08,-7.7757601507e-10,1.7671416759e-07,-8.4387340155e-07,-1.1850958459e-09,9.0693448371e-06,-1.4661360742e-07,-4.0401571645e-07,0.24096952196,0.00024455849593,-0.012750104959,0.0062380384138
mh60,ok,,3.1607705882,32639465.465,72635.493317,322503.42882,14811752.348,40832.872053,2704393.9813,-2.553432872e-08,2.5194759051e-09,-1.3083590247e-07,-3.5001921703e-07,9.3419917212e-08,3.7603008543e-08,2.8728056755e-07,1.5929784633e-07,-2.6691429833e-09,-1.2110870548e-07,-9.4336330908e-07,-2.8456174157e-08,9.249311406e-06,-1.2547398245e-07,-3.4748860494e-07,0.23916148379,0.010901066498,0.0087967905674,0.020866765745
mh61,ok,,3.1583391293,32614357.182,75919.79408,332086.94778,14792391.627,42321.731967,2697545.5667,-2.4654521307e-08,1.6482504586e-09,-9.935165905e-08,-2.6673630271e-07,9.2410965091e-08,2.6926322833e-08,2.2510398719e-07,1.2417563428e-07,-1.8488419072e-09,-3.6861054248e-07,-1.0316793069e-06,-2.4818946414e-08,8.9247670535e-06,-1.0434955768e-07,-2.9179048686e-07,0.24035858784,0.0083218246807,0.027984836481,0.017089848354
mh62,ok,,3.1524134493,32553166.083,61803.411907,277376.58693,14807762.413,34503.370219,2686990.6583,-2.5512104965e-08,2.3768608024e-09,-1.3917439975e-07,-3.7208483857e-07,9.3441368962e-08,3.6457321283e-08,3.0819673288e-07,1.7174498754e-07,-2.3500598396e-09,-8.3049070026e-08,-1.1065128363e-06,-3.2563868121e-08,1.0948019166e-05,-1.2104802261e-07,-3.358531909e-07,0.23945631096,0.010064714459,0.0051327158833,0.019047609631
mh64,ok,,3.1432761874,32458810.819,52682.404955,239408.68738,14793322.407,29251.515295,2666960.7032,-2.5491882622e-08,2.0891256434e-09,-1.4754473262e-07,-3.9423563308e-07,9.343993291e-08,3.4983269839e-08,3.2984785119e-07,1.8472303277e-07,-2.0299711222e-09,-2.0423365673e-08,-1.2854347453e-06,-3.7169384059e-08,1.2915552198e-05,-1.1464374173e-07,-3.1901930226e-07,0.23936713105,0.0092990827765,0.0010759520209,0.01737717807
mh70,ok,,3.1859369553,32899344.106,91736.190826,397151.92309,14883638.408,52374.33364,2761378.9469,-2.8256780364e-08,5.6688889477e-09,-1.7281016614e-07,-4.610168245e-07,9.3486400237e-08,2.3652025556e-08,3.7878083997e-07,2.1336135891e-07,-3.704364719e-09,-2.8762440949e-07,-7.9174681578e-07,-4.0546184581e-08,7.2108705674e-06,-1.0166447384e-07,-2.8395104468e-07,0.23916080466,0.020593353792,0.026385567715,0.034747911417
mh78,ok,,3.2204931629,33256186.249,137650.55347,576735.53623,14880172.055,80665.159857,2832898.1915,-2.4058646823e-08,4.2996325044e-09,-8.2876626977e-08,-2.2129307221e-07,9.0060835573e-08,6.0391275014e-08,1.3121579933e-07,7.6812565621e-08,-2.491474921e-09,8.671463515e-09,-3.5799843714e-07,6.0641825283e-09,4.6782211464e-06,-1.6355163878e-07,-4.4127767042e-07,0.23248499556,0.0095876880458,-0.0011936317522,0.018061927401
mh80,ok,,3.1891109053,32932119.668,106745.16341,468932.0329,14816518.503,62084.444953,2760807.7334,-2.6169932216e-08,4.749725372e-09,-1.3374079401e-07,-3.5566351741e-07,9.6477412089e-08,6.8353496007e-08,2.5251980559e-07,1.4108628484e-07,-4.9192083816e-09,6.0292176875e-08,-4.7905856055e-07,-7.3431560434e-09,6.0811554377e-06,-1.9383226949e-07,-5.205531007e-07,0.23433678259,0.014523352433,-0.006435898273,0.026955267912
mh81,ok,,3.1917565801,32959440.035,109628.69148,489868.59342,14796752.847,64853.373943,2763539.4534,-2.7624684808e-08,3.7063654558e-09,-1.5388111303e-07,-4.0928654095e-07,9.8070093417e-08,6.7963413134e-08,3.1066718666e-07,1.7073752907e-07,-6.2506103634e-09,9.3693795038e-08,-4.3483681687e-07,-1.6853898696e-08,5.8201151474e-06,-1.8925659102e-07,-5.0967659597e-07,0.23333001445,0.01885218198,-0.01027152815,0.034058037159
mh82,ok,,3.1951333579,32994310.083,113113.32295,514606.18576,14774564.643,68190.336262,2767384.9595,-2.9105464992e-08,2.5822039938e-09,-1.6948370759e-07,-4.509909067e-07,9.9150323851e-08,6.6536580111e-08,3.6098246586e-07,1.9478344797e-07,-7.3422262547e-09,1.1332447833e-07,-3.9580930235e-07,-2.5296804927e-08,5.5337961247e-06,-1.8181443291e-07,-4.914599148e-07,0.23224460027,0.022996562295,-0.012818508315,0.040831926239
mh83,ok,,3.1671881242,32705735.678,102098.03552,530660.84161,14554879.088,66343.961067,2686055.3313,-3.4428504516e-08,-3.1773255674e-09,-2.2402701075e-07,-5.9849299737e-07,1.006626644e-07,6.7667715302e-08,5.609512407e-07,2.791681295e-07,-8.7535957757e-09,3.6329950344e-07,-3.1397323751e-07,-5.5134095923e-08,5.6808406328e-06,-1.4923958761e-07,-4.1580174246e-07,0.22582760438,0.033502892356,-0.037092165605,0.057272019696
mh91,ok,,3.2105810699,33153829.747,163345.316,649224.14777,14839382.375,92651.121406,2808190.6286,-2.3232820142e-08,3.5079616973e-09,-4.6609186125e-08,-1.263267777e-07,8.6915266547e-08,2.9505005152e-08,6.4758902884e-08,4.0884704442e-08,-6.9708413057e-10,-2.8256151139e-07,-4.600321703e-07,5.7248849378e-09,4.0751513742e-06,-8.6592749769e-08,-2.4170266792e-07,0.23600371887,0.0064225774081,0.046155099368,0.010578063456
mh84,ok,,3.1766271566,32803207.154,107865.30746,548987.69379,14580443.173,70022.162876,2709955.1662,-3.2439247787e-08,-4.9466666991e-09,-1.9759650083e-07,-5.3034358107e-07,9.4535409987e-08,5.7905365015e-08,5.0037862679e-07,2.5067606396e-07,-6.1026152705e-09,4.2792971927e-07,-2.6663245249e-07,-5.3073714397e-08,5.3777828836e-06,-1.0960712338e-07,-3.1713005217e-07,0.22414215977,0.032174769264,-0.046158770742,0.053973494427
mh92,ok,,3.2156563897,33206239.665,174532.16881,689006.7494,14834058.307,99324.041195,2817869.0704,-2.3116814671e-08,3.3709080899e-09,-4.2256300208e-08,-1.1469479213e-07,8.6426295562e-08,2.9342861784e-08,5.5396317504e-08,3.5524560149e-08,-5.8479282739e-10,-2.8816893134e-07,-4.3562707264e-07,6.7317463255e-09,3.80126827e-06,-8.4669947655e-08,-2.3616579191e-07,0.23581784183,0.0058637313402,0.050294748572,0.0096684394383
mh93,ok,,3.2206386579,33257688.691,186046.8102,729410.26914,14828207.591,106198.94071,2827268.9585,-2.3000651882e-08,3.2266423626e-09,-3.7883656952e-08,-1.0300614543e-07,8.5922617205e-08,2.9139373474e-08,4.6029583727e-08,3.0163427134e-08,-4.5784433387e-10,-2.9432419983e-07,-4.1443908622e-07,7.7204123159e-09,3.5551341878e-06,-8.2493789018e-08,-2.29937036e-07,0.23566427334,0.0051876573791,0.054758078545,0.0085636572274
mh94,ok,,3.2344648972,33400464.337,202687.399,748123.07905,14957535.354,113234.79689,2867781.4943,-2.3022734018e-08,2.2510195912e-09,-3.5319463609e-08,-9.7841350197e-08,8.2919788692e-08,-7.5488296147e-09,6.2557139352e-08,4.2059126319e-08,2.593098662e-10,-4.1514916134e-07,-4.5646725861e-07,-6.7389709963e-09,3.3361407206e-06,6.3344805258e-09,-1.5118392299e-09,0.23774779369,0.011038345041,0.084145503711,0.012679543864
mh95,ok,,3.2348632024,33404577.405,210581.61154,762123.80149,14979270.207,116147.69187,2870230.0039,-2.3166975714e-08,3.626176592e-09,-4.0398311036e-08,-1.1033398646e-07,8.3795458662e-08,-2.4623501841e-09,6.8110511875e-08,4.5237433957e-08,-5.5734810009e-11,-5.0631225295e-07,-4.9283493049e-07,-4.8384056146e-09,3.2534231933e-06,-1.1218105749e-08,-4.4038136997e-08,0.23888586626,0.011593469979,0.10662005017,0.014342821353
miley,ok,,3.2166069323,33216055.373,105364.75519,518286.33143,14755112.736,67314.408151,2809236.2368,-3.2997176709e-08,5.9561436454e-09,-2.1389863897e-07,-5.6697459568e-07,1.0728996129e-07,5.9741545188e-08,5.1172553638e-07,2.5473045555e-07,-1.1658228301e-08,-1.5080251359e-07,-5.531510116e-07,-4.0826836232e-08,5.6080871029e-06,-2.1033042708e-07,-5.6129894293e-07,0.24078107231,0.029110648643,0.015889269927,0.053917835867
mi-vawt1,ok,,3.3350735293,34439391.991,329309.49977,1136312.6008,15122545.62,195333.87013,3098553.1938,-2.1887305245e-08,-1.0336221833e-10,-6.1485631952e-09,-1.7757734202e-08,7.6770907672e-08,2.7059718228e-10,1.1465305622e-08,7.6962015296e-09,4.1502689344e-10,-2.3501794163e-07,-2.3910238486e-07,-1.5475350172e-09,1.9361328199e-06,-2.229012347e-09,-1.2203344237e-08,0.23774613809,0.0029019827858,0.077393640793,0.0037756340591
mi-strut1,ok,,3.4718027396,35851316.143,740644.34179,2266047.6373,14515929.439,494659.99864,3341442.58,2.0465497282e-08,-5.5334791252e-09,4.804803149e-09,3.3033766649e-15,6.7059324975e-08,7.4806684701e-09,7.9358823661e-09,2.0528287996e-09,-1.1389721213e-09,-1.747329179e-07,9.6369389647e-08,-6.857470477e-09,-7.5089011229e-07,2.1442896883e-08,-1.2327036657e-13,0.22407488386,-1.5297444421e-08,0.12941494697,0.0058776663716
mrc-16,ok,,3.2255848626,33308765.312,159801.49098,609841.02408,14992969.169,88808.486982,2852507.456,-2.5734081121e-08,6.6752695936e-09,-1.0000796788e-07,-2.6725588451e-07,8.8174108614e-08,-5.1524682991e-09,2.1181961451e-07,1.2592608716e-07,-1.6121592001e-09,-6.31254991e-07,-6.523176571e-07,-2.5915620857e-08,4.2554359488e-06,-4.4425151648e-08,-1.2850613475e-07,0.24278322304,0.020966661809,0.10087548875,0.033849090218
mrc-20,ok,,3.2339045672,33394678.128,196870.82632,723504.25718,14957358.923,109034.90264,2866372.5943,-2.5213449896e-08,7.961533703e-09,-8.4527691922e-08,-2.2763317588e-07,8.6835435732e-08,-1.2908394074e-08,1.6868732161e-07,1.0385316841e-07,-9.7249719004e-10,-6.8206853305e-07,-6.0590599197e-07,-1.9323718866e-08,3.4640719832e-06,-2.589386174e-08,-8.4442296182e-08,0.24287327696,0.022585779176,0.13427939571,0.033209612396
ms313,ok,,3.2317287436,33372209.647,141398.94316,531611.4153,15058316.212,78295.784069,2875640.3739,-2.367958589e-08,4.564744729e-09,-6.3207029015e-08,-1.706452618e-07,8.543654121e-08,-6.6440403319e-09,1.2598614182e-07,7.7767737555e-08,-2.0134719793e-10,-5.7951740261e-07,-7.1757146104e-07,-1.4559243039e-08,4.8270229198e-06,-1.018087825e-08,-4.0882887697e-08,0.24411142343,0.012579546719,0.081943148274,0.017814307306
ms317,ok,,3.2710236052,33777985.151,226742.44598,821657.90186,15026937.426,129942.16205,2954130.7208,-2.2936958619e-08,1.9961819284e-09,-3.6992856992e-08,-1.0200413752e-07,8.1814245903e-08,-6.1494262508e-09,7.3299561688e-08,4.5980746187e-08,7.2932458134e-11,-3.7478940964e-07,-4.1542834708e-07,-8.9872992144e-09,2.9072238554e-06,-1.5657301677e-10,-1.7345830757e-08,0.24100950066,0.012711481208,0.084980667469,0.016620121907
mue139,ok,,3.2548265961,33610727.925,130974.73087,563633.02446,15038975.124,79947.713447,2917724.7223,-3.0149729846e-08,4.436548502e-10,-1.6845157667e-07,-4.4836329594e-07,9.2435975317e-08,4.2241734707e-08,3.9399520512e-07,2.0858992145e-07,-6.1031759489e-09,-7.283888146e-10,-3.5593958816e-07,-4.0134211715e-08,4.7224824318e-06,-1.1795444078e-07,-3.2281276817e-07,0.23575567139,0.029781613869,9.5400528962e-05,0.051603415955
n0009sm,ok,,3.1790182675,32827898.785,68008.557303,266828.6345,15004765.522,35565.957392,2760945.5519,2.3019692173e-08,-9.9517292353e-10,9.5458162116e-10,-1.5689802867e-13,8.8428426129e-08,1.0903869356e-09,1.4678659892e-09,4.3073926832e-10,-7.0310553583e-11,-8.8524761059e-07,1.4244187657e-06,-1.3844561625e-09,-1.0632237597e-05,3.9098702428e-09,-6.194139059e-13,0.24414606978,2.0167882356e-10,0.060204412852,9.9827448238e-05
n0011sc,ok,,3.2095523725,33143206.979,121898.12147,428969.1227,15126325.923,62321.335437,2834831.5978,2.2815177144e-08,-5.2960976392e-10,5.2804977906e-10,-8.9124663803e-14,8.5827778046e-08,5.2236390534e-10,4.4034384186e-10,1.2349834194e-10,-3.6117001583e-11,-1.2810945402e-06,1.1311394675e-06,-6.5147135595e-10,-6.0691967345e-06,2.1702822178e-09,-3.1962593086e-13,0.24330729717,7.078047491e-10,0.15616301788,5.3677087124e-05
n0012,ok,,3.2163702677,33213611.473,118341.46813,444744.45671,15053796.249,63561.130181,2846928.7699,2.2701360161e-08,-2.1541303134e-09,2.0386987369e-09,-1.371798858e-12,8.5532927839e-08,2.4529636167e-09,3.1582026647e-09,9.1773086852e-10,-1.31503896e-10,-5.7157980359e-07,7.950124023e-07,-2.9556734628e-09,-5.9398048623e-06,8.3712850543e-09,-3.0308479812e-12,0.24350615304,4.0283056478e-08,0.067641593108,0.00037374633998
n11,ok,,3.2216984439,33268632.494,101931.18243,426900.17291,15052867.59,58610.084706,2849449.9784,-4.1309768883e-08,2.6423721525e-08,-3.2177240734e-07,-8.5153908791e-07,1.1561623349e-07,3.4244355493e-08,6.3539495342e-07,3.604560449e-07,-1.4823941075e-08,-6.7635679646e-07,-8.7010203179e-07,-3.8676113638e-08,6.444467585e-06,-2.2323859023e-07,-5.9312014569e-07,0.24468654542,0.041453995131,0.06894184801,0.064766558914
n10,ok,,3.2201526357,33252669.819,106212.83162,428038.83055,15061498.634,59497.560608,2849275.9903,-4.0235482999e-08,2.9324089848e-08,-3.1710056212e-07,-8.3897253133e-07,1.1910968593e-07,4.8171922166e-08,5.768144723e-07,3.3939566636e-07,-1.5420131932e-08,-6.549989237e-07,-8.6504521016e-07,-2.2289594965e-08,6.3465328871e-06,-2.4820816349e-07,-6.5840996399e-07,0.24520006663,0.040374785486,0.069569290394,0.061265098422
n11h9,ok,,3.1899355344,32940635.14,61286.997006,295998.41835,14914380.453,37247.007735,2768011.6293,-3.7152783729e-08,2.3150095387e-08,-3.4865503482e-07,-9.18403187e-07,1.2592538375e-07,8.3003344838e-08,7.6110398382e-07,3.8689133106e-07,-1.9851536077e-08,-1.1182272003e-06,-1.3122280249e-06,-3.822597039e-08,1.0146741607e-05,-4.2342776715e-07,-1.1080393732e-06,0.24304257591,0.024219012282,0.068532787076,0.046645777578
n13,ok,,3.1974639146,33018376.406,120822.73026,451573.96661,15016808.448,63625.63385,2797453.9138,2.2888767828e-08,-3.358585936e-10,-2.2406938208e-10,9.4082912489e-10,8.7168472474e-08,-1.3434450989e-09,-1.8555858692e-09,7.3440036836e-10,-9.9403036407e-11,-8.4190461219e-07,9.2241886845e-07,-5.1098560086e-10,-5.9455238421e-06,-4.08098722e-09,1.2217232921e-08,0.24384758784,0.00012968907834,0.10172121386,-0.00022419695095
n12,ok,,3.1873945245,32914395.589,92972.256409,355371.01571,15007357.171,48691.907109,2776948.21,-2.2962183345e-08,1.02745172e-10,-4.8690620698e-09,-1.4458022173e-08,8.8014744487e-08,1.6997553927e-09,6.306978251e-09,4.834962156e-09,8.9645406771e-11,-9.2328447943e-07,-1.1464651682e-06,3.4229381063e-11,7.7677689056e-06,-5.838388829e-09,-2.192089203e-08,0.2443692497,0.00044315677108,0.08583984136,0.00058637399912
n14,ok,,3.1986369889,33030490.072,118730.99284,441870.37763,15031400.756,62446.76958,2801320.2638,-2.2882984353e-08,-8.8839771146e-11,-1.2637854544e-09,-3.5146284993e-09,8.6877338954e-08,-3.482318407e-10,3.7443746736e-09,2.2390554598e-09,9.168678336e-11,-8.6165957516e-07,-9.404086693e-07,-9.7508589569e-10,6.0578865182e-06,-5.0317778299e-11,-8.4752588824e-10,0.2433707283,0.00020659673907,0.10230569685,0.00044457332256
n22,ok,,3.2347341338,33403244.588,124566.01714,501476.9972,15063863.969,71273.060965,2879711.9156,-4.0529676378e-08,2.4745485728e-08,-2.9153836192e-07,-7.7176285563e-07,1.1821874284e-07,4.8342998648e-08,5.4610193228e-07,3.1492911598e-07,-1.5752419205e-08,-4.9734319727e-07,-6.8773069686e-07,-2.338527706e-08,5.2952700186e-06,-2.2748245868e-07,-6.0473587341e-07,0.24399530609,0.044574442654,0.061952061233,0.068025742655
n1h15,ok,,3.2331934858,33387335.2,165332.69387,721548.31482,14706046.164,103186.02469,2827944.5774,-2.9992317063e-08,1.0772417397e-08,-1.4080981112e-07,-3.7193983331e-07,9.6283223042e-08,-1.0715744227e-08,3.5061914377e-07,1.7973332503e-07,-6.8854960871e-09,-7.6887075089e-07,-6.386090748e-07,-3.8919267533e-08,3.663321892e-06,-1.0466792045e-07,-2.7560520917e-07,0.24214242582,0.031519279593,0.12711947248,0.057968807562
n24,ok,,3.2979550482,34056090.72,224553.14158,851700.33921,15045305.875,135462.1558,3008789.57,-3.9959881849e-08,1.7106208102e-08,-2.1056425752e-07,-5.580297507e-07,1.1375940078e-07,3.7137192383e-08,4.0525722563e-07,2.2761565386e-07,-1.5627937889e-08,-3.1136764262e-07,-3.4953120441e-07,-1.704875917e-08,2.7798946045e-06,-1.6521185757e-07,-4.4109284235e-07,0.24067120078,0.061442085286,0.069918582338,0.091001783165
n2414,ok,,3.2374868033,33431669.828,159265.49727,592389.94883,15049693.339,87933.700344,2889145.9095,-2.3727027696e-08,1.0165058865e-09,-6.0134964997e-08,-1.6493390149e-07,8.4362272266e-08,-6.7416631784e-09,1.3479790785e-07,8.2136541125e-08,-1.4330815647e-10,-4.5687451711e-07,-5.789195859e-07,-2.199983024e-08,4.2912965758e-06,-8.3563024902e-09,-4.5197405958e-08,0.24183708124,0.013542317612,0.072764347156,0.021468655823
n2415,ok,,3.2472859247,33532859.736,181576.59779,666134.35063,15044400.413,100990.43463,2909405.614,-2.3490727724e-08,4.9026285474e-10,-5.2099038671e-08,-1.4410135653e-07,8.3402137122e-08,-6.7241581655e-09,1.1690337131e-07,7.1702022225e-08,-5.6153127107e-11,-4.1837179279e-07,-5.0335725218e-07,-1.96016476e-08,3.7349399144e-06,-5.6599829928e-09,-3.9825625065e-08,0.24096035581,0.013583941992,0.075966526747,0.021226916433
n2h15,ok,,3.2417167878,33475350.453,169904.85042,697170.8699,14811904.11,101870.05078,2860700.7037,-2.724547004e-08,7.6891910811e-09,-1.1182999069e-07,-2.9418890286e-07,9.4514410325e-08,4.289169305e-09,2.7048367201e-07,1.4160332538e-07,-6.032551457e-09,-8.0033714852e-07,-6.5116651223e-07,-2.9769621846e-08,3.7111067723e-06,-1.1721995822e-07,-3.0433352087e-07,0.24401643285,0.022426300218,0.13598116351,0.045956487833
n5h10,ok,,3.1741087126,32777200.626,79316.443732,326674.66033,14893240.191,43300.084544,2736098.5805,-2.5834340355e-08,1.305169026e-08,-1.4196924956e-07,-3.7342271311e-07,9.6971028264e-08,2.9934854605e-08,2.7873368116e-07,1.5668975704e-07,-4.0818825688e-09,-1.400892035e-06,-1.4421852408e-06,-1.471678317e-08,8.7347324772e-06,-1.7960051432e-07,-4.6735491136e-07,0.2445357736,0.011225357973,0.11111377427,0.022108164338
n5h15,ok,,3.2204521712,33255762.951,183355.40672,716156.81213,14825446.242,104425.0279,2820557.7209,-2.4483375191e-08,6.030499402e-09,-7.1751800133e-08,-1.874677372e-07,9.0637134639e-08,1.7328747967e-08,1.454973907e-07,8.1966043277e-08,-2.5920164971e-09,-6.4421699036e-07,-5.8477748244e-07,-1.0212698805e-08,3.6213880306e-06,-9.3240571884e-08,-2.3753949934e-07,0.24236779946,0.01357305196,0.11812066828,0.026677733248
n5h20,ok,,3.2759052507,33828395.105,298702.69535,1106667.2037,14735152.037,178451.66771,2919343.6963,-2.4978786039e-08,7.5304502812e-09,-6.9361052168e-08,-1.796994744e-07,8.8964970038e-08,1.643043362e-08,1.329550109e-07,7.5708426746e-08,-3.772815775e-09,-4.6373891568e-07,-3.5334111776e-07,-6.3468140178e-09,2.1180231862e-06,-8.7352886646e-08,-2.1601820206e-07,0.2390846762,0.022887528269,0.13852006405,0.039714020117
n63010a,ok,,3.1793353797,32831173.421,78660.299113,311337.93408,14959513.127,41776.566199,2756949.4583,2.3023519143e-08,-9.0260630845e-10,8.8175858332e-10,-2.8472730091e-13,8.8931674099e-08,1.2725317045e-09,1.2346927712e-09,3.3857607118e-10,-5.1020522479e-11,-1.0676253453e-06,1.366807904e-06,-1.2197412857e-09,-9.0520857978e-06,3.5963566033e-09,-1.1247233622e-12,0.24518013074,3.7463051796e-10,0.083979729003,9.7121302694e-05
n63015a,ok,,3.2207452241,33258789.139,170701.30721,646570.61512,14935202.816,94162.894202,2839620.0637,2.2691787323e-08,-1.4792525246e-09,1.4211015938e-09,-1.341369876e-13,8.5433972729e-08,2.158142444e-09,2.038049954e-09,5.5501025687e-10,-1.3963801746e-10,-5.383997054e-07,5.9334450134e-07,-1.9757551833e-09,-4.0135060765e-06,5.8578190383e-09,-6.1217646179e-13,0.24260002308,-1.3537833344e-09,0.091905533514,0.00034789779131
n63210,ok,,3.1527105999,32556234.586,73268.476885,310614.36526,14804021.298,40002.527506,2686202.4905,-2.3994866262e-08,3.0385342605e-09,-7.4060838795e-08,-1.9944491949e-07,8.939780157e-08,-1.3802901156e-08,1.6355762803e-07,1.0051054374e-07,1.7504216275e-10,-7.7872854784e-07,-1.2694619797e-06,-2.6444994849e-08,9.4497057112e-06,1.1195516285e-08,1.4965282923e-08,0.2404612358,0.008122255745,0.057056254608,0.011983618289
n63012a,ok,,3.1952129746,32995132.239,111835.68405,434885.96139,14958045.937,60248.870831,2789395.8718,2.2897494693e-08,-1.1265459078e-09,1.0932056242e-09,-2.2039525589e-13,8.7574840864e-08,1.608935776e-09,1.5460199597e-09,4.2311736554e-10,-7.9634092857e-11,-7.7662222124e-07,9.3952974319e-07,-1.5157614837e-09,-6.2754035472e-06,4.4751613067e-09,-8.0269422559e-13,0.24428089958,1.4647939468e-09,0.086854077359,0.00017290019975
n63212,ok,,3.1732976853,32768825.612,103608.05449,430428.28335,14810201.734,57554.666801,2729083.9089,-2.3591681763e-08,1.3334592046e-09,-5.1013302753e-08,-1.3924919495e-07,8.7974934923e-08,-1.0273293555e-08,1.1397078346e-07,7.016041821e-08,1.5313347418e-10,-5.5126223162e-07,-8.7084434855e-07,-1.9143835173e-08,6.5652406383e-06,8.6837599421e-09,5.3155612783e-09,0.24020721872,0.0080879296723,0.057115207331,0.011808291142
n63215,ok,,3.2016188943,33061282.499,157181.70878,635390.55551,14774671.545,89678.3844,2783959.424,-2.3161277963e-08,-1.9007099603e-10,-3.2072365562e-08,-9.0313473313e-08,8.5804331376e-08,-8.4149667145e-09,7.2507367606e-08,4.5519672093e-08,1.994001468e-10,-3.790182651e-07,-5.4751853297e-07,-1.344543419e-08,4.2101135182e-06,8.9762393662e-09,1.3129357512e-09,0.23890537728,0.0081272956793,0.059574738567,0.011396831939
n63215b,ok,,3.2057340934,33103777.8,168592.2905,668841.41039,14798839.093,96485.638174,2793296.3202,-2.3343833588e-08,2.5743006917e-09,-4.5699463768e-08,-1.2572644943e-07,8.446121687e-08,6.1321665001e-09,7.3765503979e-08,4.8300355851e-08,-1.4647472574e-10,-2.6841916357e-07,-4.3825450392e-07,-2.5998523783e-09,3.9124109279e-06,-2.5342468451e-08,-8.7194811205e-08,0.23295332058,0.010171695233,0.045253401599,0.012436295276
n63412,ok,,3.1794527336,32832385.267,103707.80719,435810.30373,14823987.273,58447.904067,2742475.142,-2.5170193032e-08,4.2234037403e-09,-1.0182096959e-07,-2.7420940267e-07,8.7649573219e-08,-1.7639220789e-08,2.3069896125e-07,1.3746265714e-07,2.3914480501e-10,-5.4823652694e-07,-8.695876305e-07,-3.5637704969e-08,6.4632824467e-06,1.009965668e-08,7.3148330972e-09,0.24069824376,0.016129875198,0.056856408033,0.023925283393
n63415,ok,,3.2050322431,33096530.194,157212.7781,639667.36945,14775944.637,90570.397864,2790499.1424,-2.4192170777e-08,1.6280349438e-09,-6.527486174e-08,-1.7872072337e-07,8.5573439466e-08,-1.3468232434e-08,1.4842316528e-07,8.9239160505e-08,2.7032467665e-10,-3.7321660397e-07,-5.4744932385e-07,-2.3962366886e-08,4.1673380852e-06,1.0094843599e-08,2.5584305945e-09,0.23890815864,0.016242167262,0.058674419141,0.023334018147
n64008a,ok,,3.1639431209,32672226.39,50819.209109,203347.21108,14949779.87,26567.703794,2724313.3399,2.3147388156e-08,-5.3126466518e-10,5.2664799836e-10,-2.5018420166e-13,9.0311945571e-08,7.6065152807e-10,6.7792479415e-10,1.8389192845e-10,-2.4007011363e-11,-1.8610886185e-06,2.2792428381e-06,-7.0997805379e-10,-1.4237494225e-05,2.1402962328e-09,-4.3963257012e-13,0.24603803807,3.7730886143e-09,0.094579051673,3.4451601874e-05
n64015a,ok,,3.2190015641,33240783.362,171225.15704,645756.09394,14933652.704,94028.606062,2835201.136,2.2719560317e-08,-1.1635464138e-09,1.128230133e-09,-1.0467376799e-13,8.5727731227e-08,1.746130694e-09,1.4952794607e-09,4.0252809506e-10,-1.0962243125e-10,-6.0848874138e-07,6.2854027985e-07,-1.5304035713e-09,-4.0206832974e-06,4.6419123471e-09,-5.5641616518e-13,0.24305536096,-2.8740937821e-09,0.1041885803,0.00025602946047
n64012,ok,,3.1745375467,32781628.95,104449.92415,426241.09546,14829618.256,57375.380282,2733361.3053,2.3047181106e-08,-1.2599348472e-09,1.2216355557e-09,-2.2663902843e-13,8.8245568817e-08,2.007514651e-09,1.9560980013e-09,5.0281498223e-10,-6.6896266155e-11,-6.9652871953e-07,9.3499685346e-07,-1.7238746378e-09,-6.5888941767e-06,5.064680534e-09,-9.5020959885e-13,0.24120702317,-1.4677771479e-10,0.07275237192,0.00020431428786
n64012a,ok,,3.1940630845,32983257.983,111978.52486,433138.44643,14956503.64,60103.63839,2786511.1452,2.2914913336e-08,-8.821918402e-10,8.6358403051e-10,-1.533782213e-13,8.778553321e-08,1.2954073086e-09,1.1313330855e-09,3.0596841178e-10,-6.1381621217e-11,-8.8779615462e-07,9.9370478604e-07,-1.1691563223e-09,-6.2918675398e-06,3.5303399147e-09,-5.3341926791e-13,0.24461536668,1.3761131598e-09,0.099414103774,0.00012668501005
n64015,ok,,3.2018631101,33063804.375,158931.96267,633212.23592,14794059.605,89633.091191,2785951.8851,2.2826450824e-08,-1.6893196454e-09,1.6207312563e-09,-2.0698288585e-13,8.6108921622e-08,2.7555569974e-09,2.6516578807e-09,6.7741932716e-10,-1.1265973243e-10,-4.7633864051e-07,5.8845164835e-07,-2.2976765251e-09,-4.215206754e-06,6.7559614647e-09,-7.770790289e-13,0.23989531252,1.8433286642e-09,0.075705435029,0.0004214331913
n64108,ok,,3.1389751897,32414396.881,47781.821144,202270.64909,14817601.4,25487.001388,2659654.9562,-2.3633499188e-08,3.1458110094e-09,-5.8116673033e-08,-1.5587497588e-07,9.0911782766e-08,-1.1807386026e-08,1.267702906e-07,7.8742572843e-08,7.0713301043e-11,-1.4965153039e-06,-2.1593244796e-06,-2.0620704274e-08,1.4838699277e-05,6.8775512268e-09,9.0653151917e-09,0.24188974687,0.0040286740135,0.071506226593,0.0060573153519
n6409,ok,,3.2068179507,33114970.172,70384.94454,371178.15427,14957862.477,45652.335521,2803201.1953,-4.3080315389e-08,1.8818906772e-08,-3.5315223142e-07,-9.3554439843e-07,9.6267111322e-08,-5.1052224996e-08,9.6365402381e-07,4.6757658813e-07,-5.9153966359e-09,-1.1077917262e-06,-1.1696907865e-06,-1.1440916023e-07,8.2824843601e-06,-8.2798543619e-08,-2.2580591541e-07,0.24279251117,0.040211288139,0.077971859209,0.067826735022
n64110,ok,,3.1571237148,32601806.293,73686.554798,306238.93685,14832601.962,39887.88769,2698076.958,-2.3381373054e-08,1.424344998e-09,-3.675146601e-08,-1.0001761862e-07,8.9588779615e-08,-8.3520531524e-09,8.0986887927e-08,5.057971125e-08,7.0939675754e-11,-9.6895733218e-07,-1.363177716e-06,-1.3825294222e-08,9.4793264721e-06,6.0758395177e-09,4.405204472e-09,0.24176483182,0.0040319732032,0.071399127555,0.0059676447551
n64212,ok,,3.1757214617,32793854.561,104483.20508,428146.42459,14829101.816,57666.426943,2735609.0433,-2.3586357357e-08,2.0572236544e-09,-5.1160609938e-08,-1.3902357551e-07,8.8138847819e-08,-1.1506018524e-08,1.1362388028e-07,6.995838753e-08,1.2034269141e-10,-6.9019226339e-07,-9.3449185456e-07,-1.8794871543e-08,6.5544202621e-06,7.4107386855e-09,4.402868601e-09,0.24120997417,0.00807823605,0.072113499799,0.011871787185
n64212ma,ok,,3.2037381544,33083166.883,111575.42814,442899.91247,14978054.022,62199.820031,2805535.0495,-2.5821612053e-08,1.065638059e-08,-1.2630794805e-07,-3.328232044e-07,8.9243959247e-08,1.5775212311e-08,2.3585530223e-07,1.3981687433e-07,-2.1974666948e-09,-5.724614769e-07,-7.8043907779e-07,-1.3507534236e-08,6.0812758337e-06,-8.6246917668e-08,-2.2361085177e-07,0.23734043896,0.017403924713,0.06387263438,0.026315656326
n64212mb,ok,,3.1929648848,32971917.505,113503.33462,455676.8979,14905297.871,62957.907878,2778947.2589,-2.3785321176e-08,5.5216782476e-09,-7.0609066235e-08,-1.9044856196e-07,8.7401430263e-08,1.0539806134e-08,1.1580218689e-07,7.3935836195e-08,-4.9356381847e-10,-4.0325971936e-07,-7.2436948949e-07,-3.3250134014e-09,6.0010156229e-06,-4.3593934992e-08,-1.303517478e-07,0.23852387336,0.01003344697,0.045771322864,0.013143934368
n64215,ok,,3.2030480531,33076040.603,158875.93505,634086.02723,14792994.641,89931.642286,2788243.4107,-2.3168744577e-08,3.8880668359e-10,-3.2221320688e-08,-9.0026641375e-08,8.6030570338e-08,-9.0730564033e-09,7.2419579346e-08,4.5305235969e-08,1.5898824223e-10,-4.6840164036e-07,-5.8868426155e-07,-1.3082354775e-08,4.2001205353e-06,7.8644125637e-09,1.13436757e-09,0.23989977584,0.0081207173005,0.074417748591,0.011505728385
n66021,ok,,3.2637858495,33703244.997,337923.29603,1213617.4075,14711183.766,195079.65829,2897313.4321,2.2461716389e-08,5.8937348673e-10,-5.8433432066e-10,9.1619526886e-16,8.304977692e-08,-1.0328269005e-09,-5.5762968497e-10,-1.3016452628e-10,7.4487469583e-11,-4.6414169689e-07,3.6263810186e-07,7.1445094353e-10,-1.9388013501e-06,-2.428518601e-09,2.1062947635e-13,0.2406212342,9.7082814645e-09,0.15684429204,-0.00018843606111
n642415,ok,,3.2064303241,33110967.374,158898.76857,638454.47839,14794280.142,90826.168894,2794683.2511,-2.4199738978e-08,2.5017181934e-09,-6.533932054e-08,-1.7816365238e-07,8.5802707313e-08,-1.5203227624e-08,1.4758676266e-07,8.8996036582e-08,2.2227893673e-10,-4.6286540728e-07,-5.8773999527e-07,-2.3654721335e-08,4.1576145066e-06,8.9526639102e-09,2.305222919e-09,0.23989562806,0.01623215076,0.073548743229,0.023451354844
n6h15,ok,,3.229150324,33345583.738,181132.4868,727566.47066,14779177.904,106029.49128,2832186.6919,-2.7206354257e-08,1.1486718439e-08,-1.1788487569e-07,-3.0855854977e-07,9.8103609336e-08,2.7030688306e-08,2.2943963354e-07,1.279673273e-07,-6.6217668949e-09,-6.8132967957e-07,-5.7547907779e-07,-1.0080615937e-08,3.5644552638e-06,-1.5009642763e-07,-3.8480186895e-07,0.24171112111,0.022894073287,0.12341093919,0.041558971394
n6h10,ok,,3.1863069097,32903164.413,78034.706093,365594.84267,14802916.424,46696.862025,2749548.8859,-3.3339164523e-08,2.2084059636e-08,-2.6527909697e-07,-6.9913562789e-07,1.1742320273e-07,4.7829990512e-08,5.6326888137e-07,2.9235587633e-07,-1.5296394074e-08,-1.3938259219e-06,-1.2447474468e-06,-2.7069238412e-08,8.0919719372e-06,-3.3625211541e-07,-8.8137277595e-07,0.24318643358,0.022677679268,0.10876679616,0.04395452161
n6h20,ok,,3.2926969403,34001793.254,302834.04174,1157226.6137,14613467.071,187726.27708,2939232.5844,-2.6919999968e-08,8.7347611623e-09,-8.9103509615e-08,-2.329180448e-07,9.4000470085e-08,1.9900904366e-08,1.7830154343e-07,9.8421223087e-08,-6.7711300595e-09,-4.5443718369e-07,-3.3176818365e-07,-9.3164209207e-09,2.0112422551e-06,-1.111412112e-07,-2.8358986288e-07,0.23900378431,0.031095378681,0.13761904905,0.053995777044
n9,ok,,3.1952284074,32995291.605,60936.763761,254385.27159,15059604.407,33329.814861,2799150.6487,-4.0819055078e-08,3.8828593216e-08,-4.2997295958e-07,-1.1373503281e-06,1.2304094269e-07,7.4859613037e-08,7.6898218254e-07,4.5728511557e-07,-1.6172588357e-08,-8.989905531e-07,-1.5036976604e-06,-2.7301332727e-08,1.133721097e-05,-3.4598328935e-07,-9.1691235083e-07,0.24679136252,0.03039436005,0.054781574958,0.046859285594
n8h12,ok,,3.1969502878,33013072.476,99794.624565,440730.25461,14868752.477,58330.151843,2780414.6964,-2.810609896e-08,7.7513060204e-09,-1.6689022271e-07,-4.4075694477e-07,1.0067682604e-07,5.7788955302e-08,3.5474265501e-07,1.8932339758e-07,-7.3801850348e-09,-3.3693274699e-07,-7.2346342383e-07,-2.2429386774e-08,6.4793667271e-06,-2.0804076311e-07,-5.4839624192e-07,0.24042952369,0.018037423417,0.033624076989,0.035401410074
naca0006,ok,,3.1665496755,32699142.784,29878.502769,121368.89988,15008961.606,15395.651095,2736768.3085,2.3121835685e-08,-9.0629256962e-10,8.754295311e-10,-6.9176519694e-13,9.0613441376e-08,9.7795194007e-10,1.3722449568e-09,4.0237253651e-10,-3.0755464013e-11,-1.5975133949e-06,3.2883697642e-06,-1.2761923447e-09,-2.456578366e-05,3.5302314974e-09,-3.060669262e-12,0.24798799468,-1.0352657121e-09,0.047731308393,4.1000624741e-05
naca0008,ok,,3.1814113944,32852611.234,53037.739628,209967.08047,15034189.867,27680.527954,2770148.498,2.3001415333e-08,-1.1952900847e-09,1.1476025127e-09,-6.5365104258e-13,8.9177252108e-08,1.3051233475e-09,1.7928902245e-09,5.2426728924e-10,-5.7413048389e-11,-1.0040596381e-06,1.8311196605e-06,-1.6708008995e-09,-1.3658863836e-05,4.6453895533e-09,-2.2998790718e-12,0.24703423098,2.3667456146e-09,0.053253053654,9.5090844908e-05
naca000834,ok,,3.1711315509,32746457.185,56188.545665,215423.9396,14993706.385,28736.092956,2743138.2551,2.3097455107e-08,-3.9084738207e-10,3.9867215171e-10,-1.5376238727e-14,9.07795483e-08,5.3356796601e-10,3.3558604344e-10,9.5104315425e-11,-1.8239241546e-11,-2.5531966268e-06,2.4973761041e-06,-4.9341932253e-10,-1.3163792638e-05,1.6009409221e-09,-1.3921230645e-14,0.24902085172,3.4223428113e-10,0.14346040526,1.8856091726e-05
naca0010,ok,,3.196449688,33007903.069,82406.158305,318499.90696,15046527.846,43584.857243,2802553.7704,2.2876340907e-08,-1.4759704537e-09,1.4084952e-09,-1.5652464657e-13,8.7631809731e-08,1.6370059567e-09,2.1945112826e-09,6.3947596235e-10,-9.5849385885e-11,-7.3167933632e-07,1.1624626751e-06,-2.0470016773e-09,-8.6717486455e-06,5.735217073e-09,-9.9453240622e-13,0.24559285877,-3.8234994804e-09,0.060294883217,0.00018084124416
naca001034,ok,,3.1825467571,32864335.473,87506.855802,329902.45256,14994676.136,45218.134438,2765981.8587,2.301060254e-08,-4.8159594244e-10,4.8931474308e-10,4.0723813206e-14,8.9788425133e-08,6.6172167e-10,4.0870688072e-10,1.1547131099e-10,-3.0988120283e-11,-1.6798536592e-06,1.5875114065e-06,-6.0456216969e-10,-8.3651577137e-06,1.970238605e-09,1.6152043701e-13,0.24835315504,-2.7569635471e-11,0.14699871192,3.5764654076e-05
naca001064,ok,,3.1941293441,32983942.208,91412.992582,337158.67627,15060411.517,47135.561203,2796978.304,2.2927023027e-08,-4.8200895866e-10,4.8025712086e-10,-2.1634474787e-14,8.8127158213e-08,5.6783806594e-10,4.8901285469e-10,1.3564747147e-10,-3.1665453252e-11,-1.4183218826e-06,1.4194871736e-06,-6.156712169e-10,-8.024868581e-06,1.9483633419e-09,-2.845256792e-14,0.24648974952,6.8917886563e-10,0.12965304773,4.4702128459e-05
naca001034a08cli0.2,ok,,3.1850346107,32890026.111,87684.47123,333718.08144,15002231.192,45709.332734,2771131.6276,-2.4002905917e-08,8.2917720186e-09,-7.88845184e-08,-2.0819422315e-07,8.9711877344e-08,-2.3190884253e-08,1.6891400354e-07,1.052087473e-07,-6.9499607237e-11,-1.6937915147e-06,-1.5773638712e-06,-2.6321763631e-08,8.2760774272e-06,-6.2443752347e-09,-1.516622372e-08,0.24820334693,0.0093443596019,0.14851921334,0.014811135084
naca001035,ok,,3.1819299785,32857966.354,93078.227742,342156.5825,14999528.939,47373.667285,2764813.9938,2.3029788696e-08,3.9067129809e-10,-4.1653057937e-10,2.3100625747e-13,9.0195611008e-08,-5.7108300589e-10,-1.0700341869e-10,-2.3743873528e-11,2.5479530846e-11,-2.3951457986e-06,1.8779839162e-06,4.4016327487e-10,-7.9847388973e-06,-1.6703371053e-09,1.0133820273e-12,0.24937408749,1.0282435947e-09,0.22293592611,-9.9596885743e-06
naca001065,ok,,3.1945466368,32988251.351,98864.271288,353349.87214,15073130.921,50027.942506,2798581.8822,2.2937596747e-08,3.5751473204e-10,-3.7135789471e-10,2.5178854655e-13,8.8380432734e-08,-4.1613827387e-10,-1.8719492682e-10,-4.4911340932e-11,1.9404369715e-11,-1.9931830838e-06,1.6436105228e-06,4.1614927438e-10,-7.5611799371e-06,-1.5013258005e-09,8.0263610074e-13,0.24733987779,-2.6647199211e-09,0.19705459312,-1.8506890029e-05
naca001066,ok,,3.2003102469,33047768.847,110298.18789,385333.16306,15108963.955,55161.013428,2813358.1635,2.2903140697e-08,4.1999157864e-10,-4.4696328879e-10,2.8304494781e-13,8.8133918976e-08,-4.1644002051e-10,-7.7598323555e-11,-9.8462278792e-12,4.9550703328e-11,-2.1717544477e-06,1.6629866775e-06,4.5673948559e-10,-6.8574171001e-06,-1.8025751882e-09,1.0278874831e-12,0.24795228043,-1.5543216497e-09,0.23954058012,-8.5589544717e-06
naca001234,ok,,3.1956660569,32999810.96,125209.39208,464006.41969,14991271.161,65464.140854,2791754.8894,2.2910870979e-08,-5.7378238962e-10,5.8053730318e-10,2.6904597982e-15,8.8684467505e-08,7.953577478e-10,4.8180957872e-10,1.3565183297e-10,-4.7974050746e-11,-1.2057626016e-06,1.0963065846e-06,-7.1585180605e-10,-5.7777490428e-06,2.3447804273e-09,5.5130349617e-14,0.24758529577,7.1742178919e-10,0.15097280234,6.032708445e-05
naca001264,ok,,3.2103435582,33151377.1,130561.25982,471399.85686,15075376.938,68236.175934,2831228.9053,2.2805022306e-08,-5.7247703793e-10,5.669810881e-10,5.3956880328e-15,8.6614794286e-08,6.8555334012e-10,5.7342626893e-10,1.5814338731e-10,-5.2700857561e-11,-1.0372883324e-06,9.801806799e-07,-7.248053084e-10,-5.5430362426e-06,2.3120557304e-09,6.7212080946e-14,0.24522630921,7.5649917117e-10,0.13542967147,7.4867256085e-05
naca001264a08cli0.2,ok,,3.1991456076,33035742.285,111703.71985,408467.2761,15048325.908,57886.848513,2804363.4422,-2.4728469941e-08,1.5278762145e-08,-1.0338311135e-07,-2.7295056873e-07,9.1405254675e-08,-2.415877778e-09,1.7454912234e-07,1.113159548e-07,-1.6051988167e-09,-1.5863904722e-06,-1.3347112609e-06,-7.9307180697e-09,6.5343468616e-06,-7.850448615e-08,-2.0619097761e-07,0.24716001394,0.012852078905,0.17720571688,0.019497786262
naca0015,ok,,3.2417684279,33475883.71,180502.6671,657807.48648,15051527.177,99285.003832,2897231.6039,2.2496422114e-08,-2.1364357339e-09,2.0043296515e-09,-1.9605844604e-13,8.3323365585e-08,2.4814609758e-09,3.1243182928e-09,8.9461003828e-10,-2.4024726982e-10,-4.3717167078e-07,5.0815858671e-07,-2.8985369227e-09,-3.8024597601e-06,8.3027044999e-09,-8.3480932648e-13,0.24140708812,-5.4313291497e-10,0.078910652557,0.00056394778473
naca0021,ok,,3.3083012337,34162929.845,338564.49348,1154798.0671,14995569.887,196917.92335,3030406.6599,2.1941086497e-08,-2.8508285264e-09,2.613000066e-09,-2.4109809945e-13,7.781961993e-08,3.4984264548e-09,4.117147897e-09,1.1419707963e-09,-4.9678727716e-10,-2.9682428588e-07,2.5402249954e-07,-3.7546519109e-09,-1.9134596e-06,1.1080283308e-08,-1.1213130132e-12,0.23582509451,-4.5952073155e-09,0.100494164,0.0013939200923
naca0018,ok,,3.2735460297,33804032.782,254570.62656,896856.47019,15032689.324,143843.25606,2961561.622,2.2230150686e-08,-2.5040018623e-09,2.322711975e-09,-1.8417391054e-13,8.0585743221e-08,2.9915825741e-09,3.6357424591e-09,1.025884446e-09,-3.5850679851e-10,-3.5331614955e-07,3.4938332485e-07,-3.3482187997e-09,-2.6222268193e-06,9.7323637604e-09,-8.8833800306e-13,0.2386596444,-4.0040958723e-09,0.089943913565,0.00092555323581
naca0024,ok,,3.3456943796,34549067.421,431295.56127,1426654.0106,14939129.201,258664.55079,3102916.1951,2.1633576393e-08,-3.1806235834e-09,2.8792427271e-09,-1.8455327329e-14,7.5072503889e-08,4.0015984344e-09,4.5762226872e-09,1.2450779574e-09,-6.5133087217e-10,-2.5585295966e-07,1.9234420699e-07,-4.1241238055e-09,-1.4549265988e-06,1.2360374263e-08,-4.0364023465e-13,0.23294368812,-1.9547310523e-08,0.11034824584,0.0019737045324
naca1412,ok,,3.2141580709,33190767.386,117707.9013,446391.5405,15054332.971,63403.889503,2839647.7687,-2.3143009609e-08,4.9169267973e-10,-4.1382091688e-08,-1.1368546904e-07,8.6144583758e-08,-4.1155803725e-09,9.1571486626e-08,5.6886975796e-08,2.7762507542e-11,-5.6851235962e-07,-8.0016489121e-07,-1.5502728166e-08,5.9588402e-06,-5.5671114297e-09,-3.1767878415e-08,0.24396902016,0.0067167246686,0.066918396716,0.01077868751
naca1408,ok,,3.18226951,32861472.5,53174.808654,213037.841,15035394.097,27966.834907,2771540.2418,-2.392512152e-08,3.4560396331e-09,-9.5720060604e-08,-2.5596275802e-07,8.9632109134e-08,-3.8810841928e-09,2.1045022401e-07,1.2791977783e-07,-2.4633856605e-10,-1.0043031313e-06,-1.8192373286e-06,-3.2193226076e-08,1.3519305171e-05,-2.2592894522e-08,-7.1081641524e-08,0.24700774716,0.0066674610649,0.053403626839,0.011190650393
naca1410,ok,,3.1973511268,33017211.711,82717.134474,321908.22946,15035426.186,44020.943669,2803964.335,-2.3440186533e-08,1.2768188528e-09,-5.9409909238e-08,-1.6162229894e-07,8.7892221657e-08,-4.3537429902e-09,1.3102657893e-07,8.0787421664e-08,-7.3920904302e-11,-7.1921610679e-07,-1.1547118842e-06,-2.1374019235e-08,8.5820668624e-06,-9.917343828e-09,-4.4033076826e-08,0.24556727401,0.0066387893575,0.059491495422,0.010838143149
naca16006,ok,,3.1623137506,32655400.817,34273.460918,129060.5477,14998062.445,17043.462869,2725892.9787,2.3170301751e-08,2.3743878272e-10,-2.5347144871e-10,5.9329956853e-13,9.1557324018e-08,-3.1851116495e-10,-9.0628055758e-11,-2.0347728444e-11,1.1791432162e-11,-6.1373217561e-06,5.0910979158e-06,2.7353962325e-10,-2.2196938839e-05,-1.0155789521e-09,2.2940130148e-12,0.24957546669,-3.539961287e-10,0.21034725735,-3.1061371271e-06
naca16009,ok,,3.1816059068,32854619.852,77935.394305,285042.31146,15032264.693,39338.940825,2768131.8682,2.3034042948e-08,-1.1785016352e-10,1.2471714099e-10,1.969958323e-13,8.9838343823e-08,1.5987287666e-10,4.0946574501e-11,9.2760492249e-12,2.6995439307e-11,-2.7578033745e-06,2.2145892962e-06,-1.3403295392e-10,-9.6162652298e-06,5.0151596795e-10,7.7017796943e-13,0.24868438252,-2.1497155779e-10,0.21493049341,3.1911874291e-06
naca16012,ok,,3.1998716985,33043240.21,135772.47757,485109.98927,15030575.023,69754.671949,2804117.9599,2.2902456869e-08,4.6162728124e-10,-4.8566025897e-10,2.6210414718e-13,8.8512092439e-08,-6.3233248775e-10,-1.6190333551e-10,-3.6809723903e-11,3.55232606e-11,-1.5940931696e-06,1.2439458527e-06,5.2244038869e-10,-5.4225927545e-06,-1.9566986093e-09,9.3997321025e-13,0.24819834807,-2.0092379267e-09,0.21643397911,-2.1982016989e-05
naca16015,ok,,3.2243938385,33296466.288,208860.37138,724377.88809,15035264.301,109651.31709,2853545.1702,2.2729682852e-08,5.7179334565e-10,-5.9683353408e-10,1.3072087881e-13,8.6674014366e-08,-7.963252469e-10,-1.9189399717e-10,-4.3315600169e-11,4.6603535837e-11,-1.0516465335e-06,7.9125581341e-07,6.4006056688e-10,-3.4493613555e-06,-2.4131346421e-09,5.5792840309e-13,0.24732821508,7.9722618044e-10,0.21964728555,-4.0079051514e-05
naca16018,ok,,3.252642066,33588169.535,295066.36438,992504.21893,15030856.673,158710.54931,2909701.0742,2.2532860217e-08,6.7494981089e-10,-6.9842617186e-10,5.7353712457e-14,8.4693718055e-08,-9.5664678651e-10,-2.1597927732e-10,-4.8322677308e-11,5.5298572594e-11,-7.548862879e-07,5.4662610026e-07,7.4670170391e-10,-2.382943027e-06,-2.8342310347e-09,4.7975656074e-13,0.2464334024,9.6613982152e-09,0.22274155249,-6.3728220141e-05
naca16021,ok,,3.2843334694,33915428.487,392935.44752,1281117.9907,15015689.983,217056.48892,2971915.6934,2.2315078912e-08,7.7413061016e-10,-7.936846159e-10,6.0197528753e-15,8.2620359328e-08,-1.1169630959e-09,-2.3557273184e-10,-5.2305163562e-11,6.123067633e-11,-5.736942503e-07,3.9965008428e-07,8.4595916295e-10,-1.7422434016e-06,-3.2325759578e-09,5.0358296379e-13,0.24554074248,2.5532437697e-08,0.22542480698,-9.2564876809e-05
naca23012,ok,,3.2207279932,33258611.205,118233.35808,445646.55274,15060790.351,63727.426944,2856880.9626,-2.3867931859e-08,7.4207109167e-09,-8.2863645943e-08,-2.234042911e-07,8.8738572891e-08,2.6184970783e-08,1.2705847234e-07,8.116437688e-08,-1.2897520591e-09,-5.6613806579e-07,-7.8720652485e-07,1.7001918148e-09,5.9235407226e-06,-9.1353198182e-08,-2.5820916831e-07,0.24294307561,0.010242188221,0.066936404657,0.015022549858
naca23015,ok,,3.2458589634,33518124.325,180777.37498,658982.8565,15066482.097,99609.356755,2906846.1047,-2.3260517432e-08,4.6376974327e-09,-5.3668935546e-08,-1.4558447033e-07,8.5380009543e-08,1.737864463e-08,8.0237267644e-08,5.2294757537e-08,-6.8074558656e-10,-4.3447836608e-07,-5.0434703055e-07,1.3750831287e-09,3.7905599421e-06,-5.8871763365e-08,-1.7034219432e-07,0.24093195753,0.010416626292,0.078543858506,0.01450508262
naca23021,ok,,3.3125592887,34206900.338,338852.43559,1154648.0616,15008911.946,197149.95527,3041293.3516,-2.2353489677e-08,1.2482418689e-09,-2.7214672786e-08,-7.7552744221e-08,7.8825169638e-08,8.4975538436e-09,3.8292220398e-08,2.7219185195e-08,3.9174882975e-11,-2.9434795991e-07,-2.5315273511e-07,-3.9904775798e-12,1.9110897104e-06,-2.6737552172e-08,-9.3667877606e-08,0.23528746305,0.010948550378,0.099740523126,0.012975412146
naca23024,ok,,3.3422962829,34513977.228,435182.01767,1444956.4186,15016349.326,258689.28394,3093743.6947,-2.2089788122e-08,2.2527458644e-09,-2.242544002e-08,-6.0625144343e-08,7.5858458511e-08,8.0813577011e-09,3.0554751547e-08,2.0416470613e-08,2.4706681492e-10,-2.5905246227e-07,-1.9309217959e-07,2.0091870294e-09,1.4610111239e-06,-2.5870017073e-08,-7.411049855e-08,0.23099665853,0.011259019365,0.11273497321,0.013296878428
naca23018,ok,,3.2774147739,33843983.085,254798.12147,897664.11973,15045540.02,144086.67552,2971014.106,-2.2773381702e-08,2.5764148158e-09,-3.7104382821e-08,-1.028319719e-07,8.2004385991e-08,1.1880103621e-08,5.3994946431e-08,3.6575100201e-08,-2.7199015613e-10,-3.4966340291e-07,-3.4767826235e-07,5.3015139252e-10,2.6178916307e-06,-3.8809966479e-08,-1.2173347696e-07,0.23819859388,0.010642114842,0.089093578208,0.01375781092
naca2408,ok,,3.1847331035,32886912.619,53529.228156,222137.80775,15036274.79,28818.75581,2775426.5967,-2.6577693132e-08,8.0471860209e-09,-1.866665451e-07,-4.9622889971e-07,9.0941070701e-08,-8.1202550266e-09,4.202158087e-07,2.4758018535e-07,-1.148289495e-09,-1.0427303019e-06,-1.7820514522e-06,-6.0904763777e-08,1.3119905196e-05,-4.8049500409e-08,-1.3736389387e-07,0.24694422208,0.013323343117,0.055816548237,0.022493827899
naca2410,ok,,3.199808109,33042583.558,82870.43614,329466.21161,15047232.471,44744.692366,2808039.7979,-2.5178673312e-08,4.6780418073e-09,-1.1996536886e-07,-3.2062932316e-07,8.8706265902e-08,-6.7523904302e-09,2.6801674151e-07,1.5968831205e-07,-6.6475225087e-10,-7.3320943537e-07,-1.1428201358e-06,-3.9718057296e-08,8.4473655662e-06,-2.8682149565e-08,-8.9098845528e-08,0.24549731634,0.013367952082,0.06076138569,0.022210664261
naca2412,ok,,3.2166625348,33216629.548,117869.13658,453095.06323,15053676.611,64234.063752,2843800.3297,-2.4343505443e-08,2.6781411922e-09,-8.3305588432e-08,-2.244343829e-07,8.6660213475e-08,-6.5219297464e-09,1.860208062e-07,1.1179180996e-07,-3.5458096338e-10,-5.6535987553e-07,-7.9302781693e-07,-2.8483858784e-08,5.8819349709e-06,-1.6987612989e-08,-6.1146362343e-08,0.24393362605,0.013458451817,0.066638480386,0.021926111813
naca2411,ok,,3.1998398989,33042911.833,99864.99553,398800.16049,14995405.666,54691.27626,2802175.6564,-2.5816475561e-08,4.5254343662e-09,-1.2250708969e-07,-3.2826681225e-07,8.7953025201e-08,-9.4559451293e-09,2.7671665021e-07,1.6384839793e-07,-7.52102242e-10,-6.3684259953e-07,-9.2535706558e-07,-4.1336966401e-08,6.9079127841e-06,-2.4917912786e-08,-8.250852906e-08,0.24230383655,0.016860285801,0.063598283355,0.027634307037
naca2415,ok,,3.2450322947,33509587.791,180734.63466,665311.5522,15053316.963,100452.17275,2902693.5657,-2.352806244e-08,9.4796053198e-10,-5.2818962197e-08,-1.4471746927e-07,8.3729995877e-08,-6.2125587582e-09,1.1784697203e-07,7.184881005e-08,-5.8922162648e-11,-4.2407479697e-07,-5.0495295762e-07,-1.9028319257e-08,3.758617768e-06,-7.6633594581e-09,-4.0288443525e-08,0.2413383457,0.013560703123,0.0766450035,0.021299029436
naca2418,ok,,3.2767823794,33837452.709,254809.37592,902271.85785,15034537.931,145125.67337,2967142.5379,-2.2946179513e-08,-2.0261667826e-10,-3.6037605623e-08,-1.0133310445e-07,8.0841034916e-08,-6.1729337328e-09,8.0539742183e-08,5.0128784401e-08,1.7213977503e-10,-3.406069929e-07,-3.4799977172e-07,-1.4089760841e-08,2.5990535408e-06,-1.8972380885e-09,-2.9308364415e-08,0.23858344312,0.013691505568,0.086789855294,0.020522281443
naca2421,ok,,3.3115652536,34196635.507,338597.24917,1157515.9795,14999425.029,198238.10964,3036224.2478,-2.2467760519e-08,-1.0204473907e-09,-2.5850801617e-08,-7.5211410762e-08,7.7972322422e-08,-6.286659287e-09,5.8039095837e-08,3.7117657698e-08,3.8614651876e-10,-2.8508724793e-07,-2.5315871404e-07,-1.1266135089e-08,1.9006313214e-06,2.0928553381e-09,-2.2455943268e-08,0.23571986963,0.013860725595,0.096529757923,0.019651878195
naca2424,ok,,3.3407448537,34497956.505,434050.77866,1443922.4738,14980628.166,259899.32481,3086172.1942,-2.2171964231e-08,-2.1737009244e-10,-2.0599064219e-08,-5.8553249506e-08,7.5307977141e-08,-4.9791113134e-09,4.4777240677e-08,2.8233610756e-08,5.4297178357e-10,-2.5551943282e-07,-1.9277428909e-07,-7.6341402759e-09,1.4530329137e-06,-4.2848652353e-10,-1.8445208253e-08,0.23154126937,0.014108319031,0.11090840878,0.019435596182
naca4412,ok,,3.2265027854,33318244.173,119209.50549,482845.12817,15045971.731,67913.990532,2859902.4411,-2.8764994333e-08,7.0058302497e-09,-1.5855574858e-07,-4.2301448513e-07,8.8553082311e-08,-1.2814217217e-08,3.7019912272e-07,2.0990978522e-07,-1.8440313049e-09,-5.8709451405e-07,-7.620169988e-07,-5.1349099891e-08,5.5636046213e-06,-3.8661251329e-08,-1.163127033e-07,0.24368062044,0.026805418612,0.069987246695,0.044131254351
naca4415,ok,,3.2473917328,33533952.354,183320.53192,697427.08039,15009838.692,104837.23902,2899638.2829,-2.6492534902e-08,3.8431187262e-09,-1.0286157257e-07,-2.7711160239e-07,8.4726250446e-08,-1.1690941935e-08,2.365906039e-07,1.3736412032e-07,-9.3344092035e-10,-4.3137552859e-07,-4.9087778645e-07,-3.4500070859e-08,3.6009134613e-06,-1.9731200027e-08,-7.1684518281e-08,0.23962243791,0.027252400082,0.079079991356,0.043371915354
naca4418,ok,,3.2860090681,33932731.434,255372.83901,919978.74733,15027351.114,148813.48405,2982777.9236,-2.5008444336e-08,2.0435295427e-09,-7.2335855417e-08,-1.9721061214e-07,8.1610218349e-08,-9.1345697557e-09,1.6471594267e-07,9.6651622694e-08,-5.1728300933e-10,-3.3318120473e-07,-3.4232381679e-07,-2.4314146065e-08,2.5345194832e-06,-1.2960752831e-08,-5.7178119726e-08,0.23840138435,0.02732115277,0.085085430158,0.04206397791
naca4421,ok,,3.3202368232,34286181.834,339107.16078,1169643.489,14994310.216,202002.88462,3051272.5865,-2.4005738641e-08,8.0181091387e-10,-5.3168870458e-08,-1.474653098e-07,7.8551008223e-08,-8.7243861391e-09,1.2026919254e-07,7.166152202e-08,-1.2734174619e-10,-2.7786391625e-07,-2.515349672e-07,-1.8491555237e-08,1.8648879257e-06,-6.5793359471e-09,-4.4363787723e-08,0.23562758333,0.027679195473,0.094225643724,0.04078414441
naca4424,ok,,3.3499074853,34592573.748,433897.67045,1448315.8298,14960997.392,263767.41856,3103602.6007,-2.3337042664e-08,7.8455275898e-10,-4.1485839671e-08,-1.1499989849e-07,7.562288485e-08,-8.0260112732e-09,9.1632252439e-08,5.5021893753e-08,1.4557024903e-10,-2.4635444717e-07,-1.9114349883e-07,-1.353522311e-08,1.4298936075e-06,-5.2763780578e-09,-3.5668164105e-08,0.23132279372,0.028159642751,0.10689262073,0.039759020871
naca63206,ok,,3.1164318497,32181604.735,26827.918977,120428.81819,14709972.096,14360.807907,2597274.3007,-2.5662811265e-08,1.186477075e-08,-2.0672885551e-07,-5.4877233137e-07,9.2068511922e-08,-3.3094864524e-08,4.453070017e-07,2.7571855713e-07,2.2212691407e-10,-2.1087197619e-06,-3.6088699263e-06,-6.8972104426e-08,2.6336904971e-05,1.9661928975e-08,4.2869794108e-08,0.24000457499,0.0080285746827,0.056572562918,0.011946660161
naca63209,ok,,3.1445071932,32471522.709,59821.788447,256475.05322,14803680.028,32469.154606,2669424.4664,-2.4242277235e-08,4.2120019779e-09,-9.1419953906e-08,-2.4497555495e-07,9.0102184501e-08,-1.5613143626e-08,2.0164754288e-07,1.2340268975e-07,1.583028663e-10,-9.4740314036e-07,-1.5779441222e-06,-3.1977004284e-08,1.164400771e-05,1.0466806265e-08,1.4524586422e-08,0.24082932218,0.008067726344,0.056675350237,0.012062916651
naca632615,ok,,3.2106775803,33154826.351,157271.76185,647510.24334,14778395.258,92053.066442,2801268.8453,-2.5865667101e-08,3.4978695315e-09,-9.7067076575e-08,-2.634653039e-07,8.5186416478e-08,-1.8472216188e-08,2.2446490977e-07,1.3118647006e-07,3.6303500372e-10,-3.7041502994e-07,-5.4648401662e-07,-3.4116819728e-08,4.0987783375e-06,1.1340080231e-08,4.099079471e-09,0.23890850504,0.024342940733,0.058255824376,0.035301991833
naca632a015,ok,,3.2209773306,33261185.97,170656.3231,646504.94183,14858624.66,94730.812534,2838931.0252,-2.3305846571e-08,3.7613764222e-09,-4.9508587104e-08,-1.3755311024e-07,8.6971029343e-08,1.1594854364e-08,7.6558851845e-08,5.0067102287e-08,-5.972346048e-10,-5.2869691299e-07,-5.8365336258e-07,-5.5748128107e-10,3.9776419101e-06,-4.854357785e-08,-1.5447865883e-07,0.24113545177,0.0095038744974,0.090225471207,0.013065252157
naca633018,ok,,3.2248470064,33301145.893,218476.51057,860641.1219,14557498.986,129043.73851,2822141.7219,2.2467664964e-08,-4.4314397131e-09,4.1682117889e-09,-1.6328433692e-13,8.3731176891e-08,7.2343140645e-09,7.5500248262e-09,1.9367279029e-09,-2.266622821e-10,-2.935680276e-07,3.6759153593e-07,-6.1040194272e-09,-2.9059887099e-06,1.7639444621e-08,-8.1481777459e-13,0.23630124773,-3.7755771716e-09,0.064137718284,0.0016495030787
naca633218,ok,,3.2326070011,33381278.908,219739.28529,867787.23171,14693625.107,129426.55412,2839925.2822,-2.2799708913e-08,-1.199371048e-09,-2.2129293928e-08,-6.5179402801e-08,8.3507674491e-08,-7.2737718214e-09,4.9963650218e-08,3.2728693156e-08,2.8887111181e-10,-2.8343689826e-07,-3.691648285e-07,-1.0598333559e-08,2.9138771632e-06,8.9571104727e-09,-3.6751613677e-09,0.23706745231,0.00832318315,0.062282221449,0.01097897679
naca633618,ok,,3.2406327329,33464156.038,218622.91307,869715.49928,14710311.858,131119.79632,2856864.7661,-2.4702082572e-08,1.2726832054e-09,-6.7824480912e-08,-1.8731500884e-07,8.3056267124e-08,-1.49131785e-08,1.5754162751e-07,9.273284308e-08,3.8711468915e-10,-2.7152004098e-07,-3.7390974108e-07,-2.490678952e-08,2.8738561838e-06,1.1067705963e-08,-1.5046723754e-09,0.2371749357,0.024513914009,0.059360502317,0.034442209536
naca633418,ok,,3.2296122314,33350353.639,217784.68778,859938.66121,14583217.758,129885.65415,2831841.9812,-2.3428988602e-08,-1.565263862e-09,-4.3316836004e-08,-1.2651775015e-07,8.3360394848e-08,-1.4095409202e-08,1.0119585701e-07,6.3235038575e-08,4.3190849263e-10,-2.6664954096e-07,-3.7098641646e-07,-1.9916458061e-08,2.8874315855e-06,1.7896181597e-08,1.0575516211e-09,0.23611267442,0.016465273688,0.058072187025,0.022038908124
naca634221,ok,,3.2633108263,33698339.705,287951.02267,1109172.874,14604567.331,174804.1591,2894599.55,-2.2461246975e-08,-2.053599349e-09,-1.5056736311e-08,-4.7637786405e-08,8.1242247459e-08,-7.9744721383e-09,3.5213558094e-08,2.4299485592e-08,3.882239782e-10,-2.3295456571e-07,-2.6959933302e-07,-9.2422928678e-09,2.154455183e-06,1.1631385874e-08,-1.6851185188e-09,0.23512313287,0.0082580247399,0.067079505432,0.010139780065
naca634421,ok,,3.266647835,33732799.08,287518.85376,1108265.3203,14606304.346,175690.02121,2901344.7777,-2.2991105335e-08,-1.1559355909e-09,-3.2603960213e-08,-9.4692557517e-08,8.1095881861e-08,-1.0770943588e-08,7.5664418183e-08,4.7023095161e-08,4.3566736397e-10,-2.2443317631e-07,-2.7009311978e-07,-1.4418280895e-08,2.142432796e-06,1.1692687145e-08,-3.2701911282e-09,0.23512918399,0.016501452127,0.064528769598,0.021754946786
naca63a210,ok,,3.1853661455,32893449.68,78545.684688,314602.81953,14925535.436,42252.847037,2759691.3678,-2.4071586029e-08,4.4782107974e-09,-8.4196188013e-08,-2.2565736205e-07,8.8948376599e-08,-1.6562647519e-08,1.8605634756e-07,1.1520627265e-07,4.1884304711e-12,-1.0676253897e-06,-1.3639473345e-06,-3.1005999736e-08,8.9480208926e-06,3.3039587368e-10,-1.1211069457e-08,0.24517501724,0.0094185288396,0.08385736722,0.01461392321
naca6412,ok,,3.2447980657,33507169.043,121407.36786,534254.02611,15039727.391,74331.54083,2892296.5282,-3.5082247937e-08,1.1052266803e-08,-2.1781402048e-07,-5.7849277302e-07,9.0486757091e-08,-2.4561389886e-08,5.5004767341e-07,2.8754637361e-07,-3.8626602742e-09,-6.3490909761e-07,-7.1043306497e-07,-6.9726142705e-08,5.0850810759e-06,-5.4096882682e-08,-1.5263498255e-07,0.24269681501,0.040252038522,0.077082642372,0.066779840227
naca641112,ok,,3.1748313819,32784663.218,104451.20426,426652.49758,14828943.35,57449.651841,2733914.9616,-2.3180955112e-08,3.923708112e-10,-2.508332599e-08,-6.9806198853e-08,8.8219410002e-08,-6.7787350298e-09,5.5877219751e-08,3.5387577839e-08,8.732612082e-11,-6.9224485689e-07,-9.350711651e-07,-1.0302224623e-08,6.5797781695e-06,6.2371667049e-09,2.2003443537e-09,0.2412084854,0.004040832814,0.072305808946,0.0058364428937
naca64206,ok,,3.1180421787,32198233.679,27225.086913,119930.4211,14772208.411,14472.629321,2612474.316,-2.5651089819e-08,1.4035358541e-08,-2.0612666933e-07,-5.4680378895e-07,9.1914173705e-08,-4.0900374277e-08,4.4926169891e-07,2.7595778359e-07,2.7804357873e-10,-2.7740026302e-06,-3.8845224366e-06,-6.9813081938e-08,2.6135326074e-05,1.9429785989e-08,4.3687128153e-08,0.2410265227,0.0080660850552,0.075522462705,0.0122311888
naca64208,ok,,3.1398852018,32423794.054,47854.399585,204380.33439,14818954.243,25693.52547,2661364.9816,-2.4544153812e-08,7.0910850774e-09,-1.1598407338e-07,-3.0912315315e-07,9.0745430237e-08,-2.255193197e-08,2.5425494172e-07,1.5582801063e-07,1.4941680234e-10,-1.5095960176e-06,-2.1539474989e-06,-3.9836120617e-08,1.4718569118e-05,1.0616073122e-08,1.8040384012e-08,0.24188799181,0.0080545855361,0.072240811037,0.012167217577
naca64209,ok,,3.149328839,32521313.081,60160.889874,253875.96651,14829852.692,32501.759479,2681669.5505,-2.4214333134e-08,5.1906010535e-09,-9.1430673462e-08,-2.4451085453e-07,9.0078452677e-08,-1.8255940879e-08,2.0141190833e-07,1.2336994201e-07,1.3224886674e-10,-1.1938878266e-06,-1.6907060899e-06,-3.1933292073e-08,1.1634212409e-05,9.2842992602e-09,1.3324801522e-08,0.2418445669,0.0080517724354,0.071825354055,0.012117119636
naca64210,ok,,3.1580200016,32611061.734,73745.855281,308085.29063,14833178.972,40101.747148,2699772.2894,-2.3965056971e-08,3.8762379116e-09,-7.4047941883e-08,-1.9889022597e-07,8.9480365987e-08,-1.5120222582e-08,1.6333133281e-07,1.001587758e-07,1.177852536e-10,-9.7068110746e-07,-1.3613818714e-06,-2.6106586766e-08,9.4280777674e-06,8.0784385361e-09,8.7972242464e-09,0.24176601236,0.0080611377665,0.071583708474,0.012045008832
naca642215,ok,,3.2030480531,33076040.603,158875.93505,634086.02723,14792994.641,89931.642286,2788243.4107,-2.3168744577e-08,3.8880668359e-10,-3.2221320688e-08,-9.0026641375e-08,8.6030570338e-08,-9.0730564033e-09,7.2419579346e-08,4.5305235969e-08,1.5898824223e-10,-4.6840164036e-07,-5.8868426155e-07,-1.3082354775e-08,4.2001205353e-06,7.8644125637e-09,1.13436757e-09,0.23989977584,0.0081207173005,0.074417748591,0.011505728385
naca642415,ok,,3.2064307718,33110971.997,158903.55646,638467.64271,14794285.18,90828.686438,2794683.6273,-2.4199791504e-08,2.5017681681e-09,-6.5338926728e-08,-1.78162608e-07,8.5802685521e-08,-1.5205530263e-08,1.4758958016e-07,8.8997184355e-08,2.2227378487e-10,-4.629116541e-07,-5.8775136394e-07,-2.3656263017e-08,4.157499319e-06,8.9534916912e-09,2.3074185002e-09,0.239895701,0.016232553685,0.073558308164,0.023452509185
naca643218,ok,,3.2317271143,33372192.822,221451.43873,862795.8817,14723895.632,128933.01526,2840585.1013,-2.2823984973e-08,-7.2349857678e-10,-2.1784813787e-08,-6.3567107453e-08,8.3867069146e-08,-8.2167917325e-09,4.9702839106e-08,3.2067315421e-08,2.2639943052e-10,-3.5018167528e-07,-4.0346096663e-07,-1.0281579115e-08,2.9268930693e-06,9.0526430855e-09,-5.249451462e-10,0.23821932464,0.0081797755333,0.077548235807,0.011006765229
naca643418,ok,,3.2350707819,33406720.96,222487.00043,871103.94878,14772510.7,129876.64503,2847203.3162,-2.3613508449e-08,2.4544680558e-09,-4.7017511989e-08,-1.2615109479e-07,8.3701696616e-08,-9.9707488898e-09,1.0525019484e-07,6.2267232864e-08,1.8564922263e-10,-3.5789848938e-07,-4.0331467994e-07,-1.5248893112e-08,2.9119568354e-06,2.1272602167e-09,-2.0586695006e-09,0.23821969584,0.016320388645,0.079627761361,0.023416800145
naca643618,ok,,3.2408121292,33466008.562,221151.38671,869412.44298,14729084.282,131383.76094,2858368.2719,-2.4725752418e-08,2.1951420784e-09,-6.7921423776e-08,-1.8677911534e-07,8.3380497111e-08,-1.6791790216e-08,1.5645646948e-07,9.2565767597e-08,3.2365508175e-10,-3.3516590246e-07,-4.0267951899e-07,-2.4642893842e-08,2.8700893386e-06,1.0043289643e-08,-1.3036069228e-09,0.2382407204,0.024498939241,0.074122404105,0.034600565186
naca644221,ok,,3.262633443,33691344.757,291636.38317,1110316.0304,14625400.535,175094.84456,2894637.2371,-2.2497625996e-08,-1.5936200922e-09,-1.5263187083e-08,-4.748362736e-08,8.1622515263e-08,-8.0973521429e-09,3.5529776882e-08,2.4097073961e-08,3.1764744452e-10,-2.784417046e-07,-2.9179487927e-07,-8.8334482161e-09,2.1525518316e-06,1.0594326935e-08,-1.4680167114e-09,0.23623222555,0.008253417291,0.081203731653,0.010361775625
naca644421,ok,,3.2660120352,33726233.541,291256.35723,1109690.935,14627259.147,176019.5219,2901446.7466,-2.3027723812e-08,-5.3919645807e-10,-3.2771904256e-08,-9.439538851e-08,8.1469585089e-08,-1.1469781191e-08,7.5443531967e-08,4.685137828e-08,3.6160840611e-10,-2.7042815026e-07,-2.9202743883e-07,-1.4078816854e-08,2.140201178e-06,1.072273619e-08,-2.8688608472e-09,0.23624129412,0.016496139564,0.078763917937,0.021973408298
naca64a010,ok,,3.1750046917,32786452.89,78423.108915,307542.81283,14866581.317,41710.300202,2745926.4069,2.2986098536e-08,2.8486698199e-09,-2.8066815171e-09,1.7934348487e-13,8.9004371427e-08,-4.1067505499e-09,-3.6120932315e-09,-9.8511286978e-10,-3.7027460252e-11,-1.2316764191e-06,1.4335120884e-06,3.7900094581e-09,-9.0380420968e-06,-1.1484319426e-08,1.6008780924e-12,0.24439945383,8.8388400001e-09,0.096591893963,-0.00028327158091
naca64a210,ok,,3.1802194642,32840302.854,78852.820341,313897.6592,14957180.632,42156.513564,2757902.213,-2.4110059752e-08,5.3859536593e-09,-8.4330466863e-08,-2.2544062316e-07,8.9097148375e-08,-1.8757716957e-08,1.881351438e-07,1.1489726655e-07,-8.6662425432e-12,-1.2331803556e-06,-1.4392593867e-06,-3.0562468098e-08,8.9700985987e-06,-3.7909772893e-10,-1.0909657634e-08,0.24543522203,0.0093909138243,0.097239749024,0.014834986693
naca64a410,ok,,3.1852664672,32892420.36,79398.039662,327295.90065,14957217.608,43675.914244,2766725.3285,-2.7182274234e-08,1.1571471283e-08,-1.6321148531e-07,-4.3475045024e-07,8.9081080535e-08,-3.7306745356e-08,3.7508210026e-07,2.2131662557e-07,-1.6979534166e-10,-1.2574800149e-06,-1.4183110479e-06,-5.8098843491e-08,8.6559982901e-06,-3.1733838044e-09,-2.0788881656e-08,0.24537053309,0.01876534918,0.099841448101,0.029780783473
naca651212,ok,,3.1785166998,32822719.384,109467.35476,437374.18542,14859382.312,59630.600383,2742734.3568,-2.3579377281e-08,3.871783375e-09,-5.0413025826e-08,-1.3455858189e-07,8.8462626216e-08,-1.3157678296e-08,1.0993697015e-07,6.7461504388e-08,5.2486441564e-11,-9.5724186561e-07,-1.0332717985e-06,-1.7046225488e-08,6.3432688033e-06,3.2957391799e-09,3.4392756672e-09,0.24270516253,0.0080735848204,0.10478673489,0.012034509313
naca651212a06,ok,,3.1791356728,32829111.163,109609.50276,440687.76278,14855095.913,59981.259082,2743373.5245,-2.3996740342e-08,4.7021413254e-09,-6.7005672865e-08,-1.7849266895e-07,8.9055377246e-08,-9.6305459922e-09,1.4805689943e-07,8.8061030968e-08,-3.4549703159e-10,-9.5832712986e-07,-1.0280382983e-06,-2.1052535136e-08,6.3057032203e-06,-1.935984921e-08,-5.6691885876e-08,0.24264417027,0.0098812322959,0.10504176018,0.016228443126
naca651412,ok,,3.1819588862,32858264.868,109647.96988,443751.35224,14863055.822,60509.975516,2749177.5949,-2.5133772791e-08,8.050876731e-09,-9.9576048019e-08,-2.6498257896e-07,8.816813844e-08,-2.5901897282e-08,2.2009112965e-07,1.3279061569e-07,1.2187740953e-10,-9.6265217797e-07,-1.0260582768e-06,-3.3211319774e-08,6.2505876477e-06,5.2915350049e-09,6.9480484081e-09,0.24269610083,0.01613612809,0.10555285701,0.024132545554
naca65206,ok,,3.1271780096,32292574.167,28422.808681,121397.02118,14817608.828,14982.812703,2634993.6055,-2.5528432408e-08,1.762845809e-08,-1.9982331328e-07,-5.2893006232e-07,9.1857130676e-08,-5.1350528576e-08,4.3248986633e-07,2.6699782439e-07,1.961309799e-10,-3.7652710649e-06,-4.239446319e-06,-6.7159414231e-08,2.5249149554e-05,1.3806839069e-08,3.3526981251e-08,0.24274299946,0.0080467988211,0.10701957911,0.012292576727
naca65209,ok,,3.1540993683,32570575.601,62960.796063,258558.68901,14861005.73,33633.661864,2693673.0625,-2.4168948486e-08,7.4296095559e-09,-8.9254485127e-08,-2.368741104e-07,9.0255771037e-08,-2.2434492898e-08,1.9377558692e-07,1.1921379362e-07,7.1298161723e-11,-1.658690436e-06,-1.8587947044e-06,-2.9954679935e-08,1.1247009378e-05,5.0954878488e-09,9.6697453308e-09,0.24332702917,0.008046081588,0.10443247027,0.01220026521
naca65210,ok,,3.1621971166,32654196.405,77202.159407,313994.60994,14864101.433,41490.96166,2710309.8285,-2.3931826247e-08,5.8919651461e-09,-7.2402791217e-08,-1.9243143779e-07,8.9680141428e-08,-1.8309036823e-08,1.5741340265e-07,9.6728893546e-08,5.9308106782e-11,-1.3504957823e-06,-1.499148565e-06,-2.4322569553e-08,9.116944195e-06,4.1704038265e-09,6.8030542008e-09,0.24320816418,0.0080528152749,0.10426119067,0.012152654605
naca652215,ok,,3.2038245748,33084059.295,166673.39071,650099.29538,14826556.485,92903.888661,2790368.4619,-2.3201087118e-08,2.1812089291e-09,-3.235950954e-08,-8.7210611295e-08,8.6569567668e-08,-9.1360675619e-09,7.0865132319e-08,4.351815999e-08,6.6263034201e-11,-6.393392409e-07,-6.5413407354e-07,-1.1157277049e-08,4.0710971221e-06,2.9280030607e-09,8.9740550982e-10,0.24158127831,0.0081223462061,0.1065608391,0.011811331887
naca652415,ok,,3.2072763823,33119704.133,166729.16082,654545.52629,14830231.299,93801.973375,2796974.5707,-2.4208707592e-08,4.8367979453e-09,-6.450157582e-08,-1.7261618888e-07,8.6343980764e-08,-1.7417412704e-08,1.4238209014e-07,8.5991374974e-08,9.8629988999e-11,-6.3831726445e-07,-6.5131679063e-07,-2.1488273721e-08,4.0317161016e-06,3.9017678283e-09,1.791536556e-09,0.24158304637,0.016232337578,0.10642610184,0.023739246404
naca652415a05,ok,,3.209906169,33146860.432,167321.91107,666514.41464,14814731.555,95255.91431,2800049.1585,-2.5320788542e-08,6.3659777951e-09,-8.7027475234e-08,-2.3181597639e-07,8.8490145487e-08,-8.1604939151e-09,1.9034735882e-07,1.1085646579e-07,-1.3297251614e-09,-6.3941172601e-07,-6.38581065e-07,-2.3827411122e-08,3.9693609163e-06,-3.7206408573e-08,-1.0532519338e-07,0.24123865301,0.019663581367,0.10698759196,0.031849283844
naca653618,ok,,3.2401625274,33459300.496,232957.28657,896556.15128,14775608.432,135862.00058,2856645.7518,-2.4756222311e-08,4.8421699508e-09,-6.7223774507e-08,-1.8068623952e-07,8.4076303441e-08,-1.8924660542e-08,1.5042915482e-07,8.9361047305e-08,1.3617099554e-10,-4.6160109895e-07,-4.4583769791e-07,-2.2136203407e-08,2.7827118815e-06,4.1566125258e-09,-9.8375765018e-10,0.2401072235,0.024516302839,0.10753333949,0.035043567728
naca65410,ok,,3.1657239739,32690616.237,77445.631426,321511.74946,14868943.176,42355.104045,2716875.9723,-2.6145508493e-08,1.196702256e-08,-1.4195726391e-07,-3.7676387754e-07,8.9300386913e-08,-3.6618062653e-08,3.1446548883e-07,1.8937291141e-07,1.7522917774e-10,-1.3672055351e-06,-1.4832344347e-06,-4.7410120979e-08,8.9303615293e-06,7.3506178826e-09,1.3428814106e-08,0.24320020958,0.016096205651,0.10588409595,0.024353978344
naca654221,ok,,3.2599408135,33663539.516,307278.25661,1148229.727,14675277.993,180895.58056,2887713.3772,-2.2613859453e-08,4.8331358774e-10,-1.6393062274e-08,-4.5968300609e-08,8.2576874851e-08,-6.1648558779e-09,3.6361935647e-08,2.2724325009e-08,1.5469282121e-10,-3.6467321673e-07,-3.2704789016e-07,-6.3309659567e-09,2.0901296653e-06,3.7003772603e-09,-1.1652990999e-09,0.2384303529,0.0082652023057,0.11205615027,0.011173232193
naca653218,ok,,3.2309521017,33364189.713,233081.1331,889341.71475,14764737.546,133372.24724,2838636.2643,-2.2894460407e-08,1.1870915789e-09,-2.2463710596e-08,-6.1477068395e-08,8.4579074515e-08,-7.141002389e-09,4.945112721e-08,3.0521921748e-08,1.015011487e-10,-4.6766721536e-07,-4.4928320228e-07,-8.057700764e-09,2.8354739561e-06,3.119141253e-09,-4.0143043142e-10,0.24007988413,0.0081864809902,0.10900440447,0.011526124763
naca654421a05,ok,,3.26586458,33724710.855,307768.39901,1158539.0691,14667216.766,183396.10976,2897776.5469,-2.3747557479e-08,2.7592161123e-09,-4.5794456161e-08,-1.2380256458e-07,8.3489823977e-08,-5.4890665507e-09,9.8557846786e-08,5.8610005004e-08,-5.9809323692e-10,-3.6117191615e-07,-3.2347675633e-07,-1.2814953841e-08,2.0606684438e-06,-1.7596551208e-08,-5.7649963343e-08,0.23811297115,0.020189802583,0.1111573024,0.030332990715
naca654421,ok,,3.2633966359,33699225.812,307077.04828,1148671.5163,14680150.388,181842.03658,2894646.8189,-2.3138281292e-08,1.8334093805e-09,-3.3408489017e-08,-9.138298148e-08,8.2412590776e-08,-1.0706457798e-08,7.39943743e-08,4.4904929197e-08,1.6315940924e-10,-3.6108007724e-07,-3.2650883448e-07,-1.1495954146e-08,2.078888388e-06,3.9101634378e-09,-2.2697931768e-09,0.23844612077,0.016518853303,0.11087940431,0.02272197405
naca66-018,ok,,3.2332350271,33387764.173,255744.72904,939160.66632,14792373.823,143386.73127,2844779.3294,-2.2673850403e-08,5.109203262e-10,-5.1684496845e-10,-7.8260608939e-12,8.4896381994e-08,8.9652861982e-10,5.0672486115e-10,-1.0655219151e-10,-7.0265021864e-11,-6.0602377063e-07,-4.9654805852e-07,6.232586828e-10,2.6378973798e-06,-2.1865246492e-09,-1.5529363298e-10,0.24151147202,-4.2555938701e-06,0.15498738501,0.00012959221231
naca661212,ok,,3.1842848586,32882283.851,119834.78889,460924.91178,14893086.813,64202.573113,2757295.1276,-2.3520710246e-08,5.5641269942e-09,-4.7476149543e-08,-1.2498829409e-07,8.8528186266e-08,-1.5792904985e-08,1.0101186057e-07,6.2560014146e-08,-3.3232276748e-11,-1.2674498647e-06,-1.1291854986e-06,-1.5082372515e-08,5.8920351786e-06,3.0151858505e-10,2.9093768162e-09,0.24416270112,0.0080701774015,0.15188458697,0.012104734987
naca66206,ok,,3.13739522,32398081.44,30995.646983,127089.12175,14866763.897,16098.597708,2660446.0153,-2.5322499019e-08,2.1719494258e-08,-1.8652388331e-07,-4.9295078952e-07,9.1740708172e-08,-6.4412833288e-08,3.9797208962e-07,2.4888020142e-07,1.1055221083e-10,-4.9570299368e-06,-4.6027336224e-06,-6.234323392e-08,2.3499647634e-05,8.5429277996e-09,2.2959684884e-08,0.24455591144,0.0080262099991,0.15364635001,0.012335402399
naca66209,ok,,3.1612431261,32644345.092,68761.932741,271663.66283,14898507.733,36150.778634,2711700.4969,-2.4065310231e-08,9.6518950657e-09,-8.354453025e-08,-2.2052015276e-07,9.0218575165e-08,-2.8100557265e-08,1.7800558436e-07,1.1094600896e-07,7.0303131673e-12,-2.204898162e-06,-2.0257241294e-06,-2.7397746763e-08,1.0464296316e-05,2.1564580997e-09,7.0331926779e-09,0.24479777988,0.0080342169085,0.15161305912,0.01224000802
naca66210,ok,,3.1687711748,32722082.934,84334.828313,330066.0559,14899881.86,44595.28486,2726939.9889,-2.38469593e-08,7.878944203e-09,-6.7943651567e-08,-1.7919353458e-07,8.9675411478e-08,-2.2702066158e-08,1.4465731107e-07,8.9984502641e-08,-9.9283559451e-12,-1.7957575934e-06,-1.6360597169e-06,-2.203781559e-08,8.4827076377e-06,1.2607794778e-09,5.0265381739e-09,0.24464898883,0.0080460276238,0.15144490834,0.012199649494
naca662215,ok,,3.2090184272,33137693.231,182631.81949,685558.39067,14861408.882,100051.89639,2803459.1479,-2.3170842237e-08,3.7575026095e-09,-3.0878003914e-08,-8.0913761388e-08,8.6724681774e-08,-1.0114275815e-08,6.5412770016e-08,4.0206553245e-08,-5.8354918653e-11,-8.4007220492e-07,-7.1853022945e-07,-9.3277735165e-09,3.7807831265e-06,-6.6658224884e-10,1.1774967058e-09,0.24315582298,0.008124221765,0.15342391529,0.011946453206
naca662415,ok,,3.212551465,33174176.887,182729.84051,689908.82973,14867003.053,100972.20543,2810255.8737,-2.4110964229e-08,7.0532422516e-09,-6.0742183032e-08,-1.6025811544e-07,8.6490606135e-08,-2.0950119366e-08,1.3046445137e-07,7.9754955059e-08,-4.227782172e-11,-8.4112458206e-07,-7.1390819175e-07,-1.9011555899e-08,3.7464253027e-06,3.9888334705e-10,2.3477529559e-09,0.24316748258,0.016239261047,0.15369856073,0.023839748392
naca663218,ok,,3.2356334199,33412531.001,255637.287,938739.3071,14800005.819,143707.89637,2850205.3566,-2.2889720364e-08,2.8357390673e-09,-2.1917554728e-08,-5.6986276247e-08,8.489080781e-08,-6.9052203942e-09,4.6108204188e-08,2.8046381859e-08,-7.5535075536e-11,-6.05928243e-07,-4.9572783886e-07,-6.1282331984e-09,2.6321640651e-06,-1.4124086668e-09,2.1874083571e-10,0.24196134062,0.0081969838927,0.15489785216,0.011786976227
naca663418,ok,,3.2391195611,33448530.381,255644.56696,941396.83867,14806136.282,144648.69043,2857046.5949,-2.3551359671e-08,5.1365899802e-09,-4.3015753269e-08,-1.131490408e-07,8.4685824282e-08,-1.4688789315e-08,9.1790267435e-08,5.5824815577e-08,-7.7089164159e-11,-6.061629108e-07,-4.934806901e-07,-1.2808357122e-08,2.6151519081e-06,-7.0641623942e-10,4.696930584e-10,0.24197330798,0.016383300438,0.15496225484,0.02346568317
naca664221,ok,,3.2649462221,33715227.5,337969.03264,1214500.8782,14714078.04,195405.91413,2899640.2411,-2.2630106751e-08,2.289746059e-09,-1.6481642541e-08,-4.247026291e-08,8.2987068407e-08,-4.9639859604e-09,3.4380359465e-08,2.0671530793e-08,-8.7947211563e-11,-4.6502400832e-07,-3.6213126661e-07,-4.1894802506e-09,1.9357270955e-06,-1.8596709722e-09,-3.331716734e-10,0.24062462452,0.0082832750279,0.15716371425,0.01161949683
naca671215,ok,,3.2177094172,33227440.102,198987.94743,717090.47423,14936196.254,107130.37828,2828248.695,-2.3100274894e-08,4.4386492724e-09,-2.9145132742e-08,-7.5462943351e-08,8.6286533219e-08,-1.1008911859e-08,5.9957018279e-08,3.7463705423e-08,-1.2591653383e-10,-9.4809406799e-07,-7.4456141122e-07,-8.3178356221e-09,3.5304795941e-06,-1.9150230064e-09,1.4733373099e-09,0.24407345595,0.0081228982328,0.18865929256,0.011930724002
nacacyh,ok,,3.2169795165,33219902.836,115128.40305,451848.30716,15046400.913,63433.743131,2841347.7064,-3.9934002156e-08,3.240735364e-08,-3.1091939573e-07,-8.2189504624e-07,1.1273490497e-07,3.2485507808e-08,5.2019400912e-07,3.2347673753e-07,-1.1659918035e-08,-6.1997228037e-07,-8.0160101934e-07,-1.2553167231e-08,5.9571923343e-06,-1.938496086e-07,-5.1243295656e-07,0.2440626483,0.044250366965,0.071376418576,0.059889105548
naca747a315,ok,,3.2122286761,33170843.631,170834.89932,666470.06744,14849486.303,95917.850751,2808851.1727,-2.4345238877e-08,6.7189441517e-09,-7.2567926706e-08,-1.914626538e-07,8.9567682865e-08,1.486498287e-08,1.3568698608e-07,7.9580149624e-08,-1.9052168268e-09,-6.1401264011e-07,-6.1315110177e-07,-7.0114662246e-09,3.9425419855e-06,-7.9428529827e-08,-2.0847683741e-07,0.24072408991,0.013556625737,0.10489478756,0.023180072607
naca747a415,ok,,3.2143167676,33192406.155,171006.01731,670682.25335,14849996.382,96581.258403,2812694.9068,-2.5125307686e-08,7.8087434549e-09,-8.7740874099e-08,-2.3179196504e-07,9.0175923591e-08,1.0558441348e-08,1.7044617306e-07,9.9865668712e-08,-2.3848706414e-09,-6.1345486119e-07,-6.0694926978e-07,-1.2123768992e-08,3.9153134229e-06,-7.814292451e-08,-2.0597228011e-07,0.24056389253,0.017608426338,0.10490447261,0.029147321221
nacam3,ok,,3.2133651124,33182578.958,122136.475,450885.6928,15073352.891,64689.22667,2839254.6871,2.2755444707e-08,-1.3188834449e-09,1.271988878e-09,-9.1953404335e-14,8.6249232097e-08,1.5129007048e-09,1.6846252398e-09,4.8585560777e-10,-1.1080173494e-10,-7.7558343597e-07,8.8425593295e-07,-1.7574452839e-09,-5.8434249395e-06,5.1942428837e-09,-3.2892030648e-13,0.24488353649,7.3786061593e-10,0.094727026935,0.00020575418848
nacam18,ok,,3.2283846155,33337676.754,124660.01274,493656.95931,15050595.034,70284.347591,2861535.2585,-3.9100791345e-08,2.9436673136e-08,-2.8088746033e-07,-7.4044146222e-07,1.0187613944e-07,-6.6198799688e-09,5.1292773515e-07,3.106961619e-07,-7.9281173832e-09,-8.0405654736e-07,-7.7695220415e-07,-2.9803610976e-08,5.3809728638e-06,-1.2352725289e-07,-3.1876348817e-07,0.2439023155,0.046601029901,0.10023369943,0.063941577996
nacam12,ok,,3.2171491956,33221655.015,122164.61467,457723.01367,15064836.295,65581.925783,2844208.4007,-2.4313099249e-08,6.5281384001e-09,-8.5592411314e-08,-2.2752326212e-07,8.8733747504e-08,7.4392397646e-09,1.6822408824e-07,1.010391003e-07,-1.3387867214e-09,-8.213914961e-07,-8.8386370998e-07,-1.5444792528e-08,5.7659328496e-06,-6.6516888223e-08,-1.8080600802e-07,0.24466760574,0.012021972045,0.10034497561,0.020551030917
nacam2,ok,,3.1854636999,32894457.07,57582.643424,220201.03351,15061075.467,29627.68192,2780858.7088,-2.298039892e-08,-8.9779820154e-10,8.7653691872e-10,5.2736154649e-13,8.9060169384e-08,-9.66820639e-10,-1.138864708e-09,3.3541237383e-10,4.6160208702e-11,-1.4773872853e-06,-1.9507529054e-06,-1.2113016169e-09,1.2764432975e-05,3.5391882055e-09,2.0406784226e-12,0.24766374764,-6.5060850686e-10,0.085071865247,-6.557884039e-05
nacam6,ok,,3.2081857561,33129094.715,125854.64448,476811.222,15023504.403,67716.747725,2819232.6831,-2.4379449899e-08,7.1031044779e-09,-8.5862083644e-08,-2.2599389565e-07,9.0193258677e-08,2.0145975512e-08,1.6252613506e-07,9.5840570509e-08,-2.0059569285e-09,-8.0477468036e-07,-8.4128690013e-07,-9.9765827253e-09,5.5853713717e-06,-9.9922375046e-08,-2.6020229874e-07,0.2429686157,0.011025960211,0.10128463128,0.020454668946
ncambre,ok,,3.2117215881,33165607.224,109483.38989,413540.93043,15079880.943,58470.315348,2835708.2138,-2.350486217e-08,6.9851471269e-09,-6.7769633652e-08,-1.8018882584e-07,8.8223061322e-08,1.9664102254e-08,1.0578924391e-07,6.6556064093e-08,-7.5795742297e-10,-7.0640682742e-07,-9.0792275538e-07,1.215003188e-09,6.467563298e-06,-7.466789983e-08,-2.0154150395e-07,0.24411809499,0.0076600484456,0.07733981411,0.011582165037
nasasc2-0714,ok,,3.2510693187,33571928.676,151444.44712,578538.85209,15039601.6,86493.784224,2915924.2954,2.2543349787e-08,-6.6010455018e-10,6.3628055614e-09,-1.4324670021e-08,8.3407483198e-08,-1.6533914912e-08,2.9799290906e-08,-1.5755584052e-08,-1.6488913657e-10,-4.3704571993e-07,6.153832128e-07,9.3925653476e-09,-4.369882454e-06,-4.012054725e-08,1.1643164524e-07,0.24360513028,0.0036926340425,0.066188147421,0.0045129371358
nl722343,ok,,3.1745960225,32782232.796,64534.847421,256387.17293,14971341.796,34180.331838,2747105.6744,2.4554232025e-08,-1.3532048304e-08,1.2039923009e-07,-3.1833009409e-07,8.9249056807e-08,-8.5023549942e-09,2.0845826048e-07,-1.3526146741e-07,2.848954002e-10,-1.2361821037e-06,1.6507741043e-06,1.4859298571e-08,-1.1067647399e-05,2.1809122368e-08,-5.7913563643e-08,0.24344456751,0.010398769815,0.079776823449,0.013452822034
nlf0115,ok,,3.2135994057,33184998.37,176275.85253,665689.16816,14886139.395,97343.782721,2816516.4024,-2.3889201489e-08,6.5981980228e-09,-6.0829964887e-08,-1.6242538656e-07,8.6633708294e-08,-4.4802674358e-09,1.1070505729e-07,6.9405847278e-08,-4.2720500986e-10,-6.5696873261e-07,-6.3577791132e-07,-8.5752843534e-09,3.8848508235e-06,-2.204196472e-08,-6.4824108681e-08,0.24110843421,0.014290242739,0.11580772343,0.019514628353
nl722362,ok,,3.1785489293,32823052.197,72243.877076,272359.79333,15019042.932,37036.314757,2759589.1079,2.4488583598e-08,-1.3518582382e-08,1.1452700868e-07,-3.0300859705e-07,9.1452399723e-08,1.0325953351e-08,1.946124702e-07,-1.2311957176e-07,1.4410221467e-09,-1.7621599391e-06,1.7758710522e-06,8.5898173395e-09,-1.0212878381e-05,9.9696294176e-08,-2.6459194539e-07,0.24415233161,0.0088306080473,0.12730526603,0.014059559375
nlf1015,ok,,3.221133249,33262796.049,176288.55318,699205.12119,14833832.29,102692.42812,2821524.8838,-2.7689844147e-08,8.521098085e-09,-1.1425548792e-07,-3.0773096283e-07,8.2954498841e-08,-4.9494262365e-08,2.7801103102e-07,1.6246209956e-07,2.1510987857e-09,-6.5191697761e-07,-6.3703127244e-07,-4.8204135446e-08,3.6785248167e-06,4.3293021104e-08,9.2715167003e-08,0.24230309177,0.033911833411,0.11492550078,0.049010162426
nlf0215f,ok,,3.221756852,33269235.641,165204.64718,665247.93403,14827433.272,96528.055052,2825140.1636,-2.7127236487e-08,8.6657042801e-09,-1.1572472766e-07,-3.0928568234e-07,8.538475914e-08,-2.3006262719e-08,2.5445611621e-07,1.4877949727e-07,8.4618167951e-11,-5.1915832677e-07,-5.8749921879e-07,-3.3052839687e-08,3.9161925861e-06,2.860393383e-09,-5.5331296686e-09,0.24075715576,0.029726165215,0.085767368205,0.042037332901
nlf414f,ok,,3.2047871718,33093999.484,161496.72774,632162.71566,14809710.716,90750.71633,2788109.2261,-2.4634060524e-08,7.0162739806e-09,-7.357651308e-08,-1.9640009412e-07,8.6887973926e-08,-2.2618324468e-08,1.6367240557e-07,9.7727233986e-08,-3.1131404598e-10,-8.433617354e-07,-7.6503493588e-07,-2.4149273019e-08,4.1673289584e-06,-3.9238647755e-09,-1.8042831909e-08,0.24135587489,0.017428301437,0.13620016056,0.026432557921
nlf415,ok,,3.2062105724,33108698.127,170687.42197,655830.88314,14792352.845,94610.846675,2791467.6568,-2.363284882e-08,5.6026833036e-09,-4.4860227144e-08,-1.1868703403e-07,8.5511660994e-08,-4.5689370201e-08,1.1551179267e-07,7.2507720298e-08,1.4001145897e-09,-9.4717345987e-07,-7.9882354363e-07,-2.7646573545e-08,3.9971798059e-06,7.0045042688e-08,1.8474144832e-07,0.24441836372,0.015506062996,0.16167059603,0.019716410099
nlf416,ok,,3.2232259074,33284405.733,174287.02715,708148.7825,14761474.904,102620.26319,2828245.275,-2.4294787172e-08,2.3737949018e-09,-6.9682371852e-08,-1.9138440824e-07,8.408627483e-08,-8.8780154645e-09,1.423864736e-07,8.780503677e-08,3.7139987038e-10,-2.2796589207e-07,-4.3135528637e-07,-1.8120991955e-08,3.6749328706e-06,1.0197802982e-08,-7.6094776279e-10,0.23777433999,0.019621350989,0.039731497619,0.024816115189
nlr1t,ok,,3.19239956,32966079.713,74461.707254,275893.19724,15084924.137,38125.761649,2795783.8492,-2.4368043005e-08,1.3642658896e-08,-1.1219492545e-07,-2.9696097514e-07,9.111089844e-08,9.5785564298e-09,1.8993426113e-07,1.2038061955e-07,-1.4041020652e-09,-1.7722554606e-06,-1.7686665063e-06,-8.1831904546e-09,9.9209094689e-06,-9.6585316885e-08,-2.5682038252e-07,0.24657235737,0.0089084228238,0.13196516729,0.01414282935
nlr7301,ok,,3.2709031368,33776741.142,212856.95717,787058.94546,15055092.642,122838.77562,2953402.4197,2.2507611077e-08,-1.2188358639e-09,1.844844393e-08,-5.0465812567e-08,7.9534791343e-08,-1.6200685772e-08,3.9365092623e-08,-2.5642586391e-08,-4.5166283341e-10,-3.3296227058e-07,3.9455656516e-07,7.1938475948e-09,-3.0791844577e-06,-3.4011098249e-08,8.2729803375e-08,0.23638759819,0.0086023575814,0.070873335769,0.0083791338345
npl9510,ok,,3.2201008578,33252135.137,92360.380287,373269.39061,15067370.778,51680.735926,2852753.5909,2.2817036402e-08,5.2093547145e-09,-3.9337062267e-08,1.0201603628e-07,8.8598116679e-08,-7.0669820191e-08,-4.2542843662e-08,1.4792350515e-08,3.7453832752e-10,-4.5538623781e-07,9.196705244e-07,2.4544500938e-08,-7.3168882071e-06,-2.0331538595e-07,5.293610896e-07,0.24459394703,0.0014203648059,0.042059646101,-0.0039292732191
nn7mk20,ok,,3.2311768104,33366510.145,193064.08976,777311.94126,14636361.996,115670.23546,2837912.7895,-2.4699170343e-08,9.5475534351e-10,-7.0655290134e-08,-1.9840449133e-07,8.4731011929e-08,-1.8860073385e-08,1.6977931312e-07,9.9523805808e-08,4.578939085e-10,-3.3263660376e-07,-4.6014473794e-07,-2.8866437804e-08,3.2469374728e-06,1.815197963e-08,5.6515531525e-09,0.24082719339,0.023106937228,0.064220183124,0.032778288547
npl9615,ok,,3.2027579164,33073044.526,107096.58267,403263.58731,15051750.472,56673.246214,2813694.7268,2.3291027617e-08,-5.240826526e-09,5.2117744657e-08,-1.3850419429e-07,8.7593412651e-08,1.167261702e-08,8.5703234689e-08,-5.3785523801e-08,4.0984088032e-10,-8.4835008485e-07,9.9115127083e-07,1.6666119644e-09,-6.6737722868e-06,5.2702101206e-08,-1.4228055964e-07,0.24330235273,0.005888004229,0.090855394995,0.0091785235589
npl9626,ok,,3.2149983451,33199444.415,116742.04631,440852.00214,15075851.993,62547.751825,2843055.8765,-2.2964301323e-08,1.9097327549e-09,-3.2682402188e-08,-8.8681660818e-08,8.6180130582e-08,5.4419368117e-09,5.9422097197e-08,3.7302959614e-08,-9.0240994193e-11,-6.3352832299e-07,-8.3743629116e-07,-4.6199312517e-09,6.0450470773e-06,-2.651250319e-08,-7.9332960772e-08,0.2437576794,0.004337398138,0.07395939282,0.0069370572227
npl9627,ok,,3.2187452068,33238136.108,119823.30205,452414.55238,15079175.746,64508.8198,2852012.8636,-2.3069265597e-08,1.7803513271e-09,-4.0908063798e-08,-1.1151886456e-07,8.5919491336e-08,5.4953770358e-09,7.754571531e-08,4.847667361e-08,-1.763126142e-10,-5.4478971978e-07,-7.7432164118e-07,-7.5672519649e-09,5.8583957784e-06,-2.8395178017e-08,-8.8605441056e-08,0.24321736422,0.0058039546543,0.06527850315,0.0092917836687
npl9660,ok,,3.2106234106,33154266.975,105234.36208,398522.40452,15083815.801,56432.596,2833204.2307,2.3243549753e-08,-5.7464796139e-09,5.2940339402e-08,-1.391313359e-07,8.7428813508e-08,1.3264768434e-08,8.8742756017e-08,-5.3891315982e-08,4.4426225887e-10,-7.7950127519e-07,9.8134029809e-07,9.5010534592e-10,-6.703194101e-06,5.547800324e-08,-1.4333655125e-07,0.24449862174,0.0058742210769,0.082030319433,0.0093387873184
nplx,ok,,3.1885692302,32926526.1,87953.040746,348848.61932,14966145.813,47532.371129,2776380.9991,2.2990954618e-08,4.6479408124e-09,-2.9429962574e-08,7.7576764495e-08,8.8534671572e-08,-4.6124865745e-08,-2.1141257293e-08,8.3660731082e-09,7.2629280723e-11,-8.2100504613e-07,1.1312275067e-06,2.1063121871e-08,-7.9566402295e-06,-1.3633216654e-07,3.5947717146e-07,0.24205274172,0.00044863309354,0.072209890275,-0.0018594378642
oa206,ok,,3.1785057478,32822606.288,32125.159001,128610.58567,15065958.499,16783.493785,2766709.7058,-2.3912125173e-08,1.5057312092e-08,-1.4006591915e-07,-3.6972266797e-07,9.2791815221e-08,5.3056401251e-08,2.2364444213e-07,1.3253196946e-07,-1.3010906783e-09,-1.8209903512e-06,-3.205601435e-06,7.5382266944e-09,2.2540168576e-05,-1.9454480903e-07,-5.1220993411e-07,0.24791525814,0.004074294843,0.058499604571,0.007184613263
oa212,ok,,3.2338184966,33393789.327,126548.05518,482045.78554,15120220.174,70040.36625,2883869.3532,-2.4518979265e-08,5.2573723382e-09,-8.9202367416e-08,-2.3549454406e-07,8.8565690374e-08,1.9173157743e-08,1.8899695001e-07,1.0650461431e-07,-2.2629073943e-09,-6.2781705334e-07,-7.6255915684e-07,-1.7299919242e-08,5.399706436e-06,-9.3092824983e-08,-2.4485883578e-07,0.24368768858,0.012318594149,0.07944902711,0.023917196459
oa209,ok,,3.203951229,33085367.181,72101.025666,277960.85218,15112651.101,38394.451178,2823121.6073,-2.4234869945e-08,1.3046145722e-08,-1.1676319961e-07,-3.0789371094e-07,9.1413633829e-08,3.7617311476e-08,1.8455170232e-07,1.1213733763e-07,-1.7526380624e-09,-9.6897058901e-07,-1.4005993169e-06,4.627679611e-09,9.8517812568e-06,-1.3976998073e-07,-3.6645144578e-07,0.24579031693,0.0083648925607,0.069863773308,0.013306367026
oa213,ok,,3.234712747,33403023.739,128214.67227,507913.37388,15061789.199,73344.99264,2878353.5411,-2.6884950448e-08,9.874758961e-09,-1.380704223e-07,-3.6452005209e-07,9.5510187284e-08,4.2004213001e-08,2.6894970441e-07,1.5044364453e-07,-5.4338042045e-09,-4.6338790279e-07,-6.5859347269e-07,-1.2370279569e-08,5.1535205527e-06,-1.5718989105e-07,-4.1376179953e-07,0.24281104989,0.019385384958,0.059413128088,0.034483298207
oaf102,ok,,3.2201058145,33252186.321,72538.032176,340230.93933,15013548.614,44090.274991,2849880.8864,-2.8059894438e-08,-2.8344317734e-09,-1.7418315856e-07,-4.691798601e-07,8.3881143201e-08,-3.0093945241e-08,5.1654009227e-07,2.6961624969e-07,2.3791022666e-09,-2.0674774719e-07,-1.022103794e-06,-9.5420299875e-08,8.5535991244e-06,6.2412501267e-08,1.3580748141e-07,0.24704887404,0.022166352895,0.014997074738,0.037468801833
oaf095,ok,,3.2158154882,33207882.583,61328.311571,312433.43505,15017333.424,38854.818028,2839303.4515,-2.9908736065e-08,-4.3759799617e-09,-2.1586358456e-07,-5.7877441591e-07,8.4237364097e-08,-1.3821429241e-08,6.616040564e-07,3.2680514639e-07,1.9086527818e-09,8.1910768343e-08,-1.0496881874e-06,-1.1092454095e-07,9.7104244785e-06,4.8037417536e-08,1.0023368989e-07,0.24557175697,0.023444929532,-0.0050234491219,0.040575059707
oaf117,ok,,3.2314667484,33369504.173,83706.127746,367568.08385,15056221.689,49219.481845,2883130.995,-2.4665000417e-08,-4.4207213541e-09,-1.0596364715e-07,-2.8808658382e-07,8.555222911e-08,1.3432488473e-08,2.7001946304e-07,1.4884534743e-07,-2.7682297999e-10,4.2142000763e-07,-5.8786587296e-07,-4.287476533e-08,7.6581211709e-06,-1.2249515377e-08,-6.1025620475e-08,0.24416121419,0.013446221112,-0.035275436993,0.022602283667
oaf128,ok,,3.2425639833,33484098.954,105159.93747,438028.75776,15046310.552,61292.112956,2908419.8222,-2.2857179734e-08,-3.7244349374e-09,-4.0496093621e-08,-1.1539010621e-07,8.3743000172e-08,2.9534712578e-09,1.0084754464e-07,6.0167367776e-08,1.4193012477e-10,2.4791626506e-07,-4.8084526752e-07,-1.9667376158e-08,6.1437537103e-06,-2.0791664263e-10,-3.2869744494e-08,0.24288266745,0.0065832056734,-0.026070858931,0.010605121488
p51droot,ok,,3.2237003625,33289305.158,194364.11443,747575.48419,14740865.84,111347.52529,2832477.7565,-2.2921456185e-08,-1.5842723737e-09,-2.7174364863e-08,-8.1154670926e-08,8.4373611754e-08,-1.153000992e-08,6.4277399905e-08,4.1910273774e-08,2.58730208e-10,-4.0128006736e-07,-4.7425373127e-07,-1.4734563871e-08,3.3786799038e-06,1.5275040723e-08,3.2817635555e-09,0.2390703431,0.0091237332301,0.07799444493,0.01249321991
oaf139,ok,,3.2486665835,33547117.006,116690.79428,489790.54929,15007266.784,69195.971268,2918378.5424,2.2928735793e-08,-4.7790458727e-09,-4.3793543452e-08,1.2517013327e-07,8.2931245371e-08,5.7788473567e-10,-1.159414453e-07,6.8104159289e-08,-3.380678793e-10,2.5071461312e-07,4.0511854686e-07,-2.4306813415e-08,-5.4365159572e-06,1.1364741709e-08,5.9871210477e-09,0.24187338881,-0.0085610660167,-0.029256087343,-0.013529299342
p51dtip,ok,,3.1671972918,32705830.347,97741.718094,400914.55958,14789416.763,53629.201294,2712355.9203,-2.3893706583e-08,5.2352022521e-09,-6.2362842314e-08,-1.6551321692e-07,8.993876842e-08,-1.4262305402e-08,1.4127982172e-07,8.3639019853e-08,-2.2797304749e-10,-1.257273486e-06,-1.2518974234e-06,-2.1274393348e-08,7.0535832173e-06,-1.139168315e-08,-3.2803848791e-08,0.24315540193,0.0084485985693,0.12288807064,0.013808932507
p51htip,ok,,3.1710216534,32745322.336,120663.42573,468813.58424,14830010.058,64591.548852,2722707.4116,-2.3831442472e-08,5.8714669522e-09,-5.6281843724e-08,-1.4909684887e-07,8.9225332411e-08,-1.3469720951e-08,1.1984445833e-07,7.3141696643e-08,-3.0448919731e-10,-1.283878244e-06,-1.1222543683e-06,-1.6857854488e-08,5.8564965616e-06,-1.6319774811e-08,-4.4443002656e-08,0.24176709434,0.0089364449629,0.15491714713,0.014460842896
p51hroot,ok,,3.2011144447,33056073.336,195479.64527,737247.84172,14795552.96,107381.53277,2778854.1766,-2.333909282e-08,3.4981429278e-09,-3.4132598517e-08,-9.0633228849e-08,8.6904440626e-08,-8.4404802139e-09,7.2301632958e-08,4.4235079832e-08,-2.1878648672e-10,-7.9945452193e-07,-6.6833930766e-07,-1.0101202883e-08,3.5227179544e-06,-9.622175192e-09,-2.7105465835e-08,0.24075957939,0.0090316534197,0.15627708636,0.014133497563
pfcm,ok,,3.1801021985,32839091.919,53444.754984,214675.13535,15013545.707,28405.332613,2764287.912,-2.4646512448e-08,8.4942447966e-09,-1.2557808253e-07,-3.3418717893e-07,8.9952895055e-08,-2.5053386727e-08,2.8122567922e-07,1.7044880016e-07,-9.4046172565e-11,-1.7530422929e-06,-2.1606180326e-06,-4.4863269111e-08,1.3314081572e-05,-5.1455469468e-09,-2.222360881e-08,0.24807244061,0.0093361012902,0.09369091582,0.015030037521
pmc19sm,ok,,3.1920438726,32962406.74,60722.608083,253734.68168,14956758.207,34170.809122,2786721.8007,2.4287837733e-08,-2.0415169834e-08,1.4382704407e-07,-3.72635749e-07,9.630999281e-08,7.9344114557e-08,2.0352696211e-07,-1.1280327736e-07,2.4264210932e-09,-7.6792125936e-07,1.4100662131e-06,-3.102006146e-08,-1.1036991026e-05,2.4829863089e-07,-6.2333560593e-07,0.24614734087,0.007493799366,0.04663018167,0.012358687954
prandtl-d-centerline,ok,,3.1961820365,33005139.185,110630.08556,477758.24032,14853222.717,63946.34173,2777670.5147,-2.9095673257e-08,6.4918737974e-09,-1.6597192617e-07,-4.4340327004e-07,8.8606131009e-08,-1.546459062e-08,3.8391446984e-07,2.1910167315e-07,-9.6309858387e-10,-5.0458986679e-07,-7.468564823e-07,-5.3124832109e-08,5.9077703171e-06,-2.1124986395e-08,-7.2884934489e-08,0.24037288494,0.027234310681,0.055822820138,0.042472490648
prandtl-d-wingtip,ok,,3.178875519,32826424.703,73011.197328,294238.15985,14961769.527,38952.449006,2757571.3288,2.2997130984e-08,-1.7139454154e-09,1.5408391159e-09,1.1463709687e-10,8.829440305e-08,1.7501823001e-09,2.2639076617e-09,9.6184462306e-10,-9.9446486932e-11,-5.3255135247e-07,1.1704801232e-06,-2.5014429106e-09,-9.7008010874e-06,5.905584082e-09,1.5899109778e-09,0.24347809381,1.0613428252e-05,0.038882211882,0.00016529060902
psu-90-125wl,ok,,3.1938909871,32981480.832,124165.95783,497582.69081,14884474.733,69038.373315,2777457.6952,-2.5220221193e-08,4.3646117309e-09,-9.7076283553e-08,-2.6165239639e-07,8.7407939573e-08,-1.4663599039e-08,2.1614506639e-07,1.2978926659e-07,-1.4988005511e-10,-5.778792027e-07,-7.6799019004e-07,-3.2710193898e-08,5.4709947618e-06,-4.3987644959e-09,-3.0880827195e-08,0.24122136527,0.017549862821,0.071752924711,0.026837859198
psu94097,ok,,3.2073247192,33120203.28,76027.534739,338602.96784,15019926.385,44620.554031,2818084.587,-3.3016499379e-08,1.4053329486e-08,-2.556082265e-07,-6.7972948563e-07,9.2326504687e-08,-1.8028717346e-08,6.0741150871e-07,3.3230096432e-07,-2.9079006114e-09,-7.8656463254e-07,-1.1852676767e-06,-7.6682659733e-08,8.4690084723e-06,-5.7414618331e-08,-1.6558824722e-07,0.24601626792,0.028513762522,0.059800569925,0.046179999579
r1046,ok,,3.2637929568,33703318.391,234804.25462,961756.18256,14697405.176,146655.44275,2892776.4169,-2.9998546319e-08,6.359175753e-09,-1.2104579825e-07,-3.2416909651e-07,8.9319038264e-08,-9.3832467062e-09,2.9003734847e-07,1.5671232685e-07,-3.918249013e-09,-4.01798648e-07,-3.7321115956e-07,-3.56644699e-08,2.5732472627e-06,-5.0505486722e-08,-1.4881014258e-07,0.23778504917,0.042373055316,0.094344032049,0.068102003418
pt40,ok,,3.2506448856,33567545.798,116018.39728,448461.45054,15201502.466,65393.738821,2929217.8246,-2.5588154419e-08,7.3981174053e-10,-1.130020982e-07,-3.0243650214e-07,8.2829780792e-08,-6.6117172492e-09,2.7630648532e-07,1.5678473e-07,-5.2008116329e-10,-3.8828938312e-07,-6.4631357957e-07,-4.3777190684e-08,5.7787357722e-06,-1.8631199488e-08,-6.3572950329e-08,0.23893924316,0.018784450057,0.045048711909,0.032056635584
r1080,ok,,3.2437788063,33496643.734,246441.74287,929889.49343,14802286.903,142069.07698,2866553.2978,-2.4516903256e-08,5.6550717298e-09,-6.4576421575e-08,-1.7110580431e-07,8.6056036552e-08,-2.0493152508e-09,1.30924708e-07,7.8022336475e-08,-1.2180522499e-09,-4.8136676115e-07,-4.2770932107e-07,-1.344476107e-08,2.6619621828e-06,-3.6112540569e-08,-9.707703661e-08,0.23987025663,0.021004842806,0.11862886358,0.032265313223
r1082t,ok,,3.2239104459,33291474.57,196437.77546,755167.50639,14849377.306,111139.56591,2831997.9498,-2.468665399e-08,6.145528509e-09,-7.3208912092e-08,-1.9424524896e-07,8.7258868309e-08,-3.8397230619e-09,1.500409949e-07,8.9684099794e-08,-1.0632479859e-09,-5.7107557227e-07,-5.4183043986e-07,-1.6473756785e-08,3.4029017126e-06,-3.520591262e-08,-9.5957684709e-08,0.24122100662,0.019018035745,0.11218081504,0.029473719267
r1082,ok,,3.2445206716,33504304.553,245384.7955,924686.79018,14816157.759,141318.14602,2869596.0994,-2.4541202499e-08,5.4403886474e-09,-6.5023869682e-08,-1.726699104e-07,8.5769887621e-08,-3.7603026001e-09,1.3322216986e-07,7.9685466934e-08,-1.0276991242e-09,-4.7613912072e-07,-4.2594220755e-07,-1.4660329288e-08,2.6760342995e-06,-3.1028068962e-08,-8.5173460305e-08,0.24012339588,0.021514411987,0.11683730077,0.032690694908
r1145msf,ok,,3.4903351128,36042689.336,498110.20246,1749791.6089,14678403.028,359192.55679,3384266.8994,-2.5699924459e-08,-8.6818761458e-10,-6.5614224078e-08,-1.803751433e-07,7.5590037368e-08,2.1174921202e-08,1.4376945961e-07,7.7270229438e-08,-3.610298429e-09,-7.6104736968e-08,-6.6014052398e-08,-1.1655198608e-08,1.0397413142e-06,-5.4397214288e-08,-1.6997550224e-07,0.21747541303,0.051728412343,0.03790854594,0.071613034632
r1145ms,ok,,3.3007228806,34084672.538,290734.02223,1029154.7641,15037315.42,171344.88462,3009438.5449,-2.5337044751e-08,3.9000746053e-09,-7.2351403361e-08,-1.9537514959e-07,8.0916109066e-08,-1.221623099e-08,1.6334738238e-07,9.5050701472e-08,-9.1010448021e-10,-3.7361914283e-07,-3.3366440326e-07,-2.2698453995e-08,2.2038628601e-06,-1.6632275952e-08,-6.0038101647e-08,0.23743615571,0.031037457429,0.10862379617,0.047490641499
r1145msm,ok,,3.4805233798,35941369.195,597841.07075,1756332.4763,15028143.222,387400.40187,3337330.0241,-2.363933682e-08,9.6329902267e-09,-3.8494159063e-08,-1.028823269e-07,6.6556565242e-08,-4.9257659601e-08,9.0489570514e-08,5.2871682557e-08,2.3183151405e-09,-3.0755471353e-07,-2.2615023251e-07,-1.4377813578e-08,9.706425998e-07,7.9293131585e-08,2.0434401533e-07,0.24771438016,0.059894556466,0.18386883925,0.054098381728
r140,ok,,3.1834932943,32874109.82,112843.7572,437820.36584,14904149.149,60201.786654,2758140.0494,-2.3077266023e-08,1.2082533383e-09,-1.9594461455e-08,-5.3291564293e-08,8.9119137556e-08,-5.2556440966e-10,4.0052634112e-08,2.4621291951e-08,-6.9366769656e-12,-1.0543921941e-06,-1.071512819e-06,-5.0261982848e-09,6.2825639775e-06,-1.232844501e-08,-3.8645597942e-08,0.24545973529,0.0026371915469,0.11898157675,0.004519689719
rae100,ok,,3.1822105476,32860863.631,74817.504597,307916.73086,14966948.988,40601.0242,2764556.6662,2.2974408879e-08,-1.5036994903e-09,1.4018314905e-09,-4.9092005012e-13,8.7415629411e-08,1.7924371008e-09,2.7594243691e-09,7.8561662062e-10,-1.1599935045e-10,-2.3403048859e-07,9.8828738496e-07,-2.1863967151e-09,-9.3090055625e-06,5.8006771449e-09,-1.9420073449e-12,0.24166546102,8.7714248929e-10,0.017509577156,0.00020645324542
rae101,ok,,3.1755753865,32792346.127,74331.885618,303423.30843,14937079.315,40007.407485,2747455.5578,2.3034971875e-08,-1.2706539487e-09,1.2097788729e-09,-4.205252153e-13,8.8463142539e-08,1.6795033823e-09,2.0957185217e-09,5.8984049981e-10,-8.7153133387e-11,-5.8296251718e-07,1.1765807687e-06,-1.798738922e-09,-9.449442737e-06,4.9775538962e-09,-1.8214837451e-12,0.24304855263,-8.875152295e-10,0.043332703146,0.00015577870944
r140sm,ok,,3.1837301262,32876555.447,113016.2524,438480.09041,14910619.236,60279.73675,2759109.8288,-2.307403783e-08,1.4281361154e-09,-1.935760195e-08,-5.2013148092e-08,8.9033143456e-08,-6.4189524347e-12,3.914257463e-08,2.3834114145e-08,-7.6680470538e-12,-1.0570021495e-06,-1.0707395333e-06,-4.4760825452e-09,6.2751394494e-06,-1.3376068559e-08,-3.8779825317e-08,0.24531537447,0.0025618947286,0.11945842172,0.004423747094
rae102,ok,,3.1748014012,32784353.623,76858.711343,308781.62409,14942306.636,41046.979949,2745258.9835,2.3058204154e-08,-5.8219359402e-10,5.6267910591e-10,-1.7964676508e-13,8.875583692e-08,8.0642269948e-10,8.7123096872e-10,2.4093569707e-10,-6.3196918894e-11,-8.6109418766e-07,1.2835002628e-06,-8.0321613346e-10,-9.2148042551e-06,2.3092644171e-09,-6.4113368335e-13,0.24365775864,9.6171304078e-10,0.066182589609,6.6961689538e-05
rae104,ok,,3.1765793609,32802713.594,85776.811094,329829.2048,14954081.76,44929.814589,2749496.5768,2.3061529136e-08,2.8779042075e-10,-2.8826823866e-10,1.198304088e-13,8.9066522955e-08,-4.1309166761e-10,-3.1209793027e-10,-8.1729795854e-11,-6.3370247274e-12,-1.4511297022e-06,1.476836886e-06,3.6989629668e-10,-8.4193491133e-06,-1.1770788374e-09,3.2027273981e-13,0.24488809997,-1.8600685373e-09,0.12447327834,-2.6770765208e-05
rae103,ok,,3.1752586615,32789075.49,80888.372884,318390.83627,14945933.931,42821.578715,2746148.8891,2.3064858569e-08,5.1416252262e-12,-5.0108177663e-12,-1.0698176019e-13,8.8944243352e-08,-7.3387097772e-12,-6.6229889866e-12,-1.882794562e-12,-3.5441524314e-11,-1.1550551559e-06,1.3817020243e-06,6.8949233749e-12,-8.8342044326e-06,-2.0662510294e-11,-4.775690678e-14,0.24425413507,4.0816217734e-09,0.093430532154,-5.3572280275e-07
rae2822,ok,,3.1836274983,32875495.667,108404.02003,430283.29506,14783526.15,59975.893025,2755478.359,-2.2870595962e-08,-3.5512143967e-09,-8.1143100523e-09,-3.1756039365e-08,8.7633028423e-08,-4.0895373687e-08,3.9729478439e-08,3.2291443856e-08,6.4942382741e-10,-7.7536387593e-07,-9.5200817818e-07,-2.4174963115e-08,6.2741686592e-06,1.013967056e-07,2.2737905769e-07,0.24261830011,0.0052142376408,0.084052561135,0.0043068351764
rae5212,ok,,3.1991615412,33035906.823,112189.45129,439741.36927,14973147.069,61336.454754,2797147.7063,-2.39443806e-08,5.0270129421e-09,-7.0861401616e-08,-1.8908472472e-07,8.5590800097e-08,-2.1388713042e-08,1.4940259827e-07,9.3724029447e-08,5.431371124e-10,-6.6296109986e-07,-8.752384749e-07,-2.2860914222e-08,6.1666466916e-06,2.7817020518e-08,6.6326594839e-08,0.24155774154,0.01258071398,0.074377242021,0.016761395521
rae5214,ok,,3.1779970339,32817353.092,72414.918708,299485.5748,14949794.939,39655.848857,2752126.2637,-2.4042606769e-08,5.2892094202e-09,-8.7949479174e-08,-2.3466608431e-07,8.6458018377e-08,-1.5168031959e-08,1.7399307805e-07,1.1045176149e-07,4.0747476466e-10,-4.747594938e-07,-1.1354566415e-06,-2.2499312956e-08,9.5371899685e-06,2.6986876035e-08,6.2490685497e-08,0.2395423472,0.0098995594183,0.034379670149,0.012599694603
rae5213,ok,,3.1786526467,32824123.229,75112.811295,312097.27274,14940908.355,41333.145779,2752622.6082,-2.4171084697e-08,5.0951120414e-09,-9.1334693941e-08,-2.4362125724e-07,8.6610888294e-08,-1.2630268709e-08,1.8463713784e-07,1.1514597128e-07,3.1707421236e-10,-4.488542829e-07,-1.0854570427e-06,-2.3808424156e-08,9.1500053114e-06,1.8450720295e-08,3.9923644511e-08,0.2395130297,0.010464899044,0.03371470705,0.013868614493
raf15,ok,,3.1788144502,32825794.08,39909.805975,165065.90208,15056704.678,20808.273902,2763000.7343,-3.1357181476e-08,2.7887527102e-08,-3.5527723492e-07,-9.3685384098e-07,1.0258495172e-07,2.8708281884e-08,6.7632132023e-07,4.0997047168e-07,-7.3256327243e-09,-2.1328481731e-06,-2.5620101389e-06,-5.4677644653e-08,1.8177931531e-05,-2.6991228495e-07,-7.0444062856e-07,0.24543777802,0.015900079883,0.085121556764,0.026991852667
rae5215,ok,,3.2095349531,33143027.099,74922.654175,296476.44984,15105260.202,40782.817829,2835139.2517,-2.3846938564e-08,5.924848218e-09,-8.6983081575e-08,-2.3207759829e-07,8.5135241192e-08,-2.4996312202e-08,1.7449507744e-07,1.1275592614e-07,7.1446974912e-10,-6.0466046176e-07,-1.1998321414e-06,-2.5769883241e-08,9.2740461278e-06,4.8357016808e-08,1.1924729272e-07,0.24456434953,0.010654409364,0.04530276667,0.013073634342
rae69ck,ok,,3.1836274983,32875495.667,108404.02003,430283.29506,14783526.15,59975.893025,2755478.359,-2.2870595962e-08,-3.5512143967e-09,-8.1143100523e-09,-3.1756039365e-08,8.7633028423e-08,-4.0895373687e-08,3.9729478439e-08,3.2291443856e-08,6.4942382741e-10,-7.7536387593e-07,-9.5200817818e-07,-2.4174963115e-08,6.2741686592e-06,1.013967056e-07,2.2737905769e-07,0.24261830011,0.0052142376408,0.084052561135,0.0043068351764
raf19,ok,,3.2851179692,33923529.566,68096.057397,588675.75073,14696017.403,64023.454189,2944342.8441,-6.4297973195e-08,-7.854968591e-11,-4.3028419509e-07,-1.1480104002e-06,1.227097643e-07,1.6546053246e-08,1.7236619613e-06,5.5758492339e-07,-2.4577393036e-08,-3.2721582974e-07,-4.8731477241e-07,-1.2728653641e-07,5.8736797519e-06,-2.0580716811e-07,-5.6906818287e-07,0.23765777467,0.064929062799,0.022282107923,0.11737458385
raf26,ok,,3.1610118627,32641956.967,36593.858934,158497.98626,14954221.837,19691.623645,2717611.4779,-2.8400908672e-08,1.3854870088e-08,-2.6865039515e-07,-7.1389722931e-07,9.0333417136e-08,-5.2920641537e-08,6.3269504602e-07,3.7491688377e-07,3.0034376218e-10,-2.0518637442e-06,-2.8845394261e-06,-1.062460291e-07,1.9199358208e-05,1.3854709901e-08,2.3223249361e-08,0.24637829188,0.014170468198,0.075085612407,0.023152753263
raf25,ok,,3.1530164141,32559392.554,34222.878896,143402.92815,14934655.36,17941.684309,2699701.8971,-2.4562356942e-08,4.5533725957e-09,-1.4059341293e-07,-3.7340142772e-07,9.08692226e-08,-2.2586302697e-08,3.3253148318e-07,2.0086170319e-07,1.1242241519e-10,-1.6955890601e-06,-2.926956917e-06,-6.0256359663e-08,2.1082064053e-05,7.7864642218e-09,1.36432606e-08,0.24556655694,0.0067595614813,0.058027939062,0.011380184678
raf27,ok,,3.177079781,32807881.147,77766.821699,306768.46747,14975200.383,40959.044721,2752425.9708,2.3038885621e-08,-3.4805574737e-10,3.3611852991e-10,-1.2760754566e-14,8.8807253692e-08,4.1928868619e-10,5.0277369413e-10,1.4485502608e-10,-8.2868948257e-11,-8.755292866e-07,1.2847903766e-06,-4.8063777671e-10,-9.2355843443e-06,1.375061006e-09,1.2266155712e-15,0.24443539146,5.3494899596e-10,0.068087129923,3.9099112227e-05
raf28,ok,,3.1800411476,32838461.481,77841.74179,316939.71466,14959301.501,41962.850167,2756687.9673,-2.5207485907e-08,5.1500471251e-09,-1.203615831e-07,-3.2061567902e-07,9.0047286252e-08,-6.6835507525e-09,2.7081836964e-07,1.6037300443e-07,-7.7938383714e-10,-8.6772446373e-07,-1.253645999e-06,-4.0006571413e-08,9.0108413979e-06,-3.5909360646e-08,-1.0440546974e-07,0.24435520694,0.012383631997,0.067545183651,0.021080973602
raf30,ok,,3.201103366,33055958.933,125197.60101,484047.80439,14947068.012,68016.916115,2801313.0634,2.2818888776e-08,-1.8524293531e-09,1.7655707531e-09,-3.2985173594e-13,8.6514669969e-08,2.3859738154e-09,2.8007314753e-09,7.8650784524e-10,-1.4462008003e-10,-5.4603438465e-07,7.4616511549e-07,-2.5512235506e-09,-5.5536569502e-06,7.2850544729e-09,-1.3200694948e-12,0.24235467516,6.7518504006e-10,0.068362195028,0.00035064486178
raf30md,ok,,3.1561814383,32592075.944,46014.530875,188958.98443,14928589.506,24100.779318,2705503.332,2.3199914405e-08,-2.8281927226e-10,2.739965142e-10,-9.4522836239e-14,9.0425047433e-08,3.5272520073e-10,4.355143471e-10,1.2348822262e-10,-5.0396147149e-11,-1.1623343131e-06,2.1092262893e-06,-3.9692970699e-10,-1.5696449891e-05,1.119917445e-09,-2.3490436568e-13,0.24464526713,8.9304461555e-10,0.053484268137,2.0039988371e-05
raf31,ok,,3.2047944075,33094074.202,127012.34736,498866.27196,14960533.847,70013.253038,2807157.7625,-2.4159044037e-08,1.45615065e-09,-7.0727219462e-08,-1.9080815235e-07,8.6208750974e-08,-1.7101482426e-08,1.7198194598e-07,1.0264569189e-07,3.172366595e-10,-5.6303601442e-07,-7.4785143601e-07,-3.1915512886e-08,5.3984822375e-06,1.1066078997e-08,1.4095887706e-08,0.24252993405,0.013598465573,0.071512525842,0.021843830663
raf32,ok,,3.2164836532,33214782.339,126737.14186,544513.79733,14879631.41,75564.02673,2819633.3761,-3.0318488576e-08,6.6603193622e-09,-1.6358269832e-07,-4.3984255617e-07,8.5840125903e-08,-3.8524878757e-08,4.2475340903e-07,2.315812941e-07,5.636219183e-10,-6.0324687056e-07,-7.433087419e-07,-6.7991896211e-08,4.9932376818e-06,1.3425459801e-08,9.6834389852e-09,0.24294502571,0.033414060702,0.076453784209,0.053832033055
raf32md,ok,,3.1905961328,32947456.761,83261.120272,368747.48294,14916795.882,48273.469074,2772136.7857,-3.0566552249e-08,9.0453165585e-09,-2.0611757505e-07,-5.5090987696e-07,8.768136864e-08,-4.2658883179e-08,5.2263050581e-07,2.8970887425e-07,3.9513753599e-10,-8.5904556565e-07,-1.1515436689e-06,-8.3581823586e-08,7.8234196562e-06,1.1807497966e-08,1.0184199071e-08,0.2438154986,0.026714203668,0.07152509616,0.043514801402
raf33,ok,,3.2234574295,33286796.528,127994.94834,540020.71649,14920699.19,75233.032509,2836844.5491,-2.9557584603e-08,8.7479547035e-09,-1.6659130917e-07,-4.3935160923e-07,1.0075837816e-07,3.8704071248e-08,3.6070682074e-07,1.9474092307e-07,-8.5744184278e-09,-5.4636923183e-07,-6.2492141867e-07,-2.8144609904e-08,5.0232782538e-06,-1.8134432183e-07,-4.7555456283e-07,0.24086753074,0.024468353913,0.069932501602,0.046168650886
raf38,ok,,3.2015976406,33061063.024,124448.54534,497080.18587,14915707.884,69084.873513,2796622.7376,-2.5233161639e-08,4.1113006395e-09,-9.9133189581e-08,-2.6613688362e-07,8.928707792e-08,8.0823529201e-10,2.1731871247e-07,1.2761750659e-07,-1.3148532802e-09,-5.6065311882e-07,-7.4665969527e-07,-2.8480822743e-08,5.4679710574e-06,-4.6286031784e-08,-1.3790829868e-07,0.24258795135,0.016076302349,0.069772465077,0.027044997642
raf6,ok,,3.2180711238,33231175.239,95336.386945,379727.83436,15102819.571,53101.094062,2844502.3718,-3.5333372958e-08,2.8072915624e-08,-2.7370707538e-07,-7.239034271e-07,1.0107824554e-07,-1.3789138713e-08,5.4257263411e-07,3.1870936193e-07,-7.7592446279e-09,-1.272385531e-06,-1.1717175203e-06,-4.4995746957e-08,7.1204168281e-06,-1.4460501885e-07,-3.8355906133e-07,0.24545627459,0.033454904666,0.12130463932,0.051726914591
raf48,ok,,3.2303282948,33357748.015,173089.40463,669051.74197,14958524.457,97969.616062,2857593.4188,-2.5012188006e-08,3.8784036107e-09,-8.4193204182e-08,-2.2462849492e-07,8.7248840268e-08,5.7704366438e-09,1.80121027e-07,1.0495516485e-07,-1.6025747077e-09,-4.1528076274e-07,-5.0438251991e-07,-2.0759932322e-08,3.8582336462e-06,-5.1609524449e-08,-1.4456641346e-07,0.24017865231,0.018608955479,0.071880699975,0.031177041325
raf34,ok,,3.2046234528,33092308.852,125776.85475,494683.74729,14967675.433,69152.287542,2806594.9371,-2.4177140671e-08,4.7287843858e-09,-7.7673282646e-08,-2.0532608961e-07,8.9491014859e-08,2.0005514498e-08,1.541887592e-07,8.9285895849e-08,-1.5874219877e-09,-5.4373716952e-07,-7.2333367044e-07,-1.1611024037e-08,5.4690660205e-06,-8.5349226865e-08,-2.2561802058e-07,0.24211140791,0.01042394825,0.068389550992,0.019393377169
raf69,ok,,3.280429051,33875109.794,308924.65032,1113250.3756,14805242.791,182555.99908,2948729.1923,-2.251888365e-08,-1.9743527591e-09,-2.1562297375e-08,-6.4652266846e-08,8.0272596601e-08,-7.9248343772e-09,5.3116467001e-08,3.4190163334e-08,4.5431413252e-10,-2.7812005359e-07,-2.7054911318e-07,-1.2627051062e-08,2.0630036834e-06,7.5662933374e-09,-1.1222096051e-08,0.23631052905,0.011318589652,0.0859181403,0.016408985994
raf89,ok,,3.3361423099,34450428.677,437366.1044,1505063.3254,14711274.555,270190.36145,3052873.2848,-2.1908638107e-08,-2.7887164882e-09,-1.2245838384e-08,-4.0681219282e-08,7.5996348808e-08,-8.7488502738e-09,3.2786615585e-08,2.2607544958e-08,7.4298701993e-10,-2.2575806099e-07,-1.8013164304e-07,-1.0361028186e-08,1.3920292665e-06,1.2123734088e-08,-2.7886791228e-09,0.23191350107,0.010816939235,0.098738923672,0.014339754335
raf6prop_sm,ok,,3.2598275709,33662370.124,137978.5983,517326.10129,15216925.268,77760.412112,2944918.9531,-3.729628295e-08,2.7430610698e-08,-2.4994274554e-07,-6.6071700777e-07,1.0189642225e-07,-7.2696658591e-09,4.7550424482e-07,2.8184588618e-07,-9.172452493e-09,-9.0507201779e-07,-7.9107058817e-07,-3.1898483462e-08,4.8609650652e-06,-1.3509076823e-07,-3.5711099068e-07,0.24580689448,0.044587134532,0.12488056837,0.065609409185
rc0864c,ok,,3.1885913088,32926754.093,59348.502233,224096.45742,15082409.746,30433.1137,2788564.8647,-2.3830571711e-08,9.7977886305e-09,-9.3360367842e-08,-2.4602555256e-07,8.9574734619e-08,-1.8141029413e-10,1.7797294283e-07,1.0990776472e-07,-6.81812667e-10,-2.1204688554e-06,-2.1894511799e-06,-1.6544045635e-08,1.2430253385e-05,-6.3841347869e-08,-1.6566042859e-07,0.24631973316,0.0062456477488,0.1258466506,0.010562427595
rc08b3,ok,,3.1849689443,32889348.012,61016.938979,230435.67231,15064230.076,31259.640044,2778807.0608,-2.4018681264e-08,1.0285849065e-08,-1.0112068858e-07,-2.6718251874e-07,9.1100698518e-08,1.0375866329e-08,1.8853341628e-07,1.1463390677e-07,-1.1651747281e-09,-2.090527431e-06,-2.1416926708e-06,-1.3509076188e-08,1.2101199229e-05,-9.838479118e-08,-2.5959304742e-07,0.24710959206,0.0063472108424,0.12755758469,0.011503731957
rc08n1,ok,,3.1784554614,32822087.009,50417.889818,206836.60381,14991781.808,27024.801211,2759337.4203,-2.5474338811e-08,1.5790144168e-08,-1.7389884804e-07,-4.6096735415e-07,9.6974704293e-08,4.8730437558e-08,3.1648189958e-07,1.8215410938e-07,-3.5474524528e-09,-1.6349531615e-06,-2.1311624031e-06,-8.2478874276e-09,1.3990633706e-05,-2.2218443661e-07,-5.9214792964e-07,0.24716186908,0.0085044987873,0.082430888356,0.015956349542
rc1064c,ok,,3.1981859437,33025832.386,91795.635831,339509.43489,15072122.719,47624.701033,2806098.1652,-2.3464565183e-08,6.5853551646e-09,-6.0723649437e-08,-1.5963734354e-07,8.8593749839e-08,8.7035214952e-10,1.1486172511e-07,7.058735151e-08,-4.6945928265e-10,-1.4134292293e-06,-1.4024413288e-06,-9.8621966489e-09,7.9430101917e-06,-4.4608313604e-08,-1.1433631284e-07,0.2461560243,0.0062624928209,0.12974663481,0.010543805089
rc10b3,ok,,3.2011185238,33056115.459,94364.548076,350574.57685,15084224.395,49163.987845,2813099.994,-2.4468928829e-08,1.0770527404e-08,-1.0154680512e-07,-2.6796109014e-07,9.0844874589e-08,1.1243448657e-08,1.8675328736e-07,1.1344807901e-07,-1.8241797828e-09,-1.4159916903e-06,-1.3582588834e-06,-1.1899109921e-08,7.6936225733e-06,-1.0032458251e-07,-2.633232362e-07,0.24575338821,0.0099942125208,0.13361941594,0.017622889564
rc10n1,ok,,3.1913019994,32954745.841,78101.611926,311576.76518,14983441.329,42113.78323,2785726.4806,-2.4370196619e-08,8.9472338046e-09,-1.0563527165e-07,-2.8152828669e-07,9.273896965e-08,2.9349249593e-08,1.9354248357e-07,1.1248812793e-07,-2.050258424e-09,-1.103232292e-06,-1.3761025845e-06,-6.8486599307e-09,8.9748020743e-06,-1.3276486456e-07,-3.5973582402e-07,0.24640376136,0.0081251384732,0.086164220338,0.015115979943
rc1264c,ok,,3.2124356566,33172981.0,131602.69733,475897.31416,15084802.533,68946.663181,2836354.7343,-2.3180250325e-08,4.3775889651e-09,-4.1726000328e-08,-1.1062005116e-07,8.6956282213e-08,-1.6650955776e-10,7.7951413993e-08,4.8620869994e-08,-2.6848828424e-10,-1.033084178e-06,-9.7037048144e-07,-6.893980167e-09,5.4864093957e-06,-2.8393742891e-08,-7.6348398854e-08,0.24498024774,0.0063374953734,0.1359566644,0.010258616342
rc12b3,ok,,3.2177499344,33227858.501,135556.07796,496632.91702,15084808.258,72019.806477,2845806.6624,-2.4497743067e-08,8.4333368479e-09,-8.6368373373e-08,-2.2752864125e-07,8.99073213e-08,1.0290692479e-08,1.6631421343e-07,9.9021274902e-08,-2.1168330993e-09,-1.0294239418e-06,-9.25933559e-07,-1.2650864542e-08,5.2516217615e-06,-9.0321081007e-08,-2.3563711186e-07,0.24479476368,0.012235886098,0.1395446721,0.022544902481
rc12n1,ok,,3.2045457997,33091506.972,111706.21387,435452.15182,14961759.084,60802.288652,2811511.9318,-2.3666976175e-08,4.6878761395e-09,-6.5742543472e-08,-1.7704521798e-07,8.9727664477e-08,1.7422057187e-08,1.2282105429e-07,7.2263211319e-08,-1.1558293233e-09,-8.1499097775e-07,-9.5797022417e-07,-6.5178968022e-09,6.213655689e-06,-8.0523232965e-08,-2.25590333e-07,0.24539433395,0.007400248846,0.091039556461,0.013719874958
rc410,ok,,3.212018397,33168672.2,86041.989219,340103.27631,15082946.711,47023.501889,2837154.615,-2.5494850409e-08,7.9229787484e-09,-1.3458504909e-07,-3.5705283958e-07,9.2419995919e-08,3.7854420928e-08,2.6510743766e-07,1.5204085063e-07,-3.3744930189e-09,-6.1963941023e-07,-1.0164267869e-06,-1.7451727034e-08,8.0391913684e-06,-1.4753550994e-07,-3.9491160867e-07,0.24330603775,0.012275957152,0.053315007454,0.022810371293
rc510,ok,,3.2038022919,33083829.194,82215.219092,327481.84064,15044231.282,44806.219703,2816428.4337,-2.5913204873e-08,1.0763379833e-08,-1.4817458341e-07,-3.9302876463e-07,9.461469998e-08,3.8224424618e-08,2.8391277924e-07,1.6379996637e-07,-3.8857561512e-09,-8.2683083212e-07,-1.1636956227e-06,-1.5620859094e-08,8.4364708943e-06,-1.6423229733e-07,-4.3917792436e-07,0.24458843054,0.012802185287,0.067978078015,0.023341951348
rcsc2,ok,,3.2077624788,33124723.773,96588.343129,348588.53762,15130356.683,49756.767694,2833024.2484,-2.2974996587e-08,1.8849643616e-09,-2.8628387475e-08,-7.7944457178e-08,8.6164199923e-08,-1.4550572347e-08,6.2411184037e-08,4.1534102317e-08,1.5636663646e-10,-1.278224616e-06,-1.2912288274e-06,-1.2904175679e-08,7.6006643322e-06,1.8551998946e-08,3.9873861707e-08,0.24454239244,0.0043634524868,0.1234615978,0.0060281928588
rg12,ok,,3.1676212827,32710208.658,71365.729625,288198.36617,14922075.143,37973.460854,2728025.581,-2.451527741e-08,7.1693615405e-09,-1.0544538686e-07,-2.8151905687e-07,8.9717412926e-08,-7.6585267105e-09,2.0966077453e-07,1.3123258166e-07,-2.8850871529e-10,-9.5565943352e-07,-1.396974653e-06,-2.5783066469e-08,9.9570585784e-06,-1.9851679621e-08,-6.3377093411e-08,0.24290167579,0.010105733515,0.068201332746,0.014962594148
rg12a,ok,,3.1669534736,32703312.576,67379.657201,274398.87729,14928123.474,35955.008827,2726693.3941,-2.5723059951e-08,1.1626455061e-08,-1.4986198316e-07,-3.9819903527e-07,9.0912231518e-08,-4.2782179812e-09,2.8945512709e-07,1.7992749254e-07,-9.0692090914e-10,-1.0043283503e-06,-1.4722077945e-06,-3.0061696218e-08,1.0517745635e-05,-4.5624387086e-08,-1.2855364295e-07,0.24286584066,0.013194973796,0.067671299959,0.019503387238
rg1410,ok,,3.1788497003,32826158.088,83556.774114,332038.16323,14952511.827,44614.757637,2754450.2776,-2.4592688148e-08,6.201981953e-09,-1.0278468577e-07,-2.749164504e-07,8.9357362926e-08,-3.5449153425e-10,2.0510381606e-07,1.2657532496e-07,-6.7045070209e-10,-7.8869702837e-07,-1.1559840065e-06,-2.3787569553e-08,8.4725309598e-06,-3.849186755e-08,-1.1423729512e-07,0.24226449355,0.011030880078,0.065900979444,0.017137813228
rg14,ok,,3.1635706967,32668380.578,60248.686396,246335.29611,14927846.733,31949.630643,2720331.8668,-2.5315600407e-08,8.9510095906e-09,-1.426340276e-07,-3.7961750248e-07,9.1173009226e-08,-8.2681555256e-10,2.8790836492e-07,1.7650097108e-07,-9.4114513881e-10,-1.0484841323e-06,-1.6227399378e-06,-3.3860954687e-08,1.1834546353e-05,-5.2653037919e-08,-1.4910905963e-07,0.24309545355,0.010970789214,0.063169791681,0.017346100789
rg12a189,ok,,3.1669549034,32703327.341,67379.697176,274394.05085,14928145.103,35954.558536,2726695.6261,-2.5722951912e-08,1.162782937e-08,-1.4986124193e-07,-3.9819723577e-07,9.0911555795e-08,-4.2842413663e-09,2.8944217082e-07,1.7992492539e-07,-9.0654832606e-10,-1.0044332312e-06,-1.4722576395e-06,-3.0059657342e-08,1.0517872122e-05,-4.5607909315e-08,-1.2850995159e-07,0.24286599195,0.01319512447,0.067678406953,0.01950252582
rg149,ok,,3.1695822974,32730458.933,67989.118817,274458.24557,14941759.33,36101.995031,2734233.5308,-2.5042610341e-08,8.1024366702e-09,-1.275486271e-07,-3.3995627021e-07,9.0506708149e-08,4.6139556547e-10,2.5387363319e-07,1.5630905871e-07,-8.7783894716e-10,-9.3177931522e-07,-1.4281962403e-06,-2.875600847e-08,1.0472308478e-05,-4.9465044592e-08,-1.4153812973e-07,0.24271025949,0.011033188485,0.063350854574,0.017260644611
rg1495,ok,,3.1742068732,32778214.274,75589.240682,302712.25007,14947542.659,40243.521149,2744363.572,-2.4803045238e-08,7.0835455742e-09,-1.1419710148e-07,-3.0487444715e-07,8.9921708094e-08,3.0403060203e-11,2.2756157872e-07,1.4026958551e-07,-7.6719795576e-10,-8.5492287774e-07,-1.2814351669e-06,-2.6068637372e-08,9.3937383686e-06,-4.3577299489e-08,-1.2682968663e-07,0.24250082699,0.011031770975,0.064622971171,0.017201206944
rg14a147,ok,,3.1498341739,32526531.385,41228.868553,171952.04034,14904858.071,21658.349951,2689996.7233,-2.5827495811e-08,1.3300370921e-08,-1.9099447155e-07,-5.0674248839e-07,9.3026455907e-08,5.1791045845e-09,3.7422599797e-07,2.3015525523e-07,-1.3456302809e-09,-1.4375813124e-06,-2.3866093285e-06,-3.9151747302e-08,1.7461670005e-05,-8.5079476034e-08,-2.3208360059e-07,0.24338262098,0.0097520801649,0.059269850962,0.015428914479
rg15,ok,,3.1649818801,32682953.069,64143.709771,266945.34675,14911314.412,34607.564754,2721509.4169,-2.5687362675e-08,8.0868039874e-09,-1.4716969131e-07,-3.9241694325e-07,8.9816108117e-08,-1.2084566266e-08,3.082997391e-07,1.8879206457e-07,-2.7225634612e-10,-8.2101246895e-07,-1.4419325682e-06,-4.1615768358e-08,1.0923793872e-05,-1.3453017023e-08,-4.8474959276e-08,0.24264306648,0.013173574248,0.052662785526,0.019775488987
rg15a111,ok,,3.1839246698,32878564.388,96437.829154,388360.72711,14926534.588,52554.251467,2762058.7067,-2.476560337e-08,5.2243345669e-09,-1.0006228276e-07,-2.6849517742e-07,8.819897974e-08,-7.9828906686e-09,2.0684240415e-07,1.2736537635e-07,-2.2290974099e-10,-5.9485379071e-07,-9.4700908919e-07,-2.7300478574e-08,7.1908741661e-06,-1.1817187685e-08,-4.6652404032e-08,0.2417910268,0.013517826979,0.05736640824,0.019947432433
rg15a213,ok,,3.2060715065,33107262.071,133230.91012,524922.61999,14936976.055,74166.747374,2807888.0865,-2.5274021572e-08,5.160284751e-09,-9.9012754723e-08,-2.6627550076e-07,8.6640556442e-08,-8.8549514437e-09,2.063561794e-07,1.2566370104e-07,-3.2380471781e-10,-4.7135965005e-07,-6.7210511329e-07,-2.6648631877e-08,5.0935212441e-06,-1.2009372492e-08,-4.9171094659e-08,0.24054700841,0.018871804296,0.062799675169,0.02749302159
rhodesg30,ok,,3.1905997829,32947494.454,78552.624645,334751.66693,14978091.532,44020.906714,2778283.1573,-4.0254132652e-08,2.966649983e-08,-3.6502608419e-07,-9.6491203762e-07,1.2232975234e-07,6.8354840436e-08,6.7861549245e-07,3.9316839226e-07,-1.6476567337e-08,-6.6670638615e-07,-1.0804454492e-06,-2.8133992442e-08,8.5823859818e-06,-3.0855738469e-07,-8.1564885959e-07,0.24316518385,0.033789632817,0.0523715365,0.053307028056
rg8,ok,,3.1832072197,32871155.69,89961.184346,369180.88864,14877891.76,49784.653442,2759713.7809,-2.5333852828e-08,3.7162163372e-09,-1.1522430185e-07,-3.1294387924e-07,8.6556219505e-08,-2.7884014823e-08,2.59905068e-07,1.5998781466e-07,1.0386799581e-09,-5.4948930311e-07,-9.9550619289e-07,-4.4758752188e-08,7.5743644873e-06,4.2346801803e-08,8.1830225413e-08,0.24238471013,0.0165675311,0.049432708494,0.023381367735
rhodesg34,ok,,3.2455469194,33514902.026,158382.13316,634869.98141,14998077.422,93100.836759,2891182.8885,-3.9424715342e-08,1.9557586056e-08,-2.4693982253e-07,-6.5277433129e-07,1.1636310013e-07,4.5175658136e-08,4.7357004194e-07,2.6781659464e-07,-1.5854363357e-08,-4.1303798942e-07,-5.0399574967e-07,-2.087276666e-08,4.0524041705e-06,-2.0637004144e-07,-5.455329871e-07,0.23967314341,0.04873118714,0.065417837841,0.075005033445
rhodesg32,ok,,3.2173334358,33223557.558,115819.05052,477753.19884,14997106.835,66392.103895,2834132.24,-3.9803472654e-08,2.3641508871e-08,-2.9439466938e-07,-7.7821632577e-07,1.1911392904e-07,5.402695621e-08,5.5566971956e-07,3.183951276e-07,-1.6078180877e-08,-5.1366424815e-07,-7.1280049414e-07,-2.3994998044e-08,5.6869416586e-06,-2.4654440057e-07,-6.5173067847e-07,0.2415017176,0.041297025234,0.059492105508,0.064357139323
rhodesg36,ok,,3.272070758,33788798.497,207549.47092,808925.92636,14974466.504,125180.92321,2940599.9155,-3.9070932569e-08,1.6878109194e-08,-2.1163122707e-07,-5.5944242271e-07,1.1369085431e-07,3.7438320635e-08,4.1197945704e-07,2.3002380355e-07,-1.5596705573e-08,-3.5399440736e-07,-3.7655037103e-07,-1.8389519199e-08,3.0112205056e-06,-1.7584273003e-07,-4.648393817e-07,0.23740604407,0.056417356298,0.073471351956,0.085506118339
s1014,ok,,3.2242252579,33294725.452,227851.73932,836375.8851,14843078.327,126697.53737,2831631.6604,2.2719680383e-08,-1.007464419e-09,9.9000783669e-10,2.5843824606e-14,8.4451907908e-08,1.5459613886e-09,1.1584499531e-09,2.7899225112e-10,3.1305592148e-11,-5.8150629898e-07,5.1251551517e-07,-1.2688493598e-09,-2.9843164157e-06,4.1399397718e-09,6.7417482646e-14,0.23913669622,-1.231731988e-09,0.13249722165,0.00026395483672
s1012,ok,,3.1904017442,32945449.421,128943.13363,487144.00774,14933598.696,68938.894587,2774344.8544,2.2947470168e-08,-1.0442081808e-09,1.0214759706e-09,-2.510892455e-13,8.6562698457e-08,1.3768256652e-09,1.3490294955e-09,3.4519041199e-10,-2.2341810599e-11,-8.3414294501e-07,8.7175461877e-07,-1.366502604e-09,-5.4846897765e-06,4.2532850455e-09,-7.2333774365e-13,0.24015477705,5.3342318285e-09,0.10755700522,0.00017394809051
s1010,ok,,3.1444787931,32471229.439,32203.63427,132602.88236,14907010.837,16537.636676,2679985.28,2.3280894236e-08,-8.9630539021e-10,8.5884763256e-10,-1.0547368857e-12,9.0292085969e-08,8.0866874094e-10,1.4744174494e-09,4.300922322e-10,-4.6045693273e-11,-1.0619482694e-06,2.7576961304e-06,-1.2874242221e-09,-2.2868936152e-05,3.5484172248e-09,-2.2122528104e-12,0.2419814613,8.5898588135e-09,0.034198593682,4.7481600302e-05
s1016,ok,,3.2385535513,33442685.523,259813.39492,933876.10102,14867768.927,145449.64993,2862831.2533,2.2599265249e-08,-1.3271510354e-09,1.2912344935e-09,-3.5705805442e-14,8.3170879298e-08,1.9386284341e-09,1.5545111568e-09,3.8407818736e-10,-1.7836288523e-11,-5.0431177066e-07,4.3466524935e-07,-1.6751945177e-09,-2.5986236956e-06,5.4229617251e-09,-9.9110315947e-14,0.23810419262,1.7609914463e-09,0.13102695323,0.00040388282109
s1020,ok,,3.2311363289,33366092.121,171442.38478,693137.66275,14830291.556,101848.26066,2846988.3863,-2.8636724016e-08,5.6618991055e-09,-1.2660533461e-07,-3.4380646736e-07,8.3899050401e-08,-3.4114456212e-08,3.12571759e-07,1.7689840786e-07,1.0109183578e-09,-4.7318670815e-07,-5.5790922809e-07,-5.0289752371e-08,3.6994788068e-06,2.1451371553e-08,2.4632784295e-08,0.24131371512,0.035621732585,0.081124257692,0.053588047779
s102b,ok,,3.229400182,33348163.926,162165.5884,631912.55214,14899234.304,92436.462331,2854548.4228,-2.387932861e-08,4.8924615942e-09,-6.3512780312e-08,-1.7241722339e-07,8.5362548307e-08,-1.3484485225e-08,1.2768492058e-07,7.8899285706e-08,1.6105793101e-10,-5.0263227839e-07,-6.1243146003e-07,-1.5385262648e-08,4.0872630315e-06,7.3736298952e-09,1.8331095722e-09,0.24375491729,0.015978941985,0.081509659174,0.020706100276
s102s,ok,,3.2017793582,33062939.517,163525.67008,645640.66726,14774378.738,92401.568331,2782022.001,-2.4065804106e-08,4.9997308444e-09,-6.3378014832e-08,-1.7209049371e-07,8.5954379813e-08,-1.4895857548e-08,1.2570873032e-07,7.8709817517e-08,2.1203331929e-10,-5.398876713e-07,-6.1207662293e-07,-1.5330918113e-08,4.0888904145e-06,9.3820425807e-09,6.6887186361e-09,0.23942277766,0.016049412645,0.088285493216,0.02055660436
s1046,ok,,3.2291989432,33346085.848,198016.72885,778182.13411,14733569.058,115489.75356,2843890.6705,2.2473387819e-08,-3.7016735319e-09,3.4175594487e-09,-1.9227648754e-13,8.3345808894e-08,5.2820877879e-09,6.7196608054e-09,1.8275948339e-09,-3.4216027856e-10,-2.1840613162e-07,3.589926533e-07,-5.244250591e-09,-3.2562347685e-06,1.441846961e-08,-7.8924837456e-13,0.23702636834,6.0098691881e-10,0.043248067744,0.0013306052517
s1048,ok,,3.1987157567,33031303.461,136918.56482,554169.20667,14790558.044,77370.929917,2785613.5289,-2.2752597931e-08,-3.2166002064e-09,3.0078230178e-09,2.9369680944e-13,8.6085963244e-08,-4.4773272852e-09,-5.7331481323e-09,1.5885295288e-09,2.2471321339e-10,-2.6787033358e-07,-5.5077355931e-07,-4.5950563817e-09,4.8684410437e-06,1.2543069624e-08,1.5896884444e-12,0.23980222386,6.7710407027e-09,0.036676421633,-0.00078497441418
s1091,ok,,3.1924186663,32966277.019,18105.473997,214721.25637,14965579.498,17866.440221,2776675.8617,-7.6829394976e-08,3.1251174973e-08,-9.2676130213e-07,-2.45084783e-06,1.2265957022e-07,-1.4341601224e-07,3.9043455364e-06,1.2060092222e-06,-2.1685683411e-08,-2.8452775092e-06,-2.4619828084e-06,-2.7917654862e-07,2.1167034532e-05,-3.0271046927e-07,-8.0344922474e-07,0.24282794174,0.040310547075,0.051515097956,0.070690026585
s1210,ok,,3.2333211229,33388653.236,78766.455282,496737.09986,14789868.379,59695.444203,2848543.7895,-4.3097258948e-08,-1.0921755967e-10,-3.0870498331e-07,-8.3007268404e-07,7.6527988281e-08,3.483635388e-09,9.8915234527e-07,4.2370242864e-07,5.3953857349e-09,3.274543172e-07,-5.7877399981e-07,-1.1498481509e-07,6.3019822414e-06,6.9576719246e-08,1.4488995002e-07,0.23842785212,0.051617728925,-0.025792415833,0.077912023971
s1221,ok,,3.2049125255,33095293.939,70992.842547,414049.80872,14739598.892,49199.511857,2793677.4323,-3.7376227475e-08,-8.20825082e-09,-2.9461105056e-07,-7.9534354868e-07,7.5938431142e-08,2.9170760753e-08,7.875029561e-07,3.8693616874e-07,5.9871315162e-09,1.0711821444e-06,-3.9680680928e-07,-9.2316475429e-08,7.6338405637e-06,9.9365620603e-08,2.1781932526e-07,0.23593425799,0.041663799741,-0.076046265316,0.055907073368
s1221-4deg-flap,ok,,3.2140538696,33189691.364,71556.441587,430813.68447,14773443.275,51249.498612,2811829.1518,-3.7540135027e-08,-6.4621503919e-09,-2.8599573541e-07,-7.709800501e-07,8.1001268454e-08,3.7966116628e-08,8.3768588168e-07,3.8404718975e-07,2.8011566643e-09,8.6841990956e-07,-4.8049104676e-07,-9.8038281599e-08,7.3334321601e-06,4.7631552129e-08,8.4423628211e-08,0.23713701493,0.040539127287,-0.062141038532,0.059941820861
s1223,ok,,3.2808783531,33879749.481,76407.446055,545138.5858,14898317.853,65270.379564,2956665.3844,-5.1570823905e-08,1.5302854012e-10,-3.5466906683e-07,-9.5126609343e-07,7.6160497787e-08,1.4043717886e-08,1.2826187004e-06,4.789941595e-07,3.8551762008e-09,2.6845488672e-07,-5.0961234138e-07,-1.24309835e-07,5.7650604692e-06,4.145217797e-08,7.3536730805e-08,0.23867551914,0.063236576414,-0.020511952275,0.098001619162
s1223rtl,ok,,3.2884606748,33958047.771,91143.439515,575585.93349,14810079.512,73646.770681,2973061.1233,-4.796404039e-08,-1.7939648197e-09,-3.1357674685e-07,-8.4982476741e-07,8.0214404713e-08,2.8057563138e-08,1.0539407901e-06,4.1893614716e-07,1.2323187589e-09,3.2844681788e-07,-4.2484379461e-07,-1.0534382736e-07,5.0813035901e-06,1.8592280576e-08,-1.4114998802e-10,0.23845606373,0.062584370963,-0.02993577268,0.096059788659
s2027,ok,,3.1993032618,33037370.289,150436.90774,619796.81184,14756653.838,86739.246798,2777224.2842,-2.5324587634e-08,2.4436431605e-09,-9.0685420483e-08,-2.4628706079e-07,8.8120885426e-08,1.6326738393e-09,1.9933084196e-07,1.1647622898e-07,-1.1003316026e-09,-3.2696193603e-07,-5.3294226257e-07,-2.5788403818e-08,4.3478065765e-06,-3.3536969847e-08,-1.1348579773e-07,0.23797396493,0.01902211917,0.049187142606,0.029986715482
s2046,ok,,3.1571365689,32601939.023,59403.437404,272605.43856,14818516.884,34019.563055,2697530.4188,-2.7953022203e-08,3.2428432284e-09,-1.9765789866e-07,-5.2984876596e-07,8.713520528e-08,-1.8820213745e-08,4.720445789e-07,2.7182929934e-07,1.1484731277e-09,-1.7312806148e-07,-1.2088085611e-06,-7.416075189e-08,1.1095137627e-05,4.0184230717e-08,8.0563145257e-08,0.23896534788,0.01868030344,0.010284401963,0.028041070595
s2048,ok,,3.1587584612,32618687.382,61484.397166,255953.71543,14884888.523,33110.275012,2706074.9695,-2.6220230323e-08,9.6361839012e-09,-1.6200232664e-07,-4.3257741815e-07,8.9266516891e-08,-2.8399657386e-08,3.5043715163e-07,2.1520209617e-07,2.6114512042e-10,-1.0980269014e-06,-1.627891146e-06,-5.3192712931e-08,1.1414723462e-05,1.2607518166e-08,1.7103815319e-08,0.242224726,0.01445993675,0.067511522104,0.021546417012
s2050,ok,,3.1578279306,32609078.326,62335.323497,262603.39708,14873640.868,33737.793437,2703717.9849,-2.4457297895e-08,4.08331159e-09,-1.048556259e-07,-2.8126005761e-07,8.8419018932e-08,-1.7918806409e-08,2.2122906139e-07,1.3956663079e-07,5.0770023737e-10,-5.2461471696e-07,-1.3397153364e-06,-3.4705505867e-08,1.1203530999e-05,3.1366990994e-08,6.6983590016e-08,0.24077737519,0.010033273233,0.032702028093,0.013790385109
s2055,ok,,3.1562873911,32593170.059,57132.809826,231272.47579,14910838.425,29992.280462,2702892.8658,-2.5841246849e-08,1.2581806764e-08,-1.616478806e-07,-4.2935198794e-07,9.1564260845e-08,-1.2896548762e-08,3.2677776357e-07,2.0206070403e-07,-9.7404055521e-10,-1.5562844135e-06,-1.9281177654e-06,-4.0407063038e-08,1.2609088968e-05,-4.948836098e-08,-1.3876220696e-07,0.24265432099,0.011867575555,0.088914901432,0.018669731821
s2060,ok,,3.1550395541,32580284.361,52178.625914,223510.58684,14890116.195,28231.133195,2698858.568,-2.6143646496e-08,5.6376185633e-09,-1.6958011283e-07,-4.5207591277e-07,8.9347235407e-08,-2.1108908016e-08,3.8863026417e-07,2.3290203067e-07,2.2371634406e-10,-8.261456831e-07,-1.6986362916e-06,-6.3312412819e-08,1.3390301868e-05,1.0525726144e-08,1.3443751293e-08,0.24159857991,0.012854311652,0.043107146549,0.020278193173
s2062,ok,,3.1537564114,32567034.082,52395.262317,222788.29607,14886843.634,28177.484873,2695936.1303,-2.5896475868e-08,6.0609464554e-09,-1.6261606047e-07,-4.3348825387e-07,8.9784218523e-08,-1.9249987836e-08,3.6742598743e-07,2.2142680131e-07,5.280773584e-11,-9.1029162642e-07,-1.7375201869e-06,-5.8802006621e-08,1.3416393355e-05,2.6445809387e-09,-6.7862266183e-09,0.24182904058,0.012168366907,0.047694968551,0.019251380994
s2091,ok,,3.1687820077,32722194.799,75548.465926,358521.00868,14809107.452,44934.431656,2716140.3359,-3.2554834454e-08,5.2134340564e-09,-2.450068354e-07,-6.524955091e-07,9.4907950801e-08,1.8430844831e-08,5.9171601335e-07,3.1682758661e-07,-4.5081106095e-09,-2.3586674902e-07,-8.7665237041e-07,-7.1810762466e-08,8.4049593429e-06,-9.4778245714e-08,-2.6724777051e-07,0.23646298696,0.026483803102,0.017819371051,0.044703237073
s3,ok,,3.1846613338,32886171.494,90349.587242,373159.85813,14932858.048,49794.575695,2763111.432,-2.4534602713e-08,8.8622017483e-09,-1.0769540832e-07,-2.8562357538e-07,9.2092007931e-08,3.6727939851e-08,1.7791350604e-07,1.0697867295e-07,-1.7557452315e-09,-3.4995149121e-07,-8.6267397937e-07,7.1848790691e-10,7.5934896333e-06,-1.2077268062e-07,-3.2294968515e-07,0.24170205527,0.010338382874,0.031617972785,0.016074411836
s3002,ok,,3.1661068637,32694570.121,77253.26865,337532.00203,14850104.807,43703.828824,2715427.5418,-2.9224106924e-08,9.7709236261e-09,-2.0396938751e-07,-5.4277333122e-07,9.1003480772e-08,9.4509043419e-11,4.3995690332e-07,2.5523006931e-07,-1.8386522598e-09,-4.7570389485e-07,-1.026554516e-06,-5.1254653542e-08,8.648031868e-06,-5.1051300337e-08,-1.4822851732e-07,0.23755491512,0.022183301718,0.036749680787,0.033988108847
s3010,ok,,3.1616076693,32648109.52,76910.327617,347247.10471,14798064.189,44025.989837,2702977.1474,-2.8354206636e-08,3.7799224101e-09,-1.8568792905e-07,-4.95785962e-07,9.3134649487e-08,2.4185989383e-08,4.1733308661e-07,2.3433671674e-07,-2.9986110329e-09,-1.2468014801e-07,-8.5396021401e-07,-4.8641784997e-08,8.5774839332e-06,-8.9083137393e-08,-2.5332061269e-07,0.23676329457,0.019189346577,0.0095891910307,0.032097224416
s3021,ok,,3.1729251855,32764979.021,70638.162131,307811.25259,14903458.207,39475.862056,2735721.4669,-2.9181136621e-08,9.1083310056e-09,-2.1279980581e-07,-5.6556529232e-07,9.5143232341e-08,1.5519442592e-08,4.6758599459e-07,2.6629610318e-07,-3.8543409343e-09,-6.2204562696e-07,-1.1697859623e-06,-5.3488221214e-08,9.5740566871e-06,-1.1152266835e-07,-3.0580850442e-07,0.24156865554,0.019412818497,0.043940159851,0.033029415296
s3014,ok,,3.1701859823,32736692.84,71308.528334,307382.29588,14893750.85,39628.691342,2729619.9825,-2.7888151192e-08,7.659887897e-09,-1.8763509251e-07,-4.9943458767e-07,9.4116708719e-08,1.6789190898e-08,4.1252739508e-07,2.3530413383e-07,-3.2677149985e-09,-5.9172313566e-07,-1.1714385829e-06,-4.7662010324e-08,9.5357330119e-06,-1.0543364896e-07,-2.9127096775e-07,0.2411323513,0.017010923928,0.042194905985,0.029416721441
s3016,ok,,3.1681381191,32715545.731,71153.332246,303147.09304,14886818.273,39164.903387,2725871.3897,-2.6353965003e-08,5.5850339027e-09,-1.5526992843e-07,-4.1440767135e-07,9.2495385755e-08,1.6577250219e-08,3.3765198401e-07,1.9493220301e-07,-2.2432026756e-09,-5.1208021964e-07,-1.1567346176e-06,-3.9655893066e-08,9.6469724227e-06,-8.863339932e-08,-2.4903338957e-07,0.24108856903,0.013880150495,0.036436214004,0.024025063802
s3024,ok,,3.1742696235,32778862.261,80389.828493,351268.14189,14882577.153,45573.900843,2734082.7823,-3.056519987e-08,1.1152976604e-08,-2.1689919834e-07,-5.7659062426e-07,9.3896485821e-08,-7.128238952e-09,4.9694525606e-07,2.7970666955e-07,-3.4872349867e-09,-8.2586352e-07,-1.133418807e-06,-6.2799591689e-08,8.2930494052e-06,-8.1158321808e-08,-2.2620803507e-07,0.24044114081,0.023801305069,0.066391026732,0.039949343905
s3025,ok,,3.1775518632,32812756.069,70221.427011,314381.65556,14913849.669,40088.342493,2745006.4857,-3.1901544295e-08,1.1324435502e-08,-2.5332106441e-07,-6.7286743696e-07,9.5457416801e-08,4.5834434111e-09,5.7546638484e-07,3.2181363117e-07,-4.3240659602e-09,-6.8527786757e-07,-1.176327501e-06,-6.8482890159e-08,9.4277836795e-06,-1.0137189378e-07,-2.7934185329e-07,0.24131423615,0.024274908197,0.04812118976,0.040410070741
s4022,ok,,3.1981780566,33025750.94,96375.932209,420582.75561,14887553.075,56699.271068,2786136.4045,-3.0999831864e-08,1.0519690438e-08,-1.9914405077e-07,-5.3478112982e-07,8.4418570571e-08,-4.7777651329e-08,4.8652993357e-07,2.7458960851e-07,2.1282275369e-09,-6.6210521397e-07,-9.7018497357e-07,-7.5438081618e-08,6.653664617e-06,4.6085329664e-08,9.3674334233e-08,0.24310852428,0.031613824759,0.063811007217,0.046889775896
s4053,ok,,3.1743567382,32779761.845,65579.609501,282975.11252,14932617.673,36422.810023,2741520.1955,-2.9725616869e-08,1.2513404796e-08,-2.2932112654e-07,-6.0935442057e-07,9.3460509292e-08,-8.7769749115e-09,5.1245269376e-07,2.9473177398e-07,-2.8099588287e-09,-1.0024942066e-06,-1.4363886806e-06,-6.5402171639e-08,1.0378239395e-05,-7.8078738839e-08,-2.1778214232e-07,0.24295627526,0.020268505953,0.065743178595,0.033606447545
s4061,ok,,3.1598237927,32629688.45,70987.779422,339961.49299,14786326.199,42062.735957,2694834.7225,-3.2636077654e-08,6.9984508806e-09,-2.5094952953e-07,-6.6798878568e-07,9.3959011657e-08,4.2900996015e-10,6.2056535809e-07,3.3232900435e-07,-3.477615223e-09,-4.7359233796e-07,-1.0495416658e-06,-8.1368043503e-08,8.9814079039e-06,-7.2875632357e-08,-2.0877521201e-07,0.23737613924,0.026014918349,0.033619268424,0.044052556757
s4062,ok,,3.1663858534,32697451.087,75077.946189,350761.45093,14818803.158,44214.641738,2710392.6385,-3.2848442092e-08,1.0628566668e-08,-2.4659400203e-07,-6.5646922315e-07,9.1634029065e-08,-2.6103927751e-08,6.1517940865e-07,3.3276009617e-07,-2.1163808624e-09,-8.0540341479e-07,-1.1612774626e-06,-8.6155052607e-08,8.5455637126e-06,-4.0362712243e-08,-1.2293448595e-07,0.23868540322,0.027729008846,0.060468034236,0.04618640654
s4083,ok,,3.1841697148,32881094.827,44290.808993,220679.43828,14989794.991,26347.505203,2767973.5922,-3.6212500434e-08,6.3073716014e-09,-3.8312518098e-07,-1.0168776295e-06,9.8606450936e-08,5.0759622291e-08,9.0807112532e-07,4.8461928601e-07,-5.9286940347e-09,1.9436579365e-07,-1.3126853995e-06,-1.0147319356e-07,1.4342584027e-05,-1.4239049241e-07,-3.8961132973e-07,0.2440174076,0.024289864471,-0.0086086182413,0.040219204763
s4094,ok,,3.2347413824,33403319.44,84431.223276,319360.72156,15220864.648,45020.42124,2901014.803,-2.6272056436e-08,9.5774898797e-09,-1.5620203486e-07,-4.1547154777e-07,9.1480167597e-08,1.6589810866e-08,3.1477670552e-07,1.8809543802e-07,-2.8556204878e-09,-8.282767149e-07,-1.170035747e-06,-3.188785175e-08,8.3956535867e-06,-1.0402588736e-07,-2.8429982134e-07,0.24991429746,0.015508557726,0.06993241625,0.026576982306
s4095,ok,,3.2540526291,33602735.612,89638.057076,319416.03062,15334682.646,46845.895799,2952885.3151,-2.599679736e-08,1.3867034206e-08,-1.5182329403e-07,-4.0277242449e-07,9.1171309935e-08,9.4566708805e-09,2.9119778748e-07,1.776293809e-07,-2.9129178748e-09,-1.2326224656e-06,-1.3412365215e-06,-2.5800839238e-08,8.0713008041e-06,-1.0662997248e-07,-2.8713759082e-07,0.25317083501,0.015465622938,0.11048988292,0.026102403895
s4096,ok,,3.2980964197,34057550.583,160613.88001,517016.01735,15478670.421,84073.555991,3060189.9792,-2.3766908937e-08,1.0046460051e-08,-7.5483504e-08,-2.0085457301e-07,8.6351994232e-08,-3.6519677287e-09,1.4157963549e-07,8.7587868614e-08,-1.2495919864e-09,-1.1012414203e-06,-9.5835013922e-07,-1.2102509138e-08,4.4977446064e-06,-4.7155841588e-08,-1.2958873766e-07,0.25752461272,0.014082550188,0.17687465734,0.022739654585
s4110,ok,,3.1678551196,32712623.357,56490.537481,257142.56277,14910069.404,32152.63125,2725767.3431,-3.1114298998e-08,8.7760603718e-09,-2.6471934493e-07,-7.0442016946e-07,9.0615396016e-08,-1.2174278641e-08,6.2536623525e-07,3.5236559929e-07,-1.2503014995e-09,-5.945892437e-07,-1.4123917421e-06,-8.7632289565e-08,1.1752718609e-05,-3.1662867787e-08,-9.9946395509e-08,0.24082363531,0.021875294267,0.033588665957,0.035327274752
s4158,ok,,3.1808073755,32846373.878,98224.832545,423252.11011,14850260.658,56256.112295,2743071.1163,-2.9529975307e-08,1.0611945934e-08,-1.7951663912e-07,-4.7786332022e-07,9.265250941e-08,-1.8227009546e-08,4.2569599709e-07,2.3683015542e-07,-3.0271530279e-09,-9.1717218173e-07,-1.0308743124e-06,-5.7307876342e-08,6.7178240471e-06,-6.4580135339e-08,-1.8291960802e-07,0.24063622332,0.024409141727,0.090089083965,0.041813918029
s4180,ok,,3.1461204185,32488181.556,67270.347076,343088.06806,14702198.076,41263.547314,2657378.0887,-3.6098912591e-08,3.382697221e-09,-2.9983985482e-07,-7.9692633967e-07,9.8477125313e-08,3.8094018508e-08,7.3808560651e-07,3.8304032111e-07,-6.433227954e-09,3.1560899092e-08,-7.9494805836e-07,-8.3189069889e-08,9.1543920751e-06,-1.2458767341e-07,-3.440973305e-07,0.23156832587,0.029602107229,-0.0021231126359,0.049651274922
s4233,ok,,3.1933018606,32975397.26,137429.89798,573481.49473,14775425.971,79140.897106,2764424.2217,-2.6498458206e-08,4.0576054345e-09,-1.1271145666e-07,-3.0378048365e-07,8.8775660366e-08,-7.3663209462e-09,2.5990594479e-07,1.4927025228e-07,-1.1642431182e-09,-4.5334021307e-07,-6.3716636937e-07,-3.6555455217e-08,4.7690302073e-06,-2.8077227888e-08,-9.5999433818e-08,0.2390188031,0.022226839973,0.06230249923,0.035718847476
s4310,ok,,3.1827553866,32866489.871,92126.513466,412009.78234,14852936.48,53837.73297,2747951.836,-3.1917475956e-08,9.2152278293e-09,-2.1926320522e-07,-5.8312407575e-07,9.564447816e-08,8.0393879046e-09,5.0614480488e-07,2.7751790257e-07,-4.984142792e-09,-5.2330998911e-07,-8.5864256011e-07,-5.8246957794e-08,7.0175561683e-06,-1.0060634864e-07,-2.7838651391e-07,0.23874994477,0.027822142118,0.048210724759,0.046629356183
s4320,ok,,3.163097719,32663496.409,65358.801842,331191.30634,14791119.868,40133.445129,2701113.0153,-3.6980916939e-08,8.087406984e-09,-3.1509294346e-07,-8.3726371157e-07,9.9059292659e-08,2.1785513974e-08,7.8161783701e-07,4.0392007995e-07,-6.5479787754e-09,-2.7809938003e-07,-9.8690353599e-07,-8.8815026229e-08,9.4127353731e-06,-1.2172562961e-07,-3.3617883499e-07,0.23700810983,0.030410180541,0.018176242271,0.051085605325
s5010,ok,,3.1606804178,32638534.326,67335.19872,305825.55792,14809491.92,38266.807544,2703919.0244,-2.6581166294e-08,4.8438039884e-09,-1.6676119703e-07,-4.4399435086e-07,9.7645943197e-08,6.5087894307e-08,3.500083245e-07,1.9058156032e-07,-4.7328802528e-09,2.9021294228e-09,-9.3787237798e-07,-2.3815598527e-08,9.8704725649e-06,-2.034438378e-07,-5.4964511664e-07,0.23865735458,0.011975903694,-0.0001954154614,0.023567880084
s5020,ok,,3.1485254051,32513016.48,49376.503658,236056.14351,14806064.675,28388.601046,2677016.1412,-2.9780512671e-08,7.9884966856e-09,-2.6864737019e-07,-7.1159337195e-07,1.0679018985e-07,1.0573333175e-07,5.7288305317e-07,3.0483139439e-07,-9.0526738728e-09,1.5871852773e-07,-1.1839523904e-06,-3.6175773274e-08,1.331211524e-05,-3.2913033612e-07,-8.752609444e-07,0.23836751426,0.014287240366,-0.0078369659652,0.02828696217
s6061,ok,,3.1507407684,32535893.266,64306.02584,273997.90537,14830917.769,34901.414187,2684201.9305,-2.5653223119e-08,6.4042355151e-09,-1.416623336e-07,-3.7786016032e-07,9.1822916861e-08,3.5698955577e-09,3.0480498207e-07,1.8017660993e-07,-1.2324909454e-09,-7.8653849909e-07,-1.4007065829e-06,-3.8508200099e-08,1.0830039027e-05,-5.9794141347e-08,-1.710374678e-07,0.24040781994,0.011753175968,0.050579165047,0.019600797053
s6062,ok,,3.1410960689,32436297.985,50075.875502,217119.33308,14822299.551,27013.399622,2663939.5679,-2.5846475697e-08,6.6413434143e-09,-1.6421987341e-07,-4.3736164821e-07,9.2303275614e-08,4.2179394975e-09,3.5770514228e-07,2.1125273482e-07,-1.1849853842e-09,-8.5478790654e-07,-1.7561330381e-06,-4.7023197873e-08,1.3994199691e-05,-6.3182602871e-08,-1.7946736971e-07,0.24023605282,0.010650207772,0.042804252788,0.017912398171
s6063,ok,,3.1299342668,32321036.454,37981.647838,168995.32883,14798423.131,20439.312404,2639188.2501,-2.6095213183e-08,6.2670898123e-09,-1.9414606606e-07,-5.1654668154e-07,9.2663030418e-08,6.3117232556e-09,4.2802230012e-07,2.5269198433e-07,-1.0493601788e-09,-7.5286939014e-07,-2.1738566177e-06,-5.8532603833e-08,1.8496380442e-05,-6.2136955394e-08,-1.7692763555e-07,0.2396220149,0.0096914466134,0.028595220044,0.01625699227
s7012,ok,,3.1515102476,32543839.237,56127.189589,250783.73643,14834150.354,31177.517145,2686437.208,-2.6898908615e-08,6.5685371015e-09,-1.8655915632e-07,-4.9703174163e-07,9.1756261171e-08,8.5378343846e-09,4.0106354782e-07,2.3535626701e-07,-1.1681211694e-09,-3.1108606992e-07,-1.3329052845e-06,-4.8788403493e-08,1.2122503461e-05,-5.0187858754e-08,-1.4707181041e-07,0.24036964828,0.014394346757,0.017460386825,0.022510569786
s7055,ok,,3.1883249549,32924003.609,89380.23065,382661.50075,14925566.719,50675.885543,2767830.6963,-2.9794028943e-08,1.0289658131e-08,-1.9752062706e-07,-5.2478885874e-07,9.4538300538e-08,2.2638193249e-09,4.441877782e-07,2.500112548e-07,-4.0805431883e-09,-7.5085159923e-07,-1.0109494709e-06,-5.2483636501e-08,7.4584241974e-06,-9.6847520866e-08,-2.656565278e-07,0.24206322718,0.023339702729,0.067111289124,0.039701606067
s7075,ok,,3.1731670244,32767476.352,67468.879541,290788.11875,14928967.143,37636.796428,2737913.4162,-2.9648390284e-08,1.1481308672e-08,-2.227763032e-07,-5.9279994126e-07,8.96922457e-08,-2.439936616e-08,5.0657063911e-07,2.942940735e-07,-7.8951027968e-10,-8.7919726247e-07,-1.36587924e-06,-7.1507988263e-08,1.0042771572e-05,-2.0065210819e-08,-6.722330165e-08,0.24146161747,0.021700316831,0.059318454194,0.034177753429
s8023,ok,,3.1748559183,32784916.59,33712.650704,164680.31682,14977947.981,19183.582512,2753278.8532,2.3007664479e-08,-2.1347382154e-09,1.8831355329e-09,-9.4470277007e-13,8.8140785441e-08,2.1924710869e-09,5.3730415092e-09,1.5575603879e-09,-1.3215419781e-10,2.6913287267e-06,8.2198068098e-07,-3.4350339872e-09,-1.9689582148e-05,7.7597988392e-09,-3.7025177992e-12,0.24267616066,8.8608902024e-10,-0.09073182529,0.00018113947162
s8021,ok,,3.1674344345,32708279.183,44517.814375,187068.09366,14958756.695,23680.322153,2734684.3618,2.3088994206e-08,-1.6843851883e-09,1.5875908185e-09,-4.0126319506e-13,8.9483962121e-08,1.9307673937e-09,3.0364879382e-09,8.7036810861e-10,-6.5910071871e-11,-3.3588542462e-07,1.7631384762e-06,-2.4554257556e-09,-1.595811075e-05,6.4876928021e-09,-1.8022940727e-12,0.24471039184,-9.4192965672e-10,0.014952884984,0.00013517780638
s8025,ok,,3.1545096625,32574812.474,42909.421149,195491.64362,14870467.283,23691.9456,2699622.8222,-2.3370737661e-08,1.6347123708e-09,-5.5045676058e-08,-1.5010451458e-07,8.9914107452e-08,2.6647198679e-08,9.0854527916e-08,5.5469743369e-08,-1.7823449564e-10,8.5409647335e-07,-1.2219146885e-06,-4.1981480554e-10,1.5944231081e-05,-7.2780795681e-08,-2.1089547414e-07,0.24070334344,0.0023536472182,-0.036648785277,0.0038985152017
s8036,ok,,3.2324150046,33379296.271,201141.89097,746147.4312,14921512.544,111926.56151,2862541.5349,-2.3497118574e-08,2.7342377945e-09,-4.9002613564e-08,-1.3402223661e-07,8.5234889155e-08,5.3771493799e-10,9.4596591942e-08,5.9202130117e-08,-4.4915073625e-10,-4.8006422244e-07,-4.9801804837e-07,-1.0198382655e-08,3.3735182088e-06,-2.5436798915e-08,-8.5070355812e-08,0.24031246847,0.012713680783,0.096561025489,0.019027337383
s8037,ok,,3.2351854998,33407905.586,200638.98336,751518.4588,14916300.368,112569.19085,2867098.4571,-2.4351115381e-08,4.102497618e-09,-6.8706503647e-08,-1.8581560367e-07,8.6563761775e-08,4.2404533409e-09,1.3547379735e-07,8.2364720719e-08,-1.2690743704e-09,-4.654010984e-07,-4.8720342882e-07,-1.3657098202e-08,3.3537844607e-06,-4.4593636291e-08,-1.3421305026e-07,0.24007889991,0.017294048909,0.093377603236,0.027181324972
s8035,ok,,3.2130913562,33179752.034,150223.0304,576659.66613,14920708.319,83091.902861,2825718.3588,2.2686095837e-08,-2.5922685074e-09,2.4276939303e-09,-1.5614536592e-12,8.4779493248e-08,3.2251747917e-09,4.1992211434e-09,1.1927176904e-09,-2.1031824199e-10,-3.7423299756e-07,5.5305051223e-07,-3.6195235558e-09,-4.5396189909e-06,1.0132840801e-08,-3.8565705622e-12,0.23956297052,5.2976253006e-08,0.05621841497,0.00063081972549
s8038,ok,,3.2068410233,33115208.43,132787.77458,511037.54885,14946549.783,72562.80708,2814478.0014,-2.3124081992e-08,1.5789232128e-09,-3.8351262076e-08,-1.0661714663e-07,8.6220561623e-08,2.7762539526e-10,6.9588303985e-08,4.5697734584e-08,-3.2788113386e-11,-5.023996666e-07,-6.934482173e-07,-7.345068018e-09,5.203020513e-06,-1.306163001e-08,-5.5462494199e-08,0.24145419699,0.0067648160511,0.066712533675,0.0092404760227
s8052,ok,,3.1859444083,32899421.069,111399.12171,448020.91833,14882861.327,61365.120003,2762065.8471,-2.4182467519e-08,3.8735602438e-09,-7.7130042248e-08,-2.0771867337e-07,8.8526286581e-08,4.5147746392e-09,1.5632794785e-07,9.4097608371e-08,-7.3612283626e-10,-5.3858547436e-07,-8.1345795143e-07,-1.6965064937e-08,6.1570999573e-06,-4.0774106322e-08,-1.2286415447e-07,0.24017551698,0.010936496186,0.059997948807,0.017414796089
s8055,ok,,3.1896958958,32938160.529,120127.37043,471770.49328,14911226.035,65618.028741,2770733.5104,-2.4840099881e-08,5.90822626e-09,-9.2411109787e-08,-2.4744832232e-07,8.873733925e-08,-1.5254541218e-09,1.8981989064e-07,1.144855472e-07,-1.027029044e-09,-6.9414492476e-07,-8.3857668249e-07,-2.2072019215e-08,5.75976331e-06,-4.1731661158e-08,-1.2270446816e-07,0.24033089059,0.014302966642,0.083385804509,0.022802564318
s8064,ok,,3.1832821981,32871929.951,127703.60369,491194.89201,14877578.955,68633.232903,2754182.9436,-2.3484235272e-08,2.0927750329e-09,-4.3015958923e-08,-1.1742659663e-07,8.7914688235e-08,-1.5143508658e-08,9.9865783513e-08,6.1930259046e-08,5.2370263478e-11,-9.4402143556e-07,-9.4180727611e-07,-1.8912920949e-08,5.5071407694e-06,6.3473948559e-09,1.8469897436e-09,0.24217412841,0.0080900662624,0.12055493928,0.01275322044
s8066,ok,,3.1674460167,32708398.788,83162.389281,329764.2077,14891028.51,44189.706492,2725034.8649,-2.3589232518e-08,2.3330767737e-09,-5.3966378939e-08,-1.4655692729e-07,8.8936941282e-08,-1.5033313824e-08,1.2250508226e-07,7.6452748656e-08,9.0870793217e-11,-1.1173124331e-06,-1.3359527556e-06,-2.2483905758e-08,8.5531502324e-06,8.8613809012e-09,7.8816533836e-09,0.2424953326,0.0065607666124,0.092918371507,0.01018781534
s8065,ok,,3.1741352028,32777474.175,101555.8718,397226.15221,14887022.642,54220.703483,2737403.3031,-2.367987066e-08,2.6512061092e-09,-5.4919034905e-08,-1.4898706884e-07,8.8597062955e-08,-1.5759306388e-08,1.263072412e-07,7.7918293519e-08,2.7035671956e-11,-1.0601021813e-06,-1.1457146875e-06,-2.2997069733e-08,6.9708053697e-06,3.9817445673e-09,-4.661848723e-09,0.24242278836,0.0080169073078,0.10765960122,0.012827241995
s9000,ok,,3.1626074858,32658434.052,63890.657643,274191.81588,14886482.617,35115.727844,2713758.5042,-2.7737372183e-08,9.0392564599e-09,-1.9660264403e-07,-5.2370424083e-07,9.0977386193e-08,-1.8071731985e-09,4.1690306332e-07,2.4843934807e-07,-1.1705624431e-09,-5.6204334456e-07,-1.2934349932e-06,-5.1828678966e-08,1.0762452917e-05,-4.1483493307e-08,-1.2433375024e-07,0.24068079858,0.017339761225,0.035909318908,0.026636210889
s9026,ok,,3.1670594521,32704406.956,68851.016135,285168.95789,14895804.656,37145.969362,2727185.4423,2.307033601e-08,-2.0063988558e-09,1.8809303232e-09,-3.0781690154e-12,8.8108659296e-08,2.3327227614e-09,3.6568960031e-09,1.0444732957e-09,-1.0878912817e-10,-2.7130946368e-07,1.0854283553e-06,-2.9235964649e-09,-1.0167932274e-05,7.8259815808e-09,-8.0089382748e-12,0.24028865297,4.2855751555e-08,0.018679932261,0.00025178100571
s9027,ok,,3.1563335831,32593647.056,47845.382661,204620.88412,14895608.987,25676.268374,2704950.8708,2.3160831105e-08,-1.804113146e-09,1.6786013458e-09,-3.9131142629e-12,8.8931793428e-08,1.9339177108e-09,3.5006609893e-09,1.0177689602e-09,-9.2381141127e-11,9.0814879919e-08,1.3912330789e-06,-2.6936443548e-09,-1.4715329081e-05,6.9757984495e-09,-1.0431585284e-11,0.24055613207,3.6042611252e-08,-0.004345072681,0.0001674904646
s9032,ok,,3.1638600225,32671368.281,60164.941424,254044.86913,14894257.414,32540.415876,2720793.5851,2.3093498411e-08,-2.0315802581e-09,1.8921653412e-09,-3.4877730254e-12,8.8358951647e-08,2.3113809953e-09,3.8771142168e-09,1.1155416373e-09,-1.0864251138e-10,-6.9218381431e-08,1.1437607542e-06,-3.0054681233e-09,-1.1606971048e-05,7.8687399146e-09,-9.3385826993e-12,0.24040646883,4.0438538891e-08,0.0041645198642,0.00023326634975
s9033,ok,,3.1501432168,32529722.694,39883.996755,177015.79451,14875092.951,21604.426312,2690530.3852,2.3204762792e-08,-1.8650298288e-09,1.7181027783e-09,-4.9270012901e-12,8.9259927469e-08,1.9921894857e-09,3.9041009892e-09,1.1344667253e-09,-9.4604770989e-11,6.769499498e-07,1.4224888224e-06,-2.8489262354e-09,-1.7488160579e-05,7.151267034e-09,-1.3031087421e-11,0.24015654704,3.8833963448e-08,-0.026999469601,0.00015571115118
s9037,ok,,3.1656515811,32689868.679,64722.50351,294122.04596,14876065.708,36994.859049,2716236.6929,-3.2406509182e-08,1.1559759236e-08,-2.6975675812e-07,-7.1637748233e-07,9.567613395e-08,4.7597740579e-09,6.1534849126e-07,3.435403519e-07,-4.2161540399e-09,-6.6654762385e-07,-1.2463714023e-06,-7.3772706432e-08,1.0216506277e-05,-1.0020456835e-07,-2.7647867887e-07,0.23994873345,0.02405056995,0.043140630925,0.039826894886
s9104BTE,ok,,3.4725038802,35858556.421,58142.135103,1038370.6149,14638124.384,107966.06424,3362747.0571,-6.6710820242e-08,1.0457222775e-08,-3.3632577921e-07,-9.1679615475e-07,6.163523193e-08,-1.7296127285e-07,2.9438798322e-06,4.7302178877e-07,9.3266584037e-09,-9.1132095204e-07,-4.7013138186e-07,-1.3667090645e-07,3.4496047271e-06,6.4084916754e-08,1.1542184635e-07,0.24564910027,0.10206044148,0.052986145916,0.17116345893
s9104,ok,,3.4582877187,35711754.272,58136.513612,1033007.4728,14714037.897,107517.13447,3321874.2904,-6.7436324709e-08,1.2647771815e-08,-3.4115693677e-07,-9.1964025503e-07,6.057778035e-08,-1.8350026074e-07,2.9455161295e-06,4.7798202914e-07,9.9290300812e-09,-9.7402282591e-07,-4.7869768887e-07,-1.3680324481e-07,3.4893570646e-06,6.4444136955e-08,1.2873804768e-07,0.24347686436,0.10226743395,0.056626291277,0.17124203856
sa7024,ok,,3.1547658697,32577458.18,37843.299479,188638.82009,14893073.415,22123.316522,2696087.4152,-3.6356297001e-08,1.3574255998e-08,-4.1273032457e-07,-1.0946245949e-06,9.5452081593e-08,2.1323297129e-09,9.8770878559e-07,5.3725172264e-07,-3.3999008063e-09,-5.9602124291e-07,-1.9362563644e-06,-1.2449586968e-07,1.7087786899e-05,-8.5982234076e-08,-2.3938296008e-07,0.24171046628,0.022937289715,0.022555410391,0.037378159371
sa7025,ok,,3.1534101117,32563458.044,52102.892013,248477.53249,14849126.005,30155.497679,2687522.3957,-3.4885845986e-08,1.5323295222e-08,-3.3178375581e-07,-8.8053846069e-07,9.4938147627e-08,-1.9142537823e-08,7.9002969547e-07,4.3433350384e-07,-3.2885611155e-09,-9.9901224206e-07,-1.6254774362e-06,-1.025328237e-07,1.25355643e-05,-7.4632544861e-08,-2.0940038324e-07,0.24019488131,0.025037357156,0.052051426968,0.04116283191
sa7026,ok,,3.1694020306,32728597.421,67181.718489,307867.74145,14879661.2,38857.5343,2723064.243,-3.3199383409e-08,1.4745945148e-08,-2.7040419286e-07,-7.1864999901e-07,9.2936360816e-08,-3.0268195174e-08,6.4904800452e-07,3.5819623823e-07,-2.484357403e-09,-1.0493660498e-06,-1.3877732235e-06,-8.7780536469e-08,9.7266763664e-06,-5.1664588707e-08,-1.5007283144e-07,0.24165119012,0.0265167025,0.070498214548,0.043604160326
sa7035,ok,,3.1568881202,32599373.443,66338.662758,288709.1611,14845737.293,36708.974895,2697286.2743,-2.8354643565e-08,8.8229590528e-09,-2.0280557487e-07,-5.4012636221e-07,9.2640891734e-08,3.4188155897e-09,4.4066565452e-07,2.5721048439e-07,-2.0790299968e-09,-6.1270711215e-07,-1.2546835034e-06,-5.4397231682e-08,1.0294153735e-05,-6.6971188046e-08,-1.9170347021e-07,0.23961408074,0.018142174679,0.040646170483,0.029233170244
sa7038,ok,,3.1615765289,32647787.951,66740.315223,299281.16384,14853910.514,37822.805623,2706323.7837,-3.0986595595e-08,9.9327198193e-09,-2.4434640063e-07,-6.5014075678e-07,9.3058830121e-08,-2.1396473715e-09,5.5482808947e-07,3.1496302063e-07,-2.6012403672e-09,-6.0852684023e-07,-1.2125874979e-06,-7.0605980266e-08,9.9905838115e-06,-6.5489482304e-08,-1.8807679718e-07,0.2393180955,0.022888910878,0.040613273139,0.037029401586
sa7036,ok,,3.1585981263,32617031.699,66480.552471,291985.1374,14849713.934,37065.573714,2700756.6143,-2.9200456497e-08,9.1791671343e-09,-2.1735900091e-07,-5.786589991e-07,9.2806602256e-08,1.7227067431e-09,4.7960698183e-07,2.7742216363e-07,-2.2698981314e-09,-6.0841029202e-07,-1.2392395014e-06,-6.0053765679e-08,1.0195031105e-05,-6.6779090627e-08,-1.9127371482e-07,0.23955541288,0.019750965585,0.040447452343,0.031884537121
saratov,ok,,3.242893326,33487499.888,47309.633054,561314.5284,13328675.747,55006.778598,2824148.6683,-4.9156271456e-08,-8.8532393491e-09,-3.423536433e-07,-9.8938203769e-07,9.2668562065e-08,-3.4357088058e-08,2.1263688314e-06,5.1266119011e-07,-3.5958009574e-09,-3.1788599862e-07,-7.4877927466e-07,-1.7029167622e-07,6.4829461172e-06,-7.1547912681e-09,-1.4272409814e-07,0.23975695739,0.052543739558,0.015039069948,0.10059772915
sc1012r8,ok,,3.2470425971,33530347.031,122991.50777,460283.69313,15202875.286,67965.65528,2921568.566,-2.5457153816e-08,8.2532007261e-09,-1.2103815885e-07,-3.2102849446e-07,8.8788972572e-08,3.2602908444e-08,2.1717903248e-07,1.303813894e-07,-2.8932434185e-09,-4.0933382743e-07,-6.3740575066e-07,-9.341275238e-09,5.5617569917e-06,-1.1313121575e-07,-3.0318665333e-07,0.23996348133,0.016881499607,0.050344584618,0.026711176661
sc1094r8,ok,,3.2176540392,33226868.245,76598.854476,297581.56846,15162279.374,41371.77612,2857133.8183,-2.5733538041e-08,1.0989739546e-08,-1.5697724711e-07,-4.1582284669e-07,9.1892886948e-08,4.3674302147e-08,2.7907429417e-07,1.6785614768e-07,-3.0835351881e-09,-4.9098194256e-07,-1.0483937816e-06,-1.0875422833e-08,9.1395343479e-06,-1.4951798487e-07,-3.9854520112e-07,0.24288844653,0.013202101052,0.037608654368,0.021376771247
sc1095r8,ok,,3.2181205171,33231685.295,76611.227761,297545.3386,15164515.197,41378.00171,2858389.1978,-2.2996666787e-08,-3.1013283327e-09,-3.7644819449e-08,-1.018065884e-07,8.4826889781e-08,-7.5278375949e-09,1.1713356461e-07,6.6764178355e-08,2.2025506916e-10,-4.8596371456e-07,-1.04496593e-06,-2.9115898836e-08,9.1393743733e-06,9.5845710219e-09,1.6024332186e-08,0.24266110812,0.0043734527631,0.037230276819,0.0089737461968
sc20010,ok,,3.2056959061,33103383.461,88911.332481,331223.02033,15093482.687,46616.363519,2826695.663,2.2835340593e-08,-1.0135010202e-09,9.8668284882e-10,-2.5515211258e-13,8.6928632809e-08,1.2335326691e-09,1.2638867058e-09,3.4932665703e-10,-3.5919301298e-11,-1.1130432595e-06,1.2873959279e-06,-1.335480093e-09,-8.1114494727e-06,4.0156189455e-09,-1.4496014133e-12,0.24572078935,-4.7103546915e-09,0.098962159311,0.00011237385112
sc1095,ok,,3.2034524914,33080217.004,76242.637717,297236.81027,15098370.398,40642.380188,2822024.6723,-2.3322042813e-08,2.8860893665e-09,-6.0615511768e-08,-1.6289674427e-07,8.7580784271e-08,1.0165493372e-08,1.1570927119e-07,7.1128241845e-08,-3.0632215266e-10,-5.1960543113e-07,-1.1291332556e-06,-1.0510178786e-08,9.302313447e-06,-4.1057009598e-08,-1.1909125953e-07,0.2449242478,0.0054351699577,0.039616088641,0.0088219800441
sc20012,ok,,3.2234932764,33287166.7,126870.4274,462112.76704,15106010.175,67491.675341,2864895.5402,2.2698636797e-08,-1.2007916022e-09,1.1611800611e-09,-2.4778600611e-13,8.5283838014e-08,1.4883695971e-09,1.4801942449e-09,4.0711246408e-10,-6.1018489195e-11,-8.2733255042e-07,8.8868000532e-07,-1.567886814e-09,-5.6013812222e-06,4.752560936e-09,-1.1198367658e-12,0.24432928718,-1.7428316362e-09,0.10496403427,0.00018779287649
sc20402,ok,,3.1550705619,32580604.56,3081.7552233,13304.717206,15003718.457,1609.1009889,2712577.3604,2.3246538813e-08,1.420462369e-08,5.0977311194e-08,-1.3411226556e-07,9.2179287406e-08,-3.9388879094e-08,2.8850791197e-07,-1.5246750372e-07,-8.4276624442e-11,-2.0068907832e-05,3.5920825552e-05,1.0125953314e-07,-0.00023539828725,-8.4674511439e-08,2.2542725067e-07,0.2501753746,0.00030654763703,0.061847461538,0.00088911076469
sc20403,ok,,3.1600247328,32631763.444,7134.5191454,30074.390355,15017414.15,3723.4981231,2724358.4286,2.3198651265e-08,-9.8552339976e-10,2.6814029075e-08,-7.037539883e-08,9.1478798465e-08,-1.2095958694e-07,9.2449758972e-08,-9.1963077068e-08,-3.7135554673e-10,-7.0434104174e-06,1.4741318341e-05,6.5138526465e-08,-0.00010165308893,-3.6587908002e-07,9.6849294607e-07,0.24990919546,0.0011632757733,0.050251346472,0.00065958457538
sc20404,ok,,3.164967815,32682807.818,13076.789893,54597.814578,15026110.441,6855.2896957,2735610.897,2.3160173029e-08,2.5910059716e-10,2.1340390898e-08,-5.5484265206e-08,9.0984458537e-08,-7.7608545454e-08,8.2478763268e-08,-6.9009739558e-08,-3.4111509378e-10,-3.9941442696e-06,8.0380821506e-06,4.7661610204e-08,-5.5194086989e-05,-2.2824348291e-07,6.0688402466e-07,0.24952523155,0.0014185015657,0.052230585417,0.0010785574579
sc20406,ok,,3.1765774019,32802693.366,29734.189047,120917.96738,15045789.342,15649.339481,2761969.3515,2.3063198888e-08,3.8174016035e-10,1.0001622806e-08,-2.463980405e-08,8.9918131151e-08,-2.3119369871e-08,4.2712123059e-08,-2.8075289126e-08,-1.0505493137e-10,-1.7525492541e-06,3.4179645418e-06,1.8072602808e-08,-2.4169707111e-05,-6.3572071907e-08,1.7532471051e-07,0.24853596403,0.0010675168202,0.052110630835,0.0012700103416
sc20410,ok,,3.2080941477,33128148.727,81236.128994,320092.52879,15058735.358,44344.295692,2828692.8729,2.2860474273e-08,-2.516076352e-09,5.1954845426e-09,-1.1999667929e-08,8.6795563506e-08,-3.6680697349e-08,8.5820695238e-09,-1.461500784e-08,-1.0106948814e-10,-7.6799620119e-07,1.2173390249e-06,9.4204882084e-09,-8.5257347926e-06,-1.0350151377e-07,2.8079887477e-07,0.24590196943,0.0035946122374,0.062389038467,0.00069717410687
sc20412,ok,,3.2272830119,33326301.123,115463.37791,446703.15868,15051007.681,64211.254147,2868611.0682,2.2713574604e-08,-2.3400963117e-09,5.1057656794e-09,-1.0951813919e-08,8.5007955179e-08,-2.9244502017e-08,1.1457429928e-08,-1.2289156193e-08,-1.1911124162e-10,-5.3973284394e-07,8.1770124e-07,7.1838878203e-09,-5.8849883946e-06,-7.9690996798e-08,2.2131311721e-07,0.24425083055,0.0041750902877,0.06231937733,0.0013229135616
sc20503,ok,,3.1603452676,32635073.422,7232.9265954,30779.563032,15017853.939,3801.6013199,2724985.5626,2.3205796616e-08,1.0213323476e-08,2.6860118917e-08,-7.0043616405e-08,9.1738621256e-08,-5.214829749e-09,1.7713951546e-07,-8.422756547e-08,1.0809523281e-11,-7.814555134e-06,1.4954465621e-05,5.7295865245e-08,-9.9563556606e-05,4.1823191506e-09,-7.3660016088e-09,0.24998107347,0.00025927778441,0.05652210366,0.0012812371124
sc20414,ok,,3.2479460847,33539676.83,154355.2595,586181.43714,15044875.184,87460.401666,2910670.9355,2.2560486476e-08,-2.0082726683e-09,4.6838787602e-09,-9.8913576717e-09,8.3175122267e-08,-2.451901001e-08,1.2777294448e-08,-1.0576342047e-08,-1.496223186e-10,-4.1423745958e-07,5.8665859726e-07,5.8927511201e-09,-4.3201503144e-06,-6.452366063e-08,1.810420102e-07,0.24248868555,0.0047058863571,0.06393973057,0.0019722426002
sc20606,ok,,3.178855196,32826214.838,29327.738095,120531.87478,15046510.532,15655.022922,2766955.9608,-2.3058257523e-08,-6.274131345e-09,-1.2871689103e-08,-3.7653882112e-08,8.9967093551e-08,-6.3325650579e-09,8.6647702701e-08,4.3125425724e-08,-1.0607600472e-11,-1.8316891619e-06,-3.526287459e-06,-3.0242952853e-08,2.4147886399e-05,8.1496212795e-09,7.0767371249e-09,0.24894652518,0.00061705230488,0.053719300011,0.0025411811313
sc20518,ok,,3.2928540667,34003415.809,242577.96239,888541.99232,14979358.693,143079.12676,3000746.808,2.2192106966e-08,-2.2483113878e-09,5.3462155108e-09,-9.3895162726e-09,7.9466121141e-08,-1.2735798527e-08,1.8435220501e-08,-8.1955654046e-09,-2.3444534651e-10,-2.7766523991e-07,3.3952250648e-07,2.849564891e-09,-2.6363772479e-06,-2.951541278e-08,9.8249054273e-08,0.2388042924,0.0047013843659,0.067355468126,0.0044719782254
sc20612,ok,,3.2300677836,33355057.866,115202.87448,446458.73843,15059899.638,64311.68126,2874778.6339,2.2685223698e-08,-7.6534119346e-10,6.7627065908e-09,-1.5334125349e-08,8.5001990966e-08,-1.810298269e-08,2.8774495566e-08,-1.6775698772e-08,-1.5451212235e-10,-5.5234512027e-07,8.3010642102e-07,1.0012995892e-08,-5.8775960224e-06,-4.5725425394e-08,1.3140086274e-07,0.24471657788,0.003054390971,0.063631745561,0.003314904601
sc20614,ok,,3.2508451284,33569613.591,153706.89697,584058.03667,15055735.131,87332.818494,2917364.933,2.2532600244e-08,-7.6611583139e-10,5.7563227953e-09,-1.2727490438e-08,8.3186895438e-08,-1.5477439463e-08,2.5597134298e-08,-1.3817403376e-08,-1.7194179809e-10,-4.2261418347e-07,5.9616366911e-07,8.0609492394e-09,-4.3279844246e-06,-3.753031133e-08,1.095727979e-07,0.24301893562,0.0034373735325,0.064958714757,0.0039344560844
sc20610,ok,,3.210538686,33153392.073,81108.596211,320696.30862,15063838.02,44512.349594,2833791.5314,2.2832066758e-08,-4.2946881412e-10,7.2154189622e-09,-1.7340797948e-08,8.6790555993e-08,-2.2895779304e-08,3.1355650132e-08,-2.042743999e-08,-1.4825970681e-10,-7.9437699655e-07,1.2396984953e-06,1.3211936684e-08,-8.4952460945e-06,-6.0493036486e-08,1.6702661893e-07,0.24629787506,0.0026031883077,0.064430803053,0.0025432127655
sc20706,ok,,3.1800855434,32838919.931,29059.195704,120455.98187,15049274.369,15634.682258,2769537.9541,-2.3070857709e-08,-7.7462202687e-09,-1.5008059021e-08,-4.3307334281e-08,9.0012793958e-08,2.1719528651e-09,1.0637637876e-07,4.8457453098e-08,-1.2245831563e-10,-1.9078752335e-06,-3.6034489106e-06,-3.3435988746e-08,2.4178108636e-05,-1.9683318844e-08,-6.6539207093e-08,0.24916880062,0.00041788173841,0.055441319788,0.0030912120087
sc20710,ok,,3.2123680519,33172282.886,80859.432541,320816.68464,15068577.756,44573.377447,2837730.835,2.2824465618e-08,6.1117900069e-10,8.0834024957e-09,-1.9635623199e-08,8.6803805727e-08,-1.5417198832e-08,4.2244285244e-08,-2.2782783964e-08,-9.9374787223e-11,-8.0136606545e-07,1.2513430554e-06,1.4698588937e-08,-8.4843557296e-06,-3.7530711391e-08,1.0628966828e-07,0.24658420575,0.0020435120485,0.06479800531,0.0034158489329
sc20712,ok,,3.2318494196,33373455.799,114521.38064,445212.19687,15064700.945,64169.411131,2878679.5361,2.2676987839e-08,2.6909846565e-11,7.2439728759e-09,-1.6606278987e-08,8.5030306834e-08,-1.2281815132e-08,3.6531266821e-08,-1.8378912131e-08,-1.0867213494e-10,-5.5430389931e-07,8.3833385948e-07,1.1134545138e-08,-5.8914028505e-06,-2.8415074216e-08,8.5586201425e-08,0.24502999389,0.0024113982203,0.063479647842,0.0041836111128
sc20714,ok,,3.2537762368,33599881.467,152774.83097,580836.84117,15052987.118,87124.509638,2923301.9703,2.2525047239e-08,-7.2753035562e-10,6.4117690622e-09,-1.4460124013e-08,8.3214486341e-08,-1.6794777611e-08,2.9364187575e-08,-1.5665860832e-08,-1.6609103386e-10,-4.4155550629e-07,6.1342277746e-07,9.2538643784e-09,-4.3381840374e-06,-4.064856696e-08,1.1780337402e-07,0.24366851061,0.0037611463024,0.067458567837,0.0044861087933
sc21006,ok,,3.1868565232,32908839.957,29173.016055,132530.18186,15077814.719,16599.733837,2783999.5989,-2.3902583535e-08,-2.7395426402e-08,-1.4268759417e-08,-3.8634154438e-08,9.1003688913e-08,2.0391339225e-07,2.6338673068e-07,2.5284349125e-08,-4.3339971159e-09,-2.1367668046e-06,-3.6480931138e-06,-1.0989471538e-08,2.276299843e-05,-6.6657655552e-07,-1.7661773813e-06,0.24998158785,-0.00669345503,0.062335932296,0.007683785323
sc21010,ok,,3.2193347252,33244223.726,78940.711942,320183.28964,15072162.642,44794.751154,2854948.1694,-2.3087358246e-08,-1.1756149937e-08,-6.277915575e-09,-2.0981905635e-08,8.7242518353e-08,7.1076342697e-08,1.0620424409e-07,2.2147918556e-08,-1.938371454e-09,-6.5166701887e-07,-1.2223049043e-06,-1.586445006e-08,8.4178367934e-06,-2.1180370921e-07,-5.7888138791e-07,0.24734928514,-0.0054778420688,0.051443058419,0.0083838386397
sc2110,ok,,3.2098805574,33146595.956,87765.559222,335007.2393,15087453.413,47152.886596,2833850.5513,-2.5008566398e-08,1.3235140519e-08,-1.2866246461e-07,-3.4240645938e-07,9.1691601566e-08,2.7306017165e-08,2.1444736513e-07,1.3199721852e-07,-2.2911319503e-09,-9.1552266057e-07,-1.1822151779e-06,-3.3324774742e-09,8.0154864672e-06,-1.2134133041e-07,-3.29433306e-07,0.24470369435,0.012347322047,0.080351358285,0.018821092924
sd2030,ok,,3.1653564172,32686820.694,66252.58694,268321.51817,14933956.833,35229.988265,2722847.264,-2.7101996801e-08,1.3882570287e-08,-1.8049912635e-07,-4.794381269e-07,9.0535803137e-08,-2.7547124851e-08,3.8136951035e-07,2.3322164211e-07,-8.0695073148e-10,-1.4546264611e-06,-1.685293459e-06,-5.2715499735e-08,1.0734068042e-05,-2.9325070302e-08,-8.6348796753e-08,0.24254162633,0.016152923126,0.096372766079,0.025266716641
sd2083,ok,,3.1690781958,32725253.363,68281.705447,292253.9313,14908246.148,37730.831376,2727562.8426,-2.8989576377e-08,1.2239217165e-08,-2.1066600395e-07,-5.5998093061e-07,9.3193608356e-08,-1.3118189402e-08,4.7414020958e-07,2.7319139135e-07,-2.5423063789e-09,-1.1164901669e-06,-1.4581531975e-06,-6.2516600059e-08,1.0018686078e-05,-7.246299933e-08,-2.0288472308e-07,0.24248418567,0.019273472697,0.076235852713,0.032375102132
sd5060,ok,,3.1507575266,32536066.318,65999.682454,298632.25585,14790538.253,37234.716472,2680620.8217,-2.6938791905e-08,1.3713749126e-09,-1.6682169929e-07,-4.4632379117e-07,9.0753222874e-08,9.9998305732e-09,3.9190670386e-07,2.2237348486e-07,-1.2129936463e-09,-1.0972296843e-07,-1.0218993191e-06,-5.5543197496e-08,1.014306672e-05,-4.3764760128e-08,-1.3538130293e-07,0.23723767051,0.015423249583,0.0072416810742,0.025865718007
sd6060,ok,,3.1649039614,32682148.438,86663.741408,355650.74071,14851477.588,46980.111791,2714773.042,-2.5120028635e-08,6.6576250358e-09,-1.1192199525e-07,-2.9886681025e-07,9.1347833753e-08,4.4611980315e-09,2.3180763125e-07,1.3796228084e-07,-1.3694160563e-09,-8.4703643773e-07,-1.1403596161e-06,-2.6036287392e-08,8.0455329308e-06,-6.4577603117e-08,-1.8238483129e-07,0.24101804006,0.01197653763,0.073407346803,0.020089316611
sd6080,ok,,3.1634040382,32666659.592,65430.451391,309217.43687,14834169.773,38327.956336,2707228.5778,-3.3013679533e-08,9.9845186499e-09,-2.7105347922e-07,-7.201416765e-07,9.6196591277e-08,5.2785395992e-09,6.475944334e-07,3.504616916e-07,-4.6057086783e-09,-6.072936663e-07,-1.1898570157e-06,-7.9396002957e-08,9.85976348e-06,-1.0226330565e-07,-2.8300254321e-07,0.23924807142,0.02500944176,0.039735498713,0.042372396096
sd7003,ok,,3.1542784225,32572424.591,52598.037039,233336.36196,14860950.93,28956.324101,2696168.0382,-2.5333885706e-08,2.7820001168e-09,-1.4833597547e-07,-3.9653150222e-07,9.0588205612e-08,1.9123219456e-08,3.1205361415e-07,1.8498155928e-07,-8.7041163592e-10,1.4026450208e-07,-1.2114243396e-06,-3.6638206749e-08,1.3048764582e-05,-5.343378401e-08,-1.5793796287e-07,0.23934647148,0.01038771042,-0.0073776374758,0.016413407555
sd7032,ok,,3.169611876,32730764.374,76201.035036,344933.79342,14846110.231,44049.519898,2721629.8478,-3.1795009044e-08,9.2210954078e-09,-2.3932671088e-07,-6.3742943317e-07,9.2801566634e-08,5.9885211122e-10,5.4841534544e-07,3.0684318229e-07,-2.8703131188e-09,-4.6423435194e-07,-1.0081673695e-06,-6.750744299e-08,8.5757230113e-06,-6.3774122533e-08,-1.8527503041e-07,0.23839584766,0.02613461565,0.035375138117,0.041789816952
sd7034,ok,,3.173295276,32768800.733,82478.761552,382564.23475,14815678.119,48743.740393,2726054.0363,-3.1683673509e-08,5.4452682726e-09,-2.246915952e-07,-5.987262111e-07,9.4135502799e-08,1.4804013666e-08,5.3663837993e-07,2.9009891571e-07,-4.1845540055e-09,-2.8748263039e-07,-8.3455402193e-07,-6.5398564264e-08,7.7479068392e-06,-8.8545704611e-08,-2.5074458569e-07,0.23663079566,0.026295999539,0.023711211322,0.044261268977
sd7037,ok,,3.1653664167,32686923.942,67157.014452,296472.8062,14878380.066,37732.383534,2717119.758,-2.9999707911e-08,9.3871688844e-09,-2.2959631531e-07,-6.1102848448e-07,9.2389501726e-08,-7.3594472875e-10,5.1387437703e-07,2.9489802263e-07,-2.2952981888e-09,-5.8752676666e-07,-1.2108203098e-06,-6.5292268953e-08,1.001498066e-05,-6.2174084439e-08,-1.7903691611e-07,0.23980600477,0.021436546274,0.03945654356,0.034510268965
sd7043,ok,,3.1595610632,32626975.393,64675.747982,300176.31459,14829661.433,37460.569642,2699951.5158,-3.217939226e-08,8.852614308e-09,-2.6204719381e-07,-6.9806486251e-07,9.1211842172e-08,-6.509140525e-09,6.1619012117e-07,3.4328115053e-07,-1.7979350508e-09,-4.5574351059e-07,-1.1697064034e-06,-8.1223408152e-08,1.0083660185e-05,-4.0608309365e-08,-1.2585226827e-07,0.23737639236,0.025031361151,0.029475552436,0.039852556986
sd7062,ok,,3.2190606724,33241393.74,138671.75911,586105.80928,14856552.53,82396.310088,2827307.6911,-2.8254696128e-08,2.5861130792e-09,-1.398104437e-07,-3.7630426208e-07,8.8533649817e-08,1.1568100417e-08,3.188247987e-07,1.7777329032e-07,-2.5745027193e-09,-1.636320762e-07,-4.6959358492e-07,-3.7959409745e-08,4.5759118656e-06,-5.3827796051e-08,-1.6634395384e-07,0.23568109233,0.027781184095,0.022691147853,0.044211995682
sd7080,ok,,3.1628191508,32660619.795,66675.140735,286840.93871,14879786.12,36749.162719,2713034.6141,-2.8036363382e-08,8.4194316087e-09,-1.9698504205e-07,-5.2481928835e-07,9.1706671893e-08,5.9741072598e-10,4.2741792892e-07,2.5114965712e-07,-1.699082485e-09,-6.0795179772e-07,-1.2528648948e-06,-5.4156135936e-08,1.0282954532e-05,-5.5996611063e-08,-1.6300248151e-07,0.24026515423,0.017848081218,0.040535271673,0.028498150564
sd7084,ok,,3.1728939239,32764656.199,75386.66183,313605.82466,14918102.203,41086.389511,2737790.9583,-2.6936626028e-08,8.434843318e-09,-1.6655351556e-07,-4.4385996486e-07,9.218691885e-08,5.9188422082e-09,3.5143778541e-07,2.0785407483e-07,-2.0995186858e-09,-7.2404481175e-07,-1.1930468947e-06,-4.1294551159e-08,9.1978719595e-06,-7.5165796444e-08,-2.1198779495e-07,0.24178494496,0.016131944245,0.054583321373,0.026493721483
sd7090,ok,,3.1826261077,32865154.882,79489.848916,324891.85422,14957509.864,43162.962939,2763434.9672,-2.5309738158e-08,4.9449005097e-09,-1.2582414746e-07,-3.3665608047e-07,8.9358460041e-08,4.583570882e-09,2.6265482698e-07,1.5827878667e-07,-9.3961659667e-10,-4.9383459796e-07,-1.0450481345e-06,-3.2449557046e-08,8.7542793598e-06,-4.3960771824e-08,-1.3155019705e-07,0.24164571775,0.01315941729,0.039254837581,0.020878392514
sd8000,ok,,3.1582086311,32613009.603,62198.905057,265004.27533,14872251.547,33850.752623,2704409.4737,-2.5488859622e-08,3.1943757834e-09,-1.3847311028e-07,-3.7082395778e-07,8.9190450177e-08,-6.6532693265e-09,3.1132502905e-07,1.8617010821e-07,-1.8945606644e-10,-4.6594074071e-07,-1.2907328514e-06,-4.7689649861e-08,1.1161477714e-05,-9.2146359176e-09,-4.2420740909e-08,0.2397669141,0.012208396499,0.028981003894,0.019364075924
sd8020,ok,,3.1794448606,32832303.967,82351.171485,326357.43771,14943608.172,43798.299884,2757410.0923,2.2982120299e-08,-1.9495918599e-09,1.8633883704e-09,-2.0615867328e-11,8.7959046706e-08,2.2332526461e-09,3.0752128379e-09,8.7699022565e-10,-1.0388844555e-10,-6.222093416e-07,1.0903959167e-06,-2.7391204712e-09,-8.6238097839e-06,7.6532159329e-09,-6.5823097681e-12,0.24253916308,8.3301735967e-07,0.05123966819,0.00025324737976
sd8040,ok,,3.1738914544,32774957.126,78686.864166,335082.0645,14896272.451,43803.432867,2737565.756,-2.7712725278e-08,6.4834417222e-09,-1.7591358684e-07,-4.6933348655e-07,9.087031249e-08,5.6823841859e-09,3.8423901464e-07,2.2366194674e-07,-1.9210950601e-09,-4.5572801231e-07,-1.0074556205e-06,-4.7741744746e-08,8.6250063399e-06,-5.977948613e-08,-1.7387316047e-07,0.23896320505,0.018739521204,0.035859808201,0.030234563152
sg6040,ok,,3.225539556,33308297.455,190142.44985,732990.49603,14815832.703,108956.72152,2838696.6799,-2.41353795e-08,1.3883396233e-09,-6.1331757169e-08,-1.7008218019e-07,8.3918820979e-08,-1.8251088936e-08,1.4022863524e-07,8.5971863866e-08,5.2337890058e-10,-4.0314725556e-07,-4.8741961419e-07,-2.4638417859e-08,3.4593094121e-06,1.8289149149e-08,1.7737572401e-08,0.23915224854,0.018993862785,0.076655406824,0.026663416244
sg6041,ok,,3.1815258005,32853792.64,86857.174752,341551.35185,14966709.885,46412.858183,2760052.5628,-2.5664967127e-08,1.0825922099e-08,-1.3117799273e-07,-3.4909223284e-07,8.9483784437e-08,-1.2134589059e-08,2.6176017019e-07,1.6186587695e-07,-8.5403765722e-10,-1.0598693563e-06,-1.251107613e-06,-3.068407604e-08,8.1469939171e-06,-3.5150144168e-08,-1.0196367914e-07,0.24241456916,0.015055502295,0.092057257891,0.022735748845
sg6043,ok,,3.2088375123,33135825.04,85196.168035,396096.47513,14970733.115,52203.783234,2811397.5941,-3.7681466033e-08,1.710799704e-08,-2.8216380001e-07,-7.5144075569e-07,8.5974979955e-08,-5.935782455e-08,7.2224226514e-07,3.8091642663e-07,1.9441152166e-10,-9.0910746713e-07,-1.0753327631e-06,-9.874201754e-08,7.2364512914e-06,5.918199648e-09,-3.066327001e-09,0.24137167363,0.039189414049,0.077452472531,0.061532273383
sg6042,ok,,3.192768143,32969885.864,86014.169759,360523.4884,14974643.927,48472.898672,2781877.2557,-3.090107094e-08,1.4388363896e-08,-2.1678310605e-07,-5.7705895256e-07,8.8441124265e-08,-3.6139091801e-08,4.9164957457e-07,2.8484152987e-07,-7.695563403e-10,-9.5279754244e-07,-1.1619217365e-06,-6.8050544804e-08,7.7971182244e-06,-1.5060726157e-08,-5.4261380138e-08,0.24180833064,0.027335906785,0.081954089561,0.042288829969
sg6050,ok,,3.2566554388,33629613.335,201711.59058,749301.08457,15004673.172,114426.17529,2922513.7551,-2.4539194232e-08,1.6946249141e-09,-6.9828281273e-08,-1.9062487848e-07,8.4285500796e-08,-1.2846949591e-08,1.6655495439e-07,9.8125961731e-08,-2.6862323572e-10,-4.490357547e-07,-4.8835164767e-07,-2.8295572673e-08,3.2975045886e-06,-7.0475810453e-09,-4.151883924e-08,0.24367303679,0.020655308877,0.090575716311,0.033596064769
sg6051,ok,,3.2241128334,33293564.509,124187.78719,477700.23466,15063564.082,68243.668381,2858926.7924,-2.644123305e-08,8.2066400072e-09,-1.2255265841e-07,-3.2751531409e-07,8.8324018898e-08,-2.3270514465e-08,2.81830308e-07,1.654684722e-07,-1.110546716e-09,-9.3363588458e-07,-9.4049140508e-07,-4.2911816437e-08,5.5379223997e-06,-2.7463047929e-08,-8.5828540995e-08,0.24701863366,0.020904730236,0.11594617455,0.034999882315
sm701,ok,,3.2233867996,33286067.174,194278.93002,746401.72787,14774782.17,112063.98159,2829764.3257,-2.5375313848e-08,3.8643888865e-09,-8.3925102771e-08,-2.3127506922e-07,8.3819483984e-08,-1.9673885757e-08,1.8019858944e-07,1.1029674981e-07,4.5583755931e-10,-4.0142713314e-07,-4.761060222e-07,-2.6370117665e-08,3.3592017835e-06,1.4140004838e-08,2.4512072298e-09,0.23736914023,0.025982810555,0.07798883391,0.035008789149
sokolov,ok,,3.2176376215,33226698.709,37894.867047,292255.97799,14972219.66,30276.800009,2832909.7459,-5.6878126017e-08,2.1070947058e-08,-5.5871865453e-07,-1.4853632197e-06,9.9067438698e-08,-7.7918897814e-08,1.9496313182e-06,7.5236969747e-07,-7.1645367758e-09,-1.3456348143e-06,-1.6349149154e-06,-1.9363091585e-07,1.246628472e-05,-9.0064472501e-08,-2.5947864274e-07,0.24757357093,0.04302974651,0.050992652383,0.073881019594
sp4621hp,ok,,3.298215385,34058779.069,267669.58573,1046613.2544,14659930.596,169908.76142,2975318.8653,-2.3987172604e-08,-8.0617582947e-11,-5.4621088237e-08,-1.5419210969e-07,7.9122886012e-08,-2.3062072443e-08,1.3982763054e-07,7.9536935761e-08,1.5737962344e-09,-1.8879940409e-07,-2.9120978027e-07,-2.4914316774e-08,2.2149041445e-06,3.8188536038e-08,6.3730002658e-08,0.24035423707,0.028804797191,0.050535858279,0.037427603941
sp4721bs,ok,,3.3012664954,34090286.137,283413.75298,1067584.9938,14647690.806,177695.71893,2984287.9296,-2.4003470467e-08,-1.4008346166e-10,-5.4511014576e-08,-1.5654970239e-07,7.8907262499e-08,-2.6075638385e-08,1.3856146222e-07,7.9928356765e-08,1.712717659e-09,-2.2846745279e-07,-2.9688076682e-07,-2.5415877144e-08,2.1112938858e-06,4.098637931e-08,6.2394308711e-08,0.24063103005,0.030490122527,0.06475081823,0.039270224027
spicasm,ok,,3.2162562315,33212433.887,109172.33054,466956.77752,14970881.952,64015.228595,2828200.9266,-3.2420311745e-08,1.0795097328e-08,-2.1231796818e-07,-5.6298699686e-07,9.7525878868e-08,1.4179296883e-08,4.7325919402e-07,2.6000797569e-07,-6.7923125835e-09,-5.7159641328e-07,-7.3615229949e-07,-4.7683996798e-08,5.9035522839e-06,-1.2659632352e-07,-3.4083910453e-07,0.24094744162,0.03079754344,0.062402512564,0.051666809159
sp4721la,ok,,3.3002710565,34080006.81,282506.55497,1069143.3883,14665790.315,176895.68327,2981444.1391,-2.3827381809e-08,-2.8276731093e-10,-5.1444849819e-08,-1.4717137832e-07,7.9148550168e-08,-2.447171487e-08,1.329440863e-07,7.6200493128e-08,1.5296802123e-09,-2.3010843792e-07,-2.9709214655e-07,-2.4754272618e-08,2.1238973352e-06,3.7993538723e-08,5.8453150801e-08,0.24048722326,0.028523888344,0.065007142067,0.037557575825
ssca07,ok,,3.1796999142,32834937.759,43203.77902,170622.23383,15051083.212,22616.536184,2767192.5763,-2.4167326616e-08,1.4612722618e-08,-1.318870414e-07,-3.4839200082e-07,9.1875836088e-08,2.1486832059e-08,2.2424921411e-07,1.3795340829e-07,-1.0996292747e-09,-1.8678779449e-06,-2.5941788202e-06,-6.0639091475e-09,1.672633065e-05,-1.1455194558e-07,-3.018703436e-07,0.24764424019,0.0061889791625,0.08069938597,0.0096884134916
ssca09,ok,,3.194366055,32986386.586,71206.351249,275121.55859,15068690.572,37714.266829,2798598.0628,-2.4046215274e-08,1.1296982373e-08,-1.0154094779e-07,-2.6811925341e-07,9.0401590039e-08,1.6255168457e-08,1.7299314395e-07,1.0629541163e-07,-1.071939236e-09,-1.2182088344e-06,-1.5558741932e-06,-4.7535858039e-09,1.0030050366e-05,-8.7849732994e-08,-2.3103869581e-07,0.24644003129,0.0079651899972,0.08674420616,0.012318210572
stcyr171,ok,,3.2009491876,33054366.822,101166.24495,392901.57416,15045593.406,54323.394799,2808268.5617,2.2845568987e-08,-5.6579421722e-10,5.5236734401e-10,-8.2497022209e-11,8.6073544807e-08,6.0955162912e-10,9.144510483e-10,2.6721514885e-10,-1.6481357411e-10,-4.3839810807e-07,8.1797692696e-07,-8.1935536026e-10,-6.9629105481e-06,2.2302480711e-09,-1.9607838437e-10,0.24171762738,1.9068283163e-06,0.044351090385,9.2511578743e-05
stcyr172,ok,,3.2210692238,33262134.899,141807.94085,540710.459,15026085.548,77889.362006,2849305.0537,2.2654359678e-08,-1.7516964941e-09,1.6237693442e-09,-2.5001657664e-13,8.4240204876e-08,1.9079438435e-09,2.9203025371e-09,8.4811156174e-10,-2.5615483815e-10,-3.4127841455e-07,5.5599814077e-07,-2.4712723296e-09,-4.8504670013e-06,6.7649435492e-09,-9.6742028467e-13,0.24002604148,1.3872496708e-09,0.048395989225,0.00041412208945
stcyr234,ok,,3.2831164451,33902860.969,202034.08523,778993.71779,14975699.709,122670.91184,2973991.9768,-4.3860898789e-08,1.8932079744e-08,-2.4302981532e-07,-6.4848361656e-07,1.1971622572e-07,4.3690489552e-08,4.7961714003e-07,2.6349324994e-07,-1.8207686449e-08,-2.7446385361e-07,-3.792610737e-07,-2.0460126212e-08,3.0604755251e-06,-1.8005042553e-07,-4.9298677165e-07,0.23804007524,0.065405064308,0.055451053592,0.096899010147
stcyr24,ok,,3.2464064372,33523777.773,132674.56035,563553.96594,15013177.297,80690.785827,2893309.5896,-4.4184162349e-08,2.1838050216e-08,-2.9184265399e-07,-7.7390617574e-07,1.1386085523e-07,2.1109670363e-08,6.2623914004e-07,3.3594284616e-07,-1.5908475745e-08,-5.3172335748e-07,-6.2016347914e-07,-4.4094164052e-08,4.6758862885e-06,-1.8353031661e-07,-4.9257512604e-07,0.23990057021,0.052998214904,0.07054616268,0.083086002577
ste87151,ok,,3.2076076188,33123124.622,170445.14239,630424.14646,14919746.576,92456.116423,2804201.9988,-2.5174043282e-08,1.2915180133e-08,-8.7733175482e-08,-2.3224268323e-07,8.6323895277e-08,-3.1023965259e-08,1.6890669013e-07,1.0768630631e-07,1.6775701064e-11,-9.9242059894e-07,-8.2198476012e-07,-1.9952421604e-08,4.091532573e-06,4.4419903575e-09,1.0420644921e-08,0.24269686087,0.021706104258,0.16915327029,0.028789324849
ste87391,ok,,3.2239394634,33291774.217,186200.01996,701564.16983,14933215.232,105319.10977,2835497.2123,-2.7609992003e-08,1.0305313372e-08,-1.1521034253e-07,-3.0924606128e-07,8.3267608082e-08,-4.1896655338e-08,2.5369373528e-07,1.5382774956e-07,1.3300721296e-09,-6.3131104632e-07,-6.1095910114e-07,-3.8614907737e-08,3.5880765675e-06,2.8669612318e-08,5.7712691045e-08,0.241425823,0.034038272312,0.11755012942,0.047237778572
strand,ok,,3.0871931878,31879673.839,114620.86913,636469.80033,13942192.105,75674.270183,2471699.3495,-2.8297262112e-08,-4.9642469696e-09,-1.328865429e-07,-3.5998182948e-07,9.3343143297e-08,4.2287106692e-08,3.3197563099e-07,1.7124673603e-07,-3.3420039893e-09,4.4301129506e-07,-2.2237407128e-07,-3.8355711501e-08,4.9724308583e-06,-8.7994806892e-08,-2.665560664e-07,0.21267142938,0.022961115965,-0.050778339674,0.038051335354
stf86361,ok,,3.2048575005,33094725.726,167845.67568,654053.61293,14794271.864,94866.045414,2783910.462,-2.8009129292e-08,1.7683915273e-08,-1.2719645066e-07,-3.3983276263e-07,8.6296906164e-08,-5.141751031e-08,2.628645108e-07,1.6113796875e-07,9.0263364062e-10,-9.2392606945e-07,-8.0399800975e-07,-3.3939407014e-08,3.9852932575e-06,2.4631955746e-08,5.1247779574e-08,0.24483643593,0.03342972331,0.15507699541,0.044120671428
supermarine371i,ok,,3.1966234215,33009697.116,138002.13884,530889.25208,14907506.033,75018.437825,2784216.3984,-2.320936661e-08,2.2819338051e-09,-3.2989025941e-08,-8.790788893e-08,8.7412071534e-08,-5.6280471545e-09,7.2993122564e-08,4.3958632496e-08,-8.9730348532e-11,-8.2336250796e-07,-8.3824692073e-07,-1.0968675557e-08,5.0423786186e-06,-8.7816976543e-09,-2.6090100272e-08,0.24289412173,0.0061193348488,0.11362578714,0.010073207034
supermarine371ii,ok,,3.1514214451,32542922.224,55441.119636,225266.87447,14859135.493,29343.611098,2688301.5372,-2.4009902565e-08,9.4819350187e-09,-8.5994017626e-08,-2.2623196065e-07,9.1704250158e-08,-1.8880653118e-08,1.8605283738e-07,1.1143182207e-07,-3.3480283487e-10,-2.7599410534e-06,-2.5248893143e-06,-2.5433872914e-08,1.2891416657e-05,-2.920038145e-08,-7.2724474503e-08,0.24522968684,0.0061151709949,0.15301422213,0.010314977616
t16,ok,,3.2762062059,33831502.896,27136.054738,409115.76444,15001930.372,34091.531659,2959938.8013,-7.7471706862e-08,4.5051545691e-08,-6.74811258e-07,-1.7874511949e-06,1.3057860707e-07,-4.3398572151e-07,3.7056561901e-06,8.7831086683e-07,-2.9031782925e-08,-4.8717886718e-06,-1.7661520712e-06,-2.0342117833e-07,1.1079465057e-05,-2.8413014625e-07,-7.6018384069e-07,0.24912780646,0.054517662608,0.13220112407,0.10055688921
tempest2,ok,,3.1956464298,32999608.282,124639.81081,466629.8876,14987840.901,65792.513951,2791414.2766,-2.3260066597e-08,2.8290304807e-09,-3.9107502025e-08,-1.0522076623e-07,8.7827209266e-08,-3.8704609592e-09,8.0073122334e-08,4.9851384694e-08,-1.4101828395e-10,-9.7289339553e-07,-9.7112824175e-07,-1.0742610686e-08,5.748055768e-06,-1.6495472636e-08,-5.1038376466e-08,0.24417301724,0.0061028901093,0.12126124876,0.0099802988188
tempest1,ok,,3.2173534013,33223763.73,179613.54521,654775.26005,14991335.698,96529.952929,2835282.7105,-2.3036096165e-08,1.9120916445e-09,-2.9192245088e-08,-7.9084036921e-08,8.5934402912e-08,-3.5851701831e-09,6.022906652e-08,3.7660174475e-08,-6.3824576028e-11,-7.0999608354e-07,-6.6149889735e-07,-8.4671849161e-09,3.917556212e-06,-1.1190029727e-08,-3.7372826668e-08,0.24283612832,0.0067580144803,0.12752491365,0.010817956162
tempest3,ok,,3.1799619125,32837643.266,87289.657202,334577.51989,14979505.09,45565.389263,2758789.2777,-2.3652662605e-08,5.0713250943e-09,-6.3021020552e-08,-1.6794766454e-07,8.9448164414e-08,-5.1335844348e-09,1.2878552777e-07,7.9505184947e-08,-3.2512292711e-10,-1.3363862347e-06,-1.4018954122e-06,-1.6481825116e-08,8.3007366907e-06,-2.8736088676e-08,-8.1392063343e-08,0.24504684361,0.0067438993421,0.11665269632,0.011241644572
th25816,ok,,3.3234163755,34319015.248,511326.34691,1700347.0655,14700822.945,307143.52982,3008832.3041,-2.3421688846e-08,3.8287682334e-09,-3.5141891271e-08,-9.6048140408e-08,7.9490451409e-08,-2.0441283365e-08,7.7713844063e-08,4.8061092929e-08,3.6739650973e-10,-3.6455985642e-07,-2.5275599026e-07,-1.2918959463e-08,1.2309188911e-06,1.1665324884e-08,1.7977143428e-08,0.24076100869,0.030830988889,0.18640905961,0.039737135989
trainer60,ok,,3.2891873926,33965552.168,229010.74319,842190.91218,14878497.124,135957.96068,2996934.7029,-2.1984913646e-08,-4.1464771154e-09,-1.1357974023e-10,-1.1220372539e-08,8.0016996342e-08,-2.9749485275e-09,-1.1127865537e-09,5.918510025e-09,3.7575304039e-10,-1.735159365e-07,-2.9824948444e-07,-5.8037805709e-09,2.755784312e-06,9.3682914159e-09,-2.0539661479e-08,0.23970985057,0.00085610889594,0.039737013574,-0.00025484007568
tsagi12,ok,,3.1969740929,33013318.298,119685.08261,459901.06366,14979586.847,64152.177912,2791553.2762,-2.4251714512e-08,7.2963228503e-09,-8.2911708921e-08,-2.181835688e-07,9.1113889183e-08,2.1092658092e-08,1.5327799167e-07,9.0583593267e-08,-1.8086745386e-09,-8.4180008461e-07,-9.0237118837e-07,-7.6701792902e-09,5.8958438173e-06,-1.0106278808e-07,-2.6317969333e-07,0.24399176301,0.009880387423,0.10075091267,0.018345089095
tsagi8,ok,,3.1640658564,32673493.809,54169.004412,217882.81314,14953253.491,28271.519478,2723324.0364,-2.4543191503e-08,1.0771883682e-08,-1.2624054261e-07,-3.3295789214e-07,9.409403686e-08,3.0754311255e-08,2.3516171406e-07,1.381516727e-07,-1.9391595036e-09,-1.6460502087e-06,-2.0469865544e-06,-1.1906736953e-08,1.3380170324e-05,-1.5419064049e-07,-4.0461966211e-07,0.24584213283,0.0066018581642,0.08916490102,0.012738475927
ua2-180,ok,,3.2816773169,33887999.923,231664.50058,942831.99587,14785993.289,145943.70223,2939047.4457,-3.1016909938e-08,6.3819075119e-09,-1.3385121142e-07,-3.5623275478e-07,9.3321598528e-08,1.2004089647e-08,3.0368715775e-07,1.6309173424e-07,-6.7478994813e-09,-3.2277020863e-07,-3.1770491132e-07,-2.9238545611e-08,2.5854293706e-06,-8.9871578643e-08,-2.4623664098e-07,0.23627817875,0.043558149287,0.074774399186,0.070353533735
tsagi_r3a,ok,,3.2258039108,33311027.297,101589.14903,427582.29886,15053514.761,58569.858409,2861575.3016,-2.8094489769e-08,6.1732059925e-09,-1.7528191556e-07,-4.6486016911e-07,9.6384559586e-08,6.3542060311e-08,3.3968547118e-07,1.9309443036e-07,-5.7796314323e-09,4.2713016368e-08,-5.2015607729e-07,-1.780956862e-08,6.4505379625e-06,-1.738010132e-07,-4.6496670111e-07,0.23937642345,0.020723550714,-0.0043391789852,0.034508357954
ua2-180sm,ok,,3.2841629796,33913667.937,232136.62204,943309.54017,14794123.665,146278.18164,2946000.4424,-3.0984920183e-08,6.2066204178e-09,-1.3345781892e-07,-3.5549631841e-07,9.3003122365e-08,1.2171709008e-08,3.0326418126e-07,1.6284604698e-07,-6.7302690555e-09,-3.1769427588e-07,-3.1566876812e-07,-2.9386359121e-08,2.5790268625e-06,-8.9261427383e-08,-2.4568415588e-07,0.23597651322,0.043580088347,0.073748476045,0.070398722623
ua79sff,ok,,3.4233575342,35351050.287,366043.9786,1474027.913,14553514.074,272891.91354,3205242.4127,-2.3403271746e-08,-6.9762501186e-09,-4.3348383919e-08,-1.2499728028e-07,6.7076767845e-08,-1.7327557511e-08,1.6505137922e-07,7.8394310228e-08,2.8712785636e-09,-6.431560869e-08,-1.0042010171e-07,-3.5044604186e-08,1.3746989177e-06,2.8943286178e-08,3.3900827042e-08,0.21868367235,0.036137227864,0.023542341291,0.060416063524
ua79sf18,ok,,3.2418189812,33476405.745,267834.97771,1012239.1348,14662904.769,156924.39683,2846119.566,-2.4871510021e-08,4.8437425998e-09,-6.2846752551e-08,-1.7203288518e-07,8.5464918703e-08,-2.4808267187e-08,1.4453652221e-07,8.6458720738e-08,-3.5948354302e-11,-5.2745470987e-07,-4.5046063516e-07,-2.3611343842e-08,2.4053883243e-06,5.9047856817e-09,-7.1667261632e-09,0.2426924014,0.026723252344,0.14127082046,0.038711936205
ua79sfm,ok,,3.3045648637,34124346.494,470209.48527,1542849.021,14828076.963,268725.83582,2987820.2818,2.3802357954e-08,-7.8993627743e-09,3.8606286877e-08,-1.0863851406e-07,7.8104468263e-08,-5.1573804555e-08,9.114247104e-08,-5.8835129489e-08,-2.857887469e-09,-5.3692493663e-07,3.5835699842e-07,2.0228866993e-08,-1.4050693642e-06,-7.6518022702e-08,1.7538727014e-07,0.24808936291,0.040987011636,0.25246719808,0.042856054394
uag8814320,ok,,3.2402534896,33460239.811,176153.77144,720264.89951,14887977.072,105752.92212,2861414.0806,-3.229648965e-08,1.5681965977e-08,-1.6149582418e-07,-4.2856357395e-07,9.1073999729e-08,-4.0604412613e-08,3.8404169528e-07,2.0973658224e-07,-3.6762768158e-09,-8.3012827325e-07,-6.6343076123e-07,-4.8237327296e-08,3.5749689055e-06,-4.7636757051e-08,-1.3207357485e-07,0.24341971856,0.041930462099,0.14623022611,0.067650393014
ui1720,ok,,3.2548239502,33610700.602,94220.534006,476605.79635,14981081.894,62031.99791,2917788.685,-3.2337009606e-08,-7.6908083636e-09,-2.1761961431e-07,-5.8253543897e-07,9.4045331275e-08,8.2814910241e-08,5.4479022278e-07,2.7027801647e-07,-6.2829834918e-09,7.8645972577e-07,-2.0198989688e-07,-5.2650966026e-08,6.0743243136e-06,-1.2310538737e-07,-3.4873835874e-07,0.2375032985,0.031012779198,-0.074100655336,0.051330425711
ultimate,ok,,3.2165664587,33215637.425,135733.11314,501744.51745,15040184.046,72347.856673,2843819.6945,-2.2728417287e-08,-2.2192023481e-09,4.8926071719e-09,8.9937318249e-09,8.6443732295e-08,3.643060045e-09,-7.4010789711e-09,-4.3992351164e-09,1.2491633128e-10,-7.4893170792e-07,-8.1666958057e-07,-4.932307957e-10,5.2226805619e-06,-7.6098503353e-09,-3.622269777e-08,0.24589568278,-0.0012950890687,0.10165483224,-0.0010045714893
us1000root,ok,,3.2566338384,33629390.28,240685.3822,903877.11941,14776401.246,140631.47643,2906070.4699,2.2236121303e-08,-3.9104481868e-09,3.6104590891e-09,-3.4340960944e-12,8.2281705179e-08,5.2141263248e-09,6.513280798e-09,1.8362953827e-09,-4.5647667747e-10,-2.5118189603e-07,3.1378382104e-07,-5.4461214221e-09,-2.6717889257e-06,1.5096908908e-08,-8.350371956e-12,0.23911643362,2.0214156532e-07,0.060455810648,0.0015676514783
usa22,ok,,3.2007191571,33051991.428,59296.784081,293904.22003,15021029.582,35936.063567,2800856.266,-3.770018355e-08,7.5138849193e-09,-3.4853506713e-07,-9.207556103e-07,1.0573405173e-07,5.5416455032e-08,8.3946519439e-07,4.33318917e-07,-1.0596592821e-08,-1.9365182472e-07,-9.9640839094e-07,-8.4773068658e-08,1.0523695288e-05,-2.116894211e-07,-5.5756368262e-07,0.24435280993,0.028203796683,0.011482930437,0.049777586375
usa25,ok,,3.2057109843,33103539.166,73263.08427,329753.50311,15015920.935,42620.605079,2808412.8123,-3.7827504133e-08,2.2972096913e-08,-3.262220853e-07,-8.6071057998e-07,1.0707794985e-07,-7.4859425813e-09,7.2363896886e-07,3.9375747708e-07,-1.1540367365e-08,-1.4449883053e-06,-1.2617072134e-06,-6.7527877323e-08,8.8730043489e-06,-2.137270507e-07,-5.5899077321e-07,0.24295629253,0.030913515046,0.10586429998,0.053016022756
usa26,ok,,3.2042319065,33088265.576,87918.816717,368886.99894,14990986.843,49349.382598,2808063.9131,-3.2691543641e-08,1.5254224986e-08,-2.4346890883e-07,-6.4721027738e-07,9.8899507558e-08,1.9465414772e-09,5.2615287757e-07,2.9912624087e-07,-6.8346464154e-09,-1.0034903262e-06,-1.0805387212e-06,-5.5648758773e-08,7.653901446e-06,-1.4078904778e-07,-3.8437844581e-07,0.24314026937,0.027337355115,0.088225682063,0.046258738409
usa27,ok,,3.2218343333,33270035.745,115624.57144,471791.99423,15045442.537,65932.989197,2843579.059,-3.3055164361e-08,1.6949963007e-08,-2.1820948236e-07,-5.7432761421e-07,9.790356108e-08,-6.1735919698e-09,4.6900523223e-07,2.6428176786e-07,-7.0430376708e-09,-9.4682993701e-07,-8.4358654585e-07,-4.6067780075e-08,5.7360054189e-06,-1.2870269099e-07,-3.3036828345e-07,0.24268776378,0.032596711553,0.1094768057,0.05422852898
usa27m2,ok,,3.242712781,33485635.503,163532.5833,625939.94887,15066945.004,92792.699898,2887947.7856,-2.9868449054e-08,1.2468022586e-08,-1.5494824043e-07,-4.0751834655e-07,9.2338593806e-08,-4.2335521269e-09,3.2663375795e-07,1.8743867516e-07,-4.8269044695e-09,-7.1077418598e-07,-6.0566950184e-07,-3.2487366627e-08,4.0757184534e-06,-9.0951425265e-08,-2.321304224e-07,0.24119088221,0.032635126164,0.11623473877,0.05341526223
usa28,ok,,3.2188237164,33238946.83,135416.55879,540089.3115,14860839.365,76837.27688,2835097.6617,-2.6157535678e-08,9.4468029435e-11,-1.0699433388e-07,-2.9419567911e-07,8.5678591833e-08,-2.6324506968e-08,2.8222903133e-07,1.6096086012e-07,4.242462766e-10,-5.4393313088e-07,-6.9573691192e-07,-5.3961333746e-08,4.892742657e-06,1.5103566874e-08,6.827309961e-10,0.24295092949,0.022617939926,0.073657552796,0.038218484214
usa32,ok,,3.2991301633,34068225.459,191931.41873,816598.21099,14645562.898,125598.86432,2985727.8359,-3.8725323135e-08,1.1213919328e-08,-1.9299621716e-07,-5.2718232027e-07,9.6254983649e-08,-2.0330674785e-08,5.1049214574e-07,2.4817748839e-07,-8.7264120776e-09,-5.2817742222e-07,-4.6279580405e-07,-5.5176242183e-08,2.9712893195e-06,-7.5042516356e-08,-2.4505774626e-07,0.23865986367,0.058926129918,0.10137384199,0.097979481784
usa29,ok,,3.2310759325,33365468.441,140586.46264,598866.14421,14674377.869,84535.511368,2849280.6183,-3.0083453935e-08,2.7378917101e-09,-1.5195545147e-07,-4.1741622371e-07,9.0541347124e-08,-1.6391633683e-08,4.066515904e-07,2.1361947582e-07,-3.1316803083e-09,-5.6193173918e-07,-6.4471907872e-07,-6.1657653608e-08,4.4265790669e-06,-4.1249210453e-08,-1.5735099247e-07,0.24211040981,0.032071851891,0.078999995459,0.057169708623
usa31,ok,,3.2964120528,34040157.092,169598.48659,778562.60062,14432430.994,117769.73506,2973588.2154,-3.8899738431e-08,6.0241738814e-09,-1.9568092666e-07,-5.4396081806e-07,9.1602603297e-08,-1.8668861787e-08,5.882800558e-07,2.6508393677e-07,-5.8971605027e-09,-3.7984786257e-07,-4.520801922e-07,-6.9396884565e-08,3.1415235434e-06,-4.2348141481e-08,-1.7864729577e-07,0.23823151249,0.059077152317,0.064421622625,0.099771407153
usa33,ok,,3.2655237476,33721191.275,179691.89689,681470.54972,15090305.896,104138.80245,2939865.9955,-2.7655631916e-08,7.2980909364e-09,-1.2541824318e-07,-3.2996989567e-07,9.0159549655e-08,2.0075809965e-08,2.6216294225e-07,1.4718842037e-07,-5.0426299964e-09,-4.5981104137e-07,-4.3919449911e-07,-2.1767527154e-08,3.6306121494e-06,-1.098659565e-07,-2.8419478951e-07,0.23610625128,0.027399843318,0.082624318234,0.047108556386
usa34,ok,,3.3098758786,34179190.3,260095.02548,996004.55657,14878469.473,163220.15724,3013626.0175,-3.1374353916e-08,5.2540040675e-09,-1.2680080655e-07,-3.4341078089e-07,8.6163369004e-08,-1.0094044666e-08,3.1083498604e-07,1.6511458763e-07,-3.958712828e-09,-3.3229206069e-07,-3.1755796496e-07,-3.831081943e-08,2.3043354789e-06,-4.1778982264e-08,-1.3837070778e-07,0.23615069286,0.050745506468,0.086427511991,0.080846633613
usa35,ok,,3.3155883086,34238179.289,249427.89693,948874.56309,15006015.578,155453.03041,3037759.7188,-2.9059841913e-08,3.1301689414e-09,-1.1352627198e-07,-3.0539403512e-07,8.4006621417e-08,-1.0983125948e-09,2.7311685891e-07,1.4702965211e-07,-3.131215875e-09,-2.73539329e-07,-2.885805486e-07,-3.3500911155e-08,2.4254980415e-06,-4.346125945e-08,-1.3405594792e-07,0.23574207218,0.042581203058,0.068228339561,0.068122963733
usa35b,ok,,3.2297407607,33351680.887,107179.6261,447550.46461,15056035.4,62119.758473,2868851.4437,-2.7470465917e-08,2.4041508609e-09,-1.4462112006e-07,-3.8363437918e-07,1.0023713343e-07,6.7085808492e-08,3.5380737967e-07,1.7688001333e-07,-9.34252776e-09,-4.5974132537e-07,-7.4273246545e-07,-3.225264486e-08,6.0763370309e-06,-2.3937144827e-07,-6.3769258603e-07,0.24350543329,0.014208045306,0.049274903357,0.037920942666
usa35a,ok,,3.3155597815,34237884.706,248947.92002,947548.60004,14996854.236,155280.91717,3037663.6601,-2.9070106145e-08,2.9781009428e-09,-1.135556057e-07,-3.0598457278e-07,8.4016971045e-08,-1.0260841971e-09,2.7376339962e-07,1.4733310206e-07,-3.1196205842e-09,-2.6993763304e-07,-2.888289311e-07,-3.3775148878e-08,2.4272100243e-06,-4.2824312073e-08,-1.3407297769e-07,0.23574788274,0.042625015457,0.067200412279,0.068152828913
usa40,ok,,3.2403733423,33461477.461,125427.24389,541218.94123,14981637.106,76063.89862,2883708.2458,-2.9020205557e-08,1.4417316072e-09,-1.5507219598e-07,-4.1651366347e-07,8.6617991947e-08,5.7917795402e-09,3.7750468587e-07,2.0435811664e-07,-1.5285089933e-09,-1.0001290401e-07,-4.9560464036e-07,-4.9281173959e-08,4.9597784311e-06,-3.0062469804e-08,-1.0252182679e-07,0.24039895525,0.02980883354,0.012544342904,0.047349372305
usa40b,ok,,3.2359448486,33415746.945,123188.26728,534968.42853,14961740.185,74903.838208,2872244.9962,-2.9155019917e-08,6.6608705036e-10,-1.6063275977e-07,-4.3103918374e-07,8.7865321253e-08,2.2203428895e-08,3.7300156686e-07,2.0294249449e-07,-2.5294095016e-09,5.7680956174e-08,-4.1288313856e-07,-4.2305129817e-08,5.0355690645e-06,-5.3798033289e-08,-1.6467635147e-07,0.23706008346,0.02936696759,-0.007105617046,0.045949416713
usa41,ok,,3.1754493468,32791044.587,34827.362413,211588.55626,14926908.229,23102.060203,2740323.7302,-4.700454165e-08,1.263623596e-08,-5.4157140422e-07,-1.4367019063e-06,1.0624705874e-07,1.8755420781e-08,1.5115677018e-06,7.0672979066e-07,-1.0526618532e-08,-6.1542141637e-07,-1.7765507141e-06,-1.6512616328e-07,1.6353502018e-05,-1.9182956198e-07,-5.2173039977e-07,0.24365548525,0.030258416742,0.021433504705,0.052643916163
usa45,ok,,3.2334323492,33389801.803,157511.03908,626320.11423,14966642.718,90820.610836,2862779.2098,-2.768425479e-08,7.1160973662e-09,-1.336481436e-07,-3.5466887426e-07,9.339659095e-08,2.8812742175e-08,2.6380364426e-07,1.5263168776e-07,-4.6552176843e-09,-3.3482139156e-07,-4.6714330731e-07,-1.8981254495e-08,4.159911722e-06,-1.1269484982e-07,-3.0306032518e-07,0.23921814903,0.025647056308,0.05273806529,0.041551986121
usa45m,ok,,3.2041796174,33087725.617,103088.81453,425418.80937,14978540.015,58025.454411,2805583.0176,-2.7877024401e-08,8.4665931937e-09,-1.6564528455e-07,-4.389492289e-07,9.536838692e-08,3.4677435448e-08,3.3136140582e-07,1.9111823735e-07,-4.6698731997e-09,-4.1421536205e-07,-7.3071378331e-07,-2.5468906376e-08,6.51452381e-06,-1.3747537865e-07,-3.6744202768e-07,0.24118268744,0.020337419456,0.042700970632,0.034159654506
usa46,ok,,3.1507755664,32536252.606,31708.879378,157228.79717,14890830.196,18233.605376,2689666.3326,-2.9739329228e-08,8.7448912284e-10,-3.1277692149e-07,-8.3074253426e-07,9.0935430093e-08,8.9716997646e-09,7.8032154561e-07,4.3022582843e-07,-2.1316125654e-10,3.4231979359e-07,-2.0206432655e-06,-1.1742154758e-07,2.0733379967e-05,-7.7915732817e-09,-3.4540644324e-08,0.24317862816,0.014994283511,-0.010854577044,0.024743121766
usa48,ok,,3.2249495332,33302204.628,173814.87663,664762.98101,14946814.158,97357.735247,2845154.1087,-2.4941197003e-08,4.2944910961e-09,-8.1739094191e-08,-2.1968137696e-07,8.5797898874e-08,-1.2013983291e-08,1.7755212598e-07,1.0702868458e-07,-1.7656824134e-10,-4.8132419292e-07,-5.5105518699e-07,-2.5287349264e-08,3.8818628186e-06,-8.2511291741e-09,-3.5897584162e-08,0.24192074434,0.020542450521,0.083661305212,0.030861200872
usa49,ok,,3.1783370407,32820864.146,44641.750958,182014.81836,15036229.113,23549.185053,2762241.9622,-2.6659943615e-08,1.6261231334e-08,-2.1763419746e-07,-5.765430426e-07,9.3314114309e-08,5.3910595768e-09,4.259916951e-07,2.6077408608e-07,-1.9017767271e-09,-1.4255041257e-06,-2.2636303836e-06,-4.3129044877e-08,1.6061414446e-05,-9.7950878971e-08,-2.6367420768e-07,0.24785748887,0.012038562308,0.063637000167,0.019017015163
usa5,ok,,3.1810910372,32849303.09,39980.61178,210807.44805,14973867.212,24478.10942,2756104.0167,-4.6626631174e-08,3.0124794393e-08,-5.3477993056e-07,-1.4161846696e-06,1.19138611e-07,-2.793977508e-09,1.2880085032e-06,6.5683019117e-07,-1.7364311059e-08,-1.909435015e-06,-2.0526709593e-06,-1.220255026e-07,1.5438523988e-05,-3.2681301003e-07,-8.7142689507e-07,0.24494990671,0.029454053677,0.076340380052,0.051495367934
usa51,ok,,3.1802262041,32840372.453,71199.500611,292906.96163,14980153.028,38480.945902,2757787.7824,-2.783678615e-08,1.3190310225e-08,-1.9769825991e-07,-5.235762656e-07,9.525456507e-08,1.9734720157e-08,3.8867698627e-07,2.3198888066e-07,-3.5075646151e-09,-8.2705078242e-07,-1.2813509012e-06,-3.4284472224e-08,9.8274221461e-06,-1.2540515895e-07,-3.3518773083e-07,0.24402347422,0.017003081261,0.058885602689,0.027673607321
usa50,ok,,3.1622318001,32654554.561,42116.939173,174930.62962,14963753.75,22157.379569,2720574.4536,-2.7816352248e-08,1.8425714874e-08,-2.4905659451e-07,-6.6004498931e-07,9.4183974641e-08,-1.4722456218e-08,5.1341189998e-07,3.1232557512e-07,-2.0229611734e-09,-2.0250176881e-06,-2.5885184798e-06,-6.3255359109e-08,1.7069077595e-05,-8.9732048258e-08,-2.4351025135e-07,0.24653819864,0.013295048647,0.085287546793,0.021623337762
usa98,ok,,3.282566888,33897186.014,149710.64784,657206.43623,14939256.74,96826.007212,2970398.3694,-3.1504711202e-08,1.4175426072e-10,-1.5763094644e-07,-4.2911702129e-07,7.8618729635e-08,-3.4876627694e-08,4.6430344408e-07,2.3207913768e-07,2.7159471737e-09,-2.8456658163e-07,-4.8244021866e-07,-7.4441092232e-08,3.8819093148e-06,3.9926994427e-08,6.5838932024e-08,0.24164491895,0.043091965372,0.04260264729,0.06951116941
v13006,ok,,3.1735424959,32771353.631,30242.641834,122877.55544,15048448.849,15676.769378,2754532.0742,-2.4323554764e-08,1.4175132958e-08,-1.6636512221e-07,-4.3956717968e-07,9.2741096122e-08,4.5295399503e-08,2.8410242702e-07,1.7331990888e-07,-1.4195774478e-09,-1.4263802416e-06,-3.0949040435e-06,-6.9489808368e-09,2.413143069e-05,-1.7355485084e-07,-4.5803102372e-07,0.24675097815,0.0051194765272,0.043137506766,0.0085920079446
usnps4,ok,,3.2482478985,33542793.488,135357.34049,513797.60745,15174325.825,76042.77456,2915030.849,-3.2371335885e-08,1.8602545443e-08,-1.9888383845e-07,-5.2657473681e-07,9.3189593103e-08,-1.876963988e-08,4.1141072459e-07,2.4039512038e-07,-5.039173658e-09,-9.3205770991e-07,-8.102678185e-07,-4.1506624163e-08,4.9721608395e-06,-8.7170419987e-08,-2.3347268984e-07,0.24431066444,0.03571629739,0.1261608528,0.055687461531
v13009,ok,,3.196335413,33006723.017,68150.422343,268986.76333,15084844.571,36224.171553,2804408.0189,-2.404828983e-08,8.0953837203e-09,-1.0432498351e-07,-2.7578844102e-07,8.9907105619e-08,2.9375230986e-08,1.82435348e-07,1.1033923132e-07,-1.2251500316e-09,-6.392961302e-07,-1.2754312428e-06,-6.0118196477e-09,1.0442197529e-05,-1.0643221976e-07,-2.8140554514e-07,0.2442256306,0.0075014389716,0.043568301275,0.012433046017
v43015,ok,,3.2496526415,33557299.463,180829.67963,660704.3016,15102150.004,100603.19496,2911798.6501,-2.5526874956e-08,1.1875365572e-08,-1.087448326e-07,-2.8578444515e-07,9.1164957449e-08,3.6928578327e-08,1.6582003234e-07,1.0293746604e-07,-3.5262207803e-09,-4.5182543361e-07,-4.8240700858e-07,5.8078267904e-09,3.7575923924e-06,-1.2770079057e-07,-3.308934091e-07,0.23744766737,0.020870432333,0.081703448409,0.029985183325
v23010,ok,,3.1911408713,32953081.963,81300.19656,327581.37573,14991780.929,44173.795054,2784426.2225,-2.4342700931e-08,8.259742567e-09,-1.081740466e-07,-2.8827161218e-07,9.0866648372e-08,3.7264665027e-08,1.7790702444e-07,1.0870307276e-07,-1.6212530575e-09,-4.2920067034e-07,-9.7312583633e-07,-5.2733146826e-10,8.5563365737e-06,-1.2217083532e-07,-3.3200816026e-07,0.2411841459,0.0091988408101,0.034894098863,0.014463876056
vr1,ok,,3.1936202096,32978684.668,101747.36944,391719.59107,14998229.565,54371.90269,2788724.0478,-2.4070566662e-08,5.4470356644e-09,-7.8103701746e-08,-2.0824783068e-07,8.7762769621e-08,-7.2998133754e-09,1.6290010912e-07,9.9523287651e-08,-4.2600037332e-10,-9.3386966632e-07,-1.0709985228e-06,-2.1416480266e-08,6.9554596715e-06,-2.4968373188e-08,-7.3144000117e-08,0.24243258484,0.010358848718,0.09501878195,0.016574657585
vr12,ok,,3.2158287306,33208019.33,103130.40824,385543.79707,15122301.309,54898.848155,2847753.8785,-2.5649569664e-08,1.28169078e-08,-1.3367906735e-07,-3.535610279e-07,9.3166752492e-08,3.1495798413e-08,2.3292687877e-07,1.4109379258e-07,-3.4937420417e-09,-9.069257675e-07,-1.0274371195e-06,-7.4122559696e-09,6.8873230728e-06,-1.4480885411e-07,-3.8351571228e-07,0.2439971048,0.014279296197,0.093531624648,0.024021844098
v43012,ok,,3.2210792924,33262238.871,118643.00888,452493.13748,15055186.403,65017.509891,2851237.0001,-2.7343154874e-08,1.6060220056e-08,-1.6403907656e-07,-4.3463402391e-07,9.8213251753e-08,5.193190644e-08,2.583028927e-07,1.595517239e-07,-5.509812006e-09,-5.9413528169e-07,-7.4038167651e-07,4.4893379245e-09,5.8099551752e-06,-1.8632873933e-07,-4.9625016746e-07,0.23974644505,0.020545326101,0.070489997502,0.030645832393
vr11x,ok,,3.2171072288,33221221.647,115184.84817,423548.01464,15101937.179,61154.630905,2848131.8599,-2.6046313609e-08,1.4395602384e-08,-1.3220563184e-07,-3.5168104645e-07,9.1661340046e-08,6.2182245353e-09,2.3777422457e-07,1.4735369854e-07,-2.8437168842e-09,-1.0916307187e-06,-1.0624795585e-06,-1.5145538896e-08,6.1802190165e-06,-9.7534548133e-08,-2.6607719393e-07,0.24469448329,0.017530036675,0.12573931858,0.027387987955
vr13,ok,,3.20519688,33098230.306,82938.655331,314537.26994,15108867.137,43773.046014,2824826.8344,-2.5747127253e-08,1.4427318977e-08,-1.5025000673e-07,-3.9734234964e-07,9.42605354e-08,3.5498584907e-08,2.6143071514e-07,1.5835094353e-07,-3.5452769373e-09,-1.0771472977e-06,-1.2891177755e-06,-8.097287266e-09,8.6388078547e-06,-1.6333127174e-07,-4.3239957682e-07,0.24492815427,0.012761665922,0.089337148464,0.021682711975
vr14,ok,,3.1920168008,32962127.184,59104.579786,228522.45912,15088944.97,30861.728863,2796068.4291,-2.5873865137e-08,1.7302691852e-08,-1.7992429689e-07,-4.7575224248e-07,9.5684263018e-08,4.2686671312e-08,3.1243669187e-07,1.8925299557e-07,-3.6166121045e-09,-1.4192498759e-06,-1.8289579895e-06,-9.3232706261e-09,1.2254514138e-05,-1.9660273796e-07,-5.2024551676e-07,0.24611215568,0.010733838302,0.083884167524,0.018466439382
vr15,ok,,3.1908982032,32950576.068,59670.393286,227427.53594,15089810.734,30834.9644,2794150.8187,-2.4488153117e-08,1.3334829249e-08,-1.3196246048e-07,-3.4899325097e-07,9.299409663e-08,3.9648858894e-08,2.211678927e-07,1.3397725496e-07,-2.1995303434e-09,-1.5176229897e-06,-1.8848981465e-06,-2.0109181905e-09,1.2266012966e-05,-1.6926751668e-07,-4.4809203715e-07,0.24631595202,0.0073592919895,0.090557160655,0.01319717514
vr5,ok,,3.1972574359,33016244.218,106454.14602,452160.0939,14897182.943,60806.069059,2783818.5179,-2.822393605e-08,1.1712595346e-08,-1.6442226709e-07,-4.3503026767e-07,9.5450463056e-08,1.5160583788e-08,3.4215754886e-07,1.9343449944e-07,-4.5529762957e-09,-7.0131539345e-07,-8.6552657314e-07,-2.9008621074e-08,6.218342315e-06,-1.2051136338e-07,-3.2003667517e-07,0.24204670199,0.021750634203,0.074657931298,0.036424089667
vr7,ok,,3.2002140599,33046775.579,108365.78293,446679.73951,14939026.528,60911.676985,2795265.8189,-2.7477203135e-08,9.8066650057e-09,-1.5399019061e-07,-4.0827778613e-07,9.4272336835e-08,2.2736677894e-08,3.0923435424e-07,1.7866201188e-07,-3.9827994106e-09,-5.28715062e-07,-7.9178938622e-07,-2.4668197648e-08,6.2062457437e-06,-1.1644678588e-07,-3.1239833296e-07,0.24170224646,0.02027711213,0.057294621641,0.033510422906
vr7b,ok,,3.2197934195,33248960.399,105595.73536,438810.49386,15015187.406,60614.46353,2845093.63,-2.7376362152e-08,9.3832821229e-09,-1.5485556965e-07,-4.1056241063e-07,9.4032618583e-08,2.7763558541e-08,3.195323221e-07,1.7951538429e-07,-4.1237068197e-09,-4.1921959415e-07,-7.7979129429e-07,-2.4656172623e-08,6.2365446384e-06,-1.1964808726e-07,-3.2078640274e-07,0.24471555473,0.020135480284,0.044267801323,0.033741250524
vr8,ok,,3.1555760511,32585824.457,49141.530244,208687.99808,14887675.047,26398.257147,2700771.0164,-2.491266019e-08,9.0060856532e-09,-1.4218807598e-07,-3.7799574785e-07,9.2995408192e-08,2.0702815211e-08,2.793913052e-07,1.6557079922e-07,-1.4725633996e-09,-1.0181807777e-06,-1.8750398726e-06,-2.3376277308e-08,1.4323894778e-05,-1.0702815001e-07,-2.9118865268e-07,0.24329694067,0.0081087201713,0.050034961483,0.013729716275
vr8b,ok,,3.1853174621,32892946.955,46923.943384,198129.74019,15025807.324,25623.732347,2777541.3591,-2.4714777339e-08,8.6104849254e-09,-1.4516809844e-07,-3.8586129101e-07,9.2409726115e-08,2.8323738536e-08,2.9123312232e-07,1.6816060689e-07,-1.5803466948e-09,-7.3291304253e-07,-1.8768075474e-06,-2.298602455e-08,1.4756695822e-05,-1.1554014089e-07,-3.1347443963e-07,0.24804644652,0.0078953160297,0.034391170113,0.013665806543
vr9,ok,,3.1401754095,32426790.863,27711.126564,117890.67243,14875837.886,14553.122434,2668458.8108,-2.3515497268e-08,3.6740805596e-09,-6.4320006833e-08,-1.7188614916e-07,9.1811077833e-08,8.2005948768e-09,1.2679824219e-07,7.6451054638e-08,-1.3323918806e-10,-1.7647302922e-06,-3.4725862278e-06,-1.2124644121e-08,2.5989837879e-05,-4.5780118018e-08,-1.2854423699e-07,0.24413517226,0.0020447788145,0.04890266448,0.0035137221374
w1011,ok,,3.2067835065,33114614.488,88057.106473,358221.3823,15027990.782,48504.574445,2824585.2294,2.2765859287e-08,-2.1630178021e-09,2.0527568796e-09,-1.8309627016e-10,8.6245299134e-08,2.4007731121e-09,4.1541487453e-09,1.0714366969e-09,-1.5833662591e-10,-1.0531649146e-07,7.8024533271e-07,-3.1228796926e-09,-7.784688705e-06,7.8620424849e-09,7.4328590821e-10,0.24360721636,1.766372082e-05,0.0092738655022,0.00036580231837
w1015,ok,,3.2404219012,33461978.901,169854.47741,640332.91651,15033539.98,94933.21696,2892647.934,2.2503578595e-08,-2.0508000045e-09,1.8932996433e-09,-3.8213120946e-13,8.315128676e-08,2.4705294717e-09,3.4221414017e-09,9.7719271543e-10,-2.7009872308e-10,-3.0227792856e-07,4.6277274207e-07,-2.8699015398e-09,-3.977559141e-06,7.8700030355e-09,2.2460316743e-12,0.24052739786,8.7562921311e-08,0.05134325959,0.00058126603943
wb13535sm,ok,,3.2159122523,33208881.81,136498.10995,568503.09196,14854313.97,79491.085679,2822258.6855,-2.6922590508e-08,1.1127187772e-09,-1.1921991699e-07,-3.2373020506e-07,8.7470058452e-08,-8.3831147818e-09,2.9527405937e-07,1.6550009826e-07,-7.6151154286e-10,-3.226101302e-07,-5.8326324552e-07,-4.6275323035e-08,4.7394187094e-06,-1.4766247649e-08,-6.9339645013e-08,0.24181948005,0.024401547476,0.044035673022,0.040304351019
waspsm,ok,,3.200375798,33048445.756,69005.275632,296250.2115,15039723.285,38714.693621,2808078.7393,-2.9348857799e-08,6.6879380557e-09,-2.186122447e-07,-5.8200826664e-07,9.2490320224e-08,1.1595023958e-08,4.9816639448e-07,2.8215658377e-07,-3.0846795138e-09,-4.8340528807e-07,-1.1412230743e-06,-6.3534039516e-08,9.7593784612e-06,-8.4907131151e-08,-2.3885338443e-07,0.24458475557,0.020272321192,0.033357515145,0.034376109362
wb140,ok,,3.2350400466,33406403.574,164785.02117,635715.74703,14988493.005,93116.083522,2870891.6122,-2.6219694972e-08,4.6723201392e-09,-1.0302119579e-07,-2.7702984326e-07,8.7079539419e-08,-1.500185932e-08,2.4097475575e-07,1.3971059342e-07,-9.5744463104e-10,-5.6186071377e-07,-6.1297000521e-07,-3.6686222429e-08,4.0558782573e-06,-2.1607797058e-08,-7.4640150188e-08,0.24445578746,0.024098120935,0.092586229615,0.039709030228
whitcomb,ok,,3.1775035332,32812256.994,98236.873812,406892.40044,14829626.805,54601.682825,2739076.9195,2.3122423934e-08,-3.1180738484e-09,5.4795301719e-09,-1.3623503476e-08,8.6183696402e-08,-5.7991019875e-08,7.0691931484e-09,-1.8636904732e-08,-2.465702428e-10,-5.7019361756e-07,8.9692220267e-07,1.3158353245e-08,-6.9217008767e-06,-1.7249286697e-07,4.5976844491e-07,0.23684865777,0.0066940532452,0.056014038457,0.00069445543528
ys900,ok,,3.1623695781,32655977.316,78598.745339,294020.38864,14933429.026,39678.007355,2716798.556,2.3180145235e-08,3.3039190821e-10,-3.6308341237e-10,-1.2784604452e-12,9.1127406543e-08,-4.9907153382e-10,1.755357702e-11,1.4869447824e-11,5.6049931669e-11,-3.3419695021e-06,2.455322422e-06,3.4824768024e-10,-9.5336046238e-06,-1.4673624255e-09,-3.0437736404e-12,0.24757480651,2.0826937458e-08,0.26267460983,1.37968913e-06
ys915,ok,,3.1656415756,32689765.358,75078.287499,293740.37571,14910230.813,39326.32281,2722080.4567,-2.3867358579e-08,1.2231600082e-09,-6.5145339091e-08,-1.7750986303e-07,8.8260107091e-08,-6.822575726e-08,2.0138663096e-07,1.2592281817e-07,1.8372422763e-09,-1.8829880722e-06,-1.8132682548e-06,-6.0772342688e-08,9.6086649635e-06,1.1139496806e-07,2.7385618218e-07,0.2454267393,0.0096251293231,0.14137151984,0.015119763378
ys920,ok,,3.1682930182,32717145.285,75578.421116,298900.93781,14919982.223,39912.046305,2727788.3441,-2.4426210948e-08,2.7314287519e-09,-8.7197468882e-08,-2.358836219e-07,8.7069693098e-08,-7.871205649e-08,2.5837430933e-07,1.5976718897e-07,2.6051637437e-09,-1.7973031562e-06,-1.7643879959e-06,-7.2563939431e-08,9.4678507715e-06,1.2262984512e-07,3.0341483004e-07,0.24526434655,0.012386570144,0.13583733482,0.019527522356
ys930,ok,,3.1735420706,32771349.24,76449.136637,318639.69254,14915884.335,41895.196815,2736598.2385,-2.6542108981e-08,5.8248702624e-09,-1.4156133253e-07,-3.7933523038e-07,8.5322148091e-08,-8.376602548e-08,3.9760993824e-07,2.3329712579e-07,3.4090651313e-09,-1.5307626694e-06,-1.5921405849e-06,-9.1726821917e-08,9.0207582086e-06,1.0467878765e-07,2.573066187e-07,0.24465537971,0.018531874728,0.11702548447,0.030396936497
zv15_35,ok,,3.2447468319,33506639.98,158273.46051,644377.99137,14915449.935,94118.705525,2893131.2942,2.2307729461e-08,-6.7094009883e-09,6.0357273964e-09,-7.3354780389e-09,8.1058369101e-08,1.882155082e-08,-2.0143235686e-08,1.4082283209e-08,-6.9191543697e-10,4.7586025017e-08,2.9790803404e-07,-2.0115244571e-08,-3.9997940414e-06,4.958188345e-08,-9.4581185129e-08,0.23430437459,-0.0013954530487,-0.0075316048516,-0.0031881396179
