airfoil_name,status,error,mu,ea,gj,ga22,ga33,ei22,ei33,cmp12r,cmp13r,cmp14r,cmp15r,cmp16r,cmp23r,cmp24r,cmp25r,cmp26r,cmp34r,cmp35r,cmp36r,cmp45r,cmp46r,cmp56r,tc2,tc3,sc2,sc3
a18,ok,,30.609150247,327504741.99,336645.08278,1926753.807,161021369.66,208044.98043,26444406.426,-6.1617064886e-09,2.2072082104e-08,-5.1530405269e-08,-1.9571682019e-07,1.2149192373e-08,-3.1392143039e-09,1.7521141959e-07,7.4936980007e-08,-1.3481792661e-09,-1.7762055734e-07,-7.1067667624e-08,6.9896192636e-08,-1.1341567289e-07,-1.8874794352e-08,-7.2452804766e-08,0.24319025144,0.037060677031,0.059795087227,0.058984062851
a18sm,ok,,30.711312035,328540734.7,337579.42,1906286.3132,161434503.43,208167.98661,26703151.158,-4.5661652835e-09,2.1252424406e-08,-5.3138545795e-08,-1.2368087738e-07,9.0195812552e-09,-9.263712185e-09,1.32969322e-07,7.7944861549e-08,-9.4056408591e-10,-1.8789325178e-07,-7.3116644176e-08,6.8954413819e-08,-1.1208866319e-07,-2.0721996756e-08,2.9319167847e-09,0.2428668733,0.025894638182,0.06342889496,0.044887706597
a63a108c,ok,,30.374642173,324165812.89,413605.37857,1651054.623,157701941.28,203318.39847,26075682.016,-7.8314853272e-10,2.002059135e-08,-5.165345476e-08,-2.4853849913e-08,9.1346793938e-09,-2.4739818178e-10,1.4863155776e-08,9.509826512e-08,-1.446034474e-10,-1.3140480006e-07,-7.1138475452e-09,7.7095441016e-08,-8.5858757094e-09,-2.2193734816e-08,-4.9397293347e-09,0.23754186067,0.0048146775713,0.054349732077,0.0061474811717
ag03,ok,,29.133236367,316907068.5,239430.59024,1241951.8739,160773567.91,121585.42514,24015024.519,-3.3187082976e-09,2.1837659069e-08,-6.7083165751e-08,-1.3428377637e-07,1.0768856209e-08,3.6476942641e-09,9.8319425425e-08,1.141695913e-07,-1.1628001517e-09,-1.4430368639e-07,-6.8031340861e-08,8.7953926149e-08,-1.0244465129e-07,-3.5878787284e-08,-8.303447336e-08,0.22603068832,0.014046432657,0.034550716806,0.023540678062
ag04,ok,,28.765437572,314478834.09,228799.70413,1312972.4562,163304259.36,117287.20499,23632098.886,-2.9755267521e-09,1.8547020464e-08,-6.9848035345e-08,-1.1523971569e-07,1.0007720795e-08,2.375645391e-09,9.1140898069e-08,1.1411905809e-07,-1.125092368e-09,-3.1154780334e-08,-9.0714087062e-08,8.1639563561e-08,-1.2652959004e-07,-4.4516269688e-08,-4.3194287958e-08,0.22270044974,0.012388232648,0.0071282045226,0.020853010512
ag08,ok,,28.758538314,316180869.39,185247.8306,1124839.1283,167550163.52,94951.161107,23787898.117,-3.3185979699e-09,2.0162231456e-08,-7.6451186488e-08,-1.4483415782e-07,1.0077098024e-08,2.4433633515e-09,1.1556737865e-07,1.2268853446e-07,-1.2855387248e-09,-3.8088342282e-08,-1.3109137801e-07,8.6473408296e-08,-1.77493629e-07,-4.9721291411e-08,-5.0882308849e-08,0.22306196623,0.012674781568,0.007055782779,0.021408606184
ag11,ok,,29.253325758,319193922.19,209342.84186,1125219.4391,163933220.94,106702.49338,24422319.591,-3.9323832464e-09,2.340938683e-08,-7.0737765208e-08,-1.7773515871e-07,1.1752041003e-08,5.9907075858e-09,1.2538531609e-07,1.1863297297e-07,-1.4865420099e-09,-1.8693414825e-07,-8.5881192974e-08,9.1127970378e-08,-1.2920773924e-07,-3.8631111688e-08,-1.2926192814e-07,0.22708777574,0.015835686848,0.039133325835,0.026248518398
ag09,ok,,28.168507499,314479113.0,127956.67493,927025.11217,176803598.3,64940.288704,23219534.823,-3.964094313e-09,2.1906459371e-08,-9.0461956717e-08,-2.2124529085e-07,1.0987299985e-08,4.7414120876e-09,1.698081428e-07,1.3996815168e-07,-1.9265938825e-09,-8.0985717141e-08,-2.2315905204e-07,9.0864841211e-08,-2.9516985163e-07,-6.7555023027e-08,-1.1606410953e-07,0.216385071,0.012737513234,0.010362663082,0.021728085328
ag12,ok,,27.581929872,304709446.51,197121.54485,1362816.8262,165796357.74,101369.95837,21831570.432,-3.3953144005e-09,1.6371073611e-08,-7.6732124325e-08,-1.381740376e-07,9.7349064314e-09,3.2736190621e-11,1.0812143049e-07,1.2014912196e-07,-1.4966889486e-09,-2.485172603e-09,-1.2372789149e-07,7.6749894379e-08,-1.8849114673e-07,-6.3321666449e-08,-1.194243027e-08,0.20887612846,0.013753850486,0.00048988106273,0.021313063411
ag10,ok,,28.488834132,318923019.96,113941.39048,846323.30393,183953115.27,56892.247331,24109343.639,-3.8453456569e-09,2.1016622632e-08,-9.53275659e-08,-2.3548680734e-07,1.0879710382e-08,7.9024430891e-09,1.7585023236e-07,1.4661335446e-07,-1.9348117793e-09,4.4771681289e-08,-2.6127399444e-07,9.0148776391e-08,-3.0194884105e-07,-7.1626604798e-08,-1.3070883301e-07,0.22006893656,0.011761522789,-0.0051013476202,0.020036619992
ag13,ok,,27.38215367,304042324.83,170769.60191,1267052.4843,169216938.36,88259.380688,21661205.341,-3.8496579611e-09,1.7254001627e-08,-8.1496867223e-08,-1.7092547154e-07,9.8302424366e-09,-5.522095062e-11,1.335700688e-07,1.2505403931e-07,-1.8089685337e-09,-1.9375024757e-08,-1.5877562549e-07,7.7968691505e-08,-2.4709306485e-07,-7.0705308927e-08,-1.8426236956e-08,0.20691308069,0.014749315116,0.0033086652647,0.022809707475
ag14,ok,,27.083019885,302759121.76,141368.68612,1161792.3627,174208037.44,73726.162524,21348445.619,-4.4125788529e-09,1.8136567214e-08,-8.7920637745e-08,-2.2079346193e-07,1.0119918284e-08,6.9443262257e-10,1.7237618911e-07,1.3076749266e-07,-2.2693647801e-09,-2.3683355673e-08,-2.088450376e-07,7.921137812e-08,-3.3593983879e-07,-8.0698457695e-08,-3.6444263717e-08,0.20337801588,0.01573191311,0.0033480848743,0.024368595373
ag16,ok,,28.210624109,308029919.36,269634.62867,1619110.1367,160006371.53,140259.48735,22501157.893,-2.9117040523e-09,1.603802209e-08,-6.5591683633e-08,-9.6955715923e-08,9.5132245244e-09,-1.176207634e-09,7.9018522673e-08,1.0592722378e-07,-1.0317195529e-09,-1.6022943191e-08,-7.9667234036e-08,7.3928285442e-08,-1.1880942658e-07,-4.6269322069e-08,2.6349384279e-09,0.21486480861,0.013678369577,0.0043203403377,0.021306130019
ag17,ok,,27.903387508,306667086.06,220391.89857,1440997.6654,163366529.97,114810.36336,22174884.517,-3.4574089636e-09,1.7113492416e-08,-7.1965517082e-08,-1.3058025046e-07,9.6540055118e-09,-1.0004272555e-09,1.0505598121e-07,1.1355748922e-07,-1.3801741184e-09,-3.2977901224e-08,-1.1397367771e-07,7.6691612852e-08,-1.7310438615e-07,-5.5093793554e-08,-6.2943253757e-09,0.21198382725,0.014838782877,0.0072680622616,0.023153487156
ag23,ok,,29.283295178,313405571.74,488638.38796,2278268.1661,152421367.73,256440.80163,23664551.298,-2.60270678e-09,1.6567993489e-08,-4.7738870597e-08,-6.3762551659e-08,9.4765651767e-09,-2.2750528082e-09,5.1756997568e-08,8.3254624357e-08,-6.0378336525e-10,-7.9892859295e-08,-2.8560058787e-08,6.7822704363e-08,-4.3731077065e-08,-2.2363188127e-08,-2.0478358379e-09,0.22346619702,0.016233971413,0.039038717976,0.025290455857
ag24,ok,,29.086454957,312455040.18,424533.49816,2086058.3728,153690529.88,223219.51048,23434248.965,-2.8037630579e-09,1.6787724626e-08,-5.1316925748e-08,-7.3729354467e-08,9.4975186246e-09,-2.2781057261e-09,6.0186961998e-08,8.788649285e-08,-7.1281935729e-10,-7.4418568224e-08,-3.7944946391e-08,6.9974652171e-08,-5.7964105511e-08,-2.6239255428e-08,-1.5457098922e-09,0.22197104466,0.016381245133,0.031593175096,0.02555138152
ag25,ok,,28.753206895,310952275.06,332232.94126,1803821.7035,156351287.09,176154.29471,23051921.837,-3.3834266147e-09,1.7632373815e-08,-5.7795866925e-08,-1.017369928e-07,9.6032697598e-09,-2.3646208259e-09,8.3445566965e-08,9.5600305795e-08,-1.006232613e-09,-7.916015999e-08,-6.193344904e-08,7.3613829545e-08,-9.6063477693e-08,-3.3682077951e-08,-5.2407359275e-09,0.21920856573,0.017719054874,0.026299612784,0.027723366148
ag26,ok,,28.414130976,309742099.72,260918.30979,1597064.8708,160245216.9,140320.68869,22745104.927,-3.9587658053e-09,1.8395533571e-08,-6.4717915479e-08,-1.3599350554e-07,9.7790690748e-09,-2.0872345377e-09,1.1311042613e-07,1.0223164706e-07,-1.3993558171e-09,-8.4620089495e-08,-9.7841271279e-08,7.5761985332e-08,-1.530475745e-07,-4.3210564124e-08,-1.3876964073e-08,0.21640197292,0.018661390188,0.022078930725,0.029512581205
ag19,ok,,27.207139715,303564919.91,147499.20316,1199668.2022,173034386.87,78177.588391,21480261.025,-4.6130319718e-09,1.9442452166e-08,-8.5235351107e-08,-2.2295492316e-07,1.0075615891e-08,-1.2667247216e-09,1.7879070165e-07,1.2576202124e-07,-2.2872110387e-09,-9.1467382498e-08,-2.1453573361e-07,7.9376411748e-08,-3.4580253923e-07,-7.6811114114e-08,-3.1313370378e-08,0.20470174938,0.016929069378,0.013491366034,0.026371486027
ag18,ok,,27.52763494,304994578.53,176328.50554,1291196.807,168188393.87,92495.064259,21793202.659,-4.0887868999e-09,1.8351011224e-08,-7.9289740569e-08,-1.7709390222e-07,9.854989048e-09,-1.0157469798e-09,1.4169585094e-07,1.2101231931e-07,-1.8450475463e-09,-5.9945334229e-08,-1.6441417415e-07,7.8653245406e-08,-2.5730708315e-07,-6.6529943487e-08,-1.8468809387e-08,0.20817815857,0.016024733553,0.010570071199,0.024985017637
ag27,ok,,28.026379117,308739854.18,197890.6285,1430883.0047,166584162.74,109375.88105,22475396.151,-4.6286349096e-09,1.9274615724e-08,-7.301952468e-08,-1.8486926574e-07,1.0009150495e-08,-1.7051565892e-09,1.5838718361e-07,1.0748701765e-07,-1.9633508877e-09,-9.053380379e-08,-1.5871121736e-07,7.602827411e-08,-2.5162284697e-07,-5.6594011424e-08,-2.5815381671e-08,0.21322581664,0.019618335818,0.017915791333,0.031343339311
ag35,ok,,30.232572909,322142605.89,491498.31996,2126790.8709,155203299.48,260182.34536,25556649.32,-4.930089285e-09,1.8190478689e-08,-4.5805604762e-08,-1.5272026974e-07,1.4736282458e-08,1.2397375216e-08,9.8849923117e-08,7.9801043085e-08,-1.3005679098e-09,-7.9149442833e-08,-2.4204591114e-08,6.9683964753e-08,-3.4938940968e-08,-1.6608331881e-08,-1.3843445192e-07,0.23553604429,0.031292601752,0.038901818178,0.04858457114
ag36,ok,,30.201895337,322385991.07,427290.09337,1860885.9916,156019362.7,224936.9799,25526470.986,-4.9403319348e-09,1.9419958348e-08,-4.8982921926e-08,-1.6507227436e-07,1.473079989e-08,1.3017204148e-08,1.0633932533e-07,8.5454275786e-08,-1.2983838229e-09,-8.9170441185e-08,-2.7747760441e-08,7.4360433564e-08,-4.0328625792e-08,-1.7730882183e-08,-1.4738188867e-07,0.23591646003,0.029342413426,0.03810164614,0.045437740249
ag37,ok,,30.330762912,323921465.44,382402.08584,1644234.3822,157124530.18,199762.47925,25782122.751,-4.9176874994e-09,2.0574187098e-08,-5.1484776921e-08,-1.7566927967e-07,1.460045728e-08,1.3878846165e-08,1.1210104066e-07,9.0288452613e-08,-1.2244562307e-09,-9.1564398037e-08,-3.0217042887e-08,7.8844535544e-08,-4.2946628393e-08,-1.7790680105e-08,-1.530308452e-07,0.23762131817,0.027854348147,0.035014416798,0.042867671772
ag38,ok,,30.429838204,325657050.37,324410.86757,1374745.6054,158723041.9,166633.94968,26031774.662,-4.8899193511e-09,2.3439811392e-08,-5.5404745795e-08,-1.9205859319e-07,1.4211659042e-08,1.2210379845e-08,1.2024116889e-07,9.8417981082e-08,-1.1628504757e-09,-1.5038981675e-07,-3.8827026274e-08,8.6076816309e-08,-5.3711580905e-08,-1.8712631954e-08,-1.561258251e-07,0.23963293998,0.025786801898,0.048788090927,0.039007541917
ag44ct02r,ok,,29.039189755,314909115.66,306400.96911,1607636.9817,158533837.28,159020.23958,23829570.665,-2.8494709895e-09,1.717550041e-08,-6.0597742754e-08,-9.7426398026e-08,1.0272358591e-08,3.9690178769e-09,7.4220184846e-08,1.0122768438e-07,-1.0427152218e-09,-3.0281783386e-08,-4.5134093699e-08,7.6276715428e-08,-6.8544916811e-08,-3.4470599411e-08,-5.5718563645e-08,0.22419603135,0.013507374894,0.0092783677759,0.022741136564
ag45c03,ok,,28.17906109,308451897.78,258729.13987,1594116.6243,160730367.77,134627.86321,22584187.409,-4.077524173e-09,1.5382165665e-08,-6.7058438421e-08,-1.4714377315e-07,8.8666112093e-09,-3.5511643308e-09,1.0380848637e-07,1.083290529e-07,-1.224717572e-09,8.6869325917e-09,-5.538601891e-08,7.2807873162e-08,-8.8429753858e-08,-4.98482485e-08,3.1394707125e-08,0.21428712803,0.020715730534,-0.0022475625976,0.026858280391
ag455ct02r,ok,,28.328563827,310385973.53,230314.13375,1369042.3292,162020608.53,117392.39707,22846791.573,-3.0674537497e-09,1.7121884467e-08,-7.0724276477e-08,-1.236792399e-07,1.0601346077e-08,5.1409892601e-09,9.081157823e-08,1.1563196649e-07,-1.4027425607e-09,-1.5235058751e-08,-6.4610588334e-08,8.012781052e-08,-1.0031767985e-07,-4.8469891115e-08,-7.6848952876e-08,0.21669516055,0.012565118783,0.003508849359,0.020915189975
ag45ct02r,ok,,28.590180663,312055034.42,264877.07216,1502868.8334,160356467.09,136295.4886,23238701.708,-2.9090097112e-09,1.68377986e-08,-6.5890888865e-08,-1.0786647846e-07,1.0443719327e-08,4.6117337174e-09,8.0846161128e-08,1.0834646196e-07,-1.2498340772e-09,-2.266474894e-08,-5.4865150823e-08,7.7216917304e-08,-8.4158344507e-08,-4.2845030632e-08,-6.694607958e-08,0.21980610648,0.012697168295,0.0060033723405,0.021414294455
ag46c03,ok,,27.84806888,307157309.63,199884.33021,1271894.5,163738114.39,100217.57395,22196258.62,-4.1458658092e-09,1.7879274761e-08,-7.6085112421e-08,-1.7409423285e-07,8.4748588004e-09,-7.3240688434e-09,1.1739335056e-07,1.256974087e-07,-1.1693204283e-09,-5.6230602071e-08,-7.7398520289e-08,8.0812885702e-08,-1.2120201872e-07,-6.0085271111e-08,6.0356488983e-08,0.21147718853,0.018727169151,0.011239616232,0.023465091248
ag46ct02r,ok,,28.205544236,310267005.08,203228.34233,1231667.5088,163916380.85,102038.07373,22748770.253,-3.0004017073e-09,1.8044417501e-08,-7.5248182935e-08,-1.303462089e-07,1.0559943329e-08,4.7894886932e-09,9.4074245429e-08,1.2371908087e-07,-1.417645275e-09,-3.486040044e-08,-7.4005475896e-08,8.3732526793e-08,-1.1429783953e-07,-5.3153182512e-08,-8.0314268968e-08,0.21590923661,0.011531653425,0.0070846213945,0.019118552955
ag52,ok,,29.881217058,319509038.5,448023.29901,1921578.8013,154460793.93,231005.57129,24904707.061,-2.1830630947e-09,1.8595579625e-08,-4.9209847637e-08,-5.8733237189e-08,9.5628727508e-09,-5.2692727674e-10,4.6562918806e-08,8.7887246494e-08,-4.8567521342e-10,-9.7586699564e-08,-2.395058714e-08,7.3260528314e-08,-3.510305307e-08,-1.9729187983e-08,-1.6558747731e-08,0.23256183091,0.012678305352,0.043721115078,0.020861272495
ah21-7,ok,,30.391570563,321407851.33,598973.28289,2206406.7945,151457075.71,306006.73336,25349837.031,-2.3943631154e-09,2.1007501123e-08,-4.1539359738e-08,-5.17789664e-08,9.0590089601e-09,-6.964802321e-09,4.2044994737e-08,7.8846686275e-08,-2.3881762724e-10,-1.842502618e-07,-1.6709307774e-08,7.1352080044e-08,-2.4030719652e-08,-1.0670150585e-08,1.5005984419e-08,0.23566681614,0.016927239717,0.11036098418,0.025183828527
ag53,ok,,29.741109895,318833840.64,411761.70416,1826784.9595,155186619.3,212268.62246,24732856.778,-2.3164254893e-09,1.8684758809e-08,-5.1476868208e-08,-6.5464766436e-08,9.6417111719e-09,-1.8042647889e-10,5.1595835047e-08,9.096262937e-08,-5.6378462438e-10,-9.5028698077e-08,-2.8516283354e-08,7.4588846246e-08,-4.1943911615e-08,-2.2161671901e-08,-2.051219084e-08,0.23141265336,0.012888769699,0.039129178664,0.021245188967
ag47c03,ok,,26.824340706,301499014.28,136040.90413,1043142.069,172963622.97,64733.483042,21184889.42,-4.2774278435e-09,1.9168291531e-08,-9.2816424273e-08,-2.2628985948e-07,7.7135326947e-09,-1.2524324052e-08,1.4349999175e-07,1.5406847794e-07,-1.2493885981e-09,-1.7188849245e-07,-1.4594264313e-07,8.2367805197e-08,-2.1716805643e-07,-9.1567157463e-08,1.2386303454e-07,0.20183790513,0.016267933525,0.023383865924,0.01952186862
ag54,ok,,29.389567113,317004039.41,343543.4241,1656580.2157,157021324.36,177141.04297,24292496.031,-2.6228424601e-09,1.8687008414e-08,-5.6711311757e-08,-8.213767327e-08,9.8369250738e-09,6.4286372373e-10,6.4111751778e-08,9.7675385045e-08,-7.6959179103e-10,-8.607988677e-08,-4.1272956261e-08,7.6875837218e-08,-6.1272955674e-08,-2.8475806098e-08,-3.0204606932e-08,0.22828061229,0.01332892766,0.029572179047,0.022025170731
ag47ct02r,ok,,27.264035651,305847260.45,134087.81929,967594.20256,173645863.85,63554.12594,21830053.747,-2.9476593794e-09,1.9501385555e-08,-9.3274651764e-08,-1.6458091405e-07,1.0522374806e-08,2.8754906871e-09,1.103715086e-07,1.5402911268e-07,-1.7412028048e-09,-1.5048259079e-07,-1.3886902541e-07,8.8407673101e-08,-2.0573976873e-07,-8.1831136915e-08,-9.9395967433e-08,0.20699894649,0.0091525451723,0.020177882439,0.0147994749
ah21-9,ok,,29.892969756,319652190.25,348570.03807,1369637.2155,153645886.43,172849.01597,24620542.441,-2.457505673e-09,2.6967955917e-08,-5.451248351e-08,-7.1562781728e-08,9.1871416872e-09,-9.9315686657e-09,5.6040422841e-08,1.0375808434e-07,-2.9313742583e-10,-3.4280055801e-07,-3.4774769121e-08,9.0328203914e-08,-5.1682295542e-08,-1.7487124943e-08,2.2726356171e-08,0.23311009914,0.013285472551,0.11949000355,0.019534012323
ah63k127,ok,,30.231923656,319542757.88,1083578.7053,4474651.5003,148892704.44,604031.18851,25023357.28,-2.8424431241e-09,1.525211112e-08,-3.1387474111e-08,-4.4737198563e-08,9.5094306072e-09,-4.4331009086e-09,3.9489003117e-08,5.6214206133e-08,-5.1854762175e-10,-1.2163789472e-07,-8.2886089359e-09,4.989096019e-08,-1.5677402577e-08,-1.037259058e-08,-9.062235037e-09,0.23182271002,0.02575448604,0.13180423248,0.042789442873
ag55,ok,,28.735036571,313534506.14,247129.17127,1385546.5556,161242420.62,127053.64496,23471648.655,-3.2681467732e-09,1.9230545524e-08,-6.7096037207e-08,-1.2395654936e-07,1.0313815202e-08,2.0315607639e-09,9.4466412901e-08,1.1093413723e-07,-1.2425649386e-09,-8.6912433797e-08,-7.7085260821e-08,8.124783497e-08,-1.1560823097e-07,-4.1855715744e-08,-5.4836839604e-08,0.22179955018,0.014204498378,0.021478597737,0.023345406333
ah6407,ok,,30.508613232,328748233.48,270960.66249,2381393.0143,166566750.56,208556.15549,26565219.006,-6.5309957625e-09,2.0771030599e-08,-5.5009111132e-08,-1.9826938885e-07,1.1096236621e-08,-1.2341120952e-08,2.4534437098e-07,5.872884707e-08,-1.938377077e-09,-2.4662320611e-07,-9.1769772573e-08,5.8412793246e-08,-1.924994554e-07,-2.6158137346e-08,-4.9433476042e-08,0.24044069781,0.038875605871,0.066825187311,0.066478673298
ah7476,ok,,30.512068076,330767832.21,213836.60485,2469484.1202,170979323.35,195058.094,26707822.152,-7.3646908142e-09,2.4657111229e-08,-5.7667528432e-08,-2.3312882887e-07,9.764157287e-09,-3.8808647166e-08,3.4554102489e-07,4.7309872881e-08,-2.4741717887e-09,-5.5015992564e-07,-1.0264398346e-07,5.5387395255e-08,-2.7848223563e-07,-3.1840036596e-08,-1.7072030641e-08,0.24004243827,0.04467481369,0.11764433062,0.0738893196
ah79100c,ok,,30.724272965,324567072.64,700266.1006,3798025.4618,152743447.1,461062.04727,25901314.635,-5.6143214075e-09,1.6556439074e-08,-3.6661843256e-08,-1.0030903655e-07,8.3560384146e-09,-1.3209088681e-08,1.1005007022e-07,5.447226906e-08,-7.9325090291e-10,-1.4403232104e-07,-2.2752765352e-08,5.188684451e-08,-4.4195380844e-08,-1.0526774815e-08,1.4694968853e-08,0.23402539489,0.047836516055,0.10086095182,0.077064333545
ah79k132,ok,,30.531601234,321641088.41,1235865.5506,4861154.8184,148953598.63,684910.48986,25491791.172,-2.5511240777e-09,1.4320607287e-08,-2.9263713217e-08,-3.9455721677e-08,9.6596595979e-09,-1.9841678541e-09,3.3960577918e-08,5.3052962483e-08,-4.5607847103e-10,-9.943053443e-08,-4.8847941883e-09,4.7829709486e-08,-9.0554015907e-09,-8.2990542425e-09,-1.8735987805e-08,0.23329348452,0.024033972662,0.12288277218,0.041970708329
ah79k135,ok,,30.525051464,321500877.75,1282429.8896,4896832.627,148793009.11,699747.40464,25485935.477,-2.1073620371e-09,1.4175220009e-08,-2.879098316e-08,-3.2237826582e-08,9.5074296827e-09,-1.4913223409e-09,2.7191244653e-08,5.3089744611e-08,-3.6821912646e-10,-9.4482824702e-08,-3.8757998515e-09,4.7742122464e-08,-7.2093311585e-09,-8.0344341038e-09,-1.5110999011e-08,0.23359026003,0.020090689525,0.12116759846,0.034870864879
ah80129,ok,,30.56333254,322037164.61,1142920.9165,4644789.6363,149211865.32,647905.45513,25558249.282,-2.8719921077e-09,1.5333739461e-08,-3.0146003957e-08,-4.514253687e-08,9.8725086945e-09,-3.032321779e-09,4.1191089241e-08,5.376893914e-08,-4.8316391309e-10,-1.213720143e-07,-6.650677012e-09,4.884903727e-08,-1.3807703272e-08,-7.9735384103e-09,-2.2274684767e-08,0.23561910771,0.025853192859,0.13871861382,0.047078157468
ah80140,ok,,30.566838382,323801508.71,1158077.139,5309868.0691,152291840.6,679715.99576,25983911.492,-2.8347814901e-09,9.9772738722e-09,-3.0560176353e-08,-4.6271616869e-08,1.0006175162e-08,3.6119727384e-09,4.1373716843e-08,5.0162610479e-08,-7.8069081952e-10,-1.1676478062e-08,-6.6190829439e-09,4.3017893396e-08,-1.0499939732e-08,-1.1689675965e-08,-3.7492884728e-08,0.22918557657,0.025627978396,0.013522262307,0.04791395563
ah81k144wfKlappe,ok,,32.164648415,339025468.44,2033714.5279,9691949.2167,156589966.68,1292860.7778,29347185.116,-5.8371212465e-10,4.0167939353e-09,-2.2662156062e-08,-7.218808532e-09,7.774685071e-09,1.2502922049e-09,6.3394471298e-09,3.4534848536e-08,-1.3451494667e-10,5.2684943808e-08,-1.2254775688e-09,2.8810490495e-08,-1.6958252382e-09,-8.0348713102e-09,-4.2275763961e-09,0.2270000805,0.0080924603032,-0.10714613562,0.012892625727
ah81k144,ok,,30.660047999,322837316.9,1452173.7298,5812705.0998,148903105.08,823982.84777,25717604.291,-2.6674353482e-09,1.3124392874e-08,-2.6932473649e-08,-3.5826030699e-08,9.3946086057e-09,-2.9812953925e-09,3.3245514647e-08,4.8047921617e-08,-4.5332209832e-10,-8.5074563755e-08,-5.7311044776e-09,4.3461951072e-08,-9.9644255871e-09,-7.8324124326e-09,-1.0638275091e-08,0.23351123148,0.027475313494,0.12354304656,0.048278263004
ah83159,ok,,30.418121218,320127783.7,1789714.0458,6861358.8113,146718520.54,985072.68811,25081025.576,-2.2656855757e-09,1.2380812931e-08,-2.4439928723e-08,-2.8883497062e-08,9.3965077361e-09,-2.261674573e-09,2.3812302678e-08,4.5285345206e-08,-3.8298917785e-10,-7.9034094759e-08,-3.3189750012e-09,4.085499984e-08,-6.0547681838e-09,-7.0999676235e-09,-1.0012525735e-08,0.22850510646,0.026201236567,0.14144842949,0.042617212566
ah85l120,ok,,30.383126234,320389636.15,1070443.5053,3784687.463,148812141.78,548921.71487,25334953.799,-3.5120677788e-16,1.7584786448e-08,-3.1709712074e-08,-5.9450489428e-15,9.317082768e-09,-2.2941613285e-16,-6.095322275e-15,6.1685427867e-08,-2.1436919489e-15,-1.5649584718e-07,-7.6269803041e-14,5.5056704901e-08,5.2029190862e-14,-8.794414871e-09,-1.6753410697e-14,0.23604786147,1.0925969323e-09,0.16751996322,-6.5246981421e-09
ah88k136,ok,,31.035932958,325638446.28,1342788.5925,4886840.2364,149603592.23,742808.68712,26387151.944,-1.9825673069e-09,1.4910913636e-08,-2.7707637167e-08,-3.1134233834e-08,9.7024222941e-09,-4.2138287706e-11,2.6945643324e-08,5.1399218907e-08,-3.1098136435e-10,-1.0509750792e-07,-2.0230911003e-09,4.7606429402e-08,-4.0862781072e-09,-5.7173069967e-09,-2.6960500761e-08,0.23946095169,0.018338787226,0.14112373474,0.036182302472
ah93156,ok,,30.868216846,323972829.78,1827143.5779,6704122.3937,148210272.65,1004410.4963,25982331.236,-2.1147988538e-09,1.2267775202e-08,-2.391234046e-08,-2.713532047e-08,9.3371375535e-09,-1.2312804192e-09,2.3210170148e-08,4.4452622252e-08,-3.2478928309e-10,-7.1165404397e-08,-2.7977455931e-09,4.0840036371e-08,-4.7057936938e-09,-5.7470478048e-09,-1.4047071817e-08,0.2326029425,0.023978165865,0.13002941162,0.042408313328
ah93k130,ok,,30.904643691,324405537.81,1242852.7501,4712343.7088,149381668.2,698002.90881,26084819.523,-2.4073399595e-09,1.5187004421e-08,-2.8766464652e-08,-3.7835750618e-08,9.863534802e-09,-8.528613389e-10,3.4360039858e-08,5.2334186439e-08,-3.6531727788e-10,-1.1187804764e-07,-4.0607646686e-09,4.8628950162e-08,-7.3943401949e-09,-6.0674236186e-09,-2.8848944495e-08,0.23730764737,0.021639903388,0.13904793918,0.042704470032
ah93157,ok,,30.926384149,324452219.8,1827943.1258,6657799.1715,148425559.57,1003977.8306,26100417.816,-2.0927185564e-09,1.218781936e-08,-2.3866678865e-08,-2.7084500953e-08,9.3237664539e-09,-9.9788161195e-10,2.2966283128e-08,4.4427148182e-08,-3.123295719e-10,-6.8413977445e-08,-2.6628035729e-09,4.0909787867e-08,-4.4409513162e-09,-5.5513433933e-09,-1.4555141333e-08,0.23296993981,0.023793124926,0.12505685978,0.04198105937
ah93k131,ok,,30.883381145,324278305.86,1233675.9566,4719887.0925,149413555.85,695329.64661,26051099.294,-2.4095350467e-09,1.4890860374e-08,-2.8905172849e-08,-3.8283352991e-08,9.9312363621e-09,-2.6235237135e-10,3.4689408498e-08,5.2340992071e-08,-3.8278228163e-10,-1.053339086e-07,-3.9322192429e-09,4.850938783e-08,-7.241312636e-09,-6.2349474665e-09,-3.1329284072e-08,0.23686754579,0.021470058325,0.12994791045,0.042795489212
ah93w145,ok,,30.980022411,325778932.65,1352822.1725,5362938.4559,151015573.94,767161.858,26457933.802,-2.4567767303e-09,1.1654980743e-08,-2.7776825805e-08,-3.5609124764e-08,9.2594631864e-09,-2.5616323692e-10,3.1926074935e-08,4.8929510598e-08,-4.0101356345e-10,-4.0865185134e-08,-5.2422439062e-09,4.4164878193e-08,-8.1941226977e-09,-7.54321804e-09,-1.3458013078e-08,0.23523222678,0.024892046135,0.055283328534,0.043190302054
ah93k132,ok,,30.741463348,322622235.56,1285718.2889,4868494.0257,148408286.3,717410.98573,25661117.177,-2.3552933475e-09,1.4995131584e-08,-2.8339292023e-08,-3.6493771959e-08,9.8668730041e-09,-9.1720975188e-10,3.2521809285e-08,5.2028213156e-08,-3.5232523298e-10,-1.0986726766e-07,-3.6187941459e-09,4.8282026569e-08,-7.0998214159e-09,-5.9094943072e-09,-2.7051773913e-08,0.23492252237,0.021630219673,0.14125835538,0.041813884985
ah93w215,ok,,32.060823184,334725879.43,2960870.8122,10395705.949,150625337.95,1710984.193,28312398.016,-1.3065031051e-09,7.8354836948e-09,-1.8348390313e-08,-1.2669197086e-08,8.332834716e-09,5.7877187938e-11,1.1411494174e-08,3.3472716663e-08,-1.2900654258e-10,-1.2263712376e-08,-9.4537844688e-10,3.1340401098e-08,-1.3931352462e-09,-3.1237838954e-09,-3.7482233795e-09,0.23361183793,0.020179491347,0.036311268022,0.033787960022
ah93w174,ok,,30.843520285,324523534.12,1899547.0871,7703185.7709,149150145.31,1094283.9373,26016759.371,-2.0976173455e-09,9.0376462071e-09,-2.3636899952e-08,-2.4715481082e-08,8.9030883208e-09,-2.775174836e-10,2.2607652294e-08,4.1386636621e-08,-3.6784861788e-10,-2.0560176116e-08,-3.3988224137e-09,3.6881156964e-08,-5.3010999176e-09,-7.1520312722e-09,-6.4863106351e-09,0.22705327779,0.025435498085,0.039055022651,0.042944300061
ah93w257,ok,,32.439730113,341048352.13,3776482.0326,14829853.24,152098341.98,2297505.6892,29404635.678,-2.7993987407e-10,5.7491082548e-09,-1.6613574601e-08,-6.1625424278e-10,7.9156904252e-09,-1.4191426873e-09,1.8437992565e-09,2.8423267265e-08,2.8354477531e-11,-4.4932430474e-09,-1.2762340792e-09,2.4549924424e-08,-1.8836807945e-09,-5.731408456e-09,9.14849545e-09,0.23302726482,0.0063168113268,0.016968651636,0.0069630747638
ah93w480b,ok,,39.235654254,405336900.4,21872385.492,49297677.369,159168932.23,13680231.449,44872061.394,-4.5654948596e-10,4.6133254972e-09,-5.9757411145e-09,-1.8384563961e-09,5.9454353332e-09,-5.4002703054e-11,1.5921382762e-09,1.1956181562e-08,-2.2290232299e-13,-1.1058385257e-08,1.3102810314e-12,1.1946660086e-08,1.8111468971e-12,-1.4306060163e-11,-1.2036295703e-09,0.26532146237,0.020789857492,0.24187326525,0.034823862132
ah94145,ok,,30.741297778,323178025.77,1439264.6093,6136295.8238,149145575.2,850721.78655,25722127.031,-3.4173280953e-09,1.1935665706e-08,-2.6776775877e-08,-4.5581192983e-08,9.4016999199e-09,-2.6798971538e-09,4.3819644253e-08,4.5773055832e-08,-5.614149525e-10,-6.3978619844e-08,-7.3390897007e-09,4.1992882767e-08,-1.2382347819e-08,-7.5105052494e-09,-1.2821159104e-08,0.22901382073,0.036283470147,0.092082163292,0.063068063164
ah94156,ok,,30.653799095,321906274.35,1777692.2786,6579001.8668,147350811.9,974094.17969,25499676.561,-2.1704871549e-09,1.2466587516e-08,-2.43257472e-08,-2.8130994059e-08,9.3566623068e-09,-1.689786933e-09,2.3416691046e-08,4.5417895748e-08,-3.1982596198e-10,-7.4835283681e-08,-2.8415778604e-09,4.1599933617e-08,-4.9417047694e-09,-6.0159594842e-09,-1.1675071869e-08,0.23040183837,0.024785298558,0.13303410597,0.041627670864
ah95160,ok,,31.158341555,327071801.59,1739957.9322,7080550.4215,149860647.62,1028865.0593,26591562.073,-3.0959921754e-09,1.0912156459e-08,-2.4233360851e-08,-3.7758402764e-08,9.2108629561e-09,-1.7315844796e-09,3.6390978779e-08,4.1886966221e-08,-4.7140094643e-10,-4.9774597687e-08,-5.4356879351e-09,3.8619513393e-08,-8.898961812e-09,-6.1957000806e-09,-1.2223173526e-08,0.23226394006,0.035933263678,0.086605706069,0.063318772187
ames01,ok,,30.965535277,326276024.98,805157.26912,2868874.8946,153413005.75,410769.93916,26709951.593,-1.1947626357e-09,1.6562135871e-08,-3.6148113892e-08,-2.8432494604e-08,9.3586130875e-09,2.8018752049e-09,1.9654340061e-08,6.8093187783e-08,-2.5891690753e-10,-8.8324632638e-08,-3.7911830145e-09,6.0595760742e-08,-5.3252340559e-09,-9.8694526686e-09,-3.0930563681e-08,0.24027828639,0.0086278101115,0.071115220011,0.01582483477
apex16,ok,,30.751370482,323287513.83,1093393.1748,3937136.3635,149625236.46,590600.875,25887396.708,-2.0961517119e-09,1.6343595344e-08,-3.0696958654e-08,-3.3385905426e-08,9.1370188389e-09,-4.0539125742e-09,2.7261510668e-08,5.8016208726e-08,-2.0052770375e-10,-1.1921917277e-07,-6.1247891754e-09,5.3359167255e-08,-1.0466405734e-08,-6.7031206896e-09,2.4820612483e-09,0.23780005729,0.020066381982,0.13035342982,0.0298075497
amsoil1,ok,,30.985420133,326220984.07,1004980.4611,3624350.0116,152429250.24,526697.1349,26713266.117,-1.6356400597e-09,1.5425995726e-08,-3.2319790707e-08,-2.7807319024e-08,9.0078018542e-09,-1.5189334614e-09,2.4206281711e-08,6.0337263915e-08,-2.5338509683e-10,-9.4268054392e-08,-6.7133349287e-09,5.4059574712e-08,-9.3794668509e-09,-8.938723787e-09,-7.4150650933e-09,0.23772296836,0.01371782319,0.094737552772,0.024326840155
amsoil2,ok,,30.989334599,326169409.53,1032266.7518,3604352.8702,152341357.38,531118.70433,26732586.063,-7.5941112409e-10,1.5339949153e-08,-3.1995148612e-08,-1.1989065388e-08,8.8896162978e-09,-1.3302447437e-09,1.0792302791e-08,6.0805802999e-08,-9.6834596414e-11,-9.0277468257e-08,-3.7949587364e-09,5.4297017839e-08,-5.097059462e-09,-8.8083564766e-09,1.4626680981e-09,0.23789126598,0.0065524268314,0.093190428915,0.011140535346
ames02,ok,,30.375676345,324167459.52,413533.44313,1650334.6782,157696003.34,203319.90245,26075141.306,-7.8321224064e-10,2.0021125529e-08,-5.1651538996e-08,-2.4856572626e-08,9.1348815297e-09,-2.4287390611e-10,1.4871422322e-08,9.5095184103e-08,-1.4414638385e-10,-1.3105192452e-07,-7.0834903861e-09,7.712298444e-08,-8.5492266339e-09,-2.2158325887e-08,-4.9410398657e-09,0.23754195672,0.0048152033801,0.054194353574,0.0061498304768
apex16_NASA_CR-201062,ok,,31.115556648,326519875.93,1141347.4058,4012314.8353,151058510.57,617068.2603,26693040.978,-2.060904609e-09,1.6283533271e-08,-2.990994633e-08,-3.2440768661e-08,9.052577086e-09,-3.8263284712e-09,2.6445541686e-08,5.6518885353e-08,-1.9675595093e-10,-1.1694403914e-07,-5.886223436e-09,5.2151586839e-08,-9.5853172056e-09,-6.2959312983e-09,1.1032864495e-09,0.24223023294,0.020183089338,0.13347377569,0.030183550397
aquilasm,ok,,30.054040784,320017242.52,569254.89519,2694040.9989,152933496.13,323528.7632,25019586.681,-4.0736100635e-09,1.6633984112e-08,-4.2688146495e-08,-9.8565787196e-08,1.1183721641e-08,1.9857123064e-09,8.243279138e-08,7.0965898286e-08,-9.6961022877e-10,-9.8066785654e-08,-2.1879263712e-08,6.2386972269e-08,-3.7937021309e-08,-1.5424418648e-08,-6.2224090465e-08,0.2300519016,0.027268827917,0.055824997789,0.046925270017
arad10,ok,,31.908707571,334035124.39,755865.30676,2877073.6855,155252009.87,426080.84766,28350773.33,-3.4170395124e-09,1.5445019291e-08,-3.5546131339e-08,-7.3407594311e-08,1.0031848916e-08,4.4727216334e-09,6.4111575501e-08,6.1968370662e-08,-2.4457806627e-10,-2.9654619193e-08,-6.7145389448e-09,5.9611330376e-08,-9.3353462701e-09,-3.883387225e-09,-4.2918627294e-08,0.2462562761,0.026783425853,0.022414897833,0.048459715683
arad13,ok,,32.217043373,335077582.57,1213275.9335,4149562.0459,153375364.59,679830.92385,28702072.507,-2.3787955202e-09,1.1958613973e-08,-2.7869049785e-08,-4.2567808064e-08,9.4708993336e-09,5.6404253297e-09,3.5183342506e-08,5.0878035095e-08,-4.9453083685e-11,7.1594169477e-09,-4.0516361312e-10,5.0315411977e-08,-9.1873997434e-10,-8.5203591586e-10,-3.441312796e-08,0.24309818211,0.023264653803,-0.0086863482807,0.042687102723
arad20,ok,,32.89716766,340932007.3,2611875.8756,8542002.8486,153038174.16,1511658.5898,30015274.161,-1.5036314832e-09,7.8906056501e-09,-1.8866472217e-08,-1.9795018433e-08,8.5696326956e-09,3.7095648116e-09,1.4609676629e-08,3.4704162082e-08,-2.3930878325e-11,5.9832943186e-09,-3.2999547047e-11,3.4405981958e-08,-1.3754293539e-10,-3.8107552495e-10,-2.068287051e-08,0.23837836148,0.022493484828,-0.015627622087,0.038158661938
august160,ok,,31.316002299,328792685.72,1523379.7843,6298550.9622,151438163.04,896459.48704,27044529.336,-2.8847163621e-09,8.8494118358e-09,-2.5955930297e-08,-4.5264305725e-08,1.043983744e-08,6.4306232744e-09,3.678304397e-08,4.4162592366e-08,-5.3722137316e-10,4.483658476e-09,-1.8712920519e-09,4.0055439048e-08,-3.4437918155e-09,-6.1505468463e-09,-4.7167740485e-08,0.23005537661,0.030907226358,-0.0068303146821,0.05603454559
atr72sm,ok,,30.972058855,325244326.27,1462273.2074,5458988.9813,150446938.94,793601.01191,26381421.459,-1.6861938201e-09,1.0425634056e-08,-2.6697264292e-08,-2.798135412e-08,9.2760618687e-09,3.0352141025e-09,2.0482513391e-08,4.8669730251e-08,-2.9051627935e-10,-1.4258237521e-08,-1.7703840564e-09,4.4174045154e-08,-2.781485842e-09,-6.2987463071e-09,-2.5773687284e-08,0.22951118116,0.017519163792,0.020849438711,0.029951030552
arad6,ok,,31.320954804,334668821.63,278841.28058,1883506.1592,161823351.6,197845.38044,27642048.735,-6.0218988349e-09,2.4754804851e-08,-5.5413129154e-08,-1.8675210393e-07,1.1053087975e-08,-1.7028755155e-08,2.1567759084e-07,7.0388094594e-08,-9.5495604312e-10,-3.7370224218e-07,-6.4276590554e-08,6.941634324e-08,-1.1060364672e-07,-1.3913753414e-08,-5.6821517484e-08,0.24745817358,0.034170497405,0.10420361177,0.060139815622
as5048,ok,,31.717493089,330443760.27,2206817.8839,7295526.7539,150099822.81,1224406.5021,27504388.212,-6.8897536349e-10,1.068021532e-08,-2.1242686061e-08,-8.8199420428e-09,8.7333848577e-09,-7.6880178416e-11,5.9156672719e-09,4.0438384106e-08,-4.4844807232e-11,-3.4808184712e-08,-3.7010615144e-10,3.850875224e-08,-6.2867602803e-10,-2.6550731532e-09,-2.4419131723e-09,0.23947885031,0.01008327226,0.076815324529,0.013054800331
avistar,ok,,31.664208587,330786929.55,1468504.5611,4993236.0627,152160492.79,803231.83639,27735174.939,-1.3660759224e-09,1.2682803178e-08,-2.6082265406e-08,-1.9234361591e-08,8.8737023261e-09,6.0487922861e-11,1.7890413233e-08,4.8832602032e-08,-1.277893906e-10,-4.5838199493e-08,-2.122805329e-09,4.6030761842e-08,-3.0848782714e-09,-3.8948806959e-09,-9.1099432112e-09,0.24219651495,0.013678157945,0.067313605028,0.026272153432
b29tip,ok,,29.919081397,318860953.0,519353.00002,2218909.5964,152331015.81,275989.8854,24762916.055,-2.1538189729e-09,1.8669545959e-08,-4.5727294679e-08,-5.7269679201e-08,1.0353144776e-08,3.501056614e-09,4.6766075125e-08,8.1365227601e-08,-6.3050218899e-10,-1.3816474779e-07,-1.045712999e-08,6.9550489923e-08,-1.8743148722e-08,-1.661596479e-08,-6.1595175622e-08,0.23219081917,0.011862158277,0.071756276261,0.024288101415
b540ols,ok,,30.28674649,323147230.86,529743.41143,2380678.7898,157649407.84,277589.43453,25948851.626,3.2542568403e-15,1.2131571208e-08,-4.6017455339e-08,8.4667169007e-15,9.0306900628e-09,-1.1675688635e-14,-1.2018395378e-13,7.8082199339e-08,4.0405056679e-15,7.3738196508e-08,5.2963414076e-14,6.1772966995e-08,2.9778999932e-14,-2.0643605825e-08,3.5227618759e-14,0.23433603652,-5.8742461494e-11,-0.039062323771,-6.3666657675e-08
b29root,ok,,32.062644021,334064854.02,3302891.0637,11024219.246,149725064.39,1869136.7133,28141789.289,-6.2278315083e-10,7.9508358053e-09,-1.7294596053e-08,-6.2363584044e-09,8.3196187568e-09,6.6731023415e-10,5.7014560629e-09,3.2515729765e-08,-6.606953757e-11,-1.6156924208e-08,-1.6193527146e-10,3.0877542499e-08,-2.7553758726e-10,-2.2850363256e-09,-6.3471034148e-09,0.23201156584,0.0089054558944,0.053364560584,0.01883128828
b707b,ok,,25.598639713,265870200.35,519363.36975,2028079.2659,125503160.07,531477.04739,16183701.029,-1.2505085109e-10,1.6283338895e-08,-2.9185091358e-08,-6.5532677217e-09,9.8015134769e-09,7.6507582343e-09,9.4029868694e-09,6.6532246761e-08,4.2110960234e-10,5.3751166271e-07,-5.0739587342e-09,9.6251208935e-08,-9.0403505802e-09,5.4613739575e-08,-2.0018268187e-08,0.15747783886,0.0018076768625,-0.27916386842,0.0048835669462
b707a,ok,,30.597799215,323397103.05,797911.42669,3232620.8654,152762701.19,430500.93261,25923819.655,7.7312600248e-10,1.216865018e-08,-3.6565602542e-08,1.2517083662e-08,8.9709382217e-09,-6.6555293096e-10,-1.5490641876e-08,6.4319481843e-08,1.5366491324e-10,1.7475983458e-08,4.18687479e-09,5.6322113052e-08,5.5140494375e-09,-1.0845209451e-08,5.4817317167e-09,0.2317939052,-0.0048416353471,-0.013944286894,-0.01236016016
b707c,ok,,30.154289464,320199875.24,590788.70553,2253990.2827,151216630.99,305901.37322,25103107.035,-1.9464990858e-09,2.0639702783e-08,-4.2567615009e-08,-5.2361859655e-08,1.0001117231e-08,1.4607044961e-09,3.4150959595e-08,8.0131873086e-08,-4.3452125746e-10,-2.0099275336e-07,-6.8475461392e-09,7.0289988668e-08,-1.2814463556e-08,-1.3524823511e-08,-4.3912924424e-08,0.23335627032,0.01288523863,0.11874424858,0.020176001212
b707d,ok,,29.992306697,319215169.99,520045.12792,2039977.3809,151350043.2,268773.42633,24830802.778,-2.3327134569e-09,2.2465034143e-08,-4.5198489907e-08,-6.3869413544e-08,1.013795273e-08,-7.8618973906e-10,4.4030711496e-08,8.4958957418e-08,-4.8905925443e-10,-2.5247233931e-07,-1.1688959707e-08,7.4117968979e-08,-2.3511565059e-08,-1.4579973034e-08,-4.1642747076e-08,0.23395116985,0.01454975396,0.13129700999,0.022897956992
b737a,ok,,31.112726485,327446537.99,1508957.1167,5931485.4958,152325711.28,835584.48199,26922101.638,-8.0743200786e-10,8.261557702e-09,-2.64628202e-08,-1.6018212133e-08,8.7279687208e-09,3.1720595464e-09,8.5356122446e-09,4.6503279669e-08,-1.927084726e-10,1.9678938642e-08,8.9009492053e-11,4.0929477627e-08,9.7370090017e-11,-7.5526027848e-09,-2.069490392e-08,0.22744550678,0.0094544229179,-0.029694674513,0.012879872842
b707e,ok,,30.200607331,320900377.22,526917.3456,2023815.0686,151815846.35,273833.92001,25198666.334,-2.0790452606e-09,2.2343945744e-08,-4.4652638809e-08,-5.4441269171e-08,9.786471607e-09,-1.5681529876e-09,3.9898435735e-08,8.4136394061e-08,-3.7674804227e-10,-2.3968916836e-07,-9.7135632947e-09,7.4069373877e-08,-2.1038093849e-08,-1.3112531706e-08,-2.9018519165e-08,0.23568924021,0.013035851597,0.12629638036,0.021023177851
b737c,ok,,30.336938025,321180450.66,645748.49423,2388887.5203,151295629.13,332580.68965,25371932.033,-1.3491570442e-09,1.949775881e-08,-4.0519628936e-08,-3.605178069e-08,9.7230186334e-09,2.0959137426e-09,2.2645680809e-08,7.7032228339e-08,-2.796807425e-10,-1.5744952114e-07,-2.1847747396e-09,6.8040184475e-08,-6.6491674384e-09,-1.1232826818e-08,-3.372283621e-08,0.23640140677,0.0093399415679,0.1016727912,0.014623414283
b737b,ok,,30.697031584,323758996.44,1031536.3588,3955010.8576,151967981.23,549534.83158,26104415.447,-1.0223233901e-09,1.1707887245e-08,-3.2202599926e-08,-2.3326530233e-08,9.2486441352e-09,3.561746129e-09,1.333717291e-08,5.8245704197e-08,-2.3669873444e-10,-5.9323731353e-09,-6.5722171593e-10,5.1237081467e-08,-1.0318306147e-09,-9.4348731875e-09,-2.6755634212e-08,0.23242399752,0.0094034523274,0.0061194585832,0.013757778781
b737d,ok,,30.467121663,322121189.26,769129.53668,2821850.6878,151067076.26,400228.96174,25660473.187,-1.3903618653e-09,1.8670587447e-08,-3.7249197475e-08,-3.275180315e-08,9.6219161056e-09,1.0099232171e-09,2.1363911964e-08,7.0622753158e-08,-2.8629003042e-10,-1.5860394528e-07,-3.4566967404e-09,6.2504289317e-08,-6.9481131625e-09,-1.0854357348e-08,-2.7418344048e-08,0.2376501932,0.010501623161,0.12198697895,0.01643161571
bacj,ok,,30.030157426,318120247.83,727896.9961,2763907.2112,150387561.54,368804.36242,24792411.653,-7.7062479602e-10,1.7813717085e-08,-3.8918879684e-08,-8.3872390529e-09,9.091406421e-09,-8.0251472924e-09,9.1157283712e-09,7.371451311e-08,1.0999206082e-10,-1.4323051793e-07,-1.0852267092e-08,6.3442566435e-08,-1.4751555962e-08,-1.4059954452e-08,5.3366863995e-08,0.22940188102,0.0076113168102,0.10425706375,0.0066353112987
bacnlf,ok,,30.558428436,322871582.25,692301.56629,2447560.1545,151287552.07,354442.79439,25792051.97,-8.3157720308e-10,2.1523818898e-08,-3.8841189217e-08,-1.1731971823e-08,9.2038405852e-09,-6.7176797999e-09,1.1758651938e-08,7.5651428192e-08,3.3231969217e-11,-2.2132670763e-07,-8.8930603206e-09,6.7408141926e-08,-1.2512828957e-08,-9.5746727283e-09,3.4577142825e-08,0.24105822462,0.0071137142011,0.15322482635,0.0081405331538
bacxxx,ok,,30.835711566,324180788.18,915179.77431,3132151.7266,150938360.22,471136.38019,26148785.691,-1.1706436036e-09,1.7161886396e-08,-3.355077254e-08,-2.50297535e-08,9.2716795856e-09,8.6441757246e-12,1.5155587103e-08,6.4923404351e-08,-1.2627714257e-10,-1.0836520776e-07,-3.0751041856e-09,5.9590633546e-08,-5.26009206e-09,-6.7475947693e-09,-1.0216569358e-08,0.23928708476,0.01064089467,0.099173646377,0.013870086784
bambino6,ok,,31.110829274,323215066.71,1009435.8291,3090205.4454,147199150.36,598515.6177,25826731.711,-4.622697131e-09,1.6135212852e-08,-2.9107092959e-08,-8.6263344596e-08,1.0085541221e-08,2.4606321403e-09,6.288041241e-08,5.7437137808e-08,3.2089887685e-10,-1.528117198e-08,3.1560814549e-09,5.9899967486e-08,1.8773322206e-09,4.4826389936e-09,-1.8948111984e-08,0.23517622768,0.048969334649,0.015425362507,0.063473741237
be50,ok,,29.533662771,319489020.91,292101.89055,2001174.7582,163056399.16,182669.31268,24707629.906,-6.3856431683e-09,1.9380648612e-08,-5.5839450566e-08,-2.169872909e-07,1.2717584312e-08,2.4494471094e-09,1.9536391052e-07,7.5566786606e-08,-2.1380902385e-09,-8.3169894381e-08,-9.7780313736e-08,6.6840284348e-08,-1.6581805639e-07,-3.0863443e-08,-8.6077859739e-08,0.22984407762,0.036031877811,0.024294083385,0.057066167607
boe103,ok,,31.159572101,326978805.04,1163369.8347,4300190.4656,151636221.78,634714.5009,26790521.904,-2.6740949128e-09,1.3151595354e-08,-2.9474714647e-08,-4.5234620434e-08,9.4236380278e-09,7.3184665212e-10,3.6510442213e-08,5.3750787652e-08,-3.1399026141e-10,-4.426588738e-08,-5.3383944254e-09,4.9780082707e-08,-8.5818814787e-09,-5.8380712736e-09,-1.9588422108e-08,0.23735708996,0.025764075585,0.051497598086,0.042475147123
be50sm,ok,,29.613421175,320016787.06,299258.14756,1988040.3501,162701440.41,184967.67877,24846301.665,-5.1740447951e-09,1.8477831946e-08,-5.6907783581e-08,-1.5803068552e-07,9.8364187526e-09,-2.810416295e-09,1.5605669994e-07,7.9006333989e-08,-1.6120973815e-09,-8.7682931709e-08,-9.4937302516e-08,6.6255684556e-08,-1.5795623471e-07,-3.1754245834e-08,-2.0851716564e-08,0.22925095649,0.028346797373,0.026239831716,0.046701238938
boe106,ok,,30.976803728,325328710.79,1204453.5588,4480067.332,150789168.34,656792.39929,26393260.807,-2.3723959129e-09,1.3190713965e-08,-2.9178644136e-08,-3.8824270307e-08,9.442113138e-09,4.7141722337e-10,3.2328478803e-08,5.3356336096e-08,-3.1555859715e-10,-5.2574146907e-08,-4.8107258526e-09,4.9088766739e-08,-7.746389181e-09,-6.2802386444e-09,-1.9359092424e-08,0.23613787888,0.022500746141,0.063323118344,0.038938151345
bw050209,ok,,30.370333797,322441949.75,541523.26538,2158398.2838,153236555.13,283522.93463,25590244.328,-1.7000934681e-09,1.881803017e-08,-4.426652389e-08,-5.1541942221e-08,1.047001621e-08,7.2726949445e-09,3.6303116778e-08,8.1074736944e-08,-5.242714266e-10,-1.2077749162e-07,2.2888267963e-09,6.9951628135e-08,-4.6832447075e-09,-1.3182354601e-08,-7.9036411365e-08,0.23823781757,0.0092794526229,0.065403821646,0.019658982341
bqm34,ok,,30.062949555,319268503.89,653476.64214,2539084.6813,151659477.25,333560.80645,24998917.935,1.692907173e-15,1.6472485515e-08,-4.1035704998e-08,-4.1898621452e-15,9.2671755564e-09,5.1649241169e-15,-4.1390915516e-14,7.6047979147e-08,2.8846371582e-15,-8.0013775867e-08,-7.5309575972e-14,6.5088664467e-08,-1.5314322726e-13,-1.4535530731e-08,-3.4025351912e-14,0.23166936123,-1.2317631383e-09,0.052287133578,-2.7047996487e-08
bte-fk,ok,,31.46404319,330375765.71,1027398.5878,3812767.7784,154585421.09,553788.67813,27704917.055,-1.3512525441e-09,1.2440614034e-08,-3.1619660182e-08,-2.0798194326e-08,8.7155409577e-09,-3.7483642958e-10,2.1165317026e-08,5.6763975276e-08,-1.6877849549e-10,-1.0966269413e-08,-6.1795704604e-09,5.1210585615e-08,-7.8435735502e-09,-7.5224096193e-09,-5.6564368346e-11,0.2414452894,0.011510241352,0.011266729709,0.021745216824
c141a,ok,,31.276227816,326986454.98,1330580.1558,4246948.7633,150830011.13,684870.66384,26880029.205,-7.5461199822e-10,1.5328206711e-08,-2.7548283658e-08,-1.0468081611e-08,8.9049507568e-09,-1.714479266e-09,8.9959547531e-09,5.423087152e-08,-4.2624164499e-11,-9.0642668788e-08,-1.8664635845e-09,5.1237355488e-08,-2.5507121234e-09,-4.0592723692e-09,3.8792852164e-09,0.24011118167,0.0078072680146,0.12060733636,0.011969838877
c141b,ok,,31.234254251,326728926.16,1256349.7867,4030718.8339,150907511.2,645498.44352,26815791.447,-8.0636425566e-10,1.5736458101e-08,-2.8379888117e-08,-1.1596211419e-08,8.9324371928e-09,-1.7938635426e-09,9.9677265781e-09,5.5803174777e-08,-4.9049848824e-11,-9.5742163972e-08,-2.126963853e-09,5.2599649463e-08,-2.9119321423e-09,-4.3422964589e-09,3.6188153853e-09,0.24025542112,0.008046603588,0.12028564728,0.01252295116
c141c,ok,,31.017803022,325498439.15,934322.94199,3084065.8769,151329371.54,476192.32542,26478734.799,-1.1225689996e-09,1.8192260357e-08,-3.3060513687e-08,-1.9368665663e-08,9.0778200334e-09,-2.391194035e-09,1.6492064097e-08,6.4633841683e-08,-9.2797302715e-11,-1.3338590134e-07,-4.1905075035e-09,6.0183848929e-08,-5.8133806307e-09,-6.0369350954e-09,1.546081701e-09,0.24074663896,0.0094004605683,0.12462550776,0.015408913847
c141d,ok,,31.081059248,326159905.59,906130.00383,2992526.7223,151747874.43,461654.09396,26629133.588,-1.3499647099e-09,1.826862267e-08,-3.3493628448e-08,-2.4334064868e-08,9.0356290226e-09,-2.4992319238e-09,2.0101720244e-08,6.5303583478e-08,-1.1437649554e-10,-1.3215034341e-07,-4.9337226412e-09,6.0907593052e-08,-6.7848769642e-09,-6.040923649e-09,-2.3987860215e-10,0.24053920971,0.011207283271,0.11974539118,0.018214771842
c141e,ok,,31.121254464,326679212.74,872222.00327,2902721.3777,152150468.71,444914.80361,26742801.989,-1.6164756727e-09,1.8381412813e-08,-3.408524536e-08,-3.0269502375e-08,9.0270609085e-09,-2.6515869918e-09,2.4596655725e-08,6.6099051129e-08,-1.4347105896e-10,-1.3202595206e-07,-6.0952029385e-09,6.1632998691e-08,-8.2443103612e-09,-6.2327607678e-09,-2.3122211097e-09,0.24057588539,0.013219873558,0.11515594039,0.02145374433
c141f,ok,,31.194805461,327751732.76,805667.47971,2756962.1661,152992250.38,414112.75118,26969493.586,-2.1653808805e-09,1.8511257308e-08,-3.5341315694e-08,-4.292659299e-08,9.0137333615e-09,-3.0209372597e-09,3.478511671e-08,6.7405712472e-08,-2.1073998201e-10,-1.3225785386e-07,-9.0229570849e-09,6.2735275642e-08,-1.2126862968e-08,-6.7927213064e-09,-6.4754183417e-09,0.23998959179,0.01713302976,0.10655585179,0.028025237311
c5a,ok,,31.193650185,323871985.05,1182770.2229,3523714.764,147997448.66,663095.11627,26047705.394,-1.5107836548e-10,1.6182836373e-08,-2.7629208758e-08,-2.5448965867e-10,9.1183077043e-09,-2.4417840046e-09,3.7728467623e-10,5.5523511212e-08,-1.5854438163e-11,-5.2100496022e-08,8.7010515526e-10,5.7492812949e-08,1.0563507666e-09,2.8491308466e-09,1.3769285655e-08,0.237551198,0.0023378754988,0.061622915293,0.0004462410806
c5b,ok,,31.116495592,326113184.02,1025868.529,3340514.8595,151263364.96,525107.5998,26641685.759,-8.6983807556e-10,1.75264332e-08,-3.1490634318e-08,-1.2084605029e-08,8.9816760133e-09,-3.5459597737e-09,1.1725912165e-08,6.1774358448e-08,-3.636738748e-11,-1.2248750501e-07,-3.73700068e-09,5.777336531e-08,-5.1180299651e-09,-5.3768241305e-09,1.3046516725e-08,0.24148118517,0.0080004463614,0.12565607659,0.012029244263
c5c,ok,,31.072526406,325923290.04,961523.63291,3161648.3665,151419296.91,490813.12332,26585317.344,-1.1089379104e-09,1.8091436364e-08,-3.255069062e-08,-1.657654206e-08,8.9731781404e-09,-4.0396131147e-09,1.590064595e-08,6.3666348422e-08,-6.2664096672e-11,-1.331631574e-07,-4.9941928226e-09,5.9360696712e-08,-6.8415825401e-09,-5.8478961775e-09,1.2510445902e-08,0.24125160565,0.0096177089052,0.12803952287,0.015288846859
c5d,ok,,31.05017691,325895888.76,935662.42717,3103924.0647,151584170.01,478481.09598,26576346.277,-1.1254915452e-09,1.7948284331e-08,-3.3052455362e-08,-1.7686596356e-08,8.974709764e-09,-3.6372477088e-09,1.6314193399e-08,6.4369640239e-08,-7.3530661932e-11,-1.2838949741e-07,-5.0823348526e-09,5.9768407855e-08,-6.9499641174e-09,-6.2698402285e-09,1.0247411112e-08,0.24081387659,0.0096436949059,0.12012922877,0.015264577793
c5e,ok,,30.559189574,323070978.87,804631.15145,2969080.1385,152021706.4,414479.74069,25935344.616,-1.2407668769e-09,1.6681711416e-08,-3.654919597e-08,-2.4341299878e-08,9.0987405487e-09,-1.3421362997e-09,1.936757844e-08,6.8506749049e-08,-2.0878645673e-10,-1.1012098803e-07,-5.9240464605e-09,6.0131560371e-08,-8.3048035113e-09,-1.1621611845e-08,-5.1252024891e-09,0.2346368236,0.0095905823754,0.088606777398,0.015583756941
cal1215j,ok,,30.56665198,322352045.04,940298.71607,3621963.6678,150980679.49,502756.10687,25717666.966,-1.8949905373e-09,1.4043232368e-08,-3.3476843961e-08,-3.3257452638e-08,9.2446932448e-09,-4.6907001484e-10,2.896789725e-08,6.0908316314e-08,-2.8327506958e-10,-5.1219263609e-08,-7.9489562941e-09,5.4563913706e-08,-1.1568295406e-08,-9.098377461e-09,-8.4253490302e-09,0.23412461209,0.015728947835,0.04816140781,0.027238476592
cal2263m,ok,,30.795855565,323922690.49,981174.09703,3777700.3328,150863764.6,537057.38594,26031631.667,-2.8131793328e-09,1.4664987004e-08,-3.2279285523e-08,-4.8876767028e-08,9.3832851885e-09,-1.3652342331e-09,4.2416422837e-08,5.8261688502e-08,-3.5142279295e-10,-7.0519741995e-08,-8.613083046e-09,5.369389114e-08,-1.3197777849e-08,-7.2765091913e-09,-1.3416237935e-08,0.2350816822,0.024557098955,0.069192144175,0.041617895377
cast102,ok,,31.175331676,326972022.65,1080517.329,3574095.7228,151508575.91,560876.7511,26860311.217,-1.151235004e-09,1.7602371215e-08,-3.0798313388e-08,-1.9894122082e-08,9.0522223089e-09,-2.2500173599e-09,1.4014649916e-08,6.0015836081e-08,-9.567897492e-11,-1.3677523098e-07,-3.8589931455e-09,5.5485224138e-08,-5.740325994e-09,-6.1313518851e-09,9.6773361944e-10,0.24343547606,0.011290285691,0.14778800725,0.015143072094
clarkv,ok,,31.077570514,326054445.42,1021757.548,3716248.4758,151294648.14,551623.60661,26550617.019,-2.6773395886e-09,1.5695943909e-08,-3.1343892195e-08,-4.4568799336e-08,9.1292777508e-09,-3.2981053645e-09,3.9094390774e-08,5.7968068587e-08,-2.424198986e-10,-8.9318007373e-08,-7.1601113634e-09,5.417362511e-08,-1.1423257414e-08,-5.6577763918e-09,-3.3814221287e-09,0.240179865,0.024137286751,0.091261348209,0.039944988859
clarkk,ok,,30.424175812,316517875.77,823593.77337,2829902.0696,143117529.85,527207.64987,24275769.695,-2.5632739491e-09,1.4899544223e-08,-3.1830590851e-08,-4.3565825554e-08,9.3924859023e-09,3.6003998233e-09,4.7465032083e-08,6.0610354429e-08,3.6798924899e-10,6.4465713932e-08,1.0778484883e-08,6.5332189246e-08,1.240712734e-08,8.7256611053e-09,-4.724023221e-09,0.22537439765,0.02240707436,-0.053093560591,0.039091904877
ch10sm,ok,,31.111413997,329221963.04,1076359.3856,7464752.0829,153965517.36,847941.61492,26720089.561,-6.2815376846e-09,1.2016601138e-08,-2.8846598536e-08,-8.2574608308e-08,8.4260102884e-09,-1.209563164e-08,1.0963586638e-07,3.5515152938e-08,-1.3732298283e-09,-9.7698719333e-08,-1.5866163127e-08,3.5310543861e-08,-3.8648895375e-08,-1.1237985212e-08,3.1184982242e-09,0.23097651939,0.070629729009,0.10515893351,0.11800759378
chen,ok,,31.907988781,334621627.85,916532.46069,4678434.0738,153151626.47,618116.56404,28088417.053,-4.333088473e-09,9.6860770756e-09,-3.2600588189e-08,-8.2950074877e-08,1.3281371582e-08,1.3539405576e-08,8.1516576889e-08,4.8657599464e-08,-5.6986057108e-10,2.8675063761e-08,-1.3024346296e-09,4.5594282787e-08,-3.8128825062e-09,-5.0480406146e-09,-9.5727162796e-08,0.23384867491,0.037570858903,-0.026281626749,0.074712588803
clarkw,ok,,31.013823257,325993814.93,928667.433,3629160.1856,151870406.03,511512.34558,26495757.222,-2.9023470573e-09,1.4708788053e-08,-3.2954505703e-08,-5.1244690631e-08,9.3564302617e-09,-1.115247874e-09,4.6799896217e-08,5.8578080647e-08,-3.4064388122e-10,-6.4151076093e-08,-8.5576436692e-09,5.4253544502e-08,-1.3343504669e-08,-6.7599942378e-09,-1.4588104511e-08,0.23775997796,0.024439515699,0.05957501516,0.043461539485
clarkx,ok,,30.887207122,325026164.29,974389.47654,3787570.487,151663671.67,533999.78663,26308155.01,-2.5876860501e-09,1.427357608e-08,-3.2430164437e-08,-4.3617349915e-08,9.2030397654e-09,-1.5940134762e-09,3.9802700792e-08,5.8095856871e-08,-3.292677986e-10,-5.9948135678e-08,-8.7082297011e-09,5.3031605698e-08,-1.3473866772e-08,-7.6331163409e-09,-7.6043028217e-09,0.23745130535,0.022327813766,0.058412832543,0.03878333279
clarkyh,ok,,30.812228078,324418456.91,991624.09117,3764862.1185,151352733.3,531299.35769,26189431.89,-4.7641846553e-09,1.4048488188e-08,-3.2099894011e-08,-1.0018076801e-07,1.2570814786e-08,5.676160389e-09,6.3580185342e-08,5.8779824458e-08,-6.938398264e-10,-4.9271608491e-08,-3.7966437855e-09,5.3348184084e-08,-7.2840111341e-09,-7.430050448e-09,-6.5070628566e-08,0.23811462333,0.045048909934,0.048858913991,0.063047643506
clarky,ok,,30.948779037,325599697.4,984562.51247,3842809.5772,151931222.35,542706.85894,26446595.915,-2.6918941173e-09,1.3977179745e-08,-3.2253987919e-08,-4.5912564635e-08,9.2513391789e-09,-8.9010149778e-10,4.1441458125e-08,5.7372225583e-08,-3.6224942072e-10,-5.5259544335e-08,-8.9449267105e-09,5.2515974954e-08,-1.3115822718e-08,-7.7013341352e-09,-1.239832472e-08,0.23648497626,0.023326916016,0.054406475809,0.040801706132
clarkys,ok,,30.707378217,323271340.29,979334.16286,3706102.6736,150668868.74,523835.67265,25893334.891,-1.5138565911e-09,1.3990653401e-08,-3.2736222218e-08,-3.2587150974e-08,9.984040813e-09,5.670987959e-09,2.5930134128e-08,6.0022057954e-08,-3.695231368e-10,-5.3307355171e-08,4.6718604445e-10,5.4130894156e-08,-9.1899004062e-10,-7.7748341104e-09,-5.3243540327e-08,0.23478065642,0.010530443944,0.052205714051,0.025394266199
clarkysm,ok,,30.932908185,325366551.8,987352.82203,3825546.1743,151644580.5,543450.165,26377612.689,-2.80638563e-09,1.4087256069e-08,-3.214893089e-08,-4.8812719348e-08,9.3671959161e-09,-5.1651257384e-10,4.2812910105e-08,5.7422277197e-08,-3.6580201904e-10,-5.6362402916e-08,-8.5834716877e-09,5.2858600801e-08,-1.2597160277e-08,-7.3317872183e-09,-1.5750252155e-08,0.23604491499,0.024508692865,0.055649577576,0.042271447612
clarkz,ok,,30.998953654,326159286.84,987689.18939,3940057.8591,152077261.88,551556.1028,26551892.081,-3.1552906852e-09,1.3757968317e-08,-3.2027637193e-08,-5.5409179429e-08,9.5336985468e-09,-6.3748809298e-11,4.8547191014e-08,5.628808348e-08,-4.3379938885e-10,-5.3455471757e-08,-8.9483306386e-09,5.1692957521e-08,-1.4169601391e-08,-7.4615699593e-09,-2.1001275535e-08,0.23606135886,0.027830696168,0.052797391568,0.047949535739
coanda2,ok,,30.560180391,328455059.21,249519.23958,1242255.1341,159084258.34,141156.79841,25984043.867,-6.227400804e-09,2.5968342011e-08,-5.963155642e-08,-2.6068594808e-07,1.5115362232e-08,7.4874761219e-09,1.9837524789e-07,9.6729438391e-08,-9.1912440402e-10,-1.8904354201e-07,-5.2265497995e-08,9.0942014656e-08,-9.0520948415e-08,-1.3214184063e-08,-1.5702674298e-07,0.24242295476,0.031439732502,0.047170000851,0.049498441006
coanda1,ok,,30.523373397,327736943.59,242577.75972,1146805.6494,157097679.42,134586.36777,25655825.613,-6.2179374952e-09,2.8881232257e-08,-6.0571090624e-08,-2.6485359633e-07,1.4578266544e-08,-9.7792401591e-10,1.9643887977e-07,1.0194873446e-07,-6.9655441012e-10,-3.5373810398e-07,-2.7231173461e-08,9.6444956408e-08,-7.229064864e-08,-1.0438283184e-08,-1.4483401763e-07,0.24142102168,0.030951566813,0.085808996793,0.047651703376
coanda3,ok,,30.492685972,324334277.62,393440.43842,1640818.4715,154073543.11,209159.23888,25638732.681,-5.3072136357e-09,2.511592933e-08,-4.9132240115e-08,-1.7518853835e-07,1.2922992269e-08,-1.5979348165e-09,1.2211649832e-07,8.8091928218e-08,-6.974049148e-10,-2.7172503732e-07,-2.1965206789e-08,8.1726500536e-08,-4.5659707381e-08,-1.0210329821e-08,-9.5910683798e-08,0.24109019739,0.03181880135,0.10690761781,0.048045568637
clarym18,ok,,31.8287746,329662040.49,2208588.2985,7094260.1031,147629368.39,1326074.1607,27244818.553,-1.7750468163e-09,9.4576556422e-09,-2.0128495029e-08,-1.9921715716e-08,8.6135962266e-09,1.367756834e-09,1.9234477086e-08,3.8253248848e-08,1.069771782e-10,3.6877747667e-09,1.2173235767e-09,3.955283494e-08,1.4195738918e-09,2.0581169796e-09,-6.3509343845e-09,0.23008731717,0.02448174618,-0.0081447761972,0.04248104102
clarym15,ok,,31.466720144,329192637.32,1636793.4993,5887296.03,151202180.16,904508.76512,27289279.503,-2.1646940131e-09,1.1046233758e-08,-2.4773487745e-08,-2.9307112959e-08,8.9416458353e-09,1.5826904511e-10,2.5643512784e-08,4.5350152505e-08,-2.2008987821e-10,-2.9244416172e-08,-3.093830733e-09,4.2387908137e-08,-4.7890941177e-09,-4.3029227599e-09,-1.0379691103e-08,0.23648016691,0.024290556084,0.04786707028,0.041973135023
cootie,ok,,30.941137227,328191974.9,503115.43761,2785914.042,156294301.81,325921.19502,26723710.927,-6.0670478259e-09,1.8749703696e-08,-4.2807565612e-08,-1.529629828e-07,1.3398356858e-08,-2.8514619007e-09,1.4450871645e-07,6.2465366667e-08,-1.1020509813e-09,-1.666204671e-07,-2.8083527311e-08,5.9663456276e-08,-5.4187348629e-08,-1.1611917248e-08,-8.7130549868e-08,0.24167891991,0.0430259092,0.08382932922,0.072704566116
cr001sm,ok,,29.706040567,320305503.64,331389.96465,1975832.0599,159410053.16,199563.10546,24867135.558,-5.1459199942e-09,2.0887929339e-08,-5.3935373849e-08,-1.4870110826e-07,9.5155793334e-09,-9.2169240891e-09,1.4286767308e-07,8.0196324316e-08,-1.3438681114e-09,-1.9729365603e-07,-7.7842281561e-08,6.9244069958e-08,-1.3627012193e-07,-2.6904544158e-08,-8.0106457415e-09,0.23071322698,0.029306505516,0.065381137696,0.047344913131
cr1,ok,,31.23127969,327770370.63,1112318.3344,4627993.0055,151772625.62,649415.3579,26851437.193,-3.2844887028e-09,1.2380443096e-08,-2.9977110279e-08,-5.1029639553e-08,9.3322242643e-09,-1.1093261675e-10,5.0655347272e-08,5.0773914948e-08,-3.9270482015e-10,-3.8040768872e-08,-7.584053107e-09,4.7515201963e-08,-1.1460454512e-08,-5.9761318288e-09,-1.7331327595e-08,0.23512896638,0.030496960605,0.042313444673,0.056344871509
curtisc72,ok,,30.752573025,324664339.28,894648.93631,3794136.4057,152686054.98,505308.40966,26202115.998,-5.0317836049e-09,1.3751518365e-08,-3.3342706046e-08,-1.0616109381e-07,1.3106648188e-08,7.044330636e-09,7.7927354695e-08,5.6955824778e-08,-9.1066280329e-10,-3.8510823786e-08,-1.3710944811e-08,5.251304998e-08,-2.1192638661e-08,-9.0548484868e-09,-7.5792756473e-08,0.23637404999,0.044658165069,0.034453667536,0.069717624987
dae31,ok,,30.119093426,319756600.81,827510.98576,4832810.4987,151791933.91,545015.94723,24876012.376,-5.2728286366e-09,1.340247392e-08,-3.4427812729e-08,-8.7858628243e-08,9.3807000646e-09,-6.5523557773e-09,9.5715581917e-08,4.9767394018e-08,-1.1696458083e-09,-9.0051458946e-08,-2.3834549776e-08,4.5910793834e-08,-4.4624386895e-08,-1.3848960253e-08,-9.1712307298e-09,0.22242393872,0.046773769612,0.074518571562,0.079205695545
dae11,ok,,29.914771036,317548809.54,1051497.4228,5763682.8165,149587059.12,672301.47868,24384022.783,-4.6835173191e-09,1.1825277837e-08,-3.1280788853e-08,-7.0401348e-08,9.9226038224e-09,-3.5319138994e-09,7.2951346952e-08,4.747634949e-08,-1.1395328409e-09,-6.8050844553e-08,-1.626875445e-08,4.2681485288e-08,-3.0329412487e-08,-1.3042169448e-08,-1.9084349617e-08,0.21988643024,0.044517229015,0.071555287667,0.07670815331
dae21,ok,,29.737775763,316119549.79,900276.55398,5191054.7158,150110348.49,580542.39939,24092316.639,-5.0117778195e-09,1.2502749409e-08,-3.3574456779e-08,-8.0954414242e-08,9.7753909354e-09,-4.6281195188e-09,8.5074609106e-08,4.9767368333e-08,-1.2379604995e-09,-7.6720009091e-08,-2.1351944079e-08,4.4875927883e-08,-3.9818675448e-08,-1.4676536568e-08,-1.5881453431e-08,0.21750907852,0.044995986979,0.069069225406,0.076590675917
davis,ok,,30.243719094,314783194.69,689622.4841,2412883.9186,141640942.97,485524.46357,23820263.282,-3.0544538041e-09,1.5622961983e-08,-3.3425474677e-08,-5.4487646141e-08,9.5517739564e-09,7.1686653526e-09,6.3773117579e-08,6.3321680951e-08,5.0157659433e-10,1.3635474328e-07,1.5874698453e-08,6.9001656333e-08,1.9959752783e-08,1.091132511e-08,-4.9667332346e-09,0.22439454796,0.025914118165,-0.094033296779,0.043979375763
daytonwright6,ok,,31.400100393,325855270.43,1180617.0717,4144258.8956,146390479.38,766900.86088,26321631.167,-4.681369825e-09,1.2178028133e-08,-2.7075409389e-08,-7.8907171082e-08,1.2157690397e-08,1.2329397296e-08,7.151518973e-08,4.9337266057e-08,4.1781887425e-10,2.9143800304e-08,4.5968007435e-09,5.1024481033e-08,5.0283771901e-09,3.7433604193e-09,-5.4157835872e-08,0.23317655731,0.050919935932,-0.034407668172,0.084432053879
daytonwrightt1,ok,,31.475090574,326731799.23,1253559.3579,4352904.7898,147563002.89,760350.52796,26581072.026,-4.762636709e-09,1.2504707324e-08,-2.6931887789e-08,-8.1603036609e-08,1.2335728877e-08,9.559172686e-09,6.6794444447e-08,4.9500340953e-08,3.015889077e-10,-1.8545334166e-09,3.4716937706e-09,5.0671579139e-08,3.7344017161e-09,2.6318522827e-09,-5.5927911714e-08,0.23504488772,0.052148938909,0.002324767719,0.083730800894
dae51,ok,,30.02674845,319930952.52,575609.39291,2848102.3698,154054893.92,332022.95196,25079908.794,-4.0675128853e-09,1.7115818333e-08,-4.2368421342e-08,-8.7943135612e-08,9.6100149395e-09,-5.1091673548e-09,8.2305099335e-08,6.87419804e-08,-9.2006174306e-10,-1.2755524004e-07,-3.3869908433e-08,5.9812828502e-08,-5.571540727e-08,-1.7708682597e-08,-1.3478198798e-08,0.23114316322,0.028165328968,0.073421994281,0.047375588262
davis_corrected,ok,,31.049922273,326016064.3,1613096.5294,6102651.6376,150441765.49,897059.599,26517066.63,-1.3611576975e-09,9.847355934e-09,-2.5462456209e-08,-2.0243642998e-08,9.0796417045e-09,2.2024394942e-09,1.6625499616e-08,4.5824117319e-08,-2.4698738501e-10,-1.235629049e-08,-1.4010329264e-09,4.1515856451e-08,-2.1247239458e-09,-6.1752324887e-09,-1.9053987563e-08,0.23151731511,0.014206827386,0.019931889306,0.02681853573
dbln526,ok,,33.427562121,345637900.08,6115427.7645,16557449.727,152577563.59,3309570.7383,30989539.669,-1.2887093684e-09,9.2319456611e-09,-1.2217806431e-08,-9.0261625288e-09,8.0672392311e-09,-1.8335240102e-09,7.3340907675e-09,2.4791076815e-08,-3.2319426641e-16,-4.0880228033e-08,1.0609943847e-11,2.4709973526e-08,-4.2438687949e-11,-5.4943490837e-15,1.4129928228e-15,0.25000003148,0.029872724554,0.25000008153,0.044851102307
defcnd1,ok,,31.865886504,333192520.03,2682033.0228,10278613.677,150076569.8,1605345.5667,27833055.374,-1.9554008866e-09,7.1771787529e-09,-1.9332833774e-08,-2.0137913752e-08,8.5907126064e-09,1.48236118e-09,1.896933445e-08,3.377467157e-08,-2.4622741649e-10,-2.5597031901e-09,-1.4160843486e-09,3.139098722e-08,-2.1663741506e-09,-3.6829996311e-09,-1.1748318256e-08,0.22844440111,0.028030408925,0.0068652084842,0.050876381415
df101,ok,,30.316479076,320341152.12,825232.4394,3269475.5931,150768697.1,438565.75027,25234508.241,-2.0282736759e-09,1.4539849417e-08,-3.5875992048e-08,-3.8482175697e-08,9.358810782e-09,-2.9244039504e-10,3.2798450318e-08,6.4955289515e-08,-3.27193269e-10,-5.2099522807e-08,-9.6217992075e-09,5.7632351692e-08,-1.420516077e-08,-1.0448636481e-08,-1.0297710262e-08,0.23177447727,0.015830547627,0.042994216297,0.027066345164
defcnd3,ok,,30.766867931,324558748.83,853483.86113,3279494.5334,152495111.04,456536.191,26220253.257,-2.0858352043e-09,1.3419194866e-08,-3.4987135993e-08,-4.456930143e-08,9.5548502659e-09,3.4028882487e-09,3.2238932939e-08,6.3176704225e-08,-3.5511760156e-10,-1.6014390104e-08,-5.6508339232e-09,5.6522190291e-08,-8.389995279e-09,-9.2059851266e-09,-2.9812054302e-08,0.23457812891,0.017158059988,0.0136680235,0.027515408963
defcnd2,ok,,31.07032581,325946063.69,1499204.1523,5604738.0806,150008960.47,836253.55245,26475730.896,-2.3525263628e-09,1.174880939e-08,-2.6170644516e-08,-3.4993926892e-08,9.5199921044e-09,1.1017978005e-09,2.8776978331e-08,4.7567103603e-08,-3.2902810784e-10,-4.3021158473e-08,-3.1471750333e-09,4.3883237262e-08,-5.2752910125e-09,-5.5805403064e-09,-2.2189461496e-08,0.23476713926,0.02491631529,0.06449749942,0.043142565405
dga1138,ok,,30.965354475,328610540.85,374841.986,1480782.0803,156159664.17,198384.26088,26600926.655,-5.1167913233e-09,2.5954130717e-08,-5.0226678762e-08,-1.7626500878e-07,1.2856871374e-08,1.2569492351e-09,1.214333305e-07,9.0609053039e-08,-6.0576278584e-10,-2.5944636126e-07,-2.2917901289e-08,8.4894308373e-08,-3.7388377515e-08,-9.3129720487e-09,-1.0265737952e-07,0.24637119673,0.029963230325,0.097251389314,0.045518310769
dormoy,ok,,29.998881451,319564189.32,523723.84206,2295877.3646,152434476.36,283280.25659,24885093.681,-4.9600658673e-09,1.900749408e-08,-4.369125293e-08,-1.4465236991e-07,1.4589609803e-08,8.2162853321e-09,9.6876715156e-08,7.7485700239e-08,-1.1051484269e-09,-1.2769399515e-07,-1.6374189458e-08,6.8483944763e-08,-3.8673686494e-08,-1.2874630075e-08,-1.2385566343e-07,0.23631299534,0.032726717344,0.066876389749,0.050736645467
doa5,ok,,31.212026749,327157150.68,1856395.7971,6417700.9863,149824431.06,1005184.0916,26788931.484,-1.3380455545e-09,1.1710913773e-08,-2.3564403592e-08,-1.6150988992e-08,8.6841245758e-09,-2.5103900344e-09,1.1937550437e-08,4.4690217828e-08,-8.8573953572e-11,-5.2320197572e-08,-2.7498648387e-09,4.1100132819e-08,-4.1656705158e-09,-5.0922415951e-09,8.3870917034e-09,0.23626887382,0.018227944904,0.097126994874,0.022160818459
dga1182,ok,,29.928840292,321681278.55,310379.9894,1249056.2223,156096345.04,152088.25971,25082449.818,-1.2594285018e-09,2.7410582583e-08,-5.8813356666e-08,-4.6232542032e-08,9.6006148699e-09,-1.0420423643e-09,2.9035593846e-08,1.1180070953e-07,-2.8015813149e-10,-3.8404729873e-07,-1.1965179473e-08,9.1969515299e-08,-2.0852304491e-08,-2.281933466e-08,-2.0840073551e-08,0.23712903865,0.0062799026078,0.11920059651,0.0090120673101
dh4009sm,ok,,30.533168934,324406445.81,523197.5413,1891187.3719,153272922.71,265061.904,26076222.363,-5.0456869471e-11,2.4679855017e-08,-4.4645065178e-08,-3.4022412033e-09,9.3367072288e-09,3.9565427293e-10,-7.8424430717e-10,8.7230823307e-08,-4.5548557308e-12,-3.1088342619e-07,2.7931004111e-09,7.5502067937e-08,3.1771346792e-09,-1.1909393283e-08,-1.8253158149e-09,0.24342307276,0.00078403135534,0.16265344421,-0.00041031469329
df102,ok,,30.35798025,320724763.74,838133.65117,3301285.381,150977167.36,443350.1627,25334649.708,-2.0312422928e-09,1.4145809412e-08,-3.5588312781e-08,-3.9451666462e-08,9.3631785671e-09,4.6259644815e-10,3.2248803862e-08,6.4497650684e-08,-3.3660373306e-10,-4.2484132626e-08,-9.268207724e-09,5.7219703001e-08,-1.3358167328e-08,-1.0373774497e-08,-1.366920405e-08,0.23114680337,0.016090698258,0.035607381195,0.027028807726
ds21,ok,,29.306702685,313969210.77,467619.71746,2110715.9393,152450958.58,241096.19129,23744437.028,-2.2116633936e-09,1.7208978563e-08,-4.9004587858e-08,-5.6703902422e-08,9.5113312131e-09,-1.6150349787e-09,4.4540109759e-08,8.6830825695e-08,-5.2857715926e-10,-8.9423714288e-08,-2.4447781334e-08,7.0714823012e-08,-3.5421360669e-08,-2.2847992067e-08,-6.7372844044e-09,0.22365359664,0.013307842324,0.04181629201,0.020827833541
ds19,ok,,29.267544772,313756278.87,451208.32043,2078249.9284,152776695.91,234113.54008,23683337.238,-2.5109513251e-09,1.7382324238e-08,-4.9762355571e-08,-6.5276002586e-08,9.5095004195e-09,-2.1026951658e-09,5.1546280628e-08,8.7442769733e-08,-6.0219190044e-10,-9.2030366085e-08,-2.9185696191e-08,7.1089245239e-08,-4.2676894122e-08,-2.3615617879e-08,-5.4274490153e-09,0.22325198877,0.014998347754,0.04152486691,0.023258110707
drgnfly,ok,,31.746956527,331793947.53,2346035.5501,9324951.8102,148840673.85,1457059.2283,27380468.859,-2.9974405594e-09,9.2506408629e-09,-2.0570586141e-08,-3.1992840149e-08,9.3804954787e-09,8.7838359872e-11,3.141839834e-08,3.5412182989e-08,-3.4046452222e-10,-3.154304603e-08,-2.0985066215e-09,3.3504621768e-08,-3.7049600111e-09,-3.5487235137e-09,-1.7590250124e-08,0.23421265842,0.040640802168,0.074001107344,0.073708679431
du-80-141,ok,,30.692737549,325559503.35,1207963.0201,5185720.7068,153366511.72,679610.27064,26477188.74,-2.2430861948e-09,1.0693566468e-08,-3.0063669404e-08,-3.3219861886e-08,8.6952586934e-09,-2.0966992371e-09,2.7507905525e-08,5.1321442731e-08,-4.1830768249e-10,-2.53371764e-08,-1.0301898541e-08,4.2963497023e-08,-1.546883229e-08,-1.2884209817e-08,7.8072249045e-09,0.23488622984,0.023823523556,0.030606372125,0.033228532635
du861372,ok,,30.377029458,320976667.35,1271420.3043,4727236.4696,148814839.44,669378.77272,25392982.304,-1.6359907681e-12,1.3984866346e-08,-2.9311385215e-08,-8.3852071616e-10,9.1591701467e-09,3.5862567315e-10,-3.0317286473e-10,5.5328862855e-08,-8.5302422349e-12,-9.0886008927e-08,7.4707749176e-10,4.8364724954e-08,1.3283874537e-09,-9.5060175607e-09,-2.3056266235e-09,0.2325452149,0.00020239270785,0.11555431713,-0.00038546013593
e1098,ok,,30.95694209,324822611.94,2254274.9182,8562027.4376,147572029.75,1290857.7263,25980303.569,-1.9113564004e-09,9.7406783951e-09,-2.1525662054e-08,-1.9784366461e-08,8.7828804501e-09,-2.021462749e-09,1.7741458071e-08,3.9164045286e-08,-2.215243877e-10,-3.6319572914e-08,-2.8120019283e-09,3.5719848325e-08,-4.6175846673e-09,-5.4127582336e-09,3.0409385376e-09,0.23019588084,0.026442846359,0.081874302259,0.039994123943
e1200,ok,,30.941799608,324549859.6,2030274.7362,7437897.0137,148352961.59,1123186.5684,26085117.149,-2.0365712444e-09,1.0464257433e-08,-2.2643833598e-08,-2.3911127747e-08,8.8145191596e-09,-1.6625894396e-09,1.9579019105e-08,4.1982105721e-08,-2.4079988509e-10,-4.1369899322e-08,-3.0413526148e-09,3.8438903593e-08,-4.7589439327e-09,-5.4698921651e-09,-9.6391491745e-10,0.22925220393,0.026608488772,0.08399226143,0.039750787847
du84132v,ok,,30.555860136,322454808.0,1296266.984,5029693.8264,150160678.05,701376.45062,25758486.397,-2.232410133e-09,1.2291453493e-08,-2.8709604262e-08,-3.2848309317e-08,8.9010440272e-09,-2.5275644691e-09,2.6387671307e-08,5.2225724794e-08,-3.2389832328e-10,-5.3142779217e-08,-7.2058820074e-09,4.6097754339e-08,-1.0779458972e-08,-9.3120005991e-09,3.0559955739e-09,0.23108992093,0.023534460651,0.068887230136,0.0342054671
du-80-176-v1,ok,,30.838231026,324176470.8,2115736.5107,7923525.2739,148115925.42,1167341.9035,25968153.85,-1.702015309e-09,1.054898375e-08,-2.2514184662e-08,-2.0068206545e-08,8.9075620674e-09,-1.6994983453e-09,1.5146497145e-08,4.1628184042e-08,-2.606355438e-10,-5.0437725439e-08,-2.2764686433e-09,3.7069391136e-08,-3.7673303794e-09,-7.0010106526e-09,-1.0114368911e-09,0.23069730514,0.023154109608,0.10671293723,0.03204599702
e1210,ok,,31.02388553,327380911.76,1440471.0264,6754577.6845,152513300.68,877792.09153,26688939.053,-3.2099899443e-09,7.4259649319e-09,-2.682969613e-08,-4.4939424424e-08,9.264721672e-09,3.9903838281e-09,4.2365667093e-08,4.2722864665e-08,-6.6244027314e-10,2.5279066321e-08,-6.9192536433e-09,3.7606321647e-08,-1.0500149239e-08,-8.7330437235e-09,-2.1889565482e-08,0.22412558175,0.035154438764,-0.03641376261,0.061026515963
e1211,ok,,31.24179085,328873401.71,1816964.0272,8065569.5619,151757599.71,1097992.848,26981490.759,-2.469152398e-09,6.6703737608e-09,-2.388373232e-08,-2.9881405232e-08,8.582843842e-09,2.1237944768e-09,2.8418598585e-08,3.9032079537e-08,-4.3363585479e-10,2.2549547538e-08,-4.5444787917e-09,3.4523115553e-08,-6.7795065246e-09,-7.1442645811e-09,-8.6838984126e-09,0.22386854245,0.03067792203,-0.040971716705,0.05163557133
e1212,ok,,31.119624006,327663660.12,1759194.5712,7574279.975,151573357.33,1036436.1807,26772305.592,-1.8255021562e-09,6.8394923265e-09,-2.4439263753e-08,-2.313391631e-08,8.6247052262e-09,2.1006631245e-09,2.1271340289e-08,4.0773654496e-08,-3.3796708089e-10,2.4568449677e-08,-3.3095364885e-09,3.5845417304e-08,-4.8050638299e-09,-7.3285871684e-09,-1.0050081659e-08,0.22442588149,0.021641590612,-0.043220683293,0.037420426357
e1212mod,ok,,31.22076907,328593576.54,1753886.1442,7510344.827,151887968.21,1036656.1561,26990686.213,-1.3739206356e-09,6.7654224007e-09,-2.444434565e-08,-1.5957723628e-08,8.3890288378e-09,1.2566825486e-09,1.7031569336e-08,4.076258807e-08,-2.4510340481e-10,2.598091637e-08,-2.8085228844e-09,3.5890648716e-08,-4.0931329964e-09,-7.1046259799e-09,-5.046386365e-09,0.22416599883,0.015370415177,-0.045567569234,0.029871433471
e1213,ok,,31.029949483,326763832.93,1701850.4891,7166028.4156,151428052.94,983773.6977,26614564.827,-1.1730651397e-09,7.055370063e-09,-2.4958956557e-08,-1.6033397389e-08,8.6644928358e-09,2.1523228804e-09,1.407570659e-08,4.2298733908e-08,-2.4533469307e-10,2.5685797848e-08,-1.7278479264e-09,3.7030647334e-08,-2.5351905874e-09,-7.4566600598e-09,-1.2307883202e-08,0.22539977308,0.013046041845,-0.04371338763,0.023954748144
e1214,ok,,31.510834886,330254585.33,2242036.3225,8818111.6602,150633070.43,1311648.1728,27307350.567,-1.0718731852e-09,6.8599296819e-09,-2.1405577127e-08,-1.3218792641e-08,8.4978025549e-09,1.8374945458e-09,1.1047773629e-08,3.7178544987e-08,-1.7302360223e-10,1.3203642675e-08,-8.0834774469e-10,3.3749308397e-08,-1.234628154e-09,-4.8489157968e-09,-1.0938103772e-08,0.22682346827,0.014087228296,-0.029603046465,0.024769509758
e1230,ok,,31.68585671,330746526.95,2026107.7803,7195849.4897,150644491.61,1146471.4173,27555050.288,-1.9000880907e-09,9.345884497e-09,-2.2174018082e-08,-2.5050580753e-08,8.9352884269e-09,1.754820159e-09,1.9603678365e-08,4.0523824038e-08,-1.7544270332e-10,-1.1338135667e-08,-1.3768741298e-09,3.8298730535e-08,-2.1269204623e-09,-3.2385690387e-09,-1.5112572038e-08,0.23417546706,0.024670149682,0.02297228489,0.039719165258
e1233,ok,,31.619460166,330526192.79,2408413.2601,8680900.6118,149804279.54,1374837.6788,27389341.805,-2.1594727476e-09,8.702565026e-09,-2.0438607621e-08,-2.5019747374e-08,8.7267623311e-09,3.8084199761e-10,1.9434724746e-08,3.7291612776e-08,-2.1980106696e-10,-1.6434773128e-08,-1.7125588409e-09,3.4823483189e-08,-2.6587091901e-09,-3.7337884082e-09,-8.6319631951e-09,0.23085230128,0.031663136383,0.039581725529,0.046806848785
e168,ok,,30.127023205,319779888.95,906142.50788,3847801.0577,151799578.63,487856.59804,25170892.597,-1.6461480996e-16,1.1015627351e-08,-3.5106169497e-08,3.3405912429e-15,9.1171835473e-09,-6.5445511889e-15,-1.6106446654e-15,6.1309963336e-08,-1.0472785611e-15,7.7836461553e-09,-1.4683151837e-14,5.1216291865e-08,-9.4804605918e-14,-1.3667457697e-08,-1.5922310005e-15,0.22948764785,-1.8079909859e-09,-0.0070530926476,-1.4594735964e-09
e169,ok,,30.381446127,321390087.25,1194982.0276,4992666.6701,151024909.13,658240.29179,25506274.029,-9.1146388664e-17,9.609846503e-09,-3.0366007824e-08,1.1380937016e-15,8.9734500074e-09,-8.5404747488e-16,4.3395839706e-15,5.2896814185e-08,1.7374487391e-16,8.6827782881e-09,-1.2591534198e-14,4.5068704961e-08,-3.4571090913e-14,-1.0819570611e-08,4.7648754426e-16,0.22887927488,-6.7735267913e-10,-0.010375764004,5.1857248522e-09
e171,ok,,30.227755865,319770380.54,949921.63518,3682199.1177,150091619.82,503131.94034,25150136.459,-1.3666549452e-15,1.3977514479e-08,-3.3951216481e-08,-1.0831489488e-14,9.2577373548e-09,-6.529916371e-15,1.4691689445e-14,6.2462518263e-08,-3.9342979214e-15,-6.0392243424e-08,-8.9264570176e-14,5.4216720197e-08,2.8504310566e-13,-1.1089790815e-08,-1.4643898716e-14,0.23283335778,3.7341956417e-09,0.057367898626,1.3955953662e-08
e174,ok,,29.173808491,312826663.18,481957.00911,2604987.0162,152402829.7,277682.5509,23435859.474,-4.1858407286e-09,1.6826292257e-08,-4.6956565887e-08,-9.9993386258e-08,1.0138755679e-08,-3.3623831108e-09,9.1489499733e-08,7.5217910501e-08,-1.1400942517e-09,-1.1890765047e-07,-3.8013256038e-08,6.3341840547e-08,-6.7511729321e-08,-2.2602456418e-08,-2.5150457217e-08,0.22123257046,0.026222659391,0.057308375583,0.044094005657
e176,ok,,29.093907064,312127999.29,472405.75981,2463085.0556,151994141.56,264692.65355,23299892.366,-3.6911912496e-09,1.707115694e-08,-4.7948199512e-08,-9.0495618336e-08,1.0244157227e-08,-2.0259463033e-09,8.0707145427e-08,7.8827917821e-08,-1.0391292123e-09,-1.2051167263e-07,-3.5447942428e-08,6.5490565925e-08,-6.1102879116e-08,-2.3088473531e-08,-3.1237006415e-08,0.22123742648,0.022125818789,0.056930408276,0.038126520358
e178,ok,,28.991797694,311186074.59,457719.14488,2319039.1578,151607192.53,249771.04645,23111185.326,-3.1765970378e-09,1.7340043071e-08,-4.919511487e-08,-8.0700873975e-08,1.0322908182e-08,-5.7578032079e-10,7.0163719178e-08,8.2826193191e-08,-9.4314963523e-10,-1.2359965659e-07,-3.2187259942e-08,6.7834803291e-08,-5.4667041613e-08,-2.3830141187e-08,-3.8449250587e-08,0.22064096144,0.018039496232,0.056573929122,0.032115277544
e180,ok,,28.966968149,310880008.63,448329.05163,2196075.6183,151385522.5,238766.11655,23055362.957,-2.5717148423e-09,1.7581951757e-08,-5.010853681e-08,-6.7545756093e-08,1.0288373675e-08,9.6629847882e-10,5.7674650516e-08,8.6347385075e-08,-8.1897342066e-10,-1.2640065246e-07,-2.7047797057e-08,6.9937864485e-08,-4.5055524248e-08,-2.4192277487e-08,-4.5172021857e-08,0.22037805684,0.013752356428,0.056669084641,0.025857221369
e193,ok,,30.075038573,319334741.7,663334.16345,3004098.5236,151701049.16,373994.10303,24905734.97,-3.338222169e-09,1.5777935795e-08,-3.9814962193e-08,-6.8659337584e-08,9.7908634525e-09,-1.563177695e-09,6.231829026e-08,6.7609833509e-08,-6.6218546845e-10,-8.515961264e-08,-1.8951337912e-08,5.9409370442e-08,-3.1369558669e-08,-1.3755030759e-08,-2.037711636e-08,0.23080240979,0.023920670901,0.056489280411,0.041337850937
e203,ok,,30.475236448,321187117.54,1156946.3675,4591079.3004,149727126.0,638373.05558,25412684.396,-1.923139713e-09,1.2345710168e-08,-3.0306757401e-08,-2.8048292416e-08,9.0361161991e-09,-1.9964175824e-09,2.5629363809e-08,5.4369126554e-08,-2.5148060396e-10,-4.0184764137e-08,-6.7949895474e-09,4.8520110634e-08,-1.0355444793e-08,-8.6617672633e-09,4.55393251e-09,0.23170211372,0.018579018222,0.046491616898,0.02965179936
e195,ok,,30.279584522,320123130.84,886324.33444,3710522.8608,150414818.4,492371.45746,25146312.934,-2.6159667464e-09,1.4035583026e-08,-3.4592234703e-08,-4.6239176918e-08,9.490098609e-09,-9.7086987798e-10,4.1598663249e-08,6.0753542432e-08,-4.559989457e-10,-6.0790796598e-08,-1.0597116187e-08,5.3887099476e-08,-1.7034319933e-08,-1.0681018747e-08,-1.2548022954e-08,0.23144792515,0.021337729698,0.053880362335,0.036869907518
e197,ok,,30.472146715,321129258.4,1148129.9715,4564473.055,149587469.02,635275.36842,25390400.945,-2.0242086439e-09,1.2551485548e-08,-3.0400575863e-08,-3.1121795042e-08,9.2714362099e-09,-6.7454927925e-10,2.8073052786e-08,5.4471840064e-08,-3.1445015147e-10,-4.4977118669e-08,-6.0528621196e-09,4.8795085301e-08,-9.5140203436e-09,-8.4980015579e-09,-7.4343933237e-09,0.23166809598,0.01867719489,0.051639577976,0.032231513296
e201,ok,,30.280971822,320133202.38,888510.20829,3701191.5696,150482261.92,491827.46363,25156150.835,-2.5628094704e-09,1.3978473371e-08,-3.4560051946e-08,-4.4528340966e-08,9.3235471185e-09,-1.6906612539e-09,4.0080777568e-08,6.0879208575e-08,-4.1959896742e-10,-5.8246505278e-08,-1.1081883847e-08,5.3901822214e-08,-1.7520711694e-08,-1.0758742363e-08,-5.5012870594e-09,0.23151200279,0.021274021509,0.051752614537,0.035612180025
e205,ok,,30.192339855,320168587.36,684226.96275,2952187.0942,151739051.28,377364.51768,25114307.289,-2.7524462741e-09,1.5069553708e-08,-3.938690523e-08,-5.9081820278e-08,9.9996937383e-09,1.8282740101e-09,5.0783443973e-08,6.834705604e-08,-5.7456398282e-10,-5.5791224238e-08,-1.2680454796e-08,5.9916192797e-08,-2.0686504692e-08,-1.2732392104e-08,-3.4039684838e-08,0.2320333579,0.019318065178,0.038173859908,0.034747401628
e209,ok,,30.54714956,321687700.02,1162945.4222,4507397.7784,149847919.61,635665.79292,25541910.362,-1.4823324118e-09,1.2118948176e-08,-3.0221612279e-08,-2.317267312e-08,9.1573327561e-09,-2.6541767372e-10,1.9809336468e-08,5.4716424141e-08,-2.1194715749e-10,-3.0663708068e-08,-4.257645099e-09,4.8998745471e-08,-6.4813361696e-09,-8.1159913968e-09,-4.4033216138e-09,0.23223721264,0.0140801473,0.035660218925,0.023037177162
e210,ok,,30.676534132,323097415.81,1151592.8603,4763768.4011,150562399.64,656443.48117,25806040.742,-2.976643429e-09,1.1993470244e-08,-2.9995155022e-08,-4.4826960029e-08,8.9388661925e-09,-2.113674122e-09,4.0189473838e-08,5.2183577801e-08,-3.9591006235e-10,-3.3738134342e-08,-9.1307961293e-09,4.7122140559e-08,-1.4330290614e-08,-8.3081684522e-09,2.0391587984e-09,0.23222481334,0.02973727476,0.038852594629,0.046281911131
e211,ok,,30.240513619,319950452.24,773245.39799,3109341.4897,150958302.43,415134.5923,25127108.053,-2.3905478086e-09,1.5570820532e-08,-3.7065493548e-08,-4.3728147971e-08,8.9640019189e-09,-4.5876154757e-09,3.6848251236e-08,6.7057440516e-08,-2.945642513e-10,-7.634558828e-08,-1.3760672144e-08,5.8929348829e-08,-2.092854947e-08,-1.1779651525e-08,1.6117807385e-08,0.23258107203,0.019710177943,0.059033874795,0.028492740692
e207,ok,,30.367727781,320766060.2,901592.33618,3638698.3224,150596582.34,492165.93174,25315348.962,-2.0619300311e-09,1.3551063773e-08,-3.4369785702e-08,-3.7921484119e-08,9.4862373222e-09,6.7834722867e-10,3.2227568659e-08,6.1335965725e-08,-3.6433135065e-10,-4.1515779456e-08,-7.2341466053e-09,5.43543808e-08,-1.1355981977e-08,-1.0101285332e-08,-1.6552613608e-08,0.23231042163,0.016772250216,0.037430308588,0.029056128917
e224,ok,,29.857680093,317055122.28,673073.5934,2757781.8282,150675401.96,351293.54466,24482776.865,-1.7587221533e-09,1.5833253525e-08,-4.0304101245e-08,-3.5835841099e-08,9.3104711983e-09,-2.1257825776e-09,2.9578355755e-08,7.3287593345e-08,-2.893358252e-10,-7.3508981199e-08,-1.2435841776e-08,6.2806023633e-08,-1.8533646324e-08,-1.4417703965e-08,3.1565666058e-09,0.22891879373,0.012842759476,0.049476954123,0.019908410195
e221,ok,,29.872252882,318314926.07,551438.72953,2358883.0772,152479187.56,289879.71954,24695811.817,-1.841033535e-09,1.6196613534e-08,-4.4593926424e-08,-4.826625388e-08,1.0030178586e-08,4.4076839785e-09,3.7957174873e-08,7.9280728145e-08,-5.4631849166e-10,-6.0383490066e-08,-9.2717557863e-09,6.6733846966e-08,-1.5606767763e-08,-1.6841681941e-08,-5.0565518961e-08,0.23017767625,0.010619791849,0.033297795047,0.020931056289
e220,ok,,30.347380115,320438554.08,877127.49165,3475612.3883,150065973.79,475973.2064,25227665.989,-1.9384244846e-09,1.5066731081e-08,-3.4828275643e-08,-3.8057655159e-08,9.8849278966e-09,2.2052872451e-09,3.2607090352e-08,6.3058003313e-08,-4.1315235616e-10,-7.9852995875e-08,-5.3590168557e-09,5.6225589054e-08,-9.4478866397e-09,-9.7633155227e-09,-3.5797343247e-08,0.23294101233,0.014149629034,0.070041257973,0.02860057537
e222,ok,,29.908265702,317405721.71,673853.72731,2833371.733,150958055.67,357954.11415,24547009.791,-2.4885177393e-09,1.585972594e-08,-4.0013232504e-08,-4.9722140334e-08,9.1361787374e-09,-3.8620978096e-09,4.1847240062e-08,7.1646960036e-08,-3.8979630557e-10,-7.7161353548e-08,-1.7387848966e-08,6.175663157e-08,-2.6366109511e-08,-1.4426951585e-08,1.0683680357e-08,0.22893017294,0.018674012033,0.051995465692,0.028198918693
e214,ok,,30.244791021,320098505.16,794989.19843,3476947.4902,151315731.72,447252.52543,25127897.341,-3.5870255413e-09,1.5131431774e-08,-3.6136213748e-08,-6.4415997549e-08,8.8381039846e-09,-5.7485029745e-09,5.7554009632e-08,6.2360272327e-08,-5.4382276892e-10,-8.2102332458e-08,-1.894499847e-08,5.5278383783e-08,-3.0704988805e-08,-1.2305968163e-08,1.2559633353e-08,0.23116825805,0.030109732792,0.06527046747,0.045754815984
e226,ok,,29.881854769,317320911.72,677817.10738,2718123.6693,150686641.73,349666.37748,24555149.288,-9.9004364596e-10,1.5736866772e-08,-4.0308711611e-08,-2.0833664563e-08,9.3669911901e-09,-3.7437758568e-10,1.7014899107e-08,7.4046800931e-08,-1.874629216e-10,-6.9190475109e-08,-6.8055196856e-09,6.3270415489e-08,-9.9815899149e-09,-1.4291011157e-08,-4.6040299658e-09,0.22918369282,0.0069158932219,0.046898487696,0.011532989695
e228,ok,,29.831579138,316852695.25,660608.69374,2639600.1891,150584660.21,338457.5742,24448326.155,-2.3226807794e-10,1.5887174071e-08,-4.094223315e-08,-6.1704514716e-09,9.4002007528e-09,1.3554534712e-09,5.0066342939e-09,7.5560524232e-08,-9.3147010477e-11,-6.9039044222e-08,-1.008578683e-09,6.4302567205e-08,-1.6282128546e-09,-1.4623751594e-08,-1.2904095356e-08,0.22915586133,0.0010876214144,0.045607792821,0.0033074261409
e230,ok,,29.843409313,316888430.55,644296.76198,2583469.8518,150791259.18,330016.60864,24451707.586,6.0759194654e-10,1.5976304624e-08,-4.1427094147e-08,1.0749682341e-08,9.2790665616e-09,3.1521068343e-09,-8.5997420742e-09,7.6397559174e-08,1.6479827002e-11,-6.8450471381e-08,5.743877634e-09,6.4886221201e-08,8.0912673507e-09,-1.4946165578e-08,-2.1373313134e-08,0.22873159061,-0.0051612033451,0.044102417066,-0.0055407859722
e266,ok,,31.04632146,325577219.24,2057715.7174,7355803.208,148311803.62,1136648.902,26307336.459,-1.6436083941e-09,1.1378737194e-08,-2.2493747956e-08,-2.0764551197e-08,9.1843804652e-09,-4.0499683569e-10,1.6224426111e-08,4.2193706672e-08,-2.3137233752e-10,-5.6608729219e-08,-1.4050955111e-09,3.8745248109e-08,-2.5743941737e-09,-5.0995364001e-09,-1.1318113195e-08,0.23454730305,0.020588180598,0.11648467186,0.033385256614
e231,ok,,30.549028432,320987695.71,1148320.3178,4085750.7385,148545020.75,603274.06464,25397888.859,-1.8491471527e-09,1.602796256e-08,-3.0122555049e-08,-3.208173735e-08,9.5890640013e-09,-7.3074348017e-10,2.4823400347e-08,5.7722677623e-08,-2.5432139269e-10,-1.1608839809e-07,-3.2067396222e-09,5.3080236163e-08,-6.1944550679e-09,-6.4148596605e-09,-1.9183051539e-08,0.23407908467,0.016647451798,0.13330666619,0.028505214975
e297,ok,,29.853761763,315708338.18,911103.87399,3429287.7658,147765102.54,466985.43375,24240008.556,-1.3536939174e-15,1.6431304307e-08,-3.4735439658e-08,-1.8486508774e-14,9.418243767e-09,-3.6416202477e-14,-4.3615888177e-14,6.6434487282e-08,-9.9676122931e-15,-1.2192399222e-07,-3.1238731152e-14,5.8190396621e-08,5.4470202375e-13,-1.0872729299e-08,-5.0391551242e-15,0.2282983095,8.0956959875e-09,0.11108542165,-3.9738604686e-08
e325,ok,,30.678274359,322500390.33,1137355.9408,4095652.919,149610021.31,599084.47008,25746159.269,-4.1650947634e-10,1.4211361185e-08,-3.0455617178e-08,-1.695249779e-08,9.6176773229e-09,6.6043648001e-09,5.7489468066e-09,5.7631750139e-08,-2.2265478905e-10,-7.1593890881e-08,4.8873227559e-09,5.2042304325e-08,5.6500975995e-09,-7.1026709625e-09,-5.0942021415e-08,0.23406171048,0.0030156269759,0.081427737118,0.0065385988038
e330,ok,,30.533385318,321927605.7,826578.93898,3094380.2507,150617041.67,434113.72801,25560789.072,-1.0260885597e-09,1.5475376236e-08,-3.5765148944e-08,-3.2868348684e-08,1.0259624866e-08,9.1359800484e-09,1.7901874291e-08,6.67668633e-08,-3.7220234556e-10,-7.0148994397e-08,6.3579385728e-09,5.9487707888e-08,5.7585051382e-09,-8.8001989139e-09,-7.6553568713e-08,0.2340287699,0.00649844321,0.057983681359,0.014797312257
e331,ok,,30.568441327,322176254.01,861962.29089,3247444.3432,150546988.55,456385.92421,25620568.659,-1.5221099686e-09,1.5007132611e-08,-3.4977418415e-08,-4.0388295435e-08,1.0439468505e-08,8.0101218401e-09,2.5077987152e-08,6.4884026451e-08,-4.1171514273e-10,-6.4629343958e-08,3.604275755e-09,5.8058365326e-08,2.1004551553e-09,-8.4913615693e-09,-7.1212625456e-08,0.23354664662,0.010853966341,0.055708057376,0.021616279256
e327,ok,,30.732254059,322942367.36,1210832.6907,4384847.0772,149552408.21,643701.80963,25841188.049,-1.2782397721e-09,1.3500303143e-08,-2.9477370668e-08,-2.8555197604e-08,9.8568401461e-09,4.9098955591e-09,1.6500176345e-08,5.5430980733e-08,-2.9774839527e-10,-6.2185657347e-08,1.8545830722e-09,5.0237280065e-08,1.3292015861e-09,-6.7806579233e-09,-4.4923951926e-08,0.23315550277,0.011648726663,0.075296426806,0.01997895292
e329,ok,,30.821720854,323825467.2,1278342.1759,4715918.5796,149728982.09,691545.48446,26026034.443,-2.0943536658e-09,1.2876780611e-08,-2.8577002832e-08,-3.888440492e-08,1.0014739941e-08,3.4734458284e-09,2.6304426495e-08,5.3000126916e-08,-3.7335633042e-10,-5.5756596393e-08,-6.5681535482e-10,4.8220955431e-08,-2.3455026904e-09,-6.5555599884e-09,-3.9823334842e-08,0.23257041492,0.020501413589,0.071276008751,0.0336260578
e328,ok,,30.771491652,323296488.9,1246778.3279,4548721.7259,149583084.99,667915.32975,25913803.315,-1.681213529e-09,1.3170160831e-08,-2.8998783401e-08,-3.3628312087e-08,9.9318082304e-09,4.1384813489e-09,2.1359612174e-08,5.4220034893e-08,-3.3208740807e-10,-5.8494016064e-08,5.5082750184e-10,4.9247380883e-08,-5.5830605893e-10,-6.6275263989e-09,-4.1978422833e-08,0.23272968091,0.015948462847,0.072929071538,0.02663070155
e326,ok,,30.700022883,322675971.19,1174049.6373,4233905.6454,149563186.32,620601.09018,25785247.295,-8.5663454102e-10,1.3842730503e-08,-2.99671034e-08,-2.3003103351e-08,9.7514431413e-09,5.7280152802e-09,1.1309557583e-08,5.6581299527e-08,-2.6185448749e-10,-6.6507646442e-08,3.3141986287e-09,5.116479719e-08,3.3840593943e-09,-6.9461974026e-09,-4.7915659951e-08,0.23357740126,0.0073366277633,0.07808327818,0.013277981978
e332,ok,,30.615126984,322524679.55,900108.38578,3423090.6963,150509338.24,481632.68891,25698767.334,-1.9785805789e-09,1.45825996e-08,-3.4151023505e-08,-4.6749143048e-08,1.0567054846e-08,6.9116936387e-09,3.1420418743e-08,6.2839151988e-08,-4.4426718558e-10,-6.0619686212e-08,1.2424424319e-09,5.651119287e-08,-1.0440972467e-09,-8.159065157e-09,-6.5757749851e-08,0.23323291053,0.015144674142,0.054564287903,0.028281782395
e333,ok,,30.657955523,322885950.63,932676.10925,3602115.9037,150508775.97,505644.59228,25773510.304,-2.4458475146e-09,1.4190855734e-08,-3.3445881382e-08,-5.335074963e-08,1.0711531292e-08,6.0007873798e-09,3.7883391754e-08,6.0905686259e-08,-4.8431683138e-10,-5.765007785e-08,-6.8574169855e-10,5.499781274e-08,-3.933537878e-09,-7.8904955279e-09,-6.1863131038e-08,0.23278577016,0.019714499235,0.053768850307,0.035332934427
e334,ok,,30.692720035,323211607.39,956749.52047,3772974.9445,150547405.88,526828.20119,25834627.012,-2.8767466897e-09,1.3859422261e-08,-3.2922294762e-08,-5.908812088e-08,1.080060464e-08,5.0587083302e-09,4.3990850279e-08,5.914714795e-08,-5.2462418328e-10,-5.5776870765e-08,-2.4790174874e-09,5.3624885943e-08,-6.4948133343e-09,-7.7800548803e-09,-5.7817697017e-08,0.23226728467,0.024077254764,0.053364494358,0.04208822491
e336,ok,,30.829557231,323671884.47,1146657.1231,4152335.6027,149895092.04,611702.14651,25990369.36,-1.3753927054e-09,1.3579348952e-08,-3.0131430412e-08,-3.2102378005e-08,1.0116440421e-08,6.5611354093e-09,1.9520242225e-08,5.6442944463e-08,-3.1550826424e-10,-5.5480375938e-08,2.401537553e-09,5.1542591955e-08,1.8108150457e-09,-6.233291911e-09,-5.6419616969e-08,0.23381372322,0.01158185922,0.063616968259,0.022383024791
e337,ok,,30.872766483,324045108.03,1189915.6036,4345833.2627,149890009.85,640561.89368,26067042.209,-1.7862956224e-09,1.3204204311e-08,-2.9526725803e-08,-3.7241486482e-08,1.0227753127e-08,5.7595803401e-09,2.4534017185e-08,5.4943549695e-08,-3.4480282058e-10,-5.2031702934e-08,1.0762077781e-09,5.0311846878e-08,-4.9164584247e-11,-6.0383794034e-09,-5.2952619147e-08,0.23336427642,0.01595874022,0.061913335204,0.029193409868
e335,ok,,30.795878375,323396500.48,1105362.8416,3982555.6993,149930024.09,585795.48284,25931135.451,-9.5230094251e-10,1.3951057577e-08,-3.0717652384e-08,-2.6550933737e-08,9.9837191323e-09,7.4365181839e-09,1.4208600035e-08,5.7819074499e-08,-2.8503311969e-10,-5.9282810854e-08,3.9176641231e-09,5.2665203923e-08,3.8633046779e-09,-6.4074506481e-09,-6.0196491413e-08,0.23428106833,0.0073013038109,0.065529016262,0.01570565851
e338,ok,,30.906386808,324364011.08,1222326.1172,4524317.2493,149885994.72,665311.18107,26125321.319,-2.1933249868e-09,1.2897580727e-08,-2.9075051567e-08,-4.2313856634e-08,1.0336030497e-08,5.0277328754e-09,2.9529676361e-08,5.3634374094e-08,-3.7755317181e-10,-4.9826798196e-08,-9.2449237684e-11,4.922729751e-08,-1.7612654469e-09,-5.9243740863e-09,-5.0119624737e-08,0.23286183269,0.020410384603,0.060904596772,0.036094894648
e339,ok,,30.96121524,324880308.55,1261526.6201,4733713.6862,149951080.09,695149.4238,26227466.09,-2.5518010163e-09,1.2577013179e-08,-2.8548374395e-08,-4.619682697e-08,1.036623794e-08,4.2416764076e-09,3.3792992424e-08,5.2145589361e-08,-4.032334928e-10,-4.7741209007e-08,-1.1600311685e-09,4.800756424e-08,-3.2300987317e-09,-5.8015880562e-09,-4.6521449599e-08,0.23240454915,0.024624366948,0.06022680604,0.042630759518
e343,ok,,31.117954163,325789382.64,1445014.2492,5244530.2905,149655883.88,794759.71753,26428342.134,-2.0970577342e-09,1.1895629375e-08,-2.6586505035e-08,-3.7279431453e-08,1.0147765012e-08,4.8029695762e-09,2.6191606746e-08,4.9167405629e-08,-3.1374484468e-10,-3.9758407045e-08,-2.6807365083e-11,4.5716564881e-08,-1.1242256543e-09,-4.6769825308e-09,-4.4907496934e-08,0.23267226464,0.021352041595,0.057451464705,0.037847244957
e344,ok,,31.127826712,326113971.36,1493909.911,5515128.3045,149740940.39,828494.68426,26491787.907,-2.4289264628e-09,1.1587064151e-08,-2.6163669271e-08,-4.0546534864e-08,1.0172584614e-08,4.017294676e-09,2.9600801786e-08,4.7928457508e-08,-3.6109889862e-10,-3.9671052485e-08,-7.7510337218e-10,4.4401298565e-08,-2.1872440723e-09,-4.9655854944e-09,-4.1772588184e-08,0.23198174402,0.02559576646,0.059264978486,0.044220931161
e360,ok,,30.572038932,322008336.57,1044046.4824,3775859.0487,150060358.88,546083.92499,25667461.484,-1.0328895633e-09,1.452181354e-08,-3.1910103155e-08,-2.2548784228e-08,9.4262494794e-09,2.5855096717e-09,1.407044582e-08,6.0235525427e-08,-2.2335949952e-10,-7.201514179e-08,-1.306363681e-10,5.4087880418e-08,-9.1355618307e-10,-8.2873041374e-09,-2.6995446171e-08,0.23336205986,0.0088753277961,0.075187155469,0.014690199464
e361,ok,,30.524804111,321789028.02,1008559.6931,3708278.8074,150215799.75,529437.45343,25611854.968,-1.1174954869e-09,1.439310334e-08,-3.2533935789e-08,-2.4633228581e-08,9.5120276273e-09,3.1413107271e-09,1.6017083486e-08,6.0950424016e-08,-2.638892839e-10,-6.7999757688e-08,-2.8828894094e-10,5.4409143384e-08,-1.2028772651e-09,-8.8429184966e-09,-3.1745207658e-08,0.2329467355,0.0091292283102,0.068581814745,0.016154184805
e374,ok,,30.434060555,321337281.79,809734.68017,3076622.091,150510576.38,430055.29453,25436826.033,-1.8884847282e-09,1.6781072476e-08,-3.606092069e-08,-3.7728216715e-08,9.6143849076e-09,-1.5419313194e-10,3.1298218962e-08,6.6844925043e-08,-3.1701148926e-10,-1.0742890476e-07,-5.9912791753e-09,5.9930755855e-08,-1.0698735491e-08,-9.4382296288e-09,-2.1199232505e-08,0.23578945138,0.014076754374,0.086988909834,0.025343253321
e387,ok,,29.284234197,313729767.38,498742.11897,2644116.2224,152433842.76,286549.28952,23637981.492,-4.0744591367e-09,1.6623842285e-08,-4.6185376846e-08,-9.5986053684e-08,1.013739052e-08,-2.8447192021e-09,8.7584495604e-08,7.4399341906e-08,-1.090001106e-09,-1.1204050296e-07,-3.5433837292e-08,6.2806119548e-08,-6.2304975043e-08,-2.1643899173e-08,-2.616811774e-08,0.2226004399,0.025837046631,0.055879317857,0.043682076927
e397,ok,,30.453377143,321179794.09,1209010.5749,5399955.5245,149830778.67,710601.08328,25307388.542,-3.5556703989e-09,1.2063749949e-08,-2.9272749477e-08,-4.8099989586e-08,8.5440315335e-09,-5.3249776737e-09,4.8084884865e-08,4.9306432815e-08,-5.2413030698e-10,-5.46971188e-08,-1.2071707182e-08,4.4304144138e-08,-2.0057623199e-08,-9.5580505116e-09,1.4368586061e-08,0.22863281634,0.036518239332,0.066129395045,0.058135134294
e392,ok,,29.498321744,314395580.41,629976.39506,3096670.534,150855347.95,358013.63257,23831856.127,-3.7609295936e-09,1.5387488258e-08,-4.1201178144e-08,-7.7345876138e-08,9.5845324192e-09,-3.667398406e-09,6.9870741212e-08,6.856194221e-08,-8.4689995362e-10,-9.0419045313e-08,-2.5270757583e-08,5.8695408331e-08,-4.3432539446e-08,-1.7616908177e-08,-7.9838115686e-09,0.22314658599,0.027053279605,0.056961864211,0.044016917669
e398,ok,,30.466313215,321340233.12,1279557.7601,5758624.9394,149795820.17,756523.61972,25328562.465,-3.4954347679e-09,1.1153053876e-08,-2.8516878525e-08,-4.6801909525e-08,8.6748878452e-09,-3.7610567301e-09,4.6038820695e-08,4.7720451811e-08,-5.5163875391e-10,-3.9960938885e-08,-1.0864694411e-08,4.2725098737e-08,-1.7933268638e-08,-9.444362346e-09,8.5339846194e-09,0.22736629295,0.036876247852,0.05113232945,0.058909330284
e420,ok,,31.814360131,334372152.34,1226560.0063,8098444.9866,152897379.24,981536.32292,27775807.81,-6.0749270383e-09,8.8077340078e-09,-2.7248736544e-08,-7.7136952706e-08,9.2951988074e-09,-1.0104724753e-09,1.0133221495e-07,3.4003384034e-08,-8.762514538e-10,-2.0023430922e-08,-9.4198183247e-09,3.3484052921e-08,-1.9825663348e-08,-6.4663693074e-09,-1.3970561583e-08,0.22875148034,0.072590092658,0.024559939557,0.1242900422
e421,ok,,31.512262887,331218168.56,1240906.1377,7062741.9133,152360602.3,891570.23034,27256036.102,-5.2020873319e-09,8.8465745983e-09,-2.7689979451e-08,-6.9737300469e-08,9.5413382763e-09,1.5486364442e-09,8.1908475286e-08,3.8427868244e-08,-7.4826264191e-10,-4.3981034466e-09,-9.1884545416e-09,3.6661056114e-08,-1.6968725703e-08,-6.5553162203e-09,-1.8418237287e-08,0.22877383407,0.058435266007,0.0054576335613,0.10164072972
e422,ok,,31.238062125,328638618.32,1125097.5794,5937070.3296,152299186.39,756102.41533,26808177.959,-4.6292891926e-09,9.1665984965e-09,-2.950760328e-08,-6.9204286075e-08,1.0192435039e-08,4.3091590104e-09,7.4878600219e-08,4.3292655362e-08,-7.1151828927e-10,9.2544695843e-09,-9.1817218467e-09,4.0517275328e-08,-1.5873840329e-08,-7.0791083443e-09,-3.1218463189e-08,0.2292920975,0.046940164073,-0.010412181327,0.084245731852
e426,ok,,29.682607481,316794745.5,709241.9476,3244200.8616,152931385.22,375424.11336,24525507.384,-7.1617409553e-10,1.0596246229e-08,-4.0165009302e-08,-1.4589202582e-08,9.1013542171e-09,2.7705052126e-10,1.1802434568e-08,6.8662925166e-08,-1.7171914038e-10,3.9680404217e-08,-5.5450577225e-09,5.4814857027e-08,-7.640656779e-09,-1.8711855845e-08,-6.3545974993e-10,0.2231299561,0.0054239073325,-0.028143007168,0.0083707816797
e423,ok,,31.577035421,332303526.8,1008523.0312,6882715.8615,153244133.13,807764.08948,27378534.677,-6.2593192292e-09,1.0482601719e-08,-2.9964408939e-08,-8.6920967808e-08,9.1584675464e-09,-4.5492289745e-09,1.1575050402e-07,3.6813217131e-08,-9.145474428e-10,-4.7567603749e-08,-1.1953091284e-08,3.655320252e-08,-2.6139522961e-08,-7.3421395769e-09,-1.0228782853e-08,0.23106507715,0.068307279593,0.04797302392,0.11673704918
e428,ok,,29.682063832,316744226.7,731180.47994,3366709.0078,152874404.71,389084.06913,24518754.269,-5.4418906182e-10,1.0198248307e-08,-3.9582386434e-08,-1.0354864982e-08,9.0794047844e-09,-1.058023497e-10,8.7838765597e-09,6.7332719501e-08,-1.1310121758e-10,4.4460446663e-08,-4.8956052862e-09,5.3701622367e-08,-6.7028907427e-09,-1.8448694242e-08,2.885334569e-09,0.22290043441,0.0042791549167,-0.032508610729,0.0064225990786
e433,ok,,30.725877126,322531549.39,1472428.9888,5428492.1437,148426478.75,804859.13695,25693161.341,-2.7338676398e-09,1.3670664925e-08,-2.648104627e-08,-3.7799709064e-08,9.0793815256e-09,-4.033673141e-09,3.1000774237e-08,4.9459498194e-08,-3.024508769e-10,-8.5196372261e-08,-5.0433925005e-09,4.5593529741e-08,-8.6772382141e-09,-6.1171027749e-09,-9.4528783583e-10,0.23253896772,0.030246538165,0.12544560826,0.045646438663
e432,ok,,30.820518101,323499135.0,1743157.2737,6625505.9288,148292999.69,978011.01374,25835597.543,-2.6400299581e-09,1.1292993599e-08,-2.4415304478e-08,-3.4591976853e-08,9.2418298296e-09,-1.2975760275e-09,2.8191733457e-08,4.4567705602e-08,-3.6031482504e-10,-5.0820629336e-08,-3.5397677646e-09,4.082944326e-08,-6.0353580185e-09,-5.9674905484e-09,-1.0413642504e-08,0.2296403792,0.031495921743,0.088588349681,0.049142625233
e434,ok,,30.632861338,321984630.36,1281622.9,4938573.7593,148696020.36,710512.61764,25551609.974,-2.9911059775e-09,1.3960555867e-08,-2.8395006302e-08,-4.6043110741e-08,9.6312523756e-09,-2.2266812377e-09,3.8308851578e-08,5.1828629678e-08,-4.1287099496e-10,-8.7454954105e-08,-5.3165859192e-09,4.7667722473e-08,-9.706246813e-09,-6.728803652e-09,-1.7211132387e-08,0.23166934563,0.029885787748,0.1120842719,0.049097501457
e431,ok,,30.777727797,323017941.09,1623709.7463,6065218.0628,148281557.86,899886.9208,25764674.676,-2.6963327935e-09,1.2502777876e-08,-2.524913592e-08,-3.5827969093e-08,9.1513845676e-09,-2.8066153238e-09,2.9532510717e-08,4.6668646849e-08,-3.2838534538e-10,-6.8678794017e-08,-4.2462039894e-09,4.2950780536e-08,-7.2953609545e-09,-5.9569385323e-09,-5.3227953564e-09,0.23135529045,0.031133689038,0.11151442721,0.047952225484
e472,ok,,30.946211069,325956308.61,882949.59436,3487818.7812,153224854.27,474876.80961,26545210.233,-1.1491692959e-17,1.0724126758e-08,-3.4371683942e-08,1.0118029456e-15,8.7983362492e-09,3.5228405432e-16,-7.2359098158e-15,6.0559215312e-08,-7.1607101889e-16,5.4396788265e-08,6.6155233987e-14,5.4071034237e-08,2.1790014343e-13,-8.4005613898e-09,2.0997001725e-14,0.23355368544,1.8482795182e-09,-0.048029622133,-6.3889436367e-09
e435,ok,,30.795224829,323395423.2,1761903.859,6769352.9944,148354911.1,993456.2433,25798372.363,-2.7213917266e-09,1.131099485e-08,-2.4276353736e-08,-3.2791241264e-08,8.7598246846e-09,-3.5369638824e-09,2.8207177806e-08,4.4145611875e-08,-3.1920373215e-10,-5.2332394108e-08,-5.0628620879e-09,4.0292270419e-08,-8.3417522266e-09,-6.3550775387e-09,4.9625504446e-09,0.23015415701,0.033712193248,0.092204647128,0.049698335427
e475,ok,,31.113374282,325770783.49,1548133.3423,5517238.3517,150292604.89,825135.65159,26532141.441,-2.3291745373e-16,1.0254147192e-08,-2.5774714043e-08,1.9966307433e-15,8.6945004504e-09,-2.7458682409e-15,3.131789545e-15,4.7913980834e-08,-6.8257707631e-16,-6.6881681562e-09,1.9581995175e-14,4.4276529029e-08,3.4866631722e-14,-4.8403460829e-09,1.0591414601e-14,0.23068371571,3.685353954e-10,0.010354176122,4.8484278158e-09
e473,ok,,31.309792276,328104652.94,1520457.3464,5845814.3533,151568321.07,852457.28171,27017066.52,-6.1942229486e-16,8.5003333216e-09,-2.598684093e-08,-1.7631635196e-15,8.5738336251e-09,5.0283511458e-16,1.1499828844e-14,4.5844299103e-08,-9.3374386695e-16,2.6142859385e-08,-2.3993930681e-14,4.1920753455e-08,6.1661735817e-15,-5.2655502078e-09,-6.6272764615e-15,0.23163983338,1.943792737e-10,-0.039749102609,1.7484999248e-08
e474,ok,,30.88133595,324348592.88,1257359.8327,4778048.9113,150871038.96,676560.27768,26195142.031,-7.6525746846e-17,1.0043898575e-08,-2.8842899219e-08,9.2859285072e-16,8.7688562082e-09,-2.9298518401e-16,5.0362583419e-16,5.208729698e-08,-2.836371829e-16,1.4335503007e-08,-4.2815360859e-14,4.7091014337e-08,-4.6674563148e-14,-6.6389400483e-09,-5.7400267326e-15,0.22970143383,-1.5202886014e-09,-0.018024885662,6.3323889463e-10
e476,ok,,30.918147887,324278250.97,1903506.2499,6821697.4931,148772461.44,1034409.5733,26101881.186,-2.5079792149e-16,1.0367846037e-08,-2.3500961414e-08,-3.0061964365e-15,8.8662648056e-09,3.1196771855e-15,-3.7186092686e-15,4.3963466629e-08,-6.7163718722e-16,-3.1489823787e-08,4.8721103709e-14,4.0070616485e-08,-4.310577464e-15,-5.4476475601e-09,-1.4554219223e-15,0.23142619052,2.761225695e-09,0.059941076387,-7.0783959838e-09
e477,ok,,30.713943589,322870151.09,1559048.329,5761336.1545,149246492.92,842694.75226,25826642.762,2.1250632678e-16,1.0888565793e-08,-2.6138378558e-08,-4.1255256876e-15,8.9556520495e-09,3.1467315106e-15,-1.57613001e-14,4.835352959e-08,-7.1536542828e-16,-2.9636371029e-08,-1.4218295618e-14,4.3426964667e-08,1.6678654319e-14,-6.8261903991e-09,-1.0990755158e-14,0.23129442618,1.334344174e-09,0.046204534731,-2.4572628584e-08
e49,ok,,30.987182945,327927282.01,423985.39186,2592166.1662,152943215.52,301603.93773,26201078.368,-7.993548041e-09,2.506741587e-08,-4.3652403628e-08,-2.0952422368e-07,1.2035645655e-08,-3.7423846109e-08,2.131250428e-07,6.1103709454e-08,-4.6518951774e-10,-4.7044488952e-07,-1.1793598846e-08,6.3114338678e-08,-6.316396984e-08,-4.3410772257e-09,-4.4456384474e-08,0.24168160977,0.059963718416,0.19946176084,0.090361904786
e502,ok,,30.807582006,323049767.57,1701660.6207,5942651.3254,147931517.14,917917.83111,25807995.612,-8.4734417626e-10,1.3146846782e-08,-2.4805908184e-08,-1.2715448015e-08,9.2430347885e-09,3.0092311235e-10,9.1927071158e-09,4.7513630151e-08,-1.3017114907e-10,-7.6975902371e-08,-5.1861266833e-10,4.3730031938e-08,-1.2019067982e-09,-5.2784935809e-09,-1.079827287e-08,0.23526719803,0.0093407367578,0.13098686181,0.015642867697
e521,ok,,30.161440279,318015853.51,1334121.0668,4994078.1992,147648436.97,701691.87452,24754529.645,4.7146638208e-15,1.2784896871e-08,-2.8637690751e-08,5.895520038e-14,9.1907817161e-09,-1.4948431845e-13,-2.6552256098e-13,5.3937904921e-08,6.2584623426e-15,-6.4566708139e-08,7.0528545913e-13,4.7684300586e-08,1.1519637468e-12,-8.7356602098e-09,1.2899706508e-12,0.22751347845,1.6456815283e-07,0.086139805541,-3.5423924231e-07
e478,ok,,30.823027209,324606385.41,1464538.1807,5860492.0397,151072255.2,814191.36512,26219777.82,-2.3090820417e-15,8.6758718358e-09,-2.7019592178e-08,-1.2275658666e-14,8.7218511162e-09,6.7884200183e-14,1.0791070851e-13,4.7429043388e-08,5.5085512431e-15,1.4544674389e-08,-1.9252727522e-13,4.1686156236e-08,-5.6011015933e-13,-7.901948675e-09,-3.3083264773e-13,0.22868499845,-5.1604104036e-08,-0.021301230969,1.5803935273e-07
e520,ok,,30.194994792,318395154.38,1514859.7774,5797339.3976,147464535.69,812852.72962,24795520.328,4.1822996896e-14,1.1426534915e-08,-2.6923361084e-08,7.8215752697e-13,9.1238336491e-09,-2.657259315e-13,-6.8341952258e-13,4.9963950651e-08,1.6199182935e-14,-4.8207974745e-08,5.3333385569e-13,4.397539639e-08,8.4239003538e-13,-8.5463162348e-09,2.4613549718e-12,0.22623020268,-1.8315579163e-07,0.073028321893,-1.0352847459e-06
e479,ok,,30.89522957,325154536.17,1620508.5775,6472830.5115,150798725.57,908264.1126,26312799.162,-1.8881157807e-15,8.2310463544e-09,-2.5644908354e-08,-6.1926544953e-15,8.6581016595e-09,-1.9348765592e-14,-9.455666243e-16,4.4972876353e-08,-8.323081194e-15,1.2949665432e-08,-2.5243363883e-14,3.965163736e-08,1.1599317422e-13,-7.3639860369e-09,-9.9524051373e-15,0.22781889009,3.5652169352e-09,-0.020985043909,-1.5322988253e-09
e485,ok,,30.457538373,320721989.16,1115148.5476,4047557.5176,149317463.16,581294.93797,25381051.204,-7.7336823019e-10,1.4022485346e-08,-3.096184143e-08,-1.571694792e-08,9.2944104239e-09,1.4105401961e-09,1.0067480493e-08,5.8586428572e-08,-1.5771235233e-10,-6.6989288943e-08,-3.3437488134e-10,5.2542814765e-08,-9.5729169759e-10,-8.1472393603e-09,-1.6290542808e-08,0.23210270751,0.0069388970099,0.074703008269,0.011226736249
e540,ok,,30.962159915,324323914.87,1999280.0409,6874589.1968,147781167.95,1081626.3769,26062086.292,-9.3786849939e-10,1.2478314471e-08,-2.2820232675e-08,-1.2034459448e-08,9.0775803308e-09,-9.7523522834e-10,8.397707923e-09,4.3937227407e-08,-9.5804522539e-11,-7.1508454687e-08,-8.2455447572e-10,4.0592451772e-08,-1.5485811114e-09,-4.708455844e-09,-2.1811764946e-09,0.23583935559,0.012460464668,0.14296542621,0.01678936984
e541,ok,,30.885236232,323298573.19,2010732.3308,6835149.0127,147184132.87,1078661.8654,25828644.976,-9.4796201356e-10,1.3047631037e-08,-2.2731770934e-08,-1.244885127e-08,9.1619367192e-09,-8.2515443305e-10,8.6878637503e-09,4.4224710474e-08,-1.0264421153e-10,-8.1968560755e-08,-6.1123010035e-10,4.1095304679e-08,-1.3054122899e-09,-4.3738016295e-09,-4.6799980714e-09,0.23501095523,0.012242059577,0.16481683522,0.017468968529
e543,ok,,30.998278607,324722931.92,2062881.8166,7157493.8925,147934758.06,1122259.8146,26140442.265,-9.6296090106e-10,1.1733140621e-08,-2.2478473226e-08,-1.3089877043e-08,9.085007099e-09,-9.7754127249e-11,8.6469866599e-09,4.2950581807e-08,-1.2335419496e-10,-5.999421323e-08,-5.1833942032e-10,3.9599695202e-08,-1.073101251e-09,-4.7546877678e-09,-7.2090628607e-09,0.23470151212,0.012792279063,0.12376097157,0.017837711549
e542,ok,,31.023253995,324804422.07,2033286.0505,6948429.5246,147973764.44,1097342.7257,26180829.587,-9.1921906522e-10,1.2213733103e-08,-2.2595634707e-08,-1.3368028141e-08,9.1550685233e-09,3.8377430311e-10,8.4455264757e-09,4.3526118471e-08,-1.2723467912e-10,-6.6771587915e-08,-1.4799400208e-10,4.0304595373e-08,-5.8313279849e-10,-4.4945577042e-09,-1.0870478096e-08,0.2354768278,0.011862152125,0.13576573828,0.017172171172
e544,ok,,31.001717236,325061190.23,2067970.9964,7298482.433,148179717.87,1133560.48,26205416.913,-1.0325854446e-09,1.1294330481e-08,-2.2497617448e-08,-1.3172147584e-08,9.0100836743e-09,-5.5574668972e-10,9.2446192775e-09,4.2553418631e-08,-1.2477353311e-10,-5.3658409322e-08,-1.000183947e-09,3.8971905363e-08,-1.745696289e-09,-5.1436938603e-09,-3.8509130349e-09,0.23460149479,0.013907610447,0.11096403419,0.019117604538
e545,ok,,30.906169548,324296380.49,1975528.4066,7162820.705,148225246.26,1090975.0829,26026528.549,-1.1116528165e-09,1.0856573692e-08,-2.3085868302e-08,-1.3814315449e-08,8.9604440439e-09,-9.0003437007e-10,1.0112696352e-08,4.3098124457e-08,-1.2752783634e-10,-4.5139904594e-08,-1.4779157234e-09,3.9209351124e-08,-2.4285158288e-09,-5.6316721771e-09,-6.7836905503e-10,0.23294303067,0.014898685111,0.089175163795,0.019977918911
e546,ok,,30.818364995,323481610.67,1782347.255,6392095.961,148306516.71,969467.03842,25898706.385,-9.7777860354e-10,1.1763911471e-08,-2.4338929203e-08,-1.424444958e-08,9.107868508e-09,-6.6509799275e-11,9.2199139474e-09,4.5870746963e-08,-1.357045568e-10,-5.5471392049e-08,-7.7970361781e-10,4.1703325652e-08,-1.5004544061e-09,-5.8864241272e-09,-6.5960843885e-09,0.23351290927,0.012316805792,0.09886928335,0.016433088315
e547,ok,,30.964837536,324679842.39,2032189.9572,7241849.1748,148172039.71,1116341.6987,26119398.027,-1.0611126398e-09,1.0970766128e-08,-2.2708692393e-08,-1.4467127248e-08,9.0641325725e-09,1.9801649348e-10,9.7308595324e-09,4.2729452833e-08,-1.4990209478e-10,-4.7428659225e-08,-7.2830828107e-10,3.9095648154e-08,-1.3639295904e-09,-5.2060238768e-09,-8.4212108503e-09,0.23317546521,0.013959475707,0.096384044962,0.019774955017
e549,ok,,30.967533741,324965467.86,2073388.9479,7638366.8636,148388759.96,1158552.6339,26144252.392,-1.2547277049e-09,1.007540912e-08,-2.2514267992e-08,-1.5002363024e-08,8.8975435061e-09,-7.0679067579e-10,1.1534413396e-08,4.1529761624e-08,-1.5349023499e-10,-3.4828361737e-08,-1.7121641815e-09,3.7726924824e-08,-2.7475542608e-09,-5.5804964597e-09,-1.4910221138e-09,0.23194135549,0.016980418318,0.072212740298,0.023915325255
e548,ok,,30.882608853,324270045.09,1963754.0008,7240751.1422,148341002.03,1087643.9139,26012963.95,-1.0371671096e-09,1.0380953254e-08,-2.3231015898e-08,-1.531353133e-08,9.1168525947e-09,1.021676874e-09,9.6630380747e-09,4.2990029973e-08,-1.8798075581e-10,-3.8419157749e-08,-2.6363735535e-10,3.8817770149e-08,-7.0298106788e-10,-5.9797170876e-09,-1.3048746155e-08,0.23145295043,0.013373610694,0.075445774736,0.018975829679
e550,ok,,30.8673385,324453928.44,2010596.812,7694887.8863,148574100.47,1133618.3565,26012277.878,-1.2360448384e-09,9.4617746642e-09,-2.301312803e-08,-1.5860530101e-08,8.948464874e-09,1.0099297665e-10,1.1524243029e-08,4.1672985039e-08,-1.9609322431e-10,-2.6192964168e-08,-1.3839072857e-09,3.727001885e-08,-2.2837771929e-09,-6.4738530774e-09,-5.8067171353e-09,0.23004363475,0.016466248614,0.052663490254,0.023170606295
e551,ok,,30.955625427,325135922.95,2018124.2283,7729834.1126,148829140.21,1144584.7287,26165273.699,-1.5492746181e-09,9.4650098055e-09,-2.2836322978e-08,-1.7178111614e-08,8.7512307159e-09,-1.3701009658e-09,1.4969826335e-08,4.1180961483e-08,-1.8264177161e-10,-2.5014226098e-08,-2.9091437561e-09,3.7129874924e-08,-4.4995104937e-09,-6.0882843427e-09,3.6848533911e-09,0.23086978406,0.020635910717,0.050481815741,0.030210969221
e552,ok,,30.838330732,324523677.04,1961855.0816,7836604.5582,149051234.73,1123562.3584,26008242.128,-1.5379549546e-09,8.8115764035e-09,-2.3331414279e-08,-1.8119085649e-08,8.8094452507e-09,-5.1387107503e-10,1.5068059251e-08,4.1230027929e-08,-2.3439475297e-10,-1.615773985e-08,-2.7289384579e-09,3.650785927e-08,-4.2580149564e-09,-7.1162430773e-09,-5.8174714628e-10,0.22881006293,0.02020837469,0.031699144031,0.02956134861
e553,ok,,30.9192392,324958178.64,1967239.0648,7679698.9157,149083048.2,1119380.9217,26130683.716,-1.6168375416e-09,9.1930269858e-09,-2.3172946325e-08,-1.7905179625e-08,8.6838077883e-09,-1.5520094776e-09,1.570184161e-08,4.1382362697e-08,-1.9068729607e-10,-2.0153612247e-08,-3.3703597979e-09,3.705702032e-08,-5.1563161999e-09,-6.5237325192e-09,5.9686848822e-09,0.23002923039,0.02158060162,0.03964697331,0.030889276205
e558,ok,,30.924120471,325691380.6,1496649.8215,6298825.2363,151346520.91,865401.09909,26389066.238,-2.2243489453e-09,8.899842967e-09,-2.648616992e-08,-2.8523670104e-08,8.609895601e-09,-5.8832149441e-10,2.657221294e-08,4.5101578439e-08,-3.2022222934e-10,3.3003262365e-09,-6.2329213807e-09,3.9918376999e-08,-9.2705301375e-09,-7.9907276488e-09,4.1233151867e-09,0.22989003623,0.025505072785,-0.0049394326729,0.039769297755
e559,ok,,30.939374997,325714207.85,1495369.0549,6445182.9402,151283796.23,877677.10361,26356749.045,-2.5773514136e-09,8.8518102167e-09,-2.6404700957e-08,-3.2407897065e-08,8.4984558526e-09,-1.0412487004e-09,3.0995403231e-08,4.4364228738e-08,-3.6113724702e-10,2.8138669932e-09,-7.2156379506e-09,3.9410065744e-08,-1.0878518958e-08,-7.9767953872e-09,7.4542983118e-09,0.22957010786,0.029946950136,-0.0042077696262,0.046349566836
e560,ok,,30.989352226,326198801.52,1493688.7134,6627061.6376,151527468.87,892653.32141,26434366.433,-2.9224567829e-09,8.7688183442e-09,-2.6312853915e-08,-3.6075087463e-08,8.3334002307e-09,-1.4911766296e-09,3.5538490304e-08,4.3429099592e-08,-4.112641609e-10,2.0734155151e-09,-8.2560080063e-09,3.8654762649e-08,-1.2671433855e-08,-8.1105367971e-09,1.0715183013e-08,0.22938863671,0.034399893533,-0.003097037353,0.053083441859
e562,ok,,30.81342108,324549451.11,1334469.4775,5658050.4638,151319056.92,768700.21987,26141577.483,-2.5155183855e-09,9.83605711e-09,-2.8020718425e-08,-3.3389269127e-08,8.5159000343e-09,-2.0237510363e-09,3.112614123e-08,4.7787554169e-08,-3.2758296893e-10,-4.4784433195e-09,-8.3861962657e-09,4.2318687668e-08,-1.257906997e-08,-8.6083395115e-09,1.2545877742e-08,0.23101549031,0.027896929776,0.0059763459166,0.041536885424
e561,ok,,31.104050907,327140818.43,1656260.7169,7271850.3435,151165292.44,997607.68883,26601633.041,-2.9638940966e-09,8.3910098099e-09,-2.4918367322e-08,-3.5366995496e-08,8.4250556347e-09,-8.1457742499e-10,3.4541218254e-08,4.1213467383e-08,-4.2369736441e-10,9.3201522873e-10,-6.828896463e-09,3.6965800857e-08,-1.058248475e-08,-7.3064802291e-09,5.0169006256e-09,0.22882311338,0.036428571205,-0.0015436602109,0.057209262908
e580,ok,,30.642069315,322377635.22,1607729.078,6416787.4476,148762205.6,910557.85281,25582228.693,-2.5751673744e-09,1.0735858669e-08,-2.5580266997e-08,-3.2057571681e-08,8.6444432742e-09,-3.3012744434e-09,2.7283239532e-08,4.571346958e-08,-3.0731931208e-10,-3.7619216739e-08,-6.0794853741e-09,4.0994635522e-08,-9.7298284615e-09,-7.556989899e-09,1.0488656289e-08,0.22895563487,0.031379889087,0.060481508644,0.043864057538
e582,ok,,30.752280977,322738010.77,1569918.6701,5838218.6457,148171896.55,865915.84482,25708062.183,-2.7292192006e-09,1.3043257962e-08,-2.5665613418e-08,-3.750412631e-08,9.3017260971e-09,-2.7678096237e-09,3.051650303e-08,4.7652093743e-08,-3.3671912829e-10,-7.7591424318e-08,-3.9943366525e-09,4.3928827294e-08,-7.1750184842e-09,-5.8887781205e-09,-8.6923597495e-09,0.23185825463,0.030732056318,0.12181222567,0.047908427852
e583,ok,,31.020941203,325059362.37,1915021.002,7039759.3295,148242415.75,1073546.5614,26169160.982,-2.5079253975e-09,1.1454537194e-08,-2.3166235809e-08,-3.1714738521e-08,9.2965886259e-09,-1.1901017656e-09,2.5918568495e-08,4.2812450528e-08,-3.1268786051e-10,-5.6054288547e-08,-2.5697762202e-09,3.9686104653e-08,-4.5830058911e-09,-4.9191742873e-09,-1.2518426607e-08,0.23208432926,0.030934067906,0.10734513982,0.04963460301
e584,ok,,31.122141075,325758548.75,1991785.766,7161682.1063,148245241.2,1109917.4298,26330781.163,-2.4389513501e-09,1.1601621053e-08,-2.2647394168e-08,-3.0822714668e-08,9.3470727889e-09,-9.910027331e-10,2.4828581026e-08,4.2244228684e-08,-2.8648946814e-10,-5.8934530309e-08,-2.0043525763e-09,3.9413384885e-08,-3.69880373e-09,-4.3709506702e-09,-1.4483915603e-08,0.23300228631,0.030473159313,0.1173849586,0.049453214279
e585,ok,,30.677963944,322281152.29,1510891.1245,5735508.367,148282484.09,837786.52844,25603745.66,-2.8120395495e-09,1.2916771623e-08,-2.6209645886e-08,-3.8821310445e-08,9.2506187948e-09,-2.9604079502e-09,3.2047680711e-08,4.8222189018e-08,-3.6263313606e-10,-7.461971345e-08,-4.8292661724e-09,4.4201088244e-08,-8.5020807418e-09,-6.4599359177e-09,-6.7371860021e-09,0.23123239581,0.031219848717,0.11274226276,0.048420556347
e587,ok,,30.86945748,323838269.69,1879150.1623,7038049.0977,148111244.59,1053530.9062,25892050.233,-2.5465073144e-09,1.1294849858e-08,-2.3480061946e-08,-2.9969628634e-08,8.7891446701e-09,-3.3585579083e-09,2.5282094657e-08,4.3220396841e-08,-2.7779663974e-10,-5.3333541275e-08,-4.1224632589e-09,3.9654322084e-08,-6.8370980218e-09,-5.7401729348e-09,4.1948443739e-09,0.2309936851,0.032595446729,0.10022173275,0.047508852279
e593,ok,,29.140215391,312926315.03,666067.08716,4078300.2632,153150537.03,407398.93481,23533671.942,-3.9069413848e-09,9.4054602028e-09,-4.1165028352e-08,-8.1535468292e-08,1.1577006218e-08,7.8358442816e-09,7.67626914e-08,6.0390100703e-08,-1.6111398202e-09,3.0236828362e-08,-1.9440858161e-08,4.7741438089e-08,-3.3067355372e-08,-2.3161807791e-08,-7.2463829771e-08,0.21556054894,0.026877610715,-0.020139756192,0.051129102263
e603,ok,,30.93632714,324037492.92,2432473.3059,8828600.1348,146733007.18,1362201.4039,25817915.738,-1.6480820058e-09,9.8731080835e-09,-2.0708813747e-08,-1.8353599455e-08,8.9347623461e-09,-8.3346588932e-10,1.4364512564e-08,3.8727000289e-08,-2.0206463179e-10,-4.0323709448e-08,-1.3279683027e-09,3.5670444653e-08,-2.2659335183e-09,-4.6485273421e-09,-5.0598725412e-09,0.22739931773,0.023435109675,0.098086346826,0.034941293364
e598,ok,,29.559537631,315508971.56,719506.73749,3925097.9127,151935997.15,429011.46841,24078119.845,-3.8167815251e-09,1.0995641512e-08,-3.8990034773e-08,-7.7629634299e-08,1.1196681679e-08,5.8909414978e-09,7.1678868868e-08,6.0278888067e-08,-1.2521675427e-09,-6.5786150788e-10,-1.7891580144e-08,5.032139894e-08,-2.9646973217e-08,-1.8100744165e-08,-6.1793304004e-08,0.21985008536,0.027495457911,0.00047333578725,0.051573429086
e635,ok,,30.703848233,323753156.18,867272.23024,3386404.2168,151589784.56,469751.7456,25977530.46,-1.6463638776e-09,1.3533302358e-08,-3.4909370237e-08,-4.3122104797e-08,1.0672329793e-08,9.7537310702e-09,2.8191390712e-08,6.2963024748e-08,-4.8160432713e-10,-2.8998853508e-08,3.3955271377e-09,5.5878022081e-08,2.5086946107e-09,-9.0069212464e-09,-8.0075514851e-08,0.23470345522,0.011444685661,0.025149900356,0.024449610296
e625,ok,,31.045401376,325815227.36,1239715.8854,4441755.53,150824405.96,661385.87756,26528142.338,-1.5104142214e-09,1.2756596762e-08,-2.891338348e-08,-3.196893632e-08,9.9152962273e-09,5.9350364458e-09,2.0837375544e-08,5.3896765216e-08,-3.1743903323e-10,-4.3305652876e-08,9.4258511445e-10,4.932669804e-08,5.4880888868e-10,-6.0934916703e-09,-5.0518724363e-08,0.23439663258,0.01332733263,0.053686705798,0.025832425472
e604,ok,,31.062735047,325368446.69,2381607.7099,8586546.6473,147561469.55,1333465.0866,26162510.679,-1.8270816186e-09,1.0107328139e-08,-2.0857892286e-08,-1.9491765804e-08,8.7905365933e-09,-1.8503047571e-09,1.593421635e-08,3.894684311e-08,-1.9092144384e-10,-4.1735391692e-08,-2.1003962717e-09,3.5919823775e-08,-3.4079155804e-09,-4.6578785699e-09,7.9222361878e-10,0.23052095326,0.026235142947,0.099397330629,0.037949052509
e636,ok,,30.73849516,323967029.91,902692.8177,3553716.6595,151428416.83,494096.45126,26019513.054,-1.9825809906e-09,1.327611334e-08,-3.4115083163e-08,-4.6347666231e-08,1.0638041167e-08,8.2821804922e-09,3.2930236854e-08,6.1116673211e-08,-4.8392986037e-10,-2.8882662444e-08,1.0266104706e-09,5.4614204085e-08,-8.1484393182e-10,-8.5317618292e-09,-7.0502400414e-08,0.23444479832,0.014751606472,0.026072171944,0.029725888293
e637,ok,,30.781533292,324339948.17,933548.09266,3726526.0495,151391408.97,517787.4133,26093875.979,-2.3519268446e-09,1.3015251018e-08,-3.3438307291e-08,-5.044266433e-08,1.0628077592e-08,7.0578223516e-09,3.8127639986e-08,5.9320750264e-08,-5.0246408678e-10,-2.9522960614e-08,-9.9534333532e-10,5.3287487871e-08,-3.7631849571e-09,-8.226210024e-09,-6.3223196893e-08,0.23393536729,0.018480655893,0.027561103571,0.035593985587
e638,ok,,30.848120443,324907576.61,972203.12811,3941712.3643,151406889.58,547778.47225,26210113.914,-3.0380965246e-09,1.2720325207e-08,-3.2613403943e-08,-6.2175525258e-08,1.121161033e-08,7.2729399652e-09,4.7408206017e-08,5.7166689467e-08,-5.8744250785e-10,-2.97388557e-08,-2.7896217895e-09,5.1740753547e-08,-6.1973149194e-09,-7.854728408e-09,-6.7158368141e-08,0.23350023696,0.025503731074,0.028912208538,0.046090406188
e639,ok,,30.887252011,325224001.07,1001890.5066,4147441.1862,151340604.28,574224.01654,26260422.16,-3.340148291e-09,1.2522824454e-08,-3.1996035689e-08,-6.4528436847e-08,1.1118550737e-08,5.9819217391e-09,5.1574361297e-08,5.5344557779e-08,-5.9598467288e-10,-3.1371849521e-08,-4.1324324979e-09,5.0388965277e-08,-8.389904725e-09,-7.5804514939e-09,-5.9876007785e-08,0.23336230357,0.029065430057,0.031431158209,0.051671862966
e642,ok,,30.751037539,322442817.04,1628588.8604,5857118.5534,147836823.1,884998.88551,25653776.771,-1.8356659254e-09,1.2836291313e-08,-2.5302129827e-08,-2.6493242096e-08,9.4541125123e-09,-1.4172824097e-10,2.0789369507e-08,4.7738934746e-08,-2.5671610495e-10,-7.1517088976e-08,-1.6077443303e-09,4.4063638101e-08,-3.1399480025e-09,-5.3603769785e-09,-1.7139979494e-08,0.23216633445,0.019929541163,0.11647193443,0.033857335593
e655,ok,,30.865217408,323723497.94,2082073.9277,7788071.157,147628418.25,1167735.6255,25829935.321,-2.2025682695e-09,1.0405690205e-08,-2.2383381061e-08,-2.5216356915e-08,8.9443049999e-09,-1.657946281e-09,2.1560923271e-08,4.1168093877e-08,-2.8269845107e-10,-4.3749550254e-08,-2.8826904621e-09,3.7741841205e-08,-4.6788481238e-09,-5.4465743747e-09,-3.5427869454e-09,0.22833207251,0.028501930654,0.091089797932,0.0448914362
e656,ok,,30.790149143,323154114.19,1839633.1722,7102903.9621,147778697.05,1042772.88,25705349.78,-2.7806228644e-09,1.1186443076e-08,-2.3748554239e-08,-3.394688325e-08,9.1514897525e-09,-2.1800352984e-09,2.9612014332e-08,4.3042820813e-08,-3.7739068916e-10,-5.4247497601e-08,-3.9389776407e-09,3.9556104663e-08,-6.6783559971e-09,-5.8652897507e-09,-7.3405042546e-09,0.22854845379,0.033651525102,0.099795496094,0.05447524386
e657,ok,,30.760426379,322821181.21,1750919.9203,6673472.6057,147841559.89,981709.20307,25668520.111,-2.8006523209e-09,1.1919048292e-08,-2.4319532582e-08,-3.474703519e-08,9.0906251011e-09,-3.0662443441e-09,3.0308038887e-08,4.4473017439e-08,-3.5463677231e-10,-6.4302229342e-08,-4.3846819042e-09,4.0968830185e-08,-7.4251173959e-09,-5.8843932405e-09,-4.25668678e-09,0.22961153834,0.033152578929,0.11258805428,0.053066949033
e662,ok,,30.799153349,322990832.09,1688860.2016,6157823.455,147987480.71,924163.90224,25767122.99,-2.5849725181e-09,1.3145228876e-08,-2.4748872817e-08,-3.2422701134e-08,8.9641074721e-09,-4.3830151874e-09,2.7548824367e-08,4.6415116427e-08,-2.7760867586e-10,-8.2364319432e-08,-4.2415525368e-09,4.2895204155e-08,-7.1543277812e-09,-5.6715670946e-09,1.9113116364e-09,0.23245420393,0.030374587318,0.13910182112,0.046526113075
e66,ok,,30.198659812,319820408.14,694179.32384,3065675.5062,151657706.17,388195.75756,25031415.168,-3.6787094973e-09,1.6487617862e-08,-3.852896525e-08,-6.9423915314e-08,8.6904783173e-09,-7.575322749e-09,6.4030379038e-08,6.6384320621e-08,-5.2845436801e-10,-1.0377734188e-07,-2.3146023218e-08,5.8997432466e-08,-3.7107576713e-08,-1.2931671942e-08,2.0499331969e-08,0.23134979332,0.028792946254,0.072040085012,0.044448565226
e664,ok,,30.900213171,323666631.13,2031638.5832,7074491.6267,147474300.17,1099657.935,25899944.154,-1.5608377749e-09,1.2163115064e-08,-2.2634836018e-08,-1.904245311e-08,9.0694998642e-09,-1.64596934e-09,1.4863806757e-08,4.3353605833e-08,-1.7360087558e-10,-6.860822931e-08,-1.5738897262e-09,4.0127174444e-08,-2.7309309429e-09,-4.7797478586e-09,-4.031406676e-09,0.23270828685,0.019908958282,0.13938712579,0.030197883301
e664ex,ok,,30.506751708,323514796.63,1124387.637,5502026.044,153028238.49,685913.63233,25834351.254,-1.6814069065e-09,1.1610956208e-08,-3.0959322876e-08,-2.7394792599e-08,1.0415208054e-08,6.3775608338e-09,3.325868136e-08,4.7902422426e-08,-8.9706679388e-10,-5.6507090679e-08,-1.8637865464e-08,4.3279618503e-08,-3.2954464502e-08,-1.1689799978e-08,-7.1023387884e-08,0.23393495746,0.0074122236306,0.063535874162,0.037395650144
e668,ok,,30.567901493,321380147.73,1424002.4423,5408476.6245,148305960.51,778464.78307,25433830.705,-2.7252466308e-09,1.3578242725e-08,-2.7083860129e-08,-3.7021696674e-08,9.0149263286e-09,-4.5241033906e-09,3.1906892871e-08,5.0053089503e-08,-3.3750056108e-10,-8.5708807997e-08,-6.2976142248e-09,4.5641082372e-08,-1.0440078802e-08,-7.1395894218e-09,2.4906315627e-09,0.23110886684,0.029268290379,0.12204955191,0.045435493374
e67,ok,,30.438247269,321141399.77,928358.16568,3765644.9128,150492275.84,510415.0073,25394747.886,-2.9612256459e-09,1.4839373791e-08,-3.3482594964e-08,-4.8153335721e-08,8.8259496792e-09,-5.4261663578e-09,4.3944596422e-08,5.9758976383e-08,-3.6667433197e-10,-8.0762211379e-08,-1.3192444613e-08,5.3681569452e-08,-2.0610772525e-08,-9.7365390673e-09,1.3709973748e-08,0.2326787393,0.026207728737,0.074976258412,0.040796324926
e678,ok,,30.949558122,324364986.81,1633107.6281,6142051.0325,148593534.58,919957.53447,26036407.483,-3.2484991249e-09,1.2870122241e-08,-2.4876019837e-08,-3.9420389705e-08,8.5260915392e-09,-6.3770459119e-09,3.5677639924e-08,4.5575050257e-08,-2.8456301254e-10,-7.4948513695e-08,-5.7839621819e-09,4.2552454015e-08,-9.7916187167e-09,-5.2815433475e-09,1.193922907e-08,0.23323419806,0.038831688703,0.12239898943,0.058265425913
e68,ok,,30.651331459,322382597.61,1194111.7455,4560350.358,149709396.34,651942.20507,25697405.504,-2.4036377149e-09,1.3512689862e-08,-2.9521739668e-08,-3.4496674383e-08,8.8898836199e-09,-3.8457581843e-09,3.1314318066e-08,5.3937851293e-08,-2.6289792024e-10,-6.5405907302e-08,-7.5834915986e-09,4.9067014992e-08,-1.1708730471e-08,-7.4453167485e-09,8.3925218593e-09,0.23329022132,0.023767001276,0.078101962131,0.037392795004
e682,ok,,30.753922172,322194722.47,1759931.2548,6183258.6852,147284592.82,947741.3573,25593221.104,-1.8077629595e-09,1.3313852119e-08,-2.4295229339e-08,-2.4129746288e-08,9.3143407422e-09,-1.5541853304e-09,1.9293994681e-08,4.6539644935e-08,-2.1447800736e-10,-8.414050598e-08,-1.843632719e-09,4.3233221384e-08,-3.4592936013e-09,-4.8655149988e-09,-1.0049612498e-08,0.23247963392,0.020656467807,0.14808150627,0.03395610427
e694,ok,,30.941659951,323933355.33,1808609.6658,6514943.2875,147851898.83,997463.14622,25942698.07,-2.9757298224e-09,1.3321079003e-08,-2.367804279e-08,-3.3772493109e-08,8.5018731527e-09,-7.2551502641e-09,3.0343315961e-08,4.4579413072e-08,-2.2316843168e-10,-8.6888339077e-08,-4.6450058634e-09,4.1756876862e-08,-7.9626892899e-09,-4.7171890671e-09,1.4988010172e-08,0.23360867439,0.037187910076,0.1571470899,0.054879214538
e793,ok,,30.770636947,324273678.91,1455322.3782,6208996.0233,150848863.72,841728.73522,26052615.944,-2.6418764167e-09,9.2082415962e-09,-2.6869642983e-08,-3.5459458193e-08,8.7619433839e-09,-2.9316987228e-10,3.1887319749e-08,4.5704344618e-08,-4.1884402832e-10,-2.7968665896e-09,-7.062821754e-09,4.0456209111e-08,-1.0712131306e-08,-8.4277050402e-09,-4.2897408017e-10,0.22793794542,0.029764945117,0.0040703425365,0.04640633001
e715,ok,,30.024646962,318557264.97,1254216.9173,5722139.8869,149819919.89,719932.62075,24769401.045,-1.9197896849e-09,9.4865923458e-09,-2.9817414952e-08,-2.7988824888e-08,9.3110773655e-09,9.8009853865e-10,2.5865528272e-08,5.0117249738e-08,-4.8663585295e-10,-9.8508931956e-09,-6.7282568923e-09,4.2189895604e-08,-1.05471673e-08,-1.2392225227e-08,-1.234655076e-08,0.22444881395,0.018156490915,0.012355156897,0.032440983135
e748,ok,,31.133220383,327002274.66,2136041.8142,9008864.6956,149459640.18,1281700.2701,26427294.781,-2.3441499066e-09,7.3666406186e-09,-2.2035287386e-08,-2.4522810902e-08,8.2663006568e-09,-1.1027997954e-09,2.2677834453e-08,3.7402618969e-08,-2.8946311473e-10,1.6017438264e-09,-4.1743452261e-09,3.3535332784e-08,-6.4483923677e-09,-6.2406077201e-09,7.7894428759e-09,0.22490324931,0.033679795438,-0.003421391789,0.048440802648
e836,ok,,30.337282552,319553840.87,1119793.0835,4012917.6786,148300384.65,583510.44544,25096751.857,-1.3672552864e-16,1.5777453072e-08,-3.0928890708e-08,2.1776683579e-15,9.3213102039e-09,-4.1095645556e-15,9.0252262167e-16,5.9529828344e-08,-6.0606446537e-16,-1.1087561126e-07,-8.236141506e-15,5.346885916e-08,-2.9073786081e-14,-7.9783833746e-09,2.4406584101e-15,0.23393460917,-9.3753433566e-10,0.12415774262,1.0106385894e-09
e837,ok,,30.583973674,321539206.24,1684057.1546,6210578.4487,147965576.94,915591.80214,25464176.72,1.824616598e-17,1.1395594518e-08,-2.5226026227e-08,1.1668080756e-15,9.0851686692e-09,-2.9515454076e-15,-3.3664818721e-16,4.7087330542e-08,-2.8775915805e-16,-4.7264040793e-08,8.4816220948e-15,4.2340778291e-08,3.0600082563e-15,-6.7019182061e-09,4.8536133797e-15,0.23134634052,-4.0233284667e-11,0.079595346051,-5.6693478824e-10
e838,ok,,30.870263423,323623163.76,2180235.8037,7809724.6548,147258814.43,1206111.0736,25815550.511,-1.9041455683e-14,1.0636224256e-08,-2.1973028435e-08,-1.4298179997e-13,8.9992026817e-09,-8.328486211e-14,1.3888166438e-13,4.1362122841e-08,-2.5177964434e-14,-4.5198052924e-08,-1.5997032566e-13,3.789297452e-08,-1.984249597e-13,-4.9901913929e-09,-6.137954963e-14,0.23231937139,1.5525320038e-07,0.098542413245,3.0279477716e-07
e850,ok,,29.762700382,318091710.41,411385.91049,1660716.223,152584699.75,207555.86447,24475321.498,-1.6987767229e-09,2.4442557344e-08,-5.0793233888e-08,-3.501466466e-08,9.0268508707e-09,-1.3025405618e-08,3.350677964e-08,9.6729258367e-08,-1.7012202838e-12,-2.9643682456e-07,-3.2325134101e-08,8.1160046855e-08,-4.7007278022e-08,-1.7616819966e-08,7.2020270054e-08,0.23369583625,0.010763264133,0.12194993297,0.01378421705
e851,ok,,29.882840483,318105492.91,530105.23013,2156821.3247,151516512.5,275423.74341,24613896.263,-2.1989492193e-09,2.1415535377e-08,-4.4822601888e-08,-4.3069631722e-08,8.8914627864e-09,-1.1240563234e-08,4.0187519654e-08,8.3496137563e-08,-1.6247642181e-10,-2.2303203115e-07,-2.6227118627e-08,7.1317022732e-08,-4.0918845021e-08,-1.5771221456e-08,5.027436178e-08,0.2334901994,0.015098408487,0.1182304462,0.021303614354
e852,ok,,29.959115317,318174043.3,651195.25097,2704303.9651,150937522.74,347977.26792,24698771.127,-2.5212051745e-09,1.8543953419e-08,-4.0504459318e-08,-4.6476707535e-08,8.8833347459e-09,-8.8792311397e-09,4.270956331e-08,7.3662458444e-08,-2.9013086065e-10,-1.5875668084e-07,-2.1002331895e-08,6.3475999723e-08,-3.3983483052e-08,-1.4517607917e-08,3.3347505353e-08,0.23269811557,0.018875685506,0.10338159663,0.027812264798
e853,ok,,30.09293245,318771116.83,834610.13354,3505167.3583,150435637.97,457573.15017,24868200.874,-2.5036831883e-09,1.5316249503e-08,-3.5868727432e-08,-4.1170407706e-08,8.9108968379e-09,-6.025467895e-09,3.8095091945e-08,6.3879572215e-08,-3.3896444121e-10,-9.4194879709e-08,-1.5184265855e-08,5.5418746827e-08,-2.4566148968e-08,-1.2789121856e-08,2.1593021071e-08,0.23169180745,0.021129779405,0.078616001133,0.031794549775
e854,ok,,30.570095082,322461926.39,1094814.2551,4435968.9657,150642084.67,611873.99454,25698458.688,-2.4307704067e-09,1.2941910442e-08,-3.1032156901e-08,-3.624140106e-08,8.8994993747e-09,-3.396303199e-09,3.2774772813e-08,5.5008658446e-08,-3.1599239349e-10,-5.1304582051e-08,-9.3890991764e-09,4.8863122183e-08,-1.4811924945e-08,-9.3748487098e-09,9.8551084327e-09,0.23431100586,0.023588964708,0.05616898778,0.035882288482
e855,ok,,31.040287373,325868472.38,1499138.8563,5862917.8655,150309489.98,857992.51744,26417609.45,-2.4257873425e-09,1.0867969052e-08,-2.6192499428e-08,-3.1501778411e-08,8.7872256414e-09,-1.8327024029e-09,2.8462288325e-08,4.6401752359e-08,-2.6791476434e-10,-2.7264003616e-08,-5.3329650324e-09,4.2433059562e-08,-8.2937857464e-09,-6.2103436582e-09,3.5378574221e-09,0.23466139532,0.027740858501,0.040872527199,0.042668922366
e856,ok,,31.471112257,329285503.94,1990201.7256,7600253.4202,150096577.3,1163307.682,27104542.972,-2.3792853441e-09,9.1823305702e-09,-2.2499427488e-08,-2.7217279122e-08,8.6403374479e-09,-7.4363587128e-10,2.4632597762e-08,3.9810405297e-08,-2.2654838343e-10,-1.3828641775e-08,-3.1522299877e-09,3.7089512224e-08,-4.8584897722e-09,-4.3076335406e-09,-3.9853844334e-10,0.23385032497,0.031553658623,0.027521786723,0.049023838572
e857,ok,,31.879124112,332680302.35,2486971.7634,9298247.0473,150020547.31,1479897.0711,27779457.201,-2.3464555276e-09,7.9631881575e-09,-1.9922630757e-08,-2.432383076e-08,8.4363923788e-09,-6.2443888064e-11,2.195403258e-08,3.5251031536e-08,-1.8475971058e-10,-6.0520780401e-09,-1.9805299375e-09,3.3344304718e-08,-3.0273095894e-09,-3.0310237857e-09,-2.3161719551e-09,0.23203938863,0.035201842263,0.015051347196,0.05459905912
e858,ok,,32.27685686,336297171.24,3064867.2454,11271054.877,150086345.81,1851394.9915,28490760.042,-2.1968622377e-09,6.8550433037e-09,-1.7812027582e-08,-2.0930942131e-08,8.2097081455e-09,5.4854217866e-10,1.8593244692e-08,3.1491554742e-08,-1.5621024763e-10,-5.7737396479e-10,-1.2731705946e-09,3.000448539e-08,-1.9055673802e-09,-2.3333753921e-09,-4.0529308124e-09,0.22941206839,0.037032260685,0.001769574553,0.056985826641
e864,ok,,34.866469105,360602479.86,9193480.5762,28116900.746,148811460.46,5919635.1817,32959290.355,-4.1833772264e-13,4.4132972599e-09,-9.790744339e-09,-6.3151389854e-12,6.7594772085e-09,3.1782477727e-12,1.1061569064e-12,1.8299795214e-08,-2.9826043223e-14,-4.1539795449e-09,-1.2211249391e-13,1.8175587814e-08,2.7293642604e-13,-1.6428719265e-10,-1.5314254075e-11,0.22278755086,1.7186558845e-05,0.03818953026,1.0169432033e-05
e874,ok,,30.088409224,322618460.8,371495.32976,1570599.9121,156628145.14,189376.35868,25453478.154,-1.1294837767e-09,1.9924838316e-08,-5.3747882188e-08,-3.24584474e-08,9.4515397737e-09,4.5170574817e-10,2.8832898464e-08,9.7072691938e-08,-2.6797067847e-10,-8.6930568887e-08,-1.4158764386e-08,7.9708927867e-08,-2.2767328449e-08,-1.9971629853e-08,-1.5167981238e-08,0.23819939361,0.0054626904592,0.032294300355,0.010711287123
ea61009,ok,,28.805613433,307949544.51,530045.47099,2274876.6636,148203714.58,264324.61128,22520244.179,-1.2271479062e-15,1.7712659469e-08,-4.6772443671e-08,-9.9264948459e-15,9.6119579976e-09,6.8511944485e-18,7.0250937658e-14,8.6992211455e-08,7.3856295497e-16,-1.345144775e-07,-5.5850885727e-14,7.1360204299e-08,3.6721425894e-13,-2.1078915396e-08,-1.0510947036e-14,0.21646364115,2.0224155267e-09,0.071298789581,3.7236191339e-08
e908,ok,,30.308422443,320974715.3,572533.93171,2196213.0594,150969834.6,300972.76125,25204379.737,-2.7783855008e-09,2.4003543055e-08,-4.1919650896e-08,-5.2962133229e-08,8.7401075617e-09,-1.5382496513e-08,5.152277666e-08,7.9752640233e-08,-1.538901699e-10,-2.9934168338e-07,-1.947325012e-08,7.1504118178e-08,-3.6837517974e-08,-9.756061024e-09,4.6543748239e-08,0.2389447318,0.019291225104,0.17138327091,0.029498537894
e904,ok,,30.313134121,320482362.1,613435.03304,2164759.2985,150044766.93,308372.3123,25146468.136,-1.4025148185e-09,2.452223561e-08,-4.0887096642e-08,-2.9998074245e-08,9.4866714709e-09,-5.1443321701e-09,2.5374938868e-08,8.1111544923e-08,-1.2925834744e-10,-3.0709338234e-07,-5.2592419473e-09,7.3119851074e-08,-1.3189241789e-08,-8.2020269721e-09,1.0503515493e-09,0.23880058857,0.0093279238621,0.18838183914,0.015565876463
ea61012,ok,,30.051676943,318645726.76,984636.32223,3876436.3822,150010367.92,513191.35349,24946910.494,-1.2944922195e-15,1.3335184454e-08,-3.3654838164e-08,-3.7005981114e-15,9.146512296e-09,-5.7944945816e-15,2.8105999075e-14,6.1930319711e-08,-2.1482008786e-15,-6.0065798393e-08,-4.9400005017e-14,5.2644964678e-08,2.9106924852e-14,-1.2659071182e-08,-1.3454427374e-14,0.22817722358,3.2362063746e-10,0.059142966822,2.7674187562e-08
ea81006,ok,,29.313675144,317262587.46,249852.0622,1024175.8259,155975428.08,117206.31646,23877252.949,-8.3400707637e-15,2.9412668066e-08,-6.6048957846e-08,-3.0067842555e-14,9.5805664719e-09,-9.2303772166e-14,4.5005280022e-13,1.2736803494e-07,-9.6912711061e-15,-4.4773536806e-07,-1.3855449739e-12,1.0377780598e-07,-5.3631694529e-13,-2.785939076e-08,-1.5497819059e-13,0.22875760904,-6.3110887125e-10,0.11186760503,1.1244662023e-07
ebambino7,ok,,30.030309039,323673007.74,256321.34797,1065901.6817,158813903.87,124139.63189,25354249.175,-4.9964331348e-09,2.9534961975e-08,-6.2985831218e-08,-2.0537690792e-07,9.4546725448e-09,-1.4772977014e-08,1.1810870608e-07,1.1981575884e-07,-6.88120276e-10,-4.581288588e-07,2.5118323342e-09,9.8510428176e-08,-3.8934080624e-08,-2.3060589215e-08,-5.2525953281e-10,0.23937658582,0.025479805181,0.11742820663,0.030273782751
eh0009,ok,,29.559794344,315423232.13,520251.61851,2140559.3843,151305966.83,262483.03562,24066792.971,2.7963935927e-14,1.7672075167e-08,-4.637600511e-08,-1.0457789199e-13,9.4617635892e-09,8.7199162329e-13,1.3792791942e-13,8.5667562784e-08,4.0689495811e-14,-9.6523245267e-08,2.7818050627e-12,7.1258121997e-08,5.0190162531e-12,-1.8265267802e-08,-4.5127683272e-12,0.22771430544,-2.4228339461e-07,0.050216374574,7.1757223315e-08
eh1070,ok,,28.891381483,312454281.31,303046.65373,1396557.4983,154220805.5,148886.22307,23176650.649,-1.2168581513e-09,2.1898317962e-08,-6.1103593096e-08,-4.8356220792e-08,1.0087802565e-08,4.2782657047e-09,3.1203620036e-08,1.1220139111e-07,-5.3260514541e-10,-2.0705692572e-07,-1.310884293e-09,8.7060380809e-08,-1.4985779425e-08,-2.9457792515e-08,-6.4250629986e-08,0.22305894965,0.0050662523107,0.06274790847,0.0094561526362
eh1090,ok,,29.555761708,315378370.51,518944.13673,2161518.1547,151264270.89,263693.81638,24045945.813,-9.0594106691e-10,1.7553622853e-08,-4.6390739094e-08,-2.7109903313e-08,9.711740145e-09,3.1012314694e-09,1.8287162174e-08,8.5189259319e-08,-3.1554186866e-10,-9.5752095505e-08,-7.4529097989e-10,7.0901781578e-08,-3.8208964108e-09,-1.8195568996e-08,-3.601688935e-08,0.2273154609,0.0049902561196,0.049689988542,0.0094900155878
eh1590,ok,,29.578836925,315642904.62,518992.22822,2192598.3608,151395139.56,266121.46748,24096835.969,-1.3521613414e-09,1.7394364192e-08,-4.6335467356e-08,-4.0271258454e-08,1.0011542232e-08,4.5734398797e-09,2.7443899486e-08,8.4388459782e-08,-4.7121194727e-10,-9.4662542182e-08,-1.0717907725e-09,7.0245931361e-08,-5.7203154778e-09,-1.8152079139e-08,-5.3478764571e-08,0.22738634602,0.0074824514195,0.049129123696,0.014243170545
eh2012,ok,,30.280327201,319832866.3,953047.49588,3737940.2031,150005654.19,506648.6109,25143328.607,-1.2939004059e-09,1.3200680902e-08,-3.3719332745e-08,-2.8107925201e-08,9.6766380406e-09,3.8403415385e-09,1.9939797406e-08,6.145677908e-08,-3.4474232195e-10,-4.0455452531e-08,-5.2498448624e-10,5.3928342913e-08,-1.661824639e-09,-1.0258498671e-08,-3.7155158172e-08,0.22991101038,0.0099164439597,0.03855596773,0.019003573986
eh2010,ok,,29.876520635,317368138.07,660764.59725,2731110.6379,150735962.67,346290.31901,24533470.816,-1.5782902306e-09,1.5510570644e-08,-4.0833137698e-08,-4.1300403411e-08,1.0108973067e-08,5.0799385865e-09,2.8851836025e-08,7.389332107e-08,-4.9511675431e-10,-6.6290896842e-08,-9.6034829312e-10,6.298973471e-08,-4.0966986397e-09,-1.448809469e-08,-5.4784331796e-08,0.22869511762,0.0099669298076,0.043802677753,0.019064271811
eiffel371,ok,,31.20509979,326793683.85,1470503.8155,5168485.9251,150188566.38,793419.89397,26702609.808,-5.0957810324e-09,1.2376869145e-08,-2.6096330834e-08,-8.5113048964e-08,1.0840272752e-08,8.698636073e-10,5.2038986817e-08,4.9149681322e-08,-4.3338058294e-10,-4.3661588775e-08,-1.5524589037e-09,4.5917309894e-08,-3.4724118717e-09,-4.4577639591e-09,-2.9233586714e-08,0.23658788429,0.062077285474,0.064204532884,0.076523528669
eh2510,ok,,29.974257385,318714748.14,647246.78804,2737608.4049,151599895.52,343593.80791,24828741.636,-1.9706159055e-09,1.5398782839e-08,-4.1207655146e-08,-5.1786772147e-08,1.0491904194e-08,6.2777396312e-09,3.6696907518e-08,7.3470083723e-08,-6.3839145476e-10,-6.6645177632e-08,-1.2934791933e-09,6.2233837891e-08,-5.5931923903e-09,-1.5018333168e-08,-6.8642989252e-08,0.23002775736,0.01237532376,0.043135877161,0.023751955522
eiffel428,ok,,30.232498843,322523469.5,513023.34169,2629036.1359,154891674.13,306499.18047,25509228.738,-5.234216562e-09,1.8321779647e-08,-4.3809302605e-08,-1.3375155626e-07,1.2568476587e-08,2.952240626e-10,1.1494562816e-07,6.8780445035e-08,-1.2508017465e-09,-1.4006724058e-07,-3.2927088436e-08,6.2309814806e-08,-5.6794609987e-08,-1.5925608391e-08,-8.0699550792e-08,0.23602239546,0.035178680039,0.071857763826,0.058969790273
eh2070,ok,,28.920955222,312790080.29,302652.41397,1480953.9111,154461141.25,154180.29783,23225089.045,-2.3802900204e-09,2.1049631756e-08,-6.075363333e-08,-9.291042007e-08,1.1360793044e-08,7.9781954952e-09,6.2520439106e-08,1.0802874953e-07,-1.0365332932e-09,-1.9509848489e-07,-2.125535274e-09,8.4046726569e-08,-2.9468534126e-08,-2.8918576578e-08,-1.2328758495e-07,0.22274184025,0.01009463743,0.059047027412,0.018921961818
eiffel385,ok,,31.035209717,327204972.88,1114638.3705,5028149.182,153058176.55,661409.7873,26731953.321,-5.4791869862e-09,1.0843360418e-08,-2.9604611048e-08,-1.0085942759e-07,1.3763342875e-08,9.4017592251e-09,7.9875736291e-08,4.8008692335e-08,-9.7945583893e-10,-4.7723349196e-10,-1.1569393558e-08,4.4801147139e-08,-1.7566555536e-08,-7.7966099317e-09,-7.4224373735e-08,0.23464718804,0.05532701671,0.00053194276184,0.089032560543
eiffel430,ok,,30.99422689,326870653.7,690323.54724,3071035.5563,153091017.29,399937.21409,26508677.111,-5.5465677082e-09,1.5697329205e-08,-3.741736462e-08,-1.3155834107e-07,1.3856665414e-08,7.0286184397e-09,1.0421836397e-07,6.1807188495e-08,-7.7577964041e-10,-6.3477944389e-08,-1.3872022036e-08,5.8550895526e-08,-2.1774342458e-08,-7.7081969819e-09,-9.3833561076e-08,0.23592094618,0.043824300426,0.043820319742,0.071944390707
esa40,ok,,31.090667238,329862137.24,774566.33584,3174953.8212,157570228.57,408205.0605,27662769.171,-7.7889922354e-10,1.2936273583e-08,-3.7974349516e-08,-2.9723957957e-08,9.7722487601e-09,9.7807827813e-09,1.3186256512e-08,6.6725304037e-08,-6.1113022328e-10,-2.9035859119e-08,1.3668392399e-08,5.291799774e-08,1.5687922738e-08,-1.6642505946e-08,-8.0745777874e-08,0.24292709298,0.0041309504537,0.022490199006,0.01021363039
falcon,ok,,31.660775478,330934553.02,1307180.1793,4399174.3141,152913016.17,700640.27483,27824778.276,-9.024584302e-10,1.2879497543e-08,-2.7676989538e-08,-1.6834469191e-08,8.9937264358e-09,2.1690421952e-09,1.2031497353e-08,5.2136209848e-08,-1.0986736961e-10,-3.2936112595e-08,-4.8140824009e-10,4.8862925161e-08,-9.3460795095e-10,-4.161538948e-09,-1.8200826092e-08,0.24423334895,0.0086818353944,0.043053433566,0.015727334867
fg3,ok,,31.032545873,323432674.83,664285.56083,2328831.0007,146921801.88,418848.15869,25662143.77,-4.5436104703e-09,1.7726219768e-08,-3.5913227385e-08,-1.0144819331e-07,1.1514339971e-08,9.6267721972e-09,9.054640612e-08,6.6470115166e-08,4.0247727749e-10,1.6806883586e-09,1.1113124348e-08,6.8660823676e-08,7.2345515044e-09,5.4084430804e-09,-5.4090880607e-08,0.23634659635,0.037156150773,-0.0011164570089,0.06014867017
fg2,ok,,30.789727571,326037194.31,449542.6166,1817108.7181,153777227.86,245647.68303,26092615.021,-4.6263126366e-09,2.127905369e-08,-4.6246799992e-08,-1.3993695793e-07,1.2209002987e-08,4.8493338498e-09,1.0195780675e-07,8.2433872438e-08,-5.174754985e-10,-1.3121189085e-07,-1.1889193448e-08,7.7188714121e-08,-2.8034841742e-08,-7.9472909523e-09,-8.6114893485e-08,0.24118106936,0.029286499422,0.058985336743,0.045834379232
fg4,ok,,31.438320376,326386326.05,1124761.3661,3707463.978,147611957.23,686454.74438,26523671.806,-4.455630652e-09,1.3545458397e-08,-2.7935080447e-08,-7.9134731318e-08,1.1244261479e-08,8.6014362635e-09,6.6048614897e-08,5.2400564439e-08,3.6383542132e-10,3.5958641474e-09,5.2641416579e-09,5.4246470535e-08,5.1809908748e-09,3.7485764315e-09,-4.5555578423e-08,0.23230155079,0.047105252427,-0.0040444890708,0.074288930323
fx049915,ok,,31.120043144,327852622.99,1232885.8257,5538391.9825,151636025.23,757879.25246,26737909.681,-3.5029211905e-09,1.054036866e-08,-2.87573299e-08,-5.6432884982e-08,1.0929412343e-08,4.8401440073e-09,5.0944842604e-08,4.7110118791e-08,-6.7510179424e-10,-1.9305532641e-08,-4.0648937774e-09,4.2578421288e-08,-9.2153993985e-09,-7.3604625491e-09,-4.8893761969e-08,0.23590301804,0.034076017896,0.023801517549,0.062809174337
fauvel,ok,,30.617187506,317906078.93,921641.5106,3367200.5425,141516585.59,668610.64845,24539485.26,-1.0797453123e-09,1.0837677107e-08,-2.8469094429e-08,-2.4919066834e-08,9.8073247709e-09,1.4750514298e-08,2.8687014693e-08,5.2543421069e-08,4.1281417071e-10,1.8561628093e-07,-2.8991448245e-09,5.8974130827e-08,-4.4673020607e-09,9.1223034007e-09,-5.2650385306e-08,0.21883327294,0.0089690924842,-0.17107166954,0.026439143556
fg1,ok,,30.855598786,326101764.8,498656.7255,1921469.1996,153387838.68,267078.27455,26208860.883,-4.6127360478e-09,2.2047865171e-08,-4.4018501182e-08,-1.3295390883e-07,1.1867477824e-08,1.7107715716e-09,9.4342353063e-08,8.0028853399e-08,-4.9801128673e-10,-1.7489809645e-07,-1.5002467492e-08,7.5611603552e-08,-2.5890947108e-08,-7.6902580849e-09,-7.561627017e-08,0.24053234448,0.030664079085,0.087214112072,0.047044448854
fx057816,ok,,30.390922398,319789848.76,1630819.914,6856148.986,146487560.42,951601.0022,24829316.522,-2.8078801956e-09,1.0961962955e-08,-2.5481322009e-08,-3.7976226975e-08,9.9868197768e-09,2.3938729266e-10,3.296399358e-08,4.4801173458e-08,-5.330885498e-10,-5.2087181833e-08,-2.9453961162e-09,4.0439686386e-08,-6.3235894022e-09,-7.0720557517e-09,-2.5270890584e-08,0.22514145664,0.030742556267,0.084944813395,0.053758337173
fx2,ok,,31.392307603,328249130.81,2959190.8826,10122849.973,147185302.47,1648106.8347,26704236.259,-1.4550961402e-09,1.0546327994e-08,-1.8551779808e-08,-1.1780354733e-08,8.6615039104e-09,-3.5402391767e-09,1.1224659343e-08,3.5552409797e-08,-8.2517330841e-11,-5.3448299328e-08,-1.7774208475e-09,3.3149973328e-08,-2.9762881217e-09,-3.5100198092e-09,1.0684281326e-08,0.23676186594,0.02359218345,0.15816372006,0.033215909588
fx601001,ok,,28.592785586,306944976.95,562309.15268,3088667.6318,150997466.51,312952.31623,22316701.715,-3.5964271555e-09,1.3773435999e-08,-4.4785045568e-08,-7.5312544583e-08,8.7325135942e-09,-6.0333802761e-09,6.5071662144e-08,7.3319658038e-08,-8.6250933426e-10,-5.5358035491e-08,-3.851178478e-08,5.7412014343e-08,-6.4205060515e-08,-2.7085952649e-08,3.6261721458e-08,0.21392865934,0.026000334714,0.031128330031,0.036590391204
fx60160,ok,,30.849862024,324327283.25,1576684.0903,5947851.6626,149370167.54,878843.63233,26080536.26,-2.0085327314e-09,1.1880736544e-08,-2.5765559078e-08,-2.4852450552e-08,8.8336041114e-09,-3.0346171236e-09,2.2167485379e-08,4.7058775168e-08,-2.1959498669e-10,-5.3260436977e-08,-5.1574554197e-09,4.2667087912e-08,-8.0402189907e-09,-6.7822431306e-09,6.9259917377e-09,0.23432159205,0.023268593715,0.083974883626,0.03495112152
fx6617a2,ok,,31.174626664,327826518.63,1942344.83,7713191.1564,149925411.32,1137912.189,26728415.467,-2.1161593992e-09,9.5209698256e-09,-2.3184718662e-08,-2.5165124153e-08,9.0165301284e-09,-2.0853202608e-10,2.2338329342e-08,4.0617764797e-08,-3.3522529421e-10,-2.6045682075e-08,-3.3818222037e-09,3.6570495796e-08,-5.5037102197e-09,-6.4163073515e-09,-7.8583269365e-09,0.23496277362,0.026536860639,0.050589695922,0.043388738508
fx6617ai,ok,,31.193986467,327794894.87,2054841.6704,8136198.7184,149604908.66,1206722.7306,26691297.647,-1.9370747782e-09,9.2197559465e-09,-2.2547874013e-08,-2.1880345738e-08,8.9114057704e-09,-3.9521604267e-10,2.0044651995e-08,3.9549277455e-08,-2.9809387017e-10,-2.4219506987e-08,-3.0180584047e-09,3.5668894855e-08,-4.8686559929e-09,-6.1463941895e-09,-5.6233536836e-09,0.23388248742,0.024817621018,0.049767252193,0.041188586189
fx66h80,ok,,29.072199046,314295601.2,347864.78329,1864038.6568,156058771.46,188103.52652,23710387.951,-2.6075261027e-09,1.6358945958e-08,-5.7236023779e-08,-9.1374850809e-08,1.1930996935e-08,1.1694620343e-08,6.864959837e-08,9.4832448402e-08,-1.3458499306e-09,-6.255065776e-08,-4.4709329182e-09,7.1790954566e-08,-2.5125750006e-08,-3.0061416628e-08,-1.4306156411e-07,0.22437967562,0.011157939128,0.021759171007,0.02388077766
fx66h60,ok,,28.586503247,313445680.15,201678.1724,1117303.6104,161746190.57,100550.25895,23138824.616,-1.6780085461e-09,2.0094454351e-08,-7.5359897063e-08,-1.0232465768e-07,1.203457215e-08,1.8826103462e-08,5.2421596729e-08,1.314398026e-07,-1.4328260406e-09,-1.3315596667e-07,7.363544895e-08,8.9859437646e-08,3.8873880466e-08,-4.3493528262e-08,-2.4111932836e-07,0.22089806592,0.0049360990065,0.026854652001,0.010572291823
fx66s161,ok,,30.617857895,323123455.88,1486066.5043,6369086.8657,149876773.32,868429.87764,25729888.565,-2.5036939066e-09,1.0002531523e-08,-2.677798921e-08,-3.3273126781e-08,9.1756118713e-09,-3.3047348048e-10,3.0402859588e-08,4.5719848589e-08,-4.6310948615e-10,-2.3881361596e-08,-5.999950937e-09,4.031729708e-08,-9.8243463069e-09,-8.8324026675e-09,-7.6126690608e-09,0.23041696362,0.027373313147,0.035489291546,0.04518067127
fx66196v,ok,,30.928691506,324944558.8,2267838.7648,8953786.8077,147704738.92,1321657.1219,25960460.792,-2.0994315169e-09,9.2063414753e-09,-2.1523856968e-08,-2.2009342636e-08,8.8759083564e-09,-1.3432843349e-09,2.0066023934e-08,3.8309105006e-08,-3.0429951252e-10,-3.0862135418e-08,-3.0102519208e-09,3.4660673938e-08,-4.9644865648e-09,-5.9475048766e-09,-1.6856866735e-09,0.22914850474,0.028578433996,0.069990347066,0.045506506933
fx66s196,ok,,30.970917085,325301950.85,2335270.96,9071663.5649,147638810.58,1354099.4554,26040404.718,-1.967240439e-09,9.3279833597e-09,-2.1207354943e-08,-2.0443109427e-08,8.8811297767e-09,-1.3293407982e-09,1.8448825821e-08,3.8060201325e-08,-2.8120087001e-10,-3.3480173743e-08,-2.7133584594e-09,3.4495899962e-08,-4.4710927813e-09,-5.7599641157e-09,-1.9654721091e-09,0.22984967404,0.027070473411,0.078185277478,0.043083007186
fx66s171,ok,,30.78326489,324397816.2,1676487.9633,7040734.6587,149668453.3,982938.06241,25979564.009,-2.3389005844e-09,9.4553062244e-09,-2.5141057748e-08,-2.9220710863e-08,9.0698928575e-09,-2.1383249271e-10,2.6756895336e-08,4.317400544e-08,-4.0866453623e-10,-2.0019031463e-08,-4.7959948118e-09,3.8337363132e-08,-7.7688003552e-09,-7.8301719604e-09,-6.7032553126e-09,0.23061933496,0.0272038522,0.033561665284,0.044857612966
fx67k150,ok,,30.413896773,320555399.28,1496719.8648,6181927.0491,147448480.42,860892.74579,25119698.304,-3.0593300448e-09,1.3089656482e-08,-2.6474823206e-08,-4.1048026369e-08,9.6395357838e-09,-3.5145223167e-09,3.6679722838e-08,4.710379663e-08,-5.1895128264e-10,-9.000004677e-08,-5.5658842685e-09,4.2634417949e-08,-1.1370984525e-08,-7.7117960404e-09,-1.2941818842e-08,0.23062292632,0.032772671771,0.13470485783,0.054899269807
fx67k170,ok,,30.80298639,323795381.47,1961519.6906,7728629.5498,147434814.08,1131868.9885,25766436.819,-2.7851884917e-09,1.1517542175e-08,-2.3047958638e-08,-3.2748033741e-08,9.3958919291e-09,-2.5198989938e-09,2.9208147261e-08,4.1418621452e-08,-4.397736882e-10,-6.6935349998e-08,-3.8385705987e-09,3.7901437788e-08,-7.0461726797e-09,-6.1703268573e-09,-1.1159110311e-08,0.23140050628,0.034149444097,0.13129500702,0.057292355977
fx69h098,ok,,30.79067266,324850148.89,688212.48037,2490030.8802,152791540.29,353881.52382,26238959.741,-1.5955848588e-09,1.7644921932e-08,-3.8802587723e-08,-4.0215030812e-08,9.6701894191e-09,3.1330882753e-09,2.7986932973e-08,7.2917709948e-08,-2.7859746246e-10,-8.7339805001e-08,-4.4510596032e-09,6.5774232255e-08,-7.515519429e-09,-9.1938874575e-09,-3.6365553941e-08,0.24011362778,0.011143181675,0.060108343834,0.019260956559
fx711525,ok,,30.293619528,320380860.08,1419764.1188,5659036.3317,149372240.39,773182.63819,25270842.985,1.4922166158e-16,1.0567365323e-08,-2.7955855984e-08,-3.2551481145e-16,8.9552629248e-09,1.2215298418e-14,6.957081677e-15,5.0364858002e-08,2.3525726519e-15,-3.2473304613e-08,5.2418993598e-14,4.3260449051e-08,1.4319428997e-13,-1.0269466237e-08,1.8508451231e-14,0.22630704326,3.4902296889e-09,0.046104432709,9.8774149367e-09
fx69h083,ok,,30.120332546,320525204.79,485846.46357,2003401.082,152743281.76,255502.84984,25109480.271,-2.6539560131e-09,2.1862787478e-08,-4.6434714113e-08,-7.3273713267e-08,1.0511830111e-08,5.1581852519e-10,5.7125712302e-08,8.455343339e-08,-6.0891448096e-10,-2.2721138255e-07,-1.4605945776e-08,7.3738932655e-08,-3.0856275264e-08,-1.4589923349e-08,-5.9153488598e-08,0.23607815784,0.015157083184,0.1103898467,0.027754325301
fx71089a,ok,,30.125080855,320875291.55,543942.75739,2201486.5758,154134367.09,274221.96013,25315558.843,-2.4487171462e-16,1.5162145139e-08,-4.4946723937e-08,1.4318571806e-15,9.0748451068e-09,-7.5568088884e-15,-4.2237573686e-15,8.1378693892e-08,-1.6621129922e-15,-7.6370902144e-09,-1.9160338483e-13,6.8112758895e-08,-3.7902377514e-13,-1.7059078299e-08,-3.4715069987e-14,0.2297347753,-2.5796377841e-09,0.0041541399097,-2.2974822296e-09
fx711520,ok,,30.023954521,319252854.96,1393222.9519,5881824.912,149760723.98,756823.81327,25031529.28,-2.8887862146e-15,1.0087925085e-08,-2.868519488e-08,-3.2178153539e-15,8.9685321939e-09,-5.841248856e-14,-3.4083512369e-14,5.0713501374e-08,-1.8552025154e-14,-3.3858021381e-08,-2.6801010998e-13,4.1703717303e-08,-3.8197111199e-13,-1.3179469219e-08,-7.8286954767e-14,0.22449607621,-1.0865945633e-08,0.047171772495,-4.7485931714e-08
fx71120,ok,,30.811813962,324673886.08,1005781.8817,3762137.7069,152213693.82,526980.87457,26319153.267,-2.4181002052e-16,1.1826321756e-08,-3.2429337917e-08,-5.1476473519e-15,8.7864912921e-09,-1.0524417613e-15,-4.2633457231e-15,5.9300908263e-08,-1.2661026378e-15,-5.172853926e-10,-9.1114944377e-14,5.2673965519e-08,6.9987618271e-14,-8.7483950806e-09,-1.3731083157e-14,0.231253011,1.0393607046e-09,0.00052027627554,-4.2879958837e-09
fx73cl1152,ok,,30.713253448,326192410.23,1222428.2917,6793123.353,154575490.76,793985.93227,26375661.701,-3.8642246889e-09,7.1848064543e-09,-2.9257157352e-08,-5.4934157794e-08,9.3996487552e-09,3.9582559247e-09,5.7462865319e-08,4.238575366e-08,-1.0673871203e-09,2.8379644081e-08,-1.2302013641e-08,3.6076895844e-08,-1.9945967985e-08,-1.2795777038e-08,-2.1353582254e-08,0.22328274174,0.039843125882,-0.034692079833,0.070244232288
fx711530,ok,,30.338552185,320649610.48,1409649.9706,5606632.4022,149470554.18,769754.3767,25326212.963,7.2137310899e-16,1.0487919722e-08,-2.7990866299e-08,6.3523906149e-15,8.9491840811e-09,1.984882482e-15,-6.2575239712e-15,5.0354907735e-08,1.8181940339e-15,-2.8525416267e-08,6.5253700873e-14,4.3445684245e-08,-4.9643152934e-14,-9.9518610237e-09,1.7642262225e-14,0.22664894188,-1.8118405771e-09,0.040210852202,-8.8209184821e-09
fx71l150,ok,,30.338552185,320649610.48,1409649.9706,5606632.4022,149470554.18,769754.3767,25326212.963,7.2137310899e-16,1.0487919722e-08,-2.7990866299e-08,6.3523906149e-15,8.9491840811e-09,1.984882482e-15,-6.2575239712e-15,5.0354907735e-08,1.8181940339e-15,-2.8525416267e-08,6.5253700873e-14,4.3445684245e-08,-4.9643152934e-14,-9.9518610237e-09,1.7642262225e-14,0.22664894188,-1.8118405771e-09,0.040210852202,-8.8209184821e-09
fx73170a,ok,,31.156255492,327028656.8,1992036.7758,7804330.9804,148730999.3,1165958.0019,26517349.465,-3.0240959083e-09,1.152799239e-08,-2.2661762754e-08,-3.4845607917e-08,9.2642607499e-09,-3.0995205769e-09,3.1959544894e-08,4.030906105e-08,-4.3709853615e-10,-6.6565114516e-08,-4.0866707504e-09,3.7217315291e-08,-7.4224149185e-09,-5.6619140409e-09,-9.903055776e-09,0.23496021442,0.037920825195,0.1326001561,0.063664588766
fx76120,ok,,30.809959027,324313971.03,1024927.4332,3707166.9475,151652385.87,532919.55156,26245048.139,1.5165453511e-16,1.3245966204e-08,-3.2087093572e-08,-1.5720294249e-14,8.9615547227e-09,2.0078021352e-14,2.2864770289e-14,5.9824650827e-08,4.628718205e-15,-3.1565302736e-08,-3.4057089278e-13,5.3669435782e-08,1.1009379703e-14,-8.144368663e-09,-6.4624704224e-14,0.2351964351,2.7754140947e-10,0.032352144711,2.3434730322e-08
fx75vg166,ok,,30.828662584,324028991.94,1946379.2534,7147697.7059,148033834.41,1067084.824,25967193.757,-1.3320415549e-09,1.1900873226e-08,-2.3464893283e-08,-1.6772014712e-08,9.1309827567e-09,-9.2449426934e-10,1.331558901e-08,4.3846755456e-08,-2.4023769792e-10,-6.9753690336e-08,-1.354892682e-09,3.9367085675e-08,-2.3831963756e-09,-6.8170033612e-09,-7.4851406596e-09,0.23361158513,0.016032307939,0.13576713572,0.025917186196
fx75141,ok,,30.277915097,320194848.37,1326871.6216,5481639.7766,149768619.58,730004.96862,25244934.531,-2.3655445816e-09,1.2145943803e-08,-2.8703868017e-08,-3.1493836701e-08,8.8016512387e-09,-4.1842300696e-09,2.8300655025e-08,5.1064134891e-08,-4.0572244868e-10,-6.488415763e-08,-9.2787992713e-09,4.406333079e-08,-1.4507376461e-08,-1.1369006806e-08,1.0939986148e-08,0.22853205666,0.024817400196,0.086092947453,0.037551336026
fx75193,ok,,31.070049039,326393278.67,2480390.9789,9292419.4816,147810769.96,1407968.7276,26321589.283,-1.8821183551e-09,1.0120418387e-08,-2.0606393684e-08,-1.8096716208e-08,8.6946247793e-09,-2.9510078548e-09,1.6439807755e-08,3.7817100249e-08,-2.3976093649e-10,-4.8969845008e-08,-2.9932965939e-09,3.4166127142e-08,-4.9170316506e-09,-5.9462395433e-09,5.2048984277e-09,0.23233409361,0.027183774867,0.12146436179,0.040777150849
fx77w153,ok,,31.320974787,328341573.46,1382323.8048,5594139.6376,151350340.48,807236.82931,26966674.531,-2.4768618422e-09,9.6932568658e-09,-2.7166550696e-08,-4.0390245024e-08,1.0070162681e-08,5.8775068562e-09,3.4213661583e-08,4.6678661746e-08,-4.0656603326e-10,3.2598643293e-09,-1.9185800386e-09,4.289710567e-08,-3.3278746956e-09,-5.6206254843e-09,-4.3325535959e-08,0.23312262111,0.024482180566,-0.0045061880627,0.047294358854
fx74080,ok,,29.698080166,317581110.12,441825.42814,2343574.3955,152778743.62,262354.60181,24386192.51,-4.7842009215e-09,2.4682847802e-08,-4.6463087999e-08,-1.1389592332e-07,9.4381287271e-09,-2.2144802833e-08,1.1207451393e-07,7.6579481294e-08,-8.4463089932e-10,-4.2789673237e-07,-2.7301390602e-08,6.7956960062e-08,-9.4501795026e-08,-1.6486540159e-08,2.455283175e-09,0.23194905981,0.030030543316,0.18905565698,0.049517370102
fx76100,ok,,30.458552727,322334389.31,699976.52516,2621059.0212,152509141.46,356448.83368,25716620.027,6.7976162559e-16,1.5885579348e-08,-3.9171827204e-08,1.6832827812e-14,9.151832368e-09,1.3864282024e-14,2.9976035473e-15,7.2889422473e-08,3.4345605018e-15,-5.4225836738e-08,2.6544413038e-14,6.3721743146e-08,-7.7837185212e-13,-1.1872071053e-08,-1.5341184721e-14,0.23535419556,-7.287040345e-09,0.037956812773,2.0982521148e-09
fx77w121,ok,,30.630636651,324050706.67,823893.45645,3906231.1873,152778764.04,494638.27989,25958775.066,-3.3908518642e-09,1.1969747155e-08,-3.5674025138e-08,-6.8299806403e-08,1.1409757514e-08,7.4663284122e-09,6.149164538e-08,5.7528752648e-08,-8.407475494e-10,-1.3080708756e-08,-7.2263101704e-09,5.0634607437e-08,-1.3971875422e-08,-1.1139414646e-08,-7.0712045718e-08,0.23380018116,0.025638112024,0.01077711035,0.050662564255
fx77080,ok,,30.023719763,320629738.17,438369.45017,1749226.792,154763894.43,216931.76291,25153445.096,-2.4399771917e-15,1.8911325716e-08,-5.0000322139e-08,-2.0146999325e-14,9.2825882875e-09,-8.3320488338e-14,-3.0844482096e-14,9.2305082538e-08,-1.3711736887e-14,-8.2578229975e-08,-6.5264234342e-13,7.7064093912e-08,2.7817977807e-13,-1.9041063684e-08,-7.1663132302e-14,0.23348907484,7.4070067586e-10,0.03619977327,-1.3521278658e-08
fx73cl3152,ok,,30.863062029,328284408.91,1218811.1433,7866546.7006,155894420.84,874853.52353,26679939.641,-4.9923219262e-09,7.9190121546e-09,-2.8224130501e-08,-6.5627287434e-08,8.6823122131e-09,4.9950694417e-10,7.804754747e-08,3.6751817667e-08,-1.3554831239e-09,1.8355479112e-09,-1.8016213658e-08,3.2813042446e-08,-3.3357498384e-08,-1.3468691379e-08,-5.1534375349e-09,0.22374461507,0.056406695839,-0.0022371862482,0.095125220564
fx77w270,ok,,33.706043885,348919312.52,4703082.2564,14678113.308,152154057.87,2832522.4754,31410350.753,-1.1902000011e-09,6.5758725562e-09,-1.3913537973e-08,-1.1200348354e-08,7.9458452313e-09,1.5806805893e-09,8.3222100134e-09,2.5931031815e-08,-1.8573795045e-11,-6.7434833767e-09,-3.6740262436e-11,2.5718575147e-08,-1.0170885803e-10,-2.7519397516e-10,-1.0270625601e-08,0.23911469545,0.024792052452,0.031715157015,0.039140038248
fx78k150,ok,,30.727047413,323298311.66,1553702.6604,6210783.7605,148362840.16,892231.40336,25759662.267,-2.5555917602e-09,1.3214210344e-08,-2.600911386e-08,-3.2779784667e-08,9.450925042e-09,-3.1682253152e-09,3.1310664813e-08,4.642351603e-08,-4.3098208482e-10,-9.1318602314e-08,-4.5645236068e-09,4.2199428571e-08,-8.4700599338e-09,-7.2215141132e-09,-1.1610875923e-08,0.23467797238,0.026818967994,0.14188195536,0.048647463217
fx79k144,ok,,30.782580641,323136696.88,1492033.3854,5426464.285,148612120.83,810663.05539,25847911.354,-1.7844652667e-09,1.3940675546e-08,-2.6563190319e-08,-2.4501362532e-08,9.2490721933e-09,-2.1250767963e-09,2.1271947358e-08,4.9841259937e-08,-2.5551783845e-10,-9.2614865068e-08,-2.8013685044e-09,4.5500597843e-08,-4.810301424e-09,-6.563587929e-09,-7.3877983724e-09,0.23526744767,0.018454012463,0.13818447067,0.03173845563
fx78k140,ok,,30.675244122,322936561.91,1364805.3028,5595981.2821,148759265.67,788045.46846,25702877.294,-2.782970187e-09,1.4008963896e-08,-2.7658313791e-08,-3.975994919e-08,9.8977449851e-09,-2.3522707754e-09,3.7119437444e-08,4.8817929699e-08,-5.0778382122e-10,-1.0403005305e-07,-5.4737807255e-09,4.4407254954e-08,-1.0958211806e-08,-7.5606721139e-09,-2.3637903841e-08,0.23527289333,0.02695969907,0.14198076805,0.050660805059
fx77w270s,ok,,33.379970042,345555967.86,4679879.4546,14886144.863,150671976.47,2828663.0569,30507551.364,-1.2007955636e-09,6.4859669242e-09,-1.4021523063e-08,-1.1170495943e-08,7.9866665711e-09,1.4616081419e-09,8.2464613879e-09,2.6148987372e-08,-1.8853787124e-11,-6.6856398729e-09,-9.6230067263e-12,2.5915528687e-08,-5.9812795859e-11,-3.0588142832e-10,-9.7895993511e-09,0.23401069052,0.025138733979,0.031287988682,0.038592445222
fx78k140a20,ok,,30.661636936,322788427.73,1364157.8065,5508186.4765,148727140.3,779971.28264,25678698.38,-2.7945918258e-09,1.4023187916e-08,-2.7714870006e-08,-3.9930993181e-08,9.7269446393e-09,-2.9207921052e-09,3.6112752304e-08,4.9414938233e-08,-4.882466778e-10,-1.0272614331e-07,-4.6709191185e-09,4.4798951136e-08,-9.6245014723e-09,-7.6347711416e-09,-1.8278903246e-08,0.23510410111,0.027798972947,0.14013467033,0.04926349297
fx78k161,ok,,30.808889634,324021880.09,1785976.1088,6782621.2528,148314152.29,997006.35528,25943185.582,-1.4699943003e-09,1.1926459755e-08,-2.4488573399e-08,-1.9679531805e-08,9.3826878514e-09,3.0583422862e-10,1.7092724735e-08,4.4843591228e-08,-3.359287388e-10,-6.8508138035e-08,-1.0936855589e-09,4.0233237057e-08,-2.142327299e-09,-7.0725764087e-09,-1.8618502733e-08,0.23385233657,0.015285151623,0.12235389779,0.030527198009
fx78pk188,ok,,31.092856618,325748695.94,2460750.1694,8611477.4488,147342535.77,1360833.692,26256503.935,-1.2047209533e-09,1.1111179779e-08,-2.0570653631e-08,-1.237818824e-08,8.9514742237e-09,-1.4958069417e-09,1.0896206766e-08,3.9067047114e-08,-1.3907241404e-10,-5.882304881e-08,-1.41030327e-09,3.6090523145e-08,-2.33735395e-09,-4.5503947873e-09,-1.2833527879e-09,0.2344660586,0.01643522998,0.14474882733,0.026812842646
fx77w343,ok,,34.665512746,358643796.27,7330174.7745,22568999.997,150858216.92,4652901.7227,32995391.444,-1.0075865232e-09,5.0623218209e-09,-1.0996450909e-08,-7.4683277228e-09,7.2738717893e-09,1.1423826879e-09,5.5660157012e-09,2.0394248972e-08,-1.5481631974e-11,-4.7573396562e-09,-2.1835490095e-11,2.0240825324e-08,-4.6661529401e-11,-2.0795627913e-10,-6.9458035277e-09,0.23174815556,0.02729295871,0.034872131142,0.040799867888
fx79l120,ok,,30.240326963,320838262.4,907500.70939,3653122.9208,151925487.31,480288.3746,25468391.959,-3.2701232043e-15,1.2961881898e-08,-3.5077645043e-08,-2.9118623839e-14,9.1145828187e-09,-3.7542215326e-14,2.3027742993e-14,6.3008000669e-08,-1.1422142671e-14,-4.1074654224e-08,-5.8346286766e-13,5.3014646536e-08,-8.9292319952e-15,-1.3736416235e-08,-1.2617698867e-13,0.23213376777,-8.2281057176e-11,0.037275277847,2.0897693102e-08
fx79l100,ok,,29.800105422,318165748.7,621155.02392,2615318.7849,152931279.1,320790.76839,24838143.411,-1.5671630219e-15,1.5495410331e-08,-4.2883061683e-08,-8.7936183114e-15,9.2911112423e-09,-1.3366919347e-14,2.1359994311e-14,7.6967320596e-08,-4.8987715593e-15,-7.5431842276e-08,-1.9615957628e-13,6.244765134e-08,-4.7596508561e-14,-1.9510735182e-08,-3.7596757011e-14,0.23077395349,3.7617868765e-11,0.046854867793,1.3267867777e-08
fx83w160,ok,,31.251816311,327615165.73,1792858.2127,6582888.3779,150442627.0,999131.51065,26868417.601,-2.0112471322e-09,1.092537746e-08,-2.3912160559e-08,-2.1242348228e-08,8.3688926416e-09,-4.1440997436e-09,2.1079332063e-08,4.3668471589e-08,-1.5558744706e-10,-3.9634982823e-08,-5.1021956431e-09,4.0103864925e-08,-7.4902415127e-09,-5.5235899146e-09,1.7314860437e-08,0.23466282806,0.025291388975,0.071059904464,0.037792253608
fx83w108,ok,,30.470618493,322888923.47,779086.93628,3531445.4446,153265724.12,447393.28827,25786193.388,-3.4621219926e-09,1.5146169772e-08,-3.6472049624e-08,-5.8862829386e-08,8.6006963325e-09,-6.7494729141e-09,5.9267671917e-08,6.0853133492e-08,-5.6836324043e-10,-8.9064630337e-08,-2.3459456565e-08,5.3626745574e-08,-3.6266687745e-08,-1.33844156e-08,1.8649373877e-08,0.23442783207,0.028292812504,0.06938908998,0.046174668935
fx79w660a,ok,,41.834533739,432121026.0,35326005.734,78040641.626,152149565.85,24956475.034,48865895.863,-1.8200993519e-10,3.466220468e-09,-4.5534697767e-09,-7.2107841604e-10,5.3296961272e-09,1.5512870966e-10,4.0378141557e-10,9.1065623435e-09,-6.0607247639e-13,-6.8665980183e-09,-6.9821419083e-13,9.1031647975e-09,-1.0048266483e-12,-6.2921220875e-12,-7.9839885473e-10,0.25952661111,0.01283488213,0.24256948097,0.014263984602
fx84w097,ok,,29.322691539,312086396.01,618241.74898,2797174.7686,148809919.83,334003.17859,23329082.251,-2.8090834232e-09,1.6562883523e-08,-4.2168109389e-08,-6.0629072476e-08,9.9355788287e-09,-1.5645629722e-09,5.2671954241e-08,7.4076800851e-08,-6.4672457505e-10,-1.1388233332e-07,-1.8345393919e-08,6.3668848474e-08,-2.9218868951e-08,-1.6566441181e-08,-2.3255087601e-08,0.22078755649,0.018536520289,0.07040681293,0.032564001112
fx83w227,ok,,32.207648057,335097579.79,3665777.4973,12049319.711,149336488.99,2088431.1681,28303800.04,-1.3848062834e-09,8.0132103146e-09,-1.6314425767e-08,-1.1836212801e-08,8.2618628513e-09,-5.5899749365e-10,1.077107304e-08,3.0839761203e-08,-8.4629774831e-11,-2.0542538772e-08,-6.3532123098e-10,2.9625713567e-08,-9.5143686237e-10,-1.8078338227e-09,-1.9637240968e-09,0.23246395813,0.023766188757,0.07530437637,0.03948435717
fx79w151a,ok,,31.06424808,325808686.09,1561096.4363,5992548.7263,149874798.74,883683.94367,26418985.081,-2.23749015e-09,1.1323941406e-08,-2.5698695162e-08,-3.0265074783e-08,9.323251735e-09,3.268800749e-10,2.8170727447e-08,4.5981140664e-08,-3.225487386e-10,-4.0713016717e-08,-3.7107574917e-09,4.2320533148e-08,-5.8838288169e-09,-5.7390866914e-09,-1.6561380195e-08,0.23455448945,0.023317217834,0.06355694531,0.043977222226
fx84w150,ok,,30.515635589,320685132.24,1555481.3092,6148264.6106,147626950.67,874875.01338,25201429.018,-2.6864732731e-09,1.1661159678e-08,-2.5959905063e-08,-3.5286711209e-08,9.2310681687e-09,-1.875358985e-09,3.1725739957e-08,4.6729819267e-08,-3.8422905646e-10,-5.4949448033e-08,-5.1907646986e-09,4.2751347767e-08,-8.2750941329e-09,-6.7286059915e-09,-8.1491062578e-09,0.22628381355,0.029259723747,0.085472839367,0.049348795523
fx84w140,ok,,30.363671165,319495583.92,1367260.2396,5527499.1359,147701007.07,768955.0015,24950845.849,-2.8074066238e-09,1.2395644918e-08,-2.7748804824e-08,-3.8892794388e-08,9.2839453281e-09,-2.4307609765e-09,3.5511763093e-08,4.9598739094e-08,-4.1800256141e-10,-6.3966550844e-08,-6.5172203711e-09,4.5161570654e-08,-1.0486172024e-08,-7.5986692622e-09,-7.4704192646e-09,0.22605997344,0.02860920029,0.087458921635,0.048553821716
fx84w127,ok,,30.081939705,317341897.12,1107059.4326,4590517.422,147880661.03,615175.4996,24505420.533,-2.7797183401e-09,1.3420419855e-08,-3.104242756e-08,-4.3310051554e-08,9.459344345e-09,-2.2244911542e-09,3.9027781763e-08,5.5278529466e-08,-4.6635498303e-10,-7.390601306e-08,-8.5744885182e-09,4.9661106438e-08,-1.3682063595e-08,-9.4163588067e-09,-1.0372665717e-08,0.22502316551,0.02520846047,0.081818348881,0.043206073933
fx84w175,ok,,30.946037721,324295341.34,2169955.2382,8189247.5731,147559619.79,1229800.483,25924593.641,-2.3026095897e-09,9.9195516211e-09,-2.1827217023e-08,-2.4997048225e-08,8.8339736219e-09,-1.6112673963e-09,2.3079275194e-08,3.9774450079e-08,-2.8066126192e-10,-3.8035658499e-08,-3.055156054e-09,3.6768510415e-08,-4.7887119314e-09,-4.9522518274e-09,-3.5056861636e-09,0.22621882344,0.029766666848,0.082535676398,0.050080994102
giiia,ok,,30.767953783,323530459.88,908159.72791,3095372.0869,150740463.48,462717.32272,26003711.221,-3.45127197e-10,1.7132587169e-08,-3.3828341603e-08,-1.0826527849e-08,9.3008881674e-09,2.6498228947e-09,5.2143162581e-09,6.5624693221e-08,-9.4689630775e-11,-1.0585786774e-07,1.2369376116e-09,6.0111719372e-08,1.0342601429e-09,-7.0403536764e-09,-2.215512921e-08,0.2389456075,0.0025603302347,0.096135852367,0.0047354320342
giiib,ok,,30.548776307,322222624.45,795861.90442,2802871.1778,150837018.34,405195.42453,25678752.613,-5.4768166056e-10,1.7982294799e-08,-3.6424420262e-08,-1.4894662492e-08,9.4053170788e-09,2.316603317e-09,9.0767984225e-09,7.0102006443e-08,-1.3962580922e-10,-1.23830618e-07,5.876633085e-10,6.3077566279e-08,-9.3717903976e-11,-9.0441816374e-09,-2.3674516948e-08,0.23782520577,0.0037541890833,0.098552071464,0.0072238780785
geminism,ok,,31.501327028,329415735.4,1653708.7421,5679521.8093,151266770.2,901976.55398,27384954.915,-1.3336729493e-09,1.1878933906e-08,-2.4724995479e-08,-1.8183940103e-08,8.9399545007e-09,6.8323687477e-11,1.5724699251e-08,4.6334078127e-08,-1.3773973487e-10,-4.0888070501e-08,-1.8216551496e-09,4.3312367585e-08,-2.7346348042e-09,-4.1798643659e-09,-8.2395184452e-09,0.24110545489,0.014610461971,0.067616959636,0.026004072618
fxlv152,ok,,30.32941834,320434284.0,1461784.1313,5776904.2171,149207502.3,795965.33645,25285691.942,-1.2473910962e-15,1.0637443665e-08,-2.749049949e-08,-7.468268432e-15,9.0317104897e-09,-5.3555458819e-15,2.1474570102e-14,4.967645876e-08,-2.0238444028e-15,-3.2723224086e-08,-9.9857986054e-14,4.2956736755e-08,5.2723398746e-14,-9.632938329e-09,-2.1883953718e-14,0.22837304915,1.9664826639e-09,0.047834289693,3.1391185802e-08
fxs21158,ok,,29.955376004,317961847.19,1295109.2044,6099367.1049,149604948.04,757673.66456,24600604.322,-2.5226378995e-09,9.4648499065e-09,-2.9297854278e-08,-3.5959855842e-08,9.2574821017e-09,-2.1219693575e-10,3.1661313198e-08,4.860067111e-08,-6.0635403534e-10,-1.6434085731e-08,-8.0548360679e-09,4.0845726113e-08,-1.3418693988e-08,-1.2837442149e-08,-6.2469470261e-09,0.22354728611,0.026188358879,0.021283935696,0.041004858144
fxl142k,ok,,30.30443557,320714158.11,1210636.1192,4953039.7512,150683005.39,660346.06864,25388629.569,1.2120402392e-15,1.0481422676e-08,-3.0280967062e-08,8.376559957e-15,9.0184963765e-09,5.3496403283e-15,-8.2028890955e-15,5.3560763879e-08,3.4456826152e-15,-1.4153981314e-08,1.0501856307e-13,4.5601778556e-08,-8.3149168193e-14,-1.1217542179e-08,2.2939977857e-14,0.22896726377,-2.0629580953e-09,0.017135321009,-9.9307138206e-09
giiic,ok,,30.327006625,320897753.31,706423.70221,2572576.8886,150922592.25,358985.07757,25354602.224,-7.2934972261e-10,1.8867235491e-08,-3.8964093317e-08,-1.9208562837e-08,9.5081562274e-09,2.0746579905e-09,1.2913403539e-08,7.4452721227e-08,-1.9551461174e-10,-1.477797414e-07,-4.1477330564e-10,6.5769543122e-08,-1.8071330813e-09,-1.1270839359e-08,-2.643094236e-08,0.23643245118,0.0046526670347,0.10439511203,0.0091223343366
giiid,ok,,30.257371041,320504344.38,670973.62916,2468135.4952,150985566.3,340669.23011,25250513.214,-8.0868560653e-10,1.9362044131e-08,-4.0051713467e-08,-2.1297086563e-08,9.5477032692e-09,1.912902204e-09,1.4627143853e-08,7.64078777e-08,-2.1615021463e-10,-1.6040716551e-07,-9.6532220173e-10,6.7157118131e-08,-2.7594274647e-09,-1.2026337513e-08,-2.738908598e-08,0.23604547404,0.0050532577327,0.10762897798,0.0098144277955
giiie,ok,,30.059360837,319611334.18,531535.49324,2004994.9654,151440766.34,268200.54097,24950066.48,-1.1816143656e-09,2.2356314903e-08,-4.5028442658e-08,-3.2969789444e-08,9.7017128518e-09,7.3026384931e-10,2.3087217899e-08,8.5996012438e-08,-2.8699358299e-10,-2.4028372615e-07,-4.1095302207e-09,7.4757285711e-08,-8.778549478e-09,-1.4449177644e-08,-3.0739201687e-08,0.23526002441,0.0069034424252,0.1277193289,0.012271675754
giiif,ok,,29.959067412,319321642.65,458952.93695,1753182.6987,151814472.69,230450.91808,24802810.408,-1.4287665589e-09,2.4783913245e-08,-4.8337973456e-08,-4.2592049438e-08,9.8051076862e-09,-3.1960478732e-10,2.924794299e-08,9.2698726093e-08,-3.3049357903e-10,-3.1737357907e-07,-6.6260386017e-09,8.0181799965e-08,-1.4710811076e-08,-1.5762671997e-08,-3.3929338343e-08,0.23491915711,0.0079790253483,0.14565953623,0.013423429335
giiii,ok,,30.041842241,319770271.31,493564.7281,1865887.6278,152012256.15,247476.15966,24952963.532,-1.4476980219e-09,2.2730915154e-08,-4.6744456062e-08,-4.2727541815e-08,9.7543080815e-09,8.2500036278e-10,2.8001746836e-08,8.9069983143e-08,-3.3669531982e-10,-2.4341592275e-07,-7.1520086823e-09,7.7352798979e-08,-1.210141106e-08,-1.561427499e-08,-3.4970163274e-08,0.23415346845,0.0085482645794,0.12014151373,0.013820674563
fx84w218,ok,,31.545377069,329737491.33,3343229.4881,11897084.955,147712491.39,1906919.8538,26988516.93,-1.347944616e-09,7.5766760477e-09,-1.7438055039e-08,-1.182678421e-08,8.3166205471e-09,-4.2032659692e-10,1.0934109099e-08,3.2301720492e-08,-1.4774482452e-10,-1.7963709189e-08,-1.073628846e-09,3.0042672093e-08,-1.609085186e-09,-3.4240927401e-09,-2.2018424984e-09,0.22310881267,0.021616364416,0.060056802276,0.036555235965
giiig,ok,,29.971116487,319376546.2,464018.83849,1767780.5469,151812859.86,232974.58394,24821422.58,-1.4249191621e-09,2.4544511758e-08,-4.8102061289e-08,-4.2400815661e-08,9.7961577328e-09,-1.8204067307e-10,2.8889933081e-08,9.2183774922e-08,-3.2940472303e-10,-3.08244702e-07,-6.7779958615e-09,7.9837200004e-08,-1.4197540849e-08,-1.5756112921e-08,-3.3805128272e-08,0.23485053797,0.0080291944017,0.14303134859,0.013405473192
giiih,ok,,29.992480206,319473300.93,473651.88612,1797084.4501,151829490.5,237748.1387,24856109.891,-1.4207524526e-09,2.4042581907e-08,-4.7659026414e-08,-4.2131329038e-08,9.7803860757e-09,9.465399371e-11,2.8320434737e-08,9.119708322e-08,-3.2834263218e-10,-2.8964790614e-07,-7.0134070382e-09,7.9128616627e-08,-1.3358922536e-08,-1.573522578e-08,-3.3718185906e-08,0.234691597,0.0081357828224,0.13719227705,0.013414027329
giiij,ok,,30.067505712,319977283.11,502789.20456,1906821.9849,152228745.49,252031.19497,25015973.696,-1.4998614902e-09,2.1782826368e-08,-4.6336177446e-08,-4.4269565056e-08,9.754688053e-09,1.4214628164e-09,2.8760736294e-08,8.7887937526e-08,-3.5504647879e-10,-2.1150347353e-07,-7.1670597988e-09,7.6208954342e-08,-1.1625698338e-08,-1.5633045694e-08,-3.7365123292e-08,0.23357213954,0.0089585239068,0.10634166322,0.014460587724
giiin,ok,,29.76975862,318287539.08,481270.12205,2038659.0244,153437313.86,244621.65912,24693353.064,-2.1319775727e-09,1.7923803289e-08,-4.8005892109e-08,-6.5883545708e-08,1.0350496553e-08,5.8238507036e-09,4.3362498139e-08,8.6717067743e-08,-7.2212050763e-10,-1.1231618741e-07,-8.7435669524e-09,7.1817322503e-08,-1.3484086948e-08,-2.0404228409e-08,-7.4568818479e-08,0.22582627915,0.012001246271,0.054054425223,0.020869074772
giiil,ok,,30.076688866,320215265.2,505155.42637,1949404.18,152716065.67,253784.06011,25085445.689,-1.6533447759e-09,2.0391482951e-08,-4.6296731017e-08,-4.9524443202e-08,9.8352672025e-09,2.7415417954e-09,3.1882885446e-08,8.68169083e-08,-4.2105784178e-10,-1.676235219e-07,-7.0598285902e-09,7.4745322219e-08,-1.1177239306e-08,-1.6201423547e-08,-4.5853503136e-08,0.23223130126,0.0098674146425,0.084675931676,0.016105812591
giiim,ok,,29.978117976,319814386.55,493137.58081,1990765.5674,153339315.59,249408.21274,25011507.275,-1.9188517795e-09,1.8909812573e-08,-4.7109102842e-08,-5.8817927156e-08,1.0084870959e-08,4.6384760029e-09,3.8079729059e-08,8.655515004e-08,-5.7180280497e-10,-1.2973719648e-07,-7.3332762241e-09,7.3088265412e-08,-1.1578475016e-08,-1.8181932152e-08,-6.1807273297e-08,0.22949951832,0.011134556774,0.063978287215,0.018778545466
giiik,ok,,30.080040529,320156208.93,506330.64416,1937803.0873,152521241.96,254066.34815,25067863.606,-1.5859261538e-09,2.0869504291e-08,-4.6208725069e-08,-4.7118539798e-08,9.7889989622e-09,2.1864258834e-09,3.0443303883e-08,8.7063776016e-08,-3.9008360103e-10,-1.8216985917e-07,-7.1225686423e-09,7.5215125122e-08,-1.1317092546e-08,-1.5891111233e-08,-4.1875419627e-08,0.23279469464,0.0094955871139,0.09223818214,0.015414377665
glennmartin2,ok,,31.480309672,326673083.4,1229757.9514,4372809.0851,146437318.73,801560.13858,26466667.398,-4.8462539506e-09,1.2211086892e-08,-2.6552357702e-08,-7.8402363994e-08,1.1805601771e-08,9.6858701328e-09,7.2503859554e-08,4.7913795672e-08,4.2487995014e-10,1.2332995419e-08,4.9278453507e-09,4.9434368669e-08,4.91909168e-09,3.7180052474e-09,-4.7774438307e-08,0.23251957598,0.054021906921,-0.015166599181,0.089162197794
glennmartin3,ok,,31.501811486,326631424.03,1558032.0391,4649942.8547,148291806.94,883255.94015,26698809.326,-4.4393644115e-09,1.3709615139e-08,-2.3928386886e-08,-6.9933541586e-08,1.0541275819e-08,2.3528064464e-09,5.0090892542e-08,4.7149952572e-08,3.0692912444e-10,-4.0582857288e-08,3.3942662537e-09,4.8746650108e-08,3.2804707649e-09,3.103697563e-09,-2.8831092965e-08,0.23370341472,0.055855390139,0.063229391894,0.078043215449
glennmartin4,ok,,31.624907321,327761368.41,1821359.335,5619719.7508,147563409.16,1077184.3743,26846980.474,-4.4615195055e-09,1.2398488805e-08,-2.2103389768e-08,-6.0392160658e-08,9.7351530337e-09,1.0129313773e-10,4.7376024563e-08,4.2720574839e-08,3.1244841053e-10,-3.3757624561e-08,3.8041118562e-09,4.4089467845e-08,3.9803047751e-09,3.0803344277e-09,-1.5499431099e-08,0.23421394304,0.061160882001,0.061484764622,0.086288764592
gm15sm,ok,,28.556445407,313813046.38,215991.26843,2232486.2275,172396889.77,159115.56961,23530457.247,-6.2410555031e-09,1.9109197863e-08,-6.3969344026e-08,-2.0015146176e-07,8.0245267291e-09,-1.4319338602e-08,2.4806341105e-07,6.6470240909e-08,-2.9073037165e-09,-2.1743578773e-07,-1.4169566991e-07,5.6412898094e-08,-3.2417415747e-07,-5.5090703338e-08,4.0930887996e-08,0.21948548781,0.033278087292,0.046964231594,0.053579530804
goe05k,ok,,28.629122369,326536250.55,88212.514624,571042.51623,181580756.77,41238.770982,24141817.198,-3.735637452e-09,4.9001479296e-08,-8.8803516663e-08,-2.6385716981e-07,9.5101307663e-09,-4.8278510636e-08,1.983905712e-07,1.8082644919e-07,-2.5342220594e-10,-2.6157127842e-06,6.5946638679e-09,1.1867561697e-07,-6.972745919e-07,-1.9113875313e-08,3.086088905e-08,0.23769833216,0.011183673923,0.23073860223,0.017500531163
goe06k,ok,,30.471575716,322252133.29,396598.9263,1475676.5812,150409427.4,223375.78023,25137522.285,-3.8264604573e-09,3.3370305383e-08,-5.0203766221e-08,-9.77430139e-08,9.7628939077e-09,-2.3500789151e-08,9.1250612336e-08,8.9858091675e-08,-4.2082770829e-10,-6.2227553567e-07,-3.9741138678e-08,8.8811474861e-08,-2.8547403046e-08,-1.1322431456e-08,2.5870811328e-09,0.24683476926,0.021976073054,0.24679380931,0.036189894876
goe07k,ok,,30.924129995,321916288.96,857546.74158,2804279.1615,146502342.19,527187.05809,25415617.802,-3.6221411993e-09,2.0697890503e-08,-3.1725899232e-08,-5.9479112824e-08,9.2252104519e-09,-9.086820957e-09,6.1967248075e-08,6.0831987794e-08,2.9650024135e-10,-1.5583966573e-07,1.1828659432e-08,6.2258277298e-08,9.6792891327e-09,5.5033764909e-09,6.8104097387e-09,0.23988887779,0.032218330028,0.13363979756,0.053139811671
goe101,ok,,29.051757426,315499107.42,268379.15494,1759367.8929,159008199.15,162247.2185,23662411.75,-5.4747274357e-09,2.0913886484e-08,-6.0217748204e-08,-1.8870765586e-07,1.2316663504e-08,-1.4523518239e-09,1.7105501696e-07,8.7549716183e-08,-1.8193365334e-09,-1.902521273e-07,-7.9873854627e-08,7.4330584839e-08,-1.5487768671e-07,-3.1470086713e-08,-9.2770525825e-08,0.22416516871,0.027249429562,0.05105970515,0.045907600899
goe09k,ok,,26.744036105,327650759.72,39304.902316,450311.75524,249524959.91,15106.213849,23149752.128,-3.1019913545e-09,4.2385434481e-08,-1.1783124867e-07,-4.1420077431e-07,8.7207574339e-09,-5.8605319248e-08,2.5592254984e-07,2.7760114199e-07,9.7636523956e-12,-5.3063216308e-06,1.9329452369e-07,8.5138217967e-08,-1.6633636876e-06,-3.7882108696e-08,1.4185057536e-07,0.22242923534,0.0067336633665,0.20856445336,0.010059010822
goe08k,ok,,31.36379876,325290620.44,1650548.9585,5288923.0171,146299197.48,1016648.8411,26187122.36,-3.5366215469e-09,1.5104251798e-08,-2.3104645493e-08,-4.144970808e-08,8.8826024086e-09,-6.9549990777e-09,4.323582953e-08,4.4147853012e-08,2.643119991e-10,-8.8650583678e-08,5.1293540675e-09,4.5254017511e-08,5.6112663345e-09,3.6069562518e-09,5.2188992341e-09,0.23836214304,0.043405767974,0.14632212856,0.0713628534
goe100,ok,,30.615315163,326732368.56,345253.54474,1617448.5049,157091395.45,191567.23078,26154540.798,-4.4684071171e-09,2.4389166677e-08,-5.2384907271e-08,-1.4634482233e-07,1.1550986095e-08,-2.7380416266e-09,1.2054978345e-07,8.8053913915e-08,-7.603981987e-10,-2.7058539587e-07,-3.1468302956e-08,7.98242837e-08,-7.0931954929e-08,-1.3308768376e-08,-8.0733242271e-08,0.24284114464,0.024284982239,0.093420567082,0.041620240054
goe10k,ok,,29.243439617,328765050.42,103853.02643,542035.40234,174116943.41,48154.561153,24567212.736,-3.3261994629e-09,5.0463274544e-08,-8.9799972899e-08,-2.0298545902e-07,9.2187826595e-09,-3.7219776082e-08,1.5702787143e-07,1.746184864e-07,-4.2650944228e-10,-2.0127543189e-06,-1.7375281721e-07,1.329211551e-07,-3.9726260736e-07,-3.1606041438e-08,4.1486176186e-08,0.2364412358,0.010247066826,0.20903062748,0.016307819682
goe115,ok,,29.860105206,318826813.64,565560.47793,2905807.3691,153701732.3,331202.4667,24756482.482,-3.5557637802e-09,1.5865711308e-08,-4.3132125864e-08,-7.2477349265e-08,9.3941053331e-09,-4.2518275856e-09,7.4473389216e-08,6.8794872031e-08,-7.8518993618e-10,-8.9814719606e-08,-3.1623158177e-08,5.8669636025e-08,-5.445207301e-08,-1.8130350297e-08,-3.1267340351e-11,0.2325464228,0.02400226865,0.050795655746,0.042119205598
goe113,ok,,29.993991728,323074162.5,280708.33097,1390601.85,158925725.48,153088.17943,25284426.537,-4.4179472765e-09,2.4581422989e-08,-5.8906734398e-08,-1.6081458127e-07,1.1414560236e-08,-1.4949153506e-09,1.2633166217e-07,9.9434132561e-08,-1.0376921106e-09,-2.6586896406e-07,-4.6554219185e-08,8.4791511731e-08,-1.0454358976e-07,-2.1686134438e-08,-8.2098601854e-08,0.23746061052,0.021637768563,0.074631633157,0.035462350036
goe114,ok,,29.857185672,318439085.13,535875.59182,2666454.2456,152460946.43,309872.78932,24601763.607,-3.3127335501e-09,1.7955259833e-08,-4.362156412e-08,-6.58744413e-08,9.2020695743e-09,-7.8714924786e-09,7.1556079843e-08,7.2468542317e-08,-4.9908185957e-10,-1.4227488426e-07,-2.6830499749e-08,6.2211441306e-08,-5.8117552738e-08,-1.4612049934e-08,1.893973941e-08,0.23589055926,0.021797877717,0.076241637803,0.038345156634
goe121,ok,,29.775664976,322319375.7,264161.43513,2058853.7668,163590886.57,179358.44313,25115394.845,-5.803908852e-09,1.9622754097e-08,-5.9025518076e-08,-1.8441561517e-07,1.0979891326e-08,-4.8230312534e-09,2.0393134025e-07,7.28107592e-08,-1.8600640908e-09,-1.5795475481e-07,-9.5923011891e-08,6.4981423487e-08,-1.7204754877e-07,-3.0328600721e-08,-5.3814465327e-08,0.23103317484,0.030849442198,0.041725554716,0.053870795509
goe117,ok,,30.0748913,320475359.35,509615.45562,2769699.5438,153656201.61,315462.30262,24975161.533,-4.4348615571e-09,1.7880054387e-08,-4.4332805054e-08,-9.6177133101e-08,9.7970521657e-09,-6.924684126e-09,1.0228286165e-07,6.7744117134e-08,-8.9730876565e-10,-1.4997620904e-07,-3.1635229553e-08,6.0726339829e-08,-6.0220994511e-08,-1.5836750359e-08,-1.3886939651e-08,0.23415533572,0.029315040585,0.076430194102,0.052124927143
goe118,ok,,30.198699135,322732408.16,452392.24383,3018586.7483,156191307.27,314674.47311,25409932.499,-5.6148957601e-09,1.8163942239e-08,-4.5007076816e-08,-1.2985143567e-07,1.0972783637e-08,-9.8515204288e-09,1.4731101448e-07,6.0734599842e-08,-1.2581569084e-09,-1.9971683701e-07,-3.187811813e-08,5.6418367553e-08,-9.0848821567e-08,-1.6198642702e-08,-3.9915456317e-08,0.23732998405,0.037886031403,0.090350348025,0.066642360384
goe11k,ok,,30.678333848,324559362.42,445535.06019,1654583.7929,152362653.05,233021.81926,25730279.451,-3.2061016389e-09,2.8241690692e-08,-4.6449815752e-08,-7.9575806951e-08,9.2144005352e-09,-1.4754297526e-08,7.1583895853e-08,8.7833351365e-08,-1.9080428269e-10,-3.9779145583e-07,-1.6193823993e-08,8.2708595333e-08,-3.4404039591e-08,-6.5747636599e-09,1.3371943362e-08,0.24346671887,0.019301719658,0.17723004022,0.031893135348
goe116,ok,,30.456190318,323552076.49,584012.51277,2920949.6642,154588462.39,349514.73535,25820948.526,-3.7768864305e-09,1.7116562349e-08,-4.1674638417e-08,-7.6428283145e-08,9.5937630691e-09,-5.2366008276e-09,8.0964879021e-08,6.6162170487e-08,-7.3790967125e-10,-1.2626580736e-07,-2.6425496016e-08,5.8392511116e-08,-4.8613879598e-08,-1.4332163798e-08,-1.1242129642e-08,0.23996192491,0.025770334515,0.073740811435,0.047284502443
goe124,ok,,30.254582075,323937393.04,397952.33695,2744268.0297,159944540.24,271283.42752,25786888.951,-5.8523712471e-09,1.7350753419e-08,-4.8435232892e-08,-1.5305000734e-07,1.1908726288e-08,-2.7994576017e-09,1.6379922937e-07,6.2731790311e-08,-1.7153139472e-09,-1.3262206616e-07,-5.4322805084e-08,5.7677204555e-08,-1.0304182625e-07,-2.1821452436e-08,-6.874269789e-08,0.233380297,0.037180751361,0.052777261158,0.065184286119
goe123,ok,,29.944709505,324352917.21,228737.21363,2144581.4364,161315272.98,180410.3682,25122862.043,-7.0932866501e-09,2.4257445113e-08,-5.9833625884e-08,-2.3965163128e-07,1.3618270429e-08,-2.3081391786e-08,2.9171687877e-07,6.4150962394e-08,-1.9363240703e-09,-4.5982899332e-07,-8.1655440041e-08,6.5850102981e-08,-1.8753853867e-07,-2.4573396776e-08,-1.0269856517e-07,0.23046010223,0.038979182902,0.10518000268,0.066726506021
goe122,ok,,29.827825105,321079652.87,331348.6658,1953317.9512,159132532.16,197612.68366,25068473.842,-5.0555502112e-09,1.9441630284e-08,-5.4565625717e-08,-1.601563796e-07,1.2444641443e-08,2.5273484509e-09,1.4330881418e-07,8.1251993768e-08,-1.5398153059e-09,-1.3502939281e-07,-5.9399345089e-08,7.006607126e-08,-1.0457105334e-07,-2.4521369636e-08,-1.0027444844e-07,0.23228786318,0.027056743793,0.044741809152,0.047485184377
goe137,ok,,30.372104547,323590480.46,484434.68258,2520451.0494,156006663.42,288895.40733,25766676.646,-4.62931013e-09,1.7239958442e-08,-4.5299210512e-08,-1.1733624782e-07,1.1270506093e-08,1.1289227621e-09,1.0761341166e-07,7.0425699e-08,-1.066213485e-09,-9.6457727264e-08,-3.2522572079e-08,6.2675344789e-08,-5.7559324343e-08,-1.6106319409e-08,-6.1779617997e-08,0.23634933845,0.029689143768,0.046727468489,0.052131668918
goe12k,ok,,31.079466914,323075501.13,958108.09967,2991171.6608,147106735.47,568219.7776,25757909.609,-3.0970534872e-09,1.8762619598e-08,-3.0147057361e-08,-4.7936044646e-08,8.9183491139e-09,-6.4559838845e-09,4.9334496864e-08,5.8599147773e-08,2.1513986995e-10,-1.0024805645e-07,8.8919330199e-09,6.0687454434e-08,9.0746549584e-09,4.7114266433e-09,1.1182442792e-08,0.2375541402,0.028748834814,0.096048474864,0.047267781039
goe133,ok,,30.136608581,322376225.5,405265.10583,2140412.8411,156853158.27,236721.49702,25408100.798,-5.0371886401e-09,1.8865100957e-08,-4.9202311223e-08,-1.4453779798e-07,1.1577577595e-08,7.8109173358e-10,1.246866623e-07,7.7006722757e-08,-1.2072191556e-09,-1.1710106431e-07,-4.4335068126e-08,6.8176915427e-08,-7.6142352475e-08,-1.8923677532e-08,-6.9619887775e-08,0.23356000109,0.030374342492,0.047456975221,0.050531153392
goe14,ok,,30.896851266,327649277.59,682063.71154,4030062.066,155052490.75,459582.51628,26612666.722,-5.5947028641e-09,1.2559044175e-08,-3.7469057409e-08,-1.1464407972e-07,1.247538898e-08,4.5289247678e-09,1.1745612598e-07,5.2474083602e-08,-1.2215325722e-09,-3.6864461929e-08,-2.0055171337e-08,4.8850110368e-08,-3.7102727218e-08,-1.1863831091e-08,-7.3760259863e-08,0.22818958081,0.045005722301,0.025143911727,0.080112561228
goe140,ok,,30.808448141,328045333.92,477680.27742,2748768.1725,158570230.26,305960.55864,26780269.205,-5.2877656029e-09,1.592496921e-08,-4.485036977e-08,-1.3459084966e-07,1.2392156333e-08,4.1586640363e-09,1.298494618e-07,6.4445284943e-08,-1.2995343758e-09,-6.5152346066e-08,-3.3803318476e-08,5.8203704237e-08,-6.1300626068e-08,-1.6006524452e-08,-8.354768368e-08,0.23950957102,0.035080279987,0.031121990743,0.062026526934
goe143,ok,,29.925009592,321877581.97,346822.86132,2000715.1803,159976162.45,202852.86447,25319864.565,-4.7645920968e-09,1.7900160577e-08,-5.3827543567e-08,-1.457444901e-07,1.1327130364e-08,3.1339684017e-09,1.3018948424e-07,8.0737265811e-08,-1.4423080818e-09,-6.867699583e-08,-6.2504793409e-08,6.817546455e-08,-9.847681593e-08,-2.5444762493e-08,-7.2563029202e-08,0.23241996243,0.026149266861,0.023818752201,0.045152689438
goe134,ok,,31.32953007,330106260.77,620899.33226,2484188.9329,155232929.59,346739.22005,27376008.355,-3.9766538644e-09,1.8293564948e-08,-3.9604533591e-08,-9.5577249928e-08,1.0595932058e-08,1.0804724081e-09,7.6665547407e-08,6.9371552675e-08,-4.9461152701e-10,-1.0476170371e-07,-1.2075379953e-08,6.4208420224e-08,-2.2613069939e-08,-7.8731255509e-09,-4.8427025004e-08,0.24605597936,0.029017008966,0.065046471878,0.047601587192
goe13k,ok,,31.531888088,326804074.99,1794564.8943,5493357.9755,147247530.29,1066737.6661,26622313.579,-3.0266195364e-09,1.3835566495e-08,-2.2174065552e-08,-3.3897319485e-08,8.5244968421e-09,-5.2414360363e-09,3.4974681895e-08,4.3033334383e-08,1.9667086209e-10,-6.1834505884e-08,4.188023816e-09,4.4503860343e-08,5.0922278647e-09,3.2199168951e-09,8.73952151e-09,0.23533438577,0.038356990673,0.11096603352,0.06276433632
goe144,ok,,29.918502331,321946849.43,329376.3318,2232568.5121,159235823.16,214914.22367,25072283.233,-5.5326822773e-09,1.7839252379e-08,-5.3511595717e-08,-1.6046313128e-07,1.1102986906e-08,-5.3101623924e-10,1.6794658558e-07,7.177914458e-08,-1.4610515805e-09,-8.6351537766e-08,-6.427294426e-08,6.4479812322e-08,-1.1671338449e-07,-2.2830663115e-08,-5.3707215486e-08,0.23190252087,0.031813362961,0.028442152755,0.055317630296
goe142,ok,,29.730277872,321952587.8,249499.4496,1584322.285,161826922.59,150655.55032,24965114.712,-5.4363033031e-09,2.247071957e-08,-6.1611150279e-08,-1.9823467348e-07,1.217990064e-08,-1.3058733375e-09,1.8145453782e-07,8.8768243691e-08,-1.6270858022e-09,-2.0574574889e-07,-9.2662390769e-08,7.7378683491e-08,-1.5299907983e-07,-2.8639529309e-08,-9.9143279138e-08,0.23008441201,0.026434436024,0.051333451107,0.045272807313
goe147,ok,,29.477784675,319401416.93,289118.58634,2005288.3054,164085312.06,173950.92003,24790239.866,-4.884805392e-09,1.4013518174e-08,-5.9603603708e-08,-1.6414576254e-07,1.2264666238e-08,1.2406121079e-08,1.5206339815e-07,8.1639493126e-08,-1.9531698221e-09,9.9996263907e-08,-7.6476342487e-08,6.4101070636e-08,-1.2277798062e-07,-3.3945319237e-08,-1.0677994529e-07,0.22835487072,0.024320188762,-0.02891077846,0.043964354708
goe14k,ok,,30.997522829,321958611.6,1157089.8845,3326822.0652,147448575.54,643992.53229,25618766.111,-1.8578984205e-09,1.9159006286e-08,-2.7514263291e-08,-2.6486150534e-08,9.226542059e-09,-4.6442941356e-09,2.6704679664e-08,5.6198355187e-08,1.279987193e-10,-1.2160730906e-07,4.6552435029e-09,5.8122758166e-08,4.3925485281e-09,4.2410791829e-09,6.1036289786e-09,0.23903601796,0.017996745223,0.1407105872,0.03089971471
goe15,ok,,31.151008564,329613403.98,596313.83433,3907725.0988,154161742.81,439983.38109,26831427.156,-6.290964132e-09,1.428432431e-08,-3.9295150019e-08,-1.327350186e-07,1.3654765009e-08,1.3180391402e-10,1.4969032002e-07,5.1147840538e-08,-1.0212409131e-09,-9.5709528173e-08,-1.6468285927e-08,4.9941867195e-08,-3.5859920931e-08,-8.974494892e-09,-8.5926052581e-08,0.23119859327,0.049732875283,0.057072915727,0.089262408695
goe155,ok,,30.349548284,325340739.74,324397.82167,2334001.9708,159321607.86,230167.05346,25784598.767,-6.0494345914e-09,2.0335495962e-08,-5.2523003172e-08,-1.7519016691e-07,1.2864417467e-08,-6.3988789081e-09,1.9553903204e-07,6.6314813093e-08,-1.4802368549e-09,-2.2859989318e-07,-5.622337288e-08,6.3542485445e-08,-1.1731462842e-07,-1.8983771198e-08,-9.1574246955e-08,0.23634419829,0.03535734567,0.074157307383,0.063432436045
goe15k,ok,,31.316943109,324588839.88,1878303.922,5353795.6728,147579775.28,1047484.2797,26237170.297,-1.8231043574e-09,1.5098340768e-08,-2.1724357721e-08,-2.0306812581e-08,8.9656453947e-09,-3.8066895982e-09,2.046329233e-08,4.4195809464e-08,1.1609718896e-10,-8.0707978804e-08,2.5064222463e-09,4.5675171935e-08,2.7770242846e-09,3.0597561274e-09,4.8422754694e-09,0.23792929943,0.022478496086,0.15159411312,0.038436282241
goe164,ok,,30.673561886,327013520.45,405594.67583,3268533.8161,158267593.82,316943.74521,26125740.945,-6.3906619651e-09,1.4185702805e-08,-4.659529666e-08,-1.5162293886e-07,1.0817216969e-08,9.2518151479e-10,1.9295618901e-07,5.2742850559e-08,-1.2471969131e-09,-3.2427487587e-08,-3.8232569368e-08,5.1904641786e-08,-8.4156504528e-08,-1.4481036008e-08,-3.7527818266e-08,0.23545126349,0.045261918849,0.013152416316,0.078262002932
goe165,ok,,30.547040207,325795275.26,668824.6676,4238879.6333,158660192.99,450276.56482,26292848.352,-4.6100374758e-09,1.0590662041e-08,-3.842463444e-08,-8.5888329194e-08,8.8778595887e-09,1.4025058826e-09,9.3780276173e-08,5.1661600967e-08,-1.1462743995e-09,2.7679565565e-08,-3.2431990764e-08,4.4423791667e-08,-5.9773776369e-08,-1.7749212601e-08,3.0574693754e-09,0.23653271225,0.038999213227,-0.018512776238,0.062722562039
goe167,ok,,31.224008194,329913742.91,633382.41734,2902347.1495,156188097.65,377640.40923,27350740.838,-4.0554654894e-09,1.6342066614e-08,-3.9544616973e-08,-9.1343352778e-08,1.1019471567e-08,2.3451306346e-09,8.2819680681e-08,6.4074016515e-08,-7.6602600991e-10,-8.5056492677e-08,-1.7081625997e-08,5.8027721388e-08,-3.0162269751e-08,-1.0806806885e-08,-5.91343463e-08,0.24544720572,0.029028418841,0.053873286943,0.052456529553
goe16k,ok,,31.697185788,328156601.51,2815494.8925,7958757.6618,147877024.15,1580136.2826,26977996.65,-1.7952326487e-09,1.2325147641e-08,-1.7775407445e-08,-1.6307476836e-08,8.6832268675e-09,-3.197420769e-09,1.6408186304e-08,3.6028887249e-08,1.0704737292e-10,-5.7010294864e-08,1.5025139177e-09,3.7184985471e-08,1.8147106709e-09,2.2963938038e-09,3.8902743181e-09,0.23695106417,0.027225705632,0.16051219401,0.046197164735
goe173,ok,,30.363728116,325038842.18,376669.46604,2618689.9311,158497166.99,263502.27763,25804623.267,-6.3426081559e-09,1.7260832781e-08,-4.8680175457e-08,-1.7495037698e-07,1.322536361e-08,3.4874017745e-10,1.8547452397e-07,6.2928875658e-08,-1.4913860885e-09,-1.1068955417e-07,-4.2366373527e-08,5.9796446232e-08,-9.7127511683e-08,-1.7081585119e-08,-8.9454228564e-08,0.23467011727,0.04059111972,0.041693375265,0.06986258991
goe174,ok,,30.723172117,327606496.15,452530.07023,2783105.5092,158611009.93,300068.06622,26572458.46,-5.6053490895e-09,1.5915402583e-08,-4.5496908948e-08,-1.4205885936e-07,1.2108904084e-08,2.8670197672e-09,1.4543679114e-07,6.2508644734e-08,-1.2908844013e-09,-6.2126095349e-08,-3.7647160142e-08,5.7630755381e-08,-7.0700065635e-08,-1.5739582446e-08,-7.2972567221e-08,0.23895027027,0.037413248171,0.028113926291,0.065814521309
goe177,ok,,29.938223286,321940335.64,329901.94651,2317531.6239,159460837.45,221078.69843,25100254.115,-5.8435612065e-09,1.7070738656e-08,-5.306955255e-08,-1.7211666608e-07,1.2329597094e-08,2.6233848525e-09,1.7909322159e-07,6.9773537632e-08,-1.5935754684e-09,-6.8602560491e-08,-5.5357015361e-08,6.2942813189e-08,-1.1542575209e-07,-2.2051654317e-08,-8.0407238939e-08,0.23258053137,0.033927720603,0.022632118241,0.059083202408
goe176,ok,,30.63894112,326125349.57,565482.77944,3417613.3424,157875830.54,370755.3873,26352582.733,-5.0759275894e-09,1.2900823653e-08,-4.1344232673e-08,-1.1008178464e-07,1.0417887628e-08,3.3158164751e-09,1.153767224e-07,5.7240181844e-08,-1.1855700894e-09,3.5121041533e-10,-3.2758631169e-08,5.1350151879e-08,-5.9205162019e-08,-1.5685082941e-08,-3.4947096083e-08,0.23690452973,0.037750313409,-0.00019860344183,0.065243549664
goe178,ok,,29.948825711,321027840.59,415379.65045,2513299.935,158270384.98,257050.48359,25184436.137,-4.9072630717e-09,1.5702940367e-08,-4.9163376902e-08,-1.2854000099e-07,1.0820623168e-08,1.7005429377e-09,1.2488464057e-07,7.0937612457e-08,-1.3982132104e-09,-4.4006778772e-08,-4.8233311196e-08,6.0660943224e-08,-8.3507444619e-08,-2.2756061152e-08,-4.8534987789e-08,0.23208122018,0.030150579612,0.018279520384,0.051874538345
goe180,ok,,30.590097945,325657877.57,489828.34054,2473971.2635,156730181.24,289168.97769,26239753.621,-4.6643636501e-09,1.7166484193e-08,-4.4861142899e-08,-1.1791291133e-07,1.076635594e-08,6.2226474483e-10,1.0645585632e-07,7.0428393358e-08,-9.8378571138e-10,-8.1331217242e-08,-3.3236781432e-08,6.2825609426e-08,-5.5353608621e-08,-1.5399378333e-08,-4.9134162516e-08,0.23848898314,0.030714557252,0.039838335176,0.052145095443
goe182,ok,,30.078371182,322931043.02,438357.06777,3159364.3824,160480237.25,300056.89378,25561085.776,-5.4481258523e-09,1.2039862854e-08,-4.7054029965e-08,-1.3393778735e-07,1.1419283192e-08,8.3881196501e-09,1.4582730618e-07,5.9115678434e-08,-1.7296545085e-09,5.2955491776e-08,-5.0473212902e-08,5.1607482489e-08,-8.8764648075e-08,-2.2923912734e-08,-5.9976806789e-08,0.23018101165,0.036058335303,-0.023213414097,0.063924430336
goe188,ok,,30.781643064,326683187.31,526787.57105,2366913.2768,155497347.21,300779.99438,26522849.834,-4.5344858713e-09,1.8791789392e-08,-4.2966845806e-08,-1.1989672616e-07,1.1971164155e-08,2.2821203933e-09,9.5499341492e-08,7.2881194777e-08,-8.4465168877e-10,-1.3573089054e-07,-1.5035597564e-08,6.5245344934e-08,-4.1728769991e-08,-1.150362414e-08,-7.8032220854e-08,0.24269602247,0.030383270753,0.071501346147,0.050307866142
goe187,ok,,30.778872251,327834073.05,434736.10818,2242473.5246,157656313.16,263816.85694,26657807.213,-5.2425558415e-09,1.9103175395e-08,-4.6255158892e-08,-1.4959602236e-07,1.3191515436e-08,3.3032314526e-09,1.3021552664e-07,7.235354472e-08,-1.0691722908e-09,-1.405905823e-07,-2.6023994164e-08,6.583917934e-08,-6.7505108929e-08,-1.2995440029e-08,-1.0343290616e-07,0.24257296107,0.032871520104,0.061119802597,0.056609391274
goe184,ok,,30.154021753,322617281.27,419213.26331,2737992.848,157968981.56,276429.53212,25424408.314,-5.4857364299e-09,1.5780175613e-08,-4.7867791702e-08,-1.4057408796e-07,1.1555309394e-08,1.5709851863e-09,1.4741212781e-07,6.4608380534e-08,-1.4523550221e-09,-6.223423496e-08,-4.6151060662e-08,5.8403741519e-08,-8.3902660835e-08,-1.9599068142e-08,-6.2564736621e-08,0.23188640821,0.034858958452,0.026089416728,0.061797119151
goe195,ok,,30.132749071,323503344.43,393260.431,2805131.5812,161166018.9,270385.57234,25628973.63,-5.4224192159e-09,1.5596176855e-08,-4.8921804401e-08,-1.3216486821e-07,9.2796716763e-09,-3.2043701676e-09,1.5225760346e-07,6.1837568529e-08,-1.5075312199e-09,-5.674855152e-08,-6.5055160402e-08,5.4978945548e-08,-1.1823168762e-07,-2.4303982136e-08,-4.6223095264e-09,0.23359468061,0.0354435815,0.022316959829,0.059876890758
goe190,ok,,30.759717327,326361236.31,757731.57392,4616561.5974,156209930.01,515927.4039,26348875.673,-4.4326065311e-09,9.983244411e-09,-3.6024641499e-08,-7.4875939103e-08,8.5985419717e-09,1.4126729255e-09,8.643756421e-08,4.9048966449e-08,-8.6564077507e-10,3.1857720532e-08,-2.5169224316e-08,4.3765903308e-08,-4.3524124274e-08,-1.3370498494e-08,6.7694458984e-09,0.23344952083,0.039446372061,-0.024139600721,0.065496471575
goe198,ok,,31.320858751,332552390.91,445797.67346,3137689.5923,159324859.47,333334.79383,27617486.084,-6.1340899833e-09,1.798889163e-08,-4.4619067019e-08,-1.4465562764e-07,1.1878045658e-08,-8.8784804401e-09,1.7408832964e-07,5.4541212449e-08,-1.2072794823e-09,-1.9157569657e-07,-3.5760878944e-08,5.374000997e-08,-7.1971719542e-08,-1.3053567992e-08,-6.3878199539e-08,0.24282577512,0.043068080868,0.08540399982,0.077608172331
goe199,ok,,31.48838419,333387052.33,401727.98896,2113991.5191,157415355.34,260125.49077,27679882.567,-5.5101952737e-09,2.0774461743e-08,-4.7523037479e-08,-1.5859879815e-07,1.3472222547e-08,8.186922608e-10,1.5348377417e-07,7.0677244922e-08,-6.544727199e-10,-1.8856678326e-07,-1.9999247599e-08,6.8137538765e-08,-4.4039145304e-08,-7.6246151419e-09,-1.0987916614e-07,0.2471252403,0.034220409834,0.075752554626,0.061658727936
goe207,ok,,31.185751916,331764488.65,484335.86957,3339351.8939,160172389.53,349151.7246,27555389.559,-5.9191968956e-09,1.3116679021e-08,-4.3969349364e-08,-1.4306590346e-07,1.4086250871e-08,9.2423886196e-09,1.5693251907e-07,5.5396751493e-08,-1.5444046974e-09,-1.106059624e-08,-2.9347753391e-08,5.1113185996e-08,-5.6228377288e-08,-1.5272759961e-08,-1.085356851e-07,0.23819400958,0.040984944883,0.0053570434978,0.076008048086
goe210,ok,,29.90654182,322265607.14,299101.99832,1792471.5973,159283188.81,182201.51278,25140568.672,-5.7052008236e-09,2.3065930074e-08,-5.5595843733e-08,-1.8876983982e-07,1.2137941325e-08,-6.2375387027e-09,1.7118435271e-07,8.2091774468e-08,-1.4866786505e-09,-2.6600633451e-07,-7.0498270746e-08,7.4083176023e-08,-1.3429691346e-07,-2.3276944454e-08,-8.3041321313e-08,0.23327948812,0.030871692926,0.07956302622,0.051201581976
goe217,ok,,32.049098865,338739901.84,1834792.5228,9380083.2155,157428796.36,1217021.8006,29196412.47,-3.3883705149e-09,6.123698977e-09,-2.3402432357e-08,-3.8775640646e-08,8.272911637e-09,2.1029754945e-09,4.0222463733e-08,3.4149789718e-08,-7.8802599978e-10,2.1042367319e-08,-9.7168844421e-09,2.9206660104e-08,-1.5679173093e-08,-9.7020756352e-09,-4.8317658624e-09,0.23487340778,0.045811311837,-0.03860837822,0.073799875708
goe222,ok,,31.872502149,333804807.81,2115137.1239,9021454.3404,151489655.11,1323986.3876,27983952.607,-3.5299015295e-09,8.5986793109e-09,-2.1493697219e-08,-3.6578589552e-08,8.2833251314e-09,-1.8495607075e-09,3.8146131938e-08,3.5357084814e-08,-3.9642504531e-10,-1.733637403e-08,-5.261355535e-09,3.3008696754e-08,-8.7920017041e-09,-4.7325428098e-09,2.5510221678e-09,0.23525467598,0.049224721126,0.036668808306,0.080684299798
goe225,ok,,31.35463859,331685375.35,944925.64396,5988799.5633,157679954.21,682513.42815,27603429.952,-5.14504859e-09,1.075321328e-08,-3.1498081343e-08,-7.5978952551e-08,8.6217864609e-09,-3.0587398493e-09,9.400530689e-08,4.0685264561e-08,-1.1339022594e-09,-3.3552160177e-08,-2.1867224347e-08,3.7871840649e-08,-4.2180280075e-08,-1.2310706927e-08,-1.5398872808e-10,0.23777045316,0.051831666434,0.031704296562,0.088828025149
goe223,ok,,31.392428351,329859667.34,2062105.3037,8728428.9594,150701945.83,1252082.7293,27111225.944,-3.0110185254e-09,8.4677100184e-09,-2.2170950012e-08,-3.2659381411e-08,8.5898763868e-09,-9.9225713154e-10,3.1567605281e-08,3.7257901917e-08,-4.2544520926e-10,-1.4447787928e-08,-5.5020094635e-09,3.3796675249e-08,-9.0927727786e-09,-6.1275736958e-09,-4.0375955523e-10,0.23243439358,0.040774753372,0.029792860112,0.065095726275
goe226,ok,,30.846464687,327334029.86,1092834.1922,6970916.8207,155459612.12,780073.93048,26501383.664,-5.1502294749e-09,9.4813897355e-09,-2.9616621115e-08,-7.0984650776e-08,8.6587482198e-09,-2.0473747561e-09,8.5162937464e-08,3.8927853213e-08,-1.269316347e-09,-2.0982906651e-08,-1.9434755206e-08,3.5551423003e-08,-3.7824955992e-08,-1.3091670643e-08,-7.1345060648e-10,0.22842176916,0.05524616635,0.022930837841,0.093068969973
goe227,ok,,30.885289049,327481089.46,1210371.3236,7117974.5074,154943786.65,828985.38852,26592405.064,-4.8109828497e-09,9.7162669051e-09,-2.8444009539e-08,-6.2570091941e-08,8.2175275129e-09,-3.8309103041e-09,7.2602459019e-08,3.9601922818e-08,-1.1251139872e-09,-2.9514561547e-08,-1.7706703817e-08,3.5441185023e-08,-3.360610229e-08,-1.2821443357e-08,8.7431570914e-09,0.23057175562,0.053543767886,0.035723578924,0.087875934418
goe233,ok,,29.173864413,316691787.78,574116.60601,6262055.4248,168370167.08,479359.07721,24395367.345,-6.0869624648e-09,1.0263075394e-08,-4.0105580281e-08,-1.053997741e-07,7.2392119013e-09,-7.5647521086e-09,1.524955026e-07,3.5763824114e-08,-3.3970321395e-09,-6.0488695664e-08,-4.8191082757e-08,3.1896706493e-08,-1.312449884e-07,-3.9506387715e-08,3.4095322746e-08,0.21857962394,0.054111530759,0.034727564656,0.087550200384
goe235,ok,,29.822461197,321929481.05,292891.94302,1744459.1717,161430650.23,170101.04057,25228583.092,-4.7290337768e-09,1.9918134054e-08,-5.8505007289e-08,-1.5808345986e-07,1.1401974033e-08,1.3999699517e-09,1.4252126402e-07,8.7163494561e-08,-1.5344245664e-09,-1.3244452422e-07,-7.9786519426e-08,7.2919904201e-08,-1.195548445e-07,-2.9047934346e-08,-8.4827064435e-08,0.2300486032,0.023575693017,0.038791934041,0.04174332994
goe234,ok,,31.028459632,332447740.98,842238.6477,7890849.4617,165474242.1,723014.16037,27594127.251,-5.5622018432e-09,8.8853004498e-09,-3.2855190139e-08,-7.7633729155e-08,7.8086713024e-09,-4.0154515009e-09,1.1819352001e-07,3.0889210254e-08,-2.35644181e-09,-2.9876057856e-08,-3.1138708777e-08,2.8525696986e-08,-7.6479803593e-08,-2.3708124517e-08,1.3235046042e-08,0.23595252223,0.058393636245,0.025162770567,0.099547150462
goe229,ok,,31.626451025,331886168.68,2190935.8681,9154986.0056,150744006.68,1344301.7942,27517833.084,-3.0083151368e-09,8.2896607352e-09,-2.1382195033e-08,-3.1658676079e-08,8.5599785344e-09,-8.3596539295e-10,3.0823518292e-08,3.5970992677e-08,-3.9079265127e-10,-1.3316350433e-08,-4.7058654635e-09,3.2914785511e-08,-7.8303646782e-09,-5.3405698329e-09,-1.1280533671e-09,0.23423039797,0.042203719771,0.029175269794,0.067532351806
goe238,ok,,30.188889013,322230128.19,592921.83645,3443932.5971,154980171.86,378014.48253,25456130.233,-4.8187322813e-09,1.3545842609e-08,-4.1562947033e-08,-1.0620046133e-07,1.2053732088e-08,4.017954629e-09,1.0490221996e-07,6.0387823851e-08,-1.3991285356e-09,-5.100526351e-08,-2.3175696457e-08,5.2944938868e-08,-4.2328658435e-08,-1.7011847498e-08,-7.5732957007e-08,0.22919102504,0.03361198265,0.030242134509,0.062198816908
goe228,ok,,31.61530103,332168698.22,1896647.0914,8584997.2442,152060649.6,1201367.1728,27628244.721,-3.789784503e-09,8.481829732e-09,-2.2816854132e-08,-4.2641536265e-08,8.6370541074e-09,-7.499954028e-10,4.3365681528e-08,3.6511701299e-08,-5.665434598e-10,-1.3368665232e-08,-6.9154736792e-09,3.3529708074e-08,-1.1716906399e-08,-6.2923598264e-09,-3.8182631077e-09,0.23321724062,0.050159446131,0.025355640029,0.082249393738
goe239,ok,,30.990345441,328180108.52,743081.27378,4198117.1789,156538875.72,487943.82906,26885905.343,-4.8038297213e-09,1.252039945e-08,-3.6136480522e-08,-8.7291107754e-08,9.6334061338e-09,-4.3565802027e-10,9.4951400934e-08,5.1334281525e-08,-9.8668618229e-10,-3.0688685618e-08,-2.4579812927e-08,4.6814260236e-08,-4.282817443e-08,-1.2577194623e-08,-1.8306823203e-08,0.23801763399,0.040470306121,0.0228041876,0.070556607953
goe240,ok,,30.395767964,325109760.3,339010.22025,2159922.8664,157531541.56,226254.18318,25690181.943,-5.917740001e-09,2.0253627342e-08,-5.1829914391e-08,-1.7338437605e-07,1.2347299826e-08,-3.7945329895e-09,1.7959435058e-07,7.0905683433e-08,-1.1917543089e-09,-1.8642830215e-07,-4.7253280582e-08,6.7352459565e-08,-9.3985469785e-08,-1.6084018846e-08,-8.0945791348e-08,0.23551994561,0.034927375087,0.063201099772,0.060884320344
goe241,ok,,31.815364896,335717975.82,1952546.2126,9952405.2394,154359307.46,1313927.8878,28306901.949,-4.3315582798e-09,7.3057540762e-09,-2.2276260015e-08,-4.7638074432e-08,8.5345232267e-09,2.3868030578e-10,5.0176214093e-08,3.2962269389e-08,-8.7992932357e-10,-3.8831408042e-09,-9.1155286013e-09,2.974659573e-08,-1.5985624066e-08,-8.1640074795e-09,-5.9068851639e-09,0.23110475009,0.060803180556,0.0075820118703,0.09797137679
goe243,ok,,31.371107941,332635560.36,1937905.9825,10609397.185,154527590.45,1314166.874,27518397.165,-4.2148437969e-09,6.7019666334e-09,-2.2583888178e-08,-4.4621920682e-08,7.8246914269e-09,-8.3489888848e-10,4.8074808233e-08,3.2590382334e-08,-1.0062777204e-09,-5.8416296868e-10,-1.1080027329e-08,2.8288852102e-08,-1.9842525247e-08,-1.0664510394e-08,5.5519365507e-09,0.22427006996,0.060280332917,0.0011320529117,0.093164458482
goe242,ok,,30.176513955,320223293.53,1366379.283,7968715.8117,153008693.05,895576.81714,24970733.776,-4.6537282176e-09,8.6614735301e-09,-2.7377525466e-08,-5.96130639e-08,8.3591193888e-09,-2.92725633e-09,6.0963684256e-08,3.9702317568e-08,-1.3287587672e-09,-2.0811477406e-08,-1.6145860987e-08,3.4063396947e-08,-3.1786211742e-08,-1.519825281e-08,8.495669956e-09,0.22004672414,0.055065615559,0.028436371575,0.08329951518
goe244,ok,,31.336581552,331772157.22,1721256.9602,10194387.788,154197713.19,1227720.2169,27273204.792,-5.2199932316e-09,7.2871829942e-09,-2.3350198538e-08,-5.8977554645e-08,8.1451271224e-09,-8.0205966096e-10,6.634262914e-08,3.1971729853e-08,-1.220161688e-09,-6.3811320573e-09,-1.2001000124e-08,2.9247165855e-08,-2.3178116494e-08,-1.0101634418e-08,-3.4142066875e-10,0.22146944287,0.07231511635,0.010983567968,0.11419271217
goe255,ok,,31.883951677,330396553.43,2160388.9633,7431702.4634,147342491.83,1333740.1129,27300379.05,-2.4094917998e-09,9.356084681e-09,-2.051040803e-08,-2.6389159053e-08,8.790714093e-09,1.1524994202e-09,2.6358089452e-08,3.772268964e-08,1.160761925e-10,1.633124652e-10,1.4372779632e-09,3.862226391e-08,1.6314026483e-09,1.7520097753e-09,-5.9890771606e-09,0.23421899112,0.033327604436,-0.0003528184474,0.056943725547
goe256,ok,,31.695552189,328535155.44,1811453.1718,5993298.2651,147573172.66,1093234.0126,26975530.635,-2.5512619585e-09,1.1200106432e-08,-2.2325146479e-08,-3.1444547686e-08,9.0636519773e-09,1.2869730805e-09,3.1314353069e-08,4.1899804792e-08,1.5337193253e-10,-1.5982244628e-08,1.9449570013e-09,4.310288034e-08,2.1558388111e-09,2.1872657103e-09,-1.2241919585e-08,0.2330990236,0.031262456012,0.028951087724,0.056724484189
goe257,ok,,31.479702994,331869551.64,517921.40993,2201722.3567,156046001.58,303529.39526,27615899.947,-4.0606216229e-09,1.9679117826e-08,-4.2834570979e-08,-1.0457892324e-07,1.1195940095e-08,2.4855396842e-09,9.2814186041e-08,7.2078687648e-08,-4.5735544496e-10,-1.262349799e-07,-1.2548434112e-08,6.7812532268e-08,-2.6327382236e-08,-6.8180851567e-09,-6.7933656681e-08,0.24950197567,0.026609525603,0.065379798773,0.048070454095
goe265,ok,,30.006800543,324929989.75,309690.58863,3733099.8047,166357009.88,281653.28124,25740030.174,-7.265045897e-09,1.3171636809e-08,-5.1582754136e-08,-1.9325763041e-07,1.4466807434e-08,5.1822049584e-09,2.7882453654e-07,4.1896282339e-08,-2.8978770216e-09,-2.3667220156e-08,-6.8040240426e-08,4.429897669e-08,-1.5875792562e-07,-2.8734003e-08,-1.0321205494e-07,0.22745007964,0.04786059694,0.0073295153415,0.086349334846
goe264,ok,,30.46752084,327574119.76,278089.87249,2373509.8688,162608690.78,212341.82187,26184959.924,-6.5031502694e-09,1.9899190056e-08,-5.5859371784e-08,-1.986068131e-07,1.3204839243e-08,-7.3108474633e-09,2.3882168707e-07,6.2548396364e-08,-1.7827446554e-09,-2.2429740842e-07,-6.7912952673e-08,6.089283609e-08,-1.4077456838e-07,-2.2184618185e-08,-9.797543032e-08,0.23742433837,0.037249350948,0.062374837709,0.066413892506
goe269,ok,,30.466895237,328335142.08,277922.8659,2201443.2466,165164152.48,199225.18825,26516230.837,-6.0830766084e-09,1.9018296981e-08,-5.6598736993e-08,-1.9180338178e-07,1.2734562893e-08,-3.8546516726e-10,2.1782242164e-07,6.6274070149e-08,-1.8845844657e-09,-1.3557609785e-07,-8.5718110588e-08,6.1833771763e-08,-1.511635391e-07,-2.557648562e-08,-9.8372176679e-08,0.23786726215,0.03356328498,0.037679697661,0.06053783168
goe275,ok,,30.217435393,323427623.8,391374.69955,2156461.3305,157099155.85,235795.06018,25535498.117,-5.5538324778e-09,1.8788971568e-08,-4.9211505517e-08,-1.6276101831e-07,1.2181041675e-08,1.7075704732e-09,1.4323521586e-07,7.466149439e-08,-1.2651093268e-09,-1.0860410786e-07,-4.6391938183e-08,6.7889364613e-08,-8.2472736482e-08,-1.7809667258e-08,-8.0101061559e-08,0.23243728224,0.03400034675,0.042504900083,0.056058639573
goe276,ok,,31.06256757,331021726.9,351731.2678,1750306.184,159843517.07,207559.07186,27218459.243,-4.9677910355e-09,2.2121207819e-08,-5.1460570828e-08,-1.5687883285e-07,1.1775976062e-08,4.6361939752e-10,1.3764291508e-07,8.0993425722e-08,-9.0075725255e-10,-1.7496807978e-07,-4.4955180068e-08,7.4378355695e-08,-7.4665411312e-08,-1.4160899452e-08,-8.3824421127e-08,0.24613444515,0.028287881544,0.061541744526,0.048413317024
goe274,ok,,31.273754883,330674795.73,523122.20511,2465637.9714,156733011.9,312891.71329,27379635.894,-4.9656698916e-09,1.8728489384e-08,-4.2396884705e-08,-1.2544932281e-07,1.1372865893e-08,-2.6132445171e-10,1.1163667122e-07,6.7691015768e-08,-7.3516799254e-10,-1.2674470229e-07,-2.4979962534e-08,6.353660372e-08,-4.3883858059e-08,-9.8026895535e-09,-6.2482660517e-08,0.24411393992,0.034492892458,0.06630296815,0.058399621621
goe280,ok,,31.049073071,329745190.26,441419.94918,2105648.2633,157782792.54,258478.82305,27121812.208,-4.9779694772e-09,2.0470994371e-08,-4.6127452644e-08,-1.4362352655e-07,1.2481921741e-08,1.5612893204e-09,1.2027723705e-07,7.4646596001e-08,-9.1458722587e-10,-1.6774683818e-07,-2.8024151182e-08,6.8505490895e-08,-5.8303318188e-08,-1.2144594038e-08,-9.3181454112e-08,0.24451322937,0.031252748457,0.074046800783,0.053092771865
goe279,ok,,30.636971339,326505883.78,400110.46597,2042448.792,156980571.4,238411.00153,26254186.819,-5.469866608e-09,2.1790935571e-08,-4.8239863366e-08,-1.6163259864e-07,1.2426492042e-08,-3.1734969632e-09,1.3907493426e-07,7.5843230179e-08,-1.0475672259e-09,-2.2027448389e-07,-3.9166200548e-08,7.0522132194e-08,-7.4296579248e-08,-1.4299348757e-08,-8.6421204396e-08,0.23867486793,0.0336318029,0.088134126391,0.055645336751
goe277,ok,,30.514094126,324971194.99,460757.05336,2343938.9288,156466649.16,272434.55934,26040916.146,-4.7452430296e-09,1.8025662958e-08,-4.6164925183e-08,-1.2645393317e-07,1.1498306457e-08,1.6561909152e-09,1.1242277394e-07,7.2515708997e-08,-1.0304905146e-09,-1.034240395e-07,-3.32974139e-08,6.5099622962e-08,-5.7835340534e-08,-1.542714446e-08,-6.8761859597e-08,0.23763253121,0.030009472305,0.047653355685,0.051799586052
goe278,ok,,30.409795932,324767946.12,378428.25722,1927469.0575,156530637.52,222895.92391,25803647.091,-5.1283801535e-09,2.1936659776e-08,-5.0212111411e-08,-1.5420342072e-07,1.2031330201e-08,-2.3880205075e-09,1.333186832e-07,7.9653319064e-08,-1.0431883908e-09,-2.1607046266e-07,-4.1513850376e-08,7.2960723939e-08,-7.4860095838e-08,-1.5867528815e-08,-8.2881462984e-08,0.23683728002,0.030006329743,0.081767168621,0.050451556937
goe281,ok,,30.796740025,327456761.32,434763.02986,2206160.0674,156988607.76,262091.13089,26535859.542,-5.001029185e-09,1.9981593887e-08,-4.6678298765e-08,-1.3726822273e-07,1.1772618835e-08,-9.2187181296e-10,1.2462611593e-07,7.2865858817e-08,-9.3143339776e-10,-1.6285410811e-07,-3.2815542109e-08,6.7157032873e-08,-6.2653962101e-08,-1.3214015153e-08,-7.4022932001e-08,0.24160992486,0.031301272583,0.070802945469,0.054182827761
goe282,ok,,31.240892568,329769810.42,601967.75386,2898216.5114,155764776.0,365849.12984,27207755.215,-4.6499105312e-09,1.6306677553e-08,-3.9833269881e-08,-1.0411939468e-07,1.0626165731e-08,4.8198956171e-10,9.9635899261e-08,6.2466726276e-08,-6.6207993931e-10,-7.4189796106e-08,-2.0703300331e-08,5.8443874343e-08,-3.571718197e-08,-9.0324844999e-09,-4.4167161987e-08,0.2432628417,0.034170268798,0.044659864921,0.059977598482
goe284,ok,,32.050313404,332188703.73,1975815.1995,7060240.4767,148145818.2,1240935.9098,27731024.398,-2.5145978424e-09,8.8309269928e-09,-2.143317691e-08,-2.9452179137e-08,8.8804441895e-09,3.1819225727e-09,3.0448082636e-08,3.8351206779e-08,1.2528936765e-10,1.3245264688e-08,1.2818460514e-09,3.928300569e-08,1.4797837645e-09,1.6635215652e-09,-1.4260011041e-08,0.23173024038,0.032458267815,-0.026170195293,0.06015978447
goe286,ok,,30.792843822,326339753.6,570956.51744,2652698.6198,155715084.21,328664.40645,26490727.731,-4.0117146517e-09,1.5892802368e-08,-4.1980811233e-08,-9.7554866709e-08,1.1069498626e-08,4.5538154223e-09,8.4909093747e-08,6.8479394181e-08,-8.2792422555e-10,-5.2009097525e-08,-2.1319961727e-08,6.1197535318e-08,-3.4745034328e-08,-1.2754710261e-08,-6.3837338463e-08,0.23888696473,0.027062778674,0.029694933198,0.048479400465
goe285,ok,,31.222893121,328018914.68,969303.31394,3783656.2804,152880114.22,538880.58454,27004834.728,-2.9065060729e-09,1.3382676446e-08,-3.2237204441e-08,-5.3071806865e-08,9.5807627408e-09,1.7649280365e-09,4.5611731609e-08,5.6866355836e-08,-3.7538908428e-10,-3.3057857495e-08,-6.9084133503e-09,5.2407355519e-08,-1.0815210463e-08,-6.7092699725e-09,-2.5903875783e-08,0.23866935145,0.025272783835,0.032043090822,0.044211602603
goe287,ok,,30.41135632,323761207.51,509503.81022,2794336.1734,156163868.14,315027.39564,25849215.788,-4.794139392e-09,1.6475108331e-08,-4.4267368266e-08,-1.175457323e-07,1.2005641225e-08,1.9438970095e-09,1.1102796086e-07,6.657065398e-08,-1.2395452547e-09,-1.0174351255e-07,-2.9031061553e-08,5.9107477435e-08,-5.4654013476e-08,-1.6559774927e-08,-7.7517999374e-08,0.23594873648,0.03128708836,0.05183870731,0.056569169098
goe288,ok,,31.968487037,334623722.89,1818891.6183,7667358.0668,153038361.94,1121785.5031,28364717.667,-2.9788077816e-09,8.2563826441e-09,-2.3293699648e-08,-3.4877216036e-08,8.6552352757e-09,1.1310334618e-09,3.5865411229e-08,3.8257902722e-08,-3.5936851799e-10,2.6197941853e-09,-4.7056037379e-09,3.544203464e-08,-7.3380020365e-09,-4.831248944e-09,-7.8658375127e-09,0.2367541889,0.037038690672,-0.0047651216853,0.065235295871
goe289,ok,,31.59980923,330713395.48,1816345.8091,7479954.4521,150500819.07,1107050.8671,27357502.984,-3.3133591234e-09,9.4478067814e-09,-2.3314529949e-08,-3.9467451047e-08,9.0429425299e-09,2.6119840416e-11,3.9252332704e-08,3.9395563929e-08,-3.5144253403e-10,-1.9351372019e-08,-3.9528834555e-09,3.7083086441e-08,-6.735816846e-09,-4.2082356449e-09,-1.135679053e-08,0.23377660082,0.040760024874,0.035148783467,0.071295810005
goe290,ok,,31.886342364,330551313.79,1871363.0985,6446972.8421,148274960.03,1138502.6979,27441803.939,-2.0004551412e-09,9.3739848219e-09,-2.205468389e-08,-2.4877936002e-08,8.8476979141e-09,2.7130978217e-09,2.4214214572e-08,4.0428734397e-08,9.8233111599e-11,1.4827654182e-08,1.1318404192e-09,4.1452143001e-08,1.2276423232e-09,1.7194895931e-09,-1.2044267758e-08,0.23338773804,0.02512821432,-0.027747924873,0.045313587609
goe298,ok,,31.432597208,331174054.47,1094072.0049,4932700.8785,155456538.44,646793.22108,27767882.998,-3.0568062525e-09,9.9317584316e-09,-3.0524467955e-08,-4.777616271e-08,9.0362567301e-09,2.3606355746e-09,4.8181935666e-08,4.9150677511e-08,-5.7954649526e-10,8.3060182348e-09,-1.0820822079e-08,4.3543792052e-08,-1.5886246774e-08,-9.2649609773e-09,-1.8080868806e-08,0.23536804391,0.028152709601,-0.009087382023,0.052714506955
goe29b,ok,,30.640107128,326767110.48,565715.94177,3914256.5979,158563606.45,398332.72386,26458958.93,-5.7029961058e-09,1.1750886853e-08,-4.1050197999e-08,-1.2312029607e-07,1.2107012732e-08,6.3719954176e-09,1.3671439284e-07,5.1969670915e-08,-1.6176271075e-09,2.0493282522e-09,-3.3136580579e-08,4.7394036718e-08,-5.9887304881e-08,-1.7063599411e-08,-6.9687249747e-08,0.22966039664,0.042701198826,-0.0011593376622,0.077341511497
goe300,ok,,30.575811174,320296793.71,442818.64884,2374867.3941,141704173.34,356432.46918,24547515.249,-6.3620980631e-09,1.4536165687e-08,-4.4220293948e-08,-1.4261754483e-07,1.2853865518e-08,1.7116848428e-08,1.8238732865e-07,6.6941358785e-08,1.0079799691e-09,8.539637842e-08,2.8484733065e-08,6.8199325268e-08,3.2639872478e-08,1.0857425509e-08,-7.2342884193e-08,0.22504532584,0.045061073204,-0.037815108908,0.080764510437
goe303,ok,,31.302167611,329949349.29,686793.69894,3384572.3277,154838001.64,432764.76871,27239323.413,-4.9933219515e-09,1.5494269715e-08,-3.7181011255e-08,-1.0311753423e-07,1.0993416484e-08,-2.5630746252e-10,1.0139289096e-07,5.7139612632e-08,-6.8939993315e-10,-8.2825073539e-08,-1.6883195852e-08,5.4242680034e-08,-3.031942326e-08,-8.0216074706e-09,-4.8074315193e-08,0.24088366188,0.039631521552,0.056883738621,0.069635998627
goe304,ok,,31.002992807,328434205.87,573907.94068,3374875.518,155820753.88,388493.76959,26762689.276,-5.6236523997e-09,1.5557135728e-08,-4.0314947946e-08,-1.211332256e-07,1.1146760265e-08,-2.2595243158e-09,1.3057513196e-07,5.6018714526e-08,-9.8953369621e-10,-9.7100392404e-08,-2.5903869001e-08,5.351447899e-08,-4.7985508501e-08,-1.1163363863e-08,-4.9542212178e-08,0.23580971425,0.042536907035,0.055726686244,0.074938105089
goe308,ok,,30.715743129,325382558.14,495707.84903,2478745.0521,153364560.3,301616.93418,25954386.277,-4.8770426434e-09,1.8754949013e-08,-4.4083165511e-08,-1.2486855967e-07,1.2186502845e-08,3.2150758884e-10,1.159305262e-07,6.9326711171e-08,-7.1425084177e-10,-1.4610548279e-07,-1.6509771462e-08,6.5164126764e-08,-3.5478373432e-08,-9.2958565477e-09,-8.0523703175e-08,0.23739189023,0.031915920352,0.072425634608,0.057467671779
goe309,ok,,30.866225236,326478945.11,559121.48836,2530738.6285,153919312.41,323671.81286,26397049.75,-4.1926931648e-09,1.8893014595e-08,-4.2014490002e-08,-1.0702423528e-07,1.2218116948e-08,2.4150364603e-09,9.0704682346e-08,7.0036868932e-08,-7.2993805355e-10,-1.5453909368e-07,-1.1239322231e-08,6.4264246115e-08,-2.6956561116e-08,-9.6350534367e-09,-8.9012250756e-08,0.24085701222,0.027724774262,0.086406128069,0.050714936994
goe311,ok,,30.905776971,327411517.82,527026.77828,3150594.7142,155184847.93,354886.7964,26466302.302,-5.311814616e-09,1.6290237571e-08,-4.2478966315e-08,-1.2195078245e-07,1.2315372523e-08,-5.8246726039e-10,1.3126146634e-07,5.9166248477e-08,-9.6239636584e-10,-1.1720369489e-07,-2.1051166695e-08,5.5789510428e-08,-4.3534484343e-08,-1.0854375548e-08,-7.5848925119e-08,0.23882335294,0.036877230912,0.061769485718,0.069178307719
goe310,ok,,30.674310103,324966438.0,505876.81038,2526364.8607,153306978.91,306684.37944,25884429.453,-4.4790847956e-09,1.9046970789e-08,-4.3846091137e-08,-1.0830151363e-07,1.1135057838e-08,-2.64856962e-09,1.0671421802e-07,6.892704035e-08,-6.6696384321e-10,-1.6264889226e-07,-1.8887466539e-08,6.4448242143e-08,-3.7217929804e-08,-9.7763689761e-09,-5.794262619e-08,0.23831715997,0.028988729842,0.082280302828,0.053984248236
goe315,ok,,29.896434917,320663185.4,407290.12332,2156847.4376,156034991.1,236613.76029,25015805.322,-4.6535765472e-09,1.7841091818e-08,-5.0123177334e-08,-1.3543056559e-07,1.2298975271e-08,4.6643663318e-09,1.1448863436e-07,7.9001392052e-08,-1.3348378054e-09,-9.985953045e-08,-3.564282992e-08,6.8067059437e-08,-6.1888438915e-08,-2.0778284351e-08,-9.6370394802e-08,0.23025427888,0.026808427824,0.040671800472,0.046630090008
goe314,ok,,30.32699115,323371714.18,432297.44085,2328203.1958,155308489.96,262683.4307,25517567.051,-4.973927139e-09,1.6986222696e-08,-4.7732654905e-08,-1.3672256739e-07,1.2316258339e-08,5.3155881007e-09,1.2508988315e-07,7.2763149283e-08,-1.0799625458e-09,-6.7025696054e-08,-2.9556190186e-08,6.595475353e-08,-5.1615853959e-08,-1.512361239e-08,-8.9822552685e-08,0.23178554342,0.030462942649,0.028975036875,0.054076036363
goe301,ok,,31.216665277,329820310.55,668410.83928,3611645.1239,155412324.9,440170.50248,27161130.687,-5.5194191016e-09,1.4552043993e-08,-3.7447203077e-08,-1.1434098461e-07,1.1533154823e-08,7.6078415352e-10,1.1544218967e-07,5.4563257985e-08,-8.8955193157e-10,-6.7132155239e-08,-1.9616956261e-08,5.1894129178e-08,-3.6580601663e-08,-9.3511311068e-09,-5.4658559782e-08,0.23835047592,0.044621303884,0.044871860226,0.077162810887
goe316,ok,,30.531518204,324932404.46,521092.8105,2555993.2092,156277628.0,302722.5532,26161268.373,-4.2612484303e-09,1.6147749928e-08,-4.4297973263e-08,-1.1062723971e-07,1.1961906749e-08,5.9438639354e-09,9.3500369209e-08,7.1023362496e-08,-1.1099340969e-09,-6.6739282119e-08,-2.3150826534e-08,6.1884192998e-08,-4.0017918366e-08,-1.6058604864e-08,-8.6640239299e-08,0.23681310101,0.027297248388,0.03477736009,0.048722370174
goe318,ok,,30.014021445,321014405.79,514005.88647,2850993.4634,156852642.17,305652.97996,25365945.622,-4.2862052897e-09,1.4442051577e-08,-4.5396280611e-08,-1.0735267392e-07,1.201849576e-08,5.843999833e-09,9.6289166517e-08,6.8934243686e-08,-1.4738853745e-09,-4.9214146476e-08,-2.8921556134e-08,5.7417384041e-08,-5.0052028132e-08,-2.1406189441e-08,-8.7660494564e-08,0.23167686043,0.02662454758,0.025296360986,0.049493198393
goe319,ok,,30.905845015,326890062.67,756150.63261,3715629.2065,154100147.97,461734.36343,26581305.902,-4.7188249524e-09,1.320333478e-08,-3.6134956742e-08,-9.6911863556e-08,1.1646942158e-08,4.7988596569e-09,8.8924406844e-08,5.6494199323e-08,-9.191741657e-10,-3.6461435636e-08,-1.5723873321e-08,5.1824014667e-08,-2.707963379e-08,-1.0292767248e-08,-6.4706697609e-08,0.23234417792,0.037840126643,0.027570337622,0.06724024649
goe320,ok,,31.683701438,332808449.68,1133297.7729,5045292.6792,154215603.79,694249.19668,28030676.59,-4.2335998277e-09,1.137446014e-08,-2.9337182255e-08,-7.0076102925e-08,1.0628272111e-08,3.5226026845e-09,6.545589494e-08,4.7283653501e-08,-6.4911520981e-10,-2.8063558539e-08,-8.2435134986e-09,4.4031767184e-08,-1.4027566545e-08,-6.5913405679e-09,-4.491502665e-08,0.23636969129,0.04132098642,0.031804368391,0.074181019956
goe321,ok,,31.067020233,327836769.05,846440.1155,3841216.1593,154116599.35,501982.56105,26897729.81,-4.0082127137e-09,1.3035488342e-08,-3.4527376489e-08,-7.9187804294e-08,1.1151887823e-08,4.7846019695e-09,7.0110555179e-08,5.627219537e-08,-7.9404446876e-10,-3.6292461873e-08,-1.110564432e-08,5.0905779729e-08,-1.9129818403e-08,-9.6770754123e-09,-5.8979609879e-08,0.23663076514,0.032774333976,0.03071939562,0.059344386423
goe322,ok,,31.595000528,331755438.82,1159941.6758,5100830.113,153619548.84,710809.82308,27772311.602,-3.9806790258e-09,1.1394412314e-08,-2.9163558956e-08,-6.5319341978e-08,1.0761268166e-08,3.8879566644e-09,6.0650278749e-08,4.7460288906e-08,-6.1833175395e-10,-2.6909554542e-08,-6.6441144529e-09,4.398357529e-08,-1.2029989005e-08,-6.4430122038e-09,-4.5825479113e-08,0.2394494616,0.038672151134,0.03121351379,0.07035078597
goe323,ok,,30.355847777,322852964.08,769782.65257,3978219.3397,154102621.21,464611.61682,25727361.204,-4.1505657913e-09,1.1455612232e-08,-3.6945071797e-08,-8.4248497718e-08,1.1581894752e-08,6.5912032384e-09,7.6249665762e-08,5.7236723763e-08,-1.1962093572e-09,-9.2435783161e-09,-1.472582291e-08,4.9268047085e-08,-2.543775819e-08,-1.4692242957e-08,-6.8799973401e-08,0.22837675487,0.031875911162,0.0071155462354,0.058695669968
goe324,ok,,30.877163721,326474660.68,1057219.8192,5164612.0766,153273696.6,650975.44829,26521337.056,-4.0339431731e-09,1.0146821558e-08,-3.1218876243e-08,-6.9106888762e-08,1.1221709411e-08,5.8635593716e-09,6.3972281832e-08,4.8971951901e-08,-9.8777302942e-10,-8.7613952098e-09,-8.9963151859e-09,4.3340193481e-08,-1.5942216397e-08,-1.0490751196e-08,-5.6957640148e-08,0.22923781181,0.036538773901,0.0092627206593,0.06763276423
goe325,ok,,30.403759902,323868384.33,439399.78517,2330220.9633,155992293.43,264888.10846,25716964.253,-5.0958210879e-09,1.7980987495e-08,-4.696888684e-08,-1.3792843807e-07,1.1663257984e-08,1.4007618315e-09,1.2438936013e-07,7.2363436166e-08,-1.0519239054e-09,-9.8421378548e-08,-3.4101960233e-08,6.5601177344e-08,-6.1995865198e-08,-1.5293383338e-08,-6.8466360965e-08,0.2355139215,0.032275070017,0.04324633259,0.054656658119
goe326,ok,,30.486638697,325255507.03,440682.84021,2423237.2296,157297687.54,270720.05752,26076583.904,-5.0654945731e-09,1.811998445e-08,-4.6915443306e-08,-1.3515717873e-07,1.1931402835e-08,7.4890433897e-10,1.268596436e-07,7.0217262789e-08,-1.2013763406e-09,-1.2236981568e-07,-3.7963514263e-08,6.3417870402e-08,-6.7542107072e-08,-1.6648477517e-08,-7.7151014047e-08,0.23738046085,0.031645709407,0.053926277928,0.055904868048
goe328,ok,,30.615249702,326006821.75,449688.44198,2345034.365,157161855.42,271100.42366,26288235.389,-4.6994694247e-09,1.8616546842e-08,-4.6848687976e-08,-1.2188873272e-07,1.0961469181e-08,-1.5852875358e-09,1.1429823171e-07,7.2303876596e-08,-1.0456185095e-09,-1.3724816482e-07,-3.4800922872e-08,6.4558384895e-08,-5.8934572723e-08,-1.6431080957e-08,-5.688093728e-08,0.23867762433,0.02937063015,0.061718913402,0.05139859374
goe329,ok,,31.182883389,329145351.17,708246.84167,3417642.3683,154874437.98,438154.0402,27116844.528,-4.6984927683e-09,1.5805404738e-08,-3.7003936975e-08,-9.6863422037e-08,1.1129879275e-08,-6.0186746093e-10,9.1858140828e-08,5.8146070328e-08,-8.0001812843e-10,-1.0010062576e-07,-1.6460552456e-08,5.4006004557e-08,-3.0802452901e-08,-9.5458268588e-09,-5.2466370869e-08,0.24126309937,0.036914697899,0.070895952042,0.065058238123
goe330,ok,,30.950675319,326524478.19,711824.07053,3514463.9609,152917485.19,447387.32924,26395663.984,-4.9570896347e-09,1.5579413505e-08,-3.6721503819e-08,-9.901916239e-08,1.0860635409e-08,-1.7670853101e-09,9.7277169731e-08,5.717934561e-08,-6.8638058951e-10,-9.4695052479e-08,-1.5329663493e-08,5.4186798237e-08,-3.0025356464e-08,-8.1449121957e-09,-4.2225749456e-08,0.2371939156,0.039833491642,0.067406217715,0.069244230928
goe331,ok,,31.313621025,329772940.97,839556.64264,4142866.7934,153494457.58,539219.29569,27181041.229,-5.3405520113e-09,1.4500225295e-08,-3.3522730123e-08,-1.0057990196e-07,1.1616290675e-08,-1.0968840709e-09,9.6901894545e-08,5.1633508786e-08,-7.4980000915e-10,-9.1098955932e-08,-1.2374280143e-08,4.9375444823e-08,-2.5332493826e-08,-7.194055578e-09,-5.3631143342e-08,0.23641269869,0.047438328705,0.07648273359,0.08135462925
goe332,ok,,31.434496984,329955650.56,976896.24054,4482699.4761,152711210.62,613468.98752,27260243.976,-4.5725496195e-09,1.3417547464e-08,-3.1388021331e-08,-7.6536682914e-08,1.0141474053e-08,-1.1627045494e-09,7.6424928115e-08,5.0026404404e-08,-5.1506513223e-10,-6.2149311647e-08,-9.1538095968e-09,4.7656709618e-08,-1.6981223836e-08,-5.7669667087e-09,-2.9125987242e-08,0.239089012,0.042694814516,0.0607134289,0.074659224959
goe335,ok,,29.756352143,321123852.73,290638.54906,2016147.8352,159005212.29,191701.41836,24759777.571,-6.0182448665e-09,2.0317137587e-08,-5.6192159307e-08,-1.9251766617e-07,1.269308803e-08,-2.8159829326e-09,1.9448575143e-07,7.5435976194e-08,-1.6412962118e-09,-1.8267577034e-07,-6.5174207978e-08,6.8986621227e-08,-1.3333789687e-07,-2.3500729001e-08,-9.1414127047e-08,0.23064814435,0.03287415889,0.05309262084,0.056525056609
goe342,ok,,29.68128119,324542846.52,187576.7501,2432902.7614,169524970.36,174256.92999,25159426.065,-7.7646408535e-09,2.4405501212e-08,-6.1263111976e-08,-2.7035050886e-07,1.216355364e-08,-3.581048547e-08,3.9390956719e-07,4.7256735517e-08,-2.984483482e-09,-5.4980985926e-07,-1.1477335082e-07,5.6981854909e-08,-3.1196624954e-07,-3.6800002948e-08,-6.5514595803e-08,0.22833525142,0.044509531765,0.10313154657,0.073888276446
goe336,ok,,31.160350606,328626128.69,592328.8968,2850926.7036,153824457.53,365888.56725,26811573.473,-4.6496153726e-09,1.7113898392e-08,-4.0325718156e-08,-1.0867420832e-07,1.2175621296e-08,2.479082209e-09,1.0312271922e-07,6.3513309626e-08,-6.1522070995e-10,-1.111393675e-07,-1.1139385226e-08,6.0073456255e-08,-2.3481495578e-08,-7.3164302411e-09,-8.0208441635e-08,0.24065210643,0.032728751889,0.065831058944,0.061082566509
goe344,ok,,31.131408383,327556661.6,365886.16652,1313718.3235,151012670.37,202813.24702,26102569.037,-3.0801149611e-09,2.3956919712e-08,-4.9249099702e-08,-9.8447862629e-08,1.0461070655e-08,7.3537524099e-09,8.7065739111e-08,9.0596547932e-08,1.7536771529e-10,-4.211386871e-08,1.2211191928e-08,9.3482211221e-08,5.7637447876e-09,3.9526011926e-09,-6.0578172829e-08,0.24144727652,0.01700268294,0.01540888198,0.031856149518
goe358,ok,,30.317736461,324406248.2,548829.57132,3903218.3911,160724864.86,383501.32681,25979826.128,-4.8970479944e-09,1.1642188601e-08,-4.208222571e-08,-9.5806460733e-08,8.4631430528e-09,-1.0216122417e-09,1.1461642997e-07,5.2764883927e-08,-1.3626927331e-09,7.4258115542e-09,-4.6033770802e-08,4.5177251407e-08,-8.7288909841e-08,-2.218550186e-08,1.5440015752e-08,0.23460140101,0.038132399287,-0.004075504972,0.062904886126
goe346,ok,,30.195842075,326233331.16,238566.30823,1387426.9039,161335040.69,142391.78014,25746396.003,-5.4674004684e-09,2.861510394e-08,-6.2011233295e-08,-2.1053511993e-07,1.2629960643e-08,-1.1340485819e-08,1.8527968926e-07,9.3378839671e-08,-1.378992777e-09,-4.8548577951e-07,-8.8225623514e-08,8.4812925732e-08,-1.4681497874e-07,-2.383666567e-08,-1.1422607318e-07,0.2369254677,0.026131865764,0.11582055011,0.044201491457
goe359,ok,,30.422022594,325783879.84,387526.61812,2707263.7746,159028317.7,272049.41742,26013479.012,-6.1769293104e-09,1.7110696603e-08,-4.8340608218e-08,-1.6494538353e-07,1.2672537042e-08,-7.7528278781e-10,1.7866541478e-07,6.1886520595e-08,-1.5349685465e-09,-1.1366860265e-07,-4.4677420413e-08,5.8303446019e-08,-9.4924176103e-08,-1.8063455262e-08,-8.0055827232e-08,0.2360486706,0.039751422021,0.04404960917,0.069237603965
goe360,ok,,30.625093222,325142181.87,614879.27102,3344091.459,154555110.72,391527.65103,26107228.165,-5.2281753408e-09,1.5646739899e-08,-3.9783517826e-08,-1.1582489399e-07,1.226178889e-08,4.6733081836e-10,1.1076261792e-07,5.9449693472e-08,-1.1493220878e-09,-1.0278028309e-07,-2.1905688916e-08,5.4696288219e-08,-4.3183646218e-08,-1.2837206027e-08,-7.2158745317e-08,0.23443097638,0.038756902962,0.063197465544,0.068105637764
goe361,ok,,28.86392807,316491832.71,242271.39297,2537577.5093,167577941.0,185243.45487,23964963.948,-6.9833149188e-09,1.7929164226e-08,-5.9013434215e-08,-2.2927686507e-07,1.2730669554e-08,-3.9053013567e-09,2.7041631211e-07,5.9461401306e-08,-3.2177653227e-09,-1.4066781178e-07,-1.1204300835e-07,5.5599957786e-08,-2.505639503e-07,-4.2817857561e-08,-8.2093200887e-08,0.22146110016,0.039113347081,0.034079786706,0.065514136619
goe362,ok,,28.734539175,314972588.16,238550.94947,2339060.2844,166593760.88,173316.48848,23613964.926,-6.848115514e-09,1.9132821633e-08,-5.970580047e-08,-2.3144838044e-07,1.2129659741e-08,-6.0535870356e-09,2.5987444893e-07,6.4223507044e-08,-3.025670717e-09,-1.7204082347e-07,-1.2072482722e-07,5.8822996165e-08,-2.6078278322e-07,-4.3086784718e-08,-6.9772064779e-08,0.22029582473,0.037455378918,0.041040501787,0.061993296537
goe363,ok,,30.821214689,325662304.76,832516.1851,4037447.0565,153262876.77,503381.06978,26317342.016,-4.634028037e-09,1.2845991821e-08,-3.4397019615e-08,-8.8508792307e-08,1.0722500369e-08,2.3672486942e-09,8.1531549106e-08,5.4410537844e-08,-8.1650293519e-10,-3.3452407025e-08,-1.5740665906e-08,4.9985847457e-08,-2.7706634676e-08,-9.6780165005e-09,-4.1629241789e-08,0.2332496317,0.039683591787,0.027849670279,0.067876334227
goe365,ok,,30.980414461,326045666.79,980878.34619,4052446.0183,151568588.16,564140.95945,26450611.948,-4.0086872992e-09,1.4169537467e-08,-3.1840729041e-08,-7.367988832e-08,1.0624307626e-08,1.0027906081e-09,6.1895018361e-08,5.5052771559e-08,-5.5997256305e-10,-6.9700568425e-08,-8.3732757078e-09,5.1200293068e-08,-1.5791246308e-08,-6.9419465771e-09,-4.1284923144e-08,0.2354732117,0.0361015716,0.068367778284,0.060711483247
goe364,ok,,30.937372103,326697608.86,790595.86419,3972171.8795,153110188.48,498348.4402,26463329.019,-5.224930779e-09,1.3275723672e-08,-3.48873006e-08,-1.0321961158e-07,1.1949918408e-08,3.4800098812e-09,9.6878788149e-08,5.3757324809e-08,-8.5290856219e-10,-4.6249802178e-08,-1.389562607e-08,5.0517868289e-08,-2.7157150316e-08,-8.5640335922e-09,-6.1368024249e-08,0.23239528847,0.044374407627,0.036564902322,0.076591969238
goe366,ok,,31.711872988,332400021.26,1244698.9588,5572606.3061,152529316.26,787761.5974,27809929.522,-4.6828582357e-09,1.2117069457e-08,-2.767494224e-08,-7.0592599925e-08,1.029750457e-08,-8.2846357022e-10,6.8864162687e-08,4.4476452332e-08,-5.2619791702e-10,-5.6933633405e-08,-6.7394504496e-09,4.2534858799e-08,-1.3320777188e-08,-4.9235626213e-09,-3.2062704877e-08,0.23659930653,0.049666799918,0.070865234221,0.085715151596
goe368,ok,,29.037735909,315722395.44,290935.42919,2068771.5538,161663114.74,175418.62699,23863492.184,-4.9556654894e-09,1.3842887279e-08,-5.9459474144e-08,-1.6349896789e-07,1.2083551e-08,1.0838583417e-08,1.5195707591e-07,8.1890904548e-08,-1.9580477949e-09,9.1041873052e-08,-7.3089340775e-08,6.4151974774e-08,-1.2904505645e-07,-3.4586709993e-08,-9.4151660253e-08,0.22383688322,0.024990753859,-0.026487306411,0.044209697099
goe371,ok,,29.667570466,320444005.84,301212.01966,2006812.6139,159411559.94,192854.38752,24724315.432,-5.8443242652e-09,2.1360878083e-08,-5.5328956534e-08,-1.8291378908e-07,1.1671450222e-08,-6.6844632214e-09,1.809400587e-07,7.6314581749e-08,-1.6553298286e-09,-2.2353928014e-07,-7.7420944678e-08,6.9147557966e-08,-1.4679164272e-07,-2.5701433549e-08,-6.6838289301e-08,0.23022605487,0.03231351184,0.067332718044,0.054501320519
goe367,ok,,31.719609229,328761716.42,1882447.4072,6177952.4308,147652971.75,1132097.8988,27024554.075,-2.4071769761e-09,1.11385871e-08,-2.1922826287e-08,-2.9353077492e-08,9.0617747345e-09,1.2428662841e-09,2.8916490534e-08,4.1342556603e-08,1.4125999789e-10,-1.7953989622e-08,1.6508144672e-09,4.2492101595e-08,1.8360951732e-09,2.069219918e-09,-1.2548510608e-08,0.2335697497,0.029918735627,0.033797441214,0.054433772633
goe372,ok,,29.477431114,320463998.14,242477.0746,1841932.1517,162058074.21,162936.52719,24532223.35,-5.7050709213e-09,2.3324203734e-08,-6.118175901e-08,-1.8486699026e-07,1.0500126624e-08,-1.4505896323e-08,2.0669709108e-07,7.8606413931e-08,-1.728264962e-09,-3.3502089661e-07,-1.0201255966e-07,7.0326633322e-08,-2.0543047661e-07,-3.1419465095e-08,-3.5621583989e-08,0.23126016545,0.0287803142,0.081234886941,0.050119305975
goe373,ok,,29.409382045,319800050.18,255927.26658,2097761.9256,162607989.21,178245.04233,24496595.091,-6.5494717732e-09,1.9736999622e-08,-5.8721561847e-08,-2.2160103717e-07,1.3462226243e-08,-2.0976234735e-09,2.336449049e-07,7.1023398137e-08,-2.2901751414e-09,-1.6842013656e-07,-9.1615646825e-08,6.5432317024e-08,-1.8694382959e-07,-3.1310071098e-08,-1.0750137853e-07,0.22563856744,0.035188712705,0.043103305186,0.05979610186
goe370,ok,,29.627904262,326899966.77,148833.45133,2162672.6889,167633472.09,148346.94755,24906084.531,-7.403814141e-09,2.5659242919e-08,-6.8604687055e-08,-2.7491198594e-07,1.314195171e-08,-4.5482117741e-08,4.4534400627e-07,5.0511544116e-08,-2.3536071121e-09,-7.8144001882e-07,-9.6096853714e-08,5.991184772e-08,-3.4156926945e-07,-3.133256174e-08,-9.3906490383e-08,0.23186712397,0.037559607202,0.11630441501,0.06628208548
goe369,ok,,29.261704432,320370360.0,211245.44088,1919698.3783,165437156.67,151802.45016,24468449.443,-7.2879875964e-09,2.2037455567e-08,-6.1290109794e-08,-2.8925185977e-07,1.7460926281e-08,-3.931091697e-09,2.9789715891e-07,6.9813666425e-08,-2.7193782231e-09,-2.7854340842e-07,-9.9637040116e-08,6.8058420874e-08,-2.5169925137e-07,-3.2333100405e-08,-1.8760258553e-07,0.22533475875,0.037522584845,0.058841025115,0.062929416669
goe374,ok,,29.583370596,320847548.67,259743.93632,1697164.4925,160432401.92,159825.52427,24699613.717,-6.1035171034e-09,2.187492515e-08,-5.8739437807e-08,-2.2872845487e-07,1.4854503457e-08,1.8134244808e-09,1.995012643e-07,8.4765951833e-08,-1.8191454062e-09,-2.1564543315e-07,-6.6124793651e-08,7.546861393e-08,-1.6162888565e-07,-2.5093834938e-08,-1.5189894382e-07,0.22952783661,0.031002725223,0.056012593657,0.051819243689
goe375,ok,,29.593338342,321057309.84,267613.57833,1708002.6346,161079722.23,160735.10581,24830487.051,-6.1071054055e-09,2.0348838092e-08,-5.8420076105e-08,-2.3196016445e-07,1.556583057e-08,7.6275147062e-09,1.9321592792e-07,8.546600582e-08,-1.9661205786e-09,-1.3797531026e-07,-6.4890677412e-08,7.4593407702e-08,-1.4968421961e-07,-2.6267579053e-08,-1.7063674522e-07,0.22824161847,0.031047612662,0.0369240665,0.051707205863
goe377,ok,,30.056765025,322977781.56,298764.57191,1596953.0313,156830925.28,174642.39067,25136979.259,-5.0832242482e-09,2.503854469e-08,-5.6165281011e-08,-1.7216535437e-07,1.2119014384e-08,-5.8716308326e-09,1.5083607278e-07,8.8755274771e-08,-1.0631102735e-09,-3.2440908067e-07,-5.0709824323e-08,8.0710650459e-08,-1.0243215231e-07,-1.8056635303e-08,-9.1090038379e-08,0.23571165069,0.026324335459,0.096921940109,0.045064474712
goe376,ok,,30.152911846,325721262.21,281497.87953,1939824.2697,161351981.23,186803.03782,25776990.814,-6.1954072484e-09,2.1024721466e-08,-5.6301462889e-08,-2.0948392736e-07,1.4013190085e-08,-5.317386254e-10,2.0648386277e-07,7.468099685e-08,-1.7183591644e-09,-1.9339638045e-07,-7.0609909012e-08,6.9321823961e-08,-1.375706361e-07,-2.276649057e-08,-1.2492379186e-07,0.23500758354,0.033666541265,0.054440671005,0.058124769528
goe379,ok,,30.102309418,324382451.67,278138.27039,2037888.6089,158672472.7,195620.91199,25304212.959,-6.3336048649e-09,2.1788454708e-08,-5.5811828267e-08,-2.0766902355e-07,1.4500315757e-08,-6.3275190381e-09,2.2090199984e-07,7.1706843539e-08,-1.4453318641e-09,-2.8310520283e-07,-4.8818459235e-08,6.88040886e-08,-1.3307827393e-07,-1.7794470327e-08,-1.2785659791e-07,0.23525504495,0.034762269682,0.078742391452,0.061441300161
goe380,ok,,30.171826611,324183782.09,292931.89876,2062901.9926,157239950.38,204043.12516,25244754.597,-6.6125675473e-09,2.0948095323e-08,-5.4177557123e-08,-2.1657025638e-07,1.5334471775e-08,-2.9335344058e-09,2.2191642772e-07,7.1333534563e-08,-1.3043576459e-09,-2.3593855021e-07,-3.8486241781e-08,6.9232781451e-08,-1.1541706722e-07,-1.485417465e-08,-1.3742152412e-07,0.23350628564,0.037672059418,0.069113927504,0.065006400537
goe381,ok,,29.909747127,322890653.99,275346.11779,2245728.4848,159897636.74,200790.13639,25072161.713,-6.8874613803e-09,2.0902336819e-08,-5.5150312178e-08,-2.2673711645e-07,1.5270491851e-08,-7.3129485426e-09,2.4450153222e-07,6.6268785897e-08,-1.8564974759e-09,-2.6801888794e-07,-5.9482114123e-08,6.5015079738e-08,-1.5692020429e-07,-2.132145353e-08,-1.3344137731e-07,0.23027034166,0.039385303159,0.073797960291,0.067322547692
goe383,ok,,32.168266485,333081252.78,2653873.4346,8774332.1855,147665111.93,1645779.786,27869845.491,-2.1978833278e-09,8.2858853054e-09,-1.8369768743e-08,-2.3148819796e-08,8.6778430011e-09,2.4642173692e-09,2.2142784936e-08,3.4188272637e-08,1.3121552939e-10,2.6628235475e-09,9.5115042345e-10,3.5187507315e-08,1.1105532052e-09,1.7034949585e-09,-1.2539284204e-08,0.22842664778,0.033398965656,-0.0070667966738,0.058764148709
goe382,ok,,32.107051807,332454296.15,2566172.3823,8752313.1725,146795265.57,1635191.6954,27627325.258,-2.6972837131e-09,8.3908709627e-09,-1.864320233e-08,-2.8375562883e-08,8.9800586895e-09,2.8937972855e-09,2.7878357647e-08,3.4209555955e-08,1.7381671706e-10,1.8672832358e-09,1.2752167898e-09,3.5212019744e-08,1.4655918081e-09,1.8745201474e-09,-1.5005682013e-08,0.22870043722,0.040813960713,-0.0047917706696,0.071540671456
goe384,ok,,32.238593118,333909304.48,2484921.7018,8797208.3008,147255926.97,1600620.9572,27930509.96,-3.0924805018e-09,8.5118000254e-09,-1.9048768296e-08,-3.2250283655e-08,9.058950074e-09,2.4935039689e-09,3.2829740773e-08,3.4174128042e-08,1.6733078624e-10,-3.3864216706e-09,1.3124815645e-09,3.4955657596e-08,1.5566271372e-09,1.6143191113e-09,-1.5601971269e-08,0.23035888147,0.045898149377,0.0084149927009,0.081579335313
goe385,ok,,30.796472473,325733484.85,655963.87589,2855833.5939,154086541.62,372601.4994,26386124.581,-3.8628859185e-09,1.6508812005e-08,-3.9206263897e-08,-8.8519185684e-08,1.0975243814e-08,2.4717709042e-09,7.3884347472e-08,6.6496073526e-08,-7.2586251031e-10,-8.8143976331e-08,-1.5214200848e-08,5.9974881732e-08,-2.7470021614e-08,-1.0934659872e-08,-5.7422440552e-08,0.23948617721,0.027871357589,0.05781926435,0.048465462935
goe386,ok,,32.298966494,334431697.1,2659981.1977,9068281.7757,147827020.58,1672481.0747,28149686.683,-2.3562561692e-09,7.692871025e-09,-1.8343052862e-08,-2.3788402149e-08,8.4444639103e-09,2.3500809426e-09,2.3959881383e-08,3.3443034829e-08,1.3097451516e-10,9.359708889e-09,1.0729068207e-09,3.4415282441e-08,1.3108564963e-09,1.6483780235e-09,-9.6297881365e-09,0.22685852312,0.036141921064,-0.024896649661,0.063732833979
goe387,ok,,31.434625208,329473717.89,1499699.587,6093746.0661,151284356.62,887219.37576,27203849.441,-3.3421499664e-09,1.0379771217e-08,-2.5745295309e-08,-4.6573788565e-08,9.4994734477e-09,1.4779719182e-09,4.3276383707e-08,4.4013815573e-08,-4.0403152784e-10,-2.1591752014e-08,-4.7538116396e-09,4.116815596e-08,-7.9964137096e-09,-4.9625577565e-09,-2.2114221649e-08,0.23346088737,0.036755258269,0.032381141577,0.064901574771
goe388,ok,,30.820449589,326840127.3,682756.27458,3577064.9407,154324032.96,432748.86635,26457767.702,-4.6648101857e-09,1.4777695417e-08,-3.7761966026e-08,-9.1612941236e-08,1.0100267973e-08,-2.40505539e-09,9.3570587413e-08,5.7522148811e-08,-9.1972523878e-10,-8.9321742848e-08,-2.1774021593e-08,5.2317243256e-08,-4.0945550699e-08,-1.2039915788e-08,-3.2711922577e-08,0.23286361661,0.036356376334,0.060984980386,0.063885905672
goe392,ok,,30.324591561,322158326.63,620479.79929,3125021.835,152814839.9,377875.32795,25429213.768,-4.458509843e-09,1.7085529198e-08,-3.9576354509e-08,-9.1297125892e-08,9.8926251678e-09,-6.1079319908e-09,8.9930214054e-08,6.3643871102e-08,-7.1915228217e-10,-1.3365694953e-07,-1.8912472881e-08,5.732040486e-08,-4.982945326e-08,-1.1542267836e-08,-1.5095544661e-08,0.23831034098,0.033140648106,0.082931437216,0.055799881166
goe391,ok,,29.800424378,324618211.68,184440.59365,1017692.5623,160218276.81,104940.37431,24747897.544,-5.3320280574e-09,3.6578343348e-08,-6.8523074403e-08,-2.3722749958e-07,1.1637531407e-08,-2.6001972405e-08,2.0067940328e-07,1.1158458072e-07,-9.9309300768e-10,-9.0852929831e-07,-8.3433899561e-08,1.0186334896e-07,-2.0316772459e-07,-2.1309032393e-08,-8.6261732177e-08,0.23483552237,0.022770806021,0.16756968313,0.037013428274
goe390,ok,,32.345590067,334898877.62,2638393.347,9365692.2236,147028078.32,1725390.7576,28119151.06,-3.0326318345e-09,7.6760003481e-09,-1.8376973062e-08,-2.9736527731e-08,8.5897188578e-09,2.4707172105e-09,3.1268050416e-08,3.276397545e-08,1.7866962751e-10,6.5823107124e-09,1.4641377737e-09,3.3681385206e-08,1.8573044125e-09,1.7788209809e-09,-1.0427116611e-08,0.22640894684,0.047250139797,-0.017366724792,0.082497416193
goe389,ok,,30.703259219,324903357.62,696294.22751,3107732.6817,153816860.39,398176.93743,26195412.068,-3.6368114257e-09,1.5214334458e-08,-3.820326181e-08,-7.5317363553e-08,9.9718016508e-09,2.8719326708e-10,6.8140302108e-08,6.3831602629e-08,-6.4852321183e-10,-6.0706408887e-08,-1.7605531217e-08,5.7247594406e-08,-2.8977607407e-08,-1.1273137569e-08,-2.9308078281e-08,0.23815516605,0.02721417767,0.042269522081,0.047445699019
goe393,ok,,29.016426223,318191697.75,203131.56064,1845136.9387,167666187.19,138213.34742,24143403.732,-5.8112850572e-09,1.6606050627e-08,-6.8871913993e-08,-2.201018224e-07,1.3882245731e-08,1.0628254671e-08,2.3665717727e-07,8.0239877492e-08,-2.63837757e-09,1.8519709459e-08,-1.2235498847e-07,6.5451377364e-08,-2.0688110542e-07,-4.2993012838e-08,-1.5229661615e-07,0.22315844136,0.02573512622,-0.003761937485,0.048072541756
goe394,ok,,29.169137191,319563602.03,203098.66503,2781085.2909,169556595.3,189140.4379,24290412.162,-7.149850431e-09,1.8999587682e-08,-6.2301939393e-08,-2.2437218851e-07,1.1951257135e-08,-1.496684369e-08,3.4650327169e-07,4.6259367815e-08,-3.2315458582e-09,-2.7754665254e-07,-1.1626695521e-07,5.0819467712e-08,-2.9217596929e-07,-4.224072703e-08,-6.5191916967e-08,0.2230544942,0.039693579958,0.056369354615,0.070374351908
goe395,ok,,29.217211622,320426689.6,203789.60191,3510709.7921,171090544.09,226998.88554,24399113.016,-7.6728452964e-09,1.927632337e-08,-5.9391095694e-08,-2.1536845178e-07,1.0663087758e-08,-3.2984989306e-08,4.0547063504e-07,3.0818889424e-08,-3.865946923e-09,-4.3346251188e-07,-9.2679049521e-08,4.3579376106e-08,-3.1184506895e-07,-4.4888820412e-08,-3.1379391275e-08,0.22272616702,0.047304323511,0.088335152738,0.082630699298
goe396,ok,,29.49787195,325471667.86,153840.09974,2177080.9909,168344276.84,148528.87651,24787588.706,-7.3802945459e-09,2.5688231518e-08,-6.6895844777e-08,-2.7819948107e-07,1.3406509621e-08,-4.4306092954e-08,4.3106234343e-07,5.0395353568e-08,-2.4722398253e-09,-7.6738562776e-07,-9.6544764096e-08,5.9992819264e-08,-3.6122643912e-07,-3.253995767e-08,-9.8390723384e-08,0.2314679734,0.037946169567,0.11805468151,0.066314673905
goe397,ok,,29.077524021,320336015.91,166084.04508,1407121.5592,166112063.39,112535.60297,24084400.153,-6.1303071221e-09,2.9240881996e-08,-7.1839035726e-08,-2.5786352464e-07,1.2510605294e-08,-2.2375682373e-08,2.7454846452e-07,8.9183518253e-08,-2.1821039901e-09,-6.4810917468e-07,-1.5610006909e-07,8.0775538353e-08,-3.1206748247e-07,-3.9841082057e-08,-1.0623042012e-07,0.22702260206,0.026308617224,0.10764059338,0.045598119558
goe398,ok,,31.313553817,328310944.67,1318298.5995,5186645.581,151459298.07,756572.13262,27007788.834,-3.2713883131e-09,1.1432747373e-08,-2.7489534795e-08,-5.0550719508e-08,9.6697566579e-09,1.8478369614e-09,4.404850818e-08,4.8063001029e-08,-3.8181225815e-10,-2.6058549044e-08,-5.2663745155e-09,4.494887531e-08,-8.6891323164e-09,-5.1373198155e-09,-2.5175064473e-08,0.23505740598,0.03378079849,0.03435294871,0.058069086645
goe399,ok,,29.753077208,320832355.16,301824.93883,1877853.5798,158190583.53,188473.55418,24768796.282,-5.3926781306e-09,2.2114481991e-08,-5.6092725459e-08,-1.6874360465e-07,1.1617373617e-08,-6.3126385992e-09,1.6488963206e-07,8.0866062694e-08,-1.4264127069e-09,-2.4678849656e-07,-6.8089145617e-08,7.2478951504e-08,-1.2632871793e-07,-2.3748548686e-08,-7.0721262456e-08,0.23198690188,0.028716675138,0.074486922876,0.049767803108
goe400,ok,,28.952176051,317313119.12,207034.26123,2192890.2407,167365427.31,158141.51783,23884952.329,-6.456377245e-09,1.7392647838e-08,-6.557421659e-08,-2.239500962e-07,1.2827399888e-08,2.1917753612e-09,2.7699436216e-07,6.5992083156e-08,-2.7977683987e-09,-7.2933153531e-08,-1.2663128642e-07,5.9463085577e-08,-2.4742504245e-07,-4.2041648468e-08,-1.0063794031e-07,0.22117356885,0.031903959534,0.01509966156,0.057347323134
goe401,ok,,30.231724698,325042995.25,336274.06537,2175161.03,159472894.26,217946.66963,25772846.445,-5.5766849374e-09,1.8197121391e-08,-5.3182820234e-08,-1.6829716546e-07,1.2828890904e-08,3.0722530049e-09,1.6748468444e-07,7.2893256837e-08,-1.5219841314e-09,-1.0180652925e-07,-5.410974936e-08,6.5671084027e-08,-9.4633128545e-08,-2.1101505319e-08,-1.0182761385e-07,0.23421069123,0.031497624992,0.034234895473,0.056320755724
goe402,ok,,29.65661085,321278025.95,281864.1782,2335192.1925,161140519.94,203449.27395,24813799.409,-6.8100860598e-09,1.8577124091e-08,-5.5524527127e-08,-2.1921529677e-07,1.4862053247e-08,-4.1456314727e-10,2.3585140079e-07,6.5958875748e-08,-2.2015474568e-09,-1.5376805433e-07,-6.7425183148e-08,6.2352509167e-08,-1.5702587131e-07,-2.6028991541e-08,-1.2691087366e-07,0.22808680527,0.038736064005,0.043341706267,0.066478061263
goe403,ok,,29.301134251,318066690.79,266027.74114,1950411.3916,160476033.31,173981.30145,24146475.844,-5.6463263114e-09,2.1043328046e-08,-5.9231838059e-08,-1.8036628295e-07,1.1221502299e-08,-7.8138792707e-09,1.8958821209e-07,7.8776011964e-08,-1.7828862416e-09,-2.3269610617e-07,-8.4688800436e-08,6.9024157988e-08,-1.7748066524e-07,-3.0514801363e-08,-5.5916148569e-08,0.22856483129,0.02915957869,0.061903619496,0.05043572381
goe404,ok,,31.311392493,329160556.7,1191111.3878,5045886.3987,152907974.14,696225.59808,27214618.07,-3.352091251e-09,1.0458994143e-08,-2.9057868359e-08,-5.3973683295e-08,9.6990267928e-09,3.5062476672e-09,4.9039165293e-08,4.8690700858e-08,-5.1888469062e-10,-4.3442738884e-09,-7.152349323e-09,4.4589839587e-08,-1.1130322417e-08,-6.9094579214e-09,-3.0652481498e-08,0.23248459401,0.032631655661,0.0051745141002,0.05841110823
goe406,ok,,31.346794655,325800632.76,924325.27291,3412165.2936,146634934.18,609583.1946,26239024.462,-4.0210127504e-09,1.4343824581e-08,-3.0629370984e-08,-7.0198167656e-08,1.0607226281e-08,6.8937050429e-09,7.3729314045e-08,5.4290825425e-08,3.6239600351e-10,-1.2255268828e-10,7.0018160354e-09,5.6109623262e-08,7.1359733855e-09,4.2511364683e-09,-3.9975856299e-08,0.2332686477,0.037129777779,0.00011327854704,0.068149868326
goe405,ok,,30.494489263,317381376.04,710185.56234,3019768.1653,140205345.4,568373.66301,24198340.022,-5.0253781807e-09,1.3797933079e-08,-3.362058701e-08,-8.2932955439e-08,1.0045687711e-08,1.012746213e-08,1.1075410225e-07,5.6961539035e-08,8.8282444825e-10,8.6749325632e-08,1.9112962094e-08,5.9948653243e-08,2.7980763156e-08,1.0438769065e-08,-1.7672979987e-08,0.22290542878,0.04490249474,-0.061608118607,0.078655964389
goe409,ok,,30.714044006,322602301.25,1181705.9857,4086759.8995,149703955.69,610014.39356,25828368.429,2.184469227e-16,1.4274157664e-08,-2.9764793356e-08,-4.2213805762e-15,9.0871079836e-09,3.072800893e-15,-8.3663658814e-15,5.726443176e-08,2.7856463855e-16,-6.8044145188e-08,-3.9958120973e-14,5.2352818674e-08,1.0520573954e-13,-6.4265273141e-09,-4.5486348133e-15,0.23470517295,1.9238587923e-09,0.08040817366,-9.8865846405e-09
goe408,ok,,30.929548762,324398794.56,390974.31175,1503681.5566,147591894.08,251697.96873,25486651.064,-4.574348654e-09,2.2446478174e-08,-4.6602290869e-08,-1.2808623626e-07,1.1427323405e-08,8.8386140677e-09,1.2817133315e-07,8.2143003569e-08,4.1554379068e-10,-3.1658942032e-08,2.349190412e-08,8.4872053705e-08,1.5688241143e-08,6.711869386e-09,-6.5429746714e-08,0.23740305252,0.028337129357,0.012377833072,0.050111698764
goe407,ok,,31.119905305,327230150.2,674039.24834,2870305.2879,152178329.2,395384.91846,26543095.631,-4.2371513022e-09,1.7344626314e-08,-3.7855467917e-08,-9.3131619616e-08,1.1003315281e-08,7.003937183e-10,8.4033223123e-08,6.3882787893e-08,-3.9953472184e-10,-1.0775962013e-07,-8.6392216196e-09,6.118965724e-08,-1.7302854768e-08,-5.4135066832e-09,-5.4462727539e-08,0.23869306641,0.031697810868,0.072634213354,0.056641690549
goe411,ok,,30.194228428,313567992.27,1006139.8185,3003189.0212,142674452.58,650317.70175,23737006.834,2.0436106464e-16,1.551800204e-08,-2.7491198567e-08,-9.0596244537e-15,9.484305057e-09,-3.8141203049e-15,-1.2923482679e-14,5.6579668695e-08,-4.3275946815e-16,6.3640039757e-08,-4.8949179641e-14,6.225611985e-08,2.4971449949e-13,9.3461234767e-09,-8.9426490707e-15,0.22512901395,4.5823821916e-09,-0.06403077805,-1.3002830517e-08
goe412,ok,,31.430120569,329280997.39,1277774.3305,5061771.1709,151793646.45,741363.79694,27235476.29,-3.3719854498e-09,1.2918090669e-08,-2.7813370283e-08,-4.947988708e-08,9.3349861999e-09,-1.742356259e-09,4.712448516e-08,4.8310312817e-08,-3.5922514515e-10,-5.8811162726e-08,-6.3463155774e-09,4.5453848157e-08,-1.0657871278e-08,-5.0767779037e-09,-1.4528508617e-08,0.23969750286,0.03410490446,0.075147394075,0.060214457473
goe410,ok,,30.632995585,323149840.4,1557322.777,6321609.5706,150455337.67,863937.61635,25871954.475,-3.6419662711e-16,8.3627422468e-09,-2.6373589421e-08,-5.2352432054e-15,8.691079323e-09,-1.2799732616e-15,-7.0515104388e-15,4.6352808815e-08,-1.9773632224e-15,8.5669910077e-09,-6.688136084e-14,4.0150378954e-08,7.3762568154e-14,-8.5526830988e-09,-1.4121682e-14,0.22485520858,1.7796332634e-09,-0.013341570227,-1.0981477819e-08
goe414,ok,,31.313461458,328186140.94,1281910.9928,5189310.1431,151143364.8,751876.98625,26932424.374,-3.4466506606e-09,1.2707089689e-08,-2.778998861e-08,-5.0390362834e-08,9.4977186073e-09,-1.4752649395e-09,4.813248624e-08,4.7931923842e-08,-3.7030874652e-10,-5.5507618826e-08,-5.9833487732e-09,4.5055988349e-08,-1.0751888361e-08,-5.0573924608e-09,-1.5855132578e-08,0.23958063619,0.035036410083,0.071155826759,0.061701563223
goe415,ok,,29.695200709,319391630.87,402525.15443,2206951.6609,157641588.37,229042.30603,24849686.696,-4.4364805703e-09,1.5939910109e-08,-5.0511643175e-08,-1.3035182226e-07,1.1688705428e-08,6.3799668777e-09,1.0793974447e-07,7.9203444539e-08,-1.3612167819e-09,-2.4075749522e-08,-4.2373021045e-08,6.5390826371e-08,-7.9457520805e-08,-2.3419921449e-08,-7.9359179085e-08,0.23148606891,0.02565700865,0.0096910947942,0.04344846231
goe417,ok,,29.790779568,323654482.21,223472.10042,2334628.9742,162583004.37,185534.45488,24887934.866,-7.4699847307e-09,2.1186764038e-08,-5.876385095e-08,-2.5474163301e-07,1.4272095437e-08,-1.3816304483e-08,3.2393842611e-07,5.7176869636e-08,-2.1218611298e-09,-3.0163860445e-07,-8.2771226815e-08,6.1389025389e-08,-2.1180006048e-07,-2.4989684096e-08,-1.0793354072e-07,0.22809857127,0.042712851248,0.067407812505,0.072391200491
goe416a,ok,,30.203550726,320771610.93,778005.81314,3274542.4495,152668470.64,417407.96413,25406552.631,-1.0962576325e-09,1.3647082081e-08,-3.7698128243e-08,-2.1322718971e-08,9.2627309114e-09,-8.0711802716e-10,1.6196727933e-08,6.664759041e-08,-1.7887119652e-10,-3.8092737092e-08,-8.685899551e-09,5.5496681395e-08,-1.2982345678e-08,-1.4620105501e-08,2.927362125e-09,0.23599565365,0.0091886507596,0.029636370896,0.012601148486
goe418,ok,,30.968268625,326739900.96,1059231.306,4905214.7257,153007808.85,631753.38264,26607496.432,-3.5629584787e-09,1.0162072989e-08,-3.0973977588e-08,-5.7510247392e-08,9.4164680112e-09,2.6726476131e-09,5.5923854817e-08,4.982710764e-08,-6.31445871e-10,4.6498612663e-09,-1.1103892793e-08,4.4862864146e-08,-1.7043293074e-08,-8.9706808609e-09,-2.2121727478e-08,0.22911317756,0.033136958451,-0.0049252786219,0.059236297776
goe417a,ok,,30.260813369,341851183.97,67532.060772,1383299.8333,138471733.05,115978.45187,23904329.567,-9.5198192688e-09,2.4157080298e-08,-1.0176094152e-07,-3.7065224601e-07,1.4821231665e-08,-9.1752591099e-08,1.0396194017e-06,8.3417779649e-08,1.7438333193e-09,-1.3940792311e-06,9.3996415656e-08,6.3762092085e-08,2.9866202879e-07,2.3396242027e-08,-1.2429024589e-07,0.22649801037,0.039731004825,0.094145043358,0.070207640617
goe419,ok,,29.647198465,323746237.83,194628.65874,1456783.1193,162989140.31,128750.78194,24877622.783,-6.3537808023e-09,2.8290718086e-08,-6.3062176608e-08,-2.6466525285e-07,1.3761670076e-08,-2.2760516066e-08,2.5824152747e-07,8.6761994296e-08,-1.4905572626e-09,-6.4892119411e-07,-5.2815390452e-08,8.0132409288e-08,-2.6812882459e-07,-2.1403078599e-08,-1.2511362897e-07,0.23620619569,0.030278835845,0.12629866164,0.050261202123
goe420,ok,,31.518977912,330064788.46,2315675.1574,8762013.6289,150020996.94,1336449.1241,27266000.489,-2.1112066559e-09,8.4810123599e-09,-2.0903299138e-08,-2.1570050799e-08,8.4236125944e-09,-8.4153679434e-10,2.106534477e-08,3.7234382825e-08,-2.294763423e-10,-1.4917569797e-08,-2.8549032262e-09,3.438996924e-08,-4.4187520542e-09,-4.3858944444e-09,-1.157401993e-10,0.22958724702,0.028791763462,0.034544245787,0.048780495564
goe422,ok,,31.982652549,334087753.95,2097738.8257,8053568.8973,151378962.86,1250694.1171,28210772.523,-3.3605687116e-09,9.5121106857e-09,-2.1528816696e-08,-3.8756841253e-08,8.9467175131e-09,-2.784989647e-10,3.637625439e-08,3.7446517199e-08,-3.1795128356e-10,-2.6774791177e-08,-3.2882944867e-09,3.5563912795e-08,-5.4341885407e-09,-3.4293281653e-09,-1.2996734057e-08,0.23455150348,0.044672687715,0.056166519001,0.076307881167
goe413,ok,,31.012812662,326842495.13,1674826.8748,7322902.2634,151520197.53,989764.88837,26595126.556,-2.6652520864e-09,8.3166410468e-09,-2.4960685029e-08,-3.1773106791e-08,8.537770841e-09,-2.6848679915e-10,3.1754825478e-08,4.1574597908e-08,-4.6369565692e-10,-3.2280984566e-09,-6.7898600058e-09,3.6652767447e-08,-1.050826077e-08,-8.1435073163e-09,-1.1097625348e-09,0.22613464935,0.031199557392,0.0054065060498,0.053183835117
goe424,ok,,31.880249064,330097496.27,2550722.8674,8255439.9282,146716296.74,1568201.1621,27184303.928,-2.1698299826e-09,9.1385316977e-09,-1.8710678446e-08,-2.3944197932e-08,8.9938365962e-09,2.2798983355e-09,2.1675498072e-08,3.5504167895e-08,1.4420388099e-10,-4.0502122457e-09,1.0858158847e-09,3.6616632835e-08,1.1812382462e-09,1.9676588684e-09,-1.3290776644e-08,0.23081183149,0.032753704865,0.010330968993,0.055288188595
goe425,ok,,31.321883591,328541015.35,1598689.4348,6359935.3905,150984024.18,934907.24336,26999938.203,-2.6813438804e-09,1.0120665143e-08,-2.5195121433e-08,-3.6036956103e-08,9.2926424471e-09,1.2121500252e-09,3.3082306704e-08,4.3751455805e-08,-3.6801896148e-10,-1.9914506564e-08,-3.9991992839e-09,4.0300531604e-08,-6.640036583e-09,-5.5011748564e-09,-1.7485646658e-08,0.2349252921,0.029859048106,0.031837111244,0.052888334207
goe421,ok,,32.212162414,333626611.41,2404901.5462,8882491.8999,146423399.08,1595686.2579,27783297.422,-3.6798214704e-09,8.6610828309e-09,-1.9337952232e-08,-3.5666171868e-08,8.5023765708e-09,7.6869123662e-11,3.9380421589e-08,3.3853119632e-08,2.0029232156e-10,-7.2437284443e-09,2.1127216027e-09,3.4627477619e-08,2.8277328238e-09,1.8892410523e-09,-3.543267693e-09,0.23061341766,0.055610031151,0.017420453736,0.09470603677
goe423,ok,,31.694924647,328436671.51,1896232.7216,6383083.361,146885382.33,1174663.7329,26879211.347,-2.5742620161e-09,1.0696238105e-08,-2.1758649479e-08,-2.977495689e-08,8.9434037793e-09,9.0645116293e-10,3.0959716029e-08,4.0471929365e-08,1.5923753309e-10,-1.0919249591e-08,1.9968641223e-09,4.170218181e-08,2.3977277889e-09,2.2813526087e-09,-8.5102840031e-09,0.23236586626,0.032656078022,0.020705438371,0.058706826585
goe426,ok,,30.421167263,321470702.67,1127146.7927,5028830.5603,150384910.6,656506.54103,25403047.793,-3.2739633719e-09,1.1499273032e-08,-3.0495599789e-08,-5.0566726062e-08,9.4492021669e-09,-4.8531424061e-10,4.6771898404e-08,5.1314419362e-08,-6.0618065839e-10,-3.486824183e-08,-1.023442074e-08,4.5621434455e-08,-1.7099353559e-08,-9.953139321e-09,-1.3709753827e-08,0.22845693298,0.031143740055,0.039301626947,0.052718795276
goe427,ok,,29.590435722,326570304.26,143278.60757,1814984.503,166932784.54,129617.20376,24693660.065,-7.7823988287e-09,2.8508308754e-08,-6.8737926175e-08,-3.3229232283e-07,1.4951137283e-08,-4.4559422583e-08,4.5725143329e-07,5.7873068706e-08,-2.2335861264e-09,-8.1847142178e-07,-1.1399399443e-07,6.8021219275e-08,-3.4646511864e-07,-2.8982363011e-08,-1.3012928232e-07,0.23069033453,0.039190961006,0.11726944565,0.065514348671
goe428,ok,,29.896572197,320782499.56,384962.94277,2511946.4595,156880161.91,253719.09243,24904408.768,-5.8076402992e-09,1.813964246e-08,-4.9258472828e-08,-1.5661666952e-07,1.1773466415e-08,-3.2511992194e-09,1.6023857446e-07,6.7801425796e-08,-1.4661871725e-09,-1.4074528073e-07,-4.7562319421e-08,6.2165778334e-08,-1.0087352246e-07,-1.9838801695e-08,-6.2342979044e-08,0.23144138227,0.036084914679,0.054181717449,0.061685913169
goe429,ok,,29.862681471,318051487.52,789527.45937,3530036.1446,153256308.18,418232.07811,24908865.832,-7.5673082094e-11,1.107776315e-08,-3.8192236525e-08,-2.0412986539e-09,9.140077237e-09,2.8892970305e-10,9.4438369341e-10,6.5840931003e-08,-1.6650881408e-11,7.12610854e-09,-8.8019619285e-10,5.2316436891e-08,-1.0924892649e-09,-1.8119083201e-08,-1.9618480932e-09,0.2276270818,0.00066696723753,-0.0056262583708,0.00074561685813
goe430,ok,,30.681808377,324731386.94,1094159.9114,5265869.9353,153580385.41,654887.37102,26198544.63,-3.3270864231e-09,1.0515717674e-08,-3.0825562598e-08,-4.6755431368e-08,8.3675584621e-09,-2.9811835772e-09,4.893574945e-08,4.9127478731e-08,-5.9676370445e-10,-1.622876579e-08,-1.6865441923e-08,4.2579699521e-08,-2.6790658028e-08,-1.2021372976e-08,1.5315387393e-08,0.23148104434,0.032944662052,0.01775686494,0.053543535285
goe432,ok,,30.11839545,322445498.44,360062.3377,2015558.9716,156848179.54,217065.38771,25202320.431,-5.2398494319e-09,1.8437747936e-08,-5.1478586151e-08,-1.5664128064e-07,1.1530851409e-08,3.1437306836e-09,1.4342542837e-07,7.7401938991e-08,-1.1003716016e-09,-6.5293047335e-08,-4.8841066427e-08,7.0263674074e-08,-8.4872128517e-08,-1.7515941226e-08,-6.7613665767e-08,0.23260194825,0.03059424646,0.023509567259,0.051642095024
goe431,ok,,30.569499245,324251359.37,763623.70767,5002290.9227,154727327.48,543722.93466,25778984.313,-5.4038647392e-09,1.1957171692e-08,-3.5122881214e-08,-8.8079157774e-08,8.2328826681e-09,-5.0613193777e-09,1.0716621554e-07,4.6077970609e-08,-1.0718337362e-09,-4.296689458e-08,-2.5545815996e-08,4.2985439422e-08,-5.1682776075e-08,-1.340462805e-08,1.4956050778e-08,0.23068534432,0.04976994169,0.032810539346,0.08183466285
goe433,ok,,31.169045192,328602841.62,1831256.5946,8062855.2787,152008175.58,1095028.0099,26954642.897,-2.6086468093e-09,7.7474324993e-09,-2.382998203e-08,-2.9024969724e-08,8.2946949967e-09,-7.3257941412e-10,2.9299622515e-08,3.9333912406e-08,-4.2874123479e-10,6.4343936347e-10,-7.0160075657e-09,3.4488456347e-08,-1.075317939e-08,-8.04616847e-09,4.5518641576e-09,0.22747434983,0.032917834729,-0.0011783025776,0.053655126949
goe435,ok,,32.705694314,342036707.13,4075827.9724,15512674.692,150901797.05,2529705.3897,29529349.458,-1.6650505107e-09,5.3455173839e-09,-1.5515233927e-08,-1.2317401882e-08,7.5176846265e-09,-2.9027367603e-10,1.2455073533e-08,2.6795146324e-08,-1.7802576261e-10,9.8130175537e-10,-1.5125766519e-09,2.4595724153e-08,-2.2534086535e-09,-3.3519059812e-09,1.902906122e-09,0.22373760598,0.032237241231,-0.0039996171439,0.050764737106
goe434,ok,,32.28467069,338115465.55,3165941.7359,12452920.786,151535256.54,1939415.6721,28864313.817,-2.0769872777e-09,5.9885501933e-09,-1.7697689722e-08,-1.7650342511e-08,7.7026724464e-09,-2.7180781321e-10,1.7712273632e-08,3.0218020471e-08,-2.3754680444e-10,2.3598709869e-09,-2.5092888603e-09,2.760523635e-08,-3.7501795028e-09,-4.1051359144e-09,2.3143885633e-09,0.22461431766,0.035240307204,-0.0074712140487,0.056076026328
goe436,ok,,30.665022869,323684067.25,830291.65121,3461791.5139,151950824.43,462236.52443,25938686.946,-3.2089485159e-09,1.4126362868e-08,-3.5160882285e-08,-6.2410162629e-08,9.8252058458e-09,1.1349146709e-09,5.3788548804e-08,6.1036504949e-08,-5.1632812093e-10,-4.625879486e-08,-1.1382032907e-08,5.5256275143e-08,-1.8011183604e-08,-9.3093643459e-09,-2.8015504142e-08,0.23384581085,0.025824412711,0.038408291168,0.044660183003
goe438,ok,,30.664334907,323693262.3,832247.25474,3473118.3325,151977888.13,463517.82024,25942839.454,-3.2116581078e-09,1.4045533303e-08,-3.5128772312e-08,-6.2464421959e-08,9.8363773536e-09,1.2704268232e-09,5.3794311603e-08,6.0934234472e-08,-5.2151204085e-10,-4.4757270652e-08,-1.1351396374e-08,5.5131493597e-08,-1.7916603968e-08,-9.3516761574e-09,-2.8575233998e-08,0.23367417539,0.025862948445,0.03724911563,0.044770168152
goe437,ok,,29.714054229,320456134.91,305091.94649,2102851.0648,158547503.98,201808.48076,24663030.22,-5.9157996573e-09,2.0367146204e-08,-5.4636422975e-08,-1.8035073798e-07,1.1838971581e-08,-5.6201712103e-09,1.8593626823e-07,7.3777339534e-08,-1.5498456411e-09,-1.9698946505e-07,-6.3857504062e-08,6.7560487818e-08,-1.390084876e-07,-2.2989877744e-08,-6.7412295978e-08,0.23141822474,0.03325421518,0.06009989933,0.056727657996
goe439,ok,,29.798690977,319774348.54,382908.50499,2513240.8197,156410971.41,252381.21104,24671467.32,-5.8068123127e-09,1.8225514561e-08,-4.9475858509e-08,-1.5612936682e-07,1.1686396519e-08,-3.8084649368e-09,1.6041089186e-07,6.8106325912e-08,-1.4689615344e-09,-1.4589168831e-07,-4.8295152602e-08,6.2436153247e-08,-1.0190251776e-07,-2.01334304e-08,-5.9878666707e-08,0.23004251654,0.035935952373,0.055863168263,0.061422694785
goe442,ok,,30.096050498,322437981.19,359662.9376,2027096.5254,157202867.26,216601.00826,25222282.866,-5.2438563409e-09,1.8474787871e-08,-5.154634651e-08,-1.5695919034e-07,1.1549382088e-08,2.8729729604e-09,1.4347449104e-07,7.728090129e-08,-1.1535476401e-09,-7.0576563739e-08,-5.112150114e-08,6.9816314216e-08,-8.807147725e-08,-1.8318298416e-08,-6.8357432642e-08,0.23262119412,0.030560021391,0.02538377424,0.051602456917
goe441,ok,,31.468994703,331584628.29,1484780.3279,7870884.6991,153524832.05,1006393.5743,27455176.986,-4.5133849662e-09,8.3957426564e-09,-2.558479945e-08,-5.5519539103e-08,8.7240994592e-09,-4.738241072e-11,6.1822360524e-08,3.7270815953e-08,-8.1813676375e-10,-6.1986653816e-09,-1.0485545338e-08,3.424244751e-08,-1.8682852471e-08,-8.1923822824e-09,-6.1365828088e-09,0.23009842012,0.054455617645,0.0092036564177,0.091792624729
goe440,ok,,30.781494531,326557771.12,1296324.7735,8510040.0861,152340170.83,950093.2465,26051240.477,-5.7693616903e-09,8.7356692004e-09,-2.5743654493e-08,-7.836384844e-08,1.0377173076e-08,-1.1517559076e-09,8.7940598552e-08,3.5053588829e-08,-1.1401270956e-09,-2.9688182738e-08,-6.5009883479e-09,3.2821690835e-08,-3.6729931115e-08,-8.3666890839e-09,-2.108000342e-08,0.22933903323,0.069888875622,0.038485526764,0.1139995765
goe443,ok,,28.654300388,317533748.18,149659.72172,726097.9369,163625828.53,67676.702922,23498232.383,8.5816233936e-16,3.6307615587e-08,-8.3067757063e-08,-3.1849513417e-13,9.6880222382e-09,1.9022803287e-15,2.0317967307e-14,1.662104389e-07,4.7380425214e-15,-9.6450722104e-07,-3.1812623151e-12,1.1674063813e-07,2.255759596e-11,-3.6804465133e-08,-3.1176841209e-13,0.22765139789,1.6751379422e-08,0.1443478823,3.040781333e-09
goe444,ok,,29.295687436,319807455.13,206281.60631,887345.71423,159106062.48,95942.79418,24270823.864,-4.7807805082e-15,3.3125660943e-08,-7.0907777088e-08,-6.0508607665e-16,9.6752604557e-09,-2.2163889704e-14,3.2505011274e-13,1.4081207145e-07,-2.2487919771e-15,-6.482917702e-07,-3.8658120509e-13,1.0791603619e-07,-1.1618100288e-12,-2.631989481e-08,-6.3027141746e-14,0.23482654236,-1.3619424735e-09,0.13373066771,6.7051859386e-08
goe445,ok,,29.452203468,318825833.67,260414.11849,1080288.2964,156316406.56,124162.54191,24287781.775,-2.456606157e-15,2.8902028649e-08,-6.3952243547e-08,-6.8416745166e-14,9.6595302845e-09,6.1628328036e-14,1.7380321065e-13,1.2419927062e-07,6.3067831309e-16,-4.2645901222e-07,-1.4020796684e-12,9.9177812022e-08,2.7735039533e-12,-2.4004478336e-08,-1.1185333338e-13,0.2346085636,5.2365546199e-09,0.11105594774,4.5260809892e-08
goe446,ok,,31.516610426,330413502.79,1226115.7665,5357598.8576,152134619.29,755015.83182,27396941.012,-4.1488534409e-09,1.2796095245e-08,-2.8141873434e-08,-5.9771421633e-08,9.3417731067e-09,-3.434069789e-09,6.1114855479e-08,4.6062952462e-08,-4.6181381101e-10,-6.6739186632e-08,-7.9518134793e-09,4.369568804e-08,-1.4098196583e-08,-5.4160475523e-09,-1.3898819963e-08,0.23872280785,0.042628081089,0.081829968971,0.074933887869
goe447,ok,,31.745583607,332574809.31,1198526.4792,5991444.5182,152115927.14,812612.62707,27711519.759,-4.9558565227e-09,1.2311752088e-08,-2.8082371766e-08,-6.9355009503e-08,9.7424865278e-09,-4.4431619431e-09,7.8450457046e-08,4.2075334401e-08,-5.1900817731e-10,-7.2019215384e-08,-7.282647726e-09,4.0750322588e-08,-1.4586738247e-08,-4.8047501728e-09,-2.0033896385e-08,0.23861669772,0.052488460429,0.086316936652,0.094024950078
goe449,ok,,31.671986445,330852399.35,2151418.1405,7798900.1457,150123863.1,1229748.2556,27504730.955,-2.8067501003e-09,1.0223561244e-08,-2.1438177524e-08,-3.2357586948e-08,8.9275710317e-09,-9.1702495448e-10,2.9025986046e-08,3.89321813e-08,-2.531115905e-10,-3.6367435108e-08,-2.5904470488e-09,3.6882820348e-08,-4.2897256377e-09,-3.3424821699e-09,-1.0001943045e-08,0.23456482286,0.036912415504,0.078241559613,0.062447032925
goe448,ok,,31.967145087,335399714.39,1234866.5008,7711898.2087,152236772.73,968825.96481,28047728.509,-5.9991795721e-09,1.1242351348e-08,-2.7090734609e-08,-7.6857555957e-08,1.0005374757e-08,-7.3271499612e-09,1.0007770704e-07,3.5089667894e-08,-7.4810994498e-10,-7.7937342954e-08,-7.7328617672e-09,3.495015966e-08,-1.8621805759e-08,-5.3450745626e-09,-2.0961380558e-08,0.2367307114,0.069683864994,0.096242213978,0.12358260791
goe450,ok,,30.663429624,325188002.88,546547.93435,2833837.3742,154513209.33,340317.66281,26066750.603,-5.0177937789e-09,1.8576253476e-08,-4.1884798781e-08,-1.1213231927e-07,1.0368077107e-08,-6.997929526e-09,1.1207231844e-07,6.4230226209e-08,-8.5465188942e-10,-1.6701136924e-07,-2.8171839904e-08,5.9987051026e-08,-5.2150199333e-08,-1.2114918238e-08,-3.2528718299e-08,0.23787145138,0.035531761157,0.091279718868,0.061252894143
goe456,ok,,29.811427988,320467274.09,342634.32196,2373299.4,157247340.65,232457.80587,24717303.414,-5.8752863952e-09,2.0684016833e-08,-5.1182697976e-08,-1.5951158001e-07,1.0550702095e-08,-1.2829988924e-08,1.7620806364e-07,6.8512151461e-08,-1.36360092e-09,-2.5233382079e-07,-5.4154558588e-08,6.3868784665e-08,-1.32542917e-07,-2.0443549377e-08,-3.0212807703e-08,0.23308156365,0.035444497766,0.086458227594,0.06037493041
goe457,ok,,30.112990173,322576993.03,378647.31104,2088333.5706,157342078.73,224444.87842,25335755.486,-5.0527387543e-09,1.8343827663e-08,-5.0562978403e-08,-1.4665635196e-07,1.103683454e-08,1.2414157798e-09,1.3254947734e-07,7.6903002487e-08,-1.1442677338e-09,-7.7611450208e-08,-5.136712279e-08,6.8562809687e-08,-8.5548251244e-08,-1.9026703199e-08,-5.5585372727e-08,0.23322672852,0.030011278545,0.029387366927,0.050189503176
goe458,ok,,29.806633427,320426311.0,342663.85861,2373404.4355,157235353.55,232366.50332,24708592.729,-5.875864239e-09,2.0679784537e-08,-5.1168100548e-08,-1.5963721707e-07,1.0563164821e-08,-1.2796463896e-08,1.7618086586e-07,6.8526848143e-08,-1.3624998627e-09,-2.5209796656e-07,-5.4016602089e-08,6.3869646977e-08,-1.3274800412e-07,-2.0413947001e-08,-3.0383066132e-08,0.23314023557,0.035450154106,0.08638486197,0.060370815308
goe459,ok,,31.015127336,325166437.65,1166873.0952,3989213.2223,150731446.17,609370.5119,26411522.686,-6.3920015619e-16,1.3877539851e-08,-2.9653518408e-08,-6.5645408114e-15,9.0172325063e-09,-1.3927827062e-14,-5.7551045591e-15,5.66955911e-08,-3.5144318602e-15,-4.8682220554e-08,-1.777120193e-13,5.2521436381e-08,-9.5191349426e-14,-5.3138468806e-09,-4.6176781744e-14,0.23815884091,-2.7012590457e-09,0.056805973377,-6.7154766698e-09
goe474,ok,,29.974696641,320835143.31,362724.39416,1678822.4321,155103327.83,195025.94419,24912255.876,-3.6922897383e-09,2.2895265637e-08,-5.2885716071e-08,-1.0833523037e-07,1.0024988473e-08,-4.9977091708e-09,9.4307504589e-08,9.0483311116e-08,-7.2819056612e-10,-2.2510257545e-07,-4.4705881386e-08,7.9432714552e-08,-6.9542549516e-08,-1.8377780632e-08,-3.0005899286e-08,0.23394283336,0.019759845819,0.081650195305,0.034207632467
goe460,ok,,31.821587176,329278110.8,2709554.8696,8151970.2953,146756067.41,1671584.1653,27100356.398,-1.144335905e-16,8.856387673e-09,-1.7721339093e-08,-6.4139511001e-16,8.4233849121e-09,4.3761959986e-16,7.3592668574e-15,3.4718403113e-08,7.2173659868e-16,8.9256648767e-09,2.2142047271e-14,3.6423947275e-08,7.0469931706e-14,2.5110189027e-09,8.7967497124e-15,0.2282767332,4.4288428508e-09,-0.024184578731,1.994033735e-08
goe464,ok,,29.624035424,329585793.38,164211.23543,6336913.8873,181465311.54,321772.03609,26032984.036,-9.2645930076e-09,1.1155018523e-08,-5.8854752327e-08,-2.3018762491e-07,1.6055364191e-08,-1.5838337159e-08,7.2302978922e-07,-5.2899008237e-09,-6.3272887199e-09,-1.8600364381e-07,-6.084158651e-08,2.4210323135e-08,-3.1433060081e-07,-4.9812794784e-08,-1.03700864e-07,0.21754030577,0.06688453677,0.030543888144,0.11872961494
goe477,ok,,30.252990006,315618900.15,555835.3599,2256946.0825,140661519.45,425226.42523,23821901.818,-4.4133847937e-09,1.5779297726e-08,-3.7400449274e-08,-8.6087012367e-08,1.0255201302e-08,1.3273170534e-08,1.0925746006e-07,6.6152955909e-08,7.9878210189e-10,1.4758379985e-07,2.4264086412e-08,7.0324071075e-08,2.9252169252e-08,1.2127070016e-08,-2.2532579551e-08,0.22462634523,0.03445744796,-0.082032294507,0.060729159633
goe476,ok,,31.510907089,329814621.56,1496762.6258,5964255.4125,151202976.15,878195.21153,27295130.644,-3.0764086748e-09,1.0657181334e-08,-2.5726342329e-08,-4.1269519681e-08,9.0884681184e-09,2.8671175475e-10,4.0620999204e-08,4.4319300811e-08,-3.1620024083e-10,-2.5186875018e-08,-4.3632093339e-09,4.1767249797e-08,-6.9896008641e-09,-4.3826165624e-09,-1.4508799261e-08,0.23367648857,0.033270873993,0.037698773186,0.060799993429
goe480,ok,,30.502051189,317429900.7,712584.04972,2978977.5541,140331927.3,557381.28308,24264080.123,-4.208336938e-09,1.2584103954e-08,-3.3180545497e-08,-7.0042296341e-08,9.7190581741e-09,1.2812129865e-08,9.3267046009e-08,5.7133327675e-08,7.4216640652e-10,1.5152941582e-07,1.7191541247e-08,6.1218549881e-08,2.3512356869e-08,1.0408157725e-08,-1.4931426082e-08,0.22166310356,0.037198111652,-0.10797744477,0.066460609351
goe479,ok,,30.763640547,324303236.57,922226.92032,3813907.3877,151775385.61,517687.99353,26094683.993,-3.2186637312e-09,1.3540970968e-08,-3.3280748462e-08,-5.8043732187e-08,9.5999068126e-09,3.5214095882e-10,5.1227121207e-08,5.774006593e-08,-4.8121292854e-10,-4.3911930822e-08,-1.0708401572e-08,5.2583615236e-08,-1.6822963305e-08,-8.4870172455e-09,-2.1048009581e-08,0.23397228968,0.027502442413,0.040496764728,0.047243030228
goe478,ok,,31.214269086,327572959.98,1281199.1017,5015184.6027,151456331.95,725087.56662,26861335.002,-2.8920057018e-09,1.1783123063e-08,-2.8043210876e-08,-4.2790663511e-08,9.0720963639e-09,-3.0081667033e-10,3.9592905916e-08,4.9350346213e-08,-3.438558806e-10,-3.3680717235e-08,-6.0805190029e-09,4.5752797711e-08,-9.4885985029e-09,-5.8270034932e-09,-1.1986166816e-08,0.23368011702,0.028998310684,0.043151704666,0.050726395493
goe481a,ok,,31.797324087,329524174.69,1640485.5506,5562654.7811,147225322.98,1043503.7033,27181705.438,-3.069610911e-09,1.0378763547e-08,-2.2988195011e-08,-3.6698007978e-08,8.4030830544e-09,1.0550277635e-09,3.9520840449e-08,4.1968428711e-08,2.2167129101e-10,1.5185697077e-08,4.1681275189e-09,4.3794879073e-08,5.2137852262e-09,3.2625981133e-09,-2.1891745994e-12,0.22840784962,0.038293985452,-0.024911916631,0.064833367703
goe482,ok,,30.946242456,327131685.45,1582871.1111,8844248.7618,151289172.14,1087649.2036,26260533.309,-4.9095810358e-09,8.0893102461e-09,-2.486951018e-08,-5.8411763841e-08,8.9977626491e-09,-5.2309206242e-10,6.4314813681e-08,3.5849541171e-08,-1.0304142087e-09,-1.2465270076e-08,-1.0283688527e-08,3.279520821e-08,-1.9415640436e-08,-9.1685010986e-09,-8.5396406603e-09,0.22201748742,0.061474913458,0.019730915896,0.10180206059
goe481,ok,,32.216584721,336226108.17,601840.37614,5054680.1037,143762747.46,628905.47439,27675028.695,-6.2633297357e-09,8.3869635708e-09,-3.791936043e-08,-9.0890907374e-08,8.1869322097e-09,7.4984264156e-09,1.7616888597e-07,4.2029419779e-08,5.8612238289e-10,7.2170260429e-08,1.1704804301e-08,4.2039559909e-08,2.1639633849e-08,5.3758092721e-09,-1.2990169436e-09,0.22451844384,0.0569784058,-0.043434976683,0.1060255486
goe483,ok,,28.767479091,316927946.34,167059.11576,2329368.5481,166618451.64,151778.27516,23278876.044,-7.5642312615e-09,2.1432463882e-08,-6.6520527449e-08,-2.8133605377e-07,1.3886166279e-08,-2.022330876e-08,4.0360002149e-07,5.2427437258e-08,-3.0104641637e-09,-3.972253006e-07,-1.1293234378e-07,5.8740165112e-08,-3.36455518e-07,-3.9177902538e-08,-1.0448847901e-07,0.21930839742,0.039232606017,0.066360107477,0.067425062712
goe484,ok,,29.679965382,321630415.35,250630.09065,2028540.8398,161869976.34,180275.73732,24711736.573,-6.3015922948e-09,2.4043413147e-08,-5.8724097351e-08,-1.899564519e-07,8.9527473256e-09,-2.3861212292e-08,2.3101206228e-07,7.0483325474e-08,-1.7547550845e-09,-3.9209614367e-07,-1.0321709551e-07,6.6686876329e-08,-2.0845595659e-07,-3.0287598055e-08,1.0075828261e-08,0.22976378763,0.034662003863,0.098271092033,0.05789857411
goe488,ok,,30.042691554,321318176.21,349462.65497,1626661.6076,154827118.46,189146.59746,24930904.199,-3.9379053126e-09,2.3495984844e-08,-5.3486544688e-08,-1.2112589342e-07,1.0404447761e-08,-4.3498021606e-09,1.0331129782e-07,9.1034015004e-08,-7.3528726819e-10,-2.3882891028e-07,-4.1625482449e-08,8.1323198739e-08,-6.649694808e-08,-1.6933541818e-08,-4.5411521946e-08,0.23343481827,0.020907031834,0.08346178507,0.036103440425
goe490,ok,,30.598837232,324133802.0,549817.40593,2465369.9621,153475309.6,310927.78875,25844877.92,-3.8443860917e-09,1.7431498896e-08,-4.2604668314e-08,-9.2186299126e-08,1.0384683482e-08,8.1849586718e-10,8.2437725475e-08,7.1477475242e-08,-5.9832826061e-10,-8.2868665758e-08,-1.9062605487e-08,6.5305685721e-08,-3.2489954423e-08,-1.0650083272e-08,-4.1989031702e-08,0.23723913125,0.025570405448,0.04556263484,0.045325696371
goe491,ok,,29.834748608,326746561.1,167817.57668,954856.30538,164601984.95,92059.357208,25162485.706,-4.8060661469e-09,3.0575195416e-08,-7.4190030346e-08,-2.448084437e-07,1.3708524633e-08,7.7430728453e-10,1.9280346193e-07,1.1798814287e-07,-1.3449886373e-09,-4.8289356898e-07,-9.4785812189e-08,1.017136664e-07,-1.6304850938e-07,-2.7631437146e-08,-1.9234248002e-07,0.23575750962,0.018368149443,0.081038028539,0.032355809756
goe492,ok,,29.310798651,317945523.63,253131.66765,1528687.2536,158850715.6,149525.09741,24044674.759,-4.7980886058e-09,2.6967689839e-08,-6.1497375391e-08,-1.5063594974e-07,9.0846743406e-09,-2.0971988526e-08,1.5382945677e-07,9.4724520551e-08,-1.1165695612e-09,-4.634670743e-07,-9.646451114e-08,8.0578494083e-08,-1.8874698481e-07,-2.9951447512e-08,2.2308412195e-08,0.23051735651,0.023293045113,0.11731819342,0.038939106925
goe493,ok,,31.091120224,325970107.63,1553150.9999,5717830.1743,150002031.03,859885.08735,26496385.006,-2.0745635882e-09,1.1861748301e-08,-2.5656224096e-08,-2.5926987278e-08,8.8344141371e-09,-2.3962787757e-09,2.4448691082e-08,4.7034074513e-08,-1.9805774678e-10,-4.491236214e-08,-4.5247527724e-09,4.3462215926e-08,-7.0107954827e-09,-5.2767250432e-09,3.81774997e-09,0.23633263884,0.023070325685,0.069755680166,0.037972509
goe496,ok,,29.909180388,319116410.85,599719.48205,3421509.2206,154730869.26,371988.08517,24809471.985,-4.5584642099e-09,1.4038743185e-08,-4.1090856521e-08,-8.9470383484e-08,8.7390344699e-09,-4.7561508154e-09,9.3811584429e-08,6.0962392593e-08,-1.0275210474e-09,-5.2774430649e-08,-3.7192896945e-08,5.3003708931e-08,-6.4049015533e-08,-1.8610453977e-08,1.3249202116e-08,0.22774544009,0.03440521882,0.031649854214,0.056260634824
goe495,ok,,29.071210732,315791437.37,280697.29276,2276928.0262,162578345.92,192896.54992,23796868.862,-6.1244392174e-09,2.1048819933e-08,-5.6706772495e-08,-1.7615762217e-07,8.6259075791e-09,-1.7557839661e-08,2.0166603098e-07,6.9871797195e-08,-2.100867104e-09,-2.7090459918e-07,-1.0542010825e-07,6.1905663757e-08,-2.1801121761e-07,-3.7552637524e-08,2.3611850611e-08,0.22435836739,0.035002802243,0.076042187588,0.05660710894
goe494,ok,,27.952092659,311180344.38,133278.55709,1889844.0728,177958237.66,114861.09472,22293694.893,-7.4286208935e-09,2.8238548804e-08,-7.3083593684e-08,-2.915293772e-07,6.4882691337e-09,-5.5787933837e-08,4.2751214992e-07,5.8674358721e-08,-3.9269931236e-09,-9.064740928e-07,-1.7959004355e-07,6.2506533563e-08,-5.7995046495e-07,-7.1987658676e-08,9.0549319409e-08,0.21222799977,0.035696562462,0.12081355913,0.056978202479
goe500,ok,,29.890055365,318727501.06,606456.46376,3801788.7931,154331601.5,401768.82675,24645620.974,-5.2742903243e-09,1.4679325323e-08,-4.0048662858e-08,-9.9674129348e-08,8.5866659893e-09,-8.2030577504e-09,1.1240136804e-07,5.5867142523e-08,-1.2088423585e-09,-9.3274834967e-08,-3.7059717228e-08,5.0472726137e-08,-7.1201185404e-08,-1.8121408786e-08,1.5169527892e-08,0.22658740349,0.041428491844,0.056567126571,0.068166536181
goe498,ok,,31.269078057,328701000.48,1601888.8665,6880816.998,151725737.72,957889.54981,27003519.86,-3.2440634381e-09,8.9494743353e-09,-2.5081504048e-08,-4.0646649826e-08,8.5472911856e-09,-2.8453007079e-10,3.9291853158e-08,4.1764063119e-08,-4.4137141529e-10,-4.9223711951e-09,-7.2811463797e-09,3.8068351053e-08,-1.1312249018e-08,-6.5750950939e-09,-1.2434540829e-09,0.22949926245,0.038661703309,0.0078850916144,0.06294118212
goe497,ok,,30.467326348,322439917.37,1002156.4071,4917260.0604,152212999.3,605071.7743,25603683.867,-3.8133577624e-09,1.122278223e-08,-3.1987094252e-08,-5.7930573404e-08,8.6494063511e-09,-2.5834473349e-09,5.9166438066e-08,5.0743366224e-08,-6.7078805482e-10,-2.3072538648e-08,-1.7136318751e-08,4.5000368953e-08,-2.8054513408e-08,-1.1448266971e-08,8.027740684e-09,0.22865592482,0.036163692736,0.023122292434,0.059294024994
goe499,ok,,28.797611465,313252689.48,264511.12496,2689857.9079,163548285.61,208342.52456,23169894.189,-6.8239647122e-09,2.1382511537e-08,-5.645216883e-08,-1.8188430207e-07,6.8817994864e-09,-2.9796546623e-08,2.4986424395e-07,5.8456388272e-08,-2.6094422353e-09,-3.7572029389e-07,-9.8753946198e-08,5.5959553088e-08,-2.5804881662e-07,-4.2745490018e-08,6.8845042194e-08,0.21986377665,0.041056342765,0.099382197608,0.066091872257
goe501,ok,,30.562881478,323050917.8,1011996.3566,5266032.8534,151933355.46,641945.74891,25648196.615,-4.4736833553e-09,1.1302080979e-08,-3.1363058965e-08,-6.6844091986e-08,8.6178215831e-09,-3.2761206941e-09,7.1179355749e-08,4.7807406703e-08,-7.610428615e-10,-3.2295380442e-08,-1.6989164699e-08,4.3526558422e-08,-2.9688369951e-08,-1.0558133412e-08,6.1389792507e-09,0.22778444589,0.043808652361,0.032682807341,0.072033248681
goe502,ok,,31.400160037,329917329.17,1605491.6174,7156552.9062,151870166.02,989419.99117,27215744.756,-3.4123009669e-09,9.0233598827e-09,-2.492359714e-08,-4.0132483154e-08,8.2832627055e-09,-1.523948787e-09,4.2735131872e-08,4.0438883413e-08,-4.4024734789e-10,-1.0232204066e-08,-7.6586149434e-09,3.7115363664e-08,-1.2305991863e-08,-6.3829854766e-09,4.8197024788e-09,0.23063839742,0.040808691805,0.016427717856,0.06861089599
goe503,ok,,31.661873112,328168025.28,1626111.1637,5823350.0974,145749335.79,1093151.5251,26705814.896,-3.6633358824e-09,1.069023864e-08,-2.2998887057e-08,-4.6260801797e-08,9.743033161e-09,4.4064598169e-09,5.0028783491e-08,4.1201310014e-08,3.2543912532e-10,5.8354981452e-09,3.6475371606e-09,4.2651885101e-08,4.246311847e-09,3.3020878031e-09,-2.1371485405e-08,0.2311849695,0.045194795129,-0.0094891686799,0.081352363343
goe504,ok,,31.652461227,330630408.68,2222385.2162,8255104.8057,149663633.21,1292456.1038,27374972.14,-2.7374902104e-09,9.5136881639e-09,-2.1100281455e-08,-3.132023203e-08,9.1015486887e-09,1.7691664219e-10,2.8109390954e-08,3.7857965926e-08,-2.5363974948e-10,-2.5536602916e-08,-2.1806367512e-09,3.5800913081e-08,-3.8830021209e-09,-3.219040661e-09,-1.2642576284e-08,0.23507506296,0.036649177474,0.056752168793,0.062469894892
goe506,ok,,31.529254267,326687944.36,1764752.3589,5762016.1083,146111533.85,1122854.9457,26510061.489,-2.6372521627e-09,1.0814332656e-08,-2.203625867e-08,-3.2261439365e-08,9.0782763697e-09,2.4330354625e-09,3.2443358198e-08,4.1654984641e-08,2.1591360464e-10,9.9787584885e-09,3.0095155147e-09,4.3399195072e-08,3.4920137801e-09,3.256236802e-09,-8.9073256435e-09,0.23208659735,0.033907213626,-0.017610037582,0.057254492911
goe505,ok,,31.519420223,326862790.44,1399760.1131,4864861.8375,146259351.09,911591.89075,26509613.433,-3.4415977077e-09,1.2015918803e-08,-2.4801321179e-08,-4.698084592e-08,9.5464377857e-09,3.5116249279e-09,5.0184656615e-08,4.5160967401e-08,2.9811422144e-10,1.5122301543e-09,4.4111090625e-09,4.6854359466e-08,5.0649207333e-09,3.564700824e-09,-1.835918106e-08,0.2321550921,0.038953294456,-0.0021167594518,0.070246480618
goe508,ok,,31.576638841,330532756.1,1935832.0529,7522189.8924,150552424.88,1135411.446,27398966.013,-3.0036371817e-09,9.5710305031e-09,-2.2678827622e-08,-3.64145999e-08,9.1097281358e-09,5.0126260495e-10,3.3793060703e-08,3.9670190013e-08,-3.4800196028e-10,-2.406340264e-08,-3.3694497688e-09,3.7154009403e-08,-5.5399871453e-09,-4.2625802266e-09,-1.5668817977e-08,0.23176465426,0.037234630257,0.046582706133,0.065417690073
goe507,ok,,30.073652548,319927428.04,528499.42329,2322109.4532,152613846.8,285288.61434,24962671.633,-3.0885935317e-09,1.8660907504e-08,-4.4329473691e-08,-7.2026119664e-08,9.7202120167e-09,-2.9148208804e-09,6.5060368362e-08,7.7336768337e-08,-5.6051528686e-10,-1.2974142274e-07,-2.395120129e-08,6.7852949693e-08,-4.0235439167e-08,-1.4304591242e-08,-1.7323546983e-08,0.23375054667,0.019393466602,0.068568267095,0.034384367158
goe510,ok,,31.553069334,327254527.09,1343202.3405,4696322.8701,146499411.23,874654.38768,26598996.492,-3.3777884463e-09,1.2020560155e-08,-2.5303096432e-08,-4.7128469424e-08,9.4967396144e-09,3.8792073571e-09,5.0825291492e-08,4.581861205e-08,2.952682009e-10,5.9929298436e-09,4.3766577889e-09,4.7629641524e-08,5.0210218565e-09,3.6099318049e-09,-1.9445046574e-08,0.23120783083,0.037299969985,-0.0080497173926,0.06826865049
goe509,ok,,31.187956246,327175507.95,946807.00664,3818382.1336,151297265.2,540853.14941,26667372.795,-3.8396169834e-09,1.4919610959e-08,-3.2174776514e-08,-7.3173035842e-08,1.0862658545e-08,1.7252840471e-09,6.2729634646e-08,5.5979708934e-08,-3.9848102653e-10,-7.7594741609e-08,-5.5205053084e-09,5.3139687586e-08,-1.1347518592e-08,-4.851755965e-09,-4.8857683938e-08,0.2379083156,0.033312939887,0.073467245034,0.059392857606
goe511,ok,,32.025977371,331720799.87,2000610.9302,6861303.6796,146825815.9,1308548.3703,27508207.387,-3.8320132468e-09,9.7804961669e-09,-2.079707199e-08,-4.6516707452e-08,9.9769971843e-09,5.0731944009e-09,4.634542979e-08,3.7686182473e-08,3.3640818975e-10,-1.4609177352e-09,2.8426855172e-09,3.896044344e-08,3.259214711e-09,2.8014798933e-09,-2.7697193842e-08,0.22769386977,0.052689799684,0.0029227279891,0.092719173403
goe512,ok,,31.487826393,326585090.88,1359906.2881,4543545.381,146843740.35,854323.718,26520727.804,-3.3166781761e-09,1.2238402488e-08,-2.5177110019e-08,-5.0228325588e-08,1.0067923156e-08,6.1505950071e-09,4.8477597595e-08,4.6873440422e-08,3.0485474023e-10,7.3978303158e-09,3.9924310657e-09,4.8712476062e-08,3.9640631464e-09,3.5875729929e-09,-3.0743617159e-08,0.2318307905,0.03684849929,-0.010060355965,0.065924989802
goe513,ok,,31.750671307,328831075.52,2004031.2313,6332575.9646,147132937.56,1231043.2893,27030262.307,-2.562741376e-09,1.0353639118e-08,-2.0774038752e-08,-3.236074258e-08,9.333510197e-09,4.1354555918e-09,3.057917364e-08,3.9577098279e-08,2.3270149332e-10,1.7681627833e-09,1.965057669e-09,4.1260817985e-08,2.1652267608e-09,2.8461181038e-09,-2.1046507855e-08,0.22944641447,0.033916582283,-0.0035434534398,0.061281619003
goe514,ok,,31.780783013,329186357.75,1968079.3587,6486725.5242,146582820.86,1248112.016,27015666.76,-3.1644841137e-09,1.0319193301e-08,-2.0956415091e-08,-3.8401929687e-08,9.457590795e-09,3.659667505e-09,3.808941341e-08,3.9047582994e-08,2.7619384551e-10,-1.1885887191e-09,2.6771723476e-09,4.0546110112e-08,3.0313523411e-09,2.9275016991e-09,-1.9590564659e-08,0.22997585252,0.042333272755,0.002339236924,0.074962988316
goe517,ok,,29.78268637,318741090.34,332874.71449,1808867.6558,152529941.46,211274.99032,24322372.873,-5.6783688931e-09,2.4556122245e-08,-5.5264708607e-08,-1.6967577489e-07,1.2996581496e-08,-7.5379038966e-09,1.6100947166e-07,8.0352947303e-08,-1.407996346e-09,-3.076848172e-07,-7.8588070741e-08,7.6820187574e-08,-6.1110323714e-08,-2.1973764945e-08,-9.126102589e-08,0.2364173023,0.031301588145,0.10242049568,0.05359598191
goe515,ok,,30.288387698,321689243.34,518395.19513,2212798.8229,153080207.0,279535.40035,25328010.483,-2.9473093619e-09,1.9165949158e-08,-4.462332469e-08,-6.8700056449e-08,9.5913565954e-09,-2.9747347607e-09,6.3739114269e-08,7.8084978378e-08,-4.9174722654e-10,-1.3150883252e-07,-2.3706021812e-08,6.952211381e-08,-3.5955229234e-08,-1.3299744135e-08,-1.5437022351e-08,0.23541681404,0.018188570981,0.068173546897,0.033042050579
goe518,ok,,32.029402564,331661789.67,2201454.4732,7250986.315,146937326.03,1425218.1785,27535099.888,-3.5061470092e-09,9.4272475243e-09,-1.9778081377e-08,-4.1088318622e-08,9.6769348677e-09,4.8772282953e-09,3.9418437741e-08,3.6671279304e-08,3.0626775197e-10,1.8659108224e-09,2.4543260255e-09,3.7988930754e-08,2.7930380236e-09,2.709497543e-09,-2.3979087618e-08,0.2274616533,0.050848931349,-0.0041077177264,0.086777896091
goe522,ok,,32.205989779,336195850.33,3135919.5901,11493933.148,150384906.19,1861081.0998,28507614.902,-2.25692078e-09,7.1181784779e-09,-1.7668255829e-08,-2.0399470658e-08,8.0888203756e-09,-2.4857212542e-10,1.9294118917e-08,3.1447616697e-08,-1.961695057e-10,-7.7734199964e-09,-1.7683082485e-09,2.9606116378e-08,-2.7252355887e-09,-2.8685165371e-09,-1.9446505934e-09,0.22848506207,0.037138667447,0.024376820049,0.060504805484
goe525,ok,,31.110034154,328672393.43,1572987.1274,9017212.4655,152213377.22,1106175.8763,26580115.53,-5.4162477214e-09,8.4477259529e-09,-2.4455808351e-08,-6.3441866756e-08,7.9413149264e-09,-3.0282528972e-09,7.0524027669e-08,3.4583728646e-08,-1.0628505936e-09,-1.9066682367e-08,-1.1838142962e-08,3.2160836569e-08,-2.3403136967e-08,-9.3698983553e-09,6.3354246521e-09,0.22288794429,0.071743558972,0.029991645925,0.11093338769
goe526,ok,,31.046309718,326160249.89,1112375.647,4386042.1401,151361999.44,621944.64296,26536527.766,-2.9715719949e-09,1.2869548472e-08,-3.0165584273e-08,-4.8844811461e-08,9.4731978767e-09,4.590262386e-10,4.3947621433e-08,5.3196540525e-08,-3.8580847965e-10,-4.4288166523e-08,-6.7994821194e-09,4.9229080795e-08,-1.0635490952e-08,-6.4018382749e-09,-2.1286419678e-08,0.23418066798,0.027283354521,0.049265077893,0.048886263828
goe527,ok,,31.514754659,330113288.64,1834155.1142,7299031.8994,150745194.54,1083315.9256,27303925.181,-3.2323430835e-09,9.3187920492e-09,-2.330736754e-08,-4.1219525956e-08,9.3767749982e-09,1.5833016608e-09,3.7095131165e-08,4.0269346535e-08,-3.9751635899e-10,-1.6330207503e-08,-3.687450434e-09,3.7593965015e-08,-6.0916346591e-09,-4.5713865283e-09,-2.0170416703e-08,0.23130316579,0.039619287305,0.029952133608,0.068038224539
goe529,ok,,30.346434795,322313653.35,614400.54153,3427218.6176,153378180.54,393409.50606,25414367.747,-5.1555035815e-09,1.4949600143e-08,-3.9934322955e-08,-1.091219181e-07,1.1220286742e-08,-5.7197569361e-10,1.0971731803e-07,5.9046203636e-08,-1.0622542402e-09,-8.0530340298e-08,-2.3309682019e-08,5.4368207813e-08,-4.4834140605e-08,-1.297498219e-08,-4.9243435769e-08,0.23132174878,0.0384629097,0.049477884689,0.067410379616
goe528,ok,,30.943298038,326335535.09,1003966.3872,4788557.137,152331908.07,620984.3456,26436290.427,-4.5090404767e-09,1.1942206798e-08,-3.1387157704e-08,-7.5937855673e-08,1.0427631094e-08,1.3933709812e-09,7.2614943259e-08,4.972357917e-08,-7.4939517118e-10,-3.5066681714e-08,-1.1589469616e-08,4.6004149086e-08,-2.0713919451e-08,-8.339115069e-09,-3.4394620512e-08,0.23266148588,0.042206641093,0.035205769752,0.072902962241
goe530,ok,,31.398262847,328992922.2,1235557.2525,4893807.5924,151585208.71,710124.20944,27146411.394,-3.3654070339e-09,1.1910807132e-08,-2.8323667412e-08,-5.5108208021e-08,1.0160576961e-08,3.2108733111e-09,4.8710105797e-08,4.9205512943e-08,-3.9392130671e-10,-3.319939085e-08,-4.3848126344e-09,4.6347119365e-08,-7.3746075362e-09,-4.7829432894e-09,-3.9030515584e-08,0.23414181496,0.032669869982,0.041019748142,0.060184124485
goe531,ok,,32.934927634,344443355.79,1452790.1347,12883715.842,149349819.08,1507153.9344,29134311.17,-6.5549428604e-09,9.2339270284e-09,-2.4574060636e-08,-5.9744305543e-08,8.1190535603e-09,-1.404274687e-08,1.1586929194e-07,2.4717113871e-08,-6.5436809475e-10,-8.4679325949e-08,-3.5672459886e-09,2.5600320222e-08,-1.2083433546e-08,-3.7279259513e-09,-1.4048480235e-09,0.23285648402,0.089551256313,0.12302128935,0.16833376425
goe532,ok,,30.431789427,323037050.25,922962.85766,4489228.8401,153522484.0,545232.63782,25802925.603,-3.8941757612e-09,1.0506551136e-08,-3.3546033967e-08,-6.9944345258e-08,9.9014900737e-09,3.3369065965e-09,6.2181168074e-08,5.3502985481e-08,-8.9964940648e-10,5.9283695826e-09,-1.6324251697e-08,4.6456680435e-08,-2.6037224428e-08,-1.2916153362e-08,-2.8310880182e-08,0.22756676814,0.034631647546,-0.0054716649312,0.057390908578
goe533,ok,,30.446668689,322488198.93,1110761.0496,5152584.5817,151811804.4,652610.78706,25655670.783,-3.5053342149e-09,1.0322129332e-08,-3.0738787709e-08,-5.628715906e-08,9.5616668514e-09,1.4365490181e-09,4.9957201354e-08,5.0441950416e-08,-7.4086831553e-10,-9.5763207745e-09,-1.1777255905e-08,4.4052073291e-08,-1.9171888207e-08,-1.1253174088e-08,-1.877190216e-08,0.22758207736,0.033950786169,0.010637004115,0.055490513414
goe523,ok,,31.110034154,328672393.43,1572987.1274,9017212.4655,152213377.22,1106175.8763,26580115.53,-5.4162477214e-09,8.4477259529e-09,-2.4455808351e-08,-6.3441866756e-08,7.9413149264e-09,-3.0282528972e-09,7.0524027669e-08,3.4583728646e-08,-1.0628505936e-09,-1.9066682367e-08,-1.1838142962e-08,3.2160836569e-08,-2.3403136967e-08,-9.3698983553e-09,6.3354246521e-09,0.22288794429,0.071743558972,0.029991645925,0.11093338769
goe534,ok,,30.77236198,326790997.26,996835.58725,5507898.3955,155967083.97,634645.05374,26583299.828,-3.8682199618e-09,7.239844803e-09,-3.2109876491e-08,-6.358576331e-08,9.5435975673e-09,6.7990902816e-09,6.3790964391e-08,4.6483987071e-08,-9.6445776592e-10,6.437967779e-08,-1.6110295915e-08,3.9810582211e-08,-2.521125728e-08,-1.2879430957e-08,-2.5566395275e-08,0.22620544801,0.036693973572,-0.064175953917,0.06358910345
goe54,ok,,27.703441404,306875022.29,190495.28483,1704666.2062,174030657.31,107093.33898,22705648.818,-5.4999222813e-09,9.0883403214e-09,-7.761894823e-08,-2.5293779071e-07,1.6089746562e-08,2.5045489702e-08,1.9066108084e-07,1.0421740363e-07,-3.9845043128e-09,3.0004413462e-07,-8.557280272e-08,5.9764091264e-08,-1.4706644751e-07,-7.0830143097e-08,-2.5637885353e-07,0.20736551815,0.021410657395,-0.057156992885,0.0363200369
goe535,ok,,31.228081985,330106408.2,1439426.0092,7081192.4416,154211411.08,905823.92232,27283887.648,-3.5735807732e-09,7.5187243801e-09,-2.6538555421e-08,-4.7420284043e-08,8.7094610953e-09,2.2826476188e-09,4.7215309472e-08,4.0744689416e-08,-7.0361766744e-10,2.112646717e-08,-1.0729329832e-08,3.5803414871e-08,-1.6858153507e-08,-9.4017972293e-09,-7.990918011e-09,0.228250013,0.0413045094,-0.030409986327,0.067962944487
goe546,ok,,30.369223786,321987167.07,705774.6155,3050736.6044,152588223.2,391421.13575,25546865.651,-3.3063669218e-09,1.6015565869e-08,-3.8338997782e-08,-6.5471282284e-08,9.3476450156e-09,-3.243737303e-09,5.8535055784e-08,6.618565123e-08,-5.6398871633e-10,-8.7733197207e-08,-2.0124067248e-08,5.8547217399e-08,-3.1652848636e-08,-1.264081432e-08,-6.1072221562e-09,0.2348033355,0.025065692743,0.061919863525,0.041312556489
goe547,ok,,30.700211009,323909422.79,771944.06943,3244756.4082,151924565.78,437533.04898,25937864.724,-3.3915074506e-09,1.6405801861e-08,-3.6152306991e-08,-6.0823325768e-08,9.064559032e-09,-5.4318140587e-09,5.9304149977e-08,6.2488365258e-08,-4.1452631258e-10,-1.0131293627e-07,-1.5647913903e-08,5.7300838483e-08,-2.5561737421e-08,-9.0163246796e-09,3.734907145e-09,0.23769273941,0.027000712989,0.078207920314,0.045779486868
goe548,ok,,30.824982474,323785859.83,1019542.709,3617296.1943,150277313.65,539839.71773,26030184.823,-1.8030527086e-09,1.6184494156e-08,-3.1675482394e-08,-2.8898121454e-08,9.1832112935e-09,-3.0994327975e-09,2.5854161239e-08,6.0068062058e-08,-1.5880316072e-10,-9.8431844266e-08,-5.4823094578e-09,5.5481054242e-08,-9.0503375901e-09,-6.0528876066e-09,2.4548568266e-09,0.24003712702,0.015918486491,0.10035546915,0.026359421588
goe549,ok,,30.856911729,325125858.3,1200937.3025,5140430.3063,151245897.51,702869.06731,26237522.59,-3.2410581038e-09,1.1392300307e-08,-2.9289358378e-08,-4.9577606394e-08,9.5402913453e-09,5.5861976671e-10,4.5707916311e-08,4.9507189809e-08,-5.4254203814e-10,-3.0215274777e-08,-8.3774417487e-09,4.4876548799e-08,-1.3215387303e-08,-8.1814618777e-09,-1.9248451201e-08,0.23266790309,0.031704733163,0.036286650584,0.054892341716
goe55,ok,,29.044411728,319981996.44,170645.43251,1323588.7166,181006270.33,89782.878395,25292843.996,-3.591381546e-09,1.0227134189e-08,-8.1917533205e-08,-1.7504937545e-07,1.1102198408e-08,1.6316543509e-08,1.3239434722e-07,1.1663575195e-07,-2.2262972207e-09,3.8761424649e-07,-1.1863395052e-07,6.4470774018e-08,-1.5163996183e-07,-6.7557767596e-08,-1.3471482322e-07,0.22721399526,0.012970168756,-0.066144600739,0.022592490643
goe550,ok,,30.805050291,324837679.97,1041581.9724,4682992.7197,152182031.41,612531.41741,26178444.11,-2.9989505544e-09,1.1010778427e-08,-3.1413527784e-08,-4.4341675731e-08,8.7329154532e-09,-1.3023965426e-09,4.6232260969e-08,5.1704202216e-08,-4.2724606915e-10,-6.8293499453e-09,-1.1943789892e-08,4.6403801415e-08,-1.8392969725e-08,-8.9739011292e-09,5.7408044175e-09,0.23269309458,0.027979271114,0.0071133277863,0.048154689569
goe553,ok,,30.458659799,322719012.76,1106103.7941,5149217.2313,152082457.41,649697.12743,25715364.865,-3.510330556e-09,1.0183413742e-08,-3.0819535212e-08,-5.6755127407e-08,9.5804293436e-09,1.7236368233e-09,5.0115288958e-08,5.043298656e-08,-7.6088359702e-10,-6.4023127956e-09,-1.1893514307e-08,4.3900975354e-08,-1.9268618076e-08,-1.1464076149e-08,-1.9736719251e-08,0.22760793421,0.033960781566,0.0070816224743,0.055432711259
goe559,ok,,30.011337203,318849329.26,718230.00953,3203501.188,149723127.04,404821.19179,24761128.281,-2.9790372018e-09,1.7000034668e-08,-3.7050482553e-08,-6.3012955504e-08,1.0680668197e-08,-7.8127430802e-10,5.2981761906e-08,6.7167316493e-08,-4.4572769367e-10,-1.3031015076e-07,7.4948582963e-10,5.7649837214e-08,-3.0481821768e-08,-7.2341270876e-09,-3.606524321e-08,0.24162814254,0.021985980428,0.093592660823,0.038053091359
goe562,ok,,31.435972804,326277943.34,1207843.2832,4456218.6706,145921641.75,804366.90111,26317483.413,-3.8660548086e-09,1.2222055374e-08,-2.6811928025e-08,-5.9324273384e-08,1.056400117e-08,6.8764862309e-09,6.1268432413e-08,4.7684398709e-08,3.5306674549e-10,9.2226910889e-09,4.9021462085e-09,4.9283911917e-08,4.6846327392e-09,3.8057657258e-09,-3.5680786576e-08,0.23297247549,0.041066993174,-0.011139565485,0.074002664562
goe561,ok,,33.043318051,341793590.2,4018893.8678,13500149.124,146028854.74,2742367.7242,29192352.182,-3.4384785843e-09,6.6684125176e-09,-1.4615203939e-08,-2.8738466991e-08,9.0147190871e-09,3.286582092e-09,2.8998844252e-08,2.6450937703e-08,2.8330393184e-10,-3.1539623752e-09,1.0752369946e-09,2.7298314984e-08,1.3095520988e-09,1.7987396208e-09,-1.8075264775e-08,0.22085944799,0.068048750437,0.012675440049,0.11654327734
goe563,ok,,30.165778931,320370047.86,553667.4707,2233839.0253,152355857.26,288334.15923,25110071.586,-2.4344718253e-09,1.8832821853e-08,-4.360882343e-08,-5.643128666e-08,9.4493147346e-09,-2.5793897753e-09,4.7757622889e-08,7.9241119081e-08,-3.9659835098e-10,-1.2194527056e-07,-1.9904983257e-08,6.9662305874e-08,-2.9309282146e-08,-1.3702559841e-08,-8.2154805545e-09,0.2339150428,0.015717057997,0.067517129514,0.026441842272
goe564,ok,,30.313114788,322053999.33,493112.51219,2020258.0469,153291839.34,259612.27249,25390748.927,-3.0354673073e-09,2.0465923978e-08,-4.5605193069e-08,-7.5899913474e-08,9.5671832795e-09,-3.6391073741e-09,6.39376561e-08,8.1906598802e-08,-4.6608100469e-10,-1.529630691e-07,-2.4759547995e-08,7.307761903e-08,-3.7420590771e-08,-1.3280237589e-08,-1.3442913621e-08,0.23618929142,0.018880493636,0.075428003277,0.031528458223
goe565,ok,,29.952058032,319491621.49,468481.47471,2106715.7183,153748246.55,252309.33888,24830673.787,-3.2246741077e-09,1.8801045134e-08,-4.7195862111e-08,-7.967727963e-08,9.4527479512e-09,-3.5658955253e-09,6.9962474955e-08,8.1488593827e-08,-5.9342862558e-10,-1.1247391671e-07,-3.4791746812e-08,7.0570220365e-08,-5.2151214149e-08,-1.7209217632e-08,-4.8752656333e-09,0.23228411163,0.019817625151,0.052691946365,0.032776123442
goe566,ok,,30.082314542,320061284.33,537079.26729,2230674.2537,152585158.1,281684.56454,25040112.059,-2.8502777614e-09,1.9052718467e-08,-4.4323880646e-08,-7.1573541908e-08,9.9761685709e-09,-6.4162781961e-10,5.6626627281e-08,7.9687478911e-08,-5.7591287666e-10,-1.3639770895e-07,-2.0490609002e-08,6.954882868e-08,-3.2042071239e-08,-1.4960222738e-08,-3.2632570174e-08,0.23330887636,0.018018105374,0.073256381583,0.030412987489
goe567,ok,,30.738434476,324141784.29,1291654.3953,5970484.7335,151075501.39,783085.05703,25938584.288,-3.3401679246e-09,9.9795013125e-09,-2.8220712934e-08,-4.4022665493e-08,8.6428879543e-09,-1.7747249919e-09,4.5523073355e-08,4.583649689e-08,-5.1544880001e-10,-1.439584825e-08,-1.0419386577e-08,4.1133145463e-08,-1.7045512506e-08,-8.7643957665e-09,5.6284135609e-09,0.22921267815,0.035484463289,0.018594460667,0.058800077788
goe57,ok,,30.098158165,325211952.34,267390.80298,2132820.1667,162682054.22,191240.36165,25621748.481,-6.3897807917e-09,2.0831787217e-08,-5.7001147958e-08,-2.0528861294e-07,1.2357366095e-08,-6.9918693804e-09,2.3002178419e-07,6.7876738447e-08,-1.8286618878e-09,-2.1816726417e-07,-8.4495934439e-08,6.4778297411e-08,-1.6425129286e-07,-2.5209576572e-08,-8.2267905642e-08,0.23378536981,0.03559021441,0.058335919952,0.061505709577
goe571,ok,,32.940950078,340742005.69,3876506.3931,13185827.289,145607721.92,2670806.5301,28946655.311,-3.3682158396e-09,6.609153733e-09,-1.48553754e-08,-2.8199933884e-08,8.8997708551e-09,3.3490268743e-09,2.9034248614e-08,2.6776109248e-08,2.8314821188e-10,2.3539014862e-10,1.1536224107e-09,2.7686154389e-08,1.4228921238e-09,1.9040097866e-09,-1.6464693237e-08,0.22117279882,0.065731067454,-0.00091249141598,0.11255145037
goe570,ok,,33.902971802,350424712.2,7487374.8493,22684793.171,145095418.73,5047631.6309,30532106.159,-2.486881049e-09,5.3506379575e-09,-1.0610028033e-08,-1.4867628822e-08,7.6250525599e-09,8.0533214716e-10,1.4527294766e-08,2.0085806865e-08,1.8597871824e-10,-6.0122607746e-09,4.7814815616e-10,2.0771293026e-08,6.6972461871e-10,1.2527039768e-09,-6.1324520902e-09,0.21848986913,0.068361683979,0.045016050111,0.10877130146
goe573,ok,,31.43844977,326329719.39,1177861.8267,4427769.8254,145731870.35,801724.53917,26297658.685,-3.9574338756e-09,1.224670289e-08,-2.7046880535e-08,-6.088770889e-08,1.0767331649e-08,7.6004002573e-09,6.4734584094e-08,4.7619901459e-08,3.7432797647e-10,1.0982710603e-08,4.8783365272e-09,4.9211339152e-08,4.6636542856e-09,3.8954951348e-09,-3.898552741e-08,0.23282331389,0.041580066584,-0.012936115573,0.076248395473
goe572,ok,,32.005485987,331546296.5,2037549.904,7595943.3688,145281218.17,1410255.8974,27249158.397,-3.8617076893e-09,8.8567574322e-09,-2.0602406566e-08,-4.5139090756e-08,1.0373564154e-08,6.4613106118e-09,4.766680885e-08,3.6081495237e-08,3.5303934163e-10,9.0634874724e-09,2.4754726487e-09,3.7242382899e-08,2.559280259e-09,2.8133043052e-09,-3.0939276927e-08,0.22843434875,0.053798794019,-0.018467308029,0.097123501794
goe575,ok,,31.433917317,325961126.32,1466594.2533,4309035.2323,148486526.29,814268.03038,26586390.149,-2.2511582742e-09,1.4245782313e-08,-2.4588589137e-08,-3.4320731641e-08,9.1875763718e-09,9.9400574395e-10,2.8965362808e-08,4.8881760579e-08,1.6915157873e-10,-3.8693928802e-08,2.9332759778e-09,5.0909405822e-08,3.0789178977e-09,3.1836504671e-09,-1.4057343062e-08,0.23378699721,0.025273661021,0.056748293619,0.04248043464
goe574,ok,,30.992416562,323207637.56,635738.45112,2413673.1668,146223229.21,421607.18391,25527698.133,-4.2286480527e-09,1.7832040726e-08,-3.6636261573e-08,-8.7581090295e-08,1.0698893626e-08,5.3033250485e-09,9.2068403536e-08,6.5087390589e-08,3.9471845855e-10,-1.7447544246e-08,1.3436518923e-08,6.7011200546e-08,9.355067239e-09,5.7704061556e-09,-3.8021667323e-08,0.23720731109,0.033130993147,0.011092074755,0.058531424261
goe584,ok,,30.489391989,316898180.2,850316.67652,3231767.9572,140895202.25,635656.57808,24241929.512,-3.5272709917e-09,1.2484111955e-08,-3.0174215696e-08,-5.6583355151e-08,9.8286513343e-09,1.1503531523e-08,7.0643224777e-08,5.4682995294e-08,6.4066682238e-10,1.2940707105e-07,1.2070602894e-08,5.9138037003e-08,1.5541331563e-08,9.5707541628e-09,-1.8989449698e-08,0.22167246738,0.033296807713,-0.11003699058,0.060069112111
goe585,ok,,30.159141116,321649038.55,450037.57448,2119378.7686,154884227.61,248616.93749,25258889.076,-3.85247152e-09,1.8108466271e-08,-4.7590506129e-08,-1.0310223299e-07,1.0279401353e-08,7.6059745485e-10,8.8771854575e-08,7.9244513375e-08,-7.8913310492e-10,-8.1293530705e-08,-3.3497776061e-08,6.9687086931e-08,-5.1851878134e-08,-1.6307520579e-08,-4.0434991608e-08,0.23343971042,0.023288610312,0.036585143379,0.039950670114
goe587,ok,,29.674306346,321291627.31,232633.33192,1193650.6633,157078174.5,128061.66857,24506681.542,-4.139283385e-09,3.0583054318e-08,-6.3944477842e-08,-1.6929135485e-07,1.2360540231e-08,-7.4437050373e-09,1.3421352348e-07,1.1002478004e-07,-9.7290150636e-10,-6.2526406017e-07,-1.2652310189e-08,9.4097238174e-08,-1.1127660658e-07,-1.902424514e-08,-1.2873476584e-07,0.23443647405,0.017819686216,0.14545726165,0.031222539155
goe590,ok,,29.585365021,321931253.51,211978.39097,1449720.7305,159523967.1,135689.96796,24544011.298,-5.2999896302e-09,2.6635252252e-08,-6.5210110835e-08,-2.1169291678e-07,1.444430677e-08,-9.1116746596e-09,2.0010696988e-07,9.4559926716e-08,-1.4712677673e-09,-5.4647826355e-07,-3.0526301174e-08,8.2304972717e-08,-1.6421561702e-07,-2.2134771796e-08,-1.7222941367e-07,0.23290175352,0.023294536909,0.11584158301,0.042418353497
goe591,ok,,30.706277006,323892914.96,859918.90777,3834051.8125,151546337.05,504394.06471,25913684.288,-4.0776720303e-09,1.4227661763e-08,-3.4132188522e-08,-7.5672677579e-08,1.0248283643e-08,-2.5158400933e-10,6.8948351135e-08,5.6936499548e-08,-6.1962121146e-10,-6.5226530502e-08,-1.210831556e-08,5.2524944616e-08,-2.1728274567e-08,-8.5194206739e-09,-3.1687218958e-08,0.23415989521,0.034435281623,0.056089526867,0.059289990801
goe596,ok,,30.308998195,321680606.26,627042.99024,2875375.6581,152812764.25,356599.46047,25399893.704,-3.829771118e-09,1.606064553e-08,-4.0469848469e-08,-8.47643846e-08,1.0330204492e-08,2.2864944385e-10,7.492403911e-08,6.7605158926e-08,-7.571651263e-10,-8.1607618125e-08,-2.0142184945e-08,6.033042842e-08,-3.326625403e-08,-1.3003068326e-08,-3.8634011365e-08,0.23267389203,0.027026620178,0.051171484895,0.046980593524
goe598,ok,,29.55893398,319382625.58,274740.27888,1188242.5238,157473883.02,134440.00343,24559397.726,-1.4277775269e-09,2.6509102387e-08,-6.2824399891e-08,-4.619331978e-08,9.536061471e-09,-4.4395104276e-09,3.9189173139e-08,1.1690757535e-07,-2.9562141572e-10,-3.4569870483e-07,-3.6409040671e-08,9.3102605821e-08,-5.4336477663e-08,-2.7459350007e-08,2.6010430246e-09,0.23459660741,0.006292265578,0.094977358574,0.010766844357
goe592,ok,,31.435575146,329789880.29,1505301.671,6700344.1729,150945514.82,939162.25974,27140550.579,-4.4301936358e-09,1.0987608671e-08,-2.5399829998e-08,-5.865234179e-08,9.5469502392e-09,-1.9622846931e-09,5.8206070068e-08,4.1288417075e-08,-5.5120222578e-10,-4.7847750048e-08,-6.8732302722e-09,3.9163684235e-08,-1.2253451999e-08,-5.3296585078e-09,-1.8460857681e-08,0.23142957894,0.051087512145,0.072025298102,0.087617694537
goe595,ok,,30.437706762,322096043.21,642887.59053,2562806.684,151775262.58,344419.68438,25515515.316,-3.0733684327e-09,1.8770393229e-08,-3.988320867e-08,-6.8436225556e-08,9.8205506426e-09,-2.5239116122e-09,5.615846267e-08,7.2304845397e-08,-4.4802476884e-10,-1.3715149332e-07,-1.4779136882e-08,6.5303478056e-08,-2.5958412156e-08,-1.0323698642e-08,-2.1527072027e-08,0.23761561994,0.021810233901,0.088172993078,0.036103578754
goe599,ok,,30.815133214,324933450.66,699119.91897,2507039.8755,152672575.85,361331.05811,26268373.52,-1.4299807813e-09,1.8634588824e-08,-3.8420573219e-08,-2.7619330993e-08,9.1799654508e-09,-2.9504870584e-09,2.4688005699e-08,7.2645403049e-08,-1.4348518104e-10,-1.183191789e-07,-9.1500447517e-09,6.5616978471e-08,-1.3063443708e-08,-8.9001929489e-09,5.4107117717e-09,0.24256025066,0.010453982017,0.082719294766,0.017259876544
goe593,ok,,31.011308098,325810913.26,1029887.0266,3972602.9597,151333225.93,570816.29067,26456488.969,-3.1447801519e-09,1.4097829988e-08,-3.1252631961e-08,-5.514672009e-08,9.6469962046e-09,-7.858139137e-11,4.6591285936e-08,5.5981978898e-08,-3.7120043249e-10,-5.9102502376e-08,-7.1838891131e-09,5.201714092e-08,-1.1964957767e-08,-6.2615310896e-09,-2.1776608306e-08,0.23704946191,0.02853652374,0.060868900437,0.047983760939
goe602m,ok,,30.154277351,320786271.39,583289.04007,2757397.9571,153428926.4,332137.74944,25192426.977,-3.8300259961e-09,1.6665801919e-08,-4.1882293776e-08,-8.2602594421e-08,9.4477559358e-09,-3.839096982e-09,7.6185007347e-08,6.9454639976e-08,-7.0167958755e-10,-9.0926612456e-08,-2.8649087499e-08,6.1065768488e-08,-4.8009006806e-08,-1.4906379865e-08,-5.4105692904e-09,0.23427152478,0.027014529563,0.053036496497,0.044437879804
goe600,ok,,31.202937956,327429469.62,1196496.6954,4258205.4819,152079836.24,639848.43067,26971004.674,-1.3384758904e-09,1.3523800037e-08,-2.9344619341e-08,-2.0757972054e-08,9.039785824e-09,-5.1106901322e-10,1.8226983797e-08,5.4624012657e-08,-1.616022295e-10,-5.1404058705e-08,-3.8452934897e-09,4.9778153598e-08,-5.7268359239e-09,-6.3975903107e-09,-4.8650835869e-09,0.24206687801,0.012528546317,0.061504786371,0.02180852588
goe601,ok,,31.34792933,327759149.38,1870285.6763,6457035.2371,150013941.11,1017519.474,26937053.638,-1.3851501622e-09,1.0992788057e-08,-2.326673417e-08,-1.6408794402e-08,8.7576494889e-09,-1.0605821144e-09,1.4786492451e-08,4.3790417749e-08,-1.1345663085e-10,-3.4942887605e-08,-2.0953978201e-09,4.0981082791e-08,-3.165017202e-09,-3.879830871e-09,1.9303207525e-10,0.23599208041,0.016742620644,0.065353182176,0.027654965035
goe602,ok,,30.333734707,321302662.88,666258.16364,2822089.6533,151850074.69,366626.09919,25345859.411,-3.3774089639e-09,1.7219646598e-08,-3.9252295078e-08,-7.0714990719e-08,9.6300218449e-09,-3.1855820441e-09,6.1364236769e-08,6.8858884889e-08,-5.2545875171e-10,-1.0782275189e-07,-1.7873882538e-08,6.1722263325e-08,-3.0500335197e-08,-1.1428784252e-08,-1.3045138942e-08,0.2355033481,0.024800197691,0.07183778867,0.040884423703
goe604,ok,,31.584967235,330734501.1,2040769.4387,7995991.4488,150629962.58,1198522.7758,27427060.019,-2.7901026464e-09,8.3510379622e-09,-2.2161765523e-08,-3.4988191764e-08,9.3526613673e-09,2.8189198141e-09,3.0262956044e-08,3.8567009057e-08,-3.6547194028e-10,-4.8287856964e-09,-2.5268457647e-09,3.5792026233e-08,-4.1615437053e-09,-4.3407067176e-09,-2.2710881949e-08,0.23019663214,0.035695983523,0.0098544382754,0.061759715819
goe610b,ok,,30.409924314,324064590.59,416881.96987,2455775.561,154893637.25,274321.29745,25561555.681,-5.5181655663e-09,1.9765157536e-08,-4.7429669379e-08,-1.4250682191e-07,1.1833179251e-08,-5.922220844e-09,1.4811851373e-07,6.8043891242e-08,-1.014753052e-09,-2.0220702043e-07,-3.2083707943e-08,6.436205124e-08,-6.800739409e-08,-1.3420836867e-08,-6.6841476029e-08,0.23557901443,0.034784895926,0.084296460999,0.061747937776
goe610bm,ok,,30.814746408,329471271.8,360332.47262,2521807.1194,161897756.9,255238.61395,26933758.723,-6.1643079104e-09,1.9136945357e-08,-4.9413801767e-08,-1.6810678795e-07,1.1563670967e-08,-6.6859666282e-09,1.8647115771e-07,6.2344780299e-08,-1.5050576542e-09,-1.7701297365e-07,-5.6223846901e-08,5.8977193259e-08,-1.1445746585e-07,-1.9162487959e-08,-5.9113614485e-08,0.24306652096,0.039248959767,0.063783522483,0.067191613331
goe611,ok,,31.121047301,323480729.71,1114233.3974,4002537.846,146187688.84,702183.84836,25855451.282,-4.0201087858e-09,1.382241823e-08,-2.8363152262e-08,-6.5962080303e-08,1.05676447e-08,4.3041424811e-09,6.2760813299e-08,5.1832085459e-08,4.1929057443e-10,-2.5487925719e-08,6.877996203e-09,5.3578201908e-08,6.9418095824e-09,4.817930453e-09,-3.4737846011e-08,0.23146335338,0.040696476747,0.028399498067,0.069930194226
goe612,ok,,31.264108337,328065131.27,1550377.2527,6306003.5649,151040190.41,901837.97353,26901945.334,-3.0326304608e-09,1.0044276555e-08,-2.548529053e-08,-3.9977484912e-08,8.9753898192e-09,1.301860006e-10,3.7957664237e-08,4.3813094569e-08,-3.8295708678e-10,-1.8445730289e-08,-5.8230154685e-09,4.0490275742e-08,-9.143802065e-09,-5.6511641135e-09,-1.0088115529e-08,0.23165028645,0.033948603102,0.02859784065,0.058848699201
goe613,ok,,30.711787252,324156850.32,758336.23493,3144472.4337,151968251.89,423681.6364,25999744.843,-3.696518951e-09,1.6212781094e-08,-3.6424851111e-08,-7.6633687414e-08,1.0233480943e-08,-2.8674440334e-10,6.4278119493e-08,6.3606376158e-08,-5.4227871606e-10,-9.0525926804e-08,-1.2409264812e-08,5.8393548363e-08,-2.1952121504e-08,-8.790822167e-09,-3.4921413536e-08,0.2365291603,0.028975153763,0.068649090496,0.048744427125
goe614,ok,,31.901179517,333213078.26,2282462.1295,8963424.5048,150427884.11,1381015.0081,27890161.47,-3.05991922e-09,8.3083009577e-09,-2.0699131436e-08,-3.2771953271e-08,8.6724341425e-09,2.4377108117e-10,3.1781891415e-08,3.5638351804e-08,-2.754569618e-10,-1.0926367258e-08,-2.7495961228e-09,3.3751478583e-08,-4.529137826e-09,-3.2602981005e-09,-7.8083259285e-09,0.23198978967,0.042762149254,0.024939019479,0.072540963559
goe615,ok,,31.215403332,327963055.44,1277427.0732,5402408.3228,151717811.25,753955.7991,26879735.196,-3.7167339651e-09,1.0943364956e-08,-2.7939400377e-08,-5.6622347947e-08,9.7145832788e-09,1.6003339641e-09,5.1545135038e-08,4.7033083561e-08,-5.0886899232e-10,-2.2233519534e-08,-7.2204022984e-09,4.3628585681e-08,-1.1917619135e-08,-6.2525282747e-09,-2.4568610558e-08,0.23284033459,0.038391253666,0.028401699785,0.065845150989
goe619,ok,,31.094163849,326899715.44,1254650.7015,5288290.6266,151751997.0,728835.20646,26667287.289,-3.0180299791e-09,1.0531790303e-08,-2.8432836149e-08,-4.3654611227e-08,8.9603568119e-09,2.3252198922e-10,4.2087242252e-08,4.8118338203e-08,-4.0097571313e-10,-9.4672889667e-09,-7.7904895768e-09,4.3986677573e-08,-1.2076596421e-08,-6.8536671039e-09,-7.1159914836e-09,0.2329040706,0.030609933903,0.011878140744,0.052804788017
goe617,ok,,31.176217643,326356569.54,1402263.0715,4807496.9569,150466336.12,744843.29198,26673133.47,-1.4217358909e-09,1.2913544858e-08,-2.691973477e-08,-2.2885515488e-08,9.1671953691e-09,1.0633069353e-09,1.7939422352e-08,5.112509007e-08,-1.6044255975e-10,-4.8711596053e-08,-1.5887547916e-09,4.777005612e-08,-2.727261162e-09,-4.4854342686e-09,-1.6084319549e-08,0.23716860297,0.014206870241,0.068306472298,0.025155789488
goe621,ok,,31.270092443,327996522.01,1550609.2571,6289920.7355,150921776.41,902464.13091,26881890.136,-3.0310142398e-09,1.0061003853e-08,-2.5462617335e-08,-3.995191391e-08,8.9833507404e-09,1.7847319666e-10,3.8009944386e-08,4.3821348656e-08,-3.7049638913e-10,-1.82128374e-08,-5.5902168236e-09,4.0619600771e-08,-8.8136675866e-09,-5.44860263e-09,-1.0245686235e-08,0.23153764457,0.033917288622,0.02824099427,0.058938571628
goe624,ok,,31.816530463,332738449.02,1772990.2081,6746184.927,152206530.1,1030055.0305,28042522.415,-2.9875580969e-09,1.0087976057e-08,-2.3627911845e-08,-3.9003515073e-08,9.2143603624e-09,1.030292081e-09,3.4935346767e-08,4.1456606222e-08,-3.365721952e-10,-2.3064799867e-08,-3.4391213082e-09,3.8780472041e-08,-5.5427548667e-09,-4.2798497592e-09,-1.8108739689e-08,0.23789869302,0.0357511612,0.040893664317,0.061940027736
goe622,ok,,30.175930746,322108960.06,430837.99257,1856192.4212,155317607.6,226168.16082,25429322.913,-2.9425855234e-09,2.0519736776e-08,-4.9275041255e-08,-8.0605483283e-08,9.7989768338e-09,-1.942218123e-09,6.6117551145e-08,8.712159578e-08,-6.0104127694e-10,-1.4968651982e-07,-2.977971625e-08,7.451950334e-08,-4.6425777484e-08,-1.7736747652e-08,-2.455291715e-08,0.23779119024,0.016910444634,0.064490639715,0.028485953009
goe623,ok,,31.070049506,326812302.29,1006228.5163,3975465.904,152479506.22,560230.38424,26734558.119,-2.9788092046e-09,1.3581617566e-08,-3.1787473967e-08,-5.2398556884e-08,9.5794331736e-09,4.8633418542e-10,4.5158916003e-08,5.6072970818e-08,-4.2092423351e-10,-4.7465869781e-08,-8.0192214213e-09,5.1180558823e-08,-1.2961031835e-08,-7.4877633777e-09,-2.1609782589e-08,0.23910421032,0.026464521297,0.047761511725,0.045440189048
goe620,ok,,31.788464348,332229054.82,2087274.166,8159707.426,150704204.18,1246806.7155,27741830.32,-3.053111631e-09,8.9853416234e-09,-2.1689810861e-08,-3.3775009583e-08,8.6273664188e-09,-4.5929020702e-10,3.3141820876e-08,3.7527647784e-08,-2.8109582084e-10,-1.7066316091e-08,-3.3730210986e-09,3.547758732e-08,-5.4233735258e-09,-3.5920765167e-09,-5.7222207864e-09,0.23264128759,0.040453284867,0.035622080687,0.06917606653
goe625,ok,,32.392930231,335476023.64,2693064.8217,9190968.7794,148547769.71,1669395.685,28406378.977,-2.7739129163e-09,8.2070887973e-09,-1.8357885223e-08,-2.8061438006e-08,8.5920469203e-09,1.5615065559e-09,2.7335897847e-08,3.3440481389e-08,1.1206063314e-10,-2.4759669903e-09,9.3387929433e-10,3.4090378753e-08,1.096006316e-09,1.2313838617e-09,-9.8278258576e-09,0.23092108444,0.043069350558,0.0066679396011,0.07361734486
goe626,ok,,31.157728342,328058385.19,1511573.4901,6952722.138,152165645.65,923647.54386,26812857.556,-2.8871175407e-09,7.9208861969e-09,-2.599370857e-08,-3.4912029251e-08,8.2597296487e-09,-2.2467865007e-10,3.6544564656e-08,4.1715272854e-08,-4.0695176322e-10,1.5808630195e-08,-8.315140699e-09,3.7269691165e-08,-1.2807644089e-08,-7.6157541701e-09,7.9245670274e-09,0.22830639184,0.033919382451,-0.023895906318,0.055239795142
goe627,ok,,31.544053968,326890312.93,1643536.1076,5156502.9826,147085182.27,1015203.7614,26663616.25,-2.3499218391e-09,1.1078053751e-08,-2.2794452949e-08,-3.3754398943e-08,9.3897154119e-09,5.1733809066e-09,2.9830058404e-08,4.3892234972e-08,2.1391000266e-10,1.9468344327e-08,2.3130187997e-09,4.5872820226e-08,2.3808006208e-09,3.2781756159e-09,-2.1457199295e-08,0.23063480174,0.02925801623,-0.031996926857,0.049026778079
goe629,ok,,31.096497681,326203289.69,1327420.2434,4904535.4802,150961612.03,722091.40058,26608897.655,-1.8428933701e-09,1.1808500488e-08,-2.7764506228e-08,-2.5696771087e-08,8.8353670886e-09,-9.9900440473e-10,2.4241977711e-08,5.0674827965e-08,-1.9286420341e-10,-2.8748723745e-08,-4.6625814131e-09,4.6665921877e-08,-6.7635916974e-09,-5.6936594963e-09,-6.4264594657e-10,0.23478202707,0.018446471116,0.038161637871,0.032179291952
goe628,ok,,31.431469934,329915816.34,1697958.2035,7302612.955,151543193.71,1027609.8799,27236979.537,-3.2146857834e-09,8.2656970396e-09,-2.4296496803e-08,-4.0674552983e-08,9.0013957569e-09,2.0359256283e-09,3.9049979158e-08,4.0168832529e-08,-4.4371940649e-10,4.8220963023e-09,-5.3059131261e-09,3.6932203095e-08,-8.3477094729e-09,-5.6415570746e-09,-1.3638933976e-08,0.22959367029,0.038587580448,-0.0081877179744,0.066305232458
goe63,ok,,31.220056613,331814880.84,458437.39888,3285719.9423,159916273.45,342169.70456,27479361.38,-6.2307373577e-09,1.4720000512e-08,-4.4279639129e-08,-1.4886848697e-07,1.2987766726e-08,2.783652722e-09,1.7440675052e-07,5.3467850502e-08,-1.3691229623e-09,-6.4695246946e-08,-3.4257402314e-08,5.1835573711e-08,-6.668262467e-08,-1.3869777674e-08,-8.4677392498e-08,0.23806457053,0.044078096422,0.02965872073,0.079954577057
goe632,ok,,31.329658359,324979483.37,1281887.2429,4136315.3365,146728278.39,797969.26624,26193560.063,-2.3180875148e-09,1.3135322555e-08,-2.5826575132e-08,-3.6642152259e-08,9.7623036296e-09,5.82185252e-09,3.6405474186e-08,4.9227221339e-08,2.3749984212e-10,8.0703417343e-09,2.4786546494e-09,5.1450831141e-08,2.3480124401e-09,3.7291779774e-09,-2.940746202e-08,0.2330415308,0.023784216911,-0.010345268115,0.046667712931
goe633,ok,,31.079960387,326573524.5,1253240.7269,5160138.7759,151370954.06,719397.91141,26592322.17,-2.498261138e-09,1.0265022645e-08,-2.86218142e-08,-3.9544304711e-08,9.6575644322e-09,4.0244126108e-09,3.6833220868e-08,4.9092809288e-08,-4.1489856538e-10,-1.7417725522e-09,-3.6925311757e-09,4.4763848825e-08,-6.1129972139e-09,-6.4941633925e-09,-3.2521487144e-08,0.23206996872,0.023031571543,0.0021828602994,0.046160892495
goe630,ok,,31.19805829,328822041.71,1033847.6109,5575203.3204,152638431.11,699999.64067,26852632.402,-5.1984811771e-09,1.1420187317e-08,-3.0431430336e-08,-8.1343553448e-08,1.0602997081e-08,-1.2949539608e-10,8.7501450773e-08,4.4308362318e-08,-8.4105954801e-10,-4.2699563705e-08,-1.1745589125e-08,4.2016729784e-08,-2.2710953022e-08,-7.781544287e-09,-3.3865430839e-08,0.2327737172,0.051452079228,0.044144841924,0.090463165835
goe645,ok,,31.193272512,327936203.6,1441625.413,6217439.7401,151781513.82,855631.48309,26856367.279,-2.9979896592e-09,8.8362217697e-09,-2.6570634813e-08,-4.2032023772e-08,9.2197657292e-09,2.6578050874e-09,3.9362838564e-08,4.4172885411e-08,-4.5727139059e-10,9.7272214481e-09,-5.8776748525e-09,4.0126022284e-08,-9.1969101849e-09,-6.6291137418e-09,-1.7238767568e-08,0.23090351662,0.032565408415,-0.014023009638,0.056746468404
goe647,ok,,31.474285643,330034409.61,1687301.8033,6928749.8228,151395683.59,1000679.4006,27311429.604,-3.1397610164e-09,8.8114850749e-09,-2.4352981542e-08,-4.1856028662e-08,9.3383145346e-09,2.6775310024e-09,3.781384123e-08,4.1329063564e-08,-4.1505980319e-10,-5.9145486272e-10,-4.3049799868e-09,3.8239717183e-08,-6.8964991993e-09,-5.1287819264e-09,-2.0666564886e-08,0.23128844792,0.037117766635,0.00099796285646,0.063803362499
goe646,ok,,31.719347787,331738251.67,2192552.7517,8347446.6683,150872481.03,1280657.4495,27682580.658,-2.2548693594e-09,8.2917952004e-09,-2.1325556628e-08,-2.3638519217e-08,8.2848010925e-09,-7.4535942858e-10,2.2962910774e-08,3.7525083594e-08,-2.0241540201e-10,-5.9892074874e-09,-3.1141881171e-09,3.4979579995e-08,-4.6693550288e-09,-3.938616861e-09,2.5006678146e-09,0.23143784409,0.03101435868,0.013131653357,0.050347393204
goe648,ok,,31.363574534,328771732.3,1579313.089,5967789.9454,151465878.5,885824.5873,27163905.571,-2.5331916855e-09,9.8923162156e-09,-2.529776588e-08,-3.6685408965e-08,9.1256323612e-09,1.9984950118e-09,2.9836596426e-08,4.514939279e-08,-3.1214711789e-10,-8.1411597437e-09,-3.8637826752e-09,4.1714831767e-08,-5.7947328956e-09,-5.1562936421e-09,-1.7459481183e-08,0.23241430672,0.028909458851,0.012857440143,0.047121327267
goe650,ok,,31.093875319,327147334.43,1147473.6301,4990593.4173,152491126.89,674767.95161,26720074.623,-2.9559011034e-09,1.05696883e-08,-2.9698958945e-08,-4.2059432871e-08,8.5474995752e-09,-1.1208171429e-09,4.2981287424e-08,4.9311469458e-08,-3.5977181812e-10,-1.7927281942e-09,-1.0543287463e-08,4.4855324961e-08,-1.5864664975e-08,-7.511326286e-09,7.178545314e-09,0.23382800113,0.029513696104,0.0020571083287,0.049319893906
goe654,ok,,31.091647093,327046406.37,1321081.9691,5669994.5654,151458638.37,782180.75492,26649802.46,-3.4371341214e-09,1.0065448032e-08,-2.7702498374e-08,-5.2175539181e-08,9.8505675694e-09,2.9731234567e-09,4.6663847788e-08,4.6451011972e-08,-5.4398217702e-10,-8.2348337249e-09,-6.1964496532e-09,4.2431588725e-08,-1.0506042432e-08,-6.8539392865e-09,-2.8168750079e-08,0.23174806627,0.035722460173,0.010878890352,0.06164676792
goe655,ok,,31.049918253,326371425.67,1280712.1723,5203659.5066,151336306.8,730122.32358,26568355.805,-3.038177814e-09,1.0778084934e-08,-2.8184071633e-08,-4.7381064687e-08,9.5227881924e-09,2.0586588748e-09,4.090320847e-08,4.884424074e-08,-4.3368006085e-10,-1.3007657106e-08,-6.1907624637e-09,4.4703608963e-08,-9.9330657645e-09,-6.5848758279e-09,-2.1806696113e-08,0.23289621616,0.03089395793,0.016659064789,0.052385236975
goe676,ok,,31.011273476,325804669.37,1028264.211,3637839.9475,151656470.83,540201.65578,26565533.201,-1.5246513823e-09,1.5087591011e-08,-3.1696873652e-08,-2.8406288524e-08,9.3236470195e-09,7.2529430547e-10,2.2365479377e-08,5.9680235097e-08,-2.1852252391e-10,-7.3726478998e-08,-2.7049491558e-09,5.4468815643e-08,-4.6755746676e-09,-6.8675306483e-09,-1.8534686752e-08,0.24010661476,0.012942388723,0.07581029976,0.022997622007
goe670,ok,,30.196848372,315195273.02,497430.5202,1703291.3375,142727110.99,342070.50481,23785760.153,-3.260171185e-09,1.9360233468e-08,-3.9279157029e-08,-7.0228555145e-08,9.6993809214e-09,8.369117433e-09,8.1776021982e-08,7.4761383578e-08,5.4412035691e-10,1.507593492e-07,2.3344386351e-08,8.1497035092e-08,2.8575477938e-08,1.2522040141e-08,-1.0856338612e-08,0.22450052017,0.023189729201,-0.074992301497,0.040677889154
goe673,ok,,30.774508165,324537120.48,793109.33054,3056904.098,152211046.32,428693.37454,26191032.22,-2.4529646341e-09,1.727065472e-08,-3.5955016765e-08,-4.5743070272e-08,9.3538112507e-09,-3.3725501705e-09,4.077507101e-08,6.5601603872e-08,-3.1043981053e-10,-1.136963198e-07,-1.1161845402e-08,5.9069751346e-08,-1.9249036172e-08,-8.8473303907e-09,-4.213154976e-09,0.24282128454,0.01917124268,0.090173612086,0.032339089271
goe675,ok,,31.784552707,332530054.35,1620456.8334,6507823.951,152193296.65,965326.62928,27940742.085,-3.4463828773e-09,1.061208139e-08,-2.4567265685e-08,-4.4029477342e-08,8.950621812e-09,-8.8004612315e-10,4.3322502269e-08,4.1823706745e-08,-3.5709789324e-10,-3.2122347344e-08,-5.2230891009e-09,3.9466520744e-08,-8.3845554252e-09,-4.3969018464e-09,-1.1041640221e-08,0.23694496681,0.039981985934,0.052052877257,0.070202244841
goe677,ok,,31.204568474,327279183.17,1048672.42,3662124.7795,151964426.49,554711.90997,26896653.087,-1.5039094385e-09,1.5053659905e-08,-3.1191199209e-08,-2.9072483703e-08,9.4245229295e-09,1.979724246e-09,2.2757131554e-08,5.8729869888e-08,-2.1458205691e-10,-7.0740162256e-08,-9.6248420106e-10,5.4194232975e-08,-2.4710189532e-09,-5.8479766596e-09,-2.7016526071e-08,0.2417113356,0.012507341788,0.074183257146,0.023864776219
goe681,ok,,31.63314241,330869355.01,1977377.8711,7422467.6477,150942877.83,1133784.652,27552382.045,-2.348335141e-09,8.9503686459e-09,-2.2477289492e-08,-2.8520295949e-08,8.7755491945e-09,1.0649448953e-09,2.5871740396e-08,3.9969433582e-08,-2.5145340389e-10,-9.5421755334e-09,-2.595211132e-09,3.7335836798e-08,-4.0378461192e-09,-3.976005235e-09,-1.1547477648e-08,0.23145605437,0.029310810219,0.018868486742,0.051158206947
goe679,ok,,31.877735503,330060772.88,2125035.3588,6942427.1664,146873063.08,1355241.4756,27274066.656,-2.2572920479e-09,8.8145879792e-09,-2.0053210375e-08,-2.493024696e-08,8.5072213062e-09,2.4543919972e-09,2.5376253625e-08,3.7463142497e-08,1.7535916177e-10,2.4723029501e-08,2.1298928061e-09,3.9241410014e-08,2.648828799e-09,2.8599349809e-09,-5.4963041579e-09,0.22694815411,0.032097883059,-0.052537311867,0.053925436228
goe682,ok,,30.344292131,316207031.62,587864.09081,2303883.4162,141059135.1,438877.9573,24018526.679,-3.7433607178e-09,1.4487908812e-08,-3.6325532434e-08,-7.1219517541e-08,9.7175584461e-09,1.3162949416e-08,8.8951033857e-08,6.4908793107e-08,6.375839096e-10,2.0168699572e-07,1.9775075354e-08,7.0356003873e-08,2.6336084332e-08,1.1363088351e-08,-1.3970961656e-08,0.222903948,0.029891075062,-0.11856454237,0.052291118645
goe683,ok,,31.85257923,329660144.05,2538558.5981,7875990.3116,146802687.24,1566919.5999,27168369.102,-1.155881588e-09,8.8675111101e-09,-1.840017758e-08,-1.3353904017e-08,8.6905702107e-09,3.0329110989e-09,1.3378443398e-08,3.544284474e-08,1.2771044258e-10,1.0009635347e-08,4.1903068559e-10,3.7136263627e-08,4.2713086268e-10,2.5296228087e-09,-1.4098999623e-08,0.22797120375,0.015896392079,-0.025410045874,0.033961962516
goe685,ok,,30.665068324,323724034.21,1026322.2628,4730498.6882,152025324.32,604526.70455,25916707.422,-2.9930229721e-09,1.0610812208e-08,-3.1770536177e-08,-4.5097888117e-08,8.8626774716e-09,-3.5919532297e-10,4.6884325982e-08,5.1791775709e-08,-4.7681545715e-10,2.0079702824e-11,-1.2479063065e-08,4.6113489739e-08,-1.9172078246e-08,-9.6621978529e-09,9.1422860628e-10,0.23033730822,0.027390188064,-2.0608246038e-05,0.048118427532
goe692,ok,,31.845551703,330138737.21,1846756.9932,6250958.7896,148246405.24,1114709.6838,27353188.926,-2.7523237814e-09,1.0712248154e-08,-2.222737641e-08,-3.2451339419e-08,8.7433236917e-09,1.0596659488e-10,3.2477186991e-08,4.1107201983e-08,1.2288030207e-10,-1.2637306317e-08,1.8256086529e-09,4.2065098935e-08,2.1167991376e-09,1.7966934529e-09,-4.7891356356e-09,0.23441197597,0.034923452554,0.023338033816,0.059977472193
goe702,ok,,31.114590569,327862440.54,1679688.9714,7558178.0837,151390486.33,1016654.5198,26738509.009,-2.8470301328e-09,7.7226544094e-09,-2.4848536619e-08,-3.6267872524e-08,9.2700054187e-09,3.0602350288e-09,3.5865227728e-08,4.0482133483e-08,-5.8298056112e-10,6.9966627707e-09,-5.0358762083e-09,3.5994096487e-08,-7.9522131884e-09,-7.5095009917e-09,-2.2263765279e-08,0.22578420761,0.031778304511,-0.011752217292,0.06024242747
goe704,ok,,31.400292509,326130398.93,1209060.9194,3852026.6735,148667370.19,681788.23782,26552354.027,-1.3105720192e-09,1.3911443936e-08,-2.745043362e-08,-2.2771770826e-08,9.3109021383e-09,3.4416561515e-09,2.0906966772e-08,5.3168316949e-08,8.9183967562e-11,-1.1639725483e-08,1.0662113403e-09,5.466563861e-08,6.3318720312e-10,2.3799487572e-09,-2.2251870254e-08,0.23799485993,0.011917706357,0.014073137194,0.025277796468
goe693,ok,,31.351739439,328734534.54,1067350.3748,4001190.7804,152599154.85,590353.89873,27200868.469,-2.7404946337e-09,1.4203783615e-08,-3.0621601002e-08,-4.472179878e-08,9.1483878732e-09,-1.5450179465e-09,4.0744710187e-08,5.505541662e-08,-2.8410634301e-10,-6.0489899075e-08,-6.6494558959e-09,5.1208657571e-08,-1.0334533018e-08,-5.7697583806e-09,-9.5926048799e-09,0.24194701935,0.025032355253,0.064563916451,0.04348888169
goe703,ok,,31.802702226,329119303.35,2613162.6952,7735167.3989,147150658.06,1579009.6554,27106670.506,-8.5366781965e-10,9.5462653016e-09,-1.8124927922e-08,-1.0126521871e-08,8.6196952886e-09,2.0978833891e-09,9.4734589482e-09,3.5763884537e-08,9.5625967843e-11,-8.318875654e-10,2.7429595269e-10,3.7456999796e-08,2.4378097621e-10,2.5183505663e-09,-1.0925460195e-08,0.22884192956,0.012045838513,0.0021738575525,0.024755689518
goe711,ok,,32.277259201,335666957.42,1665681.1878,5954772.3984,152112879.4,977673.8541,28706870.854,-3.839879396e-09,1.2150740368e-08,-2.3760496229e-08,-5.3402527222e-08,9.6857529229e-09,-4.1106322689e-10,4.5852679275e-08,4.2669194162e-08,-1.2280101308e-10,-4.9701743666e-08,-1.0061817579e-09,4.1795334939e-08,-3.0585519689e-09,-1.2293121913e-09,-2.2292877937e-08,0.24449844074,0.046904449339,0.082787259424,0.076375945277
goe701,ok,,31.175806458,327137034.96,1162660.9855,4730351.3808,151316230.71,668395.92603,26713619.294,-3.3503741898e-09,1.2521378058e-08,-2.9287069425e-08,-5.1880604586e-08,9.3369030884e-09,-6.4075444672e-10,4.911481213e-08,5.0503287407e-08,-3.7817481296e-10,-4.2976329409e-08,-7.1583433965e-09,4.7252189436e-08,-1.1525880015e-08,-5.6867016769e-09,-1.5350452911e-08,0.23517576485,0.032267323403,0.049966901503,0.057103875873
goe723,ok,,30.759822977,325781384.57,795650.68099,3863518.6781,154318055.3,482655.84851,26365256.324,-3.6264801872e-09,1.2694064909e-08,-3.5756916591e-08,-6.3232940459e-08,9.1792450445e-09,-7.8350368924e-10,6.579399299e-08,5.6282885744e-08,-6.5992164858e-10,-2.5442072291e-08,-1.958391588e-08,5.0128342179e-08,-3.1306554739e-08,-1.1783342672e-08,-7.1717011554e-09,0.23623940644,0.029702376973,0.020243002144,0.052349035327
goe735,ok,,31.758456293,332313323.19,2596220.9071,9808187.8749,150096323.9,1519331.5006,27696056.257,-1.8140638139e-09,7.3587218761e-09,-1.9723007166e-08,-2.1258921231e-08,8.9812503279e-09,3.1466125452e-09,1.8151654166e-08,3.4931677051e-08,-2.9093973782e-10,-3.560581261e-09,-7.5125772122e-10,3.2225774676e-08,-1.307126332e-09,-3.9100062985e-09,-2.3167734936e-08,0.22769364168,0.024316574626,0.0092440555111,0.047125704044
goe738,ok,,30.803697519,324639635.3,1526890.6056,6053356.9431,150714109.35,845974.4021,26213919.954,-1.1661099075e-09,9.3529986287e-09,-2.6479783928e-08,-1.7960215495e-08,9.0685936677e-09,2.6663036635e-09,1.5263145128e-08,4.6942975833e-08,-2.9798162935e-10,-6.3035052932e-09,-1.2984905087e-09,4.1194690686e-08,-2.1569251628e-09,-8.0279982721e-09,-2.1995586215e-08,0.2288776523,0.010938910528,0.0096247630148,0.023305152908
goe741,ok,,31.001551353,326370053.55,1492338.9358,6476126.1227,150772674.86,883693.50697,26440499.253,-2.5617867635e-09,8.7136427994e-09,-2.648006827e-08,-3.8113711743e-08,1.0080643341e-08,5.5078189289e-09,3.516022154e-08,4.4321367616e-08,-5.8999061475e-10,6.4414705711e-10,-2.423991508e-09,3.9529526411e-08,-4.3288199358e-09,-7.356501455e-09,-4.408553196e-08,0.22685818946,0.024882009672,-0.00096128573367,0.052470967593
goe746,ok,,29.591752041,316824298.28,534975.99143,3325977.3204,154087901.36,338703.3029,24261669.854,-4.5036481146e-09,1.2341915837e-08,-4.4812521366e-08,-1.0861102756e-07,1.3920425981e-08,1.0683980917e-08,1.0473025135e-07,6.4534998586e-08,-1.7259173302e-09,-1.8484391585e-08,-1.8745674731e-08,5.3851526886e-08,-3.8648191832e-08,-2.0591923556e-08,-1.2709775726e-07,0.22366056034,0.027209914033,0.0098887057139,0.056028170048
goe758,ok,,30.82092942,324814086.21,1201245.3807,5161367.9418,151098448.25,702334.45403,26161702.602,-3.2432022549e-09,1.1366346354e-08,-2.9260863312e-08,-4.9737665785e-08,9.597071908e-09,6.4783246855e-10,4.5692283e-08,4.9526262377e-08,-5.3926487005e-10,-2.9475519688e-08,-8.0447940849e-09,4.4802694211e-08,-1.3570689887e-08,-8.0778683291e-09,-1.9574074991e-08,0.23313835902,0.031733559898,0.03540733187,0.054887643889
goe744,ok,,30.86078915,326197131.52,1242256.5202,6750836.7064,151784747.93,818661.68571,26205631.993,-4.0301929063e-09,7.7292503138e-09,-2.8907824034e-08,-6.0931768649e-08,1.1822034951e-08,8.4787094258e-09,6.3317894566e-08,4.265905634e-08,-1.0999141782e-09,1.4716969953e-08,-5.9040822737e-09,3.7592884776e-08,-1.0874006046e-08,-9.7499304808e-09,-6.6553622895e-08,0.22185246684,0.037911437843,-0.018282251882,0.07865706737
goe766,ok,,30.630065692,323409613.57,932049.62412,3631289.3561,152100447.67,493826.7382,25990376.25,-9.0478000446e-10,1.1952041306e-08,-3.3856185187e-08,-2.1666604814e-08,9.2669487324e-09,3.9191258019e-09,1.3705457122e-08,6.1042841668e-08,-2.3956867254e-10,1.9633824205e-09,2.9276904269e-10,5.3439444504e-08,-2.7471722903e-10,-9.8545100945e-09,-3.0492821744e-08,0.23231619521,0.0072029571451,-0.001829969847,0.012774166159
goe767,ok,,30.322062777,321801739.27,830833.61029,3660349.6451,153460485.78,450434.89679,25615474.604,-9.8126060609e-10,9.4769786854e-09,-3.6380521542e-08,-2.3923567025e-08,9.2188699196e-09,4.6902718505e-09,1.6086588127e-08,6.1875983523e-08,-3.2974801108e-10,6.1177131746e-08,3.5022263626e-10,5.1479640002e-08,-1.3919250894e-10,-1.3617637028e-08,-3.3678454687e-08,0.2267940475,0.0073372739381,-0.050828017236,0.013365278091
goe769,ok,,30.829544257,325994563.02,1111905.6239,5312990.3751,153301472.32,665175.17048,26439440.975,-3.3291485785e-09,8.1360470792e-09,-3.0599961326e-08,-5.5593262032e-08,9.9378574215e-09,6.6118941301e-09,5.074152097e-08,4.8596849124e-08,-7.5677871298e-10,3.9846719923e-08,-8.2687365292e-09,4.2408203279e-08,-1.2863314501e-08,-1.0134075926e-08,-3.8821452637e-08,0.22461537862,0.031200357012,-0.044305791975,0.05641978253
goe765,ok,,31.207953032,326880680.6,1510055.7034,5265148.5477,150704978.7,807469.25018,26799986.214,-8.6730206482e-10,1.1594302313e-08,-2.6099676925e-08,-1.7051071707e-08,9.2209007015e-09,4.2109619628e-09,1.1928360433e-08,4.8992137832e-08,-1.9373531533e-10,-3.2030881403e-08,7.0364012576e-10,4.5245725921e-08,6.9597976055e-10,-5.0319291354e-09,-3.302866825e-08,0.23475146292,0.007512994434,0.048368415147,0.018012488704
goe770,ok,,32.058465298,331935858.19,2600857.653,8719510.6887,146991713.97,1629970.5262,27569814.975,-1.7211013858e-09,7.9223514999e-09,-1.8516113812e-08,-1.9673169811e-08,8.7890361867e-09,3.3945178318e-09,1.7484306827e-08,3.4362949685e-08,1.1892397866e-10,1.2528885767e-08,5.7484054421e-10,3.549047183e-08,6.0863273353e-10,1.8295367432e-09,-1.5573153857e-08,0.22837824029,0.02628759904,-0.032585848432,0.045474193218
goe775,ok,,32.191976696,333230918.33,3022894.5206,9237042.0273,148825228.58,1761558.4624,28078145.872,-4.5957255833e-11,8.2734932935e-09,-1.7258064824e-08,-3.1741706614e-10,8.1651289201e-09,-2.1554383168e-10,2.102895306e-10,3.3450799729e-08,1.3026699114e-12,-9.1429194155e-10,3.1208810702e-11,3.4427067811e-08,3.7340272326e-11,1.4292982433e-09,1.2296432671e-09,0.22927983842,0.0010557944263,0.0027638081003,0.00063568306978
goe777,ok,,32.315940444,334546529.98,2878825.7555,9823674.6873,147002045.83,1845584.0828,28038904.635,-2.4095695304e-09,7.3501081867e-09,-1.757033941e-08,-2.569256661e-08,9.0443999583e-09,4.3625735835e-09,2.349023717e-08,3.2129945622e-08,1.6121519569e-10,1.0115817878e-08,7.2346429039e-10,3.3091796978e-08,7.6489802104e-10,1.6838691883e-09,-2.0165948707e-08,0.22640694967,0.03904938223,-0.029121677046,0.067624299767
goe776,ok,,32.730239481,338604750.06,4314206.318,12975955.758,149109271.34,2554727.7184,29109518.283,-4.528531061e-11,6.896503082e-09,-1.4394795977e-08,-2.6009630864e-10,7.7620314039e-09,-1.8129964363e-10,1.824314534e-10,2.7852184744e-08,1.7553800828e-12,-3.278640956e-09,2.3533856434e-11,2.8565068473e-08,2.974923187e-11,1.0515244181e-09,9.9702786902e-10,0.22596667315,0.0012400516302,0.014144733527,0.00078704692886
goe79,ok,,30.489347636,330801750.84,232242.70457,2414692.8486,170071133.02,191119.25512,26959929.981,-7.1445851533e-09,1.8380303317e-08,-5.8835937656e-08,-2.4547122802e-07,1.5958587557e-08,2.2115848651e-09,3.069129544e-07,5.5095471804e-08,-2.606064353e-09,-1.2400045556e-07,-1.0074895771e-07,5.6391239355e-08,-1.9982178602e-07,-2.9227417438e-08,-1.5372703207e-07,0.23543322027,0.040032036859,0.028798201166,0.071278294596
goe796,ok,,31.313449263,328407646.98,1070699.8799,4010017.2302,152486377.86,591329.68477,27124108.0,-2.7287759117e-09,1.4224112052e-08,-3.0647121923e-08,-4.4419781645e-08,9.1298644849e-09,-1.6034767061e-09,4.0505345247e-08,5.5086634615e-08,-2.9715468301e-10,-6.3012545727e-08,-7.1085912253e-09,5.1254022852e-08,-1.0283319316e-08,-6.0479265277e-09,-9.9820634752e-09,0.24051877089,0.024847912698,0.067467525144,0.043369068292
goe780,ok,,30.771650618,322884666.1,979159.94158,3283825.9734,148959827.44,514338.60846,25775480.028,-6.4762049368e-10,2.1110843581e-08,-3.2037441682e-08,-1.1498592425e-08,9.5373407417e-09,-8.3441149387e-10,1.1084661032e-08,6.3672461133e-08,-7.2762676841e-11,-2.2353488322e-07,-9.8511693666e-11,5.9347395076e-08,-2.4714246275e-09,-3.9835832434e-09,-1.0929491382e-08,0.24415551106,0.0045418061891,0.21887640319,0.010853656049
goe795sm,ok,,30.452120432,323900558.09,456216.59592,1857963.4122,154461131.7,241068.59159,25774439.7,-2.8150420941e-09,2.1461244494e-08,-4.7369660662e-08,-7.3043434181e-08,9.6087194744e-09,-3.068075207e-09,6.318811935e-08,8.4968947607e-08,-4.5881605223e-10,-1.742590828e-07,-2.5247568137e-08,7.5540991462e-08,-3.7763841991e-08,-1.3798450119e-08,-1.9741049275e-08,0.23869425017,0.016472921133,0.079499885563,0.028827468712
goe795,ok,,30.411274887,323769200.1,455293.42272,1878047.3904,154722353.23,240607.31097,25767813.32,-2.8283704444e-09,2.1276162322e-08,-4.754376932e-08,-7.3135015695e-08,9.5917992932e-09,-3.2510076624e-09,6.3447152211e-08,8.4882940699e-08,-4.8830948097e-10,-1.7383063463e-07,-2.7226933993e-08,7.4820785486e-08,-4.0476440891e-08,-1.4739988117e-08,-1.8744845455e-08,0.23865511401,0.016520789082,0.079143944612,0.028887071092
goe797,ok,,31.557737029,327195246.86,1814197.0757,6046249.7742,147271403.91,1098618.5493,26767400.125,-2.7371654294e-09,1.094241094e-08,-2.2296864575e-08,-3.2113274507e-08,8.6981796465e-09,-1.6807505019e-10,3.2501435796e-08,4.1734905765e-08,2.023426162e-10,-1.1780050657e-08,2.7477954774e-09,4.336428614e-08,3.663767643e-09,3.0673787472e-09,-2.3905377014e-09,0.23056845147,0.034674949054,0.021371333454,0.058964009777
goe798,ok,,32.090543176,332273621.66,2899214.4529,9447313.6419,147323506.73,1787450.6625,27740356.737,-2.6270026674e-09,8.5656230244e-09,-1.7563321802e-08,-2.4245361295e-08,8.2822262186e-09,-5.1910220558e-11,2.483352193e-08,3.2877283034e-08,1.9259146671e-10,-9.3261000573e-09,1.5974817194e-09,3.4101063193e-08,2.2205416562e-09,2.2915906436e-09,-2.6879840572e-09,0.22651476086,0.042250108008,0.027038364075,0.071997705696
goe803h,ok,,28.375976327,310307716.68,199208.35223,3178377.1532,179617863.88,189671.26583,23016160.462,-7.866749088e-09,1.6442278021e-08,-6.0667756045e-08,-2.5856723789e-07,1.0033820095e-08,-1.5918281474e-08,3.8825718413e-07,3.5546143201e-08,-5.5623853254e-09,-2.2409419325e-07,-1.0919202488e-07,4.538991585e-08,-3.6352970197e-07,-6.5496821438e-08,-2.110222485e-08,0.2071165898,0.048214572947,0.044641434983,0.077344073893
goe802,ok,,31.106967873,328772754.19,678078.81749,3561249.0894,155300515.78,434505.09161,26975674.906,-5.2830317326e-09,1.4905815203e-08,-3.742789315e-08,-1.089178092e-07,1.1122492131e-08,-4.7397699731e-10,1.0789410149e-07,5.5785641886e-08,-9.036066951e-10,-7.8528039787e-08,-2.0470128552e-08,5.2436204115e-08,-3.7419469464e-08,-1.0118329281e-08,-4.877133168e-08,0.23763662911,0.042308811563,0.053248200358,0.073160704751
goe802b,ok,,31.329401534,331309505.15,652497.5372,3416159.0054,155004337.99,425074.63873,27343636.097,-5.3683268946e-09,1.5524279459e-08,-3.7824160027e-08,-1.123070361e-07,1.1071721999e-08,-1.6832888656e-09,1.122483938e-07,5.6544829694e-08,-8.9372011837e-10,-1.0334090747e-07,-2.0168085763e-08,5.3366085914e-08,-3.9030150089e-08,-9.9418927494e-09,-5.1965607017e-08,0.23475747892,0.04257436564,0.067429687615,0.073241800512
goe802a,ok,,31.354719978,331607715.73,655334.84126,3431273.3329,155028911.57,427161.93657,27391415.999,-5.3432401824e-09,1.5388824815e-08,-3.7684906915e-08,-1.1126841424e-07,1.0968732477e-08,-1.6366928432e-09,1.1176123412e-07,5.6334561313e-08,-8.8038157661e-10,-1.0091000772e-07,-1.9940351729e-08,5.3138568107e-08,-3.936633862e-08,-9.8383848498e-09,-5.0632024882e-08,0.23438824586,0.042480460812,0.06612984389,0.073241030621
goe92,ok,,30.373021604,324077822.94,496606.72727,2815268.7458,156069523.53,311169.9285,25830705.838,-5.529987457e-09,1.638246351e-08,-4.3649101801e-08,-1.4245430407e-07,1.3292365236e-08,3.2680754162e-09,1.2951542028e-07,6.5070670838e-08,-1.3240158873e-09,-9.6906580743e-08,-2.6811249242e-08,5.9001243929e-08,-6.5087113626e-08,-1.4908402586e-08,-9.4687132677e-08,0.23463144367,0.037447298689,0.048124459914,0.064318228997
goe81,ok,,30.584089561,327209197.88,394162.55387,2860956.9831,159311041.43,285610.74042,26353112.492,-6.4608891398e-09,1.8333615958e-08,-4.7399924672e-08,-1.6988601083e-07,1.3054986728e-08,-6.2932086186e-09,1.8881477185e-07,5.8562032525e-08,-1.6280185448e-09,-1.8460944326e-07,-4.6759620338e-08,5.6937765071e-08,-9.7070401438e-08,-1.7835710267e-08,-8.4768189548e-08,0.23544360342,0.042846418807,0.072766129623,0.074423712682
gs1,ok,,30.814907856,324586517.85,1238567.2808,5294566.0935,151207438.0,714901.88401,26139542.624,-2.7656040442e-09,1.0541115072e-08,-2.8906440591e-08,-3.8563572404e-08,8.7995244392e-09,-9.3782894856e-10,3.8471427027e-08,4.9014553855e-08,-4.0164452196e-10,-1.3957747709e-08,-8.7491040211e-09,4.4070048508e-08,-1.339852874e-08,-8.1028434146e-09,7.1964905502e-11,0.23006740471,0.027581007113,0.017287609625,0.047649450759
griffith30SymSuction,ok,,32.643297135,340946772.31,6857097.9232,22571648.841,144077650.79,4022091.0528,28439735.614,8.1285129268e-16,6.9549087801e-09,-1.2037919629e-08,-6.3993009006e-14,8.1390510875e-09,4.3026776636e-14,-5.3608203622e-14,2.3234868255e-08,-2.5013661089e-15,-2.6074236136e-08,3.7214728945e-14,2.1682571765e-08,-4.9002393078e-14,-2.429910048e-09,-1.775622399e-13,0.23147246107,9.2074675061e-08,0.17879359046,-3.6759670173e-07
gu255118,ok,,31.870597144,329925596.72,2385257.606,8284628.1138,144435913.02,1650077.1742,26828820.572,-3.1235375764e-09,9.8175926995e-09,-1.8950323587e-08,-3.0414123827e-08,9.1464375159e-09,9.1855560591e-10,3.4831738015e-08,3.4523529264e-08,2.6717921953e-10,-1.3659849075e-08,2.0728543642e-09,3.5710220439e-08,2.8434783507e-09,2.701131526e-09,-9.9534702317e-09,0.2319160089,0.046390002102,0.032582258904,0.08308266803
hobie,ok,,29.471611969,316659146.98,426628.8988,2485148.4657,155889023.84,254299.56216,24193329.704,-4.4413455857e-09,1.6504013134e-08,-4.8934738632e-08,-1.0950357213e-07,9.6513990205e-09,-3.4568523744e-09,1.076716737e-07,7.4004929381e-08,-1.1519012794e-09,-7.9759180766e-08,-5.1108223429e-08,6.2293239066e-08,-9.2457157874e-08,-2.3629943619e-08,-7.8180475309e-09,0.22823149091,0.027393066898,0.034027571459,0.045935847584
goe801,ok,,31.106967873,328772754.19,678078.81749,3561249.0894,155300515.78,434505.09161,26975674.906,-5.2830317326e-09,1.4905815203e-08,-3.742789315e-08,-1.089178092e-07,1.1122492131e-08,-4.7397699731e-10,1.0789410149e-07,5.5785641886e-08,-9.036066951e-10,-7.8528039787e-08,-2.0470128552e-08,5.2436204115e-08,-3.7419469464e-08,-1.0118329281e-08,-4.877133168e-08,0.23763662911,0.042308811563,0.053248200358,0.073160704751
hobiesm,ok,,29.438128965,316488398.18,432795.40981,2520219.1592,156171093.9,257616.30893,24202572.654,-4.4384153744e-09,1.6779526179e-08,-4.8915341085e-08,-1.0789772391e-07,9.5745992818e-09,-4.5083376514e-09,1.0634505274e-07,7.3728454464e-08,-1.2292001615e-09,-9.8376969878e-08,-5.5231765314e-08,6.1778342178e-08,-9.2349381822e-08,-2.5281910848e-08,-6.5893787477e-09,0.22729632198,0.027410450562,0.042577100994,0.04602565068
hor07,ok,,30.461652365,328913511.96,280527.47766,2278713.9442,169865461.27,197492.05296,27011393.892,-5.3614804841e-09,1.7806775509e-08,-5.799199782e-08,-1.5872117227e-07,1.0829431304e-08,-2.3074525261e-09,1.8825985022e-07,6.6803149491e-08,-2.1620000929e-09,-1.2049368384e-07,-1.0851963502e-07,5.6507116308e-08,-1.8283607441e-07,-3.5292740424e-08,-5.9811026773e-08,0.24183469304,0.028493575305,0.033801789202,0.052812060927
hor12,ok,,30.810440845,327094972.96,800893.06766,4155477.8278,158735856.2,476987.64467,26950082.435,-3.1225431533e-09,1.0297287484e-08,-3.658852289e-08,-5.3988292036e-08,8.8218165484e-09,4.8605174879e-10,5.5442394826e-08,5.5406547301e-08,-8.3832752024e-10,1.7496761564e-08,-2.5917172922e-08,4.5092122032e-08,-3.8126196834e-08,-1.7885403203e-08,-1.1741813583e-09,0.23693371164,0.025619056975,-0.014013035043,0.04440342967
hq010,ok,,29.552240224,314661036.44,654447.40753,2659235.9533,149817168.05,333788.8468,23991823.592,2.168918654e-15,1.6621543292e-08,-4.1576485347e-08,1.0396412284e-14,9.4351042145e-09,1.3235698963e-13,1.502821717e-13,7.7003767712e-08,2.6918914182e-14,-1.0709670769e-07,2.0417601253e-13,6.4514014062e-08,-2.4886080434e-14,-1.677362279e-08,4.2788690915e-14,0.22636535589,-2.3716867059e-10,0.0700891627,9.8351777667e-08
hor04,ok,,28.704095931,322115754.85,90944.495179,688394.47515,192634102.53,43823.754901,24922060.851,-3.8946606478e-09,3.4290788824e-08,-1.0224791924e-07,-2.6301706772e-07,9.4428166226e-09,-1.981605058e-08,1.9298676865e-07,1.7112423076e-07,-1.6931226208e-09,-1.1640699112e-06,-3.4151087682e-07,1.000920115e-07,-5.5231576536e-07,-7.9189039233e-08,-3.8452622371e-08,0.22428782187,0.011148471226,0.10586575042,0.017551084251
hor20,ok,,32.505046385,339484640.02,2411528.6838,9424480.0106,154090233.0,1465377.8956,29555825.9,-1.3907268504e-09,6.4437816439e-09,-2.0237283085e-08,-1.2665669705e-08,7.8767378715e-09,1.773565632e-10,1.4797353596e-08,3.4112907301e-08,-1.3935935708e-10,1.6625604592e-08,-2.185412945e-09,3.1409719271e-08,-3.0098075938e-09,-3.912843578e-09,2.3427175723e-09,0.23408571793,0.019363840973,-0.040093122359,0.035684242642
hq07,ok,,28.573824415,309411484.42,304848.52813,1398777.4164,152754683.26,147472.53871,22601311.831,1.3725071514e-15,2.331707704e-08,-6.1617370979e-08,5.8877363486e-14,9.7052138271e-09,-4.197334126e-15,-1.9299540213e-14,1.151242081e-07,4.6538271394e-15,-2.955178842e-07,7.9975075996e-13,8.8519398589e-08,-2.4068846394e-12,-3.1975435648e-08,8.0042028701e-14,0.21935056409,-6.0935799494e-09,0.090088192033,-5.8834364276e-09
hq09,ok,,28.998493346,311525727.41,419184.05549,1816650.5807,151122121.68,207638.33867,23187651.317,6.5139725241e-16,2.0347737436e-08,-5.2419403716e-08,9.4828062807e-15,9.6082049585e-09,1.0722742744e-14,5.6975933494e-15,9.738252301e-08,3.3405031384e-15,-1.9496986761e-07,8.9849384181e-14,7.795776883e-08,-3.426286231e-13,-2.4792217389e-08,1.5156913886e-14,0.22279170636,-1.2678337933e-09,0.081728259805,2.3883402867e-09
hq1010,ok,,29.610724649,315468520.71,650677.46314,2672280.3164,150360149.7,333626.74212,24171354.319,-1.0892485787e-09,1.665938087e-08,-4.1601211057e-08,-2.3463611568e-08,9.4319889854e-09,-1.265435905e-09,1.7982575016e-08,7.6511237061e-08,-2.1482433482e-10,-1.0857981601e-07,-8.5521621433e-09,6.3938061006e-08,-1.2741559868e-08,-1.7083677218e-08,-1.4952124482e-09,0.22770097281,0.0077145032285,0.070650439231,0.011700856292
hq1510,ok,,29.615091293,315495701.5,650822.66747,2701556.9216,150420792.67,336065.74505,24171004.525,-1.6241996229e-09,1.667331634e-08,-4.1467999795e-08,-3.4944181763e-08,9.4360541149e-09,-1.9082414805e-09,2.6926166546e-08,7.580136339e-08,-3.2107569077e-10,-1.0971577195e-07,-1.2585438543e-08,6.3573723346e-08,-1.8833732439e-08,-1.706160186e-08,-2.2186847345e-09,0.22744899732,0.011573957588,0.071405511365,0.017524159536
hq108,ok,,28.997430958,311895511.84,404892.71332,1793212.4701,151797435.3,201762.77009,23261198.025,-1.3930326261e-09,2.0653250484e-08,-5.310677052e-08,-3.874034046e-08,9.6141267969e-09,-2.5593285508e-09,2.8633422127e-08,9.7832998085e-08,-3.1429427621e-10,-2.0475067034e-07,-1.88338723e-08,7.7979133848e-08,-2.9851653244e-08,-2.5647425188e-08,-9.4530464705e-10,0.22346422579,0.0077737379657,0.082902054468,0.011593463977
hq1012,ok,,30.065576979,318347504.73,953841.00628,3734664.7416,149702426.15,500042.43477,24852485.154,-8.8928580612e-10,1.3890501903e-08,-3.4032133563e-08,-1.5633339522e-08,9.2462315349e-09,-6.9894922264e-10,1.2310317678e-08,6.2657113928e-08,-1.5259431417e-10,-6.4330308696e-08,-4.2973454905e-09,5.4060588475e-08,-6.288612434e-09,-1.1967508606e-08,-1.2897597723e-09,0.22954115967,0.0076692973738,0.061360886381,0.011742085802
hq109,ok,,29.32079659,313666875.53,520328.73416,2208416.6972,150844611.97,263288.81428,23724059.859,-1.2258414887e-09,1.8469680072e-08,-4.6705226682e-08,-2.9767223365e-08,9.5275641304e-09,-1.7679780147e-09,2.2441662444e-08,8.5967209736e-08,-2.5855167873e-10,-1.4679831897e-07,-1.239961863e-08,7.0388193775e-08,-1.898727959e-08,-2.0710234572e-08,-1.4930123979e-09,0.22575486406,0.0077486353933,0.076383383485,0.011677041812
hq1585,ok,,29.025386043,311391384.83,473552.79298,2120290.5093,150972615.76,240707.14091,23218546.856,-1.8583652691e-09,1.8593018988e-08,-4.9112348529e-08,-4.6090784159e-08,9.5291874581e-09,-3.3489746757e-09,3.5885166681e-08,8.8937104389e-08,-4.0605751122e-10,-1.5289986962e-07,-2.305638459e-08,7.1767312969e-08,-3.4627327573e-08,-2.3895144726e-08,3.5570478708e-09,0.22217000077,0.011284612707,0.072406160304,0.016993520908
hq158,ok,,29.076562259,312953588.28,403651.63316,1820645.046,152623313.45,203225.72675,23497426.488,-2.067288978e-09,2.0750835812e-08,-5.2906679152e-08,-5.7606330736e-08,9.5945712064e-09,-3.7974537571e-09,4.3044407162e-08,9.6270961808e-08,-4.8085673139e-10,-2.1013925017e-07,-2.8984869531e-08,7.6750096796e-08,-4.5720712048e-08,-2.6179198495e-08,-2.3981349441e-09,0.22478798316,0.011597537926,0.084823051522,0.017374945249
hq159,ok,,29.353667702,314083439.44,520278.41897,2238893.2471,151185417.95,265540.04362,23814204.15,-1.8226589644e-09,1.8492745103e-08,-4.6529160698e-08,-4.4212322621e-08,9.522110679e-09,-2.65934851e-09,3.3582041767e-08,8.4889771894e-08,-3.8975773156e-10,-1.4876232105e-07,-1.8600344449e-08,6.9671403094e-08,-2.8488087782e-08,-2.088826499e-08,-2.2873257319e-09,0.22612190763,0.011602805256,0.077397825196,0.017472011596
hq1512,ok,,30.083182915,318561172.62,953492.45346,3760898.8563,149832942.65,502281.20264,24896031.435,-1.3294985344e-09,1.3897042824e-08,-3.3973531999e-08,-2.3421696688e-08,9.2459164674e-09,-1.0291056137e-09,1.8437359238e-08,6.2267071498e-08,-2.3044618947e-10,-6.5245384172e-08,-6.3884553084e-09,5.3791814892e-08,-9.3923718455e-09,-1.2011281024e-08,-2.1313849887e-09,0.22956210956,0.011518532678,0.062210981432,0.017579882895
hq1511,ok,,29.810113311,316347244.05,799517.23874,3220519.539,149602236.65,417221.96123,24382805.594,-1.4588105683e-09,1.5165773371e-08,-3.7245897613e-08,-2.8081531868e-08,9.3422295356e-09,-1.4596871586e-09,2.191076676e-08,6.8360836357e-08,-2.6130992584e-10,-8.3875386601e-08,-8.5177873822e-09,5.85296506e-08,-1.2635749861e-08,-1.3888752475e-08,-1.647694482e-09,0.22731895259,0.011559965962,0.067059817493,0.017518035739
hq159b,ok,,29.282134493,313169076.13,519038.64354,2232185.014,150587378.66,264869.53414,23598321.638,-1.823321135e-09,1.8588462207e-08,-4.6558213284e-08,-4.4186956425e-08,9.5445574756e-09,-2.7693510995e-09,3.3516145761e-08,8.5245892033e-08,-3.7909234913e-10,-1.5084804249e-07,-1.7895275937e-08,7.0263163275e-08,-2.7818910346e-08,-2.0480321304e-08,-1.5226516208e-09,0.22481495971,0.011613111696,0.078295963354,0.017396174832
hq2010,ok,,29.61324525,315550782.6,652208.74866,2756093.0709,150556085.66,339962.45478,24179086.515,-2.1474164853e-09,1.6686091055e-08,-4.1272563453e-08,-4.5981347533e-08,9.4445258315e-09,-2.6200879583e-09,3.5829509709e-08,7.4766248341e-08,-4.3274640811e-10,-1.1291600837e-07,-1.6507106307e-08,6.2840637176e-08,-2.5129517878e-08,-1.7215910069e-08,-2.9191335845e-09,0.22725644632,0.015406418823,0.073644808519,0.023368319692
hq17,ok,,30.745217958,323316137.45,1673841.292,6350058.1693,148124090.56,930206.29721,25810919.832,-2.8107460818e-09,1.3408746325e-08,-2.4922953927e-08,-3.5603684595e-08,9.1767544781e-09,-4.6221274067e-09,3.0795029227e-08,4.5920875473e-08,-3.800418985e-10,-9.3093502798e-08,-5.2306106377e-09,4.202287282e-08,-9.2487639299e-09,-6.620230961e-09,-3.5259517075e-09,0.23384375578,0.032352157297,0.155823749,0.051545991508
hq208,ok,,29.010919798,312091186.65,404921.18793,1871814.6912,152274812.65,206956.01954,23296643.422,-2.7294693458e-09,2.0818358573e-08,-5.2446790227e-08,-7.5490263748e-08,9.6134520467e-09,-5.2726278706e-09,5.7217365413e-08,9.4375848308e-08,-6.3714864891e-10,-2.1445423295e-07,-3.5969313299e-08,7.6077916102e-08,-5.8386042592e-08,-2.5924732144e-08,-2.1329046549e-09,0.22318481282,0.015524649879,0.086837062765,0.023168523573
hq2012,ok,,30.104444102,318865871.96,954897.72478,3813422.5683,150028729.48,506617.63626,24958739.305,-1.7601307305e-09,1.3881145528e-08,-3.3867835823e-08,-3.0845874175e-08,9.2472784924e-09,-1.4132762462e-09,2.457682654e-08,6.163272539e-08,-3.100929093e-10,-6.6521113844e-08,-8.5184824866e-09,5.3277114202e-08,-1.2645467794e-08,-1.2128307802e-08,-2.7827936174e-09,0.2297145669,0.015303240482,0.06352086026,0.023468355745
hq2090sm,ok,,29.310739734,313400515.3,516197.62467,2252736.2202,150801407.26,266755.18176,23634452.758,-2.4011670599e-09,1.8725674343e-08,-4.6410950801e-08,-5.8164123268e-08,9.5491696373e-09,-3.721023417e-09,4.4701986439e-08,8.4063391057e-08,-4.9831450158e-10,-1.5336871187e-07,-2.3332028287e-08,6.9910662649e-08,-3.6295326461e-08,-2.0361255086e-08,-1.9648816152e-09,0.22496880941,0.015397669871,0.079168564768,0.023075059218
hq209,ok,,29.338242678,313947969.62,520931.77294,2289478.3806,151259366.48,268929.50934,23778850.463,-2.4065284401e-09,1.8530579949e-08,-4.6268507745e-08,-5.8095059377e-08,9.5306408744e-09,-3.6671653268e-09,4.4675504461e-08,8.35318408e-08,-5.2226720617e-10,-1.527647161e-07,-2.4139957232e-08,6.8871741337e-08,-3.7603083731e-08,-2.1012777956e-08,-2.7180527432e-09,0.22561778255,0.015458565557,0.079579994399,0.023272889746
hq2195,ok,,29.421531021,313746760.09,595274.87807,2542160.6293,150253754.69,308220.22861,23766574.93,-2.3388319016e-09,1.7517484718e-08,-4.3235143043e-08,-5.227829251e-08,9.3980150263e-09,-3.758847442e-09,4.0075235441e-08,7.8551041258e-08,-4.5649140601e-10,-1.3022168244e-07,-1.9566581921e-08,6.5987768745e-08,-2.9534935653e-08,-1.8463507035e-08,2.358526726e-09,0.22426172122,0.016276262065,0.077517696134,0.023855780891
hq2510,ok,,29.641413434,315813895.06,649193.6306,2796562.1204,150730209.28,343016.1971,24220971.357,-2.6597623085e-09,1.6776131634e-08,-4.1077044428e-08,-5.6777737414e-08,9.454409348e-09,-3.389283911e-09,4.4980441179e-08,7.3635644641e-08,-5.2884529237e-10,-1.1538879863e-07,-1.9762010886e-08,6.2291844173e-08,-3.130117107e-08,-1.6937719524e-08,-3.1178831132e-09,0.22752394459,0.01923237257,0.074909673112,0.029201015915
hq2511,ok,,29.8182456,316438899.87,797704.56022,3310447.495,149698709.02,424045.75077,24379738.827,-2.4002815801e-09,1.5244532062e-08,-3.6994704574e-08,-4.5884184856e-08,9.3550789342e-09,-2.6082530854e-09,3.6597731694e-08,6.6877690888e-08,-4.3006583684e-10,-8.8287459446e-08,-1.3494604052e-08,5.7663520271e-08,-2.0896403397e-08,-1.378904018e-08,-2.2500045291e-09,0.22700686573,0.019240423087,0.07042730901,0.029194177466
hq2512,ok,,30.096118831,318707567.67,951841.6726,3852638.9193,149922662.17,509717.5009,24905291.232,-2.1888847976e-09,1.3956135015e-08,-3.3783361562e-08,-3.8207575994e-08,9.2675178772e-09,-1.8944389181e-09,3.0803730195e-08,6.1081855161e-08,-3.7894511758e-10,-6.8592909002e-08,-1.0233804064e-08,5.3082801559e-08,-1.5579311332e-08,-1.1941037497e-08,-2.919075404e-09,0.22939386424,0.019133797389,0.065289589233,0.029320274071
hq258,ok,,29.023988801,312229845.1,403469.13258,1925162.7618,152524466.69,210370.9968,23310591.647,-3.3668568986e-09,2.0960151845e-08,-5.1942229423e-08,-9.26685621e-08,9.6129894436e-09,-6.8248879282e-09,7.1898805074e-08,9.1972905798e-08,-7.8167797087e-10,-2.2075861469e-07,-4.2202844765e-08,7.4871644345e-08,-7.2689188537e-08,-2.5583382639e-08,-1.7686285437e-09,0.22328071375,0.01941170485,0.08906928678,0.029008948517
hq259,ok,,29.34750153,313985901.28,518947.59399,2336615.5322,151349640.27,272290.3042,23769199.054,-2.9767880753e-09,1.8651776106e-08,-4.5949962188e-08,-7.1559172127e-08,9.5421509621e-09,-4.7513890941e-09,5.6092764507e-08,8.1948144207e-08,-6.3691965821e-10,-1.5685329453e-07,-2.841529773e-08,6.8153382679e-08,-4.6556621911e-08,-2.0621958812e-08,-2.6688282012e-09,0.2255731241,0.019320955971,0.081398639805,0.029109205181
hq2590sm,ok,,29.302142606,313016777.98,535109.07896,2371169.8231,150679201.44,279247.16682,23570508.981,-2.947685967e-09,1.8495047097e-08,-4.5362249501e-08,-6.9498290232e-08,9.3970498139e-09,-5.3186751413e-09,5.3641206078e-08,8.1468571087e-08,-5.9789153677e-10,-1.5345944822e-07,-2.7233595688e-08,6.8286338952e-08,-4.2303786607e-08,-2.01969169e-08,3.7799821534e-09,0.22322210324,0.019642844731,0.082117543997,0.028703896379
hq259b,ok,,29.302142864,313016801.42,535109.01314,2371169.3298,150679216.59,279247.07715,23570510.581,-2.9476870167e-09,1.849505073e-08,-4.5362248818e-08,-6.9498339203e-08,9.397049972e-09,-5.3186741449e-09,5.3641232025e-08,8.1468589886e-08,-5.9789160762e-10,-1.5345953361e-07,-2.7233640922e-08,6.8286343887e-08,-4.2303617005e-08,-2.0196910324e-08,3.7799435279e-09,0.22322210512,0.019642849692,0.082117579585,0.028703906732
hq3010,ok,,29.616862477,315639123.2,650466.66318,2875214.0875,150824556.92,348430.40262,24177529.9,-3.1545583706e-09,1.6838792809e-08,-4.0832007835e-08,-6.6982007177e-08,9.4584566032e-09,-4.2904526582e-09,5.3747871183e-08,7.2221762749e-08,-6.4486932061e-10,-1.2176630994e-07,-2.3359416267e-08,6.1401826426e-08,-3.7285919103e-08,-1.7257913011e-08,-3.5560986172e-09,0.22667516519,0.023057741132,0.079204925314,0.034961198421
hq3011,ok,,29.880077266,317247788.61,801367.11478,3379326.1349,150208054.94,429339.56696,24562895.482,-2.8382556326e-09,1.538030579e-08,-3.6757072578e-08,-5.4323024616e-08,9.3996393322e-09,-3.0748359486e-09,4.3726319571e-08,6.5753361809e-08,-5.3687134174e-10,-9.4954122341e-08,-1.5833707991e-08,5.6775107592e-08,-2.4778918438e-08,-1.4048464682e-08,-5.0045636021e-09,0.22801425421,0.022833206693,0.076093111057,0.035040834555
hq3013,ok,,30.340752145,320525643.21,1122049.2769,4489712.2809,149891134.55,610865.81497,25298459.353,-2.3941410767e-09,1.2890380253e-08,-3.0884141732e-08,-3.8214463497e-08,9.1596316966e-09,-1.8073169707e-09,3.1376950891e-08,5.5581684456e-08,-3.8564201337e-10,-5.5829436141e-08,-8.9413047498e-09,4.9039940462e-08,-1.3598972123e-08,-1.0100072918e-08,-3.0071549831e-09,0.22994784856,0.022921581769,0.062643378452,0.035206485059
hq3012,ok,,30.125420208,319019202.84,951788.68291,3910365.3768,150089323.6,515203.10901,24962247.925,-2.6007062158e-09,1.3984735547e-08,-3.3638535671e-08,-4.5261451412e-08,9.2619589956e-09,-2.3477540349e-09,3.6849206006e-08,6.0264315853e-08,-4.5219817224e-10,-7.0755055955e-08,-1.2019034086e-08,5.2597487023e-08,-1.8474571293e-08,-1.1932217829e-08,-3.3549174732e-09,0.22924574525,0.022922667415,0.067343861517,0.035072657251
hq3014,ok,,30.523461921,321843915.79,1311546.2092,5130805.5647,149706586.56,717382.38452,25587787.932,-2.204163693e-09,1.1972162741e-08,-2.8489418569e-08,-3.2484966699e-08,9.0661752425e-09,-1.4249560642e-09,2.6775454495e-08,5.1518178705e-08,-3.3488715063e-10,-4.6170264504e-08,-6.7432721672e-09,4.5840969692e-08,-1.0180943293e-08,-8.7148998699e-09,-2.9323584265e-09,0.23023374364,0.022819921936,0.060554435389,0.035117245842
hq3015,ok,,30.698044229,323135804.55,1511669.9372,5801726.7429,149564291.02,831411.66313,25860836.466,-2.0472241072e-09,1.1170914291e-08,-2.6449167938e-08,-2.8024901301e-08,8.967124428e-09,-1.1529561079e-09,2.3226519944e-08,4.8009569453e-08,-2.9199685154e-10,-3.8454015952e-08,-5.1802564244e-09,4.3068377799e-08,-7.7814761945e-09,-7.5519686662e-09,-2.6385383245e-09,0.23030629864,0.022795117558,0.058129779879,0.035110831945
hq309,ok,,29.378743412,314347401.45,518734.58981,2401122.9346,151714434.84,277237.34661,23837997.448,-3.5204471494e-09,1.8751145145e-08,-4.559218123e-08,-8.4268962551e-08,9.5338819881e-09,-5.8785322963e-09,6.7240400282e-08,7.9918017253e-08,-7.7017881115e-10,-1.6307474763e-07,-3.3199490746e-08,6.7044623968e-08,-5.4722463777e-08,-2.079722955e-08,-3.2679710837e-09,0.22544848266,0.023158265668,0.084592512322,0.034879921459
hq308,ok,,29.053875506,312517793.31,403086.42204,1988569.2598,152901259.71,215068.90499,23359324.836,-3.9658950312e-09,2.1117179808e-08,-5.1395421431e-08,-1.0859992173e-07,9.596587863e-09,-8.4124375475e-09,8.6214007378e-08,8.9106490008e-08,-9.3862421445e-10,-2.2898852333e-07,-4.8529139558e-08,7.3520826453e-08,-8.4465333341e-08,-2.5649319586e-08,-2.1196458047e-09,0.22301330592,0.023254806072,0.092302164557,0.034751695764
hq3510,ok,,29.67539534,316204011.92,649431.1762,2946974.0993,151129599.91,354582.58615,24278505.91,-3.6373033742e-09,1.6831775074e-08,-4.0485273656e-08,-7.696728305e-08,9.4686424322e-09,-4.9941984383e-09,6.2986022799e-08,7.0457611949e-08,-7.4047667223e-10,-1.2254346747e-07,-2.5638515376e-08,6.0456411381e-08,-4.2469352837e-08,-1.6935893742e-08,-4.348091405e-09,0.22700293058,0.026941339792,0.079583548215,0.040905086871
hq3512,ok,,30.147612001,319308405.26,951435.14907,3995243.2289,150275028.2,521763.93762,25011252.729,-3.0148790385e-09,1.3965002418e-08,-3.3477853952e-08,-5.2305130744e-08,9.2801581813e-09,-2.7751685745e-09,4.315935942e-08,5.9250805906e-08,-5.3221702871e-10,-7.2294229164e-08,-1.3638899746e-08,5.1901106802e-08,-2.1497960968e-08,-1.1967688024e-08,-4.1709190552e-09,0.22926027146,0.026792136305,0.068783270701,0.041063331563
hq3513,ok,,30.36156383,320813081.76,1132235.0743,4612982.8828,150015876.46,623074.80861,25348249.864,-2.762070261e-09,1.2826864295e-08,-3.0636666153e-08,-4.3795517881e-08,9.1755701008e-09,-2.1197552896e-09,3.6308366495e-08,5.4589503818e-08,-4.5486709689e-10,-5.7147170111e-08,-1.0087408084e-08,4.8263468337e-08,-1.5658686961e-08,-1.0151424446e-08,-3.8720695731e-09,0.22990494475,0.026733377305,0.064704030398,0.041109606037
hq3514,ok,,30.475028183,321347249.87,1305341.2763,5189274.379,149450674.83,720187.92421,25451844.508,-2.5549069015e-09,1.2030027094e-08,-2.8478919366e-08,-3.7577378054e-08,9.0889032938e-09,-1.8030876239e-09,3.1213289479e-08,5.1176327379e-08,-3.8534118253e-10,-4.8654927655e-08,-7.5800037447e-09,4.5691812267e-08,-1.1745046458e-08,-8.693379952e-09,-3.0200157644e-09,0.22924804785,0.026564293558,0.063511285362,0.040743995126
hq3518,ok,,31.158387363,326828952.54,2181639.3847,8099267.8527,149181414.95,1226851.5231,26577005.823,-1.9555765039e-09,9.3344314677e-09,-2.1768416714e-08,-2.2048549551e-08,8.6852648213e-09,-8.567153229e-10,1.8643644624e-08,3.9682061889e-08,-2.3793851932e-10,-2.5729924593e-08,-2.9638798145e-09,3.628349404e-08,-4.5048280471e-09,-5.2278326706e-09,-2.1449195619e-09,0.22928464117,0.026447126568,0.056133416856,0.040673709386
hq358,ok,,29.078922444,312816464.07,403232.9938,2081508.7539,153361205.78,221092.732,23412239.335,-4.5374156032e-09,2.1094197851e-08,-5.0633315749e-08,-1.2352269154e-07,9.6051548359e-09,-9.9174922872e-09,1.0082899278e-07,8.5604688548e-08,-1.0916995395e-09,-2.3400495154e-07,-5.2244855649e-08,7.1552633652e-08,-9.7132996697e-08,-2.5460049861e-08,-2.9019883644e-09,0.22302259521,0.027166887425,0.094358517175,0.04065757662
hq359,ok,,29.398809863,314582070.6,518653.48149,2489287.0877,152012101.79,283352.87948,23873124.701,-4.0470950698e-09,1.8740370457e-08,-4.5098063951e-08,-9.6385255966e-08,9.5469952355e-09,-6.9457265331e-09,7.8655565239e-08,7.7495054237e-08,-8.9509296399e-10,-1.6647592174e-07,-3.6433401665e-08,6.5651076761e-08,-6.3096643511e-08,-2.065616273e-08,-3.9755950773e-09,0.22532422764,0.027057247653,0.086343316392,0.04079498275
hs1404,ok,,28.902756212,323588250.77,107583.43027,1027587.0903,180916046.08,69917.962375,24301918.445,-5.7508806554e-09,3.6189941904e-08,-8.4359815798e-08,-3.1143649668e-07,1.0388307583e-08,-3.9042051066e-08,3.3343641396e-07,1.0334333581e-07,-2.1180592994e-09,-1.1788479544e-06,-3.0079042027e-07,8.8229907703e-08,-6.1332097646e-07,-5.2893015873e-08,-4.9706537396e-08,0.2261493184,0.02098930473,0.1268245067,0.03587223319
hs1606,ok,,30.347232788,327000717.54,262922.70465,1836043.1933,163042717.14,176347.693,26078640.896,-5.4846160775e-09,2.516388711e-08,-5.8179270347e-08,-1.7241884521e-07,1.0448153624e-08,-1.7574246571e-08,1.9492168303e-07,7.565463076e-08,-1.408830022e-09,-4.0885216107e-07,-9.5925041047e-08,7.0620090189e-08,-1.7620582152e-07,-2.4431563412e-08,-4.2006835837e-08,0.23914975697,0.028635672146,0.10749651599,0.051249336099
hs1430,ok,,34.515250571,356843707.1,7871539.2353,21283785.885,154447771.54,4461730.5268,33501713.149,-7.8991968889e-10,6.1183802088e-09,-1.0622098128e-08,-4.8330628054e-09,7.0149360466e-09,-3.1330762893e-10,4.2529804669e-09,2.0990802548e-08,-4.65808241e-12,-1.4614675519e-08,-2.4318430557e-11,2.0920508232e-08,-2.9917542228e-11,-9.2919297751e-11,-8.596276454e-10,0.23438737027,0.020665198938,0.11503999176,0.033477502612
hs1620,ok,,33.058589272,342211182.08,3515390.2603,10288045.28,153403430.14,1921717.9055,30416685.199,-1.6905277801e-09,9.1981166914e-09,-1.6223340453e-08,-1.5646088447e-08,8.0282782616e-09,-8.1991274243e-10,1.3744328515e-08,3.1613184617e-08,-1.3002789998e-11,-2.830598766e-08,-1.3638656333e-10,3.1469701758e-08,-1.9735506976e-10,-2.1659092818e-10,-3.0808893758e-09,0.2413668487,0.028639403347,0.099506593328,0.048316678596
hs1708,ok,,31.102974798,329709999.68,483956.57923,2652012.6809,157500389.0,311321.77971,27093059.393,-4.8692929541e-09,1.9463327778e-08,-4.410035392e-08,-1.1205743101e-07,1.0088210057e-08,-8.1458117154e-09,1.2255214798e-07,6.3976950641e-08,-8.5208943415e-10,-1.9065396696e-07,-3.7826912207e-08,6.0410211968e-08,-6.2905443926e-08,-1.2614363126e-08,-3.1842066575e-08,0.24319725272,0.032478302225,0.092268241666,0.059309918315
hsnlf213,ok,,30.39656005,320556827.71,1244072.0563,4572408.4727,148681387.28,655217.4311,25343099.313,-9.489203798e-10,1.4858017652e-08,-2.958293899e-08,-1.7138624752e-08,9.3558201517e-09,5.8334294235e-10,1.175541388e-08,5.6002128707e-08,-2.208061927e-10,-1.0813232909e-07,-1.4783948635e-09,4.9649982239e-08,-2.550893174e-09,-9.2268338942e-09,-1.6424606449e-08,0.23240299199,0.0087295150473,0.13452440901,0.014624581918
hs1712,ok,,32.138927917,334194568.64,1202926.3589,4132260.4877,152693174.11,678629.43855,28442980.529,-3.3239654713e-09,1.5130561584e-08,-2.7941619688e-08,-5.2168087206e-08,9.0856748698e-09,-2.6884865871e-09,4.7856612001e-08,5.107060225e-08,-4.2309281719e-11,-7.7661647574e-08,-1.0537220518e-09,5.0758473196e-08,-1.9527852096e-09,-6.5322103198e-10,-1.1576547247e-08,0.24675019943,0.033466400487,0.093421242945,0.057567980026
ht05,ok,,29.95392881,331928299.16,120777.81949,597345.28367,176193078.82,55933.420932,25654655.435,-1.9783628082e-12,2.5115134295e-08,-8.9835275255e-08,-1.6496006217e-10,9.1816918952e-09,2.0064366909e-11,7.3901556155e-11,1.5813781355e-07,-7.5638391193e-13,2.241122619e-07,2.3886640174e-11,1.2068114281e-07,-3.9953254918e-11,-3.71282662e-08,-1.9332577465e-10,0.23555309609,6.6796573575e-06,-0.027067790313,8.9256688092e-06
ht08,ok,,28.818423153,319286155.52,141424.04658,784038.72335,174196389.22,64452.2112,24269720.287,-2.0212444982e-12,2.2591536002e-08,-8.9342190103e-08,-1.4252849149e-10,9.2670377155e-09,1.2753834244e-11,6.2773569773e-11,1.5806551059e-07,-1.1764141437e-12,-1.3057156155e-07,1.4429288658e-11,1.0112465521e-07,-2.2618051472e-11,-5.9673364916e-08,-1.6924148039e-10,0.22490837549,6.7329786566e-06,0.018465958602,8.8776922554e-06
ht12,ok,,27.485536845,308934751.29,118290.65812,859553.37859,180998845.7,54272.402851,22510967.707,-2.678311621e-12,1.4483325855e-08,-1.0081057916e-07,-1.9688460389e-10,9.3227353051e-09,1.7137023626e-11,9.3058404433e-11,1.6665716773e-07,-1.9755971437e-12,1.888521708e-07,5.4134870544e-12,8.5933119053e-08,-1.4934688927e-11,-8.8200694884e-08,-2.3751092456e-10,0.20986373623,7.9801964167e-06,-0.022339447571,1.1007939904e-05
ht13,ok,,28.588638775,313408082.56,218207.90974,1253391.1667,165767143.6,106538.72516,23530087.041,-2.5322462326e-12,1.404917317e-08,-7.4091999476e-08,-1.3167172298e-10,9.3468220913e-09,1.5371364477e-11,6.6743919814e-11,1.227241067e-07,-1.4852662433e-12,1.5298253343e-07,6.3504955111e-13,7.9626693432e-08,-1.0108624371e-11,-5.1855554502e-08,-1.5811130435e-10,0.21993148511,1.0323396745e-05,-0.033381998847,1.4564051231e-05
ht14,ok,,29.061156588,315309319.24,302765.40532,1592590.7682,160998195.97,151919.82894,24039206.409,-2.4735289055e-12,1.3089407375e-08,-6.2493170675e-08,-1.0784766115e-10,9.2821864934e-09,1.4612054954e-11,5.6786121975e-11,1.0404545642e-07,-1.2451654201e-12,1.2919100488e-07,2.1176125583e-13,7.3203284662e-08,-2.578424705e-12,-3.8463827142e-08,-1.3001753753e-10,0.22313634575,1.1976755125e-05,-0.039114566957,1.7192873237e-05
ht22,ok,,27.583109839,308752636.09,130910.1578,906472.99695,175717547.59,61415.312528,22361739.309,-2.2912601489e-09,1.6761663995e-08,-9.4868235541e-08,-1.3902341565e-07,1.0513245625e-08,8.8551425489e-09,8.6667607029e-08,1.5655339694e-07,-1.4598112675e-09,7.8139577865e-08,-7.93963688e-08,8.9222444699e-08,-1.0318918987e-07,-7.9115108512e-08,-1.3403087746e-07,0.20948820197,0.0068142173067,-0.010229264468,0.011345670112
ht23,ok,,28.62759915,313508349.18,223167.71336,1265683.6571,164570441.58,110039.89304,23541370.497,-1.6839115845e-09,1.5562951172e-08,-7.285045538e-08,-7.642484512e-08,1.0062497493e-08,7.2964277198e-09,4.962812464e-08,1.2127613179e-07,-9.1536945459e-10,7.6385959841e-08,-2.182972519e-08,8.0793974791e-08,-3.2519072905e-08,-4.9746509769e-08,-8.2435030036e-08,0.22054509127,0.0064097159154,-0.01704687999,0.011075395094
ht33,ok,,28.474402285,312859560.76,195702.9685,1057725.037,164326690.26,92909.897552,23192979.05,-9.7190362602e-13,1.9063250442e-08,-7.7489183943e-08,-5.6134540517e-11,9.4530336848e-09,6.6244768281e-12,2.6414574826e-11,1.3490328039e-07,-5.6204077959e-13,-3.8220802781e-08,4.767171612e-12,9.1097139377e-08,-4.1943399999e-12,-5.1423358568e-08,-7.6132954265e-11,0.21924400299,3.6646308615e-06,0.0074799245627,5.1694107051e-06
isa571,ok,,30.530174618,325626575.49,373596.32978,1741295.525,156918896.22,208045.42194,26004763.227,-5.3646547075e-09,2.1858767609e-08,-5.0436102661e-08,-1.7683275694e-07,1.3164348516e-08,4.2685186386e-09,1.3348880891e-07,8.4151189795e-08,-9.9736068148e-10,-1.5083318146e-07,-3.7988003018e-08,7.6945065008e-08,-6.4791210868e-08,-1.43822659e-08,-1.0683207088e-07,0.23995943148,0.031471605586,0.056350723002,0.049870929077
isa960,ok,,30.999919536,327687065.06,645563.64834,2952986.1604,155021631.16,377211.53974,26797795.359,-5.3283161012e-09,1.6501198851e-08,-3.8617297358e-08,-1.2775494377e-07,1.3045455981e-08,4.6039824006e-09,1.037659888e-07,6.2973453247e-08,-9.1305545858e-10,-7.9966746062e-08,-1.9592688956e-08,5.8617591201e-08,-3.2846189921e-08,-9.8116687952e-09,-8.3254708594e-08,0.24172402791,0.04064007865,0.051623624333,0.066987550306
ht34,ok,,28.994145705,314335066.54,289716.59606,1371902.1683,157539787.1,141442.41584,23641247.153,-2.1689938377e-13,1.88648805e-08,-6.3200642375e-08,-1.1119159795e-11,9.4527793974e-09,2.3182334204e-12,5.3429518702e-12,1.1246924091e-07,-1.4608257816e-13,-6.9755937702e-08,-7.7716785042e-13,8.4351245417e-08,7.9424059293e-12,-3.4764827315e-08,-2.234930393e-11,0.22347549318,8.6628360577e-07,0.020209452826,1.5479418288e-06
isa961,ok,,31.025312296,327866451.21,621613.87615,2845825.7612,154975022.52,363751.69768,26803581.102,-5.3547204172e-09,1.6657729022e-08,-3.922218422e-08,-1.3123949779e-07,1.3153041695e-08,5.3189637925e-09,1.070865215e-07,6.3901859391e-08,-8.5328647586e-10,-7.5726930931e-08,-1.9170423458e-08,5.983809085e-08,-3.286760648e-08,-9.2108465227e-09,-8.6294302383e-08,0.24177692877,0.040189469848,0.047072911065,0.066566467713
ht35,ok,,29.179341365,314810575.15,343351.77637,1554905.3589,155463344.15,169516.95162,23802817.694,6.0264298332e-14,1.8394905769e-08,-5.7828333074e-08,1.5751775272e-12,9.4394182064e-09,7.5532579276e-13,-6.397974941e-13,1.0375293911e-07,-2.1964315453e-14,-7.2619112854e-08,-2.4530586964e-12,8.0547193906e-08,2.0077897574e-12,-2.9288080745e-08,-6.7351129085e-12,0.22468475075,-5.2354542466e-07,0.024933901397,-2.1967560612e-07
isa962,ok,,31.150164878,329210501.58,647597.85291,3037613.065,155908011.47,383855.29084,27158378.317,-5.4513183038e-09,1.5411981334e-08,-3.8458302452e-08,-1.3032523856e-07,1.3303016556e-08,7.0577007702e-09,1.0840149909e-07,6.1179659481e-08,-9.4994030943e-10,-4.9558504019e-08,-2.0638976396e-08,5.7192428594e-08,-3.2212267504e-08,-9.8342709094e-09,-8.8670219205e-08,0.2403936438,0.041893153437,0.032093980796,0.070200578066
j5012,ok,,30.82145819,323854195.96,1043536.9241,3595981.0293,150679235.65,538554.98259,26111314.626,8.4501164223e-16,1.5045734587e-08,-3.1605925832e-08,7.0535457081e-14,9.0759409473e-09,-5.1296117665e-14,-3.964973607e-14,6.0586296222e-08,-1.5854669318e-17,-7.0428647672e-08,-3.3067461992e-14,5.5470234464e-08,1.3422408513e-14,-6.7843667752e-09,3.5038599034e-13,0.23698474961,6.7323030179e-09,0.073494894357,-4.1375963619e-08
k3311,ok,,30.312218286,321268867.71,771654.64216,3286909.0824,151844533.57,426965.21932,25410310.28,-2.9717711877e-09,1.5039722632e-08,-3.6948951254e-08,-5.7998322136e-08,9.6324358834e-09,-1.0241290033e-09,4.9987276693e-08,6.4357599248e-08,-5.517405509e-10,-7.1426554687e-08,-1.488724296e-08,5.6591630972e-08,-2.4107478614e-08,-1.2228007257e-08,-1.6761830971e-08,0.23420318043,0.023088342845,0.055116632498,0.038572914109
k3311sm,ok,,30.393238896,321998843.29,775776.69511,3281738.3258,152137414.63,429862.86729,25584725.598,-2.9357449598e-09,1.5017866021e-08,-3.6821432862e-08,-5.6871921693e-08,9.5420120222e-09,-1.108909143e-09,4.9452483026e-08,6.4102937751e-08,-5.3840387819e-10,-7.0929514618e-08,-1.4948671847e-08,5.6518804701e-08,-2.3458220882e-08,-1.2080542712e-08,-1.5777268658e-08,0.23425008146,0.022859498237,0.055025464436,0.038364083847
k1,ok,,29.578828227,313275134.16,909830.74302,3712707.7243,147925508.67,474525.68109,23726536.249,-9.2352569856e-10,1.3683644895e-08,-3.5158172319e-08,-1.1280718851e-08,9.0415829465e-09,-5.9034486735e-09,1.0375248179e-08,6.4760552666e-08,6.0232186258e-11,-6.7499308496e-08,-9.7240133103e-09,5.5117855677e-08,-1.3702463584e-08,-1.3658494862e-08,4.2050584115e-08,0.21977900722,0.0097424390517,0.061412946002,0.0094397197595
jx-gs-15,ok,,29.560546746,317587853.58,364122.46176,1593076.8474,154846838.01,183732.86774,24356382.982,-2.0457643214e-09,2.0532465027e-08,-5.471652769e-08,-6.3963903745e-08,9.7721829617e-09,3.741207311e-10,4.7633758922e-08,9.8901944572e-08,-5.0687452784e-10,-1.3555918954e-07,-2.6205672644e-08,8.0814418608e-08,-4.1206600711e-08,-2.3014185663e-08,-2.746636857e-08,0.23014687212,0.010591112888,0.04936014581,0.017344521562
jx-gs-10,ok,,29.21258347,315559367.92,326543.74464,1546024.3348,156207937.61,165213.33396,23921759.121,-2.1268570501e-09,1.9197824344e-08,-5.8502372454e-08,-7.1572967374e-08,9.9754224957e-09,2.3614064244e-09,5.26431552e-08,1.029305712e-07,-6.7795234649e-10,-9.4924035436e-08,-2.9762318183e-08,8.037972138e-08,-4.6974640228e-08,-2.9015649389e-08,-4.2646422171e-08,0.22655432196,0.010229073084,0.030996849988,0.017190293029
kc135a,ok,,30.977179011,325077111.24,1546791.6511,5538935.5154,149842131.74,841079.87756,26328778.181,-9.8520366164e-10,1.1667437729e-08,-2.5986176334e-08,-1.6261285726e-08,9.1148505272e-09,1.440035203e-09,1.1031373335e-08,4.8457985439e-08,-1.6022747689e-10,-4.0191950425e-08,-9.1702704314e-10,4.4260021112e-08,-1.549494947e-09,-5.8646176409e-09,-1.4730333626e-08,0.23464042966,0.010771697335,0.062168573357,0.017063236175
kc135b,ok,,30.639633273,322544116.51,1100064.8934,3961179.5034,149848178.23,584565.61736,25768996.988,-1.1794800695e-09,1.4927320481e-08,-3.1012904673e-08,-2.3133588265e-08,9.4192549557e-09,1.3185431458e-09,1.5316749531e-08,5.8522841832e-08,-2.0927340692e-10,-8.6297430582e-08,-1.8000222244e-09,5.2910633558e-08,-3.184153245e-09,-7.8066363163e-09,-1.9914792965e-08,0.23575124714,0.010780096489,0.094932773775,0.016849418441
kc135c,ok,,30.291495538,320464141.87,736316.85164,2720653.5984,150271869.42,383240.58514,25235078.977,-1.5580123784e-09,1.9138808115e-08,-3.8084830027e-08,-3.7225015939e-08,9.763350833e-09,9.1553278676e-10,2.4360631505e-08,7.2287526915e-08,-3.0836906283e-10,-1.6780331193e-07,-4.2560085832e-09,6.4309391063e-08,-7.9908149634e-09,-1.0937980614e-08,-2.9903301213e-08,0.23558066718,0.011567887978,0.12355640634,0.017937143494
kc135d,ok,,30.005603294,319286195.21,524698.95961,2054413.5767,151336553.56,271447.72972,24850632.127,-2.3296559657e-09,2.2373245726e-08,-4.499583887e-08,-6.3535045692e-08,1.0135910552e-08,-7.1768024474e-10,4.3761909117e-08,8.4554349122e-08,-4.8659843553e-10,-2.4948428315e-07,-1.1627775172e-08,7.3857845739e-08,-2.3165282353e-08,-1.4464267399e-08,-4.1573875665e-08,0.23403340655,0.014607226601,0.13090414381,0.022961828184
l188root,ok,,31.28422913,327685015.88,1436357.6864,4895944.0308,151247271.18,764388.04092,27027217.57,-1.3519900679e-09,1.3365568157e-08,-2.6702425401e-08,-1.8400194832e-08,8.8295563106e-09,-1.6767549643e-09,1.6324459713e-08,5.0673645238e-08,-1.3023106594e-10,-6.4314992832e-08,-3.4289957091e-09,4.6936560281e-08,-4.8222116115e-09,-5.340272907e-09,4.2179015085e-10,0.23879865104,0.014141881788,0.092379334308,0.023447763186
l7769,ok,,28.929366395,312125879.31,635664.47436,4071892.3185,154403089.08,385745.20538,23401876.066,-3.696501894e-09,8.7367051935e-09,-4.2670019497e-08,-7.8653379507e-08,1.1401105826e-08,7.87240008e-09,7.4268112543e-08,6.1709221567e-08,-1.7586421041e-09,4.1047071939e-08,-2.0014733066e-08,4.6517018039e-08,-3.4322742802e-08,-2.6949966553e-08,-7.3707736998e-08,0.21425405115,0.024268369924,-0.026092165408,0.047209600721
la5055,ok,,30.472510996,323162314.18,1486428.7121,7570110.9859,150258331.63,937669.59522,25521965.287,-3.3111186402e-09,8.2481638181e-09,-2.6832151661e-08,-4.2736230247e-08,9.6946125119e-09,1.8946097331e-09,4.4292524161e-08,4.174995405e-08,-9.3027799325e-10,-1.2803580382e-08,-7.1916086638e-09,3.5953696669e-08,-1.2648562511e-08,-1.1030376919e-08,-2.6793322443e-08,0.21986104535,0.034571500793,0.019031609496,0.065837679643
l188tip,ok,,31.089835742,326354363.21,1066647.3277,3761495.4418,151561825.17,567502.19785,26680479.919,-2.0857846821e-09,1.5924071494e-08,-3.0940835618e-08,-3.3111346994e-08,8.9758260153e-09,-3.4423281472e-09,2.9421304309e-08,5.8110922278e-08,-2.1099046325e-10,-1.0097254529e-07,-7.3023527491e-09,5.3767555867e-08,-1.0443267349e-08,-6.5288600807e-09,6.2272868226e-10,0.23979151807,0.018875506899,0.10770209561,0.031382155618
lds2,ok,,30.601773883,322678419.46,970641.32726,3631955.5208,150897183.6,515430.14724,25809202.728,-1.7956054222e-09,1.4548893607e-08,-3.2989650689e-08,-3.2606772191e-08,9.2854756991e-09,-1.0922676359e-10,2.6171615555e-08,6.0906683626e-08,-2.8268242201e-10,-6.7519548223e-08,-6.4536758138e-09,5.4656952459e-08,-9.4001962565e-09,-9.0167377727e-09,-1.2677971372e-08,0.23414105116,0.015277158928,0.065537263903,0.025403251659
la2573a,ok,,30.194398878,319582706.66,1079339.2445,4898145.6631,150420137.56,615913.49551,25003852.516,-1.761233973e-09,9.1488063727e-09,-3.196938364e-08,-3.3289467416e-08,9.9254169176e-09,6.5568782764e-09,2.8399538285e-08,5.3692227774e-08,-6.1708771914e-10,1.5225563319e-08,-3.9708178775e-11,4.56423964e-08,-4.90718962e-10,-1.1656209158e-08,-5.382712299e-08,0.22029840659,0.013214820508,-0.01643354801,0.030652736197
jx-gs-06,ok,,28.979524411,314487589.26,288220.83816,1440884.7411,157845069.44,145194.09667,23652731.94,-2.2447158256e-09,1.8605125301e-08,-6.2617194913e-08,-8.2866123691e-08,1.0185055475e-08,4.2283544455e-09,5.8780523241e-08,1.0845162975e-07,-8.2530112874e-10,-6.0788153278e-08,-3.2898582062e-08,8.1832476722e-08,-5.2793839004e-08,-3.405481837e-08,-5.8625694722e-08,0.22420301059,0.010123970581,0.017520412488,0.016941771676
jx-gs-04,ok,,28.661973123,312493010.91,260125.28056,1396113.7061,159379045.3,131085.09424,23225669.64,-2.2971298033e-09,1.7278000314e-08,-6.6511102845e-08,-9.017836271e-08,1.0383443332e-08,6.1459703838e-09,6.4009810249e-08,1.1256050435e-07,-9.9011807829e-10,-8.2575886332e-09,-3.5844788187e-08,8.1439808434e-08,-5.6862368579e-08,-4.0092041795e-08,-7.5179459454e-08,0.22049823062,0.0096489922357,0.0021480075599,0.01665056985
legionair140_sm,ok,,30.719739443,326748605.08,465634.47336,2091136.598,157226827.2,258582.02847,26578899.124,-3.6318263951e-09,1.871377474e-08,-4.6828105278e-08,-1.0133956268e-07,1.0995317864e-08,3.6784606592e-09,8.2026234013e-08,7.9136056359e-08,-8.5883808899e-10,-1.0816202736e-07,-2.2766016691e-08,6.843471367e-08,-4.0220381463e-08,-1.5752855637e-08,-7.1070849162e-08,0.24264366361,0.021752792207,0.050363968645,0.038194242276
lrn1007,ok,,29.036520618,314263990.96,330831.25545,2642115.6392,155864707.77,233756.60736,23477461.912,-6.7813825659e-09,2.379801974e-08,-4.7108905966e-08,-1.9981246742e-07,1.2393489378e-08,-3.2126474444e-08,2.0901334497e-07,6.3091738359e-08,-1.6237490389e-09,-5.3623788084e-07,-2.5274864868e-08,6.2005065983e-08,-2.108397767e-07,-1.9022103813e-08,-6.06383713e-08,0.22441420147,0.043535335368,0.17740425134,0.069148147323
lg10sc,ok,,30.894492266,325560411.79,748080.25986,2614153.5567,152834831.4,379713.90601,26466755.228,-1.1252067644e-09,1.7435438584e-08,-3.7277160853e-08,-3.0624533105e-08,9.4747150848e-09,3.6057905763e-09,1.7671648152e-08,7.1123591945e-08,-2.1688523202e-10,-9.1960501759e-08,-9.2736758863e-10,6.4166715568e-08,-2.420849234e-09,-8.8099528228e-09,-3.4815519681e-08,0.24000531149,0.0084572058171,0.068793836053,0.013219811141
lrn1015,ok,,30.964586878,325952734.62,1631985.7668,6354638.7453,150022186.3,919949.94061,26445536.417,-3.0592212829e-09,1.1758575801e-08,-2.5207139006e-08,-4.2771650474e-08,9.6293636564e-09,-7.1040391739e-10,3.4481384536e-08,4.521307257e-08,-5.4077263883e-10,-6.1063626225e-08,-4.9836707511e-09,4.0931027492e-08,-8.5907755454e-09,-7.1860100683e-09,-2.1285694067e-08,0.2324031603,0.034810746184,0.099654968868,0.056273128782
ls013,ok,,30.890004107,325382669.93,1199482.3892,4314890.8433,151839644.09,624296.41547,26576558.207,-1.9910692043e-15,1.3977271002e-08,-3.0018147715e-08,-2.6414789696e-14,8.9808805243e-09,8.022270582e-14,1.7016462616e-13,5.639699156e-08,1.5112545518e-14,-7.8463356364e-08,-4.1090799913e-13,4.9352890881e-08,1.362313889e-13,-9.5605534992e-09,-1.0177823333e-13,0.23868089401,1.3249255383e-09,0.094115414157,2.0410947234e-07
lnv109a,ok,,28.722933391,308915800.16,815404.84757,6219752.5534,152655472.02,555841.90306,22596417.862,-4.36058655e-09,5.8620576385e-09,-3.7080472249e-08,-7.2220292262e-08,1.0677895415e-08,7.5459663708e-09,8.1970452473e-08,4.7993370427e-08,-1.9696325558e-09,6.0199623221e-08,-2.2093574343e-08,3.6950203645e-08,-3.8588592902e-08,-2.4713587093e-08,-4.7510608359e-08,0.19801317323,0.034938855484,-0.049087064596,0.066839104305
ls413,ok,,30.851059292,324718966.1,1211534.8608,4456074.6845,151523332.47,639727.13369,26384979.12,-1.660016099e-09,1.3972699883e-08,-2.9678647576e-08,-2.5701174544e-08,8.9429740288e-09,-2.3079951874e-09,2.0113312051e-08,5.5193884104e-08,-2.5101041983e-10,-8.0898764805e-08,-7.4220585122e-09,4.8804338732e-08,-1.0750887174e-08,-9.3845906534e-09,1.1603868669e-09,0.23646344291,0.016617282244,0.09801167376,0.024367978716
ls417,ok,,31.558003571,330603797.95,2120131.0322,7374403.936,151477661.34,1150494.1349,27655071.817,-1.2474708285e-09,1.0545044235e-08,-2.2121884492e-08,-1.4396680736e-08,8.5594619254e-09,-1.2195377657e-09,1.1582011463e-08,4.1369475964e-08,-1.5724594642e-10,-4.2623852011e-08,-2.865296843e-09,3.7449947746e-08,-4.1463460766e-09,-5.7070181094e-09,5.380153747e-10,0.2369588825,0.016709977076,0.09036815136,0.024555381919
ls417mod,ok,,31.625459688,331570375.93,2062479.6866,7417083.3985,152436125.79,1128451.0889,27901005.699,-1.2858906844e-09,9.3051975852e-09,-2.2484012883e-08,-1.7140259711e-08,8.5185274969e-09,9.7661285916e-11,1.1325175093e-08,4.1130925146e-08,-1.9064620415e-10,-2.1299123277e-08,-1.9281490524e-09,3.6684457145e-08,-2.7720167351e-09,-6.2520838656e-09,-4.7458995544e-09,0.23510720901,0.018083364965,0.043929009102,0.023357943577
ls421,ok,,32.273153314,337035070.55,3206321.2284,10661905.423,151832657.53,1788568.4413,28988725.059,-9.8629877857e-10,8.5560554226e-09,-1.7694261159e-08,-9.1629788739e-09,8.1993105123e-09,-6.7643567248e-10,7.6460862628e-09,3.3208275824e-08,-1.0352857712e-10,-2.6254779786e-08,-1.3317008224e-09,3.0682550761e-08,-1.9023096856e-09,-3.636243219e-09,-1.0323569888e-10,0.23763850374,0.016344736886,0.084181257776,0.024515808699
ls421mod,ok,,32.129698022,336235710.93,3057510.067,10762454.207,152198074.54,1720674.7011,28795883.546,-8.9818402388e-10,7.6552072804e-09,-1.8305666493e-08,-1.0041524086e-08,8.2491911789e-09,7.9216822511e-10,7.1945903726e-09,3.3440123487e-08,-1.720437918e-10,-1.5638817675e-08,-1.0963633003e-09,3.0115001116e-08,-1.5852115265e-09,-4.7548556821e-09,-7.8011138742e-09,0.23361584485,0.01414504029,0.047815842477,0.021997532492
m1,ok,,30.030095364,323871405.77,255278.03666,1010559.1354,159435088.45,120875.16324,25424088.176,-7.4598227987e-16,2.910910908e-08,-6.4625287529e-08,-6.8273865833e-14,9.4218268586e-09,2.4823037433e-14,7.0622910443e-14,1.2388128662e-07,1.3387094596e-15,-3.9515721298e-07,-1.1475189396e-12,1.0087104599e-07,2.7512570044e-12,-2.5411997738e-08,-1.1045998597e-13,0.23954135683,5.0542899008e-09,0.1008749575,1.8028477921e-08
m10,ok,,30.052627929,324005109.42,259522.67804,1148077.6588,159424240.71,131905.82546,25443833.894,-2.7387365796e-09,2.783800175e-08,-6.3175936346e-08,-1.0658953646e-07,1.0523999589e-08,-1.247534664e-10,8.1395582618e-08,1.1324904823e-07,-7.644940457e-10,-3.8078061596e-07,-4.0185564921e-08,9.4198313159e-08,-6.5346890361e-08,-2.4509883621e-08,-8.0125123596e-08,0.23907728812,0.011534275246,0.098821205201,0.021123999582
lwk79100,ok,,29.309641235,314660022.15,581015.11939,2709123.2425,153192675.14,303564.0933,24044599.397,-9.9057525996e-16,1.3017949565e-08,-4.5044876258e-08,-8.7145034274e-15,9.334138988e-09,1.154717316e-15,2.9339162435e-14,7.7722867797e-08,-1.3906097065e-15,-1.5564786698e-08,4.0800187064e-14,5.9989005992e-08,5.0069375372e-13,-2.415299492e-08,8.5446510595e-15,0.22443563268,3.2275625294e-09,0.0090433764015,1.7046496965e-08
lwk80080,ok,,29.712718268,317823436.87,451626.67324,1770752.3292,152277767.96,221744.87812,24594467.234,-1.8391079984e-16,2.41362182e-08,-4.9611926122e-08,-3.319572521e-14,9.4698206093e-09,6.7986633684e-14,8.0746228275e-14,9.523433456e-08,6.6632381634e-15,-3.184735598e-07,-2.5753237721e-13,7.9088500094e-08,1.8168705017e-12,-1.9919014866e-08,2.0075137195e-14,0.23290519269,8.3977732126e-09,0.14383115433,3.6467150453e-08
m11,ok,,30.241423236,321892648.73,462135.79056,1820394.4391,153439415.41,236996.76295,25347575.564,-2.0324219988e-09,2.1432948297e-08,-4.7736244198e-08,-5.8834323803e-08,1.0068874482e-08,2.2788514353e-09,4.5336424337e-08,8.8117177755e-08,-4.5767644093e-10,-1.7554701524e-07,-1.2175536088e-08,7.7066088748e-08,-2.0549554647e-08,-1.4596115115e-08,-5.1106008573e-08,0.23712110255,0.011073183322,0.08112655867,0.020951584302
m12,ok,,31.190309603,327180619.75,1046170.5532,3621351.2487,152060249.88,549564.30222,26894395.209,-1.5075963717e-09,1.5118428934e-08,-3.1232835744e-08,-2.7910290254e-08,9.2478196702e-09,6.9049431656e-10,2.1923237459e-08,5.9097769086e-08,-1.8698015177e-10,-7.0328704055e-08,-2.3160732976e-09,5.450390503e-08,-4.0020822068e-09,-5.9724694068e-09,-1.7181268628e-08,0.24160426706,0.013058409126,0.073575819224,0.022935445459
lwk80100,ok,,30.10857636,319480314.02,722897.43673,2694201.6874,150632235.76,364771.82854,25110972.652,5.4285738292e-15,1.9209485668e-08,-3.905320196e-08,2.0174314952e-12,9.3370323776e-09,-9.2256015443e-13,8.222592378e-13,7.460742765e-08,1.6050133344e-14,-1.8147261386e-07,-1.6205562352e-13,6.4273983484e-08,-1.5507326974e-12,-1.3781343835e-08,5.0577979315e-12,0.23446196459,-3.0333340273e-07,0.1311860874,5.9440909534e-07
lwk80120k25,ok,,30.452739597,321489673.65,1057131.3506,3804967.5179,149945416.89,544504.77181,25607066.226,-1.0424933326e-17,1.5910877344e-08,-3.2054492732e-08,8.2725065653e-15,9.1854878707e-09,1.8341353961e-15,4.1966196861e-15,6.1180610491e-08,3.1862567405e-16,-1.1549272233e-07,1.0633114281e-13,5.4010378935e-08,-1.1628843223e-13,-9.9170076215e-09,2.2979628107e-14,0.23521339622,-1.5613076435e-09,0.12209097754,4.4363782369e-09
lwk80150k25,ok,,30.762539643,323448713.79,1661568.8948,5856381.8679,149095228.13,875660.97849,26015022.029,1.3318565789e-16,1.2571212657e-08,-2.5397352637e-08,-5.7515043189e-16,8.9572010454e-09,5.8350075716e-16,-8.6929651028e-15,4.8401807893e-08,-7.0129832868e-16,-6.9841312565e-08,1.0467838889e-15,4.3452929668e-08,1.8060439133e-14,-7.0830733128e-09,8.0549986489e-16,0.23302178252,6.6799749252e-10,0.11604615253,-1.4443960418e-08
m13,ok,,30.253721089,326004807.72,261159.46279,1538207.5085,160341765.79,159799.42526,25810876.704,-5.0819056879e-09,2.5135108372e-08,-6.0316977863e-08,-1.814032761e-07,1.2729720693e-08,-5.3186803139e-09,1.6750685359e-07,9.0064307885e-08,-1.324329346e-09,-3.6298926802e-07,-5.4583401064e-08,7.9443983913e-08,-1.1078944072e-07,-2.2095737343e-08,-1.1878064089e-07,0.23957331564,0.0244496463,0.094798082233,0.043745999897
m14,ok,,30.712193098,326153832.99,462369.48839,2144625.3142,155359214.63,267234.62506,26270480.803,-4.1076952146e-09,2.0498013368e-08,-4.6392789361e-08,-1.0965538057e-07,1.1184556796e-08,-9.4069817425e-10,9.7043944592e-08,7.6632347686e-08,-7.7764462228e-10,-1.841636997e-07,-2.1048731804e-08,6.9200630225e-08,-3.935975315e-08,-1.2932059642e-08,-6.8044320522e-08,0.24134343958,0.024923502514,0.08515167561,0.044870159012
m16,ok,,30.247461475,325899884.16,256179.64367,1625642.7063,160419377.72,163124.79747,25763690.245,-4.9707186344e-09,2.3681158241e-08,-6.1291181871e-08,-1.8171674532e-07,1.4526913458e-08,5.0478725696e-10,1.7226573105e-07,8.786427547e-08,-1.5004509482e-09,-3.4328144632e-07,-3.9749680316e-08,7.6764495956e-08,-9.7131272965e-08,-2.2028308742e-08,-1.7675348645e-07,0.23896680682,0.022771474217,0.087941718598,0.044130973597
m18,ok,,31.336742108,328660423.1,1051938.1469,4013627.3856,152175411.02,590329.90194,27124052.802,-2.7289047618e-09,1.4292829854e-08,-3.0944691397e-08,-5.0300689506e-08,1.0208455752e-08,2.783277812e-09,4.2614526114e-08,5.5242846504e-08,-3.8130861489e-10,-6.8094603349e-08,-2.6843564878e-09,5.1254949306e-08,-5.7466313002e-09,-5.7304130637e-09,-4.4183778452e-08,0.24111541487,0.023421286533,0.071631310863,0.044827845633
m17,ok,,30.672825614,325888112.5,460467.05651,2204436.5769,155204205.27,270088.78489,26190614.701,-3.9256102576e-09,1.9872292143e-08,-4.6814603098e-08,-1.0948565737e-07,1.2376384342e-08,3.8647880332e-09,9.6030780686e-08,7.6172198044e-08,-9.0075576497e-10,-1.7932981092e-07,-1.4124261358e-08,6.8142317133e-08,-3.1046479301e-08,-1.3235527931e-08,-1.0750462244e-07,0.24060870947,0.022603855485,0.082575470177,0.044219010917
m15,ok,,31.318417841,328456665.84,1062108.7283,3977054.8564,152229184.99,588950.67301,27110206.64,-2.6513692176e-09,1.4497259795e-08,-3.0778670986e-08,-4.765468399e-08,9.9082782763e-09,1.6833993236e-09,4.0659352384e-08,5.5503090936e-08,-3.5091519621e-10,-7.0346874344e-08,-4.0858332207e-09,5.1580826645e-08,-7.4055105951e-09,-5.7357932699e-09,-3.5573434053e-08,0.24142770284,0.023018439833,0.074716029248,0.043184653053
m2,ok,,30.374122341,322789711.69,440088.20251,1590308.5124,153931285.53,216280.34782,25576519.278,-9.8348777824e-16,2.3988710018e-08,-4.9016134768e-08,-4.3145779294e-15,9.3632354543e-09,-1.730558859e-16,1.0716902166e-13,9.4766254617e-08,3.6968932011e-15,-2.37369735e-07,-1.1620146699e-13,8.2835450055e-08,-1.8065950718e-13,-1.44726398e-08,-2.5423678766e-14,0.2394789721,-3.8365073954e-10,0.10446362001,4.7163822106e-08
m19,ok,,30.352078372,327462018.99,253165.39424,2433929.7484,160853977.1,211316.69982,25896077.001,-6.5222281392e-09,1.9452372584e-08,-5.8666788188e-08,-2.0626624714e-07,1.7168972747e-08,-6.0702933452e-09,2.626951807e-07,6.2791259271e-08,-1.8016804607e-09,-3.0333320307e-07,-3.4967967537e-08,6.0197039418e-08,-1.2386236723e-07,-1.9060223725e-08,-1.8348415083e-07,0.23682722051,0.034457246103,0.076793469941,0.066505328986
m20,ok,,30.909041179,328281675.19,463819.75999,2902293.4068,155895584.05,324099.73007,26587670.016,-5.4800088711e-09,1.7428401004e-08,-4.5464230558e-08,-1.3651144668e-07,1.4064988106e-08,6.9217223377e-11,1.4518663498e-07,6.2240804954e-08,-1.1518197233e-09,-1.6534556959e-07,-1.6960516093e-08,5.780614913e-08,-4.1999994397e-08,-1.2239034843e-08,-1.1352624203e-07,0.23989807769,0.035465227695,0.076690542403,0.06734043019
m23,ok,,30.994751933,329099986.37,464604.16747,3041117.6082,156000353.41,334810.72966,26736092.734,-5.3983769378e-09,1.6637638323e-08,-4.5579905755e-08,-1.3594344056e-07,1.5595118672e-08,3.5450987137e-09,1.4697635624e-07,6.0899137372e-08,-1.229709595e-09,-1.5683942595e-07,-1.1094544283e-08,5.601733497e-08,-3.5227563086e-08,-1.1852219177e-08,-1.4435943105e-07,0.24029251104,0.033981828582,0.072868250921,0.068285827627
m21,ok,,31.533516033,330728260.87,1049515.4901,4592071.3732,152401365.75,644956.18102,27448608.765,-3.8196134772e-09,1.3334195779e-08,-3.0665275187e-08,-6.6900866677e-08,1.1337952345e-08,3.0923110527e-09,6.3157130832e-08,5.0335040988e-08,-5.3437430702e-10,-6.7163844897e-08,-4.1351302242e-09,4.7222237942e-08,-8.8200527239e-09,-5.5345232056e-09,-5.9598469781e-08,0.24015359491,0.033968483523,0.070489495595,0.06628438712
m22,ok,,30.551914982,328816445.47,263239.59855,2604482.9495,160666671.53,226300.10571,26206869.256,-6.4387738282e-09,1.8096406046e-08,-5.8262988033e-08,-1.9853362516e-07,1.8568888957e-08,-2.0576887624e-09,2.5785453619e-07,6.145208943e-08,-1.8234829713e-09,-2.6901116282e-07,-2.3589175995e-08,5.7642688188e-08,-9.7807198101e-08,-1.7899230623e-08,-2.1028363887e-07,0.23792465,0.033683129532,0.070814390507,0.067877524592
m24,ok,,31.512275074,330733780.84,1036266.8038,4675559.3679,152336384.31,646466.77019,27406623.463,-3.851870278e-09,1.3100079529e-08,-3.0956570397e-08,-6.9440639162e-08,1.2099552137e-08,4.7898432238e-09,6.4994565984e-08,5.01163153e-08,-6.1716927947e-10,-6.7108042078e-08,-2.844921821e-09,4.6634295765e-08,-7.5812035098e-09,-5.8976952144e-09,-7.4070872735e-08,0.23969694849,0.033492171111,0.069541836274,0.067351711157
m25,ok,,30.755264694,331275877.48,261772.40946,3905089.7572,161166646.69,297845.78403,26521931.847,-7.5911240005e-09,1.4659883602e-08,-5.5961954422e-08,-1.968407304e-07,2.014329806e-08,-9.0943348313e-09,3.4529223758e-07,4.199443484e-08,-1.990452817e-09,-2.4371239295e-07,-1.9381113846e-08,4.4454400562e-08,-1.09891265e-07,-1.5902907317e-08,-1.9093062408e-07,0.23560177201,0.045378922485,0.063797180318,0.090387981001
m26,ok,,31.167445745,331148276.52,457356.37685,4136402.7874,156145410.78,408340.86149,26945009.787,-6.5216748375e-09,1.4272168132e-08,-4.4768045267e-08,-1.4353203245e-07,1.7038354643e-08,-1.2665091467e-09,1.9734229522e-07,4.798190736e-08,-1.4009589331e-09,-1.4966006974e-07,-1.1737490776e-08,4.6439112355e-08,-4.369749526e-08,-1.1078389183e-08,-1.3912821633e-07,0.2378712183,0.045244892031,0.068447987253,0.090255757143
m27,ok,,31.819866832,333718691.55,1034428.6703,5502472.9182,152337302.43,727784.10134,27868202.161,-4.9073492189e-09,1.2111213791e-08,-3.0484591926e-08,-8.1645665159e-08,1.3297813188e-08,3.3392145743e-09,8.7404150449e-08,4.4435157373e-08,-6.7470810981e-10,-6.7553009792e-08,-3.3083199892e-09,4.2208280073e-08,-9.7531037117e-09,-5.0797215302e-09,-7.8744905493e-08,0.23893515955,0.045882487512,0.069878770096,0.090413359131
m3,ok,,31.153588456,326843474.91,1041264.9529,3514568.6979,152084121.44,536889.01871,26846580.142,-4.8272831067e-16,1.5211416579e-08,-3.1404993565e-08,-3.9039068647e-15,9.0025254648e-09,-4.0269195591e-15,4.3568088135e-15,6.0315498468e-08,-1.1266705083e-15,-6.7578422901e-08,2.4980722016e-14,5.5408343593e-08,2.5157373095e-13,-6.1370847601e-09,1.2906491065e-14,0.24168702137,3.7706994903e-09,0.070367043338,4.5365923239e-09
m5,ok,,30.763420517,326212476.38,482016.75953,1865005.224,155273860.19,250022.07441,26414009.685,-1.8846408484e-09,2.1300632181e-08,-4.6479338162e-08,-5.7180184962e-08,1.0260185583e-08,5.1585169764e-09,4.3480614035e-08,8.5261807854e-08,-4.8387483788e-10,-1.7244468634e-07,-3.3503916938e-09,7.4729006527e-08,-9.7027885406e-09,-1.3098688975e-08,-7.227000029e-08,0.24363248051,0.0098973533031,0.083121228906,0.02095838468
m4,ok,,30.204474786,325067632.57,267599.86852,1208694.477,159421508.35,139066.47173,25704458.47,-2.7612119323e-09,2.6848644621e-08,-6.2282327006e-08,-1.1362599486e-07,1.1560396746e-08,6.3361005446e-09,8.4062212575e-08,1.0977187959e-07,-9.3539093608e-10,-3.6066112498e-07,-1.912585776e-08,9.1326267536e-08,-4.2889046297e-08,-2.3168711476e-08,-1.393743917e-07,0.24043166074,0.011145657952,0.096512869626,0.022495037033
m665,ok,,30.256679106,322330455.93,424557.43409,1626558.7367,153782451.68,214437.14761,25380887.561,-1.4772426743e-09,2.2983104895e-08,-4.9860731944e-08,-4.7337559058e-08,9.90504176e-09,3.5340487188e-09,3.5236201027e-08,9.3545955883e-08,-3.8339541065e-10,-2.1273919325e-07,-5.8641579691e-09,8.1775226036e-08,-1.1111497078e-08,-1.5134702339e-08,-5.6423022202e-08,0.23682482248,0.0072866180962,0.090320006014,0.014959791095
m6,ok,,31.294401573,328094616.65,1063984.041,3698337.9287,152312848.28,563646.50608,27102081.048,-1.3780450082e-09,1.4928795618e-08,-3.0934540084e-08,-2.7492524552e-08,9.4574794644e-09,2.9765239516e-09,2.1451766632e-08,5.8215317494e-08,-2.2156781193e-10,-6.8553890443e-08,-6.7454970544e-10,5.3729857809e-08,-2.03226808e-09,-5.7426695635e-09,-3.2594255629e-08,0.24254020219,0.011044012591,0.072940245378,0.022824337347
m685,ok,,30.787202267,324293694.79,756087.71036,2705960.5671,151677982.87,393884.63623,26091378.65,-1.4195416947e-09,1.7626284476e-08,-3.6990655885e-08,-3.3526338455e-08,9.6591430495e-09,3.2265918682e-09,2.5985350415e-08,6.969225297e-08,-2.5912814324e-10,-1.0412713372e-07,-1.9411773097e-09,6.378781472e-08,-3.6038095023e-09,-8.0044375573e-09,-3.9810676227e-08,0.2382406576,0.0094720676193,0.07872924612,0.019647204098
m7,ok,,30.260931157,326219423.39,258875.77042,1757878.1847,160135267.45,172322.15771,25794225.979,-5.7442349722e-09,2.1993809762e-08,-6.0859433284e-08,-2.1625642717e-07,1.8533942553e-08,6.0682342654e-09,1.9841437179e-07,8.4161491645e-08,-1.8481283526e-09,-3.0978783706e-07,-2.2097566918e-08,7.3099117485e-08,-7.778044362e-08,-2.1214337595e-08,-2.4826764669e-07,0.23854092829,0.027110559422,0.080196564985,0.051364673359
m8,ok,,30.022883323,322343870.65,500391.22036,5575626.7028,160243812.98,443743.89049,25140597.055,-6.5500140136e-09,7.0224070146e-09,-4.3138160908e-08,-1.3091619491e-07,1.4216599699e-08,1.7066345302e-08,1.9223163383e-07,3.8757523701e-08,-2.5182546158e-09,1.0378485454e-07,-3.5677654676e-08,3.6369896384e-08,-7.6198911123e-08,-2.2068430265e-08,-9.5394988806e-08,0.21743631629,0.048978485669,-0.051933030017,0.096191021845
marske1,ok,,30.619990466,318028164.54,892870.98976,3376003.9265,141162156.94,659153.01715,24532931.956,-1.453613569e-09,1.050780774e-08,-2.8872211533e-08,-3.1817273313e-08,1.0164872718e-08,1.7455843616e-08,3.700805614e-08,5.2553466612e-08,4.9249989098e-10,1.9959297696e-07,-2.0923277196e-09,5.8932066614e-08,-3.8527281908e-09,9.3234456704e-09,-5.8772285599e-08,0.21874966442,0.012517440471,-0.17821077889,0.033043419715
ma409,ok,,29.633731202,320014786.29,279849.52027,1612224.8103,159578530.17,161858.84703,24589944.519,-6.0841415711e-09,2.4247178068e-08,-5.7094824154e-08,-2.2060853588e-07,1.2438021496e-08,-4.0732999365e-09,1.7969890172e-07,8.7491809836e-08,-1.556175297e-09,-2.3462180707e-07,-9.1524886522e-08,7.8722172343e-08,-1.5168754287e-07,-2.5004451208e-08,-8.2826303943e-08,0.2330697719,0.032588767176,0.065658800154,0.050288651439
ma409sm,ok,,29.718385691,320828433.84,276506.12304,1582577.5459,160076025.93,160325.06137,24773965.183,-4.5265179387e-09,2.2966398103e-08,-5.9419233071e-08,-1.3897730053e-07,8.8095994986e-09,-1.1800988584e-08,1.3716770752e-07,9.1540961654e-08,-1.0024910468e-09,-2.3064812105e-07,-9.3194113628e-08,7.7567036657e-08,-1.505656851e-07,-2.7701916123e-08,2.44133948e-08,0.23172159352,0.023188878437,0.063775617739,0.037927711012
m9,ok,,29.536073635,319048258.47,405304.06209,4629614.3315,162432091.95,346595.77418,24505254.392,-6.4883767025e-09,7.8376581436e-09,-4.8042112436e-08,-1.4840118861e-07,1.4353425336e-08,1.801635295e-08,2.0882192741e-07,4.2955057236e-08,-2.8391845452e-09,1.2518862917e-07,-5.1142790607e-08,3.9159386734e-08,-1.0695009291e-07,-2.8250785903e-08,-1.0635214712e-07,0.2171991001,0.043489026779,-0.05073945993,0.084636375434
marske2,ok,,30.444816189,316427109.24,810803.91219,2623229.6402,142972587.31,545791.49854,24293585.934,-1.2533575479e-09,1.3974988094e-08,-3.0360943771e-08,-3.4191542105e-08,1.0223329283e-08,1.6185143262e-08,2.9747876479e-08,5.9619870169e-08,4.2574687547e-10,1.6661072741e-07,-2.1526046884e-09,6.6577482713e-08,-4.1776966245e-09,9.9389871929e-09,-6.0412104316e-08,0.22069674862,0.011397238753,-0.1350886296,0.024119694629
marske7,ok,,30.80824352,324472073.55,990594.16701,3845687.057,151016267.01,548562.46674,26173765.673,-1.983245817e-09,1.5987694325e-08,-3.2626173713e-08,-3.7707516814e-08,1.0063711034e-08,2.0572153936e-09,3.2427937863e-08,5.892717028e-08,-4.6388299684e-10,-1.202481316e-07,-3.3601889953e-09,5.2984010758e-08,-6.6524886112e-09,-8.8378248319e-09,-4.4804229312e-08,0.23898546896,0.014820313033,0.11911709776,0.032122926095
marske3,ok,,30.430456103,316277360.48,817556.37987,2645743.3558,142906926.83,550096.42214,24258015.719,-1.3260594589e-09,1.4047737003e-08,-3.022892518e-08,-3.5702804081e-08,1.035282683e-08,1.6694053978e-08,3.138591109e-08,5.9396435817e-08,4.4901191053e-10,1.6098743194e-07,-2.0906525945e-09,6.6295926157e-08,-4.3666375726e-09,9.9649306943e-09,-6.2641015469e-08,0.22098966048,0.012039636545,-0.13161630206,0.02565975185
marske4,ok,,30.332560404,316184699.2,565135.54887,1893508.6061,143080524.42,380295.71026,24107328.134,-1.5876081636e-09,1.598248024e-08,-3.6083224573e-08,-5.2036963995e-08,1.1045509082e-08,2.5030762105e-08,4.6383155128e-08,7.0172984878e-08,5.5036339053e-10,2.6763703981e-07,-3.6680598555e-09,7.8741593038e-08,-7.830673577e-09,1.2040004958e-08,-9.2630781025e-08,0.22175014547,0.011992962746,-0.15125120539,0.026212769832
marske5,ok,,30.556599483,317531293.15,844117.72016,2762250.782,143149329.28,570207.09583,24530732.386,-1.5663994202e-09,1.3177198614e-08,-2.9708980752e-08,-4.1536966055e-08,1.0701842403e-08,2.0025010468e-08,3.6806031815e-08,5.7772172091e-08,5.3459167255e-10,1.7002705075e-07,-2.5984999647e-09,6.4713722498e-08,-5.1242051234e-09,9.7937438085e-09,-7.3719077759e-08,0.21921728366,0.014496115563,-0.14352284645,0.031068623664
mh102,ok,,31.089054988,326511044.31,1784512.5683,7039773.1252,150380851.42,1015607.5702,26561576.167,-1.7330475958e-09,8.5391099384e-09,-2.4167870923e-08,-2.2103493811e-08,8.8002814732e-09,1.0821725232e-09,1.950878398e-08,4.2451124823e-08,-2.6159341015e-10,4.9272455288e-10,-2.8621443327e-09,3.829666924e-08,-4.1897262289e-09,-6.1319107057e-09,-8.5614860673e-09,0.22862603922,0.020462155744,-0.00087927315732,0.034813670204
mh108,ok,,30.226963599,320397931.68,854540.42632,3573054.5271,151903975.32,458248.5691,25289838.103,-6.5351647794e-10,1.1503220676e-08,-3.5916421571e-08,-1.6747316731e-08,9.3496712698e-09,4.0355922367e-09,1.134595002e-08,6.3125121091e-08,-2.624599827e-10,1.0564875911e-08,1.4377402443e-09,5.3448719993e-08,1.3641902042e-09,-1.2858517519e-08,-3.2661610453e-08,0.23005857901,0.0042320816,-0.0090281135654,0.0096955729668
mb253515sm,ok,,30.976426913,324810808.07,1533738.3133,5504585.1881,149379760.91,838098.57856,26240601.703,-1.5295518512e-09,1.2429415819e-08,-2.5951198199e-08,-2.2320498435e-08,9.2905078037e-09,3.0231977223e-10,1.8287323791e-08,4.849968573e-08,-1.9984836501e-10,-5.3304270407e-08,-1.8907086393e-09,4.4703597847e-08,-3.5252203917e-09,-5.229563166e-09,-1.3233052504e-08,0.23726173257,0.01607744551,0.081754801788,0.028047969147
mh110,ok,,29.839375225,318415730.64,583191.77262,2578742.5659,153436142.41,306670.9962,24782859.771,-5.1472786255e-10,1.3428781272e-08,-4.3951714993e-08,-2.1185544221e-08,9.6856470868e-09,7.1276738028e-09,1.1151364438e-08,7.6786802265e-08,-3.8096808185e-10,7.3895375063e-09,9.0915494022e-09,6.2085746764e-08,9.9510521656e-09,-1.8568964445e-08,-6.2431027104e-08,0.22989663706,0.0020962186149,-0.0043095174771,0.0065033839936
mh104,ok,,30.714826205,323384925.19,1409741.6871,5569402.7395,150169394.22,782439.94525,25912796.181,-1.1491042203e-09,9.9657296692e-09,-2.7523810683e-08,-1.924738101e-08,9.2598960123e-09,2.9499374153e-09,1.5166844617e-08,4.896970131e-08,-2.7267017925e-10,-7.2385559115e-09,-9.4605379143e-10,4.3411599475e-08,-1.7043553552e-09,-7.7524402024e-09,-2.3822712316e-08,0.23056711591,0.010766043681,0.010204494023,0.021381333119
mh106,ok,,30.382482496,321145841.95,1013117.0543,4088685.7945,150981850.4,547758.32876,25455218.454,-5.7215440636e-10,1.1468466166e-08,-3.2794697513e-08,-1.3164107576e-08,9.2665659706e-09,2.9906480827e-09,9.0641655956e-09,5.8413937356e-08,-2.0014738385e-10,-6.5822073742e-09,7.3499457898e-10,5.0504661879e-08,5.4475720516e-10,-1.0605542253e-08,-2.4201281385e-08,0.23139791488,0.0041439782675,0.0066685465458,0.009183060748
mh113,ok,,30.950977501,325811772.72,1425565.5167,6595995.7508,150802683.07,879727.79702,26263868.39,-4.3138172394e-09,1.0394647642e-08,-2.643430481e-08,-5.6458194875e-08,8.6751587333e-09,-2.9533511051e-09,5.5637047072e-08,4.276834476e-08,-6.5899828456e-10,-3.4282847097e-08,-1.0058893226e-08,3.935435739e-08,-1.7055867705e-08,-7.8241072895e-09,-5.4006599964e-10,0.22713867428,0.049559938877,0.048872444635,0.079314255756
mh112,ok,,31.281424868,328626140.35,1767221.0662,7917447.7692,150574968.0,1100577.7599,26825933.362,-4.1066079478e-09,9.2629727196e-09,-2.3662520967e-08,-4.7789945228e-08,8.4606635663e-09,-2.3357127648e-09,4.7841786392e-08,3.8580466971e-08,-5.7327866183e-10,-2.5593937031e-08,-7.3171371581e-09,3.5760812332e-08,-1.2247234376e-08,-6.3472137549e-09,-5.8566594176e-10,0.22613875241,0.052450811125,0.045230144689,0.084547012759
mh114,ok,,30.65722665,323358488.09,1125454.3475,5416144.2346,151066014.9,694043.95276,25745454.653,-4.6414778305e-09,1.1991440479e-08,-2.9720023066e-08,-6.8552531505e-08,8.7974369195e-09,-4.5147817707e-09,6.7275789591e-08,4.75427845e-08,-7.5276734008e-10,-5.2971161582e-08,-1.3961149586e-08,4.3647740158e-08,-2.4557498613e-08,-9.49267093e-09,1.1682035586e-09,0.22792482708,0.047763300149,0.059616624094,0.075715829875
mh116,ok,,29.938710894,318090678.1,646662.94945,3034812.9036,151643111.18,366824.13783,24627692.485,-3.8940587773e-09,1.6468027125e-08,-4.0019685677e-08,-7.8223198868e-08,9.2481566207e-09,-5.7981883974e-09,7.2115240288e-08,6.7290975163e-08,-7.0934362963e-10,-1.0947449753e-07,-2.5463907335e-08,5.9211387721e-08,-4.3318101178e-08,-1.4746169053e-08,1.7268585082e-09,0.22898098517,0.02883921801,0.07079310146,0.046634253984
mh117,ok,,29.705102861,316434765.84,616328.43744,2778837.5804,151720600.18,332448.6199,24321436.787,-2.7448776044e-09,1.5322511233e-08,-4.2033541407e-08,-5.8224492872e-08,9.4195391127e-09,-1.8763306754e-09,5.0748843175e-08,7.279949856e-08,-5.7751842018e-10,-6.4307282832e-08,-2.2071023832e-08,6.1594802743e-08,-3.341932113e-08,-1.7104800744e-08,-4.9184890072e-09,0.22678056996,0.018985884678,0.039634407144,0.031277955216
mh122,ok,,29.99111134,318690168.47,577390.99954,2483343.1879,151702198.23,313018.38919,24747229.811,-3.3903517124e-09,2.0370427803e-08,-4.2323989692e-08,-6.773942786e-08,8.5341890194e-09,-1.2839077711e-08,6.223626902e-08,7.5843057385e-08,-4.0679415178e-10,-2.0605300174e-07,-2.9487534765e-08,6.6157408707e-08,-5.0203123259e-08,-1.5008395043e-08,4.1566207134e-08,0.23297245985,0.024239044901,0.11897314863,0.035934661577
mh121,ok,,29.791145216,317559107.71,499802.54051,2160698.3996,151986068.94,265808.69432,24457464.455,-3.0681890155e-09,2.1910125269e-08,-4.5748017425e-08,-6.4335467101e-08,8.5902125459e-09,-1.4119602667e-08,5.9634610429e-08,8.3087919737e-08,-3.3022207282e-10,-2.4763196107e-07,-3.4256772882e-08,7.0925604865e-08,-5.8530824133e-08,-1.7202223962e-08,5.3319372874e-08,0.23235272168,0.020398147399,0.12376708325,0.029805529794
mh126,ok,,32.476826281,338830938.91,4427815.7491,16158163.323,147821649.58,2725117.426,28577658.731,-2.7291225263e-09,6.7069425665e-09,-1.4782968031e-08,-2.0479298873e-08,8.0790581108e-09,-9.2786000326e-10,1.9834126835e-08,2.6455290546e-08,-2.6209334718e-10,-1.7966447916e-08,-1.3006862498e-09,2.5121388101e-08,-2.1242426969e-09,-2.4209322069e-09,-4.8269649972e-09,0.22313798505,0.052883443862,0.079552121036,0.087821859171
mh200,ok,,30.308742004,319234324.54,1193324.4186,4420206.749,148233889.68,630225.14355,25016171.4,-1.6425221735e-09,1.4447071489e-08,-2.9946947794e-08,-2.5379845537e-08,9.2039127538e-09,-2.5210098533e-09,1.9949637012e-08,5.6600656301e-08,-2.0584674332e-10,-8.9410751559e-08,-4.5259027195e-09,5.0747713474e-08,-7.3850116998e-09,-8.2815669681e-09,1.4820053341e-09,0.2308394538,0.016210634667,0.10669603312,0.02380638899
mh22,ok,,28.821409196,312507999.17,308784.63897,1598059.5707,156119830.89,159366.68519,23287838.277,-2.5445597345e-09,1.9362453549e-08,-6.0411299318e-08,-8.5197949278e-08,1.0442623869e-08,2.6344269097e-09,6.78738941e-08,1.0351632526e-07,-9.6566492816e-10,-1.3938235876e-07,-3.9633784274e-08,7.8877973887e-08,-6.8724407916e-08,-3.2967798736e-08,-6.4055938945e-08,0.22290640816,0.01130338703,0.043039131327,0.020958415885
mh23,ok,,30.110186398,319503486.49,475397.30804,1729814.6537,151070063.78,235020.13587,24781653.147,-1.5652322363e-09,2.4535426612e-08,-4.6627157217e-08,-4.411184075e-08,9.7205733735e-09,-1.1897912657e-09,3.2079971093e-08,9.1221635237e-08,-2.2917547955e-10,-2.7218073806e-07,-9.4433651302e-09,8.167409765e-08,-1.8783504613e-08,-1.093873321e-08,-2.3790828996e-08,0.23477203856,0.0090547701027,0.12939399017,0.0152507319
mh24,ok,,30.295551502,319899333.49,626463.85139,2182466.5491,149884580.64,311365.18442,25015700.807,-1.3892971807e-09,2.2687835866e-08,-4.0604594586e-08,-3.4163036998e-08,9.6084343766e-09,-1.3639561111e-09,2.4259420985e-08,8.0298963773e-08,-1.7421615337e-10,-2.3716221867e-07,-4.5812045058e-09,7.3155768655e-08,-1.0070673728e-08,-8.3248374163e-09,-1.7360341145e-08,0.2357350815,0.0093632135679,0.14857355692,0.015197650303
mh25,ok,,30.538265371,321163909.2,791283.18316,2663188.0249,149463926.78,396858.35479,25384133.167,-1.3825705686e-09,2.1111933108e-08,-3.5947963477e-08,-2.9706468107e-08,9.5086700237e-09,-1.7480176224e-09,2.1489903686e-08,7.1482177617e-08,-1.3875179656e-10,-2.0512370133e-07,-3.1894150192e-09,6.6276231423e-08,-7.0004014474e-09,-6.1334625702e-09,-1.2970116071e-08,0.23748141052,0.010567156678,0.16231093533,0.017004599395
mh26,ok,,30.777436922,322594547.78,978746.54849,3189180.928,149318579.39,494398.16625,25764605.417,-1.290618475e-09,1.9698100123e-08,-3.2141812723e-08,-2.4601840644e-08,9.4014074107e-09,-1.7937127555e-09,1.8111692355e-08,6.4287911861e-08,-1.0232756915e-10,-1.7734113622e-07,-2.1084458811e-09,6.0501599278e-08,-4.6632117998e-09,-4.4307987774e-09,-9.5892984912e-09,0.23921293,0.011029265519,0.17357202498,0.01772675638
mh27,ok,,30.977239799,323865465.92,1187001.2293,3765582.1209,149275201.8,602493.70414,26094289.135,-1.1590353718e-09,1.8461762762e-08,-2.9060969558e-08,-2.0048736497e-08,9.3114106338e-09,-1.595601085e-09,1.4787817848e-08,5.843152889e-08,-7.6033802383e-11,-1.5573378409e-07,-1.2719139142e-09,5.5589840346e-08,-2.920091507e-09,-3.3032556808e-09,-7.7628758618e-09,0.24052234888,0.010954539627,0.18485619316,0.017553157964
mh32,ok,,29.506965727,315064815.03,492207.35839,2184038.898,151562184.81,258303.95787,23926994.613,-2.8347907885e-09,1.8445087646e-08,-4.6808208186e-08,-7.1062660606e-08,9.7436504368e-09,-2.1665883788e-09,5.7388602336e-08,8.3332724032e-08,-5.9007142218e-10,-1.2404450002e-07,-2.6166724059e-08,7.062217889e-08,-4.2454338671e-08,-1.8374261454e-08,-1.5498380446e-08,0.2263256316,0.017450001389,0.061055615678,0.028247092357
mh42,ok,,29.236690354,312951333.73,497795.61303,2271030.0733,151385453.96,259505.79546,23532516.897,-2.1593621563e-09,1.6771280751e-08,-4.7473977052e-08,-5.5379782147e-08,9.9481066445e-09,1.1486107848e-09,4.4291349948e-08,8.39429712e-08,-6.0643217994e-10,-8.9087265257e-08,-1.8846794204e-08,6.8690625769e-08,-3.0568403074e-08,-2.1161383298e-08,-3.1671990906e-08,0.22337669918,0.012536283131,0.044347249822,0.022048039699
mh38,ok,,29.369603232,313499956.2,591107.33806,3023994.9412,150969644.16,339350.20399,23618097.711,-3.8708250426e-09,1.5926779209e-08,-4.2456286177e-08,-8.0245309623e-08,9.5900359816e-09,-4.7070469288e-09,7.6023186004e-08,6.9415744036e-08,-8.9678652329e-10,-1.062653705e-07,-2.9951269836e-08,5.9391261815e-08,-5.2074442103e-08,-1.8724751928e-08,-5.9316996958e-09,0.22268249946,0.026783129458,0.062814240286,0.04493786311
mh33,ok,,29.560612863,316839974.35,350177.45396,1441210.2132,153353623.75,172734.331,24064905.962,-1.5794283635e-09,2.2766331723e-08,-5.5385293885e-08,-5.0042337602e-08,9.6419869931e-09,-1.0775249725e-09,3.6767925621e-08,1.0382288387e-07,-3.0540909986e-10,-1.8602459937e-07,-1.9301566972e-08,8.7305248131e-08,-3.0933882152e-08,-1.9866448185e-08,-1.37402918e-08,0.229173969,0.0081001495598,0.06514162058,0.012875298581
mh30,ok,,29.319885841,314393639.46,399205.65673,1765990.9215,152569815.06,202998.3576,23699240.984,-2.3316330498e-09,2.0352012773e-08,-5.2306184422e-08,-6.5639237055e-08,9.6803346292e-09,-2.3876897906e-09,5.1516055687e-08,9.473811839e-08,-5.0067235723e-10,-1.5771294819e-07,-3.0275886861e-08,7.8363375032e-08,-4.742080217e-08,-2.1877552288e-08,-1.1306690655e-08,0.22584488915,0.012806357224,0.062959901056,0.020565500843
mh43,ok,,28.851599464,309930063.15,444335.88005,2115046.9341,151154694.08,229924.65935,22875038.502,-2.1544807559e-09,1.7325943316e-08,-5.0660074626e-08,-5.7736846445e-08,1.0000910982e-08,6.0407543821e-10,4.6488645045e-08,8.9277199227e-08,-6.566357189e-10,-1.0857425604e-07,-2.3294983445e-08,7.1386878599e-08,-3.7901926166e-08,-2.4869680629e-08,-3.1073666974e-08,0.21932331782,0.011708750648,0.04824343761,0.020656573009
mh70,ok,,29.800959774,316566182.14,786410.06514,3497679.0779,150529493.78,428963.1724,24394314.961,-2.8057897014e-09,1.3137358729e-08,-3.7235792873e-08,-5.6532685023e-08,9.9197764782e-09,1.873486258e-09,4.6391275354e-08,6.4438295453e-08,-6.7362686881e-10,-3.7326972838e-08,-1.3359043742e-08,5.5174353836e-08,-2.0784263231e-08,-1.4371107056e-08,-3.017605067e-08,0.22409353927,0.021353322861,0.029354307141,0.036482565873
mh44,ok,,29.753993726,317036596.14,591793.85314,2530491.127,152017324.65,307610.69403,24486695.514,-1.624665527e-09,1.5641801576e-08,-4.331756697e-08,-3.9822703959e-08,9.7568512028e-09,2.6793634919e-09,3.1541604827e-08,7.7402754485e-08,-4.6055572404e-10,-6.0234376134e-08,-1.1954310914e-08,6.4500299786e-08,-1.8033189337e-08,-1.7412653767e-08,-3.3939988539e-08,0.22870605305,0.0098632179022,0.035646333544,0.018666127855
mh78,ok,,30.340946609,320358301.89,1230710.2932,5296484.9244,150110306.46,686337.77658,25212274.301,-1.2269926793e-09,8.3166915947e-09,-2.9803237355e-08,-2.6347221788e-08,9.6848775127e-09,7.26738918e-09,1.7800982552e-08,5.1365553953e-08,-4.7071617202e-10,2.7218764869e-08,2.5053974713e-09,4.4017204026e-08,2.9987504024e-09,-9.9575430429e-09,-5.4499020177e-08,0.21897910396,0.0099065073093,-0.033498414092,0.021907852456
mh91,ok,,30.432429622,320329133.7,1471746.5284,5677127.0213,148599118.73,795874.7978,25236132.671,-7.068168067e-10,1.015412284e-08,-2.7082573897e-08,-1.4887960683e-08,9.2405959276e-09,3.7076952843e-09,8.647807106e-09,4.946168889e-08,-2.318998486e-10,-1.7287504187e-08,1.1065021646e-09,4.384271851e-08,1.2635309812e-09,-7.7561037997e-09,-2.939124861e-08,0.22427645099,0.0066064679033,0.025442824271,0.012727380086
mh81,ok,,29.713652337,315291123.31,966201.45444,4555745.3913,149504658.6,544022.95891,24073284.299,-2.4817945477e-09,9.1779398248e-09,-3.3982227509e-08,-4.9214539748e-08,1.0619687756e-08,7.6207660406e-09,3.8691081385e-08,5.6949490565e-08,-8.0965762541e-10,2.4508526354e-08,-3.5921090259e-09,4.7741526888e-08,-6.3417523996e-09,-1.3516949397e-08,-6.0778478667e-08,0.21619066135,0.01964752181,-0.023680173809,0.037383379108
mh82,ok,,29.679401669,315031648.7,1002193.8756,4875374.7594,149357683.94,574585.98687,23991256.76,-2.8901485251e-09,8.7865972333e-09,-3.3290459895e-08,-5.3912441633e-08,1.0710386032e-08,7.2305146796e-09,4.4220000818e-08,5.4832775812e-08,-8.9994576545e-10,2.4620026291e-08,-5.8498874824e-09,4.6052762442e-08,-9.6535980374e-09,-1.3560237892e-08,-5.6957409273e-08,0.21434343634,0.023988884463,-0.024674039567,0.044317014001
mh94,ok,,31.12021387,325750895.47,1834335.8815,6342078.929,149520151.42,983556.89673,26497532.108,-8.1680444483e-10,1.0640647256e-08,-2.3701937829e-08,-1.1238723598e-08,8.6985403766e-09,-5.0640800248e-10,7.112833518e-09,4.4873310647e-08,-6.2923657863e-11,-2.9995270759e-08,-1.2430740552e-09,4.1558340256e-08,-1.7829919174e-09,-4.605041393e-09,7.669305569e-10,0.23071435199,0.011227963153,0.055021401429,0.013047325741
mh93,ok,,30.616046147,321767759.9,1692005.6059,6401616.8319,148473548.96,920676.69449,25530346.136,-5.5294398416e-10,9.7192017958e-09,-2.5141196296e-08,-1.2049672473e-08,9.1198500524e-09,3.6338325402e-09,6.4565583744e-09,4.6139137915e-08,-2.0020047104e-10,-1.8206064913e-08,1.3336874685e-09,4.1276493428e-08,1.6598551461e-09,-6.7273279747e-09,-2.7913995861e-08,0.22476720266,0.0053210367371,0.030804763893,0.010924532964
miley,ok,,29.836181677,318299990.97,920751.26848,4994815.1631,151532327.68,568609.19,24645387.965,-3.7625148473e-09,1.075434108e-08,-3.4470028357e-08,-6.7645818042e-08,1.1586106535e-08,4.5333243711e-09,6.2471992255e-08,5.3130434462e-08,-1.3228779415e-09,-3.4176415244e-08,-1.042916027e-08,4.4393423924e-08,-2.1858796308e-08,-1.6005377386e-08,-6.4121239719e-08,0.22437056541,0.030324820785,0.031467977688,0.057521166113
mh95,ok,,31.195892876,326232748.25,1907293.9906,6377526.1569,149460042.66,1009762.5438,26628865.028,-8.8594379049e-10,1.1325730613e-08,-2.3171615974e-08,-1.2720516464e-08,8.7926799784e-09,-8.80343004e-12,7.9724522275e-09,4.463133697e-08,-8.2347258687e-11,-4.2896661961e-08,-8.1983430847e-10,4.1654417555e-08,-1.2702332372e-09,-4.1101162511e-09,-4.5303217579e-09,0.23258444503,0.011780988328,0.081816545576,0.015205810224
mh92,ok,,30.525221504,321055592.61,1580127.3655,6037146.377,148537114.24,857280.04658,25385489.13,-6.3293244984e-10,9.921112712e-09,-2.6077122794e-08,-1.346362263e-08,9.1811633351e-09,3.6757589023e-09,7.5537996699e-09,4.7733660732e-08,-2.1653115107e-10,-1.7657368454e-08,1.2357195976e-09,4.2506486516e-08,1.4859859498e-09,-7.2234652983e-09,-2.8692034882e-08,0.22451547264,0.0060234375878,0.027900891096,0.011935965572
mi-vawt1,ok,,32.847864616,340433436.82,3002292.8518,9669471.9967,152384104.63,1751819.0687,29825857.421,-1.7806334631e-10,7.6905541444e-09,-1.7657140219e-08,-1.9906358471e-09,7.9721975479e-09,2.3814290949e-10,1.5428003055e-09,3.2829479597e-08,-3.5969620679e-12,-1.1591928393e-10,-2.3183365174e-11,3.2450027035e-08,-3.6956516172e-11,-5.472570386e-10,-1.3613859173e-09,0.23763459318,0.0029205163122,0.00034802363752,0.0046319383288
mrc-16,ok,,31.142456561,326342801.04,1393756.4197,4964438.7581,150481307.76,757762.76254,26640604.201,-2.0952323999e-09,1.3126361759e-08,-2.7058615683e-08,-3.153106561e-08,9.2502775599e-09,-3.1266065602e-10,2.6348781372e-08,5.0346515817e-08,-2.4352061695e-10,-5.9815992231e-08,-3.5777861393e-09,4.6849483151e-08,-5.5289111791e-09,-5.228139017e-09,-1.4099845429e-08,0.23742910985,0.021358804466,0.083368923172,0.036723783189
mrc-20,ok,,31.366172866,327645598.48,1743831.3542,5822054.8041,149821876.26,943300.0261,26920676.94,-1.9333030543e-09,1.3087942193e-08,-2.3985564331e-08,-2.6452811043e-08,9.0834660192e-09,-1.171762642e-09,2.0549568596e-08,4.6011183252e-08,-1.5750026246e-10,-6.9080762895e-08,-2.198967902e-09,4.3623295718e-08,-3.6181480105e-09,-3.513857501e-09,-8.9176529061e-09,0.23852468779,0.022948145327,0.12046520031,0.035834982033
ms313,ok,,30.887076836,325084834.1,1261408.398,4591836.9813,151608792.55,661706.10922,26487730.05,-1.2504983204e-09,1.329423283e-08,-2.9148784188e-08,-2.0193266692e-08,8.952694668e-09,-9.3050784191e-10,1.4434520708e-08,5.4393290393e-08,-2.0109743868e-10,-6.7621946986e-08,-4.9673430003e-09,4.7916289686e-08,-7.0971799885e-09,-9.1520381828e-09,-2.8863223153e-09,0.23611411849,0.012911102566,0.085298891816,0.018207825642
n0009sm,ok,,30.316861647,321802729.3,553088.87539,2071595.1281,152941942.1,278098.43798,25468877.982,6.686425593e-18,1.856093309e-08,-4.4008737742e-08,-1.4558165823e-15,9.2698395482e-09,2.6091875636e-15,-6.7881612582e-15,8.2687574758e-08,-3.9097722088e-16,-9.3297479561e-08,6.797526655e-14,7.2033685886e-08,2.4334689648e-13,-1.348539432e-08,1.6341712585e-14,0.23609241236,1.4778070147e-09,0.051601798047,-3.7544564763e-09
n10,ok,,31.111274396,327244149.84,886020.8798,3484430.5967,152986304.22,490913.44532,26816194.817,-4.6887431683e-09,1.4855273949e-08,-3.3387948956e-08,-1.0221909521e-07,1.2963748244e-08,7.2057799464e-09,7.294188303e-08,5.8944931563e-08,-6.8133783634e-10,-5.3303856353e-08,-9.4490639758e-09,5.498782061e-08,-1.4980026225e-08,-6.9932174001e-09,-7.8760330017e-08,0.24112385832,0.040920204727,0.047228329703,0.064628031377
mue139,ok,,31.172411762,328892449.61,1137553.6408,5220103.325,154049159.76,679204.81462,27143157.614,-3.2203833026e-09,8.5597020356e-09,-3.0070092848e-08,-5.3207482972e-08,9.7988541128e-09,6.2736352188e-09,4.9184298657e-08,4.8158284795e-08,-6.5857708259e-10,3.5096831154e-08,-7.6583845777e-09,4.2727149091e-08,-1.1078440822e-08,-8.9402265031e-09,-3.7055332008e-08,0.22945058895,0.030383682751,-0.039924528058,0.055949778005
n0012,ok,,31.029365032,326087572.18,1014133.6654,3562948.7781,152255419.79,527387.51955,26667908.937,-1.3880089685e-15,1.3988229626e-08,-3.2053269383e-08,-1.5272963985e-13,8.9444174137e-09,6.5921642381e-14,-3.7870652338e-14,6.0257448731e-08,-2.1316149559e-15,-4.16770915e-08,-3.3992062375e-13,5.4657378112e-08,3.4240017453e-13,-7.3683968091e-09,-3.7027792534e-13,0.23852890908,3.3967790909e-08,0.042266141568,-3.8405903468e-08
mh80,ok,,29.760761622,315652914.78,935869.99494,4279115.5382,149646847.83,518425.52766,24171181.011,-2.0173556442e-09,9.6208974588e-09,-3.4574872337e-08,-4.3046332297e-08,1.0455141333e-08,7.89355471e-09,3.2159152798e-08,5.8899317837e-08,-7.0823171631e-10,2.2883356728e-08,-9.345332552e-10,4.9369961511e-08,-2.4646644819e-09,-1.3405450086e-08,-6.379033423e-08,0.21802109433,0.015123164193,-0.021415846946,0.030096786166
n0011sc,ok,,31.268513865,326949534.73,1031664.0637,3171337.7464,151388677.85,513081.60548,26844059.762,1.4301450463e-15,1.8286301543e-08,-3.110166643e-08,-9.2809704804e-16,8.9585625873e-09,4.6231143093e-14,2.5023388444e-14,6.2511074191e-08,9.6302999261e-15,-1.316844088e-07,-3.0514078449e-13,5.9743617501e-08,-5.9382208006e-13,-3.7207961036e-09,-8.518906116e-14,0.24048418948,-1.003511955e-08,0.13585407231,2.581573061e-08
ms317,ok,,31.582071674,331035505.11,2101490.186,7356689.603,151934415.93,1139281.3051,27782175.62,-9.3610506022e-10,1.0024402908e-08,-2.2276788701e-08,-1.1646032926e-08,8.5356623132e-09,-4.5643241841e-10,8.3307716025e-09,4.1422987134e-08,-1.2575089494e-10,-3.333544633e-08,-1.9134377996e-09,3.7205139281e-08,-2.7198157768e-09,-5.953465805e-09,-1.2575092125e-09,0.23667522273,0.01292906091,0.070054113308,0.017507034764
n12,ok,,30.737517708,323851308.45,769636.26104,2694715.7321,151626867.95,393638.7149,26023979.183,-6.0087951369e-11,1.7241887118e-08,-3.672771411e-08,-1.8153366208e-09,9.2144856197e-09,3.1288711807e-10,9.3951022599e-10,7.0313369546e-08,-1.3363050448e-11,-8.528404333e-08,3.4489061518e-10,6.3863490297e-08,2.7749553631e-10,-7.9523238537e-09,-2.8123193287e-09,0.23974498457,0.00044918058121,0.065637692235,0.00072308113754
n11h9,ok,,29.63612575,317150615.1,497280.59482,2741355.4774,153442614.76,297138.0742,24456431.073,-4.336875576e-09,1.8108076158e-08,-4.6191108499e-08,-1.1672864543e-07,1.4129109723e-08,4.2136430663e-09,9.8028310663e-08,7.2212964949e-08,-1.603605374e-09,-1.9692249441e-07,-2.2111000533e-08,6.1721668246e-08,-4.719114175e-08,-2.0400284227e-08,-1.3877844027e-07,0.22723159212,0.025358047949,0.097925735155,0.048747576636
n11,ok,,30.995961726,326420172.94,845725.42957,3548092.6728,152767698.49,482802.60383,26560625.651,-4.9040150911e-09,1.485068091e-08,-3.4032256874e-08,-1.0395587435e-07,1.2512509816e-08,4.9652965424e-09,8.060199659e-08,5.812325374e-08,-7.1612875204e-10,-5.9064197913e-08,-1.1945401099e-08,5.4468631217e-08,-1.9673327685e-08,-7.4616014754e-09,-6.9748859803e-08,0.23897481944,0.042191494694,0.049952094152,0.06816715819
n5h10,ok,,29.888941485,317708115.8,661919.58337,2698491.1478,149940708.7,347997.5455,24600699.633,-1.9164774817e-09,1.9658621896e-08,-4.0657967702e-08,-4.7191891613e-08,1.0442231228e-08,2.0909148065e-09,3.5866699623e-08,7.4797202129e-08,-5.956022243e-10,-2.0659277121e-07,-4.1052235517e-09,6.4568542318e-08,-1.0954254352e-08,-1.420393571e-08,-5.9218671735e-08,0.2328506082,0.011629099988,0.13674780105,0.023740870872
n13,ok,,30.925887767,324456045.6,1024257.6943,3453261.5985,150662545.85,527436.13204,26228252.18,4.7980958894e-12,1.5704306484e-08,-3.163613807e-08,1.3427743416e-10,9.1304105685e-09,-1.8094425362e-10,-3.4664116487e-10,6.1265507235e-08,5.6736827057e-12,-7.5724895201e-08,8.6490375232e-11,5.682854649e-08,1.3402746831e-10,-5.5388996439e-09,1.5601117666e-09,0.23947164743,0.00012622879266,0.077561806557,-0.00035504988027
n22,ok,,31.255483102,328448534.6,1060899.2245,4228440.1039,153092494.63,597850.34788,27126481.193,-4.7179615955e-09,1.3062255559e-08,-3.0510564302e-08,-9.2465734756e-08,1.280423706e-08,7.106629953e-09,6.789845872e-08,5.3065715461e-08,-7.1398554149e-10,-3.5249374864e-08,-8.5115482152e-09,4.9476346471e-08,-1.3111150833e-08,-6.6711825658e-09,-7.1144460211e-08,0.24000404109,0.045156094533,0.037396034457,0.072033422199
n1h15,ok,,30.565159212,323343503.17,1487077.0351,6809349.8126,148770431.42,894900.20026,25660542.464,-3.2385610171e-09,1.3055659372e-08,-2.662990338e-08,-4.3241175356e-08,1.0209635771e-08,-3.2569247737e-09,4.2418279312e-08,4.4364238436e-08,-8.2770131639e-10,-1.0530734237e-07,-8.1141143083e-09,3.9865821268e-08,-1.5585371672e-08,-9.6381004619e-09,-3.0065555476e-08,0.23193381297,0.03248058327,0.15660013046,0.063079249032
n2h15,ok,,31.399814768,325749363.7,1296017.4194,4664655.7454,145298123.29,881278.51133,26119244.668,-2.4311730133e-09,1.3736289665e-08,-2.5715771368e-08,-3.4378202709e-08,1.0083138729e-08,4.4747331706e-09,4.2771269367e-08,4.6419357643e-08,2.8399818155e-10,-3.3771910483e-08,2.1998691947e-09,4.8177551913e-08,2.1390860395e-09,3.7347608422e-09,-3.4737667307e-08,0.23561935379,0.02310605761,0.043768984272,0.055432310149
n14,ok,,30.885997906,324294446.93,1009651.1291,3413057.992,150760927.51,516623.50881,26202538.436,-2.96925025e-11,1.5802117658e-08,-3.1958053331e-08,-4.3752726051e-10,9.1026987125e-09,-4.0622088482e-11,5.0840318557e-10,6.1916818902e-08,-3.3827987452e-12,-7.9889792989e-08,-3.5915484893e-11,5.7105365071e-08,-8.9909751245e-11,-6.0878561513e-09,-1.1138176351e-10,0.2385131524,0.00021231224108,0.080660819698,0.00051330985037
n24,ok,,32.290809771,337074798.79,2014957.0578,7608644.5128,153397813.07,1191022.3763,29065444.054,-4.5920325557e-09,9.235899715e-09,-2.1848323343e-08,-6.379391711e-08,1.2190123101e-08,6.3539657786e-09,4.9289746767e-08,3.7892448239e-08,-5.0796544864e-10,-1.3030368806e-08,-2.7466600356e-09,3.6003941948e-08,-4.3134493713e-09,-3.3969896026e-09,-5.0716093859e-08,0.24095694488,0.061660747911,0.026255633592,0.099316723126
n2415,ok,,31.551312133,329883692.4,1611418.3568,5541527.9373,151909000.24,869438.62993,27541520.217,-1.2432375275e-09,1.1170950872e-08,-2.5031775702e-08,-1.6842979985e-08,8.7005938294e-09,-4.1315892417e-11,1.4613165252e-08,4.6735589996e-08,-1.1878782273e-10,-2.507863151e-08,-2.1151928909e-09,4.3593500085e-08,-2.9025731369e-09,-4.3159117129e-09,-4.2027420175e-09,0.23792924267,0.013774727658,0.040412167178,0.023547922737
n2414,ok,,31.392311932,328702142.86,1396979.4567,4878639.6269,152000058.75,749387.17398,27270943.418,-1.3386580547e-09,1.1960253451e-08,-2.6988917095e-08,-1.947784177e-08,8.8069631538e-09,-1.077121866e-10,1.68758278e-08,5.0231475544e-08,-1.3977935564e-10,-2.9698130623e-08,-2.8662695626e-09,4.6517092512e-08,-3.9282491519e-09,-5.11229572e-09,-4.7369073765e-09,0.23828551412,0.013750762382,0.041487678382,0.023575184751
n5h15,ok,,30.904849597,324372151.15,1632011.6293,6010282.0345,148587496.62,904364.85536,26058096.09,-1.4594442656e-09,1.2512098926e-08,-2.5302661526e-08,-2.1951665003e-08,9.6005946321e-09,1.799716999e-09,1.8645821321e-08,4.6891600947e-08,-2.9311534544e-10,-6.751772019e-08,-5.8746906422e-10,4.2910776982e-08,-1.8396758467e-09,-5.6546205e-09,-2.8064301962e-08,0.23548811284,0.01388481136,0.11018970454,0.030430197235
n63010a,ok,,30.143828769,319719900.56,652451.77604,2451927.394,151078428.81,333674.95495,25074157.725,-2.2530060833e-15,1.874429726e-08,-4.0838290784e-08,-2.3044361082e-14,9.3710083445e-09,-1.9028031981e-14,2.5460287593e-14,7.7168755809e-08,-6.5102918632e-15,-1.4305829308e-07,-6.0982175089e-13,6.7078769475e-08,-2.7641337902e-13,-1.3225871663e-08,-1.264617896e-13,0.23497014127,-2.2257399088e-09,0.093338637397,1.6611609858e-08
n5h20,ok,,31.550888671,330032243.41,2800244.339,9948361.9538,147936046.76,1594976.2887,27080905.083,-1.7416670809e-09,9.7593101577e-09,-1.906244767e-08,-2.0306846699e-08,9.4043024677e-09,1.6190664393e-09,1.6419212885e-08,3.5453152046e-08,-2.9086860748e-10,-4.376071094e-08,-3.6239833062e-10,3.3002526375e-08,-9.5567953998e-10,-3.6516392186e-09,-2.4546099278e-08,0.23273159609,0.023315432479,0.12254068308,0.045977807933
n63015a,ok,,31.009678421,325219916.53,1508390.3228,5266709.5407,150012477.97,808557.46757,26402244.708,-1.4569578871e-16,1.2339606447e-08,-2.6293066898e-08,-3.6887874212e-15,8.961710743e-09,-6.8736396447e-15,-3.0958563312e-15,4.9672179246e-08,-6.4478692706e-16,-4.8463563963e-08,8.1115519522e-14,4.5522423789e-08,3.9296061315e-13,-5.6879892734e-09,4.4118510217e-14,0.23660928004,1.1423005878e-08,0.073101970888,-4.6697597306e-09
n63012a,ok,,30.529274757,321927036.71,955032.01423,3458902.0299,150416768.0,498907.92503,25650684.518,9.6424346002e-17,1.5539630405e-08,-3.3458238334e-08,-6.6607949509e-15,9.2103369474e-09,-1.2805853813e-14,-1.9670236145e-14,6.3195971556e-08,-1.8888192585e-15,-8.704233284e-08,1.5034810093e-14,5.6410315911e-08,4.1559205044e-13,-9.1165115586e-09,1.6266492621e-14,0.23625144734,5.2404177755e-09,0.083128214456,-1.8785705246e-08
n63212,ok,,29.481104528,312455736.03,907497.73938,3693373.669,147233001.32,476265.86361,23528788.129,-9.8121819852e-10,1.4321725485e-08,-3.5241580305e-08,-1.6758068608e-08,9.3875907608e-09,-1.629432236e-09,1.3496615945e-08,6.5049990382e-08,-1.5946155041e-10,-8.2048698442e-08,-4.7575559504e-09,5.5833352928e-08,-7.2887685168e-09,-1.3213653411e-08,3.7899849407e-09,0.22158962164,0.0083813021205,0.074459008355,0.012248148459
n63210,ok,,29.123967562,310217503.2,620405.15438,2620598.0525,147870053.1,319200.57857,22984608.183,-1.1965259877e-09,1.7336844167e-08,-4.2880197393e-08,-2.4888876933e-08,9.5327076477e-09,-2.7045061038e-09,1.9711232437e-08,7.9281365589e-08,-2.1298492955e-10,-1.3516840585e-07,-8.8730496955e-09,6.6442301603e-08,-1.3675415841e-08,-1.7972660037e-08,6.8482486737e-09,0.22035499395,0.0084262730396,0.0838591757,0.012228950203
n63412,ok,,29.54474986,313139350.1,908363.15289,3777614.4635,147752809.77,483056.61399,23675714.509,-1.9408781768e-09,1.4325973907e-08,-3.5051698579e-08,-3.3039373201e-08,9.272013226e-09,-3.2394626326e-09,2.6994121299e-08,6.3848294839e-08,-3.2518536832e-10,-8.4421201785e-08,-9.4598614249e-09,5.4874802852e-08,-1.4701400195e-08,-1.346760988e-08,7.1136918619e-09,0.22220688389,0.016723662389,0.076685109024,0.024520465133
n63215,ok,,29.99903276,316502771.37,1428711.4602,5610108.563,147080005.04,769623.95859,24378550.002,-7.7325074829e-10,1.1307827811e-08,-2.7804983492e-08,-1.0483209331e-08,9.1318982859e-09,-8.8312715161e-10,8.5556937455e-09,5.1169900767e-08,-1.1410324495e-10,-4.4764802366e-08,-2.1789308022e-09,4.4864171262e-08,-3.31464724e-09,-9.177870086e-09,1.8773327716e-09,0.22299121033,0.0083903338328,0.063955986153,0.012223617704
n63415,ok,,30.025480066,316625194.99,1429230.1908,5678718.9903,147125611.93,776557.54952,24390053.604,-1.5368174847e-09,1.1314650906e-08,-2.7701700919e-08,-2.0761038957e-08,9.068306514e-09,-1.7833074806e-09,1.710583109e-08,5.0648067581e-08,-2.2657814653e-10,-4.5593266491e-08,-4.2369385918e-09,4.4565339062e-08,-6.5185892911e-09,-9.1186373579e-09,3.7809826268e-09,0.22266127009,0.016776057945,0.065163272965,0.024448170233
n64008a,ok,,29.696956856,317888235.08,405135.53912,1597198.5574,152566296.77,200964.43506,24462535.936,2.4917685833e-16,2.4404956193e-08,-5.2002913421e-08,3.1554106292e-14,9.5175986459e-09,-1.8652420476e-14,3.6996699477e-15,9.944926302e-08,8.8541637956e-16,-3.0014739383e-07,3.426646286e-13,8.3170951702e-08,-1.437009152e-12,-1.9468537116e-08,2.0452095878e-14,0.2328245989,-5.3843105412e-09,0.12160037621,1.4988677788e-09
n64012,ok,,29.634116234,313875614.85,909792.54432,3583709.644,147481904.18,474699.14306,23836360.985,1.3071453133e-15,1.5150642447e-08,-3.5097234639e-08,5.1594223035e-15,9.4166909033e-09,1.4889498935e-14,-4.9761122054e-15,6.5593918302e-08,5.233595031e-15,-9.8529101371e-08,1.352003582e-13,5.6761963921e-08,1.6842714354e-14,-1.246542939e-08,2.7525393027e-14,0.22445964365,4.8367931476e-10,0.089641041825,-4.5272297842e-09
n64012a,ok,,30.553199231,322023509.78,953634.33244,3407312.7995,150239207.69,497472.08758,25665935.064,-6.1885782642e-16,1.6229406898e-08,-3.3419391097e-08,4.1864421101e-15,9.229087604e-09,-1.636778151e-14,1.369300186e-14,6.3594020401e-08,-6.4669224655e-16,-1.0323008713e-07,1.1916765471e-13,5.7088235627e-08,3.2638940399e-13,-8.7663226177e-09,4.8547611013e-14,0.23687316314,3.6381049479e-09,0.09844375523,1.3058116688e-08
n64015,ok,,30.141113928,317765814.36,1435529.2857,5471622.1168,147327542.82,769158.1505,24663858.566,-1.678710655e-16,1.1961394893e-08,-2.7651622619e-08,3.7347526819e-15,9.1543962256e-09,-4.7258342856e-15,3.2876493791e-15,5.1483720541e-08,-5.2907395178e-16,-5.532245785e-08,5.1973649858e-14,4.5492211075e-08,8.8030148688e-15,-8.629165128e-09,1.561865762e-14,0.22578273377,-1.602383072e-10,0.079417008399,4.7195169647e-09
n64108,ok,,28.733154632,308669686.79,387924.40745,1684798.7202,149382724.72,192685.18125,22502086.287,-7.6520940634e-10,2.3020264456e-08,-5.4296287642e-08,-2.0533244037e-08,9.7130772814e-09,-2.6323043572e-09,1.584740073e-08,1.0239794241e-07,-1.4082386394e-10,-2.9348662759e-07,-9.7996735892e-09,8.3261708608e-08,-1.6191368176e-08,-2.4558676224e-08,5.6631066119e-09,0.21906841805,0.0041955036279,0.1138506261,0.0061475935378
n6409,ok,,30.438764414,323473027.75,549740.43478,3261839.6847,154383639.92,367074.42587,25610965.568,-5.5740150687e-09,1.7043359409e-08,-4.1499876825e-08,-1.1701691083e-07,9.902526425e-09,-8.7067524849e-09,1.279996693e-07,5.8673626757e-08,-1.0627229306e-09,-1.4528147345e-07,-3.2078713992e-08,5.5341351939e-08,-6.0598200881e-08,-1.3916884241e-08,-1.8776916631e-08,0.23294471749,0.04135033095,0.079867100382,0.070366593852
n64015a,ok,,31.020082628,325201235.25,1509211.231,5201843.7569,149840965.25,807178.28296,26394608.815,5.5579158731e-16,1.287882828e-08,-2.6252232317e-08,1.0409260669e-16,8.9901835066e-09,4.4180379974e-15,-4.3217839972e-15,4.9967829126e-08,2.0455028896e-15,-5.8770499298e-08,-5.2147479782e-15,4.5991058107e-08,5.3241197105e-14,-5.4723832588e-09,6.5033789852e-15,0.23729237683,1.1616180564e-09,0.088697097593,-6.5224849465e-09
n64212,ok,,29.643852073,313912572.8,909858.06421,3608796.5073,147520625.33,476946.06929,23839324.417,-9.8141960319e-10,1.515346513e-08,-3.50298976e-08,-1.6753627112e-08,9.3831521911e-09,-1.809655817e-09,1.3547243852e-08,6.5224718711e-08,-1.5111942432e-10,-9.9120834186e-08,-4.61262194e-09,5.65424241e-08,-7.0989133996e-09,-1.2441389138e-08,3.41659716e-09,0.22433823045,0.0083561656959,0.090185890316,0.012326069067
n64110,ok,,29.239380486,311307030.92,622220.7711,2543755.0051,147976244.09,318228.23452,23222524.169,-5.9993420376e-10,1.83616334e-08,-4.2712911314e-08,-1.2492619738e-08,9.5724488193e-09,-1.4682998746e-09,9.9068986398e-09,7.9985166172e-08,-1.009986462e-10,-1.6116568142e-07,-4.5080710398e-09,6.7704023821e-08,-6.9498240169e-09,-1.7000906678e-08,2.9291690275e-09,0.22256665276,0.0041829722429,0.10028063457,0.0061642781108
n64212ma,ok,,29.96327452,316942659.74,983937.25062,3877397.9025,148795972.11,516377.09896,24526938.962,-2.0544135426e-09,1.3539963338e-08,-3.3342534655e-08,-4.0259812398e-08,9.5085807756e-09,1.0752222678e-09,2.7456205053e-08,6.1529789059e-08,-4.3679747103e-10,-6.6824369883e-08,-5.5065371341e-09,5.3716064708e-08,-8.2906915886e-09,-1.1503973615e-08,-2.4182049074e-08,0.22084888424,0.018034365649,0.065750986776,0.027015182912
n64212mb,ok,,29.818586311,315533026.45,1006192.4515,3991441.4242,148400040.43,524260.24236,24232202.852,-1.1024124456e-09,1.2759672593e-08,-3.3233132957e-08,-2.289097292e-08,9.3192257907e-09,1.1442007974e-09,1.3246183084e-08,6.1333965257e-08,-2.3634338851e-10,-4.7592144124e-08,-2.3189713596e-09,5.2899912551e-08,-3.6780095453e-09,-1.1778188831e-08,-1.4098638087e-08,0.22171278369,0.010362647711,0.047886856168,0.01332820943
n64215,ok,,30.150251445,317832769.51,1435702.74,5495645.2911,147358462.8,771527.50961,24673913.657,-7.7336085303e-10,1.1960248523e-08,-2.7619161906e-08,-1.0463032778e-08,9.1340497602e-09,-1.0015616619e-09,8.5746052493e-09,5.1300435498e-08,-1.0765832525e-10,-5.5611761718e-08,-2.1063940667e-09,4.5372247195e-08,-3.2210505147e-09,-8.6254324179e-09,1.6930215135e-09,0.22570957523,0.008367357067,0.079841958676,0.012310584251
n642415,ok,,30.17596692,317995541.01,1435947.5215,5565254.2908,147422116.11,778592.99555,24694369.085,-1.5370216265e-09,1.1957221661e-08,-2.7521686619e-08,-2.0719867099e-08,9.0740947132e-09,-2.0189073853e-09,1.7147846178e-08,5.0763324531e-08,-2.1401729377e-10,-5.6370053286e-08,-4.104768733e-09,4.5044669571e-08,-6.3515333485e-09,-8.5812147681e-09,3.4140429459e-09,0.22543748886,0.016731712108,0.080944438304,0.024623407219
n66021,ok,,31.433201286,328431797.27,3192377.3365,10554094.275,147310874.57,1751733.0459,26805340.742,1.9355313653e-16,1.0084135088e-08,-1.7901364323e-08,2.3624000728e-15,8.7239387637e-09,-1.2610615951e-15,-3.2169205309e-15,3.4736844956e-08,1.847895326e-18,-4.7988214265e-08,1.7519613284e-14,3.2534260118e-08,-1.0215640259e-14,-3.2448011687e-09,6.1115232219e-15,0.23384815117,-1.6347727497e-09,0.15319648764,-1.0269624196e-08
n6h15,ok,,30.923918072,324505550.17,1607851.293,6202307.4815,148167330.35,919639.19066,25984482.931,-2.3241657467e-09,1.2471539723e-08,-2.5391092112e-08,-3.5993121708e-08,1.0504699709e-08,2.8000521236e-09,2.905281952e-08,4.5922571658e-08,-4.4423080964e-10,-7.2391366527e-08,-7.4732927287e-10,4.2245701701e-08,-2.7052908111e-09,-5.4683703406e-09,-4.5092826703e-08,0.23368713073,0.023451770181,0.11639455227,0.046712613429
naca0006,ok,,29.304349298,318608262.07,226720.252,994380.77766,159543744.87,107003.01795,24202237.961,-6.3777790135e-16,2.7025064291e-08,-6.9730019236e-08,-2.0605219323e-13,9.5620368798e-09,1.4137594716e-13,2.9014435133e-13,1.3075414416e-07,1.4469525765e-14,-3.3745339501e-07,-4.3064400342e-12,1.011312898e-07,1.0635591222e-11,-3.3274109945e-08,-2.4716626194e-13,0.23142269196,1.5927646563e-08,0.076507518753,6.578160045e-08
n9,ok,,30.4966017,324567276.93,485571.21733,2071170.2659,155835636.53,258992.46843,26061015.969,-4.8436355364e-09,1.9410197543e-08,-4.5492270814e-08,-1.4721529897e-07,1.3641961643e-08,8.5662510951e-09,9.9508750077e-08,7.9382176876e-08,-1.1083191072e-09,-1.0801438744e-07,-2.6602169736e-08,7.044703373e-08,-4.0099301157e-08,-1.4852463666e-08,-1.156638021e-07,0.24027204413,0.030958136776,0.052448677599,0.04831858491
n6h20,ok,,31.801134779,332484922.44,2827063.0385,10531056.641,147824884.31,1682710.8488,27441245.502,-2.3072351618e-09,9.4562675504e-09,-1.8851768434e-08,-2.6246178303e-08,9.9706112469e-09,2.0756971792e-09,2.2217492823e-08,3.3973727094e-08,-3.6839808328e-10,-4.2430636549e-08,-3.4513760985e-10,3.1773039447e-08,-1.1060574501e-09,-3.3995966096e-09,-3.2198255528e-08,0.23372528125,0.03160056569,0.11995408428,0.062810252767
n8h12,ok,,29.779589864,316234664.92,865840.61962,3976999.6987,150057934.47,484813.98945,24333336.205,-2.6349521221e-09,1.2651863127e-08,-3.5832661173e-08,-5.3601179954e-08,1.0919719278e-08,5.3933591204e-09,4.4229731262e-08,6.0939606715e-08,-8.7674223184e-10,-5.1144776901e-08,-7.7144692709e-09,5.1685151034e-08,-1.3034455827e-08,-1.4559248744e-08,-6.562534536e-08,0.22394089282,0.018881201184,0.044283225322,0.038295897921
n6h10,ok,,29.95805392,318000627.92,634803.72399,3125567.1338,149581819.46,380394.76329,24449211.567,-3.6596018709e-09,1.807478084e-08,-4.0551805761e-08,-8.7220465302e-08,1.3083578036e-08,3.0629806617e-09,7.4681444238e-08,6.7142927308e-08,-9.8677826079e-10,-1.9533090072e-07,-3.0232847931e-09,5.9448650174e-08,-2.0478477703e-08,-1.1800977255e-08,-1.0991306507e-07,0.23015471818,0.023597336367,0.12399678319,0.047408058915
naca0008,ok,,30.0687908,320951197.92,424108.48508,1658504.6208,154505942.56,209875.94109,25177132.275,-2.9251914473e-16,2.0797441699e-08,-5.057886006e-08,-1.6656419887e-14,9.3934169307e-09,1.1133879934e-14,6.3799647971e-14,9.4688972617e-08,3.0537717368e-15,-1.3490007293e-07,-2.0751252004e-13,7.9723686535e-08,4.2013299275e-13,-1.8066971907e-08,-3.7156295766e-14,0.23649930057,1.6515099871e-09,0.057212265566,2.705797205e-08
naca000834,ok,,30.263652783,321892036.78,443810.68408,1587202.9477,152450228.67,218475.54319,25325444.963,4.0469310995e-16,2.6939908646e-08,-4.8096969178e-08,8.3279412288e-15,9.5517610654e-09,-3.0526863471e-15,8.5114244978e-15,9.5967509973e-08,2.22515408e-15,-3.5238615069e-07,2.5094779119e-13,8.3840051112e-08,-5.1016705103e-13,-1.0918613712e-08,-8.8609508819e-15,0.24190259916,-2.2877509811e-09,0.1563927386,3.7774611288e-09
naca001034a08cli0.2,ok,,30.718011081,323654786.3,717161.48868,2463847.9911,151114057.77,366908.38962,25945614.343,-1.3009362703e-09,2.1630656318e-08,-3.7668369041e-08,-2.6092986356e-08,9.3786553088e-09,-3.3257077275e-09,2.1724184467e-08,7.3925894577e-08,-1.1359647678e-10,-2.1113088966e-07,-5.3721976037e-09,6.7540428555e-08,-1.029942301e-08,-6.9768065106e-09,-5.1228584829e-10,0.24320771499,0.009528022143,0.15141494313,0.015579748473
naca0010,ok,,30.580347918,323326397.34,684792.24554,2520248.196,152774602.19,348637.73206,25930181.458,4.6581493676e-15,1.6764186048e-08,-3.9392730668e-08,7.0758367729e-14,9.198049494e-09,1.5378521753e-13,1.2036138744e-13,7.3898988941e-08,3.2576145516e-14,-6.8828100374e-08,2.2311461321e-12,6.4990187744e-08,9.3212472125e-13,-1.1088506167e-08,3.9154248989e-13,0.23850709244,7.8887281495e-09,0.047132949411,8.242254478e-08
naca001035,ok,,30.903661092,324420622.72,758399.34174,2404265.4047,150536195.59,380786.35285,26107543.648,-3.6323555094e-16,2.5181774861e-08,-3.6120663423e-08,-7.1609631757e-16,9.4463851723e-09,-9.5372520542e-15,1.6066542091e-14,7.3753864441e-08,1.6476425774e-16,-3.1002190761e-07,2.9621009722e-14,6.9271760511e-08,1.416691714e-13,-3.7286832687e-09,1.0875824129e-14,0.2466219132,1.2940311644e-09,0.23512041066,1.2184854946e-08
naca001034,ok,,30.674846107,323208134.63,717207.94692,2419157.5675,150890920.81,362571.60163,25847867.132,-8.5553868823e-16,2.1756175308e-08,-3.7815496297e-08,-5.6523274586e-14,9.427424992e-09,-7.8960978051e-16,5.6438223922e-15,7.4956590337e-08,-2.3860622456e-15,-2.0913653539e-07,-7.8755091638e-13,6.8386192253e-08,1.1637928217e-12,-7.0709332909e-09,-1.1169175353e-13,0.24367882859,1.0625653493e-08,0.14999438517,4.0477942707e-09
naca001064,ok,,30.827167244,324430294.01,757032.1481,2513813.8726,151581293.32,378820.91785,26174990.867,-1.0145231554e-15,2.0140744092e-08,-3.6891312307e-08,-1.4164694102e-14,9.2312188357e-09,-1.0750552557e-14,2.5532197773e-14,7.2718989477e-08,-1.2138065814e-15,-1.637067381e-07,7.5057342384e-14,6.6755766177e-08,1.0084587812e-12,-7.373530165e-09,3.5811497473e-14,0.24162706871,8.643830112e-09,0.1239312636,1.9328694526e-08
naca001065,ok,,30.959852165,322441990.93,760858.04633,2142812.8794,148867950.91,403257.47812,25631595.338,6.3661419712e-13,2.3684963159e-08,-3.4286733501e-08,5.5038364007e-12,9.3523046055e-09,3.4976826165e-11,3.8676055263e-11,7.132950512e-08,2.7825353596e-12,-1.8130294647e-07,1.9096607051e-10,7.3812639096e-08,8.6588864777e-11,3.8637817206e-09,2.1575821834e-11,0.23971448588,-1.3380057409e-07,0.13794580564,2.9426987847e-05
naca001066,ok,,31.040271685,322992841.27,872987.17854,2400568.0226,149343512.02,447713.75104,25841637.634,8.7912417921e-13,2.4230697635e-08,-3.2142319447e-08,1.0431567188e-11,9.3138190948e-09,3.5471068963e-11,3.54421787e-11,6.735017616e-08,3.5403505743e-12,-2.2777197073e-07,3.0533610429e-10,6.9447526356e-08,2.4595814603e-10,3.382414022e-09,8.1378515367e-11,0.24068432789,4.0988042133e-06,0.19884201008,3.0940567585e-05
naca001234,ok,,30.958714368,321964089.33,977848.54493,2922310.0508,147563815.03,544078.04826,25563160.588,4.1290122972e-13,1.8680021475e-08,-3.0267318813e-08,2.2311244141e-12,9.3920262379e-09,2.8998273616e-11,3.7388012789e-11,6.1594695734e-08,2.422124863e-12,-8.2983378117e-08,9.4330753797e-11,6.3408091259e-08,5.8339963092e-11,3.6395209964e-09,3.6756270756e-12,0.24008987485,-7.3376736112e-07,0.081145175545,3.6559813903e-05
naca001264a08cli0.2,ok,,30.993904004,322602149.35,866882.25754,2549174.4767,148275559.68,474351.96944,25686666.243,-1.5338760268e-09,2.0907317952e-08,-3.2134423937e-08,-3.3530440863e-08,9.7186158926e-09,1.7680075514e-09,2.4880898392e-08,6.571116177e-08,1.1601743952e-10,-1.316868212e-07,3.2595054374e-09,6.7522318984e-08,1.4531979151e-09,3.775520927e-09,-2.4246260297e-08,0.23969932824,0.013150158507,0.11415696885,0.021568809368
naca001264,ok,,31.130402352,323490808.78,1031769.3013,3043753.8218,148263954.19,568217.91869,25957743.069,3.9117131158e-13,1.7276112164e-08,-2.951631681e-08,2.0842073028e-12,9.1525076222e-09,2.8914590976e-11,3.6288456663e-11,5.9764450606e-08,2.3770557518e-12,-5.3816756766e-08,8.9412397305e-11,6.1913738642e-08,5.6295031473e-11,3.1936631697e-09,3.5215713056e-12,0.23757844118,-7.0888474287e-07,0.055526477527,3.7441315577e-05
naca0015,ok,,31.471149442,326431188.87,1484026.8367,4686207.4109,148132378.1,853755.68288,26644738.286,2.7507994559e-13,1.1683287017e-08,-2.4643943652e-08,9.5955167633e-13,8.7825515677e-09,2.3089254234e-11,3.006939412e-11,4.7727510582e-08,2.1896679193e-12,1.3440590619e-08,5.0781082875e-11,4.9449320226e-08,4.5688857263e-11,2.4662062983e-09,1.4157254499e-12,0.23400878797,-5.3638010111e-07,-0.01994619718,4.4623787838e-05
naca0018,ok,,31.817120358,329598131.07,2189898.2637,6805507.1615,148473540.44,1267246.006,27337811.949,3.1520174934e-13,9.6592130423e-09,-2.0301954657e-08,9.4784599572e-13,8.4739926503e-09,1.9995316167e-11,2.557469842e-11,3.9317403856e-08,2.4539351051e-12,4.0793203622e-09,4.0080083068e-11,4.0587888307e-08,4.4431021265e-11,1.8448133881e-09,7.0373731039e-12,0.23166041728,8.6481276722e-07,-0.0089332965782,5.6005987664e-05
naca0021,ok,,32.193034505,333241548.2,3023732.9465,9263585.5186,148795098.47,1765095.9595,28076341.551,3.5335541474e-13,8.2315813285e-09,-1.7255746434e-08,9.1844655591e-13,8.1652931872e-09,1.7448099605e-11,2.1808778245e-11,3.3402208074e-08,2.6887656796e-12,-3.8285182372e-10,3.1576186853e-11,3.4376660215e-08,3.8230428014e-11,1.4281160847e-09,1.0263341012e-11,0.22925155984,2.5319249201e-06,0.001157641673,6.5943921303e-05
naca1408,ok,,30.078853597,321060267.66,424182.82271,1689959.3624,154614143.35,212362.41856,25195587.068,-1.2483866586e-09,2.0765227229e-08,-5.0407569485e-08,-3.3958229554e-08,9.4347612208e-09,-1.0784446856e-09,2.7565851387e-08,9.3338053749e-08,-2.3773935629e-10,-1.3764770646e-07,-1.5685538121e-08,7.8864047115e-08,-2.1829679151e-08,-1.8033034197e-08,-6.6472654517e-09,0.23650608348,0.0068776066463,0.058387792663,0.011692960652
naca0024,ok,,32.594742975,337240058.86,3979949.9904,12032471.878,149038629.95,2348783.5527,28849967.544,3.8832543789e-13,7.1716521325e-09,-1.5002962836e-08,8.8299768074e-13,7.8613094269e-09,1.5388188993e-11,1.8784862333e-11,2.9021631145e-08,2.9088505729e-12,-2.6673412323e-09,2.5690830939e-11,2.9788469648e-08,3.2492823169e-11,1.1298435488e-09,1.2196791973e-11,0.22679852088,4.4232684109e-06,0.010615884712,7.4762812664e-05
naca1410,ok,,30.589293879,323412909.16,687150.3104,2557351.4468,152807859.15,352535.81138,25944481.936,-9.6329095632e-10,1.6711956592e-08,-3.9259817861e-08,-2.0323658224e-08,9.2235357912e-09,-3.7387298165e-10,1.6874204276e-08,7.3156632913e-08,-1.4580188058e-10,-6.9946085808e-08,-6.0339244864e-09,6.4456825549e-08,-8.4848932319e-09,-1.1055932477e-08,-4.3627293046e-09,0.23848830713,0.00679803426,0.048063474574,0.011595114706
naca1412,ok,,30.988680943,325760778.29,1006817.4209,3587508.2028,152090927.6,526016.68898,26573929.49,-7.9709097483e-10,1.3994135124e-08,-3.2128256325e-08,-1.3796619139e-08,9.0166049168e-09,-1.1481828906e-10,1.1676774561e-08,6.0159436936e-08,-9.8974979446e-11,-4.1835124617e-08,-2.7849400831e-09,5.4474806687e-08,-3.9389769415e-09,-7.3030536485e-09,-3.2794936154e-09,0.23897343338,0.006845027188,0.042120332271,0.011756380048
naca16006,ok,,30.141108884,324410002.92,254632.01977,916994.83963,156065769.88,119341.97295,25281058.626,-3.0184562697e-15,4.0065920728e-08,-6.1374458542e-08,-1.426528684e-13,9.5880845331e-09,-4.906279809e-14,1.5123153494e-13,1.283023376e-07,-2.9030116808e-15,-9.2564781014e-07,-2.9403455909e-12,1.0957029387e-07,4.3431496068e-12,-1.0012128949e-08,-2.9912929789e-13,0.24239692719,8.3712242849e-09,0.23569957149,3.8508391195e-08
naca16009,ok,,30.874778913,324918763.9,625874.39545,1993652.3907,151499179.43,309440.1176,26158128.108,4.0157645463e-16,2.7168034407e-08,-3.9800458897e-08,6.5388169319e-15,9.3636082218e-09,2.9139636067e-15,-3.2324896111e-14,8.1370948631e-08,-1.3882237609e-15,-3.6468207216e-07,5.5014519519e-14,7.5851710635e-08,-3.9704048057e-13,-4.8764081582e-09,-9.5199832925e-15,0.24493446342,-2.7449160821e-09,0.22824517145,-2.0231324811e-08
naca16012,ok,,31.027598281,322461169.73,1084116.6748,3065018.4737,148295067.13,581329.59725,25744183.807,6.2756132565e-13,2.0705364429e-08,-2.8861144878e-08,5.0608489592e-12,9.3588465692e-09,3.0978706064e-11,3.7649109724e-11,5.997581922e-08,3.1380973806e-12,-1.5611815819e-07,1.5520191737e-10,6.1607853795e-08,1.3864149372e-10,3.18855016e-09,3.5854759037e-11,0.24093586348,2.0799091523e-06,0.16925029854,4.0816027643e-05
naca16015,ok,,31.31733918,324721732.04,1759918.3173,4934080.0894,148366192.85,946935.70724,26322599.489,6.3393515801e-13,1.6277973185e-08,-2.2760729795e-08,4.4430342818e-12,9.1379086788e-09,2.5283847045e-11,3.1553263705e-11,4.7107948343e-08,3.5710032818e-12,-1.0032747652e-07,1.0721636759e-10,4.8277820825e-08,1.2665846427e-10,2.1836713392e-09,4.4967018197e-11,0.24053350489,6.0348593496e-06,0.17656816366,5.5531166763e-05
naca23018,ok,,31.855538121,330010166.05,2190805.3548,6809637.5362,148601174.99,1269390.6377,27429852.042,-7.5617946382e-10,9.6178876779e-09,-2.0289830684e-08,-1.171897051e-08,8.6381861601e-09,2.6304139273e-09,7.7997515776e-09,3.926219827e-08,5.7052249563e-11,4.0210732736e-09,1.8185582254e-10,4.0500694406e-08,1.2538248647e-10,1.8350095065e-09,-1.384735623e-08,0.23121703331,0.010815191764,-0.0088093888599,0.017087737522
naca16021,ok,,32.30274433,334881881.95,3677935.1761,10550422.655,150346575.16,1952411.6163,28557598.712,1.7958847834e-16,1.1244887546e-08,-1.6110652881e-08,1.7101130774e-15,8.5881096045e-09,1.1880926911e-15,2.1623664795e-15,3.2702029347e-08,1.6636080597e-15,-5.787211266e-08,3.0474323213e-14,3.2143915582e-08,3.3655680694e-14,-6.1342053706e-10,1.66854469e-14,0.24525578778,4.6508189113e-09,0.21284987887,7.9530437385e-09
naca16018,ok,,31.640089655,327676251.96,2592255.2777,7214463.6507,148619422.49,1403534.3451,26964032.93,6.5455146563e-13,1.3388166806e-08,-1.877169731e-08,3.9702373488e-12,8.9065077823e-09,2.0943646786e-11,2.6072422708e-11,3.8721922627e-08,3.9658493485e-12,-7.0343408897e-08,7.7190952323e-11,3.9594552832e-08,1.0137951687e-10,1.5973345102e-09,4.7676180429e-11,0.24015536083,1.0497669169e-05,0.18234807296,6.7586375366e-05
naca23012,ok,,31.069322115,326526801.76,1012009.3341,3573335.4494,152375262.1,528792.41328,26757926.527,-1.1779850176e-09,1.392175486e-08,-3.2021776544e-08,-2.7130684826e-08,9.3454974348e-09,3.7719211259e-09,1.6156920226e-08,6.0029185076e-08,-2.1792093059e-10,-4.1633334485e-08,-7.5322036805e-10,5.4481285796e-08,-1.4374869979e-09,-7.2769638968e-09,-3.1419074311e-08,0.23793446001,0.010396345587,0.042133323107,0.016350954078
naca23015,ok,,31.51191458,326869584.42,1485879.5213,4700211.0174,148256853.4,856595.62936,26739292.004,-9.1438675352e-10,1.1621169197e-08,-2.4619614857e-08,-1.7023934578e-08,9.027393527e-09,3.7975653407e-09,1.1720609421e-08,4.7607165891e-08,7.4861005473e-11,1.3114676477e-08,3.9460648605e-10,4.9277288342e-08,1.8570343324e-10,2.4539828669e-09,-1.9884842544e-08,0.23356005775,0.010607517034,-0.019486829206,0.017415413515
naca23021,ok,,32.235372392,333691168.73,3025283.7639,9255022.67,148951985.5,1767146.9878,28181466.461,-6.479090536e-10,8.2015655117e-09,-1.7243602029e-08,-8.6755256066e-09,8.2796751732e-09,1.9905778286e-09,5.5559676203e-09,3.3370576761e-08,4.5640842903e-11,-4.4947984773e-10,9.2732411799e-11,3.4323857455e-08,8.3816439472e-11,1.4180533392e-09,-1.046319607e-08,0.22872764256,0.011105806041,0.0013598040856,0.016808378634
naca23024,ok,,32.408604876,335169504.48,3829160.6903,11307853.063,147735230.44,2349033.4031,28320688.127,-5.6780790852e-10,7.1970988549e-09,-1.4948642169e-08,-6.6879689961e-09,7.9815010808e-09,1.7754364491e-09,4.4362204956e-09,2.917736311e-08,6.1411380059e-11,4.3613311233e-09,4.7965369033e-11,3.0538883504e-08,5.4095644929e-11,1.9581016566e-09,-8.1601852005e-09,0.22232032204,0.011453295847,-0.016700237695,0.016987001135
naca2408,ok,,30.099190622,321278330.84,424197.6273,1785330.4605,154860420.31,219782.12421,25224216.523,-2.4408891097e-09,2.0669763385e-08,-4.9927452631e-08,-6.5549963778e-08,9.5550682209e-09,-2.4021994047e-09,5.5137075306e-08,8.9498952446e-08,-4.7057604802e-10,-1.4614479776e-07,-2.9107238413e-08,7.6449157352e-08,-4.2215884235e-08,-1.7913042354e-08,-1.2742536934e-08,0.23638659052,0.013744799042,0.06199427645,0.023389016521
naca2410,ok,,30.611727395,323667039.5,685206.14671,2639350.963,152967511.3,358981.84812,25982233.484,-1.9218567528e-09,1.6642842956e-08,-3.9115375557e-08,-4.025007179e-08,9.304085141e-09,-8.4500551737e-10,3.4270606822e-08,7.1428605974e-08,-2.9464672242e-10,-7.3655809617e-08,-1.1661785175e-08,6.3274066283e-08,-1.6802138356e-08,-1.1032856519e-08,-8.8780954569e-09,0.23840542162,0.01368937017,0.05046941349,0.023482430446
naca2415,ok,,31.503945477,326785585.59,1485117.7964,4780660.555,148063775.71,864145.93725,26700589.405,-1.2350134047e-09,1.1561704679e-08,-2.4658600495e-08,-1.6866740371e-08,8.8142744801e-09,9.5608525942e-10,1.6087539676e-08,4.7229798623e-08,6.7930183996e-11,1.1778012105e-08,1.3571656169e-09,4.8842874459e-08,1.4941777164e-09,2.4166600961e-09,-3.5566381163e-09,0.23395989026,0.013856395386,-0.017491735384,0.023891891473
naca2418,ok,,31.850120021,329950147.89,2192989.7237,6900766.3579,148435650.9,1278773.2221,27396056.386,-1.0188617119e-09,9.5841627405e-09,-2.0300639836e-08,-1.1525077153e-08,8.4927625747e-09,6.0030258613e-10,1.0805931908e-08,3.9026303463e-08,5.1934854071e-11,3.3577587675e-09,6.8758442597e-10,4.0228711721e-08,8.1110992816e-10,1.8020788209e-09,-2.6069887225e-09,0.23161288694,0.013965984012,-0.0073635304717,0.02369729763
naca2412,ok,,31.016451022,326057355.07,1006028.8076,3669456.0228,152202831.45,533541.84264,26623201.817,-1.5833564967e-09,1.3923535377e-08,-3.2040676622e-08,-2.7208932612e-08,9.0682086615e-09,-3.0909738197e-10,2.3427718918e-08,5.916167015e-08,-1.9709792836e-10,-4.3379404846e-08,-5.4344388315e-09,5.3731546742e-08,-7.8354680505e-09,-7.2874418752e-09,-6.2883933748e-09,0.23899156361,0.013715415982,0.043640930932,0.023568960128
naca2411,ok,,30.644305301,323250741.34,839452.8653,3224781.8762,151698158.38,447800.16022,25900657.37,-2.1662001871e-09,1.5007316397e-08,-3.5256924113e-08,-4.0322959351e-08,9.2138739276e-09,-9.9225031193e-10,3.4974645365e-08,6.4043968662e-08,-3.0455438785e-10,-5.9242022268e-08,-9.7910863403e-09,5.7714313989e-08,-1.381127317e-08,-9.2699217796e-09,-7.6624178981e-09,0.23505898421,0.017250292428,0.049730885338,0.029359566264
naca2421,ok,,32.22614304,333590693.99,3026333.6235,9353836.3039,148767319.04,1777045.4961,28135576.49,-8.6780373063e-10,8.1741861879e-09,-1.7253607796e-08,-8.404938797e-09,8.175366572e-09,4.092455708e-10,7.7617856072e-09,3.3219037595e-08,4.1591021226e-11,-5.6326998335e-10,3.9207202797e-10,3.4152884168e-08,4.8392003879e-10,1.4005705255e-09,-2.0146005497e-09,0.22916890542,0.014115718628,0.0017046428897,0.023489752762
naca4412,ok,,31.109361446,327032098.07,1009790.3456,4018764.3469,152455385.65,566886.01069,26769544.2,-3.0444303458e-09,1.3647908598e-08,-3.1609820444e-08,-5.1033938343e-08,9.2610785726e-09,-1.0156551152e-09,4.6557987667e-08,5.5369052533e-08,-3.8415878019e-10,-5.0029648785e-08,-9.4822166419e-09,5.0937230771e-08,-1.4659693575e-08,-7.1499105621e-09,-1.1912464261e-08,0.23867764206,0.027319906259,0.050519456334,0.047013806455
naca2424,ok,,32.392143366,334996061.66,3828172.0736,11404133.158,147465758.27,2359869.3397,28247864.224,-7.581938751e-10,7.1872693838e-09,-1.4958288932e-08,-6.4486601784e-09,7.9127079482e-09,4.7457079265e-10,6.0824226321e-09,2.9087885325e-08,5.6028825752e-11,4.3070456994e-09,3.8647948276e-10,3.0435843794e-08,5.0261916161e-10,1.9617459987e-09,-1.5460192159e-09,0.22284925695,0.014405160689,-0.016488112066,0.02328456046
naca4418,ok,,31.939341706,330889456.17,2196705.2974,7158744.2381,148275238.08,1311880.8365,27543721.119,-2.0116211252e-09,9.3982777243e-09,-2.0295384794e-08,-2.2422459348e-08,8.5520670233e-09,1.0570696986e-09,2.1553003098e-08,3.8205909903e-08,9.9065286611e-11,1.5184296718e-09,1.2549934225e-09,3.9278128593e-08,1.5083501842e-09,1.7631240052e-09,-5.0961854635e-09,0.23141568775,0.027869752829,-0.0033355425038,0.04734559608
naca4415,ok,,31.541045271,329714894.13,1614467.5898,5859412.6497,151269721.28,904844.00172,27388936.931,-2.4398446465e-09,1.1035614063e-08,-2.4838414541e-08,-3.2306419878e-08,8.8428805969e-09,-3.6380414681e-10,2.9259037982e-08,4.4999804629e-08,-2.1447789422e-10,-2.7746115619e-08,-3.5600818331e-09,4.248993543e-08,-5.1578253817e-09,-3.9492575843e-09,-7.394214172e-09,0.23626577663,0.027652788206,0.04479520441,0.047237768531
naca4421,ok,,32.311138278,334481778.59,3033609.5237,9588349.6674,148665415.25,1811023.3892,28280688.831,-1.7195198588e-09,8.0804754965e-09,-1.7235804362e-08,-1.6479994897e-08,8.2201678254e-09,7.2962144151e-10,1.5469045058e-08,3.2728761357e-08,7.8800075654e-11,-1.7895149417e-09,7.1800830259e-10,3.3580781559e-08,8.942748945e-10,1.3706087687e-09,-4.0026501839e-09,0.2290804965,0.02818665872,0.00542868957,0.046927042411
naca63206,ok,,27.812051062,303965135.41,206482.46412,1064352.739,153241676.48,99512.088662,21049051.724,-2.0458265535e-09,2.8042336045e-08,-7.3563059862e-08,-7.8763034478e-08,9.7058893314e-09,-9.4025929429e-09,5.7659796516e-08,1.3865270937e-07,-4.1035821797e-10,-5.2908543124e-07,-4.1428906922e-08,1.0334289422e-07,-8.7498467564e-08,-3.966251281e-08,2.7835038218e-08,0.20889041112,0.0084165492638,0.10924686357,0.011905736865
naca63209,ok,,28.823179206,308193323.48,498267.49792,2165851.6473,148177842.35,253015.19941,22509290.561,-1.3383439991e-09,1.9356944456e-08,-4.7996308055e-08,-3.1287348865e-08,9.61605231e-09,-3.5459509154e-09,2.45225364e-08,8.8948298735e-08,-2.4841297756e-10,-1.8414119249e-07,-1.3197660262e-08,7.3420930235e-08,-2.058691328e-08,-2.1472834678e-08,8.7731970669e-09,0.21801271072,0.0084001508683,0.091751571246,0.012218782855
naca632615,ok,,30.067605592,316796199.71,1429598.5287,5792551.0402,147171370.56,787946.38726,24399275.081,-2.2823912276e-09,1.1319204914e-08,-2.75413481e-08,-3.0647083891e-08,8.9608367366e-09,-2.7252457687e-09,2.5644919065e-08,4.9810557594e-08,-3.360848387e-10,-4.6887419396e-08,-6.0703164223e-09,4.4090451811e-08,-9.528176757e-09,-9.0253872188e-09,5.8132480908e-09,0.22205834587,0.025165949111,0.067030185782,0.036661938563
naca4424,ok,,32.479402167,335901875.66,3834471.3563,11584850.902,147397540.98,2394389.524,28405542.435,-1.5046205161e-09,7.097376376e-09,-1.4944800811e-08,-1.2669942162e-08,7.9265372704e-09,9.0562396179e-10,1.2142898132e-08,2.8785329395e-08,1.1140647617e-10,3.9857196465e-09,7.5910867914e-10,3.0069480529e-08,9.9669093011e-10,1.9574319147e-09,-2.9700003415e-09,0.22258580931,0.02875548208,-0.015283127819,0.04656159507
naca633218,ok,,30.478624495,320732717.88,2060080.9535,7925013.5692,147103311.87,1138474.3072,25183564.27,-6.488131922e-10,9.2575480829e-09,-2.2935753598e-08,-7.3868481704e-09,8.8590938999e-09,-4.8641394828e-10,6.0224213612e-09,4.201743514e-08,-9.2494468463e-11,-2.7359492818e-08,-1.1617616292e-09,3.7294455125e-08,-1.7390187366e-09,-6.9390065845e-09,6.0916789848e-10,0.22323246215,0.0085645577912,0.056362770049,0.01240667554
naca633018,ok,,30.410612017,319804755.75,2059991.2945,7878318.4912,146675349.9,1135320.8535,24986188.507,-4.4085395448e-16,9.2886963837e-09,-2.2939009646e-08,-7.9619072704e-15,8.8950678693e-09,-3.5215495176e-15,-5.2058371277e-15,4.2214711531e-08,-2.6157100482e-15,-2.6976088439e-08,-8.122213777e-14,3.7662359805e-08,4.6893386306e-14,-6.6837598284e-09,-2.4221615297e-14,0.22225384256,2.9274931641e-09,0.055570507344,-1.0723979164e-08
naca632a015,ok,,31.044044293,325562833.73,1512403.6497,5285339.1808,150048717.21,813629.37347,26468803.582,-8.8085604676e-10,1.2247469067e-08,-2.6214949231e-08,-1.6138320082e-08,9.1397282676e-09,1.9731010803e-09,9.655821385e-09,4.9445630856e-08,-1.488264797e-10,-4.7707048426e-08,-3.2398902943e-10,4.5415914479e-08,-7.4943315972e-10,-5.5815889831e-09,-1.8141155117e-08,0.2355582964,0.0096559000665,0.072152314154,0.014603499503
naca633618,ok,,30.538803529,321126352.43,2053285.7444,8048029.2067,147271757.81,1150840.7775,25248929.547,-1.8947835663e-09,9.3135090981e-09,-2.2829642874e-08,-2.1262446577e-08,8.7467089191e-09,-1.6429770505e-09,1.7810594271e-08,4.1370640714e-08,-2.6304968814e-10,-2.9089529916e-08,-3.3700430656e-09,3.6941733205e-08,-5.2241217752e-09,-6.8858810421e-09,3.044347863e-09,0.22272309699,0.025250338962,0.05972911709,0.036570239317
naca633418,ok,,30.465956415,320228421.41,2054096.5642,7926526.1039,146819637.14,1141576.8987,25062103.831,-1.2743071272e-09,9.2990042295e-09,-2.2889875759e-08,-1.4344175746e-08,8.8206957154e-09,-1.082810107e-09,1.1851803019e-08,4.187424548e-08,-1.6908389456e-10,-2.7525073287e-08,-2.1851875193e-09,3.7479051517e-08,-3.3386118112e-09,-6.6382930123e-09,2.2116126541e-09,0.2219713424,0.016935509567,0.056539158467,0.02434474786
naca634221,ok,,30.91641734,324569631.71,2765304.3435,10414288.356,147005104.7,1563977.8709,25880544.142,-5.4538918257e-10,7.918520798e-09,-1.9589619083e-08,-5.3070514091e-09,8.5972825791e-09,-3.3711513165e-10,4.3915968773e-09,3.5853898762e-08,-6.9824054335e-11,-1.8695464144e-08,-6.7733229686e-10,3.2270234723e-08,-1.0306838493e-09,-5.3052213647e-09,5.0846289418e-10,0.22261142515,0.0084771427762,0.051698648201,0.01214410192
naca64208,ok,,28.740538338,308598717.72,387868.16831,1704877.8232,149432880.4,194194.46798,22481708.086,-1.5211919119e-09,2.3050513031e-08,-5.4090525631e-08,-4.072397266e-08,9.6433088723e-09,-5.2683811788e-09,3.167909296e-08,1.0138458176e-07,-2.8012400822e-10,-2.9508592638e-07,-1.9074127252e-08,8.2766517436e-08,-3.1896195643e-08,-2.4477324361e-08,1.135566293e-08,0.21881595657,0.0083909458268,0.11445443776,0.01228731176
naca634421,ok,,30.941648753,324774485.25,2765920.3589,10469688.136,147049815.59,1571103.8724,25913858.689,-1.0867699407e-09,7.9173146127e-09,-1.9551850734e-08,-1.0553929912e-08,8.5659137678e-09,-6.8180370435e-10,8.7772529302e-09,3.5673225192e-08,-1.3897059901e-10,-1.8933273657e-08,-1.3380784729e-09,3.2157194899e-08,-2.0477541964e-09,-5.2885706611e-09,1.038870933e-09,0.22242163769,0.016944399053,0.052367927068,0.024277182575
naca63a210,ok,,30.204549967,320539821.3,650590.34692,2489884.8954,151242457.01,337782.78291,25097755.456,-1.3695608105e-09,1.8754946253e-08,-4.0699818685e-08,-2.8331841201e-08,9.3452927497e-09,-2.64284627e-09,2.3529190222e-08,7.5964009807e-08,-2.0195705522e-10,-1.4552632161e-07,-1.0691705591e-08,6.6448445987e-08,-1.2852214066e-08,-1.3251312087e-08,1.7222482954e-09,0.2349594511,0.0097066981749,0.094678020065,0.015307864029
naca64206,ok,,27.963073924,305350990.71,208944.62393,1048255.5257,153615624.3,100292.45225,21439496.875,-2.0635263433e-09,2.9903202492e-08,-7.2561476126e-08,-7.8538700755e-08,9.6642797714e-09,-1.0729275911e-08,5.836919588e-08,1.3846689428e-07,-3.9134715063e-10,-6.2092232261e-07,-4.3775776154e-08,1.0423035912e-07,-9.9030044429e-08,-3.6808849442e-08,2.7035263599e-08,0.21176135816,0.0084510780287,0.12973838119,0.012195929682
naca64209,ok,,29.014989308,309994403.95,498139.51186,2107867.1957,148538359.72,253060.53131,22873071.2,-1.3395724381e-09,2.0497537456e-08,-4.7736613153e-08,-3.128895658e-08,9.591526672e-09,-3.9075817456e-09,2.4723855914e-08,8.9160899378e-08,-2.3681539678e-10,-2.1588526486e-07,-1.2926679341e-08,7.4468636498e-08,-2.0348880614e-08,-2.029409399e-08,8.1085961821e-09,0.22085527796,0.0083712230642,0.10754098046,0.012315929516
naca642215,ok,,30.150251445,317832769.51,1435702.74,5495645.2911,147358462.8,771527.50961,24673913.657,-7.7336085303e-10,1.1960248523e-08,-2.7619161906e-08,-1.0463032778e-08,9.1340497602e-09,-1.0015616619e-09,8.5746052493e-09,5.1300435498e-08,-1.0765832525e-10,-5.5611761718e-08,-2.1063940667e-09,4.5372247195e-08,-3.2210505147e-09,-8.6254324179e-09,1.6930215135e-09,0.22570957523,0.008367357067,0.079841958676,0.012310584251
naca642415,ok,,30.17597374,317995563.95,1435996.6917,5565394.2249,147421911.3,778615.7128,24694379.224,-1.5370602345e-09,1.195744422e-08,-2.7521217247e-08,-2.0719709326e-08,9.0740915799e-09,-2.0191786174e-09,1.714822997e-08,5.0762769652e-08,-2.1402557584e-10,-5.6377387106e-08,-4.1047723804e-09,4.5044246623e-08,-6.3515640172e-09,-8.5810768453e-09,3.4142781682e-09,0.22543762676,0.016732119128,0.080957741371,0.024624801506
naca64210,ok,,29.246860396,311301052.61,622226.40608,2563061.0035,148011537.81,319839.72601,23217300.274,-1.1951114131e-09,1.8371724154e-08,-4.2619645974e-08,-2.4847232795e-08,9.5334583849e-09,-2.9410221808e-09,1.9799913609e-08,7.949230573e-08,-2.0132239259e-10,-1.6197058349e-07,-8.8627711083e-09,6.743497989e-08,-1.3757194083e-08,-1.6960865991e-08,5.8708830413e-09,0.22242361686,0.0083648161185,0.10078237406,0.012320029085
naca641112,ok,,29.636580198,313884724.47,909826.41457,3590080.1472,147491349.06,475276.04113,23837089.123,-4.9215392502e-10,1.5151164882e-08,-3.5079788807e-08,-8.4104447168e-09,9.4083426244e-09,-9.0334428455e-10,6.7788664293e-09,6.5499939033e-08,-7.5746847428e-11,-9.867055959e-08,-2.3330456413e-09,5.6706102941e-08,-3.5747731212e-09,-1.2458256076e-08,1.7054440905e-09,0.22442985213,0.0041791987946,0.089773081455,0.0061675917382
naca643218,ok,,30.601910984,321607159.01,2059323.0665,7690755.5167,147283328.21,1133321.9419,25403317.442,-6.3946716422e-10,9.8726664379e-09,-2.282681023e-08,-7.21207725e-09,8.8810123396e-09,-6.1255743617e-10,5.9600880325e-09,4.2314304488e-08,-8.1256979318e-11,-3.50479263e-08,-1.1059697743e-09,3.801332343e-08,-1.6905993178e-09,-6.3219948526e-09,8.9522677886e-10,0.22579281451,0.0084026993557,0.072175003061,0.012273746763
naca644221,ok,,31.031712498,325402220.63,2780552.1644,10190797.004,147156334.81,1566104.4635,26086756.935,-5.4557295154e-10,8.3875239857e-09,-1.9449653095e-08,-5.294992797e-09,8.6228940045e-09,-3.9866604846e-10,4.3958072613e-09,3.5993769955e-08,-6.384298193e-11,-2.3953470455e-08,-6.3728967922e-10,3.2732005733e-08,-9.747727598e-10,-4.8305779624e-09,4.6931286736e-10,0.22504473467,0.008457923014,0.066603874119,0.012222771395
naca643618,ok,,30.672590639,322197659.34,2060957.2654,7865628.272,147450137.48,1153049.9733,25497166.666,-1.8954744003e-09,9.85645339e-09,-2.2678063789e-08,-2.1220819636e-08,8.7699072027e-09,-1.8788414973e-09,1.7871359087e-08,4.1501594504e-08,-2.4185387798e-10,-3.6145659354e-08,-3.1796059197e-09,3.7473948072e-08,-4.9693206885e-09,-6.2855498044e-09,2.7591317972e-09,0.22532678683,0.025185790942,0.074494659259,0.036832107353
naca644421,ok,,31.05795285,325638879.02,2781425.2876,10249217.778,147211303.39,1573686.8689,26127100.285,-1.0874014824e-09,8.382336519e-09,-1.9412913133e-08,-1.053048731e-08,8.5920599678e-09,-8.0432974433e-10,8.789856125e-09,3.5804443924e-08,-1.2735386519e-10,-2.4187325678e-08,-1.2603509042e-09,3.2603292809e-08,-1.9394521533e-09,-4.8209145309e-09,9.5339536554e-10,0.22489786649,0.016909154667,0.06727523928,0.0244483281
naca64a210,ok,,30.192976449,320080078.3,650972.19224,2460228.6806,151018166.7,336718.67669,25134281.296,-1.3777263911e-09,1.9572100177e-08,-4.0629141433e-08,-2.8291187338e-08,9.3568020867e-09,-3.0361316902e-09,2.3728461242e-08,7.6492694437e-08,-1.9695622775e-10,-1.6939967537e-07,-1.0450623286e-08,6.7167839046e-08,-1.5478168749e-08,-1.2738026792e-08,1.646440865e-09,0.23557063546,0.0096567715602,0.11027447804,0.015446568433
naca651412,ok,,29.934376153,316224970.02,946461.70324,3650852.2863,147771321.88,500920.42193,24321860.861,-1.9149841002e-09,1.6564224911e-08,-3.3868619015e-08,-3.1945458136e-08,9.2967076509e-09,-4.3352974456e-09,2.6338289268e-08,6.3540754664e-08,-2.6079293166e-10,-1.3285851677e-07,-7.719175375e-09,5.6426639036e-08,-1.2412593469e-08,-1.0642763542e-08,5.6273956553e-09,0.22830158705,0.016645821605,0.12574549807,0.024928182121
naca651212,ok,,29.908157253,316055197.16,946433.73516,3575544.1973,147655052.83,493998.79289,24300888.544,-9.667867635e-10,1.6593077214e-08,-3.4041599934e-08,-1.621233051e-08,9.3837157313e-09,-2.158107807e-09,1.3167718032e-08,6.4603785928e-08,-1.3102731706e-10,-1.315194912e-07,-4.0072318018e-09,5.7106874153e-08,-6.3243496728e-09,-1.0687844206e-08,2.801331372e-09,0.22857738703,0.0083252057794,0.1244744833,0.012462372561
naca64a410,ok,,30.238060611,320576636.55,652105.29496,2609959.8782,151386996.24,349524.51483,25215563.755,-2.6872409145e-09,1.9467136496e-08,-4.0136061385e-08,-5.4455403059e-08,9.2776221817e-09,-6.1961848276e-09,4.7404972474e-08,7.3115593878e-08,-3.9458663573e-10,-1.755893128e-07,-1.9240319686e-08,6.4864348073e-08,-2.9883527197e-08,-1.2750340138e-08,3.2089573742e-09,0.23548028343,0.01929763982,0.11450272061,0.030913033558
naca643418,ok,,30.658397605,321801534.68,2054292.9762,7691114.6087,147227668.3,1140947.7127,25425602.23,-1.2728640824e-09,9.8899333005e-09,-2.2736728691e-08,-1.4321143926e-08,8.843801409e-09,-1.18552833e-09,1.1991869652e-08,4.2004359843e-08,-1.5403409553e-10,-3.4333893839e-08,-2.068346038e-09,3.8082832313e-08,-3.1945449724e-09,-5.8957075308e-09,1.6691714181e-09,0.22555157375,0.016769288917,0.070531876959,0.024634813598
naca651212a06,ok,,29.915881098,316168595.69,946522.7801,3611424.6189,147694245.37,497211.72179,24317275.608,-1.2546186067e-09,1.6554763865e-08,-3.399563074e-08,-2.1561842154e-08,9.4463957685e-09,-1.8517643589e-09,1.8103918869e-08,6.4124567435e-08,-2.0768997723e-10,-1.319558903e-07,-5.2582851465e-09,5.6778031889e-08,-8.3586147238e-09,-1.0665971569e-08,-4.288391037e-09,0.22859155684,0.010233436489,0.12489925614,0.017135771619
naca64a010,ok,,30.186299073,320014391.83,651773.5689,2411299.3358,150890367.11,332958.0159,25126224.106,-5.140479701e-15,1.9512043156e-08,-4.0717870154e-08,-6.9954907724e-14,9.3500797496e-09,-1.1355091369e-13,-6.6908037969e-14,7.7611989574e-08,-2.9303338937e-14,-1.6504063129e-07,-1.7278956011e-12,6.7956244851e-08,-1.2004337502e-12,-1.2555578481e-08,-3.8575677704e-13,0.2349321992,-6.8828349414e-09,0.10756912127,-4.3608890695e-08
naca65210,ok,,29.546180454,313739493.27,646449.09738,2528662.973,148115896.73,331568.78592,23726117.296,-1.1760878733e-09,2.0099072652e-08,-4.1370994236e-08,-2.4025736067e-08,9.51966396e-09,-3.4163669553e-09,1.9276692529e-08,7.8643197331e-08,-1.7291918592e-10,-2.0698811717e-07,-7.6215146087e-09,6.827221451e-08,-1.2287758557e-08,-1.4399461508e-08,4.8379897962e-09,0.2267784864,0.0083299872348,0.13380728151,0.012461400486
naca65206,ok,,28.353803516,309030673.38,217067.89611,1033575.9074,153823091.81,104169.03563,22161171.643,-2.0221393321e-09,3.2315534468e-08,-6.9992649837e-08,-7.5815840653e-08,9.6347005978e-09,-1.1757506909e-08,5.6849016477e-08,1.3643777402e-07,-3.2058689031e-10,-7.2803732148e-07,-3.410233327e-08,1.0475616983e-07,-9.4864454751e-08,-3.0196143463e-08,2.2488600198e-08,0.21745106415,0.0084071136589,0.15803352966,0.012340096402
naca65209,ok,,29.334252213,312622676.61,517419.31657,2077809.0138,148631273.69,262452.41915,23413220.175,-1.3172760632e-09,2.2386346577e-08,-4.6279626222e-08,-3.0275994095e-08,9.573702371e-09,-4.4496016313e-09,2.4063232351e-08,8.8150859878e-08,-2.0166934348e-10,-2.6957775387e-07,-1.0928345225e-08,7.539359595e-08,-1.8364440736e-08,-1.7058111588e-08,6.6268357427e-09,0.22538338312,0.0083380267327,0.13948473717,0.012450781237
naca652415,ok,,30.401103119,319716819.47,1493047.2579,5515781.6631,147479663.39,805316.32733,25076063.025,-1.515603436e-09,1.3086990469e-08,-2.6768679053e-08,-2.0071535158e-08,9.1092082426e-09,-2.4602863397e-09,1.666320087e-08,5.0357067429e-08,-1.8288444749e-10,-7.6517704907e-08,-3.5046526402e-09,4.5538496352e-08,-5.5599391837e-09,-7.2341624469e-09,2.792773911e-09,0.22955387527,0.016680304066,0.11424454949,0.024878946366
naca653218,ok,,30.783168319,322865753.92,2147591.36,7661554.6598,147240000.37,1173807.5916,25690106.33,-6.3048817721e-10,1.0806351982e-08,-2.2187907109e-08,-6.9737217658e-09,8.933387688e-09,-7.7313641968e-10,5.7692887675e-09,4.1975046302e-08,-6.8977772283e-11,-4.9206891217e-08,-9.3352597034e-10,3.8370445923e-08,-1.4614335252e-09,-5.3045833851e-09,7.4593023258e-10,0.22965636007,0.0083868964753,0.10567629443,0.012390074711
naca653618,ok,,30.857261502,323574820.88,2148989.5551,7837985.1847,147436182.42,1194273.932,25811000.668,-1.8689651565e-09,1.0763040482e-08,-2.2057753464e-08,-2.0519492961e-08,8.8300842718e-09,-2.3504135815e-09,1.7304767411e-08,4.1174079766e-08,-2.0644891035e-10,-5.0086377073e-08,-2.6989981689e-09,3.7791860965e-08,-4.3188335546e-09,-5.2967233825e-09,2.2788349433e-09,0.22935295352,0.025130286967,0.10763510118,0.03718776442
naca652415a05,ok,,30.434185473,320133336.81,1494193.4979,5652997.5849,147535830.09,819173.55546,25135179.896,-1.947163902e-09,1.296303534e-08,-2.6686551661e-08,-2.7029083285e-08,9.3496455994e-09,-1.4222011466e-09,2.2954218719e-08,4.9453947034e-08,-3.033748885e-10,-7.6706577342e-08,-3.9407583724e-09,4.4880714729e-08,-6.4685326659e-09,-7.167559273e-09,-9.9997773703e-09,0.22942353796,0.020263580769,0.11461446911,0.03429804436
naca652215,ok,,30.374541343,319488031.96,1492865.0276,5445042.6825,147393745.68,798063.53206,25040452.732,-7.6266943599e-10,1.3109129097e-08,-2.6852579086e-08,-1.0135570392e-08,9.1632163944e-09,-1.2248197612e-09,8.333070954e-09,5.0885972496e-08,-9.1667000286e-11,-7.5893036606e-08,-1.7929093619e-09,4.5900635147e-08,-2.8099746454e-09,-7.2485425251e-09,1.3924785478e-09,0.22973283797,0.0083441387166,0.11329806018,0.012440150199
naca65410,ok,,29.572343046,313835335.53,646425.33301,2607780.5467,148282729.79,338219.28695,23730665.588,-2.3201306491e-09,2.0055809293e-08,-4.1054682243e-08,-4.7065978223e-08,9.3856214995e-09,-6.8510350484e-09,3.8567856797e-08,7.6753613672e-08,-3.4411646024e-10,-2.0931617097e-07,-1.4426587594e-08,6.7104846873e-08,-2.3913432853e-08,-1.4331344986e-08,9.6788730824e-09,0.2263809099,0.016659879081,0.13530727552,0.024931239674
naca654221,ok,,31.174333303,326360057.87,2901232.5319,10187874.015,147064239.72,1619750.2637,26311199.914,-5.3857319282e-10,9.1896506201e-09,-1.8930220077e-08,-5.1251752992e-09,8.7040043435e-09,-5.2456181718e-10,4.2493796606e-09,3.5747052548e-08,-5.4837385032e-11,-3.4701313734e-08,-5.4457821289e-10,3.2979125868e-08,-8.5119561718e-10,-4.1102460405e-09,3.9493754993e-10,0.22909896173,0.0084480623781,0.10067658031,0.012328438512
naca654421a05,ok,,31.234101915,326994680.62,2904207.4388,10363585.014,147131805.22,1642544.7368,26411960.997,-1.3884401659e-09,9.132481855e-09,-1.88621073e-08,-1.3848585491e-08,8.7902124542e-09,-4.3342682709e-10,1.1717254439e-08,3.5249473555e-08,-1.7944309483e-10,-3.4997922847e-08,-1.2024606497e-09,3.2606384839e-08,-1.9341232763e-09,-4.078973852e-09,-5.5331428353e-09,0.22882203671,0.020669107732,0.10164122788,0.034029337504
naca654421,ok,,31.203123714,326651503.93,2901982.5804,10247465.293,147136823.61,1627652.4382,26364010.24,-1.073451598e-09,9.1776747983e-09,-1.889784712e-08,-1.0192226203e-08,8.6739008745e-09,-1.0546248153e-09,8.4986052768e-09,3.555769345e-08,-1.0974300953e-10,-3.4886643725e-08,-1.0797054568e-09,3.283606858e-08,-1.6981482365e-09,-4.1116077437e-09,7.9829360849e-10,0.22902754421,0.016887017905,0.10124043238,0.024662804471
naca66206,ok,,28.891137904,313428828.57,235668.23003,1031673.4015,153578616.09,112756.60247,23044507.54,-1.9362345374e-09,3.5430924786e-08,-6.5758885723e-08,-7.0257573998e-08,9.6042631158e-09,-1.2908485308e-08,5.3127894224e-08,1.3172677415e-07,-2.2595165772e-10,-8.501475155e-07,-2.1123053691e-08,1.0511020995e-07,-8.0597001374e-08,-2.129252849e-08,1.6808786411e-08,0.22439330523,0.0083473284757,0.20035276024,0.012520556797
naca66209,ok,,29.756333483,315903766.21,563199.89162,2107284.108,148759883.92,283585.98743,24121054.112,-1.2648716025e-09,2.4557706737e-08,-4.3712136927e-08,-2.8091438825e-08,9.5276115527e-09,-5.08342811e-09,2.2398182251e-08,8.5343534978e-08,-1.5622344362e-10,-3.3238124384e-07,-8.2400623655e-09,7.5257241275e-08,-1.4747952993e-08,-1.3042333085e-08,4.9142483401e-09,0.23075988684,0.0082879444456,0.18719708051,0.012614653816
naca661212,ok,,30.265813765,318696173.22,1032559.5279,3646121.4953,147804668.17,534136.34152,24888361.631,-9.2867209614e-10,1.8199418535e-08,-3.2157951001e-08,-1.502271499e-08,9.3522999354e-09,-2.5412026861e-09,1.2210180721e-08,6.2606731459e-08,-1.0057575044e-10,-1.6764356799e-07,-2.9969074335e-09,5.6925336243e-08,-4.8821833529e-09,-8.0655700385e-09,2.1097115095e-09,0.23318444844,0.0082869581743,0.17310196342,0.012607738441
naca66-018,ok,,31.033653237,324654605.41,2353947.0383,7882074.6533,147291140.1,1265883.3277,26109698.446,-1.0342007896e-13,1.1870697529e-08,-2.1002289234e-08,-1.1848368605e-12,8.9408997047e-09,2.5730033822e-12,4.5746950352e-12,4.087405803e-08,-5.2717699876e-13,-6.696996043e-08,-1.50183523e-12,3.8108220527e-08,-3.1682236343e-12,-4.0779206284e-09,-2.154634315e-11,0.2334441941,-4.8673617193e-06,0.15764374001,1.0768589829e-05
naca66210,ok,,29.943517024,316800510.06,703898.22849,2569813.2049,148279106.9,358092.53488,24394248.906,-1.1301563179e-09,2.2055628641e-08,-3.9104864401e-08,-2.2309198355e-08,9.4766343926e-09,-3.9501306428e-09,1.7927375398e-08,7.6191744185e-08,-1.348962458e-10,-2.5899168744e-07,-5.8220585299e-09,6.8103021779e-08,-9.7489792123e-09,-1.1071709695e-08,3.5782225111e-09,0.23187231602,0.0082858772574,0.18230378998,0.012619047784
naca662215,ok,,30.685725006,321813877.51,1632688.6036,5587643.3534,147592818.06,862467.52656,25574126.086,-7.3291229863e-10,1.4380235959e-08,-2.5381475416e-08,-9.386571657e-09,9.1433979754e-09,-1.4962084252e-09,7.6942369147e-09,4.9372784835e-08,-7.0669890095e-11,-1.0028447158e-07,-1.3433861e-09,4.5574660771e-08,-2.1625302382e-09,-5.5103040466e-09,1.0783533399e-09,0.23405746373,0.0083133045942,0.16373331387,0.012562292924
naca662415,ok,,30.715436601,322120184.55,1632976.5331,5658897.3551,147690871.3,870123.0992,25627560.862,-1.4572220246e-09,1.4336651746e-08,-2.5315062967e-08,-1.8596840898e-08,9.0957021142e-09,-2.9972919297e-09,1.5391860177e-08,4.8883444109e-08,-1.4161817162e-10,-1.0065170162e-07,-2.6390697231e-09,4.5200506784e-08,-4.3000054717e-09,-5.5195963945e-09,2.1506218065e-09,0.23399166327,0.016619471017,0.16436186675,0.025134546469
naca663218,ok,,31.065849321,325064816.44,2353995.783,7906347.7589,147482483.19,1268590.8447,26204265.619,-6.0624955791e-10,1.1853457501e-08,-2.0985961353e-08,-6.4549060004e-09,8.9314449486e-09,-9.7627442854e-10,5.3081268654e-09,4.074827212e-08,-5.4174815541e-11,-6.6783574509e-08,-7.1279751235e-10,3.79446743e-08,-1.1428943429e-09,-4.1149835097e-09,5.9316889845e-10,0.23416909702,0.0083648492172,0.15720825277,0.012495308257
naca663418,ok,,31.094749589,325370476.26,2354474.4563,7971915.4105,147558742.77,1276538.6771,26258883.848,-1.2073404564e-09,1.1826732708e-08,-2.0946449595e-08,-1.2820094033e-08,8.8959521435e-09,-1.9570964414e-09,1.0616792782e-08,4.0470693405e-08,-1.0854029253e-10,-6.6989395817e-08,-1.410221009e-09,3.7726600338e-08,-2.2793758249e-09,-4.1221692308e-09,1.1898391933e-09,0.23410852401,0.016720968183,0.15772482129,0.024996967413
naca664221,ok,,31.442702563,328534408.93,3192741.0488,10574353.597,147333400.26,1754531.7496,26824204.234,-5.1744231647e-10,1.007792509e-08,-1.7892274892e-08,-4.7290320763e-09,8.7143372786e-09,-6.8529351789e-10,3.8873298653e-09,3.4678499553e-08,-4.3913533556e-11,-4.802840285e-08,-4.2348347462e-10,3.2486804752e-08,-6.7541390293e-10,-3.2475138372e-09,3.3297749262e-10,0.23382918729,0.0084338475932,0.15334225329,0.012411237631
naca671215,ok,,31.037665547,324698743.36,1783075.7439,5766473.2687,148480221.17,925852.68962,26277303.356,-7.0085690558e-10,1.5031471794e-08,-2.402339182e-08,-8.7497354136e-09,9.0529632906e-09,-1.5949456573e-09,7.0866253374e-09,4.7638896917e-08,-5.455542386e-11,-1.1144263708e-07,-1.0454053664e-09,4.4699307793e-08,-1.6598645747e-09,-4.1968051451e-09,7.7799619221e-10,0.23805294797,0.0082724424023,0.19871066302,0.012635989745
naca747a315,ok,,30.499977104,320606562.77,1530924.1767,5636015.579,147683985.82,825747.24527,25269903.046,-1.4031052764e-09,1.2660118773e-08,-2.6404483624e-08,-2.2436431159e-08,9.5243961501e-09,1.4539268432e-09,1.6723727212e-08,4.9552477245e-08,-2.8649956577e-10,-6.9241812169e-08,-1.0931619541e-09,4.4913207313e-08,-2.0520898045e-09,-6.8047561364e-09,-2.4136567077e-08,0.2292816492,0.013962812883,0.10600396429,0.025602758313
naca747a415,ok,,30.51990143,320819664.66,1531377.889,5693368.2475,147740383.57,831714.14634,25305123.363,-1.7673313659e-09,1.260823833e-08,-2.6352533043e-08,-2.7105485123e-08,9.5817778334e-09,8.5155772027e-10,2.0783971091e-08,4.9153720073e-08,-3.2743386939e-10,-6.9208676897e-08,-1.9044226485e-09,4.4634846895e-08,-3.3411540507e-09,-6.7765560582e-09,-2.3238370892e-08,0.22911737359,0.018122710503,0.10598463752,0.031828113773
nacacyh,ok,,30.946275678,325562814.37,978290.31045,3689601.4597,151909320.45,526806.27208,26463673.466,-4.7434580093e-09,1.421771914e-08,-3.2275046367e-08,-9.9412406483e-08,1.2243000679e-08,5.0999582581e-09,6.4277344506e-08,5.8820384987e-08,-6.6778196922e-10,-5.1317925101e-08,-4.2616894533e-09,5.3739076306e-08,-7.2946287457e-09,-7.4147832693e-09,-6.1598172607e-08,0.23827546085,0.044687033149,0.050203828878,0.062881903312
nacam12,ok,,31.199554064,327299752.9,1037163.3264,3583349.6728,152018480.7,545153.293,26904878.294,-1.4506006775e-09,1.5310784237e-08,-3.135820431e-08,-2.7693251067e-08,9.309875413e-09,1.3563883519e-09,2.1588580183e-08,5.9408508847e-08,-1.9679850889e-10,-7.4690239805e-08,-2.2304336721e-09,5.4815094936e-08,-4.0209826879e-09,-5.9769042044e-09,-2.1959434174e-08,0.24152483307,0.012207496875,0.077465977564,0.022390883635
nacam18,ok,,31.335524442,328650468.32,1050322.4539,4004113.582,152177490.02,589069.03927,27122839.959,-4.7340685551e-09,1.4383929455e-08,-3.0836803884e-08,-8.897576932e-08,1.0933822897e-08,4.1628941375e-10,6.4504961266e-08,5.5192062089e-08,-4.9918741104e-10,-6.8673284421e-08,-2.6906901984e-09,5.1314276105e-08,-5.7607983638e-09,-5.7513762583e-09,-3.8924271512e-08,0.24106267123,0.046910749293,0.072129092614,0.067751009208
nacam2,ok,,30.516713554,324262368.77,458027.35341,1667491.643,154763822.29,225882.51792,25960801.82,-5.7935987856e-16,2.2465701278e-08,-4.8042695383e-08,-1.2611183312e-14,9.310753244e-09,9.6514764168e-15,5.4598835127e-14,9.2007272699e-08,1.9879223609e-15,-1.8479452424e-07,-1.307689929e-13,7.9845736229e-08,3.5619757401e-13,-1.4411142653e-08,-1.9846364592e-14,0.24171461977,1.7650520579e-09,0.084640946862,2.5007759952e-08
nacam3,ok,,31.153588456,326843474.91,1041264.9529,3514568.6979,152084121.44,536889.01871,26846580.142,-4.8272831067e-16,1.5211416579e-08,-3.1404993565e-08,-3.9039068647e-15,9.0025254648e-09,-4.0269195591e-15,4.3568088135e-15,6.0315498468e-08,-1.1266705083e-15,-6.7578422901e-08,2.4980722016e-14,5.5408343593e-08,2.5157373095e-13,-6.1370847601e-09,1.2906491065e-14,0.24168702137,3.7706994903e-09,0.070367043338,4.5365923239e-09
nacam6,ok,,31.089756192,325717912.76,1064129.3768,3683664.8566,150747584.04,564787.1178,26473755.134,-1.3851074466e-09,1.4981670388e-08,-3.0838882591e-08,-2.7489821713e-08,9.5230603241e-09,2.990593417e-09,2.159177842e-08,5.8456965407e-08,-1.7946278907e-10,-6.6499768586e-08,-1.4900740068e-10,5.4821067527e-08,-1.3685149114e-09,-4.7114750884e-09,-3.2165988055e-08,0.2388049704,0.011191318008,0.070764357302,0.022976445714
nlf0115,ok,,30.892675948,323811567.41,1562110.6608,5408818.6192,148813382.89,837209.72594,26027462.826,-1.2569845452e-09,1.3054708362e-08,-2.5779866121e-08,-1.8950199663e-08,9.0998741002e-09,-4.8364580324e-10,1.3044594879e-08,4.9286452752e-08,-1.3562213287e-10,-6.7487890593e-08,-1.7959948034e-09,4.5587978583e-08,-2.9405037939e-09,-5.2694505597e-09,-6.5748961256e-09,0.23412422615,0.014576995362,0.10542355337,0.020377100725
ncambre,ok,,30.940062398,325421566.69,927710.09987,3264720.4272,152060113.42,481368.06903,26477914.683,-9.3323048483e-10,1.5148783199e-08,-3.3504559001e-08,-2.210498118e-08,9.2766163968e-09,2.706623378e-09,1.3393208523e-08,6.3289233686e-08,-1.719700914e-10,-6.1103385656e-08,-6.7302718374e-10,5.7381455678e-08,-1.5804081578e-09,-7.7094817436e-09,-2.4779548591e-08,0.23860842439,0.0077956207659,0.056686228009,0.012425014817
nlf414f,ok,,30.127559802,317568989.78,1462565.7554,5499343.443,146355079.57,776268.23208,24592726.833,-1.7058134093e-09,1.4476857423e-08,-2.7269779988e-08,-2.2890904434e-08,9.1832701676e-09,-3.5737982528e-09,1.8939994261e-08,5.1742631335e-08,-2.4224987742e-10,-1.1407909532e-07,-5.0272386221e-09,4.6295103523e-08,-8.0913164743e-09,-8.5917889745e-09,1.562910496e-09,0.22652430331,0.018044337182,0.16684817823,0.027700987014
nlr1t,ok,,30.828301055,325129994.45,601605.87373,2022227.9616,152551276.27,298856.06579,26215889.737,-1.3746937398e-09,2.262627894e-08,-4.1125771867e-08,-3.8245270083e-08,9.5860570213e-09,1.5216315579e-09,2.4832562045e-08,8.079737363e-08,-1.9577563945e-10,-2.1141541338e-07,-4.6859759329e-09,7.4380554808e-08,-8.21939792e-09,-8.092433042e-09,-3.2640347825e-08,0.24150236466,0.0090749054811,0.12718875449,0.014939415186
nlf415,ok,,30.844022706,323389712.06,1499238.6149,5219757.9563,148139612.09,810921.21959,25867031.31,-1.3075646375e-09,1.5277290735e-08,-2.6294330396e-08,-1.3690073176e-08,8.9207662455e-09,-5.9444029684e-09,1.319816151e-08,5.0601033162e-08,-2.7613531258e-11,-1.1483057812e-07,-4.1082364094e-09,4.6816910088e-08,-6.4663642765e-09,-5.4291497964e-09,2.4341207016e-08,0.23765082006,0.015798870568,0.17215843688,0.01978719338
nlr7301,ok,,30.886980639,324612310.48,1996901.0777,7289275.421,149317763.05,1073159.396,26214322.387,-5.284922277e-10,9.4772608446e-09,-2.3099574505e-08,-5.6429328137e-09,8.415447278e-09,-1.842112447e-09,3.4750603463e-09,4.3026360085e-08,3.7744966703e-12,-2.8562985058e-08,-1.7058075649e-09,3.8291392306e-08,-2.39942813e-09,-6.7288577619e-09,1.1542658853e-08,0.22240231923,0.0088120990711,0.057037455645,0.0069393517505
nl722343,ok,,29.905514269,318864159.9,531265.61129,2082859.7756,152129534.03,266170.37626,24839182.102,-1.5258268866e-09,2.0281057795e-08,-4.5460989643e-08,-4.0914029958e-08,9.3649050278e-09,-2.1938002996e-09,2.4624837703e-08,8.5538978368e-08,-2.5632846662e-10,-1.841890981e-07,-1.2353338873e-08,7.233635403e-08,-1.8507874672e-08,-1.7579432493e-08,-3.3365630287e-09,0.23171385144,0.01068432753,0.097853333795,0.013082329455
nl722362,ok,,30.540082387,322556337.38,583778.81757,2006756.197,151453266.9,289658.86377,25584598.049,-1.3944592625e-09,2.2524389711e-08,-4.1991947369e-08,-3.9086415623e-08,9.6495823501e-09,1.4933933212e-09,2.5402210458e-08,8.2322885495e-08,-2.1294303252e-10,-2.1367539699e-07,-5.289848245e-09,7.543690583e-08,-8.9329426372e-09,-8.9492695112e-09,-3.3408821786e-08,0.23718003865,0.0090273523844,0.1247391706,0.014829272385
nn7mk20,ok,,30.746398421,324192017.4,1782899.8503,7041577.5237,149190617.31,1008486.1205,25983207.815,-1.9148363052e-09,1.0461611745e-08,-2.448991419e-08,-2.2745729023e-08,8.8612666216e-09,-2.0401415868e-09,1.9688445316e-08,4.3816707727e-08,-2.7936426107e-10,-4.1101434072e-08,-4.8126862352e-09,3.8755314571e-08,-7.6292645465e-09,-7.9474198456e-09,3.0826682133e-09,0.23207915617,0.023660484135,0.073279740654,0.035102526207
npl9626,ok,,31.01540334,325993795.88,994200.66834,3486839.4357,152169649.69,518386.32301,26632239.323,-5.2605985234e-10,1.4485647391e-08,-3.2366017145e-08,-1.0789712114e-08,9.018858692e-09,9.0888577001e-10,7.677565174e-09,6.0959554412e-08,-8.7254816267e-11,-5.2521266095e-08,-9.3555315301e-10,5.5355787116e-08,-1.360323398e-09,-7.4359725624e-09,-9.5536693046e-09,0.23876327556,0.0044108764326,0.052216677854,0.0076330404272
npl9627,ok,,31.052908618,326324362.74,1025477.0491,3626392.9852,152330493.65,536057.21317,26718028.52,-6.8986225236e-10,1.375842729e-08,-3.1848746356e-08,-1.3520116047e-08,8.9933724019e-09,1.0556852141e-09,9.9846651965e-09,5.9601367117e-08,-1.0921436908e-10,-3.861061261e-08,-1.4617995278e-09,5.408039798e-08,-2.0525653884e-09,-7.3165768859e-09,-1.0533811202e-08,0.23823759016,0.0059024855232,0.039594297083,0.010239045002
npl9615,ok,,30.910613913,325296596.86,902288.91177,3127068.4744,151904434.06,465025.58241,26434237.333,-7.3967157321e-10,1.6052546141e-08,-3.3966590125e-08,-1.7069022168e-08,9.173633235e-09,1.6369394444e-09,1.0938846756e-08,6.4764190656e-08,-1.2932101809e-10,-8.0391907643e-08,-8.972545768e-10,5.8898735133e-08,-1.600737147e-09,-7.7467250179e-09,-1.7568690726e-08,0.23879521268,0.0059870080023,0.072536726862,0.0098700001354
npl9510,ok,,30.510571301,323491236.33,794306.80292,3264823.0423,154059848.96,421689.912,26095884.999,2.0505001292e-10,1.3948591042e-08,-3.7543415604e-08,1.3099640631e-08,9.3996775306e-09,-8.2678730068e-09,-7.1755171672e-09,6.6736118696e-08,4.2257966746e-10,-6.0692487465e-08,-1.0890347563e-08,5.4876749657e-08,-1.4369101445e-08,-1.577258548e-08,7.0327678251e-08,0.23493545649,0.0014446632238,0.04820845568,-0.0056995621004
nplx,ok,,30.104328857,319217692.24,746760.78551,2869271.2861,150846407.34,384759.6907,25022945.253,1.2045738811e-10,1.6507972253e-08,-3.8468274262e-08,9.8218590466e-09,9.3886646989e-09,-5.9684343818e-09,-3.5425718311e-09,7.1748808291e-08,2.2553709101e-10,-1.0871345177e-07,-5.0702354963e-09,6.1600482022e-08,-7.0756213494e-09,-1.3828427775e-08,4.7580433806e-08,0.23035269543,0.00043816814259,0.081182942641,-0.0026454537233
p51droot,ok,,30.61203872,321881563.06,1793037.0788,6605434.8545,148121532.24,968263.77461,25555427.349,-7.7361283081e-10,1.0770522922e-08,-2.4434352108e-08,-9.3161545824e-09,8.9099353386e-09,-8.8243168492e-10,7.7812561907e-09,4.5610353963e-08,-9.0885723317e-11,-4.1471833208e-08,-1.9693205214e-09,4.091385767e-08,-2.9360468401e-09,-6.7322476428e-09,1.6558447505e-09,0.22807830651,0.0093861967705,0.074360534667,0.013952080869
p51dtip,ok,,29.52144276,313363851.77,845442.8455,3373257.13,146809964.85,440656.738,23699878.289,-1.1435484589e-09,1.8472468582e-08,-3.6410233617e-08,-2.0132999639e-08,9.5659829493e-09,-2.9025464408e-09,1.7095786152e-08,6.880841928e-08,-2.0686392669e-10,-1.9418439287e-07,-5.7809284803e-09,5.9359446365e-08,-1.0263124081e-08,-1.3502757772e-08,-8.5732935264e-10,0.22653233725,0.0087861620362,0.16417180566,0.014453510091
npl9660,ok,,30.391356472,319549560.62,904632.15322,3220750.8685,149379513.57,463412.51857,25105483.937,-7.523583514e-10,1.5929879863e-08,-3.4231018286e-08,-1.7102225035e-08,9.3093089905e-09,1.4429486844e-09,1.0873889651e-08,6.5592688808e-08,-1.3378732291e-10,-8.7238367737e-08,-9.0754099819e-10,5.9601394895e-08,-1.663359011e-09,-8.1551742996e-09,-1.7244695263e-08,0.23026831212,0.0060856132007,0.078918632449,0.0098368702093
p51hroot,ok,,30.677746064,321332557.76,1750506.6958,5987457.2832,146944027.15,930423.1715,25422766.733,-8.2318738588e-10,1.3867806041e-08,-2.4462913727e-08,-1.0488955205e-08,9.1573356077e-09,-1.1401864472e-09,8.767252461e-09,4.760764964e-08,-8.9494042143e-11,-9.3005012224e-08,-1.2486262188e-09,4.4261145708e-08,-2.01231765e-09,-4.9296461899e-09,-2.3684834425e-09,0.23221600089,0.0092474810674,0.16280589664,0.015347134136
oaf117,ok,,30.595553951,325565687.02,726263.3294,3556319.6658,159187048.54,402187.56669,26712435.047,-1.8468284293e-09,9.8326722498e-09,-3.9531564871e-08,-3.5497378564e-08,8.9082166214e-09,1.2549025015e-09,3.2720271983e-08,6.3019229464e-08,-5.6127784662e-10,4.2954681307e-08,-1.9361572908e-08,4.8138130545e-08,-2.6250204355e-08,-2.1241725984e-08,-5.0393783626e-09,0.23603733367,0.013798267213,-0.03119640986,0.023763533669
pfcm,ok,,30.062217239,321065733.38,425371.92863,1700425.952,154157926.08,216484.50387,25231608.219,-1.6997879972e-09,2.3808748959e-08,-5.0203417782e-08,-4.4011449795e-08,9.3923679218e-09,-4.8799247949e-09,3.6416203427e-08,9.3862585429e-08,-2.8732399375e-10,-2.7926388197e-07,-2.3240837094e-08,7.9173341204e-08,-3.5749585708e-08,-1.8477416481e-08,1.8234430151e-09,0.23742286909,0.0096215203883,0.11879101607,0.015490430685
prandtl-d-centerline,ok,,30.268027232,319493737.36,942708.04223,4067302.801,149657698.67,534115.02852,24972649.028,-3.1819114939e-09,1.3308355747e-08,-3.3498426379e-08,-5.34425239e-08,9.3353682719e-09,-2.1643787368e-09,4.8656624593e-08,5.7946172926e-08,-4.8791090982e-10,-5.6016339917e-08,-8.410117907e-09,5.1611095275e-08,-1.3896017655e-08,-1.0132214904e-08,-6.5658815294e-09,0.22844558387,0.027743659804,0.052807054136,0.045868991311
pmc19sm,ok,,29.399971235,314986548.12,516007.56221,2330841.6461,152517876.31,268370.06737,24121308.821,-1.3529683644e-09,1.7714120562e-08,-4.7496541377e-08,-4.8295016637e-08,1.0485999321e-08,7.083819135e-09,2.3477133811e-08,8.4852197145e-08,-7.367175751e-10,-1.606503825e-07,1.1468520468e-08,6.6736026633e-08,9.0077747053e-09,-2.3660117324e-08,-8.4313367738e-08,0.22644571214,0.0078411699259,0.082896812244,0.012114378585
p51htip,ok,,30.210202974,317877703.52,1035024.5908,3671643.7232,147254747.2,537814.91273,24679011.957,-1.078535292e-09,1.8171321168e-08,-3.2077444258e-08,-1.7963466007e-08,9.4171529152e-09,-2.1699694542e-09,1.4889690508e-08,6.2387263325e-08,-1.3626964349e-10,-1.6751461573e-07,-3.2211000468e-09,5.7062679457e-08,-5.2802183907e-09,-7.6732907692e-09,-3.7961053376e-09,0.23149995487,0.0091884282699,0.1733817466,0.015411195825
psu-90-125wl,ok,,30.410683947,320662986.05,1077422.4811,4138379.3715,149643429.47,578094.06254,25332096.372,-1.9478134143e-09,1.3726292476e-08,-3.1426542738e-08,-3.1317605154e-08,9.1668577388e-09,-1.8964681873e-09,2.6277442902e-08,5.7722638769e-08,-2.7092275037e-10,-6.3504472541e-08,-6.8806939922e-09,5.1547613326e-08,-1.0528784267e-08,-8.9887293327e-09,-8.4490143188e-10,0.23182817364,0.01799129357,0.068421146368,0.028311907729
psu94097,ok,,30.099980254,319985967.83,632074.11001,2983810.2066,153387523.25,357566.98338,25145931.531,-4.0311283733e-09,1.6930906968e-08,-4.0462795475e-08,-8.5043314277e-08,9.571792249e-09,-5.2410370047e-09,7.521574013e-08,6.7669466005e-08,-8.5430285692e-10,-1.2642106683e-07,-2.7477566393e-08,5.8790501683e-08,-4.74867972e-08,-1.6268873978e-08,-1.136308892e-08,0.23199876325,0.029466548662,0.079907483305,0.047541922001
pt40,ok,,31.39374382,329994612.47,990229.65925,3824588.1169,154232222.71,543312.66715,27535585.736,-2.2024586527e-09,1.2058952748e-08,-3.1994471342e-08,-3.6764932798e-08,8.6433911263e-09,3.4997795112e-10,3.4727807223e-08,5.633480103e-08,-2.8064959517e-10,-6.6206533773e-09,-8.1889205505e-09,5.1271039889e-08,-1.0858599324e-08,-7.407041337e-09,-6.4882526712e-09,0.2344291561,0.019148698536,0.0065559673378,0.034388504713
prandtl-d-wingtip,ok,,30.149471348,320442544.16,604348.76668,2384351.4379,152727356.26,308692.42009,25236145.447,6.3520497956e-13,1.6225106061e-08,-4.2534415714e-08,5.8122889831e-12,9.2729878211e-09,-4.8128519308e-12,-1.8977498687e-11,7.8070793766e-08,3.6142568764e-12,-5.3757445365e-08,8.8987620922e-11,6.6394186949e-08,1.8186361137e-10,-1.4844351622e-08,9.2635078446e-11,0.23401446499,4.8976087817e-06,0.032488245807,-1.1469027926e-05
r1046,ok,,31.442745463,328877168.4,2115698.7246,8518359.1448,148439148.72,1295323.3821,26786625.199,-3.3006041993e-09,9.7362151062e-09,-2.1707246295e-08,-3.6878570384e-08,9.3592946275e-09,-6.976708202e-10,3.5593707953e-08,3.7458202693e-08,-3.6871393143e-10,-3.5943392775e-08,-2.8892264798e-09,3.540292111e-08,-5.1264009568e-09,-3.9450098713e-09,-1.5274800822e-08,0.23105528297,0.043215844791,0.076045390254,0.075305562521
r1080,ok,,31.235802593,326893576.26,2251266.212,7933380.6726,148426280.76,1253670.2228,26577235.663,-1.6402292439e-09,1.0650525722e-08,-2.1373725023e-08,-1.9497214834e-08,9.0394963577e-09,-2.2200321865e-10,1.5837862148e-08,4.0067149244e-08,-2.0722226641e-10,-4.6217121821e-08,-1.2937480801e-09,3.723702967e-08,-2.1629334001e-09,-4.283708089e-09,-1.0458921892e-08,0.2334070442,0.021386495058,0.10404704477,0.035655243924
r1082,ok,,31.281011068,327259242.48,2237329.7615,7863703.9046,148628943.01,1246372.3212,26672153.3,-1.6689593923e-09,1.0639152188e-08,-2.1407253165e-08,-1.9684331798e-08,8.9998734161e-09,-4.1635715206e-10,1.6110801791e-08,4.010969909e-08,-1.9774780754e-10,-4.4908727181e-08,-1.3396931864e-09,3.7342942879e-08,-2.2216051194e-09,-4.1712680226e-09,-9.0756627332e-09,0.23407489374,0.021889170417,0.10047563187,0.036045176329
r1082t,ok,,30.974376228,324745625.86,1758472.218,6302915.6089,148747409.25,965628.88933,26182872.436,-1.6846333509e-09,1.1996635954e-08,-2.4324694429e-08,-2.2484575709e-08,9.1698069308e-09,-5.7393611404e-10,1.8246638617e-08,4.552372659e-08,-2.2505901355e-10,-5.8507337915e-08,-1.8869496929e-09,4.1916389637e-08,-3.1784909128e-09,-5.3672414663e-09,-1.0281465197e-08,0.23422254365,0.019388360197,0.10288352827,0.032086207079
r1145ms,ok,,31.95482282,333517437.55,2718527.8537,9319301.1617,150744489.36,1523729.7267,28157639.663,-2.1464020505e-09,9.2004106818e-09,-1.9103530725e-08,-2.2066393917e-08,8.4512083362e-09,-7.5387925576e-10,1.9337762797e-08,3.5504212742e-08,-2.0588639496e-10,-3.0283377034e-08,-1.9953251092e-09,3.3444246551e-08,-2.9439409671e-09,-3.2336459733e-09,-5.8947689436e-09,0.23236490492,0.031538801007,0.082326203973,0.052570246792
r140sm,ok,,30.583277076,322062142.73,954658.01821,3364942.7033,149782781.21,499025.56359,25649924.672,-3.3329680934e-10,1.7245318258e-08,-3.31532586e-08,-6.3431444948e-09,9.331469915e-09,1.3576456743e-12,5.0539447325e-09,6.3882493292e-08,-5.2353968554e-11,-1.2534323646e-07,-6.9619564958e-10,5.7801251132e-08,-1.5313702452e-09,-7.484186321e-09,-4.5863569377e-09,0.23897784604,0.0026184544126,0.11965992571,0.0048247888625
r140,ok,,30.563241067,321861922.05,953689.62253,3362069.5009,149690447.88,498294.69516,25599969.998,-3.4312192366e-10,1.7266730063e-08,-3.3191757404e-08,-6.5059373191e-09,9.3561094297e-09,-2.16427259e-11,5.1994036482e-09,6.3928695353e-08,-5.3306070957e-11,-1.2521588296e-07,-7.6298630338e-10,5.7889323436e-08,-1.6087122484e-09,-7.5408356865e-09,-4.5704213945e-09,0.23913554589,0.0026972770264,0.11941708815,0.0049586173026
r1145msf,ok,,34.102965865,355445315.45,5015495.6983,18871473.618,153138239.19,3308826.3552,32478764.087,-2.4106536713e-09,3.9658400175e-09,-1.3635261645e-08,-1.9651305767e-08,7.901055226e-09,3.8312903872e-09,1.7332907475e-08,2.2871805858e-08,-3.1640577477e-10,8.4214380385e-09,-4.5366062765e-10,2.1308946294e-08,-6.5210224963e-10,-2.3350110159e-09,-1.8581238833e-08,0.21629039099,0.051944432029,-0.042237686256,0.086933122881
r1145msm,ok,,33.577799552,350631782.09,6297648.604,19641742.69,149279118.98,3570002.3403,31160710.41,-2.0036630929e-09,7.8688540435e-09,-1.2500381088e-08,-1.1190905324e-08,6.9336828895e-09,-5.6879881977e-09,8.6054352253e-09,2.3976334842e-08,1.2267067623e-10,-3.5701464714e-08,1.1931053311e-09,2.2425938584e-08,1.8183180149e-09,-2.508421804e-09,2.1755213169e-08,0.24165855477,0.059126197179,0.22483527942,0.054194007134
rae101,ok,,29.930608307,318406885.5,619172.62616,2480029.4356,151762836.21,318652.81285,24790465.362,1.8861243394e-15,1.6380178114e-08,-4.2327581422e-08,1.5835537449e-14,9.3277807031e-09,-2.3103196918e-14,-7.9461461116e-14,7.7594127107e-08,1.6395636089e-16,-7.6246682855e-08,-6.3826696309e-15,6.5582302217e-08,-3.0011228135e-13,-1.5844377258e-08,3.3751326595e-14,0.23124002442,-2.5590624579e-09,0.047209858859,-4.9200361557e-08
rae103,ok,,30.157880464,319651865.34,671563.60385,2492133.7074,150701768.19,342787.89307,25062009.209,8.4562096805e-16,1.9005231617e-08,-4.0172247046e-08,1.5646517176e-15,9.354307716e-09,-1.6230748686e-14,-4.4780889516e-14,7.646363948e-08,-1.0459015643e-15,-1.5363023192e-07,-2.0542872505e-13,6.6868509992e-08,-3.3945805158e-13,-1.2525334563e-08,-2.4192413496e-14,0.23443774612,-2.4805045852e-09,0.10317247221,-3.0073215547e-08
rae102,ok,,30.022606362,318895853.32,638593.33751,2469909.7441,151223775.21,327544.55568,24893723.939,4.1957566334e-15,1.7684735719e-08,-4.1472471564e-08,4.7002580863e-14,9.3478493146e-09,-2.6414302945e-14,-1.4359738442e-13,7.7395399871e-08,2.6064780515e-15,-1.1477501169e-07,3.9196513272e-13,6.6439198632e-08,-1.1785813706e-12,-1.4398118634e-08,7.1363908342e-14,0.23270278026,-9.9560446359e-09,0.07329455778,-9.1700332972e-08
rae100,ok,,29.926496919,318554604.9,628013.41062,2595673.8312,152527218.09,323927.24054,24849694.033,1.2503458872e-15,1.4352837312e-08,-4.2157448337e-08,8.3308617782e-15,9.2281199626e-09,-2.4343394447e-14,-7.2188404817e-14,7.5708332294e-08,-1.8078490589e-15,-2.0669000295e-08,-1.0551246007e-13,6.3153232671e-08,-1.7614927111e-13,-1.6623261582e-08,1.0980631909e-14,0.22931595757,-1.8829332227e-09,0.012980409369,-4.5335286316e-08
rae104,ok,,30.329952301,320664978.83,711997.45555,2524891.6922,150322326.8,360824.6592,25291966.513,6.9688244913e-16,2.0352846325e-08,-3.8688706497e-08,1.0998415651e-14,9.3498345152e-09,1.1602343804e-14,6.8341173008e-15,7.5172395051e-08,4.0337370076e-15,-1.9137499863e-07,1.9877371788e-13,6.7069018402e-08,4.9156160248e-14,-1.0418093616e-08,5.4261806276e-14,0.23647570147,6.6145764976e-10,0.13625851208,4.8658741291e-09
rae2822,ok,,30.064859507,317790034.28,946563.58578,3606204.4421,148777347.74,496873.69106,24696122.257,-4.5115006749e-10,1.5544986238e-08,-3.4057225742e-08,-3.5636800832e-09,9.267153389e-09,-4.5837186625e-09,4.3811246232e-09,6.3885220079e-08,7.7476596877e-11,-1.0360193122e-07,-5.0518627881e-09,5.5913556379e-08,-7.1022867755e-09,-1.1086329672e-08,3.0984934952e-08,0.230162332,0.0053154719277,0.098065815508,0.0041470130331
raf15,ok,,30.729646874,327922939.74,292363.46011,1189185.9962,156391432.43,150667.0652,26009211.687,-3.3635705642e-09,2.5795667582e-08,-5.7174427327e-08,-1.3108496287e-07,1.1205505241e-08,6.1007854543e-09,9.8365937457e-08,1.0247720268e-07,-4.0983766016e-10,-1.7820223434e-07,-1.7810132581e-08,9.5528542303e-08,-3.3532339198e-08,-9.9439572183e-09,-9.7613228619e-08,0.2412403116,0.016205768062,0.052099821831,0.028758605831
raf19,ok,,31.737394675,336114275.76,499151.76094,6110894.9679,156497878.72,542309.11211,27803331.922,-7.6245840891e-09,9.2585357887e-09,-4.1067458886e-08,-1.3706933124e-07,1.3275973941e-08,5.0882510432e-09,2.4478405055e-07,3.3043339265e-08,-1.1165669103e-09,-3.9662993192e-09,-1.5548153799e-08,3.5702032529e-08,-4.5320600551e-08,-8.0904910749e-09,-6.5328676675e-08,0.23362634425,0.066141735825,0.0019797852896,0.12218438988
rae5212,ok,,30.493214716,321809754.54,963814.3395,3592733.6102,150652234.38,507931.48138,25616707.506,-1.3554785174e-09,1.461296434e-08,-3.3292682664e-08,-2.2764397007e-08,8.9583902562e-09,-2.7653777988e-09,1.7351689707e-08,6.1941037849e-08,-1.3072518556e-10,-7.0705524188e-08,-7.213847504e-09,5.5014420752e-08,-1.0133083083e-08,-9.8193252122e-09,1.1126042333e-08,0.23277251563,0.012878633206,0.068146998094,0.016723807354
rae5214,ok,,29.461901095,314504772.6,617736.55737,2618677.699,151047023.88,315119.94579,23985345.541,-1.3095907926e-09,1.558008992e-08,-4.2926062406e-08,-2.929056673e-08,9.1242634708e-09,-2.7420236565e-09,1.9387464045e-08,7.8012634857e-08,-1.9017141199e-10,-8.2524341875e-08,-1.295571217e-08,6.3886446555e-08,-1.8095020138e-08,-1.9689433633e-08,1.4313614156e-08,0.22201293047,0.010231643238,0.050978302849,0.011976345295
rae5213,ok,,29.468433605,314480675.96,642937.41204,2734579.6814,150884067.64,330144.24902,23989190.178,-1.3900842395e-09,1.52359069e-08,-4.2087517011e-08,-3.0304054298e-08,9.1433956454e-09,-2.4923338122e-09,2.0824416789e-08,7.6220881959e-08,-2.272222848e-10,-7.8761263332e-08,-1.2555912818e-08,6.2488422246e-08,-1.7712838334e-08,-1.9329899837e-08,1.1171280889e-08,0.22202079361,0.010823701001,0.050638562815,0.013388796637
rae5215,ok,,30.254539696,321849804.63,634276.63703,2556288.3549,154304550.0,324310.23573,25702762.506,-1.3526328777e-09,1.6323564003e-08,-4.1838237792e-08,-2.903426466e-08,8.8875438691e-09,-3.6462275365e-09,2.0018550669e-08,7.6085564869e-08,-1.558343514e-10,-9.1879314026e-08,-1.5095473763e-08,6.2772015902e-08,-2.0083446444e-08,-1.7991625531e-08,1.9690880323e-08,0.23319058146,0.010905703993,0.058276902312,0.012697298996
rae69ck,ok,,30.064859507,317790034.28,946563.58578,3606204.4421,148777347.74,496873.69106,24696122.257,-4.5115006749e-10,1.5544986238e-08,-3.4057225742e-08,-3.5636800832e-09,9.267153389e-09,-4.5837186625e-09,4.3811246232e-09,6.3885220079e-08,7.7476596877e-11,-1.0360193122e-07,-5.0518627881e-09,5.5913556379e-08,-7.1022867755e-09,-1.1086329672e-08,3.0984934952e-08,0.230162332,0.0053154719277,0.098065815508,0.0041470130331
raf25,ok,,29.34541176,318265932.74,261452.48223,1171358.922,157861797.14,128165.74981,24255037.318,-1.6057467748e-09,2.597621481e-08,-6.4727332427e-08,-5.2649285923e-08,9.5119186425e-09,-5.2701455882e-09,4.4832100654e-08,1.1876760987e-07,-3.4139996064e-10,-3.2814313635e-07,-4.8798091517e-08,9.3397194432e-08,-6.7544072591e-08,-3.0821622654e-08,8.865068443e-09,0.23216257906,0.0070116269988,0.085793837523,0.011721463999
raf27,ok,,30.302139352,321121201.05,640531.72079,2393333.208,151842960.97,325867.86296,25368955.057,-6.365775086e-17,1.777455673e-08,-4.0910701415e-08,-3.3037569172e-14,9.3372163373e-09,-4.3530433687e-15,-2.8385801041e-14,7.7052143073e-08,-2.3404575727e-15,-9.5153900441e-08,-3.3913169423e-13,6.7350249837e-08,9.1463697087e-13,-1.2065569228e-08,-5.6230089174e-14,0.23687542162,6.4254765641e-09,0.060949091589,-1.8182005987e-08
raf26,ok,,29.831795671,322531517.81,274775.30246,1279674.4549,159262616.79,142627.94418,25171537.461,-3.088481873e-09,2.6535821748e-08,-6.1219119761e-08,-9.9548990576e-08,9.3099343518e-09,-1.0105881119e-08,8.7014893533e-08,1.0753700478e-07,-6.2287820965e-10,-3.4484871001e-07,-7.4295935018e-08,8.8069625312e-08,-1.1085643452e-07,-2.6673153788e-08,1.0845586527e-08,0.23822098032,0.01456700308,0.094755908596,0.023909543689
raf30,ok,,30.723930512,323448610.84,1080963.9605,3922026.5041,150793724.77,568977.21587,26009885.994,-9.8941668871e-16,1.3475312316e-08,-3.1265305504e-08,5.9363749817e-15,9.0795751319e-09,-3.2856103524e-14,-1.4852188819e-14,5.8482969737e-08,-7.3107819573e-15,-4.4570259527e-08,2.0533962832e-14,5.2486790931e-08,-2.5516679151e-13,-7.8095785908e-09,-1.1883837326e-14,0.23615871406,-4.9744805871e-09,0.048178844258,-1.6054680848e-08
raf30md,ok,,29.455546628,316531055.88,365530.99644,1523358.2616,153752480.94,180035.67769,24119380.934,2.5419118076e-16,2.2125662028e-08,-5.525567074e-08,1.586292114e-14,9.5704242814e-09,-3.0244136447e-14,-6.1324231174e-14,1.0310086267e-07,-3.8567727121e-15,-1.9976113949e-07,8.8477577897e-13,8.3778356832e-08,3.574586805e-13,-2.3504622663e-08,7.1858851244e-14,0.23083270895,1.3042723456e-10,0.073018888368,-2.2415907327e-08
raf32,ok,,30.401530451,316054775.96,844012.26867,3154119.5129,140615774.11,628027.51569,24060507.212,-3.6000771491e-09,1.3554519435e-08,-3.0422574605e-08,-5.2542165139e-08,8.8677276601e-09,3.3354948857e-09,6.6362740546e-08,5.5517472731e-08,5.4245131962e-10,9.880240792e-08,1.6198338059e-08,5.9974294196e-08,2.2588536726e-08,1.0206182246e-08,1.3039452315e-08,0.22369996406,0.034832233304,-0.083390444458,0.056010967203
raf31,ok,,30.795711701,324192595.92,1093049.3096,4075714.3358,151048225.6,586831.86045,26156065.132,-1.5221092781e-09,1.3496709864e-08,-3.0944424049e-08,-2.2879020554e-08,9.0139326491e-09,-1.7764086439e-09,2.1353518919e-08,5.6898703894e-08,-1.7763749488e-10,-5.0134401384e-08,-5.9063783095e-09,5.1256731815e-08,-8.7403500979e-09,-7.7721398175e-09,3.2633646425e-09,0.23691413685,0.01387989182,0.054799372821,0.023340449113
raf32md,ok,,30.192868043,315051227.57,521608.51107,1990649.4794,140943409.43,386163.79719,23720875.564,-3.6385262721e-09,1.7052434967e-08,-3.851357003e-08,-6.838171108e-08,9.0632130314e-09,4.8478474826e-09,8.5828739895e-08,7.0062274584e-08,5.3699874378e-10,1.7077436392e-07,2.6419415234e-08,7.5952351002e-08,3.5864318538e-08,1.2711696345e-08,1.6311329646e-08,0.22519587037,0.027826137421,-0.089077361694,0.044769001224
raf33,ok,,30.989889908,326300586.01,1090838.9995,4613412.0113,151377526.89,636411.67003,26480882.079,-2.9541485328e-09,1.2323107894e-08,-3.0759185936e-08,-5.2583012665e-08,1.0816406756e-08,4.9676286956e-09,4.680772344e-08,5.2375474009e-08,-5.9825542604e-10,-4.2945526042e-08,-3.4646681524e-09,4.7488675028e-08,-7.065504015e-09,-7.576124996e-09,-5.7087270588e-08,0.23545116492,0.024944047739,0.046846654662,0.051059690209
raf34,ok,,30.758670554,323812869.55,1081032.2741,4035238.6088,150842677.07,579593.93498,26060129.43,-1.3142628297e-09,1.32580341e-08,-3.1195666216e-08,-2.4797818621e-08,9.4472032717e-09,2.6328796291e-09,1.9894625264e-08,5.7385256971e-08,-2.657443679e-10,-4.3910893233e-08,-1.6044183103e-09,5.1612828827e-08,-3.1510204018e-09,-7.7391090894e-09,-2.7285927096e-08,0.23591230787,0.010644492777,0.047469092768,0.021506731991
raf38,ok,,30.276169072,314712847.78,834729.98599,2792930.2341,141808427.6,577870.15687,23880751.614,-1.8656332201e-09,1.4425990229e-08,-3.0109994791e-08,-3.1836906535e-08,9.591529472e-09,6.5453165297e-09,3.6979665189e-08,5.8734696049e-08,3.4977289205e-10,1.2828076149e-07,7.1386846687e-09,6.4485322232e-08,8.2475966724e-09,9.9557816246e-09,-1.2400266065e-08,0.22359284127,0.016796273069,-0.10707979824,0.030868035405
raf48,ok,,31.175151609,326908380.19,1527088.6243,5623634.5276,150651073.04,843351.08084,26739752.248,-1.8123821813e-09,1.1061272791e-08,-2.5919507855e-08,-2.6292847835e-08,9.1643898313e-09,1.2849165609e-09,2.2495723499e-08,4.7270933029e-08,-2.4734299458e-10,-2.6863483775e-08,-2.6271817132e-09,4.3489192804e-08,-4.1982652308e-09,-5.3550237316e-09,-1.6349072418e-08,0.23531154451,0.018933341581,0.041022920482,0.034352963452
raf6,ok,,30.544333316,318585003.21,700544.10026,2395309.1173,145210263.06,427614.16998,24696067.01,-4.2119455621e-09,1.7972485317e-08,-3.5123064954e-08,-9.0256184159e-08,1.0805358642e-08,5.735957524e-09,8.0126479117e-08,6.7192868981e-08,5.724254945e-10,-2.8203990392e-08,1.8370793731e-08,7.0035439671e-08,1.417131917e-08,8.5613087879e-09,-3.9192155525e-08,0.22941794414,0.034759918046,0.019758139073,0.05613213222
raf89,ok,,31.59263335,326749772.27,3555362.4585,10810947.014,142299903.24,2459756.584,26141083.193,-5.9629053448e-10,7.0153493515e-09,-1.4748220083e-08,-4.4425259532e-09,8.1020541475e-09,3.5036522679e-10,5.2503366275e-09,2.9002135795e-08,8.6075181757e-11,2.2174364858e-08,6.7722095199e-10,3.1920367792e-08,9.4768067607e-10,4.4831622528e-09,6.4122953959e-10,0.21197906192,0.011261911305,-0.078837904357,0.01866684974
raf6prop_sm,ok,,32.099251042,334257928.01,1148100.3661,4027920.829,152984857.42,654901.5194,28442184.129,-4.3778596955e-09,1.4891348707e-08,-2.8621008811e-08,-7.9038138634e-08,1.0893828777e-08,1.7376885872e-09,6.1549101811e-08,5.1993272685e-08,-1.2557208514e-10,-7.050582291e-08,-1.3877977334e-09,5.1207602292e-08,-3.3948892682e-09,-1.3085104016e-09,-4.3139100794e-08,0.24608025976,0.044846640847,0.080947761093,0.070664546321
rc08b3,ok,,30.570159629,323924866.7,484205.2373,1691346.2351,153074321.81,239613.01015,25823519.538,-1.1822989024e-09,2.4874292837e-08,-4.6184365672e-08,-3.5327221601e-08,9.592463263e-09,1.0588758892e-09,2.5429627e-08,9.009799135e-08,-2.2062931436e-10,-2.7552319618e-07,-4.5076758676e-09,8.12492406e-08,-8.491345557e-09,-1.1101329226e-08,-3.4198068629e-08,0.24021893036,0.0064968757657,0.13340977459,0.012313158576
rc0864c,ok,,30.528904961,323928599.87,470690.68733,1652643.0486,153317593.06,232553.67692,25822363.442,-1.1285369127e-09,2.5023623853e-08,-4.6895323191e-08,-3.2534211948e-08,9.4091778623e-09,-5.6695081317e-10,2.3596678914e-08,9.1641136134e-08,-1.8889221137e-10,-2.8564984248e-07,-6.3163905854e-09,8.1920660788e-08,-1.0867312412e-08,-1.1912147773e-08,-2.0990647603e-08,0.23886041006,0.006400118816,0.13445272069,0.011106737017
rc10b3,ok,,30.965741633,325511985.12,779461.86552,2622187.6269,151806868.76,396899.737,26414844.083,-1.4326936125e-09,1.9786283175e-08,-3.6176871398e-08,-3.3609888652e-08,9.5744063283e-09,1.5803908224e-09,2.4527337807e-08,7.0268819233e-08,-2.067922489e-10,-1.6119671807e-07,-2.2776153516e-09,6.5218633327e-08,-4.1924895657e-09,-6.7426859727e-09,-3.3130373748e-08,0.24118797646,0.010170055579,0.12564669458,0.019118124483
rc1064c,ok,,30.868170507,325463858.49,765000.71186,2598730.0523,152307963.17,383308.8304,26451906.974,-8.8979448494e-10,1.9922001358e-08,-3.6959382377e-08,-2.0051101317e-08,9.2608619375e-09,-5.9684390465e-11,1.4648719463e-08,7.1998100081e-08,-1.5215031578e-10,-1.7276567859e-07,-3.1063503675e-09,6.4953684713e-08,-4.7416527381e-09,-9.1251830064e-09,-1.4250832164e-08,0.24206280265,0.0063636961243,0.1321658671,0.011206280817
rc08n1,ok,,29.779499696,319045480.63,402249.05286,1688507.0162,153839219.03,205450.37526,24765883.997,-1.8147128427e-09,2.305302891e-08,-5.1952466936e-08,-6.1454896267e-08,1.0423883905e-08,4.4600244103e-09,4.1498675861e-08,9.6216092015e-08,-6.4361298188e-10,-2.7266754474e-07,-5.8160144212e-09,7.937149006e-08,-2.2466742204e-08,-2.0145857724e-08,-7.879657177e-08,0.23344937298,0.0088490088788,0.10968026162,0.01669280306
rc10n1,ok,,30.314247331,321554776.71,646090.75477,2485155.118,152044836.67,336964.31058,25500170.381,-1.3546308566e-09,1.8848119689e-08,-4.0909556373e-08,-3.5644496936e-08,9.842408406e-09,3.309630424e-09,2.5117404807e-08,7.6013416509e-08,-3.9390073668e-10,-1.5399560461e-07,-2.9864275092e-09,6.5886619088e-08,-6.61774594e-09,-1.3465614106e-08,-4.5720935522e-08,0.23691927164,0.008362880431,0.099495136411,0.016228123029
raf28,ok,,30.339706477,321482126.01,636790.95124,2497638.3676,152038844.46,335021.1562,25414914.951,-1.8831990816e-09,1.7565932549e-08,-4.0735441275e-08,-4.0496763861e-08,9.4676484124e-09,-1.0399972e-09,3.5112592385e-08,7.4478799157e-08,-3.0819391559e-10,-9.6521412202e-08,-1.1252095016e-08,6.5687898622e-08,-1.757661426e-08,-1.1868947267e-08,-1.0993967684e-08,0.2368253294,0.012695169338,0.061463961891,0.022359381106
rc1264c,ok,,31.159138145,323742377.37,1040062.8748,3076649.4257,148335511.21,574647.1167,26016342.617,-7.1391914556e-10,1.718524519e-08,-2.9423443333e-08,-1.3347345295e-08,9.1873930792e-09,9.6945218875e-10,1.1104197823e-08,5.9352749574e-08,5.1819017475e-11,-5.4970668839e-08,9.9934958393e-10,6.1516478464e-08,9.0803751766e-10,3.0878589984e-09,-8.7204402673e-09,0.23727610172,0.0064811476513,0.057172951865,0.011549063911
rc410,ok,,30.529825162,323418714.97,725458.6656,2861634.9963,153142956.49,379806.91394,25978704.638,-1.8889857716e-09,1.5342172685e-08,-3.8491545261e-08,-4.4731317866e-08,9.8512334104e-09,4.4128304953e-09,3.3971806621e-08,6.9536609866e-08,-5.0527386287e-10,-6.4869205868e-08,-6.1466558317e-09,6.0263239387e-08,-8.9673134909e-09,-1.284303716e-08,-4.9172104599e-08,0.23412910899,0.012621159774,0.047059927528,0.024645141499
rc12n1,ok,,30.716549367,323840838.17,951521.80511,3476965.8446,151271380.75,504076.64106,26096049.901,-1.0139693893e-09,1.5780957869e-08,-3.3440411722e-08,-2.1633348666e-08,9.4536473807e-09,2.3060285729e-09,1.5952860584e-08,6.2502761484e-08,-2.4608978113e-10,-9.6207108113e-08,-1.2586017847e-09,5.5730666818e-08,-2.5458085995e-09,-9.2245332897e-09,-2.776373691e-08,0.23875273698,0.0075650201295,0.091543161176,0.015179494699
rc510,ok,,30.443298663,322678741.31,686638.98051,2697942.4196,152728126.48,360381.65668,25781281.266,-2.0076075567e-09,1.6853924051e-08,-3.9572118871e-08,-4.9456452173e-08,1.0110694919e-08,4.2185939219e-09,3.6441697985e-08,7.1992326692e-08,-5.3913723894e-10,-1.0259406688e-07,-6.1936293894e-09,6.2585429131e-08,-9.9368847812e-09,-1.3148936424e-08,-5.4986863576e-08,0.23529608436,0.013165755885,0.07044508549,0.025022290352
rc12b3,ok,,31.287084431,327354094.2,1156084.7809,3820644.0661,151248103.88,602767.52332,26925539.549,-1.4681788684e-09,1.6280098121e-08,-2.9515445395e-08,-2.7534571247e-08,9.4559684688e-09,1.5745474981e-09,2.1597371158e-08,5.7050186107e-08,-1.7558340418e-10,-1.0525353116e-07,-1.2216786273e-09,5.3825559535e-08,-2.3079109052e-09,-4.3918841076e-09,-2.8676295453e-08,0.24171430433,0.012422677604,0.1216820055,0.024968392103
raf69,ok,,31.0431579,321308810.26,2363972.6065,7366803.1098,142110715.51,1631416.8419,25202224.719,-7.6675781426e-10,8.614956621e-09,-1.801021727e-08,-7.1972874873e-09,8.5879509241e-09,8.5311966012e-10,8.3886928411e-09,3.547044064e-08,1.1785929058e-10,4.0413463338e-08,1.2554693451e-09,3.9123141403e-08,1.7109088645e-09,5.6987807435e-09,1.5561577712e-10,0.2164815038,0.011796735904,-0.095536320264,0.019830640081
rcsc2,ok,,31.031227707,326053862.18,806540.75666,2630196.8998,152193601.27,401302.15001,26589134.234,-5.3411243292e-10,1.8993841182e-08,-3.5590018142e-08,-9.7035326855e-09,9.002848029e-09,-1.7374450135e-09,7.816618092e-09,7.0088296847e-08,-3.0581487703e-11,-1.3545662394e-07,-2.6477191503e-09,6.4941971592e-08,-3.4762433744e-09,-6.7070590207e-09,5.5806750715e-09,0.23995453535,0.0044314581336,0.10925128797,0.0063044210704
rg12,ok,,29.896818356,317761902.59,590144.16676,2319269.7999,151026704.97,299753.02182,24603999.221,-1.5137106731e-09,1.850246788e-08,-4.2973665318e-08,-3.57940567e-08,9.4471753985e-09,-1.7057995094e-09,2.6108931392e-08,8.039301837e-08,-2.6176389251e-10,-1.3013302762e-07,-8.7447739432e-09,6.8983086663e-08,-1.4288233404e-08,-1.4874085068e-08,-5.0278631122e-09,0.23111047834,0.010381089961,0.076797247154,0.015408033561
rg12a189,ok,,29.841906997,317489073.05,553817.56286,2214492.3192,151283690.35,281947.43446,24518139.254,-2.0312364959e-09,1.9014035345e-08,-4.4280485237e-08,-5.0952120137e-08,9.5780033138e-09,-1.6971472931e-09,3.6012389744e-08,8.241670243e-08,-3.7831880581e-10,-1.4114536941e-07,-1.1743353792e-08,7.0548901451e-08,-1.9484833667e-08,-1.5716027063e-08,-1.2356631776e-08,0.23047964353,0.01356301331,0.078168784494,0.019944293921
rg12a,ok,,29.841907187,317489107.84,553811.51782,2214515.2918,151283789.2,281951.88584,24518125.674,-2.0312784714e-09,1.9013460868e-08,-4.4280755468e-08,-5.0952287642e-08,9.5780989779e-09,-1.6961318664e-09,3.601506863e-08,8.2415875487e-08,-3.7836116442e-10,-1.4112913838e-07,-1.1740438872e-08,7.0548268228e-08,-1.9481793644e-08,-1.5716074023e-08,-1.2362908112e-08,0.23047956459,0.013562867253,0.078158942334,0.019945559823
rg14,ok,,29.805209667,317723619.43,488501.47144,1974889.7696,152045889.32,247040.4489,24506665.037,-1.8661250419e-09,1.9833968496e-08,-4.7111082916e-08,-4.9376194657e-08,9.6152959262e-09,-1.1553351018e-09,3.681447183e-08,8.7418890601e-08,-3.722373312e-10,-1.4765515329e-07,-1.3337443249e-08,7.4432261271e-08,-2.1990387757e-08,-1.685610652e-08,-1.5791252013e-08,0.2309147306,0.011297274601,0.072129759646,0.017983923659
rg149,ok,,29.956173623,318466808.93,557778.156,2197434.5606,151617888.62,283110.08922,24726350.579,-1.7481964757e-09,1.8650286619e-08,-4.4062046308e-08,-4.3588617202e-08,9.548677654e-09,-6.197017551e-10,3.2184397052e-08,8.1909849282e-08,-3.3465624255e-10,-1.2146185975e-07,-1.0823099135e-08,7.0666684561e-08,-1.6429252026e-08,-1.5024247624e-08,-1.5228699093e-08,0.23145274063,0.011342705625,0.067748772156,0.01795175364
rg1410,ok,,30.192383782,319713060.97,698571.56969,2667085.0264,151014430.01,358091.97259,25081634.446,-1.555795018e-09,1.6821392064e-08,-3.9234903168e-08,-3.4439083358e-08,9.4179166895e-09,-2.993526639e-10,2.5742556441e-08,7.3163147578e-08,-2.6983033664e-10,-9.0528968065e-08,-7.1956785428e-09,6.4202653162e-08,-1.0699043515e-08,-1.2104993739e-08,-1.2243341895e-08,0.23242507913,0.011313572014,0.063240963323,0.017983018061
rg1495,ok,,30.078035528,319094951.51,626215.94393,2426480.1572,151284126.32,319461.30719,24909133.804,-1.6467444973e-09,1.7691890402e-08,-4.1519462241e-08,-3.8616903354e-08,9.4823039388e-09,-4.3872876424e-10,2.8695062453e-08,7.7300537175e-08,-3.0015147955e-10,-1.0447826214e-07,-8.8091560767e-09,6.72852183e-08,-1.3181166783e-08,-1.3474113262e-08,-1.362291312e-08,0.23200520394,0.01132713858,0.065425953548,0.01796930562
rg14a147,ok,,29.335087052,315770307.48,322816.19673,1394068.4803,154168247.0,159090.20472,23851877.218,-2.0498172034e-09,2.3710958291e-08,-5.8051141529e-08,-6.937984574e-08,9.8384809122e-09,-1.562296121e-09,4.8858413955e-08,1.0794174576e-07,-4.9081799639e-10,-2.4916523645e-07,-2.2235708314e-08,8.8092536498e-08,-4.1119448824e-08,-2.4141186524e-08,-2.6077343683e-08,0.22779682257,0.010092779466,0.080434573988,0.015772287371
rg15,ok,,29.695867831,316632398.18,527050.32863,2197103.556,151754164.83,270398.76145,24327695.852,-2.0764793224e-09,1.8389866897e-08,-4.5593122236e-08,-5.0333272175e-08,9.4275321104e-09,-2.8531458396e-09,3.8311461132e-08,8.3384423444e-08,-3.8311018221e-10,-1.2342494212e-07,-1.7240436165e-08,7.0201137691e-08,-2.699688038e-08,-1.7797294911e-08,-5.5462084625e-10,0.22916649293,0.013575686943,0.065051156308,0.02019206818
rg15a111,ok,,30.196491252,319533282.23,820679.55683,3198220.1327,150599793.69,429385.38256,25083378.493,-1.6942687202e-09,1.5010559239e-08,-3.6293034619e-08,-3.2941622948e-08,9.2695202927e-09,-1.273839028e-09,2.5214426051e-08,6.6764415987e-08,-2.67417209e-10,-6.7418269123e-08,-7.9936011207e-09,5.8327227631e-08,-1.1797474251e-08,-1.1720376225e-08,-2.8312745875e-09,0.23150601244,0.013863228524,0.055328795226,0.020692963998
rhodesg32,ok,,30.783516925,324539747.13,987900.35729,4077001.2111,151685082.36,553571.77129,26161160.832,-4.6367664972e-09,1.3258110962e-08,-3.1931619817e-08,-9.3782245826e-08,1.2925833416e-08,7.0254502633e-09,6.8700730403e-08,5.5418885229e-08,-8.2368766461e-10,-4.1210892664e-08,-9.5122600125e-09,5.1047854219e-08,-1.5008054641e-08,-8.0977236051e-09,-7.6105844362e-08,0.23417642124,0.04212586961,0.040712255587,0.067869476111
rhodesg30,ok,,30.251222885,321092969.76,647484.35275,2807712.0805,152519818.01,353146.43809,25323724.531,-4.7463938877e-09,1.6291378108e-08,-3.9671889233e-08,-1.2088692815e-07,1.3433697568e-08,7.7084757234e-09,8.5396688295e-08,6.8736019423e-08,-1.0445305611e-09,-7.2297945687e-08,-1.7722970785e-08,6.166571214e-08,-2.8690475867e-08,-1.241894975e-08,-9.8170151724e-08,0.23364533865,0.034632935168,0.046811788568,0.055293019448
rg8,ok,,30.151721599,319368241.62,763113.17023,3072340.406,151097237.66,404167.44539,25024858.123,-2.0686737552e-09,1.5250800407e-08,-3.7576858524e-08,-3.8521484609e-08,9.0230217294e-09,-3.8749732638e-09,3.1470108997e-08,6.8170768147e-08,-2.6857674272e-10,-6.8512240105e-08,-1.3113472535e-08,5.9109425452e-08,-1.9457599006e-08,-1.2806394517e-08,1.519451227e-08,0.2317111968,0.016992749363,0.052282592746,0.024015254645
rg15a213,ok,,30.618097318,322413956.69,1164290.5626,4402790.0368,150246867.08,624393.09581,25751821.486,-1.9550216669e-09,1.2703406906e-08,-3.012050879e-08,-3.170487962e-08,9.0830529359e-09,-9.7500405587e-10,2.4759226675e-08,5.5283581073e-08,-2.6465754328e-10,-4.3159064793e-08,-5.6964856158e-09,4.9592771136e-08,-8.384215677e-09,-8.2175129337e-09,-3.4816639508e-09,0.23212910395,0.019291769665,0.050249691828,0.028826933954
s1012,ok,,30.349321325,319549117.64,1131729.6647,3998987.9493,148567179.66,576547.55624,25134341.512,1.4381583906e-16,1.5081616543e-08,-3.0810591477e-08,4.3912953679e-15,9.1435472864e-09,-4.8659003621e-15,-8.6904511889e-15,5.9534085569e-08,-5.7939274105e-16,-9.5487157029e-08,2.3514209091e-14,5.3570905573e-08,-1.2811313131e-13,-8.2225989743e-09,3.3519970565e-15,0.22981704013,-2.0876494851e-09,0.10806564821,-9.8352414099e-09
rhodesg36,ok,,31.389811088,328730256.54,1883659.4853,7376033.354,150018627.88,1092276.6513,26990994.09,-4.515122306e-09,9.6665683612e-09,-2.2869014609e-08,-6.4347349684e-08,1.2145509247e-08,5.1961662043e-09,4.8878556974e-08,4.0095121211e-08,-5.9000764914e-10,-2.2543175814e-08,-3.8609937862e-09,3.7925425812e-08,-6.2333593023e-09,-4.2958868947e-09,-5.1425426869e-08,0.22918033085,0.057601928463,0.042463666951,0.092070557473
s1014,ok,,30.867188014,323348534.09,2094406.2658,7123858.4595,147560399.87,1109514.3915,25881727.752,2.7670568519e-17,1.1725065334e-08,-2.2374562072e-08,-2.8450190698e-15,8.9019601497e-09,1.7151413711e-14,2.0814136082e-14,4.3376075327e-08,3.9160571316e-15,-6.1093962461e-08,-1.7013388419e-14,4.0025132386e-08,6.2063035537e-14,-4.818593072e-09,-1.277144704e-15,0.23039810906,2.8301130785e-09,0.12795557778,4.3593257028e-08
s1020,ok,,31.08293132,325957809.46,1515491.3033,5954515.7716,149835857.61,875982.7515,26400492.459,-3.1648596853e-09,1.182750989e-08,-2.5796922315e-08,-4.0054044623e-08,8.6799676805e-09,-3.8924642751e-09,3.7669131881e-08,4.5643436692e-08,-3.1447815578e-10,-4.9418302091e-08,-6.237956476e-09,4.2459879574e-08,-1.0244859817e-08,-5.5624090663e-09,6.0619457219e-09,0.23476394766,0.036334346059,0.074893007043,0.057087241769
s1016,ok,,31.081372604,325151471.43,2418220.7649,8087379.2839,147840059.55,1283841.0186,26273272.275,-8.0411570981e-17,1.0752216007e-08,-2.0705039109e-08,7.9420560591e-16,8.7548624142e-09,-7.5216343228e-17,-3.0469828031e-15,4.0221959419e-08,-5.3670079415e-16,-4.9092436259e-08,-2.0627768698e-14,3.735736704e-08,-5.2723389077e-14,-4.079465364e-09,-9.9869348548e-15,0.23001888394,-3.9688522789e-09,0.11871634876,-7.3682770848e-09
s102b,ok,,30.629253114,322537681.01,1465019.353,5491186.9193,149327062.32,793090.54898,25755930.78,-1.398888605e-09,1.2306704896e-08,-2.7083239643e-08,-2.003720683e-08,8.9816018571e-09,-1.7254993526e-09,1.4319083754e-08,5.0189029148e-08,-1.7468795999e-10,-6.0878792647e-08,-3.5722547357e-09,4.4484000526e-08,-5.6548460478e-09,-8.2481154942e-09,2.6437240233e-09,0.23241053137,0.016378691732,0.089188609414,0.020977734816
s1010,ok,,29.046315037,314881076.38,248149.21402,1093844.8809,156798985.93,116162.43279,23439656.972,1.140450845e-15,2.4192998522e-08,-6.7011339588e-08,4.6941526241e-14,9.5348563997e-09,-3.7674110325e-14,-9.340193604e-14,1.2520392301e-07,-6.7784876796e-16,-2.1635126169e-07,5.1606258444e-13,9.8601000806e-08,-2.6773888493e-12,-3.1606145534e-08,2.1838239704e-14,0.22349376328,-4.8858866961e-09,0.053687395541,-2.3177617016e-08
s102s,ok,,30.433354076,320269968.33,1464273.7264,5470322.8626,147892256.77,792842.92026,25185726.915,-1.4011338862e-09,1.2361711795e-08,-2.7038173965e-08,-2.000304511e-08,9.0374552561e-09,-1.7716615364e-09,1.4241996892e-08,5.0509892907e-08,-1.5339322958e-10,-6.033084612e-08,-3.2371651727e-09,4.5333523737e-08,-5.1914939895e-09,-7.4979343713e-09,3.1677258688e-09,0.22887867391,0.016434210587,0.088340872866,0.02085418186
rhodesg34,ok,,31.24391951,327972651.38,1387861.6328,5544305.3184,151330398.48,797349.2335,26918399.969,-4.558958599e-09,1.1123620004e-08,-2.6740232212e-08,-7.6574250303e-08,1.253109817e-08,6.4975240729e-09,5.7854928348e-08,4.6461940048e-08,-6.6750811267e-10,-2.574532612e-08,-5.4443395342e-09,4.3519603891e-08,-8.7421590452e-09,-5.5533620481e-09,-6.2433817175e-08,0.23384082945,0.049542317818,0.035730950346,0.080294635325
s1046,ok,,30.853761282,324293620.23,1817572.1175,6951889.567,149463117.4,1008062.5853,26084929.043,-1.7399287213e-16,8.979249074e-09,-2.4189243457e-08,-1.412663865e-15,8.7691818432e-09,-5.0345687328e-17,3.3705784512e-16,4.3638983656e-08,-6.4487888845e-16,-8.1387594989e-09,-1.9207657408e-14,3.8977850811e-08,-1.546235277e-14,-6.5191298234e-09,-7.0303880547e-15,0.22874348614,-1.9706777535e-10,0.014792782336,6.1262694128e-10
s1048,ok,,30.397837246,320827674.92,1214577.2685,4782659.1892,149938489.07,656372.55218,25385272.16,-7.4230492037e-17,1.1068108132e-08,-2.9941795432e-08,-3.0437534994e-15,9.0727233821e-09,3.2866527567e-15,7.5997235464e-15,5.4019318547e-08,5.9588387114e-16,-1.7454069091e-08,-4.5962968838e-14,4.7143166933e-08,-7.2473501916e-14,-9.4148732631e-09,-1.6957961062e-14,0.23031355229,-5.657240583e-10,0.021199315561,9.2304514666e-09
s2027,ok,,30.220954567,318673272.83,1346062.0972,5429097.8147,148163788.89,741537.11895,24828156.51,-1.9427800286e-09,1.1095279358e-08,-2.8317804211e-08,-2.8886103543e-08,9.3094138573e-09,1.4979972287e-10,2.3962486236e-08,5.0876133198e-08,-3.4365942097e-10,-3.3422199497e-08,-4.7450265281e-09,4.5058116193e-08,-7.5252934681e-09,-8.7213930702e-09,-1.0793781855e-08,0.22537994882,0.019617474716,0.044988355948,0.032254994477
s1091,ok,,29.274944875,328914597.05,109797.24431,2377367.8069,185405890.53,134429.88303,25400562.043,-7.9594250873e-09,2.2065479073e-08,-7.3492750628e-08,-3.3078972271e-07,1.2323904888e-08,-3.8946167546e-08,6.4701992475e-07,2.4062760574e-08,-4.4736020329e-09,-6.2391136319e-07,-1.6118059477e-07,4.533994584e-08,-5.4069149878e-07,-5.7979339487e-08,-7.8352505318e-08,0.22449903594,0.042108090719,0.068503748374,0.071041004754
s2055,ok,,29.771918664,317068977.27,457499.61719,1798342.6756,151172156.97,229552.90597,24270526.024,-2.0785822194e-09,2.2424475597e-08,-4.8250660342e-08,-5.6362171676e-08,9.6499118081e-09,-3.0009923754e-09,4.2171684153e-08,9.1304281601e-08,-3.4759514891e-10,-2.1974932268e-07,-1.603575031e-08,7.9526331271e-08,-2.6769465314e-08,-1.5396932243e-08,-1.3217026566e-08,0.23005592114,0.012240222803,0.10053523101,0.019293529356
s2048,ok,,29.651246126,316111324.86,500546.1685,2069201.3921,151263465.11,256736.90477,24152870.911,-2.3168251301e-09,1.9964464985e-08,-4.6479147601e-08,-5.5789462411e-08,9.3157812821e-09,-5.2091618413e-09,4.3717178995e-08,8.5750111902e-08,-3.5750449784e-10,-1.6424339273e-07,-2.2881193126e-08,7.3162321666e-08,-3.5164356523e-08,-1.7328224817e-08,1.0266893072e-08,0.22855308079,0.014925759576,0.082211400931,0.021882466443
s2046,ok,,28.747161967,308320204.7,501344.04654,2481890.4972,151021344.53,264526.20031,22615699.532,-2.9479020796e-09,1.5605729574e-08,-4.7586189228e-08,-6.771572625e-08,8.9934069289e-09,-5.585534424e-09,5.5402814218e-08,8.2017855406e-08,-6.3369069393e-10,-7.6780398999e-08,-3.5918574251e-08,6.5411197613e-08,-5.4211994412e-08,-2.5785907141e-08,2.8244899003e-08,0.21482286688,0.019518738776,0.038493395929,0.02777587107
s2060,ok,,29.353913982,314416905.66,420771.81748,1859352.7265,152462639.88,214954.41604,23737717.993,-2.3065685112e-09,1.9636303475e-08,-5.1115165259e-08,-5.9406694419e-08,9.3385860426e-09,-4.7853215945e-09,4.9170812978e-08,9.2102912691e-08,-4.3313423744e-10,-1.4301250813e-07,-3.1650173442e-08,7.6216518868e-08,-4.6297262708e-08,-2.2029250369e-08,1.15271143e-08,0.22516949673,0.013327739789,0.060175632967,0.020689692344
s2062,ok,,29.370584615,314439059.11,422277.78681,1838987.8432,152166057.58,214516.14372,23735400.771,-2.1941931445e-09,1.9999294058e-08,-5.0980415511e-08,-5.6992569489e-08,9.4089135138e-09,-4.4058387402e-09,4.6643928186e-08,9.2671529153e-08,-4.0791440042e-10,-1.5266961091e-07,-2.8313887416e-08,7.6996883832e-08,-4.2378455653e-08,-2.123477709e-08,7.9528122186e-09,0.22563146307,0.012610792033,0.06446898541,0.019696694762
s3,ok,,29.872668436,317563352.08,776538.67799,3219663.0515,150882556.84,406043.62907,24666962.946,-1.419482767e-09,1.3667404194e-08,-3.7887515834e-08,-3.5338780689e-08,9.8459426146e-09,4.0735619429e-09,2.1539637156e-08,6.835610272e-08,-4.3442687584e-10,-4.1073381188e-08,-1.6426946981e-09,5.7257088251e-08,-4.6492423627e-09,-1.4612528098e-08,-3.9635634067e-08,0.22877655706,0.010670014009,0.031895069128,0.016726361361
s2091,ok,,29.285516898,312393753.1,635538.96168,3250076.6586,150482050.08,361390.68243,23407278.178,-3.8680911195e-09,1.3701623177e-08,-4.1192995042e-08,-8.1324263011e-08,9.9310260228e-09,-2.7854080952e-10,7.2483908028e-08,6.7235432658e-08,-9.699454623e-10,-4.587983666e-08,-2.7115255442e-08,5.7196154615e-08,-4.2950430011e-08,-1.8476151326e-08,-2.1997134227e-08,0.21731074767,0.027664081998,0.029158423753,0.046066347647
s3002,ok,,29.23853769,311629024.53,660625.88272,2998403.6173,149382357.55,349992.24294,23323723.764,-3.1413241944e-09,1.5173412783e-08,-4.0969762871e-08,-6.7795542025e-08,9.5433505658e-09,-2.4991730637e-09,5.2117232027e-08,7.2391847365e-08,-7.1073485663e-10,-8.5026242455e-08,-2.0168714839e-08,6.0732396672e-08,-3.1403572128e-08,-1.8358562295e-08,-8.5424547818e-09,0.2178568588,0.023076776347,0.056170536476,0.034429992413
s3010,ok,,29.22276411,311643948.8,654574.07676,3105385.5844,149833312.8,354641.64308,23297439.944,-2.8555152169e-09,1.3286565226e-08,-4.1278964218e-08,-6.1728971976e-08,9.8724955519e-09,1.2794589256e-09,5.0776301738e-08,7.0611849673e-08,-7.3418371083e-10,-2.9010622154e-08,-1.8811509274e-08,5.8849197393e-08,-2.8703559408e-08,-1.8313759173e-08,-2.4076210043e-08,0.21770750126,0.020034267789,0.018989601212,0.033236850832
s3014,ok,,29.659460613,315826812.28,592206.67446,2612634.5412,151087244.33,314977.69373,24169250.262,-2.717491116e-09,1.6380955975e-08,-4.2834335625e-08,-6.3152545705e-08,9.9789906138e-09,5.4406590944e-10,5.1801387058e-08,7.5427843626e-08,-6.3669079263e-10,-8.7667560057e-08,-1.9932597231e-08,6.4387763537e-08,-3.0944778029e-08,-1.6585631529e-08,-3.0970060525e-08,0.22627211033,0.01768609167,0.051917314199,0.030677127162
s4053,ok,,30.059634229,319991445.6,527354.28804,2302710.4574,152842343.46,286408.60959,24997963.934,-3.2540005388e-09,1.8769277023e-08,-4.4520199378e-08,-7.796344627e-08,9.8096710514e-09,-2.5913010126e-09,6.6423085475e-08,7.7799360691e-08,-6.3207317724e-10,-1.3590198217e-07,-2.4668871196e-08,6.8000543267e-08,-3.9951741427e-08,-1.5418026989e-08,-2.2238967633e-08,0.23279817859,0.020847465737,0.071668493049,0.03502849895
s3025,ok,,29.988202103,319044225.41,569453.61234,2634427.2656,152454672.15,318800.45134,24797253.932,-3.6999195785e-09,1.660222718e-08,-4.2737355187e-08,-8.5085443392e-08,1.0044060239e-08,-8.4729675625e-10,7.3891998932e-08,7.2212723017e-08,-7.5513239154e-10,-8.7415706761e-08,-2.3792647158e-08,6.3297448854e-08,-3.9913079769e-08,-1.5069897544e-08,-2.8722184515e-08,0.22972448388,0.025023897736,0.049779189991,0.042078065715
s3016,ok,,29.616188675,315467628.08,593570.32138,2573058.976,151014904.28,311063.35302,24109327.894,-2.2425760689e-09,1.6101859655e-08,-4.3051122116e-08,-5.2429402255e-08,9.8097075059e-09,8.6724691199e-10,4.2266765748e-08,7.6711787211e-08,-5.3600702957e-10,-7.7299279757e-08,-1.7120101339e-08,6.4827669702e-08,-2.6013950562e-08,-1.697682939e-08,-2.6572712474e-08,0.22604080492,0.014441457902,0.045882558328,0.025088297729
s3021,ok,,29.943132287,318516330.42,576260.28638,2552512.1061,152056884.87,313817.23442,24705290.507,-3.0515769115e-09,1.645878103e-08,-4.2930716893e-08,-7.1615463587e-08,1.0074144513e-08,9.0088052124e-10,6.0100275151e-08,7.4443244265e-08,-6.5752886091e-10,-7.7021015145e-08,-1.8986037971e-08,6.4588294366e-08,-3.0897813834e-08,-1.5087297514e-08,-3.3992435222e-08,0.22998232997,0.020023158548,0.044384152244,0.03463340177
s3024,ok,,29.89778472,317172777.3,665108.06864,2944640.2047,150344462.58,366615.80382,24424828.874,-3.4338822059e-09,1.6648375475e-08,-3.9712505578e-08,-7.1968462168e-08,9.8638290924e-09,-2.4489878142e-09,6.2719151437e-08,6.901264361e-08,-6.4023027106e-10,-1.0938817434e-07,-1.9826633275e-08,6.1220359329e-08,-3.2585243973e-08,-1.3220474216e-08,-2.1124325227e-08,0.2272942298,0.024625992441,0.07275495737,0.041715013679
s4094,ok,,31.836247407,332675442.69,663895.97048,2257388.1132,153641541.89,359788.98692,27871923.007,-2.1888965668e-09,1.7758176178e-08,-3.7503206882e-08,-5.2556127545e-08,9.6384126162e-09,4.8049122431e-09,4.391968797e-08,6.9754300304e-08,-2.4859085002e-11,-2.0612777767e-08,1.7773186252e-10,6.9244450416e-08,-1.8719882106e-09,-6.7850254608e-10,-3.6178426683e-08,0.2495277347,0.015663802425,0.0136847401,0.029158103868
s4061,ok,,29.216778861,311774072.31,589406.90443,3026920.1037,150204170.85,335532.65078,23240197.509,-3.9397214549e-09,1.5276474139e-08,-4.2607535183e-08,-8.3850511353e-08,9.761511837e-09,-2.969674742e-09,7.6964987137e-08,6.9823580383e-08,-9.3150615938e-10,-8.4589150684e-08,-3.0708210256e-08,5.9794037251e-08,-5.0555361019e-08,-1.8860709703e-08,-1.3097691543e-08,0.21829104857,0.027175792539,0.049857429453,0.045363694818
s4062,ok,,29.514352855,314013020.76,619950.90434,3041446.6844,150023544.33,353247.29987,23701150.28,-4.0331343405e-09,1.6609800035e-08,-4.1079894059e-08,-8.2224098846e-08,9.4391075815e-09,-6.0468750613e-09,7.6908298747e-08,6.841456665e-08,-7.9775303524e-10,-1.2268701799e-07,-2.8775280379e-08,6.0159109578e-08,-4.8242950313e-08,-1.6127513992e-08,-2.5894522703e-09,0.22193491151,0.028842457758,0.076059927757,0.04767936936
s4095,ok,,32.025040277,334364745.34,721080.65064,2290244.2358,154442998.22,373683.97668,28367814.613,-2.1016273239e-09,1.9788795317e-08,-3.5916004115e-08,-5.1053938754e-08,9.6087794342e-09,2.8527904171e-09,3.9408359294e-08,6.9017685879e-08,-2.1953531954e-11,-9.6682256942e-08,2.9056154942e-10,6.855423677e-08,-1.7379910865e-09,-5.8880257758e-10,-3.6616429788e-08,0.25271145411,0.015623159473,0.069715704741,0.02841660536
s4110,ok,,29.484108315,315560325.44,456293.1539,2223280.8082,153494481.48,248359.51994,24014279.348,-3.6678921786e-09,1.7731025911e-08,-4.8277172839e-08,-9.1374536437e-08,9.357277513e-09,-4.3253659549e-09,7.9020221556e-08,8.1256274748e-08,-8.1395789639e-10,-1.028790545e-07,-4.2520585032e-08,6.8409420961e-08,-6.413238579e-08,-2.1702091027e-08,-1.9662621844e-11,0.22469756052,0.022692638717,0.046943008248,0.036056386116
s4096,ok,,32.469696312,337374490.75,1399240.7199,3989826.8483,154616068.64,706438.62255,29420847.109,-1.3746053432e-09,1.74620251e-08,-2.5818561425e-08,-2.4140633894e-08,9.0083702777e-09,-2.9576843369e-10,1.7580369427e-08,5.1875059046e-08,-1.5521335397e-11,-1.1823124438e-07,-4.5852963748e-12,5.1447429123e-08,-6.5040448979e-10,-4.2621564598e-10,-1.565017059e-08,0.2571483791,0.014212653479,0.16543397151,0.024599168773
s4083,ok,,29.726670155,321410715.33,344925.58891,2037804.3725,161718248.35,200571.76556,25273903.811,-4.481213275e-09,1.6019045403e-08,-5.4632895531e-08,-1.3461072349e-07,1.0334834167e-08,2.9969134232e-09,1.1886609069e-07,8.1594820232e-08,-1.4615005178e-09,-4.9711910839e-09,-6.6712932929e-08,6.5089164014e-08,-1.0843071627e-07,-3.0070851855e-08,-4.2104458553e-08,0.23245188364,0.025037862367,0.0017146910122,0.040999956333
s4320,ok,,28.980010086,310433328.81,541877.38151,3076121.2625,151375049.89,318294.7234,22956733.712,-4.6712118529e-09,1.4617051265e-08,-4.4153302388e-08,-1.0573571423e-07,1.0255359521e-08,-1.5565194841e-09,9.6126338579e-08,6.8856091164e-08,-1.3111548961e-09,-6.8029766204e-08,-3.7056200293e-08,5.8368217506e-08,-6.4469607636e-08,-2.2152447226e-08,-2.6107992677e-08,0.21524173123,0.031868685161,0.036863791575,0.052088688644
s4310,ok,,29.866264718,316720902.38,778267.34136,3591780.5803,149959105.94,440866.21231,24347798.86,-3.6847221198e-09,1.4153970733e-08,-3.6821767517e-08,-7.1486894985e-08,1.0074318049e-08,-4.4830806304e-10,6.2688378265e-08,6.2271696551e-08,-7.6234987417e-10,-6.6498571715e-08,-1.6723037038e-08,5.5029865959e-08,-2.7731842672e-08,-1.2973942557e-08,-2.7306380288e-08,0.2242977356,0.028820211621,0.051753666613,0.048788317487
s4233,ok,,30.156308377,318174787.36,1212758.6596,4955859.0566,148184670.23,670924.56277,24710878.075,-2.3882540872e-09,1.2340518713e-08,-2.9737608672e-08,-3.5900875367e-08,9.3436333783e-09,-1.2978931961e-09,3.1351850775e-08,5.3248038722e-08,-3.9801990286e-10,-5.350760624e-08,-7.1070955864e-09,4.7376708103e-08,-1.1494931396e-08,-9.190047215e-09,-7.5883969641e-09,0.22636657785,0.022934903197,0.064891812824,0.038022228524
s7055,ok,,30.21030154,319983532.19,744968.55392,3201447.5261,151033822.48,412754.98174,25091032.763,-3.2143948647e-09,1.5781491088e-08,-3.7515363777e-08,-6.4828293752e-08,9.9816170946e-09,-7.5678356913e-10,5.6191694759e-08,6.5303320715e-08,-6.1348187517e-10,-9.2303903525e-08,-1.4826747623e-08,5.8128418316e-08,-2.4401943752e-08,-1.1862340905e-08,-2.8452099565e-08,0.23131147718,0.024045110148,0.06876350553,0.041861045587
s6063,ok,,28.580656292,309141661.6,299917.4116,1450439.613,153172915.7,149573.08414,22467019.35,-2.1764802796e-09,2.1453219787e-08,-6.1192642092e-08,-7.0775745506e-08,9.8035375975e-09,-2.4893029152e-09,5.5113786033e-08,1.102433501e-07,-5.6893647219e-10,-1.9430718599e-07,-4.0248924465e-08,8.6443027464e-08,-6.4891743791e-08,-3.0785808845e-08,-1.2467200715e-08,0.21729030933,0.010180988409,0.058276108276,0.01652958405
s6061,ok,,29.306756088,312671592.88,531711.24507,2282694.9776,149806838.03,273672.69719,23452316.646,-1.9884108453e-09,1.8068688303e-08,-4.568884389e-08,-4.8364599988e-08,9.7414795476e-09,-1.0833095299e-09,3.8263981247e-08,8.3399325835e-08,-4.4366845753e-10,-1.2809931067e-07,-1.5624943989e-08,7.015125559e-08,-2.5574842223e-08,-1.814338311e-08,-1.6356182446e-08,0.22337840202,0.01223642314,0.068111843969,0.02034538911
s5010,ok,,28.923276299,309507914.02,573757.15519,2796100.7912,150135372.77,305413.06464,22872854.326,-2.2088895867e-09,1.3607632033e-08,-4.4928065788e-08,-5.6189256891e-08,1.0608522805e-08,5.8305096605e-09,4.3589643596e-08,7.7065992779e-08,-8.7342987299e-10,-3.7228030827e-08,-1.232071697e-08,6.1626426487e-08,-1.9997083347e-08,-2.2467605522e-08,-6.7136894425e-08,0.21619121246,0.012733472124,0.02135984906,0.025009869905
s8023,ok,,28.203972252,309697382.7,277991.05929,1754945.2374,164048553.34,141020.52498,23005352.003,7.0002277776e-15,9.1678943222e-09,-6.7147791015e-08,1.4091586969e-13,9.3612053723e-09,-4.868755061e-14,-3.6762803296e-13,1.052828305e-07,7.137699311e-15,2.1771207851e-07,1.0599611822e-12,6.4227305219e-08,-7.4511752764e-12,-5.2837623318e-08,1.0309970519e-13,0.21535782476,-1.6740904917e-08,-0.060522011325,-1.0219730631e-07
s6062,ok,,29.000079576,311157664.58,404832.5893,1820577.3067,151057819.31,205297.00708,23027392.678,-2.0712297795e-09,1.9922784728e-08,-5.2500067695e-08,-5.7741026831e-08,9.7876927866e-09,-1.7186903257e-09,4.5545745961e-08,9.543288499e-08,-4.9730848646e-10,-1.6328894412e-07,-2.4268530372e-08,7.8135773249e-08,-3.957667887e-08,-2.307651807e-08,-1.5918843223e-08,0.22103728003,0.01113181004,0.066104686052,0.018438402269
s8021,ok,,29.263827189,315257734.25,358697.68659,1600216.8038,155144781.13,176815.15004,23936686.918,-1.7030881852e-15,1.8848195145e-08,-5.6455300003e-08,-4.8719125726e-14,9.4761179873e-09,2.5905552516e-14,7.843545733e-14,1.0211867333e-07,-3.8405203281e-16,-9.4957555347e-08,7.4229871484e-14,7.9686611311e-08,3.7138579615e-12,-2.7673158001e-08,8.9442807208e-14,0.22682686946,1.2201510939e-08,0.034061055427,2.8134617091e-08
s7075,ok,,29.671387017,316103147.46,555898.73981,2454299.3652,151425978.35,295345.66628,24201505.204,-3.3251617872e-09,1.814475463e-08,-4.377272216e-08,-7.5601426802e-08,9.2962242163e-09,-5.4547256025e-09,6.2808254205e-08,7.7340075073e-08,-6.1161433995e-10,-1.3290585212e-07,-2.9120387866e-08,6.6661601892e-08,-4.4188443627e-08,-1.7213147623e-08,2.2844659663e-09,0.22621700532,0.022481194356,0.073882195708,0.034915029362
s8025,ok,,28.545460496,309463591.16,354009.53884,1833952.5596,155650167.72,178339.45683,22819351.402,-5.231954476e-10,1.3916204228e-08,-5.8283437725e-08,-2.0159169722e-08,9.6067615607e-09,2.7702777793e-09,1.1689387336e-08,9.9394436792e-08,-2.888698703e-10,3.2311945189e-08,9.8085980827e-10,7.1735604997e-08,-3.2353817925e-10,-3.5853732481e-08,-2.887347477e-08,0.21684544185,0.0024786437641,-0.011438736816,0.00413815462
s8035,ok,,30.958205281,325109213.88,1319624.313,4786965.6083,150880585.16,706642.58572,26397640.905,-1.0418841894e-15,1.1415381988e-08,-2.8167555045e-08,-1.4108159228e-13,8.8757952851e-09,5.7253620406e-14,-3.978417545e-14,5.2051659946e-08,-1.8179172366e-15,-1.8106233162e-08,-3.3236470323e-13,4.7222817205e-08,1.3778847945e-13,-6.5266749519e-09,-3.7516520129e-13,0.23430005668,3.7579510177e-08,0.023893425497,-5.2500165194e-08
s8036,ok,,31.397641864,328032739.05,1785101.5161,6050227.0442,150233614.71,971735.61447,27020723.7,-1.0979499468e-09,1.1367384274e-08,-2.3795513556e-08,-1.5538812274e-08,8.9142701479e-09,6.6183712908e-10,1.1910061656e-08,4.5050024282e-08,-1.0864200597e-10,-3.6131126126e-08,-9.5523420728e-10,4.2412331089e-08,-1.5113991553e-09,-3.6785969937e-09,-9.6380721504e-09,0.236915754,0.012881917582,0.064497728027,0.02126066912
s8052,ok,,30.054026656,317974863.81,971044.44947,3797991.4423,149327088.4,509622.15285,24761973.271,-1.3464377827e-09,1.3855800172e-08,-3.361992678e-08,-2.5122579903e-08,9.3696024157e-09,3.4344544322e-10,1.9025094972e-08,6.1980050425e-08,-2.7587459965e-10,-6.5310321108e-08,-4.8173718141e-09,5.3909816798e-08,-7.3336397682e-09,-1.1401279299e-08,-1.3111553659e-08,0.22784253636,0.011281107798,0.063419224805,0.018474212873
s8037,ok,,31.425444974,328338928.7,1777267.0874,6124136.2029,150274518.16,977849.81241,27068150.841,-1.524579479e-09,1.121294885e-08,-2.3813242745e-08,-2.1547103274e-08,9.0691885324e-09,1.2226297624e-09,1.710897359e-08,4.4641952061e-08,-1.5833125552e-10,-3.4454397743e-08,-1.2424578105e-09,4.2060115524e-08,-2.0242558402e-09,-3.6618347067e-09,-1.5329598639e-08,0.23668612329,0.017525981919,0.061234667124,0.03040721566
s8038,ok,,30.862297013,324642988.72,1151126.7663,4154351.8574,151140367.52,610284.58543,26298023.449,-7.0082820956e-10,1.2974396112e-08,-3.0234653097e-08,-1.2734606068e-08,9.0272217522e-09,4.403732953e-10,8.7342106711e-09,5.631877365e-08,-1.008908296e-10,-3.9658634888e-08,-1.4822081116e-09,5.0778479054e-08,-2.2139689442e-09,-7.4782765696e-09,-6.2206298209e-09,0.23612320651,0.006875427836,0.045652116135,0.010054183686
s8064,ok,,30.368555702,319624623.21,1108501.9801,3938442.5012,148349089.72,574099.61574,25118044.242,-9.2490276717e-10,1.605379754e-08,-3.0991657962e-08,-1.4041572663e-08,9.2534793316e-09,-1.9301743318e-09,1.2282049365e-08,5.9781692938e-08,-1.0146596647e-10,-1.1573925413e-07,-3.775438566e-09,5.4138266165e-08,-5.7279333273e-09,-7.7551599151e-09,1.9040247029e-09,0.23281455189,0.0083157611907,0.12829719238,0.013614676041
s8055,ok,,30.316687433,319785640.73,1044047.3507,3914396.1935,149275376.41,546934.55456,25159585.512,-1.683739571e-09,1.4504681428e-08,-3.2037166392e-08,-2.9820938798e-08,9.3589536272e-09,-3.7288437814e-10,2.3179471026e-08,5.9929051083e-08,-2.8224056826e-10,-7.9743531641e-08,-5.5177618975e-09,5.3465995931e-08,-8.3849012541e-09,-9.2517043524e-09,-1.2792100797e-08,0.2302063035,0.014700212445,0.083256022945,0.024200465316
s8065,ok,,30.147471674,318339857.21,865468.73404,3169655.6482,148869708.26,443986.44906,24809260.835,-1.0439223389e-09,1.7522879179e-08,-3.5248718076e-08,-1.8204022641e-08,9.3314274708e-09,-2.2165923559e-09,1.5675501478e-08,6.7568174262e-08,-1.3097147244e-10,-1.3728875051e-07,-5.8951514687e-09,6.0221891022e-08,-8.8789223644e-09,-9.9341918661e-09,1.7352719478e-09,0.23185362945,0.0082609730322,0.1188191211,0.01356665642
s8066,ok,,29.913994045,317052673.74,698946.62449,2639225.9405,149429807.31,354668.74605,24490010.869,-9.3503456503e-10,1.8635027847e-08,-3.9484083142e-08,-1.8248014095e-08,9.3814878833e-09,-2.2491236862e-09,1.5233535344e-08,7.5300137249e-08,-1.2380225693e-10,-1.5401549044e-07,-7.1135029491e-09,6.576031506e-08,-1.0568658403e-08,-1.2625061282e-08,3.6546977628e-09,0.23033161578,0.0067705692892,0.10764860716,0.010647428107
s9026,ok,,29.725133448,316860946.97,574959.34388,2403202.1783,152136303.67,293425.7406,24436298.828,-2.4659700233e-15,1.5038797317e-08,-4.4190772748e-08,-2.0965827029e-13,9.3041583516e-09,3.0202488831e-14,-7.9811811086e-14,7.9761880992e-08,-1.1339612738e-14,-2.9603881417e-08,-7.6606514516e-13,6.6070630973e-08,8.914104399e-13,-1.7948825812e-08,-5.5543012391e-13,0.22735919383,2.4464701252e-08,0.017021028236,-4.5888546536e-08
s9027,ok,,29.28077907,315094429.55,388181.20335,1770581.7133,155005756.61,194073.34265,23927125.183,3.9840647377e-16,1.6107014197e-08,-5.4403863401e-08,-2.299019374e-13,9.3900032839e-09,7.2788978672e-14,-1.3833909301e-13,9.6248855773e-08,-1.1254570404e-15,-8.6554066229e-09,-1.4226056866e-12,7.502091235e-08,-1.4202292202e-12,-2.7007990784e-08,-7.4572225704e-13,0.22467578404,1.2101677067e-08,0.0033598661584,-5.3700635595e-08
s9037,ok,,29.616423265,315857841.65,526066.66527,2514579.4809,151889903.99,291193.47214,24087816.252,-3.8207865531e-09,1.6986917464e-08,-4.4707285866e-08,-9.1375884815e-08,1.0033311562e-08,-1.6602125593e-09,7.8131596779e-08,7.5419705078e-08,-8.3716350775e-10,-9.696917895e-08,-3.0010116212e-08,6.5263729711e-08,-4.9010023799e-08,-1.755680698e-08,-2.5700821324e-08,0.22519443293,0.024924139124,0.051012252604,0.04110242857
s9032,ok,,29.559387292,316280686.16,497630.95901,2173086.8799,153344528.38,253410.1876,24276697.973,-2.2227338263e-16,1.4973781626e-08,-4.7785691689e-08,-2.0141636464e-13,9.3298264977e-09,4.3892403951e-14,-1.2503097712e-13,8.4935774498e-08,-4.6399054704e-15,-1.0617698243e-08,-1.3011660111e-12,6.8465461076e-08,-1.4406308416e-12,-2.1409440427e-08,-6.8001850839e-13,0.22649738003,1.2010110805e-08,0.005283695359,-6.2219285053e-08
s9033,ok,,28.836629309,312592858.62,321598.54472,1606470.0693,157098808.76,159978.8959,23365900.11,1.2582917031e-15,1.5264346715e-08,-6.0558732437e-08,-1.7450174993e-13,9.4408748191e-09,3.7555078738e-14,-2.30204152e-13,1.0447195713e-07,-3.7076952923e-15,3.2148179063e-08,-6.1072864198e-13,7.658200684e-08,-5.2083447725e-12,-3.5352046928e-08,-7.2615620973e-13,0.22059453797,2.2902028965e-09,-0.010338807602,-7.4033320273e-08
sa7026,ok,,29.718597348,316445875.58,543348.54997,2598270.0153,151390754.89,306308.31359,24193132.921,-4.0729604481e-09,1.8488812883e-08,-4.3463942353e-08,-9.1381962079e-08,9.6023705809e-09,-6.5926427684e-09,8.2707647882e-08,7.3287494212e-08,-7.5790507458e-10,-1.5403780921e-07,-3.0914623613e-08,6.4717084873e-08,-5.4715092834e-08,-1.5900150173e-08,-7.3744694872e-09,0.22731630063,0.027477720702,0.083696220275,0.044939080548
sa7035,ok,,29.520724286,314557614.64,545187.9999,2415228.2469,150742190.06,288907.13215,23837781.61,-2.8808732332e-09,1.6937241592e-08,-4.4524078399e-08,-6.88365361e-08,9.7489398272e-09,-1.1634593498e-09,5.5222158006e-08,7.8870452965e-08,-5.8918828515e-10,-8.8627253958e-08,-2.2186454208e-08,6.7389497009e-08,-3.527264419e-08,-1.700625008e-08,-1.6718116427e-08,0.2244620414,0.01880366243,0.048318515322,0.030106457874
sa7025,ok,,29.381296259,314557267.47,409778.49763,2109406.9069,152744608.47,230912.22046,23654676.433,-4.3701685334e-09,1.956773804e-08,-4.9896731976e-08,-1.1532414743e-07,9.7851128644e-09,-5.9318941196e-09,1.0273240517e-07,8.2147962619e-08,-9.1771033662e-10,-1.565193288e-07,-4.6048022301e-08,7.1282447164e-08,-8.048962466e-08,-2.0362721139e-08,-1.1865601533e-08,0.2239875651,0.026016245883,0.064138255406,0.04209753065
sa7036,ok,,29.535958073,314693269.71,545582.18707,2453230.052,150866535.86,291840.90122,23860329.176,-3.1138259172e-09,1.6842915353e-08,-4.4375854174e-08,-7.3705322228e-08,9.7432279213e-09,-1.5017670164e-09,6.0150733849e-08,7.7837633913e-08,-6.324349694e-10,-8.7278519332e-08,-2.4207835136e-08,6.6763752906e-08,-3.835762278e-08,-1.6990301556e-08,-1.5841834956e-08,0.22434091364,0.020473476398,0.047617605461,0.032817168927
saratov,ok,,30.319041464,325667265.3,376202.70497,6281015.3207,159976534.86,456797.8612,25263386.422,-7.0947004498e-09,1.1407207712e-08,-4.7659563642e-08,-1.2005959666e-07,9.0752307821e-09,-1.3830803934e-08,2.7261050164e-07,2.8420699376e-08,-2.4230796031e-09,-1.422139517e-07,-3.0845020357e-08,3.2998810806e-08,-1.0981327143e-07,-2.3296311055e-08,-2.4785173795e-09,0.22583672973,0.054587350078,0.053501273312,0.10255680812
sa7038,ok,,29.561611947,314955835.47,546104.00689,2538352.808,151123876.24,298063.06406,23902283.137,-3.5532996356e-09,1.6676305438e-08,-4.4069486074e-08,-8.2720079971e-08,9.716005682e-09,-2.2186809707e-09,6.9700469312e-08,7.5704638103e-08,-7.1702199344e-10,-8.6519147747e-08,-2.7824786331e-08,6.5397811996e-08,-4.4330692937e-08,-1.7003377826e-08,-1.3899100232e-08,0.22403952686,0.023728060052,0.047248453258,0.038063705574
sc1012r8,ok,,31.177216234,327702519.72,1070400.5604,3947715.0804,153136116.03,566715.20312,27056759.195,-1.9182855254e-09,1.2150654141e-08,-3.1128861579e-08,-3.8806739289e-08,9.4065611041e-09,4.3530793583e-09,2.6895415254e-08,5.6827070682e-08,-3.5395188961e-10,-1.7251663974e-08,-3.132325683e-09,5.1091122602e-08,-4.4924481158e-09,-7.8513121205e-09,-3.6147347136e-08,0.23289272323,0.017228891145,0.018466190785,0.02878886756
sd2030,ok,,29.994703309,318303603.16,535703.40544,2090144.8491,150823573.0,274532.25514,24604950.388,-2.5679517713e-09,2.1169298382e-08,-4.4264497123e-08,-6.1742827004e-08,9.4824468596e-09,-4.8415547673e-09,4.8827665517e-08,8.2876080849e-08,-3.6664474675e-10,-1.9385560417e-07,-1.8149355099e-08,7.3744059154e-08,-2.8321046976e-08,-1.3028865821e-08,-5.1039583242e-09,0.23118599559,0.016626492456,0.10384910732,0.026157146697
sc20012,ok,,31.318071485,328500285.63,1086628.0496,3624853.0775,152783040.35,562284.81831,27276986.649,-2.9607978325e-17,1.5313327606e-08,-3.0794534023e-08,-1.4353204469e-14,8.8754569119e-09,1.2742257272e-15,6.5974179725e-15,5.9127844002e-08,8.3885430392e-16,-7.9159358768e-08,-1.5247219799e-13,5.415344585e-08,2.806409587e-13,-6.5588443637e-09,-2.3664289777e-14,0.24209571969,4.8492461619e-09,0.086016779625,7.1689394238e-09
sc1094r8,ok,,30.546306941,323439049.76,640833.98332,2503049.185,153855931.03,328790.62336,25967436.812,-1.9822577408e-09,1.5394922855e-08,-4.0812008334e-08,-5.2778038375e-08,9.8063488262e-09,5.2095937501e-09,3.5093994422e-08,7.4228586029e-08,-4.7081847509e-10,-3.6933131867e-08,-6.6710664404e-09,6.4355982242e-08,-9.3656227908e-09,-1.3243772689e-08,-4.9477932981e-08,0.23228217136,0.013577825906,0.023668006011,0.022489424236
sd5060,ok,,29.012084618,310206562.12,554721.5349,2654319.4829,150253959.5,294427.30243,22970222.127,-2.4990694238e-09,1.4351682525e-08,-4.5099071462e-08,-5.6480686995e-08,9.5781255667e-09,-5.3423197323e-10,4.7926509253e-08,7.7719786627e-08,-6.0978829043e-10,-3.6854139156e-08,-2.4837278976e-08,6.3613629747e-08,-3.636073987e-08,-2.1180438688e-08,-7.6946788767e-09,0.21707129675,0.016137760083,0.02044378464,0.026585866775
sd6060,ok,,29.800540501,315806965.65,730631.78337,2900174.4646,148950756.19,380162.64353,24199580.427,-1.7442355476e-09,1.6829351772e-08,-3.8599171091e-08,-3.7143756821e-08,9.6890879267e-09,-1.3870885912e-10,2.9093288537e-08,7.1725583987e-08,-3.4871125025e-10,-1.1296049358e-07,-7.4538891967e-09,6.2640538686e-08,-1.281641408e-08,-1.2471962572e-08,-1.9975556115e-08,0.22763219197,0.012392765091,0.082532526872,0.021256481288
sc1095r8,ok,,30.550817527,323486255.14,640936.18094,2502708.9195,153878708.72,328840.49295,25978867.676,-7.4487586416e-10,1.527322037e-08,-4.0925129433e-08,-1.3234490289e-08,8.9200267251e-09,-1.1573399722e-09,1.535808968e-08,7.4458012364e-08,-1.2173819406e-10,-3.6313436019e-08,-6.4971794889e-09,6.4224797805e-08,-9.1293087032e-09,-1.340118942e-08,2.7844773963e-09,0.23204681291,0.0045645136,0.023274594999,0.0098435553459
sc1095,ok,,30.405740284,321988162.87,636926.4616,2446214.7067,153200162.16,322698.6255,25643838.577,-8.2801417328e-10,1.6013273287e-08,-4.1175137936e-08,-2.065934988e-08,9.2310681195e-09,1.2385537527e-09,1.4683468283e-08,7.5968905246e-08,-1.7762709118e-10,-4.8690420206e-08,-4.2380038559e-09,6.5540969885e-08,-5.8185727345e-09,-1.3441417454e-08,-1.4209282498e-08,0.23428574839,0.0055925887214,0.031012217056,0.0093522894976
sc20010,ok,,30.925436917,326149862.08,739680.24508,2565920.9276,153350585.91,374897.28612,26650564.802,7.2539606378e-16,1.8410833305e-08,-3.773694941e-08,-2.9110227452e-15,9.0620178005e-09,9.8815395775e-15,7.6109531543e-15,7.2256103636e-08,2.5798333593e-15,-1.2668338316e-07,7.5508880317e-15,6.4422317098e-08,-1.6287765989e-13,-1.0170180792e-08,-6.9843903409e-14,0.24150789263,-5.2323781323e-09,0.093705195901,5.6296716945e-09
sd6080,ok,,29.323668552,313269944.23,536231.39481,2715886.8033,151175920.57,303120.98859,23542786.748,-3.9769104097e-09,1.6499881069e-08,-4.4506741761e-08,-9.1321136964e-08,1.0062847392e-08,-2.6412119781e-09,8.1415191317e-08,7.3421860576e-08,-9.6347605629e-10,-1.0599929529e-07,-3.1954687809e-08,6.2914455308e-08,-5.4049472068e-08,-1.9315667541e-08,-2.3913847157e-08,0.22131029562,0.026078509922,0.056840149962,0.043657381599
sd7003,ok,,28.956173357,311177056.89,434841.02759,2077647.4846,152813900.75,222657.91122,23153236.887,-1.8676143778e-09,1.5145310505e-08,-5.1484783667e-08,-5.1723330131e-08,9.6202865399e-09,7.148808137e-10,3.8469538248e-08,8.9691989463e-08,-5.3587555758e-10,-2.0330733433e-08,-1.9797141396e-08,7.0303114363e-08,-2.8839996802e-08,-2.6486674813e-08,-1.4361276604e-08,0.21890908553,0.010816725282,0.0088406370179,0.016728133543
sd7032,ok,,29.508095628,314058156.67,637323.12302,3006841.049,150320921.65,352550.56123,23764596.112,-3.7280140922e-09,1.5093221621e-08,-4.0895151573e-08,-7.9748279452e-08,9.6642003488e-09,-2.0515089334e-09,6.7193309522e-08,6.9624468131e-08,-7.7692476677e-10,-6.9124697382e-08,-2.4311410316e-08,6.0114085314e-08,-3.9180648817e-08,-1.6368569963e-08,-1.2432329052e-08,0.22135469412,0.027145626967,0.044054768013,0.042823849871
sd7043,ok,,29.141842541,311325156.9,535979.50862,2649248.3047,150681588.59,293852.70297,23155691.447,-3.8717807289e-09,1.6043516105e-08,-4.4774106854e-08,-8.8937235279e-08,9.3914032494e-09,-3.9004795232e-09,7.53236678e-08,7.5599245972e-08,-8.5744988856e-10,-8.4186181003e-08,-3.521784691e-08,6.3983688421e-08,-5.4885035907e-08,-2.0426948538e-08,-3.6233556257e-10,0.21724516198,0.026111316475,0.045122067926,0.040371942455
sd7037,ok,,29.576359442,315084840.04,551696.64333,2509193.7494,151133097.5,297239.59648,23949235.333,-3.3287047884e-09,1.6647470548e-08,-4.4009363251e-08,-7.7755510582e-08,9.6676440885e-09,-1.9601772191e-09,6.4224237871e-08,7.6470387196e-08,-6.6990777085e-10,-8.3983364543e-08,-2.6314195774e-08,6.5808618364e-08,-4.0750864191e-08,-1.7024604492e-08,-1.3190633591e-08,0.22422786417,0.022233214857,0.046333340314,0.035432296454
sd7062,ok,,30.371773556,320759767.44,1235719.3285,5341117.7003,150095806.09,700404.71097,25293466.413,-2.8701990043e-09,1.0033625937e-08,-2.933299344e-08,-4.4409540204e-08,9.3124344963e-09,1.3141660967e-09,3.7939695734e-08,5.0277044551e-08,-5.5148322565e-10,-8.8964561527e-09,-8.0784559663e-09,4.4258423059e-08,-1.2278585662e-08,-9.7506965728e-09,-1.5825739936e-08,0.22306316808,0.028635743689,0.010993522823,0.046882815336
sd7034,ok,,29.441482631,313403536.31,698744.17573,3438031.0175,150037190.84,395333.86104,23636214.574,-3.6822081756e-09,1.3473165585e-08,-3.9278769602e-08,-7.401651542e-08,9.8747407862e-09,-2.5422349881e-10,6.5601145573e-08,6.5088248279e-08,-8.7278243163e-10,-4.6678310098e-08,-2.2531536078e-08,5.5879484199e-08,-3.5542209284e-08,-1.655646388e-08,-2.1382753243e-08,0.21859568558,0.027415366681,0.032616197314,0.045838418391
sd7080,ok,,29.597439337,315209718.7,548449.96146,2394093.981,150970476.29,288874.80362,23984135.459,-2.8096866907e-09,1.6951186139e-08,-4.4371549633e-08,-6.6942736736e-08,9.6394063052e-09,-1.3986368605e-09,5.3401491446e-08,7.8893150821e-08,-5.5090666093e-10,-8.4543059061e-08,-2.2403875476e-08,6.7627647644e-08,-3.3984066288e-08,-1.673107765e-08,-1.2931866805e-08,0.2251916719,0.018497084827,0.046367637484,0.029288045926
sd7084,ok,,29.963377281,318005336.14,623129.24854,2561260.4098,150993608.93,327084.20004,24635918.534,-2.4404390265e-09,1.6892536798e-08,-4.1410753343e-08,-5.6032739965e-08,9.7318863781e-09,-3.4884457496e-11,4.4347193965e-08,7.4937234135e-08,-4.5790481704e-10,-8.8143809907e-08,-1.5187494478e-08,6.5447004854e-08,-2.3513608929e-08,-1.3571304961e-08,-2.2155123334e-08,0.22973787519,0.01666349443,0.054924986031,0.02763403365
sd7090,ok,,30.223455874,320555451.49,660362.18041,2655773.6716,152232982.79,345672.83793,25253072.681,-1.8963186301e-09,1.5419438558e-08,-4.0344646381e-08,-4.228470264e-08,9.3990383591e-09,4.4586081615e-10,3.316704961e-08,7.2820910088e-08,-3.5152332881e-10,-4.5625804371e-08,-1.0960527182e-08,6.3164826524e-08,-1.5613739218e-08,-1.3337194362e-08,-1.3892861787e-08,0.23222097231,0.013501774377,0.030129555657,0.021902265198
sd8000,ok,,29.413818868,313907850.28,513200.85511,2229136.4114,151138935.11,263890.6044,23712233.277,-2.0012732704e-09,1.6776703923e-08,-4.6463717433e-08,-4.7593074868e-08,9.3901626733e-09,-2.0151235976e-09,3.8633264977e-08,8.3477120541e-08,-3.8160509457e-10,-7.2463581899e-08,-2.163084906e-08,6.9865638248e-08,-3.0387028933e-08,-1.9060332444e-08,2.0206068959e-09,0.22326342195,0.012678417275,0.037188372194,0.019826624622
sd8020,ok,,30.322958965,320991447.3,685020.55085,2591718.379,151746076.93,351126.00532,25362507.233,-1.3348998811e-13,1.6017756903e-08,-3.9603452799e-08,-2.4885417072e-12,9.2375451152e-09,-1.6187011506e-14,2.456665316e-12,7.3672222137e-08,-1.8060104479e-14,-5.4674816728e-08,-1.3039908895e-12,6.4538135277e-08,-4.3848874525e-12,-1.1749452171e-08,-6.9278533623e-14,0.23428730479,8.6809255413e-07,0.037453373073,1.682866228e-06
sg6050,ok,,31.896760412,332621920.08,1778289.8086,6145401.3497,152177697.75,994649.85909,28124205.914,-1.7990990296e-09,1.1217437168e-08,-2.357884903e-08,-2.2111811332e-08,8.7591703017e-09,-5.6010024868e-10,2.1000797193e-08,4.3443419736e-08,-1.4017564147e-10,-3.2266226524e-08,-2.2425689324e-09,4.1164144119e-08,-3.2792259893e-09,-3.2579073416e-09,-4.759579815e-09,0.24339494749,0.020841734497,0.057378701789,0.037345503621
sg6042,ok,,30.355571962,321286681.6,713106.09447,2976539.0889,151694835.84,390722.1201,25383105.113,-3.6054256065e-09,1.7175371942e-08,-3.7962762576e-08,-7.1824471654e-08,9.1486065381e-09,-5.6800114621e-09,6.1396532301e-08,6.705004977e-08,-5.3976791559e-10,-1.1969038815e-07,-2.0117694399e-08,6.0249146247e-08,-3.1133368853e-08,-1.1829620554e-08,-1.3907383693e-10,0.23212097333,0.02805079665,0.08535194524,0.043782241363
sg6040,ok,,30.900577019,324284452.42,1720702.6094,6305026.9239,149144456.2,944669.01905,26101905.991,-1.5973119186e-09,1.0948484247e-08,-2.4651188917e-08,-1.9625474317e-08,8.7881545218e-09,-1.794388408e-09,1.6606970304e-08,4.5590307187e-08,-1.6596781228e-10,-3.7908326343e-08,-3.2735126242e-09,4.1577494325e-08,-4.8909717207e-09,-5.9433561858e-09,3.9289174297e-09,0.23128557963,0.019398277404,0.065228956058,0.028575657136
sd8040,ok,,29.757367554,316112051.6,660189.44914,2844823.2857,150598279.5,351208.72182,24247603.387,-2.7083268701e-09,1.5064970052e-08,-4.0487432769e-08,-5.8727208718e-08,9.5752171059e-09,-2.9237627989e-10,4.7444305768e-08,7.1643985092e-08,-5.3824122542e-10,-5.6128541006e-08,-1.745571674e-08,6.185088693e-08,-2.5520433887e-08,-1.4875146375e-08,-1.5467829007e-08,0.22443335671,0.01940686912,0.037055470568,0.03132223009
sd2083,ok,,29.822812262,317143817.3,556032.42918,2391815.7206,150999290.48,297343.44213,24384019.452,-3.0812761298e-09,1.915159116e-08,-4.3552518822e-08,-7.1348076199e-08,9.792488521e-09,-3.5779737652e-09,6.0575611616e-08,7.7608828446e-08,-5.7439957808e-10,-1.5921222024e-07,-2.3321313327e-08,6.809877074e-08,-3.8127984967e-08,-1.4865834681e-08,-1.844574595e-08,0.22923089848,0.019958222724,0.088527157573,0.033682004475
sokolov,ok,,30.259353134,327375869.57,267791.46961,3006921.8141,170063026.26,237995.50526,26379038.884,-6.9761120376e-09,1.9151176562e-08,-5.431325921e-08,-1.9142822782e-07,1.0068256404e-08,-1.9566486023e-08,2.8145047714e-07,4.6060377486e-08,-2.7740207794e-09,-2.818257519e-07,-8.8277111532e-08,4.8755940559e-08,-2.2701080344e-07,-3.4626225384e-08,-2.2632053109e-08,0.23838385582,0.044276340723,0.075470532275,0.075370036896
sm701,ok,,30.82118187,323087769.73,1768614.3477,6481374.6058,148266385.84,971750.88084,25790930.903,-2.1043530261e-09,1.0852449067e-08,-2.421458631e-08,-2.6663174397e-08,8.7675653976e-09,-1.9574583872e-09,2.0895909949e-08,4.5006167143e-08,-2.0328970527e-10,-3.773603791e-08,-3.4704717198e-09,4.1427479249e-08,-5.3651998513e-09,-5.4019916765e-09,2.9365822764e-09,0.2280841077,0.026561054802,0.066740498072,0.036956806144
sg6051,ok,,31.52165467,330030351.5,1037357.4417,3697114.1727,152967428.17,570274.36999,27529574.997,-2.4012963441e-09,1.606600966e-08,-3.0966138602e-08,-3.9583099402e-08,9.1911138001e-09,-2.3011830066e-09,3.6507824501e-08,5.6972332697e-08,-2.278436737e-10,-9.6885879803e-08,-6.0312934773e-09,5.3443388554e-08,-9.2905196274e-09,-5.1659480315e-09,-1.0358707167e-08,0.24658121449,0.021117349114,0.10050528841,0.037871663427
sp4621hp,ok,,31.457845029,330455234.12,2588837.5453,10206600.826,150242621.47,1512902.3545,27229624.675,-1.8411855621e-09,8.0826153136e-09,-2.0180421586e-08,-1.7243312561e-08,8.2457758647e-09,-2.3520347452e-09,1.5111988746e-08,3.5456050325e-08,-2.3663335046e-10,-2.1264394026e-08,-3.5471293763e-09,3.1217703131e-08,-5.525233897e-09,-6.7911369608e-09,9.6613396598e-09,0.2313415241,0.029475558818,0.05505006163,0.039122483848
stcyr171,ok,,30.730745717,324069970.91,854376.24195,3171900.2985,152206044.02,444615.73554,26127614.055,-8.594932846e-14,1.3661173178e-08,-3.5108316401e-08,-9.9340351679e-12,9.0212595888e-09,4.0809230032e-12,-1.9074980494e-12,6.4817261063e-08,-5.9595090723e-14,-1.5212133926e-08,4.9417268269e-12,5.7757405783e-08,7.4542182246e-13,-8.9638306002e-09,-2.4260549602e-11,0.235703986,1.8743785274e-06,0.012996885816,-1.629721015e-06
spicasm,ok,,30.77158829,324635474.17,918195.1865,3976133.9048,151826999.75,532806.49846,26124549.346,-3.6920024392e-09,1.3391892243e-08,-3.3305549877e-08,-6.8212305523e-08,1.0364353355e-08,1.8726139423e-09,5.9980167137e-08,5.6276969422e-08,-6.3124955863e-10,-4.9594295528e-08,-9.8450702844e-09,5.1299539793e-08,-1.6883688925e-08,-8.8080337408e-09,-3.8962557858e-08,0.23365112712,0.031507345379,0.045537243432,0.05507350075
stcyr172,ok,,31.079328849,326322336.45,1235757.8731,4486328.4082,151630613.69,658238.97571,26685953.288,3.3374771592e-16,1.1331270794e-08,-2.8958482417e-08,4.2820675962e-17,8.8148491249e-09,4.9346394661e-16,-1.7952040334e-14,5.3355263884e-08,-5.5209987686e-16,-5.92805221e-09,6.4387657484e-15,4.8489412441e-08,2.7801407882e-14,-6.266415787e-09,3.1064930314e-15,0.23523265199,4.5282096823e-10,0.0073256371903,-2.2184375181e-08
sp4721bs,ok,,31.901662124,333678904.83,2700027.0666,9976596.8816,150487516.32,1585594.2009,27980931.583,-1.8923733972e-09,8.4320057405e-09,-1.9346755424e-08,-1.7528831008e-08,8.1905828787e-09,-2.2369521766e-09,1.5485711349e-08,3.465758622e-08,-1.6083769036e-10,-2.0715949577e-08,-2.9447121919e-09,3.1823237791e-08,-4.4707715111e-09,-4.4647622311e-09,8.5920229068e-09,0.23581697947,0.031012359268,0.055933624569,0.041811839789
sp4721la,ok,,31.807925731,332838770.39,2690039.5288,9986785.5471,150156477.32,1577506.1837,27773332.606,-1.7940015996e-09,8.4125573726e-09,-1.9424984817e-08,-1.6471194792e-08,8.2296726153e-09,-2.1703053293e-09,1.478395276e-08,3.4810467908e-08,-1.5648515845e-10,-2.0900149072e-08,-2.9547406046e-09,3.1906992212e-08,-4.5066684353e-09,-4.5703376944e-09,8.4212654551e-09,0.23459983181,0.029105423115,0.056222227162,0.039769417317
stcyr234,ok,,31.728623161,332073098.61,1833014.0325,7176800.6058,151813473.51,1068722.8708,27826589.323,-5.1050152439e-09,9.4594201726e-09,-2.2894007648e-08,-7.4623000933e-08,1.2795453195e-08,6.764920627e-09,5.6402121142e-08,3.9544872824e-08,-5.9094845065e-10,-1.2237618609e-08,-4.7748982889e-09,3.7865666868e-08,-7.1417898768e-09,-3.9179989837e-09,-5.4872194203e-08,0.23300291538,0.066325371872,0.022431726633,0.10338587951
stcyr24,ok,,31.161674813,327703688.24,1139612.3635,5018424.6842,151996454.45,681819.55412,26799132.454,-5.2923137729e-09,1.234175621e-08,-2.9097758816e-08,-9.2016721653e-08,1.2178843239e-08,3.1780391103e-09,7.6921931748e-08,4.7919543217e-08,-7.5707906184e-10,-4.461429378e-08,-1.0118583501e-08,4.5550906236e-08,-1.67690326e-08,-6.4438156672e-09,-5.519987551e-08,0.23309727742,0.054044538211,0.050843000779,0.087661184441
ste87151,ok,,30.805890964,322750225.5,1509476.1157,5074734.3726,148122110.53,789318.02895,25800495.103,-1.9175967006e-09,1.5590937025e-08,-2.6118640897e-08,-2.7178648773e-08,9.0274618002e-09,-4.2229889296e-09,1.9591727805e-08,5.1239326635e-08,-1.4664861317e-10,-1.1892473972e-07,-3.4630443183e-09,4.7840024872e-08,-5.6121574658e-09,-4.9950979779e-09,3.7007889251e-09,0.23495927474,0.022139131753,0.17951405418,0.029573245187
ste87391,ok,,30.914230467,323816051.7,1675172.6614,5979012.2117,148536860.45,904235.68155,25991956.851,-2.8467495026e-09,1.2806950079e-08,-2.4628737869e-08,-3.5948305798e-08,8.6167751933e-09,-5.13186149e-09,2.9316359899e-08,4.650184692e-08,-2.2271205872e-10,-6.8432206437e-08,-5.2714974526e-09,4.3398148864e-08,-8.2030174107e-09,-4.9439236067e-09,1.0739107907e-08,0.23301830748,0.034771905499,0.11463576138,0.049109964635
stf86361,ok,,30.697846251,322047571.62,1481929.9942,5346479.5625,147578355.68,810082.24036,25528871.734,-2.9111073704e-09,1.5285750487e-08,-2.6181973276e-08,-3.9624253206e-08,8.9165484465e-09,-6.8702649401e-09,3.0429553116e-08,5.0026406373e-08,-2.1406868281e-10,-1.158234352e-07,-5.5843527137e-09,4.6435378461e-08,-1.0063804249e-08,-5.2353258934e-09,1.0590546726e-08,0.23629052778,0.034128685267,0.17164222266,0.045094467472
supermarine371i,ok,,30.460610538,320786780.81,1209590.6282,4331992.5095,148772143.01,632998.0637,25390615.245,-6.8665830075e-10,1.4965963935e-08,-2.9777331972e-08,-1.0461343452e-08,9.2163807198e-09,-8.338018744e-10,8.9297089403e-09,5.6869751199e-08,-1.0026032158e-10,-9.9305314543e-08,-2.1253675769e-09,5.1135313118e-08,-3.2866366422e-09,-8.0689976282e-09,-2.2864581891e-09,0.23362463606,0.0062838931978,0.12011877781,0.010801292247
supermarine371ii,ok,,29.388586777,314200565.95,448224.41747,1805800.6528,149369060.3,225270.96673,23697440.648,-1.1506578155e-09,2.693055775e-08,-4.9013588515e-08,-2.954827403e-08,9.715032289e-09,-4.2477941488e-09,2.385183879e-08,9.5621900645e-08,-1.9735517003e-10,-4.4041608396e-07,-8.3415006728e-09,8.0567242549e-08,-2.2355440843e-08,-1.5977794777e-08,-5.6567452047e-09,0.22932873491,0.0063641449769,0.19740524268,0.010690976547
tempest1,ok,,31.221798666,326292001.81,1577474.9631,5142391.9712,149922964.52,828118.29932,26678635.128,-6.483866677e-10,1.3571151278e-08,-2.5366746807e-08,-9.2834202339e-09,8.986069216e-09,-2.1754679338e-10,7.5881545474e-09,4.942397973e-08,-5.8448222943e-11,-6.757617491e-08,-7.8733408097e-10,4.6630592773e-08,-1.2022391868e-09,-3.8119422592e-09,-4.1684325659e-09,0.23887817136,0.0068632578129,0.10659972402,0.011970123814
tempest2,ok,,30.861755498,323861156.63,1060586.3989,3565233.4803,150189738.1,547297.07121,26097127.18,-7.2273194956e-10,1.6464006922e-08,-3.1182115717e-08,-1.2739370042e-08,9.1951896684e-09,-3.5355420539e-10,1.022177733e-08,6.0650132325e-08,-8.0920064582e-11,-1.040247347e-07,-1.5787849996e-09,5.6224695097e-08,-2.4958154519e-09,-5.8335456745e-09,-5.7795505435e-09,0.23891396419,0.0062165672582,0.11032721877,0.010841078009
tsagi12,ok,,30.861821318,324077955.05,1011904.6101,3564129.7001,150437368.5,532989.98431,26100054.761,-1.2865304585e-09,1.5524686277e-08,-3.1879107349e-08,-2.6621876967e-08,9.6255356638e-09,2.8595011757e-09,2.0117578439e-08,6.0505276566e-08,-2.1057929512e-10,-7.9070019679e-08,-5.7037218146e-10,5.5810244636e-08,-2.2992285781e-09,-5.9531973082e-09,-3.2367442869e-08,0.23916373877,0.010066314369,0.080011317434,0.020357070366
tempest3,ok,,30.53197776,322105539.44,719657.63456,2517720.3174,150794598.85,365907.76876,25600175.909,-9.7823112306e-10,1.9755544455e-08,-3.8053682874e-08,-2.1063207501e-08,9.3763442741e-09,-7.5795133017e-10,1.6678220713e-08,7.3800721175e-08,-1.319059179e-10,-1.6032314573e-07,-3.6532455741e-09,6.6933141829e-08,-6.2688987672e-09,-8.5872326e-09,-9.3356885703e-09,0.2381912389,0.006893611365,0.11537777582,0.012002608867
tsagi8,ok,,30.053942742,320450868.45,426655.36183,1655625.1204,152914140.87,215137.571,24967322.395,-1.3715320806e-09,2.3107968976e-08,-4.9821354551e-08,-4.4516108652e-08,1.0028459754e-08,3.4648222744e-09,3.198809351e-08,9.4101453653e-08,-3.6895366749e-10,-2.2060133213e-07,-3.259698993e-09,8.1423627568e-08,-1.1750217544e-08,-1.5043544769e-08,-5.4367648519e-08,0.23734915212,0.0068018662417,0.094120741182,0.013647891611
th25816,ok,,32.343194642,336219739.9,4996964.1813,15473339.881,147665316.35,2808501.7691,28310233.607,-1.4760162525e-09,8.650073868e-09,-1.3921294264e-08,-1.0507006597e-08,8.2856526958e-09,-2.1130286438e-09,8.8568630405e-09,2.7355707861e-08,-6.4840073366e-11,-3.5850855301e-08,-4.970537232e-10,2.6452308067e-08,-8.2841294296e-10,-1.3681273289e-09,2.572877015e-09,0.23670456066,0.031221166951,0.17914543981,0.044257427372
t16,ok,,32.246738258,350188345.32,154899.28996,4195712.799,153543125.62,286592.02298,28494264.976,-9.3679598412e-09,1.7649946621e-08,-7.1529406212e-08,-2.1539202022e-07,1.4361621874e-08,-7.815372375e-08,6.6636660929e-07,3.4892253367e-08,-4.055486986e-11,-8.0975167066e-07,3.2879070965e-09,3.5406696638e-08,-1.0094939338e-08,-3.3164819723e-10,-9.1205997693e-08,0.24851529235,0.055271890037,0.12542995883,0.10321971463
tsagi_r3a,ok,,30.659736337,324854851.36,870917.0976,3822877.5955,154153675.6,484954.26652,26309535.41,-2.6341054113e-09,1.0227702282e-08,-3.5118429072e-08,-5.6598986819e-08,1.0322158913e-08,7.8923015895e-09,4.2627380875e-08,5.9016791179e-08,-6.9916472761e-10,3.6074669051e-08,-5.1621228666e-09,5.0288450375e-08,-7.7419183331e-09,-1.2392189182e-08,-5.60949586e-08,0.23085777603,0.021183766344,-0.031418046066,0.03712491483
ua2-180,ok,,31.670744453,331616465.07,2094186.1633,8567403.8146,149898386.31,1289671.121,27446841.085,-3.3993696843e-09,8.8280234359e-09,-2.176047309e-08,-4.0580579754e-08,9.8487695729e-09,2.0944771615e-09,3.7327081503e-08,3.696472847e-08,-4.4757390521e-10,-2.0521861356e-08,-2.5766104477e-09,3.4602690217e-08,-4.8838650358e-09,-4.18427087e-09,-2.71782481e-08,0.23092855005,0.044298509538,0.042976598098,0.078169857601
ua2-180sm,ok,,31.693141663,331791805.36,2098161.1933,8562808.2464,149969558.66,1292769.7019,27492683.169,-3.3970742982e-09,8.7977138665e-09,-2.1738348582e-08,-4.0485695303e-08,9.8122489666e-09,2.1181268281e-09,3.7297821758e-08,3.6915759816e-08,-4.4366344738e-10,-2.0104718566e-08,-2.6130844744e-09,3.4604522977e-08,-4.7371455737e-09,-4.1598934391e-09,-2.7071793972e-08,0.23046342587,0.044330067666,0.042182940298,0.078256842208
ua79sf18,ok,,31.173511216,326412537.15,2479837.4358,8804773.0274,147260063.05,1391398.1407,26344738.043,-1.9247481775e-09,1.1185319984e-08,-2.0331895977e-08,-1.9421028488e-08,8.9393994623e-09,-2.7757895623e-09,1.7114890812e-08,3.8355449208e-08,-1.9055298374e-10,-6.0148986684e-08,-2.1129669803e-09,3.563078504e-08,-3.8417619697e-09,-4.1392510793e-09,6.487422995e-10,0.23596777259,0.027235404751,0.1491597089,0.042442146945
ua79sfm,ok,,32.452932889,336492479.74,4476041.2816,13095245.454,148931543.58,2443010.9354,28620366.552,-1.8197453885e-09,1.0849959281e-08,-1.4568587011e-08,-1.1966480574e-08,8.0918330587e-09,-6.1851552655e-09,9.6458502559e-09,2.9355811814e-08,1.4825845667e-11,-5.8236956543e-08,1.4722055569e-10,2.8821518654e-08,8.7587785294e-11,-5.4159086074e-10,1.924248797e-08,0.24713027324,0.04095094642,0.2606710216,0.043175223941
ua79sff,ok,,32.860475063,344174726.2,3596830.0313,15951398.34,150066620.85,2482775.8998,29564022.934,-2.1408180705e-09,4.6138812506e-09,-1.6397702977e-08,-1.3829526149e-08,6.9585076548e-09,-5.5644021624e-10,1.9719125383e-08,2.5981710122e-08,-2.5879028055e-10,5.6910843735e-09,-1.9218436183e-09,2.3775801048e-08,-3.3301799528e-09,-3.7633475456e-09,5.0571261454e-09,0.21081955196,0.036988970525,-0.020469863185,0.070926342367
ultimate,ok,,31.462601955,328912572.94,1148235.2992,3781417.0404,152215027.14,606755.7483,27318172.658,8.8122442111e-11,1.4900681838e-08,-2.9553871293e-08,1.0612229593e-09,8.9731863802e-09,7.490218959e-10,-4.9813689119e-10,5.6781593329e-08,-5.7178297288e-12,-6.1187848258e-08,-4.1292404403e-11,5.3436052702e-08,-2.1592440197e-12,-4.186532412e-09,-4.4414280577e-09,0.24520736002,-0.0013047128191,0.070258047249,-0.00057197836227
uag8814320,ok,,31.336858547,328302312.02,1530159.5705,6131363.9217,149865567.0,913794.84294,26863996.993,-3.798196711e-09,1.3629923929e-08,-2.5386413354e-08,-4.9900488799e-08,9.5184631504e-09,-5.2056907743e-09,4.7703551288e-08,4.4146057054e-08,-4.076559754e-10,-9.496326443e-08,-5.2103331475e-09,4.19392379e-08,-9.9624848445e-09,-4.7014730672e-09,-1.36547916e-08,0.23893608629,0.042624312859,0.14530894792,0.072994045552
ui1720,ok,,30.447702043,325964242.67,827408.80967,5009870.9569,159632909.29,519206.78181,26532062.609,-3.6953969226e-09,5.9707129458e-09,-3.6299439444e-08,-7.0012671856e-08,9.936766045e-09,8.9996484894e-09,6.4775511237e-08,5.0655883403e-08,-1.3514842233e-09,1.0534577289e-07,-1.7889419885e-08,3.9044722471e-08,-2.7078675059e-08,-1.9909589122e-08,-3.8347872444e-08,0.2265509408,0.031853201923,-0.087164020548,0.053595828649
usa22,ok,,30.042295336,321370599.35,470474.44478,2663862.8091,156641009.17,283443.89302,25259626.63,-4.6121297132e-09,1.4555760463e-08,-4.6412484901e-08,-1.1780858488e-07,1.1354487882e-08,5.3511109216e-09,1.098742037e-07,6.9335366898e-08,-1.2506987401e-09,-1.1715514527e-08,-3.5599453832e-08,5.9764235911e-08,-6.2381949703e-08,-1.9107063732e-08,-6.4392672132e-08,0.23240001017,0.029160254012,0.0055118501923,0.051693004979
us1000root,ok,,31.754139469,331591631.06,2188577.4385,7777290.5647,150960569.57,1240579.6674,27757207.748,-1.6865525814e-15,8.6927874111e-09,-2.1420028305e-08,-1.6417528708e-13,8.5592302143e-09,5.8685808108e-14,-4.6767407035e-14,3.9068634807e-08,-3.603620478e-15,-3.7744035693e-09,-2.1825396143e-13,3.6529947916e-08,2.7623028953e-13,-3.3688931436e-09,-4.0081294793e-13,0.23758033122,8.5537985626e-08,0.0082605744953,-1.0235409189e-07
usa25,ok,,30.867802941,325948848.81,575781.81934,2694835.4072,152498826.45,340341.77615,26157491.716,-4.5259884744e-09,1.8440402297e-08,-4.1101980898e-08,-1.0906702014e-07,1.1623671845e-08,-8.1807299767e-10,9.7801661633e-08,6.6897188405e-08,-5.8897055012e-10,-1.483344005e-07,-1.2118639862e-08,6.3044684638e-08,-2.4838291844e-08,-7.8401210861e-09,-6.8725093448e-08,0.23714762157,0.031590696388,0.085408250989,0.056312418669
usa26,ok,,30.902010716,325427640.21,712415.32512,2949037.2117,151918528.18,399426.85551,26212643.706,-3.7133981809e-09,1.6815845864e-08,-3.728103295e-08,-8.0798372953e-08,1.0567856671e-08,8.5236044738e-10,6.9394785901e-08,6.4696873746e-08,-4.4819976336e-10,-9.4712007103e-08,-9.3726868069e-09,6.0575112997e-08,-1.7536583672e-08,-6.9015432395e-09,-4.6198564673e-08,0.23783342659,0.027893960894,0.067474285333,0.049437908959
usa27,ok,,31.211256787,327269269.12,960393.62721,3831845.4331,151230301.16,548122.10481,26694933.871,-3.7673803365e-09,1.5031806028e-08,-3.192781783e-08,-6.9747246379e-08,1.0421126877e-08,3.4756722489e-10,6.0627107089e-08,5.5846048739e-08,-3.5769136993e-10,-7.9910163801e-08,-5.4583466257e-09,5.3106345103e-08,-1.1196752896e-08,-4.663880289e-09,-3.8840127462e-08,0.23842430918,0.033169516532,0.076745212064,0.058225887284
usa28,ok,,31.184382168,323873136.27,1023702.2219,3543007.9129,146167517.82,646495.47679,25894668.769,-2.4382337807e-09,1.3540611362e-08,-2.899211249e-08,-3.5019503371e-08,8.9837166916e-09,8.3477458855e-10,4.0769711812e-08,5.3509362914e-08,1.8102116462e-10,3.2837816596e-08,5.6827474445e-09,5.597807693e-08,6.4762865504e-09,4.309791193e-09,3.5738875227e-09,0.23472430029,0.023182408449,-0.033616145813,0.041736044569
usa29,ok,,31.316489919,325200223.53,1059013.9063,4046385.9992,145485764.72,717487.91554,26054345.738,-3.4044513456e-09,1.2916259958e-08,-2.8491968344e-08,-4.9441982728e-08,9.5309012262e-09,3.5734162149e-09,6.0362639616e-08,4.966098594e-08,3.008949036e-10,1.4780687143e-08,5.7279119062e-09,5.1546150563e-08,6.7169575293e-09,4.1435565442e-09,-1.5420433916e-08,0.23403775866,0.032888777729,-0.015652953229,0.063924874773
usa27m2,ok,,31.431290579,326150430.7,1302022.4722,4410275.4424,147170273.09,790981.0537,26431531.803,-3.1424631967e-09,1.2931390536e-08,-2.6164819957e-08,-4.8080343598e-08,9.7792123113e-09,3.6491200019e-09,4.5827924504e-08,4.8676475217e-08,2.2603002518e-10,-1.2322591403e-08,3.6084293515e-09,5.0212624365e-08,3.342367827e-09,2.956974671e-09,-2.5165493144e-08,0.23307738359,0.033404785605,0.016044290922,0.059668987559
usa32,ok,,31.956722785,331351167.55,1537188.6633,6202842.8651,145786271.22,1088753.3097,27269258.275,-4.8744089269e-09,1.0702156863e-08,-2.387257722e-08,-6.1076344081e-08,1.0083256177e-08,2.4996657057e-09,7.0329264106e-08,3.9632972473e-08,4.131078461e-10,-1.7023671513e-08,4.8350257369e-09,4.0490157822e-08,6.1310664822e-09,3.2291766418e-09,-2.469747951e-08,0.22997109899,0.06035876513,0.026168594857,0.10810934748
usa31,ok,,31.95533993,331509868.54,1331114.7848,6003890.2191,144953919.54,1016286.9389,27211180.188,-5.1043264243e-09,1.0027366137e-08,-2.5577120324e-08,-6.3257590139e-08,9.4932932215e-09,3.4064419576e-09,8.1713654173e-08,4.0081744726e-08,4.28728554e-10,5.4931484168e-09,5.8349196815e-09,4.0852598574e-08,8.3671331491e-09,3.5231531591e-09,-1.6222073616e-08,0.22987269327,0.060515207729,-0.0073120110727,0.10877025319
usa33,ok,,31.648801168,330989742.84,1588690.64,5911721.9085,151428516.14,898115.9421,27622544.297,-2.5878186062e-09,1.040456038e-08,-2.50109886e-08,-3.8626613451e-08,9.5463123243e-09,3.4787344815e-09,3.2880707242e-08,4.473050071e-08,-3.002789182e-10,-2.0437243064e-08,-1.8469208387e-09,4.2049113583e-08,-3.1994306796e-09,-3.9544242075e-09,-3.3035654137e-08,0.23179657952,0.0278391624,0.032468456763,0.052237271831
usa34,ok,,32.073570364,332129302.38,2143976.3848,7630983.7985,146220260.03,1441589.3299,27539902.122,-3.6314965761e-09,8.8382787347e-09,-2.0114616143e-08,-3.8979611419e-08,8.9966199641e-09,3.2446901918e-09,4.2519469312e-08,3.5758542708e-08,2.9266341408e-10,7.7451399967e-09,2.8370208315e-09,3.7008842218e-08,3.7422661898e-09,2.7258261176e-09,-1.3075770859e-08,0.22743783923,0.051924889948,-0.01660539725,0.091160738099
usa35,ok,,32.2337121,333997871.12,2132090.6524,7741766.4188,148010360.51,1373157.542,28068425.967,-3.1277808062e-09,8.3478350936e-09,-2.0566034031e-08,-3.4720030065e-08,8.7970515003e-09,3.1325885605e-09,3.6008688871e-08,3.6278643082e-08,1.6200108109e-10,1.030866874e-08,1.6527467846e-09,3.7162463404e-08,1.9756406159e-09,1.7279167189e-09,-1.3512975075e-08,0.22874700738,0.043447303503,-0.021979016259,0.076773788948
usa35a,ok,,32.233425322,333996919.4,2128696.4417,7735391.5496,148006464.84,1371549.9854,28067518.378,-3.1326089676e-09,8.3464205914e-09,-2.0582526359e-08,-3.4789132428e-08,8.797880202e-09,3.1405944154e-09,3.6095996031e-08,3.6293650555e-08,1.6222049721e-10,1.0421877719e-08,1.6592080784e-09,3.717695297e-08,1.9819387289e-09,1.7295906078e-09,-1.3509515407e-08,0.22875297796,0.043492180687,-0.022185014017,0.076837418312
usa40b,ok,,30.526877374,324040440.37,1097005.3662,5133725.574,153584672.4,631964.54397,26086235.287,-3.0996767643e-09,8.983065767e-09,-3.1165872183e-08,-5.1281764003e-08,9.1958189638e-09,2.5389384918e-09,4.3695065513e-08,5.0795718131e-08,-7.1780451162e-10,2.0650668923e-08,-1.210956656e-08,4.2913366788e-08,-1.8345890328e-08,-1.2662743329e-08,-1.562589494e-08,0.22665004282,0.030173100523,-0.022653894625,0.047933721345
usa40,ok,,30.592947989,324150058.45,1112114.9156,5082097.1998,153064811.51,641349.57768,26108911.312,-3.148514934e-09,1.0119585655e-08,-3.0819679148e-08,-4.9548973694e-08,9.0266972881e-09,3.4833109382e-10,4.4401341375e-08,5.0851653061e-08,-6.5267426498e-10,-4.1257166511e-09,-1.2875183182e-08,4.3686218196e-08,-1.9850106319e-08,-1.1887800378e-08,-7.4483841242e-09,0.22949184149,0.030682644517,0.0045882710252,0.049379394016
usa35b,ok,,30.948626692,326354095.3,905504.18849,3839548.3448,153244047.81,515062.66083,26602298.033,-2.3455018579e-09,1.3089439017e-08,-3.3679697564e-08,-4.6767213978e-08,1.07146768e-08,8.0508829701e-09,4.5576219281e-08,5.6796496912e-08,-6.2421091931e-10,-3.5012391217e-08,-1.1953571649e-08,5.1810927277e-08,-1.8591806403e-08,-8.6876907248e-09,-7.4698143194e-08,0.2367377294,0.015002426158,0.031703866896,0.041269457455
usa45,ok,,31.088092046,326467950.49,1382875.9676,5405607.2017,150798462.29,777419.3795,26588767.605,-2.5523841795e-09,1.0539793055e-08,-2.7233279773e-08,-4.1762252659e-08,9.9110100717e-09,4.0641731525e-09,3.2934554369e-08,4.8279459201e-08,-4.0484994912e-10,-1.246378422e-08,-2.7736933501e-09,4.409283659e-08,-5.1398054895e-09,-6.0003895143e-09,-3.5053779513e-08,0.23305954953,0.026135574939,0.017235867663,0.045544403741
usa46,ok,,28.057453177,307494263.67,251647.29707,1556891.6962,160789773.32,131052.99872,22376879.143,-3.4430024802e-09,1.9001886652e-08,-6.7333733727e-08,-1.1563895731e-07,9.2945234146e-09,-6.5248074874e-09,9.7467396604e-08,1.0857282207e-07,-1.1842213998e-09,-1.4904484906e-07,-9.9120193224e-08,7.6184664047e-08,-1.5599479526e-07,-4.9600960939e-08,2.3471940068e-08,0.21594020134,0.015819229464,0.037506733408,0.024527406908
usa41,ok,,29.264969454,319158184.01,256133.01896,2070562.1399,164867584.39,172906.72031,24490273.842,-5.9605975783e-09,1.9932273483e-08,-5.9624664842e-08,-1.9381540688e-07,1.1020229805e-08,-5.8842045012e-09,2.0851090563e-07,7.3182230072e-08,-2.2145862643e-09,-1.750464861e-07,-1.1331356929e-07,6.3825674513e-08,-2.1609069289e-07,-3.6989993833e-08,-5.0640795443e-08,0.22830580635,0.031515343798,0.044835184943,0.053406527746
usa45m,ok,,30.54904012,322646845.74,872596.96271,3581823.9328,151479173.65,478884.25211,25725249.002,-2.6076321753e-09,1.3048780681e-08,-3.4689203477e-08,-5.3698601229e-08,1.0176811899e-08,4.4166687059e-09,4.2029970069e-08,6.1084737786e-08,-5.1676893009e-10,-2.3875573224e-08,-5.7960789581e-09,5.4301738902e-08,-1.050153305e-08,-9.6772158716e-09,-4.375869096e-08,0.2327358973,0.020847685453,0.020833752678,0.036675224225
usa48,ok,,31.213527765,326675068.46,1523797.8774,5431368.2477,150183323.42,836550.82929,26679081.106,-1.8664533564e-09,1.1823259327e-08,-2.5757995269e-08,-2.5683214007e-08,8.9683178247e-09,-8.1878019357e-10,2.1738082315e-08,4.7829733272e-08,-1.5835176489e-10,-3.5235502123e-08,-2.9855515256e-09,4.4715939568e-08,-4.805675443e-09,-4.3111421985e-09,-3.032144214e-09,0.2375268387,0.020882955706,0.053691783344,0.033124443691
usa49,ok,,29.900874129,320519789.01,348925.35045,1455820.6006,155635676.8,174701.22916,24948004.576,-2.3944991685e-09,2.3550195677e-08,-5.5186734982e-08,-7.8484639071e-08,9.9072827198e-09,-1.1911889032e-09,5.6247472759e-08,1.0163416048e-07,-5.1913975749e-10,-2.2386429653e-07,-2.4155869683e-08,8.4934444645e-08,-4.0508109752e-08,-2.0776138807e-08,-3.2168434678e-08,0.2361551798,0.01238459658,0.078111928119,0.019626169144
usa5,ok,,30.304794678,325629649.67,287339.43482,1795063.565,158223227.98,184724.85631,25613023.707,-5.6816856497e-09,2.2714335323e-08,-5.5914143084e-08,-1.9039969854e-07,1.3248174058e-08,-3.3698112925e-09,1.8677965949e-07,7.9211859916e-08,-1.141546531e-09,-2.558018435e-07,-4.9324743494e-08,7.4222498378e-08,-1.1180074147e-07,-1.6151569702e-08,-1.1229679418e-07,0.2380160963,0.030247264971,0.073501957138,0.053669161794
usa98,ok,,31.630565515,328671144.95,1202379.1929,5188371.4042,146484904.73,825190.40226,26905119.807,-3.9706384118e-09,1.0101760579e-08,-2.7476210883e-08,-5.0420116494e-08,8.0295586302e-09,-1.448019296e-10,6.1401497202e-08,4.4663087908e-08,2.6794377116e-10,2.4496937484e-08,5.7115108752e-09,4.6063156167e-08,7.9776695101e-09,3.7227257129e-09,1.3531291093e-08,0.23115563997,0.044192939956,-0.029454607919,0.073827882647
usnps4,ok,,31.857939795,332528837.95,1135291.0983,4085787.8616,152919630.02,639041.37661,28061289.935,-3.6673826896e-09,1.5063478935e-08,-2.9042830315e-08,-6.3249021213e-08,9.835530363e-09,-8.5405196815e-10,5.2738451346e-08,5.2496009839e-08,-2.2079304482e-10,-8.157130247e-08,-4.2540935088e-09,5.0856056102e-08,-7.1393893945e-09,-2.8875998803e-09,-2.8145032337e-08,0.24398412227,0.036042417278,0.092607173574,0.059873494353
usa51,ok,,30.265743441,321136761.29,577892.22277,2333366.9555,152358245.5,303897.64498,25284551.509,-2.6368697337e-09,1.7655016118e-08,-4.2523684485e-08,-6.6914627998e-08,1.0139917774e-08,2.2713388178e-09,5.0183837646e-08,7.7036829433e-08,-4.8950060837e-10,-8.3885948618e-08,-1.1925574169e-08,6.7910979994e-08,-2.1682109472e-08,-1.2311698536e-08,-4.0339767136e-08,0.23560291629,0.017449558715,0.048477037306,0.029000849484
v13009,ok,,30.323386578,322201824.4,559438.56926,2179933.6151,153790133.73,284008.2153,25605853.682,-1.2362553214e-09,1.7068481033e-08,-4.3942239395e-08,-3.5562916623e-08,9.5191356922e-09,3.4862821691e-09,2.3383509925e-08,8.0760949444e-08,-3.2040586916e-10,-6.2372964378e-08,-4.0151584281e-09,6.9207056611e-08,-6.3064878502e-09,-1.4971264574e-08,-3.5897431344e-08,0.23443606387,0.0077108565843,0.034893841952,0.013081637337
v13006,ok,,29.413763651,319594604.11,229459.37307,1014984.2474,160081206.12,109249.94156,24435611.628,-1.349128299e-09,2.6077143387e-08,-6.9093686385e-08,-6.3843782429e-08,9.8463237549e-09,3.736507518e-09,3.7905667581e-08,1.2812911547e-07,-5.0811350669e-10,-3.0145400764e-07,-1.2624497513e-08,9.9615571533e-08,-2.5222869939e-08,-3.3184470371e-08,-6.507051435e-08,0.22949832705,0.0053437086751,0.069171447603,0.008697810719
usa50,ok,,30.086222412,322718648.47,318667.54496,1324842.8388,155958450.71,162856.68069,25212885.676,-2.7380432383e-09,2.5777557333e-08,-5.6364468144e-08,-9.0894442971e-08,9.9425993255e-09,-3.113252696e-09,7.042000969e-08,1.0375059747e-07,-4.7760406795e-10,-2.728968132e-07,-2.9634922626e-08,8.9385287377e-08,-5.7928331305e-08,-1.7223875571e-08,-2.9859717235e-08,0.23953139551,0.01363828558,0.086963357488,0.022440571604
v23010,ok,,30.172582706,320290701.0,684105.95546,2736771.6316,152154193.52,354890.97928,25226223.64,-1.3465922067e-09,1.4671664784e-08,-3.9944570194e-08,-3.6272227032e-08,9.6731832581e-09,4.530233944e-09,2.2380089343e-08,7.2561710144e-08,-3.7566665305e-10,-3.6637244273e-08,-1.5798879032e-09,6.1979111501e-08,-3.8804727249e-09,-1.3906217865e-08,-4.170418202e-08,0.23042108822,0.0094644564169,0.025063756999,0.015310352403
vr1,ok,,30.500599508,321760972.22,862217.85664,3111343.8616,150590546.56,444882.18978,25592610.976,-1.3358571648e-09,1.6674856849e-08,-3.5038809855e-08,-2.5549581228e-08,9.2296326019e-09,-9.7343272216e-10,2.0328803472e-08,6.6488203238e-08,-1.9395622445e-10,-1.0655803162e-07,-5.651608194e-09,5.9750679541e-08,-8.1600270532e-09,-9.3087371289e-09,-7.2938955868e-09,0.23408607276,0.010607075737,0.091876237627,0.017527857358
v43015,ok,,31.435461528,329019268.51,1607365.6906,5551451.9755,151224373.11,865610.92293,27283768.345,-1.8549917991e-09,1.0923849208e-08,-2.5072969719e-08,-3.3429243463e-08,9.6633250874e-09,5.040940521e-09,2.0386297132e-08,4.7070991783e-08,-2.6370385128e-10,-2.4102958181e-08,-4.223691136e-10,4.3751374371e-08,-1.3176446083e-09,-4.3367906558e-09,-3.8769345158e-08,0.23273639187,0.021150909113,0.038742268021,0.032768234568
v43012,ok,,30.948119709,325607420.04,1018414.5865,3717016.6852,151565736.64,540345.63548,26470010.023,-2.3469023029e-09,1.3489005238e-08,-3.1829028511e-08,-5.2736605213e-08,1.0545195205e-08,7.0228837175e-09,3.2355738446e-08,5.9120920257e-08,-4.3024624745e-10,-4.1163710828e-08,-9.7298532912e-10,5.362793384e-08,-3.5732175929e-09,-7.145321527e-09,-6.0250714216e-08,0.2333826033,0.020920602333,0.041921723542,0.03295155599
vr12,ok,,31.039826417,326436883.46,868553.84371,3050973.9505,152571134.52,448470.67732,26701947.666,-1.8843885183e-09,1.6381594619e-08,-3.4436780822e-08,-4.3704014057e-08,9.8831066022e-09,4.3524448436e-09,2.9834390098e-08,6.5048367297e-08,-3.3425299573e-10,-8.7362627896e-08,-3.6875586261e-09,5.939522619e-08,-5.6888051503e-09,-7.6898286524e-09,-4.7297961548e-08,0.23902363741,0.014536514781,0.075879146256,0.025912774194
vr11x,ok,,31.125335219,326531092.2,977817.91945,3319390.3449,151735500.43,504159.98098,26730495.892,-2.0825762456e-09,1.7209325121e-08,-3.2209328545e-08,-4.2987637183e-08,9.6694104676e-09,1.1679740058e-09,2.9903433399e-08,6.1960811082e-08,-2.6302431513e-10,-1.1887563513e-07,-4.7101817053e-09,5.7587463766e-08,-7.4910083304e-09,-6.0713910838e-09,-3.1833253623e-08,0.23995860558,0.017826219131,0.11623872622,0.029240113031
vr13,ok,,30.804391423,325075655.55,685123.26026,2464895.4157,152997347.0,349453.95284,26316641.154,-1.9129194909e-09,1.8334675659e-08,-3.8953745636e-08,-5.0276271647e-08,1.0028369276e-08,4.6534232141e-09,3.3782074265e-08,7.3481024012e-08,-3.8364389478e-10,-1.1559735704e-07,-5.4734806359e-09,6.6151996471e-08,-8.4716936245e-09,-9.8372416765e-09,-5.4422884133e-08,0.23865306734,0.013035248159,0.079198438134,0.023144884859
vr8b,ok,,29.266511363,313155381.42,381435.46749,1713813.0939,152848589.69,193956.48584,23538191.039,-1.6359667604e-09,2.0486120654e-08,-5.4339384593e-08,-5.1284790539e-08,9.9150052986e-09,1.211182579e-09,3.6854877488e-08,9.8639413914e-08,-4.8238927408e-10,-1.8627685912e-07,-1.4173680023e-08,7.895994872e-08,-2.6751518753e-08,-2.4911388145e-08,-3.7453217616e-08,0.22459976859,0.0083159013922,0.071052600842,0.014057757424
vr5,ok,,29.762951279,315096876.55,922916.9108,3909181.6642,147968148.22,504855.11753,24049103.922,-2.7845009117e-09,1.4702277217e-08,-3.4374442656e-08,-5.2610826515e-08,1.0205174852e-08,1.195847089e-10,4.1406890236e-08,6.1518122928e-08,-6.3536743922e-10,-9.822977115e-08,-8.8801277424e-09,5.3943168559e-08,-1.5174935527e-08,-1.2169633811e-08,-3.4067043992e-08,0.22359031439,0.022722200275,0.090657916938,0.038215119222
vr7,ok,,30.440946122,321731663.87,923581.34198,3723604.4678,150974076.99,505670.20535,25550890.096,-2.5259242061e-09,1.3759833965e-08,-3.3911755674e-08,-4.9529188525e-08,1.0012453383e-08,2.5465523154e-09,3.8561328068e-08,6.0454740701e-08,-5.1946062167e-10,-5.3946901912e-08,-6.7479147145e-09,5.3540986564e-08,-1.1248623139e-08,-1.0281138111e-08,-3.6205728884e-08,0.23257033744,0.020794613694,0.049824352064,0.035614523126
vr8,ok,,29.356635111,315372865.01,393587.69943,1721845.2002,153005229.47,200412.00675,23929105.78,-1.625341495e-09,2.0732479858e-08,-5.31940481e-08,-5.0167494461e-08,9.8730150657e-09,1.0421695765e-09,3.6097248076e-08,9.7076781645e-08,-4.8318492377e-10,-1.8602239474e-07,-1.3335289595e-08,7.8677001577e-08,-2.5288441372e-08,-2.3242676174e-08,-3.5841532681e-08,0.22761711249,0.0084196159074,0.07321612639,0.014207432826
vr14,ok,,30.431380026,323216808.83,473185.48288,1775280.0454,154005610.32,236580.99206,25712551.174,-1.9597749893e-09,2.1784159368e-08,-4.710742326e-08,-6.2712542512e-08,1.0231719038e-08,5.0484759318e-09,4.1018445753e-08,8.8797764443e-08,-4.6457804527e-10,-1.8061740189e-07,-9.7755319902e-09,7.8017392335e-08,-1.5586866561e-08,-1.4045775951e-08,-6.7741575116e-08,0.23717287104,0.011038437803,0.085465532528,0.019409333061
vr9,ok,,28.510792867,312278483.32,213127.24686,1043385.1286,158194851.18,101047.77692,22967900.165,-5.7636854672e-10,2.6687224549e-08,-7.2534737575e-08,-2.4980267935e-08,9.7172398873e-09,-1.5110749277e-10,1.6797794304e-08,1.3658979489e-07,-2.0925532184e-10,-4.324005004e-07,-8.8408876927e-09,9.8515024095e-08,-2.5059904661e-08,-3.8510423335e-08,-1.6490390325e-08,0.22222793313,0.0021539043031,0.092156328193,0.0035800676535
vr15,ok,,30.526058045,323959588.19,476863.42854,1734482.8117,154103528.07,236075.18506,25881524.303,-1.3851595815e-09,2.2282744619e-08,-4.6912985453e-08,-4.6145886187e-08,9.8680551291e-09,5.0284019696e-09,2.9370156119e-08,8.9560451949e-08,-3.4740629868e-10,-1.8940936462e-07,-5.5322984867e-09,7.9008931206e-08,-9.0001414606e-09,-1.3416437406e-08,-5.9237024343e-08,0.23864797132,0.0075580439422,0.090322399011,0.014005553344
ys900,ok,,30.529494109,321676743.32,634876.42039,2088199.3687,149801650.88,312791.83762,25397797.088,-4.947297894e-16,2.8924839096e-08,-3.9032246257e-08,-9.0446622424e-14,9.5805472103e-09,6.2861226325e-14,-8.5673492516e-14,8.1332786891e-08,-2.4884758919e-15,-4.4610797217e-07,5.0727047673e-13,7.4452236052e-08,1.570085967e-13,-2.2534844213e-09,-1.7345811786e-13,0.24332479403,1.5089066243e-08,0.28322343248,-5.4392080251e-08
ys915,ok,,30.395608305,321345698.22,607837.15138,2201967.8406,150779590.36,310319.24451,25325423.648,-1.4234172908e-09,2.2748546477e-08,-4.1043638062e-08,-2.2365780476e-08,9.174186526e-09,-9.2360550408e-09,2.6148699101e-08,7.9781795331e-08,-3.0507329538e-11,-2.4403290915e-07,-1.4530219951e-08,7.1666540572e-08,-2.1520543208e-08,-8.6798374826e-09,3.9059071035e-08,0.23917108563,0.0098409364701,0.14833226834,0.015894150774
wb13535sm,ok,,30.888768352,325030256.63,1181507.9781,4866490.2471,151175390.72,674024.01328,26255312.669,-2.5872504971e-09,1.1523891884e-08,-2.9496692285e-08,-3.839482127e-08,9.1474590587e-09,-2.5001656984e-10,3.674089426e-08,5.1028870965e-08,-3.4841437938e-10,-2.1220171615e-08,-7.5599690544e-09,4.6283392794e-08,-1.2184022071e-08,-7.2588092112e-09,-6.1057928087e-09,0.23601656814,0.024908149898,0.02507180206,0.04340965969
wb140,ok,,31.432590269,329102515.33,1435501.3044,5262037.8413,151621756.6,797638.40588,27272739.364,-2.3459990306e-09,1.2525666022e-08,-2.6449949413e-08,-3.2601116957e-08,9.0908753325e-09,-1.0950901542e-09,3.0128721077e-08,4.8099039109e-08,-2.4400903293e-10,-4.9539995341e-08,-4.2987185859e-09,4.4726838113e-08,-7.2682680271e-09,-4.8501829144e-09,-8.1706880699e-09,0.24212759199,0.024426964627,0.071114727934,0.043249818408
ys920,ok,,30.428920285,321624032.12,611107.34414,2255887.2058,150988476.7,315245.28046,25381181.522,-1.818905907e-09,2.2277842424e-08,-4.0880107208e-08,-2.9757029584e-08,9.0091933879e-09,-1.073177941e-08,3.3562797828e-08,7.834870171e-08,-6.6253617356e-11,-2.3221588542e-07,-1.6889426658e-08,7.0594381674e-08,-2.5536804856e-08,-8.9414918837e-09,4.3501873451e-08,0.23897799142,0.012660461455,0.141908833,0.020510472243
waspsm,ok,,30.71435137,326908337.18,555050.20731,2479565.3229,157111227.69,307201.04043,26705812.221,-3.1368454754e-09,1.5969144923e-08,-4.3234464981e-08,-7.4141794648e-08,9.6921670881e-09,1.3696267793e-09,6.5237089892e-08,7.2280569989e-08,-6.8512997046e-10,-4.4519349094e-08,-2.7447167362e-08,6.2182496838e-08,-3.8778030653e-08,-1.5693187693e-08,-2.9123593084e-08,0.24110142183,0.020621020672,0.024710473944,0.036209860269
ys930,ok,,30.411924871,321845742.05,616664.65111,2495234.7455,151647069.56,333249.67976,25424933.15,-2.7112738634e-09,2.0583855179e-08,-4.0696591044e-08,-4.7744219031e-08,8.75131157e-09,-1.1655219667e-08,5.1952439346e-08,7.3735853549e-08,-2.350491387e-10,-2.0132361738e-07,-2.1747284217e-08,6.6190001576e-08,-3.502495298e-08,-1.0731129097e-08,3.8301952988e-08,0.237959049,0.018951211139,0.12414915827,0.032037232883
w1015,ok,,31.294071846,327798175.96,1503672.6437,5378770.3839,151531062.95,815078.20576,27033894.113,-4.1840000593e-15,1.0404807684e-08,-2.616100966e-08,-6.8061837159e-14,8.7045744893e-09,-2.7394322035e-14,2.1764924264e-14,4.8102993229e-08,4.237940582e-15,-6.4453104752e-09,-1.3363039984e-13,4.41946166e-08,2.0746817187e-13,-5.2783396102e-09,2.0602301823e-13,0.23531854504,9.4991556679e-08,0.0096916370416,3.2727321207e-08
w1011,ok,,30.391837431,322214900.77,747988.00535,3050458.7571,153426264.32,394149.17811,25735697.829,-1.3897771552e-12,1.2639772547e-08,-3.8288764915e-08,-2.2425778918e-11,9.0742872241e-09,-1.1731945253e-11,1.1374315339e-11,6.7860021198e-08,2.6561568033e-13,8.6496509937e-09,1.7466609369e-13,5.7383703294e-08,9.1334059453e-13,-1.3727004383e-08,9.1801260885e-11,0.23353313458,1.7289123195e-05,-0.0064698351938,8.5078514429e-06
zv15_35,ok,,30.752621798,324539764.25,1442493.1547,6087422.9866,151741636.99,810356.20298,26206023.641,1.8412145882e-10,7.5700482713e-09,-2.7364111423e-08,-8.3994555104e-10,8.5449670368e-09,1.4964308525e-09,-3.2090297965e-09,4.6764222683e-08,-1.5018659508e-11,2.935761248e-08,2.3667217931e-09,4.0192230369e-08,3.1975637114e-09,-9.0826369661e-09,-1.1931190149e-08,0.22369518531,-0.0014822879317,-0.042348155041,-0.0046290035147
