airfoil_name,status,error,mu,ea,gj,ga22,ga33,ei22,ei33,cmp12r,cmp13r,cmp14r,cmp15r,cmp16r,cmp23r,cmp24r,cmp25r,cmp26r,cmp34r,cmp35r,cmp36r,cmp45r,cmp46r,cmp56r,tc2,tc3,sc2,sc3
a18,ok,,30.609150247,194202174.13,246534.38155,1344333.872,113643872.91,124171.51813,15246600.132,-5.2627480618e-25,1.8071620518e-24,-4.3578189408e-24,-3.2613198488e-07,1.9626178489e-08,-8.6667247905e-10,2.4057971484e-07,6.488302476e-24,-9.2341722966e-26,-1.7389737242e-07,-4.5362058253e-24,6.1501512578e-24,-9.0906716608e-24,-1.2709103836e-24,-1.0275247502e-07,0.23574081712,0.037494657801,0.042871681161,0.05931117121
a18sm,ok,,30.711312035,194854686.81,247216.80319,1329781.232,114005714.17,124232.96278,15397967.22,-3.8818597032e-25,1.7567767387e-24,-4.4714540092e-24,-2.0530663736e-07,1.4663114935e-08,-1.0686059281e-08,1.817347146e-07,6.7067969877e-24,-6.4029943538e-26,-1.8786410066e-07,-4.6329299486e-24,6.0912422096e-24,-9.1652875452e-24,-1.3949897779e-24,2.4032972792e-08,0.23521880219,0.026208377187,0.046443162399,0.044927875172
a63a108c,ok,,30.374642173,192792239.3,305159.80636,1155152.4676,113622143.45,122946.93599,15030964.037,-6.5699981699e-26,1.6851606153e-24,-4.2963278287e-24,-4.0971618984e-08,1.5284841363e-08,4.3639864838e-11,2.0171918258e-08,8.0268235646e-24,-9.1314284294e-27,-1.1348246723e-07,-4.5938651278e-25,6.7472453699e-24,-7.2244094975e-25,-1.5076398536e-24,-6.7265705927e-09,0.22923643337,0.0048477572518,0.034630287727,0.0061556586697
ag03,ok,,29.133236367,184721911.88,171578.25609,832122.61783,109665406.74,72628.417232,13325292.458,-2.8774100261e-25,1.8586435025e-24,-5.7178930011e-24,-2.237586047e-07,1.804501204e-08,8.1558881748e-09,1.3957817113e-07,9.9461726963e-24,-7.8093086838e-26,-7.4448569717e-08,-4.3875115883e-24,8.0757671848e-24,-8.2597308827e-24,-2.3044099035e-24,-1.2309894461e-07,0.21377835945,0.014341104523,0.01277375576,0.023948579191
ag04,ok,,28.765437572,182415810.79,163439.95291,868193.28988,108837185.94,70010.330546,12922109.782,-2.5713920925e-25,1.5758969121e-24,-5.9595014843e-24,-1.9154933477e-07,1.6823282606e-08,6.0223496523e-09,1.2884893654e-07,9.95313741e-24,-7.4829765709e-26,1.0439349139e-07,-6.0272953576e-24,7.6381833074e-24,-1.0181988973e-23,-2.9696986007e-24,-5.1696620611e-08,0.20843087839,0.01265622558,-0.017062067317,0.021059064121
ag08,ok,,28.758538314,182396665.96,130221.48831,732126.85422,108974326.49,56294.754208,12944724.399,-2.9059582419e-25,1.716915212e-24,-6.6170552662e-24,-2.4213558737e-07,1.6945450144e-08,6.908500699e-09,1.6602630057e-07,1.0808494384e-23,-8.8757333512e-26,1.3431325834e-07,-8.8129351205e-24,8.1805062249e-24,-1.4973954161e-23,-3.3971668512e-24,-5.8868548686e-08,0.20896446199,0.012938599859,-0.0174904724,0.021620191959
ag11,ok,,29.253325758,185559469.7,148548.62068,743983.80508,110310301.27,63472.745673,13535638.472,-3.4391576905e-25,1.9960878458e-24,-6.0768803294e-24,-2.9759969355e-07,1.9667999684e-08,1.2798170001e-08,1.8025969012e-07,1.0399131291e-23,-1.0438972723e-25,-1.1562803572e-07,-5.6217366217e-24,8.3962541929e-24,-1.1129643985e-23,-2.5679380284e-24,-1.9961419802e-07,0.21513842443,0.016166260479,0.017176385219,0.026777328332
ag10,ok,,28.488834132,180910955.39,76107.825548,524132.54549,109052837.39,33171.630052,12862742.777,-3.489280395e-25,1.800218807e-24,-8.5930513801e-24,-4.0009167876e-07,1.8521881845e-08,1.8285508982e-08,2.6795600628e-07,1.309461457e-23,-1.5389093801e-25,4.0402920757e-07,-1.8629304417e-23,8.8186948881e-24,-3.1912870946e-23,-5.5779135814e-24,-1.8694087272e-07,0.20632026997,0.011992736002,-0.030749784446,0.02039354898
ag09,ok,,28.168507499,178721972.12,86810.214544,579329.50502,107786316.29,38006.241249,12366973.275,-3.575081777e-25,1.8808332883e-24,-8.0641418118e-24,-3.7475126206e-07,1.8553492523e-08,1.2606793403e-08,2.5460470449e-07,1.2558919525e-23,-1.4388349528e-25,1.6559047847e-07,-1.5627210916e-23,8.8577666704e-24,-2.8136256067e-23,-4.9409605344e-24,-1.5920544859e-07,0.20139944849,0.013024737305,-0.014374944962,0.022102289021
ag12,ok,,27.581929872,174909643.05,139627.67544,877061.16401,105814752.35,60260.300037,11639421.259,-2.9485282068e-25,1.3863931152e-24,-6.5992213211e-24,-2.3059739924e-07,1.6322401696e-08,3.1360744749e-09,1.5340392115e-07,1.0555543719e-23,-1.0755559987e-25,1.8157324729e-07,-8.6051109108e-24,7.4209099565e-24,-1.5302931194e-23,-4.4579613164e-24,1.0199299272e-08,0.19163287047,0.014013653809,-0.02535265044,0.021419432914
ag13,ok,,27.38215367,173650593.58,119678.91133,804380.17838,105390395.47,52184.20079,11459563.208,-3.3740859611e-25,1.4599505238e-24,-7.0824863579e-24,-2.8679249847e-07,1.6422829035e-08,3.7758590517e-09,1.9176242807e-07,1.1069233596e-23,-1.3354023991e-25,1.8785707898e-07,-1.1216239279e-23,7.6299955102e-24,-2.0634726664e-23,-5.0961247717e-24,6.4114759912e-09,0.18929802161,0.015029373922,-0.022482530698,0.022949918625
ag14,ok,,27.083019885,171764372.69,97473.298509,725599.027,104720693.04,43263.675014,11193767.528,-3.9213298101e-25,1.5322935883e-24,-7.759383842e-24,-3.7338502014e-07,1.6822515347e-08,6.0211857769e-09,2.521946732e-07,1.1679902698e-23,-1.7484928325e-25,2.2518269967e-07,-1.5043605134e-23,7.8758575476e-24,-2.9265830602e-23,-6.0068319688e-24,-1.4797785632e-08,0.18563145063,0.016035172286,-0.021949300504,0.024582246663
ag16,ok,,28.210624109,178875430.16,194705.3074,1075476.7857,107129988.99,84007.0051,12248770.562,-2.488230727e-25,1.3539756981e-24,-5.5450135767e-24,-1.6051133017e-07,1.5933372376e-08,3.1034859388e-10,1.0947762959e-07,9.1908823041e-24,-6.930704847e-26,1.0450862967e-07,-5.3327414364e-24,6.9424363085e-24,-9.0886065291e-24,-3.0995537184e-24,2.6005788869e-08,0.19945848794,0.013919893691,-0.020348384865,0.021315875522
ag17,ok,,27.903387508,176937626.56,157259.15586,939322.96942,106482773.7,68365.995481,11942380.975,-2.9868888279e-25,1.444494191e-24,-6.1529042525e-24,-2.1745481184e-07,1.6116687449e-08,1.3838616322e-09,1.4764506463e-07,9.9522699646e-24,-9.5694138595e-26,1.1443393877e-07,-7.7835306537e-24,7.3142121863e-24,-1.3723123029e-23,-3.7932402263e-24,1.8507894452e-08,0.19575723251,0.015114232728,-0.017995784613,0.023218538231
ag23,ok,,29.283295178,185647926.19,362806.90383,1598994.8238,109437080.84,155116.27542,13418115.031,-2.1851341305e-25,1.3851732127e-24,-3.9524636708e-24,-1.0480608596e-07,1.5751205063e-08,-2.0603882687e-09,6.9951133094e-08,7.069009592e-24,-3.805481478e-26,-5.4708648704e-08,-1.794155685e-24,6.0282044614e-24,-3.1090673273e-24,-1.3773440369e-24,6.355420419e-09,0.21273764525,0.016466868856,0.019848675449,0.025378754017
ag18,ok,,27.52763494,174567982.49,123868.49478,823310.59768,105681417.5,54647.034479,11586042.528,-3.5816474462e-25,1.5476358088e-24,-6.8807673948e-24,-2.9724319436e-07,1.6357130621e-08,2.4494864303e-09,2.0267928526e-07,1.0735526722e-23,-1.3311279343e-25,1.2021711481e-07,-1.1512950583e-23,7.6452912044e-24,-2.1315822966e-23,-4.7443232375e-24,8.5331319042e-09,0.19112028291,0.016332584026,-0.014891113058,0.025105577988
ag24,ok,,29.086454957,184404447.45,313462.95046,1448101.6655,108994747.26,134715.37026,13190468.766,-2.3633846175e-25,1.4059925689e-24,-4.2665598542e-24,-1.2139792606e-07,1.5792672319e-08,-1.8493447538e-09,8.176068752e-08,7.50096176e-24,-4.5473663755e-26,-3.5719243323e-08,-2.4110981336e-24,6.2829746762e-24,-4.1797368106e-24,-1.6422436291e-24,9.6830042691e-09,0.21040120203,0.016628652889,0.0111966594,0.025628946341
ag25,ok,,28.753206895,182301041.4,242653.89864,1227020.6143,108257874.31,105753.30761,12816962.759,-2.8784825954e-25,1.47840778e-24,-4.8509127387e-24,-1.6830785113e-07,1.5930630006e-08,-1.3479750716e-09,1.1464739592e-07,8.2485855169e-24,-6.5977652964e-26,-1.7653088809e-08,-4.0165984167e-24,6.7267656436e-24,-7.1472777274e-24,-2.171098015e-24,9.6527032278e-09,0.20638415353,0.018009808914,0.0042835908225,0.027819637589
ag19,ok,,27.207139715,172546986.87,102103.38617,751703.95668,104981208.12,45849.714226,11298335.901,-4.0923249914e-25,1.6390327505e-24,-7.4984495281e-24,-3.7697413989e-07,1.6616264716e-08,3.0473259366e-09,2.5995968827e-07,1.1267018172e-23,-1.7112167728e-25,1.135178727e-07,-1.534549039e-23,7.8412103641e-24,-2.9844616182e-23,-5.6535818473e-24,-3.1158975319e-09,0.18712765698,0.017257423318,-0.011590559193,0.026542764441
ag26,ok,,28.414130976,180165842.72,188134.37633,1062043.6053,107578873.4,83702.419786,12463567.589,-3.4050143189e-25,1.5415247931e-24,-5.4931692834e-24,-2.2624714081e-07,1.6145718351e-08,-1.1496091757e-10,1.5753974428e-07,8.9330020827e-24,-9.422300459e-26,7.0045874518e-09,-6.5029767989e-24,7.0645896748e-24,-1.1851679128e-23,-2.8805764171e-24,3.6508503425e-09,0.20209493584,0.018999192124,-0.0013178036917,0.029638641538
ag27,ok,,28.026379117,177726039.41,140173.32928,926394.37251,106835093.0,64636.492998,12088612.361,-4.0397372857e-25,1.6089487882e-24,-6.2961209068e-24,-3.1006418892e-07,1.6371107122e-08,1.6114266125e-09,2.2451649983e-07,9.5460620109e-24,-1.3656291195e-25,4.6169761258e-08,-1.0895474738e-23,7.2742719662e-24,-2.0565458697e-23,-3.9411154833e-24,-2.9183872932e-09,0.19719691304,0.020004264386,-0.0064717691474,0.031471225259
ag35,ok,,30.232572909,191711025.43,365461.66254,1511444.8406,112493236.59,157465.85088,14702978.959,-4.1492540861e-25,1.5075502132e-24,-3.7975527019e-24,-2.5184002995e-07,2.4236997967e-08,1.9622222749e-08,1.3505909361e-07,6.7747227066e-24,-8.3364402826e-26,-6.0361720997e-08,-1.5077430707e-24,6.0826545441e-24,-2.6378614244e-24,-1.0000564866e-24,-2.2154401782e-07,0.22674272514,0.031785295092,0.022059894909,0.049358920891
ag36,ok,,30.201895337,191524157.57,316112.35655,1316206.3341,112496638.45,135894.44877,14674510.954,-4.1743476005e-25,1.6137223637e-24,-4.0774397175e-24,-2.7269645144e-07,2.4269851182e-08,2.0773788685e-08,1.4602821147e-07,7.2758911904e-24,-8.4032958323e-26,-6.6709989342e-08,-1.7325611491e-24,6.5091376265e-24,-3.1129238613e-24,-1.0716524884e-24,-2.36310028e-07,0.22727003165,0.029790602834,0.021087851937,0.046161322051
ag37,ok,,30.330762912,192365418.19,281708.91803,1161068.9689,113007507.56,120491.87879,14870543.444,-4.1682923094e-25,1.7125784408e-24,-4.3007553224e-24,-2.9068809399e-07,2.4088104772e-08,2.2122546142e-08,1.5446904512e-07,7.6990559821e-24,-8.0683607008e-26,-6.46823403e-08,-1.8975185557e-24,6.8955966845e-24,-3.4472598165e-24,-1.0860686272e-24,-2.4622840568e-07,0.22963722333,0.028237638165,0.018221592101,0.043515307569
ag38,ok,,30.429838204,193029990.67,237127.41107,963113.92708,113465956.61,100176.76714,15034809.111,-4.1704935342e-25,1.9584909875e-24,-4.6593295334e-24,-3.1879882254e-07,2.348739457e-08,2.0208062023e-08,1.6687594952e-07,8.4299173253e-24,-7.8849715282e-26,-1.3431626637e-07,-2.4525772948e-24,7.5399521028e-24,-4.4972056353e-24,-1.1717182345e-24,-2.5133384306e-07,0.2322237389,0.02610602071,0.03185006851,0.039570861881
ag44ct02r,ok,,29.039189755,184082066.47,222673.04444,1091484.5964,109184965.34,95628.037351,13175497.402,-2.4381214459e-25,1.4546329119e-24,-5.0920325073e-24,-1.6125649926e-07,1.7221608929e-08,7.7641748168e-09,1.0377534364e-07,8.7255992391e-24,-6.8682338483e-26,5.8593676457e-08,-2.8920273827e-24,7.0082675448e-24,-5.2778754486e-24,-2.1826613601e-24,-8.0207530241e-08,0.2105936808,0.013806188533,-0.013047232321,0.023107971706
ag45c03,ok,,28.17906109,178676740.93,186294.76016,1054676.7062,107090175.43,80791.801497,12223317.882,-3.5126456339e-25,1.3035912239e-24,-5.6729355023e-24,-2.4447393012e-07,1.4882420117e-08,-2.254640285e-09,1.4533971065e-07,9.3673269593e-24,-8.6471867655e-26,1.4188317976e-07,-3.6966356729e-24,6.8854483747e-24,-7.122883835e-24,-3.3652603694e-24,6.6999315568e-08,0.19808274596,0.020824324469,-0.026432092945,0.027076026538
ag455ct02r,ok,,28.328563827,179616211.84,164623.2528,901836.04169,107543307.04,70219.549296,12393797.168,-2.6615516408e-25,1.4609693719e-24,-6.0234261488e-24,-2.0589775899e-07,1.7868094231e-08,1.0553124022e-08,1.2986673413e-07,1.0064382708e-23,-9.917409057e-26,1.2618397982e-07,-4.3027424057e-24,7.5526854457e-24,-8.1377383918e-24,-3.2425573488e-24,-1.1247468662e-07,0.20128529071,0.012869119716,-0.020772817209,0.021379084202
ag45ct02r,ok,,28.590180663,181250667.33,190914.29383,1001968.3156,108119276.58,81769.123391,12670730.876,-2.5058633986e-25,1.4326852864e-24,-5.5703920367e-24,-1.7897603169e-07,1.7572358559e-08,9.2212267443e-09,1.1441155637e-07,9.3880080833e-24,-8.4909778179e-26,9.3205887537e-08,-3.5972528025e-24,7.2149666013e-24,-6.6563303013e-24,-2.8000306162e-24,-9.7199949397e-08,0.20461643797,0.013009258234,-0.0177943362,0.021842801491
ag46c03,ok,,27.84806888,176576781.9,141559.16648,821979.08714,106348798.52,59754.260241,11879601.559,-3.6176487416e-25,1.5288559842e-24,-6.5328317683e-24,-2.9105334492e-07,1.4312337914e-08,-7.4057108401e-09,1.6679856781e-07,1.0981190018e-23,-8.4460420182e-26,9.702515705e-08,-5.2441067537e-24,7.7672127047e-24,-1.0074297074e-23,-4.1539576789e-24,1.1966161623e-07,0.19473896604,0.018785082986,-0.01373480036,0.02361186623
ag46ct02r,ok,,28.205544236,178835367.22,143997.97589,802082.62658,107296946.81,60844.252167,12268468.718,-2.6218732291e-25,1.5478850027e-24,-6.4586043114e-24,-2.1763490919e-07,1.7870640964e-08,1.0344605662e-08,1.3588357174e-07,1.0822047493e-23,-1.0195723028e-25,1.2291224287e-07,-4.9705260012e-24,7.9611380341e-24,-9.4252866085e-24,-3.6036245166e-24,-1.1725736641e-07,0.20018490178,0.011814231146,-0.017699114186,0.019566959287
ag52,ok,,29.881217058,189397584.33,331865.47821,1356741.585,111321379.11,139680.52446,14199198.142,-1.8385884236e-25,1.560665514e-24,-4.083552859e-24,-9.6605294585e-08,1.5948349244e-08,2.079854258e-10,6.3304343195e-08,7.4610889116e-24,-2.9973723778e-26,-7.7782415192e-08,-1.4619455027e-24,6.4770235203e-24,-2.5106514336e-24,-1.1707048626e-24,-1.976511496e-08,0.22266498726,0.012879243497,0.025813298414,0.021008526127
ag53,ok,,29.741109895,188516719.75,303840.44945,1279804.7216,110975600.42,128189.26488,14025640.422,-1.9566609306e-25,1.5712601552e-24,-4.2827407931e-24,-1.0780350188e-07,1.6097325798e-08,8.6610099242e-10,7.0485897863e-08,7.7468444135e-24,-3.5237228878e-26,-6.6676946239e-08,-1.7573157752e-24,6.639134952e-24,-3.035760899e-24,-1.3339749781e-24,-2.5227620274e-08,0.22088320579,0.013105073548,0.020259153313,0.021416466886
ag47ct02r,ok,,27.264035651,172881102.82,91761.15249,595552.75168,105178115.59,37380.538401,11359325.12,-2.6455432154e-25,1.7064179183e-24,-8.2685272653e-24,-2.7827057325e-07,1.8059378388e-08,8.7929280267e-09,1.6572152497e-07,1.3750421966e-23,-1.3485792358e-25,6.448077685e-08,-9.9053292436e-24,8.8029820613e-24,-1.8100960274e-23,-6.0057048431e-24,-1.407865764e-07,0.18850150423,0.0094101426142,-0.0059168303972,0.015206798124
ag54,ok,,29.389567113,186306432.27,251246.82749,1139350.676,110119729.79,106652.68841,13600937.309,-2.2308299469e-25,1.5778836223e-24,-4.7482481466e-24,-1.3564193501e-07,1.6458298883e-08,2.5040288325e-09,8.8559831698e-08,8.3800439677e-24,-4.9454882433e-26,-3.4445782146e-08,-2.6022026712e-24,6.9542093244e-24,-4.5575929667e-24,-1.7706599549e-24,-3.8446143745e-08,0.21627987285,0.013579976503,0.0086543934844,0.022250376757
ag47c03,ok,,26.824340706,170101146.86,93485.826839,639545.12652,104021646.42,38127.095217,10946277.495,-3.8155644459e-25,1.6626329098e-24,-8.1978469404e-24,-3.8270875637e-07,1.3134935733e-08,-1.5005963112e-08,2.096264898e-07,1.3694595757e-23,-9.7289849868e-26,2.3788769125e-08,-1.0456401158e-23,8.2937383137e-24,-1.9223138853e-23,-6.8270310002e-24,2.4030218435e-07,0.18214842319,0.016261791413,-0.0022239127512,0.019597105727
ah21-7,ok,,30.391570563,192610351.54,449787.57901,1605544.3597,112632202.4,185392.10363,14855637.972,-1.9979352933e-25,1.7443971327e-24,-3.4296515303e-24,-8.4997476915e-08,1.4955274648e-08,-8.9069149646e-09,5.58863976e-08,6.6283326095e-24,-1.3467712034e-26,-2.1787259642e-07,-9.8462285695e-25,6.1145016306e-24,-1.6280482423e-24,-5.9438835137e-25,3.0919446318e-08,0.22940078168,0.017073405184,0.097996387677,0.025137007476
ah21-9,ok,,29.892969756,189451070.15,255991.28652,965313.30061,111324856.92,103902.27075,14203752.484,-2.0866721138e-25,2.2733463199e-24,-4.5801139132e-24,-1.1827898296e-07,1.5291088228e-08,-1.29149085e-08,7.6185112042e-08,8.8712147281e-24,-1.6845684718e-26,-4.0789714294e-07,-2.0821510601e-24,7.9154336826e-24,-3.6205881218e-24,-1.0071969591e-24,4.8047262875e-08,0.22557233556,0.013415898399,0.10441811439,0.019502724846
ag55,ok,,28.735036571,182194833.75,177418.17494,920757.97247,108621125.68,75955.99796,12859789.089,-2.8218014917e-25,1.6327440831e-24,-5.7033647279e-24,-2.0610564596e-07,1.7281473744e-08,5.740244811e-09,1.3337181716e-07,9.6593995486e-24,-8.3865076274e-26,1.105349761e-08,-5.06501719e-24,7.5600711159e-24,-9.1136944933e-24,-2.7530102619e-24,-7.2546220093e-08,0.20762435169,0.014511326542,-0.0019610913726,0.02366258439
ah63k127,ok,,30.231923656,191603845.2,821511.64545,3255729.1483,111084133.76,367767.79811,14502655.209,-2.3600953718e-25,1.2614747481e-24,-2.5667738671e-24,-7.3228179622e-08,1.5700758065e-08,-5.2938176024e-09,5.2716299647e-08,4.6966320886e-24,-3.2271349111e-26,-1.4375836487e-07,-4.9402752123e-25,4.284466861e-24,-1.0404090555e-24,-6.1138811841e-25,-1.0182768367e-08,0.22372231511,0.026093525425,0.11809917088,0.043307054065
ah6407,ok,,30.508613232,193652618.37,195913.97742,1632904.806,113219016.15,122966.07856,15121813.614,-5.6290805652e-25,1.6913538287e-24,-4.689378739e-24,-3.3369032377e-07,1.765990505e-08,-1.3137241601e-08,3.4046091196e-07,5.1570201714e-24,-1.4200090411e-25,-2.5533452879e-07,-5.9424973274e-24,5.2415923076e-24,-1.6378683021e-23,-1.9057222977e-24,-5.6668605473e-08,0.23187457482,0.039418745075,0.050023603107,0.066701051419
ah7476,ok,,30.512068076,193685886.74,152139.68428,1684244.4703,113171273.24,113313.82193,15127372.815,-6.4038954485e-25,2.0013410314e-24,-4.9561695389e-24,-3.9736148044e-07,1.4987613492e-08,-4.9854074463e-08,4.8587204721e-07,4.1552955072e-24,-1.9367602948e-25,-6.6892012658e-07,-6.2054542716e-24,5.0539253265e-24,-2.5098361319e-23,-2.4703446181e-24,7.158816844e-09,0.23159917569,0.045214449618,0.10176929687,0.073920419863
ah79100c,ok,,30.724272965,194721604.89,527902.76132,2737276.7982,112471451.02,276781.52318,15170195.445,-4.709468318e-25,1.3526303504e-24,-3.0387087984e-24,-1.6622508477e-07,1.3325398148e-08,-1.6554577851e-08,1.4588024702e-07,4.6648029003e-24,-4.7115022444e-26,-1.6697911219e-07,-1.3589142855e-24,4.4812210756e-24,-3.0797074069e-24,-6.1120227629e-25,3.6322698386e-08,0.22747953867,0.048299959742,0.088148734408,0.077010585223
ah79k132,ok,,30.531601234,193499432.1,940246.21941,3577060.7426,111883137.97,417791.56452,14898323.808,-2.1142929949e-25,1.1822146157e-24,-2.3873427764e-24,-6.4539501016e-08,1.5938202127e-08,-2.1144909413e-09,4.5305699243e-08,4.4117402812e-24,-2.8735986835e-26,-1.1786122263e-07,-2.8584688193e-25,4.0725196612e-24,-6.1422896882e-25,-4.8095112995e-25,-2.78704743e-08,0.22622326086,0.024333299233,0.11081856899,0.042598512431
ah79k135,ok,,30.525051464,193457536.78,976248.84915,3608806.7726,111934299.0,427089.66697,14898458.172,-1.7448569632e-25,1.1707487261e-24,-2.3471468391e-24,-5.2708676345e-08,1.5715441848e-08,-1.5603837414e-09,3.6247955263e-08,4.4087436418e-24,-2.3093915304e-26,-1.1170868456e-07,-2.2607450059e-25,4.0631790678e-24,-4.8365820389e-25,-4.6311970509e-25,-2.2465959328e-08,0.22657893324,0.020339238856,0.10905547474,0.035387024609
ah80129,ok,,30.56333254,193718905.9,868777.35087,3410396.0879,111985202.5,394581.99951,14945564.525,-2.3832993805e-25,1.2671961078e-24,-2.4664610769e-24,-7.3954304587e-08,1.6281610089e-08,-3.4856760763e-09,5.4942837817e-08,4.4841968603e-24,-2.902558848e-26,-1.4670095852e-07,-3.9400826811e-25,4.1583534303e-24,-9.2836954818e-25,-4.6133838963e-25,-3.2739675579e-08,0.22901747656,0.026226974593,0.12745047012,0.047733093088
ah80140,ok,,30.566838382,193746157.99,877496.81328,3856709.2041,111975943.25,414682.06516,14949298.5,-2.3549897082e-25,8.2634762165e-25,-2.4910287762e-24,-7.5648237902e-08,1.6501310744e-08,5.6927971858e-09,5.5623091992e-08,4.1990606389e-24,-4.8807711584e-26,2.1652462686e-09,-4.0493023861e-25,3.7411452013e-24,-7.3726120046e-25,-6.9659230489e-25,-5.802640657e-08,0.21932401818,0.026108038606,-0.0018999967007,0.048809085967
ah81k144,ok,,30.660047999,194336794.73,1106908.0504,4278073.7858,111903341.5,502564.68334,15031723.736,-2.205611334e-25,1.0811876953e-24,-2.1948519462e-24,-5.8525986286e-08,1.5464777235e-08,-3.4882257981e-09,4.4133716206e-08,3.997201258e-24,-2.7568953022e-26,-1.0049783874e-07,-3.4317475291e-25,3.6994349048e-24,-6.6021444579e-25,-4.575277871e-25,-1.3927870055e-08,0.22629255271,0.027830534632,0.11124186674,0.048851965762
ah81k144wfKlappe,ok,,32.164648415,204003612.56,1551236.8188,7134901.1368,115203090.08,791253.34354,17072890.663,-4.7627655406e-26,3.3457726341e-25,-1.8406986231e-24,-1.1756741741e-08,1.2848388654e-08,1.7479708701e-09,8.2821944634e-09,2.8656973323e-24,-8.325968516e-27,7.8391101867e-08,-7.8217888362e-26,2.4940490881e-24,-1.1575917626e-25,-5.0854332773e-25,-6.2829067687e-09,0.21835558833,0.0082172475353,-0.12160316348,0.012847644992
ah83159,ok,,30.418121218,192779821.03,1367023.8773,5064870.3761,110824687.31,601795.60749,14651696.856,-1.869807755e-25,1.0192603662e-24,-1.9877938872e-24,-4.716089095e-08,1.5496658108e-08,-2.6268269068e-09,3.1575923111e-08,3.7548710627e-24,-2.3434070356e-26,-9.4399175971e-08,-1.956272237e-25,3.471592021e-24,-3.9192725408e-25,-4.0960661707e-25,-1.4012896356e-08,0.22120847286,0.026517754907,0.12904592755,0.043165040841
ah85l120,ok,,30.383126234,192570584.61,812705.58411,2780843.9086,112181953.18,334987.46833,14792679.531,-1.2757144984e-32,1.456517626e-24,-2.587669145e-24,2.9699943833e-16,1.5487125438e-08,-3.3878789285e-16,7.9644869308e-16,5.1162468721e-24,-1.2681875503e-31,-1.9076631818e-07,-1.2778005562e-30,4.6833294033e-24,1.9918690042e-30,-5.0360784241e-25,2.27931984e-15,0.22909608346,7.543375441e-11,0.15503685204,6.4727830033e-10
ah88k136,ok,,31.035932958,196694980.49,1025553.7702,3648393.8608,113379094.39,453669.45033,15601778.439,-1.6409227571e-25,1.2285876092e-24,-2.2580949769e-24,-5.092772317e-08,1.5999818602e-08,2.7273997583e-10,3.5891460574e-08,4.2531762296e-24,-1.9367575043e-26,-1.287550251e-07,-1.1241208576e-25,4.0057220123e-24,-2.9167323638e-25,-3.1637827403e-25,-4.2897819822e-08,0.23406487567,0.01855635647,0.13204520142,0.03680862271
ah93156,ok,,30.868216846,195632378.44,1398586.0084,4992330.6972,112382761.76,613791.211,15301658.716,-1.7437949942e-25,1.0086056484e-24,-1.9442537749e-24,-4.4294607966e-08,1.5368630084e-08,-1.3191348218e-09,3.0712666869e-08,3.6783705922e-24,-1.9672426769e-26,-8.5399860545e-08,-1.6309578662e-25,3.4474723608e-24,-3.0941517991e-25,-3.2374993472e-25,-2.107290702e-08,0.22635787168,0.024264075435,0.11943905008,0.042954306165
ah93157,ok,,30.926384149,196000911.55,1399618.885,4964501.7933,112606890.6,613568.36529,15390017.497,-1.7251092364e-25,1.0018966153e-24,-1.9405733535e-24,-4.4214220636e-08,1.5343236342e-08,-1.0208276735e-09,3.0365582703e-08,3.6751757121e-24,-1.8852261952e-26,-8.1971825445e-08,-1.5500741071e-25,3.4504551698e-24,-2.9306387842e-25,-3.1131637485e-25,-2.2010937139e-08,0.22689808371,0.02406871284,0.11472931493,0.042500243007
ah93k130,ok,,30.904643691,195882593.61,948132.76195,3508634.254,113002451.83,425857.88229,15421697.106,-1.9929669532e-25,1.2509594374e-24,-2.3474940304e-24,-6.1890176656e-08,1.6231519014e-08,-7.3607425915e-10,4.5693176886e-08,4.3408667348e-24,-2.219798377e-26,-1.3699014985e-07,-2.3476805508e-25,4.0948928367e-24,-5.1871031535e-25,-3.382866733e-25,-4.500631969e-08,0.23192966725,0.021919470848,0.12988484914,0.043323198003
ah93k131,ok,,30.883381145,195747532.39,940849.34482,3512103.686,112917636.99,424260.23915,15388567.913,-1.995432587e-25,1.2269582539e-24,-2.3586951529e-24,-6.2628448205e-08,1.6347871372e-08,6.399431592e-11,4.6179658357e-08,4.3423885642e-24,-2.3317493972e-26,-1.2817113135e-07,-2.2741827264e-25,4.0889713035e-24,-5.1083072123e-25,-3.4814967529e-25,-4.9145912414e-08,0.23136273296,0.021756426774,0.12058972495,0.043448101309
ah93k132,ok,,30.741463348,194853038.36,981334.73091,3626496.1687,112373130.3,437777.46633,15175491.299,-1.9488325887e-25,1.2352599859e-24,-2.3128858859e-24,-5.9709633613e-08,1.6246077567e-08,-8.391219275e-10,4.3221371836e-08,4.312829131e-24,-2.152086048e-26,-1.3473262011e-07,-2.0901889071e-25,4.0639098051e-24,-4.9053652675e-25,-3.309754271e-25,-4.2205622709e-08,0.2297133742,0.02190289605,0.1322177995,0.0424146333
ah93w174,ok,,30.843520285,195476440.23,1451479.5681,5696209.2162,111826472.8,668804.60772,15200603.73,-1.7282596686e-25,7.4435972095e-25,-1.9207762765e-24,-4.0304010124e-08,1.4660529628e-08,-4.755176279e-11,2.9836578908e-08,3.4356764787e-24,-2.2845078726e-26,-1.8003195483e-08,-2.0416787305e-25,3.1508574597e-24,-3.4618168325e-25,-4.1869066645e-25,-8.3556821546e-09,0.21941796426,0.025730170708,0.026131270404,0.043307184668
ah93w145,ok,,30.980022411,196399577.76,1031097.1232,3964736.4291,113297667.53,468170.83384,15542890.343,-2.0286432559e-25,9.603567031e-25,-2.2637567794e-24,-5.8172010093e-08,1.5238919546e-08,1.0943258754e-10,4.2268101676e-08,4.0648259257e-24,-2.5231391313e-26,-4.1979292537e-08,-3.1859538018e-25,3.7548318907e-24,-5.6657859562e-25,-4.4610859215e-25,-1.9337175895e-08,0.22865137524,0.025166561164,0.043284727771,0.043582518043
ah93w215,ok,,32.060823184,203190333.2,2281189.7842,7870147.6604,114884357.55,1047547.3447,16882666.665,-1.0701487924e-25,6.4246753271e-25,-1.4895746804e-24,-2.0646396795e-08,1.368338398e-08,1.65542544e-10,1.4873212435e-08,2.7554616804e-24,-7.6955080396e-27,-1.2448793763e-08,-5.5724666872e-26,2.6212343988e-24,-9.0236553749e-26,-1.7625276924e-25,-5.4009716859e-09,0.22903201749,0.020332960798,0.028398061159,0.033928620265
ah93w257,ok,,32.439730113,205803848.09,2892148.2987,10942561.492,114171811.01,1407180.2067,17218804.345,-2.2369130028e-26,4.7360033921e-25,-1.3462735906e-24,-9.4994300184e-10,1.3068240553e-08,-1.8953522954e-09,2.2214604852e-09,2.3463597683e-24,1.7867826989e-27,-5.7124726689e-10,-8.2615009724e-26,2.0917807463e-24,-1.2870801624e-25,-3.7273408103e-25,1.5788955399e-08,0.22526185891,0.0063450005516,0.0016521318111,0.0064247931628
ah94145,ok,,30.741297778,194895716.63,1097743.1827,4523060.8843,111914855.81,518225.45253,15121740.965,-2.824697452e-25,9.7953807479e-25,-2.1850039205e-24,-7.4565378401e-08,1.5368747548e-08,-2.9628284098e-09,5.7953833785e-08,3.815888123e-24,-3.4960136381e-26,-7.3184622438e-08,-4.520925512e-25,3.5648468654e-24,-8.4862363376e-25,-4.4787452171e-25,-1.6861078562e-08,0.22253141992,0.03670013473,0.080337920357,0.063618425947
ah93w480b,ok,,39.235654254,248656498.31,17057475.211,38428909.333,124086657.3,8391195.1523,27520930.209,-3.7159013645e-26,3.7528764387e-25,-4.8569162209e-25,-2.9973665664e-09,9.6905965245e-09,-6.9064937636e-11,2.0420173279e-09,9.7364179522e-25,-1.2856874441e-29,-1.4172685257e-08,1.3095796394e-28,9.7239006088e-25,-6.4908660796e-29,-7.7906574491e-28,-1.9646057757e-09,0.26523001519,0.020787199359,0.24175022744,0.034831659951
ah94156,ok,,30.653799095,194273443.88,1360046.4281,4892394.3202,111678726.03,595214.54837,14994711.442,-1.7898049018e-25,1.0253347693e-24,-1.9783401567e-24,-4.593282266e-08,1.5410183839e-08,-1.9231854138e-09,3.0966780109e-08,3.7598335402e-24,-1.9058576318e-26,-8.9876387122e-08,-1.6538526367e-25,3.5160086081e-24,-3.2280875131e-25,-3.3779810195e-25,-1.7136921931e-08,0.22402087787,0.025057553936,0.12223605927,0.042116258677
ah95160,ok,,31.158341555,197538386.44,1330686.0776,5249777.048,112904319.28,627485.39201,15673939.761,-2.5530318789e-25,8.9507576451e-25,-1.9742325308e-24,-6.1693341051e-08,1.5069812994e-08,-1.8376922666e-09,4.7962702532e-08,3.4827616171e-24,-2.8787218517e-26,-5.6708407928e-08,-3.3187884529e-25,3.2682121103e-24,-5.9938842915e-25,-3.6500346625e-25,-1.6684930028e-08,0.22605254618,0.036349152826,0.075461088914,0.063823300505
ames01,ok,,30.965535277,196405228.06,608427.38908,2100778.6938,114700991.51,250103.53745,15734970.887,-9.9289976063e-26,1.3725261471e-24,-2.962642886e-24,-4.6619345686e-08,1.5479929052e-08,4.1723443041e-09,2.6446283865e-08,5.667117044e-24,-1.7189661496e-26,-9.5346541076e-08,-2.3511089513e-25,5.1494056247e-24,-4.3743768241e-25,-6.1534139716e-25,-4.961235372e-08,0.23443601542,0.0087520978936,0.058011447045,0.016090643443
amsoil2,ok,,30.989334599,196524354.16,783699.25168,2651701.7013,114525998.8,323910.99495,15729606.527,-6.2679842451e-26,1.2681087594e-24,-2.6125320334e-24,-1.954501594e-08,1.4702049698e-08,-1.6140660362e-09,1.4277987975e-08,5.0449681769e-24,-5.9807121625e-27,-1.0230550409e-07,-2.3519744514e-25,4.6072643079e-24,-3.6081826104e-25,-5.3657245726e-25,3.837394802e-09,0.23163922643,0.0066187776216,0.080176746999,0.011189648491
apex16,ok,,30.751370482,194889431.01,832292.0225,2918044.718,112962715.12,359825.84479,15257282.868,-1.7309947683e-25,1.3487951003e-24,-2.5107121104e-24,-5.4594635869e-08,1.5076283892e-08,-5.1084845799e-09,3.5818175155e-08,4.8230666235e-24,-1.1244403257e-26,-1.4424413923e-07,-3.5607953178e-25,4.516829533e-24,-6.8371215905e-25,-3.7068504504e-25,7.3334483519e-09,0.23221948795,0.020257477918,0.12005324637,0.029811181442
amsoil1,ok,,30.985420133,196499294.86,762607.63956,2662803.1749,114418149.16,320993.77592,15711182.412,-1.3536521321e-25,1.2744269309e-24,-2.6409512804e-24,-4.5432580718e-08,1.487052178e-08,-1.6359898863e-09,3.2196095842e-08,5.0138317543e-24,-1.6096059006e-26,-1.0734322976e-07,-4.1451557485e-25,4.5903996933e-24,-6.7999376136e-25,-5.4440306349e-25,-9.5855024539e-09,0.23143494189,0.013871610623,0.081860767068,0.024552988653
ames02,ok,,30.375676345,192798930.22,305110.8845,1154800.3762,113624591.31,122948.02096,15032264.197,-6.5708583877e-26,1.6851729899e-24,-4.2962184861e-24,-4.0976607262e-08,1.52846782e-08,4.7082420461e-11,2.0181247098e-08,8.0265408112e-24,-9.1174605978e-27,-1.130704302e-07,-4.5773946539e-25,6.7490452572e-24,-7.2039466729e-25,-1.5051643674e-24,-6.7360764436e-09,0.22925302248,0.0048481316868,0.03449901897,0.0061575181524
apex16_NASA_CR-201062,ok,,31.115556648,197285534.42,869661.12464,2980025.1641,114317561.99,376142.27569,15823710.88,-1.6995681921e-25,1.3419645464e-24,-2.444857112e-24,-5.3037789914e-08,1.4916066396e-08,-4.7605213426e-09,3.4774370536e-08,4.6859493035e-24,-1.2092157739e-26,-1.419875475e-07,-3.5705138844e-25,4.3901974705e-24,-6.7376649951e-25,-3.7402226537e-25,4.4665984068e-09,0.23743685168,0.020348725904,0.12348105024,0.03024191819
aquilasm,ok,,30.054040784,190473039.79,425323.48813,1922855.7575,111252718.42,195751.18756,14352434.29,-3.4311817465e-25,1.3803492912e-24,-3.5302820427e-24,-1.6242511449e-07,1.8376077971e-08,4.270499221e-09,1.1179560165e-07,6.0359180456e-24,-5.971837881e-26,-9.5770361177e-08,-1.3162577235e-24,5.458903957e-24,-2.7324816529e-24,-8.9073733208e-25,-9.4069841602e-08,0.22072345301,0.027739984502,0.040733384076,0.047549295251
arad10,ok,,31.908707571,202300153.32,573699.69031,2161144.911,117382331.65,259063.68785,17088078.924,-2.8391924813e-25,1.2681799575e-24,-2.9244659397e-24,-1.205754359e-07,1.6423104989e-08,6.3882640936e-09,8.4805161787e-08,5.1519970946e-24,-1.7510419358e-26,-2.8211092049e-08,-4.231267132e-25,4.9657240874e-24,-9.136117548e-25,-2.4075557345e-25,-6.8603551446e-08,0.24393038113,0.026910051976,0.016184694772,0.048652695054
arad13,ok,,32.217043373,204178970.19,932108.56593,3185943.0418,117997664.1,415029.15999,17502885.729,-1.9607881333e-25,9.7713715369e-25,-2.2808705419e-24,-6.9734714488e-08,1.5476168124e-08,7.4415994643e-09,4.5885406932e-08,4.1921460165e-24,-3.5708329377e-27,1.1802111236e-08,-2.3192521149e-26,4.1361400846e-24,-1.340524782e-25,-3.5611266486e-26,-5.6172461825e-08,0.24227157505,0.023306794404,-0.011000848979,0.042770180852
arad6,ok,,31.320954804,198727709.74,202340.26187,1332884.9368,115667547.7,117705.40642,16247470.885,-5.1628544008e-25,2.0391742067e-24,-4.6850295487e-24,-3.1203599036e-07,1.7870212205e-08,-2.1242992216e-08,2.9840376899e-07,6.0261048846e-24,-7.0672074219e-26,-4.5895063847e-07,-3.8194369407e-24,6.0166541229e-24,-1.0510700707e-23,-9.6514501569e-25,-7.9441721795e-08,0.24291393782,0.034459938104,0.092864192373,0.060379096759
arad20,ok,,32.89716766,208487888.6,2023450.9963,6610658.5888,118515157.66,925417.56824,18342017.567,-1.2303790297e-25,6.4326640376e-25,-1.5367839389e-24,-3.2340389237e-08,1.3989608356e-08,4.8165947406e-09,1.8885319435e-08,2.8414631889e-24,-1.7219947435e-27,8.3652775799e-09,-2.1373381575e-27,2.8143875282e-24,-1.7351318835e-26,-1.6676730323e-26,-3.37584783e-08,0.23780201377,0.022522440178,-0.016926729254,0.038213518426
as5048,ok,,31.717493089,201051544.89,1700056.6049,5550825.2251,115085321.17,749346.37516,16549663.989,-5.6401549237e-26,8.7500435864e-25,-1.7280915335e-24,-1.4399814265e-08,1.4335114217e-08,-5.4612337122e-11,7.6887419191e-09,3.3221322127e-24,-2.9032594842e-27,-4.1690966322e-08,-2.255458667e-26,3.1917730573e-24,-4.4186263149e-26,-1.5410464588e-25,-3.7623892572e-09,0.23656746726,0.0101235705,0.07087700266,0.013071296483
august160,ok,,31.316002299,198487885.32,1163889.8307,4695256.1054,113688061.24,547853.84433,15934682.138,-2.3826413212e-25,7.2950711905e-25,-2.1134211557e-24,-7.4039937079e-08,1.7169406779e-08,9.0754496888e-09,4.8844744755e-08,3.6636463195e-24,-3.3187034517e-26,1.4784498865e-08,-1.1202177235e-25,3.4005612244e-24,-2.5387698793e-25,-3.5023549183e-25,-7.6119906168e-08,0.22389454873,0.031282529267,-0.017207527881,0.056849901703
atr72sm,ok,,30.972058855,196289856.99,1117052.1845,4067927.4243,113385401.63,484909.75876,15541740.565,-1.3913608205e-25,8.5955843051e-25,-2.1729843159e-24,-4.5748782338e-08,1.5286777113e-08,4.3338130715e-09,2.7143720813e-08,4.0338225994e-24,-1.7546397187e-26,-8.958031288e-09,-1.0413085449e-25,3.7480179222e-24,-1.9777343598e-25,-3.5014338301e-25,-4.1209412528e-08,0.22327703906,0.017729631064,0.010006588419,0.030320952628
avistar,ok,,31.664208587,200723330.13,1125826.5676,3768245.8891,115881184.91,490718.32003,16607899.287,-1.1243909107e-25,1.041804866e-24,-2.1264985521e-24,-3.1411148165e-08,1.4581055049e-08,2.2299788576e-10,2.3475116173e-08,4.0284034404e-24,-7.9842196883e-27,-5.3390095856e-08,-1.277465322e-25,3.8389287122e-24,-2.3322932778e-25,-2.2668146205e-25,-1.3905037589e-08,0.23858946061,0.013786682486,0.060107988362,0.026428909466
b29root,ok,,32.062644021,203199214.91,2550202.333,8400450.2807,114836758.43,1144893.1548,16879950.401,-5.1103526091e-26,6.5103142478e-25,-1.4041785867e-24,-1.0176153765e-08,1.3653869646e-08,9.1859519588e-10,7.4696950906e-09,2.6699462204e-24,-3.9951191944e-27,-1.8487243549e-08,-9.3584162736e-27,2.5660527245e-24,-1.9619445189e-26,-1.2519682978e-25,-1.022937887e-08,0.22843099766,0.00897664972,0.04714621163,0.019049233847
b29tip,ok,,29.919081397,189615733.74,386933.20186,1585890.8093,111102947.01,167391.84829,14200784.646,-1.8196269134e-25,1.5646036052e-24,-3.7788217146e-24,-9.4281892298e-08,1.7255342352e-08,5.8321578059e-09,6.4491546677e-08,6.8667222144e-24,-3.976060235e-26,-1.4531646733e-07,-6.2196751617e-25,6.0791080033e-24,-1.4496741965e-24,-9.6745086181e-25,-9.7915376708e-08,0.2230282625,0.012129832713,0.056227765986,0.024953920649
b540ols,ok,,30.28674649,192140318.08,394144.52399,1685570.5452,112976384.49,168556.43472,14840588.278,2.654894221e-31,1.0196706935e-24,-3.7952299057e-24,3.9283468232e-15,1.5113951999e-08,-6.2596807504e-15,-1.7845913066e-14,6.5662689034e-24,5.3006914209e-31,1.4895203803e-07,-1.1881670871e-29,5.4639071023e-24,-1.7979502244e-29,-1.3298986334e-24,1.9698447321e-14,0.22429993887,8.2594963368e-11,-0.058708630128,-7.0338689108e-09
b707a,ok,,30.597799215,193919129.4,602542.7528,2370015.1962,112971466.63,262258.07056,15104447.592,6.4524233142e-26,1.0114266694e-24,-2.9927994347e-24,2.0425410319e-08,1.4876623535e-08,-1.1012609608e-09,-2.0833308516e-08,5.3732911464e-24,9.297964457e-27,4.5500447129e-08,2.5083316294e-25,4.8589364347e-24,3.9708548618e-25,-6.1070294573e-25,7.3486340695e-09,0.22410775006,-0.0049248382114,-0.027415964667,-0.012552959063
b707b,ok,,25.598639713,162233448.78,353556.61623,1523420.5581,99998172.536,324831.17225,9901679.0832,-1.0203860679e-26,1.3322093061e-24,-2.3682091285e-24,-1.0724924959e-08,1.596461654e-08,1.1460752025e-08,1.512948973e-08,5.4664910305e-24,3.5644322539e-26,8.757417132e-07,-4.2307640223e-25,7.9500933112e-24,-7.7694694366e-25,4.7152619173e-24,-3.2825591236e-08,0.15692559442,0.0018107404779,-0.30962427681,0.0053491311944
b707c,ok,,30.154289464,191105522.76,442400.56513,1626459.3509,111805978.15,185758.04412,14515935.155,-1.6312637735e-25,1.7233651702e-24,-3.5097698513e-24,-8.6124909502e-08,1.6635887506e-08,2.7189915206e-09,4.6399725448e-08,6.7316046693e-24,-2.7170297436e-26,-2.3621769849e-07,-3.9443645985e-25,6.0744691232e-24,-9.4662135647e-25,-7.7219195803e-25,-6.9628482616e-08,0.22527459742,0.013086899728,0.10450284331,0.02052726476
b707d,ok,,29.992306697,190078863.02,387732.71085,1460678.4631,111358842.68,162867.29648,14303424.53,-1.9619872275e-25,1.8822750635e-24,-3.7434182744e-24,-1.0523447869e-07,1.688918444e-08,-1.7668555083e-10,5.9944647854e-08,7.1679521412e-24,-3.0330537424e-26,-3.0177035288e-07,-6.7687148577e-25,6.4347220709e-24,-1.6779528688e-24,-8.3518666854e-25,-6.4192803007e-08,0.22580959442,0.01478007077,0.11700623698,0.023242500813
b737a,ok,,31.112726485,197202692.7,1150986.0608,4394698.6314,113851562.64,510802.82385,15751637.665,-6.6381044802e-26,6.8367155341e-25,-2.1518206212e-24,-2.6207329814e-08,1.4424239277e-08,4.4278857623e-09,1.1358366017e-08,3.858021094e-24,-1.1580673011e-26,3.6934696376e-08,5.1267521053e-27,3.5062784069e-24,9.3815459326e-27,-4.3495392455e-25,-3.3900167974e-08,0.21998664216,0.0095803930005,-0.042511320689,0.013073320959
b737b,ok,,30.697031584,194575913.52,782689.52204,2910841.2757,113246326.95,335334.51523,15246289.203,-8.446199877e-26,9.7071658613e-25,-2.6267887757e-24,-3.8213135348e-08,1.5317443808e-08,5.0710632007e-09,1.78456829e-08,4.8457890791e-24,-1.4486899126e-26,9.3490278734e-09,-4.0036296233e-26,4.395890718e-24,-7.5836383462e-26,-5.4194166645e-25,-4.3555668218e-08,0.22497381107,0.0095303582447,-0.0073173861578,0.01396762902
b737c,ok,,30.336938025,192299853.6,485173.1253,1737940.6343,112440774.65,202190.078,14781518.064,-1.1275258007e-25,1.6264561608e-24,-3.3360052547e-24,-5.9333377541e-08,1.6187252134e-08,3.2939328226e-09,3.0665815203e-08,6.4454759125e-24,-1.7802329268e-26,-1.829364596e-07,-1.1923779391e-25,5.8423052339e-24,-5.1223578459e-25,-6.4191929604e-25,-5.4493457434e-08,0.22957947645,0.0094682707092,0.088755853837,0.014878229402
b707e,ok,,30.200607331,191402101.71,393318.85378,1456988.621,112009501.13,165982.69411,14587618.83,-1.7478235532e-25,1.870768528e-24,-3.6952851454e-24,-8.9688176808e-08,1.6300009478e-08,-1.4311677974e-09,5.414498335e-08,7.0870263399e-24,-2.3374608382e-26,-2.8729328148e-07,-5.4845626899e-25,6.4048863633e-24,-1.5318289349e-24,-7.3600709126e-25,-4.3971341829e-08,0.22821663948,0.013221762671,0.11299786417,0.021296242789
b737d,ok,,30.467121663,193144634.81,580099.7973,2057170.7609,112752797.92,243665.7718,14954537.113,-1.1571048042e-25,1.5524555066e-24,-3.0550530901e-24,-5.3754149651e-08,1.5989918006e-08,1.8007540141e-09,2.8782338508e-08,5.8908562677e-24,-1.8174025901e-26,-1.8740278653e-07,-2.0082503085e-25,5.3503972125e-24,-5.1648788279e-25,-6.3383104645e-25,-4.3589616294e-08,0.23055627074,0.010650461164,0.10871231848,0.016696628734
bacj,ok,,30.030157426,190380805.74,547726.69163,1995006.0915,111587127.16,224232.26478,14380662.699,-6.2932862388e-26,1.4805314543e-24,-3.1893727113e-24,-1.3469124137e-08,1.5114196705e-08,-1.0860691012e-08,1.1191979164e-08,6.1595160113e-24,8.048527337e-27,-1.6105291209e-07,-6.7754348188e-25,5.4725001152e-24,-9.5012987372e-25,-8.4366838587e-25,9.1812948612e-08,0.22124622158,0.0075783666287,0.088212978718,0.0061301457204
bacnlf,ok,,30.558428436,193696821.89,521478.77474,1786967.4005,113138572.73,215454.42578,15090522.351,-6.8540413151e-26,1.7934102261e-24,-3.1987668463e-24,-1.9001305432e-08,1.533789541e-08,-8.9795339999e-09,1.5126640543e-08,6.3132539806e-24,3.5613773522e-27,-2.7136438135e-07,-5.3771112515e-25,5.7570906908e-24,-8.0635164321e-25,-5.5260516096e-25,6.0235628256e-08,0.23513861409,0.0071467733462,0.14151076509,0.0078882219761
bacxxx,ok,,30.835711566,195445150.47,694939.05003,2324935.6702,113829830.39,287105.31945,15461154.892,-9.6666711053e-26,1.4196313426e-24,-2.7478381207e-24,-4.1001332362e-08,1.5329902796e-08,2.0041146294e-10,1.9960372854e-08,5.3935616302e-24,-7.4588272606e-27,-1.2851808032e-07,-1.7845110947e-25,5.0367589848e-24,-3.5974949291e-25,-3.7154139648e-25,-1.5407629669e-08,0.23420902413,0.010735864736,0.08931223265,0.013871242549
bambino6,ok,,31.110829274,197162866.55,759456.69843,2318763.7408,114321851.52,365214.01346,15805568.924,-3.8034814434e-25,1.3214490759e-24,-2.3763657651e-24,-1.4152456024e-07,1.6514863677e-08,4.5576331075e-09,8.3805256935e-08,4.7336561489e-24,2.8554633592e-26,-4.1494373246e-10,2.2848713224e-25,4.9125841057e-24,1.3061309603e-25,4.2396446994e-25,-3.1437818841e-08,0.23530882178,0.048991658912,0.00031513179709,0.063646463742
be50,ok,,29.533662771,187331647.32,211987.50365,1357778.8613,110544150.42,108515.11373,13818782.675,-5.5057609106e-25,1.5748391277e-24,-4.7543633692e-24,-3.6306385392e-07,2.0383579068e-08,8.1977070304e-09,2.7078909067e-07,6.6754827138e-24,-1.4558841613e-25,-1.6143141593e-08,-6.4380220117e-24,6.0823752411e-24,-1.2992481076e-23,-2.0721911416e-24,-1.166237207e-07,0.21813717574,0.036643210455,0.0034221442872,0.057403903347
boe103,ok,,31.159572101,197503639.52,887189.10868,3203805.9505,114390548.47,386903.57267,15871067.522,-2.2094679896e-25,1.0827765798e-24,-2.410614869e-24,-7.4063522542e-08,1.5487171732e-08,1.3685681172e-09,4.8136790124e-08,4.466542483e-24,-1.8835215279e-26,-4.7154505304e-08,-3.1668637018e-25,4.2035174684e-24,-5.8594699546e-25,-3.2952169456e-25,-2.9575540797e-08,0.2323142223,0.026000587205,0.041834963531,0.042706435925
be50sm,ok,,29.613421175,187838204.04,217464.69785,1351115.3646,110825300.16,109972.14575,13927767.175,-4.4364046758e-25,1.516670136e-24,-4.8148656083e-24,-2.6361990401e-07,1.5852095433e-08,-6.9030861125e-10,2.1514771691e-07,6.9211971133e-24,-1.0878148072e-25,-2.5141659438e-08,-6.2234402836e-24,6.0398699184e-24,-1.2520090018e-23,-2.11915039e-24,-7.7155717409e-09,0.21766875794,0.028806175909,0.0054674233732,0.046787033251
boe106,ok,,30.976803728,196328310.99,918415.86244,3332648.334,113675088.82,400566.19367,15583558.209,-1.9607009459e-25,1.087083906e-24,-2.3834717702e-24,-6.351703389e-08,1.5541706499e-08,1.0014258107e-09,4.2725330909e-08,4.4326373544e-24,-1.8765685388e-26,-5.7888487317e-08,-2.8267248325e-25,4.1542756638e-24,-5.2372041552e-25,-3.5094975369e-25,-2.9285664954e-08,0.23054943081,0.022741448866,0.053165705004,0.039239621635
bqm34,ok,,30.062949555,190529573.0,490349.16074,1832402.4995,111642628.23,202871.40525,14408860.706,1.3805135031e-33,1.3756397886e-24,-3.3674320202e-24,-4.9600347685e-15,1.5454061938e-08,-3.6171099328e-15,1.1520257054e-14,6.3758349641e-24,1.2008390058e-31,-7.4096764334e-08,-1.9195073961e-29,5.6604923526e-24,1.2687176993e-29,-8.3584959e-25,-1.3804396537e-14,0.22267542581,3.8264283598e-10,0.036333286205,5.6489483778e-09
bte-fk,ok,,31.46404319,199559914.11,781028.06846,2824254.1927,115927868.41,337637.1969,16420772.068,-1.1146988713e-25,1.0266110477e-24,-2.5846831729e-24,-3.3926720396e-08,1.4366774665e-08,-2.5687548347e-10,2.793384935e-08,4.7081845269e-24,-1.0874522511e-26,2.8812258244e-10,-3.9028417561e-25,4.3301365616e-24,-5.887072511e-25,-4.722526764e-25,2.0320842564e-09,0.2362956511,0.011617052513,-0.00022503182404,0.021817120403
bw050209,ok,,30.370333797,192547520.41,404454.02098,1557237.1385,112672810.21,172073.63179,14849222.773,-1.4364434191e-25,1.578034596e-24,-3.6608981807e-24,-8.5196305102e-08,1.7492028778e-08,1.0794731576e-08,5.0287503389e-08,6.8058716868e-24,-3.5127812775e-26,-1.2746945619e-07,1.5934620949e-25,6.0531002478e-24,-4.670076228e-25,-7.8047403776e-25,-1.3066182495e-07,0.23116632812,0.0094674644292,0.051555534108,0.02033898295
c141a,ok,,31.276227816,198235796.17,1018937.57,3201628.3553,115067613.61,418197.8899,16082663.638,-6.1997072029e-26,1.2599708929e-24,-2.2471709641e-24,-1.7070536807e-08,1.4646026424e-08,-2.1982547955e-09,1.1731093198e-08,4.4766394223e-24,-2.2975780774e-27,-1.1131742697e-07,-1.0996100214e-25,4.273987539e-24,-1.6912314931e-25,-2.2074679086e-25,7.2659010616e-09,0.2363790958,0.0078571948099,0.11342550854,0.011953251596
c141b,ok,,31.234254251,197972960.24,961133.51654,3033526.5266,114995608.58,394038.03436,16029354.037,-6.630937382e-26,1.294296307e-24,-2.316121686e-24,-1.891626099e-08,1.4696620867e-08,-2.2945681398e-09,1.3020323492e-08,4.6098281236e-24,-2.6886854779e-27,-1.1738948621e-07,-1.2536987499e-25,4.3925430129e-24,-1.9478829265e-25,-2.3713933298e-25,6.9361627794e-09,0.23640425668,0.0080999076274,0.11282696968,0.012514269304
c141c,ok,,31.017803022,196618275.99,710547.922,2298492.0063,114563939.7,290137.54491,15748559.017,-9.2799216497e-26,1.5015617256e-24,-2.7067839749e-24,-3.1654864682e-08,1.4965278645e-08,-3.0188041207e-09,2.1738411836e-08,5.362965433e-24,-5.3854566678e-27,-1.6288263031e-07,-2.4788013993e-25,5.0574752767e-24,-4.0539584152e-25,-3.3596253904e-25,4.2337357598e-09,0.23629357469,0.0094745342097,0.1157359145,0.015446183357
c141d,ok,,31.081059248,197024845.67,688800.90114,2229583.1058,114824586.34,281167.74602,15849846.44,-1.1168636102e-25,1.5075561481e-24,-2.7438697657e-24,-3.9802563397e-08,1.4883457154e-08,-3.1235073591e-09,2.651533229e-08,5.4222497739e-24,-6.7822107485e-27,-1.6098326714e-07,-2.9270026371e-25,5.1175256919e-24,-4.82926364e-25,-3.3762863701e-25,1.5334287107e-09,0.23617246342,0.011293025095,0.11088541947,0.018263784775
c141e,ok,,31.121254464,197286006.48,662483.08248,2159613.0032,114995199.2,270833.74116,15915691.18,-1.3385618646e-25,1.5168634048e-24,-2.7941132853e-24,-4.9540966563e-08,1.4859848293e-08,-3.2737146096e-09,3.2480919738e-08,5.4938756574e-24,-8.6349690994e-27,-1.6016835635e-07,-3.6290639764e-25,5.1820861591e-24,-5.9614583869e-25,-3.5069257471e-25,-1.5036607671e-09,0.2361836148,0.013321183658,0.10610882643,0.02151805983
c141f,ok,,31.194805461,197767126.9,610700.51969,2042687.545,115279254.8,251762.29483,16033740.272,-1.7974194455e-25,1.5276174919e-24,-2.901377216e-24,-7.035329695e-08,1.481682982e-08,-3.6344633275e-09,4.6052256681e-08,5.6175392122e-24,-1.3054377898e-26,-1.5873162595e-07,-5.4081383166e-25,5.2871368318e-24,-9.0470011206e-25,-3.8831167258e-25,-7.4701070866e-09,0.23544687768,0.017269566651,0.096937486459,0.028124137088
c5a,ok,,31.193650185,197695567.31,904356.29011,2698742.9163,114764606.26,404969.74795,15951018.761,-1.2426670394e-26,1.3213931414e-24,-2.2527542606e-24,-4.2548022435e-10,1.4876660212e-08,-3.2125470443e-09,4.1787855663e-10,4.5681319589e-24,-1.1669877004e-27,-6.2126904173e-08,6.9664571757e-26,4.7037301754e-24,1.0937055016e-25,2.8699519549e-25,2.2576853483e-08,0.2373395828,0.0023424897521,0.056184856574,0.00037791110119
c5b,ok,,31.116495592,197246671.24,781799.4513,2498541.4284,114811612.1,320131.64631,15884433.888,-7.1643616488e-26,1.4447988084e-24,-2.5754906434e-24,-1.9692968036e-08,1.479888661e-08,-4.6185838985e-09,1.5303329125e-08,5.1165611701e-24,-1.7490217766e-27,-1.5004141732e-07,-2.2293329854e-25,4.8419442077e-24,-3.4794914565e-25,-2.9993165374e-25,2.2963422685e-08,0.23735854823,0.0080496845124,0.11730229773,0.011964134313
c5c,ok,,31.072526406,196970156.79,731710.48886,2357998.7944,114726616.24,299024.67773,15827908.356,-9.1518294267e-26,1.4924320902e-24,-2.6643272062e-24,-2.7041794452e-08,1.4787327364e-08,-5.2366834301e-09,2.0842283776e-08,5.2805918108e-24,-3.3354672664e-27,-1.6300151597e-07,-2.9766622366e-25,4.9840570065e-24,-4.7071403139e-25,-3.2752996967e-25,2.2561449872e-08,0.23692917761,0.0096850393661,0.11926991894,0.015250517651
c5d,ok,,31.05017691,196831388.63,711415.28018,2310662.9688,114674495.69,291482.53307,15798025.616,-9.2953930746e-26,1.4813583608e-24,-2.7057449965e-24,-2.886787058e-08,1.47959415e-08,-4.6930231664e-09,2.1418452006e-08,5.3422387722e-24,-4.0872341353e-27,-1.5585772982e-07,-3.0311183845e-25,5.0267463607e-24,-4.8284213317e-25,-3.5287824499e-25,1.885044267e-08,0.23624530333,0.009712846282,0.11087957053,0.015237414035
c5e,ok,,30.559189574,193747265.89,607269.25331,2160992.483,113205089.34,252352.56852,15109398.284,-1.0313543749e-25,1.3844178751e-24,-2.9917455955e-24,-3.9817378729e-08,1.5084799359e-08,-1.4520210723e-09,2.5887555485e-08,5.7158920782e-24,-1.3321046576e-26,-1.2194548781e-07,-3.5875608241e-25,5.1588027548e-24,-6.0579476741e-25,-6.8768785482e-25,-6.1669106296e-09,0.22698542287,0.0096947988457,0.074053745329,0.015720716489
cal1215j,ok,,30.56665198,193720748.46,712861.47294,2662836.5732,112723550.85,306192.66823,15042829.437,-1.5691386021e-25,1.16180894e-24,-2.7376868381e-24,-5.4360143755e-08,1.527024898e-08,-2.7054847215e-10,3.8383276574e-08,5.0820009348e-24,-1.6333760591e-26,-4.9908564152e-08,-4.7218217522e-25,4.6700350226e-24,-7.8074267588e-25,-5.1117311445e-25,-1.0270358226e-08,0.22713390847,0.01593056837,0.035577892554,0.027361959075
cal2263m,ok,,30.795855565,195173214.19,745619.92249,2794638.9434,113272473.59,326808.65653,15345332.016,-2.331193787e-25,1.20832103e-24,-2.6426049756e-24,-8.004630705e-08,1.5409542681e-08,-1.3581777812e-09,5.6072689162e-08,4.8618758493e-24,-2.0426038935e-26,-7.8557715102e-08,-5.0573911166e-25,4.5594582066e-24,-9.0099419966e-25,-3.9960583718e-25,-1.7962336028e-08,0.22924558012,0.024814971668,0.058574197446,0.041808914147
cast102,ok,,31.175331676,197673658.05,823056.96307,2660655.4618,114894443.22,342073.63369,15965061.212,-9.4770972312e-26,1.451552461e-24,-2.5175768545e-24,-3.2499532685e-08,1.4932111948e-08,-2.8072913756e-09,1.8378449443e-08,4.9675769984e-24,-5.8186527266e-27,-1.6794216831e-07,-2.3538759789e-25,4.6567842591e-24,-4.0686438255e-25,-3.6610407348e-25,3.1558159217e-09,0.23895191465,0.011375200495,0.13822597102,0.015126510785
ch10sm,ok,,31.111413997,197179842.46,816087.0642,5314183.0779,111598500.06,506391.03583,15449114.376,-5.2772475106e-25,9.7363755925e-25,-2.3905669679e-24,-1.3744719716e-07,1.3135853505e-08,-1.4804248235e-08,1.4468971234e-07,3.1091459213e-24,-8.4328647638e-26,-1.1086800156e-07,-9.8081776861e-25,3.0874970902e-24,-2.6288800745e-24,-6.8574306541e-25,1.7715865044e-08,0.22197010276,0.071599315018,0.090477941905,0.11807940256
chen,ok,,31.907988781,202230008.4,697059.22511,3514773.4779,115126030.93,376912.66572,16744217.29,-3.6013416006e-25,7.9823812801e-25,-2.6664263438e-24,-1.3606692127e-07,2.1811416044e-08,1.8674321631e-08,1.0837916397e-07,4.0459691047e-24,-3.6256070286e-26,4.7003422564e-08,-8.2235514146e-26,3.8378430238e-24,-4.3472868452e-25,-2.6096911288e-25,-1.5631345295e-07,0.22968191454,0.037888324117,-0.03276416931,0.075546696053
clarkk,ok,,30.424175812,192814225.66,616905.52386,2142297.1723,112276253.47,321565.4949,14847242.038,-2.1192429884e-25,1.2177015279e-24,-2.607913021e-24,-7.1643486701e-08,1.536264718e-08,5.5494241559e-09,6.3186244097e-08,5.0057527692e-24,3.1320381058e-26,1.0720469283e-07,8.4653403624e-25,5.3657897332e-24,1.0762208694e-24,7.8880473598e-25,-8.132037399e-09,0.22530976832,0.022449049036,-0.06613516719,0.038979943016
clarkv,ok,,31.077570514,196984767.62,778226.18155,2767566.9121,114307272.3,335753.41054,15774939.075,-2.2152255415e-25,1.292864325e-24,-2.5691319513e-24,-7.3009291864e-08,1.4998788461e-08,-4.0244788799e-09,5.1481589862e-08,4.822061724e-24,-1.4255130345e-26,-1.0580295168e-07,-4.237903019e-25,4.564000521e-24,-7.827001787e-25,-3.1806045582e-25,-2.27679404e-09,0.23572441268,0.024332935782,0.082338627084,0.040064321099
clarkw,ok,,31.013823257,196576953.0,705489.79291,2690201.0312,114051453.41,311165.37425,15674270.09,-2.4077733384e-25,1.2122878687e-24,-2.7028621479e-24,-8.3992329064e-08,1.5367429501e-08,-1.0102137851e-09,6.1948277701e-08,4.8867883784e-24,-2.0356230217e-26,-7.0522822485e-08,-5.0624984047e-25,4.5953353052e-24,-9.3150735357e-25,-3.7854266688e-25,-2.0208760673e-08,0.23258490361,0.024673944098,0.04975313143,0.043703877606
clarkx,ok,,30.887207122,195782770.18,740054.02827,2796808.7171,113647796.65,324986.00774,15492328.939,-2.1442481281e-25,1.1778631495e-24,-2.6568580711e-24,-7.1409058339e-08,1.5148309589e-08,-1.683696442e-09,5.2658891442e-08,4.845855844e-24,-1.9627056135e-26,-6.3895461236e-08,-5.2000500844e-25,4.5101213358e-24,-9.2140172753e-25,-4.36649068e-25,-8.5849490941e-09,0.23159418558,0.02256097909,0.047286093476,0.038970424736
clarkyh,ok,,30.812228078,195300592.03,753031.3189,2782592.755,113439953.61,323889.16614,15386957.707,-3.9483217094e-25,1.1608963185e-24,-2.6325301011e-24,-1.6429386558e-07,2.0705877673e-08,8.6077310691e-09,8.4590590438e-08,4.895085962e-24,-4.2039705113e-26,-5.0219400777e-08,-2.2571220594e-25,4.5391268025e-24,-5.0485098913e-25,-4.2655923416e-25,-1.0502871342e-07,0.2322273316,0.045366864501,0.037816781601,0.063699363884
clarky,ok,,30.948779037,196176650.47,747895.13082,2838733.6168,113847138.39,330324.35797,15582685.913,-2.2302522827e-25,1.1518708134e-24,-2.6387309485e-24,-7.5144344258e-08,1.5197942423e-08,-7.0760417276e-10,5.4837611988e-08,4.7858866875e-24,-2.1735709599e-26,-5.7848523842e-08,-5.3470060825e-25,4.4637901083e-24,-9.210260388e-25,-4.3541388405e-25,-1.6382808575e-08,0.23048091269,0.02357543278,0.043264629307,0.041012782992
clarkys,ok,,30.707378217,194609813.05,743770.83771,2745008.2446,113027766.26,319477.59013,15221327.579,-1.2636809553e-25,1.1588342128e-24,-2.6758301992e-24,-5.3519247211e-08,1.6531001186e-08,8.057629085e-09,3.5149363377e-08,4.987785273e-24,-2.3297881846e-26,-5.5407222247e-08,3.1322109354e-26,4.6053982476e-24,-1.2425360349e-25,-4.3190662925e-25,-8.7481182042e-08,0.22865524512,0.010716236898,0.041210276105,0.026143071443
clarkysm,ok,,30.932908185,196042266.24,750322.34344,2830872.4376,113743454.87,330766.3658,15546981.294,-2.3253940809e-25,1.1603951915e-24,-2.6306347583e-24,-7.9912428036e-08,1.5377329646e-08,-2.1678911672e-10,5.6614659255e-08,4.7916903103e-24,-2.1485581712e-26,-5.9820945649e-08,-5.0476619065e-25,4.4912263062e-24,-8.6866373739e-25,-4.0311470247e-25,-2.1870100656e-08,0.23007090529,0.024769359338,0.044884992126,0.042479243805
clarkz,ok,,30.998953654,196491547.31,750337.14136,2909119.3084,113893763.95,335563.27907,15639850.833,-2.6171032912e-25,1.133288891e-24,-2.6245789031e-24,-9.0821781722e-08,1.5646145634e-08,4.9810021661e-10,6.4307502201e-08,4.701784047e-24,-2.6166556468e-26,-5.5729528602e-08,-5.3391654899e-25,4.3954461988e-24,-9.828009241e-25,-4.2505543715e-25,-3.0446272173e-08,0.23016514817,0.028127938606,0.041815935181,0.048252307369
clarym15,ok,,31.466720144,199455060.07,1254846.8168,4425637.2455,114836443.74,552426.94028,16254205.993,-1.7809284176e-25,9.0713826011e-25,-2.0192274211e-24,-4.7884207144e-08,1.4682991089e-08,4.3626655385e-10,3.3606603816e-08,3.7498176737e-24,-1.3144802817e-26,-3.1457345379e-08,-1.8415717916e-25,3.5550485523e-24,-3.2518633789e-25,-2.4319964537e-25,-1.5293794375e-08,0.23206693198,0.02449367124,0.039474149715,0.042171139823
clarym18,ok,,31.8287746,201719469.2,1697764.5847,5466927.2311,115240781.16,811639.1084,16691215.185,-1.4523976755e-25,7.7046105635e-25,-1.6366281328e-24,-3.2576587791e-08,1.4051525794e-08,1.8862924473e-09,2.5002209683e-08,3.1325848671e-24,9.1021959972e-27,7.8051950196e-09,9.6245266909e-26,3.2284693076e-24,1.1241523475e-25,1.9428580392e-25,-1.0407530311e-08,0.22992636668,0.024500045866,-0.013251383681,0.042447866139
coanda1,ok,,30.523373397,193439598.56,174649.20731,812596.65066,113139635.34,80237.538304,15048901.836,-5.4232133673e-25,2.4387786888e-24,-5.2308003062e-24,-4.4420962065e-07,2.4137686758e-08,9.560038813e-10,2.7516113036e-07,8.878029864e-24,-4.5254882874e-26,-4.3538906078e-07,-1.501010512e-24,8.3973297723e-24,-5.9583908684e-24,-5.4534707605e-25,-2.351392528e-07,0.23699228597,0.031182117436,0.076040354338,0.0480566733
coanda2,ok,,30.560180391,193675992.67,179776.14388,872599.01781,113256931.75,84086.821315,15102687.123,-5.4231443555e-25,2.1638247353e-24,-5.1385654672e-24,-4.3674951993e-07,2.4885091211e-08,1.3627599807e-08,2.7748398227e-07,8.453199985e-24,-5.9125450046e-26,-1.8869289905e-07,-3.101142894e-24,7.981619117e-24,-7.2930405831e-24,-7.3788262924e-25,-2.505508024e-07,0.23669733188,0.031752313493,0.033922481769,0.049885000319
coanda3,ok,,30.492685972,193244559.92,291095.92348,1178435.9613,112952487.32,125870.01472,14995827.35,-4.5177826182e-25,2.0992934808e-24,-4.1418681464e-24,-2.9086065277e-07,2.129534659e-08,-4.4115054353e-10,1.6652913731e-07,7.529849739e-24,-4.3289606392e-26,-3.3077122052e-07,-1.2714182075e-24,7.053654893e-24,-3.2937093969e-24,-5.6612829345e-25,-1.5212714779e-07,0.23570438548,0.032109186102,0.096286153899,0.04847595301
cootie,ok,,30.941137227,196234104.16,375215.76033,1997005.0549,113943627.45,196223.40313,15605059.464,-5.1282490706e-25,1.5435622891e-24,-3.5704886277e-24,-2.5341840668e-07,2.1807212753e-08,-1.7529755543e-09,1.9557778289e-07,5.3379744683e-24,-7.2863508205e-26,-1.9244663132e-07,-1.7341653255e-24,5.1396380321e-24,-4.1776644528e-24,-7.2184748709e-25,-1.3489273913e-07,0.235386223,0.043527064034,0.072209009093,0.07338386651
cr001sm,ok,,29.706040567,188270699.67,242153.91452,1347394.2993,110714412.2,118542.3531,13962211.334,-4.418115724e-25,1.7265667405e-24,-4.5620892721e-24,-2.4832356357e-07,1.5296886068e-08,-1.0161994944e-08,1.9566949393e-07,7.0583393037e-24,-8.4505987552e-26,-1.8795112471e-07,-4.8971823233e-24,6.286675151e-24,-1.0055305933e-23,-1.6784360247e-24,1.3636891398e-08,0.21918260532,0.029791257538,0.045513100587,0.047382133908
curtisc72,ok,,30.752573025,194929448.13,677246.68836,2771749.4728,113177493.41,306909.57,15294107.754,-4.1899753885e-25,1.126115785e-24,-2.7445816153e-24,-1.7439142945e-07,2.136810384e-08,1.0828037889e-08,1.0379066962e-07,4.8014044849e-24,-5.4956315328e-26,-3.103893328e-08,-8.294675769e-25,4.5043365128e-24,-1.4291723779e-24,-5.2057823864e-25,-1.1871338164e-07,0.22918668114,0.045233508599,0.021021014774,0.070291887281
cr1,ok,,31.23127969,197934376.53,847824.02089,3446304.5125,114144957.2,395341.28207,15909214.819,-2.7189611947e-25,1.0164895032e-24,-2.4511604361e-24,-8.3548373819e-08,1.5261480997e-08,2.9660917816e-10,6.6786780606e-08,4.2338323183e-24,-2.304668891e-26,-3.9093845796e-08,-4.4517703282e-25,4.0176210994e-24,-8.0460138791e-25,-3.2446753294e-25,-2.4605199905e-08,0.22984499597,0.030797303922,0.033144701535,0.056623436876
davis,ok,,30.243719094,191669067.93,502885.18397,1795165.1102,111588025.04,296053.10711,14579206.462,-2.5271805867e-25,1.2773125225e-24,-2.7398214311e-24,-8.9616194757e-08,1.5616024756e-08,1.1780406727e-08,8.7087631077e-08,5.2324779592e-24,4.3234463711e-26,2.3476843091e-07,1.2293049422e-24,5.6727910375e-24,1.6827096328e-24,9.9103733925e-25,-8.6419904785e-09,0.22432497866,0.025957393546,-0.11806156557,0.043795079376
dae31,ok,,30.119093426,190887570.61,624163.01856,3438326.6872,110218506.26,327590.01091,14290311.222,-4.4282268039e-25,1.0925081804e-24,-2.8443347181e-24,-1.4532036643e-07,1.4955550198e-08,-7.4980363609e-09,1.2729480443e-07,4.2964781723e-24,-6.8954882678e-26,-9.4678622958e-08,-1.4788660148e-24,4.0233708807e-24,-3.0463567752e-24,-8.1825283177e-25,-1.5315418021e-09,0.21267750784,0.047498808571,0.059094895099,0.079452709378
davis_corrected,ok,,31.049922273,196783576.3,1233306.6892,4551794.6051,113335419.72,548466.61708,15610857.17,-1.123038521e-25,8.1207543461e-25,-2.0700503386e-24,-3.3063581208e-08,1.4974012508e-08,3.1625245922e-09,2.2066540812e-08,3.7943899949e-24,-1.4864914417e-26,-7.2888693157e-09,-8.2892097356e-26,3.5234682591e-24,-1.4937055196e-25,-3.4573794287e-25,-3.0352631025e-08,0.22509743698,0.014391117123,0.0089894112837,0.027214812391
dae11,ok,,29.914771036,189592109.04,795662.08581,4125365.9942,109149964.23,406666.13679,13959603.657,-3.9152924498e-25,9.6832481321e-25,-2.5700129213e-24,-1.1582369427e-07,1.6016816398e-08,-3.6336275038e-09,9.7211736529e-08,4.0545510001e-24,-6.7729691506e-26,-7.0699213097e-08,-1.004754055e-24,3.7313795064e-24,-2.0337302412e-24,-7.7391062997e-25,-2.1291383207e-08,0.20957164657,0.045290498993,0.056252683358,0.077347693052
dae51,ok,,30.02674845,190395330.34,429940.28327,2011949.5654,111429287.74,200213.10168,14369058.736,-3.4175283239e-25,1.414854333e-24,-3.5062844922e-24,-1.4494469227e-07,1.5695129822e-08,-5.4599689728e-09,1.1086797582e-07,5.8649074636e-24,-5.7233594454e-26,-1.3112514989e-07,-2.1270709007e-24,5.2520109191e-24,-4.0101518903e-24,-1.0921252993e-24,-9.5005729766e-09,0.22156179374,0.028598489978,0.056375984089,0.047666608931
dae21,ok,,29.737775763,188470828.62,679462.92406,3689931.114,108895449.37,350040.57663,13763987.329,-4.2033224488e-25,1.021399365e-24,-2.7671898383e-24,-1.3355801306e-07,1.5676191077e-08,-4.9462534676e-09,1.1342239878e-07,4.2795707081e-24,-7.3419056893e-26,-7.8301856836e-08,-1.3333548148e-24,3.9412664891e-24,-2.7074245588e-24,-8.7689726972e-25,-1.3652522697e-08,0.20697676314,0.045762667448,0.053203208605,0.077066314728
daytonwright6,ok,,31.400100393,198999103.24,889148.2967,3131316.8804,114475512.56,468506.96112,16129584.821,-3.8459884358e-25,9.9482083958e-25,-2.2054757409e-24,-1.2929273568e-07,1.9877397444e-08,1.7679169711e-08,9.5526336095e-08,4.0563650067e-24,3.6156916607e-26,5.4240407371e-08,3.4862377916e-25,4.1773508406e-24,3.8999410632e-25,3.6154415097e-25,-8.8947724913e-08,0.23313398172,0.050950537463,-0.048227765827,0.084937079029
daytonwrightt1,ok,,31.475090574,199478548.03,958559.73987,3340419.8279,114969208.28,464516.11785,16276843.711,-3.9138388401e-25,1.020896977e-24,-2.1963280117e-24,-1.3366594475e-07,2.016044303e-08,1.2911477778e-08,8.7530545194e-08,4.0702649354e-24,2.6117544558e-26,3.2532879897e-09,2.6785411032e-25,4.1465884188e-24,2.8845706962e-25,2.6139870227e-25,-9.1681768303e-08,0.23487829548,0.052184685203,-0.0031184708891,0.083903256631
dbln526,ok,,33.427562121,211851639.33,4759052.9332,12875651.781,118687701.07,2028529.7589,18990177.697,-1.0505533798e-25,7.5185786543e-25,-9.9390099575e-25,-1.4731832327e-08,1.3164701617e-08,-2.3567669907e-09,9.4270689629e-09,2.0222262646e-24,-3.2280976884e-32,-5.2531466605e-08,1.4296139556e-27,2.0135301947e-24,-5.718248476e-27,6.4752389956e-31,3.2105252778e-16,0.25000002321,0.029883960442,0.25000003023,0.044863920199
defcnd2,ok,,31.07032581,196912081.27,1146373.5864,4184755.1275,113398656.91,510702.02123,15641415.543,-1.9406789131e-25,9.6701059267e-25,-2.1320401984e-24,-5.7203425218e-08,1.5660049618e-08,1.797570406e-09,3.7984134156e-08,3.9429821482e-24,-1.9597712264e-26,-4.7765564125e-08,-1.8371463395e-25,3.7063994241e-24,-3.5872066282e-25,-3.0891482893e-25,-3.4476831999e-08,0.22911273744,0.025187903064,0.05475718105,0.043544008097
df101,ok,,30.316479076,192137883.83,623703.40773,2390769.998,112026836.71,266844.22282,14705624.368,-1.683830097e-25,1.2049543886e-24,-2.9396056431e-24,-6.2972081043e-08,1.5473212772e-08,4.8772572367e-11,4.3624728613e-08,5.4342851087e-24,-1.9115179281e-26,-4.7572959409e-08,-5.7272739525e-25,4.9565604215e-24,-9.6028479436e-25,-5.8960040358e-25,-1.2794475039e-08,0.224378918,0.016037867237,0.029671416899,0.027208891898
defcnd1,ok,,31.865886504,201953437.79,2063171.6732,7754093.1477,113871517.8,982475.85306,16530758.965,-1.6051609128e-25,5.8893445572e-25,-1.5703860029e-24,-3.2844264173e-08,1.4096036099e-08,2.1180143718e-09,2.4838277164e-08,2.7882863689e-24,-1.4449236687e-26,8.1713140595e-10,-8.3598343866e-26,2.6391151778e-24,-1.4069173622e-25,-2.0559718854e-25,-1.8128611997e-08,0.22326928209,0.028301613182,-0.00168588237,0.051245629855
defcnd3,ok,,30.766867931,194989860.93,645971.27803,2413336.914,113538269.83,278067.43426,15349973.99,-1.7303925334e-25,1.111218658e-24,-2.8648476454e-24,-7.3030811833e-08,1.5782489814e-08,5.0559881493e-09,4.2931750846e-08,5.2739320643e-24,-2.14973675e-26,-1.804879423e-09,-3.3347530275e-25,4.8424687546e-24,-5.9316727577e-25,-5.1461604556e-25,-4.6580408306e-08,0.22769938842,0.017361182252,0.0011659002675,0.027732677962
df102,ok,,30.35798025,192400909.16,633668.6287,2415253.8994,112192880.14,269802.32626,14768039.865,-1.6852853274e-25,1.1717195895e-24,-2.9150963272e-24,-6.4566262046e-08,1.5471633717e-08,1.0744298968e-09,4.287372436e-08,5.3951841335e-24,-1.9691423425e-26,-3.5000698969e-08,-5.5261440507e-25,4.9209380186e-24,-9.0163182565e-25,-5.8527118022e-25,-1.8523419824e-08,0.22371453425,0.016302492895,0.022178844919,0.027167734123
dga1138,ok,,30.965354475,196358171.84,276984.09777,1070065.8457,114791757.38,119483.76029,15735581.392,-4.3459329682e-25,2.1638272514e-24,-4.2250053076e-24,-2.9230543425e-07,2.1172325168e-08,3.4116002002e-09,1.6571714876e-07,7.6996118959e-24,-4.1593717934e-26,-3.1449475689e-07,-1.386881003e-24,7.2557685995e-24,-3.120610674e-24,-5.7324466366e-25,-1.6494011632e-07,0.24238111055,0.030160795132,0.087110046491,0.045901014934
dga1182,ok,,29.928840292,189808531.16,226055.09077,865362.67822,111638534.85,91518.752581,14303443.812,-1.0735607047e-25,2.3391711611e-24,-4.9729562355e-24,-7.6687988207e-08,1.6215942707e-08,-6.9156737966e-10,4.0417530502e-08,9.5533492961e-24,-1.8361712355e-26,-4.4989876586e-07,-7.5801184978e-25,8.1401803069e-24,-1.495443209e-24,-1.4814068663e-24,-3.179887567e-08,0.22874965035,0.0063527374377,0.10170190635,0.0091365885263
dh4009sm,ok,,30.533168934,193533337.21,390179.21469,1359771.5751,113293933.87,160827.7838,15085372.187,-4.171672247e-27,2.0770373798e-24,-3.7038754092e-24,-5.6961390081e-09,1.5699411454e-08,5.69661182e-10,-1.1345719544e-09,7.3166785767e-24,-9.8640490686e-28,-3.8488967899e-07,1.730062381e-25,6.521662575e-24,2.213097423e-25,-6.9754446158e-25,-3.7875223846e-09,0.23677903376,0.00077186639851,0.15017595269,-0.00044268639417
dormoy,ok,,29.998881451,190113482.92,390341.88753,1638825.6326,111186080.73,171332.79259,14287872.732,-4.1865413864e-25,1.5886646575e-24,-3.6546344744e-24,-2.3908292128e-07,2.4139077023e-08,1.3288332804e-08,1.318982372e-07,6.5951607382e-24,-6.8575728584e-26,-1.3517889317e-07,-9.7939803478e-25,5.9851744477e-24,-2.5554511709e-24,-7.5532094243e-25,-1.9816350583e-07,0.22851393561,0.03324309209,0.052765984314,0.05148540687
ds19,ok,,29.267544772,185490332.49,334056.54031,1454461.9883,109342560.35,141514.39534,13381631.438,-2.1145935206e-25,1.4561035831e-24,-4.1241574195e-24,-1.0734083525e-07,1.5822829404e-08,-1.8044440966e-09,6.9906590109e-08,7.441567701e-24,-3.8067146161e-26,-6.5994205319e-08,-1.806047678e-24,6.3440413811e-24,-3.0439951077e-24,-1.4284067418e-24,9.7248166689e-10,0.2119329443,0.015219439932,0.022045795909,0.023352753637
doa5,ok,,31.212026749,197808706.01,1422631.5828,4799617.0832,113779730.09,614295.42974,15837615.976,-1.0946568902e-25,9.6274331194e-25,-1.9167603438e-24,-2.6307008887e-08,1.431417991e-08,-3.2164113218e-09,1.5393750884e-08,3.6927139703e-24,-4.6958899741e-27,-6.0969991572e-08,-1.6162409241e-25,3.4642699688e-24,-2.5944853129e-25,-2.8706468013e-25,1.5481780861e-08,0.23064356088,0.018355512277,0.086737835613,0.021899636186
drgnfly,ok,,31.746956527,201200093.97,1804177.9152,7033744.6309,113157585.69,890702.30705,16299908.561,-2.4649174454e-25,7.5793333417e-25,-1.6733920543e-24,-5.2240299323e-08,1.5353563689e-08,3.6796939175e-10,4.1172241258e-08,2.9280888789e-24,-2.0013383199e-26,-3.6865472775e-08,-1.2287188094e-25,2.8055909695e-24,-2.4417281095e-25,-1.9554882222e-25,-2.7111127662e-08,0.22954494802,0.041012831045,0.066511871812,0.074282048396
du861372,ok,,30.377029458,192518193.2,966027.95242,3460308.7787,111636807.17,408818.58819,14706994.322,-1.9719796399e-28,1.1588592242e-24,-2.3862891327e-24,-1.3907400766e-09,1.5245993451e-08,4.927591567e-10,-3.7749509627e-10,4.5929013699e-24,-7.2310925938e-28,-1.0473129833e-07,4.4032383763e-26,4.1485629845e-24,8.4580712114e-26,-5.4986544123e-25,-4.1901934064e-09,0.22418702471,0.00018452208749,0.10117336168,-0.00036467081489
du-80-176-v1,ok,,30.838231026,195445348.58,1617218.5308,5849782.7783,111934070.55,713967.26022,15212537.194,-1.3983841687e-25,8.6784550296e-25,-1.828352923e-24,-3.2728993682e-08,1.4696826816e-08,-1.968690931e-09,1.992685944e-08,3.4412318977e-24,-1.7501331171e-26,-5.7528480877e-08,-1.4047746184e-25,3.1461116405e-24,-2.5142274068e-25,-4.2717740704e-25,-1.8515922859e-10,0.22351020047,0.023337882859,0.093036125321,0.032226086347
du84132v,ok,,30.555860136,193652977.88,985873.63306,3682280.4538,112228830.37,427594.49129,14969843.637,-1.8403983014e-25,1.0138649831e-24,-2.3395744524e-24,-5.3617127223e-08,1.4678721699e-08,-2.9988326175e-09,3.4643195839e-08,4.3529225061e-24,-1.9078953096e-26,-5.5057903445e-08,-4.3110918852e-25,3.9613594884e-24,-6.9906226509e-25,-5.4029274144e-25,8.9700909108e-09,0.22281341592,0.023781362943,0.054280135298,0.034153813342
du-80-141,ok,,30.692737549,194526426.67,914643.61316,3734740.6243,112683927.41,413999.9945,15168735.004,-1.8463201766e-25,8.8471699755e-25,-2.4503501252e-24,-5.4170556267e-08,1.4380557012e-08,-2.3414550112e-09,3.601702425e-08,4.2941965221e-24,-2.7001422242e-26,-1.3177067602e-08,-6.3489934646e-25,3.7588203754e-24,-1.0383305833e-24,-7.9697856426e-25,1.802437561e-08,0.22425396226,0.024101393331,0.012052320722,0.032942741195
e1098,ok,,30.95694209,196193814.96,1727979.6546,6381076.7801,111641976.49,789015.77699,15287868.305,-1.5684048828e-25,8.0046362021e-25,-1.7490963752e-24,-3.2237192874e-08,1.4460373382e-08,-2.4851233484e-09,2.3153654273e-08,3.2416251825e-24,-1.2919145319e-26,-4.0892019496e-08,-1.6676675022e-25,3.0242893117e-24,-2.8955021e-25,-3.1011851647e-25,7.1002946923e-09,0.22382196657,0.026690442473,0.070660577725,0.040009043514
ds21,ok,,29.306702685,185738421.17,346685.85116,1481262.5986,109453685.6,145879.11301,13430169.825,-1.8603325201e-25,1.4424916165e-24,-4.0549239556e-24,-9.3164950127e-08,1.5850300225e-08,-1.2817734521e-09,6.0366424019e-08,7.3751934686e-24,-3.3310277703e-26,-6.489819503e-08,-1.5045872783e-24,6.2984029208e-24,-2.5070990363e-24,-1.37176311e-24,-2.6491323171e-09,0.21238865342,0.01350874408,0.022499285983,0.020928185092
e1210,ok,,31.02388553,196619341.97,1096602.8695,4960714.974,112614143.61,535297.83925,15492011.496,-2.6536438821e-25,6.1046299687e-25,-2.1881949772e-24,-7.3467917555e-08,1.5168566356e-08,5.9030519054e-09,5.5994812244e-08,3.5780856063e-24,-3.9851196124e-26,4.5681913146e-08,-4.180177154e-25,3.2543712387e-24,-6.9761989152e-25,-5.0718483743e-25,-3.1907095932e-08,0.21548093296,0.035657624075,-0.050094917042,0.061404071786
e1212,ok,,31.119624006,197225593.97,1343284.4569,5608308.6765,112816354.13,633518.28333,15615405.151,-1.5023249517e-25,5.6480655692e-25,-1.9869187391e-24,-3.7730127575e-08,1.420774554e-08,3.0495766722e-09,2.7994977745e-08,3.390720259e-24,-2.0085339884e-26,4.1733002566e-08,-1.9831752259e-25,3.0828324184e-24,-3.1237693642e-25,-4.2218969312e-25,-1.4422041444e-08,0.21645735988,0.021926943496,-0.056059293685,0.037605218475
e1200,ok,,30.941799608,196097890.53,1555745.8066,5546510.6502,112395787.45,686388.6767,15377585.512,-1.6726820884e-25,8.5946099807e-25,-1.8410111966e-24,-3.9000226054e-08,1.4493948645e-08,-1.9683557866e-09,2.5605754096e-08,3.4742181905e-24,-1.4184851433e-26,-4.6906375922e-08,-1.799091541e-25,3.2494153032e-24,-3.0203861935e-25,-3.1133087728e-25,5.1266955626e-10,0.22309294491,0.026847821338,0.072974397645,0.03983604456
e1211,ok,,31.24179085,197999527.91,1387860.8974,5967390.7701,112846838.78,670552.23126,15744815.319,-2.0322105313e-25,5.4895707106e-25,-1.9437974632e-24,-4.8767338508e-08,1.4089620269e-08,3.1343397236e-09,3.7295304037e-08,3.2521298882e-24,-2.5856089393e-26,3.8772032638e-08,-2.7296568237e-25,2.9691257679e-24,-4.3904745784e-25,-4.1438426259e-25,-1.1359697362e-08,0.21597623432,0.03105778061,-0.05381018801,0.051760694129
e1212mod,ok,,31.22076907,197866377.38,1339545.029,5570017.0482,113152115.21,633760.85547,15763023.949,-1.1319349984e-25,5.5928003092e-25,-1.9869690338e-24,-2.6006173071e-08,1.3836699406e-08,1.8468055016e-09,2.2447375325e-08,3.3870071603e-24,-1.4497458781e-26,4.3293674599e-08,-1.6813732544e-25,3.0830351503e-24,-2.7005228471e-25,-4.0711568438e-25,-6.5573895123e-09,0.21640068073,0.015582653315,-0.057993826598,0.030069270032
e1213,ok,,31.029949483,196656785.3,1299110.5312,5308650.939,112795104.89,601631.26436,15520935.246,-9.6653044661e-26,5.840913233e-25,-2.0282488983e-24,-2.6161517673e-08,1.4313664305e-08,3.0719033817e-09,1.8641754538e-08,3.5127481555e-24,-1.4616878399e-26,4.3531506038e-08,-1.0365886392e-25,3.1841231611e-24,-1.676751372e-25,-4.2864538052e-25,-1.9107273017e-08,0.21746313537,0.013241553004,-0.056552237932,0.024217699639
e1214,ok,,31.510834886,199703492.57,1720126.0344,6616730.7983,113578040.15,802809.37546,16120513.296,-8.8053281785e-26,5.6524579433e-25,-1.7383917114e-24,-2.1569445228e-08,1.3996855797e-08,2.5581341319e-09,1.4534624348e-08,3.0730781431e-24,-1.0245252072e-26,2.3062443287e-08,-4.7952909794e-26,2.8598351826e-24,-8.0804751646e-26,-2.7345789186e-25,-1.7326162177e-08,0.22075403037,0.014248453246,-0.039670309115,0.025001385742
e168,ok,,30.127023205,190935466.04,683897.84772,2786667.6883,111369459.74,297563.42136,14438425.129,-3.4798034322e-32,9.1972847709e-25,-2.8647260877e-24,1.5248358509e-16,1.5200089294e-08,-6.6373596755e-16,-1.7622292723e-15,5.1249879894e-24,-1.5957956705e-31,3.4652287924e-08,2.8651246408e-31,4.4824325194e-24,3.9866744998e-32,-8.0169023931e-25,2.6838841734e-16,0.21946535122,-2.7846469052e-11,-0.02369862513,-1.2051848065e-09
e1230,ok,,31.68585671,200816518.76,1558359.7174,5453161.7414,114888153.9,701221.29194,16487124.952,-1.559280585e-25,7.6634800857e-25,-1.8040159009e-24,-4.0907829094e-08,1.4655764826e-08,2.4513856026e-09,2.5593876322e-08,3.3407475043e-24,-1.0350711795e-26,-1.0278570174e-08,-8.1135734675e-26,3.1970629038e-24,-1.4624051701e-25,-1.7637397628e-25,-2.3841830305e-08,0.23028510135,0.024842696858,0.016017709712,0.039884465873
e1233,ok,,31.619460166,200392230.32,1851976.4801,6545766.8803,114001189.24,840994.57406,16294212.79,-1.7708988297e-25,7.1348663478e-25,-1.6613688374e-24,-4.0832131748e-08,1.431492474e-08,6.7825059774e-10,2.5339962679e-08,3.077470998e-24,-1.2955389629e-26,-1.6752803694e-08,-1.0069672895e-25,2.9210258123e-24,-1.7202495767e-25,-2.0835458259e-25,-1.2886385675e-08,0.22601113353,0.031894182922,0.031025798417,0.046929014888
e169,ok,,30.381446127,192547662.9,906750.05809,3651091.8611,111685303.93,402091.36987,14725958.228,-4.2913941829e-32,7.9942691344e-25,-2.4709630715e-24,3.9275311271e-16,1.4914836741e-08,-2.4256275862e-16,-2.9294640465e-16,4.4059140815e-24,-1.1877776048e-31,2.8254412845e-08,-6.3870984032e-31,3.9129256842e-24,-5.0133714101e-31,-6.2968893497e-25,1.2776680414e-15,0.21963526283,-4.5087372464e-11,-0.025619690488,-2.6562916944e-10
e176,ok,,29.093907064,184388690.69,350271.68426,1719392.092,108432230.01,159681.72606,13114280.499,-3.1224419899e-25,1.4236622967e-24,-3.983606311e-24,-1.4923578648e-07,1.689031206e-08,-1.1745137518e-09,1.1015196563e-07,6.754670898e-24,-6.3557923226e-26,-1.1065544283e-07,-2.2013472436e-24,5.8510343111e-24,-4.3232743873e-24,-1.3976356045e-24,-3.794307294e-08,0.20963822974,0.022560907078,0.038759468334,0.038583114527
e174,ok,,29.173808491,184894996.63,357649.6261,1817807.1481,108580335.3,167242.85268,13204573.468,-3.5426340358e-25,1.3977799508e-24,-3.9061542796e-24,-1.6515261665e-07,1.6608521084e-08,-2.8883515986e-09,1.2444836836e-07,6.4664831057e-24,-7.0306582472e-26,-1.1007392381e-07,-2.3594028011e-24,5.6615930215e-24,-4.7477500877e-24,-1.3719476396e-24,-2.6215937945e-08,0.20974273789,0.026701512634,0.039367897693,0.044508912413
e171,ok,,30.227755865,191572379.76,718816.39578,2689013.1614,111608160.08,306922.91274,14563478.813,6.9289238406e-32,1.1622392072e-24,-2.7717735507e-24,4.5149834137e-16,1.5413969367e-08,-5.5107809396e-16,2.9998290771e-15,5.2040051131e-24,1.5730236856e-31,-5.9627630687e-08,-1.2356998976e-30,4.6764181623e-24,6.0083587598e-30,-6.3809198904e-25,2.2197700911e-15,0.2244810163,1.43633492e-11,0.04286131858,2.1563263252e-09
e178,ok,,28.991797694,183741123.96,338954.64814,1617744.4735,108227292.02,150879.42601,12998160.725,-2.6872097441e-25,1.4519564509e-24,-4.0855187654e-24,-1.3295627056e-07,1.7123122365e-08,7.1129881099e-10,9.6213162848e-08,7.0763933328e-24,-5.7471980024e-26,-1.1241317742e-07,-2.0095651024e-24,6.0593822963e-24,-3.917122383e-24,-1.4502188521e-24,-5.1826761552e-08,0.2090416096,0.018426885715,0.038102968999,0.032611898759
e193,ok,,30.075038573,190605377.3,498045.2204,2162132.4743,111145953.48,226658.01507,14357663.703,-2.793166077e-25,1.3082339519e-24,-3.2813413579e-24,-1.1277827691e-07,1.6121265126e-08,-1.1644662235e-09,8.3662004567e-08,5.7149376232e-24,-3.9634811277e-26,-8.3844891549e-08,-1.1366161242e-24,5.1726395732e-24,-2.1559497508e-24,-7.9466412219e-25,-2.5478827839e-08,0.22210482304,0.02428027213,0.041758547491,0.041667461504
e180,ok,,28.966968149,183584385.91,331701.36078,1532447.9206,108264955.79,144408.85575,12980654.259,-2.175417898e-25,1.4767791421e-24,-4.1589755698e-24,-1.1120349508e-07,1.7155026247e-08,2.6776522715e-09,7.9532778665e-08,7.3521329903e-24,-4.9686537989e-26,-1.1436950596e-07,-1.697348268e-24,6.2360794895e-24,-3.306841255e-24,-1.4837268981e-24,-6.5539214895e-08,0.20900142335,0.014081963125,0.037936520758,0.02638113091
e195,ok,,30.279584522,191901241.44,670390.9554,2707540.9381,111551356.24,299530.58747,14607076.93,-2.1731423983e-25,1.1618413951e-24,-2.8336269271e-24,-7.5690875576e-08,1.5660854583e-08,-7.3216167873e-10,5.5386746529e-08,5.0898464766e-24,-2.6924140048e-26,-6.0209098175e-08,-6.3038734498e-25,4.6443171647e-24,-1.1439098962e-24,-6.0943151063e-25,-1.5568433522e-08,0.22359846596,0.021629523339,0.040363634849,0.037130773922
e197,ok,,30.472146715,193121426.21,873000.02441,3364583.9619,111870417.54,387405.71194,14836863.96,-1.6733307908e-25,1.0371323257e-24,-2.4807968745e-24,-5.0832295974e-08,1.5309382447e-08,-5.5625380469e-10,3.7145553197e-08,4.5368430777e-24,-1.8373414736e-26,-4.495798334e-08,-3.5836739161e-25,4.173370871e-24,-6.2679096249e-25,-4.8110671871e-25,-8.9894158452e-09,0.22451388431,0.018911076258,0.039248320553,0.032428068848
e201,ok,,30.280971822,191910059.92,672063.59625,2699878.9893,111584594.72,299149.74427,14612853.601,-2.1271344552e-25,1.1568802359e-24,-2.8309579643e-24,-7.2866665115e-08,1.5387342195e-08,-1.7441994513e-09,5.3220315459e-08,5.1003055609e-24,-2.4669028542e-26,-5.6569846405e-08,-6.5996725609e-25,4.6479654526e-24,-1.1676239958e-24,-6.155044019e-25,-3.7695842855e-09,0.22365195507,0.021545866567,0.038018534415,0.035767436601
e203,ok,,30.475236448,193141056.72,879703.14522,3381391.3199,111906689.57,389187.88585,14844813.884,-1.5865376917e-25,1.0199322404e-24,-2.4729796535e-24,-4.5765504227e-08,1.4924482478e-08,-2.3967173765e-09,3.3684458052e-08,4.5287804873e-24,-1.444156988e-26,-3.8300836731e-08,-4.0340062247e-25,4.1548866657e-24,-6.7062274945e-25,-4.9321190185e-25,1.1058628298e-08,0.22447092475,0.018777833895,0.033693366536,0.029632323693
e205,ok,,30.192339855,191348584.68,514350.23842,2138740.4569,111585153.87,229240.4116,14526106.141,-2.300164555e-25,1.2521697191e-24,-3.2389371708e-24,-9.695155734e-08,1.6535521145e-08,3.3043309775e-09,6.8366220928e-08,5.7491899282e-24,-3.4773738944e-26,-4.6697662014e-08,-7.5579658796e-25,5.1966300846e-24,-1.4565311185e-24,-7.269712305e-25,-5.0800896394e-08,0.22376277509,0.019622063221,0.024018953591,0.035164182034
e207,ok,,30.367727781,192459709.3,682447.46033,2666653.7695,111932797.24,299799.48264,14742101.335,-1.7110437461e-25,1.12307414e-24,-2.8121803398e-24,-6.205056324e-08,1.569207988e-08,1.3704319884e-09,4.2939263893e-08,5.1236800302e-24,-2.1715180505e-26,-3.5608435762e-08,-4.2862065332e-25,4.6734136971e-24,-7.7283109791e-25,-5.7251970827e-25,-2.3832308089e-08,0.22478632599,0.016997533652,0.024300886552,0.029303791592
e209,ok,,30.54714956,193596660.58,884773.18173,3332634.0809,112216034.02,387926.74571,14955973.684,-1.2232358774e-25,1.0020549994e-24,-2.4646802723e-24,-3.7829875657e-08,1.514112938e-08,-1.2515526309e-10,2.6128889427e-08,4.5489041844e-24,-1.2390410476e-26,-2.6615489257e-08,-2.5164604496e-25,4.1845058778e-24,-4.2623732987e-25,-4.5770901557e-25,-5.0115122117e-09,0.2253495161,0.014237173888,0.023548671114,0.023118140633
e210,ok,,30.676534132,194417011.31,875900.54137,3505996.2655,112377590.95,399496.11037,15107201.589,-2.4595668102e-25,9.8698585709e-25,-2.4521565286e-24,-7.3335684482e-08,1.4671535711e-08,-2.3872641202e-09,5.2798676927e-08,4.3608950268e-24,-2.3156040081e-26,-2.9918717988e-08,-5.4382506714e-25,4.0347580702e-24,-9.4063446037e-25,-4.7503874653e-25,8.2125958355e-09,0.22527829619,0.030036768396,0.026205821282,0.046246389704
e211,ok,,30.240513619,191653706.81,583205.09425,2258765.9839,111774448.12,252173.35215,14597946.478,-1.982890064e-25,1.2903174584e-24,-3.0432406891e-24,-7.1573992443e-08,1.4820857255e-08,-5.7308804492e-09,4.8611685997e-08,5.6218002855e-24,-1.7360522912e-26,-7.6306388289e-08,-8.239841814e-25,5.0898811945e-24,-1.3905751693e-24,-6.8500617434e-25,3.2455840891e-08,0.22489076885,0.019891027629,0.044502274374,0.028350582914
e214,ok,,30.244791021,191681232.5,599727.94621,2511182.1319,111571266.53,270884.60032,14578077.841,-2.9843726797e-25,1.247258943e-24,-2.9726449742e-24,-1.0577983016e-07,1.4473269886e-08,-6.9482876934e-09,7.6180045941e-08,5.2583088513e-24,-3.2992861227e-26,-8.3596961375e-08,-1.1491249863e-24,4.7906423015e-24,-2.0770374684e-24,-7.306492774e-25,2.9298336296e-08,0.22321747499,0.030427638365,0.050135433955,0.045687302495
e220,ok,,30.347380115,192330348.4,663749.16872,2549180.3005,111873017.55,289991.68424,14713631.785,-1.6138094017e-25,1.2497083243e-24,-2.851094615e-24,-6.2353768532e-08,1.6369459005e-08,3.4877757603e-09,4.3895143358e-08,5.2612315473e-24,-2.5016233623e-26,-8.6826861362e-08,-3.1553815171e-25,4.8160542556e-24,-6.7546936127e-25,-5.529125035e-25,-5.6331824774e-08,0.22580135814,0.014397357765,0.057631257052,0.029135364915
e221,ok,,29.872252882,189320422.44,411465.62849,1686614.6613,110957778.04,175967.07972,14139677.302,-1.5487950221e-25,1.3568455132e-24,-3.6774909901e-24,-7.9368818824e-08,1.6729125856e-08,6.917146594e-09,5.2086013707e-08,6.6831215251e-24,-3.3928224434e-26,-4.0834158883e-08,-5.5991297777e-25,5.8553833798e-24,-1.1855204785e-24,-9.8442713472e-25,-8.009924399e-08,0.22067893055,0.010858051982,0.016801852848,0.021431604365
e222,ok,,29.908265702,189548403.37,506088.4248,2039080.9255,110887324.84,217181.2627,14166065.504,-2.0721011404e-25,1.3172187265e-24,-3.2922268955e-24,-8.1485432506e-08,1.5121098075e-08,-4.6116754661e-09,5.5649601467e-08,6.0285640381e-24,-2.3793674117e-26,-7.1360114914e-08,-1.0539967501e-24,5.3762192044e-24,-1.7824159116e-24,-8.5263035655e-25,2.4606981249e-08,0.2203691836,0.018875348156,0.03611452815,0.028163619147
e224,ok,,29.857680093,189227385.15,505427.37082,1987562.5173,110777858.0,213444.68178,14103506.264,-1.4637369438e-25,1.3191117568e-24,-3.3119793864e-24,-5.8650473813e-08,1.5478183492e-08,-2.438079572e-09,3.9409000273e-08,6.1560462758e-24,-1.7253532603e-26,-6.6604223364e-08,-7.4746183442e-25,5.4694317458e-24,-1.2418367616e-24,-8.382025336e-25,1.0213395487e-08,0.22009884684,0.012998508817,0.0336635975,0.019918387395
e226,ok,,29.881854769,189380778.3,509057.09916,1961944.2715,110904685.55,212675.89566,14142127.907,-8.2409623119e-26,1.3134665808e-24,-3.3088312897e-24,-3.408030045e-08,1.5612192092e-08,-2.2878750294e-10,2.2788163757e-08,6.2095628496e-24,-1.0997455241e-26,-6.119319359e-08,-4.0880552385e-25,5.506742313e-24,-6.7778974841e-25,-8.2473793929e-25,-4.8992588338e-09,0.22028718552,0.0070185369872,0.031150829617,0.011600476537
e228,ok,,29.831579138,189061943.94,495777.42434,1904069.6647,110779172.2,205889.17818,14078463.956,-1.9503105736e-26,1.3275756265e-24,-3.361585029e-24,-1.0133988426e-08,1.5691820288e-08,1.9671635958e-09,6.9320873657e-09,6.3336860048e-24,-5.3742415161e-27,-5.9983090536e-08,-6.3017842495e-26,5.5975679353e-24,-1.3607092723e-25,-8.4882694922e-25,-2.0930185067e-08,0.22029775103,0.0011371711893,0.02973826213,0.0034367724195
e230,ok,,29.843409313,189137629.0,483218.23816,1861275.35,110860782.5,200652.24415,14100275.191,5.0267690588e-26,1.334301357e-24,-3.4044474542e-24,1.7516336297e-08,1.547912749e-08,4.2157678492e-09,-1.1097501685e-08,6.4043521726e-24,1.3473646139e-27,-5.8029344777e-08,3.4631378173e-25,5.6459512677e-24,5.1185780133e-25,-8.8247162204e-25,-3.7433223404e-08,0.22010258593,-0.0051681917734,0.028040837744,-0.0053625152122
e231,ok,,30.549028432,193608222.94,874936.95396,3036252.4922,112390247.16,368022.39108,14982029.579,-1.5301729718e-25,1.3230404752e-24,-2.460356605e-24,-5.2517634531e-08,1.5833064665e-08,-6.5813603553e-10,3.2965390414e-08,4.7876836775e-24,-1.5193045463e-26,-1.4124889712e-07,-1.8209007465e-25,4.4828525846e-24,-4.2080651128e-25,-3.5090060103e-25,-2.9659667347e-08,0.22859398455,0.016834522238,0.1235838798,0.028842638275
e266,ok,,31.04632146,196759825.34,1577273.3916,5497997.8658,112662230.39,695270.33309,15515897.58,-1.3524909641e-25,9.3590228845e-25,-1.8276492212e-24,-3.3899398105e-08,1.5147463285e-08,-3.2262170509e-10,2.1406866588e-08,3.4844195457e-24,-1.3762171946e-26,-6.7360434007e-08,-8.1443384635e-26,3.2660372968e-24,-1.687650516e-25,-2.8701981549e-25,-1.7480635509e-08,0.22859750416,0.020794141151,0.1062458202,0.033764481066
e297,ok,,29.853761763,189203015.82,689271.82005,2503124.8349,110465623.53,284744.41769,14060086.335,2.1813199438e-31,1.3651026678e-24,-2.838863618e-24,-3.1115780935e-15,1.5680780315e-08,4.5788397734e-15,6.8746904801e-16,5.5318520659e-24,5.3978246072e-31,-1.4114693724e-07,3.7083460066e-30,4.9971304451e-24,1.4945481284e-29,-6.1868811795e-25,-1.0200609957e-14,0.22047312503,2.4562558579e-10,0.097288606325,4.7385304195e-10
e325,ok,,30.678274359,194427677.18,866118.27382,3040027.4087,112827747.06,365431.98569,15166558.292,-3.5247387723e-26,1.1753889684e-24,-2.4832083853e-24,-2.8021294972e-08,1.594088825e-08,9.0579159705e-09,8.2216154678e-09,4.777000116e-24,-1.5016823797e-26,-8.1425735356e-08,2.9396132134e-25,4.4151849713e-24,3.1685831837e-25,-3.9200939992e-25,-8.5840416385e-08,0.22819304967,0.0030848412717,0.070524317351,0.007120891397
e326,ok,,30.700022883,194565627.95,894440.54092,3145644.0112,112838177.85,378763.8609,15189901.277,-7.1469133159e-26,1.1446758601e-24,-2.4425100152e-24,-3.7864904007e-08,1.6153439992e-08,7.9327881518e-09,1.5492300856e-08,4.6878799261e-24,-1.717626961e-26,-7.529839992e-08,2.0149918592e-25,4.3377222987e-24,1.7253094015e-25,-3.836536927e-25,-8.0069156024e-08,0.22769430871,0.0074435310507,0.067349941555,0.013856941958
e327,ok,,30.732254059,194770020.53,922865.86107,3260429.41,112869038.46,393008.42025,15226545.735,-1.0614931683e-25,1.1158713983e-24,-2.4020874171e-24,-4.689113286e-08,1.6311960785e-08,6.8807766112e-09,2.2269646329e-08,4.5916853555e-24,-1.9151628705e-26,-7.0132812052e-08,1.1529248852e-25,4.2562266241e-24,4.233685585e-26,-3.7490595254e-25,-7.4413671978e-08,0.22727578186,0.011792246685,0.064723177984,0.020551896335
e328,ok,,30.771491652,195018766.57,950628.25176,3383860.8465,112908481.59,407871.33079,15271466.602,-1.3929731513e-25,1.0879751426e-24,-2.3630527697e-24,-5.5143661566e-08,1.6418215644e-08,5.8901100422e-09,2.8609597248e-08,4.4917353123e-24,-2.1055815152e-26,-6.5733852192e-08,3.8569922401e-26,4.1704432267e-24,-7.6933382477e-26,-3.6729249988e-25,-6.8909314995e-08,0.22685769478,0.016128527218,0.06248845699,0.027197091415
e329,ok,,30.821720854,195337233.74,974906.02029,3507631.2788,112984540.95,422311.55461,15332392.208,-1.7332010833e-25,1.0631182943e-24,-2.3289328212e-24,-6.3708243669e-08,1.6536344701e-08,5.0503831634e-09,3.5074627846e-08,4.3928205772e-24,-2.3401967894e-26,-6.2425001125e-08,-3.2656588365e-26,4.083937609e-24,-1.9014426417e-25,-3.6438228342e-25,-6.4745583764e-08,0.22663819524,0.020723747872,0.060858509413,0.034194465846
e330,ok,,30.533385318,193509494.29,625590.45601,2280389.3096,112681658.81,264322.79016,15001107.451,-8.6384847308e-26,1.2858830713e-24,-2.9278437282e-24,-5.4289016389e-08,1.7049752001e-08,1.2783933864e-08,2.4842659331e-08,5.5579353748e-24,-2.4668186997e-26,-7.4104203252e-08,3.8648482862e-25,5.0807985172e-24,2.753690664e-25,-4.8352121242e-25,-1.2824036669e-07,0.22786022161,0.0066338484283,0.046358882305,0.015541330579
e332,ok,,30.615126984,194027828.26,682423.62363,2529652.797,112773598.11,293558.5302,15095327.462,-1.6494920009e-25,1.2095506535e-24,-2.7930621319e-24,-7.684027311e-08,1.7504246276e-08,9.8550046467e-09,4.2478180579e-08,5.2282434593e-24,-2.8366036603e-26,-6.3877613827e-08,8.3159032549e-26,4.8143787813e-24,-1.5820799433e-25,-4.4750234175e-25,-1.0826627171e-07,0.2270944096,0.015355327477,0.043591592697,0.028988113916
e333,ok,,30.657955523,194299315.05,707570.37603,2663319.2627,112800616.63,308227.55509,15142088.411,-2.0352385957e-25,1.1758734608e-24,-2.7355227073e-24,-8.760408585e-08,1.7714069519e-08,8.6710210602e-09,5.0919143944e-08,5.0691371147e-24,-3.0525683259e-26,-6.0825297337e-08,-3.007496119e-26,4.6824147775e-24,-3.4030065735e-25,-4.3339251135e-25,-1.0098433254e-07,0.22667335187,0.019966289565,0.043038178509,0.036028877828
e331,ok,,30.568441327,193731782.73,652916.4331,2396762.0392,112718457.53,278059.89791,15041141.412,-1.2731851022e-25,1.2460583488e-24,-2.8616802913e-24,-6.6509805325e-08,1.7323452762e-08,1.1306498895e-08,3.422169346e-08,5.3990314204e-24,-2.6713774191e-26,-6.8022153332e-08,2.2332541546e-25,4.9523437224e-24,4.0683076993e-26,-4.6569845935e-25,-1.1827124459e-07,0.22737796742,0.011028211948,0.044412781726,0.022343906028
e334,ok,,30.692720035,194519845.88,726112.58577,2789157.3754,112796230.56,321105.61086,15176765.442,-2.3916988411e-25,1.1470123285e-24,-2.6931286119e-24,-9.6968153341e-08,1.7827673766e-08,7.4523781006e-09,5.8906031553e-08,4.9267924857e-24,-3.2788113277e-26,-5.8872669953e-08,-1.3632043718e-25,4.5647284761e-24,-5.045292854e-25,-4.2882623294e-25,-9.3522289222e-08,0.22612208808,0.024368924449,0.042748186611,0.042772410888
e335,ok,,30.795878375,195172846.95,842124.61046,2967553.4053,113206903.83,357347.8908,15334528.132,-7.960817922e-26,1.1534138642e-24,-2.5061389026e-24,-4.3729662469e-08,1.652596162e-08,1.024295847e-08,1.9444434795e-08,4.7905502811e-24,-1.8747049552e-26,-6.6104592677e-08,2.3706813448e-25,4.4546840019e-24,1.8992834991e-25,-3.4792887827e-25,-1.0045867117e-07,0.229010273,0.0074153303948,0.055668304358,0.016374637077
e336,ok,,30.829557231,195386431.88,874061.28527,3096989.5284,113230881.26,373323.58617,15372015.008,-1.1439814143e-25,1.122177701e-24,-2.4574455239e-24,-5.275095355e-08,1.672918191e-08,9.1033364459e-09,2.636118543e-08,4.6751790159e-24,-2.0346510481e-26,-6.1733251725e-08,1.47586879e-25,4.3562797162e-24,5.99283104e-26,-3.3860670035e-25,-9.3513872018e-08,0.22853072746,0.011729624382,0.053958645346,0.023041291618
e337,ok,,30.872766483,195660381.61,907529.71667,3243897.531,113265364.82,391053.05589,15420614.632,-1.481790724e-25,1.0904982911e-24,-2.4077334334e-24,-6.110696818e-08,1.689456977e-08,8.0596701002e-09,3.2882796888e-08,4.5506637427e-24,-2.190881977e-26,-5.7811351866e-08,6.9765061083e-26,4.2491306123e-24,-5.7060847727e-26,-3.2841503258e-25,-8.7161486644e-08,0.22809541028,0.016140751377,0.05246551978,0.029842115343
e338,ok,,30.906386808,195873549.88,932549.04384,3377634.9687,113256687.72,406201.70346,15453858.804,-1.816813147e-25,1.0645416298e-24,-2.3710525961e-24,-6.9370281216e-08,1.7054309353e-08,7.1176185863e-09,3.9395427677e-08,4.4435906465e-24,-2.3715703486e-26,-5.531786036e-08,1.27025795e-27,4.1564194709e-24,-1.652787308e-25,-3.2304656445e-25,-8.19209271e-08,0.22758121565,0.020628724938,0.051586617786,0.036738168412
e339,ok,,30.96121524,196221186.7,962831.09173,3534358.4374,113303741.03,424420.85424,15516193.73,-2.1118237822e-25,1.0371902471e-24,-2.3282738003e-24,-7.5689046601e-08,1.7079745234e-08,6.0956741768e-09,4.4931946879e-08,4.3220186313e-24,-2.5101682228e-26,-5.297145781e-08,-6.23151797e-26,4.0522979546e-24,-2.5722033548e-25,-3.1732275001e-25,-7.5473447386e-08,0.22711359704,0.024875262751,0.051002566554,0.043261875467
e343,ok,,31.117954163,197214971.64,1106115.9619,3942029.0106,113627260.89,485619.33475,15720228.198,-1.7324067146e-25,9.7942688192e-25,-2.1657991822e-24,-6.106128723e-08,1.6710739815e-08,6.6833530904e-09,3.4746493435e-08,4.0630843994e-24,-1.9689036286e-26,-4.4643009285e-08,2.4604464175e-27,3.837672831e-24,-1.1081155479e-25,-2.5374662637e-25,-7.3399646041e-08,0.22813691944,0.021549053225,0.049380345159,0.03843365101
e344,ok,,31.127826712,197276973.02,1143261.2072,4136191.8036,113530298.39,506245.59789,15717468.858,-2.005768815e-25,9.5394376354e-25,-2.1308468059e-24,-6.6376741599e-08,1.6743862218e-08,5.6963318028e-09,3.922737243e-08,3.9639170353e-24,-2.2394413719e-26,-4.4300429424e-08,-4.1549198873e-26,3.7351121041e-24,-1.7614790405e-25,-2.7133929993e-25,-6.7839271481e-08,0.22702047798,0.025837822246,0.050646962424,0.04484713316
e360,ok,,30.572038932,193755211.97,793180.36725,2789534.3323,112718364.15,333201.26133,15046298.002,-8.5739443143e-26,1.2019939306e-24,-2.6034858516e-24,-3.69804071e-08,1.5611969461e-08,3.7398104152e-09,1.8926775767e-08,5.0030019589e-24,-1.4059062631e-26,-7.9729454414e-08,-3.9813042194e-27,4.6062869009e-24,-9.0198387691e-26,-4.6208952656e-25,-4.4128195395e-08,0.22666906381,0.0089910620538,0.063239837932,0.015012346954
e361,ok,,30.524804111,193456001.2,765453.85969,2733286.0932,112579064.81,322989.12909,14980968.329,-9.2883273501e-26,1.1923436822e-24,-2.6549437174e-24,-4.0402797457e-08,1.5762800246e-08,4.541165319e-09,2.162013762e-08,5.0668698684e-24,-1.6522036107e-26,-7.3365928784e-08,-1.3551123098e-26,4.6453786088e-24,-1.1619294031e-25,-4.9485322965e-25,-5.1865703607e-08,0.22593469312,0.0092674520069,0.056158233357,0.016549217789
e374,ok,,30.434060555,192879070.9,612085.57263,2256815.8092,112370573.32,261798.15738,14863180.892,-1.5720968956e-25,1.3929830176e-24,-2.9574625675e-24,-6.1842371415e-08,1.5932980579e-08,2.459030235e-10,4.1939071583e-08,5.5800346148e-24,-1.9156202417e-26,-1.2256967627e-07,-3.4735158588e-25,5.1262381303e-24,-7.4420882606e-25,-5.2778420423e-25,-3.2119058142e-08,0.22906865591,0.014265073724,0.075023130487,0.025670300645
e392,ok,,29.498321744,186950951.5,471651.348,2197954.4528,109333987.44,216504.92137,13590263.412,-3.1535896501e-25,1.2744615753e-24,-3.4026688994e-24,-1.2725339317e-07,1.5728277021e-08,-3.7870326818e-09,9.3876106942e-08,5.8292835009e-24,-5.2088932267e-26,-8.4881406444e-08,-1.5477455322e-24,5.1745642297e-24,-2.9777677363e-24,-1.0571016642e-24,-2.00471531e-09,0.21300077097,0.027458542258,0.04003442977,0.044276792384
e387,ok,,29.284234197,185594705.3,370554.3153,1850832.0447,108905314.86,172735.54875,13343473.992,-3.4437643352e-25,1.3810937191e-24,-3.8370311766e-24,-1.5840546768e-07,1.6626817471e-08,-2.2549287857e-09,1.1901208609e-07,6.3833193479e-24,-6.7008256107e-26,-1.0290612085e-07,-2.1919462083e-24,5.6002747473e-24,-4.3716701951e-24,-1.3075442567e-24,-2.8902399954e-08,0.2113014198,0.026308003318,0.03813230715,0.044100442072
e397,ok,,30.453377143,193004053.88,919119.26497,3938279.4033,111304953.97,431252.53161,14748336.809,-2.9420163992e-25,9.8995899151e-25,-2.395046085e-24,-7.8796960812e-08,1.3943659412e-08,-6.5532339891e-09,6.3177718092e-08,4.140316562e-24,-3.1204794714e-26,-5.6667284774e-08,-7.3170559952e-25,3.8148212713e-24,-1.3204489381e-24,-5.6348997183e-25,3.0613360746e-08,0.22095132222,0.036905035273,0.052083993129,0.058067857815
e398,ok,,30.466313215,193086259.42,973202.77752,4204533.2605,111202770.16,459613.3486,14747826.159,-2.8906071162e-25,9.1512335292e-25,-2.3311851036e-24,-7.6627613816e-08,1.4165076352e-08,-4.4660078113e-09,6.0522293865e-08,4.0039842261e-24,-3.3177556775e-26,-3.803328315e-08,-6.5898041306e-25,3.6808735907e-24,-1.1802919146e-24,-5.57438952e-25,2.040957894e-08,0.21948594109,0.037281351708,0.0370140968,0.058900464491
e420,ok,,31.814360131,201630130.37,934914.26038,5957646.8874,113056003.7,592708.51353,16365163.786,-5.0555178989e-25,7.1052970152e-25,-2.2439195583e-24,-1.2731187914e-07,1.482713049e-08,-5.011234471e-10,1.3295920881e-07,2.9037411503e-24,-5.0998622509e-26,-1.506570288e-08,-5.6388018986e-25,2.8653617192e-24,-1.3449430704e-24,-3.645318078e-25,-1.625721748e-08,0.22254906455,0.073321462644,0.014085140465,0.12430546037
e421,ok,,31.512262887,199715054.07,945931.3639,5216191.5117,113043782.34,540510.01432,16048069.42,-4.3174991424e-25,7.1798574403e-25,-2.2727112254e-24,-1.146587478e-07,1.5379073385e-08,2.737241298e-09,1.0761059097e-07,3.2502768886e-24,-4.3449162645e-26,5.2164361647e-09,-5.4854446709e-25,3.1326452658e-24,-1.1468894223e-24,-3.6601947961e-25,-2.4402794777e-08,0.22248979767,0.059050204311,-0.004934390576,0.10179223308
e422,ok,,31.238062125,197977191.64,856199.07281,4390049.4782,112990739.79,459473.9883,15757271.622,-3.8415098415e-25,7.4808891439e-25,-2.4186396782e-24,-1.1355825091e-07,1.6553735674e-08,6.417960516e-09,9.8803575581e-08,3.6444823543e-24,-4.1593708057e-26,2.4258550759e-08,-5.4737177702e-25,3.463378595e-24,-1.089283635e-24,-3.9207085161e-25,-4.6078001674e-08,0.22283735588,0.047481162015,-0.020770148668,0.084595529802
e426,ok,,29.682607481,188120172.91,531716.40487,2312345.1075,110397801.29,228542.94919,13897995.104,-5.9472922963e-26,8.8847661742e-25,-3.2884194627e-24,-2.3825094798e-08,1.5201481619e-08,5.8627655776e-10,1.5726792159e-08,5.7759894538e-24,-1.084365906e-26,8.8986698318e-08,-3.4097271941e-25,4.8804416147e-24,-5.1681659721e-25,-1.1218724879e-24,1.1972391844e-09,0.21136070258,0.0055028904855,-0.04731568731,0.0083621933868
e428,ok,,29.682063832,188116652.9,548530.81535,2402274.008,110358521.08,236936.18233,13892481.992,-4.5027081905e-26,8.5532516226e-25,-3.2388130329e-24,-1.6875114176e-08,1.5167178655e-08,-2.869563705e-11,1.1598622839e-08,5.6622032465e-24,-6.872002527e-27,9.4053635529e-08,-3.0115358745e-25,4.7827795624e-24,-4.4404289585e-25,-1.1045936208e-24,6.7480249196e-09,0.2110840386,0.004335828387,-0.051591317384,0.0063622020431
e423,ok,,31.577035421,200126704.39,766398.85465,5035279.2967,113038718.69,486349.25626,16116356.823,-5.2247309088e-25,8.4683557148e-25,-2.4737409635e-24,-1.4380203153e-07,1.4554592609e-08,-5.054106318e-09,1.5229366242e-07,3.1583584022e-24,-5.3246013999e-26,-4.8561544458e-08,-7.1246764211e-25,3.1351388251e-24,-1.7985605505e-24,-4.1415785227e-25,-8.6281018996e-09,0.22483761883,0.068995784271,0.037217512053,0.11671768845
e432,ok,,30.820518101,195329941.83,1333540.4101,4927998.2453,112107346.71,597302.9963,15216231.618,-2.1750440242e-25,9.2813469177e-25,-1.9877056287e-24,-5.6516501092e-08,1.5186595864e-08,-1.3522671536e-09,3.7108288497e-08,3.6946497979e-24,-2.1866316421e-26,-5.8288228879e-08,-2.0892872728e-25,3.4547110001e-24,-3.9693179024e-25,-3.408495715e-25,-1.4728181483e-08,0.22349884354,0.031793875629,0.077729708644,0.049485402261
e431,ok,,30.777727797,195058498.2,1241687.3998,4509380.8298,112228193.86,549194.9673,15189873.575,-2.2220527773e-25,1.0275107762e-24,-2.0573809125e-24,-5.8553078023e-08,1.5035014012e-08,-3.3544425411e-09,3.8825604063e-08,3.8704196723e-24,-1.9662938195e-26,-8.1266847555e-08,-2.4971606797e-25,3.6300740858e-24,-4.764577669e-25,-3.3815435014e-25,-5.9946432529e-09,0.22544924069,0.031415178767,0.10090802063,0.048209263354
e433,ok,,30.725877126,194729703.95,1125020.0624,4031462.1874,112355178.04,490832.64564,15155171.835,-2.2542298212e-25,1.1239515822e-24,-2.1600244325e-24,-6.1803954181e-08,1.4917961788e-08,-4.9764118624e-09,4.0728797182e-08,4.1047442637e-24,-1.7926450383e-26,-1.0216046839e-07,-2.961411384e-25,3.8528381788e-24,-5.6589044979e-25,-3.4585657889e-25,1.5457260521e-09,0.22679476911,0.03050748405,0.11493257653,0.045820713949
e434,ok,,30.632861338,194140299.27,977213.40022,3658240.7898,112137802.14,433141.54559,15032646.733,-2.4744154009e-25,1.149578996e-24,-2.3187689943e-24,-7.5370665464e-08,1.5829145865e-08,-2.4742323026e-09,5.0691681158e-08,4.310939713e-24,-2.4737474308e-26,-1.0398702181e-07,-3.0867244847e-25,4.0391587661e-24,-6.4841013306e-25,-3.7637967131e-25,-2.5074082486e-08,0.22561974031,0.030199462988,0.10161751117,0.049536590107
e435,ok,,30.795224829,195169757.44,1347418.9737,5017271.2969,111968904.22,605988.14057,15172956.337,-2.2391063469e-25,9.2865062409e-25,-1.977418216e-24,-5.3553358272e-08,1.4376737749e-08,-4.35059872e-09,3.6896129328e-08,3.6658694796e-24,-1.9023179167e-26,-5.9658933243e-08,-3.0263010508e-25,3.4182240255e-24,-5.3730686524e-25,-3.6793959422e-25,1.1457894036e-08,0.22376856563,0.034008110829,0.080385578603,0.049714544714
e472,ok,,30.946211069,196126213.14,669263.10676,2582720.888,114082979.99,289497.88134,15606422.315,1.2533203163e-31,8.8890329915e-25,-2.8117608435e-24,4.964895948e-15,1.4556019295e-08,-9.810484933e-16,1.1166689738e-15,5.0444454231e-24,3.1055477248e-31,8.921927495e-08,3.4778302272e-30,4.6262854286e-24,2.4501309118e-30,-4.6526267184e-25,1.2399305504e-14,0.22716738434,-6.218930229e-10,-0.059711169136,7.473453466e-10
e473,ok,,31.309792276,198429601.73,1163619.8076,4389177.7079,114295790.5,521156.73516,16010840.059,-3.0315617681e-32,7.0102146068e-25,-2.1151056666e-24,2.2275902766e-16,1.413276386e-08,-6.5154426104e-16,4.5158961152e-16,3.7922005407e-24,-7.3343093798e-32,4.2208149727e-08,-8.9295596836e-31,3.5441601833e-24,-4.5178029625e-30,-2.9069372124e-25,1.3916996662e-15,0.22627742176,4.8025210544e-11,-0.049114239065,5.2547861687e-10
e474,ok,,30.88133595,195714730.91,959096.34265,3562632.8796,113404172.56,413241.23558,15451379.299,7.131540325e-33,8.2967219183e-25,-2.3500918948e-24,4.6662174854e-15,1.4477686918e-08,-1.000838121e-15,7.123718036e-16,4.3188550301e-24,1.2352154432e-32,2.9932600627e-08,-8.9602205441e-31,4.0008460256e-24,-3.881796452e-30,-3.6681625823e-25,1.1726361019e-14,0.22370023193,-8.4426333476e-10,-0.028708247787,6.8323319144e-10
e475,ok,,31.113374282,197184819.5,1185805.0142,4147528.2675,113966317.18,504372.95014,15765038.353,-2.6983314436e-34,8.4406978724e-25,-2.097900905e-24,3.2472155265e-15,1.4319883251e-08,-1.0827627245e-15,8.7918869211e-16,3.9589351287e-24,-9.6565811249e-33,-1.2378013723e-09,1.2811199031e-30,3.7262341276e-24,-9.5038668804e-31,-2.6350676695e-25,9.7268759482e-15,0.22575350866,-5.3026703014e-10,0.0014677910739,1.0425463596e-09
e476,ok,,30.918147887,195948507.55,1458242.403,5101712.31,112721256.24,632844.54151,15396274.741,2.3190627694e-33,8.5389341932e-25,-1.9085361155e-24,-5.6518337954e-15,1.4638475144e-08,4.4569287052e-15,-2.3899429411e-15,3.6308080767e-24,1.0808463856e-32,-3.3874768554e-08,-1.4001853401e-30,3.3860943018e-24,4.4487212291e-30,-3.0485923153e-25,-1.2606630535e-14,0.22537798511,1.7786581905e-09,0.049397623896,-3.4851161374e-09
e477,ok,,30.713943589,194654558.32,1190736.2695,4282042.1443,112453386.06,515227.02065,15154802.548,1.2309968063e-31,8.9904077555e-25,-2.1244877224e-24,-1.5369614212e-15,1.4814656052e-08,9.913437304e-16,-2.6547347241e-15,4.0030560573e-24,2.8792480102e-31,-2.8919867633e-08,-2.7837248288e-30,3.6925972894e-24,6.2666360187e-30,-3.848510689e-25,-5.5193690608e-15,0.22451318728,1.5342959956e-10,0.034435935299,-3.1610889218e-09
e478,ok,,30.823027209,195346221.91,1116561.3581,4338467.2133,112785744.71,497730.73773,15309188.248,-7.8669269003e-32,7.1861941033e-25,-2.1964528836e-24,-3.6176445469e-14,1.4435990778e-08,7.3155509001e-14,1.4954540102e-13,3.9364337648e-24,1.2784057977e-30,3.0604584333e-08,1.1554882342e-29,3.5768454784e-24,-1.2742622207e-29,-4.5088090895e-25,-4.9362902214e-13,0.22100330035,-3.6293130542e-08,-0.034171896248,1.6697661607e-07
e479,ok,,30.89522957,195803269.19,1237053.5802,4800814.1638,112762284.18,555447.3215,15378905.013,1.4975868772e-31,6.8121727939e-25,-2.0836246035e-24,-3.4124236513e-15,1.4322367738e-08,4.6553925935e-16,2.2612073926e-15,3.729588764e-24,4.0892546057e-31,2.7159871442e-08,2.1358661305e-30,3.3972702056e-24,6.943329721e-30,-4.2059260945e-25,-6.5913259828e-15,0.220262333,1.0890115809e-09,-0.033598216204,2.7972347006e-09
e485,ok,,30.457538373,193029751.41,848008.4989,2991610.2392,112265388.65,354820.18179,14874905.289,-6.4106420287e-26,1.1601116909e-24,-2.5243143241e-24,-2.5756074044e-08,1.5394697663e-08,2.08070973e-09,1.3497657365e-08,4.8627724036e-24,-9.9354124815e-27,-7.3911911691e-08,-1.6967099272e-26,4.4740339886e-24,-7.8755761577e-26,-4.5608834377e-25,-2.6474220943e-08,0.2253751041,0.0070223288739,0.062677929284,0.01144612816
e49,ok,,30.987182945,196390741.31,315545.268,1863103.3946,113555013.53,179475.88857,15579153.134,-6.8381570603e-25,2.085645987e-24,-3.7062961818e-24,-3.5199532588e-07,1.9483431174e-08,-4.9031020837e-08,2.8695640111e-07,5.3128363881e-24,-2.4908689427e-26,-6.1184668415e-07,-5.5126968613e-25,5.4033703347e-24,-4.6177630962e-24,-1.9471450418e-25,-6.5645212369e-08,0.23888418939,0.060368682786,0.19306532593,0.090547734493
e502,ok,,30.807582006,195246937.48,1302841.7055,4445484.1446,112460315.56,561333.90489,15247932.664,-6.985179029e-26,1.0825118726e-24,-2.0172173517e-24,-2.0786803396e-08,1.5271273045e-08,5.239688634e-10,1.2190936908e-08,3.921993951e-24,-7.9308656121e-27,-9.3128232616e-08,-2.854510915e-26,3.6801564181e-24,-8.4200725235e-26,-2.9256697788e-25,-1.7283044257e-08,0.22975762162,0.0094402530349,0.12133134542,0.015882861034
e520,ok,,30.194994792,191366386.31,1154394.4629,4269715.5787,110711424.35,496956.37748,14419353.652,3.3754199728e-30,9.4467711098e-25,-2.187306862e-24,1.2661893716e-12,1.5129539109e-08,-3.5344811921e-13,-8.7897698715e-13,4.1435150592e-24,3.4006299343e-31,-5.1345156153e-08,2.9777166221e-29,3.7654694662e-24,6.7449905109e-29,-4.9037854339e-25,3.7630655131e-12,0.21815817497,-2.2126777314e-07,0.059272563962,-1.014686167e-06
e540,ok,,30.962159915,196226649.84,1533298.2833,5153406.6804,112636657.36,661711.07682,15428064.283,-7.697611364e-26,1.0259752659e-24,-1.8545520054e-24,-1.9641757266e-08,1.4983500259e-08,-1.1825850292e-09,1.0990976516e-08,3.6216941662e-24,-5.8494397044e-27,-8.7089405187e-08,-4.7210345762e-26,3.4076167626e-24,-1.0011652248e-25,-2.6452548539e-25,-2.9535535496e-09,0.23057323268,0.012546586305,0.13353403547,0.016852445424
e521,ok,,30.161440279,191153505.25,1015587.7288,3677241.1272,110947159.56,428739.02432,14417199.037,3.0465894955e-31,1.0573488956e-24,-2.3293262129e-24,8.5308880413e-14,1.5243928073e-08,-1.8601455333e-13,-3.5889020956e-13,4.4742586502e-24,-2.8004786501e-31,-7.1609769478e-08,4.9073411907e-29,4.0767714487e-24,6.7222674071e-29,-4.9765337245e-25,1.7739265749e-12,0.21977474514,1.3057477668e-07,0.072726003142,-3.6448449281e-07
e541,ok,,30.885236232,195739159.64,1542973.935,5133881.1669,112413833.78,659912.09849,15322051.369,-7.7880594938e-26,1.0721715976e-24,-1.8477929253e-24,-2.0332334309e-08,1.5116014324e-08,-9.806230146e-10,1.141058391e-08,3.642725293e-24,-6.3279762483e-27,-1.0114686789e-07,-3.4075176468e-26,3.4410178935e-24,-8.6021538365e-26,-2.4349681351e-25,-7.1677408752e-09,0.23012935667,0.012329311656,0.15606698076,0.017606233557
e542,ok,,31.023253995,196613856.41,1560141.2145,5217099.835,112853264.12,671415.10736,15519581.619,-7.5608090685e-26,1.0040137583e-24,-1.8359321115e-24,-2.1856989618e-08,1.5104731716e-08,6.2623630439e-10,1.115041084e-08,3.586217921e-24,-7.9862853157e-27,-8.1188733034e-08,-6.7019846806e-27,3.3799638125e-24,-4.3665381629e-26,-2.5130032801e-25,-1.7610563475e-08,0.23037402182,0.011952917906,0.12666588856,0.01739621551
e543,ok,,30.998278607,196455747.04,1582298.1279,5365455.7635,112656930.77,686683.70506,15467264.981,-7.9109368911e-26,9.6474098292e-25,-1.8259945767e-24,-2.13802136e-08,1.4991583627e-08,-8.8217554095e-12,1.1370907835e-08,3.5408686387e-24,-7.646409237e-27,-7.2122189594e-08,-2.9069944242e-26,3.3273791418e-24,-7.2248985722e-26,-2.6759673708e-25,-1.1379039345e-08,0.22928000763,0.01289071963,0.11411880557,0.017992166179
e544,ok,,31.001717236,196477779.36,1585165.3121,5457044.2331,112591915.28,693550.04496,15461413.776,-8.4736798787e-26,9.2915623805e-25,-1.8271323502e-24,-2.1490097003e-08,1.4874747687e-08,-6.1131970396e-10,1.2111068221e-08,3.5113939661e-24,-7.52224623e-27,-6.343444789e-08,-5.7992761717e-26,3.2846214987e-24,-1.1260569286e-25,-2.9103981082e-25,-5.5674001369e-09,0.22869806488,0.014021611501,0.10055408639,0.019198045236
e545,ok,,30.906169548,195872494.51,1512949.2351,5343261.4052,112309682.82,667348.3685,15326769.135,-9.1171283499e-26,8.9369611406e-25,-1.8752569433e-24,-2.2522221048e-08,1.4794912559e-08,-1.0626926585e-09,1.320258032e-08,3.5604560431e-24,-7.731790492e-27,-5.165758497e-08,-8.6797659627e-26,3.3141806949e-24,-1.5470117619e-25,-3.2164150368e-25,-8.2346576393e-11,0.22673923876,0.015017707324,0.078155303665,0.019974833796
e546,ok,,30.818364995,195315913.66,1363783.3943,4764589.8267,112379807.65,592941.76779,15248426.579,-8.0373288832e-26,9.6918450666e-25,-1.9780012347e-24,-2.3268130041e-08,1.5052240491e-08,5.4491387139e-11,1.2127187234e-08,3.7897112255e-24,-8.4828507878e-27,-6.4476602155e-08,-4.4520998539e-26,3.5245467072e-24,-9.9738090052e-26,-3.3492548927e-25,-1.0234826867e-08,0.22736101495,0.012417346131,0.087932119343,0.01653885657
e547,ok,,30.964837536,196244072.27,1557540.4235,5415630.8087,112497188.69,683035.57421,15411633.331,-8.71792188e-26,9.0276371281e-25,-1.8443339297e-24,-2.3622590618e-08,1.4961358558e-08,4.0305067444e-10,1.2803474225e-08,3.5268074838e-24,-9.2097953866e-27,-5.5212476655e-08,-4.177756649e-26,3.2968415253e-24,-9.0547023866e-26,-2.9422194777e-25,-1.3226371216e-08,0.22727030678,0.014083093943,0.085995664271,0.019941928667
e549,ok,,30.967533741,196261458.96,1588358.0408,5698204.9379,112297975.0,708708.79167,15386931.234,-1.0289763241e-25,8.2928962092e-25,-1.8283870644e-24,-2.4451778403e-08,1.4681973199e-08,-7.9587411693e-10,1.5064642816e-08,3.4325355306e-24,-9.1728699442e-27,-3.8438437202e-08,-1.0095636249e-25,3.1928993852e-24,-1.7437563545e-25,-3.1849764495e-25,-1.2329806266e-09,0.22558156545,0.017132085406,0.061054000806,0.023928046549
e548,ok,,30.882608853,195723428.18,1503089.4717,5392815.538,112191765.99,665485.68236,15287452.537,-8.5383477142e-26,8.5544933638e-25,-1.8862371238e-24,-2.5029936146e-08,1.5065981209e-08,1.5313887128e-09,1.2806852795e-08,3.5523358694e-24,-1.1951379949e-26,-4.2566135388e-08,-1.4197654957e-26,3.2884036723e-24,-5.0845589553e-26,-3.4329645314e-25,-2.1098876273e-08,0.22490028431,0.013502022898,0.063980709954,0.019249845602
e550,ok,,30.8673385,195627008.28,1537934.7019,5713366.6112,111923646.86,693555.07203,15235865.641,-1.015234557e-25,7.8006029163e-25,-1.8683496538e-24,-2.587145267e-08,1.478410066e-08,3.1202602767e-10,1.5139688885e-08,3.448630824e-24,-1.2244774437e-26,-2.6199520845e-08,-8.2021350754e-26,3.1710780894e-24,-1.475583081e-25,-3.7606424457e-25,-8.5258914474e-09,0.22290949957,0.016625783362,0.04029315228,0.023283852913
e551,ok,,30.955625427,196186243.62,1544749.1397,5748209.3798,112188854.94,699698.48517,15360513.788,-1.2701029823e-25,7.7918304675e-25,-1.855155592e-24,-2.7971816859e-08,1.4431333042e-08,-1.6627904712e-09,1.9492443261e-08,3.4104378787e-24,-1.0702746638e-26,-2.4958733233e-08,-1.7309540922e-25,3.1554036449e-24,-2.8399232324e-25,-3.5034410173e-25,8.0175957647e-09,0.22407573848,0.020829567118,0.03855498169,0.030110934958
e552,ok,,30.838330732,195443468.77,1499173.2276,5797085.9382,111754064.83,687023.39442,15184646.24,-1.2624020612e-25,7.2668121897e-25,-1.8948509964e-24,-2.9520604548e-08,1.4545046033e-08,-4.8427184259e-10,1.971676407e-08,3.4190395609e-24,-1.44077242e-26,-1.2312051477e-08,-1.6396020521e-25,3.1213611575e-24,-2.7250875779e-25,-4.1762627991e-25,8.7786491827e-10,0.22113164614,0.020414721253,0.018457897952,0.02955884483
e553,ok,,30.9192392,195955952.99,1504736.9288,5697553.7777,112114244.02,684111.27138,15314554.582,-1.3250801211e-25,7.5698806484e-25,-1.8827768132e-24,-2.9151617545e-08,1.4319759699e-08,-1.9008460381e-09,2.0410955604e-08,3.4300371182e-24,-1.1301274046e-26,-1.8022608074e-08,-2.0179549085e-25,3.157188888e-24,-3.2688270317e-25,-3.7931029403e-25,1.2011400402e-08,0.22295373117,0.021776530163,0.027119283922,0.03071311865
e558,ok,,30.924120471,195986628.56,1141061.0175,4645341.7687,112720994.4,527905.15702,15402332.678,-1.8293963822e-25,7.3335685695e-25,-2.1572657443e-24,-4.6522954687e-08,1.4172116481e-08,-5.2856884655e-10,3.4724948483e-08,3.7575362806e-24,-1.8963592626e-26,1.6069658825e-08,-3.7393709086e-25,3.429920294e-24,-5.9884762091e-25,-4.6495295792e-25,1.0355631368e-08,0.22219419244,0.025775194632,-0.018336461249,0.039623285048
e559,ok,,30.939374997,196083589.15,1140226.9818,4750510.1947,112613010.68,534937.18642,15403756.264,-2.1202065731e-25,7.2786167364e-25,-2.1521725992e-24,-5.2897024441e-08,1.3955074026e-08,-1.0960361235e-09,4.0467443985e-08,3.6997021336e-24,-2.1616270529e-26,1.5447698884e-08,-4.3580317783e-25,3.3848074806e-24,-7.0933340028e-25,-4.6878537311e-25,1.6376651631e-08,0.22208161846,0.030244531843,-0.017613883074,0.046142071517
e560,ok,,30.989352226,196400681.63,1138851.311,4876914.4472,112624489.36,543498.54047,15456342.458,-2.4050787775e-25,7.1944919165e-25,-2.1463470791e-24,-5.8934561197e-08,1.3647176131e-08,-1.6520274463e-09,4.6373245559e-08,3.6271790873e-24,-2.4921030269e-26,1.470617634e-08,-5.0264033025e-25,3.3220855501e-24,-8.3460659837e-25,-4.8263184829e-25,2.2328808606e-08,0.22195776626,0.034729757343,-0.016748148204,0.052812231498
e561,ok,,31.104050907,197127181.36,1264693.6471,5368793.3594,112659431.83,607859.40253,15577055.901,-2.4388724949e-25,6.8819408023e-25,-2.0313463245e-24,-5.7774188726e-08,1.3790079483e-08,-7.5057672486e-10,4.510672252e-08,3.4387303207e-24,-2.5510337944e-26,1.1489889612e-08,-4.1347843096e-25,3.1683364887e-24,-6.9134072453e-25,-4.307574592e-25,1.240489223e-08,0.22158215226,0.036791585613,-0.014531190397,0.057046185411
e580,ok,,30.642069315,194198740.07,1227131.2711,4732209.0312,111611078.73,555228.99167,14972790.379,-2.1175785727e-25,8.8252933066e-25,-2.0842975566e-24,-5.2336839546e-08,1.4209135723e-08,-4.0714677355e-09,3.5572858605e-08,3.803003246e-24,-1.8327335632e-26,-3.850924877e-08,-3.6654255844e-25,3.5011372572e-24,-6.2741942182e-25,-4.4402571529e-25,2.0961497783e-08,0.22184068555,0.031645260394,0.04725590339,0.043652567195
e562,ok,,30.81342108,195285476.9,1016055.5349,4160732.0189,112585979.99,468256.47513,15272878.692,-2.069881943e-25,8.0946424841e-25,-2.2858234247e-24,-5.450413878e-08,1.4000073928e-08,-2.4040198635e-09,4.0608468719e-08,3.9860665953e-24,-1.9719934158e-26,7.6863227029e-09,-5.0827140074e-25,3.6364247973e-24,-8.2518267888e-25,-5.0930824665e-25,2.50947641e-08,0.22357273434,0.028153082162,-0.0078097307255,0.041260459407
e582,ok,,30.752280977,194897008.58,1200292.8335,4342036.9817,112219154.45,528475.5681,15163220.19,-2.2507212774e-25,1.072472311e-24,-2.0920652513e-24,-6.1318748794e-08,1.5289847305e-08,-3.2869933303e-09,4.0192042364e-08,3.9510595168e-24,-2.0247771472e-26,-9.2933571397e-08,-2.3337721551e-25,3.7094861613e-24,-4.7156932795e-25,-3.3290967616e-25,-1.1676373728e-08,0.22609674123,0.031011513888,0.11154749974,0.048242220412
e583,ok,,31.020941203,196599590.31,1467917.5579,5265822.2098,112569051.01,656026.10217,15479474.372,-2.0645645928e-25,9.408015085e-25,-1.8851310294e-24,-5.1809198753e-08,1.5277254908e-08,-1.2682821629e-09,3.4090257526e-08,3.5411970171e-24,-1.877043684e-26,-6.6641760592e-08,-1.4947573538e-25,3.3404138058e-24,-3.0082472163e-25,-2.7602550425e-25,-1.8681358476e-08,0.22661815622,0.03121577403,0.097824610461,0.050041687575
e584,ok,,31.122141075,197240770.12,1528405.194,5375571.1499,112872997.18,678486.5771,15623546.491,-2.0069681471e-25,9.5243594748e-25,-1.8425560543e-24,-5.0357238071e-08,1.5358471531e-08,-1.0314760978e-09,3.2645266978e-08,3.4888463128e-24,-1.7257739733e-26,-7.1122925406e-08,-1.155394624e-25,3.3062290134e-24,-2.4596881614e-25,-2.4337838373e-25,-2.2257361865e-08,0.22801547888,0.030730703212,0.1087046486,0.049895195608
e585,ok,,30.677963944,194426153.46,1154000.4119,4251575.2198,112006360.45,511051.10906,15060890.529,-2.3200973567e-25,1.0623778722e-24,-2.137204733e-24,-6.347623113e-08,1.5203416933e-08,-3.5172506246e-09,4.2211504241e-08,4.0047904104e-24,-2.1728531575e-26,-8.81684952e-08,-2.8395479344e-25,3.744432712e-24,-5.5612633024e-25,-3.6748927592e-25,-7.9995879308e-09,0.22506468404,0.031520034582,0.10174647978,0.048712093281
e587,ok,,30.86945748,195640001.12,1438738.0515,5235126.5997,112122337.78,643096.23809,15267655.146,-2.0933469427e-25,9.2724965135e-25,-1.9114931918e-24,-4.8927351234e-08,1.4435023508e-08,-4.1494919736e-09,3.3044173494e-08,3.5819506423e-24,-1.6569944447e-26,-6.193786478e-08,-2.4569127272e-25,3.352789638e-24,-4.3934842307e-25,-3.309042051e-25,9.648927355e-09,0.22501541433,0.032862579717,0.089112362889,0.047541909787
e593,ok,,29.140215391,184684636.53,497619.3142,2862512.3045,107999749.8,247456.00637,13113299.577,-3.2875903165e-25,7.8136986574e-25,-3.3834102061e-24,-1.3384355409e-07,1.9049001842e-08,1.2590829631e-08,1.0508635639e-07,5.1500890361e-24,-1.0099837706e-25,7.8132104937e-08,-1.2368966121e-24,4.3149758002e-24,-2.4184480506e-24,-1.4309808911e-24,-1.107019283e-07,0.20152426365,0.027621007107,-0.038880044475,0.052293000597
e598,ok,,29.559537631,187341280.21,539598.49362,2790642.1679,109208838.71,260540.39724,13634793.806,-3.200609858e-25,9.1070452063e-25,-3.2025964741e-24,-1.2741981443e-07,1.8395863429e-08,9.538260121e-09,9.7304279453e-08,5.1178358595e-24,-7.6940306017e-26,3.0694309651e-08,-1.1168482084e-24,4.4623555009e-24,-2.1352555654e-24,-1.088458603e-24,-9.3817364249e-08,0.20820468742,0.028125959925,-0.01656260325,0.052505242616
e603,ok,,30.93632714,196063138.83,1867546.7487,6616676.0745,111612086.45,833574.99534,15265470.526,-1.3531729302e-25,8.1066619759e-25,-1.6817687754e-24,-2.9939815704e-08,1.4706868334e-08,-9.218448766e-10,1.8833916899e-08,3.1950997894e-24,-1.2261479426e-26,-4.7166953807e-08,-7.7981105501e-26,3.0016853121e-24,-1.4508292547e-25,-2.644706115e-25,-7.2292221116e-09,0.22174444053,0.023621735211,0.088086491227,0.03517322027
e604,ok,,31.062735047,196864707.56,1828266.9382,6430370.038,112193258.33,815505.15886,15471092.062,-1.4983266166e-25,8.2956171925e-25,-1.694379003e-24,-3.1775519507e-08,1.4459606906e-08,-2.2653489803e-09,2.0786840747e-08,3.2157866259e-24,-1.1265454747e-26,-4.8817567758e-08,-1.2398814311e-25,3.0239336726e-24,-2.1513813349e-25,-2.6467140225e-25,2.8854132439e-09,0.22486137563,0.02644236906,0.089251545137,0.038003893689
e625,ok,,31.045401376,196754942.41,945964.69505,3315908.9648,113965044.8,403849.29566,15691201.984,-1.2531994729e-25,1.0528582814e-24,-2.3554243244e-24,-5.2427894558e-08,1.6367090435e-08,8.2575032675e-09,2.7981801761e-08,4.4628430463e-24,-2.0052447689e-26,-4.6346334202e-08,5.7959548253e-26,4.167679002e-24,-1.628836738e-26,-3.3197809729e-25,-8.3173929106e-08,0.22888873319,0.013500309939,0.0438419959,0.02646979657
e635,ok,,30.703848233,194589480.16,656736.67713,2497125.9428,113085754.67,286258.74159,15224151.461,-1.3767845003e-25,1.1244704655e-24,-2.8547628743e-24,-7.0966223541e-08,1.7710417966e-08,1.3760129567e-08,3.8526934077e-08,5.2405379361e-24,-3.0830426612e-26,-2.0165483305e-08,2.0424025802e-25,4.7815895448e-24,6.6424847158e-26,-5.0232205337e-25,-1.328118431e-07,0.22815303589,0.011657853148,0.013243412498,0.025302050666
e636,ok,,30.73849516,194809095.48,684186.31147,2624765.5853,113089242.29,301211.40625,15259790.878,-1.6534003512e-25,1.1018614334e-24,-2.7893921142e-24,-7.6153616359e-08,1.7623891047e-08,1.1750867188e-08,4.4601097851e-08,5.0870162641e-24,-3.060979591e-26,-2.1416172506e-08,6.4350538361e-26,4.6656839156e-24,-1.4465705077e-25,-4.7331264341e-25,-1.1603516546e-07,0.22798504042,0.014988708841,0.014652652072,0.030515460626
e637,ok,,30.781533292,195081777.52,708016.98763,2754065.2731,113109643.64,315687.72906,15306178.598,-1.9580660189e-25,1.0790394569e-24,-2.7343040752e-24,-8.2799875898e-08,1.7578950864e-08,1.0107206422e-08,5.1326400309e-08,4.9398173171e-24,-3.1427873417e-26,-2.322871592e-08,-5.461727413e-26,4.5487407432e-24,-3.3038576516e-25,-4.5541874944e-25,-1.0316623763e-07,0.22749938647,0.018749962371,0.016446325472,0.036339963333
e638,ok,,30.848120443,195503966.64,737936.36217,2915437.1225,113184419.06,333968.73741,15383787.967,-2.5247872947e-25,1.0525851268e-24,-2.666978205e-24,-1.0198184802e-07,1.8493330195e-08,1.0471609474e-08,6.3497386754e-08,4.7636352655e-24,-3.6242191286e-26,-2.4537022335e-08,-1.6071711726e-25,4.4116113222e-24,-4.8221527395e-25,-4.3358295019e-25,-1.0877487594e-07,0.22712028645,0.025842967187,0.018106761,0.046857030589
e639,ok,,30.887252011,195751944.12,760922.09366,3068188.236,113152715.06,349999.80743,15419649.396,-2.7745375576e-25,1.0347640795e-24,-2.6175258437e-24,-1.0582158596e-07,1.8306274947e-08,8.7322684052e-09,6.8851720127e-08,4.6161925898e-24,-3.6521638052e-26,-2.7430789699e-08,-2.3945837408e-25,4.2937174067e-24,-6.1843466415e-25,-4.1863413381e-25,-9.6137089435e-08,0.22704449177,0.029432087125,0.020872693929,0.052390795032
e642,ok,,30.751037539,194888314.26,1246528.416,4379470.1624,112259765.08,540917.80902,15165876.028,-1.5140997751e-25,1.0564142958e-24,-2.0593832069e-24,-4.3308307519e-08,1.5584669043e-08,7.5736649243e-11,2.7508858924e-08,3.9458407224e-24,-1.5576474276e-26,-8.5834111891e-08,-9.1267552295e-26,3.7096348288e-24,-2.1381367237e-25,-2.9724488384e-25,-2.6968728013e-08,0.22672155586,0.020123293062,0.10699465954,0.034290574342
e655,ok,,30.865217408,195613337.53,1595602.0331,5807603.0394,111852089.72,713692.42212,15227379.271,-1.8109579592e-25,8.5454177805e-25,-1.8195950633e-24,-4.1138536946e-08,1.4702838381e-08,-1.9303451235e-09,2.8292032232e-08,3.4066574997e-24,-1.696049155e-26,-5.0321307435e-08,-1.7072939119e-25,3.1886819774e-24,-3.0009795105e-25,-3.1099241391e-25,-3.744815293e-09,0.22220978706,0.028766589497,0.080292780451,0.045142824149
e657,ok,,30.760426379,194949083.96,1339818.0894,4960511.2582,111870006.07,599071.45267,15125837.672,-2.3079553372e-25,9.7870468977e-25,-1.9808724058e-24,-5.6769100998e-08,1.4916430265e-08,-3.6948036332e-09,3.9848492021e-08,3.6896982388e-24,-2.1126117302e-26,-7.6061423477e-08,-2.588265595e-25,3.4637377348e-24,-4.8040558924e-25,-3.344621475e-25,-4.0191210559e-09,0.22355466162,0.033470688186,0.10190847108,0.053389730443
e656,ok,,30.790149143,195137581.34,1408050.0725,5281299.6656,111740162.83,636632.88994,15137491.488,-2.2911644624e-25,9.1855519976e-25,-1.933405195e-24,-5.5451043833e-08,1.5018134162e-08,-2.5194777527e-09,3.8965438106e-08,3.5702391764e-24,-2.2663387934e-26,-6.3204626287e-08,-2.3294936749e-25,3.3464255604e-24,-4.3337656724e-25,-3.3465843594e-25,-9.3119646317e-09,0.22235238078,0.033985032892,0.088995278627,0.054865287951
e66,ok,,30.198659812,191388733.16,522273.47849,2207954.8721,111585454.36,234667.61052,14534733.172,-3.0685295587e-25,1.3602045134e-24,-3.1781035345e-24,-1.1415567808e-07,1.4218458115e-08,-9.3922752206e-09,8.4945650244e-08,5.6114798574e-24,-3.1840000003e-26,-1.0928841252e-07,-1.4041573663e-24,5.1179604645e-24,-2.5320120492e-24,-7.6671241105e-25,4.3711660037e-08,0.22365921326,0.02908598274,0.057078439363,0.044364860236
e662,ok,,30.799153349,195193800.88,1292497.7526,4583883.7706,112312579.35,563986.98583,15223709.584,-2.128679519e-25,1.0796889396e-24,-2.0163002333e-24,-5.2963679882e-08,1.4725737705e-08,-5.469421225e-09,3.6155695531e-08,3.8443423537e-24,-1.6686440469e-26,-9.9653108369e-08,-2.5085378299e-25,3.6155440264e-24,-4.6405782545e-25,-3.2431639836e-25,5.8682357034e-09,0.22684635374,0.030621947137,0.1288014186,0.046731155217
e664,ok,,30.900213171,195833831.76,1558355.6648,5300364.4183,112376016.2,672535.71405,15332687.588,-1.2827719273e-25,9.9921208032e-25,-1.839795468e-24,-3.1075593083e-08,1.494167149e-08,-1.9924642181e-09,1.9512783374e-08,3.5761095003e-24,-1.0474668881e-26,-8.3311073673e-08,-9.1394172525e-26,3.3696461998e-24,-1.7651757287e-25,-2.6896543729e-25,-5.458920263e-09,0.22734346945,0.020065078682,0.1298282836,0.030407856507
e664ex,ok,,30.506751708,193342966.57,850865.86309,3926823.0742,111485420.32,414420.65219,14827428.148,-1.3824448268e-25,9.5612446558e-25,-2.530829283e-24,-4.4648659911e-08,1.7120021379e-08,9.5250351355e-09,4.4810814394e-08,4.0775029771e-24,-5.8297315916e-26,-5.1709905815e-08,-1.1688991129e-24,3.7705948962e-24,-2.2421657969e-24,-7.3106381992e-25,-1.072771979e-07,0.22389642589,0.0085668207131,0.043998193641,0.038127992265
e668,ok,,30.567901493,193729005.5,1086464.4777,3994691.0011,111870981.74,474467.61642,14934970.139,-2.2487464486e-25,1.1168839323e-24,-2.2090851622e-24,-6.0508313897e-08,1.4815487147e-08,-5.6002201412e-09,4.1988048421e-08,4.1610889574e-24,-2.008686256e-26,-1.0154131115e-07,-3.735526291e-25,3.8744818413e-24,-6.7804344674e-25,-4.0941916527e-25,7.868786838e-09,0.22463958476,0.029548349276,0.11032102759,0.045618523099
e67,ok,,30.438247269,192907299.78,703429.40294,2751289.0403,112109665.96,309956.26837,14836292.645,-2.4541532143e-25,1.2238180215e-24,-2.7445547005e-24,-7.8855796848e-08,1.4502846025e-08,-6.7658079974e-09,5.7915916507e-08,5.0066298833e-24,-2.1370536363e-26,-8.7715929035e-08,-7.8792253196e-25,4.6076633608e-24,-1.3655618092e-24,-5.6022694485e-25,2.8900635776e-08,0.22563096584,0.026465204839,0.061701963589,0.040739758569
e678,ok,,30.949558122,196146407.93,1250444.9226,4572269.8252,112651646.31,560188.24396,15420373.262,-2.6761234455e-25,1.0551015339e-24,-2.0305935839e-24,-6.449439387e-08,1.3944038939e-08,-8.0951973076e-09,4.6578816847e-08,3.7873824256e-24,-1.6164101334e-26,-8.9931134392e-08,-3.4118258361e-25,3.5894109971e-24,-6.2633638225e-25,-2.9694909681e-25,2.3401444092e-08,0.2280214086,0.039125161134,0.11245393038,0.058244245025
e682,ok,,30.753922172,194906429.11,1348686.9007,4631875.6031,112183940.05,579297.15863,15160575.469,-1.4888781602e-25,1.0944849443e-24,-1.9771736954e-24,-3.9419747171e-08,1.5344011841e-08,-1.8300463248e-09,2.543116889e-08,3.8424766907e-24,-1.2844985704e-26,-1.0314014647e-07,-1.0542257472e-25,3.6290621648e-24,-2.2764430823e-25,-2.6910241997e-25,-1.515929676e-08,0.22735720038,0.020840827483,0.13910376448,0.034298684351
e68,ok,,30.651331459,194257266.6,909463.40788,3370315.7864,112532699.63,397096.66957,15102869.889,-1.9836187501e-25,1.1131802069e-24,-2.410768441e-24,-5.6358338721e-08,1.4630000151e-08,-4.8014295877e-09,4.1096539537e-08,4.4905574515e-24,-1.5042708981e-26,-7.3066395527e-08,-4.4787935286e-25,4.1748501518e-24,-7.6087752255e-25,-4.195777367e-25,1.7834719751e-08,0.22697170316,0.023988382403,0.066451213078,0.0373757989
e694,ok,,30.941659951,196096153.05,1386854.375,4866621.8783,112565146.49,607974.68049,15402139.048,-2.4479461273e-25,1.09211739e-24,-1.9308751858e-24,-5.5205203201e-08,1.3925531725e-08,-9.2848619575e-09,3.9571454615e-08,3.6931721366e-24,-1.2603824714e-26,-1.0666677288e-07,-2.7409331222e-25,3.5078370635e-24,-5.0565806505e-25,-2.6520840362e-25,2.7780978157e-08,0.2287805655,0.037438622288,0.14793128063,0.054879844959
e715,ok,,30.024646962,190287621.85,950639.17117,4145181.7856,110039734.31,439351.68796,14171303.445,-1.5873650067e-25,7.8703972125e-25,-2.4273255933e-24,-4.5642310797e-08,1.5421315412e-08,1.7618623519e-09,3.4448334345e-08,4.1955155792e-24,-2.8481160904e-26,4.5420940042e-09,-4.1171512993e-25,3.6906069747e-24,-6.9855729972e-25,-7.3580388432e-25,-1.645241482e-08,0.21385294912,0.018508210486,-0.0043178924795,0.03274793601
e748,ok,,31.133220383,197311638.76,1635227.0467,6688268.1324,111953871.08,782592.97734,15509373.16,-1.9216222151e-25,6.0466782064e-25,-1.792293962e-24,-3.9988245024e-08,1.3565274751e-08,-1.2724684475e-09,2.9424133079e-08,3.107255038e-24,-1.7267178565e-26,9.7258702825e-09,-2.521770339e-25,2.8630057357e-24,-4.1235505911e-25,-3.6694537344e-25,1.562939769e-08,0.21794161321,0.033965615646,-0.015904006139,0.048115138236
e793,ok,,30.770636947,195014088.13,1108814.0594,4566264.7368,112225772.78,513174.22747,15183217.73,-2.1765246263e-25,7.5774517713e-25,-2.1901304779e-24,-5.7906109587e-08,1.4392113362e-08,-1.7592843434e-11,4.1809316495e-08,3.8140110778e-24,-2.5087404692e-26,8.7771252712e-09,-4.257210162e-25,3.4806300271e-24,-6.9777643887e-25,-4.9271944996e-25,3.3616237218e-09,0.2200346263,0.030095597188,-0.0097321999021,0.046358757945
e836,ok,,30.337282552,192265395.68,851473.53277,2963800.7926,111774629.09,356214.39985,14691895.432,1.1441021148e-33,1.3061664248e-24,-2.523631256e-24,2.5970268574e-15,1.5475559974e-08,-4.8426960906e-16,1.1050122655e-15,4.9369933974e-24,9.8463498826e-33,-1.3207724528e-07,7.8969384263e-31,4.545953321e-24,-2.9312754652e-30,-4.4807481585e-25,6.7285733822e-15,0.22736530888,-3.8014584218e-10,0.11246027864,9.4088869747e-10
e837,ok,,30.583973674,193829822.06,1286900.202,4613809.4138,111708557.46,559976.46349,14926359.84,-4.9759743778e-32,9.4046563333e-25,-2.0496532726e-24,3.0680157485e-16,1.5041249026e-08,-4.4957438361e-16,-4.7175635269e-16,3.895364701e-24,-1.3056548938e-31,-5.2655944771e-08,2.8943610468e-31,3.5965937229e-24,-5.2335746818e-31,-3.799956748e-25,1.0148176906e-15,0.22451109541,-4.4217837827e-11,0.067762945961,-6.0710334556e-10
e838,ok,,30.870263423,195643827.3,1672244.6607,5848899.7842,111885710.12,738223.46524,15233745.282,-1.3194498991e-30,8.7521242211e-25,-1.7837502022e-24,-2.2533817678e-13,1.4864688275e-08,-2.9821296865e-14,2.6427364737e-13,3.4118289897e-24,-1.0717039339e-31,-5.2844323314e-08,-1.9775950609e-31,3.1939735586e-24,-7.4362172208e-30,-2.8056423312e-25,2.1356493053e-15,0.22644487488,1.6670693963e-07,0.088368637512,4.4193019579e-07
e850,ok,,29.762700382,188626907.08,303891.41732,1170293.0402,110802705.08,125133.42703,14014142.699,-1.4233494618e-25,2.0633625265e-24,-4.248529487e-24,-5.7211011721e-08,1.5182686854e-08,-1.7721847264e-08,4.4152139057e-08,8.2107334634e-24,2.6566732705e-27,-3.4868671101e-07,-1.9783211702e-24,7.1442349552e-24,-3.0745715776e-24,-1.0533482414e-24,1.2995767614e-07,0.22575386342,0.010833121891,0.10596289881,0.013417456116
e851,ok,,29.882840483,189387259.39,395333.51347,1535251.7374,110991409.32,166473.72563,14152660.808,-1.8360128811e-25,1.7921166741e-24,-3.7169271751e-24,-7.0522103395e-08,1.4834947521e-08,-1.4896562851e-08,5.3201441868e-08,7.0536778804e-24,-8.0332860374e-27,-2.5890118495e-07,-1.5933587261e-24,6.2336365849e-24,-2.6926092729e-24,-9.3822907683e-25,9.2987429453e-08,0.22535322913,0.015232231566,0.10235231509,0.021032312935
e852,ok,,29.959115317,189870640.23,488495.36161,1937522.0409,111014671.59,210760.52225,14229354.748,-2.0993524827e-25,1.5435186313e-24,-3.3410185666e-24,-7.6122223132e-08,1.4745183482e-08,-1.1490309671e-08,5.6582187635e-08,6.2043694511e-24,-1.6691696088e-26,-1.7923797864e-07,-1.27316351e-24,5.5282664164e-24,-2.2486353922e-24,-8.6534496061e-25,6.3805834404e-08,0.2243421277,0.019063956619,0.087556921192,0.02764013621
e854,ok,,30.570095082,193743176.86,831224.03351,3250078.527,112237266.41,372480.18367,14981795.486,-2.006846927e-25,1.0685690978e-24,-2.5359826645e-24,-5.9202172067e-08,1.4680639887e-08,-4.1673057616e-09,4.3046582645e-08,4.5924976455e-24,-1.8684075095e-26,-5.1144178065e-08,-5.6151741166e-25,4.1965419557e-24,-9.7009474837e-25,-5.4583845672e-25,2.1018775618e-08,0.22687255658,0.023829336674,0.042512269981,0.035781354055
e853,ok,,30.09293245,190719090.52,629686.3169,2531836.4757,111118781.64,277843.88313,14371661.525,-2.0755898557e-25,1.2693415696e-24,-2.9428906472e-24,-6.7325945629e-08,1.4743476273e-08,-7.6220855904e-09,5.0275675271e-08,5.3594015675e-24,-2.0378442536e-26,-1.0010734647e-07,-9.2062396269e-25,4.8063317967e-24,-1.6240006229e-24,-7.6303389004e-25,4.2599355579e-08,0.22331029335,0.021352246839,0.063036226294,0.031657904791
e855,ok,,31.040287373,196722599.5,1145558.5483,4361020.2491,113118610.23,523368.94842,15571126.335,-1.9955310325e-25,8.9363784268e-25,-2.1348438868e-24,-5.1427962769e-08,1.444227603e-08,-2.1774781455e-09,3.7185507677e-08,3.8545567686e-24,-1.551911979e-26,-2.6086453656e-08,-3.155179214e-25,3.601023658e-24,-5.3690755861e-25,-3.5208379834e-25,8.9517650418e-09,0.22862916467,0.02798757948,0.029883559979,0.04259817619
e856,ok,,31.471112257,199452413.66,1527732.6079,5712238.056,113746968.62,710633.76172,16100393.512,-1.9523571086e-25,7.5306394541e-25,-1.8310751196e-24,-4.4415119801e-08,1.4168755016e-08,-8.0531438844e-10,3.2063435502e-08,3.2943710203e-24,-1.3016780449e-26,-1.2136232023e-08,-1.8587474249e-25,3.1211846624e-24,-3.1294100974e-25,-2.4042262844e-25,1.4511226193e-09,0.22885970156,0.03179892299,0.018540917399,0.048984355936
e857,ok,,31.879124112,202037435.92,1915339.873,7044941.8242,114319359.08,904874.55228,16609318.92,-1.9220621397e-25,6.5175749581e-25,-1.6204027042e-24,-3.9688925867e-08,1.3810261281e-08,3.9223083927e-11,2.8490009928e-08,2.9085572292e-24,-1.048570495e-26,-4.0684136099e-09,-1.1640552619e-25,2.7869865359e-24,-1.9441887705e-25,-1.6627339072e-25,-2.3374899066e-09,0.22798363883,0.035431450467,0.0077923948068,0.054568051996
e864,ok,,34.866469105,220967793.27,7157842.961,21856845.298,115724598.74,3630079.6225,20161331.212,-3.3989400961e-29,3.5930347076e-25,-7.9569124338e-25,-1.0245711805e-11,1.1025902525e-08,4.1013822674e-12,1.4117633775e-12,1.4924809643e-24,-2.1883107379e-30,-5.218547381e-09,-8.8601310009e-30,1.4830416896e-24,1.8047192804e-29,-8.8064837025e-27,-2.4908612682e-11,0.22229685183,1.7092613492e-05,0.037353542637,1.0105180554e-05
e858,ok,,32.27685686,204557554.98,2365571.8233,8581675.8676,114745080.65,1132935.1201,17096213.563,-1.7971299544e-25,5.6048917323e-25,-1.4479605831e-24,-3.414368653e-08,1.3428751882e-08,8.0548522413e-10,2.4083010797e-08,2.5927833564e-24,-8.8807489846e-27,1.8955682763e-09,-7.5036856595e-26,2.4980136128e-24,-1.219780625e-25,-1.2757795724e-25,-5.6169869408e-09,0.22585619487,0.037246920142,-0.0044841029036,0.05697009176
e904,ok,,30.313134121,192112962.51,460991.48081,1581002.691,112275339.1,187219.90541,14731824.355,-1.1741769557e-25,2.0512639373e-24,-3.385932815e-24,-4.9358204293e-08,1.5830950181e-08,-6.6731622236e-09,3.4085625132e-08,6.7855574043e-24,-7.5933628888e-27,-3.8868456811e-07,-2.9445781609e-25,6.2377889989e-24,-8.7513520995e-25,-4.5279495707e-25,4.1813053635e-09,0.23378785221,0.009423858835,0.17918027462,0.015713182804
e874,ok,,30.088409224,190691182.46,272977.45206,1104878.5948,111990665.59,114365.68007,14478320.113,-9.6015389851e-26,1.688687127e-24,-4.4961112539e-24,-5.3498795407e-08,1.5932243336e-08,1.1854628103e-09,3.9884015787e-08,8.252568467e-24,-1.6725394627e-26,-5.4023521816e-08,-8.528153464e-25,7.0816587822e-24,-1.661478354e-24,-1.1849359442e-24,-2.1047077248e-08,0.22880632649,0.0055677073237,0.014747203337,0.010887437007
ea61009,ok,,28.805613433,182558857.92,394857.64039,1609413.2133,107762584.87,160467.62946,12773272.875,-1.8749152642e-31,1.4870977131e-24,-3.8568378228e-24,2.0486097916e-16,1.6109392891e-08,1.8630830626e-16,2.2955727001e-15,7.3412809661e-24,-5.0428452578e-31,-1.3405333523e-07,-8.9171668393e-31,6.3023954116e-24,-2.8919801949e-30,-1.2578000002e-24,-1.834373216e-16,0.20576967125,-3.8930540739e-11,0.052931983637,9.0642441973e-10
ea61012,ok,,30.051676943,190456033.67,744507.03295,2810003.7557,111170715.88,313079.17748,14339874.656,-4.6574482918e-32,1.1094018744e-24,-2.7452748697e-24,-2.8203221558e-17,1.5240650264e-08,2.1575552413e-17,3.1438107868e-15,5.166665613e-24,-8.5117854603e-32,-5.7363095245e-08,-3.3325226417e-30,4.5719043095e-24,-5.9960478219e-30,-7.4131505072e-25,-9.8766784386e-16,0.21854901446,-5.8749499364e-11,0.042707227842,2.3405892411e-09
e908,ok,,30.308422443,192084024.05,429147.98968,1586067.5414,112171348.42,181824.46393,14713954.265,-2.3276480445e-25,2.0065284226e-24,-3.4858938263e-24,-8.7147728325e-08,1.4524467978e-08,-2.0398361442e-08,6.8595744057e-08,6.72340043e-24,-7.1903810549e-27,-3.738151067e-07,-1.1489510616e-24,6.1555769624e-24,-2.396244793e-24,-5.5567877466e-25,8.5232618658e-08,0.23353246898,0.019469464904,0.16042200155,0.029437725663
ea81006,ok,,29.313675144,185775664.12,179709.50576,699032.93462,109784947.28,70176.794523,13472912.063,-5.7619007247e-31,2.5300809567e-24,-5.6253933306e-24,7.0705713418e-15,1.6238737687e-08,-1.0635895221e-14,2.3339171429e-14,1.1018736225e-23,-1.504107991e-30,-5.1853774563e-07,-1.6263417547e-28,9.3268461105e-24,-8.3019941028e-29,-1.6855499779e-24,1.8027691869e-14,0.21878308487,-2.1940194457e-10,0.093186161983,4.1942709623e-09
ebambino7,ok,,30.030309039,190520682.72,184540.43667,728257.382,112328369.94,74231.862638,14501156.975,-4.3207487276e-25,2.5512758126e-24,-5.4120658962e-24,-3.4435880905e-07,1.6059078666e-08,-1.8094278869e-08,1.6542287164e-07,1.0334813379e-23,-4.9542144181e-26,-5.4905046204e-07,1.9833780857e-25,8.7658767766e-24,-3.0530312057e-24,-1.6125249563e-24,-9.4928962305e-10,0.23252333269,0.025546010593,0.10132201202,0.030527208968
eh0009,ok,,29.559794344,187340431.07,387463.5929,1524352.3192,110118415.85,159301.98154,13741247.833,1.4431728666e-30,1.4849045199e-24,-3.8269831393e-24,-1.4747810614e-13,1.5862143122e-08,7.7499636991e-13,1.4937372457e-14,7.2212696141e-24,-1.8372813967e-30,-8.4953975723e-08,7.1785115966e-29,6.2677429856e-24,1.7545584808e-28,-1.0676057282e-24,-8.2523911181e-12,0.21796563979,-2.6304892691e-07,0.032916572665,5.7876880008e-09
eh1070,ok,,28.891381483,183107236.41,220261.24601,956079.81161,108387771.86,89634.725824,12927143.6,-1.0513546162e-25,1.8740870737e-24,-5.1447454339e-24,-8.0561756025e-08,1.7130361853e-08,7.1563905942e-09,4.4838779512e-08,9.6229051962e-24,-3.593749365e-26,-1.9390816654e-07,-5.4176287917e-26,7.8866042305e-24,-1.2978024446e-24,-1.804137121e-24,-1.0602091162e-07,0.21152960401,0.0052114061978,0.042710454374,0.0098762454451
eh2012,ok,,30.280327201,191906923.97,721919.62621,2741128.2309,111719878.23,309020.79328,14629743.598,-1.0784196155e-25,1.0958174401e-24,-2.7521936704e-24,-4.6108948428e-08,1.6053751706e-08,5.6057150322e-09,2.7042228825e-08,5.1197393204e-24,-2.1670050274e-26,-3.4710003688e-08,-2.8854281248e-26,4.6366665804e-24,-1.615859487e-25,-5.8008865708e-25,-6.0651396239e-08,0.22213494817,0.010088871948,0.025057832888,0.019522315725
eh2510,ok,,29.974257385,189967421.03,485239.44616,1970423.4494,111122237.44,208955.10642,14256802.178,-1.6574735856e-25,1.2882004612e-24,-3.3837165832e-24,-8.5248182376e-08,1.7493891567e-08,9.5194485593e-09,5.0550985133e-08,6.1683566771e-24,-4.0943597969e-26,-5.655834901e-08,-6.9771808349e-26,5.4334684162e-24,-5.1626693181e-25,-8.6719358227e-25,-1.1226648327e-07,0.22075671733,0.012641451541,0.027444341949,0.024529332028
eh2070,ok,,28.920955222,183295344.47,219940.52452,1014165.7111,108396443.07,92784.389565,12952655.603,-2.0570441867e-25,1.8025445506e-24,-5.1173620735e-24,-1.5487769478e-07,1.9242724254e-08,1.3372274725e-08,8.9730394084e-08,9.2727404506e-24,-6.9767047952e-26,-1.8172212691e-07,-8.2332981343e-26,7.6167405177e-24,-2.5268160999e-24,-1.7646204881e-24,-2.0357407419e-07,0.21126299572,0.010383524739,0.039968059908,0.01973534994
eiffel371,ok,,31.20509979,197762297.18,1125832.8442,3881212.639,114053367.05,484624.6494,15867226.733,-4.1981337507e-25,1.0176778927e-24,-2.1313159835e-24,-1.3934638396e-07,1.780493591e-08,1.7388596386e-09,6.8273567727e-08,4.067202373e-24,-2.5081805179e-26,-4.9737826167e-08,-8.8667905229e-26,3.8576419747e-24,-2.3620313392e-25,-2.4448225804e-25,-4.6931200168e-08,0.23207618029,0.062285601138,0.055996478295,0.076864624934
eh1590,ok,,29.578836925,187461509.72,386480.60155,1561550.6419,110108076.73,161496.36607,13757014.827,-1.1441258802e-25,1.46170014e-24,-3.8239577405e-24,-6.6455861702e-08,1.676528753e-08,7.0739759624e-09,3.8164967474e-08,7.1163296696e-24,-3.0662906025e-26,-8.3287880817e-08,-5.4693031026e-26,6.1792501775e-24,-5.2560280221e-25,-1.0585500551e-24,-8.7618446346e-08,0.21765710075,0.0076540700373,0.03218915028,0.014750019587
eh2010,ok,,29.876520635,189347859.05,495908.42649,1970991.2536,110796186.68,210644.7667,14122553.946,-1.3263472751e-25,1.296020802e-24,-3.3514658973e-24,-6.7964092606e-08,1.6849863295e-08,7.6567589489e-09,3.9671027394e-08,6.1976595646e-24,-3.1742097063e-26,-5.7222264998e-08,-5.0807646836e-26,5.4849999441e-24,-3.8706375022e-25,-8.3262551208e-25,-8.9604513928e-08,0.21976055306,0.010172041164,0.028377003395,0.019673196772
eh1090,ok,,29.555761708,187315164.22,386468.32858,1539497.678,110062621.85,160029.53927,13730241.171,-7.6647621894e-26,1.4749844078e-24,-3.8285196806e-24,-4.4733545722e-08,1.6272292247e-08,4.79361831e-09,2.5434057847e-08,7.1821585652e-24,-2.0539367848e-26,-8.4355850606e-08,-3.8227952068e-26,6.2359044669e-24,-3.522884384e-25,-1.0621138388e-24,-5.900348408e-08,0.21760285725,0.0051044776808,0.03260086459,0.009829457825
eiffel385,ok,,31.035209717,196689066.79,847025.46005,3691613.4494,113422757.82,402015.71381,15608670.947,-4.5551218188e-25,8.8168368645e-25,-2.4332936909e-24,-1.6555765828e-07,2.2343354371e-08,1.3839033113e-08,1.0583433434e-07,4.0536968953e-24,-5.7604134373e-26,1.4835574372e-08,-6.950139991e-25,3.8420249359e-24,-1.1547071998e-24,-4.3966489764e-25,-1.1621802345e-07,0.22723225907,0.056066066761,-0.012566109207,0.089644375731
eiffel430,ok,,30.99422689,196429291.01,520812.67691,2258797.0267,113839527.31,242520.52384,15620484.135,-4.6419986776e-25,1.2866006461e-24,-3.0894655429e-24,-2.1658304129e-07,2.2599443176e-08,1.0749273953e-08,1.3927798501e-07,5.215361011e-24,-4.632984176e-26,-6.4753921788e-08,-8.1415092784e-25,4.9841809112e-24,-1.5838453584e-24,-4.0983159953e-25,-1.4909081592e-07,0.23021893661,0.044260529363,0.033724663347,0.072537740206
eiffel428,ok,,30.232498843,191600491.7,382011.50982,1861876.1338,111747297.87,184650.77437,14587605.536,-4.431418477e-25,1.5122084721e-24,-3.6531107974e-24,-2.2111508694e-07,2.0467422845e-08,2.5922736471e-09,1.561254464e-07,5.9149178282e-24,-7.6767771634e-26,-1.4772461645e-07,-2.0015632587e-24,5.4690740288e-24,-3.9744453736e-24,-9.37739643e-25,-1.2083071088e-07,0.22645350146,0.035794614587,0.056432503767,0.059641717502
fauvel,ok,,30.617187506,194038572.23,675647.91517,2527009.3998,112351908.37,408378.96803,15043388.665,-8.8776172961e-26,8.8291985511e-25,-2.3157335657e-24,-4.0813388688e-08,1.599022915e-08,2.1057811246e-08,4.0494808315e-08,4.323842281e-24,3.4767470637e-26,2.8523252959e-07,-2.5299822989e-25,4.840091128e-24,-4.7050874771e-25,8.3978458222e-25,-8.6334100898e-08,0.21859265103,0.008971880544,-0.19271676395,0.027360232813
fg2,ok,,30.789727571,195129338.47,334918.77943,1326028.2379,113824508.79,148350.78711,15408387.282,-3.9119981662e-25,1.7711201553e-24,-3.8673491363e-24,-2.3169587065e-07,2.0128943028e-08,7.7866913374e-09,1.378760195e-07,6.9866931092e-24,-3.2427878156e-26,-1.4814727662e-07,-6.765104123e-25,6.5985794805e-24,-2.1401921033e-24,-4.2383358811e-25,-1.3845358315e-07,0.23669442472,0.029523214498,0.049617305063,0.046177268165
falcon,ok,,31.660775478,200700515.88,1000701.224,3315677.0689,116198761.48,427956.48438,16648985.277,-7.4460493613e-26,1.0597772233e-24,-2.2585389053e-24,-2.7559347297e-08,1.4803258928e-08,2.9927915463e-09,1.5885186149e-08,4.302590608e-24,-7.2981915524e-27,-3.5645956156e-08,-2.8371131897e-26,4.0817880088e-24,-8.6711606314e-26,-2.4474151981e-25,-2.9583825026e-08,0.24060956194,0.0087493821133,0.035670951955,0.015896325223
esa40,ok,,31.090667238,197355077.12,581819.01426,2261196.4547,115191643.76,248353.93778,15966496.054,-6.614041543e-26,1.082617143e-24,-3.1110350095e-24,-4.9260194388e-08,1.634743541e-08,1.4140715788e-08,1.9194816492e-08,5.5556006786e-24,-4.4562478853e-26,-4.9017167556e-09,9.0449240802e-25,4.6090901501e-24,1.1205592347e-24,-1.1380443239e-24,-1.3635721625e-07,0.23407170176,0.0043121892455,0.0028519120109,0.01116790921
fg1,ok,,30.855598786,195548338.67,373055.43203,1406850.2678,114081252.56,161440.80641,15510939.921,-3.8858478724e-25,1.8266154099e-24,-3.6645503431e-24,-2.1967462561e-07,1.9473122914e-08,3.4284132931e-09,1.2691602787e-07,6.7675324614e-24,-3.0595357693e-26,-2.0867750232e-07,-8.5899148302e-25,6.4348166739e-24,-1.9561773546e-24,-4.0592816239e-25,-1.1995275305e-07,0.23594749078,0.030906978968,0.077848275782,0.04734671361
fg3,ok,,31.032545873,196667501.76,495956.17387,1741180.6377,114116278.89,254857.82473,15698118.383,-3.7728889944e-25,1.4577869406e-24,-2.9525867432e-24,-1.6718016389e-07,1.8905171778e-08,1.4642040359e-08,1.2196754837e-07,5.5143463553e-24,3.4480216054e-26,3.1256865469e-08,7.9607187744e-25,5.6547085112e-24,6.0867687328e-25,5.261426245e-25,-8.9942415908e-08,0.23645882185,0.037206822302,-0.015502035405,0.060490558624
fg4,ok,,31.438320376,199241158.66,851259.41924,2808693.4225,115062533.73,419076.88017,16250601.817,-3.6667430162e-25,1.107074341e-24,-2.2782203049e-24,-1.2978171576e-07,1.8388157497e-08,1.2327374882e-08,8.7593692985e-08,4.3145561232e-24,3.1203021604e-26,1.8235760603e-08,3.9749710441e-25,4.4424983675e-24,4.0410432711e-25,3.6243600008e-25,-7.497095659e-08,0.23225274005,0.047139275912,-0.015523362981,0.07456495622
fx057816,ok,,30.390922398,192603373.48,1244969.0903,5070144.4201,110075748.01,581226.24232,14520506.566,-2.322760918e-25,9.0399863428e-25,-2.0776268655e-24,-6.2125763469e-08,1.646217002e-08,8.110734299e-10,4.3872288262e-08,3.7224468847e-24,-3.2973216438e-26,-5.9063006191e-08,-1.7467998777e-25,3.442619841e-24,-4.1006857751e-25,-4.1179369061e-25,-3.9292625491e-08,0.21830708176,0.031140376352,0.073531617087,0.054619642806
fx049915,ok,,31.120043144,197223466.85,938264.85277,4090284.8941,112935681.37,462171.88502,15621498.751,-2.9058187043e-25,8.7173301274e-25,-2.3528382667e-24,-9.2505280508e-08,1.8007142419e-08,7.1621384249e-09,6.790640324e-08,3.933506593e-24,-4.1048303971e-26,-1.3734948264e-08,-2.3914640304e-25,3.6433011723e-24,-6.1444132449e-25,-4.2251321488e-25,-7.7766872353e-08,0.22898531884,0.034569308454,0.012887019211,0.063714191438
fx601001,ok,,28.592785586,181209660.12,418693.19842,2142451.6788,106841101.7,188820.65491,12490890.537,-3.0061593932e-25,1.1389932187e-24,-3.7098646985e-24,-1.2394788294e-07,1.4343701978e-08,-7.031151086e-09,8.6581501996e-08,6.2572014497e-24,-5.5848952465e-26,-2.2238540168e-08,-2.4855967581e-24,5.1922639162e-24,-4.4845909083e-24,-1.7534081612e-24,7.5758245333e-08,0.20127522684,0.026288569514,0.009311125511,0.036251085995
fx2,ok,,31.392307603,198949485.5,2277335.8211,7616937.2577,112581289.6,1007985.0613,15860161.345,-1.1901668983e-25,8.6490080956e-25,-1.507484876e-24,-1.9160780169e-08,1.4264710319e-08,-4.5567678225e-09,1.452271664e-08,2.927668661e-24,-4.4589778305e-27,-6.5542630022e-08,-1.0532848349e-25,2.7749306566e-24,-1.810059023e-25,-1.9963412443e-25,1.8989607662e-08,0.23196894322,0.023763254916,0.14926257916,0.033073102825
fx60160,ok,,30.849862024,195514438.07,1204341.1255,4406261.1526,112544245.01,536239.84356,15301277.282,-1.6509196078e-25,9.7799276225e-25,-2.0978501279e-24,-4.0509949736e-08,1.4555923875e-08,-3.8082288838e-09,2.8925412347e-08,3.9081224792e-24,-1.2128992323e-26,-5.9665413579e-08,-3.0587148561e-25,3.628378343e-24,-5.1003908254e-25,-3.8540881862e-25,1.4551190128e-08,0.22754684905,0.023500063649,0.071857511341,0.03483606366
fx6617a2,ok,,31.174626664,197573990.36,1485377.6513,5719344.3125,112619797.14,695363.92105,15637693.364,-1.7403443546e-25,7.8425445899e-25,-1.8844358647e-24,-4.103466483e-08,1.4858096778e-08,1.0604085929e-12,2.9360120625e-08,3.371778581e-24,-1.9602120761e-26,-2.5815458772e-08,-2.0107465143e-25,3.1174238339e-24,-3.5327266876e-25,-3.6912397724e-25,-1.0535443703e-08,0.22763232856,0.026867907597,0.03834570552,0.043610867016
fx6617ai,ok,,31.193986467,197721616.58,1572466.8585,6042407.9212,112534056.23,737647.79394,15649446.209,-1.5920588444e-25,7.5913694641e-25,-1.8318596509e-24,-3.5662375947e-08,1.4683520076e-08,-2.8435843141e-10,2.63267436e-08,3.2793314175e-24,-1.7587400938e-26,-2.4020605277e-08,-1.8117507783e-25,3.0341125338e-24,-3.1485350925e-25,-3.5655934278e-25,-7.121818076e-09,0.22685040181,0.025115265986,0.03777160572,0.041397931803
fx66196v,ok,,30.928691506,196015704.71,1736815.9832,6649269.1158,111321243.41,807808.82333,15216120.099,-1.7251399596e-25,7.5697049212e-25,-1.7485390325e-24,-3.5870572909e-08,1.4609535132e-08,-1.53806446e-09,2.6304514716e-08,3.1764196188e-24,-1.8001831561e-26,-3.3371292157e-08,-1.7945055456e-25,2.9467948816e-24,-3.1352463506e-25,-3.4321942405e-25,-4.5640075725e-10,0.22209917718,0.028894684904,0.057959793599,0.045686101588
fx66h60,ok,,28.586503247,181178610.35,142585.08042,736661.61427,108008448.92,59885.813035,12626922.185,-1.5127583118e-25,1.7606343534e-24,-6.4886724126e-24,-1.7416010776e-07,2.0849330432e-08,3.0931336241e-08,8.1977222123e-08,1.1468821516e-23,-1.0854554516e-25,-2.5696192073e-08,4.9338477114e-24,8.4799598304e-24,2.0811844949e-24,-2.814183035e-24,-4.2041363515e-07,0.20772861305,0.0052030912735,0.0036638936132,0.011688728809
fx66h80,ok,,29.072199046,184253546.88,254259.46808,1281104.4138,108929362.65,113570.34149,13158554.522,-2.2427658427e-25,1.3954058528e-24,-4.7838609373e-24,-1.5171622725e-07,2.015193091e-08,1.8870446705e-08,9.8514698547e-08,8.1023193443e-24,-8.8991004879e-26,-6.5715201433e-09,-2.6161778933e-25,6.5395486343e-24,-2.2588612604e-24,-1.8700936637e-24,-2.3565856363e-07,0.21154815204,0.011576997257,0.0016708712161,0.025048294851
fx67k150,ok,,30.413896773,192751350.13,1140764.3075,4538768.9662,110707209.78,524698.72067,14630153.962,-2.5328925805e-25,1.0792552275e-24,-2.1615471244e-24,-6.7170164546e-08,1.5868610429e-08,-4.1581445552e-09,4.8689954916e-08,3.9282810193e-24,-3.0996066909e-26,-1.0741954117e-07,-3.2907243363e-25,3.6396611467e-24,-7.2850814568e-25,-4.4460013563e-25,-1.7292315454e-08,0.22322401085,0.033221567772,0.1225403785,0.055543762703
fx66s196,ok,,30.970917085,196284977.97,1789115.2066,6743387.9718,111431724.47,827859.57579,15272884.233,-1.6160045503e-25,7.6692936515e-25,-1.7222785717e-24,-3.331030244e-08,1.4624329552e-08,-1.5368455267e-09,2.4185457538e-08,3.1532418464e-24,-1.6544331159e-26,-3.7058154087e-08,-1.6158055432e-25,2.9290124789e-24,-2.8192095833e-25,-3.3174891754e-25,-1.1145837974e-09,0.22288606312,0.02737061631,0.066301307007,0.043270569861
fx66s171,ok,,30.78326489,195093983.52,1278953.8688,5188283.7031,111695982.99,600126.49944,15121815.675,-1.9269877213e-25,7.7959672101e-25,-2.0454654324e-24,-4.7668446547e-08,1.4942683119e-08,6.3268149377e-11,3.5235347783e-08,3.5955675795e-24,-2.4297253844e-26,-1.579091569e-08,-2.8678069451e-25,3.2906279669e-24,-5.0023594217e-25,-4.5412492759e-25,-7.8481850596e-09,0.22256022372,0.027559497349,0.020195852713,0.045064384365
fx69h083,ok,,30.120332546,190965088.47,361451.02912,1430812.3972,111943469.4,154624.26443,14513899.906,-2.2405494856e-25,1.8338208745e-24,-3.8590259719e-24,-1.2093911933e-07,1.7494239444e-08,1.8352206878e-09,7.8288555489e-08,7.1453727781e-24,-3.9168509792e-26,-2.6688535507e-07,-8.7566218212e-25,6.3976041013e-24,-2.2821288058e-24,-8.7529618529e-25,-9.277402466e-08,0.22867686021,0.015422935055,0.096465986248,0.02829747895
fx67k170,ok,,30.80298639,195218056.0,1500599.4306,5723247.4241,111336409.53,690992.586,15095247.169,-2.2976199632e-25,9.4669325563e-25,-1.876016697e-24,-5.348384845e-08,1.5439860828e-08,-2.9467600646e-09,3.8593345382e-08,3.4398468568e-24,-2.6088446448e-26,-7.9863087908e-08,-2.2660868734e-25,3.2150898877e-24,-4.4864023811e-25,-3.5261216124e-25,-1.5352121676e-08,0.22447647335,0.034579729492,0.11984250424,0.057913152105
fx66s161,ok,,30.617857895,194045851.46,1131547.0339,4672348.06,111463832.91,529820.97836,14927802.65,-2.0659564966e-25,8.2532728898e-25,-2.1808157946e-24,-5.4311551645e-08,1.5119644236e-08,-1.9604521213e-11,4.0129046101e-08,3.8155006592e-24,-2.7666184278e-26,-1.8966474067e-08,-3.5964645643e-25,3.4733576528e-24,-6.3684339005e-25,-5.1467168738e-25,-8.7462109748e-09,0.22194107486,0.02774755867,0.021461457475,0.045407903091
fx69h098,ok,,30.79067266,195198557.23,518785.61696,1827938.2589,113979890.01,215174.68202,15441533.358,-1.3307681834e-25,1.465438785e-24,-3.1918787542e-24,-6.6077152353e-08,1.6011825055e-08,4.6843293501e-09,3.7615546571e-08,6.0912787987e-24,-1.7841971771e-26,-9.341601818e-08,-2.6486133443e-25,5.6050942327e-24,-5.9013507996e-25,-5.2949251299e-25,-5.8288846555e-08,0.23441037985,0.011279888478,0.048462886625,0.019514404535
fx71089a,ok,,30.125080855,190924064.21,405814.39624,1575301.3898,112086089.79,166439.93944,14527380.832,4.4975084283e-32,1.2703858072e-24,-3.7018951087e-24,4.0136322589e-16,1.5146704867e-08,-2.5995821796e-16,-4.3975261555e-16,6.8594888096e-24,1.2205106554e-31,3.2644812122e-08,-6.4561440788e-30,5.9855191882e-24,-1.4223593136e-29,-9.8677130104e-25,8.3474397918e-16,0.22004194995,-3.6231400489e-11,-0.013247734722,-1.7845794218e-10
fx71120,ok,,30.811813962,195274991.22,763519.28092,2777166.9591,113685521.28,321464.44654,15416872.126,6.4783254775e-32,9.7973532784e-25,-2.646623982e-24,-1.2437519533e-16,1.4541707426e-08,-1.4917207034e-15,1.3780332355e-15,4.9338378944e-24,1.7541758293e-31,1.589865025e-08,-6.5259714987e-30,4.5090047453e-24,7.4956791134e-30,-4.9019674734e-25,1.1284018494e-15,0.22418764388,1.2130427049e-10,-0.012138926006,1.052154945e-09
fx711520,ok,,30.023954521,190283435.54,1055822.4519,4236291.4492,110449868.7,462615.07297,14226156.46,8.8930209305e-32,8.3859121881e-25,-2.3288115001e-24,-1.2551059605e-16,1.4942873104e-08,-4.6749154312e-15,-8.3391376411e-15,4.2302840459e-24,1.7294422023e-31,-2.6822077957e-08,-1.4167554986e-30,3.6578196257e-24,-9.8996010865e-30,-7.9210656475e-25,-5.47190882e-17,0.21257965073,5.2681878849e-11,0.028319352114,-8.804648751e-09
fx711525,ok,,30.293619528,191991656.23,1079315.9112,4136257.5245,111208493.24,472625.40014,14578226.04,8.5488855125e-32,8.7585549002e-25,-2.2709119642e-24,-5.1527585074e-16,1.4871788318e-08,-8.3966408281e-16,-3.5373838016e-17,4.1882659503e-24,1.7639886827e-31,-2.8151488562e-08,1.3645723665e-31,3.7405471867e-24,4.3715813124e-30,-5.9957511627e-25,-2.935016702e-15,0.21680429171,-5.7210532648e-11,0.030384349529,-3.8179546212e-11
fx711530,ok,,30.338552185,192276329.69,1071971.4157,4105896.9905,111339586.8,470518.53115,14637974.16,-1.6863327721e-32,8.6915502416e-25,-2.2741209702e-24,-9.4624960848e-17,1.4855223219e-08,1.7031957401e-15,2.5023188014e-15,4.186396294e-24,-1.2032155209e-32,-2.3261440691e-08,1.6204512836e-30,3.7514305487e-24,-2.1233678291e-30,-5.7864367044e-25,-5.2753480682e-16,0.21745037363,-9.4516256869e-12,0.024935599508,2.6824142279e-09
fx71l150,ok,,30.338552185,192276329.69,1071971.4157,4105896.9905,111339586.8,470518.53115,14637974.16,-1.6863327721e-32,8.6915502416e-25,-2.2741209702e-24,-9.4624960848e-17,1.4855223219e-08,1.7031957401e-15,2.5023188014e-15,4.186396294e-24,-1.2032155209e-32,-2.3261440691e-08,1.6204512836e-30,3.7514305487e-24,-2.1233678291e-30,-5.7864367044e-25,-5.2753480682e-16,0.21745037363,-9.4516256869e-12,0.024935599508,2.6824142279e-09
fx73170a,ok,,31.156255492,197481806.33,1525164.5217,5791219.4806,112478355.6,711504.76644,15606789.74,-2.4930608937e-25,9.4639751566e-25,-1.8454416894e-24,-5.6932132355e-08,1.5192402021e-08,-3.6917050981e-09,4.2131152663e-08,3.3463337659e-24,-2.6388245092e-26,-7.9823235115e-08,-2.4447987823e-25,3.1457618701e-24,-4.8407343457e-25,-3.2945508203e-25,-1.3283539871e-08,0.22868468554,0.038349705178,0.12174356621,0.064256939301
fx74080,ok,,29.698080166,188243338.16,326979.53927,1624845.681,110252218.24,156886.44413,13893577.188,-4.0850945325e-25,2.08584699e-24,-3.923966756e-24,-1.9023959778e-07,1.5590963708e-08,-2.8997838877e-08,1.533113579e-07,6.6120466502e-24,-5.3476276474e-26,-5.414003878e-07,-1.6362342146e-24,6.0084931331e-24,-6.5123144738e-24,-1.0247481077e-24,1.8360576626e-08,0.22422598157,0.030492158603,0.17702684936,0.050129677169
fx73cl1152,ok,,30.713253448,194655261.49,925733.73539,4894319.5387,111613371.68,482722.61854,15051781.531,-3.209469123e-25,5.8885904298e-25,-2.3923031268e-24,-8.9955148044e-08,1.5303673226e-08,6.2310178882e-09,7.6354669058e-08,3.5921908767e-24,-6.6370128965e-26,5.535782132e-08,-7.6327261393e-25,3.187796143e-24,-1.3548119743e-24,-7.7582783155e-25,-2.8087804332e-08,0.21194561895,0.040557399301,-0.051246602714,0.070684093002
fx75193,ok,,31.070049039,196924922.22,1899913.7413,6885153.7419,111852365.57,860581.36395,15434098.625,-1.5443304292e-25,8.3132232675e-25,-1.673052761e-24,-2.9460746913e-08,1.4322120093e-08,-3.6774682317e-09,2.1496793143e-08,3.1293189875e-24,-1.4740235885e-26,-5.719219214e-08,-1.8118732652e-25,2.8968802887e-24,-3.135140515e-25,-3.5273384024e-25,1.0793284098e-08,0.22525229586,0.027448133724,0.10866023174,0.040842052686
fx75141,ok,,30.277915097,191909814.33,1007359.0591,3970811.076,111315104.1,444748.79764,14584265.655,-1.9513763959e-25,1.0017815987e-24,-2.3387540332e-24,-5.1365442288e-08,1.4514438538e-08,-5.1029833069e-09,3.7293724903e-08,4.2613083974e-24,-2.6114074568e-26,-6.8873636074e-08,-5.7454950275e-25,3.8075877672e-24,-9.6901061019e-25,-6.9745117971e-25,2.2973594333e-08,0.21931382245,0.025088254772,0.069380481234,0.037568171629
fx73cl3152,ok,,30.863062029,195605914.2,923023.37828,5593017.3658,111339739.64,526357.17755,15171370.971,-4.1664443605e-25,6.3698366664e-25,-2.3239255394e-24,-1.0837995614e-07,1.376526584e-08,1.7990947057e-09,1.0265172268e-07,3.1942989085e-24,-8.0502435043e-26,2.2838213991e-08,-1.1503317422e-24,2.921831422e-24,-2.2478196595e-24,-8.2600372331e-25,3.3581878655e-09,0.21174370506,0.057421033176,-0.021080205432,0.094749939854
fx75vg166,ok,,30.828662584,195406451.54,1487861.7787,5289701.059,112086969.64,652754.98691,15224449.548,-1.0980835488e-25,9.7978177567e-25,-1.9052646643e-24,-2.7370056455e-08,1.5089917659e-08,-9.8074728007e-10,1.769987999e-08,3.6221177162e-24,-1.5806399817e-26,-8.267778471e-08,-8.1327124559e-26,3.3329161822e-24,-1.606802105e-25,-4.0743335453e-25,-1.1329282484e-08,0.2266410075,0.016190800111,0.12301311581,0.026334974924
fx76100,ok,,30.458552727,193048106.05,526906.87878,1908988.3622,112951790.09,216875.54558,14966348.245,1.4904658054e-31,1.3229447113e-24,-3.2129855845e-24,1.477716688e-15,1.5214802148e-08,-3.240683547e-16,-5.7079619799e-15,6.0953715963e-24,3.853651945e-31,-4.4977273247e-08,1.3655144413e-30,5.4934659479e-24,-1.8354954928e-29,-6.7832956964e-25,6.2997996683e-15,0.22771002742,-9.3666667495e-12,0.023698834663,-3.007564431e-09
fx77w270,ok,,33.706043885,213613629.41,3654840.5754,11388098.905,118116132.34,1735784.381,19199195.219,-9.7116017057e-26,5.3571612909e-25,-1.1314734282e-24,-1.8279434833e-08,1.2966921525e-08,2.0464234535e-09,1.0719256889e-08,2.1181596817e-24,-1.2494993103e-27,-8.4009943077e-09,-2.2409862553e-27,2.1005230431e-24,-8.7830785819e-27,-1.3588102613e-26,-1.6723150253e-08,0.23853628677,0.024828001143,0.03070429487,0.039177175014
fx76120,ok,,30.809959027,195271634.45,778716.59225,2742310.4376,113717312.34,325122.75198,15419610.624,7.2307837846e-32,1.0964111999e-24,-2.6185280614e-24,7.3600714778e-16,1.4830297311e-08,-9.1144829893e-15,-4.5782954878e-15,4.9698951866e-24,1.2250063385e-31,-2.614460885e-08,-2.1980067499e-29,4.5722598477e-24,3.5215848574e-30,-4.5835543817e-25,3.8896464636e-15,0.22867740997,4.9895656047e-11,0.02035924071,-3.5651946606e-09
fx77w121,ok,,30.630636651,194148172.21,621809.40211,2848457.2604,112411496.66,301166.66475,15065397.325,-2.8289124505e-25,9.9318496919e-25,-2.9238277988e-24,-1.1206382567e-07,1.8828860746e-08,1.1127414378e-08,8.3001786416e-08,4.8229315982e-24,-5.2394811406e-26,3.4249512205e-09,-4.3921825547e-25,4.3718841198e-24,-1.0534422016e-24,-6.5135639003e-25,-1.1298323258e-07,0.22588178716,0.026094724585,-0.0021296668707,0.051611291185
fx77w153,ok,,31.320974787,198546217.28,1056282.8983,4187217.9872,114027329.67,493186.944,15989422.199,-2.0458097555e-25,7.9835744368e-25,-2.2138422464e-24,-6.6074380115e-08,1.6556967396e-08,8.2143231235e-09,4.5357796354e-08,3.8672247868e-24,-2.5316432211e-26,1.3041337403e-08,-1.1734988052e-25,3.619956225e-24,-2.6028878994e-25,-3.200817244e-25,-6.9948517023e-08,0.22796433137,0.024753212294,-0.01377534167,0.047910664594
fx77080,ok,,30.023719763,190297896.25,324628.05431,1240264.4821,111946157.81,131313.17051,14413874.868,2.019565292e-33,1.591813387e-24,-4.1447571867e-24,9.3083234298e-16,1.5548603637e-08,1.1567972106e-14,1.2454315871e-14,7.8119371106e-24,8.5856096248e-32,-5.7011914431e-08,-1.9529568805e-30,6.7834313767e-24,-2.5090059242e-30,-1.1218134798e-24,5.9448226846e-15,0.2241156272,5.2721623618e-11,0.018507666854,4.0430203289e-09
fx77w343,ok,,34.665512746,219693383.37,5704309.9492,17533986.655,117246701.93,2852713.8952,20175212.321,-8.2119160341e-26,4.1222225222e-25,-8.937817458e-25,-1.2181584018e-08,1.1866196413e-08,1.4759388917e-09,7.1587688689e-09,1.6641422279e-24,-1.012096602e-27,-5.9566046156e-09,-1.4130476678e-27,1.652051278e-24,-3.5112473745e-27,-1.0911817999e-26,-1.1303706796e-08,0.23118765925,0.027328784538,0.033978318972,0.040835836483
fx78k140,ok,,30.675244122,194430682.25,1039691.6432,4117775.9702,111851891.64,480492.99296,15039011.237,-2.3053131013e-25,1.1555316623e-24,-2.2575435328e-24,-6.5045842594e-08,1.6306133938e-08,-2.6106596874e-09,4.9500934272e-08,4.0634276976e-24,-3.0628298045e-26,-1.2556461756e-07,-3.2814451831e-25,3.7721736917e-24,-7.3684591736e-25,-4.4319203347e-25,-3.540431001e-08,0.22851369997,0.027374891615,0.13054848356,0.051465707695
fx77w270s,ok,,33.379970042,211547704.0,3636135.4054,11545815.918,116937869.81,1733559.6744,18642185.383,-9.8000096987e-26,5.2843868985e-25,-1.1401768962e-24,-1.8230391009e-08,1.3034982945e-08,1.8959466451e-09,1.0628908093e-08,2.1359581821e-24,-1.2596707021e-27,-8.2913716313e-09,-5.2870186667e-28,2.1175020306e-24,-5.9279489386e-27,-1.5359132662e-26,-1.5960095598e-08,0.23339227323,0.025167285798,0.030148549948,0.038648149038
fx78k140a20,ok,,30.661636936,194343767.56,1039172.6209,4056819.3855,111856850.32,475795.47511,15025467.189,-2.3144805106e-25,1.1570524052e-24,-2.2615735671e-24,-6.5328075294e-08,1.6040521593e-08,-3.3615826802e-09,4.8130646674e-08,4.1077437504e-24,-3.0578168808e-26,-1.238019876e-07,-2.7626965919e-25,3.8062281317e-24,-6.4565967553e-25,-4.4805822612e-25,-2.7030998537e-08,0.22835076774,0.028150741178,0.12865163594,0.050016050252
fx78k150,ok,,30.727047413,194761899.04,1185520.3799,4583565.4247,111780234.62,544525.72194,15080668.936,-2.1129564497e-25,1.088575681e-24,-2.118605037e-24,-5.3540479419e-08,1.5571988843e-08,-3.781781448e-09,4.1609624535e-08,3.8557451938e-24,-2.6260093274e-26,-1.0989171014e-07,-2.7157512122e-25,3.5815440427e-24,-5.5966833236e-25,-4.2049142343e-25,-1.60294205e-08,0.22776988071,0.027168241884,0.13027886195,0.049329057887
fx78k161,ok,,30.808889634,195277072.0,1364226.1168,5019111.0918,111988908.61,609800.21254,15189646.017,-1.217187761e-25,9.8298649848e-25,-1.9889539942e-24,-3.2147857414e-08,1.5513216158e-08,7.1823653205e-10,2.2956590543e-08,3.7085447922e-24,-2.1812395821e-26,-8.0563953482e-08,-6.3794382098e-26,3.4125167571e-24,-1.5053474702e-25,-4.1660009224e-25,-2.9688151125e-08,0.22671940298,0.015504574323,0.10990744941,0.031317980371
fx78pk188,ok,,31.092856618,197055082.84,1889430.659,6452862.4586,112300522.47,832725.32007,15515114.503,-9.8876351883e-26,9.1238186866e-25,-1.6694871347e-24,-2.0157828658e-08,1.4755566705e-08,-1.850010607e-09,1.4289739612e-08,3.2208627111e-24,-8.0209255516e-27,-7.1328867935e-08,-8.2706489969e-26,3.0329942661e-24,-1.4655325738e-25,-2.5560972252e-25,-9.8098896917e-10,0.22867866101,0.016599139719,0.13477094995,0.026999472131
fx79k144,ok,,30.782580641,195148636.28,1139452.7995,4030232.8314,112626595.08,495241.25186,15255263.019,-1.4725222187e-25,1.147766688e-24,-2.1628675916e-24,-4.0017440765e-08,1.5254745687e-08,-2.5107107189e-09,2.8194858053e-08,4.1213364411e-24,-1.628347466e-26,-1.1169403176e-07,-1.682597595e-25,3.8347173995e-24,-3.3080783996e-25,-3.8773424889e-25,-1.0523404238e-08,0.22952705035,0.018622601597,0.12727007718,0.03212670994
fx79l100,ok,,29.800105422,188892723.77,464200.22122,1855184.6974,111086034.78,195089.41454,14097944.491,-1.0604976404e-31,1.299957181e-24,-3.5192738317e-24,9.373666937e-16,1.5572137089e-08,4.5817212929e-16,3.374662706e-15,6.4689941979e-24,-3.1738434121e-31,-5.9373016205e-08,1.1612704183e-30,5.5142720746e-24,-3.3441245114e-30,-1.187127633e-24,3.1948678693e-15,0.21953512429,-4.6037391019e-11,0.027560967257,1.5665191747e-09
fx79l120,ok,,30.240326963,191677953.59,684917.96546,2640482.0582,111995902.41,292916.232,14632282.318,-8.6919616899e-33,1.0800616063e-24,-2.8617073258e-24,2.0350571622e-15,1.5190402841e-08,-3.1244261046e-15,2.579887786e-15,5.2605694026e-24,-4.1801589404e-32,-2.9569679907e-08,-1.4999146296e-29,4.6165616638e-24,-3.9372048168e-30,-8.1893482755e-25,9.0299430556e-15,0.22227026289,-8.1926752639e-12,0.020252805001,1.7670114935e-09
fx83w108,ok,,30.470618493,193128227.5,587187.72067,2537237.9988,112410057.41,270454.31345,14910353.791,-2.8799521733e-25,1.2477436602e-24,-2.9984266333e-24,-9.656647313e-08,1.4059855406e-08,-8.3317894878e-09,7.8410836132e-08,5.1480746722e-24,-3.3602880966e-26,-9.0711296144e-08,-1.4341285642e-24,4.669217172e-24,-2.4638447941e-24,-7.9878272187e-25,4.1306301715e-08,0.22569589731,0.028641814622,0.053264559222,0.046041880144
fx79w151a,ok,,31.06424808,196890042.5,1193931.3929,4470184.0186,113224218.73,539679.37522,15613478.266,-1.8448905222e-25,9.3158129909e-25,-2.0926628046e-24,-4.9423881681e-08,1.5330227071e-08,7.4993934614e-10,3.7186440779e-08,3.8105221566e-24,-1.9264137174e-26,-4.4858479165e-08,-2.2192722562e-25,3.5730940119e-24,-4.0186470907e-25,-3.2679999294e-25,-2.4994313477e-08,0.22890393891,0.02358983043,0.053557946511,0.044398059035
fx79w660a,ok,,41.834533739,265125335.36,27558997.684,60863861.667,118663345.69,15310035.475,29975957.678,-1.4810856298e-26,2.8196754167e-25,-3.701267101e-25,-1.175408193e-09,8.6866122852e-09,1.9903861064e-10,5.1777552847e-10,7.4131202346e-25,-4.7662906478e-29,-8.7991979785e-09,-5.353642076e-29,7.4086378381e-25,-6.4183594457e-29,-3.9068943412e-28,-1.3004165112e-09,0.25947672124,0.012839929278,0.24249707672,0.01426937459
fx83w160,ok,,31.251816311,198068308.45,1373267.3813,4906764.2788,113814950.49,609453.2466,15884591.742,-1.6487241492e-25,8.9679935735e-25,-1.9458592238e-24,-3.4592901591e-08,1.3747836156e-08,-5.3344396273e-09,2.7302082777e-08,3.6192573211e-24,-8.4435284659e-27,-4.3722658077e-08,-3.0403921782e-25,3.3911266832e-24,-4.7525123289e-25,-3.1455150489e-25,3.1537430474e-08,0.22885643722,0.025491308725,0.060042900161,0.03749305972
fx83w227,ok,,32.207648057,204119101.65,2834668.2026,9211560.4388,114878398.63,1279005.1485,17044524.739,-1.132193618e-25,6.549336256e-25,-1.3249590832e-24,-1.929281534e-08,1.352816384e-08,-6.7287040541e-10,1.3964347726e-08,2.5304841941e-24,-4.8666806298e-27,-2.4719373297e-08,-3.7211155633e-26,2.452376809e-24,-6.1327285815e-26,-9.8118778023e-26,-2.6617576558e-09,0.22945874115,0.02389473982,0.070071221473,0.039584292469
fx84w127,ok,,30.081939705,190650185.51,840985.75345,3365373.0768,110488314.04,374636.86774,14282060.614,-2.3039717406e-25,1.1065158528e-24,-2.5352255682e-24,-7.0830345138e-08,1.5551736566e-08,-2.4421636378e-09,5.1791264206e-08,4.6185362657e-24,-2.7374021781e-26,-8.206708969e-08,-5.1015836647e-25,4.2545079865e-24,-9.114176232e-25,-5.3414855436e-25,-1.2329141599e-08,0.21743343188,0.02553190368,0.069017253257,0.04355571535
fx84w150,ok,,30.515635589,193398196.62,1188424.3115,4558222.9067,111264667.93,533754.53409,14803781.959,-2.2166544803e-25,9.5833339152e-25,-2.1145857338e-24,-5.7635876071e-08,1.5148829189e-08,-2.1112956298e-09,4.1805799321e-08,3.8847152004e-24,-2.2373917215e-26,-6.2461842088e-08,-3.070260201e-25,3.6295820351e-24,-5.3869025128e-25,-3.7822050234e-25,-1.0042402137e-08,0.21967982097,0.029586769203,0.074231171679,0.049683028275
fx84w097,ok,,29.322691539,185839048.66,463099.55725,2000401.1031,108847337.64,202588.88379,13366601.857,-2.3549749251e-25,1.3774561709e-24,-3.4713455865e-24,-9.9512587596e-08,1.642486068e-08,-1.1802414999e-09,7.1208653992e-08,6.2571623427e-24,-3.887695874e-26,-1.1798363484e-07,-1.110574506e-24,5.5657917058e-24,-2.0516742881e-24,-9.6330501194e-25,-3.0690044581e-08,0.21126582872,0.018847346629,0.054638169057,0.032976696136
fx84w140,ok,,30.363671165,192435325.81,1042583.8838,4081105.2616,110988368.05,468722.9544,14618970.017,-2.3203477482e-25,1.0195959522e-24,-2.2626782268e-24,-6.3562190636e-08,1.5237570995e-08,-2.7988355932e-09,4.6890263955e-08,4.1319349144e-24,-2.4362860646e-26,-7.2625776521e-08,-3.8598653106e-25,3.8459280602e-24,-6.8757551082e-25,-4.2822095823e-25,-8.2946467587e-09,0.21914143266,0.028941511676,0.075718464152,0.048887033508
fxlv152,ok,,30.32941834,192220052.99,1112186.2235,4233525.5562,111300299.34,486604.58071,14624963.528,-7.1443971048e-32,8.8140091473e-25,-2.2329658355e-24,2.0627409544e-15,1.4998680846e-08,-2.2449330969e-15,2.1074271572e-15,4.1277035921e-24,-1.7322432868e-31,-2.9445269118e-08,-3.8243759626e-30,3.7037533491e-24,-6.0995610094e-30,-5.6144361767e-25,5.7799920162e-15,0.21935516034,-3.8678732415e-10,0.032748622661,2.3438514514e-09
fxs21158,ok,,29.955376004,189849979.83,981504.00902,4402820.2339,109624262.77,461995.89196,14055463.379,-2.0853080551e-25,7.8320067711e-25,-2.3876392792e-24,-5.8708520558e-08,1.5287619637e-08,2.8348136388e-10,4.1950177122e-08,4.0755276348e-24,-3.7960122514e-26,-4.0775699045e-09,-4.9578740959e-25,3.5791605237e-24,-8.8700537009e-25,-7.7868086338e-25,-5.4566795194e-09,0.21279292872,0.02658682682,0.0040021512083,0.041174267025
fx84w218,ok,,31.545377069,199922911.93,2574803.2439,8976016.4403,112644219.6,1167562.7829,16030118.448,-1.1044432244e-25,6.2088279522e-25,-1.4150463901e-24,-1.9264569358e-08,1.3653848649e-08,-4.5377263256e-10,1.426854898e-08,2.6609656032e-24,-8.516337527e-27,-1.9861014323e-08,-6.3281223894e-26,2.5201475935e-24,-1.0057381209e-25,-1.9170565147e-25,-2.6824562598e-09,0.21790331189,0.021810365711,0.051138204107,0.0367387062
geminism,ok,,31.501327028,199652659.85,1268309.6881,4277490.5636,115077998.79,551321.62045,16318207.414,-1.0965716538e-25,9.765205733e-25,-2.0127185089e-24,-2.968080859e-08,1.4711148428e-08,2.2969137081e-10,2.0627910676e-08,3.8232025111e-24,-8.22090919e-27,-4.6964720235e-08,-1.0714161027e-25,3.6271120491e-24,-1.9052048595e-25,-2.3435051469e-25,-1.2471349927e-08,0.23671765295,0.014736787127,0.059565809674,0.026162578956
fxl142k,ok,,30.30443557,192067540.26,918433.31024,3613031.7931,111590366.61,403396.11375,14639124.982,-8.2574508683e-32,8.7103791058e-25,-2.4629672264e-24,1.5205288605e-16,1.4993480286e-08,9.6655785627e-17,1.2103960867e-15,4.4607674543e-24,-1.9855978187e-31,-1.4097316857e-09,1.4995523972e-30,3.9559904693e-24,-3.6941980649e-30,-6.5977249621e-25,7.3007502193e-16,0.21949143181,3.3047524081e-12,0.0012947445387,1.1116680846e-09
fx84w175,ok,,30.946037721,196125341.96,1664838.6984,6124013.9993,111912681.94,751449.14497,15318003.199,-1.8931269415e-25,8.1367119952e-25,-1.7744730298e-24,-4.077412894e-08,1.4492620452e-08,-1.8915396873e-09,3.0240527702e-08,3.2922693529e-24,-1.6210444468e-26,-4.3529948301e-08,-1.8018628813e-25,3.1016499833e-24,-3.0549098726e-25,-2.7727500985e-25,-3.5023003183e-09,0.2203526241,0.030059979114,0.072470342472,0.050345600779
giiia,ok,,30.767953783,195003824.44,689534.58826,2297579.9837,113650351.83,282024.26411,15366869.419,-2.8842362714e-26,1.418158382e-24,-2.7691853318e-24,-1.7831880741e-08,1.5392768549e-08,3.6589103628e-09,7.1178865959e-09,5.4502446615e-24,-6.2632727316e-27,-1.2486620764e-07,7.536366769e-26,5.0844082616e-24,4.0381525739e-26,-3.8769978729e-25,-3.6848950855e-08,0.23366493815,0.0026009935072,0.086099569071,0.0049080290032
giiib,ok,,30.548776307,193617098.98,601767.59523,2061697.8444,113022733.86,246760.15301,15063928.596,-4.5817385278e-26,1.4931497036e-24,-2.9858891246e-24,-2.451220832e-08,1.5609455835e-08,3.3083568471e-09,1.2373534583e-08,5.8389670475e-24,-9.0581392971e-27,-1.442529161e-07,3.8371048278e-26,5.3747841906e-24,-4.3353955273e-26,-5.0656477374e-25,-3.9082971227e-08,0.23155639884,0.0038158394404,0.086806730424,0.0074459921504
giiic,ok,,30.327006625,192213716.27,531957.03319,1874576.5203,112385215.8,218426.58357,14761797.432,-6.1159205443e-26,1.5715060499e-24,-3.1990766835e-24,-3.1603162636e-08,1.5824359758e-08,3.0938561181e-09,1.7671944369e-08,6.21938073e-24,-1.2614192565e-26,-1.7115568786e-07,-1.958686252e-26,5.6454701904e-24,-1.6771255409e-25,-6.4199769422e-25,-4.3244138399e-08,0.22916824784,0.0047387525203,0.091047471929,0.0094007150972
giiid,ok,,30.257371041,191772933.06,504435.48095,1792852.5726,112194005.32,207192.68211,14668928.798,-6.7868660119e-26,1.6145702764e-24,-3.2914159224e-24,-3.5040157709e-08,1.5904106994e-08,2.920941537e-09,2.0036169646e-08,6.3901305522e-24,-1.3914935637e-26,-1.861026425e-07,-5.1374595917e-26,5.7773681099e-24,-2.362633647e-25,-6.8788416049e-25,-4.4627952709e-08,0.22852321947,0.0051474512824,0.093876775974,0.010106954872
giiih,ok,,29.992480206,190095455.59,352084.4752,1284256.2211,111557920.95,144018.6914,14330769.951,-1.1991254722e-25,2.0192479547e-24,-3.9511326582e-24,-6.9463513264e-08,1.6342035491e-08,7.585208538e-10,3.8879327243e-08,7.6923580657e-24,-2.101854588e-26,-3.4790615312e-07,-4.0278312953e-25,6.8693150241e-24,-1.0167512789e-24,-9.0902573319e-25,-5.3235130265e-08,0.22654795506,0.0082676251702,0.12249235534,0.013688807528
giiif,ok,,29.959067412,189883642.85,340722.20124,1250607.4702,111445057.16,139541.36448,14284163.906,-1.2078926516e-25,2.0853307249e-24,-4.0143980951e-24,-7.0289922046e-08,1.6410351163e-08,1.938177135e-10,4.0260728868e-08,7.8240735093e-24,-2.121463333e-26,-3.8503965239e-07,-3.7606111202e-25,6.9679162363e-24,-1.1083315353e-24,-9.1230104566e-25,-5.3629398098e-08,0.22688118924,0.0081109405983,0.13119155793,0.013717724164
giiie,ok,,30.059360837,190518425.06,396700.90275,1440640.0821,111691881.6,162720.14496,14411948.518,-9.9556386752e-26,1.8735986859e-24,-3.721509413e-24,-5.4314804607e-08,1.6206963438e-08,1.5018829297e-09,3.1692092339e-08,7.2301884113e-24,-1.8403581801e-26,-2.8558405514e-07,-2.3230863989e-25,6.4725800174e-24,-6.7370409571e-25,-8.3294210941e-25,-4.9130603377e-08,0.22730084042,0.0070214013781,0.11329145249,0.012572281641
giiig,ok,,29.971116487,189959653.41,344640.56876,1261885.1798,111484826.68,141090.4269,14300777.895,-1.2039134858e-25,2.0637942038e-24,-3.9922795096e-24,-6.9948792153e-08,1.6385334991e-08,3.8107038048e-10,3.9729624882e-08,7.7787754172e-24,-2.1121713229e-26,-3.7278837137e-07,-3.8632937116e-25,6.9351287018e-24,-1.0731105348e-24,-9.1108188128e-25,-5.3404093782e-08,0.22677236616,0.0081608870369,0.12847799634,0.013692440516
giiii,ok,,30.041842241,190409322.89,367442.61473,1335855.0023,111731168.55,149981.34957,14400777.081,-1.2196791596e-25,1.9055038804e-24,-3.8676870166e-24,-7.0388389991e-08,1.6269807144e-08,1.7709818359e-09,3.8328496479e-08,7.5082533466e-24,-2.1511000367e-26,-2.8603849382e-07,-4.1594093984e-25,6.7127990302e-24,-9.3623359562e-25,-8.9934386172e-25,-5.5294010825e-08,0.22587533112,0.0086843493047,0.10510273208,0.014083522965
giiij,ok,,30.067505712,190572648.54,374531.90539,1365828.6722,111827424.12,152770.35374,14438128.896,-1.2629721489e-25,1.8246242694e-24,-3.8305091716e-24,-7.2912428127e-08,1.6257714902e-08,2.6183857523e-09,3.9335999641e-08,7.408127701e-24,-2.2696183276e-26,-2.4310774976e-07,-4.1934879841e-25,6.6173351669e-24,-9.1303739314e-25,-8.9940165236e-25,-5.9253521148e-08,0.22518213802,0.0091012216892,0.091051608733,0.014732586896
giiik,ok,,30.080040529,190652778.44,377205.62251,1387337.2474,111883654.79,154014.28874,14457772.025,-1.335717171e-25,1.7475604438e-24,-3.8180378418e-24,-7.7609332688e-08,1.6307684775e-08,3.7296279996e-09,4.1663607487e-08,7.340960974e-24,-2.5017692406e-26,-2.0307756211e-07,-4.1842846511e-25,6.5405562397e-24,-9.0859657417e-25,-9.1506387272e-25,-6.6728217441e-08,0.22421611437,0.0096496852537,0.076601998234,0.015715746998
giiil,ok,,30.076688866,190632057.8,376245.01898,1394435.443,111884126.2,153839.8044,14454886.354,-1.3931617922e-25,1.707604997e-24,-3.8247707275e-24,-8.1584839065e-08,1.6383574923e-08,4.5492641257e-09,4.3683736599e-08,7.3229655916e-24,-2.7091221949e-26,-1.8281483661e-07,-4.1527537259e-25,6.5081528558e-24,-9.147826073e-25,-9.3442954344e-25,-7.3328039974e-08,0.22348883951,0.010031159614,0.068783171671,0.016435788305
giiin,ok,,29.76975862,188692268.06,357256.34121,1439623.9375,111014286.22,148217.30144,14056306.127,-1.8052218242e-25,1.5039907155e-24,-3.9652655249e-24,-1.0861990373e-07,1.7255190289e-08,9.3558410416e-09,6.0079378544e-08,7.3455138773e-24,-4.7130676629e-26,-1.002206194e-07,-5.2740608178e-25,6.3402730672e-24,-1.205308369e-24,-1.205635486e-24,-1.2034247725e-07,0.21523303606,0.012264217143,0.035804451799,0.02146373896
giiim,ok,,29.978117976,190009942.35,366667.90686,1415362.0244,111614429.27,151154.8987,14327493.951,-1.6211787806e-25,1.5852435082e-24,-3.8911789253e-24,-9.6948402489e-08,1.6807408575e-08,7.4449249443e-09,5.2493683864e-08,7.3158652078e-24,-3.7255034207e-26,-1.2772766128e-07,-4.3534005335e-25,6.4087720276e-24,-1.0102021103e-24,-1.0609863762e-24,-9.9630406194e-08,0.21983460211,0.011346200788,0.046833634211,0.019247749186
glennmartin3,ok,,31.501811486,199642756.05,1190698.984,3545044.7957,115302539.77,539794.82851,16353289.521,-3.6418267276e-25,1.120309293e-24,-1.9491858958e-24,-1.1454126977e-07,1.7234189536e-08,3.5514451297e-09,6.5615334268e-08,3.8722546244e-24,2.6173461212e-26,-4.6332287059e-08,2.6050883716e-25,3.9856534309e-24,2.6205548375e-25,2.886686834e-25,-4.7415149537e-08,0.23370298281,0.055885170421,0.055167807129,0.07812811185
glennmartin2,ok,,31.480309672,199506682.47,927493.7801,3301346.0215,114459067.74,489609.95958,16213281.262,-3.9822961715e-25,9.9869115383e-25,-2.1642877466e-24,-1.2852741214e-07,1.9319465169e-08,1.4140837353e-08,9.661142777e-08,3.9403244714e-24,3.6511626222e-26,3.0783991617e-08,3.7081993533e-25,4.0479859426e-24,3.8818382474e-25,3.5303839022e-25,-7.8620410088e-08,0.23253820727,0.054059857049,-0.028551960751,0.089606498343
glennmartin4,ok,,31.624907321,200422190.96,1392609.8822,4290005.8054,114976955.84,658700.5421,16440383.447,-3.6566871567e-25,1.0131929836e-24,-1.800888497e-24,-9.8883792346e-08,1.5922531756e-08,5.5449901108e-10,6.1915648174e-08,3.5043395707e-24,2.6276767986e-26,-3.8338194876e-08,2.9281705948e-25,3.6031890645e-24,3.3083964504e-25,2.7835567174e-25,-2.5612003044e-08,0.23426850009,0.061200699519,0.053390149052,0.086224343512
gm15sm,ok,,28.556445407,180995547.91,154054.37475,1472887.7225,108056894.78,92403.30677,12670639.649,-5.4376896426e-25,1.5436507096e-24,-5.5216623923e-24,-3.4044010703e-07,1.2047866415e-08,-1.5592161504e-08,3.4537228379e-07,6.0481115413e-24,-2.1213624777e-25,-1.5403881153e-07,-9.4631989398e-24,5.4717207331e-24,-2.649142769e-23,-3.9814147175e-24,1.2701651363e-07,0.20326054376,0.033848106522,0.023730352797,0.053206111235
goe05k,ok,,28.629122369,181431550.46,55490.465336,327037.53667,107937887.46,23143.269866,12642054.514,-3.6668401309e-25,4.957818594e-24,-8.9800032488e-24,-4.7491270841e-07,1.7652290787e-08,-7.7319654223e-08,3.2055086487e-07,1.7392832198e-23,-1.6271820776e-26,-4.0700130052e-06,9.3148192757e-25,1.2300047197e-23,-5.4274835561e-23,-1.4473607148e-24,7.8247431662e-08,0.23403291027,0.011414881007,0.22584691558,0.017787516655
goe06k,ok,,30.471575716,193104068.69,294539.17688,1070644.7357,112766075.2,134640.95561,14948685.346,-3.2441206219e-25,2.7928389554e-24,-4.2454516519e-24,-1.6143350341e-07,1.5961122498e-08,-3.1854504844e-08,1.2378582906e-07,7.6270823592e-24,-2.8359839838e-26,-8.2996478796e-07,-2.6520482174e-24,7.5448646651e-24,-1.1907856404e-24,-7.9608135882e-25,1.3040375652e-08,0.24283410938,0.02216199062,0.24445714549,0.0364597762
goe07k,ok,,30.924129995,195976545.45,644549.71549,2099090.4273,113560776.83,321436.67542,15512144.298,-2.9993898728e-25,1.7053329782e-24,-2.6128841174e-24,-9.8029012801e-08,1.5178117412e-08,-1.117996987e-08,8.2256155299e-08,5.0275108405e-24,2.4541269601e-26,-1.8710515146e-07,8.4445304356e-25,5.1172189558e-24,9.3427715236e-25,4.8995438583e-25,1.0138566392e-08,0.24039821908,0.032293905664,0.12059857214,0.053018181495
goe08k,ok,,31.36379876,198764690.09,1257773.7674,4015967.972,113895813.43,621628.23218,16013888.226,-2.9033957727e-25,1.2367241079e-24,-1.887330208e-24,-6.7989983664e-08,1.4561431192e-08,-8.6989999838e-09,5.6515565446e-08,3.6233490387e-24,2.1804978194e-26,-1.0883415629e-07,3.8512838018e-25,3.7011365004e-24,4.8939371438e-25,3.1676934142e-25,8.1010110475e-09,0.23866189626,0.043467497889,0.13688874679,0.07108379567
goe09k,ok,,26.744036105,169487882.84,19739.697527,259459.04807,103896220.16,7758.5438259,10798457.887,-3.5154750926e-25,5.389250162e-24,-1.4816792659e-23,-8.1348981681e-07,1.8217228966e-08,-1.1581836173e-07,5.2130882629e-07,2.898789001e-23,-2.4870906327e-27,-1.0441908552e-05,1.0230761617e-23,1.0890627196e-23,-1.6165775945e-22,-3.8625759002e-24,3.2119616527e-07,0.21860769819,0.0068563125643,0.20612011642,0.010290478549
goe101,ok,,29.051757426,184116227.34,193795.38278,1185777.7759,108699949.2,96445.653769,13114364.375,-4.7650969975e-25,1.7491709518e-24,-5.1575349603e-24,-3.1602183481e-07,2.0108052274e-08,1.5919352784e-09,2.3989732234e-07,7.7579803244e-24,-1.1831634832e-25,-1.6895773886e-07,-5.0942278395e-24,6.8117391852e-24,-1.154701334e-23,-1.991043623e-24,-1.2990299252e-07,0.21173885631,0.027830546962,0.032743229676,0.04649099341
goe100,ok,,30.615315163,194140196.42,253485.73528,1142210.5333,113557316.98,114825.93804,15217527.924,-3.8263003972e-25,2.0523852423e-24,-4.4378252812e-24,-2.4395373652e-07,1.9121400306e-08,-1.8399010029e-09,1.660448914e-07,7.5630530414e-24,-5.1890661926e-26,-3.2096076317e-07,-1.9237524261e-24,6.9549417172e-24,-5.4380385362e-24,-8.398750238e-25,-1.2604349372e-07,0.23718961193,0.02458454655,0.081358975047,0.042090011385
goe10k,ok,,29.243439617,185326856.68,67451.387615,329936.26405,109691199.86,27488.911777,13399325.522,-3.152217261e-25,4.7480537285e-24,-8.6023364281e-24,-3.5344507886e-07,1.6069852291e-08,-5.6587637806e-08,2.4386452577e-07,1.6397351123e-23,-2.6945194184e-26,-2.9233518392e-06,-1.1093463641e-23,1.2947396932e-23,-3.1455423159e-23,-2.2365885574e-24,1.0943626772e-07,0.22957023826,0.010406527416,0.19718413804,0.016449000653
goe115,ok,,29.860105206,189238470.78,422048.12725,2054299.1893,110536987.13,199769.79193,14077571.696,-2.9878327303e-25,1.3188175293e-24,-3.5787814813e-24,-1.1927574443e-07,1.5473527926e-08,-4.7273877233e-09,1.0015663104e-07,5.8777594279e-24,-4.6575112926e-26,-7.9820034343e-08,-1.9479154231e-24,5.2009832235e-24,-3.6716912463e-24,-1.0970606538e-24,1.3259754463e-08,0.22227594763,0.024416650838,0.033687896011,0.042270918563
goe113,ok,,29.993991728,190219561.81,203285.45484,954614.08192,111887783.79,91438.247062,14397528.353,-3.816832998e-25,2.0870188039e-24,-5.0352620836e-24,-2.6893808534e-07,1.9020837092e-08,6.495483873e-10,1.7687339512e-07,8.6225902372e-24,-7.0836594449e-26,-2.8790527951e-07,-2.9211053382e-24,7.5692601018e-24,-7.9952571143e-24,-1.4109607516e-24,-1.253950104e-07,0.22942033806,0.021963622782,0.058526955697,0.035955788576
goe114,ok,,29.857185672,189214252.02,399360.96243,1889835.4369,110420407.72,186685.83224,14055816.293,-2.7935089995e-25,1.5069860728e-24,-3.6481031055e-24,-1.0878038935e-07,1.5345612058e-08,-1.0030353099e-08,9.6343072507e-08,6.1817407886e-24,-2.8499885015e-26,-1.5460786027e-07,-1.6384844191e-24,5.4914715424e-24,-3.7839224303e-24,-8.8530319785e-25,4.3306451569e-08,0.22804229978,0.022152878869,0.061744343877,0.03847566216
goe116,ok,,30.456190318,193141354.72,436846.16228,2085878.9926,112490969.6,211059.63183,14923564.721,-3.1714301989e-25,1.4226735593e-24,-3.4611293386e-24,-1.2592173248e-07,1.5803273958e-08,-5.9469578315e-09,1.0915097695e-07,5.6118905132e-24,-4.7087757297e-26,-1.3605960094e-07,-1.6541958867e-24,5.0827251103e-24,-3.4539842667e-24,-9.1112979999e-25,-8.7564800822e-09,0.23236733886,0.02614763784,0.059437114514,0.047682185389
goe117,ok,,30.0748913,190599677.38,379709.32757,1967237.4131,111018095.47,189770.72919,14340681.808,-3.7479326225e-25,1.4834178363e-24,-3.6981287595e-24,-1.5898282627e-07,1.6006223024e-08,-8.1200585916e-09,1.3818900784e-07,5.8118327911e-24,-5.4349600849e-26,-1.637940737e-07,-1.9156211436e-24,5.3332385184e-24,-4.1304260164e-24,-9.4164599728e-25,-9.4153247026e-09,0.22546575094,0.029767531561,0.062194137586,0.052471655244
goe118,ok,,30.198699135,191469241.51,335266.01334,2107528.9314,111324111.72,187944.59399,14516063.229,-4.7945933873e-25,1.5155345678e-24,-3.8056429395e-24,-2.1690682534e-07,1.7911606449e-08,-1.1475194723e-08,2.0059480028e-07,5.2988512589e-24,-8.0867613394e-26,-2.2998022666e-07,-1.9920354955e-24,4.9947458419e-24,-6.3838448857e-24,-1.0310149627e-24,-5.2132066262e-08,0.22913060219,0.03852520461,0.077104553739,0.067252618986
goe121,ok,,29.775664976,188822987.09,190632.94252,1402070.328,111069295.32,106276.3634,14099356.367,-5.0291003027e-25,1.6121146088e-24,-5.0409503968e-24,-3.0879268795e-07,1.7616949293e-08,-3.3116649942e-09,2.8442665081e-07,6.4355130344e-24,-1.2690598612e-25,-1.2781618494e-07,-6.1655571953e-24,5.907843935e-24,-1.3781946666e-23,-2.0090499915e-24,-6.1367521068e-08,0.21998202061,0.031384004573,0.024365975436,0.054221089376
goe11k,ok,,30.678333848,194419142.44,332190.85886,1207040.6958,113552693.74,140446.21082,15259890.707,-2.7100658308e-25,2.3648068176e-24,-3.8989866899e-24,-1.3175818508e-07,1.5212438244e-08,-1.9499990878e-08,9.6322250161e-08,7.4398207639e-24,-1.0554573233e-26,-5.1187218418e-07,-9.1369678044e-25,7.0428994925e-24,-2.3919119725e-24,-3.5900768861e-25,2.8179702304e-08,0.24009395315,0.019455473039,0.17003926049,0.031997371008
goe122,ok,,29.827825105,189169327.32,242079.46124,1343979.1409,111276782.33,118310.03896,14170491.659,-4.3391953296e-25,1.6195269694e-24,-4.6095029584e-24,-2.664497634e-07,2.0413426476e-08,6.6986678448e-09,1.9895776297e-07,7.0591427886e-24,-1.0243361321e-25,-1.1301827824e-07,-3.8153718997e-24,6.2674033275e-24,-8.0617623269e-24,-1.5806980028e-24,-1.5040355788e-07,0.22198971369,0.027582351167,0.027359403906,0.048163588069
goe123,ok,,29.944709505,189880617.84,163616.30483,1462908.9811,111155772.89,106237.07505,14257809.729,-6.2341051468e-25,2.0113579795e-24,-5.1718290378e-24,-4.0464015555e-07,2.1765927112e-08,-2.9286029993e-08,4.1109386734e-07,5.7611433258e-24,-1.295702472e-25,-5.7047664969e-07,-5.0522216047e-24,5.8910829304e-24,-1.5423946977e-23,-1.5577038022e-24,-1.4501659889e-07,0.2213778514,0.039586677237,0.093339281414,0.067261659512
goe12k,ok,,31.079466914,196963823.83,722451.93415,2250134.5695,114204448.3,346713.80564,15758795.083,-2.5571242803e-25,1.5374972399e-24,-2.4699376982e-24,-7.8809564725e-08,1.4597116676e-08,-7.8675121516e-09,6.5153343119e-08,4.8335493306e-24,1.8334495319e-26,-1.1478905289e-07,6.6151443618e-25,4.9727205133e-24,8.1201168788e-25,4.383384576e-25,1.7847362406e-08,0.23770902131,0.028796417641,0.082929573277,0.047070158753
goe124,ok,,30.254582075,191975922.06,293317.25766,1907840.8361,112268094.3,162355.33635,14731005.767,-4.9834177282e-25,1.4242894034e-24,-4.0617697345e-24,-2.5447147008e-07,1.9242440297e-08,-8.7352751021e-10,2.2448209622e-07,5.436649082e-24,-1.1823521874e-25,-1.2609871465e-07,-3.529174524e-24,5.1002113293e-24,-8.1662250497e-24,-1.4659464291e-24,-9.7465725735e-08,0.22407023436,0.037778663355,0.036986929176,0.065844472857
goe133,ok,,30.136608581,191082861.54,299144.3055,1499071.4034,111954075.94,142141.12613,14538472.454,-4.2886223794e-25,1.5631755797e-24,-4.127769263e-24,-2.3983462815e-07,1.8921084043e-08,3.5520284211e-09,1.7055842735e-07,6.6427238831e-24,-7.7898931063e-26,-1.0398451226e-07,-2.7874881084e-24,6.0218643141e-24,-5.658864244e-24,-1.1712693862e-24,-1.019255167e-07,0.22450882739,0.030844262834,0.031106374703,0.051021582298
goe134,ok,,31.32953007,198701964.29,467173.22004,1821008.0377,115598816.53,210189.83806,16231126.885,-3.3254136931e-25,1.5152914857e-24,-3.2786255483e-24,-1.5754617851e-07,1.7440567432e-08,2.4790609192e-09,1.0269611938e-07,5.813771664e-24,-3.4400689667e-26,-1.17854425e-07,-7.5474369489e-25,5.4441086163e-24,-1.8261244021e-24,-5.1071577572e-25,-7.6398976132e-08,0.2419426036,0.029237061894,0.055058431224,0.047976876776
goe137,ok,,30.372104547,192600842.95,360144.56102,1786448.8972,112497156.74,174105.99683,14841572.91,-3.9137986313e-25,1.4287484036e-24,-3.7761223197e-24,-1.9403631432e-07,1.8468598358e-08,3.4869434438e-09,1.4631196998e-07,6.0210046935e-24,-6.8948726533e-26,-8.8012639306e-08,-2.0440225072e-24,5.4834363687e-24,-4.2645780893e-24,-1.0034645658e-24,-9.1660782954e-08,0.22807448676,0.030150887442,0.031697273347,0.052693460201
goe14,ok,,30.896851266,195864857.82,512536.99519,2900245.8528,112890246.09,277711.77148,15409494.019,-4.7091347753e-25,1.0272469076e-24,-3.0996592998e-24,-1.8925260279e-07,2.0236873598e-08,7.8457798103e-09,1.5783842934e-07,4.4914463466e-24,-7.6116435363e-26,-2.4576384464e-08,-1.2332815591e-24,4.239351565e-24,-2.7168973269e-24,-6.9289696396e-25,-1.1313741434e-07,0.21989762337,0.045694566288,0.012596306246,0.080898034296
goe13k,ok,,31.531888088,199832311.8,1369814.7759,4183081.7211,114703427.9,652484.82822,16302758.535,-2.4812186099e-25,1.129664147e-24,-1.8067853721e-24,-5.5524546602e-08,1.3931247771e-08,-6.5467713166e-09,4.5574440789e-08,3.5286044283e-24,1.6543067697e-26,-7.4142025167e-08,3.2425637331e-25,3.6339375972e-24,4.2892335085e-25,2.9055167735e-25,1.4083451799e-08,0.2354159177,0.038395594984,0.10156084159,0.062428542395
goe140,ok,,30.808448141,195458955.38,354788.67777,1944962.2647,113760707.83,184292.31438,15461913.621,-4.4715121215e-25,1.3141490416e-24,-3.737718498e-24,-2.2279511465e-07,2.0261849041e-08,8.1123736373e-09,1.768139774e-07,5.5102336693e-24,-8.8663542368e-26,-4.6400177469e-08,-2.1685118713e-24,5.0817870454e-24,-4.8203429193e-24,-1.047143076e-24,-1.2835682521e-07,0.23162116816,0.035600560508,0.016462257612,0.062731597252
goe143,ok,,29.925009592,189807460.54,253906.5111,1378746.4768,111670148.79,121591.53112,14319114.289,-4.0718803382e-25,1.4840334531e-24,-4.527036968e-24,-2.4188693763e-07,1.8544094445e-08,7.327585181e-09,1.7981718357e-07,6.9890025042e-24,-9.6868829363e-26,-1.9966913272e-08,-4.0427891755e-24,6.1099723738e-24,-7.6893372337e-24,-1.6532621753e-24,-1.0373586342e-07,0.22180452761,0.026617965152,0.0050697292862,0.045656753715
goe142,ok,,29.730277872,188538540.61,179345.44541,1074523.5043,111126060.8,89522.25604,14056446.385,-4.7287556107e-25,1.869551353e-24,-5.2497827144e-24,-3.3167966271e-07,1.9845430224e-08,1.9317781745e-09,2.5524871897e-07,7.8127841049e-24,-1.0935761905e-25,-1.882359656e-07,-5.91145207e-24,6.9904614905e-24,-1.2733178385e-23,-1.806913721e-24,-1.4214270421e-07,0.21958408882,0.026902903174,0.033759263091,0.045777695193
goe144,ok,,29.918502331,189610891.4,240761.8417,1546465.576,110956687.89,128025.58377,14188128.026,-4.7589858026e-25,1.466225753e-24,-4.5392652987e-24,-2.6772466953e-07,1.792357489e-08,1.9610846404e-09,2.3095223758e-07,6.3150229931e-24,-9.2123039584e-26,-4.8371164034e-08,-4.0005463173e-24,5.8020517679e-24,-8.5983705626e-24,-1.3935745602e-24,-6.7342788621e-08,0.22153364946,0.032368060705,0.011645930538,0.055604486066
goe147,ok,,29.477784675,187034913.83,209494.86709,1362102.4312,110662236.53,104172.12732,13803241.801,-4.1950309152e-25,1.1570895144e-24,-5.0482254589e-24,-2.7281552612e-07,2.0181170929e-08,2.1285810912e-08,2.1299610917e-07,7.0811918275e-24,-1.3634787334e-25,2.346629411e-07,-5.1066884058e-24,5.8661111442e-24,-9.8830080611e-24,-2.3150401913e-24,-1.5917985153e-07,0.2160445126,0.024844186377,-0.049160681658,0.044621591583
goe14k,ok,,30.997522829,196443308.64,879060.1527,2511895.6023,114120280.72,393190.354,15662224.614,-1.5312458662e-25,1.570134548e-24,-2.2504882788e-24,-4.3530047041e-08,1.5113631942e-08,-5.8654568645e-09,3.5014164082e-08,4.6271221005e-24,1.0660907534e-26,-1.4836303676e-07,3.4799492904e-25,4.7626799056e-24,3.9281492521e-25,3.8440882735e-25,9.6992616834e-09,0.23930963121,0.018028508211,0.13042003375,0.030779556425
goe155,ok,,30.349548284,192507994.7,237115.88193,1624340.9684,112369409.23,137152.0648,14813762.011,-5.202569107e-25,1.6818005356e-24,-4.4535586221e-24,-2.9270407497e-07,2.0872411173e-08,-5.9798186335e-09,2.6996169129e-07,5.7948688047e-24,-9.9617808174e-26,-2.5606905442e-07,-3.5696317878e-24,5.5963127758e-24,-9.3455647697e-24,-1.2343034851e-24,-1.3552392448e-07,0.22849526243,0.035910365655,0.060718039673,0.064012204518
goe15,ok,,31.151008564,197424984.81,447562.55925,2842427.2281,113296080.14,265460.71602,15710239.638,-5.3096373023e-25,1.1703192565e-24,-3.2623754723e-24,-2.1958291812e-07,2.2156727826e-08,1.621861721e-09,2.0101327842e-07,4.3811126386e-24,-6.1754717352e-26,-1.0794702603e-07,-9.6262554751e-25,4.2850703106e-24,-2.6941603608e-24,-4.8186088515e-25,-1.3420335374e-07,0.22473947879,0.050349220035,0.048313047234,0.089966017334
goe164,ok,,30.673561886,194434253.95,299999.72513,2329160.76,112532569.04,188982.16693,15132138.451,-5.4460856168e-25,1.1451186449e-24,-3.9360114387e-24,-2.5308321699e-07,1.728479423e-08,3.5199346697e-09,2.6085344352e-07,4.6246449316e-24,-7.6917404005e-26,2.650578463e-09,-2.3367471052e-24,4.5686621716e-24,-6.1702414383e-24,-8.6546641342e-25,-4.621555842e-08,0.22808749901,0.045839658826,-0.00079517281035,0.078255961357
goe15k,ok,,31.316943109,198469035.02,1439030.9822,4082680.5837,114563883.75,640715.85859,16055773.179,-1.4947236585e-25,1.2336621572e-24,-1.7702918559e-24,-3.3273441316e-08,1.4663695741e-08,-4.848018808e-09,2.6584159838e-08,3.6232793552e-24,9.6513787911e-27,-1.0008512032e-07,1.9400116718e-25,3.732245678e-24,2.3521098838e-25,2.7313708068e-25,7.7733523765e-09,0.2380916318,0.02250522078,0.14402558899,0.038255429643
goe165,ok,,30.547040207,193646441.94,500952.08736,3003440.912,112051034.24,270553.74952,14948637.806,-3.8521529263e-25,8.5942354244e-25,-3.1915369386e-24,-1.4192761866e-07,1.4351061777e-08,3.310355009e-09,1.2425195775e-07,4.4527147244e-24,-7.2432920432e-26,7.5963952172e-08,-2.0423768881e-24,3.9789917626e-24,-4.1378611289e-24,-1.1345294858e-24,1.9759141706e-08,0.22586459419,0.03960765399,-0.038054300404,0.062244277595
goe167,ok,,31.224008194,198094180.74,475593.55079,2102856.895,115012347.35,228883.01399,16050966.161,-3.3921548342e-25,1.3532195278e-24,-3.2691816692e-24,-1.5040480302e-07,1.8126699355e-08,4.5375244438e-09,1.1156689587e-07,5.3824112584e-24,-5.3045702283e-26,-8.7220905946e-08,-1.0838659639e-24,4.9646656954e-24,-2.3933296115e-24,-7.1713136319e-25,-9.2389982414e-08,0.23976833256,0.029368172965,0.041481700363,0.053060496158
goe174,ok,,30.723172117,194817934.54,335592.86809,1968824.9447,113283262.68,180150.59721,15292225.779,-4.7572853877e-25,1.3074889342e-24,-3.8102433613e-24,-2.3574485273e-07,1.9687960495e-08,6.2713312605e-09,1.9769532434e-07,5.3938143969e-24,-8.4015579698e-26,-4.0680697398e-08,-2.3475496659e-24,5.0620497651e-24,-5.2967017269e-24,-9.8069142514e-25,-1.0829320825e-07,0.23062524153,0.037984923586,0.013652151916,0.066345140903
goe16k,ok,,31.697185788,200879788.58,2168090.2641,6108776.891,114987412.77,967486.74331,16517830.397,-1.4678267076e-25,1.005363892e-24,-1.4461124984e-24,-2.6675296966e-08,1.418866925e-08,-4.0919042271e-09,2.1205315391e-08,2.9468826291e-24,8.887730778e-27,-7.1416106903e-08,1.184718576e-25,3.033990621e-24,1.5049967513e-25,2.0267338147e-25,6.2831236544e-09,0.23703527867,0.027249965089,0.15483656608,0.045975037846
goe173,ok,,30.363728116,192506720.91,277232.85028,1831437.6084,112109870.18,157267.2328,14776699.48,-5.4422846432e-25,1.4217085926e-24,-4.1244071383e-24,-2.9233638987e-07,2.1471519086e-08,3.3432816436e-09,2.5407956325e-07,5.5157945664e-24,-9.6801058138e-26,-1.0044374941e-07,-2.6297499786e-24,5.295749272e-24,-7.2018702729e-24,-1.0565030023e-24,-1.3386692106e-07,0.2261924456,0.041231412314,0.027846306941,0.070439201517
goe177,ok,,29.938223286,189833153.88,241118.32379,1606292.5114,111098465.96,131932.20828,14240630.465,-5.0250765358e-25,1.4093388376e-24,-4.5105068297e-24,-2.8738168517e-07,2.0076280964e-08,6.6710905022e-09,2.4724542403e-07,6.1097439302e-24,-1.0489659325e-25,-2.8820030431e-08,-3.5147394459e-24,5.6377726897e-24,-8.6523641158e-24,-1.4076566093e-24,-1.162243829e-07,0.22307775852,0.034502474274,0.0069490374291,0.059615402206
goe176,ok,,30.63894112,194266627.75,422298.55106,2431053.243,112793317.21,223108.72821,15142552.199,-4.2711735783e-25,1.054397545e-24,-3.4424732293e-24,-1.8207370272e-07,1.6901134306e-08,6.3074065956e-09,1.5509025822e-07,4.9160131944e-24,-7.6089241901e-26,3.8377476747e-08,-2.0533642057e-24,4.5254517256e-24,-4.2444798742e-24,-9.8614747683e-25,-4.5333780538e-08,0.22801382401,0.038319997059,-0.016206752824,0.06549439133
goe178,ok,,29.948825711,189956524.37,306557.24859,1750850.946,111365510.18,154457.46936,14300310.022,-4.1656863036e-25,1.2971585255e-24,-4.1151811638e-24,-2.1289331482e-07,1.766663634e-08,4.7866316022e-09,1.7075747798e-07,6.1134495896e-24,-9.2626616959e-26,-2.2425232775e-09,-3.1155897468e-24,5.4076076643e-24,-6.3106210426e-24,-1.4765959038e-24,-6.5405310813e-08,0.22185634049,0.030644856744,0.00068746176587,0.052346942626
goe195,ok,,30.132749071,191071229.16,289730.34611,1946935.7873,111643685.32,160858.92089,14503381.576,-4.6111869122e-25,1.2658329632e-24,-4.1178084517e-24,-2.2020505309e-07,1.4776388098e-08,-1.9139977988e-09,2.0608281285e-07,5.4304348248e-24,-9.6504902274e-26,-1.0055971338e-08,-4.1779725211e-24,4.9607717462e-24,-8.7970016286e-24,-1.5738458646e-24,1.6403203759e-08,0.22273303547,0.036009904493,0.0029135200561,0.059708444695
goe180,ok,,30.590097945,193959864.45,364408.60441,1758168.5928,113168764.27,174237.29701,15140682.61,-3.9391057641e-25,1.4193267422e-24,-3.7376174363e-24,-1.949388709e-07,1.7610336684e-08,2.7034829169e-09,1.4424725186e-07,6.016905334e-24,-6.3358544565e-26,-6.7839805217e-08,-2.0623820301e-24,5.4949658656e-24,-4.0880894656e-24,-9.4808358153e-25,-7.0496277429e-08,0.23033820975,0.03114111292,0.024721408742,0.05256493974
goe184,ok,,30.154021753,191208268.1,309816.67772,1921477.3188,111647993.32,165761.81255,14520697.537,-4.6673218372e-25,1.2951190705e-24,-4.0127258339e-24,-2.3329677955e-07,1.871894472e-08,4.5903315092e-09,2.0111331404e-07,5.6018331231e-24,-9.3961505826e-26,-3.3887534499e-08,-2.9202829051e-24,5.1745508251e-24,-6.2929766056e-24,-1.2260318306e-24,-8.7934909925e-08,0.22237473306,0.035437925319,0.010498923355,0.062308258802
goe182,ok,,30.078371182,190708637.05,324026.27168,2205374.13,111290585.84,179887.68465,14405062.562,-4.625635374e-25,9.7548963059e-25,-3.9385964146e-24,-2.2210938994e-07,1.8417253351e-08,1.4144247033e-08,1.9821671939e-07,5.1619599412e-24,-1.1038478777e-25,1.2787283823e-07,-3.2477508814e-24,4.6524316468e-24,-6.5809877691e-24,-1.4485288796e-24,-8.1309773698e-08,0.21844631035,0.036767578419,-0.04143415902,0.064227424568
goe187,ok,,30.778872251,195216024.03,321986.77926,1583676.6599,113820271.33,158449.99036,15425294.731,-4.4575066898e-25,1.5977681047e-24,-3.8962216081e-24,-2.4906987586e-07,2.1792435014e-08,6.8883527959e-09,1.7797282201e-07,6.2052661688e-24,-7.2266546877e-26,-1.4958647802e-07,-1.627866446e-24,5.7490014438e-24,-4.9964601998e-24,-8.4489601236e-25,-1.6400568168e-07,0.23608493147,0.033352824372,0.048164868279,0.057304895755
goe188,ok,,30.781643064,195221019.27,393080.85439,1694365.7621,113833269.97,181660.51094,15426561.512,-3.8232211841e-25,1.5726221954e-24,-3.5908467986e-24,-1.9866434062e-07,1.9836216418e-08,4.8195819655e-09,1.296419162e-07,6.1746883711e-24,-5.6842431997e-26,-1.504526477e-07,-9.3612402895e-25,5.6473552267e-24,-3.006334617e-24,-7.4313427604e-25,-1.2421405371e-07,0.23669238525,0.030764411257,0.059140055304,0.050959755186
goe190,ok,,30.759717327,194943391.84,570674.38802,3320585.9393,112342893.57,310551.39548,15185364.323,-3.6922705028e-25,8.0815770117e-25,-2.9778613492e-24,-1.2347123862e-07,1.3861176546e-08,2.7662379724e-09,1.1368626506e-07,4.2126771784e-24,-4.9409925288e-26,7.2142010189e-08,-1.5555201974e-24,3.8593878078e-24,-2.9415202424e-24,-7.9503944983e-25,2.3762245171e-08,0.22431135905,0.040001672256,-0.041169597515,0.06487783974
goe210,ok,,29.90654182,189613865.77,217484.71381,1226451.9165,111342122.05,108335.34985,14239447.683,-4.9371125049e-25,1.9212972282e-24,-4.7436799928e-24,-3.1608356602e-07,1.9739972685e-08,-5.3610955947e-09,2.3777639852e-07,7.2227350506e-24,-9.7843658954e-26,-2.9032319252e-07,-4.4306910432e-24,6.639382498e-24,-1.013727322e-23,-1.4742320627e-24,-1.1779485811e-07,0.22360319597,0.031394698435,0.063140856438,0.051712731984
goe223,ok,,31.392428351,199010188.77,1578012.4256,6455029.0721,112890146.95,763068.42775,15911100.69,-2.4755461177e-25,6.9404030752e-25,-1.8073333052e-24,-5.3366289073e-08,1.4058911971e-08,-9.7347465932e-10,4.1216785199e-08,3.1062541843e-24,-2.4860020624e-26,-1.0810768591e-08,-3.3802956004e-25,2.8819456025e-24,-5.8885929352e-25,-3.6538940066e-25,3.0103045483e-09,0.22564200259,0.041240673973,0.017059527167,0.065040599187
goe199,ok,,31.48838419,199712957.44,297796.56964,1536525.2561,115953270.68,156601.1529,16446409.634,-4.6732338442e-25,1.7247154237e-24,-3.9804595059e-24,-2.6325150482e-07,2.214496929e-08,2.6326536453e-09,2.0865039191e-07,5.9875417817e-24,-4.8296603338e-26,-2.2755456253e-07,-1.2095381971e-24,5.7956181432e-24,-4.0102312994e-24,-4.9615331062e-25,-1.7720872037e-07,0.2437723227,0.034487377446,0.067764968126,0.062135370965
goe198,ok,,31.320858751,198720922.05,330898.51342,2237987.2481,114924431.14,199830.55005,16146928.897,-5.190815854e-25,1.4744662654e-24,-3.7222157017e-24,-2.4025880304e-07,1.9202368169e-08,-9.9852106557e-09,2.3618889116e-07,4.6689286538e-24,-8.4355788652e-26,-2.243429084e-07,-2.2188999985e-24,4.6381038549e-24,-5.9862886854e-24,-8.6993570379e-25,-9.4382169904e-08,0.23677957446,0.04356097683,0.074234734887,0.078154552971
goe217,ok,,32.049098865,203351379.45,1395981.5413,6804447.9886,114776697.53,740254.4212,16898828.418,-2.7828238121e-25,4.9911621387e-25,-1.9100602766e-24,-6.3427385099e-08,1.3479312815e-08,3.4925214678e-09,5.2680889287e-08,2.8682547207e-24,-5.0773273595e-26,4.0471687036e-08,-6.3398537122e-25,2.539958022e-24,-1.1050821701e-24,-6.4060279461e-25,-2.8506673856e-09,0.22552169845,0.046476718486,-0.056497728048,0.073541549024
goe207,ok,,31.185751916,197900721.32,359822.15652,2373767.2263,114464824.23,210538.89113,15951096.661,-5.0008279537e-25,1.0765810812e-24,-3.6562520538e-24,-2.3669872483e-07,2.300377296e-08,1.5195528965e-08,2.137992193e-07,4.7279673236e-24,-1.0795824712e-25,2.1147622858e-08,-1.9047224121e-24,4.4468554476e-24,-4.6302281514e-24,-1.0153598375e-24,-1.7090567858e-07,0.23059843476,0.041591469377,-0.007609383262,0.07692969615
goe222,ok,,31.872502149,202056018.86,1622580.4033,6720748.7312,114116982.03,805994.81239,16584899.829,-2.9024847952e-25,7.0229763793e-25,-1.7538958379e-24,-5.9858118649e-08,1.3493043233e-08,-2.1126984685e-09,4.9685082298e-08,2.9451554938e-24,-2.3444667412e-26,-1.6044666236e-08,-3.2295245919e-25,2.7905108575e-24,-5.7857778588e-25,-2.809910929e-25,7.7047254015e-09,0.22993658932,0.049675245735,0.026033761013,0.080618040874
goe225,ok,,31.35463859,198900519.48,714505.35388,4297379.4619,113802207.51,410372.79169,16026868.483,-4.283385143e-25,8.7045225506e-25,-2.5970414376e-24,-1.2555444654e-07,1.378266783e-08,-2.7601962864e-09,1.2415957261e-07,3.4871813987e-24,-7.3510663995e-26,-2.1496282653e-08,-1.4157481947e-24,3.2987327947e-24,-3.06332466e-24,-8.0641718294e-25,1.0521332053e-08,0.22957698335,0.052516370793,0.015359209044,0.088712679362
goe227,ok,,30.885289049,195860299.83,917355.27711,5080773.6301,111924765.78,499382.74463,15287447.524,-4.0011036141e-25,7.8875397414e-25,-2.3395663445e-24,-1.0318860671e-07,1.3143073658e-08,-4.0598939737e-09,9.5561738257e-08,3.3960715061e-24,-7.0230666835e-26,-1.943537215e-08,-1.1396501817e-24,3.1140725698e-24,-2.3172950784e-24,-8.1626632785e-25,2.4997914826e-08,0.22058431902,0.054293028123,0.017829141204,0.08766406488
goe226,ok,,30.846464687,195579300.58,827276.55286,4970775.3392,111669633.05,468862.54087,15207774.65,-4.2979473386e-25,7.660154086e-25,-2.4429762856e-24,-1.1735831034e-07,1.3764603729e-08,-1.5165225216e-09,1.122423715e-07,3.3674686015e-24,-7.7934774561e-26,-6.3551609512e-09,-1.2444531983e-24,3.1342242722e-24,-2.5937713613e-24,-8.1982942176e-25,1.0617054743e-08,0.21820805995,0.056112576779,0.0052574756446,0.092855482181
goe228,ok,,31.61530103,200444112.68,1450530.8848,6332652.7353,113513471.91,730677.08091,16234053.958,-3.1237672868e-25,6.9268662791e-25,-1.8638683109e-24,-6.9838003558e-08,1.4051192093e-08,-5.0272158773e-10,5.6734645776e-08,3.0570100824e-24,-3.4118579581e-26,-8.6972397872e-09,-4.2925027915e-25,2.8607435101e-24,-7.7676109954e-25,-3.8026123646e-25,-1.8616003476e-09,0.22656520404,0.05072094635,0.012615614924,0.082295355938
goe229,ok,,31.626451025,200485206.01,1678790.7269,6800126.8753,113258213.63,819623.41001,16202966.769,-2.4719829581e-25,6.7937654238e-25,-1.7430555039e-24,-5.1726804419e-08,1.4013646097e-08,-8.016493073e-10,4.020371286e-08,2.9939803962e-24,-2.2905097931e-26,-1.0409732591e-08,-2.8747597068e-25,2.7965274006e-24,-5.0467806285e-25,-3.1673963357e-25,1.3879514138e-09,0.22801578447,0.04265594815,0.017475762543,0.067493620336
goe233,ok,,29.173864413,185149348.45,427643.31701,4333023.4994,108326357.44,283213.09302,13353504.375,-5.1031664166e-25,8.1000809549e-25,-3.3368231851e-24,-1.7674147548e-07,1.0798989096e-08,-7.1263549871e-09,2.0301510099e-07,3.193108023e-24,-2.4899509119e-25,-2.7156588316e-08,-3.3219226075e-24,3.0047174089e-24,-1.0260965551e-23,-2.8838616641e-24,8.5543975686e-08,0.20129681036,0.054965334296,0.011613333506,0.086818051191
goe235,ok,,29.822461197,189186530.41,212552.30066,1189181.2065,111578614.2,101672.85483,14218657.754,-4.0718439293e-25,1.6578138861e-24,-4.9461955887e-24,-2.6290909539e-07,1.8680140874e-08,5.3117619258e-09,1.9909712996e-07,7.5775905902e-24,-1.0503758705e-25,-9.4288464481e-08,-5.1941151178e-24,6.5597776349e-24,-9.7910812807e-24,-1.9173198533e-24,-1.2197809848e-07,0.21920455948,0.02401589468,0.020041230051,0.042318553028
goe234,ok,,31.028459632,197022436.74,632691.28865,5591246.3229,112139757.11,430743.89975,15540864.424,-4.6241523967e-25,7.0641437602e-25,-2.7129101769e-24,-1.2909590963e-07,1.2160559198e-08,-2.9400867885e-09,1.5629985606e-07,2.7096609917e-24,-1.6656541242e-25,-5.5928215945e-09,-2.1331429123e-24,2.5797009956e-24,-5.9057235117e-24,-1.7100015454e-24,3.9032859808e-08,0.22266225655,0.059368199026,0.0035385295018,0.098889557348
goe238,ok,,30.188889013,191326421.07,442911.93265,2446839.9063,111190330.89,228650.15763,14474901.015,-4.0681861636e-25,1.1201115044e-24,-3.4400769419e-24,-1.7501277149e-07,1.9703003255e-08,7.3648501242e-09,1.427407337e-07,5.167731225e-24,-8.7456277967e-26,-3.4714904663e-08,-1.414864472e-24,4.6739167501e-24,-3.0369114165e-24,-1.0089657277e-24,-1.1500522777e-07,0.21838313649,0.034298217134,0.015375645516,0.06322157423
goe239,ok,,30.990345441,196542244.19,559481.93998,3018307.8908,113589071.15,294389.53861,15610837.707,-4.0124786856e-25,1.0225363965e-24,-2.9852772485e-24,-1.4392483786e-07,1.5597165624e-08,7.6382066442e-10,1.2648289104e-07,4.371273534e-24,-6.3199722952e-26,-1.4156741457e-08,-1.5532712286e-24,4.0680791052e-24,-3.099514196e-24,-7.948127103e-25,-2.0101335403e-08,0.23018049083,0.041009309009,0.0079204411743,0.070764893256
goe240,ok,,30.395767964,192718799.86,248608.01462,1520639.2239,112456767.94,135139.14421,14852417.386,-5.0808825755e-25,1.6737053733e-24,-4.38773782e-24,-2.892146625e-07,2.004841607e-08,-2.7716042931e-09,2.4673060524e-07,6.1736608485e-24,-7.6748017469e-26,-2.0232885768e-07,-2.9106812157e-24,5.9066559492e-24,-7.2663960048e-24,-9.6958778459e-25,-1.196515489e-07,0.22823170724,0.03540314862,0.050300575608,0.061339205915
goe241,ok,,31.815364896,201757039.77,1489140.5782,7232883.065,113394712.54,796758.40052,16437297.4,-3.5792955665e-25,5.9282054394e-25,-1.8237224651e-24,-7.8219689671e-08,1.3768578216e-08,1.0748554876e-09,6.5724368878e-08,2.7900219057e-24,-5.4090091466e-26,5.8884554887e-09,-5.8278193113e-25,2.5748350557e-24,-1.0789127466e-24,-5.1297395025e-25,-3.8447766203e-09,0.22237736123,0.061641581276,-0.0087687380113,0.097872824675
goe242,ok,,30.176513955,191434839.71,1034616.716,5677514.4523,109846035.49,542403.46198,14356208.904,-3.8523762969e-25,7.0378517519e-25,-2.2470014115e-24,-9.8030996176e-08,1.3461514329e-08,-2.6254652085e-09,8.0715665133e-08,3.3604163878e-24,-9.244417713e-26,-8.8657983388e-09,-1.0899813745e-24,2.9855980526e-24,-2.2992888409e-24,-1.0368405636e-24,2.2135361241e-08,0.2101244584,0.055703514586,0.0091727031622,0.083509776391
goe243,ok,,31.371107941,198942262.7,1474307.4929,7610155.3798,111915066.63,794897.36011,15780571.893,-3.4831318523e-25,5.4144413936e-25,-1.850060008e-24,-7.3364716884e-08,1.2547889222e-08,-3.4368695221e-10,6.273331978e-08,2.7792967857e-24,-6.1855996824e-26,1.261638947e-08,-7.1817895729e-25,2.4901134689e-24,-1.3415390106e-24,-6.8014218643e-25,1.6726279337e-08,0.21336889803,0.061165691698,-0.01860043753,0.092488203409
goe244,ok,,31.336581552,198678009.98,1309952.3258,7316026.549,111621129.07,739806.02853,15699150.006,-4.3425887702e-25,5.8493667462e-25,-1.922883032e-24,-9.7437598e-08,1.2882813484e-08,-5.6479026801e-11,8.6865489334e-08,2.7544654197e-24,-7.5130175803e-26,5.4891769907e-09,-7.6880614906e-25,2.5689320594e-24,-1.5516355882e-24,-6.321842563e-25,8.0764907053e-09,0.21138158196,0.073350683388,-0.0071905601658,0.11378964979
goe255,ok,,31.883951677,202068749.21,1666512.2112,5753915.8256,114966055.15,816266.64881,16707766.111,-1.9720625195e-25,7.6281066479e-25,-1.6701211934e-24,-4.3158471006e-08,1.4354000371e-08,1.5388138333e-09,3.4109946149e-08,3.0896866473e-24,1.0036587625e-26,1.6614632253e-09,1.1384264953e-25,3.1555886355e-24,1.2968735902e-25,1.6431106604e-25,-9.7948859362e-09,0.2340419421,0.033359841481,-0.0027688487534,0.056844641782
goe264,ok,,30.46752084,193355248.73,201413.79797,1645035.3372,112921481.28,126354.39618,15024059.512,-5.6044424147e-25,1.6383357208e-24,-4.744463122e-24,-3.3210164653e-07,2.1382991761e-08,-6.910143023e-09,3.3275406822e-07,5.4353026385e-24,-1.2816636636e-25,-2.4522791561e-07,-4.3507007737e-24,5.3807167204e-24,-1.2124044338e-23,-1.5298432158e-24,-1.4509467997e-07,0.22967588227,0.037764579681,0.04939228585,0.067021260669
goe256,ok,,31.695552189,200875954.32,1392023.9597,4616414.525,115031515.92,668702.87099,16519415.549,-2.091124627e-25,9.1329088598e-25,-1.8173206782e-24,-5.1463849802e-08,1.4795047072e-08,1.824478759e-09,4.073112624e-08,3.4357965752e-24,1.2975396843e-26,-1.7630506288e-08,1.5243165208e-25,3.5207970049e-24,1.622962068e-25,2.0852284813e-25,-2.0091110135e-08,0.23293775827,0.031290396589,0.024542087175,0.056698703633
goe257,ok,,31.479702994,199648321.69,387910.31051,1616530.8818,116043296.4,183658.14976,16448034.494,-3.4117685965e-25,1.6331854008e-24,-3.5647632372e-24,-1.7276258729e-07,1.8442642279e-08,4.3519388829e-09,1.2491176747e-07,6.0506064218e-24,-3.3774205349e-26,-1.4687998692e-07,-7.8039495465e-25,5.7352798823e-24,-2.2978204023e-24,-4.6090335643e-25,-1.0894796541e-07,0.2463641543,0.026810571727,0.056976261334,0.048454562504
goe265,ok,,30.006800543,190306696.6,225391.61962,2574892.2998,110897732.58,166663.04359,14312042.056,-6.2821273645e-25,1.047918875e-24,-4.3870674215e-24,-3.2451992949e-07,2.2874204719e-08,1.131738548e-08,3.8532691992e-07,3.8136437539e-24,-1.9345163984e-25,3.5684436998e-08,-4.4858504169e-24,4.0326783717e-24,-1.262446813e-23,-1.8937369089e-24,-1.4559120438e-07,0.21448312498,0.048910270199,-0.0080429730503,0.086849458564
goe269,ok,,30.466895237,193359670.46,201125.51806,1514145.9861,113190933.13,118463.60447,15066386.287,-5.2402615454e-25,1.5551676548e-24,-4.79871444e-24,-3.2039612838e-07,2.0575382762e-08,3.2499507004e-09,3.0363025774e-07,5.7801572437e-24,-1.3387141276e-25,-1.0799542506e-07,-5.5496292906e-24,5.5184688894e-24,-1.2987078183e-23,-1.7640991943e-24,-1.4222955503e-07,0.22857412028,0.034113793108,0.021720635812,0.061067792886
goe274,ok,,31.273754883,198364459.41,391115.39612,1781518.5672,115311995.16,188689.82701,16139006.478,-4.1807514473e-25,1.5461258514e-24,-3.5257436784e-24,-2.0756674545e-07,1.8601530014e-08,1.2661372391e-09,1.5038042509e-07,5.7368085481e-24,-5.0755285355e-26,-1.4031586284e-07,-1.5683003269e-24,5.4357308257e-24,-3.5340277425e-24,-6.3183913551e-25,-9.6376592657e-08,0.23919046306,0.034827644987,0.054879694277,0.058816099528
goe275,ok,,30.217435393,191505454.01,288558.96863,1509868.5439,111930675.97,141158.06328,14598408.653,-4.7511228991e-25,1.5490590631e-24,-4.1446591887e-24,-2.7089511854e-07,1.9791744536e-08,4.9967717469e-09,1.9574478004e-07,6.4992672475e-24,-7.9554961537e-26,-9.2059785449e-08,-2.838287327e-24,6.0154567375e-24,-5.9940549514e-24,-1.0536573989e-24,-1.175765567e-07,0.22321294541,0.034544003005,0.026564676742,0.056483911845
goe277,ok,,30.514094126,193503700.49,342085.56616,1663207.8599,113004344.12,164089.62962,15047994.736,-4.0174819846e-25,1.4936025282e-24,-3.8529444063e-24,-2.0929273463e-07,1.883863625e-08,4.2938626675e-09,1.5296752214e-07,6.2015131794e-24,-6.7341770652e-26,-9.6488297821e-08,-2.0857032721e-24,5.6823623412e-24,-4.3639469232e-24,-9.5674351664e-25,-1.036196933e-07,0.22985121752,0.030443526972,0.033007253988,0.052327981415
goe276,ok,,31.06256757,197063576.51,258396.54926,1237467.4151,115011646.73,124437.87033,15883738.107,-4.2373027473e-25,1.8393455827e-24,-4.3353167607e-24,-2.6086609273e-07,1.933979849e-08,3.0146399518e-09,1.8899851647e-07,6.9355259138e-24,-6.4441913489e-26,-1.8594001821e-07,-2.8213990075e-24,6.4612186945e-24,-6.2993882458e-24,-9.5034990458e-25,-1.2922812841e-07,0.24047664965,0.028602003219,0.048046259075,0.048836564471
goe279,ok,,30.636971339,194286449.43,295628.29002,1441709.4201,113475758.71,142934.58819,15233169.828,-4.6643660761e-25,1.8088690161e-24,-4.0568156017e-24,-2.6892683431e-07,2.0310029263e-08,-1.9322793081e-09,1.9003567969e-07,6.5343332385e-24,-6.9645359939e-26,-2.531437732e-07,-2.4288126183e-24,6.1419182614e-24,-5.6937081409e-24,-8.8864944755e-25,-1.3222708842e-07,0.23184934921,0.034069323743,0.074836460801,0.05617992303
goe278,ok,,30.409795932,192799886.29,278858.18268,1357696.5192,112726980.3,133657.33738,14900266.778,-4.3817651701e-25,1.82410365e-24,-4.2249148293e-24,-2.563503635e-07,1.967978433e-08,-9.6660969759e-10,1.8273008443e-07,6.8742324144e-24,-6.7665199807e-26,-2.4328626954e-07,-2.5438396373e-24,6.3843693749e-24,-5.6813104297e-24,-9.5494493007e-25,-1.2519015488e-07,0.22923791137,0.030435965719,0.067842366996,0.050955779265
goe280,ok,,31.049073071,196977121.42,327489.16755,1497908.2764,114832938.84,155482.11132,15846759.348,-4.2190125413e-25,1.7055321225e-24,-3.8642066102e-24,-2.3854240063e-07,2.0562893535e-08,4.3008874462e-09,1.6393195617e-07,6.3605278915e-24,-6.4532495689e-26,-1.8791945109e-07,-1.7699909164e-24,5.9208505353e-24,-4.6418243706e-24,-8.1165996338e-25,-1.4749719236e-07,0.2389918119,0.031625041475,0.061541584603,0.053685939862
goe282,ok,,31.240892568,198125461.21,452193.84806,2110261.0975,114972015.96,221101.07806,16052100.561,-3.896447106e-25,1.3425827437e-24,-3.30170801e-24,-1.7182460021e-07,1.7365155005e-08,1.8931127003e-09,1.3341054525e-07,5.2751667364e-24,-4.3890978123e-26,-7.4188151982e-08,-1.2917471116e-24,4.9905758946e-24,-2.7635146606e-24,-5.6560073261e-25,-6.6287652545e-08,0.23826235511,0.034506083898,0.033547425925,0.060327427829
goe281,ok,,30.796740025,195329738.73,322397.27184,1569439.5271,113912408.12,157567.65454,15456618.743,-4.2423413387e-25,1.6590598643e-24,-3.9104815483e-24,-2.2778789657e-07,1.9302121675e-08,7.6184418104e-10,1.6967250007e-07,6.2312858413e-24,-6.2709571779e-26,-1.7968143889e-07,-2.0536199725e-24,5.8217969646e-24,-4.8537849263e-24,-8.4260703986e-25,-1.1337075715e-07,0.23535473458,0.031697952705,0.057928805699,0.054701951128
goe284,ok,,32.050313404,203123103.28,1523797.1827,5469320.1946,115600332.24,759309.40597,16976708.52,-2.0594754585e-25,7.1959955383e-25,-1.745088442e-24,-4.8166007023e-08,1.4492362733e-08,4.1839678779e-09,3.9450952643e-08,3.143134306e-24,1.0811433146e-26,1.8603679719e-08,1.0206936772e-25,3.2102996401e-24,1.0496776972e-25,1.6096085734e-25,-2.3311726042e-08,0.23147793496,0.032486213342,-0.028348234743,0.06011525049
goe285,ok,,31.222893121,197944782.36,736761.82315,2807978.125,114758128.54,328161.42162,15992591.035,-2.4090298154e-25,1.1027855491e-24,-2.6415457261e-24,-8.6980470148e-08,1.5744847312e-08,2.8792982112e-09,6.043445618e-08,4.7354347643e-24,-2.3519164062e-26,-2.9880636705e-08,-4.1850448437e-25,4.433839011e-24,-7.9213186971e-25,-3.9059979311e-25,-3.970992773e-08,0.2336301882,0.025503559901,0.022014912375,0.044525800116
goe286,ok,,30.792843822,195310437.07,427224.05628,1910284.6076,113877542.24,198966.48917,15449169.542,-3.3669172662e-25,1.3156067004e-24,-3.4757810106e-24,-1.6074078831e-07,1.8195501192e-08,7.6865440131e-09,1.1475935433e-07,5.7853356452e-24,-5.4786612849e-26,-3.7120970295e-08,-1.3487496812e-24,5.2789837147e-24,-2.6781382547e-24,-8.0244945922e-25,-9.8924585207e-08,0.23211679276,0.027424117576,0.015858971502,0.049027956855
goe289,ok,,31.59980923,200265608.74,1393439.8602,5612516.4827,113866469.93,675270.48695,16253176.265,-2.7288109889e-25,7.7398780822e-25,-1.9019502227e-24,-6.4552647035e-08,1.4783890372e-08,3.3071788003e-10,5.134710118e-08,3.2716818952e-24,-2.0327303052e-26,-1.9188142349e-08,-2.3212434215e-25,3.1215402281e-24,-4.4055499951e-25,-2.3307443118e-25,-1.5961872668e-08,0.22894731452,0.041127755987,0.026737522392,0.071549097487
goe288,ok,,31.968487037,202709568.57,1393950.3348,5735108.9845,115275906.41,684487.37713,16858575.007,-2.4481309851e-25,6.7636650742e-25,-1.8991481279e-24,-5.6993002859e-08,1.4163224294e-08,1.8089967036e-09,4.6918569581e-08,3.1724324999e-24,-2.2425400397e-26,1.0383001067e-08,-2.9432862633e-25,2.9851874909e-24,-5.133607206e-25,-2.9609942116e-25,-1.0372210262e-08,0.23193774519,0.037366278187,-0.014473387814,0.065402155776
goe287,ok,,30.41135632,192935131.67,379185.56369,1978485.0104,112590074.06,190149.14568,14910197.237,-4.0466686102e-25,1.3661413892e-24,-3.6821688244e-24,-1.9424481326e-07,1.9696112427e-08,4.8018197461e-09,1.513369653e-07,5.6704806212e-24,-8.3538089007e-26,-9.7870895769e-08,-1.869978084e-24,5.1511380501e-24,-4.1969995402e-24,-1.0818091395e-24,-1.191589464e-07,0.22789746277,0.031788330133,0.037111230781,0.057384792495
goe298,ok,,31.432597208,199374904.73,830392.18572,3611697.5848,115072895.29,393734.23919,16276079.132,-2.5298355811e-25,8.1727509928e-25,-2.4966200637e-24,-7.8186053187e-08,1.482399412e-08,3.8615865016e-09,6.3952222443e-08,4.1043818695e-24,-3.7764651226e-26,2.7091993431e-08,-6.8671449161e-25,3.7284473081e-24,-1.1652336585e-24,-5.8500746542e-25,-2.5413024215e-08,0.22851851242,0.028500899561,-0.02249697964,0.053105425776
goe290,ok,,31.886342364,202083575.98,1442867.6343,4991912.3348,115586791.76,696529.97164,16797712.367,-1.6391376579e-25,7.640068463e-25,-1.7964450161e-24,-4.0694609622e-08,1.4441055801e-08,3.5602561073e-09,3.1382427084e-08,3.3143907015e-24,8.4440759575e-27,2.0739143754e-08,8.965737533e-26,3.3884274718e-24,8.7296947427e-26,1.6608231913e-25,-1.9699577374e-08,0.23314945729,0.025150832037,-0.029923839286,0.045280688327
goe300,ok,,30.575811174,193776753.91,326994.43805,1795082.717,112252230.96,216311.40151,14995881.143,-5.3390824215e-25,1.1995495368e-24,-3.6872594395e-24,-2.3584994202e-07,2.1186806022e-08,2.5752680075e-08,2.4753463145e-07,5.5977915557e-24,8.690288105e-26,1.4665842808e-07,2.1302840554e-24,5.6427952596e-24,2.8631889319e-24,1.0049024053e-24,-1.2099764267e-07,0.22492515505,0.045161439377,-0.047956490276,0.080942447709
goe29b,ok,,30.640107128,194316449.21,422077.4249,2767737.3043,112551361.16,239797.53649,15125573.007,-4.817715255e-25,9.5541562874e-25,-3.4090108445e-24,-2.0367721791e-07,1.95427513e-08,1.0965015942e-08,1.8483913061e-07,4.4948362699e-24,-1.0437681715e-25,3.9023639713e-08,-2.1249560858e-24,4.1823293258e-24,-4.5032833524e-24,-1.0680559957e-24,-1.0262208905e-07,0.21960097506,0.043464000854,-0.01647099736,0.07801642427
goe301,ok,,31.216665277,197917672.54,503096.88863,2621446.0711,114286188.56,265735.1493,15925116.1,-4.6320016179e-25,1.1914915981e-24,-3.1020924094e-24,-1.8888552862e-07,1.872104002e-08,2.4739822586e-09,1.542925361e-07,4.6432886028e-24,-5.6072645832e-26,-6.6547913824e-08,-1.1998662841e-24,4.4549068367e-24,-2.6943125407e-24,-5.5374982252e-25,-8.2376444509e-08,0.23214277979,0.045133850592,0.033480048389,0.077624094848
goe303,ok,,31.302167611,198478294.96,517934.07742,2476238.7743,114799251.7,261773.0265,16086190.708,-4.1771637497e-25,1.2723039558e-24,-3.0736201039e-24,-1.7004793441e-07,1.7910142648e-08,8.138362899e-10,1.3525286587e-07,4.8248505808e-24,-4.4175118455e-26,-9.0097088428e-08,-1.0332278915e-24,4.6186907045e-24,-2.2904336308e-24,-4.8023128384e-25,-7.2944565894e-08,0.23576645185,0.040026862407,0.046664352373,0.070052068304
goe304,ok,,31.002992807,196557156.63,429957.46252,2431668.7768,113715507.43,233829.74859,15627588.796,-4.7402914487e-25,1.2726703067e-24,-3.3499747637e-24,-2.0049692409e-07,1.8012237118e-08,-1.4567062161e-09,1.7527441749e-07,4.8006516327e-24,-6.1795263687e-26,-1.0197963462e-07,-1.5798782119e-24,4.6198036489e-24,-3.5651055714e-24,-6.5709571307e-25,-7.154742169e-08,0.22898826117,0.043063430707,0.043846904931,0.075360543789
goe308,ok,,30.715743129,194662218.7,370216.40274,1802888.6267,113086501.94,182110.42157,15236158.194,-4.1229066678e-25,1.5556289022e-24,-3.6732921509e-24,-2.0655542489e-07,1.9989030728e-08,1.7047208002e-09,1.5672893723e-07,5.8919629673e-24,-4.4169326997e-26,-1.7044563907e-07,-9.5214015493e-25,5.5885170302e-24,-2.6620845084e-24,-5.0179073192e-25,-1.2671905491e-07,0.23176634939,0.032284866308,0.06310177136,0.058023623345
goe309,ok,,30.866225236,195720366.16,418856.72217,1839586.281,113862794.44,195984.86718,15507231.379,-3.5280068147e-25,1.5726922989e-24,-3.4863219297e-24,-1.7674450851e-07,2.0158490723e-08,4.5737764929e-09,1.2279605771e-07,5.9028413648e-24,-4.8671973768e-26,-1.8220050554e-07,-6.7766180683e-25,5.493553548e-24,-2.0995141204e-24,-5.8000487147e-25,-1.4308637548e-07,0.23549308982,0.028057736807,0.076315906529,0.051433954225
goe310,ok,,30.674310103,194399402.08,378007.89728,1836689.4234,112941897.12,185189.62579,15175082.404,-3.7806314846e-25,1.5797442006e-24,-3.6514060071e-24,-1.789384388e-07,1.8254113372e-08,-2.4775547655e-09,1.4415295298e-07,5.8507658066e-24,-4.0592825308e-26,-1.9208055043e-07,-1.0947633652e-24,5.5309360686e-24,-2.7254879484e-24,-5.3703382264e-25,-8.837011842e-08,0.2324943149,0.029340677085,0.072607964976,0.054490954644
goe314,ok,,30.32699115,192201268.45,320359.9808,1660528.9593,112067713.85,158265.89933,14719671.688,-4.2288354241e-25,1.4054244416e-24,-3.9854011833e-24,-2.2629626846e-07,2.0153677428e-08,9.259757016e-09,1.706914938e-07,6.247129942e-24,-6.7713662379e-26,-4.8499759733e-08,-1.7774914996e-24,5.7716430704e-24,-3.8984690331e-24,-8.5819399822e-25,-1.3845680434e-07,0.22351912791,0.030932031606,0.015537382097,0.054682723676
goe311,ok,,30.905776971,195989288.02,393858.88048,2278935.9861,113479409.06,214214.83242,15500256.915,-4.478052548e-25,1.3451378389e-24,-3.5337298446e-24,-2.0159460911e-07,2.0123690713e-08,7.3298903575e-10,1.7740446103e-07,5.0283075832e-24,-6.2822008555e-26,-1.3110866592e-07,-1.2975451897e-24,4.7904681314e-24,-3.3641431159e-24,-6.6063597721e-25,-1.1779053732e-07,0.23287521432,0.037332653942,0.051638312381,0.069872322412
goe315,ok,,29.896434917,189471681.97,300425.41678,1509854.7685,111012172.56,142495.38503,14171694.653,-3.9670124112e-25,1.4865313661e-24,-4.1911242393e-24,-2.2419862179e-07,2.0221912275e-08,8.9143255451e-09,1.5770680361e-07,6.8036104617e-24,-8.4946048436e-26,-8.0230141425e-08,-2.1861990931e-24,6.0555429915e-24,-4.5862673443e-24,-1.2384393198e-24,-1.4770934181e-07,0.21957550752,0.027337905338,0.024103173676,0.047379132205
goe316,ok,,30.531518204,193661048.65,388143.51334,1818071.6624,113112771.29,183137.5749,15088641.703,-3.5911022041e-25,1.3419561624e-24,-3.6739634587e-24,-1.8248780541e-07,1.970623614e-08,1.0132962623e-08,1.2753570046e-07,6.0240626394e-24,-7.4079942872e-26,-5.0033569967e-08,-1.467513117e-24,5.3947064608e-24,-3.0991991231e-24,-1.0184637359e-24,-1.3608172582e-07,0.22853160654,0.02774243656,0.019420205632,0.049502154853
goe319,ok,,30.905845015,195907795.69,570174.45379,2699026.9729,113385756.84,279852.22869,15479164.392,-3.9503343139e-25,1.0851396595e-24,-2.9789860906e-24,-1.5952996842e-07,1.9006853773e-08,7.7925996164e-09,1.1911230718e-07,4.7840603106e-24,-5.6646124771e-26,-2.6507291963e-08,-9.5356943789e-25,4.4670163151e-24,-1.9408199913e-24,-5.9383959998e-25,-9.9998443186e-08,0.22487000002,0.038382515673,0.015113780716,0.067914794686
goe318,ok,,30.014021445,190425871.62,381842.22564,1995975.7463,111675586.05,184883.0156,14417623.132,-3.6167906765e-25,1.2010368103e-24,-3.7643152271e-24,-1.7699018872e-07,1.9797284765e-08,1.0415597437e-08,1.3223269552e-07,5.8669772894e-24,-9.8932987297e-26,-1.9875090316e-08,-1.8789871273e-24,5.0749104368e-24,-3.8422099195e-24,-1.4058935044e-24,-1.3577902408e-07,0.22118958645,0.02718727202,0.007589148721,0.050492026759
goe320,ok,,31.683701438,200915631.01,862665.80262,3729250.7792,115359973.27,422422.0604,16571783.414,-3.5101190698e-25,9.3305325357e-25,-2.4032686171e-24,-1.1498006915e-07,1.7363097217e-08,5.5238734183e-09,8.6728183546e-08,3.9510181862e-24,-4.1800421912e-26,-2.4949426939e-08,-5.1214454616e-25,3.7286042853e-24,-1.0352805767e-24,-4.0058039502e-25,-7.0192204722e-08,0.2309804124,0.041759086974,0.021523017415,0.074817438069
goe322,ok,,31.595000528,200360630.31,883346.99885,3778279.8961,115031096.69,432935.24051,16429601.839,-3.2969081886e-25,9.3684683216e-25,-2.3879432222e-24,-1.0710833871e-07,1.7629389554e-08,5.9385908773e-09,8.0408911439e-08,3.9556295815e-24,-4.0198278908e-26,-2.4020226212e-08,-4.1397633823e-25,3.7199516636e-24,-8.8828545317e-25,-3.9662160014e-25,-7.2286046475e-08,0.23428059338,0.039078471271,0.021218194736,0.071028970601
goe321,ok,,31.067020233,197017993.02,639858.98658,2804740.5703,114088298.17,305138.2007,15751240.099,-3.3391028159e-25,1.0752370737e-24,-2.8361429115e-24,-1.3004985846e-07,1.8297011605e-08,7.5644078357e-09,9.389319182e-08,4.7199640094e-24,-5.1436600929e-26,-2.8708606984e-08,-6.9173023362e-25,4.3559315835e-24,-1.4267119425e-24,-5.9195778822e-25,-9.2698575866e-08,0.2300231787,0.033203886069,0.018369460171,0.060078402565
goe325,ok,,30.403759902,192798548.35,325772.09465,1653484.025,112590688.38,159373.06368,14883789.598,-4.3233982794e-25,1.4882206065e-24,-3.9290921681e-24,-2.2861911321e-07,1.9076928627e-08,4.0250873575e-09,1.6929173082e-07,6.2057511251e-24,-6.8436782672e-26,-8.928860808e-08,-2.1438475715e-24,5.7255418014e-24,-4.690506132e-24,-9.4240319079e-25,-1.0291917754e-07,0.22804650573,0.032704082001,0.029087736883,0.055150521757
goe323,ok,,30.355847777,192437260.41,578783.53865,2851848.9462,111750054.57,282205.50687,14720136.771,-3.4762221686e-25,9.4778532883e-25,-3.0372168041e-24,-1.3839608633e-07,1.9015299359e-08,1.0491766817e-08,1.0316349039e-07,4.8457113202e-24,-7.5247023716e-26,1.4631705836e-08,-9.1211717855e-25,4.320461707e-24,-1.8225327168e-24,-8.8479585369e-25,-1.0687887941e-07,0.2182020252,0.032504947466,-0.0084685904801,0.059709330028
goe326,ok,,30.486638697,193330187.43,326463.84982,1710098.8951,112854968.8,162774.46831,15002030.265,-4.3007212667e-25,1.4998419339e-24,-3.9233757361e-24,-2.2397604414e-07,1.9495275896e-08,3.3068857112e-09,1.7317145796e-07,6.0336221069e-24,-7.8580640261e-26,-1.2013010465e-07,-2.3713472621e-24,5.5588156619e-24,-5.1042464703e-24,-1.0370445719e-24,-1.1585945884e-07,0.22899560951,0.032150526348,0.039218136443,0.056534220846
goe324,ok,,30.877163721,195781866.06,800850.40209,3758260.0181,112783925.27,396329.8536,15378860.064,-3.3566133885e-25,8.3650288055e-25,-2.5567732817e-24,-1.1332574373e-07,1.8396239804e-08,9.0145875466e-09,8.5740851138e-08,4.1137457014e-24,-6.2327456415e-26,5.475572075e-09,-5.5882631943e-25,3.7420899398e-24,-1.1308541793e-24,-6.3551509311e-25,-8.9275183704e-08,0.22088394747,0.037146764637,-0.0043851140979,0.068665595109
goe328,ok,,30.615249702,194208588.6,333496.07897,1662179.1894,113406563.22,163362.93354,15213507.625,-3.9767383851e-25,1.5440513808e-24,-3.9057277996e-24,-2.0154283114e-07,1.7960656883e-08,-1.3787393217e-10,1.5586453794e-07,6.1626402013e-24,-7.0784985228e-26,-1.4197675121e-07,-2.1957276988e-24,5.6222580744e-24,-4.6495473696e-24,-1.0593153935e-24,-8.4050926833e-08,0.23109147302,0.029757228221,0.047348689835,0.051980212253
goe330,ok,,30.950675319,196179070.0,537204.76052,2568415.0091,113414689.29,270506.22385,15526027.581,-4.1522582167e-25,1.2812041293e-24,-3.0382735928e-24,-1.6337546784e-07,1.7688398833e-08,-1.3140509719e-09,1.2964737809e-07,4.8444539525e-24,-4.1601909271e-26,-1.0642496177e-07,-9.1113517619e-25,4.6313808695e-24,-2.1228595414e-24,-4.5964637902e-25,-6.2741048148e-08,0.23149973124,0.040276914289,0.0571719961,0.0696471887
goe329,ok,,31.182883389,197772841.88,533664.81173,2483865.5222,114481456.52,265314.52238,15927987.99,-3.9298791968e-25,1.3032536994e-24,-3.0561218606e-24,-1.5962285622e-07,1.820308944e-08,5.0662466115e-10,1.2306392415e-07,4.902107062e-24,-5.320704937e-26,-1.1162548752e-07,-1.0255958158e-24,4.6145120404e-24,-2.3336962119e-24,-6.0034262549e-25,-8.0552446431e-08,0.2354668411,0.037335277189,0.05957059478,0.06567488591
goe331,ok,,31.313621025,198516184.61,635828.71311,3034789.1065,114274850.83,326419.93447,16022724.508,-4.4639319481e-25,1.1902825844e-24,-2.7671336486e-24,-1.6588944621e-07,1.8906951948e-08,-3.3644696161e-10,1.2887244552e-07,4.3648945997e-24,-4.6728993964e-26,-1.0504525931e-07,-7.4676745078e-25,4.2021047003e-24,-1.8175662193e-24,-4.1691317698e-25,-8.2734211273e-08,0.23093294544,0.047948749746,0.066790792043,0.081940801189
goe332,ok,,31.434496984,199276768.21,743166.44067,3325429.4187,114602934.62,372493.17823,16190806.668,-3.7978053825e-25,1.1003585203e-24,-2.5791873624e-24,-1.2579312522e-07,1.6532369142e-08,-8.5021489463e-10,1.0095126768e-07,4.1901334161e-24,-3.178597992e-26,-7.0071111605e-08,-5.5081262689e-25,4.0240267942e-24,-1.227600731e-24,-3.3207185488e-25,-4.3551201898e-08,0.2345599795,0.043063528855,0.052074498605,0.07502359428
goe335,ok,,29.756352143,188582109.36,210997.48506,1385628.9086,110459749.12,113938.21242,13969777.699,-5.2232652579e-25,1.6847700388e-24,-4.806765508e-24,-3.2250200015e-07,2.0584442596e-08,-7.079700961e-10,2.7049223332e-07,6.6773443807e-24,-1.0553998317e-25,-1.788172209e-07,-4.02554898e-24,6.2141077929e-24,-9.9207948513e-24,-1.4378712452e-24,-1.3070117744e-07,0.22040376578,0.03347056511,0.037729983895,0.057073180958
goe336,ok,,31.160350606,197545388.86,445328.28526,2098108.3884,114451563.75,221675.63743,15880916.283,-3.902431604e-25,1.4151549455e-24,-3.3392665018e-24,-1.7922149295e-07,1.997790628e-08,4.3598386028e-09,1.3846782842e-07,5.3454324988e-24,-3.9862619479e-26,-1.2949485168e-07,-6.5821266191e-25,5.0953081241e-24,-1.8819901994e-24,-4.1362104929e-25,-1.2816088001e-07,0.23614654062,0.033047154936,0.057667720249,0.061663640592
goe346,ok,,30.195842075,191525783.44,171051.55091,944621.22256,112548121.63,84496.89047,14685059.07,-4.7759443397e-25,2.4077230183e-24,-5.3208522533e-24,-3.5299930984e-07,2.0667375046e-08,-1.258147102e-08,2.6176878852e-07,8.2024348276e-24,-9.6317863759e-26,-5.9202220309e-07,-5.4910513621e-24,7.553049172e-24,-1.2399241277e-23,-1.5462024019e-24,-1.7096708667e-07,0.22855153268,0.026531215875,0.10126631601,0.044775957256
goe344,ok,,31.131408383,197298792.21,272052.0182,987146.60368,115296843.1,122490.30271,15956569.702,-2.6180060158e-25,1.975503659e-24,-4.1245065233e-24,-1.6340843124e-07,1.7138677773e-08,1.0434714881e-08,1.1753178872e-07,7.6520101405e-24,1.3761495013e-26,-3.685816516e-08,8.7926894624e-25,7.7650688318e-24,1.3127107041e-25,4.4508538186e-25,-1.0100351596e-07,0.24117322058,0.017034792894,0.010027338219,0.031974760325
goe342,ok,,29.68128119,188296500.13,132134.43019,1629533.7639,110692799.01,100895.3287,13992237.094,-6.8883561949e-25,1.9939837115e-24,-5.352414587e-24,-4.6276044976e-07,1.8668986914e-08,-4.6270899915e-08,5.610020405e-07,4.349960233e-24,-2.1623477281e-25,-6.7200509772e-07,-7.2601403488e-24,5.2410651048e-24,-2.6972748391e-23,-2.6337380757e-24,-6.7157883863e-08,0.21733438359,0.045219819352,0.088795010674,0.074127684958
goe358,ok,,30.317736461,192296052.29,408821.66036,2736825.8483,111789055.5,229257.17505,14713179.447,-4.1089720576e-25,9.4105260631e-25,-3.5101826215e-24,-1.5886729543e-07,1.3563891863e-08,4.1153604278e-10,1.5262735543e-07,4.5869400398e-24,-8.7614236261e-26,6.0201684227e-08,-3.0062470915e-24,4.0728583475e-24,-6.3374440107e-24,-1.4750825548e-24,4.4753419523e-08,0.22352889679,0.038719024206,-0.024611752502,0.062397368863
goe362,ok,,28.734539175,182107331.84,171123.28741,1542844.9023,107904556.59,101374.30007,12771738.553,-6.0308227281e-25,1.5566384448e-24,-5.1784864924e-24,-3.9265050483e-07,1.888633006e-08,-3.4159299687e-09,3.6381132542e-07,5.953035747e-24,-2.0258357303e-25,-1.2126379638e-07,-8.1705930723e-24,5.5509157419e-24,-2.0142683666e-23,-2.9169012803e-24,-7.2278811919e-08,0.20445348584,0.03830866895,0.020751059481,0.062256590004
goe359,ok,,30.422022594,192866164.8,285478.01496,1893252.671,112253523.53,162473.91285,14851248.505,-5.2911258081e-25,1.407040475e-24,-4.084932239e-24,-2.7515088422e-07,2.0514439629e-08,1.6917329088e-09,2.4453692111e-07,5.4192374002e-24,-9.9230257742e-26,-1.0441076161e-07,-2.7666395552e-24,5.1725739838e-24,-7.0373147785e-24,-1.1190116456e-24,-1.1694754376e-07,0.22690965935,0.040408102918,0.029806976965,0.069809914823
goe361,ok,,28.86392807,182928922.43,173915.50785,1676092.8515,108285839.33,108466.87402,12940088.658,-6.1490554209e-25,1.4552161492e-24,-5.1054328732e-24,-3.8865592529e-07,1.9867963553e-08,-3.3768423949e-10,3.7866978925e-07,5.5269688102e-24,-2.1740376168e-25,-8.3787778243e-08,-7.5873613565e-24,5.2489668027e-24,-1.956479467e-23,-2.8989845379e-24,-9.5111233127e-08,0.20518184875,0.040043849835,0.014571994005,0.065856548705
goe360,ok,,30.625093222,194169124.5,460734.5385,2393806.0702,112604671.75,236396.87109,15100148.943,-4.4061896506e-25,1.290972471e-24,-3.3004560122e-24,-1.9137326055e-07,2.0001076306e-08,2.4265817536e-09,1.4955122252e-07,5.0770838121e-24,-7.3209826166e-26,-1.0911011835e-07,-1.3495423453e-24,4.7471980456e-24,-3.1335329878e-24,-7.728778443e-25,-1.1039765083e-07,0.22639401559,0.03935893854,0.050270800025,0.06890341349
goe363,ok,,30.821214689,195368363.94,629215.98928,2935215.6266,113011085.0,304895.4689,15345167.449,-3.8702895544e-25,1.0542482983e-24,-2.83675917e-24,-1.4573783536e-07,1.7471624371e-08,4.3194687442e-09,1.0856524386e-07,4.6079705775e-24,-4.9488682883e-26,-2.3916231445e-08,-9.5894363129e-25,4.308148079e-24,-1.9032329682e-24,-5.632537352e-25,-6.1535998686e-08,0.2260497689,0.040208095272,0.015048475228,0.068310987315
goe364,ok,,30.937372103,196067272.48,597386.27793,2897496.6327,113144707.28,301671.62536,15472365.281,-4.3761370071e-25,1.089277769e-24,-2.8832110838e-24,-1.7021596117e-07,1.9458506346e-08,5.8917244283e-09,1.291799106e-07,4.5635640064e-24,-5.0981009859e-26,-4.2568655153e-08,-8.2659249153e-25,4.3399201613e-24,-1.8717242394e-24,-4.7797461995e-25,-9.4577592409e-08,0.22567747657,0.044947785229,0.025429930458,0.077170305979
goe365,ok,,30.980414461,196339317.63,745152.0801,2989932.0105,113514840.69,342900.26942,15565083.043,-3.3331913804e-25,1.1669920362e-24,-2.6155223863e-24,-1.2103657363e-07,1.7403214105e-08,2.09230096e-09,8.212087127e-08,4.6132790633e-24,-3.3490858766e-26,-7.80328268e-08,-4.8922398369e-25,4.3553694964e-24,-1.0701040465e-24,-3.858133969e-25,-6.3651628368e-08,0.22963118562,0.036509299592,0.058146323206,0.061192538047
goe371,ok,,29.667570466,188019900.9,219073.07237,1367520.6969,110353152.83,114345.77896,13877882.737,-5.0677464873e-25,1.7671824105e-24,-4.72433616e-24,-3.0661743084e-07,1.8775087448e-08,-6.0335947122e-09,2.5056378275e-07,6.7894826614e-24,-1.0478054577e-25,-2.2781065136e-07,-4.8764810621e-24,6.2591396608e-24,-1.0831828235e-23,-1.5931462204e-24,-8.5317793835e-08,0.21902086719,0.032926860747,0.049907179312,0.054891777713
goe369,ok,,29.261704432,185445381.77,149989.82397,1264524.0026,109403873.57,88872.663779,13398294.198,-6.5038584717e-25,1.8349750195e-24,-5.4003983899e-24,-4.9238834484e-07,2.831706676e-08,-9.3510863541e-11,4.2510069947e-07,6.4550995767e-24,-1.8299483946e-25,-2.8969981023e-07,-6.4160045062e-24,6.3249585677e-24,-1.9317204714e-23,-2.101608833e-24,-2.8463804957e-07,0.21227039574,0.038414919406,0.043452023541,0.063760779085
goe368,ok,,29.037735909,184027264.32,210834.96938,1402381.8091,108702205.47,104850.85691,13110355.655,-4.2752940128e-25,1.1449930275e-24,-5.0572445313e-24,-2.7230680199e-07,1.9852805899e-08,1.8777456572e-08,2.1243159661e-07,7.1848209757e-24,-1.2967593979e-25,2.218079662e-07,-4.7276406904e-24,5.9673493074e-24,-9.566403892e-24,-2.2351389021e-24,-1.3472534217e-07,0.20979436704,0.025593181354,-0.046764875763,0.044788009168
goe370,ok,,29.627904262,187768182.5,102197.6798,1439683.3313,109946001.64,85281.62917,13789590.139,-6.7503049785e-25,2.173337865e-24,-6.2358743425e-24,-4.7436359823e-07,2.0790144535e-08,-6.3366023479e-08,6.5178232313e-07,4.7643028166e-24,-1.5787985822e-25,-1.0344827095e-06,-5.6365861308e-24,5.5538989509e-24,-2.8222856439e-23,-2.0602198152e-24,-1.162110063e-07,0.22183081136,0.038259791539,0.10572173271,0.066610641162
goe366,ok,,31.711872988,201033115.86,950442.9495,4144395.887,114902493.3,478796.11918,16526871.981,-3.8814616833e-25,9.9263713364e-25,-2.2700622613e-24,-1.1598772044e-07,1.6778453209e-08,-4.4420169945e-10,9.0693211195e-08,3.7193992032e-24,-3.24599067e-26,-6.5813048032e-08,-4.0568159702e-25,3.5835042944e-24,-9.3785194563e-25,-2.8483745648e-25,-4.9087362996e-08,0.2320845866,0.050108345315,0.062551547487,0.086198723148
goe367,ok,,31.719609229,201028311.99,1448098.8958,4764326.7824,115056444.99,692561.86372,16547528.135,-1.9724636524e-25,9.0822474648e-25,-1.7844833553e-24,-4.8030200961e-08,1.47916932e-08,1.7330563334e-09,3.7573163075e-08,3.3891019191e-24,1.1951665031e-26,-2.0663528345e-08,1.3002334589e-25,3.4707957695e-24,1.3581133672e-25,1.9725838154e-25,-2.0571268451e-08,0.23339094899,0.029945138547,0.029922832579,0.05440965596
goe372,ok,,29.477431114,186813191.79,174003.96912,1237339.9598,109853590.87,95891.699714,13641289.999,-4.9967696545e-25,1.9463688401e-24,-5.2941451688e-24,-3.1143933746e-07,1.6837967804e-08,-1.7284502648e-08,2.8972407873e-07,7.0690249055e-24,-1.1129412534e-25,-3.6741442039e-07,-6.475450444e-24,6.458793999e-24,-1.5446564319e-23,-2.0239955445e-24,-2.4840753236e-08,0.21957042508,0.029341593498,0.063931567459,0.050413139648
goe373,ok,,29.409382045,186385034.44,184264.34443,1410583.1714,109646007.77,105229.41775,13559441.2,-5.741665415e-25,1.6227721306e-24,-5.0595124906e-24,-3.7328129903e-07,2.1573385482e-08,1.3793298902e-09,3.2753402772e-07,6.4232028623e-24,-1.5083372436e-25,-1.4044525246e-07,-5.8702588955e-24,6.0167324825e-24,-1.4320282077e-23,-1.9961567558e-24,-1.4948521874e-07,0.21283168581,0.03594124485,0.025879052372,0.060352842897
goe374,ok,,29.583370596,187484993.47,187087.98186,1141312.2635,110274879.92,94627.253721,13788604.811,-5.3494749291e-25,1.8401862527e-24,-5.0725296443e-24,-3.856604009e-07,2.442811758e-08,6.8497369536e-09,2.8081834051e-07,7.5718767188e-24,-1.183983275e-25,-2.1240446628e-07,-4.1468296828e-24,6.8818569043e-24,-1.2041967431e-23,-1.5456858654e-24,-2.345861773e-07,0.21861842228,0.031656754046,0.039738322934,0.052537736594
goe376,ok,,30.152911846,191096810.68,203840.61326,1327336.2966,111826264.89,110869.83635,14523589.349,-5.3956278719e-25,1.7408370569e-24,-4.8211211002e-24,-3.514127457e-07,2.275602284e-08,2.9747533998e-09,2.8814239833e-07,6.6410333831e-24,-1.1063608427e-25,-1.9093623796e-07,-4.3665627489e-24,6.2433348497e-24,-1.0492473088e-23,-1.3801723017e-24,-1.8707485018e-07,0.22449862726,0.034319640952,0.038920559839,0.058735123183
goe377,ok,,30.056765025,190484154.79,217472.11014,1109859.9643,111582264.55,104166.46465,14393851.75,-4.3972310422e-25,2.1040909865e-24,-4.7890852502e-24,-2.8776933554e-07,1.990498283e-08,-5.7481124003e-09,2.0954803736e-07,7.7492023269e-24,-6.7296885875e-26,-3.8307985656e-07,-3.0395921741e-24,7.1467966087e-24,-7.5973038077e-24,-1.0563108502e-24,-1.3637787283e-07,0.2276083117,0.026747948924,0.083309184758,0.04557085386
goe375,ok,,29.593338342,187548786.59,193037.24168,1148818.1119,110407288.02,95366.712883,13818163.926,-5.3414275465e-25,1.7057684542e-24,-5.0263427275e-24,-3.9037193398e-07,2.5626829793e-08,1.5450328789e-08,2.7197719791e-07,7.6141572809e-24,-1.2916265985e-25,-1.012288474e-07,-4.0811910468e-24,6.821708406e-24,-1.1186559844e-23,-1.6228366712e-24,-2.6685255794e-07,0.21660785996,0.031736777517,0.019540937481,0.052501728085
goe383,ok,,32.168266485,203871475.57,2046341.3564,6787149.0332,115349934.92,1007711.0393,17069594.096,-1.7965540253e-25,6.7496468808e-25,-1.4934886083e-24,-3.7832000425e-08,1.4159061648e-08,3.2763324716e-09,2.8709116344e-08,2.7972068483e-24,1.1149645769e-26,5.1799224931e-09,7.5365102279e-26,2.8716660831e-24,8.5758660509e-26,1.594285402e-25,-2.0502527423e-08,0.22823758862,0.033423363215,-0.01059988962,0.058748652079
goe380,ok,,30.171826611,191212013.02,213048.79116,1434987.9053,111494023.54,121166.24795,14492676.08,-5.7573809364e-25,1.7536801025e-24,-4.6630459711e-24,-3.643894081e-07,2.5152337285e-08,-1.1913220877e-09,3.0801641951e-07,6.3202712756e-24,-8.2047157579e-26,-2.7220457552e-07,-2.2909164547e-24,6.1363492793e-24,-8.4941841073e-24,-8.4686165539e-25,-2.1593131475e-07,0.22610354884,0.038262448609,0.057992855764,0.065622525834
goe381,ok,,29.909747127,189636341.89,199284.42637,1528798.2579,110920107.14,118701.31433,14189854.609,-6.0215994795e-25,1.7418702895e-24,-4.7495766282e-24,-3.8259380818e-07,2.4839815429e-08,-6.4994415086e-09,3.4135486667e-07,5.9429223019e-24,-1.2257395309e-25,-3.0551712678e-07,-3.7575393158e-24,5.8361175445e-24,-1.2097925379e-23,-1.3319972866e-24,-2.0375795529e-07,0.22095888956,0.040093867706,0.060884805356,0.068026708792
goe379,ok,,30.102309418,190772136.34,201489.42784,1405777.4354,111356774.72,115995.75046,14408661.847,-5.5257278281e-25,1.8268756668e-24,-4.8107991805e-24,-3.4948230666e-07,2.373593938e-08,-5.8924016049e-09,3.0818505744e-07,6.3709956442e-24,-9.1616763919e-26,-3.3167691528e-07,-2.9419440537e-24,6.1387610138e-24,-9.9072354086e-24,-1.0514344496e-24,-1.9678847575e-07,0.22687824822,0.035378190741,0.066829391887,0.062096030891
goe382,ok,,32.107051807,203483059.68,1974855.8439,6756272.4144,114779923.31,1001133.9039,16922758.077,-2.2051346302e-25,6.8368473248e-25,-1.5157119884e-24,-4.6387660326e-08,1.4656719874e-08,3.9045537307e-09,3.623087443e-08,2.799463549e-24,1.4729872833e-26,4.7185350412e-09,9.9981778561e-26,2.8736320967e-24,1.1563801177e-25,1.7451588415e-25,-2.4570497109e-08,0.2285626128,0.040844280566,-0.0093184265007,0.071550754098
goe384,ok,,32.238593118,204317315.4,1917482.217,6812219.7853,115034076.38,979836.25122,17101265.661,-2.5291806839e-25,6.936414754e-25,-1.5495030352e-24,-5.2721961786e-08,1.478615762e-08,3.3171203e-09,4.2515841834e-08,2.7974242586e-24,1.4257247398e-26,-2.9814563744e-09,1.0383982449e-25,2.8537526239e-24,1.1819996603e-25,1.5175064608e-25,-2.5513203396e-08,0.23015507372,0.045935770807,0.0057168895786,0.081523370656
goe385,ok,,30.796472473,195299342.81,493028.38082,2069806.2324,113719281.38,225904.30422,15424854.175,-3.2328785469e-25,1.3680993405e-24,-3.2391901955e-24,-1.4575208065e-07,1.8062920996e-08,4.5918592526e-09,9.9444910997e-08,5.5981749612e-24,-4.7334918744e-26,-9.1387745382e-08,-9.4562209261e-25,5.1490426666e-24,-2.0384606769e-24,-6.7452637864e-25,-8.9440321791e-08,0.2330775706,0.028228401025,0.045056752133,0.04902916345
goe388,ok,,30.820449589,195403559.71,513007.68637,2571321.8414,112793173.47,261414.36994,15323647.201,-3.9133814238e-25,1.2171722655e-24,-3.1300255988e-24,-1.5111606512e-07,1.6463566777e-08,-1.9303426529e-09,1.2554903241e-07,4.896038574e-24,-5.7030255283e-26,-9.2830512582e-08,-1.3425234474e-24,4.5379352237e-24,-2.8416013098e-24,-7.276198915e-25,-4.4724023534e-08,0.22517338172,0.036876424704,0.047622766484,0.064407618643
goe390,ok,,32.345590067,204995375.69,2031403.5223,7237864.6724,115088796.23,1056435.8454,17226650.987,-2.4786847375e-25,6.2520923975e-25,-1.494022989e-24,-4.8599910613e-08,1.4013653882e-08,3.3570381224e-09,4.0571898373e-08,2.680983473e-24,1.5268810279e-26,1.0622644624e-08,1.1592050598e-25,2.7481926997e-24,1.4697835496e-25,1.6582354608e-25,-1.7056674443e-08,0.22623879877,0.04728238824,-0.021578877705,0.082417897261
goe387,ok,,31.434625208,199219050.36,1147591.7941,4555666.2562,114137416.34,540997.97862,16118289.679,-2.7585949034e-25,8.5157947959e-25,-2.1023982643e-24,-7.6228948394e-08,1.5545930689e-08,2.3515319136e-09,5.6873620373e-08,3.6605892604e-24,-2.3667272926e-26,-2.036573452e-08,-2.789675921e-25,3.4752489013e-24,-5.3359403744e-25,-2.7449031387e-25,-3.3439719759e-08,0.22826109445,0.037122852284,0.023371549816,0.065267700041
goe389,ok,,30.703259219,194652362.31,524038.20822,2252601.9654,113246108.06,241332.37083,15259072.357,-3.0382843095e-25,1.2580825171e-24,-3.1517075429e-24,-1.2383086272e-07,1.6382410284e-08,1.3984934162e-09,9.1211811653e-08,5.3816829324e-24,-4.0495507897e-26,-5.4998395643e-08,-1.0760333123e-24,4.9384452856e-24,-2.0503204301e-24,-6.7381521423e-25,-4.1542793944e-08,0.23101099832,0.027571183067,0.028821260708,0.047798474347
goe386,ok,,32.298966494,204700195.6,2051616.7397,7018968.6311,115549562.14,1024054.6216,17242366.595,-1.9259742609e-25,6.265307296e-25,-1.4913778255e-24,-3.8874206725e-08,1.3774974283e-08,3.1268968333e-09,3.1034452682e-08,2.7365506896e-24,1.1194538422e-26,1.3751408454e-08,8.5448218471e-26,2.808671328e-24,1.0122465909e-25,1.5455148272e-25,-1.5733305485e-08,0.22664814147,0.036167594104,-0.028212619778,0.063670802631
goe392,ok,,30.324591561,192178432.98,465006.59673,2231028.5552,111596836.32,227598.89355,14656349.861,-3.7582580192e-25,1.424404299e-24,-3.3050140193e-24,-1.5133113885e-07,1.6299468028e-08,-7.1690634835e-09,1.2074455243e-07,5.4399976343e-24,-4.2860829585e-26,-1.5060961336e-07,-1.131812381e-24,5.0104700779e-24,-3.2657560934e-24,-6.8363078592e-25,-1.5448463686e-08,0.23108923313,0.033630700042,0.070034463745,0.056147013402
goe395,ok,,29.217211622,185285130.53,144777.14259,2410107.6467,108694382.26,130656.27114,13321010.019,-6.7672454718e-25,1.5581344077e-24,-5.1662669972e-24,-3.6960232339e-07,1.5693715023e-08,-4.1306068052e-08,5.6981238132e-07,2.9835495104e-24,-2.7040665254e-25,-5.0114113753e-07,-6.1400412135e-24,4.0372618222e-24,-2.6145395198e-23,-3.20536319e-24,-8.2149755274e-10,0.20852767717,0.04826847987,0.072553781924,0.082495808378
goe393,ok,,29.016426223,184000577.96,143855.34769,1233871.2564,109157709.47,82008.266714,13179241.266,-5.1013248865e-25,1.3641835819e-24,-5.9381170967e-24,-3.6837222719e-07,2.261352539e-08,1.9958813602e-08,3.3946239781e-07,7.1125321084e-24,-1.8160947524e-25,1.5120452543e-07,-8.1299831389e-24,6.0988534075e-24,-1.7622157318e-23,-2.8859764315e-24,-2.2346232044e-07,0.20895925213,0.026389152145,-0.021751579578,0.048833481265
goe391,ok,,29.800424378,188859304.32,129512.61758,681021.03454,111007233.03,61558.383743,14075437.055,-4.7650473543e-25,3.1652587754e-24,-6.0647614951e-24,-4.031503954e-07,1.9203477015e-08,-3.4840256588e-08,2.8875135075e-07,1.0019775069e-23,-6.4751918876e-26,-1.2037081333e-06,-4.8652956528e-24,9.2041507236e-24,-1.5766618862e-23,-1.2698404767e-24,-1.2232696061e-07,0.22755139745,0.023105083836,0.15589539114,0.037396943266
goe394,ok,,29.169137191,184978872.97,144114.394,1884461.8494,109012908.52,110097.85676,13311575.718,-6.2984121777e-25,1.5358590366e-24,-5.4083410593e-24,-3.8133417987e-07,1.8385030313e-08,-1.6531940866e-08,4.893020433e-07,4.2940508101e-24,-2.2224230608e-25,-2.784730628e-07,-7.7868007694e-24,4.7010226631e-24,-2.4486075962e-23,-2.9449466078e-24,-6.3170025731e-08,0.20941768795,0.040529576972,0.040131976691,0.070515467452
goe396,ok,,29.49787195,186942356.4,106079.52948,1432751.6244,109671581.58,85173.07736,13639914.674,-6.7377904398e-25,2.1855193587e-24,-6.0892844481e-24,-4.8163035729e-07,2.1250775729e-08,-6.1178505943e-08,6.2866926142e-07,4.8213200016e-24,-1.6713156204e-25,-1.0088537925e-06,-5.8683919774e-24,5.5981594062e-24,-2.9246590823e-23,-2.1805435058e-24,-1.2337162782e-07,0.22079572054,0.038706132376,0.10701873562,0.06668893945
goe397,ok,,29.077524021,184280320.78,115534.36157,919519.65246,109044851.92,65621.142015,13186826.744,-5.5155007774e-25,2.4821579302e-24,-6.3750077749e-24,-4.3838350526e-07,2.0135588271e-08,-2.8626149476e-08,3.9945518715e-07,8.1622974717e-24,-1.4699364893e-25,-7.9921001274e-07,-9.9724455915e-24,7.5220981541e-24,-2.5422879135e-23,-2.6340367515e-24,-1.3439622408e-07,0.2145207604,0.02687741865,0.092336218585,0.046150800024
goe399,ok,,29.753077208,188561475.46,219595.72069,1290296.565,110591086.95,112193.74299,13983712.386,-4.6637845212e-25,1.8423014668e-24,-4.7762879785e-24,-2.8186913265e-07,1.8877175764e-08,-5.989912574e-09,2.288157592e-07,7.1175054181e-24,-8.9905569133e-26,-2.6595870596e-07,-4.2260346461e-24,6.5074503071e-24,-9.3695980298e-24,-1.4476797086e-24,-9.5676858999e-08,0.22163208453,0.029248275606,0.058403393708,0.050246961546
goe398,ok,,31.313553817,198451343.96,1007421.6086,3875256.7788,114276417.48,461175.01878,16011350.353,-2.7020665718e-25,9.3877711853e-25,-2.2473431527e-24,-8.277269705e-08,1.5839232484e-08,2.862531094e-09,5.7943462144e-08,3.9980598615e-24,-2.2364237305e-26,-2.5131974301e-08,-3.0886617167e-25,3.7937326449e-24,-5.8278645426e-25,-2.8258296452e-25,-3.8423404455e-08,0.2300412307,0.034107420091,0.025318493978,0.058373495842
goe400,ok,,28.952176051,183553842.96,146981.55013,1473232.7334,108605340.35,93114.38773,13048695.33,-5.6772621066e-25,1.4103358865e-24,-5.6733374358e-24,-3.7704496503e-07,2.0379229251e-08,7.550883961e-09,3.9311242097e-07,5.9719052653e-24,-1.88746486e-25,1.5033512442e-08,-8.4045228583e-24,5.5443195368e-24,-2.0408501599e-23,-2.8144200027e-24,-1.2857685644e-07,0.20698062952,0.032634977551,-0.0022096489627,0.057780273011
goe401,ok,,30.231724698,191598261.05,245953.55523,1514078.1682,111929236.24,130385.40672,14610774.001,-4.7965714223e-25,1.5030610835e-24,-4.4907488079e-24,-2.8000776679e-07,2.0876254901e-08,7.148051758e-09,2.3156861938e-07,6.3683919986e-24,-9.6918196802e-26,-7.7142941289e-08,-3.3248232078e-24,5.8626753078e-24,-7.2343182824e-24,-1.2551778949e-24,-1.5188095992e-07,0.22388060094,0.032088107512,0.018973580671,0.056955125217
goe403,ok,,29.301134251,185695448.66,192005.76481,1315362.6429,109278510.34,102938.35486,13409305.521,-4.9218790571e-25,1.7561676796e-24,-5.0968422408e-24,-3.0297192285e-07,1.8160652341e-08,-7.748075025e-09,2.6502474458e-07,7.0303204863e-24,-1.1595292253e-25,-2.3220907982e-07,-5.3783154704e-24,6.3331812244e-24,-1.3122431138e-23,-1.9569745678e-24,-6.4309244949e-08,0.21661673917,0.029754766866,0.044585481966,0.050886278776
goe402,ok,,29.65661085,187950263.55,204085.00671,1586045.9513,110077633.06,120468.09942,13833477.68,-5.9486277294e-25,1.5326935252e-24,-4.7757021743e-24,-3.6885929058e-07,2.4019132437e-08,3.4767795114e-09,3.2934717908e-07,5.9362506521e-24,-1.434031564e-25,-1.3787111797e-07,-4.2413705324e-24,5.6793255802e-24,-1.1774647986e-23,-1.6234505885e-24,-1.8832879552e-07,0.21632954914,0.039548323021,0.028137428035,0.067214821252
goe404,ok,,31.311392493,198483954.9,907211.10081,3736947.8829,114359350.23,424163.45936,16028793.742,-2.7746575818e-25,8.5936921437e-25,-2.3759007517e-24,-8.8393687632e-08,1.5886047254e-08,5.2582062811e-09,6.4851943151e-08,4.063461145e-24,-3.1567463242e-26,6.3965554508e-09,-4.321973519e-25,3.7934038467e-24,-7.7785595411e-25,-3.9718958055e-25,-4.6864333722e-08,0.22636655635,0.033007029223,-0.0058030261119,0.058834402736
goe405,ok,,30.494489263,193259682.53,517906.43698,2256527.086,111471564.09,346709.56926,14813409.743,-4.154352712e-25,1.1300034788e-24,-2.7588745178e-24,-1.3629598265e-07,1.6446942954e-08,1.7095089992e-08,1.5157517249e-07,4.7030301599e-24,7.595536049e-26,1.601871721e-07,1.474981983e-24,4.9221648065e-24,2.315579569e-24,9.4113473846e-25,-2.9681079128e-08,0.22283184638,0.044966899205,-0.082961967552,0.078501757518
goe406,ok,,31.346794655,198661666.0,695113.29461,2573192.1508,114481649.38,371888.35038,16074075.682,-3.3180768307e-25,1.1734211637e-24,-2.5018281835e-24,-1.1528968195e-07,1.735156718e-08,1.0422557633e-08,9.8402042323e-08,4.4781384895e-24,3.1047726163e-26,1.8382053901e-08,5.234890505e-25,4.5999164191e-24,5.3930753389e-25,4.161792314e-25,-6.6036333558e-08,0.23322756092,0.037170216709,-0.012777610049,0.068400567836
goe407,ok,,31.119905305,197224130.51,509435.05616,2132848.0423,114340357.58,239806.30695,15817097.547,-3.5430028976e-25,1.4302191489e-24,-3.1266369249e-24,-1.5340110227e-07,1.8020122014e-08,1.6013463629e-09,1.1186452789e-07,5.3605119674e-24,-2.4357730035e-26,-1.2859756651e-07,-4.873977524e-25,5.1586575571e-24,-1.3320802132e-24,-2.767189061e-25,-8.6035975272e-08,0.23484218681,0.031955113051,0.065512108516,0.056987712046
goe408,ok,,30.929548762,196016621.53,287451.97442,1114658.8959,114145169.32,152447.72289,15593754.494,-3.8584950019e-25,1.8532058032e-24,-3.8792267823e-24,-2.1222456209e-07,1.8769279634e-08,1.4610712645e-08,1.754801488e-07,6.8960873171e-24,3.5714893966e-26,9.6750821744e-09,1.6390383897e-24,7.0261281358e-24,1.3317384324e-24,7.024510965e-25,-1.0956954586e-07,0.23732243342,0.028397009228,-0.0027811214737,0.050442115243
goe410,ok,,30.632995585,194140580.49,1186687.1131,4658767.3891,112054000.48,528251.27374,15022797.087,1.4806114615e-31,6.9317738342e-25,-2.1434118191e-24,-3.2084349168e-15,1.4403903671e-08,-2.7147653493e-15,1.0075740915e-15,3.8507877101e-24,3.7332512989e-31,2.3095819994e-08,-3.3123984987e-30,3.4619527143e-24,1.0220636846e-29,-4.9475223038e-25,-8.8698207391e-15,0.2163869221,6.80980184e-10,-0.027407511954,1.1956751899e-09
goe409,ok,,30.714044006,194652140.8,900915.60286,113170600.2,3044115.2877,372416.28732,15248485.648,8.1766843489e-32,1.1787890787e-24,-2.4285110108e-24,-7.7167538478e-16,1.502621892e-08,2.4432790115e-16,-3.3151183719e-15,4.7441394717e-24,1.2612579773e-31,-7.7832524984e-08,-1.560721319e-30,4.4264683741e-24,4.1103699809e-30,-3.5436032845e-25,-2.4280256309e-15,0.22912708354,8.0199457627e-11,0.070120536168,-2.9866418666e-09
goe411,ok,,30.194228428,191353590.96,739865.94931,2230134.7137,111496681.56,397187.48043,14518905.513,9.2467917934e-32,1.2692243019e-24,-2.2432886213e-24,-2.6985952498e-15,1.5515177824e-08,6.6672228428e-16,-2.2661871996e-15,4.6548949439e-24,1.4560699788e-31,1.2098701346e-07,-1.3080929238e-31,5.1086090584e-24,2.4928378173e-29,8.2628711969e-25,-7.513469764e-15,0.22526340084,3.9960456431e-10,-0.089514171564,-1.6766747438e-09
goe412,ok,,31.430120569,199252208.33,976314.47911,3777370.4032,114714045.37,451484.03125,16202434.441,-2.7856101429e-25,1.0605080511e-24,-2.2752539686e-24,-8.1049107678e-08,1.5278927e-08,-1.8665412323e-09,6.198954777e-08,4.0164029868e-24,-2.2029297121e-26,-6.8076548203e-08,-3.8322371808e-25,3.8218767953e-24,-7.4729799115e-25,-2.9584021013e-25,-2.0659573459e-08,0.2352848922,0.034400844679,0.066464119698,0.060521293042
goe413,ok,,31.012812662,196608221.28,1277265.887,5377653.1101,112649814.92,603454.15492,15494626.207,-2.1963875439e-25,6.8375158635e-25,-2.033831165e-24,-5.1880716389e-08,1.4008992065e-08,3.3219632974e-11,4.1739581832e-08,3.4701017611e-24,-2.7923370796e-26,6.7682586955e-09,-4.1789611636e-25,3.1526770778e-24,-6.9430414423e-25,-4.8787447577e-25,2.1613050381e-09,0.21811216063,0.031592162243,-0.0086448659461,0.053312544011
goe414,ok,,31.313461458,198493404.04,979387.36872,3871100.7233,114139643.47,457864.67994,15998903.624,-2.848599926e-25,1.0440657004e-24,-2.2747333094e-24,-8.2570150424e-08,1.555747394e-08,-1.5205977611e-09,6.3328102529e-08,3.9880734619e-24,-2.2347469899e-26,-6.3870643557e-08,-3.583662095e-25,3.7942530827e-24,-7.3547243483e-25,-2.9054301424e-25,-2.2824511783e-08,0.23506904495,0.035353332844,0.062554101531,0.062022743702
goe415,ok,,29.695200709,188254409.94,296379.58786,1526351.3962,110692434.63,137696.09811,13958975.658,-3.7751967674e-25,1.3301782335e-24,-4.2437264739e-24,-2.1624756925e-07,1.9306632843e-08,1.1412734959e-08,1.4836420212e-07,6.8408679874e-24,-8.6984079861e-26,3.1834818459e-08,-2.7017766058e-24,5.890583486e-24,-5.6720458984e-24,-1.4820006802e-24,-1.1838951642e-07,0.22022001785,0.02619350157,-0.0094351903744,0.043972121078
goe416a,ok,,30.203550726,191530069.43,585185.2112,2355117.0259,111943793.83,254154.30605,14604147.686,-9.0305743375e-26,1.139761668e-24,-3.094260292e-24,-3.47907475e-08,1.547411944e-08,-8.3537976389e-10,2.1296154897e-08,5.5742809868e-24,-1.0408688625e-26,-2.1433962445e-08,-5.452703948e-25,4.838801503e-24,-8.7515919516e-25,-9.1572539708e-25,8.0593216739e-09,0.22702608556,0.0093072781272,0.01254283784,0.012462194901
goe417,ok,,29.790779568,188801965.31,159532.41046,1581781.6349,110319077.35,108424.65303,13988645.959,-6.6237787673e-25,1.7351857215e-24,-5.1415343087e-24,-4.335216936e-07,2.2641452405e-08,-1.5170160906e-08,4.5580032051e-07,5.2966553464e-24,-1.3609952213e-25,-3.3377054046e-07,-5.1635392519e-24,5.5836802066e-24,-1.6505012968e-23,-1.5363835821e-24,-1.5012742685e-07,0.21792560963,0.043468762478,0.05324721886,0.072714923818
goe417a,ok,,30.260813369,191787791.4,38985.570514,1062615.3751,111681828.44,69459.877389,14604930.939,-9.4301616942e-25,2.2726095808e-24,-1.0332760457e-23,-6.2239607362e-07,2.4549321824e-08,-1.4013991374e-07,1.8100409682e-06,7.4909437046e-24,2.1084366937e-25,-2.1555897269e-06,5.3685702604e-24,5.2816185214e-24,2.8706306897e-23,3.0702321215e-24,-2.1237022909e-07,0.22437348009,0.039930506867,0.084036895297,0.0705654798
goe418,ok,,30.968268625,196265441.13,804041.67692,3596627.5238,113204384.8,384103.056,15513067.614,-2.9569637767e-25,8.3441110833e-25,-2.5369390355e-24,-9.4242814184e-08,1.5391472358e-08,4.249677229e-09,7.4056708123e-08,4.1874170362e-24,-3.7342661576e-26,2.2069377041e-08,-6.6575645976e-25,3.8655014922e-24,-1.1500245667e-24,-5.1115770143e-25,-3.0809524195e-08,0.22143336118,0.033583326635,-0.017744698924,0.059544679786
goe419,ok,,29.647198465,187888841.08,137071.62792,954484.76007,110393547.73,75026.583368,13857458.056,-5.7036715279e-25,2.4714023597e-24,-5.655933185e-24,-4.5460143927e-07,2.2962275616e-08,-2.9150328549e-08,3.7130875788e-07,7.9206900698e-24,-1.000989784e-25,-8.3817672857e-07,-3.1007426555e-24,7.4238984083e-24,-1.982717499e-23,-1.3708486549e-24,-1.9077636016e-07,0.2279648664,0.030850619709,0.11489024867,0.050895895906
goe420,ok,,31.518977912,199754148.92,1778168.4232,6570032.4103,113642752.91,816647.03459,16138827.077,-1.732983495e-25,6.9592340074e-25,-1.700013172e-24,-3.5179728739e-08,1.3827340236e-08,-9.4139554348e-10,2.7477513449e-08,3.0814853878e-24,-1.3110498729e-26,-1.39417536e-08,-1.6802817198e-25,2.9020763468e-24,-2.7889215496e-25,-2.4617000128e-25,1.8510123986e-09,0.22401475476,0.029068117146,0.024790786016,0.048859646762
goe421,ok,,32.212162414,204149786.1,1850993.6244,6862119.0972,114621217.97,976797.71563,17015777.249,-3.0091804729e-25,7.0574429895e-25,-1.5732725481e-24,-5.8311005778e-08,1.3874819719e-08,2.7728886779e-10,5.1057068227e-08,2.7713482686e-24,1.7272359255e-26,-7.1907648232e-09,1.6702806461e-25,2.8258939275e-24,2.2967529647e-25,1.7586365384e-25,-5.8059997772e-09,0.23045569399,0.055652975861,0.013310059842,0.094506307767
goe422,ok,,31.982652549,202729623.97,1612624.4369,6066386.447,115147053.69,763342.37178,16846978.812,-2.7633008765e-25,7.7798451702e-25,-1.7551198638e-24,-6.3382607559e-08,1.4609329359e-08,-7.3593909321e-11,4.7506136294e-08,3.1003153908e-24,-1.8995915229e-26,-3.0053268989e-08,-1.9715693851e-25,2.9749546969e-24,-3.6573293013e-25,-1.954340836e-25,-1.9166466772e-08,0.23044525628,0.045021179803,0.04846463598,0.076609556292
goe423,ok,,31.694924647,200870976.09,1455201.318,4911634.4321,114661575.18,718709.62474,16464634.894,-2.108466807e-25,8.7184630207e-25,-1.7702926911e-24,-4.8714877215e-08,1.4595710359e-08,1.3727177555e-09,4.0310958678e-08,3.3168905606e-24,1.3561012752e-26,-1.0523073158e-08,1.5668734821e-25,3.404822907e-24,1.87576589e-25,2.1646730137e-25,-1.3978058998e-08,0.23222992376,0.032682280276,0.015313189929,0.0586605602
goe424,ok,,31.880249064,202044771.89,1962111.9352,6364238.5237,114583754.17,960136.0398,16650721.6,-1.7739684844e-25,7.4470347633e-25,-1.5211632473e-24,-3.914637333e-08,1.4680887585e-08,3.0868689859e-09,2.8193467115e-08,2.905036716e-24,1.2120219849e-26,-2.7078721248e-09,8.4509956592e-26,2.9878281538e-24,9.4372944434e-26,1.8177779748e-25,-2.1773089314e-08,0.23070766617,0.032778079498,0.005313148215,0.05531873832
goe425,ok,,31.321883591,198533063.49,1223021.57,4746142.7569,113768669.86,570739.44458,15951721.507,-2.2100009094e-25,8.3218156041e-25,-2.0541037247e-24,-5.8899371691e-08,1.5261470002e-08,1.9531715724e-09,4.3541702773e-08,3.6313231547e-24,-2.1969530849e-26,-1.7860720576e-08,-2.385311813e-25,3.4085882023e-24,-4.4290340869e-25,-3.1468519811e-25,-2.6291464712e-08,0.22929142069,0.030182594877,0.02184404652,0.053252441685
goe426,ok,,30.421167263,192796975.4,855501.26669,3667731.1414,111384020.51,399323.46187,14725764.598,-2.7156769868e-25,9.4762451897e-25,-2.4954000394e-24,-8.2809027704e-08,1.550499735e-08,-8.2966791493e-12,6.1976020557e-08,4.3095116231e-24,-3.5649207969e-26,-2.9570409885e-08,-6.1546400824e-25,3.9412797931e-24,-1.1242700754e-24,-5.7655154746e-25,-1.6880332425e-08,0.22009247493,0.031585482688,0.025297523113,0.053020564091
goe427,ok,,29.590435722,187530612.78,97967.638575,1204940.1334,109994181.99,74516.782871,13758575.238,-7.1341060835e-25,2.3980613827e-24,-6.2767923438e-24,-5.739327194e-07,2.3701630331e-08,-6.1366022592e-08,6.7197477266e-07,5.4661747337e-24,-1.4963363663e-25,-1.0787300974e-06,-6.7341750684e-24,6.2829194251e-24,-2.8838815016e-23,-1.8593797973e-24,-1.7795008393e-07,0.22133334383,0.039839725035,0.1056806403,0.06583178166
goe428,ok,,29.896572197,189469503.71,283486.2889,1746018.4659,110636319.64,151392.94499,14125592.302,-4.9831515206e-25,1.4985234799e-24,-4.1697896529e-24,-2.6139465547e-07,1.9052281604e-08,-1.8951465059e-09,2.1928402687e-07,5.95653994e-24,-9.1734580148e-26,-1.3649257374e-07,-2.9354187964e-24,5.5548567411e-24,-7.1575800447e-24,-1.2045259077e-24,-8.5135383247e-08,0.2214891899,0.036724723465,0.038693773193,0.062164014993
goe429,ok,,29.862681471,189428041.12,593017.92152,2513703.0947,111292227.01,254867.97494,14215220.474,-6.0511291562e-27,9.268663915e-25,-3.1260836303e-24,-3.3258360186e-09,1.5268828211e-08,4.0023188601e-10,1.1913794812e-09,5.5094488929e-24,-1.8542887335e-28,4.2569168771e-08,-5.7452698784e-26,4.6061793926e-24,-7.621193474e-26,-1.1622450167e-24,-2.944532036e-09,0.21701415474,0.00068478754009,-0.025244279986,0.00070650938368
goe430,ok,,30.681808377,194536623.26,828993.12053,3799033.1249,112469553.97,396856.93711,15143808.961,-2.7512944738e-25,8.6275531582e-25,-2.5251054372e-24,-7.6583836006e-08,1.3674193769e-08,-3.399452401e-09,6.4243835432e-08,4.1447920016e-24,-3.5941898319e-26,-1.0460681802e-09,-1.0593731904e-24,3.7120189505e-24,-1.8172741151e-24,-7.4259539461e-25,3.3570468816e-08,0.22249287672,0.033363108765,0.00086718332496,0.053257697609
goe431,ok,,30.569499245,193736566.47,575518.45901,3567823.6395,111384546.58,325105.89705,14874979.276,-4.5318594138e-25,9.6648171888e-25,-2.9184552674e-24,-1.4628128079e-07,1.3021862852e-08,-5.5440510578e-09,1.412166624e-07,4.0091374473e-24,-6.2988650332e-26,-2.7498076794e-08,-1.5819391848e-24,3.7918067444e-24,-3.4721566289e-24,-8.0552023147e-25,3.9871925914e-08,0.22187237939,0.050441616084,0.015825650782,0.081272795933
goe432,ok,,30.11839545,190876627.46,264684.71306,1417195.5523,111631830.77,129900.87522,14461798.319,-4.4848419054e-25,1.5198985988e-24,-4.3472365445e-24,-2.6067167542e-07,1.8766018431e-08,6.6575189953e-09,1.9614354266e-07,6.732950565e-24,-6.7640806143e-26,-2.9397890686e-08,-2.9899116484e-24,6.2208176881e-24,-6.1648676263e-24,-1.0208536908e-24,-9.6564451246e-08,0.22405987061,0.031055846697,0.0077811722607,0.051916197308
goe433,ok,,31.169045192,197596297.68,1397239.4489,5913076.4579,112841131.9,667321.70497,15678793.808,-2.1446604283e-25,6.3624672223e-25,-1.9409504696e-24,-4.7364906892e-08,1.3603395457e-08,-6.5996385681e-10,3.8272967687e-08,3.2865955496e-24,-2.4973823601e-26,1.1458695854e-08,-4.3339079439e-25,2.9742505489e-24,-7.0280473277e-25,-4.8353262764e-25,1.1765247052e-08,0.21910159775,0.033329987905,-0.01601054188,0.05347650028
goe434,ok,,32.28467069,204647708.01,2433505.3115,9325907.2224,114396662.87,1185449.7447,17061075.679,-1.6996546569e-25,4.904999077e-25,-1.4384202739e-24,-2.8770568128e-08,1.2618645096e-08,-2.3110803211e-10,2.2967136786e-08,2.5019041205e-24,-1.3614281226e-26,7.523973591e-09,-1.522658458e-25,2.3362233272e-24,-2.3849228066e-25,-2.4061970033e-25,5.6899912517e-09,0.2185880588,0.035582222414,-0.018309629697,0.05589064936
goe435,ok,,32.705694314,207336222.48,3138337.4404,11667297.528,114364444.6,1548063.1098,17514466.196,-1.3603590534e-25,4.3787883334e-25,-1.2599481451e-24,-2.00615563e-08,1.232523106e-08,-2.9234973751e-10,1.6131171103e-08,2.2116591682e-24,-1.0383031836e-26,4.481425936e-09,-9.2672196493e-26,2.071653948e-24,-1.4404798172e-25,-1.9949252092e-25,4.3470508983e-09,0.21822364884,0.032526709194,-0.014064226801,0.05062505823
goe437,ok,,29.714054229,188312001.76,222102.08057,1441613.2055,110270416.17,119739.00073,13907093.172,-5.1285009657e-25,1.6907191987e-24,-4.6786784409e-24,-3.0256890584e-07,1.9158456536e-08,-4.7943822123e-09,2.5729314966e-07,6.5517974543e-24,-9.8016274183e-26,-1.9857576308e-07,-3.9751630802e-24,6.0967292722e-24,-1.0069907594e-23,-1.4170825926e-24,-8.9595426769e-08,0.22126536665,0.033859480028,0.044104090131,0.057145343856
goe436,ok,,30.665022869,194342103.69,628046.57515,2536466.1922,112916542.25,280893.46911,15166579.935,-2.6713125148e-25,1.1664212247e-24,-2.8874393364e-24,-1.0239387256e-07,1.6146881123e-08,2.2355313929e-09,7.1621353511e-08,5.1218634009e-24,-3.0838808558e-26,-4.1642175359e-08,-6.7449566571e-25,4.739940489e-24,-1.2411898077e-24,-5.2312674513e-25,-4.1064443454e-08,0.22694672434,0.026147545057,0.026153225616,0.04498154578
goe439,ok,,29.798690977,188849237.0,281945.49481,1746371.6709,110308697.98,150577.2451,13991581.691,-4.9834301987e-25,1.5054855109e-24,-4.1882816698e-24,-2.6057507562e-07,1.8893826734e-08,-2.6960884252e-09,2.195088275e-07,5.9863011092e-24,-9.1523871712e-26,-1.4320918321e-07,-2.9899781675e-24,5.5791336172e-24,-7.227964782e-24,-1.2209766586e-24,-8.0603904381e-08,0.22006496158,0.036571170243,0.040377184021,0.061889524984
goe440,ok,,30.781494531,195171299.08,981112.87192,6003359.5455,110043924.39,569408.03861,14931138.497,-4.8755492921e-25,7.2997628207e-25,-2.1657368096e-24,-1.3141802111e-07,1.7120738969e-08,-3.0915752301e-10,1.1717217772e-07,3.0547806889e-24,-7.4607602942e-26,-2.6056512584e-08,-4.2500433232e-25,2.8992940426e-24,-2.37927556e-24,-5.4998559228e-25,-2.9727948172e-08,0.22234078748,0.071088024494,0.025564379893,0.1149591318
goe438,ok,,30.664334907,194337778.85,629528.10404,2544563.996,112916076.09,281687.46668,15165769.395,-2.6735206866e-25,1.1597061817e-24,-2.8845761671e-24,-1.0247796415e-07,1.6164865135e-08,2.4223319103e-09,7.1637878252e-08,5.1132789186e-24,-3.1161024174e-26,-3.9620366436e-08,-6.7285451936e-25,4.73021314e-24,-1.2348512245e-24,-5.2575517321e-25,-4.1995222207e-08,0.2267327111,0.026188351849,0.024942134164,0.045098057674
goe441,ok,,31.468994703,199522076.89,1131361.4694,5746863.8886,113100989.98,609951.68416,16028950.974,-3.7376679787e-25,6.826182702e-25,-2.0970846588e-24,-9.1217555622e-08,1.4087547874e-08,6.7016380254e-10,8.1175353779e-08,3.1526845309e-24,-5.013727936e-26,4.1842354819e-09,-6.5599741432e-25,2.9514543992e-24,-1.265172929e-24,-5.0012437747e-25,-3.7554950431e-09,0.22245814335,0.055129024081,-0.0047338828031,0.09183866753
goe442,ok,,30.096050498,190735149.7,264291.5038,1421212.5047,111583337.22,129577.26321,14434503.3,-4.4896914167e-25,1.5229272209e-24,-4.3532016697e-24,-2.6123048589e-07,1.8787149247e-08,6.3804552053e-09,1.963414535e-07,6.7299267015e-24,-7.1188588183e-26,-3.491190528e-08,-3.1377668615e-24,6.1967444952e-24,-6.3920058815e-24,-1.0761988079e-24,-9.710091914e-08,0.22369621834,0.031039928842,0.0092269199472,0.051891378003
goe443,ok,,28.654300388,181598849.77,102411.47596,461737.30712,108005968.39,39903.461487,12679020.601,2.365150806e-31,3.2987225305e-24,-7.462654809e-24,-5.2728284585e-15,1.7174765718e-08,4.346678967e-14,-1.6466661994e-14,1.478468906e-23,7.5178745693e-31,-1.2400256215e-06,1.5729209786e-28,1.1095463168e-23,4.4868604325e-28,-2.4778671629e-24,-2.2400140543e-14,0.21775920837,1.5761531567e-11,0.12699285413,-1.686375159e-09
goe444,ok,,29.295687436,185658868.94,145703.65138,109736740.84,590753.64551,57165.338327,13450444.923,-2.0672736718e-31,2.9241553265e-24,-6.1884193861e-24,-1.7750958548e-15,1.6814414695e-08,-1.5963218354e-15,1.2720860429e-14,1.2279790313e-23,-5.7632582227e-31,-8.0456707719e-07,-4.3649745805e-30,9.9075864374e-24,-6.8975923717e-29,-1.6771058703e-24,-7.0216764544e-15,0.22616135877,1.0693574965e-11,0.11722836093,1.8534758132e-09
goe445,ok,,29.452203468,186650053.07,187452.78086,738181.09695,110120819.34,74454.959575,13640062.649,-2.1510755849e-32,2.5014406267e-24,-5.4713749054e-24,-8.2900441557e-17,1.654324564e-08,-4.4323446774e-15,6.0162234029e-15,1.0703737788e-23,-2.7746425334e-32,-5.0085332982e-07,-2.7464320265e-29,8.9401901948e-24,3.6463086121e-29,-1.4823697357e-24,-1.0093687717e-15,0.22565090694,-1.0785883262e-11,0.093886349479,1.1277578072e-09
goe446,ok,,31.516610426,199802199.59,935977.22104,3980963.8689,114575708.16,458860.34185,16274981.977,-3.434354953e-25,1.0485378816e-24,-2.3056400505e-24,-9.8079846054e-08,1.5222940519e-08,-3.9881414921e-09,8.0419625282e-08,3.8470527665e-24,-2.8260567102e-26,-7.7906462504e-08,-4.8054409932e-25,3.6836057472e-24,-9.9056786287e-25,-3.1624104363e-25,-1.8663282651e-08,0.23406437337,0.043003707403,0.072918674276,0.075270937389
goe448,ok,,31.967145087,202645754.36,942309.70279,5689947.7094,113681903.68,585623.5824,16623056.419,-4.9913932652e-25,9.1653327105e-25,-2.2308060376e-24,-1.2682889182e-07,1.6106597739e-08,-8.9197557556e-09,1.3163883322e-07,2.9759901511e-24,-4.5215986495e-26,-9.3436665089e-08,-4.6546828109e-25,2.9592091856e-24,-1.2926912723e-24,-3.1099006525e-25,-2.9089805903e-08,0.23174427732,0.070347237352,0.08804627611,0.1240445498
goe449,ok,,31.671986445,200722911.44,1654558.1234,5885483.6306,114458326.31,751200.31439,16413202.284,-2.3066296759e-25,8.3736030468e-25,-1.7460614399e-24,-5.2869969165e-08,1.4615305765e-08,-9.7911472201e-10,3.7910034883e-08,3.2172615483e-24,-1.4638305914e-26,-4.2787906223e-08,-1.5068235786e-25,3.0840302143e-24,-2.7875180023e-25,-1.8296767945e-25,-1.4556735777e-08,0.2303648692,0.037201554309,0.070795077824,0.062724356173
goe450,ok,,30.663429624,194399622.44,408806.20814,2032091.8845,113004921.88,204789.35471,15187445.507,-4.2318746416e-25,1.5321313982e-24,-3.4867171551e-24,-1.8556754327e-07,1.6840644688e-08,-7.9990725207e-09,1.5076305454e-07,5.4913337894e-24,-5.319315369e-26,-1.92625082e-07,-1.7168781952e-24,5.1879169452e-24,-3.7689539753e-24,-7.2322081517e-25,-4.2850796968e-08,0.2310147602,0.035977822154,0.078746329367,0.061632872653
goe457,ok,,30.112990173,190843151.16,278779.74365,1461529.3835,111683405.43,134357.50846,14465039.807,-4.3155910398e-25,1.5129168772e-24,-4.2578281253e-24,-2.4379599985e-07,1.794845205e-08,4.0306788012e-09,1.8094497686e-07,6.6845070459e-24,-7.0886175571e-26,-4.5080381628e-08,-3.1614194518e-24,6.096542884e-24,-6.1790980961e-24,-1.1292042579e-24,-7.5512668128e-08,0.22381911459,0.030488190937,0.012567497234,0.050443794264
goe456,ok,,29.811427988,188927402.47,251041.89206,1632535.6991,110350153.21,137689.18471,14008015.232,-5.0757985443e-25,1.7203894863e-24,-4.3783117634e-24,-2.6801338399e-07,1.6993772735e-08,-1.5261567664e-08,2.4167648835e-07,6.088695566e-24,-8.4570431331e-26,-2.833980253e-07,-3.3575587901e-24,5.7390895448e-24,-9.3159070682e-24,-1.2643863574e-24,-2.7590052451e-08,0.2237833933,0.036052949842,0.071144776476,0.060670922901
goe447,ok,,31.745583607,201246758.77,915239.80008,4460957.2074,114520478.68,493311.01449,16506701.106,-4.1072409508e-25,1.0069984875e-24,-2.3039143919e-24,-1.1398603384e-07,1.5819624398e-08,-5.2845827868e-09,1.0317115192e-07,3.5229811367e-24,-3.1700700878e-26,-8.6015939565e-08,-4.3607967108e-25,3.4278514146e-24,-1.0414570041e-24,-2.7721618787e-25,-2.8746452838e-08,0.23439375374,0.052917613666,0.078725211331,0.094426344455
goe458,ok,,29.806633427,188896728.04,251060.6723,1632385.5211,110334242.52,137630.47894,14001430.667,-5.0769189057e-25,1.7204485951e-24,-4.3783648987e-24,-2.6825189868e-07,1.7019521815e-08,-1.5213516423e-08,2.4165002939e-07,6.0908370106e-24,-8.4537581328e-26,-2.8308407074e-07,-3.3507268235e-24,5.7400714812e-24,-9.3163359347e-24,-1.2637789589e-24,-2.7925471621e-08,0.22385864863,0.03605979781,0.071071277116,0.060668818839
goe459,ok,,31.015127336,196559474.86,890699.83854,2988973.5266,114164750.54,372004.67705,15686167.0,8.0072535917e-32,1.1448595219e-24,-2.4217396978e-24,-5.6037243355e-16,1.4886199119e-08,-1.2733800945e-15,-7.4070456897e-16,4.693010124e-24,1.9764763889e-31,-5.390655915e-08,-2.3093045505e-30,4.4201355894e-24,2.0751438844e-30,-2.9006658412e-25,-1.3895278324e-15,0.23350740537,8.7758654181e-11,0.048014563532,-6.5974543999e-10
goe460,ok,,31.821587176,201670288.31,2058432.6042,6197007.3511,114774359.78,1023702.8488,16616886.626,-2.0822577616e-32,7.2129215232e-25,-1.4384290774e-24,5.9028909801e-16,1.3734902438e-08,8.6253326779e-16,1.135922348e-15,2.8387129513e-24,-4.6948339193e-32,1.8202636009e-08,1.2572745744e-30,2.9710422446e-24,-1.8484031031e-30,2.298237585e-25,1.2393823022e-15,0.22823131662,-3.1471005005e-10,-0.037468899443,2.338219597e-09
goe464,ok,,29.624035424,187753781.01,114289.24068,4616974.3616,108785165.79,184057.40427,13754676.319,-8.2348743576e-25,8.5297313909e-25,-5.1705820548e-24,-3.982493245e-07,2.3874718016e-08,-1.4497904257e-08,1.0361189098e-06,-3.3000219622e-25,-4.5080432696e-25,-1.5820866924e-07,-4.1722529003e-24,2.2507934042e-24,-2.792800534e-23,-3.5751159358e-24,-1.2768984252e-07,0.1994646031,0.068651323894,0.018081548677,0.11841724345
goe477,ok,,30.252990006,191725769.9,402984.45072,1677891.4997,111358715.27,258874.68467,14559790.651,-3.6708671468e-25,1.2950278792e-24,-3.0893538796e-24,-1.4196556493e-07,1.6839524455e-08,2.161674805e-08,1.5072538454e-07,5.488061439e-24,6.8691765099e-26,2.5903897288e-07,1.8426245484e-24,5.7978894094e-24,2.5367539823e-24,1.0934351798e-24,-3.8224841621e-08,0.22470173309,0.034531210324,-0.1043886782,0.0607399863
goe476,ok,,31.510907089,199702928.11,1146514.3658,4478660.0478,114481474.41,535641.57696,16245373.946,-2.5371937078e-25,8.738742011e-25,-2.099803476e-24,-6.7508231567e-08,1.4872619428e-08,6.8555816642e-10,5.3281712541e-08,3.6781831292e-24,-1.8430615791e-26,-2.5922167869e-08,-2.5451301511e-25,3.5102659209e-24,-4.7506384895e-25,-2.3846353719e-25,-2.1228374931e-08,0.22910863899,0.033559554703,0.029720137855,0.061088248865
goe478,ok,,31.214269086,197823089.13,978125.40183,3735325.0022,114100056.79,441854.97998,15884593.767,-2.3893405163e-25,9.6830720277e-25,-2.2911305669e-24,-7.0018877793e-08,1.487359841e-08,-2.2302655995e-11,5.2097300426e-08,4.1068702904e-24,-2.0090736656e-26,-3.4081904647e-08,-3.5612997689e-25,3.8720458553e-24,-6.3557110707e-25,-3.222537638e-25,-1.640639985e-08,0.22818552612,0.029285599168,0.033336376678,0.050957692913
goe474,ok,,29.974696641,189965293.3,266734.02211,1180255.8089,111433191.95,117075.64939,14296839.921,-3.1492667583e-25,1.9170312434e-24,-4.4465216217e-24,-1.7945861039e-07,1.6525590284e-08,-5.3604784565e-09,1.2930881603e-07,7.7820508482e-24,-4.4598407315e-26,-2.481914194e-07,-2.7036064641e-24,7.0010969652e-24,-4.9897841144e-24,-1.0768812946e-24,-3.6044020139e-08,0.22543257614,0.020059295751,0.066201095548,0.034491060594
goe479,ok,,30.763640547,194966976.94,699252.10408,2803446.0364,113105111.27,314714.44389,15290310.761,-2.6732618861e-25,1.1160961124e-24,-2.7299747242e-24,-9.5161246999e-08,1.5755458096e-08,1.0923125261e-09,6.7935531052e-08,4.8383958399e-24,-2.8341365084e-26,-4.0876265047e-08,-6.3413565765e-25,4.4992678212e-24,-1.1360831223e-24,-4.7633541208e-25,-2.9616641466e-08,0.22732231776,0.027832265536,0.028582814341,0.04750406303
goe480,ok,,30.502051189,193306623.46,519868.14436,2230875.9067,111735644.54,340016.06443,14853508.156,-3.4789719943e-25,1.0282116613e-24,-2.7213302209e-24,-1.1511852005e-07,1.5901898251e-08,2.0239258955e-08,1.2760592005e-07,4.7177806164e-24,6.3954585523e-26,2.4811664256e-07,1.3311115686e-24,5.0296858205e-24,1.9527354292e-24,9.4033239183e-25,-2.5094984724e-08,0.22159119561,0.037254151509,-0.12898793856,0.066338252868
goe481,ok,,32.216584721,204179691.16,446630.25364,3852518.1108,114232665.46,383808.41538,16964355.38,-5.1943627256e-25,6.8464398347e-25,-3.126703669e-24,-1.4917223816e-07,1.3372087771e-08,1.2644869217e-08,2.3714041845e-07,3.4705793407e-24,5.3633511172e-26,1.1779331192e-07,8.7460441107e-25,3.4439410723e-24,1.6780420237e-24,5.268392088e-25,-2.5865468335e-09,0.2243363857,0.057030910498,-0.052610056782,0.10591408524
goe481a,ok,,31.797324087,201517358.56,1244302.547,4229434.1064,115274065.71,638239.94455,16664485.693,-2.5165620442e-25,8.4575634335e-25,-1.8703827814e-24,-6.0074567955e-08,1.3706623637e-08,1.9480732533e-09,5.1929785996e-08,3.4430660491e-24,1.9052157202e-26,2.9539513851e-08,3.2566584992e-25,3.5770916684e-24,4.2124592961e-25,3.0554725576e-25,-1.4626258635e-10,0.22832037701,0.038320675418,-0.036756092323,0.064616364982
goe482,ok,,30.946242456,196125453.34,1205292.8801,6406619.3698,110702641.16,658119.99224,15160415.473,-4.0828605873e-25,6.5644075212e-25,-2.0427211225e-24,-9.6137289237e-08,1.4435790758e-08,1.2359911536e-10,8.4573698159e-08,3.0605795369e-24,-6.1188293755e-26,-3.9060665158e-09,-6.3130316028e-25,2.8587586394e-24,-1.2584493837e-24,-5.4455613691e-25,-6.4484000872e-09,0.21266317554,0.062368541849,0.0047079541607,0.10193607623
goe483,ok,,28.767479091,182314950.31,116510.18921,1547218.3804,107512997.56,87769.181485,12731333.84,-6.8293964286e-25,1.771698354e-24,-5.9558708754e-24,-4.8309336126e-07,2.1762883976e-08,-2.4732397869e-08,5.8193741018e-07,4.9790439491e-24,-2.0430072172e-25,-4.5313723853e-07,-7.2902598471e-24,5.5026903787e-24,-2.713240441e-23,-2.6264492271e-24,-1.2999485625e-07,0.20686070893,0.04004577287,0.052795105397,0.067801637766
goe484,ok,,29.679965382,188100850.28,180443.08653,1368389.2104,110262133.75,105389.06116,13878284.581,-5.5088969109e-25,1.9795095447e-24,-5.0691586947e-24,-3.2148054954e-07,1.382027479e-08,-3.0104680413e-08,3.2031645046e-07,6.4003412881e-24,-1.1132878997e-25,-4.4400184684e-07,-6.5206671181e-24,6.1034028717e-24,-1.586580994e-23,-1.9374257617e-24,5.7437190335e-08,0.21880180294,0.035206295597,0.08011706367,0.057798888989
goe488,ok,,30.042691554,190397001.68,256712.46144,1147518.2516,111601898.0,113499.69473,14383082.494,-3.3685897849e-25,1.9664229674e-24,-4.5022738501e-24,-2.0098093961e-07,1.7122959122e-08,-4.3711967605e-09,1.4192473912e-07,7.8384103848e-24,-4.5655300069e-26,-2.6976079891e-07,-2.4973731641e-24,7.1342702793e-24,-4.9430362182e-24,-9.7041544155e-25,-6.2892791421e-08,0.22563338189,0.021201722666,0.069250958689,0.036433849119
goe490,ok,,30.598837232,193921281.91,411693.90488,1789726.3924,112971497.22,188031.02424,15105763.931,-3.2331505714e-25,1.44436016e-24,-3.5351966666e-24,-1.5201191253e-07,1.7060493916e-08,2.1521400282e-09,1.1092933305e-07,6.0534264812e-24,-3.6410041827e-26,-8.1909193649e-08,-1.1260361949e-24,5.6280332925e-24,-2.3212240676e-24,-5.9549735862e-25,-6.2250502923e-08,0.23079829854,0.02588504722,0.033721515779,0.04566893029
goe492,ok,,29.310798651,185755159.53,182179.50732,1025446.5284,109443448.63,88264.312667,13432886.375,-4.1797653593e-25,2.2826497077e-24,-5.3065080509e-24,-2.5292051386e-07,1.4810743097e-08,-2.7313016773e-08,2.1451243519e-07,8.4058916655e-24,-6.9191823786e-26,-5.4570969857e-07,-6.1013641679e-24,7.3703744877e-24,-1.3655090779e-23,-1.9186853782e-24,6.9969388001e-08,0.21992537767,0.02368297974,0.099417124027,0.039079769757
goe491,ok,,29.834748608,189077886.26,116606.64158,638062.21151,111339916.43,54253.776457,14148794.945,-4.3141276962e-25,2.6320179133e-24,-6.5547210192e-24,-4.1397572216e-07,2.2880430472e-08,4.9800575588e-09,2.8274634895e-07,1.0543780341e-23,-9.2769551689e-26,-5.6020506955e-07,-5.7513668649e-24,9.283330195e-24,-1.3912411312e-23,-1.6730838669e-24,-3.0528885384e-07,0.22662715511,0.018711258467,0.065323631758,0.03297010217
goe493,ok,,31.091120224,197041343.6,1188629.8799,4271320.2455,113521182.13,524700.79844,15678142.422,-1.7064751619e-25,9.7560408398e-25,-2.0917178731e-24,-4.2307058691e-08,1.4535833156e-08,-2.9743742787e-09,3.1955372635e-08,3.8986785072e-24,-1.1071236391e-26,-5.0444567036e-08,-2.6593604576e-25,3.6690942319e-24,-4.4657506018e-25,-2.9447065264e-25,8.9500691742e-09,0.23100457279,0.023283901282,0.059959919658,0.037983110738
goe494,ok,,27.952092659,177148275.43,91126.033265,1226760.3567,105991923.35,64986.922452,11911892.135,-6.7081162325e-25,2.3482622516e-24,-6.5908247438e-24,-5.0839738791e-07,8.5813458761e-09,-7.6448868314e-08,6.2396696635e-07,5.4022878832e-24,-3.2079069764e-25,-1.1370055351e-06,-1.1116625821e-23,6.2200030614e-24,-5.144386173e-23,-5.7664217258e-24,2.4403834815e-07,0.1982377379,0.036192248864,0.10361080421,0.056859634532
goe496,ok,,29.909180388,189553068.92,448487.98872,2410504.1762,110503448.57,223245.80651,14123483.816,-3.8307622331e-25,1.1490626603e-24,-3.411558408e-24,-1.4790749177e-07,1.4083286705e-08,-5.1626022351e-09,1.2495266829e-07,5.2636770096e-24,-6.1606022575e-26,-2.929493538e-08,-2.315299684e-24,4.7255244706e-24,-4.3782520944e-24,-1.1329373539e-24,3.907859055e-08,0.21711412952,0.034916559907,0.013138426648,0.056039770885
goe495,ok,,29.071210732,184240927.15,203443.72171,1522031.0217,108649221.43,112994.37818,13136456.166,-5.3147497156e-25,1.7245740039e-24,-4.8662159684e-24,-2.9757535956e-07,1.3280825501e-08,-2.0980797956e-08,2.7735842764e-07,6.3278363519e-24,-1.390574283e-25,-2.6957295144e-07,-6.8904021749e-24,5.7673382158e-24,-1.6404095566e-23,-2.5292624534e-24,8.2666495352e-08,0.21096180632,0.035598038349,0.054842924514,0.056426830768
goe497,ok,,30.467326348,193090148.34,759012.86815,3555232.2281,111606873.5,366181.69197,14801988.021,-3.1662892916e-25,9.1929936065e-25,-2.6267433351e-24,-9.5116351687e-08,1.4069146211e-08,-2.7956254335e-09,7.7864195154e-08,4.3002825848e-24,-3.8819743726e-26,-9.8014784917e-09,-1.0438024213e-24,3.923629069e-24,-1.8419645002e-24,-6.7303971212e-25,2.2467756971e-08,0.21982015953,0.036640932125,0.0074394483021,0.05909992609
goe499,ok,,28.797611465,182506994.71,191327.7414,1790892.8852,107566719.05,120656.832,12770272.359,-5.9491288035e-25,1.7477651834e-24,-4.8713107979e-24,-3.1043420594e-07,9.8772764297e-09,-3.7702425889e-08,3.4303726163e-07,5.4109275507e-24,-1.7823534063e-25,-4.1152302942e-07,-6.5042810436e-24,5.2645769171e-24,-1.9851973483e-23,-2.9780327835e-24,1.6817877801e-07,0.20652690347,0.041664161568,0.078735771753,0.065632544483
goe500,ok,,29.890055365,189431519.56,453942.41525,2669602.6471,110101738.79,239958.71319,14055724.923,-4.4497328103e-25,1.1964642794e-24,-3.336659053e-24,-1.6559112148e-07,1.3621607249e-08,-9.6052639943e-09,1.4963140381e-07,4.8757280615e-24,-7.1980826085e-26,-8.4971420733e-08,-2.3224786143e-24,4.4962185903e-24,-4.8628150485e-24,-1.1037223913e-24,4.4454174569e-08,0.21626726218,0.042046859445,0.038572131955,0.067924040844
goe498,ok,,31.269078057,198170995.51,1223860.3488,5089852.3493,113401071.52,583097.77266,15846655.655,-2.6736168915e-25,7.3264980078e-25,-2.0478475133e-24,-6.6490706467e-08,1.3955405862e-08,-1.4006432543e-11,5.135151088e-08,3.4911565803e-24,-2.5303379683e-26,3.6006704434e-09,-4.3457197742e-25,3.2547123176e-24,-7.2482988082e-25,-3.7541063851e-25,2.447313476e-09,0.2226496341,0.039088391641,-0.0044067177847,0.062847078016
goe501,ok,,30.562881478,193695745.22,767233.83915,3810721.0716,111518030.79,387606.67293,14884695.196,-3.7229625763e-25,9.2163568825e-25,-2.581205879e-24,-1.1007066573e-07,1.389933305e-08,-3.6138961436e-09,9.3625255732e-08,4.0712383483e-24,-4.3637358393e-26,-2.3164028679e-08,-1.036100097e-24,3.7841377913e-24,-1.9516891179e-24,-6.155389033e-25,1.9942225571e-08,0.21953880386,0.04436382407,0.017772226654,0.071832464397
goe502,ok,,31.400160037,199001790.39,1227104.0362,5293040.3972,113502908.54,601556.02592,15995760.0,-2.8135543842e-25,7.3795782687e-25,-2.0358892159e-24,-6.5694156108e-08,1.3499044117e-08,-1.6782752673e-09,5.5793806839e-08,3.3851953708e-24,-2.5084428308e-26,-3.6700048692e-09,-4.5718654337e-25,3.1711258331e-24,-7.9254694734e-25,-3.6440799317e-25,1.2806444534e-08,0.2240095153,0.041246982372,0.0045034777878,0.068464805565
goe503,ok,,31.661873112,200657430.45,1229594.3504,4412515.0521,114176172.86,668551.10876,16363863.968,-3.0026752217e-25,8.7263253252e-25,-1.8718980713e-24,-7.5755239843e-08,1.5921496925e-08,6.67777636e-09,6.6303398519e-08,3.3794953376e-24,2.7690607535e-26,1.8228439052e-08,2.7965381397e-25,3.4858207542e-24,3.4014162564e-25,3.0590418665e-25,-3.5211291091e-08,0.23120458733,0.045229714748,-0.022413585675,0.081526284232
goe507,ok,,30.073652548,190590258.29,394453.9549,1661926.1594,111478721.28,172414.75485,14397679.66,-2.5998845592e-25,1.5562638752e-24,-3.6823832108e-24,-1.1864776187e-07,1.6081819058e-08,-3.0117955218e-09,8.7887127822e-08,6.5624852543e-24,-3.3527031665e-26,-1.370232383e-07,-1.4398052725e-24,5.9195782631e-24,-2.7394413136e-24,-8.3499097643e-25,-1.9730958279e-08,0.22572684871,0.019688953352,0.05404935826,0.034667425154
goe505,ok,,31.519420223,199755100.64,1056529.9728,3675621.8307,114378997.68,557228.24692,16244356.167,-2.8250905716e-25,9.8097686999e-25,-2.0195509578e-24,-7.6981919256e-08,1.5595823446e-08,5.5519058807e-09,6.6592606464e-08,3.7089663561e-24,2.5437216095e-26,1.5087189497e-08,3.3821162786e-25,3.8311060365e-24,4.0314653303e-25,3.352058255e-25,-3.0314278215e-08,0.23214545326,0.038986628466,-0.015940067909,0.070357084698
goe506,ok,,31.529254267,199816581.42,1335090.3613,4366366.2258,114304966.4,686940.88875,16243641.869,-2.1602502896e-25,8.8222892463e-25,-1.7927521635e-24,-5.2814727468e-08,1.482583836e-08,3.7602805865e-09,4.2883249325e-08,3.4142848506e-24,1.8378178679e-26,2.3368206195e-08,2.3259331965e-25,3.5458013756e-24,2.8951170995e-25,2.9990324095e-25,-1.4737946255e-08,0.23211433268,0.033934279764,-0.031198666852,0.057253012835
goe504,ok,,31.652461227,200598059.5,1709566.2312,6235273.0527,114033152.01,789791.07754,16332805.8,-2.2490196822e-25,7.7989252264e-25,-1.7188266433e-24,-5.1180937428e-08,1.491745048e-08,4.4127374541e-10,3.6711607974e-08,3.1276871108e-24,-1.4703195306e-26,-2.8956416408e-08,-1.2722136523e-25,2.9948869331e-24,-2.5010418611e-25,-1.7711433656e-25,-1.9106667487e-08,0.23097111763,0.036945672781,0.049502911667,0.062760925284
goe508,ok,,31.576638841,200119254.92,1485460.577,5644443.1205,114077428.93,693221.50686,16259392.331,-2.4730702012e-25,7.8458146897e-25,-1.8479527737e-24,-5.9521132471e-08,1.4911522449e-08,9.6558785877e-10,4.4295315721e-08,3.2888626615e-24,-2.0295089679e-26,-2.5488480113e-08,-1.9740541623e-25,3.1267523218e-24,-3.6261368124e-25,-2.3610617341e-25,-2.3409898873e-08,0.22668024994,0.037593050652,0.037862132374,0.065798945247
goe509,ok,,31.187956246,197654113.54,720660.32609,2850877.1963,114226186.34,329027.57244,15872878.663,-3.1895034365e-25,1.2285798108e-24,-2.6429396089e-24,-1.2020255438e-07,1.7809932237e-08,2.8387159671e-09,8.303158161e-08,4.6688224917e-24,-2.4023514942e-26,-9.186484816e-08,-3.1524146473e-25,4.470672719e-24,-8.1506404251e-25,-2.5698029507e-25,-7.7556166705e-08,0.23381922398,0.033605689867,0.066203351431,0.059837566679
goe510,ok,,31.553069334,199968954.52,1013578.4135,3547112.4499,114546028.81,534558.52365,16301783.417,-2.7740310615e-25,9.811318745e-25,-2.0600211238e-24,-7.7230715195e-08,1.5509713902e-08,6.0635202396e-09,6.7476562046e-08,3.7646615283e-24,2.5193484198e-26,2.158849944e-08,3.3603153415e-25,3.8949526499e-24,3.8790872016e-25,3.4249874445e-25,-3.2085304923e-08,0.23116539631,0.037330867611,-0.021881637012,0.068392786705
goe511,ok,,32.025977371,202965372.02,1520470.626,5215396.9389,114922686.54,800555.90523,16859945.305,-3.1372991929e-25,7.9784484441e-25,-1.6911687924e-24,-7.6122952888e-08,1.6299135402e-08,7.3657927896e-09,6.115864214e-08,3.0882451123e-24,2.839744429e-26,5.6074917228e-09,2.190386311e-25,3.1815902935e-24,2.5675105344e-25,2.5847023001e-25,-4.5484616077e-08,0.22768597989,0.052723453547,-0.0085260264501,0.0929899189
goe512,ok,,31.487826393,199554344.12,1027438.4453,3431700.2338,114660554.92,522041.13422,16248602.961,-2.7240077849e-25,9.9962502706e-25,-2.0504375563e-24,-8.2333916819e-08,1.6456133238e-08,9.011881976e-09,6.4436731943e-08,3.8518170574e-24,2.5892404102e-26,2.3011256108e-08,3.025874697e-25,3.9859386882e-24,3.1161783208e-25,3.3887591725e-25,-5.0629140032e-08,0.23183703184,0.036880763053,-0.023642649201,0.066204775691
goe513,ok,,31.750671307,201220735.21,1524060.8571,4813842.9709,114951242.24,753220.4019,16568888.554,-2.0978678276e-25,8.4391928409e-25,-1.6882588384e-24,-5.2947626814e-08,1.5233891795e-08,5.9029632562e-09,4.0346380733e-08,3.2426638056e-24,1.9629827242e-26,1.0038073935e-08,1.518450464e-25,3.3688909729e-24,1.6579152356e-25,2.6449774681e-25,-3.453612878e-08,0.2294085356,0.0339376328,-0.015298635565,0.061490339603
goe514,ok,,31.780783013,201411032.8,1494631.9912,4925356.833,114634802.69,763642.21624,16556485.646,-2.5907951704e-25,8.4159996642e-25,-1.7040959761e-24,-6.2845689725e-08,1.5446046653e-08,5.4118236614e-09,5.0265343039e-08,3.1995670716e-24,2.3359822306e-26,6.5716974551e-09,2.0662415064e-25,3.311161042e-24,2.4225751284e-25,2.6973252875e-25,-3.2207058481e-08,0.22997912386,0.042362242999,-0.0098222692531,0.075128189757
goe515,ok,,30.288387698,191954035.38,387029.16526,1592912.0563,112215257.69,168992.9438,14700317.402,-2.4792576543e-25,1.5952807133e-24,-3.7012184927e-24,-1.1303253306e-07,1.5833519247e-08,-3.1841439571e-09,8.5989961144e-08,6.6143467777e-24,-2.9249023315e-26,-1.407967474e-07,-1.4155112896e-24,6.029846889e-24,-2.5240108673e-24,-7.5880623135e-25,-1.7126425839e-08,0.22794666757,0.018442123257,0.054492447617,0.033280622882
goe517,ok,,29.78268637,188739126.75,244196.24112,1276793.3167,110410112.68,126864.62539,13982106.567,-4.877846959e-25,2.0327119659e-24,-4.7395593404e-24,-2.8120765212e-07,2.108273528e-08,-8.5666994906e-09,2.2198112587e-07,6.9777670888e-24,-9.3050569167e-26,-3.8068966598e-07,-5.1722535377e-24,6.7211820811e-24,-2.8905146517e-24,-1.5011078249e-24,-1.3380636813e-07,0.22795056094,0.031815029979,0.092962985466,0.054206956537
goe518,ok,,32.029402564,202986760.42,1672464.7502,5511198.4229,115008038.54,872178.17554,16876585.101,-2.8685026443e-25,7.6889742207e-25,-1.6078928389e-24,-6.7219940153e-08,1.5806115649e-08,7.0334669134e-09,5.2049044407e-08,3.003148934e-24,2.5827231231e-26,9.6627226187e-09,1.8973885922e-25,3.1016515962e-24,2.2435020166e-25,2.4815734295e-25,-3.9369769918e-08,0.22746727574,0.050880461221,-0.016160562971,0.087050192052
goe522,ok,,32.205989779,204107281.98,2417135.5191,8696695.5331,114632516.93,1138107.5457,17007345.638,-1.8483272444e-25,5.8241359289e-25,-1.436558938e-24,-3.3280066165e-08,1.324124394e-08,-2.0417146092e-10,2.5047782561e-08,2.5946325335e-24,-1.1112888733e-26,-6.850284671e-09,-1.0399364417e-25,2.4781725997e-24,-1.7099009154e-25,-1.5963650606e-25,-1.7606473039e-09,0.22406327791,0.037427476145,0.016558066394,0.060543884902
goe523,ok,,31.110034154,197163344.71,1198044.2404,6497355.5708,111110522.42,665873.43191,15382188.796,-4.509134062e-25,6.8012184725e-25,-2.0159653599e-24,-1.0489663177e-07,1.2542148189e-08,-3.1117509422e-09,9.2153010296e-08,2.974776013e-24,-6.379347653e-26,-1.1002427365e-08,-7.3566028106e-25,2.8114676717e-24,-1.5308193511e-24,-5.6782766076e-25,1.9507574926e-08,0.21385085757,0.072638525286,0.013181394736,0.11040338322
goe525,ok,,31.110034154,197163344.71,1198044.2404,6497355.5708,111110522.42,665873.43191,15382188.796,-4.509134062e-25,6.8012184725e-25,-2.0159653599e-24,-1.0489663177e-07,1.2542148189e-08,-3.1117509422e-09,9.2153010296e-08,2.974776013e-24,-6.379347653e-26,-1.1002427365e-08,-7.3566028106e-25,2.8114676717e-24,-1.5308193511e-24,-5.6782766076e-25,1.9507574926e-08,0.21385085757,0.072638525286,0.013181394736,0.11040338322
goe526,ok,,31.046309718,196758618.76,847353.91218,3258565.8819,113807051.38,378821.92932,15671669.531,-2.4607204797e-25,1.0590046973e-24,-2.4676069794e-24,-7.9983011757e-08,1.5542560404e-08,1.073386411e-09,5.8084721342e-08,4.4329305242e-24,-2.2750180782e-26,-4.6404337274e-08,-3.980338801e-25,4.1717738948e-24,-7.2617063801e-25,-3.5230379967e-25,-3.1537024427e-08,0.22856716878,0.027572679466,0.039320896731,0.049218315868
goe528,ok,,30.943298038,196105521.05,761860.60385,3506934.3405,112910869.36,376801.78956,15447007.747,-3.7541372714e-25,9.7938826379e-25,-2.5801407237e-24,-1.2480458486e-07,1.6983491193e-08,2.7575758385e-09,9.6297746569e-08,4.1958115359e-24,-4.4552131886e-26,-3.0664676497e-08,-6.9019665653e-25,3.9494498159e-24,-1.3886392545e-24,-4.7344165615e-25,-5.0468280018e-08,0.22558566606,0.04275258563,0.023362208953,0.07336545935
goe529,ok,,30.346434795,192322763.43,460587.55102,2457525.8462,111530171.99,237265.89154,14671031.47,-4.3454297431e-25,1.2300824559e-24,-3.3158356916e-24,-1.8031391949e-07,1.8229059911e-08,7.4336170035e-10,1.4755607e-07,5.0608685153e-24,-6.4323187122e-26,-7.8811820066e-08,-1.4063738579e-24,4.7396774868e-24,-3.1146141285e-24,-7.4991641195e-25,-7.0788964976e-08,0.22293092522,0.039049238197,0.036299743196,0.06796248892
goe527,ok,,31.514754659,199726978.56,1406194.5452,5467321.1894,113941539.07,661272.21154,16175501.388,-2.6629073931e-25,7.6394664436e-25,-1.90031953e-24,-6.7401525846e-08,1.5342950576e-08,2.4445807607e-09,4.8660707502e-08,3.3431530742e-24,-2.3248714944e-26,-1.4802133654e-08,-2.1644774607e-25,3.1713631303e-24,-3.9748401391e-25,-2.5371900609e-25,-3.0635875848e-08,0.22598660592,0.04000969979,0.020814679603,0.068426421457
goe530,ok,,31.398262847,198988960.14,944008.70088,3667227.9946,114586277.3,432984.35206,16142641.5,-2.7839323892e-25,9.7820733875e-25,-2.3153607516e-24,-9.0267886622e-08,1.6643327431e-08,4.6996754249e-09,6.4265571438e-08,4.0890929751e-24,-2.3557821203e-26,-3.5037054651e-08,-2.542559543e-25,3.8981837266e-24,-5.2666282929e-25,-2.5691516324e-25,-6.1697908445e-08,0.22954313771,0.03297671519,0.033075284444,0.060667258604
goe533,ok,,30.446668689,192959089.51,841737.31543,3735014.5181,111534386.89,396782.95094,14772309.948,-2.9085154467e-25,8.4958312522e-25,-2.516760607e-24,-9.2217847319e-08,1.5662565189e-08,2.7060333992e-09,6.6200977951e-08,4.251416366e-24,-4.3914897861e-26,6.0085168271e-09,-7.1537638892e-25,3.8392130316e-24,-1.2612931418e-24,-6.6128200809e-25,-2.4527415718e-08,0.21809204652,0.034471339957,-0.0050575928238,0.055723833459
goe534,ok,,30.77236198,195024445.15,753269.32268,3975984.4632,112381999.39,385170.39703,15209121.694,-3.2122373213e-25,5.9080378039e-25,-2.6353637741e-24,-1.0429063727e-07,1.5542326977e-08,1.0042396883e-08,8.4450894821e-08,3.9507367612e-24,-5.7177555963e-26,1.0740417943e-07,-9.9267410988e-25,3.520380687e-24,-1.6863890646e-24,-7.6621029521e-25,-3.4041352272e-08,0.21554603469,0.037350075814,-0.080904273496,0.063614268342
goe532,ok,,30.431789427,192865080.32,696921.00816,3232903.1232,111830402.75,330857.84204,14797302.641,-3.2423466931e-25,8.6314172985e-25,-2.755377856e-24,-1.1480309991e-07,1.6173487844e-08,5.541251532e-09,8.2720843494e-08,4.5340411188e-24,-5.3906946384e-26,3.1570156059e-08,-9.9775866663e-25,4.0759739046e-24,-1.7381518918e-24,-7.6349394164e-25,-3.8706368493e-08,0.2175287931,0.035203672214,-0.022001904988,0.057649893644
goe531,ok,,32.934927634,208728893.94,1113128.5393,9619573.5285,112161262.17,910204.11782,17413532.432,-5.4320746516e-25,7.5127215125e-25,-2.020515062e-24,-9.8647947797e-08,1.2961007961e-08,-1.8016553429e-08,1.514007753e-07,2.0981052505e-24,-3.685185676e-26,-1.0567669399e-07,-1.9950500765e-25,2.1505280994e-24,-8.2827310532e-25,-2.0362393569e-25,2.047886857e-09,0.22889809297,0.090216763957,0.11763174401,0.16852852386
goe535,ok,,31.228081985,197912323.55,1094861.9533,5158355.8383,113077050.16,550364.14218,15761700.502,-2.9520575738e-25,6.1390755184e-25,-2.1702977677e-24,-7.7665297209e-08,1.4176886355e-08,3.6078040144e-09,6.1873662022e-08,3.4398754056e-24,-4.0580058115e-26,4.2196294395e-08,-6.5642949244e-25,3.1215070105e-24,-1.0994645021e-24,-5.5521639574e-25,-6.8238046543e-09,0.21885122923,0.041922894645,-0.046199117302,0.067743118458
goe54,ok,,27.703441404,175974482.56,134724.02689,1089920.8078,106919543.1,63901.892192,12102179.685,-4.8060935161e-25,7.5070133146e-25,-6.6672498823e-24,-4.2345322193e-07,2.687093378e-08,4.4029556302e-08,2.7826908931e-07,9.0486622157e-24,-3.1376276855e-25,6.0087721874e-07,-6.3131416888e-24,5.7922663806e-24,-1.3633610936e-23,-5.3721559437e-24,-4.1299240285e-07,0.18972289007,0.022067948569,-0.080952598574,0.037489532271
goe547,ok,,30.700211009,194563844.67,583466.41604,2373320.4136,113017500.62,265093.5882,15213673.757,-2.8245056095e-25,1.3540253542e-24,-2.9784033823e-24,-9.9885261874e-08,1.4863032394e-08,-6.689629549e-09,7.8583469408e-08,5.2568403384e-24,-2.3912842074e-26,-1.1383368148e-07,-9.2434393393e-25,4.9082834585e-24,-1.7108744758e-24,-5.0967143537e-25,1.3254643217e-08,0.23145801146,0.027292564278,0.066418130159,0.045850815255
goe546,ok,,30.369223786,192466864.33,530977.96557,2199898.133,112181493.54,237053.16332,14776715.954,-2.7595299254e-25,1.325301937e-24,-3.1605937276e-24,-1.0751484459e-07,1.5367953103e-08,-3.5439642201e-09,7.8027223113e-08,5.591428826e-24,-3.3352937989e-26,-8.8438108239e-08,-1.209912125e-24,5.085388067e-24,-2.1202992617e-24,-7.3644522934e-25,-1.5268493832e-09,0.22651282047,0.025404752333,0.046958686791,0.041430736187
goe548,ok,,30.824982474,195352538.57,776027.8318,2690837.0396,113479473.46,328905.56619,15400181.34,-1.4909247779e-25,1.3373438088e-24,-2.5954137794e-24,-4.7265012758e-08,1.5166381162e-08,-3.9008949765e-09,3.4047895722e-08,4.9906032601e-24,-8.9922147729e-27,-1.1737346252e-07,-3.1977376059e-25,4.6875932211e-24,-5.9062325549e-25,-3.3577115268e-25,6.702474204e-09,0.23516847954,0.016064230017,0.091085073633,0.026422114694
goe549,ok,,30.856911729,195561095.03,913618.4466,3783207.404,112719568.95,427982.84086,15333405.17,-2.6833748606e-25,9.3733524278e-25,-2.3925440976e-24,-8.1120882737e-08,1.563487054e-08,1.3193637439e-09,6.0451504043e-08,4.1420058126e-24,-3.2029872672e-26,-2.6201910781e-08,-4.9927138351e-25,3.8438328776e-24,-8.8480078436e-25,-4.6343844437e-25,-2.7025701353e-08,0.22531566153,0.032116644754,0.023938549025,0.055229609218
goe55,ok,,29.044411728,184766902.48,119223.41725,843838.92409,110702615.12,53394.448018,13736646.269,-3.126392662e-25,8.4827366781e-25,-7.1162751239e-24,-2.9295952695e-07,1.8848278295e-08,2.9568512883e-08,1.9441949036e-07,9.9714726891e-24,-1.8540745957e-25,7.7809050924e-07,-8.8129390266e-24,6.1199345436e-24,-1.5552112473e-23,-5.5747121641e-24,-2.1127556188e-07,0.21348136484,0.013235832514,-0.092766609438,0.02317935602
goe550,ok,,30.805050291,195229986.55,790836.47263,3436371.5766,112802148.63,372156.97938,15292434.919,-2.4815351194e-25,9.0591090184e-25,-2.5726349135e-24,-7.2559550027e-08,1.4323164154e-08,-1.338303749e-09,6.0789501724e-08,4.33764138e-24,-2.4539527855e-26,7.4387860582e-09,-7.1409540469e-25,3.9951394591e-24,-1.209613246e-24,-5.1375192618e-25,1.5516766866e-08,0.22543621673,0.028306330922,-0.0058828633269,0.048074555117
goe553,ok,,30.458659799,193035192.57,837982.38104,3729782.9421,111601619.66,395030.56744,14793071.816,-2.9127992144e-25,8.3820574878e-25,-2.5233577876e-24,-9.2982288974e-08,1.569400688e-08,3.1179457574e-09,6.6441097559e-08,4.2512577072e-24,-4.5459144963e-26,1.0533428008e-08,-7.2252868075e-25,3.8306433181e-24,-1.2687347361e-24,-6.7573413143e-25,-2.6092139438e-08,0.21795974845,0.034488058156,-0.0088268270826,0.055676469131
goe559,ok,,30.011337203,190187797.37,538980.38099,2300966.9572,110504728.72,245412.8913,14210557.27,-2.5073717852e-25,1.4493245738e-24,-3.1028117848e-24,-1.048946265e-07,1.8154953244e-08,-4.4992333494e-10,7.1750328655e-08,5.6593565371e-24,-2.7541922714e-26,-1.5738046637e-07,5.2990270245e-26,5.0380790647e-24,-1.8517028137e-24,-4.3644472405e-25,-5.8011940112e-08,0.23671713237,0.022376996887,0.084824983727,0.038672019475
goe561,ok,,33.043318051,209411812.76,3087214.7411,10389050.719,114459916.62,1679895.3171,17894129.862,-2.8059238677e-25,5.4337923478e-25,-1.1874793742e-24,-4.695340483e-08,1.4717435797e-08,4.521799567e-09,3.7802671672e-08,2.1610645306e-24,2.3615102933e-26,-1.950843287e-09,8.4037856231e-26,2.2254999363e-24,1.0562294427e-25,1.5929935158e-25,-2.9599184194e-08,0.22085771148,0.068081308318,0.0060226721532,0.11670496524
goe562,ok,,31.435972804,199225394.98,913035.45514,3377584.9527,114127306.19,491288.89895,16117620.984,-3.1797645369e-25,9.9938181158e-25,-2.1870546255e-24,-9.7324241593e-08,1.7287681423e-08,1.0022052264e-08,8.1332458182e-08,3.9224528842e-24,2.9957476207e-26,2.468414283e-08,3.6504999448e-25,4.036123698e-24,3.6956891281e-25,3.5905486596e-25,-5.8883124459e-08,0.23301710894,0.041108970777,-0.022537497584,0.074259417973
goe563,ok,,30.165778931,191177043.19,414050.03719,1607936.0031,111917646.41,174590.26229,14542783.696,-2.0403298535e-25,1.5689072925e-24,-3.6071502824e-24,-9.2695046242e-08,1.5648733843e-08,-2.8060015064e-09,6.4153251692e-08,6.6929303651e-24,-2.3340911783e-26,-1.2768060249e-07,-1.192345189e-24,6.0476373487e-24,-2.0153303509e-24,-7.8569319953e-25,-6.4554366996e-09,0.22605653719,0.015928894452,0.05286615821,0.026562656249
goe564,ok,,30.313114788,192110374.74,367597.48877,1451696.9472,112403725.3,156807.49266,14748874.221,-2.5555476526e-25,1.7045562405e-24,-3.7899452503e-24,-1.2505855559e-07,1.5791549655e-08,-4.0466192567e-09,8.6185128348e-08,6.9467881401e-24,-2.7837481934e-26,-1.6740640627e-07,-1.474386471e-24,6.3387088804e-24,-2.6149048164e-24,-7.5663959698e-25,-1.3775547386e-08,0.22892221855,0.019115711736,0.061538174549,0.03168143675
goe565,ok,,29.952058032,189822607.63,348049.38106,1494411.3013,111257600.49,152108.84274,14253775.854,-2.717177261e-25,1.5651867963e-24,-3.9277042476e-24,-1.3129037966e-07,1.559105892e-08,-3.8191266522e-09,9.4323441175e-08,6.9523866413e-24,-3.4911920512e-26,-1.0371216706e-07,-2.1191652605e-24,6.2081691614e-24,-3.604836566e-24,-1.0105884883e-24,3.9430362636e-09,0.22335377942,0.020104396072,0.036096955554,0.03282921532
goe566,ok,,30.082314542,190648090.05,400926.37436,1596416.8658,111648226.48,170500.23469,14428176.047,-2.3960080358e-25,1.5889204375e-24,-3.6699345399e-24,-1.1778763675e-07,1.6515268988e-08,1.5874223668e-10,7.6630462622e-08,6.7463411246e-24,-3.4967898999e-26,-1.4460025673e-07,-1.2311130322e-24,6.0624031422e-24,-2.2422461547e-24,-8.6691947372e-25,-4.6568076292e-08,0.22477651196,0.018299291376,0.057974056661,0.030723173544
goe57,ok,,30.098158165,190837609.59,193141.34173,1457711.6026,111711519.85,113056.82349,14475200.022,-5.5613824153e-25,1.7098889113e-24,-4.8828989211e-24,-3.4498723999e-07,1.9787518234e-08,-6.1085373185e-09,3.2047918004e-07,6.0552476743e-24,-1.2176835424e-25,-2.2018910416e-07,-5.3355863059e-24,5.8392009266e-24,-1.3039633036e-23,-1.6126604615e-24,-1.1108115011e-07,0.22366871107,0.036199977182,0.042527619012,0.061897778831
goe567,ok,,30.738434476,194808031.24,983037.13992,4373507.9779,111925664.51,475738.37339,15109524.914,-2.7605035902e-25,8.1872463522e-25,-2.3081157463e-24,-7.2061944494e-08,1.4124231772e-08,-1.9309971948e-09,5.9687162998e-08,3.8511335318e-24,-2.9720845846e-26,-4.9438629421e-09,-6.2660751996e-25,3.5484179096e-24,-1.1019973035e-24,-5.0815290457e-25,1.5470079948e-08,0.22141190893,0.035914168506,0.0048600008867,0.058674698004
goe572,ok,,32.005485987,202834137.18,1550893.4251,5796561.3106,113945906.74,862734.06551,16693358.064,-3.1616675056e-25,7.2314158155e-25,-1.6765846197e-24,-7.3898089247e-08,1.696465078e-08,9.0941596038e-09,6.2828250349e-08,2.9569219178e-24,2.9730883045e-26,1.8046181513e-08,1.8709254518e-25,3.0432038855e-24,2.0607655578e-25,2.5605751292e-25,-5.0852265694e-08,0.22850016935,0.053839152945,-0.027987704257,0.097439920378
goe570,ok,,33.902971802,214859755.15,5775196.009,17524164.999,113621865.17,3094641.4529,18720626.767,-2.0258138401e-25,4.3548277582e-25,-8.6171232829e-25,-2.4259238886e-08,1.2435306321e-08,1.1415846801e-09,1.8832777666e-08,1.6379707643e-24,1.5454951149e-26,-6.8254105281e-09,3.8279479629e-26,1.6914751766e-24,5.4908814557e-26,1.085011687e-25,-1.0018224087e-08,0.21844841547,0.068379981723,0.039418083641,0.10876298242
goe571,ok,,32.940950078,208762982.22,2971734.5907,10130618.723,114217449.04,1636059.9871,17744339.174,-2.7487254294e-25,5.3850113836e-25,-1.2070075519e-24,-4.6075241576e-08,1.4529246939e-08,4.6523856779e-09,3.7929441357e-08,2.1877570544e-24,2.3642865817e-26,2.879747511e-09,9.0123709498e-26,2.2571282392e-24,1.1552981332e-25,1.6864157537e-25,-2.6973747743e-08,0.22117736443,0.065762570623,-0.008557845291,0.11271623289
goe573,ok,,31.43844977,199241187.08,888097.83528,3347491.3,114027599.19,489644.55614,16106057.89,-3.2549358975e-25,1.0016980664e-24,-2.2058885737e-24,-9.9895286467e-08,1.7622666878e-08,1.1178226109e-08,8.6235428409e-08,3.9174754868e-24,3.1834260595e-26,2.8656724812e-08,3.6290985132e-25,4.0308847276e-24,3.6207416356e-25,3.683157828e-25,-6.4319166158e-08,0.23287049635,0.041621891099,-0.025449975272,0.076585497294
goe574,ok,,30.992416562,196412532.33,473744.33493,1804609.6719,113759159.43,256537.96168,15607223.169,-3.5171194392e-25,1.467767517e-24,-3.0202026202e-24,-1.4449025564e-07,1.7578438551e-08,8.861335141e-09,1.2407832227e-07,5.402154944e-24,3.3488582994e-26,6.2898246833e-09,9.6003351344e-25,5.5198264459e-24,8.4121461846e-25,5.4997292196e-25,-6.3745591269e-08,0.23739811423,0.033194053156,-0.0029797688114,0.058781402264
goe575,ok,,31.433917317,199213368.46,1120574.3296,3284756.7531,115376656.84,497563.53029,16290242.034,-1.8491473574e-25,1.1628426104e-24,-2.0022664717e-24,-5.6239249749e-08,1.4996697079e-08,1.5560831721e-09,3.7899896143e-08,4.0166495896e-24,1.4169986463e-26,-4.3364024651e-08,2.2874460624e-25,4.1617090413e-24,2.3714603795e-25,3.0100111933e-25,-2.3151791131e-08,0.23371279144,0.02529381089,0.04859261285,0.04246965071
goe584,ok,,30.489391989,193225741.24,622521.2977,2418325.7672,111727313.31,388029.27367,14839431.09,-2.9082661952e-25,1.0200969044e-24,-2.4675491984e-24,-9.2925232448e-08,1.6079433603e-08,1.7761544419e-08,9.6507095955e-08,4.5060871518e-24,5.4694826442e-26,2.1189955961e-07,9.345424947e-25,4.8544008725e-24,1.2829427753e-24,8.570593496e-25,-3.1617833476e-08,0.22165482027,0.033343460582,-0.13191198883,0.060077722611
goe585,ok,,30.159141116,191135714.47,333918.73829,1506267.7998,111867343.97,149833.51545,14531413.892,-3.2595837524e-25,1.5040922811e-24,-3.9676707751e-24,-1.7030081071e-07,1.6894171685e-08,2.5235669498e-09,1.2050501754e-07,6.7760358673e-24,-4.8340106397e-26,-6.2910611228e-08,-2.0291590494e-24,6.1200860745e-24,-3.6994491091e-24,-9.4736134478e-25,-5.5749236347e-08,0.22480736884,0.023640596617,0.021007031927,0.040238883413
goe587,ok,,29.674306346,188060298.72,166374.35387,815348.66917,110545432.99,76212.647549,13894027.328,-3.6321992173e-25,2.6602707753e-24,-5.5473067631e-24,-2.8547064384e-07,2.0894630212e-08,-8.377351442e-09,1.9192148153e-07,9.6055809748e-24,-6.5730684725e-26,-8.079727972e-07,-5.914269653e-25,8.4402751114e-24,-8.2741520366e-24,-1.1292853322e-24,-2.0901177034e-07,0.22705534234,0.018144262307,0.13442595208,0.031930812484
goe590,ok,,29.585365021,187497950.89,150429.44431,977748.02334,110141763.67,80326.305472,13759647.296,-4.6871736882e-25,2.319517684e-24,-5.705881063e-24,-3.5831589945e-07,2.4294965825e-08,-1.0215913219e-08,2.8805975555e-07,8.3597541045e-24,-9.7447493517e-26,-7.0007560887e-07,-1.7080751785e-24,7.4739789287e-24,-1.255538854e-23,-1.3310970781e-24,-2.7769891394e-07,0.22414488045,0.023794213467,0.10531198482,0.043332668956
goe591,ok,,30.706277006,194602438.85,651146.30291,2809238.001,112679546.82,306045.72055,15176710.584,-3.3989836996e-25,1.1718920734e-24,-2.8091023474e-24,-1.2439265719e-07,1.6764655269e-08,4.9570498327e-10,9.1676547833e-08,4.7934985215e-24,-3.6827848941e-26,-6.8739944267e-08,-7.1563462693e-25,4.4980559396e-24,-1.4706891178e-24,-4.7844734663e-25,-4.6279433987e-08,0.22764112086,0.034852754582,0.044759760572,0.059694845185
goe592,ok,,31.435575146,199225613.89,1151188.8826,4972565.0697,113538276.47,570820.76857,16038697.009,-3.6678095403e-25,8.9792038343e-25,-2.0797272223e-24,-9.6243623569e-08,1.550145865e-08,-2.0354539027e-09,7.6464100888e-08,3.4594642082e-24,-3.1912271654e-26,-5.41898825e-08,-4.0544284017e-25,3.3164362023e-24,-8.0345053649e-25,-2.9615665669e-25,-2.5854300321e-08,0.22578599292,0.051617330812,0.062382790281,0.088024622857
goe593,ok,,31.011308098,196535486.7,783826.18435,2949832.1032,113847153.17,347435.82086,15640704.242,-2.6057908191e-25,1.1609946324e-24,-2.5614037045e-24,-9.0402495347e-08,1.5834548619e-08,3.8028444362e-10,6.1546314763e-08,4.6684675936e-24,-2.1906262616e-26,-6.5275483794e-08,-4.1943538937e-25,4.4050055688e-24,-8.0944906815e-25,-3.4509707564e-25,-3.2249623585e-08,0.23178874154,0.028815648116,0.051164633394,0.048241613062
goe595,ok,,30.437706762,192898186.63,483366.06907,1862698.1326,112531629.72,208741.53353,14888176.717,-2.5710749275e-25,1.5595598977e-24,-3.2975255843e-24,-1.1259129024e-07,1.6213330309e-08,-2.6445002901e-09,7.5196238971e-08,6.0885870713e-24,-2.6738493578e-26,-1.5702259186e-07,-8.7193149567e-25,5.6160538659e-24,-1.7518339875e-24,-5.8630327367e-25,-2.9515818354e-08,0.23104978097,0.022079790049,0.075899392981,0.03634731044
goe596,ok,,30.308998195,192085738.8,470388.35839,2071434.0595,111952946.02,215883.21408,14688015.542,-3.2134074791e-25,1.3295136885e-24,-3.3440923801e-24,-1.3950550851e-07,1.6954762012e-08,1.4815401913e-09,1.0079573712e-07,5.7298130502e-24,-4.5820836031e-26,-7.8884604325e-08,-1.207526808e-24,5.2418404419e-24,-2.3174971297e-24,-7.4737868094e-25,-5.5560598217e-08,0.2244177947,0.02742910146,0.037106399531,0.047413141315
goe598,ok,,29.55893398,187434757.31,198570.70564,811119.51087,110751969.25,80644.538579,13840568.2,-1.2258336573e-25,2.2736842624e-24,-5.3426822662e-24,-7.6391182489e-08,1.6174815502e-08,-5.430228587e-09,5.4725487756e-08,1.0055333074e-23,-1.8957754684e-26,-3.8133862189e-07,-2.3052825972e-24,8.3681579476e-24,-4.0100998541e-24,-1.7846271574e-24,1.2871340128e-08,0.2249658726,0.0063940539079,0.075722679238,0.01086687872
goe602,ok,,30.333734707,192240105.06,501011.34716,2042461.8219,112078377.58,222029.3535,14727931.325,-2.8244671045e-25,1.4277766238e-24,-3.2434042019e-24,-1.1631535867e-07,1.5856200699e-08,-3.4686280853e-09,8.1991440359e-08,5.813639502e-24,-3.1208035643e-26,-1.1656929042e-07,-1.0661958465e-24,5.335782186e-24,-2.0461613535e-24,-6.5767885468e-25,-1.4000773957e-08,0.2282014784,0.025116287123,0.058402537232,0.04107864199
goe604,ok,,31.584967235,200171693.45,1566028.8001,6003320.5811,113944480.01,732500.38614,16249582.556,-2.2954667515e-25,6.8545620717e-25,-1.8045388115e-24,-5.7169351561e-08,1.5334650057e-08,4.0210884229e-09,3.9713090331e-08,3.194577236e-24,-2.1438227205e-26,-5.1367658416e-10,-1.487256254e-25,3.0184225435e-24,-2.709251682e-25,-2.416729221e-25,-3.5472785031e-08,0.22486694449,0.036059181783,0.00080443232474,0.062191843199
goe599,ok,,30.815133214,195376681.5,527334.64209,1840339.2718,114066439.93,219620.0464,15480944.659,-1.187691038e-25,1.5474884444e-24,-3.1653872141e-24,-4.5198453137e-08,1.5209796581e-08,-3.6846883775e-09,3.2775559753e-08,6.0641084901e-24,-8.5663534653e-27,-1.350739359e-07,-5.5881037358e-25,5.5829759074e-24,-9.1526474248e-25,-5.3378875554e-25,1.1975849295e-08,0.23730071222,0.010550693695,0.071229165641,0.017283688072
goe601,ok,,31.34792933,198669032.22,1436199.2546,4868758.0573,114274486.61,621987.67359,16046832.451,-1.1366639585e-25,9.0289452713e-25,-1.8938170211e-24,-2.6758723303e-08,1.4405597158e-08,-1.2921957293e-09,1.9279334464e-08,3.6133205578e-24,-6.3758507731e-27,-3.9911730624e-08,-1.2238513188e-25,3.4327336747e-24,-2.0276592813e-25,-2.1302282885e-25,1.6217153979e-09,0.23159708215,0.016877222883,0.05732119777,0.027688965785
goe602m,ok,,30.154277351,191103146.3,436367.76639,1966161.7425,111540782.13,200349.063,14485428.073,-3.2154492147e-25,1.3800295489e-24,-3.475128133e-24,-1.361637821e-07,1.5493222994e-08,-4.1210032433e-09,1.0199426102e-07,5.9211474999e-24,-4.1499840679e-26,-8.4969859177e-08,-1.743139705e-24,5.3561920196e-24,-3.2399225724e-24,-8.8096755982e-25,2.721431565e-09,0.22550131857,0.027403245914,0.03707810766,0.044507007867
goe600,ok,,31.202937956,197855260.8,912134.55796,3166883.2964,114766058.73,390481.83598,15978098.114,-1.103270804e-25,1.1159811427e-24,-2.3973228085e-24,-3.3901997688e-08,1.4924806474e-08,-4.6161351794e-10,2.4041503108e-08,4.5229912702e-24,-1.0117979413e-26,-5.5878974304e-08,-2.3720256792e-25,4.1984591336e-24,-4.0236340899e-25,-3.9003328947e-25,-6.3584665351e-09,0.23712357313,0.012649448251,0.050969143526,0.02192908581
goe610b,ok,,30.409924314,192723744.3,308758.65448,1748391.0404,112091427.5,164491.86799,14803513.835,-4.7062939566e-25,1.6377799604e-24,-3.9889762823e-24,-2.3687164487e-07,1.9250858948e-08,-6.3240859315e-09,2.0165853528e-07,5.8847082366e-24,-6.2099338911e-26,-2.3560873372e-07,-1.8980727902e-24,5.6105783232e-24,-4.9165041385e-24,-7.6440404693e-25,-9.8191898153e-08,0.22826845093,0.035285831382,0.072746235607,0.062263818019
goe610bm,ok,,30.814746408,195573174.71,264569.26696,1756717.7618,113928224.14,152246.64995,15508098.518,-5.2573980224e-25,1.5743818616e-24,-4.1681738556e-24,-2.8055720704e-07,1.8731567338e-08,-6.1525453276e-09,2.5580926175e-07,5.3882359798e-24,-1.0767946416e-25,-1.8557991645e-07,-3.6153651606e-24,5.1936175545e-24,-9.3628210693e-24,-1.3551518899e-24,-8.2705971718e-08,0.23565910042,0.039752910906,0.049098742456,0.067679268863
goe611,ok,,31.121047301,197231988.85,852377.17896,3080133.1611,114089594.77,428486.13361,15797125.536,-3.3143532865e-25,1.1328179465e-24,-2.322195995e-24,-1.0833339885e-07,1.7316411556e-08,5.7556538506e-09,8.1919825967e-08,4.2715390808e-24,3.5062816363e-26,-2.9855351547e-08,5.3146741153e-25,4.3979879573e-24,5.6018622209e-25,4.3109430891e-25,-5.732013232e-08,0.23134738309,0.040762554643,0.025448020328,0.069826590159
goe612,ok,,31.264108337,198138951.4,1185677.815,4693948.4355,113659045.67,549663.35082,15877550.253,-2.5007532216e-25,8.2398310207e-25,-2.0798762786e-24,-6.5380680485e-08,1.4690649566e-08,5.2802707786e-10,4.9786674455e-08,3.6484493848e-24,-2.1971416716e-26,-1.5337733842e-08,-3.4474362262e-25,3.4338711486e-24,-5.9572105236e-25,-3.1615495581e-25,-1.3082958287e-08,0.22577393049,0.034315611628,0.018185610748,0.059030955383
goe617,ok,,31.176217643,197580636.0,1073489.0676,3615272.3307,114355141.61,454970.05644,15878859.172,-1.1722557515e-25,1.0627706532e-24,-2.1954420128e-24,-3.7428703504e-08,1.5095589423e-08,1.5823421787e-09,2.3639712955e-08,4.2257295425e-24,-9.6249436388e-27,-5.6114969154e-08,-9.1226564802e-26,4.0065507792e-24,-1.9012689551e-25,-2.4371843465e-25,-2.5464962234e-08,0.23278188048,0.014333957221,0.060238805917,0.025376973419
goe613,ok,,30.711787252,194636992.51,572818.89144,2301029.0558,113094954.77,257029.80341,15236922.343,-3.0858299587e-25,1.3398003548e-24,-3.001717266e-24,-1.2603560878e-07,1.6800637768e-08,4.5116539609e-10,8.5716081009e-08,5.3500877895e-24,-3.2653621034e-26,-1.0000142181e-07,-7.29440482e-25,4.9978329066e-24,-1.5123917112e-24,-4.9221361691e-25,-5.2085020016e-08,0.23023424009,0.029318014915,0.057282703582,0.049099790503
goe614,ok,,31.901179517,202175345.28,1756030.3238,6766314.9437,114355016.77,843326.31523,16640677.612,-2.5131992752e-25,6.7969248001e-25,-1.6864147562e-24,-5.3556967155e-08,1.417389618e-08,5.2497404046e-10,4.1395865895e-08,2.9497380915e-24,-1.5744847019e-26,-9.8894659028e-09,-1.6127386256e-25,2.8279065661e-24,-2.9186769344e-25,-1.7936556018e-25,-1.0794027091e-08,0.22772993387,0.043096761984,0.017366202012,0.072692395792
goe615,ok,,31.215403332,197830040.2,974406.94537,4006591.1018,113744933.85,458977.10483,15838335.139,-3.0757969853e-25,8.9766670247e-25,-2.2861298017e-24,-9.2785685028e-08,1.5874462259e-08,2.6764927811e-09,6.7920018994e-08,3.9307874118e-24,-2.9845350125e-26,-1.837810472e-08,-4.2641466624e-25,3.7084322359e-24,-7.9182787742e-25,-3.4893709226e-25,-3.6343610992e-08,0.22683924315,0.038813751273,0.017907752882,0.066181738237
goe619,ok,,31.094163849,197061881.92,956449.2232,3917054.8874,113529163.19,443762.27446,15684284.253,-2.4932412119e-25,8.6540137736e-25,-2.3242085125e-24,-7.1429813838e-08,1.4684917246e-08,7.0348830813e-10,5.5314800295e-08,4.0174478916e-24,-2.3228039998e-26,-6.5951785925e-10,-4.6178888341e-25,3.750737079e-24,-7.9400623959e-25,-3.8593467522e-25,-7.4896473655e-09,0.2265962584,0.030945087919,0.00063079534417,0.052905797774
goe620,ok,,31.788464348,201461436.04,1604342.177,6145881.4876,114446791.63,760930.65214,16534252.531,-2.5092271277e-25,7.3518282778e-25,-1.767662594e-24,-5.5201787749e-08,1.4097595844e-08,-3.809484335e-10,4.3198613003e-08,3.1092421276e-24,-1.6028274419e-26,-1.7228100639e-08,-1.9797048903e-25,2.9763785106e-24,-3.5091551711e-25,-1.9787243838e-25,-7.0410100307e-09,0.22819609566,0.040783348692,0.027639768485,0.069305356827
goe621,ok,,31.270092443,198176810.33,1186217.2859,4688548.5727,113674053.56,550103.87515,15885736.034,-2.4991808624e-25,8.2524859107e-25,-2.0780664247e-24,-6.5340624237e-08,1.4702731646e-08,5.7904781191e-10,4.9840845481e-08,3.6474228102e-24,-2.1266983341e-26,-1.531786148e-08,-3.3007010318e-25,3.4405179686e-24,-5.7447200746e-25,-3.0331323673e-25,-1.3463902159e-08,0.22586256667,0.034273217069,0.01817031207,0.059122072451
goe622,ok,,30.175930746,191322650.65,318904.50514,1312344.9031,112270454.56,136483.88855,14612624.604,-2.4870697616e-25,1.7200023823e-24,-4.1121583424e-24,-1.3298601222e-07,1.6279795073e-08,-1.3909478732e-09,9.0175871641e-08,7.4069457031e-24,-3.8416983654e-26,-1.5087109204e-07,-1.8424926253e-24,6.5395998443e-24,-3.3629162572e-24,-1.0947509345e-24,-3.190886062e-08,0.22942293009,0.017151629178,0.048113470949,0.028757491721
goe623,ok,,31.070049506,196983814.96,764488.16514,2935546.1186,114196095.42,341080.43938,15759834.913,-2.4680599738e-25,1.1201225493e-24,-2.6045859233e-24,-8.5860120666e-08,1.5753839234e-08,1.2289047625e-09,5.9867357501e-08,4.6741648475e-24,-2.6171179631e-26,-4.793114918e-08,-4.8813104305e-25,4.347050269e-24,-9.1255158033e-25,-4.4356849098e-25,-3.2059869058e-08,0.23345096486,0.026735690753,0.03664279629,0.045767886288
goe624,ok,,31.816530463,201726456.07,1359720.2173,5064148.953,115418280.43,629033.75542,16714057.003,-2.4581632233e-25,8.2730030008e-25,-1.9262451142e-24,-6.3765503062e-08,1.5096573187e-08,1.7084428764e-09,4.583832587e-08,3.4290532409e-24,-2.1170455441e-26,-2.3769136592e-08,-2.1173838232e-25,3.2498731804e-24,-3.9239651943e-25,-2.5672630161e-25,-2.7826140952e-08,0.23358965686,0.036033473454,0.032319375572,0.062327298413
goe627,ok,,31.544053968,199910820.77,1242562.9136,3901778.2932,114898758.79,620860.91259,16341002.503,-1.9259624847e-25,9.0367926637e-25,-1.8537890947e-24,-5.526592739e-08,1.5330261228e-08,7.3921982975e-09,3.9649844482e-08,3.6001988193e-24,1.8141610479e-26,3.7160430081e-08,1.7702923147e-25,3.7495855219e-24,1.9078916278e-25,3.0698835572e-25,-3.5254507905e-08,0.23061981543,0.029279202899,-0.046174172273,0.049267426285
goe625,ok,,32.392930231,205294394.9,2083227.0143,7130784.9314,115846022.03,1022064.0916,17388995.413,-2.2678017195e-25,6.6868239004e-25,-1.4935892307e-24,-4.5857752477e-08,1.40205854e-08,2.0452038416e-09,3.5296818669e-08,2.7365700488e-24,9.6810351324e-27,-2.4346512736e-09,7.5669869603e-26,2.7835133903e-24,8.0264595862e-26,1.1668866021e-25,-1.6030064556e-08,0.23066960707,0.043102624332,0.0050719313034,0.07353128617
goe628,ok,,31.431469934,199199647.3,1299142.1921,5437202.7086,113625407.75,626618.57981,16045314.302,-2.6489707945e-25,6.7734906277e-25,-1.982225383e-24,-6.6510560656e-08,1.4716860172e-08,3.0570464346e-09,5.1170685113e-08,3.3478301592e-24,-2.5644963312e-26,1.4551765396e-08,-3.1524430949e-25,3.141479788e-24,-5.3960782277e-25,-3.1794465705e-25,-1.9051033292e-08,0.22336188003,0.039016105949,-0.018904812396,0.066477996028
goe629,ok,,31.096497681,197076228.47,1014073.2032,3661991.6774,113982377.06,440568.14907,15747091.163,-1.5185280202e-25,9.7226186262e-25,-2.2651649604e-24,-4.1950864613e-08,1.4543550321e-08,-1.1238024121e-09,3.1796553694e-08,4.2035146804e-24,-1.0974883998e-26,-2.794009055e-08,-2.7375678154e-25,3.9445598188e-24,-4.4365098749e-25,-3.1477271863e-25,1.3843892383e-09,0.22942143929,0.018622150122,0.028333297121,0.032244033055
goe626,ok,,31.157728342,197465585.56,1153076.4832,5124658.6405,112912519.73,562014.2498,15665708.599,-2.3757989e-25,6.4916993429e-25,-2.121740496e-24,-5.7055407381e-08,1.3515988297e-08,-4.6290936063e-11,4.758670716e-08,3.4929219633e-24,-2.3041714254e-26,3.2282735482e-08,-4.9922249375e-25,3.2101149044e-24,-8.2132350497e-25,-4.3957327627e-25,1.8036354667e-08,0.2207752732,0.034307538875,-0.037224463096,0.054871112937
goe63,ok,,31.220056613,198076780.67,340368.53538,2345270.3563,114604273.01,205590.33305,15998459.33,-5.2719062243e-25,1.2004145447e-24,-3.6911632063e-24,-2.4690848118e-07,2.1043059895e-08,6.1332389837e-09,2.3676423338e-07,4.5852802987e-24,-9.4059001093e-26,-5.1450043605e-08,-2.1752909771e-24,4.4925558003e-24,-5.4657526651e-24,-9.0342761235e-25,-1.2949619718e-07,0.23124899437,0.044637490399,0.017511975987,0.080587095346
goe645,ok,,31.193272512,197690071.51,1100347.9688,4613378.2105,113400937.06,521769.69906,15768307.19,-2.4738448109e-25,7.2629201437e-25,-2.1686473814e-24,-6.8729721357e-08,1.5117432932e-08,3.9390635874e-09,5.1785758826e-08,3.6836382964e-24,-2.6743759003e-26,2.3036537423e-08,-3.4939354668e-25,3.4260263437e-24,-6.0159714931e-25,-3.7511047864e-25,-2.4905490896e-08,0.22425141352,0.032952710639,-0.02534820716,0.056982354535
goe632,ok,,31.329658359,198552424.94,966900.2725,3121535.2029,114457503.56,487582.30402,16051406.037,-1.9041562034e-25,1.0721805869e-24,-2.1015907095e-24,-6.0060178349e-08,1.5941421476e-08,8.4369759984e-09,4.8584271189e-08,4.0452744058e-24,2.012601801e-26,2.5533033518e-08,1.8571665807e-25,4.2095308259e-24,1.5524438213e-25,3.5791987292e-25,-4.8361393567e-08,0.23300294792,0.02380369156,-0.024687897067,0.046976145052
goe630,ok,,31.19805829,197720552.12,785162.75948,4079870.2996,112964896.91,423812.37599,15714810.676,-4.3357531109e-25,9.328071555e-25,-2.5059689275e-24,-1.3395924721e-07,1.7162295034e-08,7.8081502417e-10,1.1583006052e-07,3.7610232285e-24,-4.9638353872e-26,-4.2145839271e-08,-7.0161214529e-25,3.6037853542e-24,-1.5319167079e-24,-4.4049180056e-25,-4.8984345912e-08,0.22587954766,0.052107379022,0.033091343463,0.090945449949
goe633,ok,,31.079960387,196971905.64,955661.04265,3842135.3671,113514901.55,439084.53696,15665649.745,-2.0678699579e-25,8.4657735766e-25,-2.3357185718e-24,-6.4696621269e-08,1.5894565517e-08,5.7929435986e-09,4.8904546915e-08,4.0809617177e-24,-2.4903366904e-26,8.3479528716e-09,-2.1719100177e-25,3.8036232099e-24,-4.2826247974e-25,-3.6057746611e-25,-5.1337545539e-08,0.22602229416,0.023324599414,-0.0079778133452,0.046736170295
goe646,ok,,31.719347787,201023677.06,1684787.2111,6281241.1546,114414262.89,782239.35885,16455969.514,-1.8488614594e-25,6.7951919116e-25,-1.7356567158e-24,-3.85654352e-08,1.3578754494e-08,-8.4654875477e-10,2.9827225491e-08,3.1049512678e-24,-1.1298814455e-26,-2.5204670553e-09,-1.8348979107e-25,2.9431963777e-24,-2.9627230164e-25,-2.1928959075e-25,6.2117884984e-09,0.22652977265,0.031268908512,0.0042464506607,0.050252528049
goe647,ok,,31.474285643,199470570.09,1291847.7718,5176748.7421,113976004.94,610666.32889,16139023.481,-2.5872668007e-25,7.2285116121e-25,-1.9863428299e-24,-6.8445898875e-08,1.5289084097e-08,3.9081418183e-09,4.9621076035e-08,3.4362142939e-24,-2.4212609954e-26,6.8392335439e-09,-2.5459775135e-25,3.2385050035e-24,-4.5102045841e-25,-2.8669859857e-25,-3.1231524563e-08,0.22558963819,0.037509336966,-0.0088352486146,0.06410287651
goe654,ok,,31.091647093,197045522.8,1007184.5539,4197525.2727,113195439.35,476675.09003,15636573.391,-2.8435023071e-25,8.2764556031e-25,-2.2643258816e-24,-8.54384339e-08,1.61439221e-08,4.5109112606e-09,6.1627585975e-08,3.8798037956e-24,-3.2252671766e-26,3.2460353782e-10,-3.6717619584e-25,3.6213020913e-24,-6.9536583745e-25,-3.8721558366e-25,-4.2711845182e-08,0.22512784959,0.036158310158,-0.00032693566945,0.062070352691
goe648,ok,,31.363574534,198769369.4,1208833.8919,4464812.9581,114375645.0,540836.09324,16078432.89,-2.0852305146e-25,8.1256552179e-25,-2.0621700748e-24,-5.9956978419e-08,1.4974199157e-08,2.9429594663e-09,3.9127924014e-08,3.7450843161e-24,-1.8160014532e-26,-2.5268444755e-09,-2.2763443136e-25,3.5250535068e-24,-3.8013462361e-25,-2.8606728291e-25,-2.6407724851e-08,0.22694253115,0.029191811078,0.0030545352416,0.047299160668
goe650,ok,,31.093875319,197060355.79,873506.87715,3683925.8457,113638806.16,410099.71564,15697793.566,-2.4396009038e-25,8.6741168848e-25,-2.4304434908e-24,-6.8814973008e-08,1.399574563e-08,-1.1802827706e-09,5.6211698708e-08,4.1282532931e-24,-2.0107996614e-26,1.1605948259e-08,-6.2853553972e-25,3.8394767127e-24,-1.0365517649e-24,-4.2532196419e-25,1.7267970157e-08,0.22734085106,0.02983247176,-0.01013787562,0.049101305398
goe655,ok,,31.049918253,196780932.32,976629.00725,3860278.7639,113466019.7,445009.75517,15630812.945,-2.5106132782e-25,8.8659960731e-25,-2.303136338e-24,-7.7551678133e-08,1.5625971736e-08,3.1962066475e-09,5.3918022187e-08,4.0719329439e-24,-2.5423532018e-26,-5.8374245815e-09,-3.6612264592e-25,3.8048485068e-24,-6.5598609959e-25,-3.6901104871e-25,-3.2445340892e-08,0.22669193901,0.031244869257,0.0057009981739,0.052657904482
goe670,ok,,30.196848372,191373564.71,359770.45919,1256983.1046,111823549.54,208042.35451,14563096.684,-2.7176058408e-25,1.5845791845e-24,-3.2342218837e-24,-1.1581886622e-07,1.5843997655e-08,1.4331516095e-08,1.1284347853e-07,6.2161721215e-24,4.7425100171e-26,2.8097548773e-07,1.7915635726e-24,6.7192782313e-24,2.3736291594e-24,1.1766409656e-24,-1.8464892231e-08,0.22425486325,0.023234106968,-0.10108668024,0.040597750087
goe673,ok,,30.774508165,195135023.55,599388.41358,2237268.2095,113619159.75,260512.89084,15384257.447,-2.038432979e-25,1.433001451e-24,-2.9618529985e-24,-7.5023246234e-08,1.5480588095e-08,-3.9976030489e-09,5.4255472757e-08,5.480231674e-24,-1.9420343635e-26,-1.3084161374e-07,-6.8834453553e-25,5.0379448907e-24,-1.3360030065e-24,-5.4552091634e-25,-2.6866549771e-09,0.23734941605,0.019378409598,0.078424947292,0.032520101744
goe675,ok,,31.784552707,201500642.24,1241861.9402,4873763.0091,115212382.73,588350.68937,16648720.213,-2.8395004683e-25,8.6872515011e-25,-2.00572299e-24,-7.2055219551e-08,1.4616339839e-08,-7.8441897926e-10,5.6745142725e-08,3.4720891753e-24,-2.1758351749e-26,-3.5005044617e-08,-3.1766199338e-25,3.3130386371e-24,-5.8211912987e-25,-2.5710456428e-25,-1.5239232626e-08,0.23256719891,0.040311897218,0.043471432624,0.07046963304
goe676,ok,,31.011273476,196606568.68,782119.9625,2700525.7465,114318633.08,329450.33789,15713860.175,-1.2632130718e-25,1.2467915083e-24,-2.5927766796e-24,-4.6530597849e-08,1.5402147308e-08,1.2787780952e-09,2.9759443426e-08,4.9509687447e-24,-1.3927121134e-26,-8.3628294791e-08,-1.6154475442e-25,4.6018442835e-24,-3.4777967046e-25,-4.0297080528e-25,-2.9253879233e-08,0.23495737622,0.013066312164,0.065407358786,0.023275454776
goe677,ok,,31.204568474,197837994.32,798783.63645,2733057.4498,114899115.62,338387.58798,15992070.106,-1.247407833e-25,1.2426644611e-24,-2.5518680566e-24,-4.7677015002e-08,1.5552948422e-08,2.9330194305e-09,3.032447271e-08,4.8646056586e-24,-1.4195564545e-26,-8.1477915942e-08,-5.4997751669e-26,4.5560672936e-24,-2.1233874945e-25,-3.4482668812e-25,-4.3865798652e-08,0.23735024519,0.012613007887,0.065083225986,0.024222692585
goe679,ok,,31.877735503,202026343.58,1611643.3574,5278673.7472,115090811.13,829530.79675,16723053.084,-1.8463219601e-25,7.1806905101e-25,-1.6291178444e-24,-4.0768879801e-08,1.3874330498e-08,3.6354041246e-09,3.3420648585e-08,3.0676008396e-24,1.5013664167e-26,4.0541552578e-08,1.6778029195e-25,3.2035255285e-24,2.1500327891e-25,2.6470843235e-25,-9.0612759405e-09,0.22688269762,0.032115562502,-0.065338523911,0.053862166292
goe682,ok,,30.344292131,192308544.91,426893.76445,1719454.406,111839842.49,267438.79145,14710255.872,-3.1043536878e-25,1.1825930529e-24,-2.9819174816e-24,-1.1715499997e-07,1.587280043e-08,2.0813477997e-08,1.2224857829e-07,5.3740709268e-24,5.5645683318e-26,3.3051726239e-07,1.5279811523e-24,5.7902847805e-24,2.1696543608e-24,1.0551782051e-24,-2.343879041e-08,0.22268070338,0.029937128741,-0.14109575836,0.052187155784
goe681,ok,,31.63314241,200477197.09,1518408.8136,5588920.8315,114551340.23,692842.42885,16385792.859,-1.9302734973e-25,7.3429030572e-25,-1.8300654794e-24,-4.6580116188e-08,1.4392484123e-08,1.6128553553e-09,3.3843426956e-08,3.3056295151e-24,-1.4616010821e-26,-6.915566103e-09,-1.5207311079e-25,3.1371390438e-24,-2.6476474497e-25,-2.1934391272e-25,-1.7233362338e-08,0.22668391859,0.029570476284,0.010500656522,0.051388157773
goe701,ok,,31.175806458,197578922.59,886863.35181,3522416.5127,113954028.63,406843.05092,15825570.505,-2.7725877184e-25,1.0282995654e-24,-2.3970829096e-24,-8.4997588188e-08,1.5279680802e-08,-4.1260859487e-10,6.4674406097e-08,4.2108770307e-24,-2.2034708273e-26,-4.5955750174e-08,-4.1891041274e-25,3.9946771183e-24,-7.8073915421e-25,-3.1146454174e-25,-2.1450119467e-08,0.23005199268,0.032575599542,0.040756470634,0.057357360568
goe683,ok,,31.85257923,201866700.48,1934145.8081,6007756.8023,114837662.72,959417.15003,16657540.647,-9.4441223217e-26,7.2208266842e-25,-1.4939821826e-24,-2.1826752141e-08,1.4172919334e-08,4.1935107092e-09,1.7683721689e-08,2.8993114797e-24,1.0734160139e-26,1.8900928398e-08,3.2010433693e-26,3.0296185402e-24,2.6453574586e-26,2.3282439326e-25,-2.3074826521e-08,0.22791405874,0.015903586732,-0.03655715143,0.034202896175
goe692,ok,,31.845551703,201826569.7,1423156.1684,4833320.5135,115493987.59,681854.99072,16743944.688,-2.2553768332e-25,8.7342550589e-25,-1.8104880027e-24,-5.309564111e-08,1.4270299257e-08,2.032503816e-10,4.2074525767e-08,3.3705982696e-24,1.0645868949e-26,-1.4612884933e-08,1.4555575249e-25,3.4372874863e-24,1.5776764892e-25,1.7232034276e-25,-7.8287785197e-09,0.23418827729,0.034954447726,0.020796417331,0.05987862088
goe685,ok,,30.665068324,194343115.04,778584.98354,3461896.0876,112332044.74,367305.05142,15090691.865,-2.4782367249e-25,8.7330808419e-25,-2.6017491023e-24,-7.3798191922e-08,1.453769754e-08,-3.6489865271e-11,6.1769361361e-08,4.3508438513e-24,-2.7343186618e-26,1.7404504133e-08,-7.4991953604e-25,3.9837607216e-24,-1.2634210309e-24,-5.5453738889e-25,7.8204417135e-09,0.22258104994,0.027746044668,-0.013550885564,0.048092697198
goe693,ok,,31.351739439,198784232.98,813261.02531,2980814.489,115147692.71,359610.74445,16183767.414,-2.266052596e-25,1.1692074659e-24,-2.5076107401e-24,-7.3232719778e-08,1.50277414e-08,-1.6383012256e-09,5.3749733465e-08,4.5719365511e-24,-1.7974584791e-26,-6.8148766183e-08,-4.0691276989e-25,4.3079862096e-24,-7.5681548002e-25,-3.4650171398e-25,-1.3010748893e-08,0.23765479407,0.025223897159,0.055422735459,0.043712563348
goe702,ok,,31.114590569,197192478.48,1281621.9266,5576533.6245,112507872.03,620581.92354,15567409.011,-2.3521534399e-25,6.3591840848e-25,-2.0240629479e-24,-5.924740309e-08,1.5214114907e-08,4.5589126139e-09,4.7489185963e-08,3.3792137638e-24,-3.4679467222e-26,1.9086929392e-08,-3.0204026636e-25,3.0959207803e-24,-5.2105918686e-25,-4.330456454e-25,-3.331767395e-08,0.21766845838,0.032281659419,-0.02446222722,0.060863182008
goe703,ok,,31.802702226,201550602.2,1989914.334,5887946.8199,114937339.59,966853.52178,16619547.218,-6.974752574e-26,7.7739278049e-25,-1.4714932821e-24,-1.655253652e-08,1.4057190935e-08,2.9221468473e-09,1.2546167345e-08,2.9250809968e-24,7.9946319141e-27,5.0023735395e-09,2.0813916942e-26,3.0550861814e-24,1.3258511051e-26,2.3119422873e-25,-1.7884321206e-08,0.22879313405,0.012051524649,-0.0099542948105,0.024965798236
goe746,ok,,29.591752041,187540459.84,397915.62742,2343933.5601,109431675.79,205202.28487,13689694.293,-3.8133650539e-25,1.0303510403e-24,-3.7117113878e-24,-1.7908785184e-07,2.2989022492e-08,1.701826787e-08,1.4466110407e-07,5.5055476814e-24,-1.0974420555e-25,1.4729410652e-08,-1.1864794084e-24,4.7899116627e-24,-2.9133073507e-24,-1.2766011869e-24,-2.0258848008e-07,0.21224015006,0.027975239995,-0.0058610626812,0.057562913988
goe738,ok,,30.803697519,195222027.98,1163956.3675,4468958.9288,112622156.21,517140.74446,15267313.541,-9.655971329e-26,7.7412243754e-25,-2.1530669348e-24,-2.9353589597e-08,1.5010041619e-08,3.8534630673e-09,2.0493550404e-08,3.8974423354e-24,-1.8009071268e-26,3.2125016712e-09,-7.7929652229e-26,3.5356088369e-24,-1.5317432392e-25,-4.6267300056e-25,-3.5269007435e-08,0.22091024236,0.011154588443,-0.0037392117757,0.023853598485
goe723,ok,,30.759822977,194943930.23,600194.32286,2795522.418,112911734.27,292169.70766,15260251.65,-3.0198391081e-25,1.0446627745e-24,-2.9430810909e-24,-1.0380242359e-07,1.5012232957e-08,-2.7514279314e-10,8.7286519608e-08,4.7663471613e-24,-3.8498877436e-26,-9.1093154562e-09,-1.1832358066e-24,4.3619572331e-24,-2.1142633473e-24,-6.8850921039e-25,-2.8331092463e-09,0.22777909647,0.030139400958,0.0054673594219,0.052388873531
goe704,ok,,31.400292509,199002092.69,927435.86968,2964368.2975,115336299.65,416370.515,16246370.843,-1.0796899964e-25,1.1362580574e-24,-2.2429164902e-24,-3.7343879145e-08,1.5210130667e-08,4.5664480329e-09,2.732053257e-08,4.3755642571e-24,7.2971395567e-27,-1.1850652469e-08,7.9900950933e-26,4.478196524e-24,2.4419081152e-26,2.3344461906e-25,-3.6563299462e-08,0.23781426485,0.011931273099,0.010990720179,0.025338041884
goe744,ok,,30.86078915,195584564.07,943133.42211,4938176.1947,111365537.24,499292.75017,15156213.564,-3.3537320368e-25,6.377529019e-25,-2.3616293895e-24,-9.9796403562e-08,1.9382453975e-08,1.2400157567e-08,8.5015879979e-08,3.5819171191e-24,-6.7173005048e-26,3.2670897839e-08,-3.638756565e-25,3.255099863e-24,-7.7029470278e-25,-5.7420261222e-25,-1.0583333974e-07,0.2129887218,0.038684942772,-0.030813015683,0.080181317818
goe735,ok,,31.758456293,201271731.98,1995764.7862,7387627.8607,113844053.33,930061.69355,16417029.979,-1.4921273235e-25,6.0476050907e-25,-1.6020194214e-24,-3.4710945594e-08,1.4764801722e-08,4.366769541e-09,2.3950377714e-08,2.8828357434e-24,-1.734731876e-26,-1.4604676949e-10,-4.4320737803e-26,2.7134569553e-24,-8.8779313612e-26,-2.189476507e-25,-3.7296675812e-08,0.22231749317,0.024602949512,0.00029147499968,0.047799320458
goe711,ok,,32.277259201,204579830.57,1283274.8361,4553373.6699,116937832.78,596967.51226,17422856.155,-3.1567172976e-25,9.9492052074e-25,-1.9417081626e-24,-8.7498323002e-08,1.584925628e-08,-3.8200678482e-10,5.9655127905e-08,3.5128294166e-24,-8.3683646504e-27,-6.236861417e-08,-5.9392349961e-26,3.444453348e-24,-2.6120957098e-25,-7.4242996623e-26,-3.5940723458e-08,0.24329942436,0.047035990617,0.080036073125,0.076553924484
goe741,ok,,31.001551353,196475839.27,1138195.0146,4797539.3235,112527349.98,539969.52496,15452355.193,-2.1226851392e-25,7.1977124505e-25,-2.155914523e-24,-6.2331071684e-08,1.6609154613e-08,7.906504087e-09,4.703443529e-08,3.6857253439e-24,-3.5791258186e-26,1.11104332e-08,-1.4472717776e-25,3.3825284897e-24,-3.0901694018e-25,-4.1891330781e-25,-7.0742187132e-08,0.21947044,0.025311740819,-0.012645839678,0.053534359761
goe758,ok,,30.82092942,195329710.12,913848.7241,3796977.8058,112580658.49,427602.94771,15278390.633,-2.6861237162e-25,9.3623722851e-25,-2.3933135776e-24,-8.1438895624e-08,1.5751634915e-08,1.4366718104e-09,6.0452074181e-08,4.1445970025e-24,-3.1837897673e-26,-2.5272498902e-08,-4.7852607815e-25,3.8401659543e-24,-8.9215826385e-25,-4.6154473326e-25,-2.7687251845e-08,0.22589399747,0.032153756095,0.023095240877,0.05524405086
goe765,ok,,31.207953032,197783793.48,1156075.5544,3952517.9709,114333809.25,493518.14028,15909038.603,-7.1911261701e-26,9.5469551026e-25,-2.1240129478e-24,-2.7942570265e-08,1.5199758583e-08,5.7759944005e-09,1.6021036045e-08,4.0467111151e-24,-1.2146322312e-26,-3.3935619384e-08,4.2028579483e-26,3.8067173538e-24,2.1118922981e-26,-2.7588749253e-25,-5.4421691747e-08,0.22969390829,0.0076267072456,0.039232139995,0.018521528129
goe766,ok,,30.630065692,194120929.54,705962.6661,2667626.8127,113036739.61,301130.68368,15146904.064,-7.5278563899e-26,9.929996134e-25,-2.7667039224e-24,-3.5570464239e-08,1.5378531556e-08,5.591662325e-09,1.8554673028e-08,5.0870056982e-24,-1.4979102263e-26,2.1682266493e-08,1.7748597236e-26,4.5997509149e-24,-4.6129002159e-26,-5.5995871086e-25,-5.0116840607e-08,0.22475184694,0.0073211683093,-0.01530687066,0.013098906439
goe769,ok,,30.829544257,195386321.75,843279.86713,3884357.2889,112636045.67,405294.67873,15298926.337,-2.7633158416e-25,6.7078093776e-25,-2.501976195e-24,-9.1031472339e-08,1.6308862554e-08,9.6515183693e-09,6.7573027505e-08,4.0808670467e-24,-4.5547421729e-26,6.9097519566e-08,-5.0077361828e-25,3.6854524338e-24,-8.7505875371e-25,-5.8561307289e-25,-5.9563219936e-08,0.21573833145,0.031705498019,-0.058268547118,0.056982973656
goe767,ok,,30.322062777,192170130.36,626319.16827,2654423.8129,112095869.12,274540.10639,14722333.072,-8.1929396091e-26,7.9212979844e-25,-2.9748956842e-24,-3.9288483521e-08,1.5346935155e-08,6.818944313e-09,2.1966258775e-08,5.1811102802e-24,-2.0832244614e-26,1.0703912277e-07,1.9928449983e-26,4.5161190189e-24,-4.0643833218e-26,-7.9535376746e-25,-5.5389551423e-08,0.21709363372,0.0074867613927,-0.067040654346,0.013757888926
goe770,ok,,32.058465298,203174890.0,2003210.4403,6740899.6022,114932753.01,998090.37288,16887549.857,-1.4066409911e-25,6.4530877105e-25,-1.5051854517e-24,-3.2149185046e-08,1.4341293856e-08,4.4909483873e-09,2.2740616688e-08,2.811322082e-24,1.0071736222e-26,1.8271087382e-08,4.4813009174e-26,2.8965801489e-24,4.644058977e-26,1.7090965203e-25,-2.5469990627e-08,0.22822106318,0.026304183951,-0.036600832999,0.045554240769
goe777,ok,,32.315940444,204806466.09,2219099.4586,7599238.1725,114989519.17,1130251.9328,17173755.941,-1.968603009e-25,5.988067301e-25,-1.428327409e-24,-4.1981849107e-08,1.4761693203e-08,5.7630185764e-09,3.051858152e-08,2.6278225143e-24,1.3630667477e-26,1.4809332022e-08,5.6244934453e-26,2.7004813088e-24,5.9461346822e-26,1.5590036348e-25,-3.2978694364e-08,0.226261875,0.039074534586,-0.032863380672,0.067723767727
goe776,ok,,32.730239481,207431970.59,3343725.4429,10079499.423,116310596.15,1565499.3528,17830436.183,-3.6926786117e-27,5.6141366361e-25,-1.1699228462e-24,-4.2480711903e-10,1.2659961182e-08,-2.3099548044e-10,2.3845175367e-10,2.2745261213e-24,1.5086645905e-28,-3.6915830953e-09,1.968718057e-27,2.3286956275e-24,2.7235562665e-27,9.5555467315e-26,1.6265423216e-09,0.22575031275,0.0012398836068,0.012343640321,0.00079731719565
goe775,ok,,32.191976696,204021187.95,2336859.5953,7158019.7196,116040709.84,1078868.9222,17197252.081,-3.7518971866e-27,6.7376529449e-25,-1.4030504914e-24,-5.1882649731e-10,1.3318925025e-08,-2.7451642808e-10,2.7567036952e-10,2.7352201753e-24,1.184644515e-28,-7.5772047722e-11,2.7039580621e-27,2.8086443585e-24,3.7396820904e-27,1.3280589096e-25,2.0072462347e-09,0.22906708697,0.0010558085756,0.00017706863677,0.00064420294813
goe780,ok,,30.771650618,195010561.14,745534.06944,2456575.1757,113253799.25,313699.23806,15313771.815,-5.3919127675e-26,1.7511487435e-24,-2.6351525868e-24,-1.8917679548e-08,1.5842459776e-08,-1.0336736271e-09,1.4822180522e-08,5.2705278937e-24,-4.5660897879e-27,-2.8595468807e-07,-3.6438640624e-28,4.9795740019e-24,-1.6780954991e-25,-2.1649381803e-25,-1.7676093738e-08,0.24099381278,0.0045983008221,0.21318896227,0.011050440563
goe79,ok,,30.489347636,193535834.36,165985.53916,1643609.2877,113297085.49,112934.97834,15122143.463,-6.2142634439e-25,1.4825135258e-24,-5.0220012643e-24,-4.1279517756e-07,2.5692346055e-08,8.1075428104e-09,4.3341866501e-07,4.8527173493e-24,-1.8965482219e-25,-8.3680766552e-08,-6.557146094e-24,5.085852922e-24,-1.7821761042e-23,-2.0582568796e-24,-2.3164391521e-07,0.22495106335,0.04076226346,0.013889797154,0.071941230796
goe795,ok,,30.411274887,192736676.06,338142.28915,1342036.1701,112834930.98,145253.24367,14901860.09,-2.3866101701e-25,1.7773367902e-24,-3.9523401199e-24,-1.2047148203e-07,1.5875662018e-08,-3.4766191487e-09,8.6043940738e-08,7.207718058e-24,-2.9400806423e-26,-1.9107756442e-07,-1.6146209031e-24,6.5170809068e-24,-2.9295990567e-24,-8.3851520762e-25,-2.2189518106e-08,0.23078814569,0.016755196157,0.064611405037,0.029095095088
goe795sm,ok,,30.452120432,192995532.38,339014.84358,1332415.0595,112943878.13,145567.32972,14956003.133,-2.3752073408e-25,1.7918041893e-24,-3.9381352312e-24,-1.2034576327e-07,1.5894986198e-08,-3.271863786e-09,8.5636927322e-08,7.2088926591e-24,-2.7641482891e-26,-1.9370539814e-07,-1.4883312721e-24,6.5585135297e-24,-2.7503487909e-24,-7.7566910007e-25,-2.4470514491e-08,0.23131100996,0.016694670647,0.065669005251,0.029032189521
goe796,ok,,31.313449263,198532674.76,815662.97756,2985649.5045,115027499.21,360208.66044,16125744.186,-2.2560739488e-25,1.1700188216e-24,-2.5064024075e-24,-7.2691054595e-08,1.4979358731e-08,-1.7084579554e-09,5.3436397473e-08,4.5763058868e-24,-1.8517731173e-26,-7.118454746e-08,-4.3219067618e-25,4.3147317965e-24,-7.5696364648e-25,-3.5374845454e-25,-1.3402584976e-08,0.23588849932,0.025045739173,0.058062599937,0.043586091073
goe797,ok,,31.557737029,200000425.01,1398195.6912,4685941.1582,114993438.07,671973.31551,16378304.803,-2.2431878246e-25,8.9231871425e-25,-1.8164699321e-24,-5.2542118427e-08,1.4197055998e-08,-2.0670231039e-10,4.2018600103e-08,3.4226287461e-24,1.7267276877e-26,-1.3941778364e-08,2.239084886e-25,3.5454292622e-24,2.8392726036e-25,2.7671552854e-25,-3.8696992542e-09,0.23028435077,0.034708329881,0.019493334435,0.058750225612
goe798,ok,,32.090543176,203377524.04,2242068.2204,7340006.6661,115193694.6,1094501.9756,16979207.937,-2.1467298434e-25,6.9777620256e-25,-1.4283625677e-24,-3.9614785453e-08,1.3512254366e-08,-6.6302243908e-11,3.1997513595e-08,2.6895019421e-24,1.6298232379e-26,-1.1336842285e-08,1.3098213326e-25,2.7837852081e-24,1.7491062599e-25,2.0298193228e-25,-4.3392101525e-09,0.2262273518,0.042285064751,0.025417973807,0.071740608363
goe802b,ok,,31.329401534,198667508.27,490452.95877,2469209.4497,113954993.41,256569.23266,16006655.725,-4.5148734132e-25,1.2755299189e-24,-3.1338665279e-24,-1.8564996954e-07,1.8005627231e-08,-7.6108795129e-10,1.5046032301e-07,4.81138761e-24,-5.8156094687e-26,-1.1413298658e-07,-1.2390852386e-24,4.5839438637e-24,-2.9686550168e-24,-6.0546321566e-25,-7.8135425826e-08,0.22851930794,0.043068508227,0.05597686096,0.073793710597
goe801,ok,,31.106967873,197256833.03,510302.37986,2578674.7342,114129602.74,262447.26374,15797472.645,-4.4297892859e-25,1.2226533819e-24,-3.0976780182e-24,-1.798156052e-07,1.8072903779e-08,8.241831064e-10,1.4436625091e-07,4.7383282799e-24,-5.7788302371e-26,-8.1006569563e-08,-1.2690093007e-24,4.5036489494e-24,-2.770130586e-24,-6.1602028413e-25,-7.2628644548e-08,0.23125485279,0.04279994021,0.041337845232,0.073670441413
goe802,ok,,31.106967873,197256833.03,510302.37986,2578674.7342,114129602.74,262447.26374,15797472.645,-4.4297892859e-25,1.2226533819e-24,-3.0976780182e-24,-1.798156052e-07,1.8072903779e-08,8.241831064e-10,1.4436625091e-07,4.7383282799e-24,-5.7788302371e-26,-8.1006569563e-08,-1.2690093007e-24,4.5036489494e-24,-2.770130586e-24,-6.1602028413e-25,-7.2628644548e-08,0.23125485279,0.04279994021,0.041337845232,0.073670441413
goe802a,ok,,31.354719978,198828152.26,492594.25633,2479976.7213,113948622.09,257803.27323,16030987.953,-4.4947528318e-25,1.2647458844e-24,-3.1233284508e-24,-1.8398429323e-07,1.784744508e-08,-7.2058937624e-10,1.4980486409e-07,4.7943465419e-24,-5.7310016409e-26,-1.1109021589e-07,-1.2232874622e-24,4.5657826132e-24,-2.986177168e-24,-5.9949515029e-25,-7.6013162056e-08,0.22820173839,0.042976591188,0.054722402283,0.073793015621
goe803h,ok,,28.375976327,180123813.34,141583.43296,2207183.7464,107951283.57,112054.74944,12743305.326,-6.7190440874e-25,1.2952406247e-24,-5.1069352231e-24,-4.3490599182e-07,1.5299140067e-08,-1.8399241732e-08,5.5130720696e-07,2.8838776665e-24,-4.6355718274e-25,-2.2623103499e-07,-7.1118910099e-24,4.2472926472e-24,-3.3858077039e-23,-5.20962157e-24,-5.0091783072e-10,0.19465053094,0.048722356323,0.032030566577,0.078055966979
goe81,ok,,30.584089561,193943477.53,290627.03935,1997903.6673,112767285.14,170413.54524,15089814.311,-5.5336515669e-25,1.5038917013e-24,-3.9934593713e-24,-2.8348659931e-07,2.1017736702e-08,-5.7913606703e-09,2.5833047069e-07,5.1335949694e-24,-1.0698319196e-25,-2.0388960096e-07,-2.9144549061e-24,5.0210154043e-24,-7.4533064668e-24,-1.1176016559e-24,-1.2420711611e-07,0.22646443175,0.043536217148,0.05925583108,0.07507781987
goe92,ok,,30.373021604,192556522.49,369220.05668,1981076.0784,112125224.94,186954.17936,14787494.169,-4.7014154376e-25,1.361515454e-24,-3.6609226677e-24,-2.3690149332e-07,2.1806129738e-08,6.8829775981e-09,1.7636810746e-07,5.6220064466e-24,-8.4822685752e-26,-9.2143501929e-08,-1.6610470535e-24,5.1977260138e-24,-4.6130301846e-24,-9.1148058478e-25,-1.4697118211e-07,0.2259548289,0.038110354821,0.034021229005,0.065118642632
griffith30SymSuction,ok,,32.643297135,206934294.69,5291005.9579,17050849.36,110859748.36,2465933.1591,16933674.238,9.4808293065e-32,5.6856690969e-25,-9.7541031442e-25,-1.1671958087e-13,1.3373655938e-08,6.4252973947e-14,-6.438941754e-14,1.9043132947e-24,6.6216378682e-32,-3.2013010093e-08,2.9740315077e-30,1.8055249512e-24,-2.761687731e-30,-1.4445048746e-25,-3.2351375368e-13,0.22646513302,1.0715711461e-07,0.16938102713,-3.4068479183e-07
gs1,ok,,30.814907856,195292805.46,942874.5068,3899692.2192,112671202.88,435204.32334,15285474.97,-2.2849305507e-25,8.6745307059e-25,-2.3613232247e-24,-6.3037980453e-08,1.4445054206e-08,-8.7452234534e-10,5.0589328637e-08,4.0976050144e-24,-2.3109375323e-26,-4.9676949373e-09,-5.2183970323e-25,3.7800065974e-24,-8.7475882894e-25,-4.6154826439e-25,4.8844260259e-09,0.22284676113,0.027908241991,0.004683912914,0.047699388289
hobie,ok,,29.471611969,186775007.03,315183.41933,1722212.7769,109592074.15,152313.20871,13600390.169,-3.7732238114e-25,1.3677565538e-24,-4.1091210427e-24,-1.8161145491e-07,1.5758437243e-08,-2.9607031358e-09,1.4607965351e-07,6.4283398638e-24,-7.0815160814e-26,-4.7521279611e-08,-3.2154135492e-24,5.6240845672e-24,-6.3875610828e-24,-1.473017861e-24,6.7416392758e-09,0.21685694926,0.027884530713,0.014977919399,0.046041884689
hobiesm,ok,,29.438128965,186568269.31,319827.18774,1742858.4112,109608435.83,154352.94092,13575454.889,-3.7643139837e-25,1.3868087194e-24,-4.0893903638e-24,-1.7859856621e-07,1.5559375239e-08,-4.3334540882e-09,1.4421624937e-07,6.4011643442e-24,-7.5533987299e-26,-7.1680928252e-08,-3.4871709062e-24,5.5820939311e-24,-6.5231609492e-24,-1.5692861722e-24,1.0263481825e-08,0.21506603992,0.027907992104,0.022925509697,0.046124277462
gu255118,ok,,31.870597144,201981117.99,1808891.8796,6296688.5597,113236080.43,1010366.0083,16444928.018,-2.5525124903e-25,8.0024403904e-25,-1.5394353966e-24,-4.9729717957e-08,1.4930826346e-08,1.7868875334e-09,4.5960021305e-08,2.8241284675e-24,2.2668160305e-26,-1.1061079664e-08,1.6158612036e-25,2.9127903488e-24,2.2887871389e-25,2.4641270708e-25,-1.6392711257e-08,0.23191962458,0.04641758687,0.020008297184,0.083136709324
hor07,ok,,30.461652365,193593815.88,202871.92162,1550413.3036,113572223.94,117687.59144,15203292.96,-4.5602222262e-25,1.4571173939e-24,-4.8809597433e-24,-2.637441904e-07,1.7585596472e-08,8.3223014134e-10,2.6289508993e-07,5.6837683003e-24,-1.6650686119e-25,-7.4752854526e-08,-7.2684119076e-24,5.0829014611e-24,-1.6671855646e-23,-2.7349863814e-24,-7.6046289178e-08,0.23145104323,0.028970338792,0.015165255244,0.053334032079
hor12,ok,,30.810440845,195646949.38,601728.35441,2950634.4705,114018602.66,289483.05838,15552311.566,-2.5834249948e-25,8.4832779297e-25,-3.0006501249e-24,-8.8328481426e-08,1.4497270088e-08,1.8444750077e-09,7.4105721613e-08,4.6461384606e-24,-5.8603007258e-26,5.5376380205e-08,-1.7494662817e-24,3.9391977074e-24,-2.9783129516e-24,-1.250305728e-24,5.7908519742e-09,0.22776824274,0.025951493356,-0.033321538134,0.044591513919
hor04,ok,,28.704095931,182758725.37,58670.024347,405115.05532,109656471.71,25175.407855,13448197.127,-3.5830845237e-25,3.1334857125e-24,-9.5699023456e-24,-4.5438660281e-07,1.6562107609e-08,-2.4962491963e-08,3.0660732747e-07,1.5118177336e-23,-1.7157929248e-25,-1.4690466753e-06,-2.4249595357e-23,9.8986684976e-24,-6.4592535941e-23,-7.9083434772e-24,-3.8237828383e-08,0.21684781661,0.011230629292,0.086189004206,0.017988659367
hor20,ok,,32.505046385,206132463.17,1853741.1806,7102041.6063,116662052.33,896436.94204,17646548.349,-1.1375384911e-25,5.287514038e-25,-1.6453955543e-24,-2.0619953338e-08,1.29263582e-08,3.2426077664e-10,1.9242039676e-08,2.8112657709e-24,-8.8577543463e-27,2.6439831706e-08,-1.3926765534e-25,2.6310031469e-24,-2.1521085311e-25,-2.4716035896e-25,4.9979402044e-09,0.22973104609,0.019514173394,-0.049012604841,0.035669761346
hq010,ok,,29.552240224,187292925.39,490505.98799,1904092.6056,109935699.38,203053.50907,13711895.023,-6.914373017e-32,1.3902681198e-24,-3.4106900917e-24,3.1616142874e-15,1.5777647261e-08,-1.18851965e-14,-1.6242639584e-14,6.461835348e-24,-3.3150948187e-31,-1.0775737224e-07,-7.6985809214e-30,5.6454371724e-24,-2.300762039e-29,-9.8242658655e-25,8.7733720562e-15,0.21634144296,-2.5657238685e-10,0.052855636334,-7.9671119765e-09
hq07,ok,,28.573824415,181093568.65,221631.32733,952685.69869,107495676.89,88821.973419,12546219.718,1.0014979749e-32,1.9961085602e-24,-5.1816872282e-24,3.2534018647e-15,1.6509013575e-08,-2.0571206748e-15,1.692114422e-15,9.8707417059e-24,2.0018266847e-32,-3.1310417463e-07,7.0578464282e-30,8.0289449967e-24,-8.3539071025e-29,-1.9774226965e-24,8.7994403706e-15,0.20712571165,-1.2708750243e-10,0.069393693816,3.7502556534e-10
hq1010,ok,,29.610724649,187662962.92,487439.51006,1908878.6338,110137330.92,202837.08579,13792211.997,-9.06497021e-26,1.3930655867e-24,-3.4152372644e-24,-3.8371457368e-08,1.575955826e-08,-1.3814836183e-09,2.4059768782e-08,6.4289274633e-24,-1.2655548289e-26,-1.0888494577e-07,-5.1836438995e-25,5.6059960332e-24,-8.5900502746e-25,-1.0058992858e-24,9.6319097239e-10,0.21746255565,0.0078256407375,0.053074824621,0.011727681907
hq1510,ok,,29.615091293,187690719.8,487594.41233,1928541.521,110123750.25,204190.91789,13794828.182,-1.3524849741e-25,1.3922183667e-24,-3.4061105949e-24,-5.718227269e-08,1.5730046724e-08,-2.0897189668e-09,3.6015546273e-08,6.377208531e-24,-1.8954459792e-26,-1.1039012609e-07,-7.6404873106e-25,5.5750487387e-24,-1.2703906894e-24,-1.0055042485e-24,1.4283560025e-09,0.21722333813,0.011739456538,0.05382560866,0.01756097912
hq108,ok,,28.997430958,183776085.89,298330.42267,1244921.4891,108618573.85,121970.79987,13049834.785,-1.1747715907e-25,1.7474489594e-24,-4.4181506064e-24,-6.3709838478e-08,1.6195195371e-08,-2.9116183758e-09,3.9004736312e-08,8.3236761915e-24,-1.9041956803e-26,-2.1150586613e-07,-1.1659673954e-24,6.9793236007e-24,-2.0737559494e-24,-1.5583639727e-24,4.7637069245e-09,0.2118276245,0.0078938215198,0.063098634438,0.01163629947
hq1012,ok,,30.065576979,190545913.37,721469.51227,2716727.0735,111164836.96,304919.48266,14351541.987,-7.3491044397e-26,1.1539682577e-24,-2.7769697924e-24,-2.5503402602e-08,1.5371827251e-08,-7.4529613907e-10,1.6299237149e-08,5.2271303802e-24,-8.85532309e-27,-6.3687003683e-08,-2.5760717063e-25,4.675809281e-24,-4.1423606174e-25,-6.9176935918e-25,-9.4843546156e-11,0.22059883905,0.0077701046939,0.045948231485,0.011759402676
hq109,ok,,29.32079659,185825336.57,387071.21839,1558357.4248,109418945.85,159698.90886,13436861.72,-1.0259232705e-25,1.5520189313e-24,-3.8547321934e-24,-4.8792293162e-08,1.5974410525e-08,-1.963934982e-09,3.0261888259e-08,7.2614887076e-24,-1.5439383037e-26,-1.4917350291e-07,-7.5771607427e-25,6.2266216366e-24,-1.2984815544e-24,-1.2348987671e-24,2.1033361949e-09,0.21486614227,0.0078642505206,0.057740769524,0.011713505959
hq09,ok,,28.998493346,183783590.78,309387.22073,1267031.3755,108571132.21,125697.77637,13043361.352,-5.762022063e-32,1.721436951e-24,-4.3502967533e-24,4.1176850048e-15,1.6204151366e-08,-1.2803961029e-15,3.3414033811e-16,8.2614215439e-24,-1.614141923e-31,-2.0116200289e-07,-7.563622385e-30,6.9528027553e-24,-1.7128848252e-29,-1.4937003171e-24,1.2242233804e-14,0.21135660167,-1.9234375192e-10,0.062236952989,1.0337875054e-10
hq1512,ok,,30.083182915,190657532.48,721177.42029,2733631.9616,111201437.15,306159.99657,14373382.407,-1.0990579898e-25,1.1535948918e-24,-2.7731889874e-24,-3.8225005107e-08,1.5351618168e-08,-1.0893517245e-09,2.441068464e-08,5.1990576161e-24,-1.3389006952e-26,-6.4759137835e-08,-3.8333606293e-25,4.654624363e-24,-6.1800724753e-25,-6.9514818e-25,-4.7827021011e-10,0.22057422324,0.011670669621,0.046702827964,0.017604434576
hq1511,ok,,29.810113311,188927270.85,602461.69751,2325891.4896,110507664.81,253985.38482,14025037.938,-1.2097190483e-25,1.2614061035e-24,-3.0477958611e-24,-4.5883645942e-08,1.5530431111e-08,-1.6035214204e-09,2.9124211243e-08,5.7248454131e-24,-1.5294911908e-26,-8.4514338315e-08,-5.1247360781e-25,5.0871421156e-24,-8.4096285367e-25,-8.0630007826e-25,1.0645522924e-09,0.21798886467,0.011712716331,0.050916651725,0.017546221744
hq158,ok,,29.076562259,184277453.89,297304.07606,1259490.1326,108911663.02,122697.21546,13158135.551,-1.7448444426e-25,1.7525624197e-24,-4.4057962696e-24,-9.4817735223e-08,1.6107785191e-08,-4.3002012283e-09,5.8626645064e-08,8.2129308229e-24,-2.8811474751e-26,-2.1729844208e-07,-1.805651013e-24,6.885583718e-24,-3.189800333e-24,-1.5995503357e-24,5.7309820244e-09,0.2128256143,0.011783531735,0.064603712554,0.017429940543
hq1585,ok,,29.025386043,183952513.91,351060.91134,1482046.8223,108581987.09,145697.19222,13070210.513,-1.5597476423e-25,1.562483118e-24,-4.0657611453e-24,-7.5623877183e-08,1.5948453816e-08,-3.8820667736e-09,4.8442485558e-08,7.5510086633e-24,-2.412915744e-26,-1.4995952305e-07,-1.4300002015e-24,6.3993175072e-24,-2.3818957367e-24,-1.4483024053e-24,1.4144392617e-08,0.21048568772,0.0114520043,0.052644926826,0.017006263128
hq159,ok,,29.353667702,186033660.78,387010.95545,1577137.0067,109519937.13,160926.05901,13480042.404,-1.5263159682e-25,1.5514221736e-24,-3.8427242459e-24,-7.2518594689e-08,1.5921417478e-08,-2.9550507324e-09,4.5267452056e-08,7.1831855839e-24,-2.322455966e-26,-1.5134285821e-07,-1.1399661085e-24,6.1697339595e-24,-1.9493664274e-24,-1.2491883112e-24,3.105704664e-09,0.2151098989,0.011777644146,0.058571344156,0.017518999871
hq159b,ok,,29.282134493,185579190.57,386189.85603,1574930.2881,109229316.62,160524.80491,13377608.515,-1.5273438072e-25,1.5592475215e-24,-3.8473242121e-24,-7.2500133733e-08,1.5957990801e-08,-3.1209708455e-09,4.5173875974e-08,7.2111387135e-24,-2.2755921105e-26,-1.5502439532e-07,-1.0949326042e-24,6.2128400506e-24,-1.8927425094e-24,-1.224237978e-24,4.1812057869e-09,0.21413062629,0.01178179694,0.059868848911,0.017445692659
hq208,ok,,29.010919798,183861355.27,298380.6518,1294315.3566,108619581.29,124779.6042,13063423.287,-2.3076296934e-25,1.7526478882e-24,-4.3731162999e-24,-1.2446468414e-07,1.604824746e-08,-6.0329327806e-09,7.7925498787e-08,8.0705709334e-24,-3.8977236405e-26,-2.2424329864e-07,-2.2397580071e-24,6.8228693854e-24,-4.0696000714e-24,-1.5875419127e-24,8.9042371346e-09,0.21145131115,0.015765610287,0.066909861611,0.02325146112
hq17,ok,,30.745217958,194851531.17,1278887.226,4689747.4468,111974229.31,567186.01058,15124492.41,-2.3194566475e-25,1.1025285145e-24,-2.0310710128e-24,-5.8177742788e-08,1.5080855654e-08,-5.7224231943e-09,4.0596135165e-08,3.816743933e-24,-2.202258037e-26,-1.1270743603e-07,-3.0869738168e-25,3.5649253633e-24,-5.9056839443e-25,-3.7669434194e-25,-2.178513685e-09,0.22700268993,0.032717164106,0.14414010022,0.051917878689
hq2010,ok,,29.61324525,187679013.05,488615.82762,1963733.7385,110086014.36,206375.4626,13789066.358,-1.789866642e-25,1.391063038e-24,-3.3927516574e-24,-7.530981733e-08,1.5701365452e-08,-2.8818461058e-09,4.7935093252e-08,6.3018816522e-24,-2.5628652281e-26,-1.1440809042e-07,-1.0043761115e-24,5.5169607209e-24,-1.6947891705e-24,-1.0181797399e-24,1.9592246054e-09,0.21692701764,0.015629812362,0.055901603787,0.023421845262
hq2012,ok,,30.104444102,190792249.25,722158.82219,2767588.9665,111236021.27,308624.03784,14398711.197,-1.4559667975e-25,1.1511898166e-24,-2.7659224426e-24,-5.0366164262e-08,1.5329494593e-08,-1.5044930775e-09,3.2544812245e-08,5.152765701e-24,-1.802034535e-26,-6.620398216e-08,-5.1208091445e-25,4.6148029867e-24,-8.3328134017e-25,-7.036884635e-25,-5.1112060027e-10,0.22061056257,0.015509409364,0.047809789781,0.023502523279
hq209,ok,,29.338242678,185935919.4,387521.30211,1609787.2886,109433130.99,162794.38135,13455821.583,-2.0176754781e-25,1.5511264768e-24,-3.8250689355e-24,-9.5401369273e-08,1.5874332362e-08,-4.1037419411e-09,6.0221417861e-08,7.0843549394e-24,-3.1315655938e-26,-1.5657328949e-07,-1.4833375733e-24,6.1044903977e-24,-2.5739972777e-24,-1.2611040039e-24,4.6016297193e-09,0.21456371018,0.015691549656,0.06067548502,0.023337082264
hq2090sm,ok,,29.310739734,185760257.3,384089.80366,1588538.9722,109298203.2,161482.20386,13412285.178,-2.013641632e-25,1.5670129584e-24,-3.8393385896e-24,-9.5531581774e-08,1.5897735744e-08,-4.2149131115e-09,6.022286747e-08,7.1272955528e-24,-2.9875985372e-26,-1.5832909014e-07,-1.4310062032e-24,6.1811196819e-24,-2.473138191e-24,-1.2181561925e-24,5.5448309484e-09,0.21437205475,0.015618609958,0.060812589146,0.023130989343
hq2195,ok,,29.421531021,186464323.95,444974.80774,1805199.373,109587593.47,186878.51912,13550022.54,-1.9534994262e-25,1.4604442151e-24,-3.5619431755e-24,-8.5723934389e-08,1.5605211681e-08,-4.350183225e-09,5.3647213424e-08,6.6349709032e-24,-2.7780912904e-26,-1.3382761096e-07,-1.1950438256e-24,5.802020785e-24,-2.0008741972e-24,-1.1001223466e-24,1.1668756328e-08,0.21398289726,0.01648666105,0.059549915459,0.023871658479
hq2510,ok,,29.641413434,187857059.13,486352.6019,1990487.5855,110114401.32,207978.87497,13819072.532,-2.219970426e-25,1.3963324195e-24,-3.3819019677e-24,-9.3128229735e-08,1.5668786245e-08,-3.7753409046e-09,6.0170292857e-08,6.2208863776e-24,-3.1294581401e-26,-1.1787453925e-07,-1.2034030023e-24,5.4709775928e-24,-2.1094715685e-24,-1.0028999774e-24,3.1174694136e-09,0.21736241536,0.019509643562,0.05732858886,0.029263978488
hq2512,ok,,30.096118831,190739223.39,719938.35298,2795338.7901,111136701.09,310286.01357,14378251.341,-1.8123114408e-25,1.1559031099e-24,-2.7615222785e-24,-6.244446852e-08,1.532962017e-08,-2.0611219084e-09,4.0784720024e-08,5.1135522852e-24,-2.2054955458e-26,-6.9123710142e-08,-6.151511832e-25,4.5967585023e-24,-1.0267577106e-24,-6.9247006146e-25,1.5715318353e-10,0.22045691222,0.019386395269,0.049764810032,0.029362484161
hq2511,ok,,29.8182456,188978543.95,601109.79455,2385934.8039,110427286.81,257735.87753,14023274.772,-1.9939317605e-25,1.2646043215e-24,-3.0324185007e-24,-7.5104399677e-08,1.5480642016e-08,-2.9139473921e-09,4.8648157816e-08,5.6179475217e-24,-2.5181307373e-26,-9.0332393175e-08,-8.1341373047e-25,5.0163559622e-24,-1.3915357939e-24,-8.0264586297e-25,2.4424535152e-09,0.21775221279,0.019494182965,0.054299686303,0.02924288415
hq259,ok,,29.34750153,185994114.15,386076.71455,1640992.8788,109389173.64,164578.39875,13458894.864,-2.5002605194e-25,1.5581189436e-24,-3.8061875352e-24,-1.1773370172e-07,1.5827943965e-08,-5.3892945847e-09,7.5604434621e-08,6.9699807465e-24,-3.8246828928e-26,-1.6251972558e-07,-1.7481437336e-24,6.0432314072e-24,-3.1828800256e-24,-1.2402939857e-24,6.5877198283e-09,0.21474436043,0.019609272503,0.0627450817,0.029189111724
hq2590sm,ok,,29.302142606,185706868.18,398696.37091,1671591.1431,109257615.04,168885.06373,13400921.144,-2.4716232688e-25,1.541352768e-24,-3.7516070594e-24,-1.142489411e-07,1.5551765069e-08,-6.2057770088e-09,7.2057790191e-08,6.9150240561e-24,-3.6851726664e-26,-1.5967834972e-07,-1.6746697846e-24,6.0318065176e-24,-2.8990196408e-24,-1.217704665e-24,1.6768768654e-08,0.21274218444,0.019897586029,0.063663178547,0.028729179445
hq258,ok,,29.023988801,183943675.47,297299.64831,1328117.6823,108594732.39,126576.12094,13072186.401,-2.8530663918e-25,1.7604087745e-24,-4.3422734634e-24,-1.5316719553e-07,1.5961352923e-08,-7.9045130077e-09,9.7915864797e-08,7.8960933872e-24,-4.7876571513e-26,-2.3330226471e-07,-2.6350937482e-24,6.7230859096e-24,-5.0580462886e-24,-1.5739347344e-24,1.2142359647e-08,0.21172657606,0.019712766001,0.069360681248,0.029110352168
hq259b,ok,,29.302142864,185706869.81,398696.25152,1671590.6646,109257617.17,168885.00285,13400921.895,-2.471624689e-25,1.5413530251e-24,-3.7516078157e-24,-1.142490163e-07,1.5551765594e-08,-6.2057769471e-09,7.2057842998e-08,6.9150256973e-24,-3.6851835899e-26,-1.5967839632e-07,-1.6746723806e-24,6.0318070979e-24,-2.8990135924e-24,-1.2177055627e-24,1.6768720412e-08,0.21274219223,0.019897589844,0.063663178062,0.028729191896
hq3010,ok,,29.616862477,187701750.29,487315.32973,2040971.9732,110000050.84,210977.22692,13782979.603,-2.6362973909e-25,1.3978604507e-24,-3.3649938438e-24,-1.0999583394e-07,1.5601316229e-08,-4.8215473549e-09,7.1891642939e-08,6.1192337522e-24,-3.8275720136e-26,-1.2591776225e-07,-1.4287985821e-24,5.4000258442e-24,-2.5179911023e-24,-1.026307897e-24,4.0834343991e-09,0.21633857357,0.023393011854,0.061361655827,0.035033899683
hq3011,ok,,29.880077266,189370053.1,603755.682,2428456.2022,110625819.18,260701.26436,14107906.584,-2.360945179e-25,1.274180582e-24,-3.0154206948e-24,-8.9002329826e-08,1.5510065435e-08,-3.3871920774e-09,5.8213060454e-08,5.535336963e-24,-3.1717564505e-26,-9.8742620124e-08,-9.5832278426e-25,4.9470283467e-24,-1.6519972586e-24,-8.2295926908e-25,-9.7249249299e-10,0.21849619838,0.023147626087,0.059616417955,0.035146466015
hq3012,ok,,30.125420208,190924997.35,719923.43231,2833944.2309,111174364.38,313357.30936,14411624.679,-2.1549904907e-25,1.1563489945e-24,-2.7518138928e-24,-7.4033929496e-08,1.5277270287e-08,-2.574278927e-09,4.8778534254e-08,5.0539360122e-24,-2.630702288e-26,-7.1865677296e-08,-7.2367301612e-25,4.5568027764e-24,-1.218098001e-24,-6.9273052464e-25,3.698295318e-10,0.22029392992,0.023224602864,0.051737785064,0.035116809803
hq3013,ok,,30.340752145,192289646.96,851622.81096,3278928.5999,111637362.56,372073.22934,14679898.639,-1.9782694526e-25,1.0642543014e-24,-2.5210702611e-24,-6.2435506241e-08,1.5102571797e-08,-1.9665778422e-09,4.1380828878e-08,4.6448340158e-24,-2.2271513517e-26,-5.644599468e-08,-5.3567639114e-25,4.2240755283e-24,-8.8821739328e-25,-5.8160585619e-25,-2.7162820754e-10,0.2216115895,0.023208183371,0.048070696657,0.035240857809
hq3014,ok,,30.523461921,193447498.26,998237.74129,3769490.4364,111992433.91,437456.35092,14905684.53,-1.8172867952e-25,9.8727691255e-25,-2.3216865989e-24,-5.3026756867e-08,1.4942757168e-08,-1.5402348556e-09,3.5212797485e-08,4.2930453892e-24,-1.9276696682e-26,-4.6888983272e-08,-4.0261191604e-25,3.9305366934e-24,-6.5923357807e-25,-4.9909731664e-25,-1.055594222e-09,0.22236698731,0.023094212808,0.046806352753,0.035150743426
hq3015,ok,,30.698044229,194553759.18,1153270.1738,4285069.1161,112304932.46,507444.23643,15120122.775,-1.6849427253e-25,9.2018822595e-25,-2.1528945159e-24,-4.5717239981e-08,1.4771892723e-08,-1.2428803708e-09,3.047080099e-08,3.9913559679e-24,-1.6748550657e-26,-3.9197034302e-08,-3.0833084723e-25,3.677571701e-24,-4.9995414146e-25,-4.3036828787e-25,-1.261103169e-09,0.22291037856,0.02305631054,0.04520477056,0.035141065953
hq308,ok,,29.053875506,184133167.93,297066.58848,1368809.4601,108644425.44,129125.32074,13105772.377,-3.3673258658e-25,1.76654328e-24,-4.303554437e-24,-1.7985183471e-07,1.5803231752e-08,-9.8032429678e-09,1.1735771801e-07,7.6829466716e-24,-5.7769898941e-26,-2.4436004323e-07,-3.0407389699e-24,6.6071695645e-24,-5.9048907391e-24,-1.5834668347e-24,1.4222129611e-08,0.21144151336,0.023611805295,0.072591204406,0.034863056923
hq309,ok,,29.378743412,186192325.08,385940.10645,1682312.6585,109448192.21,167286.73503,13495680.592,-2.9614516486e-25,1.561353129e-24,-3.7813141505e-24,-1.3885445972e-07,1.5717986022e-08,-6.7022006069e-09,9.0605561609e-08,6.8207625397e-24,-4.6451637897e-26,-1.7050475507e-07,-2.0499274065e-24,5.950988772e-24,-3.7552296818e-24,-1.2557585095e-24,7.6594827046e-09,0.21452569567,0.023503426462,0.065804623323,0.034968320093
hq3510,ok,,29.67539534,188072522.45,486585.03764,2089279.1197,110090529.05,214374.08591,13849290.39,-3.0448575899e-25,1.3942100942e-24,-3.3421688121e-24,-1.2662098938e-07,1.5547580822e-08,-5.6254129432e-09,8.4236497567e-08,5.9881447181e-24,-4.4049181135e-26,-1.2720997937e-07,-1.5699877957e-24,5.3195285631e-24,-2.8700789573e-24,-1.0081957758e-24,3.9900170563e-09,0.21682276367,0.027329739873,0.0618984726,0.040988219339
hq3514,ok,,30.475028183,193139744.15,993512.1168,3809232.7495,111749139.29,438872.1914,14826295.977,-2.1084451336e-25,9.9105505677e-25,-2.3231184493e-24,-6.1391489167e-08,1.4953792035e-08,-1.9888405623e-09,4.1052404296e-08,4.2708206892e-24,-2.2125690329e-26,-5.0107352431e-08,-4.5331916634e-25,3.9190313187e-24,-7.5813107158e-25,-4.9842692287e-25,-6.5623926955e-10,0.22144718302,0.026879241749,0.049782261781,0.040786061092
hq3513,ok,,30.36156383,192421469.48,859344.11514,3363082.7982,111615038.84,379218.23188,14698196.02,-2.2842795734e-25,1.0577014431e-24,-2.5026198247e-24,-7.161394132e-08,1.5094841996e-08,-2.3024428393e-09,4.7896421872e-08,4.5699290316e-24,-2.6339827655e-26,-5.8109407788e-08,-6.0547097198e-25,4.1617088956e-24,-1.0230895553e-24,-5.8621940914e-25,-9.9910092866e-10,0.22146810924,0.027073406958,0.049935977617,0.041159508272
hq3512,ok,,30.147612001,191065524.43,719604.96782,2890084.3634,111167789.17,317019.308,14432994.842,-2.50115887e-25,1.1529745289e-24,-2.7415534596e-24,-8.5652400477e-08,1.5262900797e-08,-3.0441836217e-09,5.7142994178e-08,4.980120933e-24,-3.1057932579e-26,-7.3727227104e-08,-8.2300788167e-25,4.5013909714e-24,-1.4187187645e-24,-6.9662249706e-25,-6.8748977243e-11,0.22026242524,0.027148664176,0.053054478888,0.041120382486
hq3518,ok,,31.158387363,197470264.17,1672653.6887,6045328.657,112859270.16,749842.16405,15659186.482,-1.6047902505e-25,7.6663234293e-25,-1.7692022302e-24,-3.5945348656e-08,1.4276997829e-08,-9.3835766347e-10,2.4336981289e-08,3.2858201562e-24,-1.3543859992e-26,-2.6933995246e-08,-1.7531875219e-25,3.0718974286e-24,-2.8351731763e-25,-2.9516932264e-25,-1.4278550311e-09,0.22296325126,0.026714651036,0.0450512465,0.040707341526
hq359,ok,,29.398809863,186319362.1,385889.46226,1739417.311,109432954.43,170627.56895,13513045.371,-3.411870602e-25,1.5564888028e-24,-3.7486310399e-24,-1.5918755229e-07,1.5647238766e-08,-7.9518851498e-09,1.0598132976e-07,6.6421538895e-24,-5.4165026409e-26,-1.7518647532e-07,-2.2569196807e-24,5.8360782307e-24,-4.33119387e-24,-1.2522775161e-24,8.231161747e-09,0.21446257768,0.0274630447,0.067602614758,0.04089707835
hq358,ok,,29.078922444,184291857.82,297195.65127,1427801.8229,108654203.1,132389.11376,13130504.415,-3.8632222275e-25,1.7598345992e-24,-4.2520274732e-24,-2.0519288595e-07,1.5700293126e-08,-1.1607914965e-08,1.3724798102e-07,7.4212973712e-24,-6.7638008053e-26,-2.5162164434e-07,-3.2873526026e-24,6.4435392385e-24,-6.7954563538e-24,-1.5822067151e-24,1.5085417883e-08,0.21153281785,0.027587877211,0.074780858464,0.040789503104
hs1430,ok,,34.515250571,218743185.4,6128971.4064,16556410.375,120184577.64,2735426.3375,20523770.213,-6.4350056965e-26,4.9794343828e-25,-8.6343588911e-25,-7.8816197037e-09,1.1437297394e-08,-4.0046380398e-10,5.463235641e-09,1.7117694208e-24,-2.854989117e-28,-1.8700164782e-08,-1.3880358864e-27,1.7046803196e-24,-3.1402028946e-27,-4.9340757437e-27,-1.377517058e-09,0.2341230887,0.020677730491,0.11461277525,0.03348401503
hs1404,ok,,28.902756212,183429032.6,71016.66431,641170.44259,109522168.59,39827.583367,13176776.138,-5.3237843195e-25,3.1570188634e-24,-7.8074142022e-24,-5.3991045953e-07,1.6815525538e-08,-5.5301829765e-08,5.09230884e-07,9.4673351161e-24,-1.682171013e-25,-1.5595157834e-06,-1.9716101008e-23,8.5433459417e-24,-5.8193144806e-23,-4.223805389e-24,-1.9322578702e-08,0.21609933666,0.021337037597,0.11075160888,0.036163878745
hs1606,ok,,30.347232788,192535384.14,189809.38625,1255270.2556,112865139.44,104218.01711,14888081.413,-4.7432021965e-25,2.0888790108e-24,-4.9626873014e-24,-2.8912037822e-07,1.6819366213e-08,-2.160419917e-08,2.7167642229e-07,6.6384884438e-24,-9.7584193507e-26,-4.8365528226e-07,-6.0214047361e-24,6.3060143144e-24,-1.4650482258e-23,-1.6493658784e-24,-4.3757478661e-08,0.23077320006,0.029079762459,0.09180231228,0.051566734972
hs1708,ok,,31.102974798,197288011.68,360562.76141,1898748.5059,114665292.85,186965.78308,15875100.661,-4.1035101636e-25,1.6004565629e-24,-3.6657224166e-24,-1.8543672835e-07,1.6348336277e-08,-9.4396202501e-09,1.6534092091e-07,5.4554054999e-24,-5.6728145672e-26,-2.2075789944e-07,-2.3379496872e-24,5.2060514411e-24,-5.0419237532e-24,-7.9995017525e-25,-4.0690256816e-08,0.23712057465,0.032868309416,0.079597077825,0.059615779016
hs1620,ok,,33.058589272,209512406.05,2729075.3117,7976856.9643,119054324.78,1176879.3202,18616533.916,-1.3804608776e-25,7.4931491518e-25,-1.3200982362e-24,-2.5542875844e-08,1.3093114797e-08,-1.0467131895e-09,1.7708590272e-08,2.584341278e-24,-7.6288248491e-28,-3.6184436745e-08,-7.1041574793e-27,2.5686092927e-24,-2.3907819723e-26,-9.9332440763e-27,-4.9263663066e-09,0.24098272955,0.028664756072,0.098750052988,0.048328076517
hs1712,ok,,32.138927917,203686206.37,924213.54815,3170261.9883,117594372.56,413988.46384,17360949.004,-2.7379500379e-25,1.2372228106e-24,-2.2857292833e-24,-8.5495700229e-08,1.4828199365e-08,-3.4254593244e-09,6.2315661208e-08,4.2092026161e-24,-2.4321128672e-27,-9.9194633432e-08,-4.8477464652e-26,4.1689874372e-24,-2.5267108953e-25,-2.4142226349e-26,-1.8414807683e-08,0.24610080046,0.033520075566,0.091677024121,0.05759297835
ht22,ok,,27.583109839,174996612.99,89251.632832,560650.60368,106343766.43,36155.021326,11766143.724,-2.061941887e-25,1.4631038803e-24,-8.4107269645e-24,-2.3531038862e-07,1.8175410767e-08,1.7465165974e-08,1.3132333512e-07,1.3942070384e-23,-1.1077831855e-25,4.2254273602e-07,-5.6645702265e-24,8.841290551e-24,-1.0750794227e-23,-5.8089058161e-24,-2.1455366612e-07,0.19236428004,0.0070158688926,-0.037712629131,0.011720822088
hsnlf213,ok,,30.39656005,192695530.51,945843.41718,3356020.2151,111905063.5,400174.9763,14776232.383,-7.8527220481e-26,1.2279103484e-24,-2.4079671195e-24,-2.8023976238e-08,1.5506708262e-08,1.0300929508e-09,1.5799777896e-08,4.643657379e-24,-1.3791045833e-26,-1.2769757641e-07,-8.7423234489e-26,4.2306027743e-24,-1.8266598945e-25,-5.4087358701e-25,-2.6114232555e-08,0.22477766591,0.0088665037994,0.12078191204,0.014944115916
ht05,ok,,29.95392881,190027036.54,80564.357795,388577.55939,112358611.29,32660.763063,14437004.935,-1.8029636568e-28,2.1790370993e-24,-8.1914762244e-24,-2.8406505005e-10,1.5777280075e-08,3.4638930805e-11,1.2235478856e-10,1.4296072241e-23,-4.4423729526e-29,6.491690391e-07,1.4314389621e-27,1.1308616193e-23,2.0574855653e-27,-2.5504742717e-24,-3.3492706301e-10,0.22777662541,6.7861388373e-06,-0.052299886736,9.8574349633e-06
ht08,ok,,28.818423153,182937198.73,96775.782568,492408.93299,109738077.83,37955.367137,13157128.173,-1.7990990948e-28,1.995454619e-24,-7.9216388742e-24,-2.429345137e-10,1.610421623e-08,2.3166012653e-11,9.6395386992e-11,1.401240579e-23,-8.9711798834e-29,8.9618280395e-08,5.3251296332e-28,9.6964476299e-24,-5.8128373747e-28,-4.4149486977e-24,-2.892305289e-10,0.21188520194,6.8946245012e-06,-0.0086728792176,9.3287390121e-06
ht13,ok,,28.588638775,181369421.86,155319.30356,821799.07522,108760236.62,63771.433843,12798831.979,-2.1770351962e-28,1.2091272415e-24,-6.3182845015e-24,-2.2020916782e-10,1.5993636253e-08,2.6311449625e-11,9.7011759931e-11,1.063014373e-23,-1.0066205779e-28,3.8529207835e-07,-1.0918042471e-28,7.544769211e-24,-3.7067543515e-28,-3.5621796796e-24,-2.6422600157e-10,0.20469981558,1.0593847958e-05,-0.059843297276,1.5067798989e-05
ht14,ok,,29.061156588,184323309.59,219812.40841,1077530.619,109748255.62,91557.038639,13296456.574,-2.1020284603e-28,1.1164119148e-24,-5.2389221608e-24,-1.7901715712e-10,1.5730574248e-08,2.3391148335e-11,8.036318759e-11,8.9113087083e-24,-8.486133692e-29,2.8884721693e-07,-1.6741860852e-28,6.7717680467e-24,-6.3197856542e-29,-2.524130674e-24,-2.1563709619e-10,0.2091608503,1.2260798459e-05,-0.063492202416,1.7664825812e-05
ht12,ok,,27.485536845,174480833.12,79802.991798,524919.88865,106339913.11,31848.941977,11778130.939,-2.3901833938e-28,1.2705783838e-24,-9.0519081469e-24,-3.3570104972e-10,1.6373810166e-08,3.1828230962e-11,1.4277837742e-10,1.4820844888e-23,-1.4842832424e-28,6.3754325717e-07,-3.0479087238e-28,8.6238073988e-24,-8.8050268634e-28,-6.8071233917e-24,-4.0519768128e-10,0.19285282905,8.202934848e-06,-0.050877859323,1.1394141682e-05
isa571,ok,,30.530174618,193584532.7,275270.47957,1232935.7621,113292624.18,124950.12283,15096049.493,-4.5750519313e-25,1.8152524508e-24,-4.2472285065e-24,-2.9379613477e-07,2.1605927264e-08,8.4294764778e-09,1.8288327984e-07,7.231679419e-24,-6.57326072e-26,-1.5288499009e-07,-2.3546832336e-24,6.7056931331e-24,-4.9615567069e-24,-8.7378944748e-25,-1.673981281e-07,0.23325252136,0.031845110858,0.042084724542,0.050342368147
isa960,ok,,30.999919536,196575481.89,485304.54422,2142812.9613,114238168.63,228310.12278,15699407.627,-4.4649858272e-25,1.3567977761e-24,-3.1985631027e-24,-2.1063186912e-07,2.1309216179e-08,7.9032746327e-09,1.3931543206e-07,5.3259958829e-24,-5.8753706844e-26,-8.0985768879e-08,-1.2106042056e-24,5.0231359135e-24,-2.4202580903e-24,-5.955063019e-25,-1.3066279172e-07,0.23559255374,0.04109842451,0.039302761654,0.067610412258
isa962,ok,,31.150164878,197529455.98,486892.93452,2206574.8122,114716577.5,232342.49316,15919691.107,-4.567255953e-25,1.2624184998e-24,-3.1803390423e-24,-2.1480228502e-07,2.1683707898e-08,1.1265342047e-08,1.4544882597e-07,5.1775419532e-24,-6.0880686457e-26,-4.0309694256e-08,-1.2759868617e-24,4.9000036223e-24,-2.427044163e-24,-5.897892018e-25,-1.3936726974e-07,0.23410081857,0.042372429506,0.019626505326,0.070818005698
isa961,ok,,31.025312296,196718072.96,467092.06248,2069028.4447,114327182.15,220065.89138,15734229.151,-4.4914977913e-25,1.3699788684e-24,-3.2525058052e-24,-2.1652018312e-07,2.1494421012e-08,8.8014531849e-09,1.4373348318e-07,5.4078970777e-24,-5.4464605905e-26,-7.5650353231e-08,-1.1768607944e-24,5.1219678542e-24,-2.424553241e-24,-5.4950038101e-25,-1.3591127156e-07,0.23599621705,0.040627087015,0.035335679518,0.067136769106
ht23,ok,,28.62759915,181612179.61,159096.60996,831985.31045,108797280.16,65888.079462,12830231.158,-1.4640592265e-25,1.3380560244e-24,-6.2053233136e-24,-1.2743409421e-07,1.7148597786e-08,1.2767248034e-08,7.1997203953e-08,1.0503164181e-23,-6.5818541524e-26,2.6880260534e-07,-1.4805556474e-24,7.6092064805e-24,-3.1020086889e-24,-3.4001437693e-24,-1.3327066349e-07,0.20564649193,0.0065911274323,-0.042765583257,0.011454511075
ht33,ok,,28.474402285,180567229.27,138193.97117,689087.9976,108181895.32,55404.794747,12598690.229,-8.3834454599e-29,1.654192924e-24,-6.6603747625e-24,-9.3968782316e-11,1.6231982107e-08,1.0877497984e-11,3.8813378499e-11,1.1781754919e-23,-3.5357679795e-29,1.3290741881e-07,-1.9517076577e-28,8.6204651107e-24,3.6220264334e-28,-3.4552864992e-24,-1.2670917913e-10,0.20450170605,3.7706585754e-06,-0.018367004002,5.3637749092e-06
j5012,ok,,30.82145819,195334665.81,794166.02828,2675729.7887,113695158.74,328574.16032,15425950.921,1.6384582628e-31,1.2431996959e-24,-2.5808457314e-24,1.1691277723e-13,1.5001862256e-08,-6.661016107e-14,-5.3405013673e-14,5.0251564967e-24,2.2298689049e-31,-7.9600779618e-08,-2.6195404291e-30,4.6917695147e-24,-1.8494330791e-30,-3.7140964594e-25,5.8366575476e-13,0.23141799088,5.96624273e-09,0.063216234997,-4.2412447599e-08
ht35,ok,,29.179341365,184931238.4,251137.606,1072640.5787,109429573.91,102307.82018,13314592.522,5.4084122841e-30,1.5634680647e-24,-4.8256107241e-24,2.7490383651e-12,1.5944865054e-08,1.0314789727e-12,-1.1069356888e-12,8.8660978294e-24,-1.5125850735e-30,-1.4182309001e-08,-2.5910936374e-29,7.2911629448e-24,6.766880233e-29,-1.7783729009e-24,-1.0817081692e-11,0.21229938105,-5.1619391364e-07,0.0035617111302,-2.7799317888e-07
ht34,ok,,28.994145705,183785697.91,210001.06519,932032.56126,109107140.47,85109.336458,13119699.663,-1.7784572549e-29,1.612621404e-24,-5.3117436356e-24,-1.8053425547e-11,1.6035074716e-08,3.318234878e-12,7.4642896087e-12,9.667356419e-24,-7.6998463449e-30,1.224391711e-08,-8.6321390037e-29,7.7251285553e-24,5.0435675673e-28,-2.1703888129e-24,-3.6189027475e-11,0.21037536361,8.8855387588e-07,-0.0025712356351,1.5675087687e-06
jx-gs-04,ok,,28.661973123,181652798.28,187320.74987,936493.39049,108118978.11,78684.494531,12711845.299,-1.9822809181e-25,1.4774238554e-24,-5.6264929171e-24,-1.4976584553e-07,1.7572486863e-08,1.0937831745e-08,9.104170651e-08,9.747172587e-24,-6.5630244536e-26,1.1347684962e-07,-2.3099105361e-24,7.586699887e-24,-4.5490469926e-24,-2.5472615962e-24,-1.1597630928e-07,0.20598681489,0.0099053395757,-0.021256568563,0.017054000733
k3311,ok,,30.312218286,192105623.6,581548.76556,2378101.4394,111903294.98,259217.72594,14684851.4,-2.475892486e-25,1.2466502854e-24,-3.0375849145e-24,-9.5117215872e-08,1.5891642754e-08,-6.1429971993e-10,6.6726261712e-08,5.4177498793e-24,-3.2708063798e-26,-6.9395854313e-08,-8.9444719375e-25,4.9091689917e-24,-1.6174447965e-24,-7.1010033359e-25,-2.1028274265e-08,0.22574563167,0.023426259787,0.04035707341,0.038804575129
kc135a,ok,,30.977179011,196321313.42,1182764.8967,4136950.3365,113318597.73,514168.32269,15532765.413,-8.1114129166e-26,9.6179610835e-25,-2.114057848e-24,-2.6574275632e-08,1.504891238e-08,2.0696856479e-09,1.4591798069e-08,4.007961493e-24,-9.5866368061e-27,-4.3740259975e-08,-5.3315221125e-26,3.7418088373e-24,-1.0622481587e-25,-3.2696205585e-25,-2.3555645475e-08,0.22871644178,0.010895189474,0.051734444072,0.017258666536
k3311sm,ok,,30.393238896,192622480.94,584774.64108,2376987.901,112198574.62,261009.99524,14803042.533,-2.4447412875e-25,1.2436519695e-24,-3.0229212039e-24,-9.3223982462e-08,1.5727371125e-08,-7.4790194827e-10,6.5974115623e-08,5.3937777347e-24,-3.1851114275e-26,-6.9075282203e-08,-8.9419768221e-25,4.8968407988e-24,-1.6004504656e-24,-6.9360621308e-25,-1.9414349329e-08,0.22581393716,0.023188721539,0.040393473358,0.038579989784
jx-gs-15,ok,,29.560546746,187345648.37,267323.30445,1111007.9772,110392911.91,110798.23563,13777965.677,-1.7356985818e-25,1.7359369072e-24,-4.5755343002e-24,-1.0559234435e-07,1.6391394399e-08,1.5824379275e-09,6.5529225429e-08,8.448727699e-24,-3.1217245539e-26,-1.1467585847e-07,-1.6028658035e-24,7.2153908085e-24,-2.9680675234e-24,-1.3708380928e-24,-3.7714247232e-08,0.21975676253,0.010781343794,0.030655529427,0.01751748908
jx-gs-10,ok,,29.21258347,185141197.94,238240.72607,1062459.0705,109476524.24,99511.812435,13350668.685,-1.8137543677e-25,1.6301002774e-24,-4.906735595e-24,-1.1833867089e-07,1.6791769169e-08,4.7336863343e-09,7.3283824826e-08,8.8325332973e-24,-4.2999948121e-26,-4.2695190731e-08,-1.855699333e-24,7.2916098152e-24,-3.4852140149e-24,-1.7759042617e-24,-6.2262114605e-08,0.21438390405,0.010448216542,0.01017173324,0.017459191636
jx-gs-06,ok,,28.979524411,183664871.51,208807.9276,977992.03298,108914019.53,87281.501907,13078163.732,-1.9255935754e-25,1.5862348705e-24,-5.2776306831e-24,-1.3737582112e-07,1.7194039065e-08,7.7848319592e-09,8.2672689669e-08,9.3526902651e-24,-5.365299811e-26,2.2225416452e-08,-2.0807655411e-24,7.5187665316e-24,-4.044585151e-24,-2.1229253522e-24,-8.8565436799e-08,0.21096480725,0.010360207071,-0.0046408431495,0.017262712999
k1,ok,,29.578828227,187512309.93,687513.60933,2686845.5518,109681900.38,288990.67369,13713597.289,-7.5233048677e-26,1.1339980789e-24,-2.8709091231e-24,-1.823056143e-08,1.5003588552e-08,-7.977203375e-09,1.2854731011e-08,5.4056617434e-24,5.6504485615e-27,-6.5329206583e-08,-6.0559828287e-25,4.7732617767e-24,-8.8311874739e-25,-8.1488129055e-25,7.3317032473e-08,0.21095589415,0.0097426527691,0.044914718612,0.0088378025139
kc135b,ok,,30.639633273,194182011.23,836594.13824,2931452.8085,112772163.57,356779.13407,15119547.42,-9.753232781e-26,1.234481804e-24,-2.5304328216e-24,-3.7860954947e-08,1.5591492408e-08,2.0136660144e-09,2.0402172279e-08,4.8578520117e-24,-1.2693462146e-26,-9.963961267e-08,-1.0395776632e-25,4.4965367412e-24,-2.2441211584e-25,-4.3675597567e-25,-3.1703596125e-08,0.22923043651,0.010916562274,0.083357915896,0.017068337736
kc135c,ok,,30.291495538,191975161.48,554992.31238,1984323.0905,112074587.4,233233.89699,14684377.958,-1.2979163693e-25,1.592015457e-24,-3.1260357526e-24,-6.1092196185e-08,1.6219597899e-08,1.7014571496e-09,3.2802860129e-08,6.0393094052e-24,-1.9016078926e-26,-1.9922662907e-07,-2.4493296847e-25,5.5139268215e-24,-5.7359786571e-25,-6.1813832042e-25,-4.7276431442e-08,0.22825342396,0.011733392082,0.11056924756,0.018205335196
kc135d,ok,,30.005603294,190163147.35,391335.03403,1471965.0779,111398585.39,164507.16694,14321224.403,-1.9587213313e-25,1.8739399338e-24,-3.7254974475e-24,-1.0466514107e-07,1.6880064372e-08,-9.0909784801e-11,5.9545369447e-08,7.1320028205e-24,-3.0154455733e-26,-2.9806909324e-07,-6.7407879847e-25,6.4092181638e-24,-1.6529051165e-24,-8.2781932305e-25,-6.408869574e-08,0.22591267834,0.014838025913,0.11664487875,0.023302189179
l188root,ok,,31.28422913,198327970.16,1098648.7543,3662757.5894,114819116.98,466775.21248,16063234.94,-1.1115383586e-25,1.0991776728e-24,-2.1754242404e-24,-3.0004064446e-08,1.4531301561e-08,-2.052866319e-09,2.1391079405e-08,4.1886608188e-24,-7.6957445285e-27,-7.5358075681e-08,-2.0709679119e-25,3.9409175437e-24,-3.2904884347e-25,-3.0852669822e-25,2.366382515e-09,0.23395177816,0.014263587292,0.082792055976,0.023501282743
l7769,ok,,28.929366395,183345767.08,473812.19149,2829621.8513,107592786.74,234299.48684,12885153.75,-3.1208902527e-25,7.2900553126e-25,-3.5114373046e-24,-1.2914181087e-07,1.881965948e-08,1.2845707465e-08,1.0242813525e-07,5.2728666218e-24,-1.1319698283e-25,9.7514472026e-08,-1.2871218304e-24,4.264742698e-24,-2.4995203147e-24,-1.7019376128e-24,-1.1262859529e-07,0.19841076941,0.025039806279,-0.046203545693,0.048531699231
l188tip,ok,,31.089835742,197091639.16,812203.74284,2793507.7095,114482576.12,345676.57523,15815112.612,-1.7223807331e-25,1.3116426349e-24,-2.5292554067e-24,-5.4107834619e-08,1.4761290534e-08,-4.2606235e-09,3.873645788e-08,4.8269032909e-24,-1.2447524462e-26,-1.2011879191e-07,-4.3872258166e-25,4.5337276789e-24,-7.2383350341e-25,-3.7413591763e-25,4.2248940056e-09,0.23470069885,0.019046620403,0.097560932373,0.031461896075
la5055,ok,,30.472510996,193124121.76,1128859.8585,5485448.4707,110048315.53,571641.20156,14599887.854,-2.7525311624e-25,6.8031338685e-25,-2.1885732032e-24,-6.988511491e-08,1.5897921807e-08,3.3088161421e-09,5.9314882418e-08,3.5130334121e-24,-5.6582929184e-26,-3.3311424319e-09,-4.3945771625e-25,3.1417943749e-24,-8.3776585179e-25,-6.5776763287e-25,-3.9203239054e-08,0.2091210449,0.035281220285,0.0037603929745,0.066958189775
lds2,ok,,30.601773883,193943642.14,736218.97331,2672217.3865,112868283.34,314090.68221,15095668.851,-1.4863074824e-25,1.2033794813e-24,-2.6956888742e-24,-5.3303676674e-08,1.5340177364e-08,2.2198648604e-10,3.4726967902e-08,5.0760288998e-24,-1.6591741473e-26,-7.186107184e-08,-3.8129459619e-25,4.6715707788e-24,-6.3218862361e-25,-5.0573871834e-25,-1.7837090996e-08,0.22705476569,0.015470617922,0.052905484531,0.025566652655
la2573a,ok,,30.194398878,191363625.55,817874.32833,3578345.2123,110818727.84,376058.02819,14429833.14,-1.4737763804e-25,7.6052954668e-25,-2.603267236e-24,-5.4551104529e-08,1.6449381301e-08,9.5543362946e-09,3.8867274094e-08,4.4802398362e-24,-3.9030833659e-26,3.815694213e-08,-5.0119659112e-27,3.9693403551e-24,-1.0252529739e-25,-6.7332137275e-25,-8.8172548866e-08,0.21099280708,0.013533577821,-0.031207583416,0.031788545694
lg10sc,ok,,30.894492266,195874984.68,565092.74686,1923441.5886,114387498.55,231079.98125,15604906.387,-9.3682229187e-26,1.4465598221e-24,-3.0598768051e-24,-5.0343548428e-08,1.5687211988e-08,5.1927709547e-09,2.3777719867e-08,5.9270522166e-24,-1.4284586174e-26,-1.0120858495e-07,-5.1977257358e-26,5.4528356918e-24,-2.2291487824e-25,-5.1247937442e-25,-5.6872194845e-08,0.23443009276,0.0085539997771,0.057192237274,0.013436617034
lrn1007,ok,,29.036520618,184023760.93,241293.85127,1720804.6313,107892575.36,136091.92613,13002286.787,-6.0192532047e-25,2.071121729e-24,-4.166813886e-24,-3.4438089144e-07,2.0358424293e-08,-4.2015102328e-08,2.8986722368e-07,5.8822514859e-24,-1.0248811258e-25,-6.9208966875e-07,-1.7231821663e-24,5.7271450475e-24,-1.4417837395e-23,-1.2301097335e-24,-8.0999549582e-08,0.21531372023,0.04449943809,0.1669969816,0.06994317876
lnv109a,ok,,28.722933391,182041766.7,611361.28334,4342243.3376,105882342.81,337363.76343,12517283.682,-3.6639555219e-25,4.781769063e-25,-3.0457833597e-24,-1.1856904107e-07,1.7277771253e-08,1.1858443762e-08,1.1104971214e-07,4.1319873927e-24,-1.2190233943e-25,1.1081852994e-07,-1.4700830708e-24,3.3751944347e-24,-2.8204670909e-24,-1.5883522853e-24,-6.6859998405e-08,0.18268064729,0.035899108272,-0.067750158681,0.067891494532
legionair140_sm,ok,,30.719739443,194908249.06,345667.33963,1487126.9802,114008009.62,156354.82523,15403260.215,-3.0608810353e-25,1.5629889785e-24,-3.8923697332e-24,-1.6726378683e-07,1.821139567e-08,6.8301509036e-09,1.1221523354e-07,6.6850109386e-24,-5.9582949284e-26,-1.017970873e-07,-1.4360752278e-24,5.9446971528e-24,-3.2601813289e-24,-1.0294456213e-24,-1.1147547799e-07,0.23552266009,0.022054174811,0.03518792835,0.038789141243
lrn1015,ok,,30.964586878,196242287.69,1245459.4878,4683541.2965,112768016.05,561319.24693,15449030.743,-2.526852083e-25,9.6722429797e-25,-2.0546038637e-24,-6.9931494811e-08,1.581305799e-08,-3.7830891935e-10,4.5687165166e-08,3.7622899267e-24,-3.3082835994e-26,-6.9867251367e-08,-2.9559948425e-25,3.487967894e-24,-5.5993336659e-25,-4.1791329512e-25,-3.1710025979e-08,0.22498601796,0.035260863615,0.087016831103,0.056901513328
ls013,ok,,30.890004107,195953582.75,911219.08142,3159700.7452,114059803.78,381210.80545,15577958.147,-1.0625100321e-31,1.1558989632e-24,-2.4467111572e-24,-4.980038208e-16,1.4882635986e-08,-1.046621538e-14,-1.0189034051e-14,4.6703699421e-24,-4.9359723068e-31,-8.7175849473e-08,-1.6081907619e-29,4.1970095298e-24,-4.3321853725e-30,-6.0835721629e-25,1.2371393959e-15,0.2318410805,2.9918321957e-10,0.079436297479,-9.2844422482e-09
ls421,ok,,32.273153314,204674640.62,2467309.405,8019521.6097,115993069.41,1095001.2903,17298723.185,-8.0496758743e-26,7.0089349535e-25,-1.4365171822e-24,-1.4910461546e-08,1.3467952905e-08,-7.8760619639e-10,9.9488422554e-09,2.7293075399e-24,-6.6442763113e-27,-3.0082865488e-08,-8.5349136363e-26,2.5602665435e-24,-1.3119766759e-25,-2.3123835042e-25,6.2601038299e-10,0.23315508005,0.016486806555,0.074223736947,0.024546872065
ls413,ok,,30.851059292,195684479.56,920745.26613,3262583.8829,113803273.0,390159.44405,15501254.889,-1.3652019619e-25,1.1521182309e-24,-2.4207765013e-24,-4.1925907911e-08,1.4755019433e-08,-2.6646138652e-09,2.6539299005e-08,4.5779345014e-24,-1.6673724252e-26,-9.0644740258e-08,-4.7784415439e-25,4.1454645014e-24,-7.6436900339e-25,-5.9881308883e-25,4.7793637516e-09,0.22993238666,0.016786606917,0.083460715492,0.024435933925
ls417,ok,,31.558003571,200159860.75,1623821.5372,5484925.2421,114992006.66,703518.24165,16393308.448,-1.0206087421e-25,8.6587423432e-25,-1.7978996136e-24,-2.3443095637e-08,1.40863085e-08,-1.4137655639e-09,1.5153350484e-08,3.4109572621e-24,-1.0297009164e-26,-4.8129016856e-08,-1.8453798272e-25,3.1476024213e-24,-2.8924847947e-25,-3.6364695015e-25,2.2830741195e-09,0.2315378502,0.016864583338,0.078152934134,0.024606336877
ls417mod,ok,,31.625459688,200601813.76,1578018.0678,5502826.8755,115242848.84,690307.98468,16504353.89,-1.0529985379e-25,7.6514257021e-25,-1.8272580629e-24,-2.796294519e-08,1.4028051605e-08,3.5578250843e-10,1.4854806782e-08,3.3925461696e-24,-1.3000327962e-26,-1.9618318926e-08,-1.261526241e-25,3.0935044128e-24,-1.9915867447e-25,-4.0345813398e-25,-6.8959942552e-09,0.22932149703,0.018211822206,0.030958061725,0.023441153496
ls421mod,ok,,32.129698022,203809559.29,2346771.7088,8028644.307,115586599.77,1053658.5738,17094414.262,-7.3395594657e-26,6.2818380137e-25,-1.4858605828e-24,-1.6362316218e-08,1.3564931245e-08,1.1991155188e-09,9.4707980274e-09,2.751723627e-24,-1.1794882769e-26,-1.5158153773e-08,-7.2346871948e-26,2.5277234186e-24,-1.1274043833e-25,-3.1032331543e-25,-1.2166626431e-08,0.22825827594,0.014316652387,0.035572726431,0.02222580087
lwk79100,ok,,29.309641235,185757272.8,432726.81629,1899974.7623,109486378.84,184561.66843,13442940.611,-2.2817285056e-32,1.0972121994e-24,-3.6983448304e-24,-3.5740424133e-15,1.5691255909e-08,3.9912260778e-16,-9.6723298103e-16,6.5615490057e-24,-1.3536642908e-31,2.8337783034e-08,1.0761057486e-30,5.4006313213e-24,3.4265772832e-29,-1.4780846043e-24,-6.4655784298e-15,0.2109366213,4.0792099468e-10,-0.012262518633,-4.1854764849e-10
lwk80100,ok,,30.10857636,190834438.81,543608.05532,1943116.0062,111819058.0,222019.6634,14478921.173,-3.0165250923e-32,1.601666004e-24,-3.2003764762e-24,3.2735792951e-12,1.5586212846e-08,-1.2511626827e-12,1.1259072188e-12,6.2345905827e-24,1.5244484296e-31,-2.1250704611e-07,2.3971385395e-30,5.5527618017e-24,-1.8813812273e-28,-8.0750956405e-25,8.4318818015e-12,0.22567154708,-3.0433200696e-07,0.11552054208,6.1205223369e-07
lwk80080,ok,,29.712718268,188332198.03,334479.16872,1246272.7806,110971804.77,134298.32144,13996798.688,-1.1802643371e-31,2.0370287807e-24,-4.1143568472e-24,2.7646384658e-15,1.594331991e-08,-5.344445664e-15,-2.2100092873e-15,8.0426017091e-24,-5.4174950035e-31,-3.7811842352e-07,-1.9619904217e-29,6.9438372714e-24,2.1737583161e-29,-1.1977915743e-24,1.1571931895e-14,0.22315543919,-2.4482439139e-11,0.12647273597,-7.3920206927e-10
lwk80120k25,ok,,30.452739597,193012061.26,801899.79288,2786605.7348,112497361.68,332273.39299,14902144.579,-5.2154424259e-32,1.3182105586e-24,-2.6127687357e-24,1.3661051666e-15,1.5257357398e-08,1.5166992864e-15,2.8444502007e-16,5.0822084898e-24,-1.8593331857e-31,-1.3483682889e-07,3.7402621937e-30,4.6181970497e-24,-3.3864607318e-30,-5.7269668103e-25,5.2287079291e-15,0.22736734584,-5.8901347678e-11,0.10812562516,2.2809640268e-10
m1,ok,,30.030095364,190491714.0,183780.96554,691475.42308,112380949.73,72398.815547,14504400.358,-3.6735053753e-32,2.5006496073e-24,-5.5168941379e-24,-6.6649175984e-15,1.5954789649e-08,1.3598820295e-15,-7.439436912e-15,1.0664573067e-23,-2.0472023896e-31,-4.4723854367e-07,-5.5635168709e-29,8.9880825838e-24,1.7451390846e-28,-1.69486082e-24,-1.0393143391e-14,0.2314146567,3.084038872e-10,0.082193931382,-1.3672268988e-09
m10,ok,,30.052627929,190631099.42,187062.06833,787843.3944,112328154.38,78974.547722,14517427.365,-2.3725412256e-25,2.3785450478e-24,-5.3905974487e-24,-1.7752968415e-07,1.7665082938e-08,1.8817172263e-09,1.1549686013e-07,9.7621225361e-24,-5.4151188082e-26,-4.3664087848e-07,-2.5115935664e-24,8.3781851826e-24,-5.4241130058e-24,-1.6225276743e-24,-1.2539008013e-07,0.23090448972,0.011734923129,0.081678945845,0.02160508154
m11,ok,,30.241423236,191655821.97,343443.71754,1305341.5182,112284544.44,143442.191,14661685.284,-1.718702261e-25,1.7977538658e-24,-3.9661659375e-24,-9.7020861875e-08,1.6770495485e-08,4.0018036302e-09,6.2191282024e-08,7.4499014046e-24,-2.8822546641e-26,-1.9464690211e-07,-7.2062495128e-25,6.6971772309e-24,-1.561145302e-24,-8.3963946381e-25,-8.0606524132e-08,0.22940316847,0.01126596043,0.066850255669,0.021359205097
lwk80150k25,ok,,30.762539643,194986880.29,1269068.4104,4337536.6714,112800385.08,535447.36518,15253729.019,4.6026045676e-32,1.0362192911e-24,-2.0628646774e-24,-5.1742555788e-17,1.4816625053e-08,3.1592498772e-17,1.2583114942e-15,4.0013166779e-24,7.07477193e-32,-8.1459575515e-08,2.718167099e-31,3.6844518543e-24,1.5857786166e-30,-4.109799203e-25,8.5003328893e-16,0.22600878354,1.3057288015e-10,0.10337777401,1.5968833677e-09
m12,ok,,31.190309603,197749009.11,796762.79471,2700275.5404,114934762.62,335194.3212,15983245.891,-1.2479998931e-25,1.2477516625e-24,-2.5555046084e-24,-4.5722294113e-08,1.5256343058e-08,1.192002407e-09,2.9086195489e-08,4.8968792203e-24,-1.208426852e-26,-8.0601971091e-08,-1.3873214554e-25,4.584673076e-24,-3.0588363964e-25,-3.5293263854e-25,-2.7225981418e-08,0.23715594574,0.013162689334,0.064220651746,0.023174798406
m14,ok,,30.712193098,194766803.28,343782.48587,1540444.5615,113644745.77,161443.61668,15326589.387,-3.4727838113e-25,1.709276935e-24,-3.8657800152e-24,-1.8117710018e-07,1.8446828871e-08,2.4538583703e-10,1.3230009845e-07,6.4906402004e-24,-5.2113132632e-26,-2.127178453e-07,-1.2829520811e-24,5.9669298913e-24,-3.1049107524e-24,-7.9992222807e-25,-1.061663813e-07,0.23504850927,0.025228674717,0.073128669646,0.045482456727
m13,ok,,30.253721089,191919618.65,188340.93001,1060342.3489,112616740.45,95425.039322,14749769.292,-4.4061005631e-25,2.126444725e-24,-5.1583494347e-24,-3.0302050305e-07,2.1073368679e-08,-4.5316906049e-09,2.3625458388e-07,7.8007550381e-24,-9.3395137395e-26,-4.317269957e-07,-3.3725547413e-24,7.0429020569e-24,-9.1960380343e-24,-1.4669581161e-24,-1.8516804075e-07,0.23175534758,0.024828508304,0.08131186388,0.044496408046
m15,ok,,31.318417841,198567922.49,809104.37181,2965256.09,114948948.43,359047.74939,16119306.839,-2.1963678044e-25,1.1950524486e-24,-2.5194091638e-24,-7.8099190003e-08,1.6301363378e-08,2.7109968658e-09,5.3959226042e-08,4.6052214255e-24,-2.2832790902e-26,-8.1483353009e-08,-2.4576036558e-25,4.3363846511e-24,-5.6649069012e-25,-3.402777378e-25,-5.661094054e-08,0.23706705764,0.023232527465,0.065928537149,0.04365864569
m16,ok,,30.247461475,191930386.07,184466.99086,1123263.6964,112616482.99,97589.160543,14749716.133,-4.3127839989e-25,2.0125595275e-24,-5.2417682433e-24,-3.035175046e-07,2.4183405429e-08,3.7131169858e-09,2.4453464129e-07,7.5734591564e-24,-1.0881005863e-25,-4.086346758e-07,-2.4569092919e-24,6.783651854e-24,-8.3917678858e-24,-1.4996139049e-24,-2.8569171828e-07,0.23160407139,0.023180954153,0.075379609008,0.045108569441
m17,ok,,30.672825614,194520328.69,342191.23977,1584837.5086,113446331.1,163386.03831,15258374.864,-3.3232056856e-25,1.6616871199e-24,-3.8973120458e-24,-1.8089434833e-07,2.0481832575e-08,6.8878257579e-09,1.3176303623e-07,6.4386885033e-24,-6.1072545975e-26,-2.0696379329e-07,-8.5063678415e-25,5.8756061358e-24,-2.542926809e-24,-8.1490552152e-25,-1.7325122339e-07,0.23413494015,0.022946593563,0.070821197013,0.045088156723
m18,ok,,31.336742108,198682366.97,801243.19292,2994782.3729,114887586.41,359994.84198,16128314.014,-2.2626900167e-25,1.1789130896e-24,-2.5325755516e-24,-8.2475625125e-08,1.680815207e-08,4.2043595775e-09,5.6678815524e-08,4.5813506893e-24,-2.5057741175e-26,-7.87249095e-08,-1.5873195437e-25,4.3083139967e-24,-4.6327025871e-25,-3.3875181281e-25,-7.1273751133e-08,0.23677415657,0.023631528844,0.06307779785,0.045413515122
m19,ok,,30.352078372,192524389.26,182134.29722,1686954.3434,112147111.46,125851.39067,14772706.798,-5.6763532269e-25,1.6473232687e-24,-5.0421440638e-24,-3.4611181297e-07,2.8416090749e-08,-5.9801272233e-09,3.7088436097e-07,5.4761208442e-24,-1.2392158866e-25,-3.7466706826e-07,-2.1027221253e-24,5.3325987834e-24,-1.0293083646e-23,-1.222860755e-24,-2.9534056834e-07,0.22915130937,0.035090287059,0.068239723171,0.067550762437
m2,ok,,30.374122341,192627682.35,326610.63894,1140075.0883,113118417.37,130879.73033,14922380.3,-4.2134458862e-31,2.0145267619e-24,-4.0820220861e-24,1.4916398028e-15,1.5625811026e-08,-4.0289216031e-17,2.1535891737e-15,7.9906041111e-24,-1.1793381168e-30,-2.7594054775e-07,1.2910434417e-30,7.1444776328e-24,-1.9659694319e-29,-9.0131268881e-25,9.4927115485e-15,0.23317429462,9.447115103e-11,0.090125118608,7.0338513603e-10
m20,ok,,30.909041179,196032098.98,344776.30511,2090125.484,113518952.36,195763.21152,15506894.148,-4.6388409556e-25,1.4506851935e-24,-3.7904505301e-24,-2.2581618264e-07,2.3130150031e-08,1.8488441243e-09,1.9818841793e-07,5.2827377134e-24,-7.746085998e-26,-1.9501545745e-07,-1.026594455e-24,4.9759344973e-24,-3.4053119593e-24,-7.55628125e-25,-1.8174651094e-07,0.23362810164,0.035940319333,0.067236708857,0.06833067045
m21,ok,,31.533516033,199936522.82,799290.58299,3424763.2937,114801941.91,393036.95361,16322996.604,-3.1687261318e-25,1.0982832464e-24,-2.5111998368e-24,-1.0973574729e-07,1.8610109623e-08,4.7612274967e-09,8.3902097671e-08,4.1838187777e-24,-3.5035362925e-26,-7.8480684947e-08,-2.4703630353e-25,3.9683676297e-24,-7.0127739504e-25,-3.2651187183e-25,-9.5872893402e-08,0.2358342501,0.03429356383,0.062728872425,0.067062156562
m22,ok,,30.551914982,193837594.54,189839.56745,1821122.8637,112682053.74,135290.0333,15041019.044,-5.577051619e-25,1.5368346521e-24,-4.9834724945e-24,-3.3224181303e-07,3.0863201936e-08,-5.1091703703e-10,3.6378620266e-07,5.2929319365e-24,-1.2864710596e-25,-3.3205139599e-07,-1.4071350902e-24,5.0704966934e-24,-8.4353966377e-24,-1.17679665e-24,-3.4339418787e-07,0.23103920713,0.034290276366,0.063036493386,0.069061015359
m23,ok,,30.994751933,196590995.8,345325.63933,2195009.4315,113632837.93,202441.19838,15607638.284,-4.5689173894e-25,1.3902761047e-24,-3.79879594e-24,-2.2491511627e-07,2.5751878169e-08,6.578271249e-09,2.0117810256e-07,5.1515452244e-24,-8.3969170692e-26,-1.8559180732e-07,-6.66032233e-25,4.8160620882e-24,-2.9318301532e-24,-7.385631134e-25,-2.3459237386e-07,0.23429276571,0.034484231575,0.064089609517,0.069471956887
m24,ok,,31.512275074,199806001.98,788624.11885,3482045.2964,114562814.19,394063.66626,16265888.861,-3.1982855683e-25,1.080956536e-24,-2.5349098735e-24,-1.1394780925e-07,1.9896025293e-08,7.0969368534e-09,8.6642003662e-08,4.1644005476e-24,-4.0647307668e-26,-7.8124878619e-08,-1.6809372542e-25,3.9255908354e-24,-6.1663836501e-25,-3.4922993979e-25,-1.2013152994e-07,0.23513958681,0.033849232002,0.061611163562,0.068327973794
m25,ok,,30.755264694,195101524.49,188642.56006,2730736.1759,112300257.88,177308.59124,15186967.215,-6.585227859e-25,1.244104757e-24,-4.8043569858e-24,-3.3079491637e-07,3.3397680622e-08,-1.1067420577e-08,4.8511587144e-07,3.6542006546e-24,-1.3522836532e-25,-3.1155923591e-07,-1.1335870227e-24,3.9170634949e-24,-9.280507188e-24,-1.0112520943e-24,-3.1104608644e-07,0.22857686673,0.046189101113,0.058773331874,0.091513499915
m26,ok,,31.167445745,197673685.74,339668.97244,2987076.2734,113117890.02,246376.09751,15710073.673,-5.5273452039e-25,1.1902601944e-24,-3.7431325693e-24,-2.3791717779e-07,2.803430318e-08,-1.8977125622e-10,2.6929730331e-07,4.0875873676e-24,-9.3224249161e-26,-1.8210949716e-07,-7.0033054455e-25,3.9950132281e-24,-3.5237002462e-24,-6.7784407267e-25,-2.2506089373e-07,0.23178699244,0.045908463924,0.061856945772,0.091471938295
m27,ok,,31.819866832,201754164.03,787607.99828,4106909.0029,114510895.82,443256.02922,16581186.694,-4.0746203957e-25,9.9814041172e-25,-2.4996678888e-24,-1.3408867094e-07,2.1813527173e-08,5.1660934977e-09,1.1607745617e-07,3.6995829036e-24,-4.4264806419e-26,-8.0703268147e-08,-1.9644661503e-25,3.5451591498e-24,-7.7895180235e-25,-2.9845371622e-25,-1.2751796972e-07,0.23483221849,0.046314714384,0.06356253948,0.091423532898
m4,ok,,30.204474786,191623873.27,193260.32394,834404.80485,112788375.3,83410.845266,14726511.599,-2.3949554043e-25,2.294330112e-24,-5.3037733894e-24,-1.8949001099e-07,1.942657067e-08,1.1170616894e-08,1.2015618261e-07,9.4208481882e-24,-6.7927895922e-26,-4.1525906365e-07,-1.1532496241e-24,8.0801709175e-24,-3.8710292033e-24,-1.5558614256e-24,-2.2836818351e-07,0.23282616038,0.011374712305,0.080253101162,0.023221422774
m5,ok,,30.763420517,195137559.92,358926.9902,1343856.403,114213070.04,151485.73677,15461545.511,-1.5948831524e-25,1.784075783e-24,-3.8617750901e-24,-9.4461855024e-08,1.707862862e-08,7.9836559393e-09,5.9941099076e-08,7.1652220692e-24,-3.43894252e-26,-1.9415883168e-07,-1.9503702468e-25,6.4205591908e-24,-9.1022869398e-25,-8.4309684287e-25,-1.1835260018e-07,0.23779086339,0.010049598689,0.069688845077,0.021514478281
m3,ok,,31.153588456,197517537.96,792884.07745,2619814.0292,114956248.84,327524.18133,15948436.363,8.5986324751e-32,1.2561301915e-24,-2.568981856e-24,-3.33555003e-16,1.4870577687e-08,-6.6293619532e-17,1.9996380246e-16,4.9954241647e-24,1.5531283179e-31,-7.6520143981e-08,1.6793923942e-30,4.6629009403e-24,8.1871246583e-30,-3.6334194905e-25,2.7917026023e-15,0.23716246193,3.2609685228e-10,0.060671603767,1.5854811504e-10
m6,ok,,31.294401573,198422997.77,810695.92156,2761397.5054,115211296.71,343872.92257,16130899.87,-1.1432374056e-25,1.2319984303e-24,-2.5306991902e-24,-4.5091382352e-08,1.5604011496e-08,4.2495491844e-09,2.8633762111e-08,4.8193462953e-24,-1.4935051791e-26,-7.8805091865e-08,-3.7811559494e-26,4.5121957602e-24,-1.8328561036e-25,-3.4491237576e-25,-5.3129645274e-08,0.23833203149,0.011155221728,0.063886966573,0.023213274163
m685,ok,,30.787202267,195118528.26,571742.52152,2001018.0704,113734337.67,239760.12026,15394449.612,-1.1865451535e-25,1.4608203506e-24,-3.034481369e-24,-5.506099012e-08,1.5970263818e-08,4.7189263775e-09,3.504215116e-08,5.808688388e-24,-1.6524897926e-26,-1.1967985288e-07,-1.0794352338e-25,5.4127811796e-24,-3.3820779436e-25,-4.3293656234e-25,-6.4640019992e-08,0.23265671071,0.009598035301,0.068426060863,0.020035087864
m8,ok,,30.022883323,190277099.63,371306.19314,3939457.9903,109260603.84,266465.21089,14086267.301,-5.5623985657e-25,5.561452317e-25,-3.601776111e-24,-2.1708460065e-07,2.2763300118e-08,2.5884725082e-08,2.6118558158e-07,3.4370309969e-24,-1.586045365e-25,1.7793116866e-07,-2.3583850269e-24,3.2823364125e-24,-5.765510365e-24,-1.3987567956e-24,-1.4174684143e-07,0.20468380552,0.050187550829,-0.066066944875,0.096979823999
m665,ok,,30.256679106,191756510.51,314482.5057,1164951.2187,112422146.22,129712.51497,14694144.175,-1.2571719468e-25,1.9314671454e-24,-4.1449969792e-24,-7.8222495733e-08,1.6528166128e-08,5.6230043739e-09,4.8896975737e-08,7.9134863625e-24,-2.5072065632e-26,-2.420429648e-07,-3.2801598013e-25,7.104152551e-24,-1.0103866869e-24,-8.4934225455e-25,-9.1539018683e-08,0.22918485971,0.0074262079378,0.076118278059,0.015377243451
marske1,ok,,30.619990466,194055083.1,654180.19484,2534783.0293,112258901.53,402537.77018,15033813.561,-1.1957179406e-25,8.5613437533e-25,-2.3506447127e-24,-5.2147836543e-08,1.6588570909e-08,2.4968538382e-08,5.1990452219e-08,4.3256891651e-24,4.1652364413e-26,3.0471008797e-07,-1.9270500258e-25,4.8391823948e-24,-4.1683544336e-25,8.543001604e-25,-9.6453921077e-08,0.21856345927,0.012524884793,-0.19933530472,0.034011124163
m7,ok,,30.260931157,191978895.4,186499.18628,1219344.6783,112487595.78,103196.51956,14731359.068,-4.9828293129e-25,1.8781528743e-24,-5.2267014864e-24,-3.6159631577e-07,3.0986439747e-08,1.1891550799e-08,2.8230300532e-07,7.2439221247e-24,-1.3183792956e-25,-3.6917827871e-07,-1.331957513e-24,6.4734781339e-24,-6.3209131293e-24,-1.4441094591e-24,-4.0874724001e-07,0.23096144853,0.02762281341,0.068851448572,0.052649280778
ma409,ok,,29.633731202,187840480.36,202748.73671,1098436.1447,110530783.77,96017.562682,13871763.983,-5.2777137071e-25,2.0006920243e-24,-4.9048602377e-24,-3.6972284537e-07,2.0058241005e-08,-1.6613446716e-09,2.4939754592e-07,7.7516494813e-24,-1.0040500207e-25,-2.2810196498e-07,-5.7933884084e-24,7.1042649268e-24,-1.1100098604e-23,-1.5795044973e-24,-1.121504131e-07,0.22298266415,0.033102583622,0.04624738524,0.050565037373
m9,ok,,29.536073635,187191231.54,298333.14847,3232431.5286,108612768.5,207439.95491,13560375.875,-5.5395909283e-25,6.1821165016e-25,-4.0336352198e-24,-2.4668739101e-07,2.2957451788e-08,2.8016904941e-08,2.8604929569e-07,3.833182164e-24,-1.8189535242e-25,2.2293044065e-07,-3.4334944455e-24,3.580925125e-24,-8.2580742137e-24,-1.8435897771e-24,-1.5559555303e-07,0.20301067687,0.044667607506,-0.066507540248,0.085337986999
ma409sm,ok,,29.718385691,188385088.96,200176.05072,1079318.8957,110886315.03,95127.958268,13997364.915,-3.8976384331e-25,1.914106518e-24,-5.0598960857e-24,-2.3195070739e-07,1.4317762665e-08,-1.4337924033e-08,1.8911168622e-07,8.0237826167e-24,-6.3102103233e-26,-2.2185702535e-07,-5.8601536235e-24,7.0331599365e-24,-1.1368426971e-23,-1.7446873401e-24,6.8640465612e-08,0.22160207781,0.023512985604,0.044410463158,0.037855630492
marske2,ok,,30.444816189,192944047.33,593334.19933,1953063.8552,112394391.45,332967.55987,14880548.896,-1.0334162444e-25,1.1406264293e-24,-2.476078949e-24,-5.6108858213e-08,1.6694973004e-08,2.3205130577e-08,4.2208035878e-08,4.9176014883e-24,3.5806546904e-26,2.692463164e-07,-1.9649152115e-25,5.4707855138e-24,-4.2519829432e-25,9.096471065e-25,-9.9279409108e-08,0.22055220422,0.011404436602,-0.15975304757,0.025043471173
marske3,ok,,30.430456103,192852675.16,598392.29249,1969117.8296,112319433.26,335597.35767,14856320.275,-1.0932358572e-25,1.1469442235e-24,-2.465725006e-24,-5.8600022015e-08,1.6913122588e-08,2.3968026969e-08,4.4498615203e-08,4.8984629261e-24,3.7761633779e-26,2.6118160002e-07,-1.9389776466e-25,5.4478345441e-24,-4.4072435018e-25,9.0898746977e-25,-1.0297318054e-07,0.2208742616,0.012047883052,-0.15628905639,0.026627628364
marske5,ok,,30.556599483,193652097.39,618250.96767,2056931.077,112640961.31,347886.07487,15024676.77,-1.2906969078e-25,1.0757316405e-24,-2.4224545212e-24,-6.816356401e-08,1.7487323393e-08,2.8697603137e-08,5.2145033095e-08,4.7637558375e-24,4.5002699479e-26,2.7161083653e-07,-2.3698039674e-25,5.3179152422e-24,-5.0561385792e-25,8.92220469e-25,-1.2114707736e-07,0.21910015517,0.01450552035,-0.16792366251,0.03223871717
marske7,ok,,30.80824352,195368527.0,751337.5047,2828587.2047,113308612.44,334551.53828,15378142.074,-1.649491588e-25,1.3226546032e-24,-2.667016211e-24,-6.177908261e-08,1.6638693991e-08,3.309959111e-09,4.3776269488e-08,4.8935828442e-24,-3.0288125681e-26,-1.4283619624e-07,-1.9785523335e-25,4.4928991624e-24,-5.1337201661e-25,-5.3620695696e-25,-7.1957659318e-08,0.23284951138,0.015071708039,0.10731819127,0.032890753082
marske4,ok,,30.332560404,192231593.62,410264.07545,1402023.3395,112310266.9,231413.94343,14757302.455,-1.3184761605e-25,1.3051610037e-24,-2.9568725321e-24,-8.5644713718e-08,1.8065164781e-08,3.6227482806e-08,6.6341855896e-08,5.8202833525e-24,4.660379127e-26,4.305640806e-07,-3.5108212017e-25,6.4999234093e-24,-8.303291944e-25,1.1278584265e-24,-1.5274736001e-07,0.22157861645,0.012002304195,-0.17664497445,0.027217680173
mb253515sm,ok,,30.976426913,196313925.64,1173493.9875,4118630.7986,113216711.32,512134.22287,15519851.355,-1.2607200043e-25,1.0244348401e-24,-2.1146110114e-24,-3.6479711494e-08,1.5333031441e-08,6.039698385e-10,2.4133506088e-08,4.0112887715e-24,-1.1882430208e-26,-6.1696708685e-08,-1.0967872493e-25,3.768554198e-24,-2.3304460401e-25,-2.9141775939e-25,-2.0498628355e-08,0.23199567225,0.016248858836,0.072400716693,0.028320524293
mh104,ok,,30.714826205,194660238.79,1074577.0068,4123978.0437,112393627.17,478216.4497,15147266.634,-9.5077667869e-26,8.246740883e-25,-2.2387475449e-24,-3.1476984012e-08,1.5322203651e-08,4.2132340894e-09,2.0324064437e-08,4.0635225515e-24,-1.6509530248e-26,2.0506149381e-09,-5.6549968989e-26,3.7132609937e-24,-1.268801484e-25,-4.4065913935e-25,-3.8466163621e-08,0.22323775018,0.010950146655,-0.0022035436622,0.021839772328
mh106,ok,,30.382482496,192554209.55,767612.99656,2995086.4949,111972453.53,334281.504,14762774.317,-4.7787731265e-26,9.5368092014e-25,-2.6742935657e-24,-2.1619110507e-08,1.5402736433e-08,4.2758492261e-09,1.2437374193e-08,4.865770117e-24,-1.2536534469e-26,9.9043276632e-09,4.3861682445e-26,4.3632367453e-24,1.0654986412e-26,-6.0826236655e-25,-4.0007750876e-08,0.22307712908,0.0042442453177,-0.0076026906365,0.009547090074
mh102,ok,,31.089054988,197031750.61,1365134.8949,5244575.0314,113022947.92,620809.47466,15610749.885,-1.425103595e-25,7.0352825217e-25,-1.9647970114e-24,-3.6050588587e-08,1.4490767835e-08,1.6495777051e-09,2.5624705061e-08,3.5196969757e-24,-1.5314176412e-26,8.9420810963e-09,-1.6986544559e-25,3.2592897691e-24,-2.7156932137e-25,-3.463142106e-25,-1.2241143095e-08,0.22192137109,0.02069531854,-0.012207146938,0.034981179052
mh108,ok,,30.226963599,191569186.61,644860.28136,2597047.2394,111736708.66,279361.93425,14581285.492,-5.4850824037e-26,9.5962009906e-25,-2.9337475127e-24,-2.7545274768e-08,1.5569564372e-08,5.8279351778e-09,1.5719850061e-08,5.2748215231e-24,-1.6645237111e-26,3.8250912145e-08,8.5550349113e-26,4.6565267448e-24,4.6652820682e-26,-7.4430725482e-25,-5.4214144161e-08,0.22088808871,0.0043506875158,-0.024666493968,0.010137106933
mh110,ok,,29.839375225,189112602.4,435376.94391,1838273.6901,110910458.16,186322.6337,14104774.613,-4.4295941874e-26,1.1296698753e-24,-3.6141731242e-24,-3.5197262354e-08,1.6254220075e-08,1.0428010956e-08,1.6394099324e-08,6.4610224544e-24,-2.5231139412e-26,5.1846393363e-08,5.5569724742e-25,5.5024821835e-24,5.5979538547e-25,-1.1036435635e-24,-1.0604858587e-07,0.21936189592,0.0022245001669,-0.022572724295,0.007137612862
mh112,ok,,31.281424868,198251359.87,1351511.1907,5842464.5276,112660481.01,668790.28653,15761130.838,-3.3918608157e-25,7.5530890942e-25,-1.9338232043e-24,-7.8342645003e-08,1.3705155981e-08,-2.5947128011e-09,6.2592350831e-08,3.2353631498e-24,-3.3697254263e-26,-2.4505399047e-08,-4.3996557693e-25,3.0523942427e-24,-7.9569024378e-25,-3.6612558648e-25,4.0696329894e-09,0.2193677937,0.052992270083,0.033119321046,0.084594262602
mh113,ok,,30.950977501,196156900.94,1086869.3818,4832783.9485,112226167.9,533734.94123,15366793.782,-3.5721511406e-25,8.4816764043e-25,-2.1646398346e-24,-9.2671400355e-08,1.4041058105e-08,-3.274814927e-09,7.3028475752e-08,3.5999373525e-24,-3.9242700675e-26,-3.288982078e-08,-6.0867715477e-25,3.3769140478e-24,-1.1223989463e-24,-4.5709208582e-25,5.4006044113e-09,0.21986903426,0.050096166214,0.035746939179,0.079372414295
mh117,ok,,29.705102861,188262202.67,461265.28831,1981295.6461,110292043.58,201468.53027,13900777.368,-2.2946390842e-25,1.2742005003e-24,-3.462503141e-24,-9.5497936336e-08,1.5581711528e-08,-1.700418248e-09,6.8076697141e-08,6.1584384503e-24,-3.4718356773e-26,-4.8646063489e-08,-1.3434235613e-24,5.4195844905e-24,-2.288028041e-24,-1.0084275243e-24,7.0445645526e-10,0.2167863044,0.019270596843,0.0224387405,0.031401417334
mh114,ok,,30.65722665,194296288.8,854841.51382,3937487.1218,111794366.07,420071.21408,15015751.955,-3.8568054638e-25,9.7896791338e-25,-2.4405652904e-24,-1.1276778738e-07,1.4208152228e-08,-5.1687852031e-09,8.8649992839e-08,4.0202487159e-24,-4.5546611222e-26,-5.3509213464e-08,-8.4907403183e-25,3.7628654918e-24,-1.6503041301e-24,-5.6080868739e-25,9.8925937893e-09,0.22037893777,0.048287164604,0.045741897041,0.075781694078
mh116,ok,,29.938710894,189742181.45,485134.15542,2168219.5481,110731894.89,221540.92618,14176668.439,-3.2614393639e-25,1.3610446119e-24,-3.3070157704e-24,-1.2880030503e-07,1.5129789797e-08,-6.7951588208e-09,9.6376850443e-08,5.7178197033e-24,-4.2487329389e-26,-1.1362236587e-07,-1.5436282297e-24,5.1767800744e-24,-2.9516026938e-24,-8.6868827796e-25,1.4054638337e-08,0.2201733493,0.029220375485,0.055122090505,0.046755701942
mh121,ok,,29.791145216,188807163.35,371885.56074,1525056.617,110683352.26,160087.51333,14028049.446,-2.5750968144e-25,1.8313890036e-24,-3.8092349262e-24,-1.0591908873e-07,1.4252643081e-08,-1.8535403757e-08,7.9564261435e-08,7.0607400603e-24,-1.8751246724e-26,-2.8832512141e-07,-2.0988607744e-24,6.2338427376e-24,-3.9239503792e-24,-1.045963169e-24,1.0157226832e-07,0.22404369417,0.020604887594,0.10722394945,0.029588799979
mh200,ok,,30.308742004,192086328.69,907862.72282,3257549.6639,111539493.79,384514.22563,14635280.902,-1.3553676834e-25,1.1935390017e-24,-2.4425300497e-24,-4.145026721e-08,1.5226236754e-08,-3.0848422523e-09,2.6293544654e-08,4.7006769741e-24,-1.2339141149e-26,-1.0386939484e-07,-2.6684395699e-25,4.3224830136e-24,-4.789421651e-25,-4.7267180753e-25,4.9040106793e-09,0.22398334918,0.016360634003,0.094299151616,0.023870929042
mh126,ok,,32.476826281,205824778.97,3418106.9378,12235544.787,112991628.98,1666895.1798,17056534.726,-2.2367641756e-25,5.4764700761e-25,-1.2016236267e-24,-3.3415489755e-08,1.3187876696e-08,-1.0588221772e-09,2.5814188276e-08,2.1818500419e-24,-1.5089009594e-26,-2.1055864402e-08,-7.6731566757e-26,2.0975871814e-24,-1.3109493392e-25,-1.3526871872e-25,-6.5740115536e-09,0.21866388928,0.053311054882,0.071971196193,0.088235656038
mh122,ok,,29.99111134,190073876.13,431925.47145,1767748.2076,111157692.41,188722.85029,14278402.382,-2.8375686713e-25,1.6929696243e-24,-3.5098673816e-24,-1.1151918693e-07,1.4061894222e-08,-1.6625935165e-08,8.2782756223e-08,6.4315751975e-24,-2.3527842667e-26,-2.3884229032e-07,-1.794307573e-24,5.7759401346e-24,-3.3766426881e-24,-9.0084812625e-25,8.088215567e-08,0.22503956797,0.024487076036,0.10316206885,0.035755981009
mh22,ok,,28.821409196,182662429.85,224463.95937,1084953.0185,108314385.69,95852.703438,12866521.792,-2.1829484287e-25,1.64849323e-24,-5.0866309806e-24,-1.4111681592e-07,1.7595127385e-08,5.6150586774e-09,9.56377918e-08,8.9190916938e-24,-6.1151189758e-26,-9.769291783e-08,-2.5176519365e-24,7.2140785161e-24,-5.1895882701e-24,-2.0784352058e-24,-9.5197319825e-08,0.20980113762,0.011612983897,0.021928539139,0.021467237413
mh23,ok,,30.110186398,190828109.0,354293.69591,1250869.3362,111807069.9,142235.94692,14473604.343,-1.318047722e-25,2.0571539169e-24,-3.8779304505e-24,-7.2762823588e-08,1.6190890696e-08,-1.1649153295e-09,4.3508467796e-08,7.6925182132e-24,-1.3745974404e-26,-3.3322378845e-07,-5.4240739321e-25,7.0223954665e-24,-1.3403099181e-24,-5.9870792258e-25,-3.6000180109e-08,0.22894171464,0.0091774315765,0.11805908757,0.015414775859
mh26,ok,,30.777436922,195055169.88,745778.5061,2389196.4288,113566085.22,301331.22749,15365454.303,-1.0682947218e-25,1.6267563484e-24,-2.6347328245e-24,-4.0333534314e-08,1.5514182891e-08,-2.224893052e-09,2.3924837936e-08,5.3268427467e-24,-6.0372302089e-27,-2.2389874722e-07,-1.1514557426e-25,5.0641184223e-24,-3.2368397073e-25,-2.2857412328e-25,-1.461859163e-08,0.23564775808,0.011115936054,0.16697887322,0.017842629895
mh24,ok,,30.295551502,192002039.37,471433.72235,1600699.3533,112273347.25,189087.13891,14714709.406,-1.1611443845e-25,1.8902039248e-24,-3.352165654e-24,-5.6205828452e-08,1.5952286755e-08,-1.5251273092e-09,3.2565245321e-08,6.7175507862e-24,-1.0506074284e-26,-2.9441892602e-07,-2.5459475649e-25,6.223680359e-24,-7.081522358e-25,-4.463104251e-25,-2.663951875e-08,0.23056120976,0.009466661917,0.13879901022,0.015352354821
mh25,ok,,30.538265371,193539816.28,599657.62481,1975926.4239,112923083.34,241504.28675,15039835.287,-1.149220066e-25,1.7501944566e-24,-2.9551862436e-24,-4.8774295958e-08,1.5733793096e-08,-2.1072489875e-09,2.8590167761e-08,5.9480225259e-24,-8.2688808994e-27,-2.5711006641e-07,-1.7553212974e-25,5.5885691515e-24,-4.8736812929e-25,-3.2300448758e-25,-1.9791974259e-08,0.23312187014,0.010665162421,0.15417801174,0.017144312092
mh27,ok,,30.977239799,196321091.53,908229.79548,2841704.5108,114080634.97,367660.47661,15638250.852,-9.5648482687e-26,1.5203278981e-24,-2.3770772781e-24,-3.2836899792e-08,1.5335297466e-08,-1.9996563793e-09,1.9437246879e-08,4.8258358835e-24,-4.4954273483e-27,-1.9759333064e-07,-6.8272418993e-26,4.627462007e-24,-2.0425388009e-25,-1.6759047268e-25,-1.1973186227e-08,0.23755195647,0.011027329354,0.17946015027,0.017653486758
mh30,ok,,29.319885841,185820530.87,294379.27731,1236139.2088,109471192.33,122468.02807,13441198.707,-1.9715115944e-25,1.7130248116e-24,-4.3626765147e-24,-1.0819728016e-07,1.6170618177e-08,-2.3131748861e-09,7.0243913074e-08,8.0836473602e-24,-2.9674454556e-26,-1.5230461733e-07,-1.8587197787e-24,6.9656321931e-24,-3.3351205733e-24,-1.2985287483e-24,-8.9729595792e-09,0.21575409475,0.013013631085,0.044835323182,0.020678352366
mh42,ok,,29.236690354,185293625.14,369820.16034,1600395.5352,109077583.85,157234.8209,13319081.073,-1.8177393596e-25,1.4074274392e-24,-3.9263280918e-24,-9.1040558253e-08,1.660726815e-08,2.5716628133e-09,6.0547057182e-08,7.1168954306e-24,-3.6805925963e-26,-7.0300969539e-08,-1.1614191076e-24,6.0981401242e-24,-2.1820751595e-24,-1.2647461223e-24,-4.5559880972e-08,0.21249565044,0.012793176476,0.025998715827,0.022391522395
mh32,ok,,29.506965727,187006027.67,366000.36645,1546157.1081,109831356.61,156142.61775,13657430.03,-2.3851253397e-25,1.5413386068e-24,-3.881627901e-24,-1.1698958861e-07,1.6163873736e-08,-1.9324500038e-09,7.7648539257e-08,7.0821009909e-24,-3.5050709609e-26,-1.2046152847e-07,-1.5927197008e-24,6.2246959851e-24,-2.9485187368e-24,-1.0765589778e-24,-1.6084624987e-08,0.21674275603,0.017722825252,0.044088963562,0.028419393822
mh38,ok,,29.369603232,186136056.47,441746.76534,2135608.0698,108946994.61,204813.20982,13425256.614,-3.2535046641e-25,1.3194866129e-24,-3.5125301959e-24,-1.321642273e-07,1.5709454183e-08,-5.1732133096e-09,1.0231342841e-07,5.9290553622e-24,-5.3748171739e-26,-1.0346821638e-07,-1.8440558829e-24,5.2557300618e-24,-3.5721838295e-24,-1.119377648e-24,3.5007844456e-09,0.21217555663,0.027221125166,0.045706749902,0.045196626053
mh33,ok,,29.560612863,187345612.18,256973.50432,1013027.7637,110250375.99,104114.38998,13756481.789,-1.3417512579e-25,1.9256858397e-24,-4.6436083421e-24,-8.2688047398e-08,1.6175335566e-08,-7.985372897e-10,5.0472501975e-08,8.8604449464e-24,-1.8644591814e-26,-1.8853054644e-07,-1.1603007761e-24,7.7169785986e-24,-2.2059524989e-24,-1.1533352451e-24,-1.7073314611e-08,0.22049301201,0.0082170983065,0.048447355189,0.012970095704
mh43,ok,,28.851599464,182853364.25,328623.2185,1474889.8119,107977766.56,139121.58896,12843841.047,-1.8201399882e-25,1.4583986879e-24,-4.2025578604e-24,-9.5003330077e-08,1.6734017149e-08,1.9348006436e-09,6.3912936248e-08,7.5974754692e-24,-3.9987744156e-26,-8.7712765698e-08,-1.4506668401e-24,6.3923486072e-24,-2.7172806059e-24,-1.5092742207e-24,-4.3305067381e-08,0.20756982114,0.011966913739,0.028824451367,0.021003274814
mh44,ok,,29.753993726,188571816.91,442232.63611,1804784.6488,110687683.73,186814.64702,13996448.517,-1.3594229348e-25,1.3087948178e-24,-3.5658211954e-24,-6.5328238727e-08,1.6270129668e-08,4.3678418761e-09,4.2939648971e-08,6.5202526009e-24,-2.7330776271e-26,-4.1221457682e-08,-7.3833799386e-25,5.664189128e-24,-1.3117541206e-24,-1.0385209343e-24,-5.1803270143e-08,0.21885356255,0.010087250119,0.018229473895,0.018989314158
mh91,ok,,30.432429622,192871047.24,1122575.3679,4203648.0328,111536845.7,486452.67861,14757688.995,-5.8719611744e-26,8.3943257318e-25,-2.2014501854e-24,-2.4415880729e-08,1.528983601e-08,5.1860663258e-09,1.1785014648e-08,4.1007780638e-24,-1.4509149173e-26,-1.1461188333e-08,6.5885411043e-26,3.7466356209e-24,6.273129104e-26,-4.3928062689e-25,-4.8712981756e-08,0.2169731511,0.0067395689886,0.012866047709,0.013229567154
mh78,ok,,30.340946609,192291696.6,935257.40409,3892042.1322,111262459.53,419155.46043,14633723.098,-1.0248551656e-25,6.9093571226e-25,-2.4248530506e-24,-4.3247845074e-08,1.6051709712e-08,1.0314619816e-08,2.4456877864e-08,4.2745519586e-24,-2.9709882093e-26,5.0881903211e-08,1.4840845233e-25,3.8107054931e-24,1.5354036446e-25,-5.7149335666e-25,-9.0547354117e-08,0.2105275603,0.010152408384,-0.047587676712,0.022873476103
mh81,ok,,29.713652337,188317071.25,730098.33444,3301927.4913,109458779.39,331866.52041,13806735.312,-2.0685325348e-25,7.6348612946e-25,-2.7731032293e-24,-8.0639380456e-08,1.7577719725e-08,1.1229942533e-08,5.2492208243e-08,4.7707700337e-24,-4.9945934939e-26,5.3980596926e-08,-2.2162508232e-25,4.1814885623e-24,-4.8529662488e-25,-7.9072664942e-25,-9.7949532714e-08,0.20623659208,0.020079312292,-0.039411143908,0.03832447381
mh70,ok,,29.800959774,188869959.67,592137.09452,2518039.291,110303647.69,260790.41249,13993023.977,-2.3387593456e-25,1.0895121661e-24,-3.0523824641e-24,-9.2650908466e-08,1.6375743949e-08,3.4196153996e-09,6.2288771148e-08,5.4257268947e-24,-4.0536848651e-26,-2.2269982738e-08,-8.0971436669e-25,4.8225041381e-24,-1.4311345636e-24,-8.3663409886e-25,-4.3694067438e-08,0.21434262839,0.021722910285,0.013186882874,0.036883491969
mh80,ok,,29.760761622,188615501.27,707035.60683,3105549.679,109762877.06,316245.55693,13887625.981,-1.6842014239e-25,8.0164453419e-25,-2.8208299175e-24,-7.0601256541e-08,1.7347876871e-08,1.1531810015e-08,4.3904882841e-08,4.9268556072e-24,-4.416248879e-26,5.2439876569e-08,-5.9206024559e-26,4.3177329708e-24,-2.3488835703e-25,-7.8067832341e-25,-1.0418478063e-07,0.20834793384,0.015479907078,-0.037076859952,0.031042315482
mh92,ok,,30.525221504,193458999.58,1206560.2232,4479691.4379,111698536.44,524103.64452,14870169.438,-5.2607972565e-26,8.1950457363e-25,-2.1188777819e-24,-2.2084934925e-08,1.5183718533e-08,5.11413825e-09,1.0321800817e-08,3.9540449342e-24,-1.3590106159e-26,-1.2996989301e-08,7.3474136311e-26,3.6252106694e-24,7.8609249391e-26,-4.083366232e-25,-4.7654187541e-08,0.21743618371,0.0061481446454,0.015681650312,0.012453874297
mh82,ok,,29.679401669,188100225.57,757546.78205,3529075.5234,109165921.9,350452.03392,13739609.308,-2.4069552854e-25,7.2917663843e-25,-2.7174371792e-24,-8.8289675475e-08,1.7676157011e-08,1.0748894539e-08,5.9725915072e-08,4.6015254575e-24,-5.5064997374e-26,5.3419910435e-08,-3.6116628811e-25,4.038686709e-24,-6.9896175204e-25,-7.9637455602e-25,-9.0513171513e-08,0.20413338251,0.024491393173,-0.040468081248,0.045245174768
mh93,ok,,30.616046147,194034483.04,1293330.15,4759889.9785,111852477.26,562971.05983,14980283.031,-4.6000275461e-26,8.0218681946e-25,-2.0421621177e-24,-1.9771943558e-08,1.5074702961e-08,5.0294098765e-09,8.8557161615e-09,3.8188212102e-24,-1.2615395896e-26,-1.4655162136e-08,7.9249845562e-26,3.513301944e-24,9.1236696921e-26,-3.7968815001e-25,-4.6454242852e-08,0.21791665624,0.0054358555669,0.018953963044,0.011453364712
mh94,ok,,31.12021387,197228699.42,1406987.0984,4767815.9432,113681372.3,601483.14015,15731908.793,-6.6808607916e-26,8.7455868414e-25,-1.9270088085e-24,-1.832741549e-08,1.4319656686e-08,-6.0997748009e-10,9.1933697672e-09,3.703367738e-24,-3.4534604164e-27,-3.2603905322e-08,-7.2921211694e-26,3.4926270152e-24,-1.1030705001e-25,-2.5313726945e-25,2.0217132606e-09,0.22562579767,0.011298015726,0.045873274145,0.012934952653
mh95,ok,,31.195892876,197707592.47,1464404.9594,4806366.9903,113985133.36,617592.62386,15851723.267,-7.2629649937e-26,9.301318884e-25,-1.8840546476e-24,-2.0768507208e-08,1.4467622681e-08,7.0978731513e-11,1.039364182e-08,3.6790217738e-24,-4.8280862264e-27,-5.0125832321e-08,-4.757014852e-26,3.4882257049e-24,-8.1934633442e-26,-2.2507929983e-25,-6.883259664e-09,0.22793292204,0.011857745499,0.073404517444,0.015220500627
mrc-16,ok,,31.142456561,197387346.93,1065805.7225,3715111.5725,114086383.19,462588.50187,15810903.086,-1.7273666631e-25,1.079604519e-24,-2.2056168846e-24,-5.1526378823e-08,1.5207792746e-08,-1.3751627384e-10,3.4689310615e-08,4.1688721666e-24,-1.4534296544e-26,-6.9713649614e-08,-2.1008665436e-25,3.9399120945e-24,-3.8063178376e-25,-2.8954089039e-25,-2.1174079052e-08,0.23244548751,0.021560864556,0.074301206694,0.036972065763
mrc-20,ok,,31.366172866,198796094.64,1339228.27,4397351.8468,114492625.38,576380.40296,16097507.762,-1.5884822081e-25,1.0736803045e-24,-1.9535101129e-24,-4.321272052e-08,1.4910934509e-08,-1.3715819886e-09,2.6856700996e-08,3.7953360086e-24,-9.2157080756e-27,-8.4717607501e-08,-1.2753990676e-25,3.6371709236e-24,-2.4452118873e-25,-1.9025636534e-25,-1.3242316831e-08,0.23470500513,0.023116949865,0.11345621493,0.035967253212
ms313,ok,,30.887076836,195918697.35,959144.98693,3366809.0909,113932616.11,403901.35508,15556321.831,-1.0272649417e-25,1.0969771644e-24,-2.3755736608e-24,-3.294087105e-08,1.4789293205e-08,-9.2996649253e-10,1.9037722382e-08,4.5068372344e-24,-1.3333783208e-26,-7.3813272169e-08,-3.1918632056e-25,4.0702499254e-24,-5.0310404452e-25,-5.8102913642e-25,-2.7846537569e-09,0.22949035303,0.013046765764,0.070797629969,0.018259935985
miley,ok,,29.836181677,189092649.6,693185.31692,3557569.9056,109477950.26,346005.16044,13924365.667,-3.150531451e-25,8.9413169353e-25,-2.8255556338e-24,-1.1100404532e-07,1.911423837e-08,7.5628483867e-09,8.5046604748e-08,4.4967516979e-24,-8.1772384656e-26,-2.1337497224e-08,-6.4726265228e-25,3.924132341e-24,-1.5172419006e-24,-9.7596760977e-25,-9.9794661306e-08,0.21245696957,0.031110031415,0.014790839775,0.058953057665
ms317,ok,,31.582071674,200322447.19,1608811.6788,5466574.6788,115150216.19,696943.88111,16442672.993,-7.6550853373e-26,8.2402440529e-25,-1.8099169957e-24,-1.8972482563e-08,1.4062763653e-08,-4.5105484654e-10,1.0895194098e-08,3.4150313706e-24,-8.3556278392e-27,-3.5716908971e-08,-1.234544269e-25,3.1327773505e-24,-1.9041096004e-25,-3.7981547259e-25,-1.1414980844e-09,0.23098108971,0.013039004909,0.057461780282,0.017528315508
mi-vawt1,ok,,32.847864616,208175145.57,2327172.5843,7480600.2601,117976915.24,1072923.66,18203008.095,-1.4547093191e-26,6.2703198708e-25,-1.4369096129e-24,-3.2494465447e-09,1.3014614466e-08,3.098487824e-10,1.9912318791e-09,2.6863222414e-24,-2.130523378e-28,5.7434280324e-10,-1.369991519e-27,2.6567881504e-24,-3.3565974021e-27,-2.6172819849e-26,-2.2056416338e-09,0.23676374575,0.0029261276181,-0.0013365948257,0.0046339402381
n0012,ok,,31.029365032,196716706.84,771033.18024,2644280.5274,114543245.39,321718.64602,15762160.694,6.831455788e-32,1.1561824104e-24,-2.6179655395e-24,-2.0291321405e-13,1.4779593298e-08,6.8433733813e-14,-5.1038074421e-14,4.9986025247e-24,2.2919178342e-31,-4.0450351401e-08,-2.4474852831e-29,4.6275787019e-24,1.8048017542e-29,-4.2557964684e-25,-5.0269897254e-13,0.23295832456,2.7605166113e-08,0.031188563083,-3.9352048834e-08
n0009sm,ok,,30.316861647,192137848.31,413584.11015,1498077.2123,112579456.5,168812.70587,14775126.373,5.4586512795e-32,1.5519079078e-24,-3.628937897e-24,2.1124913671e-16,1.5451560278e-08,7.4459369142e-17,-4.6630460289e-18,6.9481094353e-24,1.4481434032e-31,-8.9377694694e-08,6.296708251e-31,6.2393988113e-24,1.0394184241e-29,-7.6050795473e-25,2.2450245282e-15,0.22829875577,5.0861102366e-11,0.036965194327,-1.9285617425e-12
n0011sc,ok,,31.268513865,198167160.65,787969.04744,2393035.4147,115445373.47,312861.45771,16122957.855,1.8577535366e-32,1.5049211153e-24,-2.544889773e-24,-2.1047644276e-15,1.4722148428e-08,-4.6798581297e-15,-1.0659426379e-14,5.1716079152e-24,-6.9528207617e-32,-1.649301983e-07,-2.4019493314e-29,4.9730601194e-24,-2.7291067967e-29,-1.8971312642e-25,-6.3929402216e-15,0.23736457864,1.8374568209e-10,0.12995989125,-8.3992980503e-09
mue139,ok,,31.172411762,197561050.96,864021.12959,3838690.2302,113824129.87,414021.75459,15805655.794,-2.6691015769e-25,7.0513416136e-25,-2.4554748084e-24,-8.70501163e-08,1.6069581825e-08,9.0815995826e-09,6.5345757821e-08,4.0325390378e-24,-3.9573934527e-26,6.1125298588e-08,-4.6231503337e-25,3.6867872177e-24,-7.72834393e-25,-5.0917728255e-25,-5.702717587e-08,0.22135949519,0.030831895546,-0.052813549533,0.056460115487
n10,ok,,31.111274396,197246610.07,672035.19268,2573478.6553,114522390.09,298586.04729,15846266.508,-3.8947918536e-25,1.2208548795e-24,-2.7446693443e-24,-1.6783523689e-07,2.1221696694e-08,1.0703078722e-08,9.7014121092e-08,4.9295507788e-24,-4.2760331648e-26,-5.4406753298e-08,-5.7670363389e-25,4.6581357335e-24,-1.0750630231e-24,-4.0855659331e-25,-1.2577724944e-07,0.23591981652,0.041312686802,0.036563252936,0.065196903561
n1h15,ok,,30.565159212,193710543.38,1130602.8035,4931216.9915,110771345.65,544577.90554,14787485.226,-2.6933763289e-25,1.0761416189e-24,-2.1743962167e-24,-7.0758528518e-08,1.6751225182e-08,-3.6145396712e-09,5.7014775776e-08,3.7232717513e-24,-4.9313845708e-26,-1.2608418771e-07,-4.9757717862e-25,3.4244138938e-24,-1.0265876121e-24,-5.7761679738e-25,-4.3883129179e-08,0.22255630561,0.033234647361,0.14255113611,0.064461065333
n11,ok,,30.995961726,196490296.32,640657.13654,2610233.6905,113967108.46,293177.3002,15649336.131,-4.0842751116e-25,1.2189295995e-24,-2.8025333176e-24,-1.7088875286e-07,2.0434218881e-08,7.7795183169e-09,1.0723280413e-07,4.8834355433e-24,-4.3967236317e-26,-6.0848425853e-08,-7.2118502057e-25,4.6319012909e-24,-1.3842708257e-24,-4.2629651454e-25,-1.098309456e-07,0.23333154756,0.042632536822,0.038982978269,0.068699461239
n11h9,ok,,29.63612575,187821815.89,369062.3005,1916976.6307,110184316.27,179688.3325,13833792.156,-3.681048736e-25,1.5161052576e-24,-3.8362069002e-24,-1.9282352793e-07,2.3368415107e-08,8.1805225677e-09,1.3612141848e-07,6.1633364441e-24,-1.0244539864e-25,-2.2275991866e-07,-1.3952291952e-24,5.4365831726e-24,-3.6175776852e-24,-1.294566091e-24,-2.216211303e-07,0.21652717528,0.026067386056,0.082212288041,0.050237283851
n14,ok,,30.885997906,195741025.18,768585.48566,2545625.0304,113954016.96,315096.29249,15525803.335,-2.4781766434e-27,1.3057813089e-24,-2.6140672749e-24,-7.1775150083e-10,1.5045579138e-08,-4.8401748215e-11,6.7847852951e-10,5.1346198572e-24,-2.2634812643e-28,-9.2773542473e-08,-1.8455918297e-27,4.8170087646e-24,-7.5775982234e-27,-3.3284178846e-25,-1.6374321776e-10,0.23359412716,0.00021410857627,0.071304398197,0.00052146875011
n13,ok,,30.925887767,195993249.51,780311.96604,2582475.0985,114038429.63,321733.64092,15577385.994,4.2050222211e-28,1.2970852189e-24,-2.5886037435e-24,2.1898752626e-10,1.5083727653e-08,-2.4426968396e-10,-4.7445320359e-10,5.0774813218e-24,3.4661862633e-28,-8.8296080216e-08,5.3002075302e-27,4.7834710808e-24,1.1958799199e-26,-3.015002808e-25,2.5293685957e-09,0.23496211297,0.00012075259307,0.068898487947,-0.00037022151208
n12,ok,,30.737517708,194799715.03,582172.96134,1991480.7007,113636968.42,239660.32552,15331873.561,-5.0457676186e-27,1.4311489391e-24,-3.0165269696e-24,-2.998494645e-09,1.5279731839e-08,4.4245657652e-10,1.2842225424e-09,5.8573982675e-24,-9.241716589e-28,-9.4346604672e-08,2.1028193953e-26,5.4294542817e-24,1.4570420443e-26,-4.4178634244e-25,-4.737777631e-09,0.23421440992,0.00045268032722,0.054926042234,0.00074763964054
n22,ok,,31.255483102,198175795.23,806947.37582,3128086.265,114735392.8,364001.25888,16028114.353,-3.9091522147e-25,1.0708657187e-24,-2.5016986366e-24,-1.5164376672e-07,2.0925875545e-08,1.0495884799e-08,9.0050233108e-08,4.4313087023e-24,-4.4764512802e-26,-3.2754843552e-08,-5.2404106642e-25,4.1878026062e-24,-9.3272444744e-25,-3.9477697896e-25,-1.1327999808e-07,0.23459575342,0.045604669006,0.02643143505,0.072665799299
n2415,ok,,31.551312133,200016487.55,1235470.0828,4172299.7574,115508977.99,531340.33553,16439441.064,-1.0212169703e-25,9.1770606613e-25,-2.0385705648e-24,-2.748354869e-08,1.4302249372e-08,7.3283181755e-11,1.9124127693e-08,3.8567621964e-24,-7.1994692315e-27,-2.5931296852e-08,-1.2819762637e-25,3.6483864328e-24,-2.0240430089e-25,-2.4890703008e-25,-5.8301940753e-09,0.23371901614,0.013879236818,0.03203734147,0.023627287624
n24,ok,,32.290809771,204760937.03,1548266.1458,5737549.0115,116611565.43,727859.61731,17403881.393,-3.7732333621e-25,7.5487827057e-25,-1.7811864062e-24,-1.0431635456e-07,1.9907397403e-08,8.8843120533e-09,6.4608076593e-08,3.1291407235e-24,-3.3361115934e-26,-1.1981377657e-08,-1.7435942187e-25,2.9996875777e-24,-3.1896669097e-25,-2.1311101853e-25,-8.160641027e-08,0.23734766468,0.062059076468,0.018550361407,0.10003049773
n2414,ok,,31.392311932,199011185.8,1068579.47,3657220.7112,115207619.26,457674.20276,16230044.607,-1.1012731372e-25,9.8389696069e-25,-2.1998357837e-24,-3.1793180588e-08,1.4490864177e-08,2.004154434e-11,2.214262008e-08,4.1527367451e-24,-8.4660991888e-27,-3.0222303968e-08,-1.7346123107e-25,3.9067094392e-24,-2.7436932491e-25,-2.9478447571e-25,-6.421000192e-09,0.23366888531,0.013864352926,0.032294933557,0.023661149231
n5h10,ok,,29.888941485,189421131.44,496606.89612,1940747.1002,110793321.96,211589.65169,14133237.048,-1.6127683299e-25,1.6435859348e-24,-3.3457153141e-24,-7.7650994826e-08,1.7425883436e-08,3.6526930038e-09,4.9505395552e-08,6.2708102855e-24,-3.7797075922e-26,-2.4589386933e-07,-2.3509907644e-25,5.5964659451e-24,-8.0346702079e-25,-8.30658458e-25,-9.5536810523e-08,0.22399721589,0.011907074346,0.12211259122,0.024584720826
n2h15,ok,,31.399814768,198996388.77,979463.54491,3533392.6602,113593068.36,538658.66755,15998765.942,-1.9954166845e-25,1.1215073113e-24,-2.0928145093e-24,-5.6352422139e-08,1.6476243814e-08,6.6357922455e-09,5.6966344573e-08,3.8111686647e-24,2.4211776649e-26,-3.2404471606e-08,1.6490266351e-25,3.9392946697e-24,1.2386716623e-25,3.57036998e-25,-5.7111133223e-08,0.23560580651,0.023129358321,0.03173899863,0.055796457797
n5h15,ok,,30.904849597,195860575.65,1248374.6423,4486069.6544,112566787.94,552904.44164,15358061.039,-1.2085822756e-25,1.031577589e-24,-2.0592827109e-24,-3.5926182957e-08,1.5866818434e-08,2.6539577629e-09,2.4966189456e-08,3.8762280305e-24,-1.8043627859e-26,-8.0272589614e-08,-3.1958726293e-26,3.6224839088e-24,-1.3537054558e-25,-3.1726874418e-25,-4.5476343145e-08,0.22965023541,0.01409865674,0.10021026535,0.031167157832
n63010a,ok,,30.143828769,191056863.94,489850.00486,1775117.1896,111850382.11,202941.62137,14514828.255,5.0931370579e-32,1.5648000192e-24,-3.3562029996e-24,-8.4371758618e-16,1.5632648735e-08,1.8531010231e-15,-1.1793636857e-15,6.4593842065e-24,6.7374090431e-32,-1.6051551566e-07,2.0203595084e-31,5.7946663195e-24,2.2393888539e-30,-7.6366366239e-25,-4.3857653099e-15,0.22690521155,-3.0732549517e-11,0.078628526125,-5.7771130719e-10
n5h20,ok,,31.550888671,199955825.15,2153988.7537,7495171.7193,112912570.21,976513.28156,16066904.611,-1.4342479968e-25,8.009213183e-25,-1.5476078085e-24,-3.3173665054e-08,1.5478792998e-08,2.3372740617e-09,2.1774942735e-08,2.9191028108e-24,-1.764223116e-26,-5.2889734562e-08,-1.9968453565e-26,2.7643909517e-24,-6.7400795096e-26,-2.0372317809e-25,-3.9760645117e-08,0.22760182027,0.023595411923,0.11392389343,0.046902981765
n63012a,ok,,30.529274757,193499720.86,724117.38709,2546356.3221,112727378.77,304294.64739,15006653.43,9.2332200032e-32,1.2883343247e-24,-2.7333363051e-24,-1.5444350805e-15,1.52839758e-08,1.0309295972e-15,-1.1668103444e-15,5.2536063282e-24,1.2143133368e-31,-9.7432126352e-08,9.7405924343e-31,4.8139416699e-24,2.0442129068e-29,-5.181468094e-25,-4.2818074799e-15,0.22936132787,1.7112132166e-10,0.070552296752,-8.449076578e-10
n63015a,ok,,31.009678421,196544387.43,1153548.0548,3937875.706,113646972.46,494256.66962,15613137.943,-6.0034732678e-33,1.016975292e-24,-2.1394964928e-24,-6.1671225697e-16,1.4799212065e-08,-6.5532893373e-16,-2.8776420222e-16,4.1047913894e-24,-2.3175353879e-31,-5.4618925822e-08,7.6793341684e-31,3.838897095e-24,6.6736974455e-30,-3.1964956181e-25,-6.0460401331e-15,0.23106213942,-3.8566784229e-10,0.063005555637,-3.3194983571e-10
n63210,ok,,29.123967562,184577934.33,464422.57408,1870639.9873,108409315.91,194011.93993,13132033.405,-9.978976614e-26,1.4488065265e-24,-3.5251182688e-24,-4.0724510022e-08,1.5913702754e-08,-3.3059028315e-09,2.6383026226e-08,6.6607743738e-24,-1.3798874411e-26,-1.4366355834e-07,-5.3883752436e-25,5.8148848736e-24,-9.1007969292e-25,-1.0723064051e-24,1.4993725218e-08,0.21053318123,0.0085135472794,0.066720599568,0.012252872952
n63212,ok,,29.481104528,186841661.31,685658.06599,2677727.125,109204052.19,290356.74546,13555084.697,-8.1222109988e-26,1.1897702378e-24,-2.8781617792e-24,-2.7344434748e-08,1.5609712866e-08,-1.9743991998e-09,1.7871487079e-08,5.4315680496e-24,-9.8374327176e-27,-8.570943684e-08,-2.8602661385e-25,4.836899454e-24,-4.7371734122e-25,-7.7213858156e-25,8.5796648919e-09,0.21251300318,0.0084690994417,0.058767366701,0.012253729267
n63215,ok,,29.99903276,190124085.61,1087862.011,4123539.9808,110154648.55,470327.94994,14159986.695,-6.3631491528e-26,9.3489927581e-25,-2.2605767934e-24,-1.7073763112e-08,1.5131482949e-08,-1.057718082e-09,1.1233121724e-08,4.2492390644e-24,-6.9029977206e-27,-4.5827922497e-08,-1.2996868327e-25,3.8498434303e-24,-2.0998741719e-25,-5.3060053426e-25,4.3954062465e-09,0.21476044509,0.0084742759534,0.049854455926,0.012220086388
n63412,ok,,29.54474986,187245010.29,686188.33762,2731642.3908,109396356.81,294154.76822,13638904.864,-1.6078706465e-25,1.1878267085e-24,-2.8658586919e-24,-5.3971044728e-08,1.5366314268e-08,-3.91275131e-09,3.575765864e-08,5.3410781862e-24,-2.0191480037e-26,-8.8420978348e-08,-5.7399904227e-25,4.7590922386e-24,-9.6773942876e-25,-7.9829496629e-25,1.632975873e-08,0.21311062352,0.016899910545,0.060673444143,0.024536488339
n63415,ok,,30.025480066,190291653.83,1088391.9297,4171938.3216,110172624.59,474250.72702,14187839.779,-1.2652943123e-25,9.3403386185e-25,-2.2540523385e-24,-3.3841451062e-08,1.4990723001e-08,-2.132819498e-09,2.2464665976e-08,4.2088549614e-24,-1.3884881093e-26,-4.6960212918e-08,-2.5472499098e-25,3.821084137e-24,-4.1812070299e-25,-5.330306806e-25,8.7252062665e-09,0.21466898463,0.016937919218,0.051111116759,0.024450361153
n64008a,ok,,29.696956856,188225195.25,298923.7289,1125793.4518,110757076.35,121555.30844,13950590.33,-2.7127767072e-31,2.0652341106e-24,-4.3331881435e-24,-6.2747268359e-16,1.6035225256e-08,1.5719235995e-15,-7.2268842326e-15,8.4226745389e-24,-8.8789404316e-31,-3.5131842597e-07,5.7424759214e-30,7.313241266e-24,-5.2325034811e-29,-1.1517555494e-24,1.1555085793e-15,0.22370085839,1.076932559e-10,0.10501741392,-2.1602871831e-09
n64012,ok,,29.634116234,187811048.91,687698.5615,2605623.9012,109721136.38,289506.91475,13759958.462,-4.210180304e-32,1.2589273803e-24,-2.8655458487e-24,1.5743335316e-15,1.5674047216e-08,2.1709844374e-15,-3.8236539436e-15,5.4701582555e-24,-2.5968513346e-31,-1.0836888905e-07,7.6344593635e-30,4.9012154126e-24,-1.151537151e-29,-7.1963208945e-25,3.2817412805e-15,0.21567423863,-2.5087119777e-10,0.074525129111,-2.6295213167e-09
n64012a,ok,,30.553199231,193650651.93,723289.80395,2511788.2904,112797039.8,303410.99832,15039098.357,1.0297712861e-31,1.3448884013e-24,-2.7307556939e-24,7.3011462781e-16,1.5309818231e-08,1.3457220769e-15,1.4889794744e-15,5.2843123264e-24,2.4601376463e-31,-1.1935099168e-07,4.1213459822e-30,4.8612076694e-24,1.9493532084e-31,-4.9632953997e-25,1.9213060133e-15,0.2302458622,-8.7304047498e-11,0.086325355376,1.0769636721e-09
n64015,ok,,30.141113928,191024296.47,1093639.679,4032063.3473,110649919.35,470148.0465,14357789.456,-4.8074710927e-32,9.8871402324e-25,-2.2477271913e-24,-4.011124543e-16,1.5175536793e-08,2.5114156548e-15,-1.0191527954e-16,4.2702733727e-24,-2.0428065235e-31,-6.0243218762e-08,5.2789208705e-30,3.8910622148e-24,5.9234197366e-31,-4.9432938265e-25,-7.3820846721e-16,0.21788716217,1.1296073454e-10,0.065884374431,-1.114585936e-10
n64015a,ok,,31.020082628,196609656.14,1154522.5223,3893435.0752,113680427.18,493409.14042,15627733.389,3.8742481277e-32,1.0609447924e-24,-2.136452693e-24,-2.1515459735e-16,1.4842366769e-08,-1.1067453111e-15,-2.0576960798e-15,4.1274804199e-24,-4.5653069574e-32,-6.8385291827e-08,-5.3811234242e-31,3.8717964826e-24,3.5848562259e-30,-3.0647742389e-25,3.9595460333e-17,0.23195255073,1.1069084673e-10,0.078952359611,-2.3756564683e-09
n64108,ok,,28.733154632,182100048.59,285625.83348,1174923.4707,107618968.74,116508.14984,12691424.249,-6.4676932496e-26,1.9496234489e-24,-4.5244736053e-24,-3.3764016047e-08,1.6378306198e-08,-3.3256600098e-09,2.1613130048e-08,8.6992481442e-24,-8.8827514417e-27,-3.3501664337e-07,-5.9995052849e-25,7.3961640279e-24,-1.1033794713e-24,-1.4774327028e-24,1.2825351996e-08,0.20850387368,0.0042453511956,0.095689407989,0.0061732682841
n6409,ok,,30.438764414,192912447.36,410981.33237,2322485.1872,111894517.52,220031.53608,14810533.791,-4.7116006313e-25,1.3952346409e-24,-3.4558087644e-24,-1.9410468072e-07,1.5861493304e-08,-1.0202648836e-08,1.7172837776e-07,5.0747797883e-24,-6.3316821436e-26,-1.6082005473e-07,-1.9351638853e-24,4.8345183174e-24,-4.2873349505e-24,-8.0295451935e-25,-1.6167342158e-08,0.22468758822,0.041910402618,0.066094040364,0.070577157498
n64110,ok,,29.239380486,185308897.65,465968.9888,1821244.293,108848443.29,193496.74267,13289267.04,-5.0011955488e-26,1.5351473129e-24,-3.510150645e-24,-2.0427238296e-08,1.5999232029e-08,-1.8199362315e-09,1.3257608447e-08,6.7149442718e-24,-6.2176945672e-27,-1.7968933962e-07,-2.7144065057e-25,5.9068508905e-24,-4.5935872003e-25,-9.9662515569e-25,6.7217131103e-09,0.21297077472,0.0042296074246,0.08372965988,0.0061776344021
n64212,ok,,29.643852073,187872746.04,687787.23202,2622866.4696,109729293.59,290762.64113,13770239.471,-8.1239901558e-26,1.2582147658e-24,-2.8613243562e-24,-2.7337590376e-08,1.5598181566e-08,-2.2195131048e-09,1.7944415898e-08,5.4420023801e-24,-9.1865480488e-27,-1.0918072757e-07,-2.7588092599e-25,4.881241303e-24,-4.6072821529e-25,-7.2181580926e-25,7.8935475439e-09,0.21565353725,0.0084437523614,0.075093110407,0.012341940141
n64212ma,ok,,29.96327452,189898644.44,745007.19802,2824325.5562,110742512.56,314789.35005,14201281.922,-1.7042423863e-25,1.1204524926e-24,-2.7219571955e-24,-6.5896347523e-08,1.5711839862e-08,2.0190650943e-09,3.6672745826e-08,5.1380328831e-24,-2.7035864596e-26,-6.8192991718e-08,-3.2848318168e-25,4.6326796128e-24,-5.7684017376e-25,-6.6255974574e-25,-3.6984382646e-08,0.21220233241,0.018275480987,0.050804269684,0.027321459611
n64212mb,ok,,29.818586311,188980695.59,761926.76055,2907697.1742,110300781.93,319828.74093,14008129.094,-9.1079550345e-26,1.058533641e-24,-2.7107986415e-24,-3.7464530021e-08,1.5462524675e-08,1.840780434e-09,1.7595607564e-08,5.1147893745e-24,-1.4712074738e-26,-4.2754086448e-08,-1.3811426489e-25,4.5730413085e-24,-2.4261083995e-25,-6.826199843e-25,-2.1926768606e-08,0.21290976096,0.010489665553,0.032575482588,0.013406564271
n642415,ok,,30.17596692,191245134.38,1094090.1036,4097353.7856,110669050.62,475484.78892,14394268.448,-1.2654440969e-25,9.8665317284e-25,-2.2395141731e-24,-3.3773629649e-08,1.4998381767e-08,-2.452639553e-09,2.2520969374e-08,4.2156474115e-24,-1.287831702e-26,-6.163289159e-08,-2.4530445414e-25,3.8511653987e-24,-4.0601404907e-25,-4.9722629265e-25,8.0621989978e-09,0.2177510729,0.016893842412,0.067431936747,0.024639969717
n64215,ok,,30.150251445,191082190.97,1093794.1949,4048596.5398,110657009.92,471485.8989,14367615.515,-6.3636916745e-26,9.8818407192e-25,-2.2456901284e-24,-1.7041337543e-08,1.513068925e-08,-1.2171687653e-09,1.1260616322e-08,4.2564579152e-24,-6.4146093311e-27,-6.0614626451e-08,-1.2517281059e-25,3.8805769338e-24,-2.04073027e-25,-4.9561053954e-25,4.0470437523e-09,0.21785829882,0.0084504828237,0.066299926539,0.012316796765
n66021,ok,,31.433201286,199211724.51,2458980.6817,7974706.5219,112907917.96,1072956.5236,15947611.259,-1.6920041841e-32,8.2641444131e-25,-1.4519290751e-24,-2.7055760168e-17,1.436169262e-08,-6.045090431e-16,7.033527149e-16,2.8542213463e-24,-1.0567142529e-31,-5.8882195188e-08,-4.1618925176e-32,2.715755305e-24,-2.0320764643e-31,-1.7998293675e-25,1.023670467e-16,0.22903469093,5.41857691e-11,0.14479018046,1.7295307384e-09
n6h10,ok,,29.95805392,189856551.11,476159.14193,2258723.0787,110235731.64,230902.71109,14122412.711,-3.0830083859e-25,1.5145808355e-24,-3.3564191169e-24,-1.4404175569e-07,2.1763595415e-08,5.3808315637e-09,1.0239535162e-07,5.6489521956e-24,-6.2226114029e-26,-2.3764232676e-07,-1.6125058244e-25,5.1355063217e-24,-1.4527735882e-24,-6.8627783958e-25,-1.7902701831e-07,0.22272947892,0.024094411389,0.1131555664,0.048756482764
n6h15,ok,,30.923918072,195981391.18,1229896.9483,4631932.1121,112211935.52,562099.63407,15327408.172,-1.922920616e-25,1.0280165496e-24,-2.0680544347e-24,-5.8928398867e-08,1.733349982e-08,4.106494569e-09,3.8814211076e-08,3.7987299456e-24,-2.7078475369e-26,-8.7064983952e-08,-4.055448506e-26,3.5628207142e-24,-1.9595768593e-25,-3.0524363109e-25,-7.3197136707e-08,0.22804775822,0.02378268473,0.10708095807,0.047737479753
n6h20,ok,,31.801134779,201541073.26,2175517.8722,7946977.6042,112781972.07,1030153.7334,16303920.715,-1.8998938109e-25,7.7598388264e-25,-1.5311488965e-24,-4.2887886226e-08,1.6396506948e-08,2.9813381276e-09,2.9422775252e-08,2.7976330368e-24,-2.2368426489e-26,-5.1528673589e-08,-1.8760938311e-26,2.6579785927e-24,-7.8831542209e-26,-1.8941490262e-25,-5.2251960999e-08,0.2288593897,0.031961354611,0.11210155032,0.06400977341
n8h12,ok,,29.779589864,188733188.61,652651.14151,2861957.6536,110062397.91,295373.27254,13943510.275,-2.2004893218e-25,1.0515007584e-24,-2.931392677e-24,-8.7835963008e-08,1.8077185799e-08,8.3489113352e-09,6.0302719048e-08,5.1129132233e-24,-5.3375559836e-26,-4.2976524776e-08,-4.8044184956e-25,4.5049905925e-24,-9.6023512878e-25,-8.8086703068e-25,-1.044075484e-07,0.21404421971,0.019362275355,0.028048677953,0.039356638423
naca0006,ok,,29.304349298,185791418.33,161781.30571,667913.92699,110088765.6,63950.037894,13521457.955,-2.561832275e-31,2.3387901392e-24,-5.9821303682e-24,-2.7261403875e-14,1.6322045146e-08,2.9532535126e-14,-1.2461568866e-14,1.1347207731e-23,-6.821109231e-31,-3.4181792168e-07,1.3023602003e-28,9.2190875056e-24,7.6602432735e-28,-2.1573306699e-24,-8.3358500619e-14,0.22069784718,5.6687630143e-10,0.055299749685,-2.0160488824e-09
n9,ok,,30.4966017,193375518.31,361143.78619,1475569.1589,113226733.23,156534.75519,15055269.543,-4.0823653377e-25,1.6096018372e-24,-3.7879766263e-24,-2.4302467685e-07,2.2431642363e-08,1.4082786971e-08,1.3558366402e-07,6.7452634356e-24,-7.1819047836e-26,-1.0139343614e-07,-1.6473046667e-24,6.1293969336e-24,-2.9363663739e-24,-9.0974900319e-25,-1.8345244518e-07,0.23236410334,0.031395265985,0.036617609421,0.048965197769
naca0008,ok,,30.0687908,190632595.56,313776.47096,1176979.1751,112075849.38,126982.341,14480743.205,-2.0707148051e-31,1.7527514584e-24,-4.2100589924e-24,-2.9544184333e-15,1.5753788123e-08,7.9271831579e-16,8.6423344385e-15,8.0094685637e-24,-5.6264440915e-31,-1.2841503627e-07,-1.3247186261e-29,6.9854474586e-24,2.7468649096e-29,-1.0985648586e-24,-1.3480551798e-14,0.22812656031,-1.5346257731e-11,0.0402936169,2.711761201e-09
naca0010,ok,,30.580347918,193871722.72,515458.67279,1838630.2111,113391953.9,212072.57428,15153023.189,-4.1616486918e-32,1.3961556718e-24,-3.2392447537e-24,-3.8080629428e-15,1.5296550887e-08,1.5389518176e-14,-1.9661949244e-15,6.1742258903e-24,-1.6630780094e-31,-6.5030085318e-08,1.0470511752e-28,5.5783225618e-24,-3.0027860564e-29,-6.5546470639e-25,-1.4960291186e-14,0.2317889903,7.2196323328e-11,0.033520321469,-1.0134922262e-09
naca000834,ok,,30.263652783,191842332.78,329354.42457,1139786.93,112463859.43,132237.68919,14713196.029,-8.1938221624e-32,2.2788827086e-24,-4.0272886751e-24,-2.0100811869e-15,1.6083940285e-08,-8.0344306107e-17,-4.4425133533e-15,8.086512068e-24,-2.4976373494e-31,-4.4151887589e-07,-1.0758086761e-29,7.2448519181e-24,1.9382477103e-29,-6.5136388659e-25,-5.8718139674e-15,0.23664616632,8.2058633113e-11,0.14541619531,-1.4631614291e-09
naca001034a08cli0.2,ok,,30.718011081,194720845.92,541660.93779,1816146.7326,113622047.33,223106.18177,15316963.993,-1.0824564257e-25,1.800046879e-24,-3.1082729797e-24,-4.2809856054e-08,1.5580098985e-08,-4.234980837e-09,2.8921459382e-08,6.1613889651e-24,-6.724175967e-27,-2.6285666084e-07,-3.17137872e-25,5.7224446352e-24,-7.0225464548e-25,-4.0168216951e-25,1.2975668079e-09,0.23882962177,0.009620284368,0.14237918541,0.015665624811
naca001034,ok,,30.674846107,194445453.51,541701.62022,1784935.6114,113522028.19,220612.30524,15259769.96,5.0575393701e-32,1.8116032275e-24,-3.120516575e-24,-2.1737447993e-15,1.5681547679e-08,-6.5479099067e-15,7.1844623461e-15,6.2409053292e-24,5.101748312e-32,-2.6012370191e-07,-3.0108664886e-29,5.7921749368e-24,3.9475945502e-29,-4.1283470948e-25,-7.837793387e-15,0.23929681021,6.5783466157e-11,0.14090943078,3.8918348933e-09
naca001035,ok,,30.903661092,195878472.04,575090.0322,1795504.0217,114245053.82,231755.33064,15585394.404,-1.5199098335e-32,2.0935198087e-24,-2.985755034e-24,-9.6450563718e-16,1.566948784e-08,7.0343153816e-16,7.6481720196e-16,6.1243160713e-24,1.4019593222e-32,-4.0057476113e-07,-9.7082800211e-31,5.8039371102e-24,7.059309075e-30,-2.1046189064e-25,-2.7849776061e-15,0.24421514809,6.590470804e-11,0.23036655228,4.398387493e-10
naca001064,ok,,30.827167244,195414475.31,572768.55438,1859485.6546,114117838.04,230549.21527,15493732.805,1.7161937596e-31,1.670457002e-24,-3.0328293933e-24,5.0568664583e-16,1.5286190893e-08,-1.3943784976e-15,5.6368128329e-15,6.0519546794e-24,4.4271721312e-31,-1.9916979476e-07,7.2961077059e-30,5.6417801492e-24,5.5383282334e-30,-4.2111703846e-25,-1.188829206e-16,0.2368401573,-1.2307706062e-10,0.11407819542,3.2285891377e-09
naca001065,ok,,30.959852165,196210403.33,577346.03998,1621981.2937,114548908.84,245506.50503,15679628.977,1.7846572603e-29,1.9436555743e-24,-2.8129987141e-24,2.3572803486e-12,1.5283395041e-08,6.0211763865e-11,8.6744702756e-11,5.9096431379e-24,1.9191041593e-28,-2.2729950647e-07,1.8460905819e-26,6.0604988529e-24,2.7082044749e-26,3.8805204435e-25,3.1970516734e-11,0.23963796345,1.3021834849e-06,0.13123046995,5.0081710626e-05
naca001066,ok,,31.040271685,196720328.69,665086.48857,1820352.2745,114872274.25,272746.15463,15807348.426,3.2057910226e-29,1.9886100133e-24,-2.6347295727e-24,9.4429616837e-12,1.5222108862e-08,5.5267552614e-11,7.5328567813e-11,5.5716291459e-24,2.4410806722e-28,-2.9096738558e-07,2.535369237e-26,5.6956670317e-24,3.7372494124e-26,3.3137759085e-25,1.2911362632e-10,0.240621173,5.8980021006e-06,0.19351847676,5.0100012656e-05
naca001234,ok,,30.958714368,196201892.52,745326.3328,2227220.3447,114120380.03,331957.41034,15621144.638,1.5572811321e-29,1.5310196146e-24,-2.4794832814e-24,3.2707208434e-13,1.5377085469e-08,4.8113859862e-11,7.2014240938e-11,5.0791451428e-24,1.7974939718e-28,-1.0128342496e-07,9.5108936131e-27,5.2035183377e-24,1.4141359733e-26,3.4274565237e-25,4.3158495433e-12,0.24020767622,2.3556630816e-07,0.075489203699,5.3674110108e-05
naca001264,ok,,31.130402352,197292620.94,787178.72108,2324314.1257,114792937.79,346732.86691,15889242.424,1.3746829331e-29,1.4121494746e-24,-2.4114542902e-24,2.9227233954e-13,1.4943372611e-08,4.8092765897e-11,6.9097941146e-11,4.9265895322e-24,1.7381501931e-28,-6.2863542767e-08,9.2358347258e-27,5.072283382e-24,1.3283723895e-26,3.1755077259e-25,4.07873494e-12,0.23743887004,2.3445309342e-07,0.049484843198,5.439242894e-05
naca001264a08cli0.2,ok,,30.993904004,196424860.83,659534.41215,1936559.1367,114410115.28,289101.85781,15696241.444,-1.269662859e-25,1.7163643893e-24,-2.6372212185e-24,-5.5179288188e-08,1.5920061197e-08,2.4942225699e-09,3.2822056074e-08,5.4309405648e-24,9.466464581e-27,-1.6431125204e-07,2.3732700911e-25,5.5460893747e-24,1.3606440479e-25,3.5850239356e-25,-4.0129307961e-08,0.23980274694,0.013172179768,0.10836892502,0.021647275458
naca0015,ok,,31.471149442,199452845.72,1138513.3768,3607206.9096,115305520.57,521924.52945,16317157.927,1.3059314926e-29,9.5245541301e-25,-2.0078288723e-24,8.3206993592e-14,1.4329488077e-08,3.6518162785e-11,5.1501513378e-11,3.9192422499e-24,1.6657356257e-28,2.1526486943e-08,4.9736795141e-27,4.0437565979e-24,7.0212752655e-27,2.4017036478e-25,1.2339530991e-12,0.23381651996,1.0715717371e-07,-0.024508193341,5.8635161907e-05
naca0018,ok,,31.817120358,201645721.91,1687843.9866,5259878.6827,115705269.09,775603.75962,16742721.631,1.9605543692e-29,7.8695078538e-25,-1.6516511726e-24,6.6206251679e-13,1.382409442e-08,3.0249989097e-11,4.1521615999e-11,3.2199833314e-24,1.8968163454e-28,7.3084645452e-09,3.5853362301e-27,3.3141846033e-24,5.046773623e-27,1.7481195969e-25,1.0716758491e-11,0.23145296456,1.4103291842e-06,-0.012335547934,7.0082009877e-05
naca0024,ok,,32.594742975,206573354.24,3083090.4675,9342577.2936,116251649.89,1439154.3499,17671294.086,2.8497025673e-29,5.8384985079e-25,-1.2194029205e-24,1.0377681075e-12,1.2822120889e-08,2.217216323e-11,2.9181124128e-11,2.3706089861e-24,2.2775605058e-28,-2.8113808581e-09,2.1465817149e-27,2.4287426076e-24,3.0385158372e-27,1.0314146897e-25,1.9370946362e-11,0.22658346832,4.823135989e-06,0.0086677415241,8.9968045629e-05
naca0021,ok,,32.193034505,204027878.63,2337522.309,7178998.1126,116024973.31,1081044.7855,17196087.084,2.4598476024e-29,6.7034800369e-25,-1.402863539e-24,9.3633374299e-13,1.3319184736e-08,2.5666441126e-11,3.4437183669e-11,2.7312208209e-24,2.0943440232e-28,6.0577372953e-10,2.7181995664e-27,2.8045593862e-24,3.8542996957e-27,1.3271175712e-25,1.6215110531e-11,0.22903786025,3.00264565e-06,-0.001416009607,8.0497685084e-05
naca1408,ok,,30.078853597,190696285.96,313846.39471,1198590.6867,112078489.74,128412.8002,14490940.926,-1.0522921194e-25,1.7477292316e-24,-4.1977172149e-24,-5.5830905792e-08,1.5790334239e-08,-9.6626973097e-10,3.7533850615e-08,7.9038810055e-24,-1.4813113723e-26,-1.324196776e-07,-9.6781611019e-25,6.9120651979e-24,-1.5716321882e-24,-1.0973488773e-24,-6.622772461e-09,0.22812858462,0.0069753963695,0.041559438404,0.011779863695
naca1410,ok,,30.589293879,193928305.72,517285.33871,1865161.3426,113386175.24,214385.8645,15161236.278,-8.0119237271e-26,1.3908793487e-24,-3.2288878397e-24,-3.3270662327e-08,1.5323266064e-08,-2.5673262881e-10,2.2539064057e-08,6.1154918301e-24,-8.9131373646e-27,-6.6658266675e-08,-3.6687413627e-25,5.5332674077e-24,-5.9539164748e-25,-6.5372550397e-25,-5.1122583114e-09,0.23176652722,0.0068787529192,0.034481344055,0.011659127385
naca1412,ok,,30.988680943,196456184.42,765334.81264,2660594.7545,114343138.31,320804.93468,15693181.602,-6.5844927821e-26,1.1572552418e-24,-2.6274150872e-24,-2.2543033606e-08,1.4910003997e-08,-1.5943915343e-11,1.5433584673e-08,4.9931756625e-24,-6.0134611859e-27,-4.0575407369e-08,-1.6852938662e-25,4.6160109887e-24,-2.7359553223e-25,-4.2626540368e-25,-4.2566204608e-09,0.23350186358,0.0069130723163,0.031053771796,0.011811859634
naca16006,ok,,30.141108884,191056938.93,183340.61972,637437.57748,112232202.76,71425.348298,14561140.131,-1.6171334218e-32,3.4903228539e-24,-5.3109122475e-24,-2.3543975149e-15,1.6394872913e-08,-7.0124252503e-15,2.6400241904e-14,1.1050851286e-23,5.847885707e-32,-1.2473478814e-06,-3.7185788563e-29,9.6581236609e-24,1.1324437766e-28,-5.9016136834e-25,-1.0272999046e-14,0.23872804191,-7.0036433834e-12,0.22868953359,4.8402367115e-09
naca16015,ok,,31.31733918,198476989.01,1354630.2457,3791166.9389,114927261.21,579088.81786,16104675.486,3.6259678518e-29,1.32966203e-24,-1.8553885936e-24,5.1384201247e-12,1.4932330594e-08,3.667737865e-11,5.206524444e-11,3.8635839512e-24,2.6502301744e-28,-1.2770074902e-07,8.790462556e-27,3.944655221e-24,1.3492313955e-26,2.0166320798e-25,7.1967409042e-11,0.24048033458,7.0465418099e-06,0.17298729703,7.0529154868e-05
naca16012,ok,,31.027598281,196639434.43,828598.00099,2336416.3161,114466116.56,354778.37746,15739131.072,2.7346796411e-29,1.6968011376e-24,-2.361491621e-24,4.1825753723e-12,1.5310736921e-08,4.8246652664e-11,7.0637495741e-11,4.941910752e-24,2.2776156524e-28,-1.9830174962e-07,1.3342210077e-26,5.0484067555e-24,2.042990527e-26,3.0068301891e-25,5.6472665e-11,0.2409776938,3.3441683769e-06,0.16431243333,5.8530087766e-05
naca16009,ok,,30.874778913,195706340.01,471999.56063,1477567.3477,114339944.54,187979.74399,15569966.941,-2.9927166464e-32,2.2641157446e-24,-3.2957652932e-24,1.1061999355e-15,1.5540373614e-08,-7.4218402986e-16,-1.3057099138e-16,6.7840425652e-24,-2.1144018733e-31,-4.714936846e-07,8.8297822524e-32,6.3795256394e-24,-3.0350054637e-30,-2.6031119292e-25,5.7195283947e-15,0.24196310341,5.220477673e-11,0.22254481197,-6.1629450564e-11
naca16018,ok,,31.640089655,200523276.42,2003455.5661,5569975.9468,115342529.97,859233.17584,16504620.315,4.3224865539e-29,1.091887887e-24,-1.5278212988e-24,5.2608525082e-12,1.4545442122e-08,2.9179884688e-11,4.0366927308e-11,3.1680700999e-24,3.0059778927e-28,-8.9742754367e-08,6.2264292798e-27,3.2304479133e-24,9.5506242538e-27,1.4438953052e-25,7.6752081908e-11,0.24006699271,1.1311623496e-05,0.17979562076,8.0873345202e-05
naca16021,ok,,32.30274433,204734900.62,2852717.706,8147328.7978,116532753.98,1195985.5093,17393234.957,8.0856185687e-33,9.1760134253e-25,-1.3107960449e-24,-5.6162746266e-17,1.4047657396e-08,2.9631041779e-15,3.9933427479e-15,2.6731274621e-24,1.4005074061e-31,-7.4018413146e-08,2.6236818515e-30,2.6311667866e-24,4.4874621971e-30,-3.5237178194e-26,1.1130246564e-15,0.24433420569,3.9241808437e-10,0.21115363775,1.1391879563e-08
naca23015,ok,,31.51191458,199711047.87,1140063.0549,3617990.1373,115396838.54,523642.73914,16373118.588,-7.5071794653e-26,9.4761536616e-25,-2.0062091761e-24,-2.7874107489e-08,1.4734179551e-08,5.0135341487e-09,1.5354940129e-08,3.9095958852e-24,6.2257321817e-27,2.0998152385e-08,2.9297410394e-26,4.0302324793e-24,1.0530452794e-26,2.3818552173e-25,-3.2590977526e-08,0.23338316511,0.010616345345,-0.023939217756,0.017505599951
naca23012,ok,,31.069322115,196969251.68,769356.26653,2651737.7852,114621964.72,322549.55191,15814060.635,-9.7491415909e-26,1.1506595124e-24,-2.6164072263e-24,-4.4476287314e-08,1.5435466677e-08,5.3233955665e-09,2.1571205846e-08,4.9812456523e-24,-1.392548782e-26,-4.0465801228e-08,-4.492816969e-26,4.6129393547e-24,-1.2579541023e-25,-4.2029851757e-25,-5.1201841879e-08,0.23241349382,0.010510394437,0.031132617755,0.016595942394
naca23018,ok,,31.855538121,201889079.69,1688608.6787,5262853.1348,115798672.42,776901.89148,16797332.483,-6.188270235e-26,7.8370919787e-25,-1.650908185e-24,-1.9158540941e-08,1.4095104498e-08,3.4434913199e-09,1.0162215915e-08,3.2155748563e-24,4.7632737068e-27,7.2003334335e-09,1.3929438482e-26,3.3074291491e-24,9.4207474595e-27,1.7345261799e-25,-2.2649714791e-08,0.23102045897,0.010822645478,-0.012158545525,0.017160005988
naca23021,ok,,32.235372392,204296129.11,2338731.9185,7172001.2923,116141708.77,1082288.5171,17259080.111,-5.2924780523e-26,6.6796515361e-25,-1.4020396396e-24,-1.4169806504e-08,1.3507684919e-08,2.5908475353e-09,7.213492564e-09,2.7286976055e-24,3.8162483861e-27,5.0960030556e-10,7.2577864593e-27,2.80046334e-24,7.1571161576e-27,1.3158342452e-25,-1.7093300097e-08,0.22852076603,0.011112270721,-0.0011918185003,0.016870425303
naca23024,ok,,32.408604876,205390413.03,2931904.3151,8666953.1277,115577861.97,1439312.393,17366800.868,-4.630193444e-26,5.8573760856e-25,-1.2135728001e-24,-1.0916840162e-08,1.3012624378e-08,2.3763938904e-09,5.860085855e-09,2.3829004756e-24,5.1483909881e-27,8.8890887116e-09,3.6736998175e-27,2.4886960183e-24,4.6370631167e-27,1.7575639083e-25,-1.3322646092e-08,0.2222615277,0.011455373369,-0.026061957551,0.017181211005
naca2408,ok,,30.099190622,190824980.29,313894.96955,1264247.9666,112052412.31,132679.16064,14507647.332,-2.0606049282e-25,1.7333954134e-24,-4.1633873812e-24,-1.0795163304e-07,1.589836455e-08,-2.3073833379e-09,7.5033063355e-08,7.6033638497e-24,-2.9388116376e-26,-1.4480789226e-07,-1.7981538255e-24,6.7050724309e-24,-3.0443663189e-24,-1.092188623e-24,-1.2653585917e-08,0.22801789542,0.01394015996,0.045454468931,0.023552501137
naca2412,ok,,31.016451022,196633390.58,764713.48599,2719237.9137,114344980.5,325216.11762,15722331.908,-1.3086691387e-25,1.1502751216e-24,-2.621458032e-24,-4.4483023422e-08,1.4970244297e-08,-1.3956800362e-10,3.0961964188e-08,4.9157592023e-24,-1.199147035e-26,-4.262415587e-08,-3.2924747461e-25,4.5544683079e-24,-5.4552458914e-25,-4.2599014665e-25,-8.0986833303e-09,0.23352344793,0.01385163502,0.032595266823,0.023677031567
naca2410,ok,,30.611727395,194070302.6,515799.95585,1922623.0124,113372560.01,218100.2058,15182203.721,-1.6001356064e-25,1.3826498429e-24,-3.2196105361e-24,-6.5954375925e-08,1.5411207805e-08,-6.4415265014e-10,4.5781207773e-08,5.9823730679e-24,-1.8047208601e-26,-7.1675220324e-08,-7.0960079744e-25,5.4347799033e-24,-1.1810021159e-24,-6.5295513308e-25,-1.0533653598e-08,0.23167438963,0.013852490249,0.036970075478,0.023613944948
naca2411,ok,,30.644305301,194212841.29,635288.6894,2369025.1015,113128545.31,272420.65598,15172779.099,-1.797410261e-25,1.2412598704e-24,-2.8887665767e-24,-6.5976153796e-08,1.5197475714e-08,-9.091945669e-10,4.6392449944e-08,5.3529893827e-24,-1.7771091095e-26,-5.8819317191e-08,-5.7928796794e-25,4.9382897224e-24,-9.4111659639e-25,-5.1676922003e-25,-8.4427815538e-09,0.228284316,0.017448309877,0.03736724693,0.029472598723
naca2415,ok,,31.503945477,199661115.28,1139551.3493,3681390.5471,115291767.43,528284.22105,16350295.772,-1.0138203766e-25,9.4259571085e-25,-2.0092929847e-24,-2.7619095769e-08,1.4382453906e-08,1.3155485292e-09,2.0942244051e-08,3.8783747451e-24,5.8616269943e-27,1.9191759929e-08,1.0694659985e-25,3.9941506789e-24,1.1805848452e-25,2.3558436015e-25,-5.8388621598e-09,0.23376212786,0.013869811176,-0.021869995922,0.023864762465
naca2418,ok,,31.850120021,201855253.01,1690460.6054,5334655.6733,115695653.52,782657.5675,16777140.228,-8.3378541553e-26,7.8084120882e-25,-1.6515949447e-24,-1.8843124009e-08,1.3855242418e-08,8.0847999261e-10,1.399719468e-08,3.1962296718e-24,4.4594198454e-27,6.3066857119e-09,5.5186243889e-26,3.28495092e-24,6.4006363254e-26,1.7131883943e-25,-4.2550764269e-09,0.23139583073,0.01397726613,-0.010661203747,0.023661706194
naca2421,ok,,32.22614304,204238075.51,2339782.8786,7250105.3498,116018433.73,1088357.6084,17231554.505,-7.0890491876e-26,6.6566174445e-25,-1.4026952169e-24,-1.3729267298e-08,1.3335698077e-08,5.4235086751e-10,1.0023398569e-08,2.7163227584e-24,3.5527700737e-27,3.4046771258e-10,3.1806184246e-26,2.7863101563e-24,3.8400732423e-26,1.304804891e-25,-3.2784652936e-09,0.2289475462,0.014125626988,-0.00079662052461,0.023452576358
naca2424,ok,,32.392143366,205286157.15,2930945.8507,8741288.2305,115393030.07,1445958.0298,17322661.603,-6.1850377567e-26,5.8491536647e-25,-1.2143330527e-24,-1.0529919363e-08,1.2899698393e-08,6.8562512023e-10,7.9355858504e-09,2.3756083747e-24,4.7250096362e-27,8.8160268458e-09,3.0864219526e-26,2.4802156333e-24,4.1146447211e-26,1.7610005179e-25,-2.5330652006e-09,0.22278573881,0.014410033727,-0.025839297303,0.023258772421
naca4412,ok,,31.109361446,197220931.64,767650.52478,2971028.4217,114279864.43,344860.77399,15809645.709,-2.5209708444e-25,1.1235249072e-24,-2.5904493013e-24,-8.3604840417e-08,1.5197209125e-08,-8.3421807396e-10,6.1505964194e-08,4.6195471255e-24,-2.336909404e-26,-5.1662727246e-08,-5.7512892917e-25,4.3219026628e-24,-1.0211159425e-24,-4.1815163805e-25,-1.5435287623e-08,0.23321975496,0.027591394582,0.039658919682,0.04721508569
naca4415,ok,,31.541045271,199895114.66,1238526.8418,4415883.5818,115000079.28,552417.00538,16349695.763,-2.0065605877e-25,9.0480856184e-25,-2.02415926e-24,-5.2773118134e-08,1.4485550347e-08,-2.7163033294e-10,3.8230632205e-08,3.7226574439e-24,-1.2370271372e-26,-2.9944703849e-08,-2.0852819576e-25,3.5585164247e-24,-3.4843244892e-25,-2.139967584e-25,-1.0070342155e-08,0.23202683854,0.027862888489,0.037087319486,0.047349664163
naca4418,ok,,31.939341706,202421091.52,1693371.8974,5535576.4123,115642703.35,802909.34843,16866090.107,-1.6461403341e-25,7.6571411041e-25,-1.6513337341e-24,-3.6659825948e-08,1.395300813e-08,1.4277228311e-09,2.7911438661e-08,3.1291632339e-24,8.5587546825e-27,3.8582612059e-09,1.0047694126e-25,3.2074980472e-24,1.1815081036e-25,1.6787457543e-25,-8.3150747689e-09,0.23119369914,0.027892315171,-0.0065334710987,0.047264445844
naca4421,ok,,32.311138278,204777136.11,2345615.3298,7433170.266,115979476.44,1109141.8567,17319140.008,-1.4046527801e-25,6.5805267374e-25,-1.4013362234e-24,-2.6920165421e-08,1.3409240327e-08,9.6688759607e-10,1.9969969471e-08,2.6763425855e-24,6.7555627575e-27,-1.2860707948e-09,5.8028970423e-26,2.7396944589e-24,7.0272428422e-26,1.2765640305e-25,-6.5130208428e-09,0.2288555497,0.028206633634,0.0030166273714,0.046841866527
naca4424,ok,,32.479402167,205839119.41,2935240.3338,8880553.9013,115399251.46,1467119.2425,17419311.762,-1.2274063515e-25,5.776077687e-25,-1.2133559792e-24,-2.0688672379e-08,1.2923039257e-08,1.3156778467e-09,1.5845130319e-08,2.3509021953e-24,9.3971629147e-27,8.3908549717e-09,6.0599711792e-26,2.4503005035e-24,8.164971901e-26,1.7549339325e-25,-4.8673121458e-09,0.22252444946,0.028765320256,-0.024629175948,0.046509265606
naca63206,ok,,27.812051062,176270549.97,146519.44276,703170.22148,104977643.0,59294.771519,11585507.868,-1.7829195267e-25,2.4416815321e-24,-6.3591822152e-24,-1.316968714e-07,1.6631601605e-08,-1.220226645e-08,8.194721723e-08,1.2088033171e-23,-2.9121275024e-26,-6.1452779099e-07,-2.6320542764e-24,9.5326715962e-24,-6.3949843006e-24,-2.6118752617e-24,5.8949123298e-08,0.19801634092,0.0085011816267,0.090040269494,0.012006860604
naca63209,ok,,28.823179206,182671060.44,370440.35411,1528855.1797,107698959.44,153417.54725,12779850.945,-1.1221639318e-25,1.6248750068e-24,-3.967172164e-24,-5.130258975e-08,1.6098807131e-08,-4.3788986187e-09,3.3053531102e-08,7.5132274375e-24,-1.5820609834e-26,-1.9924992101e-07,-8.0804367457e-25,6.4749675577e-24,-1.3949164051e-24,-1.2915725763e-24,1.9512350071e-08,0.2077011703,0.0084925556316,0.073810211294,0.012244361766
naca632615,ok,,30.067605592,190558551.79,1088880.2807,4253334.0347,110194880.3,480747.45719,14231487.324,-1.8803317193e-25,9.3222417663e-25,-2.2438010779e-24,-5.0020021804e-08,1.4758486213e-08,-3.2519874881e-09,3.3695784889e-08,4.1428436578e-24,-2.1006714233e-26,-4.8767452802e-08,-3.7043306218e-25,3.7740381399e-24,-6.2395865789e-25,-5.3766608766e-25,1.3041055226e-08,0.21448963409,0.025392764242,0.053101917694,0.036690675707
naca633018,ok,,30.410612017,192732765.2,1576096.8468,5848797.588,110576863.53,694810.05329,14611031.032,4.9022430318e-32,7.6574413016e-25,-1.8609094792e-24,-2.0896560357e-16,1.4703166001e-08,-2.2497992587e-15,4.1211646642e-15,3.4929188605e-24,9.9638263368e-32,-2.7292992054e-08,-4.919867643e-30,3.2084628137e-24,4.2410251761e-30,-3.8210156611e-25,4.1638122108e-15,0.21482841471,7.6670259143e-10,0.043016398717,6.4953546326e-09
naca632a015,ok,,31.044044293,196745690.88,1156788.1959,3954033.0053,113686777.71,497343.60079,15651439.773,-7.2575571415e-26,1.0091664948e-24,-2.1328686132e-24,-2.6402910739e-08,1.5083215709e-08,2.7673519561e-09,1.2802134446e-08,4.0871537595e-24,-9.0930774474e-27,-5.3805481374e-08,-1.8085912308e-26,3.8303299343e-24,-5.9687102748e-26,-3.087932385e-25,-2.9477651233e-08,0.22996325933,0.0097621049935,0.062241545729,0.01480935801
naca633218,ok,,30.478624495,193163314.95,1575307.0439,5870053.8785,110748633.43,696610.56604,14698694.736,-5.3232415553e-26,7.6339505651e-25,-1.8609974356e-24,-1.2021509725e-08,1.4647905505e-08,-5.6641279712e-10,7.8754186447e-09,3.4788752136e-24,-5.5363668222e-27,-2.7461629602e-08,-6.9124321272e-26,3.1832483789e-24,-1.0834037308e-25,-3.9974014711e-25,1.8220953843e-09,0.21552901174,0.0086478943327,0.043260498551,0.012406202465
naca633418,ok,,30.465956415,193083465.55,1571682.0313,5882140.7455,110683014.4,698231.80125,14678848.497,-1.0456266742e-25,7.654729428e-25,-1.8584182053e-24,-2.3360617426e-08,1.454859382e-08,-1.286824985e-09,1.5480784177e-08,3.4666530744e-24,-1.0365059212e-26,-2.7989504041e-08,-1.3042114251e-25,3.1897860489e-24,-2.097618201e-25,-3.8417933337e-25,5.1608692545e-09,0.21478935236,0.017085348709,0.043990600566,0.02433087032
naca633618,ok,,30.538803529,193544645.72,1570338.7859,5954909.7871,110841958.73,703373.5689,14770907.855,-1.555796736e-25,7.6596408267e-25,-1.8550800054e-24,-3.4651199794e-08,1.440367278e-08,-1.9413751079e-09,2.3286962464e-08,3.4298467301e-24,-1.6028328035e-26,-2.9691851439e-08,-2.0327544074e-25,3.1491394755e-24,-3.3241429882e-25,-4.0438778286e-25,7.3139172584e-09,0.21538247597,0.025481463246,0.04662626594,0.036568420363
naca634221,ok,,30.91641734,195937559.13,2121245.0265,7768136.1635,111167360.25,957685.4239,15186423.412,-4.4655134742e-26,6.5156311143e-25,-1.5882983079e-24,-8.6348171716e-09,1.4186300161e-08,-3.9506010324e-10,5.7198285713e-09,2.9619329473e-24,-4.1485655645e-27,-1.8779699038e-08,-4.0124880582e-26,2.7391497535e-24,-6.3367422772e-26,-3.0422150176e-25,1.3822625646e-09,0.21561234691,0.0085548762845,0.039836343184,0.012133157909
naca634421,ok,,30.941648753,196097449.44,2121797.4604,7807083.375,111189200.97,961746.57635,15214645.511,-8.9006021075e-26,6.5098799745e-25,-1.5858922361e-24,-1.717829291e-08,1.4119076398e-08,-7.9890608866e-10,1.1433135757e-08,2.9481734921e-24,-8.3100908154e-27,-1.9083072893e-08,-7.9597738627e-26,2.7287667367e-24,-1.2664162615e-25,-3.0495671212e-25,2.7794957221e-09,0.21551376791,0.01709739986,0.040490415602,0.024258798413
naca63a210,ok,,30.204549967,191441575.48,488370.04846,1800574.1837,111851926.8,205036.04224,14528384.571,-1.1386008407e-25,1.5633879814e-24,-3.3475778683e-24,-4.6249891299e-08,1.5551893657e-08,-3.230668906e-09,3.1337881931e-08,6.3718970449e-24,-1.1528696975e-26,-1.6360140586e-07,-6.3727422975e-25,5.7434576643e-24,-8.5784221612e-25,-7.6717149574e-25,6.961024186e-09,0.22690245325,0.0098067639172,0.079898026509,0.015304482917
naca641112,ok,,29.636580198,187826668.89,687734.40997,2609998.8228,109723174.82,289829.61242,13762556.336,-4.0730796425e-26,1.2587329638e-24,-2.8644415679e-24,-1.3718771185e-08,1.5655092072e-08,-1.1083375825e-09,8.9790444861e-09,5.462992937e-24,-4.5856025679e-27,-1.0856388867e-07,-1.3921348169e-25,4.8961484335e-24,-2.3098668502e-25,-7.2007799764e-25,3.9586317699e-09,0.21567041868,0.0042235566783,0.074663121919,0.0061751978618
naca64206,ok,,27.963073924,177229016.48,148272.71638,692788.63014,105604972.59,59778.09505,11809650.963,-1.8005091627e-25,2.6101667243e-24,-6.2808729313e-24,-1.313925181e-07,1.658441313e-08,-1.4199583364e-08,8.3003758976e-08,1.2075174413e-23,-2.6896418284e-26,-7.5199289142e-07,-2.8143842611e-24,9.5980817228e-24,-7.0937024627e-24,-2.3976419515e-24,5.83855338e-08,0.20126943784,0.0085569649622,0.11150002871,0.012307192813
naca64208,ok,,28.740538338,182146852.59,285621.16312,1188386.6386,107625960.51,117331.10302,12698944.754,-1.286367488e-25,1.9493724245e-24,-4.5111771617e-24,-6.7029136672e-08,1.6217189511e-08,-6.6527822392e-09,4.3203423433e-08,8.6196276308e-24,-1.7895139195e-26,-3.3758737149e-07,-1.1727705415e-24,7.3481496584e-24,-2.1940960619e-24,-1.4854341741e-24,2.5471190808e-08,0.2084831998,0.0084877442149,0.096422097698,0.012339812052
naca64209,ok,,29.014989308,183886224.0,370454.57389,1491827.7185,108305506.45,153430.0401,13021943.423,-1.1235795202e-25,1.7203476107e-24,-3.9470618568e-24,-5.1308484246e-08,1.6054052871e-08,-4.880804714e-09,3.3344686739e-08,7.5273622516e-24,-1.489191835e-26,-2.4361082901e-07,-7.856245192e-25,6.5431500302e-24,-1.3765956025e-24,-1.2117292011e-24,1.831368455e-08,0.21093067331,0.0084650180623,0.090246745853,0.012352691717
naca64210,ok,,29.246860396,185356274.79,466013.53159,1834437.1915,108855210.44,194389.55711,13297055.759,-9.9658283398e-26,1.5346459909e-24,-3.5042470919e-24,-4.0651379348e-08,1.5909623565e-08,-3.6432081948e-09,2.6496280775e-08,6.6769042975e-24,-1.2480226465e-26,-1.8085904219e-07,-5.352635734e-25,5.8816288146e-24,-9.1502312717e-25,-9.9978277882e-25,1.3383970161e-08,0.21295603305,0.0084563102862,0.084282760968,0.012347625378
naca643218,ok,,30.601910984,193944443.88,1576179.1774,5717408.8348,111255246.07,693456.74357,14885188.688,-5.2452348199e-26,8.132848475e-25,-1.8525303438e-24,-1.1738154292e-08,1.4674397394e-08,-7.3963244212e-10,7.7874884329e-09,3.4994653522e-24,-4.8010760252e-27,-3.8064219545e-08,-6.5436835718e-26,3.2297808807e-24,-1.0525582252e-25,-3.6106539024e-25,2.2510361325e-09,0.21870336033,0.0084813190385,0.059996030253,0.012274477113
naca642215,ok,,30.150251445,191082190.97,1093794.1949,4048596.5398,110657009.92,471485.8989,14367615.515,-6.3636916745e-26,9.8818407192e-25,-2.2456901284e-24,-1.7041337543e-08,1.513068925e-08,-1.2171687653e-09,1.1260616322e-08,4.2564579152e-24,-6.4146093311e-27,-6.0614626451e-08,-1.2517281059e-25,3.8805769338e-24,-2.04073027e-25,-4.9561053954e-25,4.0470437523e-09,0.21785829882,0.0084504828237,0.066299926539,0.012316796765
naca642415,ok,,30.17597374,191245177.57,1094128.0696,4097456.8979,110669054.69,475498.69668,14394275.46,-1.2654761567e-25,9.8667106646e-25,-2.2394751347e-24,-3.3773366699e-08,1.4998373626e-08,-2.4529840932e-09,2.2521507809e-08,4.215599336e-24,-1.2878790811e-26,-6.164293937e-08,-2.4530409918e-25,3.8511255207e-24,-4.0601523959e-25,-4.9721828302e-25,8.0626310368e-09,0.21775120112,0.016894256785,0.06744527026,0.024641413865
naca643418,ok,,30.658397605,194302415.84,1573427.6461,5731079.4056,111350654.31,697827.46592,14953411.36,-1.0443059916e-25,8.1357277307e-25,-1.846659697e-24,-2.3325219753e-08,1.458142715e-08,-1.4305477146e-09,1.5662503988e-08,3.4737745526e-24,-9.2513303599e-27,-3.753479548e-08,-1.2270094518e-25,3.2263372232e-24,-2.0051236595e-25,-3.3756858649e-25,4.1886940278e-09,0.21905963715,0.016917438805,0.059058284897,0.024643816781
naca644221,ok,,31.031712498,196668125.72,2134752.3881,7625328.9474,111612107.36,958986.14393,15360176.154,-4.4665204626e-26,6.8953759791e-25,-1.5771756761e-24,-8.6159381589e-09,1.4220429749e-08,-4.7850086937e-10,5.7243686128e-09,2.9703359147e-24,-3.7563153806e-27,-2.6023688717e-08,-3.7587845634e-26,2.7674305687e-24,-5.9853706463e-26,-2.7459292419e-25,1.2866798929e-09,0.2185912495,0.0085323006999,0.055554131638,0.012220109567
naca643618,ok,,30.672590639,194392374.73,1577570.6414,5839663.5041,111303989.73,704720.74055,14961971.061,-1.5562771483e-25,8.1017720492e-25,-1.8429416481e-24,-3.4584535772e-08,1.4437477521e-08,-2.2671139665e-09,2.3356708426e-08,3.4378339121e-24,-1.453207664e-26,-3.9466075989e-08,-1.9021926207e-25,3.182696968e-24,-3.1436533159e-25,-3.6463279867e-25,6.7509521868e-09,0.21846979025,0.025412421193,0.062260522812,0.036846857494
naca64a210,ok,,30.192976449,191367504.87,488899.78441,1781463.3107,111947372.1,204589.46857,14574730.885,-1.1467874672e-25,1.6311690415e-24,-3.3425180783e-24,-4.6266379269e-08,1.5565971155e-08,-3.7627021955e-09,3.1676191625e-08,6.4107991717e-24,-1.1272007676e-26,-1.9646405073e-07,-6.2524323544e-25,5.791843144e-24,-1.0412498206e-24,-7.3402115125e-25,6.7308386022e-09,0.22779798246,0.0097793239477,0.096051232044,0.015486483257
naca644421,ok,,31.05795285,196834432.48,2135469.4962,7666234.6005,111633893.19,963332.24735,15389623.087,-8.9047854074e-26,6.8869376667e-25,-1.5747942381e-24,-1.714118601e-08,1.4155516113e-08,-9.6526343564e-10,1.1447332868e-08,2.9560394424e-24,-7.5271002212e-27,-2.631614499e-08,-7.4577408143e-26,2.756277318e-24,-1.1963837296e-25,-2.7528935255e-25,2.5823735199e-09,0.21850286135,0.017056335848,0.056197324884,0.024445430153
naca64a410,ok,,30.238060611,191653078.01,489810.47508,1882708.3431,111951673.83,211793.73041,14619987.643,-2.2419999938e-25,1.6168422652e-24,-3.3087328657e-24,-8.9299300355e-08,1.5326798522e-08,-7.703578063e-09,6.3252705729e-08,6.1582328097e-24,-2.265804784e-26,-2.044733985e-07,-1.1563621427e-24,5.6041187458e-24,-2.0147878757e-24,-7.380678352e-25,1.3063676499e-08,0.2276880793,0.019543152218,0.10015321246,0.030981837843
naca64a010,ok,,30.186299073,191310839.69,489479.91812,1749193.2449,111944501.93,202497.87257,14565263.055,-6.8394009867e-32,1.6281363865e-24,-3.3454702136e-24,-4.7640145522e-14,1.559279733e-08,6.6351778743e-15,-3.3618795192e-14,6.4943479921e-24,-3.7449067824e-31,-1.9109836312e-07,-4.7212155041e-29,5.8573945052e-24,-4.4302895997e-29,-7.0898929193e-25,-1.2333567676e-13,0.22711319487,3.9748278917e-09,0.093538811131,-1.6455725118e-08
naca651212a06,ok,,29.915881098,189595950.4,716764.71374,2639307.5775,110524645.2,303097.6678,14125317.83,-1.0398173372e-25,1.3722831801e-24,-2.7776208595e-24,-3.5205526551e-08,1.5676523249e-08,-2.2084685578e-09,2.4129004533e-08,5.342468982e-24,-1.2039785209e-26,-1.5532480505e-07,-3.1260254731e-25,4.8658462417e-24,-5.4967646591e-25,-6.08766624e-25,-4.4168748299e-09,0.22076972456,0.010375177748,0.11133133943,0.017294819027
naca651212,ok,,29.908157253,189547022.3,716694.08587,2613927.3709,110539593.74,301206.01233,14119808.497,-8.0001494564e-26,1.375803402e-24,-2.7808592199e-24,-2.6458951315e-08,1.5585043992e-08,-2.6985458981e-09,1.744052836e-08,5.378793843e-24,-7.7780636934e-27,-1.5464887162e-07,-2.3735140951e-25,4.8929221227e-24,-4.0910898183e-25,-6.115614356e-25,6.6208691685e-09,0.22080198316,0.0084099627753,0.11083593168,0.01249952353
naca651412,ok,,29.934376153,189713177.65,716796.67469,2665900.5845,110549522.32,305104.28545,14146473.796,-1.5859596346e-25,1.3713191714e-24,-2.7697797587e-24,-5.2197624555e-08,1.5391385488e-08,-5.4214164876e-09,3.4882135136e-08,5.2985836852e-24,-1.5640249114e-26,-1.5648584519e-07,-4.5968003541e-25,4.8347882364e-24,-8.1056891937e-25,-6.1486655067e-25,1.3145928873e-08,0.22069193418,0.016811164048,0.11216853346,0.025003398471
naca65206,ok,,28.353803516,179709508.97,154295.66084,687107.29557,106714345.29,62112.865055,12260912.195,-1.7643959996e-25,2.8294134896e-24,-6.0647367099e-24,-1.2699988108e-07,1.6592978581e-08,-1.5851034148e-08,8.0852378867e-08,1.1878898904e-23,-2.0867349097e-26,-9.2137019028e-07,-2.1336056289e-24,9.5878636672e-24,-6.6533474166e-24,-1.91883404e-24,4.9000123865e-08,0.20818235709,0.0085220167507,0.14216342238,0.012475171227
naca65209,ok,,29.334252213,185908678.84,385585.51359,1481726.0117,109251637.95,159166.69699,13423854.642,-1.1044267003e-25,1.877584628e-24,-3.8273296142e-24,-4.9668330323e-08,1.6016027753e-08,-5.6553141743e-09,3.2448071532e-08,7.4251858949e-24,-1.2299358776e-26,-3.216472863e-07,-6.5344901634e-25,6.5675357761e-24,-1.2297329245e-24,-9.9746274326e-25,1.5245150177e-08,0.21661340657,0.0084312111275,0.12402253408,0.012511506327
naca65210,ok,,29.546180454,187252306.85,485120.58302,1822739.7919,109754825.4,201562.71818,13681176.917,-9.8036610733e-26,1.6768167318e-24,-3.4018795226e-24,-3.9318573934e-08,1.5872712709e-08,-4.3098428301e-09,2.5789923781e-08,6.5908755831e-24,-1.0443403614e-26,-2.4532666871e-07,-4.5370719234e-25,5.9040631332e-24,-8.1189251322e-25,-8.3382995054e-25,1.1232068354e-08,0.21837410362,0.0084195940334,0.11901301655,0.012511222861
naca652415,ok,,30.401103119,192671393.71,1139576.8449,4085205.0663,111372605.97,491876.72845,14702864.039,-1.2474458689e-25,1.0784975543e-24,-2.1784936506e-24,-3.2721808371e-08,1.5044486376e-08,-3.0562739572e-09,2.1877116955e-08,4.1734745185e-24,-1.0790515789e-26,-8.9737123007e-08,-2.0713044893e-25,3.8655633893e-24,-3.5322329201e-25,-4.1196743313e-25,6.7472341662e-09,0.22279120954,0.016834689026,0.10226234751,0.024930655916
naca652215,ok,,30.374541343,192503043.83,1139389.0282,4036032.5913,111359319.41,487754.93874,14674837.733,-6.2738746516e-26,1.0812913033e-24,-2.1838386265e-24,-1.6511995888e-08,1.5161389613e-08,-1.521570403e-09,1.0940585611e-08,4.2131186363e-24,-5.3729236028e-27,-8.8928838181e-08,-1.0556357456e-25,3.8959039527e-24,-1.7749492097e-25,-4.1028256194e-25,3.3899514044e-09,0.22289095584,0.0084223738756,0.10132454252,0.012465583207
naca653218,ok,,30.783168319,195092800.27,1646451.0124,5726738.6114,111832022.14,718290.45245,15140656.158,-5.1702947883e-26,8.8876848739e-25,-1.8010391318e-24,-1.1352715133e-08,1.4745643572e-08,-9.5676301854e-10,7.5367513328e-09,3.4644815739e-24,-4.0214096061e-27,-5.7658730361e-08,-5.4798272723e-26,3.2377888533e-24,-9.0697193992e-26,-2.9859867952e-25,1.9026111611e-09,0.22349318766,0.0084599953977,0.094932274977,0.012408891862
naca652415a05,ok,,30.434185473,192880967.24,1140425.5894,4185420.624,111320279.71,500230.93104,14728271.866,-1.6066094986e-25,1.067969991e-24,-2.1725528978e-24,-4.4113589925e-08,1.5419009936e-08,-1.5796884915e-09,3.0374690137e-08,4.1034845674e-24,-1.7688164226e-26,-9.0199231883e-08,-2.3291225075e-25,3.8108545616e-24,-4.1842180903e-25,-4.0518561648e-25,-1.3906506729e-08,0.22256426052,0.020519749679,0.10286551218,0.034640073902
naca65410,ok,,29.572343046,187418110.21,485193.50843,1876751.151,109766833.72,205281.79362,13707591.386,-1.9362464395e-25,1.66940205e-24,-3.381402824e-24,-7.7163186777e-08,1.5572226937e-08,-8.6426704044e-09,5.1593477047e-08,6.4465567704e-24,-2.1152684696e-26,-2.4870252155e-07,-8.6553843884e-25,5.802830051e-24,-1.6039681327e-24,-8.4305387199e-25,2.2132850065e-08,0.21825897713,0.01683220351,0.12066884898,0.02503282014
naca653618,ok,,30.857261502,195562407.38,1647566.1006,5849775.3994,111884186.51,730027.91871,15222182.357,-1.5341077695e-25,8.8386235864e-25,-1.792595825e-24,-3.3443733924e-08,1.4530114225e-08,-2.9082222415e-09,2.2608214013e-08,3.4043244193e-24,-1.2167099321e-26,-5.8754468607e-08,-1.5959227414e-25,3.1898740659e-24,-2.7081900494e-25,-3.0160343369e-25,5.7041432013e-09,0.22329595001,0.025345166489,0.096801870739,0.037248527004
naca654221,ok,,31.174333303,197571715.91,2230506.5736,7656760.2178,112076564.97,991900.46397,15566878.411,-4.4082757571e-26,7.5442620694e-25,-1.5352705597e-24,-8.3407161559e-09,1.4343191449e-08,-6.4721950393e-10,5.533491763e-09,2.9446794177e-24,-3.1888743853e-27,-4.07182457e-08,-3.1931413236e-26,2.7720156444e-24,-5.2113123996e-26,-2.3084910407e-25,1.102289108e-09,0.22342039304,0.0085174502617,0.0908223147,0.012342489752
naca654421,ok,,31.203123714,197754217.63,2231067.1222,7698106.1834,112103613.61,996452.06425,15599895.799,-8.7887094827e-26,7.5313423307e-25,-1.5331431045e-24,-1.6592047639e-08,1.4281941001e-08,-1.3008711614e-09,1.1067552701e-08,2.9305041165e-24,-6.3953490472e-27,-4.0940661104e-08,-6.3433224323e-26,2.7603318645e-24,-1.0426667583e-25,-2.3164782801e-25,2.2106676711e-09,0.22336580286,0.017025304005,0.091341362952,0.024692452955
naca661212,ok,,30.265813765,191813045.67,784590.63378,2693001.5131,111658348.11,325804.28947,14606855.216,-7.6764569225e-26,1.5048468473e-24,-2.6265485323e-24,-2.4525385942e-08,1.5492596343e-08,-3.2320211966e-09,1.6143905084e-08,5.1948390909e-24,-5.8507410372e-27,-2.0642343936e-07,-1.7464831039e-25,4.8227596856e-24,-3.1456148646e-25,-4.4974234019e-25,5.0401576103e-09,0.22688575321,0.0083630692291,0.16195789712,0.012666356722
naca654421a05,ok,,31.234101915,197950367.64,2232794.5704,7784863.8188,112062958.51,1005493.5779,15625381.686,-1.13887134e-25,7.4931720366e-25,-1.53054725e-24,-2.2563247602e-08,1.4463502906e-08,-4.3899466579e-10,1.5363879952e-08,2.9064896826e-24,-1.0353452556e-26,-4.1140608951e-08,-7.0794864198e-26,2.7411772957e-24,-1.2035925674e-25,-2.2893973741e-25,-8.0296489049e-09,0.22313552748,0.020887113062,0.091858528287,0.034304387737
naca66-018,ok,,31.033653237,196680327.06,1808992.9756,5933931.1939,112636017.81,774864.07959,15501654.996,-1.0435998889e-29,9.7410457695e-25,-1.7046555882e-24,-1.807537372e-12,1.4732294682e-08,3.8516455901e-12,6.6674419484e-12,3.3635374009e-24,-6.1432989305e-29,-8.2242750502e-08,-4.4286926793e-29,3.1880941552e-24,-9.0279482234e-29,-2.2500294579e-25,-3.2288960581e-11,0.2283749486,-4.3132439726e-06,0.14877655796,1.206135565e-05
naca66210,ok,,29.943517024,189769689.12,530200.96073,1872259.123,110980329.14,217801.51093,14208316.772,-9.4079122126e-26,1.8352188944e-24,-3.2136066224e-24,-3.6516836559e-08,1.5762246576e-08,-5.0627698367e-09,2.3937088e-08,6.3624080148e-24,-7.9158595129e-27,-3.206499553e-07,-3.4011669092e-25,5.8210552844e-24,-6.4157487287e-25,-6.2431874029e-25,8.4803475194e-09,0.22491253595,0.0083688719365,0.17000891436,0.012691467055
naca66209,ok,,29.756333483,188583114.03,421408.19514,1519931.4799,110539255.36,172095.00987,13974702.282,-1.0588371309e-25,2.0546500821e-24,-3.6119689438e-24,-4.609447066e-08,1.5901576248e-08,-6.5621012175e-09,3.0134978783e-08,7.1614283368e-24,-9.1989759066e-27,-4.138274227e-07,-4.8205222831e-25,6.4763901353e-24,-9.8113538165e-25,-7.4014108491e-25,1.1512428403e-08,0.22349513386,0.0083754572639,0.1743902673,0.012699127019
naca66206,ok,,28.891137904,183117027.21,168475.83296,695882.32014,108248443.26,67325.148404,12904639.591,-1.685386292e-25,3.1004978353e-24,-5.6886500444e-24,-1.17783513e-07,1.6535713122e-08,-1.7657174606e-08,7.5235703049e-08,1.1420676379e-23,-1.354442716e-26,-1.1172653207e-06,-1.2538859486e-24,9.4905158692e-24,-5.5402624491e-24,-1.288136953e-24,3.6540465351e-08,0.21712534654,0.0084639923685,0.18823220555,0.012675397739
naca662215,ok,,30.685725006,194474745.34,1249559.4784,4175718.298,112351861.96,527246.67922,15112744.238,-6.0245144469e-26,1.183254542e-24,-2.0643786139e-24,-1.5296954455e-08,1.5096976201e-08,-1.8920334256e-09,1.0090592219e-08,4.0756567502e-24,-4.0697304769e-27,-1.2313903158e-07,-7.808512732e-26,3.8318123956e-24,-1.3608490891e-25,-3.0490970816e-25,2.6355522782e-09,0.2284775267,0.0083827744257,0.15386954407,0.01260879515
naca663418,ok,,31.094749589,197067025.51,1809075.7085,5993438.5804,112754303.8,781009.7139,15579709.901,-9.8984440674e-26,9.7034215433e-25,-1.701147879e-24,-2.0883316912e-08,1.4647795808e-08,-2.4665183182e-09,1.3860897287e-08,3.333659781e-24,-6.2343048952e-27,-8.2172319003e-08,-8.2167248571e-26,3.1592945644e-24,-1.4126508422e-25,-2.2860819164e-25,3.0301143015e-09,0.22897703469,0.016852058034,0.14865594622,0.02507541258
naca663218,ok,,31.065849321,196883831.79,1808739.3873,5947728.7346,112733521.45,776425.57827,15547340.55,-4.9687065938e-26,9.7286326208e-25,-1.7037416872e-24,-1.0510841866e-08,1.4719421045e-08,-1.2303273806e-09,6.9300821088e-09,3.354390133e-24,-3.1061903966e-27,-8.1926537412e-08,-4.1480877983e-26,3.176639666e-24,-7.072084709e-26,-2.2767670701e-25,1.5154006269e-09,0.22903979237,0.0084303860182,0.14818375508,0.012534712468
naca662415,ok,,30.715436601,194663090.02,1249767.9252,4225276.3921,112372537.14,531637.55758,15145426.741,-1.1984241639e-25,1.1790647853e-24,-2.0600721225e-24,-3.0323815191e-08,1.4997565734e-08,-3.7905510593e-09,2.0184834305e-08,4.039059181e-24,-8.1852188041e-27,-1.2359077689e-07,-1.5369056789e-25,3.8018451766e-24,-2.7139903421e-25,-3.0657480273e-25,5.2429699391e-09,0.22842284681,0.016758110628,0.15445978882,0.02522635849
naca671215,ok,,31.037665547,196704488.55,1368106.7259,4339541.3239,113601372.18,566102.95182,15636420.628,-5.7552072668e-26,1.2344298236e-24,-1.953999633e-24,-1.4263119162e-08,1.4915713708e-08,-2.0310835783e-09,9.2745888972e-09,3.9232378646e-24,-3.0963961685e-27,-1.3934535612e-07,-6.0360356701e-26,3.7316902785e-24,-1.0505701537e-25,-2.2818616557e-25,1.9579617233e-09,0.23347527792,0.0083331903272,0.19063931893,0.01268862745
naca664221,ok,,31.442702563,199271949.31,2459240.2332,7988754.13,112915618.27,1074579.3201,15958500.191,-4.2333284416e-26,8.2584106737e-25,-1.4513203066e-24,-7.697329108e-09,1.4342877164e-08,-8.6150635811e-10,5.0611255402e-09,2.8498674782e-24,-2.5099301158e-27,-5.8928092019e-08,-2.4720334464e-26,2.7120231682e-24,-4.1275060281e-26,-1.8023224063e-25,9.1573499537e-10,0.2290114464,0.0084967536088,0.14491833476,0.012446523554
naca747a315,ok,,30.499977104,193298031.26,1169190.1613,4186407.555,111638883.27,504753.11536,14834296.316,-1.1603179693e-25,1.043717773e-24,-2.1473590279e-24,-3.6681809818e-08,1.5734628632e-08,2.2116454485e-09,2.2366355837e-08,4.1017578871e-24,-1.7446224973e-26,-8.0933369656e-08,-6.2921179983e-26,3.8064623792e-24,-1.4779658577e-25,-3.8213280201e-25,-3.8801389074e-08,0.22266219883,0.014160016541,0.094626499526,0.026150523189
naca747a415,ok,,30.51990143,193424282.54,1169531.0067,4227834.485,111641921.39,508305.01407,14854415.481,-1.4602849456e-25,1.0390513395e-24,-2.1438562983e-24,-4.4296407548e-08,1.581331006e-08,1.4576780206e-09,2.7688263688e-08,4.0711704468e-24,-1.9827453509e-26,-8.095898245e-08,-1.1061749493e-25,3.7831387023e-24,-2.288726841e-25,-3.8063742986e-25,-3.6824660892e-08,0.22249573126,0.018358037915,0.094684040249,0.032382282906
nacacyh,ok,,30.946275678,196177514.33,743024.64185,2730497.8435,113967398.36,321113.86426,15597483.402,-3.9300526523e-25,1.1725936858e-24,-2.6435945236e-24,-1.6301748938e-07,2.0126588527e-08,7.8215649726e-09,8.5452128702e-08,4.8960813682e-24,-4.1040388383e-26,-5.2903625024e-08,-2.5504597007e-25,4.5594551522e-24,-5.3207197542e-25,-4.2719666224e-25,-9.9238625309e-08,0.23257152401,0.044982532225,0.039308697036,0.063493037324
nacam3,ok,,31.153588456,197517537.96,792884.07745,2619814.0292,114956248.84,327524.18133,15948436.363,8.5986324751e-32,1.2561301915e-24,-2.568981856e-24,-3.33555003e-16,1.4870577687e-08,-6.6293619532e-17,1.9996380246e-16,4.9954241647e-24,1.5531283179e-31,-7.6520143981e-08,1.6793923942e-30,4.6629009403e-24,8.1871246583e-30,-3.6334194905e-25,2.7917026023e-15,0.23716246193,3.2609685228e-10,0.060671603767,1.5854811504e-10
nacam2,ok,,30.516713554,193527361.83,340325.25626,113545441.15,1195600.1153,136763.47912,15119282.509,-1.8147638321e-31,1.8862479609e-24,-3.9955075088e-24,-1.3110052542e-15,1.5551535221e-08,3.0007719982e-16,-4.6723007931e-15,7.7497362821e-24,-5.9493220447e-31,-2.0526722177e-07,-7.0552637826e-31,6.8998083375e-24,1.2528132642e-29,-8.9844571692e-25,2.6402418123e-15,0.23512805446,2.6419971287e-10,0.06985761985,-1.5901019647e-09
nacam12,ok,,31.199554064,197807592.9,789781.83345,2671458.7971,114908125.36,332479.66478,15988919.389,-1.2015052555e-25,1.2637814297e-24,-2.5661086276e-24,-4.5378166521e-08,1.535973389e-08,2.0808793163e-09,2.8686457825e-08,4.9234726898e-24,-1.2826549185e-26,-8.6270041154e-08,-1.3276936535e-25,4.6105832782e-24,-3.1121733404e-25,-3.5295495469e-25,-3.5094794633e-08,0.23708548183,0.01232264534,0.068134511275,0.022656043257
nacam18,ok,,31.335524442,198674761.75,799993.46126,2987563.4507,114891247.17,359220.5542,16127624.509,-3.9178118265e-25,1.1849996952e-24,-2.5239556178e-24,-1.458993259e-07,1.7970722687e-08,1.3234662618e-09,8.5386049956e-08,4.5772914806e-24,-3.1916976704e-26,-7.9467087656e-08,-1.5895101874e-25,4.3135102221e-24,-4.6469877623e-25,-3.4036450461e-25,-6.2647494715e-08,0.23672210779,0.047107192498,0.06357315051,0.068308281648
nacam6,ok,,31.089756192,197032230.79,811915.36495,2767522.4921,114353739.12,344583.77213,15787019.393,-1.1497178632e-25,1.2353174964e-24,-2.5225310925e-24,-4.5102268687e-08,1.5697250534e-08,4.2005329855e-09,2.8743032956e-08,4.8409604701e-24,-1.1396037762e-26,-7.7922719882e-08,-3.7681557051e-27,4.596954558e-24,-1.3597699798e-25,-2.5049156169e-25,-5.2596380989e-08,0.23482481484,0.011289370274,0.063266653551,0.023336910092
ncambre,ok,,30.940062398,196148190.58,704139.94375,2417590.9059,114277154.3,293461.218,15634110.399,-7.7401316514e-26,1.2534630018e-24,-2.7410489527e-24,-3.6268011859e-08,1.5338804733e-08,3.8591975045e-09,1.7918248758e-08,5.257159845e-24,-1.1122010648e-26,-6.4708089041e-08,-3.9024125755e-26,4.8628071837e-24,-1.3904683373e-25,-4.4555448628e-25,-4.0368761557e-08,0.23305698817,0.0078834343696,0.045563550177,0.012616954672
nl722343,ok,,29.905514269,189531691.35,395924.12011,1481236.0016,111277160.92,161379.6809,14212837.237,-1.2721966872e-25,1.6984454545e-24,-3.7515257443e-24,-6.7185776506e-08,1.5634251132e-08,-2.4677548391e-09,3.2790227143e-08,7.2136134419e-24,-1.5422854308e-26,-2.0339093735e-07,-7.4083528313e-25,6.3320230768e-24,-1.2710841037e-24,-1.0287741976e-24,-1.0577723329e-09,0.22204405577,0.010804515914,0.080527377908,0.01298244183
nlf0115,ok,,30.892675948,195785915.96,1195634.3567,4049576.1149,113041745.41,511654.88809,15411030.436,-1.0329179426e-25,1.074226345e-24,-2.0983906305e-24,-3.0945361506e-08,1.50012749e-08,-4.9191023607e-10,1.7087154399e-08,4.0730625634e-24,-7.8101925901e-27,-8.0218854341e-08,-1.0441571548e-25,3.835557295e-24,-1.9316599018e-25,-2.9033731431e-25,-9.6737988526e-09,0.22881875966,0.014701146054,0.095912418304,0.020429988857
nlf414f,ok,,30.127559802,190956078.21,1114400.717,4037174.4408,110492115.11,473815.64017,14330487.142,-1.4054457474e-25,1.1925461671e-24,-2.2188914615e-24,-3.7309709317e-08,1.5166760839e-08,-4.4625807356e-09,2.499231086e-08,4.2933408729e-24,-1.3630365713e-26,-1.3757004712e-07,-3.027596977e-25,3.940295133e-24,-5.2020059351e-25,-4.9719199355e-25,5.648802134e-09,0.21877649041,0.018263612376,0.15330815915,0.027851449142
nlr1t,ok,,30.828301055,195426151.63,452474.06887,1486592.0854,114253831.38,181403.85298,15514062.612,-1.1496878987e-25,1.8813840608e-24,-3.3959861642e-24,-6.2941557298e-08,1.5860071111e-08,2.4091263642e-09,3.3390505578e-08,6.7608142139e-24,-1.2676519571e-26,-2.5940133829e-07,-2.6676840609e-25,6.3029825965e-24,-6.4037594293e-25,-4.519998161e-25,-5.2205169478e-08,0.23678433339,0.0091762743279,0.11737237901,0.015108337921
nl722362,ok,,30.540082387,193551751.21,438532.39966,1471382.377,113186823.92,175776.66502,15075235.856,-1.1675185615e-25,1.8744009362e-24,-3.4662634234e-24,-6.4319413696e-08,1.5976474734e-08,2.3923385188e-09,3.4211570569e-08,6.8996150509e-24,-1.3331266126e-26,-2.6085336696e-07,-2.9654830538e-25,6.4175927878e-24,-6.8090839108e-25,-4.7801483682e-25,-5.316676514e-08,0.2317661818,0.0091406944112,0.11439265297,0.015002882138
nlf415,ok,,30.844022706,195477996.94,1146857.7699,3897070.9132,112672204.41,494938.57717,15311356.762,-1.0704502137e-25,1.2568550448e-24,-2.1419506651e-24,-2.2231828064e-08,1.4724177584e-08,-7.7672621737e-09,1.6977902719e-08,4.1829759039e-24,-5.941487466e-28,-1.417653863e-07,-2.4221179671e-25,3.9364634945e-24,-3.957631647e-25,-3.0044907401e-25,4.2444850315e-08,0.23249524324,0.015894807409,0.16258473478,0.019471239649
nlr7301,ok,,30.886980639,195792914.21,1527249.1343,5402601.1303,112740340.01,656405.83598,15376898.918,-4.2869944035e-26,7.7998279351e-25,-1.8755974952e-24,-9.1613729089e-09,1.3881954908e-08,-2.4320735731e-09,4.2903263382e-09,3.5576547366e-24,4.6354760145e-28,-2.8725728786e-08,-1.0438273871e-25,3.2547580877e-24,-1.484201563e-25,-3.9626162468e-25,1.9900895202e-08,0.2152635998,0.0088271545293,0.043871344422,0.0065523971861
nn7mk20,ok,,30.746398421,194860309.95,1360341.68,5175848.1895,111766791.65,615739.28788,15095776.452,-1.5726914176e-25,8.6224942448e-25,-1.9905423119e-24,-3.7044504623e-08,1.4628497302e-08,-2.4629857048e-09,2.5723251835e-08,3.6444983082e-24,-1.5833623755e-26,-4.3304881985e-08,-2.8826939812e-25,3.3247693837e-24,-4.8405289735e-25,-4.6198865279e-25,8.2673573881e-09,0.2236692665,0.02394900053,0.058909435913,0.034992411618
npl9510,ok,,30.510571301,193563526.15,597621.83145,2342629.0062,113234926.0,256682.59008,15090724.362,1.8963824594e-26,1.1612685323e-24,-3.0710158952e-24,2.1835379806e-08,1.5667111278e-08,-1.1692120154e-08,-1.114366933e-08,5.5626285265e-24,2.9463604678e-26,-4.993372347e-08,-7.1168050987e-25,4.7610515121e-24,-9.4718222903e-25,-1.0199245204e-24,1.1899759636e-07,0.22613863614,0.0013037935347,0.029841483272,-0.0066597000739
npl9615,ok,,30.910613913,195907675.41,684540.88426,2315388.3735,114158893.18,283437.46869,15578876.129,-6.1432559133e-26,1.3287730989e-24,-2.7781138961e-24,-2.7993031196e-08,1.5176122045e-08,2.3730908666e-09,1.4634074449e-08,5.3836368697e-24,-8.1885430285e-27,-8.9882131341e-08,-5.0602818216e-26,4.998122044e-24,-1.3834970047e-25,-4.2884933264e-25,-2.8440847085e-08,0.2328957862,0.0060572549339,0.061527993667,0.010017622264
npl9626,ok,,31.01540334,196628445.99,755569.69399,2586705.3991,114482330.28,316190.26755,15739017.987,-4.3550123327e-26,1.1973715088e-24,-2.644187475e-24,-1.7665851154e-08,1.4902500691e-08,1.332718739e-09,1.0231170979e-08,5.0577832451e-24,-5.52598292e-27,-5.4497993432e-08,-5.6221335818e-26,4.6859169319e-24,-1.0555232162e-25,-4.2871606719e-25,-1.5289275932e-08,0.23320098269,0.0044585083077,0.04117703222,0.0077303627261
npl9627,ok,,31.052908618,196866078.15,779745.82541,2691664.6647,114578907.12,327014.31884,15791168.38,-5.7046377767e-26,1.1369268275e-24,-2.6010614595e-24,-2.2123049403e-08,1.485452559e-08,1.5553214845e-09,1.327174301e-08,4.9445760936e-24,-6.8379537122e-27,-3.6601581311e-08,-8.8376083606e-26,4.5790696784e-24,-1.5287207902e-25,-4.2214780825e-25,-1.6680486378e-08,0.23265757437,0.0059656444549,0.028539930231,0.010348586208
nplx,ok,,30.104328857,190792466.5,562105.91384,2075282.3564,111640037.35,234201.77612,14448125.68,1.0723345803e-26,1.3748044526e-24,-3.1484570646e-24,1.6302643293e-08,1.5640678208e-08,-8.350052975e-09,-5.6029760718e-09,5.9968195986e-24,1.4226468636e-26,-1.1604012721e-07,-3.0420343426e-25,5.3350631205e-24,-4.2921182371e-25,-8.0634284177e-25,8.0352873295e-08,0.22146448006,0.00034971049844,0.065226841749,-0.0031494659851
npl9660,ok,,30.391356472,192692806.68,686412.99374,2383018.1584,112513432.89,282480.51597,14854017.006,-6.2460650509e-26,1.3164504783e-24,-2.8008161296e-24,-2.8050401259e-08,1.5372407279e-08,2.12138068e-09,1.4545984302e-08,5.4476065291e-24,-8.8638280551e-27,-9.8846330253e-08,-5.4153242478e-26,5.0376463553e-24,-1.4693730348e-25,-4.7836612084e-25,-2.7942267546e-08,0.22503872906,0.0061478187124,0.067849405469,0.0099845526318
p51droot,ok,,30.61203872,194007956.03,1370728.6056,4901519.6397,111801936.47,592068.75906,14967253.309,-6.3410486643e-26,8.8785306933e-25,-1.9848261994e-24,-1.5155630574e-08,1.4728517337e-08,-1.0891781235e-09,1.0142503532e-08,3.7754084388e-24,-4.8992499736e-27,-4.5229928293e-08,-1.1718292557e-25,3.4793394795e-24,-1.8502485342e-25,-3.8315947716e-25,3.9608192964e-09,0.22097614063,0.0094914358798,0.061997956542,0.013902619724
p51dtip,ok,,29.52144276,187094610.52,637552.50564,2433323.186,109326970.56,268456.40305,13606808.102,-9.5083652579e-26,1.5370555848e-24,-2.9804363213e-24,-3.2886837498e-08,1.5965138076e-08,-3.6159033813e-09,2.2945114581e-08,5.7453043028e-24,-1.2012229992e-26,-2.3350884175e-07,-3.4612297854e-25,5.1274001107e-24,-6.7152792288e-25,-7.9033179421e-25,1.529379465e-09,0.2174182574,0.0089179494217,0.14887414715,0.014628715294
oaf117,ok,,30.595553951,194354331.35,543622.87571,2501606.975,113964035.48,244665.98172,15358055.361,-1.5265371216e-25,8.1827218615e-25,-3.2437184656e-24,-5.796921126e-08,1.4787379234e-08,2.6192677196e-09,4.4054833096e-08,5.2591429017e-24,-4.0251692235e-26,9.6970565575e-08,-1.3307897156e-24,4.2196462248e-24,-2.0979975806e-24,-1.5196751071e-24,-3.5629369791e-09,0.22632911772,0.01398580702,-0.052715417717,0.023949215057
p51hroot,ok,,30.677746064,194424571.35,1341689.1586,4490460.1082,112078624.36,568933.99734,15069669.978,-6.7687342513e-26,1.139699664e-24,-1.9890058334e-24,-1.7100489796e-08,1.5097160106e-08,-1.4114131194e-09,1.1528478848e-08,3.9258962588e-24,-5.1641130621e-27,-1.1460627824e-07,-7.2714481248e-26,3.7104490291e-24,-1.2941136811e-25,-2.7097640763e-25,-3.0458301276e-09,0.22706195038,0.0093356088747,0.15376600103,0.015467635086
p51htip,ok,,30.210202974,191461472.6,786943.19277,2717776.6393,111363181.04,328043.18075,14515351.93,-8.9250757037e-26,1.5013435734e-24,-2.6197288243e-24,-2.9344802115e-08,1.5579673619e-08,-2.706089543e-09,1.9769423141e-08,5.1749166546e-24,-7.9107906961e-27,-2.0698676638e-07,-1.8708799449e-25,4.8245998942e-24,-3.4985653878e-25,-4.2319941635e-25,-4.5415240783e-09,0.22550934467,0.0092904158909,0.1628868268,0.015557412966
pfcm,ok,,30.062217239,190632839.03,314514.67453,1199377.0517,112051206.91,130826.06964,14479306.763,-1.4310055198e-25,2.0061459367e-24,-4.1839518787e-24,-7.2335403642e-08,1.5733110671e-08,-6.0201951189e-09,4.9516877744e-08,7.9451966545e-24,-1.7570012425e-26,-3.2509663216e-07,-1.4413356395e-24,6.9292999297e-24,-2.5768451094e-24,-1.1485870915e-24,9.7011999455e-09,0.22913345144,0.0097541816802,0.10224766146,0.015573784688
pmc19sm,ok,,29.399971235,186448868.62,383214.84241,1630078.0842,110098588.47,162853.02012,13624354.179,-1.1508042124e-25,1.4942482514e-24,-3.9165187079e-24,-8.0061456769e-08,1.7659634549e-08,1.0926527455e-08,3.3543282104e-08,7.1514387445e-24,-5.2917890471e-26,-1.6451728484e-07,7.5167488885e-25,5.9172018416e-24,4.4067542563e-25,-1.4979950217e-24,-1.4237690627e-07,0.21517861685,0.0080533934674,0.063045465382,0.012854283565
prandtl-d-centerline,ok,,30.268027232,191829098.52,714116.83251,2979211.9006,111283473.02,325257.24585,14561848.791,-2.6441891425e-25,1.0997236604e-24,-2.74114792e-24,-8.753571312e-08,1.5378528751e-08,-2.25398692e-09,6.4817145896e-08,4.8425583224e-24,-2.8705032845e-26,-5.6450773077e-08,-5.0552154206e-25,4.4281040094e-24,-9.8328503465e-25,-5.8562122889e-25,-6.8171509072e-09,0.22111229678,0.027981487252,0.040312447263,0.04628701492
psu-90-125wl,ok,,30.410683947,192731940.35,818313.37791,3042004.4778,111972361.46,352337.25536,14790800.181,-1.6095609122e-25,1.1345653124e-24,-2.5662215924e-24,-5.1158019249e-08,1.5145905591e-08,-2.198800272e-09,3.4673930761e-08,4.8092166048e-24,-1.5821170541e-26,-6.7803515622e-08,-4.0738469417e-25,4.4115230641e-24,-6.8849964356e-25,-5.1086857712e-25,2.0936111931e-09,0.22457809993,0.018190547889,0.055484523903,0.028374141406
psu94097,ok,,30.099980254,190905218.73,473358.42253,2118088.0923,111702139.59,216117.49062,14482655.345,-3.3762089467e-25,1.4009841335e-24,-3.344448101e-24,-1.4007478467e-07,1.5686949188e-08,-5.6553793105e-09,1.0119351273e-07,5.7350539635e-24,-5.5115375367e-26,-1.3387654429e-07,-1.7456240046e-24,5.1276545767e-24,-3.4385944365e-24,-1.0311019632e-24,-8.7370388734e-09,0.22335729556,0.029850969749,0.06337158982,0.047900801557
r1046,ok,,31.442745463,199272580.47,1625210.5685,6404555.8821,112677576.49,791029.11936,15921516.657,-2.7167579e-25,7.9740792081e-25,-1.7678072125e-24,-6.0267273497e-08,1.5300154744e-08,-6.2359460493e-10,4.6630418441e-08,3.1040509877e-24,-2.1425460266e-26,-4.1883576431e-08,-1.6896530278e-25,2.9710630115e-24,-3.3465404183e-25,-2.1664006032e-25,-2.2801421454e-08,0.22621130391,0.043608021671,0.068069631061,0.075784248863
pt40,ok,,31.39374382,199028896.82,752439.37324,2831955.6479,115488061.83,330867.64479,16272690.321,-1.8229515937e-25,9.9338200003e-25,-2.6174036072e-24,-6.0131519597e-08,1.4204987879e-08,8.3793426432e-10,4.5855895769e-08,4.6927561962e-24,-1.7321209071e-26,6.1509279446e-09,-4.989458811e-25,4.353766839e-24,-7.9242362222e-25,-4.2992919289e-25,-7.4396773082e-09,0.22874330993,0.019332631086,-0.0046282003675,0.034503781472
prandtl-d-wingtip,ok,,30.149471348,191077444.42,452500.20041,1717711.1408,111971729.71,187613.78811,14534992.679,5.0851357788e-29,1.3579687305e-24,-3.4978369698e-24,5.384540183e-12,1.5488819206e-08,-9.629852357e-12,-2.1192402581e-11,6.5547066889e-24,4.6477582815e-28,-3.6416968939e-08,3.8112758247e-27,5.7903879569e-24,5.3408877107e-27,-8.552243307e-25,7.230249477e-11,0.22512987265,2.0436603448e-06,0.016478685743,-9.5895664153e-06
r1145ms,ok,,31.95482282,202577774.36,2093303.1412,7038612.5523,115224279.11,931918.34047,16834015.284,-1.7591528324e-25,7.5278676275e-25,-1.5529031663e-24,-3.5996910617e-08,1.3836799183e-08,-8.0577415518e-10,2.5231207195e-08,2.9245762811e-24,-1.2423285591e-26,-3.546461298e-08,-1.2207348776e-25,2.7887218366e-24,-1.9698224204e-25,-1.889359389e-25,-8.3223541096e-09,0.22821428152,0.031778230953,0.074238185753,0.052816565279
r1080,ok,,31.235802593,197961262.07,1729037.2522,5963506.1194,113053740.43,767052.45844,15762449.498,-1.3480475949e-25,8.7439849377e-25,-1.7360579998e-24,-3.1813381788e-08,1.4871574198e-08,-1.1156538458e-10,2.0824863542e-08,3.304151072e-24,-1.2474625011e-26,-5.492947588e-08,-7.5226698957e-26,3.1244892337e-24,-1.4239734279e-25,-2.3928248398e-25,-1.6142095074e-08,0.22816569982,0.021580901353,0.094975110043,0.036006964837
r1082,ok,,31.281011068,198247796.15,1718634.5918,5915621.3438,113244097.37,762547.39796,15834999.664,-1.3712791474e-25,8.7335767323e-25,-1.7390295792e-24,-3.2118464791e-08,1.4802569876e-08,-3.7240434796e-10,2.1154315302e-08,3.3072130757e-24,-1.1924681711e-26,-5.3308505604e-08,-7.7953099961e-26,3.1312334404e-24,-1.4655885224e-25,-2.3305379708e-25,-1.3860065792e-08,0.22899584994,0.022074195255,0.091617841766,0.036356538044
r1082t,ok,,30.974376228,196304844.13,1346626.9292,4712179.1441,112876925.95,590348.43979,15471960.433,-1.3873035803e-25,9.8684349413e-25,-1.9778609543e-24,-3.6709334298e-08,1.5109926796e-08,-5.3219144364e-10,2.4061975428e-08,3.7619276453e-24,-1.3692941266e-26,-6.9017209197e-08,-1.0957279069e-25,3.5314805926e-24,-2.1246511125e-25,-3.0126560717e-25,-1.5582463476e-08,0.22853485908,0.019570709082,0.092940432482,0.032402504081
r1145msm,ok,,33.577799552,212946188.52,4852426.7734,14764766.839,115052820.4,2185717.1385,18615701.091,-1.6382960237e-25,6.4344270651e-25,-1.0123080393e-24,-1.8345302387e-08,1.1419743164e-08,-7.4011222301e-09,1.0896797975e-08,1.9646851582e-24,7.9867724411e-27,-4.4103347246e-08,7.840722518e-26,1.8594697802e-24,1.1511133882e-25,-1.6068347512e-25,3.4562430648e-08,0.23700068856,0.058381856698,0.21400826298,0.052875914239
r1145msf,ok,,34.102965865,216254510.93,3871381.7752,14313999.226,116623298.01,2027822.0883,19450883.838,-1.9736162047e-25,3.2429546515e-25,-1.1077891008e-24,-3.2054094244e-08,1.2915170336e-08,5.2102453959e-09,2.2658992854e-08,1.8800808257e-24,-2.0721698801e-26,1.2945954917e-08,-2.9430093657e-26,1.7759791926e-24,-4.5137907274e-26,-1.4802806949e-25,-2.9990934658e-08,0.21225161424,0.052308638881,-0.050118733929,0.08772161198
r140,ok,,30.563241067,193694732.11,723896.00505,2486867.0878,112720793.92,303906.45673,15035809.935,-2.8470595798e-26,1.4319376147e-24,-2.7173055595e-24,-1.0657089714e-08,1.55406686e-08,3.973364158e-11,6.9475328458e-09,5.3083333009e-24,-3.1925555592e-27,-1.5027330676e-07,-4.3652884809e-26,4.9148591908e-24,-1.1076302643e-25,-4.2132595417e-25,-7.1149252932e-09,0.23331894626,0.0027342724589,0.10878224643,0.005029291272
r140sm,ok,,30.583277076,193823420.4,724605.94616,2488907.2543,112789410.58,304358.36806,15065239.474,-2.7658925388e-26,1.4301424301e-24,-2.713444276e-24,-1.0391561406e-08,1.5500197301e-08,6.917216039e-11,6.7565880192e-09,5.3038635449e-24,-3.1558731483e-27,-1.5054074179e-07,-3.9411593698e-26,4.9070040942e-24,-1.0644699506e-25,-4.1534025237e-25,-7.1650865187e-09,0.23317165081,0.002654281535,0.10908271664,0.0048958638545
rae100,ok,,29.926496919,189665734.8,470287.90652,1862425.8709,111258351.81,196984.64645,14230886.278,1.0321282892e-31,1.2016062055e-24,-3.4596002698e-24,1.5300515952e-15,1.5410557475e-08,-2.0529152425e-15,-1.4089408103e-14,6.3610894097e-24,9.0616960262e-32,9.2268561289e-09,-3.3141267043e-30,5.5453811092e-24,-1.7023193563e-29,-9.6841584392e-25,2.9315383929e-15,0.21930589091,-1.7475452651e-10,-0.0043392788527,-6.6260782409e-09
rae104,ok,,30.329952301,192220333.99,536567.04741,1845123.6524,112353488.26,219575.15917,14758306.435,-1.6697656006e-32,1.6939950635e-24,-3.1758764492e-24,-1.1283591509e-15,1.5559035585e-08,-2.8686356498e-15,-1.309245682e-14,6.2729965834e-24,-1.4195077479e-31,-2.308588983e-07,5.1976164751e-30,5.7350621364e-24,-9.5907816149e-30,-5.7972576867e-25,-3.8408519721e-15,0.22962501499,5.4104078786e-11,0.12387127743,-7.0249808993e-09
rae2822,ok,,30.064859507,190541544.94,716542.39189,2633242.3621,111083399.75,302914.22975,14338581.105,-3.6569963306e-26,1.2894360342e-24,-2.7801009728e-24,-5.6499798048e-09,1.5406789435e-08,-6.2055697468e-09,5.1934617537e-09,5.3190710355e-24,5.4075199566e-27,-1.1681159543e-07,-3.029820621e-25,4.8036304338e-24,-4.2716495096e-25,-6.3890912212e-25,5.329929103e-08,0.22216061642,0.0052996793273,0.083700459988,0.0037213355072
rae101,ok,,29.930608307,189691054.51,463657.60142,1782153.3491,111214454.79,193752.64299,14227765.561,1.2568385327e-32,1.370782991e-24,-3.4765756917e-24,2.0372613189e-15,1.5587826506e-08,-2.7646075978e-15,-1.502091393e-14,6.5141082022e-24,-1.848435774e-31,-6.6080112977e-08,-1.6813669551e-30,5.7303487508e-24,-3.1009717024e-29,-9.1772894002e-25,4.3120409155e-15,0.22177994114,-2.0943442749e-10,0.030638546684,-6.9645609239e-09
rae102,ok,,30.022606362,190273576.25,478909.34032,1782153.3159,111459774.27,199197.53285,14346014.42,4.6572021978e-32,1.4778624166e-24,-3.4060804694e-24,-2.5467149715e-15,1.5608589087e-08,4.3481351749e-16,-2.2761472944e-15,6.4873853736e-24,2.5800268685e-33,-1.2057230437e-07,2.9779270597e-30,5.7700685746e-24,-3.7192230517e-29,-8.2634780164e-25,-1.4282036826e-16,0.22392104411,5.0092890529e-10,0.057743202749,-1.0900681993e-09
rae103,ok,,30.157880464,191130351.07,504754.38083,1808527.8134,111840597.78,208533.10027,14524550.166,-1.3595958922e-32,1.5851798359e-24,-3.2983437417e-24,-3.0927364846e-15,1.5596547347e-08,-8.1763510058e-15,-9.8114219153e-15,6.3958616319e-24,-1.9943647333e-31,-1.7635129411e-07,-1.8028149126e-29,5.7646021482e-24,-3.6668616117e-29,-7.0936679805e-25,-4.0690855274e-15,0.22653283435,4.5271597812e-10,0.089014088268,-4.9523581939e-09
rae5212,ok,,30.493214716,193256445.5,730552.53383,2635428.9409,112541451.83,309469.12518,14944676.836,-1.1153382638e-25,1.2091414245e-24,-2.7190593153e-24,-3.7115071187e-08,1.4824323513e-08,-3.5304651463e-09,2.2574564705e-08,5.1627395275e-24,-6.875155925e-27,-7.4554416513e-08,-4.2890782252e-25,4.7158041246e-24,-6.5051833596e-25,-5.5520890697e-25,2.1600439434e-08,0.22524241848,0.012992232504,0.054465917891,0.016491905445
rae5214,ok,,29.461901095,186722385.38,461830.13283,1856936.0091,109847117.18,191394.26492,13620747.909,-1.0832385216e-25,1.3012036958e-24,-3.524916635e-24,-4.7883798716e-08,1.5212504168e-08,-3.4247365054e-09,2.5315128586e-08,6.5737785298e-24,-1.0937793751e-26,-6.8449083646e-08,-7.9613835149e-25,5.644898333e-24,-1.1917234764e-24,-1.1750856255e-24,2.8648998775e-08,0.2107756159,0.010320735445,0.031611849392,0.011691289197
rae5213,ok,,29.468433605,186763793.75,481141.2714,1941270.379,109818958.42,200601.15086,13623406.631,-1.1511645444e-25,1.2717477702e-24,-3.4534046675e-24,-4.953927285e-08,1.5237254248e-08,-3.032759616e-09,2.7351855657e-08,6.4190808435e-24,-1.3402584371e-26,-6.5169514708e-08,-7.7092497756e-25,5.5186017102e-24,-1.1741547788e-24,-1.1543537239e-24,2.3428607159e-08,0.21075052576,0.01092836664,0.031355743163,0.013160106606
rae5215,ok,,30.254539696,191915188.87,474618.27774,1817191.9089,112758698.95,196978.01986,14774106.124,-1.1165230179e-25,1.3610021733e-24,-3.4380979646e-24,-4.7435817698e-08,1.479630971e-08,-4.5810490792e-09,2.6200055765e-08,6.3825248383e-24,-9.2292714908e-27,-8.2566380589e-08,-9.682544515e-25,5.4803035692e-24,-1.4241702098e-24,-1.1440186301e-24,3.7000183657e-08,0.22369822614,0.010974766847,0.039187513355,0.012435025344
raf15,ok,,30.729646874,194749441.99,213290.75985,855074.41395,113926345.3,90373.800956,15359028.548,-2.9009062738e-25,2.165758369e-24,-4.858505718e-24,-2.183944805e-07,1.8549228595e-08,9.696180531e-09,1.3619962756e-07,8.8077018052e-24,-2.7591860665e-26,-1.951968032e-07,-1.0204825747e-24,8.2358220031e-24,-2.9539338109e-24,-5.165321625e-25,-1.5817967876e-07,0.23688844667,0.016354110713,0.041633674475,0.029050122053
raf26,ok,,29.831795671,189057487.97,198597.94548,871721.04215,111303552.72,85109.611567,14147550.44,-2.6569718902e-25,2.2572425629e-24,-5.221893372e-24,-1.6519891931e-07,1.557207884e-08,-1.2665966521e-08,1.2066697294e-07,9.3373481734e-24,-3.8318650562e-26,-3.8026432336e-07,-4.5986247203e-24,7.9684853296e-24,-7.8944720942e-24,-1.6753944444e-24,3.8169927247e-08,0.22789699454,0.014800525484,0.07551971336,0.023964212913
raf25,ok,,29.34541176,185974922.15,188346.14235,794113.55125,109957059.3,76757.743052,13528242.974,-1.3801095475e-25,2.2304007128e-24,-5.5091601068e-24,-8.6941031745e-08,1.613945837e-08,-6.5934434497e-09,6.2450438309e-08,1.0272551843e-23,-2.0495775153e-26,-3.4652774083e-07,-3.0549324814e-24,8.4930114538e-24,-4.8269316191e-24,-1.9347022394e-24,2.7103165708e-08,0.22078441989,0.0071327434341,0.065267163204,0.011762299144
raf19,ok,,31.737394675,201141643.72,372730.61276,4476298.7194,113498575.57,325096.07322,16347780.225,-6.4489636906e-25,7.3963211537e-25,-3.4415983943e-24,-2.2803750849e-07,2.1320752955e-08,8.5536562758e-09,3.2810270207e-07,2.8834235401e-24,-6.4057356612e-26,1.7416972549e-08,-9.2284333161e-25,3.0745755437e-24,-3.4349668151e-24,-4.3187867213e-25,-9.9158068057e-08,0.22800460623,0.066855124341,-0.0064918388508,0.12229392119
raf27,ok,,30.302139352,192040165.59,481060.5842,1739211.3135,112352726.03,198125.21037,14730649.657,1.937563123e-31,1.4844083292e-24,-3.3680678883e-24,-7.75445625e-16,1.5572621965e-08,-4.4093192407e-15,3.8436218122e-15,6.4525073707e-24,4.2337345366e-31,-9.7614714039e-08,-2.7312001725e-29,5.8149758906e-24,3.5502851132e-29,-6.9062493375e-25,-3.7567212402e-15,0.22939483841,-1.7103522714e-11,0.046958591362,1.8490149544e-09
raf28,ok,,30.339706477,192278328.77,478256.59513,1813890.8283,112341099.73,203451.57371,14766075.989,-1.5731393723e-25,1.4637270017e-24,-3.3580796302e-24,-6.6407885012e-08,1.5724774274e-08,-9.1055103367e-10,4.712467521e-08,6.2526347888e-24,-1.8454324235e-26,-1.0006924554e-07,-6.6703730427e-25,5.6720824866e-24,-1.1972188628e-24,-6.7929754349e-25,-1.3788628199e-08,0.22944050928,0.012867237775,0.047858776648,0.022537686712
raf30md,ok,,29.455546628,186673932.07,268349.63384,1063004.2249,110055795.75,108728.29064,13636687.673,1.527362456e-31,1.879099805e-24,-4.6205704185e-24,2.2994492899e-15,1.6165963162e-08,-3.4883377537e-15,3.2313309907e-15,8.7769658036e-24,2.792102697e-31,-2.0201301964e-07,9.981663029e-30,7.465749294e-24,-8.1170929323e-29,-1.4215715895e-24,-7.9023230063e-16,0.22045019057,-2.6895640496e-10,0.054210119852,8.6712648816e-10
raf31,ok,,30.795711701,195169636.99,831254.74624,3012872.5158,113292494.4,357775.41425,15346162.95,-1.2562871193e-25,1.1159429827e-24,-2.5279617934e-24,-3.7326032502e-08,1.4905956947e-08,-2.1607117761e-09,2.8093698749e-08,4.7320640489e-24,-1.0116084272e-26,-5.1684214771e-08,-3.4845444523e-25,4.3689670074e-24,-5.6813940833e-25,-4.3980198683e-25,8.2231567138e-09,0.23043245286,0.014032403354,0.042962748834,0.023353020425
raf30,ok,,30.723930512,194714670.59,821927.99151,2903777.2716,113199439.11,347259.33741,15261187.403,-1.1086497849e-31,1.1159270698e-24,-2.5522692701e-24,-2.2563577145e-15,1.5050260694e-08,4.4150451585e-15,-6.2296167122e-16,4.8553503885e-24,-2.9530059183e-31,-4.4299686383e-08,4.5268394202e-30,4.4709387863e-24,2.9648240197e-30,-4.3982288117e-25,-6.0973022016e-15,0.22968484891,2.9721919032e-10,0.036411152253,-5.1202963522e-10
rae69ck,ok,,30.064859507,190541544.94,716542.39189,2633242.3621,111083399.75,302914.22975,14338581.105,-3.6569963306e-26,1.2894360342e-24,-2.7801009728e-24,-5.6499798048e-09,1.5406789435e-08,-6.2055697468e-09,5.1934617537e-09,5.3190710355e-24,5.4075199566e-27,-1.1681159543e-07,-3.029820621e-25,4.8036304338e-24,-4.2716495096e-25,-6.3890912212e-25,5.329929103e-08,0.22216061642,0.0052996793273,0.083700459988,0.0037213355072
raf32,ok,,30.401530451,192668206.62,617500.13508,2360865.397,111491335.78,383491.07027,14721837.727,-2.9686643894e-25,1.1079908547e-24,-2.4925655692e-24,-8.6296113853e-08,1.4508167108e-08,6.4720762023e-09,8.9727896509e-08,4.5743066885e-24,4.662329653e-26,1.7104280172e-07,1.265282058e-24,4.9196802849e-24,1.9232463799e-24,9.0487735724e-25,2.0879785069e-08,0.22374548081,0.034887663183,-0.10561895316,0.055406988214
raf48,ok,,31.175151609,197574575.28,1168284.7099,4207011.832,113889043.41,515225.79313,15814172.569,-1.4936740543e-25,9.1099278408e-25,-2.1116424626e-24,-4.2955022089e-08,1.5095947793e-08,1.9471610284e-09,2.9664037703e-08,3.9139882276e-24,-1.4619562641e-26,-2.6836040298e-08,-1.5399886992e-25,3.6722540138e-24,-2.8090994664e-25,-2.9839872854e-25,-2.5269293289e-08,0.22984403888,0.019142460373,0.031352135553,0.034656041681
raf6,ok,,30.544333316,193574482.17,527943.95602,1811909.8998,112967935.3,260043.47213,15059927.03,-3.5031432742e-25,1.4838218868e-24,-2.9039073703e-24,-1.4907437572e-07,1.7804895684e-08,8.2673775715e-09,1.0633491406e-07,5.5807265084e-24,4.7654315321e-26,-2.2562953764e-08,1.3695283535e-24,5.7813760802e-24,1.3367384127e-24,7.5149214904e-25,-6.5819301077e-08,0.22963448054,0.034845812864,0.01191197507,0.056138875194
raf32md,ok,,30.192868043,191347494.72,377397.98777,1483463.9464,111509302.61,235196.85832,14518020.989,-3.0246084698e-25,1.3937938061e-24,-3.1759444989e-24,-1.126370158e-07,1.4806069588e-08,9.3657759063e-09,1.1748593294e-07,5.8109737658e-24,4.7612311267e-26,2.9734082101e-07,2.0431316824e-24,6.2533826545e-24,3.1064910941e-24,1.1762315017e-24,2.6210689967e-08,0.2250274071,0.027880169412,-0.11221582753,0.044338954682
raf34,ok,,30.758670554,194934876.7,821971.09212,2987627.9575,113162460.24,353696.51128,15290878.974,-1.0910368087e-25,1.0976125048e-24,-2.5471928285e-24,-4.0620228343e-08,1.5640735948e-08,3.8395262158e-09,2.6683835267e-08,4.7669590831e-24,-1.6343533709e-26,-4.3753951532e-08,-9.3089059041e-26,4.3961836252e-24,-2.3377019431e-25,-4.3534713601e-25,-4.3926508885e-08,0.22945137783,0.010804997254,0.035964483325,0.021933341216
raf38,ok,,30.276169072,191873384.44,611053.35263,2081690.1041,111609395.69,352696.01417,14612212.338,-1.5389548445e-25,1.1787745593e-24,-2.4611469454e-24,-5.2313713002e-08,1.5685895356e-08,1.0081949584e-08,5.059674453e-08,4.8407922766e-24,2.9758817676e-26,2.1428845663e-07,5.4962157016e-25,5.2963640044e-24,6.8280455737e-25,8.9190587237e-25,-2.0655510267e-08,0.22362428568,0.016822624129,-0.13094167986,0.030917310377
raf33,ok,,30.989889908,196401004.77,829349.9072,3413800.3302,113192280.32,388183.50157,15526988.914,-2.4549561943e-25,1.0189012813e-24,-2.5133801549e-24,-8.6164630434e-08,1.7833548858e-08,7.3142759099e-09,6.2728403368e-08,4.3614349183e-24,-3.6782021396e-26,-4.3712139699e-08,-2.0176810542e-25,4.045573684e-24,-5.2224387719e-25,-4.2571154986e-25,-9.1780255021e-08,0.22887501251,0.025326440888,0.036252659003,0.052023795512
raf6prop_sm,ok,,32.099251042,203444907.66,880536.42954,3074486.08,117370291.03,399364.97686,17287360.334,-3.6113347717e-25,1.2196758659e-24,-2.3416243633e-24,-1.2962749754e-07,1.7813377512e-08,2.4723011346e-09,8.0413562414e-08,4.2912906891e-24,-8.6222608266e-27,-8.8966784003e-08,-7.4208160184e-26,4.2218247822e-24,-3.6045617785e-25,-6.6700166214e-26,-7.0106323067e-08,0.24495774441,0.044946449023,0.078338494333,0.070807071135
raf89,ok,,31.59263335,200218719.14,2658785.9686,8167842.391,112230062.62,1507254.5107,16026014.946,-4.8634468764e-26,5.7146217269e-25,-1.19675854e-24,-7.2567691636e-09,1.3215261149e-08,5.9165621618e-10,6.9571546445e-09,2.3681774551e-24,7.1874770254e-27,3.7176941084e-08,5.454116175e-26,2.603262184e-24,7.7872626955e-26,3.8412919146e-25,1.0321107843e-09,0.21196832494,0.011267577449,-0.098845529309,0.01849758515
raf69,ok,,31.0431579,196736134.07,1755368.718,5540174.9714,112099598.72,999075.81411,15445233.023,-6.2639220717e-26,7.0219608457e-25,-1.4621780575e-24,-1.1768068572e-08,1.4013446505e-08,1.3718662838e-09,1.1211532227e-08,2.9005525545e-24,9.8855693775e-27,6.7097903673e-08,1.003348865e-25,3.1943223429e-24,1.4054587871e-25,4.9311995808e-25,2.2100663415e-10,0.21648106861,0.01180499284,-0.11778156115,0.019680372952
rc0864c,ok,,30.528904961,193527804.88,350506.8801,1194127.0325,113420997.74,140796.27871,15100927.536,-9.5193470673e-26,2.0972424712e-24,-3.8979309721e-24,-5.3650046848e-08,1.5664700835e-08,-3.6757071085e-10,3.2164090506e-08,7.7182803675e-24,-1.2223311639e-26,-3.4871563224e-07,-3.6702513281e-25,7.0340357339e-24,-8.2880609111e-25,-6.8761741879e-25,-3.2755271113e-08,0.232810096,0.0064801877529,0.1222272283,0.011273735014
rc08b3,ok,,30.570159629,193793695.37,361147.9331,1227044.721,113519575.23,145124.70505,15155863.45,-9.9862500198e-26,2.0808407635e-24,-3.8317507751e-24,-5.8290087576e-08,1.5940396693e-08,1.8815313089e-09,3.476173611e-08,7.579790078e-24,-1.4642208806e-26,-3.3736393414e-07,-2.4975131973e-25,6.950605655e-24,-7.235723968e-25,-6.3060137302e-25,-5.508380785e-08,0.23451267553,0.0065850573379,0.12183828752,0.012554129147
rc08n1,ok,,29.779499696,188799321.27,296440.68818,1183383.5416,111125039.93,124199.22621,14085195.578,-1.543653364e-25,1.9530433245e-24,-4.3342285331e-24,-1.0181717274e-07,1.7543879403e-08,7.3589366784e-09,5.8279333331e-08,8.1577622258e-24,-4.2205963761e-26,-3.1344808616e-07,-3.1733553405e-25,7.0003659408e-24,-1.7732398357e-24,-1.2282576346e-24,-1.2817516168e-07,0.2242157358,0.0090785881805,0.092918766369,0.01727636568
rc1064c,ok,,30.868170507,195684914.13,577979.79332,1907542.2446,114228425.33,233261.4894,15552165.737,-7.409850922e-26,1.6534740466e-24,-3.0325111032e-24,-3.2875671644e-08,1.5350053859e-08,1.737158413e-10,1.9680317798e-08,5.9958487317e-24,-1.003345673e-26,-2.0836309792e-07,-1.8024816183e-25,5.5185761576e-24,-3.481723962e-25,-5.3105409803e-25,-2.2235040951e-08,0.2360682269,0.0064444176823,0.12042966027,0.011374826013
rc10b3,ok,,30.965741633,196292442.63,590439.40916,1946224.8184,114497006.94,241572.72116,15686143.952,-1.1941137809e-25,1.637539573e-24,-2.9701204056e-24,-5.519606106e-08,1.5803906907e-08,2.4368087048e-09,3.2868796982e-08,5.8457519735e-24,-1.3479568789e-26,-1.9757663784e-07,-1.2597237501e-25,5.4935844959e-24,-3.6204659982e-25,-3.7512266487e-25,-5.3563026055e-08,0.23665712076,0.010273416831,0.11665703331,0.01940703307
rc1264c,ok,,31.159138145,197476161.33,793604.56056,2350340.334,114876257.82,350676.46447,15930694.33,-5.8889169427e-26,1.4041444073e-24,-2.4021447301e-24,-2.1902194612e-08,1.4992254991e-08,1.3546329303e-09,1.4598110998e-08,4.8920225024e-24,4.3240587164e-27,-6.4485832298e-08,7.9104307128e-26,5.0377657363e-24,6.8692089451e-26,3.1262714252e-25,-1.4339051578e-08,0.23707637274,0.0064886447045,0.051176250604,0.011585127464
rc10n1,ok,,30.314247331,192182375.44,484757.1302,1795077.1238,112439847.53,204902.87992,14764639.725,-1.1361008223e-25,1.573377634e-24,-3.3636061609e-24,-5.8619583762e-08,1.6401704404e-08,5.0945604113e-09,3.445675857e-08,6.3630515769e-24,-2.5365451518e-26,-1.7480550159e-07,-1.7082161548e-25,5.6870038221e-24,-5.4229917422e-25,-7.9812087828e-25,-7.408827243e-08,0.22896962395,0.0085373521578,0.084738213295,0.016703159401
rc12b3,ok,,31.287084431,198327260.78,883399.11293,2873354.4969,115136548.5,367846.33709,16106675.842,-1.2153041942e-25,1.3399553976e-24,-2.4114218235e-24,-4.510532915e-08,1.5556130195e-08,2.3020117682e-09,2.8629025355e-08,4.7158542046e-24,-1.142296333e-26,-1.2967823809e-07,-6.7414853096e-26,4.4926222101e-24,-2.0093927078e-25,-2.4420645467e-25,-4.6425495365e-08,0.2380760297,0.012529839736,0.1145576405,0.025290855602
rc12n1,ok,,30.716549367,194729355.26,721255.41945,2556531.0575,113346465.79,307429.93564,15281827.848,-8.4355487045e-26,1.3079975504e-24,-2.7325306966e-24,-3.5463460358e-08,1.5676304172e-08,3.4065026835e-09,2.157351893e-08,5.1940284743e-24,-1.5664201335e-26,-1.0938535166e-07,-7.2931515975e-26,4.7490790857e-24,-2.0866093161e-25,-5.3989125615e-25,-4.4978322789e-08,0.23202196213,0.0076957051864,0.078894777693,0.015560017445
rc410,ok,,30.529825162,193549185.72,545938.64346,2073232.924,113102163.27,231084.98929,15065901.16,-1.5790339893e-25,1.2761758022e-24,-3.1559198e-24,-7.3390799405e-08,1.6333229539e-08,6.7522500986e-09,4.6175720976e-08,5.8214846158e-24,-3.2147501573e-26,-5.8541855171e-08,-3.7297471643e-25,5.2058829175e-24,-7.1151201225e-25,-7.5874981212e-25,-7.864216169e-08,0.22589837452,0.012858569995,0.031960260998,0.02520911047
rc510,ok,,30.443298663,193000757.17,516037.45386,1951616.7092,112829685.73,219171.25407,14943475.631,-1.6803793876e-25,1.4032693798e-24,-3.2482447397e-24,-8.1212116372e-08,1.6776731211e-08,6.5595956354e-09,4.9652336956e-08,6.0303767565e-24,-3.44937396e-26,-1.0762786263e-07,-3.7150443726e-25,5.4034457286e-24,-7.9458492356e-25,-7.7675758401e-25,-8.8204805348e-08,0.22714645356,0.013413265179,0.055540008195,0.025622465541
rcsc2,ok,,31.031227707,196709489.65,611463.10114,1953452.7621,114846223.41,244278.73859,15801337.012,-4.4176401092e-26,1.5707528792e-24,-2.9198668413e-24,-1.5864519711e-08,1.4857795739e-08,-2.2458056378e-09,1.0269442956e-08,5.828188829e-24,-1.5981146083e-27,-1.6332311018e-07,-1.5788438115e-25,5.4699035469e-24,-2.4189560384e-25,-3.7445345065e-25,1.0112061105e-08,0.23539080435,0.0044568457946,0.099866055437,0.0062793854372
rg12,ok,,29.896818356,189475746.65,441645.77318,1666609.301,111078850.59,181998.96638,14178033.962,-1.2655343934e-25,1.546613229e-24,-3.5410034633e-24,-5.8762209734e-08,1.5751380944e-08,-1.834883131e-09,3.5097937044e-08,6.7568081551e-24,-1.6450410011e-26,-1.3864405317e-07,-5.1813769447e-25,5.9996090925e-24,-9.8473446258e-25,-8.6365620438e-25,-4.8871003834e-09,0.22258240752,0.010496694543,0.061231560059,0.015500855543
rg12a,ok,,29.841907187,189127519.29,413600.35288,1585198.7725,110936803.31,171015.2565,14108080.321,-1.7015613297e-25,1.5899941382e-24,-3.6563157648e-24,-8.3763138614e-08,1.5953603828e-08,-1.590648685e-09,4.858311376e-08,6.941918776e-24,-2.4020063493e-26,-1.506080082e-07,-6.997721144e-25,6.1493817675e-24,-1.3534455815e-24,-9.2123866738e-25,-1.5959800502e-08,0.22184762993,0.013719373964,0.06229152534,0.020093992995
rg12a189,ok,,29.841906997,189127518.12,413604.97075,1585178.8758,110936876.14,171012.44412,14108089.468,-1.7015218333e-25,1.5900409861e-24,-3.6562939352e-24,-8.3762835952e-08,1.595343263e-08,-1.5920962934e-09,4.857912921e-08,6.9419919457e-24,-2.4017110818e-26,-1.5062926516e-07,-6.9995186383e-25,6.1494366772e-24,-1.3536387678e-24,-9.2123786121e-25,-1.5948581009e-08,0.22184769301,0.013719521923,0.062301012811,0.020092569316
rg14,ok,,29.805209667,188895215.49,363333.65558,1407403.8998,110903522.5,149626.95838,14068827.679,-1.5703418949e-25,1.6636114974e-24,-3.9018547866e-24,-8.1263984499e-08,1.6046402485e-08,-8.5180064285e-10,5.0014747388e-08,7.387218602e-24,-2.3384951104e-26,-1.5422734128e-07,-7.9312623615e-25,6.5144045998e-24,-1.5550258439e-24,-9.7992490296e-25,-2.1365202382e-08,0.22209686152,0.011449399571,0.056035983699,0.018172041001
rg149,ok,,29.956173623,189850973.0,416878.02979,1578803.8906,111315958.81,171759.61147,14264310.126,-1.4647619742e-25,1.5585054917e-24,-3.6353303267e-24,-7.1606030409e-08,1.5893126679e-08,-2.2805150494e-10,4.3466920746e-08,6.8965388017e-24,-2.0801998885e-26,-1.2540343358e-07,-6.4365931998e-25,6.1478961734e-24,-1.1507614936e-24,-8.6638831697e-25,-2.1177640225e-08,0.22298610804,0.011488074042,0.05227793632,0.018120404282
rg1410,ok,,30.192383782,191348180.76,525771.00136,1938671.8568,111910236.64,217755.44526,14568109.506,-1.2961974746e-25,1.3995639618e-24,-3.2214317072e-24,-5.645301023e-08,1.5633580331e-08,3.5969370229e-11,3.4484775301e-08,6.1268849492e-24,-1.6543649076e-26,-9.3344394027e-08,-4.2553009251e-25,5.5381195559e-24,-7.3905291921e-25,-6.8906811007e-25,-1.7272430266e-08,0.22465520544,0.011448149326,0.04907777552,0.018131094842
rg1495,ok,,30.078035528,190623395.26,469785.13452,1754097.5229,111624921.72,194057.99506,14420726.139,-1.3755468088e-25,1.4749535907e-24,-3.4164156841e-24,-6.3362378603e-08,1.5760224135e-08,-7.5724876822e-11,3.8585416025e-08,6.4896053015e-24,-1.8527974902e-26,-1.0772769719e-07,-5.2232078265e-25,5.8275921005e-24,-9.1664831291e-25,-7.7179429584e-25,-1.90826424e-08,0.22388704183,0.011467050643,0.050608870718,0.018126854858
rg14a147,ok,,29.335087052,185916714.91,235632.70313,965479.21206,109694953.85,95738.875746,13482609.579,-1.7520143011e-25,2.0157429912e-24,-4.8840656498e-24,-1.1499006169e-07,1.6560062073e-08,-1.0153956816e-09,6.787712262e-08,9.2485002469e-24,-3.1982704672e-26,-2.6416797831e-07,-1.3443667132e-24,7.8705669598e-24,-2.9703415058e-24,-1.4511001612e-24,-3.6474923758e-08,0.21785612515,0.010248376653,0.06224661481,0.015994069884
rg15,ok,,29.695867831,188202241.74,392716.53725,1562249.0798,110516907.51,163845.95092,13918674.897,-1.7399902724e-25,1.5392744598e-24,-3.7684848278e-24,-8.2677941342e-08,1.5713347306e-08,-3.1796563717e-09,5.1567746e-08,7.0432539683e-24,-2.3934918499e-26,-1.2200408928e-07,-1.0425612181e-24,6.1642170408e-24,-1.8600368492e-24,-1.0552730301e-24,5.3749918392e-09,0.21972224811,0.013739959637,0.047913023471,0.020251506643
rg15a111,ok,,30.196491252,191374846.7,619575.72224,2327948.9214,111730360.6,261385.2333,14549922.191,-1.4048522572e-25,1.2462630028e-24,-2.9717453813e-24,-5.3884780469e-08,1.5371352648e-08,-1.3241824093e-09,3.3459533683e-08,5.5819592979e-24,-1.6121028547e-26,-6.5751636044e-08,-4.763958375e-25,5.0341239571e-24,-7.8765636732e-25,-6.7459828024e-25,-1.182099058e-09,0.2234097144,0.01401565742,0.040738117391,0.020730714748
rg15a213,ok,,30.618097318,194046708.12,885745.66612,3248802.5319,112630680.13,380804.49432,15082564.801,-1.612820216e-25,1.0486496678e-24,-2.4573631343e-24,-5.179368123e-08,1.4986018618e-08,-9.8139507266e-10,3.2583438671e-08,4.5990324068e-24,-1.5703904766e-26,-4.2546041321e-08,-3.3768020754e-25,4.2337002086e-24,-5.4958856962e-25,-4.672468889e-25,-2.8239392043e-09,0.22518727054,0.01948113035,0.037684971711,0.02886063959
rg8,ok,,30.151721599,191091259.66,574986.55189,2224976.8094,111607795.23,245629.3857,14491095.682,-1.7147870286e-25,1.265798157e-24,-3.0832701703e-24,-6.3003108116e-08,1.4951482156e-08,-4.8136206697e-09,4.1497659745e-08,5.71380611e-24,-1.6168906025e-26,-6.4130367398e-08,-7.9055152901e-25,5.1214005585e-24,-1.2950414719e-24,-7.5289720429e-25,3.0489533174e-08,0.22348844835,0.017150126279,0.036874098821,0.023860596288
rhodesg30,ok,,30.251222885,191717972.97,486022.45972,2023822.8815,111909992.67,214081.64916,14626320.671,-3.9803161588e-25,1.345385666e-24,-3.2816224178e-24,-1.9900939708e-07,2.2027750479e-08,1.220886704e-08,1.1521573845e-07,5.8245811892e-24,-6.3666483563e-26,-6.6176275014e-08,-1.0654326926e-24,5.350264716e-24,-1.9576605926e-24,-7.1260048045e-25,-1.5487462804e-07,0.22531596446,0.035173010169,0.032163155957,0.0559974366
rhodesg32,ok,,30.783516925,195093211.16,749656.58895,2996832.8774,113065148.65,336817.91201,15305925.912,-3.8543294563e-25,1.0885679052e-24,-2.620257742e-24,-1.5386968669e-07,2.1128962802e-08,1.0524069162e-08,9.1469059641e-08,4.6510395761e-24,-4.9256224772e-26,-3.8149976226e-08,-5.6468506232e-25,4.3627830769e-24,-1.0137065113e-24,-4.5194414878e-25,-1.2052720499e-07,0.22724472484,0.042672935273,0.028599381046,0.068570383245
rhodesg34,ok,,31.24391951,198010946.04,1060115.3245,4127819.4517,113892335.65,486188.36751,15887797.501,-3.7704961799e-25,9.108557485e-25,-2.1865536947e-24,-1.2542021951e-07,2.0460808037e-08,9.3832162671e-09,7.6403136802e-08,3.8752400492e-24,-3.9504968857e-26,-2.4219148458e-08,-3.2071959468e-25,3.6827796263e-24,-5.824933876e-25,-3.0569483896e-25,-9.9342793189e-08,0.22804926476,0.050084055735,0.025675090425,0.08099613616
rhodesg36,ok,,31.389811088,198936487.0,1444544.6672,5524063.6796,113582965.31,666721.74258,15999515.446,-3.7240435481e-25,7.8959944333e-25,-1.8668972595e-24,-1.0530225869e-07,1.979848551e-08,7.4440258656e-09,6.4228849705e-08,3.3347421205e-24,-3.4390879667e-26,-2.3036341076e-08,-2.288673617e-25,3.1923323412e-24,-4.0669201319e-25,-2.3573089091e-25,-8.1757059804e-08,0.22394455303,0.05818124056,0.033277023655,0.092781442325
s1010,ok,,29.046315037,184086322.88,178386.03825,742504.49317,109023382.17,69554.386885,13141757.257,2.1808632211e-31,2.0757166259e-24,-5.6900484933e-24,-8.997748024e-15,1.6158919826e-08,-2.894205004e-15,2.8878076225e-15,1.085020348e-23,6.2746993021e-31,-1.8376467964e-07,1.2466011553e-30,8.9561820997e-24,-6.0471412016e-29,-1.9110789795e-24,-1.9830842315e-14,0.21235660188,3.3292469764e-10,0.03278105317,5.1514456099e-10
s1012,ok,,30.349321325,192343659.09,860915.69198,2954259.4059,111991061.75,351905.8943,14733580.812,7.1626395001e-33,1.2463680141e-24,-2.5110634193e-24,-1.995757379e-15,1.5136468258e-08,-5.6698892296e-16,-3.0526183778e-17,4.9385652438e-24,3.1120198728e-32,-1.114193421e-07,7.9597150036e-32,4.5534588098e-24,-4.2959985253e-30,-4.5974424325e-25,-3.2114645036e-15,0.22301437829,4.5028281264e-10,0.095922660005,-2.628047063e-11
s1020,ok,,31.08293132,196991769.03,1159246.0141,4431599.6435,113115737.27,533435.91797,15616312.506,-2.6079897971e-25,9.7004007756e-25,-2.1061174107e-24,-6.5516919523e-08,1.420217483e-08,-4.8281794453e-09,4.9220821024e-08,3.7983701482e-24,-1.7923498192e-26,-5.5814324223e-08,-3.6783488568e-25,3.5915543297e-24,-6.6129507675e-25,-3.1195905734e-25,1.3833007751e-08,0.22932281619,0.036643322401,0.064702532888,0.057059040585
s1016,ok,,31.081372604,196982327.29,1858716.9023,6087835.6193,112945542.19,785853.29391,15596110.34,9.6071727068e-32,8.8240008696e-25,-1.6805405678e-24,4.0044457201e-16,1.4417728097e-08,-8.0074971838e-16,-6.3088030188e-16,3.3109112293e-24,1.9650158561e-31,-5.8963616661e-08,7.8031230285e-31,3.129863841e-24,-5.1907092023e-31,-2.2599063061e-25,1.2033845385e-15,0.22486047825,-1.0204379612e-10,0.10959667091,-1.1726278804e-09
s1014,ok,,30.867188014,195625124.39,1606961.6305,5341858.5121,112484445.67,678908.88125,15315105.219,3.0643117774e-32,9.6332457939e-25,-1.8166160308e-24,4.234564676e-16,1.4678926924e-08,7.0122354694e-16,3.9781717865e-15,3.5748815028e-24,8.4359917021e-32,-7.3496785485e-08,-2.9326595586e-30,3.3624787702e-24,-2.8702614038e-30,-2.6801618696e-25,3.6384135576e-15,0.22480931034,2.6782464854e-10,0.11810651424,6.3927694204e-09
s1046,ok,,30.853761282,195540103.26,1389903.8166,5171809.0306,112423255.73,616688.02171,15291667.885,-1.9285892978e-32,7.414679971e-25,-1.9643066942e-24,3.3683929242e-16,1.4497921025e-08,-3.6211221642e-16,8.0679528971e-16,3.6122773506e-24,-5.5830569033e-32,-2.0357828681e-09,-6.6759609393e-31,3.3211122275e-24,-6.5104079579e-31,-3.7069384735e-25,5.1192863632e-16,0.22169739334,-1.3773483261e-10,0.0028295423781,1.1213678524e-09
s102b,ok,,30.629253114,194187717.61,1116272.0209,4043141.2864,112306625.78,484471.88534,15060873.97,-1.1484383104e-25,1.0153997022e-24,-2.2040954841e-24,-3.2680120001e-08,1.48546896e-08,-2.0669875991e-09,1.8719437809e-08,4.1603150384e-24,-1.0635750264e-26,-6.7649632009e-08,-2.1923516312e-25,3.7893502029e-24,-3.7418826536e-25,-4.9348275238e-25,6.2444046501e-09,0.22521148798,0.016514073976,0.075515391433,0.020895984672
s102s,ok,,30.433354076,192876215.01,1116943.9901,4047111.123,111415361.66,484300.9424,14739499.679,-1.1503521046e-25,1.0195160971e-24,-2.2004184908e-24,-3.2625671868e-08,1.4938976203e-08,-2.1782762687e-09,1.8551658445e-08,4.1885101236e-24,-8.7163981749e-27,-6.7957500143e-08,-1.9083125517e-25,3.8590098026e-24,-3.2857193944e-25,-4.2593822465e-25,7.1685563102e-09,0.22185980153,0.016571089383,0.075904721366,0.020721163406
s1048,ok,,30.397837246,192650819.18,923098.02206,3516804.5192,111786580.46,400932.74925,14754277.642,-8.948910234e-32,9.1816184631e-25,-2.4374429249e-24,-1.6087978865e-15,1.5060835384e-08,-1.1463261448e-15,7.5477662151e-16,4.490370817e-24,-2.2871779704e-31,-7.9547515674e-09,-2.1866345855e-30,4.0562062739e-24,1.1047683141e-30,-5.3990205415e-25,-1.6049550188e-15,0.22221174677,5.0203116078e-10,0.0073430154379,6.9673280641e-10
s2027,ok,,30.220954567,191530245.91,1024769.0716,3995051.2372,110781062.84,452670.83064,14453646.763,-1.603601457e-25,9.1633748352e-25,-2.3063336348e-24,-4.7166733666e-08,1.5372011795e-08,5.4473149186e-10,3.1695241189e-08,4.2347716775e-24,-2.0107685943e-26,-3.0907992287e-08,-2.8298873013e-25,3.8650487266e-24,-4.9253000759e-25,-4.9861664501e-25,-1.4944670383e-08,0.21755920758,0.019880152195,0.031673554561,0.032480302887
s1091,ok,,29.274944875,185543807.47,72543.436213,1686737.5149,109673020.59,75950.365818,13494131.529,-7.1965802782e-25,1.7045408228e-24,-6.6503358191e-24,-5.7664672025e-07,1.8117131243e-08,-4.9860416936e-08,9.7656571272e-07,1.8656465502e-24,-3.6084927898e-25,-7.3306401609e-07,-8.8513184747e-24,4.4250468453e-24,-5.3604614036e-23,-4.6129467281e-24,-5.7119054018e-08,0.210713185,0.042883222312,0.053178982691,0.070843432488
s2046,ok,,28.747161967,182192309.55,372374.55075,1728375.0619,107665542.26,159764.05864,12719755.736,-2.4698372222e-25,1.2983863065e-24,-3.9372216659e-24,-1.1128410607e-07,1.4866818208e-08,-6.6674335476e-09,7.4030896906e-08,6.9889929088e-24,-4.0090221185e-26,-4.7224915276e-08,-2.2667902401e-24,5.8764045883e-24,-3.781885769e-24,-1.603564324e-24,6.0353290404e-08,0.20273321011,0.019735870603,0.01758535661,0.027567221977
s2048,ok,,29.651246126,187919195.01,372610.85423,1471196.9783,110310227.05,155307.07161,13849682.249,-1.9422006343e-25,1.6694690131e-24,-3.8503301358e-24,-9.1674901896e-08,1.5493034836e-08,-6.4221798818e-09,5.8611473496e-08,7.2604119105e-24,-2.0870029619e-26,-1.7614663219e-07,-1.3805372473e-24,6.4133485185e-24,-2.3937126689e-24,-1.0119766496e-24,2.524838137e-08,0.21954896217,0.015098902199,0.065634147088,0.021839271207
s2060,ok,,29.353913982,186035604.38,310972.88752,1304244.0978,109564262.47,129738.82842,13484234.671,-1.944939898e-25,1.6481837532e-24,-4.2515405603e-24,-9.7713120712e-08,1.5565188393e-08,-5.7481752033e-09,6.6534838522e-08,7.8451818121e-24,-2.6110872297e-26,-1.3426885933e-07,-1.9417364785e-24,6.7683516615e-24,-3.2353387348e-24,-1.3142333915e-24,2.9544644557e-08,0.21493196425,0.013501239141,0.041753974888,0.020690530856
s2055,ok,,29.771918664,188683526.33,339899.85551,1285141.9093,110738103.26,138836.69758,14015205.067,-1.7521915486e-25,1.8803700855e-24,-4.0084400974e-24,-9.2878966701e-08,1.606879523e-08,-3.3778252522e-09,5.7233656635e-08,7.7273160849e-24,-2.1191589569e-26,-2.5308632477e-07,-9.4520256334e-25,6.9201246092e-24,-1.8898368489e-24,-8.7568589207e-25,-1.6298207179e-08,0.22226078269,0.012392143785,0.086024005222,0.019453711621
s3,ok,,29.872668436,189319085.23,584270.31661,2318490.4429,110781307.97,247301.03953,14119996.729,-1.1827039318e-25,1.1425676823e-24,-3.1047889215e-24,-5.8062958263e-08,1.6436598391e-08,6.1333937378e-09,2.927932943e-08,5.7278380017e-24,-2.7122354663e-26,-2.5916165977e-08,-9.7565417326e-26,5.0110271714e-24,-3.3058762055e-25,-8.6272881517e-25,-6.4309130789e-08,0.21898631141,0.0108791355,0.0151420465,0.017107043076
s3002,ok,,29.23853769,185305477.77,495051.04153,2128828.2843,108785416.67,212244.09945,13287002.105,-2.6256058888e-25,1.2585781753e-24,-3.371103182e-24,-1.1132114281e-07,1.5735035316e-08,-2.3118277961e-09,6.9903638133e-08,6.1202279234e-24,-4.4620742566e-26,-7.7008240385e-08,-1.2408579208e-24,5.3494740881e-24,-2.164215003e-24,-1.1047579317e-24,-5.5561916467e-09,0.20732686667,0.023382794627,0.038123009609,0.034605868864
s2091,ok,,29.285516898,185603873.15,475886.36466,2303703.2702,108634250.77,218600.47921,13311529.462,-3.2443916609e-25,1.1304682507e-24,-3.3974560053e-24,-1.3375885036e-07,1.6231889707e-08,9.1246959771e-10,9.7395066062e-08,5.7321934016e-24,-5.8008465857e-26,-2.4510897573e-08,-1.6814921363e-24,5.0617903453e-24,-2.9846384269e-24,-1.0987365327e-24,-2.4572675255e-08,0.2065006206,0.028131335626,0.011664401941,0.046348983924
s2062,ok,,29.370584615,186140953.36,312181.08615,1292373.5595,109597090.4,129526.90507,13502791.657,-1.8507493e-25,1.680232277e-24,-4.2412364109e-24,-9.3767690959e-08,1.570122087e-08,-5.2581379211e-09,6.3210754483e-08,7.8856465921e-24,-2.4688289756e-26,-1.4900712285e-07,-1.729914093e-24,6.8228702874e-24,-2.9474637677e-24,-1.2617478474e-24,2.2565819228e-08,0.21570921945,0.012776041332,0.046517205455,0.019733201991
s3010,ok,,29.22276411,185205683.41,490409.47232,2210452.018,108603582.48,215243.68613,13249453.997,-2.3876826845e-25,1.1037890751e-24,-3.3939705155e-24,-1.0126509012e-07,1.6310502041e-08,2.7360212901e-09,6.8351469625e-08,5.9748666916e-24,-4.4272450112e-26,-2.5609756307e-09,-1.1587773114e-24,5.2019496793e-24,-1.9917956673e-24,-1.0853931859e-24,-3.1801484061e-08,0.20691087557,0.020381322909,0.0012559267076,0.033520208151
s3014,ok,,29.659460613,187971865.93,442905.8046,1864366.186,110183748.27,190939.11915,13843875.077,-2.2770771497e-25,1.3640497555e-24,-3.5320038982e-24,-1.0372591507e-07,1.6520861321e-08,1.7386588091e-09,7.0014747372e-08,6.3787639173e-24,-3.7935445582e-26,-7.9943907234e-08,-1.2196151183e-24,5.6408692427e-24,-2.1804283627e-24,-9.7503141337e-25,-4.3578103373e-08,0.21674832586,0.018003087011,0.035407620556,0.031009938019
s3016,ok,,29.616188675,187697400.7,443857.75089,1836275.4215,110111364.6,188721.68244,13794339.652,-1.8768865659e-25,1.3433644024e-24,-3.546840775e-24,-8.6035405676e-08,1.6292976544e-08,2.0157434737e-09,5.7137370114e-08,6.4763242874e-24,-3.1759389033e-26,-6.5263705438e-08,-1.0487429349e-24,5.6864856824e-24,-1.8309098021e-24,-9.9968456251e-25,-3.7476563898e-08,0.21634563256,0.014707357631,0.028967801511,0.025360864591
s3021,ok,,29.943132287,189769466.41,430935.21699,1830459.6889,110981316.07,190158.2044,14210342.851,-2.5606769304e-25,1.3697272646e-24,-3.5453147836e-24,-1.1775373818e-07,1.6654066906e-08,2.2765189312e-09,8.1213392719e-08,6.2973113211e-24,-3.9876001008e-26,-6.7510192192e-08,-1.1392447204e-24,5.6424753614e-24,-2.17407613e-24,-8.7015052215e-25,-4.8760532591e-08,0.22112398368,0.020343303097,0.029092519322,0.034997711014
s3024,ok,,29.89778472,189482042.35,499739.11099,2120424.0978,110601048.68,222048.3916,14120118.918,-2.8736357282e-25,1.3785015679e-24,-3.2741548836e-24,-1.1831218914e-07,1.6207667088e-08,-2.3522311917e-09,8.4080539833e-08,5.8358086506e-24,-3.7693151223e-26,-1.1685397005e-07,-1.1938346189e-24,5.3120712149e-24,-2.2409427492e-24,-7.5849348402e-25,-2.640943875e-08,0.21904960709,0.024987359466,0.058396499109,0.042018334228
s3025,ok,,29.988202103,190054992.03,425716.12449,1884080.9351,111041230.18,192786.61802,14261613.241,-3.1087847155e-25,1.3772773212e-24,-3.5370314463e-24,-1.4013060303e-07,1.6515924824e-08,5.7677796294e-11,9.9595517313e-08,6.1336752305e-24,-4.5640837733e-26,-8.113310163e-08,-1.4306847943e-24,5.5366624952e-24,-2.7828246097e-24,-8.7267358679e-25,-3.7986810389e-08,0.2208952979,0.025398992672,0.034539669594,0.042399417647
s4053,ok,,30.059634229,190508083.62,393345.94702,1644361.4789,111464863.04,173154.34645,14383294.459,-2.7364589434e-25,1.5627072893e-24,-3.6881540184e-24,-1.2835525352e-07,1.6194351438e-08,-2.4310560386e-09,8.9739190475e-08,6.6010680471e-24,-3.8109459269e-26,-1.4331894198e-07,-1.475123764e-24,5.941310681e-24,-2.7965285029e-24,-8.9026714814e-25,-2.7538955793e-08,0.22411931451,0.021157046303,0.056373924961,0.035298546863
s4061,ok,,29.216778861,185167402.09,440597.8176,2139585.1044,108435424.02,202579.74173,13223700.695,-3.3108427598e-25,1.2623005165e-24,-3.5232657276e-24,-1.3810124707e-07,1.5950366276e-08,-2.7544264247e-09,1.0351633026e-07,5.9655170663e-24,-5.5161494077e-26,-7.4085347794e-08,-1.9028266966e-24,5.2882951159e-24,-3.4978569169e-24,-1.122916388e-24,-8.4273344549e-09,0.20780452713,0.027621831329,0.032641842554,0.0456090692
s4062,ok,,29.514352855,187052724.31,464588.6801,2163455.9721,109286989.72,213117.2174,13598403.085,-3.3853500654e-25,1.3712037477e-24,-3.397066525e-24,-1.3549311337e-07,1.5389850222e-08,-7.0621253578e-09,1.0300221165e-07,5.8355451085e-24,-4.6423706592e-26,-1.2948543987e-07,-1.7620090525e-24,5.2734349944e-24,-3.2966123851e-24,-9.4563111979e-25,8.5477302976e-09,0.21263308714,0.029263360951,0.060157469603,0.047853661556
s4094,ok,,31.836247407,201764929.84,503953.82255,1718072.6746,117421020.14,218721.7983,17000138.267,-1.8251615606e-25,1.457661682e-24,-3.101143734e-24,-8.6533236424e-08,1.5776587718e-08,6.4608970243e-09,5.7985414119e-08,5.7975566689e-24,-2.3517139666e-27,-2.1910191045e-08,1.9021174332e-26,5.7174809652e-24,-3.2815029845e-25,-1.2586159027e-26,-5.9477866837e-08,0.24902078657,0.015689857654,0.01104172453,0.029221971098
s4083,ok,,29.726670155,188401158.2,252040.56576,1390577.5011,111009362.5,120091.75255,14026629.476,-3.8234324812e-25,1.3275776857e-24,-4.5957630289e-24,-2.233582102e-07,1.6940840331e-08,6.9580755424e-09,1.6348319338e-07,7.0917936351e-24,-9.653385002e-26,7.9186510048e-08,-4.2412351211e-24,5.9766722295e-24,-8.1002154538e-24,-1.9269934042e-24,-4.9281008684e-08,0.21907286073,0.025527854433,-0.019958212793,0.041204396551
s4095,ok,,32.025040277,202961081.0,548574.19259,1742715.2644,118125737.97,227132.35389,17307161.868,-1.7513296027e-25,1.6266595502e-24,-2.9653381878e-24,-8.4080870675e-08,1.5727768587e-08,3.8617455567e-09,5.1910224744e-08,5.7363223933e-24,-2.333908859e-27,-1.2314031165e-07,3.3290284774e-26,5.6563872181e-24,-2.9716508889e-25,-1.001048996e-26,-6.0241630159e-08,0.25224012601,0.015649098361,0.06755159704,0.028476609626
s4096,ok,,32.469696312,205778322.45,1077490.6447,3064639.9728,119210828.04,431113.57559,17962863.821,-1.1325078102e-25,1.4298068509e-24,-2.1126712851e-24,-3.9587792606e-08,1.4727853403e-08,-3.5126090599e-10,2.2864191406e-08,4.2715476582e-24,-1.3225666189e-27,-1.5247095876e-07,6.795831475e-27,4.2206273235e-24,-8.3144543624e-26,-1.4114833812e-26,-2.5596347619e-08,0.25667436136,0.014236226851,0.16428603166,0.024635952338
s4110,ok,,29.484108315,186862198.25,338229.91834,1557666.8115,109827484.3,149533.64055,13639156.723,-3.0948931655e-25,1.4718916467e-24,-4.0136332787e-24,-1.5071580238e-07,1.5356297818e-08,-4.5292764913e-09,1.0673628689e-07,6.9615577646e-24,-4.9788552831e-26,-8.3694406561e-08,-2.6296381819e-24,6.0903008642e-24,-4.5384753994e-24,-1.3052503831e-24,1.5112451886e-08,0.21409123941,0.023021009139,0.028307952297,0.036101405597
s4310,ok,,29.866264718,189283116.15,586559.41421,2591237.7538,110216137.4,267421.29651,14043043.937,-3.0770960763e-25,1.1684385437e-24,-3.026785459e-24,-1.1740691653e-07,1.6512895417e-08,4.0080650503e-10,8.3878520893e-08,5.2617794292e-24,-4.5403458811e-26,-6.3242290865e-08,-1.0078954086e-24,4.7830109129e-24,-1.8952863126e-24,-7.4816054625e-25,-3.7150110703e-08,0.21548808957,0.029259237902,0.037095361083,0.04919973608
s4320,ok,,28.980010086,183667711.54,403682.50997,2149842.3807,107760661.28,191682.61326,12934893.199,-3.9456700664e-25,1.2034056476e-24,-3.6645028285e-24,-1.7470121064e-07,1.6634440543e-08,-3.1236512564e-10,1.2988538995e-07,5.9365409317e-24,-8.0302454471e-26,-4.5868549032e-08,-2.3225767738e-24,5.2246640363e-24,-4.5225354052e-24,-1.3445224888e-24,-2.7059622579e-08,0.203437875,0.032432866696,0.018516331002,0.052432460223
s4233,ok,,30.156308377,191120183.58,922047.31195,3635419.923,110680451.18,408977.89133,14377897.071,-1.9747501232e-25,1.0186288144e-24,-2.4263908533e-24,-5.8662407844e-08,1.5405542491e-08,-1.3066370474e-09,4.1480458173e-08,4.4428323281e-24,-2.3088411067e-26,-5.5909138313e-08,-4.2409654774e-25,4.0660319684e-24,-7.5047803966e-25,-5.2550580927e-25,-8.4451027706e-09,0.21858345349,0.023236956459,0.051550870695,0.038246944957
s6062,ok,,29.000079576,183794007.17,298661.66297,1273297.2958,108399975.5,124009.62747,13021972.227,-1.7531141883e-25,1.6790558454e-24,-4.3721487507e-24,-9.5149890864e-08,1.6384814776e-08,-1.4333930047e-09,6.2414023307e-08,8.1292920976e-24,-3.0247498163e-26,-1.6035455246e-07,-1.4877929565e-24,6.9540310569e-24,-2.8089480737e-24,-1.3754088296e-24,-1.8219980375e-08,0.21056195233,0.011323806055,0.047891757304,0.018640675994
s6061,ok,,29.306756088,185736236.81,396352.40874,1623169.4147,109142436.48,165918.45995,13387655.82,-1.6695341151e-25,1.5130369831e-24,-3.7744789154e-24,-7.9458273845e-08,1.6242992807e-08,-7.3629863021e-10,5.190027015e-08,7.0471288289e-24,-2.6758677791e-26,-1.2951945216e-07,-9.4577346763e-25,6.164294364e-24,-1.779122313e-24,-1.0630128904e-24,-2.1077347295e-08,0.21373280681,0.012436298943,0.051335346843,0.020570797088
s5010,ok,,28.923276299,183307510.82,427696.04605,1968809.3954,108019653.98,185510.81514,12914895.26,-1.8580159573e-25,1.1390498598e-24,-3.6981160512e-24,-9.2342704353e-08,1.7670818513e-08,9.2666420294e-09,6.0183923469e-08,6.5131063457e-24,-5.3424384962e-26,-4.9197269106e-09,-7.8249877412e-25,5.4791891648e-24,-1.5473524159e-24,-1.3869501125e-24,-1.0636888635e-07,0.20459357568,0.013098588162,0.0021041477473,0.025740426103
s6063,ok,,28.580656292,181137553.52,218041.30836,990685.16684,107337644.34,89872.63961,12530605.898,-1.8620425791e-25,1.8240145406e-24,-5.1577114268e-24,-1.1713586412e-07,1.6503354546e-08,-2.2801011943e-09,7.6502995926e-08,9.4991830316e-24,-3.4921180415e-26,-1.7471000355e-07,-2.5237320363e-24,7.8434463443e-24,-4.7173246508e-24,-1.8889404057e-24,-8.8531184553e-09,0.20562905354,0.010363706511,0.038093997759,0.016680813325
s7055,ok,,30.21030154,191462799.44,561319.01435,2319725.7104,111552199.71,250524.26791,14541072.826,-2.683753162e-25,1.3067653626e-24,-3.083545932e-24,-1.0641064236e-07,1.6428811553e-08,-1.4703240771e-10,7.5300224063e-08,5.4993869772e-24,-3.6592795288e-26,-9.7982066268e-08,-8.8461026274e-25,5.023700141e-24,-1.6888559202e-24,-6.7579484278e-25,-4.032569911e-08,0.22323578106,0.024405728837,0.054999196861,0.042267447551
s7075,ok,,29.671387017,188048330.68,415150.71066,1742720.3066,110292795.81,178422.07821,13869069.082,-2.7895422489e-25,1.5058844117e-24,-3.6191660988e-24,-1.2438773247e-07,1.5291545601e-08,-6.3882021711e-09,8.4210892741e-08,6.57268327e-24,-3.5935485091e-26,-1.3716771187e-07,-1.7733243189e-24,5.852233009e-24,-3.04161423e-24,-1.0060584907e-24,1.5040047541e-08,0.21670733343,0.02277521292,0.056945273063,0.034960211967
s8021,ok,,29.263827189,185500161.54,262888.47306,1106672.345,109727914.58,106776.26409,13433384.541,1.1106274871e-31,1.601179186e-24,-4.7107349135e-24,3.422642535e-16,1.601139778e-08,-1.5152898214e-15,-1.2525326696e-15,8.7060089334e-24,3.1874081045e-31,-4.987123796e-08,1.0289939876e-29,7.1771767899e-24,3.2210133578e-29,-1.7044028035e-24,2.0464435512e-15,0.21508726342,1.0453363118e-11,0.013110573597,-3.2927640097e-10
s8023,ok,,28.203972252,178808409.57,200809.77346,1159689.6286,107481362.59,84952.103449,12314278.058,3.6469587297e-31,7.8758053859e-25,-5.6439944053e-24,-2.7431682901e-15,1.5971335979e-08,-3.7189975563e-15,-1.3761150304e-14,9.0694269725e-24,9.1710103817e-31,4.3435312761e-07,-1.9344377497e-29,6.2007513309e-24,-1.3351418579e-28,-3.5612619734e-24,-4.9016196929e-15,0.1966754722,1.5114167874e-10,-0.087222353155,-2.763373475e-09
s8036,ok,,31.397641864,198985955.98,1371021.581,4574665.1721,114584640.49,594247.86601,16139664.788,-9.0197912966e-26,9.3345242863e-25,-1.9362055047e-24,-2.5376237767e-08,1.465610289e-08,9.7352896502e-10,1.5601896879e-08,3.7133665965e-24,-6.4466631928e-27,-4.1687907898e-08,-5.5318426086e-26,3.5430062289e-24,-1.0409366811e-25,-1.9947617104e-25,-1.5178829094e-08,0.23283034339,0.0129807451,0.057155021395,0.021390537325
s8037,ok,,31.425444974,199162114.28,1364913.9021,4629678.8149,114565799.85,597918.48522,16166290.794,-1.2533664365e-25,9.2068387141e-25,-1.9380985063e-24,-3.5198118638e-08,1.4903261835e-08,1.7569519616e-09,2.2442546239e-08,3.6812898776e-24,-9.4361965951e-27,-3.9537199565e-08,-7.2043430114e-26,3.5142802284e-24,-1.4123088827e-25,-1.9845858267e-25,-2.4311096981e-08,0.23260624001,0.017668306369,0.053964873335,0.030632143359
s8035,ok,,30.958205281,196202332.63,1007132.4144,3568278.5154,113690458.77,431720.59629,15565602.509,5.5379457027e-33,9.4254083473e-25,-2.293316564e-24,-1.8937223046e-13,1.4662674605e-08,6.4363058388e-14,-3.9788487755e-14,4.3110119904e-24,5.9607174789e-32,-1.3009914704e-08,-2.1723442567e-29,4.0041688785e-24,1.3016722444e-29,-3.6325972273e-25,-4.8077381347e-13,0.22823336462,3.4383784809e-08,0.013102706807,-4.0072275739e-08
s8025,ok,,28.545460496,180914382.39,259040.41363,1251133.6949,107638411.12,107779.07652,12552637.118,-4.4807643504e-26,1.1853817358e-24,-4.8533991135e-24,-3.3422540729e-08,1.6267552791e-08,4.4609678575e-09,1.6711632992e-08,8.5016877634e-24,-1.9751309653e-26,1.3466062017e-07,6.348241926e-26,6.6278502221e-24,-9.8642090642e-26,-2.2542206935e-24,-4.8032495517e-08,0.20202324571,0.0025564659453,-0.034882542747,0.0043289883227
s8038,ok,,30.862297013,195594434.77,876277.35199,3081236.1557,113598277.36,372569.84553,15454493.986,-5.7764360449e-26,1.0727736174e-24,-2.4647408051e-24,-2.0813248895e-08,1.4933976523e-08,7.0729028508e-10,1.1521034198e-08,4.6726640224e-24,-6.0272357186e-27,-3.8882401693e-08,-8.6720752756e-26,4.3183438724e-24,-1.4838385294e-25,-4.1854375197e-25,-9.458088124e-09,0.22966065492,0.0069451994414,0.034071767995,0.010095621339
s8052,ok,,30.054026656,190472784.15,735037.09393,2768144.8471,111078552.0,310738.74079,14329839.658,-1.1155642714e-25,1.1495013347e-24,-2.7438685362e-24,-4.1066824516e-08,1.5544492871e-08,8.1113849396e-10,2.5397469241e-08,5.1707028689e-24,-1.6402626657e-26,-6.6058108309e-08,-2.8763837905e-25,4.652009009e-24,-4.9575151686e-25,-6.5504684082e-25,-1.9218351698e-08,0.21922762825,0.011452268341,0.048555159962,0.018668081984
s8055,ok,,30.316687433,192136853.79,792501.58493,2875177.528,111834812.3,333463.66277,14681379.607,-1.3933198436e-25,1.1996807964e-24,-2.61511552e-24,-4.8746237851e-08,1.5475459352e-08,-1.3918651895e-10,3.0795266484e-08,4.990130778e-24,-1.6559290826e-26,-8.8623609857e-08,-3.2659157301e-25,4.5724735138e-24,-5.6189616551e-25,-5.2246435486e-25,-1.8297515714e-08,0.2228257856,0.014896082352,0.070234351274,0.024405297497
s8064,ok,,30.368555702,192464845.44,843241.37615,2911876.6201,111945649.02,350249.58629,14745648.945,-7.6273568029e-26,1.3267858717e-24,-2.5288786643e-24,-2.288557354e-08,1.5319424379e-08,-2.4349393983e-09,1.6180818401e-08,4.9603421994e-24,-5.4283319094e-27,-1.3862379421e-07,-2.2314407579e-25,4.5932303678e-24,-3.7070862301e-25,-4.3245660006e-25,5.0212939957e-09,0.22648763584,0.0084140145195,0.116893319,0.013644335575
s8066,ok,,29.913994045,189584432.68,525823.75726,1912924.5142,110982632.76,215705.60432,14181694.659,-7.7653315498e-26,1.5524347609e-24,-3.2412715468e-24,-2.9805088262e-08,1.5621768256e-08,-2.8298276117e-09,2.0256537226e-08,6.301308836e-24,-6.7099450274e-27,-1.7746306994e-07,-4.2448311487e-25,5.6721565258e-24,-6.9909844066e-25,-7.1802740431e-25,8.89956959e-09,0.2223537445,0.006855999832,0.093314298213,0.010651368513
s8065,ok,,30.147471674,191063903.87,654873.72387,2321395.8252,111511749.86,270429.15421,14473609.982,-8.641789658e-26,1.4535033837e-24,-2.8847588004e-24,-2.9706747363e-08,1.5486656864e-08,-2.7768975309e-09,2.0770954094e-08,5.6303625886e-24,-7.0788348712e-27,-1.6196035201e-07,-3.5010049977e-25,5.1482236375e-24,-5.8386281782e-25,-5.5904991155e-25,5.4819149494e-09,0.22478473776,0.0083668258472,0.10606357884,0.013602352056
s9026,ok,,29.725133448,188389472.52,429442.14841,1716540.7336,110630649.46,178273.85535,13961100.81,1.2261418848e-31,1.2608428976e-24,-3.6334219212e-24,-2.9814035005e-13,1.5555866547e-08,9.381561527e-14,-6.0436787685e-14,6.7140426488e-24,4.3881527091e-31,1.7039900476e-09,-5.4039168996e-29,5.8188693606e-24,1.5233001649e-28,-1.0487668944e-24,-7.9044061505e-13,0.21717702106,2.2547152331e-08,-0.00073176514694,-2.5954103947e-08
s9027,ok,,29.28077907,185574102.04,285514.70171,1230875.5561,109615424.43,117352.84267,13428587.143,-8.6891351058e-32,1.364234505e-24,-4.5188558394e-24,-3.4579320283e-13,1.5820333619e-08,9.5141851488e-14,-8.1181741493e-14,8.1939948187e-24,-1.8493618478e-31,6.1925197547e-08,-8.9780526698e-29,6.7710596852e-24,-2.2464729611e-28,-1.6309964274e-24,-9.375468158e-13,0.21244472862,1.72058424e-08,-0.017680554306,-2.3178580707e-08
s9037,ok,,29.616423265,187700172.96,392158.08908,1782928.1883,109947717.0,175798.47482,13774776.383,-3.2175203193e-25,1.4087609547e-24,-3.7054417039e-24,-1.506417587e-07,1.6467877119e-08,-8.9749320921e-10,1.0549917288e-07,6.4335789133e-24,-5.0412223746e-26,-8.8049416544e-08,-1.8278166353e-24,5.7474987031e-24,-3.4374578088e-24,-1.0263429923e-24,-3.0860007992e-08,0.21557708477,0.02531380975,0.034529290936,0.041372354035
s9032,ok,,29.559387292,187339377.04,369694.23392,1536244.5032,110254732.32,153741.21765,13760927.666,-8.7102824869e-32,1.2605173499e-24,-3.9411521009e-24,-3.1227598139e-13,1.5646400168e-08,8.4777632122e-14,-7.0965672881e-14,7.1783635043e-24,-2.1204378716e-31,3.7739854167e-08,-9.2311642518e-29,6.0940912317e-24,-7.8262993301e-29,-1.2705594047e-24,-8.3684640573e-13,0.21530898094,2.0308512956e-08,-0.013952206475,-2.623560007e-08
sa7025,ok,,29.381296259,186210102.6,302808.02719,1474766.577,109276145.82,138508.65356,13474192.633,-3.7131416389e-25,1.6253218432e-24,-4.1787059681e-24,-1.9122156104e-07,1.5985010764e-08,-6.4891142464e-09,1.3951573128e-07,7.0911365135e-24,-5.4825975321e-26,-1.5584914433e-07,-2.8306694276e-24,6.3330652199e-24,-5.6928364988e-24,-1.2052483896e-24,-2.712776162e-09,0.21441696069,0.026405279051,0.047192371933,0.042246483352
s9033,ok,,28.836629309,182760051.56,234307.83812,1094712.2591,108505234.3,96487.400021,12905442.864,-6.5349482671e-32,1.3015664614e-24,-5.0617570416e-24,-3.9566663849e-13,1.5994884651e-08,1.0486299757e-13,-9.0155657548e-14,8.9563538613e-24,-1.1257057542e-31,1.4372964008e-07,-6.7786948215e-29,7.0595630375e-24,-5.0399224384e-28,-2.2036803783e-24,-1.0986479236e-12,0.20642106997,1.6295038986e-08,-0.033676981242,-2.1124177215e-08
sa7035,ok,,29.520724286,187092784.93,406915.08723,1721225.2942,109712042.37,174911.5772,13655032.531,-2.4167806969e-25,1.4108594544e-24,-3.6808827833e-24,-1.1320279141e-07,1.6135092279e-08,-6.1773723586e-10,7.4400906453e-08,6.683370512e-24,-3.5168784239e-26,-7.8296941876e-08,-1.3447197838e-24,5.9168650046e-24,-2.4438938045e-24,-9.8991247473e-25,-1.9144529286e-08,0.21514648261,0.019080256046,0.031860206934,0.03027485134
sa7026,ok,,29.718597348,188347022.67,405723.22092,1843906.6488,110148535.54,184529.97124,13894837.875,-3.4306082927e-25,1.5323631356e-24,-3.609370889e-24,-1.5090319842e-07,1.5707064621e-08,-7.7343217781e-09,1.1121505024e-07,6.2635404608e-24,-4.4343117732e-26,-1.680448763e-07,-1.8796814679e-24,5.6738102863e-24,-3.7618191944e-24,-9.2721517014e-25,6.91795716e-10,0.21851478096,0.027874058275,0.068179708472,0.045122528398
sa7036,ok,,29.535958073,187189643.24,407251.60052,1747521.2186,109731411.72,176581.78639,13671855.248,-2.6132364853e-25,1.400880804e-24,-3.6696941366e-24,-1.2125601606e-07,1.6088716042e-08,-1.014215406e-09,8.098155059e-08,6.6041818949e-24,-3.7692087367e-26,-7.655689898e-08,-1.4688810921e-24,5.8632061987e-24,-2.6614720497e-24,-9.8875168491e-25,-1.6871070057e-08,0.21502184363,0.020771214021,0.03117791964,0.03297986609
sa7038,ok,,29.561611947,187352440.87,407685.46067,1805689.381,109746760.76,180106.48863,13698190.264,-2.9848792694e-25,1.3828801176e-24,-3.6476791572e-24,-1.3622560446e-07,1.5970212735e-08,-1.8692475646e-09,9.3723717815e-08,6.4411789111e-24,-4.2656734159e-26,-7.5549539291e-08,-1.6923793305e-24,5.7479713925e-24,-3.0789273986e-24,-9.9102835216e-25,-1.2091340382e-08,0.21469822288,0.024067676427,0.030800448729,0.038209797073
saratov,ok,,30.319041464,192154334.72,276900.02297,4498611.7551,108915099.73,269226.26629,14303494.596,-6.0581908802e-25,9.150446918e-25,-4.0379990108e-24,-2.0171857248e-07,1.3892407241e-08,-1.6641661514e-08,3.6944969201e-07,2.618282936e-24,-1.5039998231e-25,-1.4963841158e-07,-1.875707554e-24,2.9673076168e-24,-8.1621062279e-24,-1.4506404159e-24,2.0947041544e-08,0.21497505221,0.055522088334,0.041434879604,0.1023006282
sc1012r8,ok,,31.177216234,197709259.69,813738.78517,2919085.8119,114939539.41,345694.41288,15981566.443,-1.5872820862e-25,1.0026862532e-24,-2.5420748316e-24,-6.3554893472e-08,1.549510433e-08,6.2957104846e-09,3.5828755489e-08,4.7191754381e-24,-2.309526719e-26,-7.9625184603e-09,-1.9654983633e-25,4.3314027719e-24,-3.5763316006e-25,-4.7320912475e-25,-5.8098326676e-08,0.22713417142,0.017415931806,0.0064794100988,0.029155247966
sc1094r8,ok,,30.546306941,193717907.08,481020.32859,1810796.8515,113451947.64,199796.46903,15140171.483,-1.6565430246e-25,1.2801395071e-24,-3.354930932e-24,-8.6736771829e-08,1.6236370302e-08,7.8986134981e-09,4.7510302212e-08,6.2226292383e-24,-3.1165379076e-26,-1.7719240515e-08,-4.1879428362e-25,5.5475711099e-24,-7.835153581e-25,-8.0290266444e-25,-7.9427311781e-08,0.22491896777,0.013763908463,0.0085233148948,0.022853421181
sd2030,ok,,29.994703309,190095618.66,400485.99128,1507035.638,111323982.81,166184.36523,14301758.674,-2.1542053881e-25,1.7637902762e-24,-3.662897914e-24,-1.0156327014e-07,1.5689589655e-08,-5.8552741923e-09,6.5621396145e-08,6.994503737e-24,-2.1673344985e-26,-2.2560573587e-07,-1.0692372618e-24,6.3700756184e-24,-1.9673560674e-24,-7.3125800325e-25,-1.7614126524e-09,0.22396352101,0.016812670604,0.090351936769,0.026280449884
sc1095,ok,,30.405740284,192827610.1,478037.11713,1769972.2088,113042777.65,196147.56084,14946191.325,-6.9052180329e-26,1.3338283503e-24,-3.3854589429e-24,-3.3901686024e-08,1.5335000945e-08,1.9959750321e-09,1.9807166827e-08,6.359615761e-24,-1.1581251019e-26,-3.295232987e-08,-2.648850254e-25,5.6490813732e-24,-4.5023880608e-25,-8.1991692116e-25,-2.2102421258e-08,0.22699877341,0.0056657249699,0.015752436774,0.0094685609286
sc20010,ok,,30.925436917,196126282.34,558100.71074,1877861.5815,114620518.18,228167.85567,15676434.866,8.8161007781e-32,1.528461043e-24,-3.0967308143e-24,-1.0876951791e-15,1.5022615247e-08,-6.8660416449e-16,-7.901378963e-15,6.0172911438e-24,3.7511778988e-31,-1.4469837886e-07,8.851826917e-31,5.4810215276e-24,6.2185986394e-30,-6.223772041e-25,1.0335451236e-14,0.23550104944,8.035398306e-10,0.080756268083,-4.4097652151e-09
sc20012,ok,,31.318071485,198597975.4,827583.30619,2697444.4594,115532712.62,343112.47776,16204442.351,2.6908228435e-32,1.2633386397e-24,-2.5152403102e-24,-1.9662718353e-15,1.4646091876e-08,-1.5942145748e-15,1.7266638453e-15,4.8927500849e-24,9.0580876763e-32,-9.1404751401e-08,-6.5686175778e-30,4.5537438024e-24,1.6334554776e-29,-3.9899666201e-25,-4.1904399346e-15,0.23733175146,3.3341865345e-10,0.075645046366,1.4289581738e-09
sc1095r8,ok,,30.550817527,193746667.09,481096.97391,1810550.0793,113469031.8,199826.97023,15146947.228,-6.2641250918e-26,1.2717438765e-24,-3.3644714869e-24,-2.1664595269e-08,1.4805200764e-08,-1.322391799e-09,2.06692651e-08,6.2393520647e-24,-8.6092444869e-27,-1.6885619648e-08,-4.0698144124e-25,5.5390467274e-24,-7.693073054e-25,-8.1625288904e-25,6.5295435889e-09,0.22468137422,0.0046223379275,0.0081236205152,0.0099439208925
sd2083,ok,,29.822812262,189006715.07,415591.53454,1711005.7277,110653067.51,179851.32939,14054588.339,-2.5874423582e-25,1.5937977173e-24,-3.603268095e-24,-1.1739559153e-07,1.6166128084e-08,-3.8920993113e-09,8.1667776977e-08,6.5757210223e-24,-3.3797109979e-26,-1.7714947345e-07,-1.403650334e-24,5.9297054295e-24,-2.6481623707e-24,-8.5618432018e-25,-2.1487959668e-08,0.22082839082,0.020260637914,0.073621821512,0.033940436756
sd5060,ok,,29.012084618,183870446.81,413653.63234,1874482.0839,108168671.44,178378.58381,13007569.096,-2.0925538567e-25,1.1960067696e-24,-3.7191420307e-24,-9.2646371882e-08,1.5878589698e-08,1.3538359801e-10,6.4501237631e-08,6.595465886e-24,-3.5949924929e-26,-4.0851365584e-09,-1.5412749542e-24,5.6592287631e-24,-2.5226602033e-24,-1.2662340746e-24,-3.1878604278e-09,0.20585650728,0.016409074506,0.001689831576,0.026681171237
sd6060,ok,,29.800540501,188864884.07,550197.39713,2103827.7978,110425025.75,231266.54533,14004008.42,-1.4546536865e-25,1.4006569638e-24,-3.1681072068e-24,-6.0900633714e-08,1.6097786108e-08,3.2383995439e-10,3.9154985364e-08,6.0069728996e-24,-2.101170119e-26,-1.2427758758e-07,-4.4099295707e-25,5.4107525946e-24,-8.8497200166e-25,-7.1159092717e-25,-2.9595049025e-08,0.21958557403,0.012581959126,0.068377205206,0.021542971032
sd6080,ok,,29.323668552,185844452.17,399686.33129,1915086.3656,108937767.49,182913.6197,13381565.872,-3.3520651223e-25,1.3677340991e-24,-3.6893028618e-24,-1.5057424431e-07,1.6486318744e-08,-2.1522971662e-09,1.1008984038e-07,6.2799151811e-24,-5.7949406087e-26,-9.9515199264e-08,-1.9693059292e-24,5.5683380403e-24,-3.7724685024e-24,-1.1483657085e-24,-2.6455110529e-08,0.21085732878,0.026522371108,0.039774864901,0.044001404412
sd7037,ok,,29.576359442,187445601.26,411959.31778,1786459.425,109861117.7,179746.29477,13725913.992,-2.7937676155e-25,1.3818009127e-24,-3.6395287907e-24,-1.2794498816e-07,1.5919376241e-08,-1.5872449875e-09,8.6333747551e-08,6.4962106753e-24,-3.9910380025e-26,-7.2208053342e-08,-1.6015850232e-24,5.7814858278e-24,-2.8262823464e-24,-9.9245842102e-25,-1.1647321859e-08,0.21483038317,0.022547976765,0.029746780393,0.035565991742
sd7032,ok,,29.508095628,187013288.7,477697.43374,2143847.4522,109416357.52,213300.5194,13609199.399,-3.1224640528e-25,1.2474259909e-24,-3.3745002418e-24,-1.3120219319e-07,1.5838806857e-08,-1.6521593139e-09,8.9970303348e-08,5.9145037336e-24,-4.6487876791e-26,-5.73908879e-08,-1.4831602509e-24,5.2810682905e-24,-2.6856782379e-24,-9.6067994737e-25,-1.0104286745e-08,0.21170414292,0.027529350596,0.02741547987,0.042978583022
sd7003,ok,,28.956173357,183516276.9,321300.24686,1447700.3096,108457195.2,134760.77329,12996437.297,-1.5748942209e-25,1.2745587609e-24,-4.2666119301e-24,-8.5073747766e-08,1.6099956378e-08,1.9445320499e-09,5.2502619689e-08,7.6287159377e-24,-3.5174499725e-26,3.6674424117e-08,-1.2361968995e-24,6.3308501833e-24,-2.0741667249e-24,-1.6222577662e-24,-1.7079695602e-08,0.20669609574,0.010988916042,-0.011783501522,0.016869104667
sd7034,ok,,29.441482631,186591998.96,524670.44873,2452589.143,109028410.54,239487.70718,13501302.918,-3.0809416754e-25,1.1119767538e-24,-3.232796326e-24,-1.2159282134e-07,1.6164796821e-08,7.8765574906e-10,8.7939968218e-08,5.527214199e-24,-5.199083611e-26,-3.0200062271e-08,-1.3874600373e-24,4.9165882446e-24,-2.4493066815e-24,-9.7623875834e-25,-2.5188421284e-08,0.20833470998,0.027864277225,0.015845080223,0.046139502587
sd7062,ok,,30.371773556,192486788.12,939060.89438,3908537.3416,111318996.42,426851.62151,14671365.678,-2.3743597734e-25,8.2655088788e-25,-2.3936606684e-24,-7.261646865e-08,1.5291896725e-08,2.3178410155e-09,5.0188420422e-08,4.207413393e-24,-3.2732264893e-26,3.4974270695e-09,-4.8627917608e-25,3.8233527328e-24,-8.1159633671e-25,-5.6230577506e-25,-2.1550469049e-08,0.21453315454,0.029025528447,-0.0032842969919,0.047129982969
sd7043,ok,,29.141842541,184692959.81,399555.34336,1865311.5041,108481603.45,177242.28683,13161873.095,-3.2552206866e-25,1.325702064e-24,-3.7085976291e-24,-1.4659161227e-07,1.5347667257e-08,-4.0103556924e-09,1.0111794252e-07,6.4630538479e-24,-5.1521288312e-26,-6.7100738453e-08,-2.1804837628e-24,5.6799545593e-24,-3.80729404e-24,-1.2215882169e-24,1.353830784e-08,0.20663263051,0.026478214657,0.026810458592,0.040402214244
sd7080,ok,,29.597439337,187578938.16,409514.64401,1708512.5441,110000318.03,174898.63925,13762014.71,-2.3553663357e-25,1.4108719573e-24,-3.6661685338e-24,-1.1003975979e-07,1.5943755161e-08,-9.9304665907e-10,7.1802333984e-08,6.6825463701e-24,-3.2761711887e-26,-7.3073647907e-08,-1.3583679834e-24,5.929864779e-24,-2.3589975271e-24,-9.7087305547e-25,-1.2967263334e-08,0.21598252705,0.018756062944,0.029924728909,0.02940410724
sd7090,ok,,30.223455874,191546256.12,495976.02741,1922367.1468,112010417.41,210042.1549,14611826.854,-1.5809780935e-25,1.2833609441e-24,-3.3153824421e-24,-6.9305436754e-08,1.5591092835e-08,1.1539650386e-09,4.4419563162e-08,6.1157077264e-24,-2.1347987593e-26,-3.0289619725e-08,-6.551502156e-25,5.4837297408e-24,-1.0876567428e-24,-7.634409e-25,-1.8693121444e-08,0.22383465989,0.013678425466,0.015022925263,0.022031038476
sd7084,ok,,29.963377281,189897317.26,467361.67183,1847560.8248,111111163.34,198452.40736,14246191.941,-2.0397024898e-25,1.4052231957e-24,-3.411577617e-24,-9.1998742791e-08,1.6114227139e-08,6.8911456379e-10,5.9558241965e-08,6.312346821e-24,-2.7085393381e-26,-8.583454724e-08,-9.1218858854e-25,5.680184061e-24,-1.6435182922e-24,-7.7586914371e-25,-3.0731481492e-08,0.22156451557,0.016906746134,0.040115777499,0.027835239536
sd8040,ok,,29.757367554,188593182.49,495586.97525,2045743.5762,110374549.85,213112.87997,13959124.222,-2.2607333107e-25,1.249861126e-24,-3.3296582322e-24,-9.6333519645e-08,1.5805651892e-08,4.004268353e-10,6.3505001139e-08,6.0430838646e-24,-3.1960906383e-26,-4.2597783132e-08,-1.0575849914e-24,5.3974857535e-24,-1.7609391687e-24,-8.5888460943e-25,-1.8487259849e-08,0.21533150837,0.019681845228,0.021110906494,0.031472251427
sd8020,ok,,30.322958965,192176048.46,515464.18624,1889263.8581,112364356.48,213621.41552,14753731.613,-1.0703002574e-29,1.3345950059e-24,-3.2510821723e-24,-4.1393312839e-12,1.5368315317e-08,1.408718441e-14,3.2391372157e-12,6.1631537438e-24,1.6827175041e-31,-4.5683209219e-08,-9.560659126e-29,5.5659016004e-24,-2.0082133954e-28,-6.6279360839e-25,4.617237167e-13,0.22673999954,9.0661409804e-07,0.023548058265,1.669659229e-06
sd8000,ok,,29.413818868,186415716.24,382169.31631,1583044.1343,109584232.46,159824.54652,13540870.461,-1.6757781941e-25,1.4018402872e-24,-3.8383167572e-24,-7.8066144042e-08,1.5617505899e-08,-2.1267038246e-09,5.1854781884e-08,7.0685408249e-24,-2.2287338916e-26,-5.1065515945e-08,-1.3214530179e-24,6.1618620669e-24,-2.0996675413e-24,-1.1166103571e-24,1.0974292269e-08,0.21332804956,0.012851095217,0.019515673316,0.01981730654
sg6040,ok,,30.900577019,195837079.89,1316691.9976,4699306.2258,112757356.82,577181.1386,15382572.517,-1.3113455457e-25,9.0076186652e-25,-2.0047063712e-24,-3.1984749957e-08,1.4476881729e-08,-2.2146713507e-09,2.1656255395e-08,3.7744310052e-24,-9.522511523e-27,-4.1142021731e-08,-1.9320608562e-25,3.5201447456e-24,-3.11244441e-25,-3.351471822e-25,8.4710196421e-09,0.22509173151,0.019562024154,0.054171370778,0.028514618177
sg6050,ok,,31.896760412,202243898.8,1366610.4144,4652989.8574,116205595.05,607957.79234,16911394.45,-1.4765549465e-25,9.1940703288e-25,-1.9213301178e-24,-3.6097373782e-08,1.4365394177e-08,-5.7740467651e-10,2.7434320904e-08,3.5766071677e-24,-9.1884252663e-27,-3.709997307e-08,-1.4175060882e-25,3.4176147947e-24,-2.4914225507e-25,-2.0363710643e-25,-6.7349786573e-09,0.24043505598,0.020961562984,0.050701209573,0.03749202866
sg6042,ok,,30.355571962,192383869.55,537077.21742,2152131.4552,112156394.59,236524.35613,14761183.909,-3.0086202029e-25,1.4172986856e-24,-3.1268240334e-24,-1.1804921719e-07,1.4973888488e-08,-6.7830893142e-09,8.1650802868e-08,5.6594343632e-24,-3.2026128058e-26,-1.3249812135e-07,-1.2018028884e-24,5.2032884216e-24,-2.1252434941e-24,-6.7945811911e-25,8.348079902e-09,0.2244721457,0.028364853166,0.071161722326,0.043852786004
sm701,ok,,30.82118187,195333428.52,1354696.7613,4842447.1284,112344263.34,593538.08836,15249591.731,-1.7278962555e-25,8.9122931778e-25,-1.9709926718e-24,-4.3518870888e-08,1.4407477642e-08,-2.3824779278e-09,2.7220720559e-08,3.7258418268e-24,-1.1707005483e-26,-4.1624468197e-08,-2.0482034341e-25,3.4973640873e-24,-3.4167827001e-25,-3.0352215459e-25,7.0222943545e-09,0.22247025232,0.026757846938,0.056388532259,0.036875821983
sg6051,ok,,31.52165467,199894366.94,790627.19382,2762854.6617,115848767.4,347478.01695,16464010.67,-1.9841212632e-25,1.3224232414e-24,-2.536214103e-24,-6.4795149039e-08,1.5101286345e-08,-2.686443737e-09,4.8178809386e-08,4.7190439693e-24,-1.5253386291e-26,-1.1686861805e-07,-3.7422788856e-25,4.4689892202e-24,-7.2914565941e-25,-3.2683760649e-25,-1.4777136594e-08,0.24314337421,0.021266987108,0.092399507536,0.038091476867
sokolov,ok,,30.259353134,192150865.75,193463.19789,2064398.807,112335710.11,139871.05616,14801055.381,-5.9891774197e-25,1.5495642326e-24,-4.6188904004e-24,-3.2276442969e-07,1.5717874237e-08,-2.2947929654e-08,3.907423281e-07,4.0278329775e-24,-2.1188750456e-25,-3.0584984809e-07,-5.6850047402e-24,4.4405378057e-24,-1.9574232557e-23,-2.6451387933e-24,-7.1284544149e-09,0.22787766324,0.044918238035,0.059170689684,0.075594260344
stcyr234,ok,,31.728623161,201082773.96,1406208.4092,5382084.6745,114874773.3,651766.16,16531749.591,-4.2117765315e-25,7.6940920266e-25,-1.8721883194e-24,-1.2219550367e-07,2.0794135256e-08,9.5573588028e-09,7.3901153378e-08,3.2956677092e-24,-3.4177545077e-26,-9.4432081833e-09,-2.8258751257e-25,3.1836404375e-24,-4.5795253158e-25,-2.1313039708e-25,-8.7021624623e-08,0.22803231645,0.0669343601,0.013279118757,0.10392042333
stcyr172,ok,,31.079328849,196967710.44,942712.73705,3347465.6592,114208782.76,401984.77656,15759509.15,1.5534161437e-31,9.3602212195e-25,-2.3615150007e-24,-1.4429705658e-15,1.4566208992e-08,5.7605296893e-17,-1.2681827856e-15,4.4210499122e-24,3.9865198818e-31,3.2248219646e-09,-5.6803317847e-31,4.1092888539e-24,6.6084272781e-30,-3.4873498595e-25,-3.5658326845e-15,0.22955630388,2.5100379452e-10,-0.0030400807407,-1.1955320649e-09
stcyr171,ok,,30.730745717,194758360.96,646869.3237,2338189.6268,113528867.76,270938.24537,15312111.757,-6.1592595524e-30,1.1338482366e-24,-2.874696432e-24,-1.6678539328e-11,1.4961466778e-08,5.5499384618e-12,-2.5571531862e-12,5.400462234e-24,-2.1087813989e-30,-1.0318133101e-09,3.3087090639e-28,4.9427418208e-24,1.99373786e-28,-5.0275515703e-25,-4.160880957e-11,0.22909164845,1.9362083006e-06,0.00066744837807,-1.6541439521e-06
sp4721bs,ok,,31.901662124,202311376.33,2074071.0686,7468064.2797,114216573.39,969241.76702,16636220.347,-1.5451643943e-25,6.90584924e-25,-1.5720515802e-24,-2.8547480432e-08,1.343838403e-08,-2.7905498858e-09,2.0023519883e-08,2.8597234663e-24,-9.5721105829e-27,-2.1702589694e-08,-1.8772937091e-25,2.6715023519e-24,-3.0468065249e-25,-2.785812121e-25,1.5850679855e-08,0.23080416787,0.031223114809,0.045012713398,0.041530203281
spicasm,ok,,30.77158829,195017892.46,695756.0878,2917257.462,112897348.95,323951.48619,15270371.136,-3.0727885132e-25,1.1043006603e-24,-2.7325136165e-24,-1.119278675e-07,1.6998604527e-08,3.3206379683e-09,7.9901342351e-08,4.7225819395e-24,-3.7992179392e-26,-4.8526393222e-08,-5.8163673923e-25,4.3954235077e-24,-1.1646719592e-24,-4.9580887817e-25,-5.9286388768e-08,0.22665077312,0.031918197214,0.033762533503,0.055591845364
sp4721la,ok,,31.807925731,201704883.86,2065990.5608,7470412.8974,113902551.98,964265.58943,16490745.591,-1.4646260423e-25,6.8921949691e-25,-1.5782246345e-24,-2.6816681584e-08,1.3508427891e-08,-2.7158013886e-09,1.9105440545e-08,2.8735927381e-24,-9.1793140022e-27,-2.1841646044e-08,-1.8708816388e-25,2.6820838262e-24,-3.0342410469e-25,-2.8205715488e-25,1.5633955738e-08,0.22937696287,0.029323406339,0.045124634558,0.039471659825
sp4621hp,ok,,31.457845029,199517172.07,1980293.9362,7524951.175,112956949.01,924963.11788,16002153.582,-1.5050765473e-25,6.6351947573e-25,-1.638686062e-24,-2.8070078861e-08,1.356335555e-08,-2.8577962137e-09,1.9659777948e-08,2.9316795016e-24,-1.5814999776e-26,-2.0334087765e-08,-2.3146760171e-25,2.6504612384e-24,-3.8240399418e-25,-4.3813445411e-25,1.783420899e-08,0.22438988993,0.029673892837,0.040267470698,0.038932139056
stcyr24,ok,,31.161674813,197490233.32,867740.98729,3702309.2167,113659982.08,414044.61667,15772790.25,-4.4004580503e-25,1.0062973963e-24,-2.390904804e-24,-1.5120248508e-07,1.9758240463e-08,5.2334218922e-09,1.0166043627e-07,4.0359084533e-24,-4.4486743765e-26,-4.601222924e-08,-5.9894601861e-25,3.8737199702e-24,-1.1184490047e-24,-3.5504641834e-25,-8.5388444537e-08,0.22692529541,0.05465196257,0.039926697229,0.088214927336
ste87151,ok,,30.805890964,195235594.77,1155470.6313,3796995.4812,112907693.38,481843.39167,15308720.192,-1.5760979833e-25,1.2812388738e-24,-2.1290144674e-24,-4.43832081e-08,1.4854847059e-08,-5.3656002223e-09,2.5587023868e-08,4.2350058368e-24,-8.1360374711e-27,-1.4763747874e-07,-2.0164749795e-25,4.0116297138e-24,-3.533080053e-25,-2.7356789743e-25,8.1889565106e-09,0.23008601199,0.022293986051,0.17059077076,0.029565054621
ste87391,ok,,30.914230467,195922494.02,1283570.1352,4464300.4482,112877981.64,551136.12675,15417522.726,-2.3406556787e-25,1.049795764e-24,-2.0087007519e-24,-5.8755982543e-08,1.4110022351e-08,-6.5049101326e-09,3.8161068653e-08,3.8563300217e-24,-1.2178878996e-26,-8.1700050379e-08,-3.1044401582e-25,3.6538865319e-24,-5.1504584799e-25,-2.7334404928e-25,2.095205348e-08,0.22797199612,0.035019879606,0.10486774471,0.048982408051
stf86361,ok,,30.697846251,194550935.71,1133126.6425,3974599.5196,112062664.5,493484.15111,15087171.152,-2.3968429725e-25,1.2568804314e-24,-2.1407013941e-24,-6.4802956807e-08,1.4658141505e-08,-8.7778546915e-09,3.9695425461e-08,4.1529043203e-24,-1.1350796057e-26,-1.4291452782e-07,-3.2855732376e-25,3.9160692829e-24,-6.2256222581e-25,-2.89389413e-25,2.1094594203e-08,0.23130275009,0.034390911815,0.16194025907,0.044979944174
supermarine371i,ok,,30.460610538,193047887.63,920617.18655,3199424.4749,112140253.02,386492.19817,14860662.719,-5.6697956205e-26,1.2369802766e-24,-2.4260284417e-24,-1.7059751073e-08,1.5270121666e-08,-9.8918714462e-10,1.1834837768e-08,4.7163143025e-24,-5.8065614843e-27,-1.171694484e-07,-1.2519367788e-25,4.3482586816e-24,-2.1470656338e-25,-4.5513836593e-25,-2.6139052085e-09,0.22666777119,0.0063644753459,0.10786820794,0.010895355049
supermarine371ii,ok,,29.388586777,186257435.83,331883.60046,1275928.3969,109493467.89,136381.94681,13503501.437,-9.7281982946e-26,2.2823252671e-24,-4.0904797191e-24,-4.8746956743e-08,1.6433948051e-08,-5.4594546754e-09,3.277297068e-08,8.0742159332e-24,-1.1558100318e-26,-5.5463025811e-07,-4.89951589e-25,7.047175748e-24,-1.4953551036e-24,-9.3231947039e-25,-5.7376988682e-09,0.22140060742,0.0064749587864,0.18407268698,0.010876811507
tempest1,ok,,31.221798666,197871673.16,1210201.6977,3884062.9455,114476068.07,506181.72878,15942995.366,-5.3336339536e-26,1.114993078e-24,-2.0654742501e-24,-1.5158741874e-08,1.4784717202e-08,-2.2297336522e-10,9.9551330905e-09,4.0744559105e-24,-3.4516263368e-27,-8.2169369353e-08,-4.5200442839e-26,3.8913236816e-24,-8.319610996e-26,-2.0368087925e-25,-6.369748892e-09,0.23493092388,0.0069156762699,0.099441510291,0.012047718967
t16,ok,,32.246738258,204391401.15,106638.61392,3230271.6308,116795383.82,172842.01316,17357264.699,-8.1409280236e-25,1.4937694702e-24,-6.1864344716e-24,-3.5734532458e-07,2.3668455883e-08,-1.1336235989e-07,9.6808906469e-07,2.523625299e-24,1.355205591e-26,-1.1660444453e-06,8.5853456556e-25,2.924724567e-24,-5.7332974083e-24,1.9746310961e-25,-1.5137497192e-07,0.24825249046,0.055307286627,0.12434536341,0.10323567601
tsagi12,ok,,30.861821318,195586854.88,770267.91639,2658699.7044,113639483.74,325094.32068,15458030.318,-1.0686906627e-25,1.2836487325e-24,-2.6090831808e-24,-4.3687680989e-08,1.5913441451e-08,4.0708746673e-09,2.6912169666e-08,5.0184608315e-24,-1.3192630528e-26,-9.2219756013e-08,-2.9656531505e-26,4.7091889513e-24,-1.8590449675e-25,-3.2629706126e-25,-5.2738943025e-08,0.23433803006,0.010187920854,0.071033919314,0.020729580854
tsagi8,ok,,30.053942742,190464667.72,316024.61871,1183167.6641,111710711.55,130153.77424,14405125.449,-1.1662912554e-25,1.9488599231e-24,-4.1558628401e-24,-7.3699623894e-08,1.6809308796e-08,5.469036069e-09,4.4464138559e-08,7.9597968373e-24,-2.3953809104e-26,-2.5295674528e-07,-1.8199219119e-25,7.0961510739e-24,-9.1336184961e-25,-8.7331238021e-25,-8.8704571732e-08,0.22985060235,0.0069395385846,0.079940558977,0.014051762434
tempest2,ok,,30.861755498,195590169.2,808070.34807,2662336.69,113773190.58,333898.23919,15477260.587,-5.9761450778e-26,1.3589624842e-24,-2.5473857805e-24,-2.083478602e-08,1.5184247548e-08,-3.6135166798e-10,1.352631275e-08,5.0248540975e-24,-4.8135232846e-27,-1.2549373659e-07,-9.0266086e-26,4.7319476575e-24,-1.7470958235e-25,-3.1386647768e-25,-8.7168788677e-09,0.23406996949,0.0062754802324,0.1014077674,0.010930212252
th25816,ok,,32.343194642,204977756.5,3870254.5273,11854072.921,114096719.62,1720316.9114,17080705.915,-1.2048698247e-25,7.0607942163e-25,-1.1304217276e-24,-1.7121315824e-08,1.3564374877e-08,-2.6955827091e-09,1.1447034182e-08,2.2402211977e-24,-3.6043205761e-27,-4.5080710215e-08,-2.9135877402e-26,2.1816567129e-24,-5.054710403e-26,-7.4124648997e-26,4.7309945696e-09,0.23405217829,0.031361305588,0.1744738228,0.044302935865
tempest3,ok,,30.53197776,193500421.3,543222.59248,1852174.0354,113004307.67,222605.76865,15042912.635,-8.1488092418e-26,1.6416595493e-24,-3.1271622154e-24,-3.4540504048e-08,1.5556747751e-08,-8.024394229e-10,2.2322274227e-08,6.1567563675e-24,-7.9060688939e-27,-1.9255606942e-07,-2.0898120187e-25,5.6958398379e-24,-4.4201490697e-25,-4.676462482e-25,-1.3839271716e-08,0.23241584178,0.0069729787433,0.10460080723,0.012125963676
ua2-180sm,ok,,31.693141663,200858227.11,1610523.7043,6427719.1035,113496688.01,789786.91594,16296032.559,-2.7985761027e-25,7.2134552614e-25,-1.7708144427e-24,-6.6189011482e-08,1.6056055772e-08,3.1542683546e-09,4.8999728529e-08,3.0614643501e-24,-2.6187942689e-26,-2.0931133934e-08,-1.5355454908e-25,2.9133775068e-24,-3.1230855324e-25,-2.3082883662e-25,-4.2408296282e-08,0.22521443076,0.044784856616,0.03371008736,0.078915224303
ua2-180,ok,,31.670744453,200715448.87,1607295.4883,6427307.8098,113407109.23,787815.49175,16259897.987,-2.8009399693e-25,7.2420714828e-25,-1.7732743092e-24,-6.6362793404e-08,1.6125136653e-08,3.1284251709e-09,4.905266013e-08,3.0661089966e-24,-2.6455338822e-26,-2.1435893442e-08,-1.5131105023e-25,2.9147580217e-24,-3.1940219381e-25,-2.3340706137e-25,-4.2600239015e-08,0.22566812069,0.044761009723,0.034453814817,0.078842119316
ua79sfm,ok,,32.452932889,205670614.48,3473727.1269,10113483.671,115510249.91,1496939.3396,17408108.987,-1.4853509339e-25,8.8564554267e-25,-1.1847288157e-24,-1.9549274206e-08,1.3253804909e-08,-7.9682214355e-09,1.2408430258e-08,2.3984367548e-24,1.2677598742e-27,-7.4584292701e-08,9.7164457891e-27,2.3604353867e-24,3.1367727733e-27,-2.8046534983e-26,3.1287105806e-08,0.24610717154,0.040888869467,0.25908548079,0.043103500788
tsagi_r3a,ok,,30.659736337,194315638.57,657425.96665,2778803.744,113053576.35,295567.69117,15181944.449,-2.1918346362e-25,8.5063330183e-25,-2.869862881e-24,-9.2755505311e-08,1.7074425792e-08,1.158722798e-08,5.7457918364e-08,4.9429512768e-24,-4.3043665721e-26,7.1035897177e-08,-3.1907702127e-25,4.3825356851e-24,-5.9795060579e-25,-7.2228930922e-25,-8.9939441604e-08,0.22160133525,0.021540194842,-0.046700843368,0.037774327522
ua79sf18,ok,,31.173511216,197564078.84,1904990.1593,6600441.2953,112267956.68,850658.29958,15593303.275,-1.5798446538e-25,9.1833075015e-25,-1.653102876e-24,-3.1667166063e-08,1.4719278828e-08,-3.4820083032e-09,2.2377137902e-08,3.1656144827e-24,-1.0945167656e-26,-7.3413792196e-08,-1.2393733346e-25,2.9921459174e-24,-2.3795000437e-25,-2.331706825e-25,2.8036287291e-09,0.23069846619,0.027488302713,0.13985255169,0.042628227497
ua79sff,ok,,32.860475063,208254852.84,2766490.3387,11955921.88,112883433.88,1517003.1826,17445401.372,-1.7579886716e-25,3.7799225498e-25,-1.3338022638e-24,-2.2578203643e-08,1.1386492733e-08,-6.4337536318e-10,2.5676621029e-08,2.155807849e-24,-1.4898838719e-26,1.0903910589e-08,-1.1407297292e-25,2.0180758968e-24,-2.08936462e-25,-2.1634514738e-25,1.0045427221e-08,0.20459380325,0.0373785101,-0.030165563298,0.071034124006
ui1720,ok,,30.447702043,192992382.57,620725.38197,3541617.7693,112105241.99,315672.6533,14872940.269,-3.0765309206e-25,4.9283338214e-25,-2.9757611693e-24,-1.1470110726e-07,1.6303191713e-08,1.3689261649e-08,8.6980925381e-08,4.3011958135e-24,-8.9456800859e-26,1.7247765409e-07,-1.1456792523e-24,3.5463464952e-24,-1.9412381358e-24,-1.267165768e-24,-5.540910496e-08,0.21256169896,0.032500218582,-0.10706125772,0.053991268132
ultimate,ok,,31.462601955,199467531.94,877561.43375,2848697.3312,115778848.45,370397.98194,16382898.345,7.2551657815e-27,1.2264190131e-24,-2.4164718484e-24,1.7408253625e-09,1.4771611148e-08,9.834635177e-10,-6.2528580544e-10,4.6882824556e-24,-2.1819699411e-28,-7.2017922403e-08,-2.4700215802e-27,4.4541513266e-24,-9.1194614017e-28,-2.5091132802e-25,-7.2710141105e-09,0.24207681648,-0.0012967615908,0.063200151239,-0.00054872670793
uag8814320,ok,,31.336858547,198600349.13,1171465.6145,4574086.8229,113558473.73,556347.73211,15937285.098,-3.1386227693e-25,1.1180796051e-24,-2.0750104649e-24,-8.1749465543e-08,1.554546825e-08,-6.4457337687e-09,6.2718532647e-08,3.6743316848e-24,-2.3914770067e-26,-1.1703416796e-07,-3.0184795243e-25,3.5260607332e-24,-6.5516090283e-25,-2.603576464e-25,-1.8865730142e-08,0.2340495315,0.043029480178,0.13710150348,0.073472604387
us1000root,ok,,31.754139469,201247948.0,1683574.2696,5890452.0965,114970806.72,759298.92953,16571002.491,-5.3894289684e-32,7.1437400203e-25,-1.7411234647e-24,-2.2470104438e-13,1.4086476899e-08,7.3965995508e-14,-4.7411029525e-14,3.2168509139e-24,-3.672486579e-32,-5.3670944425e-10,-1.463142234e-29,3.0553704343e-24,8.4613972854e-30,-1.8849842754e-25,-5.5249728525e-13,0.23342704378,7.2690143908e-08,0.00090359021061,-7.9819989406e-08
usa22,ok,,30.042295336,190443769.01,348966.93021,1875235.7129,111344765.59,170763.78008,14363873.236,-3.9056328133e-25,1.2044662419e-24,-3.8730292164e-24,-1.9481209164e-07,1.8608904521e-08,9.4134818116e-09,1.4967358999e-07,5.9609900078e-24,-7.9029934742e-26,3.2130651557e-08,-2.2287493235e-24,5.3122761677e-24,-4.4733197504e-24,-1.1706765078e-24,-9.4180198282e-08,0.22222281772,0.029700712439,-0.01121253484,0.052231133234
usa25,ok,,30.867802941,195626691.47,432482.59712,1977483.1153,113471505.3,206022.00676,15439981.379,-3.8060167918e-25,1.5263667928e-24,-3.4060936287e-24,-1.7997712205e-07,1.9062041382e-08,-9.6343182913e-11,1.3139663543e-07,5.6467217439e-24,-3.6442644387e-26,-1.7798716732e-07,-6.8933588775e-25,5.3655066757e-24,-1.9050278858e-24,-4.1570664951e-25,-1.0848416339e-07,0.23206098153,0.031908819111,0.076976352375,0.056826758142
usa26,ok,,30.902010716,195842577.7,538397.50877,2178364.1636,113698893.02,242420.09547,15507749.801,-3.1022275224e-25,1.389322799e-24,-3.0746049163e-24,-1.3295663842e-07,1.7351385532e-08,1.8616999522e-09,9.2549137779e-08,5.4273200266e-24,-2.7271526269e-26,-1.0883297538e-07,-5.4020536921e-25,5.1388831098e-24,-1.2802090473e-24,-3.7034888295e-25,-7.2119842258e-08,0.23294927923,0.028167388363,0.058595402817,0.049828225219
usa28,ok,,31.184382168,197631394.81,770269.79038,2676449.8055,114194248.32,394791.06603,15863858.923,-2.0081490983e-25,1.1052556768e-24,-2.3660013871e-24,-5.747075974e-08,1.4666431342e-08,1.8056605962e-09,5.4030041343e-08,4.4062446406e-24,1.5896709734e-26,6.1395237749e-08,4.3540623248e-25,4.585286313e-24,5.4318867088e-25,4.1608410384e-25,5.6215341472e-09,0.23468840479,0.0232099111,-0.047290896911,0.041617708619
usa27,ok,,31.211256787,197805956.05,731367.67589,2863579.7899,114310831.44,333442.84958,15909889.096,-3.1279118392e-25,1.2375083341e-24,-2.6221577783e-24,-1.1456948616e-07,1.7082317024e-08,9.6199081688e-10,8.0122637508e-08,4.6554211443e-24,-2.1552447861e-26,-9.5245750985e-08,-3.1159475424e-25,4.4632210597e-24,-8.0512833075e-25,-2.4754099392e-25,-6.1108507945e-08,0.23452098455,0.033437917029,0.069659663536,0.05859910718
usa27m2,ok,,31.431290579,199197189.93,992443.85368,3363260.1182,114647926.92,483210.13781,16187768.572,-2.584046177e-25,1.055923483e-24,-2.132960317e-24,-7.8835332695e-08,1.5980177342e-08,5.2637052681e-09,6.0255598108e-08,4.0033760391e-24,1.90363331e-26,-8.0294116392e-09,2.750992401e-25,4.1075641943e-24,2.6214384619e-25,2.8625532981e-25,-4.1463899094e-08,0.23300730871,0.03343939223,0.00796874023,0.059800297992
usa31,ok,,31.95533993,202518809.51,1003979.4871,4560470.7021,114194445.65,621377.05405,16676747.684,-4.1887956192e-25,8.1880508919e-25,-2.085959605e-24,-1.0360406225e-07,1.5514682792e-08,5.7892308269e-09,1.0831866732e-07,3.2906735377e-24,3.7260886894e-26,1.8745046194e-08,4.4864461335e-25,3.3385465091e-24,6.768571572e-25,3.2987095262e-25,-2.6841328801e-08,0.22984276175,0.060561238652,-0.018819641864,0.10874972007
usa33,ok,,31.648801168,200576739.5,1218186.2039,4457120.54,115054079.57,548709.80059,16470980.486,-2.1344876093e-25,8.543395118e-25,-2.0384980269e-24,-6.3186543159e-08,1.5662994051e-08,4.893771661e-09,4.3295727163e-08,3.6989900572e-24,-1.8158251036e-26,-2.0570100753e-08,-1.0611537102e-25,3.5231696409e-24,-2.3810792273e-25,-2.1280424601e-25,-5.3006946114e-08,0.22748840111,0.028079072062,0.025058212949,0.052742257516
usa29,ok,,31.316489919,198469142.72,796413.74704,3056373.792,113907540.9,438244.32081,15962111.749,-2.8019378974e-25,1.0548400264e-24,-2.3246255107e-24,-8.1101305534e-08,1.5571933893e-08,5.8244024326e-09,8.0343252934e-08,4.0866892752e-24,2.6077432061e-26,3.6428532909e-08,4.3367875549e-25,4.2198712438e-24,5.2676346346e-25,3.9756254651e-25,-2.5585022076e-08,0.23401370498,0.032922566523,-0.029012184393,0.063986471119
usa32,ok,,31.956722785,202526652.17,1165626.4367,4713245.4691,114402259.52,665669.05538,16708254.788,-3.9980562936e-25,8.7431622995e-25,-1.9455436633e-24,-1.0004358546e-07,1.6489958333e-08,4.2714560674e-09,9.2826053296e-08,3.252612685e-24,3.528640336e-26,-1.3338197631e-08,3.698790388e-25,3.3087533653e-24,4.9428861555e-25,2.9915935419e-25,-4.0731192997e-08,0.22998564443,0.060406491358,0.015547355777,0.10820050173
usa34,ok,,32.073570364,203267343.67,1630743.3878,5823777.1898,114751484.64,882404.93943,16882996.363,-2.9702650168e-25,7.2019052142e-25,-1.635323442e-24,-6.3742201533e-08,1.4683399048e-08,4.8310523481e-09,5.5888272364e-08,2.9276737289e-24,2.4996411551e-26,1.6660985652e-08,2.2185054915e-25,3.0201957989e-24,3.0169555865e-25,2.5076954793e-25,-2.1492698565e-08,0.2273960072,0.051953533467,-0.027169792186,0.091139430614
usa35a,ok,,32.233425322,204285174.75,1640693.0129,5987444.6505,115652161.91,839307.42086,17185761.429,-2.5642891868e-25,6.8007071133e-25,-1.6750778176e-24,-5.6891632438e-08,1.4356805213e-08,4.1730169993e-09,4.6782111668e-08,2.9737073563e-24,1.3992527408e-26,1.5238660725e-08,1.3150446448e-25,3.0368481063e-24,1.4958287764e-25,1.6530297806e-25,-2.2087253918e-08,0.22851836908,0.04352902977,-0.025001964177,0.07675508374
usa35,ok,,32.2337121,204286988.82,1643330.8737,5992382.0424,115654039.58,840295.11745,17186367.663,-2.5603066664e-25,6.8018341793e-25,-1.6737190629e-24,-5.6778148737e-08,1.4355365358e-08,4.1623813276e-09,4.6668531467e-08,2.9724466869e-24,1.3972832395e-26,1.5089653322e-08,1.310021737e-25,3.0356399708e-24,1.4905891408e-25,1.6513673048e-25,-2.2092449499e-08,0.22851204383,0.043484025252,-0.024797293178,0.076691838591
usa35b,ok,,30.948626692,196214561.64,685843.5444,2812758.2514,113840736.24,313102.46412,15588274.698,-1.9494715036e-25,1.0805773981e-24,-2.7615710098e-24,-7.6610960239e-08,1.7614041352e-08,1.155477123e-08,6.1145996014e-08,4.763841756e-24,-3.9548350037e-26,-2.7842535146e-08,-7.3232256962e-25,4.4266902545e-24,-1.3098914785e-24,-5.0934849409e-25,-1.1790923402e-07,0.23010179164,0.015513866211,0.01909562299,0.041936586632
usa40b,ok,,30.526877374,193468550.05,830068.37982,3703089.7911,112078725.78,384493.78864,14927290.936,-2.5678723086e-25,7.406673052e-25,-2.5487290136e-24,-8.3937207555e-08,1.5103671444e-08,4.1510858929e-09,5.7835286401e-08,4.2803833796e-24,-4.3219598913e-26,4.8211404193e-08,-7.4052051444e-25,3.7743995579e-24,-1.2135999598e-24,-7.5425474194e-25,-1.957276627e-08,0.2160145429,0.030649476198,-0.040018762167,0.048007242479
usa45,ok,,31.088092046,197022237.94,1055950.0663,4028190.5074,113485154.68,474680.63343,15672004.627,-2.1082875254e-25,8.6917858923e-25,-2.2216819589e-24,-6.8351549432e-08,1.632020428e-08,5.8220990346e-09,4.3602038993e-08,4.0085314457e-24,-2.4306808203e-26,-6.6988992754e-09,-1.6270859571e-25,3.7404001395e-24,-3.5006066787e-25,-3.3487662052e-25,-5.5858135423e-08,0.22718196581,0.026440661675,0.0070737031342,0.046041575967
usa41,ok,,29.264969454,185469119.17,184395.80675,1378870.148,109477572.72,101737.78672,13418198.24,-5.2052252187e-25,1.6370693197e-24,-5.1310975522e-24,-3.2645873218e-07,1.7488567781e-08,-4.1811947705e-09,2.9057666037e-07,6.6366706022e-24,-1.4379035304e-25,-1.309163165e-07,-7.4802431343e-24,5.9453851311e-24,-1.6469530415e-23,-2.4353092621e-24,-4.634965461e-08,0.21400357094,0.032204774209,0.024140419798,0.053581117711
usa40,ok,,30.592947989,193929628.04,842327.28038,3673151.8325,112308790.1,389936.86031,15027757.145,-2.6073685572e-25,8.3352935541e-25,-2.5211952974e-24,-8.1103121127e-08,1.4814386855e-08,1.1689248557e-09,5.8700943997e-08,4.2785254261e-24,-3.9521502186e-26,1.4357759738e-08,-7.94563747e-25,3.813138032e-24,-1.3287988364e-24,-7.1642266909e-25,-5.8699745438e-09,0.21983608,0.031122076734,-0.012093932712,0.049445406512
usa45m,ok,,30.54904012,193606328.46,660241.62017,2626507.1377,112509345.07,291627.81186,14997075.93,-2.1698921916e-25,1.0819713054e-24,-2.8428900418e-24,-8.8087859504e-08,1.6818720648e-08,6.6233040175e-09,5.6299449807e-08,5.1088566456e-24,-3.1631066463e-26,-1.2389202269e-08,-3.4303061058e-25,4.6683463092e-24,-7.4106718335e-25,-5.4789910076e-25,-6.9231449909e-08,0.22545476522,0.021145773728,0.0081798669788,0.037171239956
usa46,ok,,28.057453177,177815546.35,180976.31863,1020765.8415,106689215.77,78100.196475,12066375.473,-2.9691531389e-25,1.6100655504e-24,-5.7361659963e-24,-1.92204686e-07,1.5511171404e-08,-7.0758139189e-09,1.3567742853e-07,9.5175818136e-24,-8.0740112487e-26,-7.0660495533e-08,-6.6419335522e-24,7.2243073671e-24,-1.1643995499e-23,-3.3579726171e-24,6.8752880146e-08,0.19961146863,0.016083526934,0.012787876354,0.024554401536
usa48,ok,,31.213527765,197816430.51,1167555.3463,4084396.4867,114062483.23,510856.48859,15877472.314,-1.5346964e-25,9.7218739468e-25,-2.1009890845e-24,-4.1954416242e-08,1.4753886544e-08,-9.2339105778e-10,2.8400603989e-08,3.9559293287e-24,-8.9787194873e-27,-3.898193458e-08,-1.7410166158e-25,3.7540452379e-24,-3.117451199e-25,-2.3630848237e-25,-3.2383273759e-09,0.23315177002,0.021047037514,0.045513566126,0.033159277024
usa49,ok,,29.900874129,189599014.91,255807.10216,1017526.2398,111639540.94,105244.67636,14270539.159,-2.0385492221e-25,1.9932963447e-24,-4.6410253716e-24,-1.2996726951e-07,1.6604331525e-08,-3.5319767798e-10,7.7747751267e-08,8.6705663983e-24,-3.3926597606e-26,-2.3804502865e-07,-1.509040588e-24,7.4992881784e-24,-3.0060889598e-24,-1.3101612802e-24,-4.7205160073e-08,0.22773253638,0.012547279071,0.060893608962,0.019888426951
usa5,ok,,30.304794678,192056265.32,208698.56455,1250105.0782,112158110.24,109914.37685,14707812.193,-4.9295635716e-25,1.901381047e-24,-4.7904409609e-24,-3.1917336708e-07,2.1727373213e-08,-2.0858070007e-09,2.596586855e-07,6.9526664649e-24,-7.2266671534e-26,-2.9228267996e-07,-2.9628204768e-24,6.5683069218e-24,-8.4601184315e-24,-9.4324763914e-25,-1.7230121822e-07,0.23054336837,0.030726731138,0.06099897575,0.054190394938
usa50,ok,,30.086222412,190668267.16,232717.88279,928935.01644,111897089.45,97786.091954,14460897.474,-2.3447931162e-25,2.1876382327e-24,-4.7781321618e-24,-1.5100189392e-07,1.6653011674e-08,-3.1380578713e-09,9.7320691968e-08,8.9067497235e-24,-2.995615498e-26,-3.0947381633e-07,-1.7597928928e-24,7.8941782583e-24,-4.0902869672e-24,-1.0213922836e-24,-4.0997480715e-08,0.23205948961,0.013835786324,0.072020091317,0.022648265387
usa51,ok,,30.265743441,191808544.57,432773.59287,1687424.0168,112134239.37,184288.07101,14667415.346,-2.2108668556e-25,1.4727664209e-24,-3.5181797966e-24,-1.1016804585e-07,1.6822981254e-08,3.9312951057e-09,6.7724617225e-08,6.4929691826e-24,-2.9886151876e-26,-8.0353486882e-08,-7.0886538443e-25,5.8829622884e-24,-1.5053173971e-24,-7.0482067467e-25,-6.2082747989e-08,0.22822947257,0.017693804072,0.034774867217,0.029309425922
usa98,ok,,31.630565515,200461623.12,922558.56026,4019230.852,114951537.62,503964.60926,16447101.03,-3.2657435884e-25,8.2412901034e-25,-2.2477503663e-24,-8.2654104185e-08,1.3111437282e-08,-7.5483661226e-11,7.9686217102e-08,3.6756998114e-24,2.3746149264e-26,3.3870956788e-08,4.6206806582e-25,3.776724135e-24,6.2932766129e-25,3.3927345541e-25,2.2266726561e-08,0.23087204561,0.044251256062,-0.031247941129,0.073515201722
v13006,ok,,29.413763651,186489515.59,163854.66995,682644.92658,110473240.24,65293.012388,13670597.306,-1.1779568202e-25,2.2485182425e-24,-5.8996716201e-24,-1.0678468839e-07,1.6721913457e-08,6.7829097924e-09,5.4694535075e-08,1.1123807826e-23,-3.5917988117e-26,-2.9275634145e-07,-7.6603302017e-25,9.0694856733e-24,-2.3914971643e-24,-2.0855674893e-24,-1.0603893471e-07,0.21848038782,0.0054598858414,0.047969493705,0.008961954993
v13009,ok,,30.323386578,192223719.76,418084.57996,1568262.494,112694258.03,172403.90716,14804796.253,-1.0380961445e-25,1.4270342293e-24,-3.6216834212e-24,-5.8526775972e-08,1.5853289246e-08,5.3379830771e-09,3.1919021908e-08,6.7917074228e-24,-2.0752368e-26,-4.5357887348e-08,-2.4259331057e-25,6.0192505892e-24,-5.2999128407e-25,-8.7645642508e-25,-5.7849148199e-08,0.22603935563,0.007836648376,0.01896343328,0.013344850867
usnps4,ok,,31.857939795,201960856.98,868798.09007,3086809.7085,116623053.82,389301.40699,16925834.16,-3.0292926828e-25,1.2349395361e-24,-2.3769917757e-24,-1.0372717423e-07,1.6078102915e-08,-7.8260139798e-10,6.9145661831e-08,4.3469095556e-24,-1.4764711414e-26,-1.0065120175e-07,-2.5623758726e-25,4.2208955625e-24,-6.0524260494e-25,-1.6805206543e-25,-4.4431462735e-08,0.24168372801,0.036211768499,0.087445571846,0.060073618936
v23010,ok,,30.172582706,191222003.16,513944.34554,1978634.8711,111873832.68,215895.41701,14545214.43,-1.1258429235e-25,1.2248365487e-24,-3.2785240475e-24,-5.9647750001e-08,1.6107667304e-08,6.7343677601e-09,3.0451412804e-08,6.0855301942e-24,-2.3753344264e-26,-1.8135815878e-08,-9.2731337639e-26,5.3959424511e-24,-3.2475769974e-25,-8.0339947764e-25,-6.7912129594e-08,0.2215178161,0.0096319021572,0.0093208000224,0.015650331424
v43012,ok,,30.948119709,196135056.52,774118.31948,2755297.1441,113875581.72,329485.44098,15580249.0,-1.9454014784e-25,1.1164223277e-24,-2.6033726128e-24,-8.6550639889e-08,1.7420099736e-08,9.9334204923e-09,4.3213096532e-08,4.9166592683e-24,-2.6542447868e-26,-4.028240734e-08,-5.3476731918e-26,4.5588777061e-24,-2.7428031127e-25,-3.9593422402e-25,-9.8278725569e-08,0.2274527367,0.021174642952,0.031183349475,0.033452049667
v43015,ok,,31.435461528,199223737.74,1231890.5009,4176736.3244,114896596.73,529073.78254,16224948.313,-1.5272112512e-25,8.9896313381e-25,-2.0427081235e-24,-5.471651143e-08,1.5905299515e-08,6.9219660335e-09,2.6910638106e-08,3.8883819138e-24,-1.5977153504e-26,-2.4649571894e-08,-2.3609087279e-26,3.6745635932e-24,-9.7548733539e-26,-2.3721989641e-25,-6.315921013e-08,0.22809873123,0.021351626141,0.030365573466,0.033150959454
vr1,ok,,30.500599508,193300925.07,652772.9808,2286568.6596,112761217.12,270954.34484,14980317.286,-1.1073435534e-25,1.3815800068e-24,-2.8684116925e-24,-4.1778975011e-08,1.5279221143e-08,-1.0217387655e-09,2.7029847279e-08,5.5417769344e-24,-1.1317193531e-26,-1.2174740935e-07,-3.3276347065e-25,5.1006693924e-24,-5.4228395727e-25,-5.2063771526e-25,-9.5286199632e-09,0.22727016234,0.010733496795,0.079473419305,0.017644353979
vr11x,ok,,31.125335219,197324997.98,743804.60364,2468928.1485,114826426.26,307167.34816,15901082.395,-1.723896991e-25,1.4191198764e-24,-2.6373196394e-24,-7.0456641769e-08,1.5913563366e-08,1.9521614706e-09,3.9673243036e-08,5.143412961e-24,-1.6504406123e-26,-1.4386131623e-07,-2.8365567752e-25,4.8372158066e-24,-5.6414373177e-25,-3.5414790831e-25,-5.0450278437e-08,0.23561940237,0.017995069434,0.1070047093,0.029509140811
vr12,ok,,31.039826417,196792581.32,658468.02348,2255605.9968,114683293.27,273159.52466,15793994.606,-1.5651451178e-25,1.3542845599e-24,-2.8201722626e-24,-7.1684784339e-08,1.6301053034e-08,6.3149591372e-09,3.9939721762e-08,5.4109215006e-24,-2.1473398037e-26,-9.8797550538e-08,-2.2088459024e-25,5.0238998233e-24,-4.661825143e-25,-4.4670957333e-25,-7.6334364128e-08,0.23373698941,0.01471413744,0.065055027828,0.026299029647
vr13,ok,,30.804391423,195303253.04,516150.0146,1803831.3728,114121437.78,212432.92162,15477741.148,-1.5967865781e-25,1.5217759018e-24,-3.2017689473e-24,-8.2613465309e-08,1.658140114e-08,6.9112330494e-09,4.5591366375e-08,6.1411480187e-24,-2.4763008372e-26,-1.2983006555e-07,-3.2784975479e-25,5.6357225313e-24,-7.0121260454e-25,-5.7459796965e-25,-8.7769220397e-08,0.23271125091,0.013215561632,0.067011790231,0.02353198442
vr14,ok,,30.431380026,192942609.98,352027.71849,1274700.6886,113164169.38,143223.23614,14977608.426,-1.6527916048e-25,1.8226284207e-24,-3.9053187277e-24,-1.0345988671e-07,1.6997702454e-08,7.8360854774e-09,5.6215514847e-08,7.4912002638e-24,-3.0381880886e-26,-2.0224665152e-07,-5.8630387282e-25,6.7334781932e-24,-1.3117850758e-24,-8.3093055016e-25,-1.0923675137e-07,0.23027841973,0.011217871444,0.071196427306,0.019789419435
vr15,ok,,30.526058045,193541902.31,354999.04078,1248978.6868,113488880.4,142959.89824,15113581.868,-1.1691333977e-25,1.8646178329e-24,-3.8878147587e-24,-7.614560086e-08,1.6406251401e-08,7.5457714127e-09,4.0357753254e-08,7.5453205654e-24,-2.296700065e-26,-2.1538957603e-07,-3.2525762543e-25,6.8029731233e-24,-8.2085065987e-25,-7.9025257702e-25,-9.6370716034e-08,0.23205450721,0.0076901920148,0.076463092883,0.014326963693
vr5,ok,,29.762951279,188666465.6,697742.92255,2834673.3909,109889558.98,307426.54071,13909039.501,-2.3161674413e-25,1.2167866172e-24,-2.8127413664e-24,-8.6185011027e-08,1.6839165591e-08,9.7205412799e-10,5.5619432652e-08,5.1489922178e-24,-3.8956885912e-26,-1.0901840284e-07,-5.4020126846e-25,4.6495033814e-24,-1.0559794966e-24,-7.1806115206e-25,-5.1666140676e-08,0.21511576954,0.023084716427,0.076066819011,0.038808065489
vr8b,ok,,29.266511363,185686180.27,280521.2673,1191902.1202,109931854.58,117239.79714,13498724.423,-1.3850292195e-25,1.728440915e-24,-4.5430900369e-24,-8.4777178009e-08,1.6627834901e-08,2.6975319806e-09,5.1153317421e-08,8.3408760265e-24,-3.401443427e-26,-1.8573457423e-07,-9.3631149507e-25,6.9315413444e-24,-2.1390009563e-24,-1.6978979668e-24,-5.879394532e-08,0.21655557645,0.0084469485594,0.052102498145,0.01434959343
vr8,ok,,29.356635111,186050862.78,289764.08583,1202693.8472,109618872.47,121158.45456,13493345.982,-1.3793076683e-25,1.7556005472e-24,-4.4347920994e-24,-8.2826754748e-08,1.6627437388e-08,2.3866297384e-09,5.0086496237e-08,8.2552031102e-24,-3.0707649619e-26,-1.887673724e-07,-8.0478362857e-25,7.012423648e-24,-1.8348594702e-24,-1.3974365623e-24,-5.4887819906e-08,0.21691750816,0.0085930168766,0.054698005099,0.014513267795
vr7,ok,,30.440946122,192923106.91,699052.6577,2723390.7302,112180956.05,308061.71953,14846252.777,-2.0986059436e-25,1.1400474026e-24,-2.7747431005e-24,-8.1135698368e-08,1.6544773319e-08,4.0908634688e-09,5.1626966834e-08,5.0536529556e-24,-3.142549372e-26,-5.199657683e-08,-3.9945628887e-25,4.6073069671e-24,-7.7534133312e-25,-5.8612118672e-25,-5.6252749155e-08,0.22467831395,0.021107755778,0.036348345224,0.036089968375
w1011,ok,,30.391837431,192679553.95,562959.69753,2209560.3251,112679692.81,240049.24288,14875402.48,-1.1550130832e-28,1.0546587589e-24,-3.1347563794e-24,-3.6795497033e-11,1.510950727e-08,-1.5990661893e-11,1.4021967419e-11,5.6738666258e-24,1.7996030804e-29,4.0026573274e-08,1.6981865397e-29,4.9902835992e-24,2.8626340606e-29,-8.1736906429e-25,1.5067440638e-10,0.22476002142,1.6962138739e-05,-0.022533347584,7.8938025367e-06
vr9,ok,,28.510792867,180704236.84,151130.85068,687448.16651,107615843.45,60365.41131,12515373.081,-5.0347650193e-26,2.3356394846e-24,-6.2569867703e-24,-4.1836095576e-08,1.6828798734e-08,2.923901552e-10,2.436061697e-08,1.1889838819e-23,-1.3916276035e-26,-4.712191949e-07,-5.5203835667e-25,9.1654290982e-24,-1.8524416726e-24,-2.4886171586e-24,-2.5036347307e-08,0.20982688772,0.0022083406407,0.071215757781,0.0036816407658
waspsm,ok,,30.71435137,194674839.68,414321.86467,1768201.9616,113788050.9,185825.56726,15336170.83,-2.6293780074e-25,1.3267848824e-24,-3.5718684698e-24,-1.2182711133e-07,1.5993952065e-08,3.0289053298e-09,8.7914916331e-08,6.1280076397e-24,-4.2136448964e-26,-1.9341255422e-08,-1.6728968733e-24,5.4564018002e-24,-2.8255430257e-24,-9.3752612751e-25,-3.8910506663e-08,0.23176368714,0.020963918728,0.0080135050117,0.036425072067
wb13535sm,ok,,30.888768352,195758348.49,899614.31958,3598627.5521,113043299.29,410533.22926,15408481.468,-2.1373052157e-25,9.5032136891e-25,-2.4124613479e-24,-6.2787132418e-08,1.5059189795e-08,1.8627113899e-11,4.8368524994e-08,4.2567219007e-24,-1.9999026894e-26,-1.5112693616e-08,-4.48707692e-25,3.9512513972e-24,-7.9168208473e-25,-4.1226937059e-25,-6.0354940298e-09,0.22964065308,0.025207366304,0.013595595584,0.043513017702
wb140,ok,,31.432590269,199293262.35,1098245.8019,3936433.1671,114899112.02,486671.75182,16233461.911,-1.9328015807e-25,1.0303975966e-24,-2.1604957278e-24,-5.3317645661e-08,1.4950424522e-08,-1.1520341952e-09,3.9602704394e-08,3.9808861688e-24,-1.5265451174e-26,-5.6711765435e-08,-2.6414158032e-25,3.7539111708e-24,-5.0588203653e-25,-2.935504623e-25,-1.1307850774e-08,0.23792637493,0.024639602149,0.062283458306,0.043493503844
w1015,ok,,31.294071846,198369474.2,1150739.7904,4034486.66,114677633.39,498237.76539,16051801.059,-3.1289584578e-31,8.5703956335e-25,-2.1293030131e-24,-8.2995136456e-14,1.4343935519e-08,-5.2179285874e-14,1.3283894645e-14,3.9745193761e-24,3.0519382985e-31,-1.5460911624e-10,-1.163520308e-29,3.7219165443e-24,1.2643855886e-29,-2.9976382356e-25,4.0101279501e-13,0.23024599935,8.7354397267e-08,0.00017791486201,1.5286306139e-08
ys900,ok,,30.529494109,193484555.44,478599.39454,1543850.5518,113008962.01,190055.78825,15041443.335,5.0041988615e-31,2.4313795515e-24,-3.2548311796e-24,-2.420256918e-14,1.6074273556e-08,4.542370458e-14,-3.9040992594e-14,6.7800061047e-24,1.3222922635e-30,-5.870972435e-07,4.8667311494e-29,6.2980844482e-24,-4.2516221757e-29,-1.059234257e-25,-6.0516787384e-14,0.24178027484,1.8189866403e-09,0.28098438527,-1.8684995417e-08
ys920,ok,,30.428920285,192847528.15,459340.11827,1644305.1967,112594164.52,190934.16854,14886829.82,-1.5152018217e-25,1.8572732012e-24,-3.3829482737e-24,-4.8600621513e-08,1.4973497747e-08,-1.4284738653e-08,4.436719538e-08,6.5746320743e-24,-1.7374551822e-27,-2.8564371198e-07,-9.9987096981e-25,6.0425758907e-24,-1.6461313386e-24,-4.9431413239e-25,7.8375973104e-08,0.23368439701,0.012779424448,0.13120761645,0.020379632773
ys915,ok,,30.395608305,192636569.14,456730.61722,1605955.725,112515118.03,188121.76822,14843398.284,-1.1851351416e-25,1.8997091082e-24,-3.3976220538e-24,-3.6434626814e-08,1.528746032e-08,-1.2334924942e-08,3.4544749329e-08,6.6866502014e-24,1.8716849216e-28,-3.021543145e-07,-8.617473697e-25,6.1314676309e-24,-1.3757267087e-24,-4.7898172794e-25,6.9979182051e-08,0.23399762373,0.009936377743,0.13800312656,0.015777644683
ys930,ok,,30.411924871,192739640.74,463241.66866,1806973.4155,112396913.32,201431.19738,14845273.127,-2.2640555696e-25,1.7114645185e-24,-3.3663479826e-24,-7.830132969e-08,1.4467188218e-08,-1.5312984208e-08,6.9003484433e-08,6.21446873e-24,-1.2010828563e-26,-2.4140049579e-07,-1.2889096171e-24,5.7008477503e-24,-2.3108764689e-24,-6.0748582565e-25,7.2296006171e-08,0.2316508937,0.019149904276,0.11182676848,0.031965289272
zv15_35,ok,,30.752621798,194900096.76,1098186.045,4480604.3993,112538122.3,495262.84809,15208415.631,1.5070099452e-26,6.2836195052e-25,-2.2243573611e-24,-1.4554782563e-09,1.4152039537e-08,2.0550868616e-09,-4.0974112928e-09,3.8898664962e-24,-1.2723583449e-27,5.1477204707e-08,1.4232004583e-25,3.4780565584e-24,2.0788903506e-25,-5.250908874e-25,-2.0792500087e-08,0.21497855846,-0.0014931154321,-0.056531547843,-0.0044997199022
